datetime,symbol,open,high,low,close,volume
1999-01-01 03:45:00,NSE:BEL,0.22222156,0.22626195,0.22222156,0.22222156,207900.6212486
1999-01-04 03:45:00,NSE:BEL,0.22222156,0.23131244,0.22222156,0.2257569,168300.50291554
1999-01-05 03:45:00,NSE:BEL,0.21212058,0.22727205,0.21212058,0.22626195,247500.73958167
1999-01-06 03:45:00,NSE:BEL,0.23939323,0.24242352,0.23232254,0.24242352,326700.97624781
1999-01-07 03:45:00,NSE:BEL,0.24999925,0.26161538,0.24949421,0.26161538,376201.12416414
1999-01-08 03:45:00,NSE:BEL,0.26262548,0.26767597,0.2525245,0.2525245,544501.62707968
1999-01-11 03:45:00,NSE:BEL,0.2525245,0.26262548,0.24747401,0.24747401,811802.42582788
1999-01-12 03:45:00,NSE:BEL,0.24747401,0.24747401,0.23030233,0.23333264,336601.00583107
1999-01-13 03:45:00,NSE:BEL,0.24242352,0.24242352,0.22222156,0.22222156,742502.21874501
1999-01-14 03:45:00,NSE:BEL,0.2247468,0.22525184,0.21414078,0.21717107,396001.18333067
1999-01-15 03:45:00,NSE:BEL,0.21313068,0.21313068,0.20707009,0.20707009,673202.01166214
1999-01-18 03:45:00,NSE:BEL,0.21060543,0.21060543,0.19999939,0.2020196,752402.24832828
1999-01-19 03:45:00,NSE:BEL,0.20959533,0.20959533,0.1949489,0.19696911,475201.41999681
1999-01-21 03:45:00,NSE:BEL,0.20707009,0.20707009,0.18181764,0.18535298,1395904.17124062
1999-01-22 03:45:00,NSE:BEL,0.19393882,0.19595901,0.18282774,0.18434288,1415704.23040716
1999-01-25 03:45:00,NSE:BEL,0.18232268,0.18838328,0.17979743,0.18181764,2465107.36623344
1999-01-27 03:45:00,NSE:BEL,0.19191862,0.21111048,0.19191862,0.20454484,3593710.73872586
1999-01-28 03:45:00,NSE:BEL,0.21212058,0.21717107,0.19949435,0.20151456,1069203.19499282
1999-01-29 03:45:00,NSE:BEL,0.21111048,0.21111048,0.19343377,0.19696911,3692711.03455852
1999-02-01 03:45:00,NSE:BEL,0.19191862,0.2020196,0.18535298,0.18686813,435601.30166374
1999-02-02 03:45:00,NSE:BEL,0.18181764,0.18939337,0.17777725,0.1813126,999902.98790995
1999-02-03 03:45:00,NSE:BEL,0.18939337,0.19696911,0.18181764,0.18686813,4940114.76205014
1999-02-04 03:45:00,NSE:BEL,0.19141358,0.19444386,0.18383784,0.18383784,999902.98790995
1999-02-05 03:45:00,NSE:BEL,0.19040347,0.19191862,0.18232268,0.18232268,3583810.70914259
1999-02-08 03:45:00,NSE:BEL,0.18181764,0.18787823,0.18181764,0.18181764,485101.44958007
1999-02-09 03:45:00,NSE:BEL,0.18181764,0.18282774,0.1813126,0.18232268,3544210.59080952
1999-02-10 03:45:00,NSE:BEL,0.19191862,0.19191862,0.18232268,0.18636309,3623410.82747566
1999-02-11 03:45:00,NSE:BEL,0.18888833,0.23333264,0.18888833,0.21717107,27650782.62606423
1999-02-12 03:45:00,NSE:BEL,0.21666603,0.23484778,0.21666603,0.23484778,71042612.28952272
1999-02-15 03:45:00,NSE:BEL,0.25403964,0.25403964,0.24444372,0.25403964,45569836.17177718
1999-02-16 03:45:00,NSE:BEL,0.26919111,0.27474666,0.25808003,0.26262548,50222850.07591258
1999-02-17 03:45:00,NSE:BEL,0.27171636,0.28383754,0.26565576,0.28383754,31452393.98603869
1999-02-18 03:45:00,NSE:BEL,0.30656474,0.30656474,0.28535268,0.29292842,40223820.19681309
1999-02-19 03:45:00,NSE:BEL,0.31616066,0.31616066,0.26969617,0.27070625,34392702.77226894
1999-02-22 03:45:00,NSE:BEL,0.28181734,0.28282744,0.24949421,0.2515144,15919247.56989305
1999-02-23 03:45:00,NSE:BEL,0.23686799,0.26666587,0.23686799,0.26262548,19017956.82945556
1999-02-24 03:45:00,NSE:BEL,0.27272646,0.27272646,0.24898915,0.25656489,18265554.58112728
1999-02-25 03:45:00,NSE:BEL,0.25959519,0.27727191,0.25403964,0.27727191,19720858.92986751
1999-02-26 03:45:00,NSE:BEL,0.29747387,0.29949405,0.28787793,0.29949405,44718433.62761622
1999-03-01 03:45:00,NSE:BEL,0.33232226,0.34999897,0.32474652,0.34999897,62290986.13791484
1999-03-03 03:45:00,NSE:BEL,0.36868577,0.37828171,0.35454437,0.37828171,48935846.23008789
1999-03-04 03:45:00,NSE:BEL,0.38383724,0.38888773,0.34797877,0.36009995,24858974.28358298
1999-03-05 03:45:00,NSE:BEL,0.35201913,0.35858479,0.34343332,0.34747373,11672134.87867158
1999-03-08 03:45:00,NSE:BEL,0.35252422,0.35252422,0.31969601,0.32272632,15493546.29781258
1999-03-09 03:45:00,NSE:BEL,0.32272632,0.34898885,0.29696881,0.33131213,28927886.44230565
1999-03-10 03:45:00,NSE:BEL,0.33232226,0.34343332,0.3050496,0.31262534,20681161.79944439
1999-03-11 03:45:00,NSE:BEL,0.32121115,0.32121115,0.29545366,0.29545366,8147724.3470286
1999-03-12 03:45:00,NSE:BEL,0.28737289,0.30757485,0.28737289,0.29797891,8870426.50660707
1999-03-15 03:45:00,NSE:BEL,0.30454454,0.32222126,0.29797891,0.32222126,17582452.53988187
1999-03-16 03:45:00,NSE:BEL,0.3328273,0.33838283,0.31363542,0.31363542,17899253.48654641
1999-03-17 03:45:00,NSE:BEL,0.33232226,0.33888787,0.32474652,0.33030205,18918956.53362289
1999-03-18 03:45:00,NSE:BEL,0.3328273,0.34343332,0.32626164,0.34141311,10375231.00326363
1999-03-19 03:45:00,NSE:BEL,0.34242324,0.34343332,0.32121115,0.32828185,10088130.14534889
1999-03-22 03:45:00,NSE:BEL,0.31313038,0.32828185,0.31313038,0.32121115,10117830.23409869
1999-03-23 03:45:00,NSE:BEL,0.31515058,0.32474652,0.3040395,0.30807989,11949335.70700305
1999-03-24 03:45:00,NSE:BEL,0.32020107,0.3328273,0.31414048,0.32525156,13919441.59407315
1999-03-25 03:45:00,NSE:BEL,0.33181717,0.33333234,0.31818087,0.31919097,5138115.35371548
1999-03-26 03:45:00,NSE:BEL,0.32323136,0.32323136,0.29393852,0.29696881,5672716.95121189
1999-03-30 03:45:00,NSE:BEL,0.29797891,0.29797891,0.2732315,0.27777695,9018926.95035608
1999-03-31 03:45:00,NSE:BEL,0.28686783,0.29999911,0.28080723,0.29999911,8415025.1457768
1999-04-01 03:45:00,NSE:BEL,0.3030294,0.30706979,0.27828199,0.28585772,6613219.76162224
1999-04-05 03:45:00,NSE:BEL,0.26313052,0.27777695,0.26313052,0.26313052,3415510.20622705
1999-04-06 03:45:00,NSE:BEL,0.24747401,0.26111033,0.24242352,0.25504974,7761623.19328119
1999-04-07 03:45:00,NSE:BEL,0.2525245,0.26262548,0.24747401,0.2515144,4068912.15872266
1999-04-08 03:45:00,NSE:BEL,0.26515072,0.27171636,0.26111033,0.26262548,6345918.96287403
1999-04-09 03:45:00,NSE:BEL,0.26515072,0.26515072,0.24494876,0.2454538,2920508.72706371
1999-04-12 03:45:00,NSE:BEL,0.22979729,0.23989827,0.22626195,0.22626195,3593710.73872586
1999-04-13 03:45:00,NSE:BEL,0.21565592,0.23030233,0.21212058,0.22828215,5702417.03996169
1999-04-15 03:45:00,NSE:BEL,0.21212058,0.24696897,0.21111048,0.23737303,6682519.96870511
1999-04-16 03:45:00,NSE:BEL,0.24444372,0.25656489,0.23434274,0.24444372,28640785.58439091
1999-04-19 03:45:00,NSE:BEL,0.22222156,0.24242352,0.22222156,0.22222156,9850529.43535049
1999-04-20 03:45:00,NSE:BEL,0.22222156,0.22373671,0.20454484,0.20454484,17117151.14946833
1999-04-21 03:45:00,NSE:BEL,0.21161554,0.21767611,0.20454484,0.20707009,12493837.33408273
1999-04-22 03:45:00,NSE:BEL,0.20605999,0.20757513,0.19444386,0.19848426,4405513.16455374
1999-04-23 03:45:00,NSE:BEL,0.19696911,0.2010095,0.19040347,0.19191862,7702223.01578158
1999-04-26 03:45:00,NSE:BEL,0.18636309,0.18636309,0.16414092,0.18030249,8999126.89118954
1999-04-28 03:45:00,NSE:BEL,0.17272676,0.21010037,0.17272676,0.2010095,2910608.69748045
1999-04-29 03:45:00,NSE:BEL,0.20858524,0.20858524,0.19696911,0.20353475,2930408.75664698
1999-04-30 03:45:00,NSE:BEL,0.20454484,0.20555494,0.19797921,0.19949435,2890808.63831391
1999-05-03 03:45:00,NSE:BEL,0.18686813,0.19696911,0.17929239,0.18181764,3979811.89247326
1999-05-04 03:45:00,NSE:BEL,0.17929239,0.19191862,0.17929239,0.19191862,9642628.81410188
1999-05-05 03:45:00,NSE:BEL,0.19191862,0.19696911,0.19090852,0.19191862,3247209.70331152
1999-05-06 03:45:00,NSE:BEL,0.18989841,0.19444386,0.18787823,0.19191862,1277103.81624142
1999-05-07 03:45:00,NSE:BEL,0.2020196,0.21111048,0.18181764,0.18434288,5662816.92162862
1999-05-10 03:45:00,NSE:BEL,0.18989841,0.19292872,0.18484792,0.18686813,5553916.59621269
1999-05-11 03:45:00,NSE:BEL,0.18989841,0.23131244,0.18686813,0.20808019,20463361.14861252
1999-05-12 03:45:00,NSE:BEL,0.22020135,0.22020135,0.19292872,0.2020196,6781520.26453777
1999-05-13 03:45:00,NSE:BEL,0.19999939,0.20707009,0.19949435,0.2020196,1861205.56165416
1999-05-14 03:45:00,NSE:BEL,0.20454484,0.21666603,0.2010095,0.2020196,10107930.20451542
1999-05-17 03:45:00,NSE:BEL,0.19848426,0.20353475,0.19141358,0.19545396,3465010.35414339
1999-05-18 03:45:00,NSE:BEL,0.19191862,0.19696911,0.18838328,0.19191862,4405513.16455374
1999-05-19 03:45:00,NSE:BEL,0.19646407,0.20959533,0.1949489,0.20959533,8791226.26994094
1999-05-20 03:45:00,NSE:BEL,0.20959533,0.22525184,0.20707009,0.21212058,10484131.32867956
1999-05-21 03:45:00,NSE:BEL,0.22121146,0.22222156,0.20050445,0.20656505,5821217.39496089
1999-05-24 03:45:00,NSE:BEL,0.20454484,0.20707009,0.19646407,0.2020196,3158109.43706212
1999-05-25 03:45:00,NSE:BEL,0.20151456,0.2020196,0.19696911,0.19949435,2940308.78623025
1999-05-26 03:45:00,NSE:BEL,0.20707009,0.20707009,0.19191862,0.19797921,2583907.72123264
1999-05-27 03:45:00,NSE:BEL,0.1949489,0.20353475,0.1949489,0.19595901,1267203.78665815
1999-05-28 03:45:00,NSE:BEL,0.19242366,0.19292872,0.18232268,0.18484792,3969911.86288999
1999-05-31 03:45:00,NSE:BEL,0.18989841,0.19444386,0.18585803,0.18939337,5237115.64954815
1999-06-01 03:45:00,NSE:BEL,0.18686813,0.19292872,0.18282774,0.18939337,2425507.24790037
1999-06-02 03:45:00,NSE:BEL,0.18686813,0.19242366,0.18636309,0.19191862,1296903.87540795
1999-06-03 03:45:00,NSE:BEL,0.19040347,0.1949489,0.18989841,0.19444386,792002.36666135
1999-06-04 03:45:00,NSE:BEL,0.19898931,0.20605999,0.19696911,0.19999939,4870814.55496728
1999-06-07 03:45:00,NSE:BEL,0.2020196,0.20707009,0.19797921,0.19949435,3336309.96956092
1999-06-08 03:45:00,NSE:BEL,0.19747415,0.20504988,0.19343377,0.20504988,4276812.77997127
1999-06-09 03:45:00,NSE:BEL,0.21212058,0.21212058,0.20504988,0.20707009,2890808.63831391
1999-06-10 03:45:00,NSE:BEL,0.21818117,0.22373671,0.21818117,0.22373671,950402.83999361
1999-06-11 03:45:00,NSE:BEL,0.24191848,0.24191848,0.24191848,0.24191848,1593904.76290596
1999-06-14 03:45:00,NSE:BEL,0.26161538,0.26161538,0.2525245,0.26161538,16938950.61696953
1999-06-15 03:45:00,NSE:BEL,0.28282744,0.28282744,0.28282744,0.28282744,5197515.53121508
1999-06-16 03:45:00,NSE:BEL,0.30555464,0.30555464,0.28282744,0.29848395,76725229.27031787
1999-06-17 03:45:00,NSE:BEL,0.30555464,0.30757485,0.28333248,0.28737289,18671455.79404123
1999-06-18 03:45:00,NSE:BEL,0.28787793,0.28787793,0.26767597,0.27070625,16146948.25030819
1999-06-21 03:45:00,NSE:BEL,0.28080723,0.28080723,0.26868607,0.27171636,8771426.2107744
1999-06-22 03:45:00,NSE:BEL,0.27272646,0.27474666,0.26262548,0.26464568,18146754.22612808
1999-06-23 03:45:00,NSE:BEL,0.27272646,0.28585772,0.26767597,0.28585772,14295642.71823729
1999-06-24 03:45:00,NSE:BEL,0.29999911,0.30908999,0.28434258,0.29747387,24809474.13566665
1999-06-25 03:45:00,NSE:BEL,0.29393852,0.30050415,0.28838297,0.29292842,7949723.75536325
1999-06-28 03:45:00,NSE:BEL,0.29696881,0.29696881,0.27979715,0.2823224,7870523.51869712
1999-06-29 03:45:00,NSE:BEL,0.28282744,0.28585772,0.2732315,0.27727191,8989226.86160627
1999-06-30 03:45:00,NSE:BEL,0.28080723,0.28181734,0.27121131,0.2732315,3999611.9516398
1999-07-01 03:45:00,NSE:BEL,0.2752517,0.2752517,0.26414062,0.26666587,2564107.66206611
1999-07-02 03:45:00,NSE:BEL,0.26767597,0.28282744,0.26515072,0.28030219,8098224.19911226
1999-07-05 03:45:00,NSE:BEL,0.28686783,0.3030294,0.28131229,0.3030294,17028050.88321893
1999-07-06 03:45:00,NSE:BEL,0.31969601,0.32727177,0.31969601,0.32727177,5088615.20579915
1999-07-07 03:45:00,NSE:BEL,0.3535343,0.3535343,0.33838283,0.3535343,54747163.59546552
1999-07-08 03:45:00,NSE:BEL,0.35050401,0.36363528,0.33585758,0.33989799,17889353.45696315
1999-07-09 03:45:00,NSE:BEL,0.34292828,0.35454437,0.33585758,0.34040303,18285354.64029382
1999-07-12 03:45:00,NSE:BEL,0.35757471,0.36767569,0.34343332,0.35858479,32571097.32894785
1999-07-13 03:45:00,NSE:BEL,0.36868577,0.37272618,0.34393836,0.34696864,22265166.53276708
1999-07-14 03:45:00,NSE:BEL,0.35252422,0.37272618,0.35100905,0.36111003,17572552.51029861
1999-07-15 03:45:00,NSE:BEL,0.3535343,0.37272618,0.33383738,0.34141311,14384742.98448669
1999-07-16 03:45:00,NSE:BEL,0.34848381,0.3535343,0.3257566,0.32878689,11592934.64200545
1999-07-19 03:45:00,NSE:BEL,0.32424144,0.35504946,0.32424144,0.34797877,15127245.2032317
1999-07-20 03:45:00,NSE:BEL,0.32878689,0.34343332,0.32323136,0.3237364,15790547.18531058
1999-07-21 03:45:00,NSE:BEL,0.32777681,0.34999897,0.32727177,0.34999897,4049112.09955613
1999-07-22 03:45:00,NSE:BEL,0.37828171,0.37828171,0.37828171,0.37828171,3247209.70331152
1999-07-23 03:45:00,NSE:BEL,0.40858465,0.40858465,0.38232207,0.40807961,53945261.19922091
1999-07-26 03:45:00,NSE:BEL,0.42424116,0.44090779,0.4040392,0.44090779,31838495.13978609
1999-07-27 03:45:00,NSE:BEL,0.44949361,0.47626122,0.43434214,0.47626122,28898186.35355585
1999-07-28 03:45:00,NSE:BEL,0.49040256,0.51464494,0.48585711,0.51464494,27165681.17648416
1999-07-29 03:45:00,NSE:BEL,0.55100844,0.55454382,0.47373598,0.49393794,61152482.73583918
1999-07-30 03:45:00,NSE:BEL,0.48989753,0.49494802,0.45555417,0.46717032,22255266.50318381
1999-08-02 03:45:00,NSE:BEL,0.45959459,0.47070564,0.42979669,0.44545319,23294769.60942683
1999-08-03 03:45:00,NSE:BEL,0.44646332,0.4545441,0.42020074,0.42575632,26700379.78607062
1999-08-04 03:45:00,NSE:BEL,0.45353402,0.46009963,0.43030172,0.4338371,16364748.90114005
1999-08-05 03:45:00,NSE:BEL,0.43939263,0.44848353,0.39949375,0.40302912,17800253.19071375
1999-08-06 03:45:00,NSE:BEL,0.39040289,0.43535221,0.39040289,0.43535221,10117830.23409869
1999-08-09 03:45:00,NSE:BEL,0.463635,0.47020061,0.43636234,0.46767536,28531885.25897497
1999-08-10 03:45:00,NSE:BEL,0.505049,0.505049,0.44545319,0.46110975,32957198.48269525
1999-08-11 03:45:00,NSE:BEL,0.44444312,0.49444298,0.44444312,0.47575613,21572164.4619384
1999-08-12 03:45:00,NSE:BEL,0.4772713,0.48484704,0.46414004,0.46515012,12474037.27491619
1999-08-13 03:45:00,NSE:BEL,0.46464508,0.46464508,0.43636234,0.44242291,12345336.89033372
1999-08-16 03:45:00,NSE:BEL,0.46464508,0.46717032,0.4474734,0.45100877,12345336.89033372
1999-08-17 03:45:00,NSE:BEL,0.44141283,0.48737228,0.44141283,0.48737228,22393866.91734955
1999-08-18 03:45:00,NSE:BEL,0.52676612,0.52676612,0.52676612,0.52676612,3306609.88081112
1999-08-19 03:45:00,NSE:BEL,0.52676612,0.56565488,0.48535207,0.48939249,25898477.389826
1999-08-20 03:45:00,NSE:BEL,0.48535207,0.52878628,0.46464508,0.52878628,23205669.34317743
1999-08-23 03:45:00,NSE:BEL,0.54343271,0.5712104,0.54343271,0.5712104,26670679.69732082
1999-08-24 03:45:00,NSE:BEL,0.58080635,0.60504872,0.56565488,0.59747298,47074640.66843374
1999-08-25 03:45:00,NSE:BEL,0.62373551,0.62373551,0.53535194,0.58030131,53905661.08088784
1999-08-26 03:45:00,NSE:BEL,0.6151497,0.6151497,0.59090733,0.60050327,15731147.00781097
1999-08-27 03:45:00,NSE:BEL,0.5919174,0.61615977,0.58585684,0.60050327,8712026.0332748
1999-08-30 03:45:00,NSE:BEL,0.61615977,0.61615977,0.57171544,0.57575586,6563719.6137059
1999-08-31 03:45:00,NSE:BEL,0.58484676,0.58585684,0.55050341,0.57777606,7434922.21703338
1999-09-01 03:45:00,NSE:BEL,0.59090733,0.59090733,0.54545292,0.55807914,7741823.13411465
1999-09-02 03:45:00,NSE:BEL,0.55252361,0.55252361,0.52525096,0.52727116,6345918.96287403
1999-09-03 03:45:00,NSE:BEL,0.51717018,0.56969529,0.51717018,0.55807914,8741726.1220246
1999-09-06 03:45:00,NSE:BEL,0.56161446,0.60302851,0.5555539,0.60302851,12394837.03825006
1999-09-07 03:45:00,NSE:BEL,0.62121026,0.64444251,0.59090733,0.62323047,28254684.43064351
1999-09-08 03:45:00,NSE:BEL,0.62626075,0.62626075,0.59090733,0.59595782,14444143.16198629
1999-09-09 03:45:00,NSE:BEL,0.61565474,0.61565474,0.57575586,0.58181642,7167621.41828518
1999-09-10 03:45:00,NSE:BEL,0.59949314,0.59949314,0.56615991,0.58838208,4969814.85079994
1999-09-14 03:45:00,NSE:BEL,0.59595782,0.60050327,0.57626089,0.5782811,3870911.56705733
1999-09-15 03:45:00,NSE:BEL,0.58585684,0.62474559,0.56969529,0.58636187,32026595.70186816
1999-09-16 03:45:00,NSE:BEL,0.58585684,0.60100831,0.54545292,0.56211955,10860332.4528437
1999-09-17 03:45:00,NSE:BEL,0.5414125,0.60706887,0.52121054,0.60454363,28056683.83897817
1999-09-20 03:45:00,NSE:BEL,0.6151497,0.6151497,0.56717004,0.57171544,8593225.6782756
1999-09-21 03:45:00,NSE:BEL,0.55959431,0.59292753,0.54191759,0.55302865,30967292.53645862
1999-09-22 03:45:00,NSE:BEL,0.5646448,0.57979627,0.55807914,0.5646448,10177230.41159829
1999-09-23 03:45:00,NSE:BEL,0.56565488,0.56767508,0.54040243,0.54242263,5553916.59621269
1999-09-24 03:45:00,NSE:BEL,0.54040243,0.54040243,0.50605907,0.51060452,6939920.73787004
1999-09-27 03:45:00,NSE:BEL,0.52474592,0.53333173,0.49949347,0.51363481,7563622.60161585
1999-09-28 03:45:00,NSE:BEL,0.505049,0.505049,0.47272585,0.47676626,9405028.10410348
1999-09-29 03:45:00,NSE:BEL,0.49494802,0.51514998,0.4863622,0.49747326,7860623.48911386
1999-09-30 03:45:00,NSE:BEL,0.5070692,0.53282669,0.49545305,0.52222067,10088130.14534889
1999-10-01 03:45:00,NSE:BEL,0.51262473,0.52121054,0.48232179,0.4863622,10216830.52993136
1999-10-04 03:45:00,NSE:BEL,0.49393794,0.52525096,0.47171577,0.51060452,20869262.36152646
1999-10-05 03:45:00,NSE:BEL,0.48535207,0.55151348,0.48484704,0.55151348,15483646.26822931
1999-10-06 03:45:00,NSE:BEL,0.57575586,0.59595782,0.56717004,0.59444265,26947880.52565229
1999-10-07 03:45:00,NSE:BEL,0.64191726,0.6424223,0.61716985,0.6424223,12959138.72449627
1999-10-08 03:45:00,NSE:BEL,0.68686663,0.69393729,0.67171516,0.69393729,11731535.05617118
1999-10-11 03:45:00,NSE:BEL,0.74898768,0.74949268,0.72777563,0.74949268,5534116.53704615
1999-10-12 03:45:00,NSE:BEL,0.80656323,0.80959356,0.74848259,0.80959356,32501797.12186498
1999-10-13 03:45:00,NSE:BEL,0.82070462,0.86868427,0.77272496,0.83535101,30917792.38854228
1999-10-14 03:45:00,NSE:BEL,0.84646215,0.90252254,0.84646215,0.90252254,35481706.02642828
1999-10-15 03:45:00,NSE:BEL,0.97474456,0.97474456,0.8308056,0.84191666,16097448.10239185
1999-10-18 03:45:00,NSE:BEL,0.85504797,0.90959327,0.83838133,0.87626001,29502088.15813514
1999-10-20 03:45:00,NSE:BEL,0.93939113,0.94646179,0.93939113,0.94646179,7385422.06911705
1999-10-21 03:45:00,NSE:BEL,0.98787587,0.99999701,0.87070444,0.8722196,20958362.62777586
1999-10-22 03:45:00,NSE:BEL,0.87878525,0.94191638,0.8030279,0.89191656,28403184.87439251
1999-10-25 03:45:00,NSE:BEL,0.92929015,0.92929015,0.82727028,0.83181568,16107348.13197511
1999-10-26 03:45:00,NSE:BEL,0.85858329,0.85858329,0.7707048,0.78686636,16166748.30947472
1999-10-27 03:45:00,NSE:BEL,0.81817937,0.81817937,0.72424023,0.73131097,22492867.21318222
1999-10-28 03:45:00,NSE:BEL,0.76767447,0.7898966,0.70706859,0.78383602,33521500.16894146
1999-10-29 03:45:00,NSE:BEL,0.76767447,0.8171693,0.72120999,0.72828063,21928565.52693601
1999-11-01 03:45:00,NSE:BEL,0.71211908,0.71716957,0.6702,0.6702,5969717.83870989
1999-11-02 03:45:00,NSE:BEL,0.64141222,0.72120999,0.61666481,0.70706859,21463264.13652247
1999-11-03 03:45:00,NSE:BEL,0.74696743,0.75757349,0.67424041,0.68585656,13612540.67699188
1999-11-04 03:45:00,NSE:BEL,0.65757377,0.66666467,0.63636173,0.65353337,6573619.64328917
1999-11-05 03:45:00,NSE:BEL,0.65908894,0.69696761,0.65555362,0.68181614,10078230.11576562
1999-11-09 03:45:00,NSE:BEL,0.67323033,0.68989696,0.65656369,0.66767475,10602931.68367876
1999-11-10 03:45:00,NSE:BEL,0.68989696,0.72120999,0.67676565,0.72120999,5603416.74412902
1999-11-11 03:45:00,NSE:BEL,0.73636146,0.77929062,0.71716957,0.75908866,14642143.75365163
1999-11-12 03:45:00,NSE:BEL,0.74242202,0.76767447,0.72575539,0.74595735,7811123.34119752
1999-11-15 03:45:00,NSE:BEL,0.79595725,0.80605823,0.77019972,0.78686636,13681840.88407475
1999-11-16 03:45:00,NSE:BEL,0.76514923,0.78282594,0.74494727,0.76615931,11503834.37575605
1999-11-17 03:45:00,NSE:BEL,0.78282594,0.80807839,0.75858357,0.76767447,8256624.67244452
1999-11-18 03:45:00,NSE:BEL,0.76514923,0.77474513,0.70656351,0.70656351,10721732.03867797
1999-11-19 03:45:00,NSE:BEL,0.70757367,0.71716957,0.64999804,0.66060411,12384937.00866679
1999-11-22 03:45:00,NSE:BEL,0.65656369,0.66918992,0.608079,0.61413957,23146269.16567783
1999-11-24 03:45:00,NSE:BEL,0.63535166,0.66363435,0.62121026,0.65908894,24314472.65650331
1999-11-25 03:45:00,NSE:BEL,0.67373533,0.69444237,0.628786,0.63484657,17404252.00738307
1999-11-26 03:45:00,NSE:BEL,0.63636173,0.64848288,0.60706887,0.63383649,11147433.31075844
1999-11-29 03:45:00,NSE:BEL,0.62979608,0.64141222,0.61666481,0.62222034,7910123.63703019
1999-11-30 03:45:00,NSE:BEL,0.63383649,0.67222024,0.61464461,0.67222024,21562264.43235514
1999-12-01 03:45:00,NSE:BEL,0.70706859,0.72626048,0.68686663,0.72323014,28195284.25314391
1999-12-02 03:45:00,NSE:BEL,0.74747251,0.74747251,0.69090705,0.69898778,11068233.07409231
1999-12-03 03:45:00,NSE:BEL,0.71110901,0.71514941,0.68787671,0.70302818,6019217.98662623
1999-12-06 03:45:00,NSE:BEL,0.72120999,0.72120999,0.66716975,0.69393729,14929244.61156636
1999-12-07 03:45:00,NSE:BEL,0.70706859,0.70706859,0.67676565,0.68131107,13285839.70074408
1999-12-08 03:45:00,NSE:BEL,0.70706859,0.7207049,0.67373533,0.68181614,11761235.14492098
1999-12-09 03:45:00,NSE:BEL,0.66716975,0.68686663,0.65555362,0.68080607,4197612.54330513
1999-12-10 03:45:00,NSE:BEL,0.669695,0.73232104,0.66868484,0.68787671,9088227.15743894
1999-12-13 03:45:00,NSE:BEL,0.70605852,0.7429271,0.7020181,0.73686645,28007183.69106184
1999-12-14 03:45:00,NSE:BEL,0.76767447,0.77171489,0.68787671,0.70100803,18661555.76445796
1999-12-15 03:45:00,NSE:BEL,0.72727055,0.73131097,0.67676565,0.69797769,10048530.02701582
1999-12-16 03:45:00,NSE:BEL,0.70504843,0.74747251,0.68686663,0.74444219,18206154.40362768
1999-12-17 03:45:00,NSE:BEL,0.76767447,0.80403798,0.73232104,0.80403798,22958168.60359576
1999-12-20 03:45:00,NSE:BEL,0.86868427,0.86868427,0.85454288,0.86868427,12345336.89033372
1999-12-21 03:45:00,NSE:BEL,0.93838105,0.93838105,0.85201764,0.9222195,46589539.21885366
1999-12-22 03:45:00,NSE:BEL,0.97979505,0.9959566,0.90908819,0.95100728,66498498.71080322
1999-12-23 03:45:00,NSE:BEL,0.91009827,0.92828007,0.87524993,0.87929033,9197127.48285487
1999-12-24 03:45:00,NSE:BEL,0.83838133,0.86110854,0.80908847,0.81312888,17285451.65238387
1999-12-27 03:45:00,NSE:BEL,0.83838133,0.87828017,0.76868455,0.78181587,27700282.77398057
1999-12-28 03:45:00,NSE:BEL,0.7803007,0.78232086,0.73232104,0.7393917,36204408.18600677
1999-12-29 03:45:00,NSE:BEL,0.75757349,0.78282594,0.73737153,0.75656342,10424731.15117996
1999-12-30 03:45:00,NSE:BEL,0.75605833,0.8171693,0.73787661,0.8171693,8603125.70785887
2000-01-03 03:45:00,NSE:BEL,0.88282566,0.88282566,0.88282566,0.88282566,16265748.60530739
2000-01-04 03:45:00,NSE:BEL,0.95353252,0.95353252,0.9131286,0.95353252,25284675.55566347
2000-01-05 03:45:00,NSE:BEL,0.94949211,1.0297949,0.88888623,1.02120907,56103467.64837306
2000-01-06 03:45:00,NSE:BEL,1.10252196,1.10302701,1.10252196,1.10302701,5227215.61996488
2000-01-07 03:45:00,NSE:BEL,1.18181465,1.19090553,1.02272422,1.1297946,50024849.48424726
2000-01-10 03:45:00,NSE:BEL,1.17676416,1.21514788,1.15151171,1.19747117,39016016.58765454
2000-01-11 03:45:00,NSE:BEL,1.24141043,1.24242053,1.10201691,1.10201691,55509465.87337707
2000-01-12 03:45:00,NSE:BEL,1.13130975,1.15605715,1.03636054,1.05302716,28878386.29438932
2000-01-13 03:45:00,NSE:BEL,1.04040093,1.05706755,0.96918899,0.96969407,16325148.78280699
2000-01-14 03:45:00,NSE:BEL,0.95908801,1.02524946,0.89393672,0.99494652,34402602.80185221
2000-01-17 03:45:00,NSE:BEL,1.03029995,1.06009784,0.95100728,0.98888595,28353684.72647618
2000-01-18 03:45:00,NSE:BEL,0.98080513,1.00706767,0.96009817,0.98737079,20116860.11319818
2000-01-19 03:45:00,NSE:BEL,1.01817878,1.06666348,1.00252226,1.05403725,33343299.63644265
2000-01-20 03:45:00,NSE:BEL,1.05050191,1.06868368,0.97726981,0.98535062,19413958.01278624
2000-01-21 03:45:00,NSE:BEL,0.97019915,1.01009799,0.96211834,0.97171424,16810250.23238706
2000-01-24 03:45:00,NSE:BEL,1.02827976,1.04949181,1.02827976,1.04949181,13820441.29824048
2000-01-25 03:45:00,NSE:BEL,1.06464328,1.133835,1.06161299,1.133835,54400662.56005118
2000-01-27 03:45:00,NSE:BEL,1.17171367,1.22474381,1.17171367,1.22474381,16325148.78280699
2000-01-28 03:45:00,NSE:BEL,1.31767283,1.32272332,1.16363289,1.31211719,80477340.48237598
2000-01-31 03:45:00,NSE:BEL,1.32878391,1.36312724,1.20757215,1.2297943,57024170.3996169
2000-02-01 03:45:00,NSE:BEL,1.21211759,1.32827886,1.20302671,1.31565263,44975834.39678117
2000-02-02 03:45:00,NSE:BEL,1.41666243,1.42120787,1.34343033,1.42070272,62568186.9662463
2000-02-03 03:45:00,NSE:BEL,1.48282385,1.50504601,1.41413719,1.44494518,37075610.78933424
2000-02-04 03:45:00,NSE:BEL,1.45454111,1.54393488,1.37878376,1.49848047,57053870.4883667
2000-02-07 03:45:00,NSE:BEL,1.51464194,1.51514699,1.43433915,1.44898557,44886734.13053178
2000-02-08 03:45:00,NSE:BEL,1.44444013,1.46312704,1.36363229,1.37979396,35531206.17434463
2000-02-09 03:45:00,NSE:BEL,1.36363229,1.43332895,1.32575361,1.33939004,24581773.45525152
2000-02-10 03:45:00,NSE:BEL,1.31312739,1.33332935,1.25504675,1.29696572,13869941.44615681
2000-02-11 03:45:00,NSE:BEL,1.33332935,1.36363229,1.25353161,1.26666288,13365039.93741021
2000-02-14 03:45:00,NSE:BEL,1.2297943,1.26060229,1.19444088,1.24090538,17721052.95404761
2000-02-15 03:45:00,NSE:BEL,1.23939024,1.34040004,1.20201661,1.34040004,43659130.46220668
2000-02-16 03:45:00,NSE:BEL,1.44342993,1.44444013,1.26262249,1.29141028,33452199.96185859
2000-02-17 03:45:00,NSE:BEL,1.29191533,1.35353131,1.25403666,1.29090523,24868874.31316625
2000-02-18 03:45:00,NSE:BEL,1.29292543,1.31312739,1.18787524,1.19292573,23383869.87567623
2000-02-21 03:45:00,NSE:BEL,1.19191563,1.23029935,1.14242083,1.19696612,20017859.81736552
2000-02-22 03:45:00,NSE:BEL,1.21110749,1.21161254,1.10151186,1.10454215,27878483.30647937
2000-02-23 03:45:00,NSE:BEL,1.15151171,1.16009754,1.01615858,1.01615858,23482870.1715089
2000-02-24 03:45:00,NSE:BEL,1.02019897,1.05252211,0.96262342,0.99494652,11543434.49408911
2000-02-25 03:45:00,NSE:BEL,1.03535044,1.03939083,0.91565385,0.91817909,9751529.13951782
2000-02-28 03:45:00,NSE:BEL,0.93838105,0.9919162,0.92423966,0.98686571,26819180.14106981
2000-02-29 03:45:00,NSE:BEL,1.01009799,1.06060289,0.90807811,0.9131286,53697760.45963922
2000-03-01 03:45:00,NSE:BEL,0.97777489,0.98636071,0.90908819,0.98636071,17394351.9777998
2000-03-02 03:45:00,NSE:BEL,1.0328252,1.06565338,0.98989603,1.02524946,33273999.42935978
2000-03-03 03:45:00,NSE:BEL,0.99999701,0.99999701,0.94343154,0.94343154,11889935.52950345
2000-03-06 03:45:00,NSE:BEL,0.94343154,0.98989603,0.86868427,0.88888623,13176939.37532814
2000-03-07 03:45:00,NSE:BEL,0.88888623,0.88888623,0.81817937,0.81817937,12899738.54699666
2000-03-08 03:45:00,NSE:BEL,0.83838133,0.83838133,0.75302808,0.75302808,14671843.84240143
2000-03-09 03:45:00,NSE:BEL,0.71817965,0.76464415,0.6929272,0.70959384,12276036.68325086
2000-03-10 03:45:00,NSE:BEL,0.71312916,0.7666644,0.69747269,0.7666644,7048821.06328598
2000-03-13 03:45:00,NSE:BEL,0.82221979,0.82221979,0.70706859,0.72222006,22205766.35526748
2000-03-14 03:45:00,NSE:BEL,0.72727055,0.75757349,0.67676565,0.69646253,29492188.12855186
2000-03-15 03:45:00,NSE:BEL,0.72171498,0.74747251,0.70706859,0.72929072,13563040.52907555
2000-03-16 03:45:00,NSE:BEL,0.74242202,0.74242202,0.67121009,0.67373533,9632728.78451861
2000-03-21 03:45:00,NSE:BEL,0.65908894,0.71211908,0.62121026,0.62979608,17810153.22029701
2000-03-22 03:45:00,NSE:BEL,0.66514951,0.68030098,0.6515132,0.67979598,13592740.61782534
2000-03-23 03:45:00,NSE:BEL,0.69595754,0.70403827,0.63686677,0.64444251,7623022.77911545
2000-03-24 03:45:00,NSE:BEL,0.62626075,0.64444251,0.59292753,0.61666481,9474328.31118635
2000-03-27 03:45:00,NSE:BEL,0.62222034,0.62272543,0.57575586,0.58232151,9622828.75493535
2000-03-28 03:45:00,NSE:BEL,0.61110928,0.61110928,0.56110942,0.58484676,12800738.251164
2000-03-29 03:45:00,NSE:BEL,0.6151497,0.63181628,0.60201838,0.63181628,7355721.98036725
2000-03-30 03:45:00,NSE:BEL,0.68232122,0.68232122,0.62929104,0.6515132,12513637.39324926
2000-03-31 03:45:00,NSE:BEL,0.63686677,0.64141222,0.60908908,0.61413957,11068233.07409231
2000-04-03 03:45:00,NSE:BEL,0.64646271,0.66363435,0.61716985,0.66363435,12186936.41700146
2000-04-04 03:45:00,NSE:BEL,0.62626075,0.65100813,0.61060425,0.61060425,17057750.97196873
2000-04-05 03:45:00,NSE:BEL,0.57676593,0.65959402,0.56666495,0.65959402,22225566.41443401
2000-04-06 03:45:00,NSE:BEL,0.70504843,0.71211908,0.61110928,0.64646271,25403475.91066267
2000-04-07 03:45:00,NSE:BEL,0.67676565,0.69848278,0.66666467,0.69848278,13008638.8724126
2000-04-10 03:45:00,NSE:BEL,0.75454317,0.75454317,0.75454317,0.75454317,910802.72166055
2000-04-11 03:45:00,NSE:BEL,0.81413896,0.81514905,0.69696761,0.81514905,20799962.15444359
2000-04-12 03:45:00,NSE:BEL,0.87777518,0.88080542,0.82322986,0.87727009,37085510.8189175
2000-04-13 03:45:00,NSE:BEL,0.85858329,0.85858329,0.80706832,0.80858347,18978356.7111225
2000-04-17 03:45:00,NSE:BEL,0.7803007,0.80706832,0.74393719,0.75100784,17800253.19071375
2000-04-18 03:45:00,NSE:BEL,0.79797741,0.81110872,0.79797741,0.81110872,6464719.31787323
2000-04-19 03:45:00,NSE:BEL,0.87626001,0.87626001,0.79797741,0.84242175,47084540.69801699
2000-04-20 03:45:00,NSE:BEL,0.90302762,0.90302762,0.77525021,0.8904014,42065225.69930072
2000-04-24 03:45:00,NSE:BEL,0.89797713,0.95959309,0.86969435,0.95201736,47064740.63885047
2000-04-25 03:45:00,NSE:BEL,0.90908819,0.92575483,0.87626001,0.88282566,29046686.79730486
2000-04-26 03:45:00,NSE:BEL,0.92929015,0.94343154,0.8949468,0.9318154,27670582.68523076
2000-04-27 03:45:00,NSE:BEL,0.89949229,0.90908819,0.85757322,0.85757322,7454722.27619992
2000-04-28 03:45:00,NSE:BEL,0.79797741,0.83535101,0.7893916,0.7893916,5910317.66121029
2000-05-02 03:45:00,NSE:BEL,0.7893916,0.7893916,0.69494745,0.69494745,16968650.70571933
2000-05-03 03:45:00,NSE:BEL,0.68686663,0.71969482,0.63989706,0.69747269,15176745.35114804
2000-05-04 03:45:00,NSE:BEL,0.7161595,0.74747251,0.70656351,0.72777563,10929632.65992657
2000-05-05 03:45:00,NSE:BEL,0.72727055,0.76767447,0.71716957,0.76110882,11889935.52950345
2000-05-08 03:45:00,NSE:BEL,0.76615931,0.77777545,0.71009892,0.71464433,8523925.47119273
2000-05-09 03:45:00,NSE:BEL,0.69797769,0.73232104,0.68686663,0.7201999,8563525.5895258
2000-05-10 03:45:00,NSE:BEL,0.72777563,0.74545235,0.71211908,0.72373523,6039018.04579276
2000-05-11 03:45:00,NSE:BEL,0.66868484,0.70908876,0.66868484,0.69040196,4118412.306639
2000-05-12 03:45:00,NSE:BEL,0.69949286,0.70302818,0.64141222,0.64646271,6662719.90953857
2000-05-15 03:45:00,NSE:BEL,0.65656369,0.65656369,0.59595782,0.64949304,8662525.88535847
2000-05-16 03:45:00,NSE:BEL,0.64545264,0.65656369,0.62373551,0.628786,6623119.7912055
2000-05-17 03:45:00,NSE:BEL,0.64747279,0.66666467,0.63636173,0.64090719,7593322.69036565
2000-05-18 03:45:00,NSE:BEL,0.61666481,0.65403845,0.61666481,0.63939202,3049209.11164618
2000-05-19 03:45:00,NSE:BEL,0.62020019,0.65100813,0.6196951,0.62777592,5049015.08746608
2000-05-22 03:45:00,NSE:BEL,0.62626075,0.62626075,0.5989881,0.60201838,3979811.89247326
2000-05-23 03:45:00,NSE:BEL,0.59848306,0.61413957,0.58888712,0.59797802,6435019.22912343
2000-05-24 03:45:00,NSE:BEL,0.59595782,0.62424055,0.59595782,0.61716985,4563913.637886
2000-05-25 03:45:00,NSE:BEL,0.62525068,0.65908894,0.62121026,0.62979608,7573522.63119912
2000-05-26 03:45:00,NSE:BEL,0.63131124,0.66363435,0.60252347,0.65252328,12325536.83116719
2000-05-29 03:45:00,NSE:BEL,0.65908894,0.72727055,0.64595768,0.71514941,10454431.23992976
2000-05-30 03:45:00,NSE:BEL,0.7207049,0.77272496,0.71918974,0.76615931,11622634.73075525
2000-05-31 03:45:00,NSE:BEL,0.80706832,0.82221979,0.74696743,0.75403817,16513249.34488905
2000-06-01 03:45:00,NSE:BEL,0.74191694,0.74242202,0.71716957,0.73686645,6623119.7912055
2000-06-02 03:45:00,NSE:BEL,0.74747251,0.78585627,0.73838161,0.77878553,6068718.13454256
2000-06-05 03:45:00,NSE:BEL,0.78686636,0.84141166,0.71666449,0.7207049,18166554.28529462
2000-06-06 03:45:00,NSE:BEL,0.71817965,0.75454317,0.70959384,0.73484629,8999126.89118954
2000-06-07 03:45:00,NSE:BEL,0.74242202,0.74747251,0.70807867,0.71817965,9028826.97993934
2000-06-08 03:45:00,NSE:BEL,0.72575539,0.74696743,0.71767465,0.72929072,6019217.98662623
2000-06-09 03:45:00,NSE:BEL,0.73636146,0.73636146,0.68282622,0.69545245,9741629.10993455
2000-06-12 03:45:00,NSE:BEL,0.68686663,0.69191712,0.66918992,0.67272524,3791711.33039119
2000-06-13 03:45:00,NSE:BEL,0.67676565,0.69090705,0.64646271,0.68131107,9226827.57160468
2000-06-14 03:45:00,NSE:BEL,0.70605852,0.72222006,0.67676565,0.68232122,7395322.09870031
2000-06-15 03:45:00,NSE:BEL,0.68030098,0.69141205,0.67272524,0.68030098,3385810.11747725
2000-06-16 03:45:00,NSE:BEL,0.67474549,0.69393729,0.67121009,0.67474549,8038824.02161266
2000-06-19 03:45:00,NSE:BEL,0.70656351,0.75605833,0.68686663,0.73282612,21780065.083187
2000-06-20 03:45:00,NSE:BEL,0.75555333,0.79141176,0.7297958,0.78080578,13582840.58824208
2000-06-21 03:45:00,NSE:BEL,0.84343182,0.84343182,0.75757349,0.76060382,18693334.85942024
2000-06-22 03:45:00,NSE:BEL,0.74747251,0.77676538,0.69999794,0.73131097,14653627.78796821
2000-06-23 03:45:00,NSE:BEL,0.71767465,0.77676538,0.68383631,0.70100803,19963013.65347421
2000-06-26 03:45:00,NSE:BEL,0.68232122,0.70454335,0.65757377,0.69797769,6296418.8149577
2000-06-27 03:45:00,NSE:BEL,0.70302818,0.73535137,0.68686663,0.69343229,17491174.26712415
2000-06-28 03:45:00,NSE:BEL,0.7161595,0.74646244,0.70959384,0.72525039,12302667.76282984
2000-06-29 03:45:00,NSE:BEL,0.73030088,0.73838161,0.69797769,0.70252318,7275927.74192612
2000-06-30 03:45:00,NSE:BEL,0.69797769,0.70403827,0.67777573,0.68282622,5941007.75291842
2000-07-03 03:45:00,NSE:BEL,0.70151302,0.70959384,0.6924222,0.70504843,5346312.97585158
2000-07-04 03:45:00,NSE:BEL,0.7020181,0.70302818,0.68181614,0.68737171,7620349.77112797
2000-07-05 03:45:00,NSE:BEL,0.69797769,0.71514941,0.69595754,0.69848278,5995358.91533055
2000-07-06 03:45:00,NSE:BEL,0.69696761,0.69696761,0.68535147,0.68737171,1233147.68489172
2000-07-07 03:45:00,NSE:BEL,0.68181614,0.68585656,0.66666467,0.68131107,8329785.89106487
2000-07-10 03:45:00,NSE:BEL,0.68939188,0.68939188,0.67070509,0.67575558,2573512.69017021
2000-07-11 03:45:00,NSE:BEL,0.66312935,0.68282622,0.66211926,0.67727073,8811323.32999497
2000-07-12 03:45:00,NSE:BEL,0.67828082,0.75555333,0.67828082,0.7297958,11177331.40009991
2000-07-13 03:45:00,NSE:BEL,0.73737153,0.74545235,0.69696761,0.7020181,8044665.03906679
2000-07-14 03:45:00,NSE:BEL,0.71060392,0.72272514,0.69696761,0.71413925,5241768.66345228
2000-07-17 03:45:00,NSE:BEL,0.72727055,0.73535137,0.70959384,0.71312916,6195933.51468754
2000-07-18 03:45:00,NSE:BEL,0.7161595,0.71716957,0.68737171,0.69494745,6994172.89998634
2000-07-19 03:45:00,NSE:BEL,0.69494745,0.70100803,0.68181614,0.68686663,3505996.47661811
2000-07-20 03:45:00,NSE:BEL,0.67424041,0.68484647,0.66666467,0.67828082,2601727.77448252
2000-07-21 03:45:00,NSE:BEL,0.68080607,0.68131107,0.65555362,0.65807886,4262061.7358922
2000-07-24 03:45:00,NSE:BEL,0.62525068,0.64646271,0.62525068,0.63333145,6111684.26293394
2000-07-25 03:45:00,NSE:BEL,0.61312949,0.64545264,0.61312949,0.63636173,8384929.05584367
2000-07-26 03:45:00,NSE:BEL,0.64343243,0.6656546,0.64191726,0.64898796,5403931.14802619
2000-07-27 03:45:00,NSE:BEL,0.63737181,0.65454353,0.63636173,0.64696779,4282653.79742539
2000-07-28 03:45:00,NSE:BEL,0.65555362,0.75050284,0.64393747,0.68787671,24328035.69703239
2000-07-31 03:45:00,NSE:BEL,0.69393729,0.69393729,0.67121009,0.67424041,4890317.61324631
2000-08-01 03:45:00,NSE:BEL,0.67272524,0.67676565,0.60706887,0.62020019,17588392.55763183
2000-08-02 03:45:00,NSE:BEL,0.63535166,0.63939202,0.61110928,0.61817998,8620846.76081291
2000-08-03 03:45:00,NSE:BEL,0.62373551,0.62373551,0.60252347,0.60555376,3806363.37417443
2000-08-04 03:45:00,NSE:BEL,0.6060588,0.61363453,0.57777606,0.58282655,5006543.96055386
2000-08-07 03:45:00,NSE:BEL,0.60454363,0.60504872,0.58888712,0.59343257,4524610.52044044
2000-08-08 03:45:00,NSE:BEL,0.59595782,0.61615977,0.59343257,0.60504872,9492445.36532373
2000-08-09 03:45:00,NSE:BEL,0.61464461,0.63333145,0.61110928,0.61919006,7663216.89922351
2000-08-10 03:45:00,NSE:BEL,0.63232132,0.64545264,0.61716985,0.62222034,6399577.12321534
2000-08-11 03:45:00,NSE:BEL,0.62575572,0.62575572,0.59747298,0.59949314,3695087.04165851
2000-08-14 03:45:00,NSE:BEL,0.59595782,0.61716985,0.58383663,0.61161432,6976847.84821563
2000-08-16 03:45:00,NSE:BEL,0.62121026,0.62626075,0.61110928,0.61464461,3675286.98249198
2000-08-17 03:45:00,NSE:BEL,0.61615977,0.62828096,0.60656383,0.61110928,4218501.60572583
2000-08-18 03:45:00,NSE:BEL,0.608079,0.61615977,0.60353355,0.608079,2946050.80338854
2000-08-21 03:45:00,NSE:BEL,0.62323047,0.62828096,0.61262445,0.62323047,4390267.1189955
2000-08-22 03:45:00,NSE:BEL,0.61919006,0.6661596,0.61919006,0.65908894,7365028.00817552
2000-08-23 03:45:00,NSE:BEL,0.65656369,0.68181614,0.64999804,0.65605862,13350189.89303531
2000-08-24 03:45:00,NSE:BEL,0.65959402,0.68434139,0.65353337,0.66666467,9307512.8127083
2000-08-25 03:45:00,NSE:BEL,0.67171516,0.67424041,0.65656369,0.66060411,7035555.0236444
2000-08-28 03:45:00,NSE:BEL,0.65656369,0.70050294,0.65656369,0.67626058,18100620.08827006
2000-08-29 03:45:00,NSE:BEL,0.68585656,0.72626048,0.68181614,0.71211908,25938968.51082156
2000-08-30 03:45:00,NSE:BEL,0.74191694,0.74191694,0.66666467,0.67373533,30350421.69312526
2000-08-31 03:45:00,NSE:BEL,0.66161418,0.68080607,0.65807886,0.66666467,11147433.31075844
2000-09-04 03:45:00,NSE:BEL,0.68080607,0.7020181,0.66666467,0.68989696,11175747.39536658
2000-09-05 03:45:00,NSE:BEL,0.6888868,0.69696761,0.68181614,0.6929272,4366507.04799566
2000-09-06 03:45:00,NSE:BEL,0.69090705,0.69191712,0.67171516,0.67525049,5729642.12131567
2000-09-07 03:45:00,NSE:BEL,0.67575558,0.68131107,0.66060411,0.66363435,4188702.51668019
2000-09-08 03:45:00,NSE:BEL,0.67474549,0.70706859,0.67070509,0.68636156,7823597.37847244
2000-09-11 03:45:00,NSE:BEL,0.68181614,0.69595754,0.66767475,0.67676565,6499270.42111884
2000-09-12 03:45:00,NSE:BEL,0.67676565,0.68080607,0.65706877,0.66363435,18091017.0595743
2000-09-13 03:45:00,NSE:BEL,0.68181614,0.68181614,0.64141222,0.64848288,5772707.25000288
2000-09-14 03:45:00,NSE:BEL,0.64595768,0.70706859,0.628786,0.67828082,29038172.77186325
2000-09-15 03:45:00,NSE:BEL,0.66666467,0.66666467,0.62727083,0.62979608,13622539.70687098
2000-09-18 03:45:00,NSE:BEL,0.62121026,0.62121026,0.59090733,0.59494774,7622230.77674879
2000-09-19 03:45:00,NSE:BEL,0.58636187,0.59393761,0.54747312,0.55605893,13838162.35119453
2000-09-20 03:45:00,NSE:BEL,0.58585684,0.59040229,0.55807914,0.58484676,6140196.34813375
2000-09-21 03:45:00,NSE:BEL,0.58888712,0.59595782,0.57272557,0.57575586,5177220.47056938
2000-09-22 03:45:00,NSE:BEL,0.57575586,0.57575586,0.52979641,0.53080648,7177323.44727678
2000-09-25 03:45:00,NSE:BEL,0.5555539,0.5555539,0.53535194,0.54595795,5080299.1809492
2000-09-26 03:45:00,NSE:BEL,0.52525096,0.54040243,0.52525096,0.53232165,5620741.79589974
2000-09-27 03:45:00,NSE:BEL,0.52020047,0.55454382,0.51514998,0.53181661,5850917.48371069
2000-09-28 03:45:00,NSE:BEL,0.54444284,0.54545292,0.52424088,0.52878628,3376900.09085231
2000-09-29 03:45:00,NSE:BEL,0.53939235,0.53939235,0.52020047,0.52575599,3733598.15673742
2000-10-03 03:45:00,NSE:BEL,0.51565501,0.5277762,0.51363481,0.52323075,5353044.9959682
2000-10-04 03:45:00,NSE:BEL,0.52626103,0.53434186,0.52323075,0.5277762,3441745.28462271
2000-10-05 03:45:00,NSE:BEL,0.53181661,0.54191759,0.52020047,0.52323075,1992974.95540744
2000-10-06 03:45:00,NSE:BEL,0.51919039,0.52373579,0.50050354,0.50454396,3587176.7192009
2000-10-09 03:45:00,NSE:BEL,0.50302879,0.50454396,0.48686724,0.49191773,2220477.63523092
2000-10-10 03:45:00,NSE:BEL,0.49494802,0.49494802,0.46666528,0.47121073,4846856.48337577
2000-10-11 03:45:00,NSE:BEL,0.4565643,0.47424102,0.45504914,0.46060466,4632223.84201055
2000-10-12 03:45:00,NSE:BEL,0.44999865,0.47222081,0.44999865,0.46565515,2975354.89095501
2000-10-13 03:45:00,NSE:BEL,0.44696836,0.4545441,0.43838255,0.43989767,4513126.48612385
2000-10-16 03:45:00,NSE:BEL,0.45706934,0.47474606,0.44949361,0.45504914,2873879.58772653
2000-10-17 03:45:00,NSE:BEL,0.44949361,0.45959459,0.44696836,0.44949361,3755477.22211644
2000-10-18 03:45:00,NSE:BEL,0.44545319,0.4545441,0.43737242,0.44999865,1143453.41686732
2000-10-19 03:45:00,NSE:BEL,0.4474734,0.47373598,0.44646332,0.46565515,2215527.62043928
2000-10-20 03:45:00,NSE:BEL,0.47929151,0.48232179,0.46211983,0.46464508,1327296.96622858
2000-10-23 03:45:00,NSE:BEL,0.46161479,0.46464508,0.44999865,0.45403906,1480549.42417755
2000-10-24 03:45:00,NSE:BEL,0.44696836,0.45353402,0.42424116,0.43131185,2500153.4709582
2000-10-25 03:45:00,NSE:BEL,0.43888759,0.47828138,0.43888759,0.46969557,3568465.66328853
2000-10-26 03:45:00,NSE:BEL,0.49242277,0.49242277,0.45959459,0.48686724,1723892.15133425
2000-10-27 03:45:00,NSE:BEL,0.47979655,0.48484704,0.47222081,0.47828138,2099796.27461089
2000-10-30 03:45:00,NSE:BEL,0.47020061,0.47676626,0.45757438,0.46312991,1144740.42071314
2000-10-31 03:45:00,NSE:BEL,0.47272585,0.51464494,0.45959459,0.5070692,12059028.03478565
2000-11-01 03:45:00,NSE:BEL,0.52424088,0.52424088,0.48787732,0.51565501,6649849.87108032
2000-11-02 03:45:00,NSE:BEL,0.50555403,0.54292767,0.50201871,0.53181661,11501161.36776857
2000-11-03 03:45:00,NSE:BEL,0.53131152,0.53282669,0.51514998,0.52171563,4647667.88816044
2000-11-06 03:45:00,NSE:BEL,0.52626103,0.52626103,0.51009949,0.51060452,3605788.77481744
2000-11-07 03:45:00,NSE:BEL,0.50605907,0.51262473,0.50353383,0.50605907,4474318.37015744
2000-11-08 03:45:00,NSE:BEL,0.52020047,0.57575586,0.51009949,0.5484832,23206362.34524826
2000-11-09 03:45:00,NSE:BEL,0.55151348,0.57070537,0.53131152,0.5646448,12224160.52823454
2000-11-10 03:45:00,NSE:BEL,0.55454382,0.55858418,0.53232165,0.5414125,10147530.32284849
2000-11-13 03:45:00,NSE:BEL,0.53535194,0.53535194,0.50100858,0.50605907,5486200.39386314
2000-11-14 03:45:00,NSE:BEL,0.50959445,0.55454382,0.505049,0.54545292,19111413.1087216
2000-11-15 03:45:00,NSE:BEL,0.56060439,0.58333159,0.53131152,0.53383677,8702027.0033957
2000-11-16 03:45:00,NSE:BEL,0.53939235,0.54545292,0.52525096,0.52626103,5322354.90426008
2000-11-17 03:45:00,NSE:BEL,0.51767522,0.54242263,0.51767522,0.53585697,4166625.45070951
2000-11-20 03:45:00,NSE:BEL,0.53030145,0.54040243,0.52676612,0.53333173,3612025.7934549
2000-11-21 03:45:00,NSE:BEL,0.52424088,0.52424088,0.51514998,0.51818026,6076935.15909667
2000-11-22 03:45:00,NSE:BEL,0.54040243,0.55302865,0.52525096,0.52676612,5674003.95505771
2000-11-23 03:45:00,NSE:BEL,0.51666514,0.52929137,0.51514998,0.52727116,1883975.62969568
2000-11-24 03:45:00,NSE:BEL,0.54040243,0.54444284,0.5277762,0.53131152,5606287.75270817
2000-11-27 03:45:00,NSE:BEL,0.54040243,0.5555539,0.53080648,0.54999837,8589166.66614646
2000-11-28 03:45:00,NSE:BEL,0.5555539,0.58686691,0.55151348,0.57727102,19373367.89149484
2000-11-29 03:45:00,NSE:BEL,0.57878614,0.58787704,0.56565488,0.57323061,7731131.10216472
2000-11-30 03:45:00,NSE:BEL,0.57474578,0.57525082,0.54646299,0.5484832,4958033.81559586
2000-12-01 03:45:00,NSE:BEL,0.5368671,0.58333159,0.5368671,0.56312963,18096165.0749576
2000-12-04 03:45:00,NSE:BEL,0.55959431,0.57373565,0.55252361,0.5575741,6377401.05694882
2000-12-05 03:45:00,NSE:BEL,0.55151348,0.57070537,0.55151348,0.5646448,9519868.44726938
2000-12-06 03:45:00,NSE:BEL,0.58080635,0.58989725,0.57373565,0.57979627,10081299.12493644
2000-12-07 03:45:00,NSE:BEL,0.58181642,0.58383663,0.57323061,0.58080635,3858635.53037408
2000-12-08 03:45:00,NSE:BEL,0.58484676,0.64595768,0.57626089,0.63080621,33171039.12169382
2000-12-11 03:45:00,NSE:BEL,0.64898796,0.65454353,0.6217153,0.63434153,18400491.9843472
2000-12-12 03:45:00,NSE:BEL,0.64393747,0.65656369,0.62373551,0.64595768,18140517.20749063
2000-12-13 03:45:00,NSE:BEL,0.66161418,0.68686663,0.64949304,0.66161418,37208964.18782085
2000-12-14 03:45:00,NSE:BEL,0.67525049,0.68585656,0.62676579,0.66262426,25263291.4917636
2000-12-15 03:45:00,NSE:BEL,0.65302837,0.69696761,0.64898796,0.65353337,20836592.26390168
2000-12-18 03:45:00,NSE:BEL,0.62626075,0.68434139,0.62323047,0.669695,17135664.20478905
2000-12-19 03:45:00,NSE:BEL,0.67525049,0.67575558,0.64696779,0.64999804,10671142.88750747
2000-12-20 03:45:00,NSE:BEL,0.64191726,0.72373523,0.63535166,0.70757367,23446339.06234664
2000-12-21 03:45:00,NSE:BEL,0.70100803,0.78484611,0.6924222,0.74595735,65722534.39206678
2000-12-22 03:45:00,NSE:BEL,0.752523,0.76767447,0.68636156,0.68787671,22100529.04079736
2000-12-26 03:45:00,NSE:BEL,0.65757377,0.68181614,0.63939202,0.64191726,19178733.30988782
2000-12-27 03:45:00,NSE:BEL,0.64646271,0.69141205,0.63383649,0.67676565,15830246.30393948
2000-12-28 03:45:00,NSE:BEL,0.69191712,0.72171498,0.67171516,0.7161595,33176286.13737294
2000-12-29 03:45:00,NSE:BEL,0.71464433,0.76767447,0.69090705,0.74898768,33862556.188085
2001-01-01 03:45:00,NSE:BEL,0.73737153,0.76565431,0.72323014,0.73080588,18059633.96579534
2001-01-02 03:45:00,NSE:BEL,0.74747251,0.75454317,0.71716957,0.74595735,17465830.19139099
2001-01-03 03:45:00,NSE:BEL,0.73737153,0.7666644,0.73232104,0.75151293,23829074.20603574
2001-01-04 03:45:00,NSE:BEL,0.76767447,0.78686636,0.72727055,0.73232104,19923116.53425364
2001-01-05 03:45:00,NSE:BEL,0.72777563,0.74242202,0.72323014,0.73232104,9477199.3197655
2001-01-08 03:45:00,NSE:BEL,0.73484629,0.73737153,0.7020181,0.71565441,7384729.06704622
2001-01-09 03:45:00,NSE:BEL,0.71060392,0.71716957,0.68181614,0.68636156,11157333.34034171
2001-01-10 03:45:00,NSE:BEL,0.7020181,0.70706859,0.67171516,0.68080607,6655096.88675946
2001-01-11 03:45:00,NSE:BEL,0.66666467,0.69444237,0.65555362,0.6661596,8245437.63901544
2001-01-12 03:45:00,NSE:BEL,0.66868484,0.67828082,0.65454353,0.65807886,6269985.73597038
2001-01-15 03:45:00,NSE:BEL,0.64898796,0.67474549,0.64898796,0.65959402,5024661.01469124
2001-01-16 03:45:00,NSE:BEL,0.65807886,0.67575558,0.64848288,0.65555362,11415427.11157747
2001-01-17 03:45:00,NSE:BEL,0.66716975,0.67878582,0.65555362,0.65908894,9424234.16149502
2001-01-18 03:45:00,NSE:BEL,0.6656546,0.74090686,0.6656546,0.72474531,42388362.66489855
2001-01-19 03:45:00,NSE:BEL,0.73636146,0.74242202,0.70706859,0.73282612,20625721.6337781
2001-01-22 03:45:00,NSE:BEL,0.73232104,0.74090686,0.7207049,0.72424023,17253375.55653409
2001-01-23 03:45:00,NSE:BEL,0.72222006,0.73232104,0.70353327,0.70656351,12456712.22314548
2001-01-24 03:45:00,NSE:BEL,0.73686645,0.7393917,0.71716957,0.72171498,18498997.27870072
2001-01-25 03:45:00,NSE:BEL,0.69747269,0.70706859,0.67878582,0.68737171,20299515.65900945
2001-01-29 03:45:00,NSE:BEL,0.66918992,0.67121009,0.63989706,0.65252328,11126940.24952108
2001-01-30 03:45:00,NSE:BEL,0.64696779,0.69191712,0.63282641,0.67878582,23910749.45009769
2001-01-31 03:45:00,NSE:BEL,0.68585656,0.69343229,0.66666467,0.66868484,25829969.1851098
2001-02-01 03:45:00,NSE:BEL,0.66918992,0.67575558,0.6424223,0.6515132,14275446.65788742
2001-02-02 03:45:00,NSE:BEL,0.66464451,0.75605833,0.66413943,0.75605833,77102024.39625698
2001-02-05 03:45:00,NSE:BEL,0.77777545,0.81666421,0.76262398,0.76817955,44591020.24687959
2001-02-06 03:45:00,NSE:BEL,0.77373504,0.77676538,0.7429271,0.75100784,18184473.33884032
2001-02-07 03:45:00,NSE:BEL,0.76009874,0.85656313,0.76009874,0.81464405,58983683.2550329
2001-02-08 03:45:00,NSE:BEL,0.80807839,0.84242175,0.80807839,0.82676519,26380608.8305311
2001-02-09 03:45:00,NSE:BEL,0.83737126,0.8535328,0.82322986,0.82727028,32701084.71737613
2001-02-12 03:45:00,NSE:BEL,0.83737126,0.84848231,0.79696734,0.80555315,19381782.91664062
2001-02-13 03:45:00,NSE:BEL,0.81817937,0.81817937,0.76009874,0.7707048,26127564.0743828
2001-02-14 03:45:00,NSE:BEL,0.82828035,0.82828035,0.74242202,0.793937,13329399.83091045
2001-02-15 03:45:00,NSE:BEL,0.80050266,0.80807839,0.77777545,0.79444209,15802031.21962718
2001-02-16 03:45:00,NSE:BEL,0.78787643,0.79797741,0.73131097,0.74040186,16131801.20504579
2001-02-19 03:45:00,NSE:BEL,0.75353308,0.75908866,0.72727055,0.74090686,8311866.83751916
2001-02-20 03:45:00,NSE:BEL,0.73030088,0.73737153,0.7020181,0.70656351,25255173.46750533
2001-02-21 03:45:00,NSE:BEL,0.74747251,0.752523,0.70706859,0.71009892,32177274.15212549
2001-02-22 03:45:00,NSE:BEL,0.71716957,0.73636146,0.68939188,0.71009892,25037768.81785679
2001-02-23 03:45:00,NSE:BEL,0.71817965,0.71817965,0.65959402,0.6656546,21356046.81613568
2001-02-26 03:45:00,NSE:BEL,0.69696761,0.69696761,0.66666467,0.68484647,11889044.52684096
2001-02-27 03:45:00,NSE:BEL,0.68181614,0.68686663,0.64797788,0.65656369,23570485.43332081
2001-02-28 03:45:00,NSE:BEL,0.66666467,0.69444237,0.65656369,0.66817984,18368514.88879326
2001-03-01 03:45:00,NSE:BEL,0.67676565,0.69999794,0.67171516,0.67525049,19687198.8292844
2001-03-02 03:45:00,NSE:BEL,0.68585656,0.72727055,0.58686691,0.59848306,34702276.6973377
2001-03-05 03:45:00,NSE:BEL,0.60050327,0.61615977,0.55858418,0.58181642,26759581.96297854
2001-03-07 03:45:00,NSE:BEL,0.6151497,0.62525068,0.57676593,0.60908908,14713027.96546782
2001-03-08 03:45:00,NSE:BEL,0.61110928,0.63636173,0.58636187,0.608079,12748268.09437268
2001-03-09 03:45:00,NSE:BEL,0.59646285,0.59646285,0.56009935,0.58282655,14151201.28661743
2001-03-12 03:45:00,NSE:BEL,0.57070537,0.59595782,0.52222067,0.53434186,10328304.86303894
2001-03-13 03:45:00,NSE:BEL,0.49191773,0.52525096,0.44898857,0.45050368,18413758.02398879
2001-03-14 03:45:00,NSE:BEL,0.46262487,0.51767522,0.44444312,0.51009949,12496213.34118271
2001-03-15 03:45:00,NSE:BEL,0.49595809,0.51514998,0.47474606,0.50555403,6115842.27535891
2001-03-16 03:45:00,NSE:BEL,0.48232179,0.5277762,0.47474606,0.48585711,12997550.83927935
2001-03-19 03:45:00,NSE:BEL,0.48989753,0.48989753,0.46767536,0.47828138,5165835.43654863
2001-03-20 03:45:00,NSE:BEL,0.47474606,0.47878647,0.45605926,0.46565515,14373753.95164926
2001-03-21 03:45:00,NSE:BEL,0.45050368,0.48383696,0.45050368,0.48131171,8234448.60617801
2001-03-22 03:45:00,NSE:BEL,0.4752511,0.50403892,0.47474606,0.48888745,7456009.28004574
2001-03-23 03:45:00,NSE:BEL,0.48989753,0.49393794,0.45959459,0.47070564,6637078.83291791
2001-03-26 03:45:00,NSE:BEL,0.45807942,0.48282683,0.45807942,0.47828138,7584907.66521987
2001-03-27 03:45:00,NSE:BEL,0.47474606,0.54444284,0.46969557,0.53535194,17566612.49254864
2001-03-28 03:45:00,NSE:BEL,0.55353369,0.5782811,0.53282669,0.54343271,11101101.17230875
2001-03-29 03:45:00,NSE:BEL,0.51262473,0.54646299,0.51009949,0.52323075,3592324.7345842
2001-03-30 03:45:00,NSE:BEL,0.51514998,0.51514998,0.49242277,0.49494802,7758851.18499787
2001-04-02 03:45:00,NSE:BEL,0.46717032,0.49444298,0.46161479,0.49040256,6422248.19096102
2001-04-03 03:45:00,NSE:BEL,0.48787732,0.50353383,0.47676626,0.48686724,9107631.21542214
2001-04-04 03:45:00,NSE:BEL,0.48383696,0.4979783,0.44848353,0.4772713,14255349.59783339
2001-04-06 03:45:00,NSE:BEL,0.48383696,0.51312977,0.47676626,0.48282683,13706689.95832875
2001-04-09 03:45:00,NSE:BEL,0.47777634,0.49444298,0.47777634,0.48737228,5673805.95446605
2001-04-10 03:45:00,NSE:BEL,0.48484704,0.49040256,0.47424102,0.48232179,9915176.62852922
2001-04-11 03:45:00,NSE:BEL,0.49444298,0.49444298,0.46565515,0.4772713,6026148.00733451
2001-04-12 03:45:00,NSE:BEL,0.46969557,0.48282683,0.45504914,0.47121073,6067629.1312884
2001-04-16 03:45:00,NSE:BEL,0.47575613,0.48383696,0.46969557,0.48282683,4189494.51904685
2001-04-17 03:45:00,NSE:BEL,0.48484704,0.50201871,0.47272585,0.49545305,10649758.82360762
2001-04-18 03:45:00,NSE:BEL,0.50353383,0.52626103,0.49595809,0.52121054,16107546.13256678
2001-04-19 03:45:00,NSE:BEL,0.52979641,0.55403873,0.50757424,0.51565501,15062400.00946131
2001-04-20 03:45:00,NSE:BEL,0.51009949,0.52020047,0.49999851,0.51666514,6291468.80016607
2001-04-23 03:45:00,NSE:BEL,0.52525096,0.56565488,0.51514998,0.5484832,26193300.27081569
2001-04-24 03:45:00,NSE:BEL,0.5555539,0.5646448,0.52676612,0.54898824,12640456.77221091
2001-04-25 03:45:00,NSE:BEL,0.56565488,0.56818012,0.54545292,0.55504886,11184162.42051236
2001-04-26 03:45:00,NSE:BEL,0.56514984,0.62373551,0.55858418,0.59545278,36591697.34330416
2001-04-27 03:45:00,NSE:BEL,0.57070537,0.57070537,0.53787718,0.54494788,26924813.45672326
2001-04-30 03:45:00,NSE:BEL,0.56312963,0.58282655,0.54494788,0.57525082,19586020.52694342
2001-05-02 03:45:00,NSE:BEL,0.60504872,0.64141222,0.58585684,0.60454363,38655754.51111947
2001-05-03 03:45:00,NSE:BEL,0.6151497,0.61615977,0.58585684,0.58939216,13814105.27930719
2001-05-04 03:45:00,NSE:BEL,0.57626089,0.61009921,0.57575586,0.60403859,12091203.13093127
2001-05-07 03:45:00,NSE:BEL,0.62121026,0.62626075,0.61110928,0.6151497,14965082.71865779
2001-05-08 03:45:00,NSE:BEL,0.61868502,0.66464451,0.608079,0.65807886,29938679.46275719
2001-05-09 03:45:00,NSE:BEL,0.67171516,0.67676565,0.62626075,0.62979608,20059736.94250273
2001-05-10 03:45:00,NSE:BEL,0.64545264,0.66666467,0.63232132,0.63636173,15105069.13696518
2001-05-11 03:45:00,NSE:BEL,0.63131124,0.63939202,0.61767494,0.62323047,9596296.67565219
2001-05-14 03:45:00,NSE:BEL,0.61262445,0.62979608,0.59696789,0.60403859,8875178.52080704
2001-05-15 03:45:00,NSE:BEL,0.60403859,0.62424055,0.56060439,0.61262445,18220509.44652342
2001-05-16 03:45:00,NSE:BEL,0.61110928,0.628786,0.61110928,0.61919006,6564610.6163684
2001-05-17 03:45:00,NSE:BEL,0.62272543,0.64393747,0.62121026,0.63232132,9880328.52439612
2001-05-18 03:45:00,NSE:BEL,0.64343243,0.69141205,0.64141222,0.66413943,52018715.44231718
2001-05-21 03:45:00,NSE:BEL,0.66767475,0.67121009,0.64898796,0.65302837,24036776.82669268
2001-05-22 03:45:00,NSE:BEL,0.66009902,0.6656546,0.64444251,0.65605862,16557403.47683042
2001-05-23 03:45:00,NSE:BEL,0.65706877,0.66666467,0.6515132,0.65454353,12956168.71562129
2001-05-24 03:45:00,NSE:BEL,0.66161418,0.66666467,0.64444251,0.65201828,10497991.37009614
2001-05-25 03:45:00,NSE:BEL,0.66363435,0.6661596,0.64444251,0.65100813,18572653.49880022
2001-05-28 03:45:00,NSE:BEL,0.65555362,0.68383631,0.64747279,0.67222024,24737896.92177964
2001-05-29 03:45:00,NSE:BEL,0.67575558,0.72171498,0.67171516,0.70656351,40233027.22432553
2001-05-30 03:45:00,NSE:BEL,0.71716957,0.72727055,0.67373533,0.68181614,31032929.73259568
2001-05-31 03:45:00,NSE:BEL,0.67222024,0.69595754,0.66514951,0.68787671,14918453.57932061
2001-06-01 03:45:00,NSE:BEL,0.69343229,0.69343229,0.66161418,0.66514951,10664410.86739085
2001-06-04 03:45:00,NSE:BEL,0.67525049,0.67525049,0.64595768,0.64696779,7908044.63081771
2001-06-05 03:45:00,NSE:BEL,0.64494755,0.65656369,0.62323047,0.63232132,13429390.12970144
2001-06-06 03:45:00,NSE:BEL,0.60504872,0.65403845,0.60504872,0.63282641,4829234.43071756
2001-06-07 03:45:00,NSE:BEL,0.62676579,0.62828096,0.59595782,0.61716985,4617472.79793148
2001-06-08 03:45:00,NSE:BEL,0.62323047,0.62828096,0.61312949,0.61817998,6984371.87069891
2001-06-11 03:45:00,NSE:BEL,0.62121026,0.62424055,0.61413957,0.61868502,4634995.85029386
2001-06-12 03:45:00,NSE:BEL,0.61060425,0.64040215,0.61060425,0.63282641,9789941.2543009
2001-06-13 03:45:00,NSE:BEL,0.64545264,0.64646271,0.63030117,0.63434153,5406406.15542201
2001-06-14 03:45:00,NSE:BEL,0.63131124,0.64444251,0.62121026,0.62373551,6538474.53826857
2001-06-15 03:45:00,NSE:BEL,0.62121026,0.62121026,0.59595782,0.60656383,5745185.1677614
2001-06-18 03:45:00,NSE:BEL,0.61464461,0.63535166,0.60908908,0.62222034,7184847.46976006
2001-06-19 03:45:00,NSE:BEL,0.62626075,0.6358567,0.61868502,0.63080621,8420965.16352676
2001-06-20 03:45:00,NSE:BEL,0.62929104,0.63383649,0.61919006,0.62525068,4328787.93528342
2001-06-21 03:45:00,NSE:BEL,0.62626075,0.628786,0.6060588,0.62121026,8272563.72007359
2001-06-22 03:45:00,NSE:BEL,0.61767494,0.628786,0.60656383,0.62373551,4976150.86973324
2001-06-25 03:45:00,NSE:BEL,0.61716985,0.62373551,0.60908908,0.61615977,10141095.30361937
2001-06-26 03:45:00,NSE:BEL,0.62020019,0.63686677,0.61312949,0.63282641,9146637.33198022
2001-06-27 03:45:00,NSE:BEL,0.64090719,0.66211926,0.63333145,0.64595768,5230185.62883986
2001-06-28 03:45:00,NSE:BEL,0.63636173,0.63939202,0.62525068,0.62828096,1772303.29599643
2001-06-29 03:45:00,NSE:BEL,0.62626075,0.6378769,0.61615977,0.62222034,8288799.76859015
2001-07-02 03:45:00,NSE:BEL,0.62575572,0.64191726,0.61615977,0.63131124,777350.32287811
2001-07-03 03:45:00,NSE:BEL,0.65555362,0.67121009,0.62626075,0.66464451,12281778.70040915
2001-07-04 03:45:00,NSE:BEL,0.67474549,0.67626058,0.64646271,0.65706877,4510750.47902386
2001-07-05 03:45:00,NSE:BEL,0.65555362,0.68585656,0.65555362,0.67373533,8209698.53221985
2001-07-06 03:45:00,NSE:BEL,0.66666467,0.68585656,0.66413943,0.66868484,1612714.81911416
2001-07-09 03:45:00,NSE:BEL,0.65050313,0.66666467,0.64747279,0.65656369,2123556.34561073
2001-07-10 03:45:00,NSE:BEL,0.65706877,0.67676565,0.65706877,0.66464451,2898629.66168469
2001-07-11 03:45:00,NSE:BEL,0.67676565,0.72272514,0.64191726,0.68585656,5132967.33833218
2001-07-12 03:45:00,NSE:BEL,0.65858386,0.69696761,0.65858386,0.69343229,3567970.66180936
2001-07-13 03:45:00,NSE:BEL,0.6888868,0.68939188,0.66161418,0.669695,3682019.0026086
2001-07-16 03:45:00,NSE:BEL,0.68030098,0.68585656,0.67676565,0.68282622,983666.93939339
2001-07-17 03:45:00,NSE:BEL,0.68686663,0.68686663,0.66817984,0.67222024,767549.29359068
2001-07-18 03:45:00,NSE:BEL,0.68686663,0.79040168,0.66918992,0.68989696,35694358.66187686
2001-07-19 03:45:00,NSE:BEL,0.67979598,0.68686663,0.6702,0.67575558,973073.9077393
2001-07-20 03:45:00,NSE:BEL,0.69696761,0.70454335,0.66211926,0.67272524,1162263.47307553
2001-07-23 03:45:00,NSE:BEL,0.7020181,0.79292692,0.63636173,0.6515132,289575.86531055
2001-07-24 03:45:00,NSE:BEL,0.66767475,0.67070509,0.65706877,0.66009902,2090292.24621096
2001-07-25 03:45:00,NSE:BEL,0.65656369,0.66161418,0.64646271,0.65302837,3552526.61565947
2001-07-26 03:45:00,NSE:BEL,0.64797788,0.64797788,0.62121026,0.62525068,4869329.55052979
2001-07-27 03:45:00,NSE:BEL,0.61868502,0.62828096,0.61615977,0.61767494,1540444.60315632
2001-07-30 03:45:00,NSE:BEL,0.62626075,0.6358567,0.6196951,0.62727083,1227504.66802925
2001-07-31 03:45:00,NSE:BEL,0.64040215,0.65656369,0.64040215,0.65252328,1681718.02530954
2001-08-01 03:45:00,NSE:BEL,0.65757377,0.65908894,0.6378769,0.64848288,1430059.27330289
2001-08-02 03:45:00,NSE:BEL,0.67171516,0.67171516,0.64646271,0.65050313,327888.9797978
2001-08-03 03:45:00,NSE:BEL,0.64646271,0.65656369,0.64343243,0.65100813,931295.78289791
2001-08-06 03:45:00,NSE:BEL,0.65807886,0.65807886,0.64141222,0.64141222,476191.42295513
2001-08-07 03:45:00,NSE:BEL,0.64393747,0.65050313,0.62727083,0.63181628,1454809.34726106
2001-08-08 03:45:00,NSE:BEL,0.64141222,0.64141222,0.62626075,0.63282641,575785.7205628
2001-08-09 03:45:00,NSE:BEL,0.64646271,0.64646271,0.62626075,0.63535166,1162659.47425886
2001-08-10 03:45:00,NSE:BEL,0.65100813,0.65656369,0.62626075,0.6424223,998120.98258496
2001-08-13 03:45:00,NSE:BEL,0.64949304,0.65504853,0.63939202,0.64898796,1764482.27262565
2001-08-14 03:45:00,NSE:BEL,0.64444251,0.65252328,0.63939202,0.65050313,893081.6687065
2001-08-16 03:45:00,NSE:BEL,0.64898796,0.65403845,0.64646271,0.65100813,604495.80635427
2001-08-17 03:45:00,NSE:BEL,0.65656369,0.6656546,0.6515132,0.66312935,1006833.00861824
2001-08-20 03:45:00,NSE:BEL,0.66464451,0.68181614,0.66110911,0.67777573,2049108.12314457
2001-08-21 03:45:00,NSE:BEL,0.66918992,0.6792909,0.66716975,0.67727073,946541.82845614
2001-08-23 03:45:00,NSE:BEL,0.67676565,0.67676565,0.66514951,0.66666467,1774382.30220891
2001-08-24 03:45:00,NSE:BEL,0.65656369,0.66666467,0.65454353,0.66464451,1864472.57141664
2001-08-27 03:45:00,NSE:BEL,0.66161418,0.68787671,0.66161418,0.68686663,1890608.64951647
2001-08-28 03:45:00,NSE:BEL,0.68686663,0.69393729,0.67878582,0.68383631,1581727.72651854
2001-08-29 03:45:00,NSE:BEL,0.6515132,0.6515132,0.63131124,0.64090719,2269977.78314725
2001-08-30 03:45:00,NSE:BEL,0.63636173,0.64090719,0.63636173,0.6378769,894467.67284816
2001-08-31 03:45:00,NSE:BEL,0.63333145,0.63888698,0.62828096,0.63181628,1123455.35710912
2001-09-03 03:45:00,NSE:BEL,0.63434153,0.63434153,0.61615977,0.6196951,1967135.87819512
2001-09-04 03:45:00,NSE:BEL,0.61666481,0.61817998,0.61009921,0.61262445,935948.79680205
2001-09-05 03:45:00,NSE:BEL,0.61110928,0.62020019,0.61110928,0.61312949,730622.18324509
2001-09-06 03:45:00,NSE:BEL,0.61211936,0.6151497,0.60858404,0.60959412,407881.21883059
2001-09-07 03:45:00,NSE:BEL,0.60908908,0.61464461,0.60252347,0.61161432,694289.0746745
2001-09-10 03:45:00,NSE:BEL,0.608079,0.6196951,0.60656383,0.60959412,1252056.74139575
2001-09-11 03:45:00,NSE:BEL,0.61615977,0.61615977,0.6060588,0.60908908,696962.08266198
2001-09-12 03:45:00,NSE:BEL,0.58636187,0.59595782,0.56666495,0.57979627,1866650.57792496
2001-09-13 03:45:00,NSE:BEL,0.59393761,0.59595782,0.57575586,0.58131138,680132.03237043
2001-09-14 03:45:00,NSE:BEL,0.55706906,0.57272557,0.52575599,0.54292767,2458474.34641265
2001-09-17 03:45:00,NSE:BEL,0.54949333,0.54949333,0.50605907,0.51262473,2243841.70504743
2001-09-18 03:45:00,NSE:BEL,0.53535194,0.55403873,0.52020047,0.53636201,1665679.97738464
2001-09-19 03:45:00,NSE:BEL,0.54545292,0.56211955,0.53333173,0.5575741,2620042.82921156
2001-09-20 03:45:00,NSE:BEL,0.55050341,0.56868516,0.54292767,0.56060439,1560244.66232285
2001-09-21 03:45:00,NSE:BEL,0.53535194,0.57777606,0.53535194,0.5712104,1818833.43503778
2001-09-24 03:45:00,NSE:BEL,0.65555362,0.67070509,0.6060588,0.60757396,14852717.38288772
2001-09-25 03:45:00,NSE:BEL,0.6358567,0.63636173,0.58181642,0.58939216,6969719.82691568
2001-09-26 03:45:00,NSE:BEL,0.58585684,0.61009921,0.58080635,0.60353355,1898429.67288725
2001-09-27 03:45:00,NSE:BEL,0.5919174,0.61110928,0.5919174,0.60908908,1407487.20585304
2001-09-28 03:45:00,NSE:BEL,0.6060588,0.64898796,0.6060588,0.62979608,8683018.94659583
2001-10-01 03:45:00,NSE:BEL,0.63636173,0.67171516,0.6217153,0.65656369,6249393.67443718
2001-10-03 03:45:00,NSE:BEL,0.66666467,0.67474549,0.64696779,0.64999804,3554605.62187195
2001-10-04 03:45:00,NSE:BEL,0.65201828,0.66363435,0.62727083,0.62828096,1021188.05151397
2001-10-05 03:45:00,NSE:BEL,0.63080621,0.63535166,0.56565488,0.58585684,5795972.31952356
2001-10-08 03:45:00,NSE:BEL,0.56514984,0.61211936,0.55706906,0.60757396,6109704.25701729
2001-10-09 03:45:00,NSE:BEL,0.61565474,0.63282641,0.61211936,0.61817998,2236614.68345164
2001-10-10 03:45:00,NSE:BEL,0.62626075,0.63333145,0.61817998,0.628786,1861502.56254166
2001-10-11 03:45:00,NSE:BEL,0.64343243,0.64343243,0.62626075,0.63131124,1694093.06228862
2001-10-12 03:45:00,NSE:BEL,0.64141222,0.64141222,0.62727083,0.62979608,1348384.02924094
2001-10-15 03:45:00,NSE:BEL,0.62676579,0.64141222,0.62676579,0.6358567,1271262.79878729
2001-10-16 03:45:00,NSE:BEL,0.65656369,0.66666467,0.6424223,0.65858386,4344330.98172915
2001-10-17 03:45:00,NSE:BEL,0.6661596,0.68383631,0.66110911,0.66666467,7019714.97631117
2001-10-18 03:45:00,NSE:BEL,0.66716975,0.68686663,0.62626075,0.66161418,19001126.77916401
2001-10-19 03:45:00,NSE:BEL,0.64444251,0.68030098,0.64393747,0.67323033,4612324.78254818
2001-10-22 03:45:00,NSE:BEL,0.66666467,0.68434139,0.66161418,0.66464451,2836160.47501428
2001-10-23 03:45:00,NSE:BEL,0.67575558,0.68686663,0.66767475,0.67676565,5014265.98362881
2001-10-24 03:45:00,NSE:BEL,0.67525049,0.67525049,0.65706877,0.66211926,984260.94116839
2001-10-25 03:45:00,NSE:BEL,0.66060411,0.6661596,0.65555362,0.65656369,706763.11194942
2001-10-29 03:45:00,NSE:BEL,0.65656369,0.65656369,0.63737181,0.64292739,1899320.67554974
2001-10-30 03:45:00,NSE:BEL,0.63131124,0.6424223,0.62626075,0.63636173,1260768.76742903
2001-10-31 03:45:00,NSE:BEL,0.63636173,0.64141222,0.63131124,0.6358567,1265817.7825165
2001-11-01 03:45:00,NSE:BEL,0.64595768,0.64646271,0.62676579,0.63282641,2042673.10391544
2001-11-02 03:45:00,NSE:BEL,0.64646271,0.64999804,0.63181628,0.63686677,2080293.21633186
2001-11-05 03:45:00,NSE:BEL,0.64646271,0.64646271,0.6378769,0.64343243,1177509.51863376
2001-11-06 03:45:00,NSE:BEL,0.64646271,0.6515132,0.63838194,0.64292739,2490550.44226243
2001-11-07 03:45:00,NSE:BEL,0.6515132,0.65454353,0.63484657,0.63686677,2153751.4358397
2001-11-08 03:45:00,NSE:BEL,0.64141222,0.6515132,0.63434153,0.64646271,3988721.9190982
2001-11-09 03:45:00,NSE:BEL,0.64696779,0.65201828,0.63383649,0.64141222,3797948.34902865
2001-11-12 03:45:00,NSE:BEL,0.64545264,0.64646271,0.63939202,0.64090719,980597.93022258
2001-11-13 03:45:00,NSE:BEL,0.64646271,0.64848288,0.63636173,0.63737181,834869.49475689
2001-11-14 03:45:00,NSE:BEL,0.64646271,0.65656369,0.63636173,0.64393747,984062.94057672
2001-11-15 03:45:00,NSE:BEL,0.63737181,0.65050313,0.63636173,0.63838194,1690826.05252614
2001-11-19 03:45:00,NSE:BEL,0.64646271,0.65605862,0.63686677,0.64595768,2140188.39531062
2001-11-20 03:45:00,NSE:BEL,0.64393747,0.6515132,0.63888698,0.64444251,2900807.66819301
2001-11-21 03:45:00,NSE:BEL,0.64444251,0.64646271,0.63383649,0.6378769,2770325.27828555
2001-11-22 03:45:00,NSE:BEL,0.6424223,0.76565431,0.6424223,0.76565431,22926290.50833764
2001-11-23 03:45:00,NSE:BEL,0.77777545,0.81817937,0.73737153,0.74848259,12493342.33260356
2001-11-26 03:45:00,NSE:BEL,0.76767447,0.83636117,0.75908866,0.8217147,12764900.14407257
2001-11-27 03:45:00,NSE:BEL,0.84848231,0.88282566,0.81969454,0.82575511,15954293.67461781
2001-11-28 03:45:00,NSE:BEL,0.81817937,0.84292674,0.78282594,0.79040168,5484220.38794649
2001-11-29 03:45:00,NSE:BEL,0.79292692,0.80807839,0.76767447,0.78282594,3567277.65973853
2001-12-03 03:45:00,NSE:BEL,0.83535101,0.83535101,0.7898966,0.81211881,5926850.71061435
2001-12-04 03:45:00,NSE:BEL,0.8171693,0.81817937,0.8030279,0.80605823,2423428.24168789
2001-12-05 03:45:00,NSE:BEL,0.81868445,0.96767391,0.81868445,0.91868409,50949809.24821187
2001-12-06 03:45:00,NSE:BEL,0.92929015,0.97777489,0.87878525,0.89747205,22426141.01379101
2001-12-07 03:45:00,NSE:BEL,0.89898721,0.92676491,0.87878525,0.90050238,14094078.11592198
2001-12-10 03:45:00,NSE:BEL,0.91413868,0.9636335,0.91211852,0.95050219,12323952.82643387
2001-12-11 03:45:00,NSE:BEL,0.96060317,0.99999701,0.93030023,0.94292646,10548580.52126663
2001-12-12 03:45:00,NSE:BEL,0.93737097,0.97474456,0.92120934,0.9318154,5636977.8444163
2001-12-13 03:45:00,NSE:BEL,0.92171442,0.92171442,0.84141166,0.86716911,8851616.45039887
2001-12-14 03:45:00,NSE:BEL,0.85858329,0.88888623,0.84999748,0.88232058,4294731.83351698
2001-12-18 03:45:00,NSE:BEL,0.84949239,0.88383574,0.84343182,0.87777518,3727658.13898745
2001-12-19 03:45:00,NSE:BEL,0.87474484,0.88888623,0.8404015,0.85403788,4211076.58353838
2001-12-20 03:45:00,NSE:BEL,0.82322986,0.86615903,0.81817937,0.85706813,4705484.06092672
2001-12-21 03:45:00,NSE:BEL,0.84797723,0.85252273,0.80807839,0.81817937,2556088.63810366
2001-12-24 03:45:00,NSE:BEL,0.80504807,0.81817937,0.78787643,0.80403798,2445307.30706691
2001-12-26 03:45:00,NSE:BEL,0.81817937,0.84747224,0.7803007,0.79040168,1049403.13582628
2001-12-27 03:45:00,NSE:BEL,0.80807839,0.80807839,0.75858357,0.77373504,995546.97489331
2001-12-28 03:45:00,NSE:BEL,0.78787643,0.79797741,0.75807857,0.78838151,2109696.30419416
2001-12-31 03:45:00,NSE:BEL,0.84848231,0.85858329,0.81413896,0.83636117,4977239.8729874
2002-01-01 03:45:00,NSE:BEL,0.8439369,0.87322968,0.83131068,0.8398965,2907440.6880138
2002-01-02 03:45:00,NSE:BEL,0.84848231,0.85858329,0.83838133,0.85151264,1521931.54783561
2002-01-03 03:45:00,NSE:BEL,0.86363378,0.88888623,0.85858329,0.86716911,3224439.63527
2002-01-04 03:45:00,NSE:BEL,0.88585591,0.88888623,0.85858329,0.86211862,2751713.22266901
2002-01-07 03:45:00,NSE:BEL,0.87878525,0.88686607,0.85908837,0.86868427,1605883.79870171
2002-01-08 03:45:00,NSE:BEL,0.87120952,0.87878525,0.8535328,0.85908837,1767650.28209229
2002-01-09 03:45:00,NSE:BEL,0.84848231,0.9454517,0.84494699,0.90858311,8955071.759544
2002-01-10 03:45:00,NSE:BEL,0.89949229,1.00454242,0.89949229,0.99696669,34516651.14265144
2002-01-11 03:45:00,NSE:BEL,0.92929015,1.09595632,0.92474474,1.01464343,40535671.12868599
2002-01-14 03:45:00,NSE:BEL,1.09090583,1.21767313,1.07070387,1.20151156,59487693.761117
2002-01-15 03:45:00,NSE:BEL,1.22221857,1.24747102,1.11514818,1.1308047,29988674.6121527
2002-01-16 03:45:00,NSE:BEL,1.35353131,1.35353131,1.09595632,1.18888534,41962760.39311391
2002-01-17 03:45:00,NSE:BEL,1.42423817,1.42423817,1.12120877,1.24898617,38099075.84765237
2002-01-18 03:45:00,NSE:BEL,1.29696572,1.29696572,1.18282475,1.20050146,19278129.60690382
2002-01-21 03:45:00,NSE:BEL,1.20201661,1.26262249,1.16161269,1.1843399,14077545.06651792
2002-01-22 03:45:00,NSE:BEL,1.19191563,1.21009739,1.15151171,1.16060259,6434425.22734844
2002-01-23 03:45:00,NSE:BEL,1.16161269,1.21716808,1.13231985,1.14494607,17089431.06663519
2002-01-24 03:45:00,NSE:BEL,1.16211774,1.18080455,1.10100681,1.11110779,9838946.40073807
2002-01-25 03:45:00,NSE:BEL,1.14141073,1.15151171,1.08434019,1.11918857,7704995.0240649
2002-01-28 03:45:00,NSE:BEL,1.14949151,1.14949151,1.09090583,1.10858255,4509166.47429054
2002-01-29 03:45:00,NSE:BEL,1.11817848,1.14141073,1.06161299,1.0813099,8607580.72117134
2002-01-30 03:45:00,NSE:BEL,1.06060289,1.0802998,1.04141103,1.05908774,5556886.60508767
2002-01-31 03:45:00,NSE:BEL,1.07070387,1.13130975,1.07070387,1.1050472,9897653.57616684
2002-02-01 03:45:00,NSE:BEL,1.13130975,1.31312739,1.12625926,1.22625896,59337312.31174717
2002-02-04 03:45:00,NSE:BEL,1.24242053,1.30302641,1.21009739,1.22777411,33736825.8123775
2002-02-05 03:45:00,NSE:BEL,1.22474381,1.31211719,1.18181465,1.29696572,49645975.35209562
2002-02-06 03:45:00,NSE:BEL,1.33989489,1.45403606,1.30302641,1.36161209,97177205.38490961
2002-02-07 03:45:00,NSE:BEL,1.38181405,1.38181405,1.22322867,1.24494577,38138576.96568961
2002-02-08 03:45:00,NSE:BEL,1.26009724,1.27777396,1.20302671,1.21716808,22307736.65997512
2002-02-11 03:45:00,NSE:BEL,1.25201646,1.36262209,1.24343063,1.29898612,36416367.8193845
2002-02-12 03:45:00,NSE:BEL,1.36363229,1.38080395,1.29393563,1.3080769,22257147.50880464
2002-02-13 03:45:00,NSE:BEL,1.31615768,1.33989489,1.26767298,1.27726891,16191300.38284122
2002-02-14 03:45:00,NSE:BEL,1.30302641,1.38585444,1.28837999,1.3565616,43122647.85908946
2002-02-15 03:45:00,NSE:BEL,1.35403636,1.4080765,1.33332935,1.34191528,36810190.99620687
2002-02-18 03:45:00,NSE:BEL,1.34090508,1.36262209,1.26262249,1.31312739,16757582.07500408
2002-02-19 03:45:00,NSE:BEL,1.32070312,1.34747062,1.28282445,1.29343048,18652249.73664969
2002-02-20 03:45:00,NSE:BEL,1.28787494,1.44949062,1.28282445,1.39646047,94040480.01174736
2002-02-21 03:45:00,NSE:BEL,1.41413719,1.55353071,1.39999592,1.50201571,110752917.95185173
2002-02-22 03:45:00,NSE:BEL,1.50302581,1.65605566,1.46464209,1.60959125,115582845.38464013
2002-02-25 03:45:00,NSE:BEL,1.61615679,1.69696463,1.52777321,1.57322762,112563237.36144795
2002-02-26 03:45:00,NSE:BEL,1.58585385,1.62423757,1.53534895,1.55454071,67490382.67475078
2002-02-27 03:45:00,NSE:BEL,1.59595483,1.63433855,1.5111067,1.52928826,56751028.58341454
2002-02-28 03:45:00,NSE:BEL,1.57979316,1.67625762,1.30403661,1.35050101,269524642.39349335
2002-03-01 03:45:00,NSE:BEL,1.36868278,1.47070278,1.36464249,1.45605615,69200216.78407677
2002-03-04 03:45:00,NSE:BEL,1.49342998,1.56464169,1.42474322,1.43787459,37214112.20320414
2002-03-05 03:45:00,NSE:BEL,1.46464209,1.47979356,1.37524831,1.39140998,26583262.43610057
2002-03-06 03:45:00,NSE:BEL,1.40656145,1.40656145,1.30454146,1.31918808,26267649.49298602
2002-03-07 03:45:00,NSE:BEL,1.34343033,1.36363229,1.30504661,1.31716768,26597617.47899631
2002-03-08 03:45:00,NSE:BEL,1.31716768,1.38383425,1.31464244,1.34696577,50793883.78227542
2002-03-11 03:45:00,NSE:BEL,1.38888474,1.38888474,1.28585474,1.30555165,19046765.91554287
2002-03-12 03:45:00,NSE:BEL,1.29292543,1.33332935,1.26565278,1.27474367,25907486.41674677
2002-03-13 03:45:00,NSE:BEL,1.28282445,1.33029906,1.26262249,1.29949097,26165580.18798254
2002-03-14 03:45:00,NSE:BEL,1.30302641,1.35252111,1.29393563,1.30050116,20866391.35294732
2002-03-15 03:45:00,NSE:BEL,1.31666283,1.37272307,1.30302641,1.34141013,38438052.86058341
2002-03-18 03:45:00,NSE:BEL,1.3585818,1.41413719,1.32575361,1.33888489,31293102.51004392
2002-03-19 03:45:00,NSE:BEL,1.36363229,1.36363229,1.29797592,1.30454146,14716591.9761178
2002-03-20 03:45:00,NSE:BEL,1.31817788,1.33332935,1.28484465,1.32120817,19598593.56451417
2002-03-21 03:45:00,NSE:BEL,1.32322837,1.3308041,1.29797592,1.30353146,7696381.99832746
2002-03-22 03:45:00,NSE:BEL,1.31110719,1.32221817,1.27625881,1.2813093,5986547.88900145
2002-03-26 03:45:00,NSE:BEL,1.31161234,1.31312739,1.24242053,1.25353161,5326017.91520588
2002-03-27 03:45:00,NSE:BEL,1.26262249,1.28080425,1.21009739,1.21464284,10685101.92921988
2002-03-28 03:45:00,NSE:BEL,1.22221857,1.3080769,1.22221857,1.27322852,22437328.04722009
2002-04-01 03:45:00,NSE:BEL,1.28282445,1.41413719,1.27625881,1.38837969,51187904.95968944
2002-04-02 03:45:00,NSE:BEL,1.42423817,1.55555091,1.41716748,1.46918753,118461872.98774995
2002-04-03 03:45:00,NSE:BEL,1.45454111,1.54544993,1.45454111,1.49545008,55883092.98984955
2002-04-04 03:45:00,NSE:BEL,1.51514699,1.54342973,1.44545033,1.45605615,39021461.60392534
2002-04-05 03:45:00,NSE:BEL,1.47827851,1.5100965,1.45050082,1.46767238,24574348.43306406
2002-04-08 03:45:00,NSE:BEL,1.49494503,1.61615679,1.46009665,1.59191454,88399542.15549777
2002-04-09 03:45:00,NSE:BEL,1.61615679,1.72726757,1.60100532,1.67827771,104651232.7187969
2002-04-10 03:45:00,NSE:BEL,1.72625737,1.75150982,1.64241944,1.6616112,87310043.89985925
2002-04-11 03:45:00,NSE:BEL,1.67575247,1.67676267,1.60151037,1.62171233,29406552.8726566
2002-04-12 03:45:00,NSE:BEL,1.61615679,1.77625742,1.61615679,1.73181301,53904077.0761545
2002-04-15 03:45:00,NSE:BEL,1.75150982,1.79746938,1.61615679,1.62928806,34376862.72493571
2002-04-16 03:45:00,NSE:BEL,1.57726791,1.64140924,1.5575711,1.59848007,33846122.13897678
2002-04-17 03:45:00,NSE:BEL,1.61868203,1.64544953,1.57272257,1.58130841,15807377.23560213
2002-04-18 03:45:00,NSE:BEL,1.59342958,1.66565149,1.57221742,1.63938904,27441397.00037814
2002-04-19 03:45:00,NSE:BEL,1.66666169,1.66716674,1.57827811,1.59595483,17370987.9079833
2002-04-22 03:45:00,NSE:BEL,1.61514659,1.61514659,1.54494488,1.59898512,10704109.98601975
2002-04-23 03:45:00,NSE:BEL,1.59090434,1.70201512,1.57827811,1.67322722,27877988.30500021
2002-04-24 03:45:00,NSE:BEL,1.70252017,1.75555031,1.69797483,1.7090858,36925922.34203526
2002-04-25 03:45:00,NSE:BEL,1.73433825,1.75757051,1.63635875,1.64797477,43737736.69709782
2002-04-26 03:45:00,NSE:BEL,1.67575247,1.7121161,1.62625777,1.65151022,18795206.16383206
2002-04-29 03:45:00,NSE:BEL,1.65656071,1.67423742,1.61312649,1.62726797,11711635.99670882
2002-04-30 03:45:00,NSE:BEL,1.64342943,1.74494428,1.64140924,1.72070203,36670600.5790828
2002-05-02 03:45:00,NSE:BEL,1.7616108,1.98484255,1.74746953,1.92726697,145881390.92274907
2002-05-03 03:45:00,NSE:BEL,1.92878212,2.07777157,1.86868128,2.03282221,176973621.83254853
2002-05-06 03:45:00,NSE:BEL,2.06868069,2.17070048,2.05049892,2.12120578,77670583.095224
2002-05-07 03:45:00,NSE:BEL,2.15150872,2.15150872,1.98989304,2.03029696,53417886.62332029
2002-05-08 03:45:00,NSE:BEL,2.05049892,2.05756961,1.96969108,1.99241829,40592002.29701478
2002-05-09 03:45:00,NSE:BEL,2.02272123,2.29797293,1.98080226,2.24746803,128355368.55149184
2002-05-10 03:45:00,NSE:BEL,2.27272048,2.34847783,2.11716549,2.13837745,174466934.3420653
2002-05-13 03:45:00,NSE:BEL,2.14948853,2.25201347,2.09342809,2.113125,90037601.0503451
2002-05-14 03:45:00,NSE:BEL,2.14140774,2.15150872,2.01413529,2.04544843,62087045.52849954
2002-05-15 03:45:00,NSE:BEL,2.07070088,2.1398927,1.97474157,1.99494353,89771092.25396354
2002-05-16 03:45:00,NSE:BEL,2.00504451,2.07575137,1.95049932,2.00251927,92677443.93872318
2002-05-17 03:45:00,NSE:BEL,2.05049892,2.10504411,1.93332746,2.00150907,102002083.80261058
2002-05-20 03:45:00,NSE:BEL,2.07120593,2.16918544,1.94999417,2.06211495,190305199.6699673
2002-05-21 03:45:00,NSE:BEL,2.04039794,2.04948872,1.88888324,1.92221648,89651301.89600602
2002-05-22 03:45:00,NSE:BEL,1.87878226,1.97979206,1.86363079,1.91514589,87107192.2936981
2002-05-23 03:45:00,NSE:BEL,1.91918618,1.9595901,1.88938829,1.90150947,32835329.11852522
2002-05-24 03:45:00,NSE:BEL,1.95201437,2.17171068,1.94191339,2.14241794,189074625.99276718
2002-05-27 03:45:00,NSE:BEL,2.17070048,2.21160955,2.07070088,2.09948878,153689841.2559591
2002-05-28 03:45:00,NSE:BEL,2.1111048,2.1111048,1.90150947,1.92676192,90829108.41552725
2002-05-29 03:45:00,NSE:BEL,1.94393359,1.99898382,1.85352981,1.88989344,95708931.9974153
2002-05-30 03:45:00,NSE:BEL,1.89898422,1.99494353,1.84999437,1.86514584,116978650.55558494
2002-05-31 03:45:00,NSE:BEL,1.90403471,1.91666094,1.80959045,1.84898437,98847736.37679008
2002-06-03 03:45:00,NSE:BEL,1.89696403,1.96666079,1.87373177,1.93534785,111446712.02504711
2002-06-04 03:45:00,NSE:BEL,1.95453961,1.99797383,1.91413569,1.94039834,88328063.94190656
2002-06-05 03:45:00,NSE:BEL,1.95453961,2.19595293,1.92120638,2.09544828,258005363.97158745
2002-06-06 03:45:00,NSE:BEL,2.1111048,2.29999313,2.09090284,2.11615529,241225605.8303168
2002-06-07 03:45:00,NSE:BEL,2.12221598,2.17070048,2.02575152,2.04342824,139244609.09071872
2002-06-10 03:45:00,NSE:BEL,2.07322613,2.15049852,2.05554941,2.07070088,103591731.5527957
2002-06-11 03:45:00,NSE:BEL,2.10100382,2.13029656,2.04292319,2.05352922,92592105.68371543
2002-06-12 03:45:00,NSE:BEL,2.07524632,2.19898333,2.07120593,2.14039754,178535153.49871722
2002-06-13 03:45:00,NSE:BEL,2.18181166,2.26969019,2.17474098,2.20403382,267780356.1812176
2002-06-14 03:45:00,NSE:BEL,2.2121146,2.22928627,2.15403397,2.19595293,94517661.43766083
2002-06-17 03:45:00,NSE:BEL,2.21716509,2.22120538,2.12221598,2.14292279,46526575.03070409
2002-06-18 03:45:00,NSE:BEL,2.1636299,2.17979147,2.08130691,2.09544828,52866058.97434898
2002-06-19 03:45:00,NSE:BEL,2.10504411,2.10504411,2.03029696,2.04140814,51709240.51754426
2002-06-20 03:45:00,NSE:BEL,2.05049892,2.09948878,2.03130716,2.06565039,52338486.39785671
2002-06-21 03:45:00,NSE:BEL,2.07070088,2.07474117,2.04039794,2.05049892,20291793.6359345
2002-06-24 03:45:00,NSE:BEL,2.05251912,2.0605999,1.98080226,1.99898382,24960449.58681147
2002-06-25 03:45:00,NSE:BEL,2.010095,2.0605999,1.99292334,2.03837775,40326879.5047749
2002-06-26 03:45:00,NSE:BEL,2.03938774,2.05049892,1.96969108,1.97979206,26816408.1327865
2002-06-27 03:45:00,NSE:BEL,1.99898382,2.03989289,1.99494353,2.02827677,27687511.73581816
2002-06-28 03:45:00,NSE:BEL,2.05251912,2.10504411,2.04696348,2.06666059,51444117.72530438
2002-07-01 03:45:00,NSE:BEL,2.08787255,2.17070048,2.07221593,2.14948853,66108041.5440392
2002-07-02 03:45:00,NSE:BEL,2.14847843,2.17979147,2.10857956,2.11817549,53452932.72804506
2002-07-03 03:45:00,NSE:BEL,2.12979172,2.12979172,2.05251912,2.07120593,25342095.7272464
2002-07-04 03:45:00,NSE:BEL,2.0616101,2.09898363,2.04090299,2.06110495,18499096.27899655
2002-07-05 03:45:00,NSE:BEL,2.05302417,2.09090284,2.05302417,2.07373118,16883807.45219073
2002-07-08 03:45:00,NSE:BEL,2.0893878,2.09140789,2.04039794,2.05302417,10296822.76896415
2002-07-09 03:45:00,NSE:BEL,2.05302417,2.09090284,2.03534745,2.04494338,20924207.52571358
2002-07-10 03:45:00,NSE:BEL,2.04948872,2.0595897,1.99999402,2.00504451,10935671.67797236
2002-07-11 03:45:00,NSE:BEL,2.00504451,2.04039794,1.94443863,1.95302457,20377626.89242143
2002-07-12 03:45:00,NSE:BEL,1.97676177,1.99999402,1.95605466,1.97272138,18052604.94479121
2002-07-15 03:45:00,NSE:BEL,1.96969108,1.97979206,1.89898422,1.95201437,13241289.56761938
2002-07-16 03:45:00,NSE:BEL,1.93837795,2.010095,1.92524687,1.98383235,20203881.37323509
2002-07-17 03:45:00,NSE:BEL,1.97979206,1.98686275,1.83433805,1.86565099,33077285.84154028
2002-07-18 03:45:00,NSE:BEL,1.86767109,1.94645883,1.86767109,1.92827697,21906092.45978199
2002-07-19 03:45:00,NSE:BEL,1.91817599,2.12474123,1.89544878,2.09847858,178204393.51034027
2002-07-22 03:45:00,NSE:BEL,2.04645863,2.14039754,1.99241829,2.04292319,241587550.9118811
2002-07-23 03:45:00,NSE:BEL,2.01918578,2.19948838,1.99494353,2.17171068,245092854.38642836
2002-07-24 03:45:00,NSE:BEL,2.13130676,2.17373088,2.04140814,2.06211495,153413432.42999434
2002-07-25 03:45:00,NSE:BEL,2.10100382,2.21160955,2.09292304,2.17019564,152682810.2467492
2002-07-26 03:45:00,NSE:BEL,2.14039754,2.17070048,1.98989304,2.0131253,72129833.53835706
2002-07-29 03:45:00,NSE:BEL,2.02726667,2.03837775,1.87373177,1.94645883,105034066.86278181
2002-07-30 03:45:00,NSE:BEL,1.99696373,2.02019598,1.80959045,1.8585803,41241444.23767709
2002-07-31 03:45:00,NSE:BEL,1.81817639,1.97979206,1.69191414,1.92575172,119530185.18008028
2002-08-01 03:45:00,NSE:BEL,1.99797383,1.99797383,1.8606005,1.87625702,63843211.77627524
2002-08-02 03:45:00,NSE:BEL,1.85807526,1.87373177,1.77019673,1.81615619,48163544.92229725
2002-08-05 03:45:00,NSE:BEL,1.8121157,1.90302452,1.8121157,1.86211575,40581607.26595236
2002-08-06 03:45:00,NSE:BEL,1.83736815,1.9595901,1.81918658,1.95049932,62228516.95124442
2002-08-07 03:45:00,NSE:BEL,1.98080226,2.15655921,1.9595901,2.09948878,164726790.2365683
2002-08-08 03:45:00,NSE:BEL,2.10605431,2.12019558,2.01363045,2.0358525,67887769.86222307
2002-08-09 03:45:00,NSE:BEL,2.08080186,2.14140774,2.04292319,2.12777132,92680512.947894
2002-08-12 03:45:00,NSE:BEL,2.13635725,2.18130661,2.08585235,2.15807426,71447226.49859083
2002-08-13 03:45:00,NSE:BEL,2.14191279,2.18686215,2.12120578,2.13332696,64333263.24064695
2002-08-14 03:45:00,NSE:BEL,2.1100946,2.13534705,2.09645838,2.11059975,42147098.94395434
2002-08-16 03:45:00,NSE:BEL,2.11615529,2.14544803,2.06666059,2.07878167,37533685.158152
2002-08-19 03:45:00,NSE:BEL,2.09090284,2.11767034,2.07120593,2.08080186,26254482.45364028
2002-08-20 03:45:00,NSE:BEL,2.09999362,2.09999362,2.02322628,2.04039794,28631182.55569515
2002-08-21 03:45:00,NSE:BEL,2.04544843,2.09090284,2.04494338,2.0595897,20480488.19979157
2002-08-22 03:45:00,NSE:BEL,2.06969068,2.14544803,2.06312515,2.11464025,84163517.49740955
2002-08-23 03:45:00,NSE:BEL,2.12272083,2.16564999,2.11969074,2.14292279,48241260.1545259
2002-08-26 03:45:00,NSE:BEL,2.13635725,2.19191264,2.1111048,2.16009466,32773255.93303815
2002-08-27 03:45:00,NSE:BEL,2.15150872,2.16969049,2.10605431,2.13938755,52630339.2699714
2002-08-28 03:45:00,NSE:BEL,2.12120578,2.18181166,2.09090284,2.11666034,43540528.10779914
2002-08-29 03:45:00,NSE:BEL,2.1100946,2.1111048,2.03231716,2.04292319,33561991.28993702
2002-08-30 03:45:00,NSE:BEL,2.02979191,2.05100397,1.98181226,2.03383241,36358650.64691406
2002-09-02 03:45:00,NSE:BEL,2.04948872,2.07474117,1.95453961,1.96615564,30129354.03253091
2002-09-03 03:45:00,NSE:BEL,1.96969108,2.00403431,1.89544878,1.91565074,56147225.77913112
2002-09-04 03:45:00,NSE:BEL,1.88888324,1.9863576,1.87878226,1.95504466,59433144.5981132
2002-09-05 03:45:00,NSE:BEL,1.96969108,1.99746878,1.95049932,1.9585799,19440292.09147772
2002-09-06 03:45:00,NSE:BEL,1.95706486,1.95706486,1.87221673,1.89948927,27017279.73303099
2002-09-09 03:45:00,NSE:BEL,1.88888324,1.88888324,1.71716659,1.75706546,64503840.75036662
2002-09-11 03:45:00,NSE:BEL,1.7616108,1.83837834,1.75757051,1.81363094,61584124.0256696
2002-09-12 03:45:00,NSE:BEL,1.80706521,1.84140864,1.78888364,1.79393413,26577223.41805478
2002-09-13 03:45:00,NSE:BEL,1.78787345,1.84948952,1.76767149,1.79544918,33511600.13935819
2002-09-16 03:45:00,NSE:BEL,1.81464094,1.82019658,1.68989394,1.70858065,31464571.02242611
2002-09-17 03:45:00,NSE:BEL,1.72474232,1.75504526,1.65757091,1.68585345,39577150.2644341
2002-09-18 03:45:00,NSE:BEL,1.70100492,1.73130786,1.65252042,1.66615664,27768592.97810511
2002-09-19 03:45:00,NSE:BEL,1.66666169,1.67373237,1.57827811,1.608076,35977598.50825412
2002-09-20 03:45:00,NSE:BEL,1.59443978,1.6090861,1.36363229,1.5080763,70017266.22558375
2002-09-23 03:45:00,NSE:BEL,1.51565204,1.60605581,1.50555106,1.58080336,71299221.05632097
2002-09-24 03:45:00,NSE:BEL,1.54797517,1.56565189,1.51716718,1.54039944,26869175.29046531
2002-09-25 03:45:00,NSE:BEL,1.50555106,1.54544993,1.50504601,1.52070253,21588202.5098633
2002-09-26 03:45:00,NSE:BEL,1.53534895,1.55555091,1.51716718,1.52625817,13582246.58646709
2002-09-27 03:45:00,NSE:BEL,1.54443973,1.58585385,1.52575302,1.5575711,32126189.99947584
2002-09-30 03:45:00,NSE:BEL,1.55050042,1.56211644,1.46716733,1.4823188,26978570.61736042
2002-10-01 03:45:00,NSE:BEL,1.47474307,1.52777321,1.46969258,1.51565204,43738429.69916866
2002-10-03 03:45:00,NSE:BEL,1.55403586,1.55555091,1.43130885,1.44949062,39446172.8730475
2002-10-04 03:45:00,NSE:BEL,1.44444013,1.50201571,1.42979371,1.44140983,36124712.94786147
2002-10-07 03:45:00,NSE:BEL,1.48484405,1.65605566,1.46565229,1.62171233,173672258.9674165
2002-10-08 03:45:00,NSE:BEL,1.62524757,1.67928791,1.57979316,1.59191454,103568565.48357087
2002-10-09 03:45:00,NSE:BEL,1.60605581,1.64544953,1.57928831,1.59696503,49481139.85953422
2002-10-10 03:45:00,NSE:BEL,1.59595483,1.60555076,1.53231865,1.5575711,30564064.33153216
2002-10-11 03:45:00,NSE:BEL,1.58080336,1.63433855,1.55555091,1.60858105,57587284.08231311
2002-10-14 03:45:00,NSE:BEL,1.62625777,1.62625777,1.51514699,1.55454071,25376844.83108367
2002-10-16 03:45:00,NSE:BEL,1.56565189,1.56565189,1.50454096,1.51413679,21880748.38404883
2002-10-17 03:45:00,NSE:BEL,1.5100965,1.6100961,1.49241978,1.59140939,39535273.13929688
2002-10-18 03:45:00,NSE:BEL,1.63332845,1.64443953,1.57070238,1.58130841,56166827.83770598
2002-10-21 03:45:00,NSE:BEL,1.62625777,1.62625777,1.55908635,1.57524782,19254171.53531231
2002-10-22 03:45:00,NSE:BEL,1.58080336,1.58837909,1.54292468,1.54949022,13174464.36793232
2002-10-23 03:45:00,NSE:BEL,1.54342973,1.57575287,1.53635915,1.5585812,13297917.73683566
2002-10-24 03:45:00,NSE:BEL,1.57575287,1.58837909,1.55656111,1.56716693,10421860.14260082
2002-10-25 03:45:00,NSE:BEL,1.56565189,1.59696503,1.52878341,1.57322762,30527038.22089074
2002-10-28 03:45:00,NSE:BEL,1.58686405,1.59090434,1.54292468,1.57423782,13554823.50452143
2002-10-29 03:45:00,NSE:BEL,1.5823184,1.66363139,1.57575287,1.64494468,40620712.38280626
2002-10-30 03:45:00,NSE:BEL,1.65656071,1.74746953,1.59949027,1.71464134,93153140.36019915
2002-10-31 03:45:00,NSE:BEL,1.73736855,1.76464119,1.69090394,1.72070203,57355722.39036048
2002-11-01 03:45:00,NSE:BEL,1.72524737,1.74292408,1.6626214,1.68888384,35399139.77970385
2002-11-04 03:45:00,NSE:BEL,1.71716659,1.71716659,1.66413644,1.68181316,6936752.7284034
2002-11-05 03:45:00,NSE:BEL,1.68686365,1.68686365,1.6338335,1.64949002,9739847.10460956
2002-11-07 03:45:00,NSE:BEL,1.64645973,1.64645973,1.59090434,1.60302551,10321671.84321816
2002-11-08 03:45:00,NSE:BEL,1.60605581,1.64544953,1.58585385,1.63332845,12071799.07294806
2002-11-11 03:45:00,NSE:BEL,1.64090419,1.6626214,1.61615679,1.64595468,12592243.6281404
2002-11-12 03:45:00,NSE:BEL,1.61615679,1.68686365,1.61615679,1.660601,12849545.39700951
2002-11-13 03:45:00,NSE:BEL,1.68080296,1.68686365,1.66615664,1.66868188,12505618.36928681
2002-11-14 03:45:00,NSE:BEL,1.66918693,1.71666154,1.66918693,1.69090394,30465955.03836198
2002-11-15 03:45:00,NSE:BEL,1.67777287,1.72878261,1.660601,1.70656056,25679092.73426081
2002-11-18 03:45:00,NSE:BEL,1.70807581,1.73736855,1.65656071,1.68787385,13093284.12534953
2002-11-20 03:45:00,NSE:BEL,1.67676267,1.70706561,1.64797477,1.70151007,9957152.75396227
2002-11-21 03:45:00,NSE:BEL,1.69696463,1.71969183,1.69191414,1.71060105,7728458.09417725
2002-11-22 03:45:00,NSE:BEL,1.7121161,1.74595448,1.70706561,1.71969183,11988539.82415279
2002-11-25 03:45:00,NSE:BEL,1.75757051,1.78231791,1.71514639,1.7348433,16101309.11392933
2002-11-26 03:45:00,NSE:BEL,1.75504526,1.8131259,1.71817678,1.77676227,33023627.68119896
2002-11-27 03:45:00,NSE:BEL,1.78585325,1.81666134,1.73332825,1.73888359,15728771.000711
2002-11-28 03:45:00,NSE:BEL,1.74746953,1.77019673,1.65151022,1.66211625,35370528.6942082
2002-11-29 03:45:00,NSE:BEL,1.69494443,1.71615639,1.66868188,1.70656056,21718486.89917908
2003-01-01 03:45:00,NSE:BEL,1.77019673,1.77272198,1.73736855,1.74645933,6393241.10428205
2003-01-02 03:45:00,NSE:BEL,1.76767149,1.77474217,1.70706561,1.71868163,13995968.8227518
2003-01-03 03:45:00,NSE:BEL,1.7348433,1.74241904,1.68837869,1.7100959,10335729.88522639
2003-01-06 03:45:00,NSE:BEL,1.70807581,1.77777247,1.70807581,1.74898457,28938083.47277642
2003-01-07 03:45:00,NSE:BEL,1.76666129,1.78686325,1.762621,1.76969168,9248805.63727953
2003-01-08 03:45:00,NSE:BEL,1.77272198,1.81262085,1.76716644,1.79595423,12476413.28201618
2003-01-09 03:45:00,NSE:BEL,1.79797443,1.82221668,1.76767149,1.77878266,5031294.03451203
2003-01-10 03:45:00,NSE:BEL,1.82827737,1.95403456,1.81817639,1.8883782,74421987.38777086
2003-01-13 03:45:00,NSE:BEL,1.89090344,2.02423627,1.88938829,2.00857996,75402684.31828925
2003-01-14 03:45:00,NSE:BEL,2.00958995,2.06868069,1.94039834,1.95251942,48507372.9497241
2003-01-15 03:45:00,NSE:BEL,1.97827702,1.99140809,1.94494368,1.95756991,19881536.41000393
2003-01-16 03:45:00,NSE:BEL,1.95403456,1.9873678,1.94544883,1.9616103,10238412.59442288
2003-01-17 03:45:00,NSE:BEL,1.96969108,1.97322653,1.93029736,1.94140834,6161085.41055444
2003-01-20 03:45:00,NSE:BEL,1.93181241,1.97070128,1.8606005,1.87575197,14155359.2990424
2003-01-21 03:45:00,NSE:BEL,1.9121155,1.93433765,1.86868128,1.87928731,8403244.11057271
2003-01-22 03:45:00,NSE:BEL,1.88282256,1.92676192,1.84847932,1.87625702,18579088.51802935
2003-01-23 03:45:00,NSE:BEL,1.88282256,1.94443863,1.87625702,1.89898422,21559294.42348016
2003-01-24 03:45:00,NSE:BEL,1.90554976,1.91716599,1.87272158,1.90100442,8628172.78270453
2003-01-27 03:45:00,NSE:BEL,1.96817604,1.96817604,1.82575212,1.83989339,10471756.29170048
2003-01-28 03:45:00,NSE:BEL,1.8616106,1.9090852,1.83837834,1.89292354,7275630.74103862
2003-01-29 03:45:00,NSE:BEL,1.86868128,1.96868088,1.86868128,1.90201452,14676595.8566014
2003-01-30 03:45:00,NSE:BEL,1.9131255,1.99544858,1.88383275,1.98130711,30029066.73285242
2003-01-31 03:45:00,NSE:BEL,2.03029696,2.05251912,1.97979206,2.02625667,50169092.91527545
2003-02-03 03:45:00,NSE:BEL,2.02524647,2.10100382,2.02524647,2.09241789,39300939.43906096
2003-02-04 03:45:00,NSE:BEL,2.11514509,2.11615529,2.06413535,2.07726642,22027961.82395201
2003-02-05 03:45:00,NSE:BEL,2.05655961,2.11918559,2.0131253,2.02575152,23315361.67096002
2003-02-06 03:45:00,NSE:BEL,1.96969108,2.04847873,1.96969108,2.02322628,15938750.62817209
2003-02-07 03:45:00,NSE:BEL,2.04039794,2.06464019,2.00100422,2.0111052,19650766.72041798
2003-02-10 03:45:00,NSE:BEL,2.010095,2.03029696,1.98484255,1.99140809,9523630.45851102
2003-02-11 03:45:00,NSE:BEL,2.0090848,2.0090848,1.97979206,1.98080226,8030705.99735438
2003-02-12 03:45:00,NSE:BEL,2.03989289,2.03989289,1.96211535,1.97070128,5116632.28951979
2003-02-14 03:45:00,NSE:BEL,1.96969108,1.97878186,1.90150947,1.92726697,5546887.57520857
2003-02-17 03:45:00,NSE:BEL,1.98686275,1.99948897,1.94595368,1.95100417,10603228.68456626
2003-02-18 03:45:00,NSE:BEL,1.97423652,2.06464019,1.94039834,2.04140814,31339929.64997278
2003-02-19 03:45:00,NSE:BEL,2.12120578,2.2121146,2.04342824,2.05756961,30126978.02543093
2003-02-20 03:45:00,NSE:BEL,2.05908486,2.07878167,2.02322628,2.05150912,15026957.90355321
2003-02-21 03:45:00,NSE:BEL,2.04948872,2.08080186,2.03332726,2.05251912,16965185.69536519
2003-02-24 03:45:00,NSE:BEL,2.07070088,2.08130691,2.05605446,2.07019583,9799346.282405
2003-02-25 03:45:00,NSE:BEL,2.05049892,2.06969068,2.01060005,2.02070103,9215541.53787975
2003-02-26 03:45:00,NSE:BEL,2.03029696,2.04544843,1.94595368,1.96565079,16192983.38787038
2003-02-27 03:45:00,NSE:BEL,1.98383235,2.04544843,1.96969108,2.02676152,36311031.50461854
2003-02-28 03:45:00,NSE:BEL,2.0605999,2.08029681,1.98989304,2.02070103,26150730.14360764
2003-03-03 03:45:00,NSE:BEL,2.0358525,2.04443823,1.98585275,2.02171103,11974778.78303205
2003-03-04 03:45:00,NSE:BEL,2.010095,2.03282221,1.99241829,2.02120618,8622826.76672957
2003-03-05 03:45:00,NSE:BEL,2.02171103,2.03383241,1.9585799,2.02120618,23928371.50275591
2003-03-06 03:45:00,NSE:BEL,2.01514549,2.04544843,1.99645858,2.00756976,13108035.1694286
2003-03-07 03:45:00,NSE:BEL,1.98484255,1.99595373,1.93938814,1.96918603,7003874.92897795
2003-03-10 03:45:00,NSE:BEL,1.9606003,1.97878186,1.93938814,1.97373137,6699350.01899666
2003-03-11 03:45:00,NSE:BEL,1.93029736,1.97979206,1.93029736,1.97171128,8855972.4634155
2003-03-12 03:45:00,NSE:BEL,1.99393333,2.03029696,1.87878226,1.93433765,14419096.08714063
2003-03-13 03:45:00,NSE:BEL,1.93433765,1.96969108,1.9090852,1.94090319,12187431.41848062
2003-03-17 03:45:00,NSE:BEL,1.92979221,1.9368629,1.87120653,1.91969123,5762510.21953212
2003-03-19 03:45:00,NSE:BEL,1.94039834,1.95453961,1.88989344,1.90706501,2551336.62390369
2003-03-20 03:45:00,NSE:BEL,1.93635785,1.9585799,1.89948927,1.92928716,8090205.17514981
2003-03-21 03:45:00,NSE:BEL,2.010095,2.010095,1.93181241,1.94847893,6596587.71192235
2003-03-24 03:45:00,NSE:BEL,1.99645858,1.99645858,1.90150947,1.91060025,3150783.4151705
2003-03-25 03:45:00,NSE:BEL,1.86413584,1.92322648,1.86413584,1.91817599,5258598.71374384
2003-03-26 03:45:00,NSE:BEL,1.93938814,1.93938814,1.88989344,1.90100442,4706771.06477255
2003-03-27 03:45:00,NSE:BEL,1.89039829,1.90403471,1.84342883,1.8585803,9721829.05076802
2003-03-28 03:45:00,NSE:BEL,1.8585803,1.8585803,1.75908555,1.8368633,12633328.75091096
2003-03-31 03:45:00,NSE:BEL,1.78787345,1.83837834,1.78787345,1.81817639,5593318.71395409
2003-04-01 03:45:00,NSE:BEL,1.84342883,1.87070148,1.83332785,1.85656011,3548764.60441783
2003-04-02 03:45:00,NSE:BEL,1.89898422,1.97777187,1.89898422,1.9606003,20892131.42986381
2003-04-03 03:45:00,NSE:BEL,1.97070128,1.99191324,1.94039834,1.95302457,5927939.71386851
2003-04-04 03:45:00,NSE:BEL,1.96009515,2.03433725,1.94039834,2.01615569,17009735.82848989
2003-04-07 03:45:00,NSE:BEL,2.05554941,2.05554941,2.02171103,2.04090299,10991507.84482199
2003-04-08 03:45:00,NSE:BEL,2.02070103,2.13433706,2.02019598,2.10150887,39962360.41551901
2003-04-09 03:45:00,NSE:BEL,2.10100382,2.17827622,2.08080186,2.15655921,43615669.33233614
2003-04-10 03:45:00,NSE:BEL,1.99494353,2.15049852,1.99494353,2.12423608,11006555.88978855
2003-04-11 03:45:00,NSE:BEL,2.12120578,2.17171068,2.08080186,2.10857956,9318105.8443624
2003-04-15 03:45:00,NSE:BEL,2.14645823,2.25655881,2.08231691,2.22019539,34395078.77936893
2003-04-16 03:45:00,NSE:BEL,2.22221558,2.30302342,2.21716509,2.289387,43174821.01499327
2003-04-17 03:45:00,NSE:BEL,2.30302342,2.30302342,2.21716509,2.28383166,31011446.66839998
2003-04-21 03:45:00,NSE:BEL,2.28282146,2.40403322,2.28282146,2.38484146,55499169.84261046
2003-04-22 03:45:00,NSE:BEL,2.38383126,2.48989155,2.36009386,2.4161544,81837802.54770853
2003-04-23 03:45:00,NSE:BEL,2.46211385,2.46211385,2.35150812,2.36514435,34985318.54312329
2003-04-24 03:45:00,NSE:BEL,2.35201327,2.42423518,2.33635665,2.37474048,37105805.87956322
2003-04-25 03:45:00,NSE:BEL,2.35352832,2.42322498,2.34595259,2.40605342,42021863.56972602
2003-04-28 03:45:00,NSE:BEL,2.38888175,2.51009351,2.38888175,2.49292184,73392978.31288607
2003-04-29 03:45:00,NSE:BEL,2.515144,2.53433576,2.40403322,2.4656493,94164131.38124236
2003-04-30 03:45:00,NSE:BEL,2.44544734,2.515144,2.39443729,2.48332601,35637037.49058973
2003-05-02 03:45:00,NSE:BEL,2.47474008,2.52524498,2.45150783,2.51665905,25598704.49404468
2003-05-05 03:45:00,NSE:BEL,2.50504302,2.60150728,2.48585126,2.54494189,32701282.7179678
2003-05-06 03:45:00,NSE:BEL,2.53534596,2.60150728,2.53534596,2.58080037,17436724.10441619
2003-05-07 03:45:00,NSE:BEL,2.58585086,2.59999213,2.54645714,2.56867919,10209801.50892724
2003-05-08 03:45:00,NSE:BEL,2.55554792,2.58080037,2.48989155,2.52271973,13724609.01187446
2003-05-09 03:45:00,NSE:BEL,2.50100273,2.57473968,2.48534611,2.55403287,11724110.03398373
2003-05-12 03:45:00,NSE:BEL,2.5656489,2.62120429,2.56059841,2.59595184,15798764.20986469
2003-05-13 03:45:00,NSE:BEL,2.59847708,2.74140585,2.59696204,2.68181017,65172983.74989963
2003-05-14 03:45:00,NSE:BEL,2.68686066,2.7171636,2.6666587,2.68332521,15987755.77460926
2003-05-15 03:45:00,NSE:BEL,2.63635576,2.7151433,2.62827508,2.67776988,14907266.54589151
2003-05-16 03:45:00,NSE:BEL,2.65150723,2.69544659,2.63433546,2.65049703,14358210.90520353
2003-05-19 03:45:00,NSE:BEL,2.65554752,2.74342625,2.65554752,2.70201213,19980437.70554076
2003-05-20 03:45:00,NSE:BEL,2.72221409,2.74746654,2.68130522,2.72473933,13664713.8328957
2003-05-21 03:45:00,NSE:BEL,2.72726458,2.85756712,2.70504232,2.82423409,29122224.02302517
2003-05-22 03:45:00,NSE:BEL,2.80807242,2.97978908,2.80807242,2.90756717,20773034.07397711
2003-05-23 03:45:00,NSE:BEL,2.93029437,3.0161527,2.92928418,2.97271829,36323604.5421893
2003-05-26 03:45:00,NSE:BEL,2.62625478,2.99999104,2.62625478,2.87423373,20368815.86609232
2003-05-27 03:45:00,NSE:BEL,2.89898124,2.9666579,2.8686783,2.90352678,14044577.96800565
2003-05-28 03:45:00,NSE:BEL,2.92928418,2.93938516,2.85807237,2.89191045,15751343.06816084
2003-05-29 03:45:00,NSE:BEL,2.89999144,2.98180937,2.8903953,2.91665795,20361390.84390487
2003-05-30 03:45:00,NSE:BEL,2.90908222,2.96211236,2.86009236,2.8903953,17522161.35971978
2003-06-02 03:45:00,NSE:BEL,2.8903953,2.97170839,2.85352683,2.866658,13455625.2080971
2003-06-03 03:45:00,NSE:BEL,2.88685996,2.88685996,2.79544619,2.84746614,18085077.04182433
2003-06-04 03:45:00,NSE:BEL,2.85352683,2.87675898,2.80807242,2.82069864,11129514.25721273
2003-06-05 03:45:00,NSE:BEL,2.82827438,2.89393075,2.82827438,2.85251663,9023480.96396438
2003-06-06 03:45:00,NSE:BEL,2.85756712,2.88685996,2.82625408,2.8388803,8825381.37200321
2003-06-09 03:45:00,NSE:BEL,2.8409006,3.13786931,2.8409006,3.10049589,80176181.58245301
2003-06-10 03:45:00,NSE:BEL,3.12120279,3.15655622,3.02221329,3.04797069,27600292.47518957
2003-06-11 03:45:00,NSE:BEL,3.04039496,3.13635426,2.99797074,3.02827368,20451481.1131126
2003-06-12 03:45:00,NSE:BEL,3.01009202,3.09847559,2.92928418,3.05756672,13072593.0635205
2003-06-13 03:45:00,NSE:BEL,3.08231392,3.11059687,3.0656474,3.09746539,13995473.82127264
2003-06-16 03:45:00,NSE:BEL,2.88029432,3.1181726,2.87877928,3.06413236,5188011.50281515
2003-06-17 03:45:00,NSE:BEL,3.07978868,3.18887946,3.07120284,3.13231397,34077485.83033772
2003-06-18 03:45:00,NSE:BEL,3.21211161,3.27120245,3.10453628,3.23534377,42299361.39894499
2003-06-19 03:45:00,NSE:BEL,3.23433387,3.30958597,3.2171621,3.25504078,16863413.39124921
2003-06-20 03:45:00,NSE:BEL,3.23231357,3.30100014,3.20201063,3.26817195,20296446.64983864
2003-06-23 03:45:00,NSE:BEL,3.29594965,3.30201023,3.13231397,3.18382897,17661553.77625217
2003-06-24 03:45:00,NSE:BEL,3.14241495,3.27675778,3.14241495,3.24140435,23840855.24123982
2003-06-25 03:45:00,NSE:BEL,3.20100043,3.32322239,3.20100043,3.30706072,32088272.88617192
2003-06-26 03:45:00,NSE:BEL,3.32322239,3.47473709,3.26261651,3.42473714,40119176.88411798
2003-06-27 03:45:00,NSE:BEL,3.41413121,3.43382822,3.35049514,3.37877778,18665416.77599543
2003-06-30 03:45:00,NSE:BEL,3.41312101,3.50504003,3.38382827,3.44847444,9523333.45762352
2003-07-01 03:45:00,NSE:BEL,2.77877968,3.55554493,2.77877968,3.52473704,13675900.86632478
2003-07-02 03:45:00,NSE:BEL,3.46110067,3.71716061,3.46110067,3.67877699,19801148.1697878
2003-07-03 03:45:00,NSE:BEL,3.72726159,3.84847335,3.53837316,3.5696862,39031559.63410027
2003-07-04 03:45:00,NSE:BEL,3.61615081,3.6459488,3.5459489,3.57827214,8091987.1804748
2003-07-07 03:45:00,NSE:BEL,3.59594885,3.65655473,3.55554493,3.57221145,9026945.97431852
2003-07-08 03:45:00,NSE:BEL,3.58786817,3.67120125,3.57827214,3.58887806,8784197.24893682
2003-07-09 03:45:00,NSE:BEL,3.60604983,3.60604983,3.45554533,3.47776728,7213161.55436821
2003-07-10 03:45:00,NSE:BEL,3.4181715,3.53332267,3.3944342,3.45099969,15131997.21743167
2003-07-11 03:45:00,NSE:BEL,3.41564626,3.53433277,3.41564626,3.47120165,13339992.86256455
2003-07-14 03:45:00,NSE:BEL,3.48483807,3.50504003,3.43635347,3.46160592,3698651.05230848
2003-07-15 03:45:00,NSE:BEL,3.53029248,3.53029248,3.34342435,3.44897969,13047347.98808317
2003-07-16 03:45:00,NSE:BEL,3.24342475,3.62625179,3.24342475,3.58938331,17955089.65339604
2003-07-17 03:45:00,NSE:BEL,3.63635277,3.65655473,3.53584792,3.57120135,12231783.55101365
2003-07-18 03:45:00,NSE:BEL,3.56564591,3.59392855,3.45857542,3.48736332,4679248.98253106
2003-07-21 03:45:00,NSE:BEL,3.53534297,3.53534297,3.40403023,3.42574724,5769044.23905707
2003-07-22 03:45:00,NSE:BEL,3.42574724,3.42574724,3.26261651,3.29190925,12007646.8812485
2003-07-23 03:45:00,NSE:BEL,3.29999024,3.36362631,3.17221264,3.2161519,19701949.87336346
2003-07-24 03:45:00,NSE:BEL,3.24746504,3.47372689,3.14140475,3.45150494,41441325.83496326
2003-07-25 03:45:00,NSE:BEL,3.45453513,3.5201915,3.41413121,3.48534302,17798471.18538876
2003-07-28 03:45:00,NSE:BEL,3.5191813,3.62625179,3.50504003,3.58584787,17823914.26141775
2003-07-29 03:45:00,NSE:BEL,3.58584787,3.60604983,3.49140361,3.53685802,17590174.56295682
2003-07-30 03:45:00,NSE:BEL,3.23231357,3.7717058,3.23231357,3.65857503,51860809.97046406
2003-07-31 03:45:00,NSE:BEL,3.7479685,3.78281698,3.53534297,3.619181,45961184.34120371
2003-08-01 03:45:00,NSE:BEL,3.67625174,3.75554423,3.58584787,3.72170615,40219068.18261312
2003-08-04 03:45:00,NSE:BEL,3.70705963,3.772716,3.66160522,3.67877699,27580294.41543137
2003-08-05 03:45:00,NSE:BEL,3.69695865,3.74998879,3.55554493,3.58736292,18114183.12879913
2003-08-06 03:45:00,NSE:BEL,3.53534297,3.58332263,3.41413121,3.45807058,14688277.89150965
2003-08-07 03:45:00,NSE:BEL,3.47978758,3.57776719,3.46463611,3.56312067,11792222.23751661
2003-08-08 03:45:00,NSE:BEL,3.59089836,3.67423144,3.57928233,3.64190821,13143972.27681586
2003-08-11 03:45:00,NSE:BEL,3.53736327,3.78786747,3.53736327,3.7232213,28053317.82891986
2003-08-12 03:45:00,NSE:BEL,3.73736257,3.80806943,3.66665571,3.69392846,11933198.65878233
2003-08-13 03:45:00,NSE:BEL,3.73130188,3.79796845,3.6984737,3.76817046,26682559.73282073
2003-08-14 03:45:00,NSE:BEL,3.83332188,3.84847335,3.7222111,3.77019075,17185857.3547762
2003-08-18 03:45:00,NSE:BEL,3.80806943,3.82726119,3.75049374,3.79998875,8717570.04984143
2003-08-19 03:45:00,NSE:BEL,3.90907923,3.90907923,3.76261502,3.78079668,9849737.43298383
2003-08-20 03:45:00,NSE:BEL,3.73736257,3.98685687,3.73736257,3.92675594,16048145.95506718
2003-08-21 03:45:00,NSE:BEL,3.97978609,3.98837202,3.92473565,3.95352344,13231488.53833194
2003-08-22 03:45:00,NSE:BEL,3.98837202,4.02019001,3.86362482,3.91008943,7401361.11674611
2003-08-25 03:45:00,NSE:BEL,3.85958453,3.95958413,3.63736297,3.77928154,12419983.11339156
2003-08-26 03:45:00,NSE:BEL,3.74847375,3.92928119,3.65806978,3.88938222,11078331.10426724
2003-08-27 03:45:00,NSE:BEL,3.88887727,4.09089687,3.86968551,4.01968506,26086379.9513164
2003-08-28 03:45:00,NSE:BEL,4.04039197,4.04039197,3.91008943,3.92978614,22600084.533569
2003-08-29 03:45:00,NSE:BEL,3.92928119,4.20907843,3.90907923,4.10958378,34639411.50948394
2003-09-01 03:45:00,NSE:BEL,4.12119981,4.23938137,4.12119981,4.18887647,13739756.05713686
2003-09-02 03:45:00,NSE:BEL,4.25251255,4.25251255,4.10099785,4.1509978,5721128.09587406
2003-09-03 03:45:00,NSE:BEL,4.19190667,4.19190667,3.96261432,3.99695785,14796683.21544642
2003-09-04 03:45:00,NSE:BEL,3.92928119,4.23231059,3.92928119,4.13534108,37148376.00677125
2003-09-05 03:45:00,NSE:BEL,4.21210863,4.38382528,4.17170471,4.30857288,36248760.3185398
2003-09-08 03:45:00,NSE:BEL,4.36261313,5.06766173,4.29544171,4.96917717,162439685.402242
2003-09-09 03:45:00,NSE:BEL,4.99897486,4.99998506,4.73735958,4.78230904,54634699.25939962
2003-09-10 03:45:00,NSE:BEL,4.73735958,4.96968212,4.73735958,4.83432909,25029848.79419018
2003-09-11 03:45:00,NSE:BEL,4.76766252,4.99796476,4.75958184,4.83937958,24430996.00469836
2003-09-12 03:45:00,NSE:BEL,4.91412673,4.92624801,4.61160228,4.6550367,16356432.87629011
2003-09-15 03:45:00,NSE:BEL,4.54796621,4.68634973,4.39392626,4.43331998,19425838.04828616
2003-09-16 03:45:00,NSE:BEL,4.44443116,4.77422806,4.3232194,4.73281404,22301103.64015434
2003-09-17 03:45:00,NSE:BEL,4.75756154,4.78483429,4.51008753,4.58079439,9982001.82821627
2003-09-18 03:45:00,NSE:BEL,4.50503704,4.58584488,4.30301744,4.33332038,12541258.47578658
2003-09-19 03:45:00,NSE:BEL,4.39392626,4.57170361,4.27776499,4.49594626,30206475.26298456
2003-09-22 03:45:00,NSE:BEL,4.50756229,4.61614782,4.39392626,4.44190592,11578084.59763055
2003-09-23 03:45:00,NSE:BEL,4.44443116,4.56463272,4.36614857,4.53281474,23428915.0102801
2003-09-24 03:45:00,NSE:BEL,4.59544091,4.68685468,4.49493606,4.66412748,22344465.76972904
2003-09-25 03:45:00,NSE:BEL,4.6262488,4.86917727,4.6262488,4.71261208,38858507.11698476
2003-09-26 03:45:00,NSE:BEL,4.78786448,4.87271261,4.72978385,4.80756149,24594544.49341393
2003-09-29 03:45:00,NSE:BEL,4.76766252,4.95049036,4.76766252,4.84796541,17553148.4523154
2003-09-30 03:45:00,NSE:BEL,4.8787733,4.9292782,4.80301595,4.9025107,19369605.8802532
2003-10-01 03:45:00,NSE:BEL,4.84847036,5.14543907,4.84847036,4.99442962,47208984.06987866
2003-10-03 03:45:00,NSE:BEL,5.04291422,5.10099486,4.96463163,5.04139918,15456322.18657949
2003-10-06 03:45:00,NSE:BEL,5.04139918,5.17675221,5.02069197,5.1035201,24500593.21266873
2003-10-07 03:45:00,NSE:BEL,5.13988373,5.29695407,5.11210604,5.1312978,50276310.23566222
2003-10-08 03:45:00,NSE:BEL,5.16160074,5.25149966,5.07574241,5.14190373,26022722.761096
2003-10-09 03:45:00,NSE:BEL,5.21614623,5.23180265,5.11463128,5.14392402,12013388.89840679
2003-10-10 03:45:00,NSE:BEL,5.19695417,5.20099476,5.05150016,5.07776271,10269498.68731434
2003-10-13 03:45:00,NSE:BEL,5.11109584,5.15200471,5.00049001,5.0807929,28212906.30580212
2003-10-14 03:45:00,NSE:BEL,5.1312978,5.1312978,4.82018772,4.87069262,9300780.79259168
2003-10-15 03:45:00,NSE:BEL,4.93937918,4.95756084,4.76766252,4.85655104,24193593.29529162
2003-10-16 03:45:00,NSE:BEL,4.94948016,4.99796476,4.86917727,4.9530156,21869165.34943641
2003-10-17 03:45:00,NSE:BEL,4.9292782,4.99796476,4.80806644,4.90655099,15942017.63793457
2003-10-20 03:45:00,NSE:BEL,4.94897521,4.94948016,4.69695566,4.74392512,15030719.91479485
2003-10-21 03:45:00,NSE:BEL,4.7767533,4.85857134,4.57321866,4.629279,53673109.3859769
2003-10-22 03:45:00,NSE:BEL,5.37473121,5.37473121,4.64645076,4.79291497,44993654.45003105
2003-10-23 03:45:00,NSE:BEL,5.50503405,5.50503405,4.74746056,4.80402615,33427647.88849208
2003-10-24 03:45:00,NSE:BEL,4.86867232,4.94745986,4.6767537,4.91968217,13510867.37317173
2003-10-27 03:45:00,NSE:BEL,4.98988408,4.99948011,4.78382419,4.81059169,6708755.04710076
2003-10-28 03:45:00,NSE:BEL,4.99998506,4.99998506,4.67372351,4.80099565,12792719.22720156
2003-10-29 03:45:00,NSE:BEL,5.10099486,5.10099486,4.74948086,4.80857139,9663814.87741007
2003-10-30 03:45:00,NSE:BEL,5.04038898,5.04038898,4.79796546,4.90857129,26991836.65700199
2003-10-31 03:45:00,NSE:BEL,5.02018702,5.29190358,4.91917722,5.2550348,54009314.39062465
2003-11-03 03:45:00,NSE:BEL,5.25250956,5.35351936,5.19190368,5.2312977,13694215.92105383
2003-11-04 03:45:00,NSE:BEL,5.30301446,5.46362024,5.22220662,5.25402491,27143208.10933014
2003-11-05 03:45:00,NSE:BEL,5.33180205,5.34543867,5.06362113,5.11008564,17825399.26585524
2003-11-06 03:45:00,NSE:BEL,5.13988373,5.22119672,5.05048996,5.09897456,9520264.44845271
2003-11-07 03:45:00,NSE:BEL,5.14038858,5.14745947,4.9292782,4.96463163,7527289.49304526
2003-11-10 03:45:00,NSE:BEL,4.87473301,4.9292782,4.80049071,4.88331884,9894287.56610853
2003-11-11 03:45:00,NSE:BEL,4.9292782,5.14139878,4.89796506,5.04291422,24821156.17057491
2003-11-12 03:45:00,NSE:BEL,5.09947981,5.13887353,5.01160108,5.04745977,21551671.40070104
2003-11-13 03:45:00,NSE:BEL,5.07321716,5.10099486,4.85857134,4.92422771,16358610.88279843
2003-11-14 03:45:00,NSE:BEL,4.85958154,4.96968212,4.8292786,4.86715727,20205960.37944758
2003-11-17 03:45:00,NSE:BEL,4.89897526,5.13634829,4.86867232,5.10907554,44578051.2081255
2003-11-18 03:45:00,NSE:BEL,5.13836858,5.18887348,4.97018707,5.01968207,18759170.05614897
2003-11-19 03:45:00,NSE:BEL,4.9807933,4.99493457,4.86008639,4.96109619,20547610.40036612
2003-11-20 03:45:00,NSE:BEL,4.99998506,5.0312982,4.86362183,4.89139952,13756487.10713258
2003-11-21 03:45:00,NSE:BEL,4.88887428,5.00806574,4.85857134,4.9777628,13923599.60649812
2003-11-24 03:45:00,NSE:BEL,5.03836868,5.04038898,4.94948016,4.97473261,9906563.60279178
2003-11-25 03:45:00,NSE:BEL,4.67624875,5.16665123,4.15301779,5.13685324,17353860.85680424
2003-11-27 03:45:00,NSE:BEL,5.17170172,5.3807921,5.15149976,5.29644862,27968771.57627876
2003-11-28 03:45:00,NSE:BEL,5.25250956,5.43937769,5.25250956,5.32372136,16046660.95062969
2003-12-01 03:45:00,NSE:BEL,5.36362034,5.44442818,5.33887283,5.39897377,8404927.11560187
2003-12-02 03:45:00,NSE:BEL,5.42422622,5.55856915,5.36362034,5.42877176,17703034.90020607
2003-12-03 03:45:00,NSE:BEL,5.37372132,5.66664973,5.37372132,5.61311464,26689489.75352903
2003-12-04 03:45:00,NSE:BEL,5.61311464,5.85351786,5.6065488,5.79745752,48946340.26144617
2003-12-05 03:45:00,NSE:BEL,5.8580634,5.8580634,5.46766033,5.53988254,15348213.86353022
2003-12-08 03:45:00,NSE:BEL,5.55553895,5.65654875,5.52119542,5.59998347,8546695.53923425
2003-12-09 03:45:00,NSE:BEL,5.62826611,5.83836639,5.62624581,5.79392188,11926862.63984904
2003-12-10 03:45:00,NSE:BEL,5.95957815,5.95957815,5.61109434,5.6858418,6273846.74750785
2003-12-11 03:45:00,NSE:BEL,5.75755855,5.75755855,5.63634679,5.67220517,4093761.23297666
2003-12-12 03:45:00,NSE:BEL,5.65654875,5.75755855,5.62624581,5.72523532,4936451.75110433
2003-12-15 03:45:00,NSE:BEL,5.79897237,5.80806345,5.69846802,5.71664969,3992780.93122734
2003-12-16 03:45:00,NSE:BEL,5.74745757,5.74745757,5.60705375,5.65048837,2764880.26201476
2003-12-17 03:45:00,NSE:BEL,5.75654866,5.8373565,5.68685169,5.70705365,9658171.86054761
2003-12-18 03:45:00,NSE:BEL,5.73735659,5.90654801,5.69695267,5.86664903,13427311.12348896
2003-12-19 03:45:00,NSE:BEL,6.28280951,6.28280951,5.85957825,6.07573942,29019461.71595087
2003-12-22 03:45:00,NSE:BEL,6.11109285,6.14139579,5.9621034,6.01614344,5988131.89373477
2003-12-23 03:45:00,NSE:BEL,6.04998202,6.09998197,5.94038609,6.02624442,9172278.40860088
2003-12-24 03:45:00,NSE:BEL,6.06058795,6.11109285,6.01008305,6.0373558,8708462.02262483
2003-12-26 03:45:00,NSE:BEL,6.09139584,6.13129481,5.95957815,6.09846662,13110213.17593692
2003-12-29 03:45:00,NSE:BEL,6.13129481,6.30301147,6.07422407,6.26614269,18266346.58349394
2003-12-30 03:45:00,NSE:BEL,6.21210265,6.31311245,6.1126082,6.20402197,13465327.2370887
2003-12-31 03:45:00,NSE:BEL,6.25250657,6.26260755,6.09594138,6.15099182,4631827.84082722
2004-01-01 03:45:00,NSE:BEL,6.1115978,6.30301147,6.1115978,6.23432491,6618862.7784847
2004-01-02 03:45:00,NSE:BEL,6.23230461,6.37876882,6.23230461,6.33280946,9616591.73629789
2004-01-05 03:45:00,NSE:BEL,6.32321343,6.52523303,6.29291049,6.37472822,22821152.19416334
2004-01-06 03:45:00,NSE:BEL,6.27270853,6.46462715,5.97220438,6.14796163,5535700.54177947
2004-01-07 03:45:00,NSE:BEL,6.06058795,6.19190069,5.88887129,5.96412369,11748365.10646274
2004-01-08 03:45:00,NSE:BEL,6.05755776,6.23230461,6.04038599,6.17725417,10277121.71009346
2004-01-09 03:45:00,NSE:BEL,6.213618,6.54796023,6.07371912,6.15200172,10152381.33734429
2004-01-12 03:45:00,NSE:BEL,6.16159775,6.23230461,6.08078991,6.1600824,10470568.28815049
2004-01-13 03:45:00,NSE:BEL,6.0631132,6.21210265,6.01008305,6.12321413,5908139.65470197
2004-01-14 03:45:00,NSE:BEL,6.21210265,6.34089014,6.11715324,6.15856756,31371312.74375173
2004-01-15 03:45:00,NSE:BEL,6.52826322,6.52826322,6.17169873,6.23432491,10459876.25620056
2004-01-16 03:45:00,NSE:BEL,6.41412225,6.41412225,5.9828103,6.04897162,4722512.11180994
2004-01-19 03:45:00,NSE:BEL,5.91917423,6.06058795,5.83836639,6.04998202,9422056.1549867
2004-01-20 03:45:00,NSE:BEL,6.26260755,6.26260755,5.8095788,5.91210344,9480169.32864047
2004-01-21 03:45:00,NSE:BEL,5.65654875,5.95957815,5.25250956,5.46109499,7388194.07740036
2004-01-22 03:45:00,NSE:BEL,5.50452911,5.6858418,5.25553975,5.36867083,20327433.74243426
2004-01-23 03:45:00,NSE:BEL,5.65553886,5.71715463,5.21210564,5.65856905,6311070.85874093
2004-01-27 03:45:00,NSE:BEL,5.75755855,5.85856835,5.66867003,5.76917488,2867345.56820157
2004-01-28 03:45:00,NSE:BEL,5.58584189,5.93937619,5.58584189,5.83129561,10589863.64462885
2004-01-29 03:45:00,NSE:BEL,5.78786149,5.84846737,5.65654875,5.708569,13898750.53224412
2004-01-30 03:45:00,NSE:BEL,5.79796247,5.79796247,5.30301446,5.36311539,8307114.82331919
2004-02-03 03:45:00,NSE:BEL,5.25250956,5.52473107,5.25250956,5.35301441,11393449.04590262
2004-02-04 03:45:00,NSE:BEL,5.30301446,5.50503405,4.94948016,5.30200456,15019433.88106993
2004-02-05 03:45:00,NSE:BEL,5.32574166,5.65149826,5.26261054,5.47978161,19073099.99423436
2004-02-06 03:45:00,NSE:BEL,5.47473112,5.59594287,5.4580643,5.54594292,2465008.36593761
2004-02-09 03:45:00,NSE:BEL,5.62574087,5.70503336,5.40503415,5.67826606,5730137.12279484
2004-02-10 03:45:00,NSE:BEL,5.65654875,5.77776051,5.55553895,5.63584185,3691226.03012103
2004-02-11 03:45:00,NSE:BEL,5.67826606,5.73735659,5.66664973,5.70402346,2516191.51888309
2004-02-12 03:45:00,NSE:BEL,5.70705365,5.80806345,5.55553895,5.64442748,6362353.01198226
2004-02-13 03:45:00,NSE:BEL,5.70402346,5.70402346,5.5075593,5.64341758,3507976.48253477
2004-02-16 03:45:00,NSE:BEL,5.46463014,5.81614414,5.46463014,5.74796252,7296123.80227598
2004-02-17 03:45:00,NSE:BEL,5.80452831,5.87270993,5.73988184,5.78735654,7118121.27036885
2004-02-18 03:45:00,NSE:BEL,5.90907325,5.90907325,5.75755855,5.77978081,2510152.5008373
2004-02-19 03:45:00,NSE:BEL,5.80806345,5.80806345,5.52523601,5.6343265,8833202.39537399
2004-02-20 03:45:00,NSE:BEL,5.64594283,5.64594283,5.45452916,5.53382165,4037133.06376038
2004-02-23 03:45:00,NSE:BEL,5.55553895,5.55553895,5.36362034,5.42473116,1686470.0395095
2004-02-24 03:45:00,NSE:BEL,5.40301436,5.40301436,5.15149976,5.21816602,13590859.61220453
2004-02-25 03:45:00,NSE:BEL,5.32321642,5.32321642,5.10099486,5.13483324,7487788.37500803
2004-02-26 03:45:00,NSE:BEL,5.15149976,5.29190358,5.07220696,5.10705555,13119123.20256186
2004-02-27 03:45:00,NSE:BEL,5.15048956,5.25099421,5.11109584,5.22978235,5261271.72173132
2004-03-01 03:45:00,NSE:BEL,5.29190358,5.52372067,5.24240858,5.48584199,7341762.93865484
2004-03-03 03:45:00,NSE:BEL,5.55553895,5.584832,5.43584254,5.47574101,7424230.18508346
2004-03-04 03:45:00,NSE:BEL,5.55250876,5.55250876,5.31463079,5.38432724,6650443.87285532
2004-03-05 03:45:00,NSE:BEL,5.38887279,5.54493303,5.38887279,5.45452916,5253549.69865637
2004-03-08 03:45:00,NSE:BEL,5.53533699,5.62220522,5.4550341,5.52523601,5715683.07960327
2004-03-09 03:45:00,NSE:BEL,5.55553895,5.59594287,5.42422622,5.45452916,4686278.00353518
2004-03-10 03:45:00,NSE:BEL,5.39644852,5.49493307,5.39644852,5.42119602,859421.56812339
2004-03-11 03:45:00,NSE:BEL,5.4323069,5.44442818,5.23281255,5.24947936,2157909.44826467
2004-03-12 03:45:00,NSE:BEL,5.25250956,5.3312971,5.1045303,5.2807922,3916847.70432369
2004-03-15 03:45:00,NSE:BEL,5.35250946,5.35351936,5.06614638,5.09493417,4921403.70613777
2004-03-16 03:45:00,NSE:BEL,5.12119682,5.1807928,5.02018702,5.10048991,4211076.58353838
2004-03-17 03:45:00,NSE:BEL,5.15149976,5.17321707,4.89897526,4.94392472,4761122.22718468
2004-03-18 03:45:00,NSE:BEL,4.99998506,5.04038898,4.74746056,4.8262481,5655391.89944117
2004-03-19 03:45:00,NSE:BEL,4.94846996,4.99695487,4.8292786,4.9530156,4799336.34137609
2004-03-22 03:45:00,NSE:BEL,4.94948016,4.94948016,4.73735958,4.75150085,1560442.66291452
2004-03-23 03:45:00,NSE:BEL,4.54645116,4.84746016,4.54645116,4.75099601,3875366.5803698
2004-03-24 03:45:00,NSE:BEL,4.81665237,4.81665237,4.69695566,4.72170316,2524507.54373304
2004-03-25 03:45:00,NSE:BEL,4.72776355,4.81816742,4.63634978,4.67523866,7296915.80464264
2004-03-26 03:45:00,NSE:BEL,4.79796546,4.95958114,4.72776355,4.89746021,8800730.29834087
2004-03-29 03:45:00,NSE:BEL,4.99998506,5.04038898,4.84998541,5.0045306,4463923.33909501
2004-03-30 03:45:00,NSE:BEL,5.01008604,5.15149976,4.91463168,4.93432869,3564109.65027189
2004-03-31 03:45:00,NSE:BEL,4.98988408,5.03281324,4.85907629,5.01665157,4498771.44322811
2004-04-01 03:45:00,NSE:BEL,5.14139878,5.34341838,5.01059099,5.26109519,7065057.11180253
2004-04-02 03:45:00,NSE:BEL,5.15149976,5.15149976,4.86867232,4.91311653,37086401.82157999
2004-04-05 03:45:00,NSE:BEL,5.10099486,5.12119682,4.95251035,5.03937878,21646414.68381291
2004-04-06 03:45:00,NSE:BEL,5.07069192,5.09998466,4.86867232,4.89746021,14189613.4014005
2004-04-07 03:45:00,NSE:BEL,4.98533854,4.98533854,4.8797835,4.92220741,6853493.47960812
2004-04-08 03:45:00,NSE:BEL,4.91867227,5.01008604,4.90958119,4.9787729,8558377.5741425
2004-04-12 03:45:00,NSE:BEL,4.98988408,5.17675221,4.9530156,5.08634834,18090621.05839096
2004-04-13 03:45:00,NSE:BEL,5.09190408,5.09291418,4.9292782,5.05756075,9836372.39304642
2004-04-15 03:45:00,NSE:BEL,5.19644922,5.22220662,5.04038898,5.14745947,11713814.00321713
2004-04-16 03:45:00,NSE:BEL,5.2828125,5.31816593,5.21210564,5.28836793,8184057.45559918
2004-04-19 03:45:00,NSE:BEL,5.4848321,5.49442813,5.14442897,5.25048926,14603137.63709356
2004-04-20 03:45:00,NSE:BEL,5.20402495,5.30301446,5.15149976,5.26008529,6941306.7420117
2004-04-21 03:45:00,NSE:BEL,5.25402491,5.3838223,5.25250956,5.2797823,6466105.32201489
2004-04-22 03:45:00,NSE:BEL,5.35351936,5.42321632,5.27372141,5.4065495,8425024.1756559
2004-04-23 03:45:00,NSE:BEL,5.46058954,5.49291278,5.27271152,5.31463079,14406820.05045738
2004-04-27 03:45:00,NSE:BEL,5.25958034,5.25958034,4.83634908,5.07271222,8251575.65735706
2004-04-28 03:45:00,NSE:BEL,5.37725646,5.37725646,4.76816747,4.97574281,6113763.26914643
2004-04-29 03:45:00,NSE:BEL,4.99998506,5.04038898,4.84847036,4.94796511,12414736.09771243
2004-04-30 03:45:00,NSE:BEL,4.94948016,5.04796471,4.92018742,5.01917682,6464224.31639407
2004-05-03 03:45:00,NSE:BEL,4.99998506,4.99998506,4.81311693,4.86008639,8133666.30502035
2004-05-04 03:45:00,NSE:BEL,5.04947976,5.04947976,4.87372281,4.90200545,3732311.15289159
2004-05-05 03:45:00,NSE:BEL,4.93937918,5.05048996,4.90907624,5.02321721,1979411.91487837
2004-05-06 03:45:00,NSE:BEL,4.99998506,5.18988338,4.99998506,5.05251026,3754784.22004561
2004-05-07 03:45:00,NSE:BEL,5.04846966,5.14139878,4.94948016,5.08786369,3847448.49694498
2004-05-10 03:45:00,NSE:BEL,5.02978305,5.02978305,4.89897526,4.93786413,2581729.71472432
2004-05-11 03:45:00,NSE:BEL,4.90604605,4.90604605,4.64645076,4.84746016,5956055.79788498
2004-05-12 03:45:00,NSE:BEL,4.89897526,4.89897526,4.70705664,4.7797838,2220180.63434342
2004-05-13 03:45:00,NSE:BEL,4.64645076,4.78685428,4.525239,4.70099595,7478581.34749559
2004-05-14 03:45:00,NSE:BEL,4.6767537,4.6767537,3.59140331,4.07928084,30242313.37007598
2004-05-17 03:45:00,NSE:BEL,3.83837237,3.98988707,3.49241381,3.86109957,9100206.19323469
2004-05-18 03:45:00,NSE:BEL,3.88887727,4.08079589,3.86867531,3.99241231,9111789.22784712
2004-05-19 03:45:00,NSE:BEL,4.03029099,4.19140172,4.01008903,4.09695756,3535300.56418458
2004-05-20 03:45:00,NSE:BEL,4.12119981,4.26261353,3.94190741,4.22978534,6168708.43333356
2004-05-21 03:45:00,NSE:BEL,4.07423035,4.26160333,4.05049295,4.23635088,5655490.89973701
2004-05-24 03:45:00,NSE:BEL,4.34342136,4.36362332,4.24241157,4.31362337,3014559.00810475
2004-05-25 03:45:00,NSE:BEL,4.31665387,4.34291642,4.16412897,4.24291651,3369475.06866486
2004-05-26 03:45:00,NSE:BEL,4.24241157,4.49493606,4.24241157,4.4520069,7934378.70950919
2004-05-27 03:45:00,NSE:BEL,4.35352234,4.56564292,4.35352234,4.5045321,3845864.49221166
2004-05-28 03:45:00,NSE:BEL,4.46463312,4.46463312,4.34342136,4.38433023,4541242.57014032
2004-05-31 03:45:00,NSE:BEL,4.20200765,4.24241157,3.85352384,4.08887657,4755875.21150555
2004-06-01 03:45:00,NSE:BEL,4.26261353,4.34241117,4.03231128,4.04190701,2954267.82794265
2004-06-02 03:45:00,NSE:BEL,4.05049295,4.22220961,4.04948275,4.08029094,899417.68763979
2004-06-03 03:45:00,NSE:BEL,4.19190667,4.21008833,3.93938217,3.98433163,3887345.61616555
2004-06-04 03:45:00,NSE:BEL,3.85857433,4.03786672,3.78786747,3.90150349,6537088.53412692
2004-06-07 03:45:00,NSE:BEL,3.98988707,4.01968506,3.88938222,3.91513992,2614498.81264493
2004-06-08 03:45:00,NSE:BEL,3.93938217,4.0232202,3.83079663,3.85453404,5984765.88367646
2004-06-09 03:45:00,NSE:BEL,3.86867531,4.00554349,3.83837237,3.95453364,13362267.92912689
2004-06-10 03:45:00,NSE:BEL,3.93887722,4.02928079,3.87877629,4.01362447,2860712.54838078
2004-06-11 03:45:00,NSE:BEL,4.07069491,4.11816961,3.84190781,3.93584672,10218315.53436885
2004-06-14 03:45:00,NSE:BEL,3.86867531,3.90907923,3.71766556,3.7717058,2529160.55763717
2004-06-15 03:45:00,NSE:BEL,3.85705928,3.92675594,3.79897865,3.84847335,4405315.16396207
2004-06-16 03:45:00,NSE:BEL,3.93887722,3.98988707,3.79998875,3.9459477,5061687.12533266
2004-06-17 03:45:00,NSE:BEL,3.88887727,3.98685687,3.88887727,3.92827099,3564010.64997606
2004-06-18 03:45:00,NSE:BEL,3.93736187,3.97978609,3.87877629,3.89140251,492724.47235919
2004-06-21 03:45:00,NSE:BEL,3.97877589,3.97877589,3.86968551,3.93534188,2307795.89615533
2004-06-22 03:45:00,NSE:BEL,3.93938217,3.95958413,3.89089757,3.93988712,1907339.69951219
2004-06-23 03:45:00,NSE:BEL,3.97978609,4.05049295,3.79594815,3.82827139,1873283.59774575
2004-06-24 03:45:00,NSE:BEL,3.79796845,3.88887727,3.70200914,3.78736252,4052280.10902277
2004-06-25 03:45:00,NSE:BEL,3.83130158,3.85352384,3.78786747,3.80554418,1313931.92629117
2004-06-28 03:45:00,NSE:BEL,3.81766546,3.90907923,3.77776649,3.89190746,2168700.48051043
2004-06-29 03:45:00,NSE:BEL,3.83837237,4.03736177,3.83837237,4.01210932,2200281.57488105
2004-06-30 03:45:00,NSE:BEL,4.04039197,4.08685658,3.91968516,3.96109917,4548073.59055278
2004-07-01 03:45:00,NSE:BEL,3.93079623,3.96867491,3.89392776,3.94847295,3169395.47078704
2004-07-02 03:45:00,NSE:BEL,3.91918021,4.03837167,3.90907923,3.94948315,7446703.25223747
2004-07-05 03:45:00,NSE:BEL,3.96918016,3.98988707,3.83837237,3.84847335,1511635.51706901
2004-07-06 03:45:00,NSE:BEL,3.69695865,3.86766511,3.648979,3.82978643,8747765.14007039
2004-07-07 03:45:00,NSE:BEL,3.81817041,3.91867526,3.81817041,3.83988741,5852501.48844401
2004-07-08 03:45:00,NSE:BEL,3.88332183,4.18180569,3.83786742,3.91008943,35543383.21073204
2004-07-09 03:45:00,NSE:BEL,3.88887727,4.5757439,3.88887727,4.5282692,31567036.32861292
2004-07-12 03:45:00,NSE:BEL,4.5757439,4.68483438,4.44443116,4.46564332,9927353.66491663
2004-07-13 03:45:00,NSE:BEL,4.46463312,4.49998655,4.34594661,4.41463317,8049219.05267509
2004-07-14 03:45:00,NSE:BEL,4.48483508,4.48483508,4.32372435,4.37220926,3248595.70745318
2004-07-15 03:45:00,NSE:BEL,4.43433018,4.57069341,4.34342136,4.48635013,8479078.33718054
2004-07-16 03:45:00,NSE:BEL,4.59089537,4.6767537,4.45554234,4.62877405,20128443.1478106
2004-07-19 03:45:00,NSE:BEL,4.63634978,4.84847036,4.6262488,4.68634973,10520563.43754598
2004-07-20 03:45:00,NSE:BEL,4.68432944,4.68584448,4.55655214,4.58988517,5271864.75338541
2004-07-21 03:45:00,NSE:BEL,4.63634978,4.66665272,4.59594586,4.63634978,4936847.75228767
2004-07-22 03:45:00,NSE:BEL,4.69190517,4.9797831,4.61614782,4.72574356,14255943.59960839
2004-07-23 03:45:00,NSE:BEL,3.87877629,4.79796546,3.87877629,4.75705659,5395120.12169709
2004-07-26 03:45:00,NSE:BEL,4.84847036,4.87473301,4.7272586,4.75352125,5602921.74264986
2004-07-27 03:45:00,NSE:BEL,4.74746056,4.8282684,4.7272586,4.74645036,3075246.18945017
2004-07-28 03:45:00,NSE:BEL,4.79796546,4.79796546,4.59594586,4.65806679,10281576.72340592
2004-07-29 03:45:00,NSE:BEL,4.79897566,4.79897566,4.56564292,4.64392552,5769044.23905707
2004-07-30 03:45:00,NSE:BEL,4.6767537,4.69695566,4.5757439,4.59998615,6006347.94816798
2004-08-02 03:45:00,NSE:BEL,4.7272586,4.74645036,4.56614787,4.6550367,7012487.95471539
2004-08-03 03:45:00,NSE:BEL,4.6767537,4.68685468,4.64645076,4.65453144,1306506.90410372
2004-08-04 03:45:00,NSE:BEL,4.5757439,4.68685468,4.50503704,4.56513797,3190779.5346869
2004-08-05 03:45:00,NSE:BEL,4.6252386,4.71715762,4.59594586,4.70049111,3813491.39547438
2004-08-06 03:45:00,NSE:BEL,4.7025111,4.74695561,4.59897606,4.63937997,6333840.92678245
2004-08-09 03:45:00,NSE:BEL,4.6767537,4.7262484,4.65150125,4.67069301,4033173.05192707
2004-08-10 03:45:00,NSE:BEL,4.66766292,4.7777635,4.66766292,4.76059173,2282649.82101383
2004-08-11 03:45:00,NSE:BEL,4.74746056,4.78786448,4.60604684,4.64796581,6677866.95480097
2004-08-12 03:45:00,NSE:BEL,4.9272579,4.9272579,4.40402724,4.65958193,2168007.4784396
2004-08-13 03:45:00,NSE:BEL,4.61614782,4.66463242,4.61614782,4.62473376,2360662.05412997
2004-08-16 03:45:00,NSE:BEL,4.56564292,4.69443042,4.56564292,4.6262488,2512033.50645812
2004-08-17 03:45:00,NSE:BEL,4.60705704,4.79038973,4.60705704,4.6530163,4204938.56519675
2004-08-18 03:45:00,NSE:BEL,4.67170321,4.74746056,4.63634978,4.65453144,4735382.15026819
2004-08-19 03:45:00,NSE:BEL,4.54544096,4.7272586,4.54544096,4.71362218,2568364.67478691
2004-08-20 03:45:00,NSE:BEL,4.66665272,4.73634938,4.65655174,4.70756159,2954564.82883015
2004-08-23 03:45:00,NSE:BEL,4.71715762,4.73735958,4.65655174,4.69847071,1615585.82769331
2004-08-24 03:45:00,NSE:BEL,4.71715762,4.75756154,4.70705664,4.72675365,2878631.60192649
2004-08-25 03:45:00,NSE:BEL,4.73735958,4.8787733,4.64998621,4.82473296,3956744.82354425
2004-08-26 03:45:00,NSE:BEL,4.87372281,5.030288,4.87372281,4.89796506,10499971.37601279
2004-08-27 03:45:00,NSE:BEL,4.94948016,4.99998506,4.84897531,4.92321751,4514116.48908217
2004-08-30 03:45:00,NSE:BEL,4.94948016,5.04038898,4.94948016,4.99442962,3120786.3255332
2004-08-31 03:45:00,NSE:BEL,5.04038898,5.09947981,4.79897566,4.97018707,5308395.86254767
2004-09-01 03:45:00,NSE:BEL,4.9797831,5.04240928,4.95958114,5.0045306,3901898.65965295
2004-09-02 03:45:00,NSE:BEL,5.030288,5.04038898,4.9292782,4.95049036,2443228.30085442
2004-09-03 03:45:00,NSE:BEL,4.90907624,5.01008604,4.90907624,4.99948011,2134149.37726483
2004-09-06 03:45:00,NSE:BEL,4.99998506,5.0807929,4.99998506,5.05655065,5628958.82045385
2004-09-07 03:45:00,NSE:BEL,4.94948016,5.04038898,4.94948016,5.01412633,8898542.59062355
2004-09-08 03:45:00,NSE:BEL,5.030288,5.09089388,5.01513653,5.04947976,4112571.28918487
2004-09-09 03:45:00,NSE:BEL,5.05048996,5.1818027,5.0015001,5.02372246,9726680.06526382
2004-09-10 03:45:00,NSE:BEL,5.05048996,5.05958074,4.94998511,5.01917682,4658062.91922287
2004-09-13 03:45:00,NSE:BEL,5.030288,5.04745977,4.97473261,5.02119722,3418282.21451037
2004-09-14 03:45:00,NSE:BEL,5.04998501,5.2323076,5.04998501,5.18937843,12073779.07886472
2004-09-15 03:45:00,NSE:BEL,5.20200466,5.2828125,5.14139878,5.22422691,7960019.78612986
2004-09-16 03:45:00,NSE:BEL,5.29291348,5.29291348,5.21261059,5.23937838,5531542.5293545
2004-09-17 03:45:00,NSE:BEL,5.30301446,5.33180205,5.21261059,5.27624666,8885177.55068614
2004-09-20 03:45:00,NSE:BEL,5.34341838,5.57574091,5.30301446,5.45553905,21380004.88772719
2004-09-21 03:45:00,NSE:BEL,5.5343271,5.57372062,5.39392328,5.46665043,9688861.95225574
2004-09-22 03:45:00,NSE:BEL,5.52927661,5.60553891,5.46463014,5.56058944,18516025.32958394
2004-09-23 03:45:00,NSE:BEL,5.56109439,5.56109439,5.36362034,5.41917573,8237715.61594049
2004-09-24 03:45:00,NSE:BEL,5.42927671,5.50048851,5.29796397,5.45553905,12160503.33801413
2004-09-27 03:45:00,NSE:BEL,5.45452916,5.50452911,5.38685249,5.40957969,5153163.39868205
2004-09-28 03:45:00,NSE:BEL,5.40907475,5.45957965,5.27271152,5.31968128,7420666.17443348
2004-09-29 03:45:00,NSE:BEL,5.36362034,5.4343272,5.29291348,5.3570545,20439304.07672518
2004-09-30 03:45:00,NSE:BEL,5.40402426,5.52271077,5.40402426,5.46260984,24700474.80995488
2004-10-01 03:45:00,NSE:BEL,5.44442818,5.63584185,5.44442818,5.51766028,35084318.83895595
2004-10-04 03:45:00,NSE:BEL,5.55553895,5.65604381,5.53533699,5.62473046,17107647.1210684
2004-10-05 03:45:00,NSE:BEL,5.63634679,5.81765948,5.63634679,5.78634614,29381703.79840261
2004-10-06 03:45:00,NSE:BEL,5.75755855,5.8333159,5.67725566,5.68988189,9700642.98745982
2004-10-07 03:45:00,NSE:BEL,5.75755855,5.75755855,5.60705375,5.64796312,5328789.9234892
2004-10-08 03:45:00,NSE:BEL,5.69594278,5.69594278,5.57574091,5.60452851,5198406.53387758
2004-10-11 03:45:00,NSE:BEL,5.69695267,5.69897297,5.56766023,5.59190228,2042574.10361961
2004-10-12 03:45:00,NSE:BEL,5.63634679,5.63634679,5.48584199,5.54442808,3215232.60775757
2004-10-14 03:45:00,NSE:BEL,5.54442808,5.60604385,5.42422622,5.5343271,4080693.19392675
2004-10-15 03:45:00,NSE:BEL,5.53533699,5.59594287,5.46008459,5.51008454,3430657.25148945
2004-10-18 03:45:00,NSE:BEL,5.57372062,5.59594287,5.4343272,5.46311479,2196321.56304774
2004-10-19 03:45:00,NSE:BEL,5.49695337,5.53988254,5.47473112,5.51260979,4721819.10973911
2004-10-20 03:45:00,NSE:BEL,5.51260979,5.59644782,5.46564003,5.48230685,3460159.33964759
2004-10-21 03:45:00,NSE:BEL,5.4550341,5.5312964,5.41564058,5.4323069,3147417.40511219
2004-10-25 03:45:00,NSE:BEL,5.42422622,5.42422622,5.2323076,5.25553975,2824577.44040186
2004-10-26 03:45:00,NSE:BEL,5.2818026,5.39392328,5.25250956,5.37220597,3722213.12271666
2004-10-27 03:45:00,NSE:BEL,5.40402426,5.59392258,5.37372132,5.52170087,7128516.30143128
2004-10-28 03:45:00,NSE:BEL,5.52523601,5.6818012,5.52523601,5.5560439,3292848.83969038
2004-10-29 03:45:00,NSE:BEL,5.65200321,5.67776061,5.50503405,5.58129635,6577579.65512248
2004-11-01 03:45:00,NSE:BEL,5.65654875,5.71715463,5.65553886,5.68937694,4962884.83009166
2004-11-02 03:45:00,NSE:BEL,5.69695267,5.72523532,5.65654875,5.66412449,4261071.73293387
2004-11-03 03:45:00,NSE:BEL,5.74139719,5.74139719,5.65654875,5.67523536,3101184.26695833
2004-11-04 03:45:00,NSE:BEL,5.70503336,5.77776051,5.63634679,5.68028585,7288995.78097603
2004-11-05 03:45:00,NSE:BEL,5.75654866,5.75654866,5.67675071,5.73735659,1733000.17855086
2004-11-08 03:45:00,NSE:BEL,5.77776051,5.77776051,5.66008389,5.72170018,3763397.24578305
2004-11-09 03:45:00,NSE:BEL,5.74846747,5.81715454,5.66008389,5.77068973,8919926.65452341
2004-11-10 03:45:00,NSE:BEL,5.80907335,5.86866933,5.7590739,5.79442733,1690628.05193447
2004-11-11 03:45:00,NSE:BEL,5.81816443,5.85351786,5.71765958,5.7590739,1384123.13603653
2004-11-12 03:45:00,NSE:BEL,5.8580634,5.86866933,5.78836644,5.82523522,1663798.97176382
2004-11-16 03:45:00,NSE:BEL,5.82826541,5.86361884,5.82068968,5.85351786,3949418.80165263
2004-11-17 03:45:00,NSE:BEL,5.84796242,5.87978021,5.83836639,5.85200251,3138309.37789558
2004-11-18 03:45:00,NSE:BEL,5.87978021,6.09089089,5.85957825,5.94644698,16569679.51351368
2004-11-19 03:45:00,NSE:BEL,6.01008305,6.01008305,5.84846737,5.87068963,6230088.61674981
2004-11-22 03:45:00,NSE:BEL,5.80806345,5.82725552,5.68786159,5.80351791,1445107.31826946
2004-11-23 03:45:00,NSE:BEL,5.87877031,6.11664829,5.86866933,6.01917413,24613552.5502138
2004-11-24 03:45:00,NSE:BEL,6.15957745,6.31008226,6.09089089,6.27573872,13205847.46171127
2004-11-25 03:45:00,NSE:BEL,6.27270853,6.85856536,6.18382001,6.23028431,13225746.52117365
2004-11-29 03:45:00,NSE:BEL,6.18280961,6.36260745,6.18280961,6.28230456,7268997.72121783
2004-11-30 03:45:00,NSE:BEL,6.33280946,6.39240494,6.14139579,6.17876952,15557797.48980798
2004-12-01 03:45:00,NSE:BEL,6.17169873,6.2393754,6.0858404,6.14139579,7460464.29335821
2004-12-02 03:45:00,NSE:BEL,6.25250657,6.25250657,6.10604236,6.12725422,8152278.3606369
2004-12-03 03:45:00,NSE:BEL,6.16159775,6.23230461,6.12119383,6.15705221,21798182.13732438
2004-12-06 03:45:00,NSE:BEL,6.31311245,6.56563695,6.19190069,6.37220298,14756984.09681752
2004-12-07 03:45:00,NSE:BEL,6.44341529,6.52018254,6.38381931,6.44442519,21708685.86989165
2004-12-08 03:45:00,NSE:BEL,6.50452612,6.51412215,6.19240564,6.21513284,9515710.4348444
2004-12-09 03:45:00,NSE:BEL,6.25250657,6.31210255,6.19442593,6.23482985,20230017.45133491
2004-12-10 03:45:00,NSE:BEL,6.25250657,6.3848292,6.25250657,6.36462724,7901015.60981359
2004-12-13 03:45:00,NSE:BEL,6.44341529,6.44341529,6.28280951,6.36816289,4145736.38828881
2004-12-14 03:45:00,NSE:BEL,6.41412225,6.50503107,6.39392029,6.47321278,4761221.22748051
2004-12-15 03:45:00,NSE:BEL,6.53129341,6.55351567,6.36361735,6.39291039,6848147.46363316
2004-12-16 03:45:00,NSE:BEL,6.50503107,6.565132,6.39897078,6.55048548,14651944.78293906
2004-12-17 03:45:00,NSE:BEL,6.57573793,6.58583891,6.46462715,6.51715234,5980112.86977232
2004-12-20 03:45:00,NSE:BEL,6.51513205,6.66664675,6.49543503,6.64442449,7469374.31998315
2004-12-21 03:45:00,NSE:BEL,6.61614185,6.80705057,6.61614185,6.75098973,9478288.32301965
2004-12-22 03:45:00,NSE:BEL,6.76765654,7.02018104,6.69694969,6.72472738,11593825.64466794
2004-12-23 03:45:00,NSE:BEL,6.71715164,6.7878585,6.69694969,6.72371748,3367099.06156488
2004-12-24 03:45:00,NSE:BEL,6.71715164,6.77674763,6.70301007,6.73129322,2882492.61346397
2004-12-27 03:45:00,NSE:BEL,6.69694969,6.75705062,6.58129336,6.65250517,3903482.66438628
2004-12-28 03:45:00,NSE:BEL,6.66159626,6.71614175,6.62674777,6.67119229,2605984.78720333
2004-12-29 03:45:00,NSE:BEL,6.7671516,6.7671516,6.59644483,6.6403844,2060889.15834865
2004-12-30 03:45:00,NSE:BEL,6.65654577,6.73583826,6.04240629,6.49038454,14524432.40190659
2004-12-31 03:45:00,NSE:BEL,6.56563695,6.71159621,6.46462715,6.63432351,7001102.92069463
2005-01-03 03:45:00,NSE:BEL,6.56563695,6.75048478,6.56563695,6.65099033,21159432.228612
2005-01-04 03:45:00,NSE:BEL,6.66462645,6.75654567,6.62624283,6.65099033,5765777.2292946
2005-01-05 03:45:00,NSE:BEL,7.46462416,7.46462416,6.09089089,6.3383649,8909234.62257348
2005-01-06 03:45:00,NSE:BEL,6.3383649,6.36361735,6.10604236,6.28735505,8224449.57629891
2005-01-07 03:45:00,NSE:BEL,6.31210255,6.34341539,6.10402206,6.30351642,4136232.35988888
2005-01-10 03:45:00,NSE:BEL,6.30351642,6.36361735,6.17169873,6.23230461,3505204.47425145
2005-01-11 03:45:00,NSE:BEL,6.18179971,6.27270853,6.09089089,6.14796163,4230876.64270491
2005-01-12 03:45:00,NSE:BEL,6.11109285,6.14139579,5.81816443,5.88887129,5199891.53831507
2005-01-13 03:45:00,NSE:BEL,5.83887134,6.45452617,5.83887134,6.06361814,3682118.00290443
2005-01-14 03:45:00,NSE:BEL,5.61159929,6.12068888,5.61159929,5.99341623,4969121.84872912
2005-01-17 03:45:00,NSE:BEL,5.90907325,6.15048687,5.7590739,5.94947717,6579658.66133496
2005-01-18 03:45:00,NSE:BEL,5.61159929,6.08078991,5.61159929,5.98836574,1866452.57733329
2005-01-19 03:45:00,NSE:BEL,6.06058795,6.06058795,5.86967923,5.91210344,1868828.58443328
2005-01-20 03:45:00,NSE:BEL,5.75755855,6.14139579,5.57725626,5.90099257,4011788.98802721
2005-01-24 03:45:00,NSE:BEL,6.15149677,6.15149677,5.87169952,5.93028511,1581430.72563104
2005-01-25 03:45:00,NSE:BEL,5.8085684,5.97978011,5.8085684,5.9590732,6296814.81614103
2005-01-27 03:45:00,NSE:BEL,5.94947717,6.14139579,5.91412374,5.97220438,11145651.30543345
2005-01-28 03:45:00,NSE:BEL,6.45452617,6.45452617,5.98028506,6.09695128,4836560.45260917
2005-01-31 03:45:00,NSE:BEL,6.14998142,6.32321343,6.01109295,6.14038589,11788064.22509163
2005-02-01 03:45:00,NSE:BEL,6.08078991,6.1600824,5.9383663,5.97220438,5060400.12148684
2005-02-02 03:45:00,NSE:BEL,6.10099187,6.10099187,5.91917423,5.95604301,14609176.65513935
2005-02-03 03:45:00,NSE:BEL,5.95856826,6.05856765,5.42018562,5.98937614,6429871.21374014
2005-02-04 03:45:00,NSE:BEL,6.01008305,6.05654736,5.91008315,5.95351777,3159396.44090794
2005-02-07 03:45:00,NSE:BEL,6.04038599,6.12119383,5.90907325,5.9353356,13134567.24871176
2005-02-08 03:45:00,NSE:BEL,6.01008305,6.02018403,5.87978021,5.9085683,24884318.35931615
2005-02-09 03:45:00,NSE:BEL,5.97978011,6.20200167,5.92978016,6.1373552,25281111.54501348
2005-02-10 03:45:00,NSE:BEL,6.22220363,6.56563695,6.22220363,6.32472878,13590364.61072536
2005-02-11 03:45:00,NSE:BEL,6.32321343,6.56563695,6.32321343,6.43028361,33233508.30836422
2005-02-14 03:45:00,NSE:BEL,6.4353341,6.6156369,6.43028361,6.54493004,11926367.63836988
2005-02-15 03:45:00,NSE:BEL,6.57573793,6.66664675,6.47472813,6.6156369,41349057.55924721
2005-02-16 03:45:00,NSE:BEL,6.76563625,6.77775752,6.61664679,6.72321203,30233007.34226771
2005-02-17 03:45:00,NSE:BEL,6.69391949,6.95907021,6.62624283,6.82270699,18174771.30984872
2005-02-18 03:45:00,NSE:BEL,6.82270699,7.19139275,6.82270699,7.10755472,18942617.60432691
2005-02-21 03:45:00,NSE:BEL,7.10755472,7.17169574,7.00048403,7.07826168,18049337.93502874
2005-02-22 03:45:00,NSE:BEL,7.18179672,7.18179672,7.01008006,7.09593839,13139913.26468672
2005-02-23 03:45:00,NSE:BEL,7.07068594,7.13028193,7.05048398,7.07977703,7416409.16171267
2005-02-24 03:45:00,NSE:BEL,7.07977703,7.33331142,7.07371613,7.10704927,18701254.88308686
2005-02-25 03:45:00,NSE:BEL,7.1413928,7.21715015,7.02270629,7.19543284,7007933.94110708
2005-02-28 03:45:00,NSE:BEL,7.27270554,7.38432127,7.0918978,7.22523083,14502949.33771089
2005-03-01 03:45:00,NSE:BEL,7.15654427,7.20906947,7.05199933,7.11311016,5990012.89935559
2005-03-02 03:45:00,NSE:BEL,7.32321044,7.32321044,7.0929082,7.13280717,7444228.24484165
2005-03-03 03:45:00,NSE:BEL,7.17169574,7.49795729,7.15300913,7.45603853,10515811.42334602
2005-03-04 03:45:00,NSE:BEL,7.33432132,7.545432,7.33432132,7.44189695,7412548.1501752
2005-03-07 03:45:00,NSE:BEL,7.38432127,7.58583592,7.35351338,7.53886616,30298248.53722144
2005-03-08 03:45:00,NSE:BEL,7.61613886,7.61613886,7.41411926,7.47320979,3480058.39910995
2005-03-09 03:45:00,NSE:BEL,7.47523009,7.52523004,7.31310946,7.37826088,4242261.67672567
2005-03-10 03:45:00,NSE:BEL,7.37371534,7.42422024,7.3454327,7.42169499,6471550.33828569
2005-03-11 03:45:00,NSE:BEL,7.3434124,7.46967465,7.3434124,7.42219994,11225148.54298709
2005-03-14 03:45:00,NSE:BEL,7.37371534,7.52270479,7.2929075,7.30300848,1482529.43009421
2005-03-15 03:45:00,NSE:BEL,7.31563471,7.32321044,7.1424027,7.15553438,4643905.8769188
2005-03-16 03:45:00,NSE:BEL,7.22321054,7.25250358,7.16159476,7.19038235,2986937.92556743
2005-03-17 03:45:00,NSE:BEL,7.16159476,7.1898774,7.03028202,7.06058496,3993374.93300234
2005-03-18 03:45:00,NSE:BEL,7.16967544,7.16967544,6.86917129,7.03381716,2805470.38330615
2005-03-21 03:45:00,NSE:BEL,7.07068594,7.07068594,6.91967619,6.95907021,3347398.00269418
2005-03-22 03:45:00,NSE:BEL,6.83886835,6.96967614,6.71816154,6.80654512,8703116.00664986
2005-03-23 03:45:00,NSE:BEL,6.75755556,6.86715099,6.62876807,6.67220218,5792903.31035275
2005-03-24 03:45:00,NSE:BEL,6.70705067,6.71967689,6.56563695,6.6383641,9317412.84229157
2005-03-28 03:45:00,NSE:BEL,6.80806046,6.80806046,6.59947503,6.64745468,3662020.9428504
2005-03-29 03:45:00,NSE:BEL,6.68634376,6.68684871,6.40402127,6.53684936,5932988.72895597
2005-03-30 03:45:00,NSE:BEL,6.36361735,6.56563695,6.31311245,6.52573797,12326922.83530885
2005-03-31 03:45:00,NSE:BEL,6.56563695,6.84846438,6.56563695,6.74947488,4564705.64025267
2005-04-01 03:45:00,NSE:BEL,7.06058496,7.06058496,6.61664679,6.81513125,12176541.38593903
2005-04-04 03:45:00,NSE:BEL,6.95957516,7.24189765,6.8888683,7.07270624,9435817.19610744
2005-04-05 03:45:00,NSE:BEL,7.37371534,7.37371534,6.95199943,6.99442364,6471154.33710236
2005-04-06 03:45:00,NSE:BEL,7.04593844,7.07068594,6.86866634,6.92624203,8792513.27378676
2005-04-07 03:45:00,NSE:BEL,6.92169649,7.12119084,6.92169649,7.02422164,9830927.37677562
2005-04-08 03:45:00,NSE:BEL,7.02018104,7.04492854,6.8383634,6.95401972,6848345.46422482
2005-04-11 03:45:00,NSE:BEL,6.92422173,7.04997903,6.89896928,7.00048403,3326607.94056932
2005-04-12 03:45:00,NSE:BEL,6.96967614,7.26260456,6.96967614,7.20654422,9582634.63482729
2005-04-13 03:45:00,NSE:BEL,7.26058426,7.46462416,7.2424026,7.32371539,13903601.54673992
2005-04-15 03:45:00,NSE:BEL,7.07321119,7.30300848,7.07321119,7.22775608,3219984.62195753
2005-04-18 03:45:00,NSE:BEL,7.77674464,7.77674464,6.89896928,7.22725113,6540949.54566439
2005-04-19 03:45:00,NSE:BEL,7.46462416,7.6464418,7.27624068,7.35502873,10047243.02317
2005-04-20 03:45:00,NSE:BEL,7.51512906,7.52523004,7.38886681,7.43836181,3860120.53481157
2005-04-21 03:45:00,NSE:BEL,7.42422024,7.6969467,7.32321044,7.60199728,9647083.82741435
2005-04-22 03:45:00,NSE:BEL,7.18735216,7.97977413,7.18735216,7.90553213,11683321.91210067
2005-04-25 03:45:00,NSE:BEL,8.03027903,8.06664236,7.82825944,7.86310792,6618466.77730137
2005-04-26 03:45:00,NSE:BEL,7.94947119,7.94947119,7.82825944,7.83886536,9251181.64437951
2005-04-27 03:45:00,NSE:BEL,7.65856307,7.91815836,7.65856307,7.78230008,1808834.40515868
2005-04-28 03:45:00,NSE:BEL,7.72724964,7.92926923,7.65654278,7.70957292,4398583.14384545
2005-04-29 03:45:00,NSE:BEL,7.87876434,7.87876434,7.38381632,7.50452313,9805880.30192995
2005-05-02 03:45:00,NSE:BEL,7.51563401,7.62623984,7.34846289,7.49593699,6403834.13593614
2005-05-03 03:45:00,NSE:BEL,7.5176543,7.62623984,7.39442225,7.594927,3850913.50729913
2005-05-04 03:45:00,NSE:BEL,7.66260316,7.74694665,7.59745225,7.70048184,1692212.0566678
2005-05-05 03:45:00,NSE:BEL,7.77724959,7.92926923,7.72977488,7.76512831,20970143.66297995
2005-05-06 03:45:00,NSE:BEL,7.82825944,7.82825944,7.70906797,7.78381492,2758247.24219397
2005-05-09 03:45:00,NSE:BEL,7.83836042,7.90856233,7.78937087,7.85654208,6345720.96228237
2005-05-10 03:45:00,NSE:BEL,7.80805748,7.88785542,7.78128968,7.83078468,3261762.74679892
2005-05-11 03:45:00,NSE:BEL,7.77775454,7.83078468,7.75250209,7.7721991,5722811.10090322
2005-05-12 03:45:00,NSE:BEL,7.87674404,7.87674404,7.75452238,7.78027978,6770828.23258784
2005-05-13 03:45:00,NSE:BEL,7.92775389,7.92775389,7.7979565,7.82825944,22553455.39423182
2005-05-16 03:45:00,NSE:BEL,7.62674479,8.00906718,7.62674479,7.94947119,9254349.65384616
2005-05-17 03:45:00,NSE:BEL,7.94947119,8.09088491,7.82825944,7.94593605,6204942.54160831
2005-05-18 03:45:00,NSE:BEL,7.95957217,7.9989662,7.83987576,7.93078458,5865668.52778976
2005-05-19 03:45:00,NSE:BEL,8.07573344,8.07573344,7.92926923,7.96866326,6301962.83152433
2005-05-20 03:45:00,NSE:BEL,7.96967315,8.00957213,7.88027968,7.91613806,2175234.50003539
2005-05-23 03:45:00,NSE:BEL,8.00906718,8.00906718,7.88886532,7.92623904,1687163.04158033
2005-05-24 03:45:00,NSE:BEL,8.02522854,8.02522854,7.90906728,7.92775389,5179200.47648604
2005-05-25 03:45:00,NSE:BEL,7.97977413,8.05755178,7.74038081,8.03280428,12319002.81164224
2005-05-26 03:45:00,NSE:BEL,8.08078393,8.11108687,7.94947119,8.00805678,6038523.0443136
2005-05-27 03:45:00,NSE:BEL,8.01007707,8.06058197,7.93937021,7.96411772,1334424.98752853
2005-05-30 03:45:00,NSE:BEL,8.06058197,8.06058197,7.74846149,7.82573419,1800320.37971707
2005-05-31 03:45:00,NSE:BEL,7.8484614,8.06967306,7.78886541,8.00149144,8762615.1844453
2005-06-01 03:45:00,NSE:BEL,7.73735062,8.06058197,7.73735062,7.97876424,4721522.10885161
2005-06-02 03:45:00,NSE:BEL,7.76765356,7.98886522,7.73836051,7.89038066,449362.34278448
2005-06-03 03:45:00,NSE:BEL,7.82825944,7.92825934,7.79846144,7.84038071,2234733.67783082
2005-06-06 03:45:00,NSE:BEL,7.83836042,7.95957217,7.78886541,7.82623914,2029407.06427387
2005-06-07 03:45:00,NSE:BEL,8.13128883,8.89896331,7.80906737,7.82876438,1455304.34874022
2005-06-08 03:45:00,NSE:BEL,7.38381632,7.87876434,7.38381632,7.77775454,2989016.93177992
2005-06-09 03:45:00,NSE:BEL,7.77775454,7.87825939,7.76260307,7.78533027,13197234.43597383
2005-06-10 03:45:00,NSE:BEL,7.88583512,7.88583512,7.70199719,7.70553233,2011983.01220732
2005-06-13 03:45:00,NSE:BEL,7.70654273,7.70654273,7.58583592,7.61007847,1652413.93774307
2005-06-14 03:45:00,NSE:BEL,7.67623979,7.67674474,7.57573494,7.59341165,17990729.7598958
2005-06-15 03:45:00,NSE:BEL,7.76765356,7.76765356,7.47472514,7.49442215,3600343.75854665
2005-06-16 03:45:00,NSE:BEL,7.53937161,7.58583592,7.47523009,7.48129098,1515298.52801482
2005-06-17 03:45:00,NSE:BEL,7.77775454,7.77775454,7.38432127,7.47674544,3222657.62994502
2005-06-20 03:45:00,NSE:BEL,7.47674544,7.47977563,7.24290755,7.27573573,6322554.89305752
2005-06-21 03:45:00,NSE:BEL,7.27270554,7.45856377,7.27270554,7.44391725,3113757.30452908
2005-06-22 03:45:00,NSE:BEL,7.57371464,7.57371464,7.3434124,7.37068515,4975952.86914157
2005-06-23 03:45:00,NSE:BEL,7.41361431,7.4444222,7.36361436,7.37371534,7354335.97622559
2005-06-24 03:45:00,NSE:BEL,7.38381632,7.66664376,7.17169574,7.45199793,38225895.22661402
2005-06-27 03:45:00,NSE:BEL,7.43432122,7.49442215,7.28432187,7.32826093,10192080.45597319
2005-06-28 03:45:00,NSE:BEL,7.37219999,7.44745239,7.14644329,7.20351403,16322772.77570701
2005-06-29 03:45:00,NSE:BEL,7.21159471,7.21159471,7.02068599,7.12573638,11617090.71418862
2005-06-30 03:45:00,NSE:BEL,7.12119084,7.26159466,6.8888683,6.99694889,21068252.95615012
2005-07-01 03:45:00,NSE:BEL,7.040383,7.33331142,7.02220134,7.26765505,10559470.55380822
2005-07-04 03:45:00,NSE:BEL,7.17169574,7.41411926,7.17169574,7.25401893,11173371.3882666
2005-07-05 03:45:00,NSE:BEL,7.30199858,7.52523004,7.22220064,7.38078613,8399779.10021857
2005-07-06 03:45:00,NSE:BEL,7.42523014,7.60553293,7.42523014,7.58028048,4514710.49085717
2005-07-07 03:45:00,NSE:BEL,7.58028048,7.65654278,7.38634156,7.48482612,9305235.80590415
2005-07-08 03:45:00,NSE:BEL,7.57573494,7.63533092,7.50502808,7.55957357,4228005.63412576
2005-07-11 03:45:00,NSE:BEL,7.8474515,7.8474515,7.48482612,7.5176543,1898033.67170392
2005-07-12 03:45:00,NSE:BEL,7.17321109,7.61815915,7.17321109,7.57775523,8271276.71622776
2005-07-13 03:45:00,NSE:BEL,7.62320964,7.80755253,7.49240185,7.59038146,8919629.65363591
2005-07-14 03:45:00,NSE:BEL,7.62623984,7.73735062,7.545432,7.594927,1965650.87375763
2005-07-15 03:45:00,NSE:BEL,7.76765356,7.77775454,7.57573494,7.60199728,6505507.43975629
2005-07-18 03:45:00,NSE:BEL,7.60603788,7.77775454,7.28381642,7.73129023,4836758.45320084
2005-07-19 03:45:00,NSE:BEL,7.77775454,7.86260297,7.70704768,7.7742194,7341762.93865484
2005-07-20 03:45:00,NSE:BEL,7.82825944,7.82825944,7.70704768,7.76563326,1138404.40177985
2005-07-21 03:45:00,NSE:BEL,7.80300699,7.80704758,7.68684572,7.72522934,1378084.11799074
2005-07-22 03:45:00,NSE:BEL,7.75755258,7.92926923,7.71714866,7.79038076,16821833.26699948
2005-07-25 03:45:00,NSE:BEL,7.87674404,8.50553004,7.7474516,7.86866336,47568751.14493458
2005-07-26 03:45:00,NSE:BEL,7.92926923,7.92926923,7.50502808,7.58028048,12399886.05333753
2005-07-27 03:45:00,NSE:BEL,7.48583601,7.72724964,7.42422024,7.60502798,2017032.02729478
2005-07-29 03:45:00,NSE:BEL,7.62623984,7.6454319,7.33331142,7.37624058,4953578.80228339
2005-08-01 03:45:00,NSE:BEL,7.4206851,7.57573494,7.40755342,7.55098744,1687955.04394699
2005-08-02 03:45:00,NSE:BEL,7.545432,7.85856238,7.47472514,7.71563331,9247122.63225037
2005-08-03 03:45:00,NSE:BEL,7.72724964,7.98987511,7.72724964,7.86512821,12975671.77390032
2005-08-04 03:45:00,NSE:BEL,7.92926923,8.09088491,7.88027968,7.96310732,3681623.00142527
2005-08-05 03:45:00,NSE:BEL,7.88027968,8.07068295,7.82825944,7.8484614,6829337.40742495
2005-08-08 03:45:00,NSE:BEL,7.65654278,7.97977413,7.62674479,7.66260316,1016535.03760984
2005-08-09 03:45:00,NSE:BEL,7.71714866,7.81815846,7.57573494,7.60704777,1317000.93546198
2005-08-10 03:45:00,NSE:BEL,7.62724973,7.76765356,7.62674479,7.72472439,2526982.55112886
2005-08-11 03:45:00,NSE:BEL,7.92926923,8.02926914,7.72724964,7.72876499,7237218.62625554
2005-08-12 03:45:00,NSE:BEL,7.67724969,7.80704758,7.65654278,7.7206838,2623705.84015737
2005-08-16 03:45:00,NSE:BEL,7.67674474,7.74694665,7.62623984,7.65704773,2565592.6665036
2005-08-17 03:45:00,NSE:BEL,7.80805748,7.80805748,7.63129033,7.65149229,4541242.57014032
2005-08-18 03:45:00,NSE:BEL,7.87876434,7.87876434,7.55553298,7.57623989,2368087.07631742
2005-08-19 03:45:00,NSE:BEL,7.70704768,7.70704768,7.48482612,7.50502808,3037527.07673793
2005-08-22 03:45:00,NSE:BEL,7.61462351,7.64139131,7.43937171,7.45755337,2103162.2846692
2005-08-23 03:45:00,NSE:BEL,7.47472514,7.55452308,7.20199868,7.24745309,3142170.38943306
2005-08-24 03:45:00,NSE:BEL,7.42422024,7.42422024,7.08129187,7.10300918,4955855.80908754
2005-08-25 03:45:00,NSE:BEL,7.15149378,7.26260456,7.040383,7.07573643,10944680.70489314
2005-08-26 03:45:00,NSE:BEL,7.21209966,7.57472504,7.13129182,7.27068524,4810325.37421352
2005-08-29 03:45:00,NSE:BEL,7.27270554,7.27270554,7.17220069,7.22674618,749234.23886163
2005-08-30 03:45:00,NSE:BEL,7.29795799,7.32321044,7.22371599,7.26361446,3948131.79780681
2005-08-31 03:45:00,NSE:BEL,7.27270554,7.27270554,7.1918977,7.22371599,3793493.33571618
2005-09-01 03:45:00,NSE:BEL,7.6969467,7.6969467,7.22220064,7.25048328,10646095.81266181
2005-09-02 03:45:00,NSE:BEL,7.22220064,7.30098818,7.22220064,7.26765505,3477682.39200997
2005-09-05 03:45:00,NSE:BEL,7.27270554,7.31715005,7.23230162,7.26866495,1639147.89810149
2005-09-06 03:45:00,NSE:BEL,7.27270554,7.55553298,7.27270554,7.50199789,3332745.95891094
2005-09-08 03:45:00,NSE:BEL,7.52523004,7.7979565,6.79442434,7.75704763,9628471.77179781
2005-09-09 03:45:00,NSE:BEL,7.72724964,7.7474516,7.63886606,7.6711893,3915560.70047786
2005-09-12 03:45:00,NSE:BEL,7.67674474,7.80805748,7.5959369,7.65957297,1003169.99767243
2005-09-13 03:45:00,NSE:BEL,7.69189621,7.82825944,7.61664381,7.76411842,2628259.85376568
2005-09-14 03:45:00,NSE:BEL,7.76765356,8.01967311,7.58684581,7.76411842,11189607.43678316
2005-09-15 03:45:00,NSE:BEL,7.87825939,7.96462266,7.77775454,7.82623914,2743991.19959407
2005-09-16 03:45:00,NSE:BEL,7.59846214,7.92421875,7.33987726,7.77270405,4382644.09621639
2005-09-19 03:45:00,NSE:BEL,7.8989663,7.8989663,7.7474516,7.83886536,2071482.19000275
2005-09-20 03:45:00,NSE:BEL,7.91815836,7.9979558,7.67775463,7.87573414,4741718.16920148
2005-09-21 03:45:00,NSE:BEL,8.08078393,8.08078393,7.62775519,7.80048174,5841116.45442326
2005-09-22 03:45:00,NSE:BEL,7.76664366,7.7979565,7.22220064,7.30199858,4029213.04009376
2005-09-23 03:45:00,NSE:BEL,7.23381697,7.62623984,7.23230162,7.5216949,2609152.79666997
2005-09-26 03:45:00,NSE:BEL,7.55553298,7.77775454,7.4949271,7.73886597,6955562.7846116
2005-09-27 03:45:00,NSE:BEL,7.86866336,7.87876434,7.68735066,7.7711887,5586586.69383747
2005-09-28 03:45:00,NSE:BEL,8.17926849,8.17926849,7.68078533,7.78432038,3053268.12377532
2005-09-29 03:45:00,NSE:BEL,7.80805748,8.02926914,7.80805748,7.96411772,10293852.76008918
2005-09-30 03:45:00,NSE:BEL,8.08078393,8.66159028,7.98987511,8.60401459,53081483.61808089
2005-10-03 03:45:00,NSE:BEL,8.63633783,8.83835743,8.60401459,8.69744866,23495443.20907965
2005-10-04 03:45:00,NSE:BEL,8.74744861,8.78785253,8.54542901,8.6019943,11980619.80048618
2005-10-05 03:45:00,NSE:BEL,8.58583293,8.80805449,8.42421725,8.46664147,11216139.51606631
2005-10-06 03:45:00,NSE:BEL,8.43431823,8.72623675,8.38381333,8.4474494,8215737.55026564
2005-10-07 03:45:00,NSE:BEL,8.48431818,8.55552999,8.08078393,8.15149079,24598405.5049514
2005-10-10 03:45:00,NSE:BEL,8.18179373,8.23229863,7.87876434,7.94896625,5518771.49119209
2005-10-11 03:45:00,NSE:BEL,8.05048099,8.05048099,7.78027978,7.89846135,4814384.38634265
2005-10-13 03:45:00,NSE:BEL,7.87775444,8.13128883,7.63129033,7.73735062,11043086.99895081
2005-10-14 03:45:00,NSE:BEL,7.87825939,7.87825939,7.50502808,7.545432,5729642.12131567
2005-10-17 03:45:00,NSE:BEL,7.60098739,7.60098739,7.37371534,7.53533102,8328696.88781071
2005-10-18 03:45:00,NSE:BEL,7.72724964,7.72724964,7.48482612,7.52977558,8784395.24952848
2005-10-19 03:45:00,NSE:BEL,7.50502808,7.55553298,7.26260456,7.47826028,7968830.81245896
2005-10-20 03:45:00,NSE:BEL,7.51512906,7.62623984,7.39896779,7.55250279,10265439.6751852
2005-10-21 03:45:00,NSE:BEL,7.55553298,7.85856238,7.42523014,7.76765356,5635096.83879548
2005-10-24 03:45:00,NSE:BEL,7.8979564,7.90805738,7.67724969,7.75199714,1824575.45219608
2005-10-25 03:45:00,NSE:BEL,7.77775454,7.77775454,7.53684637,7.68280512,8381266.04489786
2005-10-26 03:45:00,NSE:BEL,7.70704768,7.85250199,7.64694675,7.80250204,16833218.30102024
2005-10-27 03:45:00,NSE:BEL,7.49593699,7.86007772,7.22220064,7.44391725,32778799.94960478
2005-10-28 03:45:00,NSE:BEL,7.36361436,7.37270544,7.21209966,7.29694809,4903385.65229622
2005-10-31 03:45:00,NSE:BEL,7.47472514,7.47472514,7.27270554,7.3444223,2860613.54808495
2005-11-01 03:45:00,NSE:BEL,7.42422024,7.42422024,7.32321044,7.37775593,2064255.16840697
2005-11-02 03:45:00,NSE:BEL,7.36361436,7.66361356,7.33836191,7.64088636,5058816.11675351
2005-11-07 03:45:00,NSE:BEL,7.66664376,7.86260297,7.66664376,7.77068375,3974663.87708996
2005-11-08 03:45:00,NSE:BEL,7.85654208,7.9949256,7.77775454,7.8732089,6127920.3114505
2005-11-09 03:45:00,NSE:BEL,7.87876434,8.22118776,7.81815846,8.03078398,14742332.05303429
2005-11-10 03:45:00,NSE:BEL,8.06058197,8.28280353,7.96967315,8.12724824,18240210.50539412
2005-11-11 03:45:00,NSE:BEL,8.18229868,8.41411627,8.18229868,8.35704553,18933113.57592696
2005-11-14 03:45:00,NSE:BEL,8.43431823,8.63633783,8.38684352,8.5019949,17272977.61510895
2005-11-16 03:45:00,NSE:BEL,8.52522705,8.76209513,8.44593456,8.58280274,19541074.39263538
2005-11-17 03:45:00,NSE:BEL,8.63633783,8.63633783,8.40755043,8.52623695,5346411.97614741
2005-11-18 03:45:00,NSE:BEL,8.55552999,8.59593391,8.3762376,8.44340931,3758249.23039975
2005-11-21 03:45:00,NSE:BEL,8.48280283,8.48280283,8.14138981,8.17371305,13149516.29338249
2005-11-22 03:45:00,NSE:BEL,8.23229863,8.37876284,8.0969453,8.12522845,18716005.92716593
2005-11-23 03:45:00,NSE:BEL,8.18179373,8.31058123,8.08078393,8.24795505,11331474.86071137
2005-11-24 03:45:00,NSE:BEL,8.27270255,8.47371225,8.23229863,8.3989648,15463747.20876694
2005-11-25 03:45:00,NSE:BEL,8.63633783,8.97876125,8.40452024,8.90855934,30843542.16666779
2005-11-28 03:45:00,NSE:BEL,9.24239662,9.58582994,9.13179079,9.47875976,30567034.34040713
2005-11-29 03:45:00,NSE:BEL,9.94946522,9.94946522,9.36411333,9.506032,24726313.88716722
2005-11-30 03:45:00,NSE:BEL,9.54542602,9.78784954,9.29492182,9.36562868,23642458.64839116
2005-12-01 03:45:00,NSE:BEL,9.4545172,9.51512308,9.27269956,9.46865878,11744702.09551693
2005-12-02 03:45:00,NSE:BEL,9.49492112,9.62623386,9.27269956,9.3297703,14039924.95410151
2005-12-05 03:45:00,NSE:BEL,9.45401225,9.51411319,9.27370946,9.36310344,12988838.81324607
2005-12-06 03:45:00,NSE:BEL,9.44239593,9.44239593,9.05047801,9.14088188,21420100.00753942
2005-12-07 03:45:00,NSE:BEL,9.1514878,9.29290152,9.06108393,9.09492252,13080612.08748296
2005-12-08 03:45:00,NSE:BEL,9.14239672,9.36360838,9.05047801,9.31461883,10006652.90187861
2005-12-09 03:45:00,NSE:BEL,9.30552775,9.49492112,9.30552775,9.44795136,14358705.9066827
2005-12-12 03:45:00,NSE:BEL,9.44795136,9.7070417,9.44795136,9.6070418,18543349.41123375
2005-12-13 03:45:00,NSE:BEL,9.6060319,9.62118337,9.49643647,9.54997156,13165752.34189905
2005-12-14 03:45:00,NSE:BEL,9.54542602,9.58582994,9.29896191,9.36865887,4437688.26069935
2005-12-15 03:45:00,NSE:BEL,9.59492103,9.59492103,9.01007409,9.11259923,5845373.46714406
2005-12-16 03:45:00,NSE:BEL,9.24239662,9.24239662,9.11411408,9.18482094,10719752.03276131
2005-12-19 03:45:00,NSE:BEL,9.2524976,9.57572896,9.22219466,9.46663848,15211296.45439364
2005-12-20 03:45:00,NSE:BEL,9.51512308,9.67673876,9.42269891,9.56714333,21684232.79682098
2005-12-21 03:45:00,NSE:BEL,9.64492047,9.83835444,9.56562798,9.71512238,21625723.62198388
2005-12-22 03:45:00,NSE:BEL,9.7080516,9.89896032,9.7080516,9.76209214,9362160.97600793
2005-12-23 03:45:00,NSE:BEL,9.84542523,9.84542523,9.57572896,9.60956704,11966264.75759044
2005-12-26 03:45:00,NSE:BEL,9.59694082,9.59694082,8.84088267,9.41512318,14525323.40456908
2005-12-27 03:45:00,NSE:BEL,9.63633484,10.060576,9.3030025,9.96209144,12517300.40419507
2005-12-28 03:45:00,NSE:BEL,9.99491963,10.10097992,9.79997082,9.87976825,27294876.56254578
2005-12-29 03:45:00,NSE:BEL,9.89896032,10.03330325,9.75199116,9.82774851,11683420.91239651
2005-12-30 03:45:00,NSE:BEL,9.89289993,10.10097992,9.83835444,10.03178841,8960219.7749273
2006-01-02 03:45:00,NSE:BEL,10.08077796,10.1110809,9.92926326,9.99037409,9996356.87111201
2006-01-03 03:45:00,NSE:BEL,10.09592943,10.10097992,9.99896022,10.04390918,4495207.43257813
2006-01-04 03:45:00,NSE:BEL,10.08077796,10.24239364,9.96108155,10.01764683,5301762.84272688
2006-01-05 03:45:00,NSE:BEL,9.99997012,10.07067698,9.79795052,9.96360679,3129498.35156648
2006-01-06 03:45:00,NSE:BEL,10.01815178,10.22219168,9.92926326,9.99239438,13043090.97536237
2006-01-09 03:45:00,NSE:BEL,9.99997012,10.1615858,9.69694072,9.96461669,16829852.29096193
2006-01-10 03:45:00,NSE:BEL,9.99997012,9.99997012,9.69391053,9.75401146,10304841.7929266
2006-01-12 03:45:00,NSE:BEL,9.77774856,9.94794987,9.6565368,9.88734399,10513534.41654187
2006-01-13 03:45:00,NSE:BEL,9.98885924,10.60602891,9.92926326,10.34845393,27390015.84684098
2006-01-16 03:45:00,NSE:BEL,10.40400931,10.53532205,10.11613139,10.18835339,7168512.42094767
2006-01-17 03:45:00,NSE:BEL,10.20198972,10.40400931,9.95047511,9.99946517,10156341.3491776
2006-01-18 03:45:00,NSE:BEL,9.93936424,10.16966658,9.73330405,10.09542448,9332361.8869623
2006-01-19 03:45:00,NSE:BEL,10.17623222,10.54996847,10.17168678,10.47724142,10838453.38746469
2006-01-20 03:45:00,NSE:BEL,10.70703871,10.70703871,10.48481715,10.64946313,11970224.76942375
2006-01-23 03:45:00,NSE:BEL,10.70703871,11.09087595,10.35350442,10.97875507,15503842.32857917
2006-01-24 03:45:00,NSE:BEL,11.02925997,11.40400633,11.02925997,11.23380481,14213076.47151284
2006-01-25 03:45:00,NSE:BEL,11.40400633,12.18178178,11.26259261,12.06562051,18932816.57503947
2006-01-27 03:45:00,NSE:BEL,12.13127688,12.47925564,11.6161269,11.72875283,25196169.29118905
2006-01-30 03:45:00,NSE:BEL,11.93279263,12.04036806,11.02269433,11.14996668,17580670.53455688
2006-01-31 03:45:00,NSE:BEL,11.41360226,11.46461221,11.11107791,11.19542109,11263758.65836183
2006-02-01 03:45:00,NSE:BEL,11.26259261,11.56562201,10.93128047,11.05552252,66273075.03719227
2006-02-02 03:45:00,NSE:BEL,10.82825047,11.33329947,10.82825047,11.18633021,15868559.41842672
2006-02-03 03:45:00,NSE:BEL,11.22218869,11.26057241,11.01006811,11.08380526,10885082.52680187
2006-02-06 03:45:00,NSE:BEL,11.15148183,11.31309751,11.04037105,11.10804761,13101798.15079115
2006-02-07 03:45:00,NSE:BEL,11.11158296,11.46461221,11.11158296,11.30451167,29457538.02501042
2006-02-08 03:45:00,NSE:BEL,11.46461221,11.53531907,11.28279457,11.37723873,24159735.19411685
2006-02-10 03:45:00,NSE:BEL,11.41461236,11.49491515,11.14542124,11.20249178,21411783.98268948
2006-02-13 03:45:00,NSE:BEL,11.30148138,11.31208741,11.06107806,11.10602742,25980548.63507129
2006-02-14 03:45:00,NSE:BEL,11.19188575,11.36107716,11.01107821,11.07824972,28260525.44809764
2006-02-15 03:45:00,NSE:BEL,11.09087595,11.19188575,10.6615843,10.74491739,26985203.6371812
2006-02-16 03:45:00,NSE:BEL,10.85855341,10.85855341,10.61663494,10.6636045,18685414.83575364
2006-02-17 03:45:00,NSE:BEL,10.80804851,10.80804851,10.23229266,10.38784775,16077945.04411282
2006-02-20 03:45:00,NSE:BEL,10.30299952,10.37320133,10.05148491,10.19087864,20734819.95978569
2006-02-21 03:45:00,NSE:BEL,10.30198942,10.49491813,10.22219168,10.31411059,13777574.17014494
2006-02-22 03:45:00,NSE:BEL,10.40198912,10.40198912,10.20704021,10.29744398,22317042.6877834
2006-02-23 03:45:00,NSE:BEL,10.3131005,10.35148422,9.90249546,9.99239438,37559722.23595599
2006-02-24 03:45:00,NSE:BEL,10.10097992,10.86107866,10.10097992,10.79087685,26568412.39172568
2006-02-27 03:45:00,NSE:BEL,10.74744263,10.9893611,10.34946402,10.83582621,21734326.94651232
2006-02-28 03:45:00,NSE:BEL,10.90804821,11.30299653,10.75855371,11.11158296,95831296.36306445
2006-03-01 03:45:00,NSE:BEL,11.16158281,11.50501613,11.11107791,11.36915795,36717031.71782832
2006-03-02 03:45:00,NSE:BEL,11.45451123,12.41410432,11.25249163,11.84087371,68319213.15146184
2006-03-03 03:45:00,NSE:BEL,11.9944086,12.3737004,11.81612631,12.08430732,26886005.34075687
2006-03-06 03:45:00,NSE:BEL,12.1716808,12.27673099,11.99996414,12.07723664,19330104.76221596
2006-03-07 03:45:00,NSE:BEL,11.9696612,12.40400334,11.9696612,12.26309467,15615316.66168676
2006-03-08 03:45:00,NSE:BEL,12.33531667,13.33329349,12.23228668,12.43733657,67741744.42586988
2006-03-09 03:45:00,NSE:BEL,12.56814426,12.82218391,12.13632737,12.60955828,35161143.0685221
2006-03-10 03:45:00,NSE:BEL,12.9272341,13.22218271,12.7272347,12.98581978,21718486.89917908
2006-03-13 03:45:00,NSE:BEL,13.09491036,13.21208173,12.81056778,12.89289077,12344742.88855873
2006-03-14 03:45:00,NSE:BEL,12.88885037,12.93935527,12.52673024,12.60198254,20602852.56544075
2006-03-16 03:45:00,NSE:BEL,12.99996115,13.62016132,12.2221857,13.42167706,44367081.5777061
2006-03-17 03:45:00,NSE:BEL,13.73733269,13.93834219,13.24238467,13.34793991,79270922.87735909
2006-03-20 03:45:00,NSE:BEL,13.47470721,13.73632259,13.38379839,13.50046471,30002732.65416093
2006-03-21 03:45:00,NSE:BEL,13.60298965,13.80298906,13.39389937,13.50955559,34712275.72721679
2006-03-22 03:45:00,NSE:BEL,13.52773735,13.61612093,13.09188007,13.2787482,37119566.92068394
2006-03-23 03:45:00,NSE:BEL,13.42218211,13.93935229,13.18177879,13.79793857,38916719.29093438
2006-03-24 03:45:00,NSE:BEL,13.88884739,14.14137188,13.85854445,13.94036238,22607707.55634812
2006-03-27 03:45:00,NSE:BEL,14.0302611,14.0302611,13.59591897,13.66612078,22604341.5462898
2006-03-28 03:45:00,NSE:BEL,13.68127225,13.71662568,13.28531384,13.34945506,37534180.15963116
2006-03-29 03:45:00,NSE:BEL,13.43430329,13.64642387,13.33329349,13.52268686,42370542.61164867
2006-03-30 03:45:00,NSE:BEL,13.72723171,13.78783759,13.01006213,13.2024858,148640430.16730973
2006-03-31 03:45:00,NSE:BEL,13.28278859,13.66662583,13.23531399,13.37521256,52034258.4887629
2006-04-03 03:45:00,NSE:BEL,13.51208084,13.76763563,13.37470751,13.61561588,21535534.35248032
2006-04-04 03:45:00,NSE:BEL,13.70702975,13.78783759,13.44591942,13.60298965,19488208.23466073
2006-04-05 03:45:00,NSE:BEL,13.63632289,14.01005915,13.59793916,13.92167557,21532168.342422
2006-04-07 03:45:00,NSE:BEL,14.09086698,14.32824001,13.24238467,13.57066652,24998564.70070705
2006-04-10 03:45:00,NSE:BEL,13.72723171,13.76763563,13.43430329,13.69187828,8622331.76525041
2006-04-12 03:45:00,NSE:BEL,13.78783759,13.93935229,13.29389967,13.45349515,22763732.0225804
2006-04-13 03:45:00,NSE:BEL,13.46915167,13.46915167,12.18178178,12.62672995,31038374.74886648
2006-04-17 03:45:00,NSE:BEL,12.89895135,13.41359628,12.6262249,13.13480924,36785836.92343203
2006-04-18 03:45:00,NSE:BEL,13.33177834,13.83834249,13.19693026,13.65804,38814253.98474755
2006-04-19 03:45:00,NSE:BEL,13.80702945,13.96258454,13.43531339,13.73935288,23325261.7005433
2006-04-20 03:45:00,NSE:BEL,13.73632259,13.87874641,13.55753524,13.76005989,15967955.71544272
2006-04-21 03:45:00,NSE:BEL,13.83834249,13.87874641,13.34339447,13.51965657,19409106.99829044
2006-04-24 03:45:00,NSE:BEL,13.48480819,13.73430239,13.38379839,13.59389877,16552453.46203879
2006-04-25 03:45:00,NSE:BEL,13.53531309,13.58581799,13.25248565,13.32066727,19422868.03941118
2006-04-26 03:45:00,NSE:BEL,13.33329349,13.63632289,13.18177879,13.38177819,4365319.04444567
2006-04-27 03:45:00,NSE:BEL,13.48480819,13.73733269,12.93076944,13.0004662,32366859.71864506
2006-04-28 03:45:00,NSE:BEL,12.43683152,13.53531309,12.1211759,13.4034953,20407326.98117123
2006-05-02 03:45:00,NSE:BEL,13.63632289,14.4332902,13.45450525,14.27116948,24206859.3349332
2006-05-03 03:45:00,NSE:BEL,14.48177491,14.84844048,13.94036238,14.71207725,27850169.22187122
2006-05-04 03:45:00,NSE:BEL,14.63581485,14.90399587,14.35652276,14.50500716,20458807.13500421
2006-05-05 03:45:00,NSE:BEL,14.5848049,14.8373294,14.29440173,14.41308824,12046058.99603157
2006-05-08 03:45:00,NSE:BEL,14.54541108,14.79692548,14.34339148,14.41813873,7492738.38979966
2006-05-09 03:45:00,NSE:BEL,14.49490618,14.56561304,14.26258364,14.44642148,5480359.37640902
2006-05-10 03:45:00,NSE:BEL,14.52318892,14.69642073,14.34541168,14.57621907,9875774.51078782
2006-05-11 03:45:00,NSE:BEL,14.64642088,14.79743053,14.34339148,14.44137099,4947440.78394176
2006-05-12 03:45:00,NSE:BEL,14.14238198,14.42419932,13.9550088,14.08228115,4185534.50721355
2006-05-15 03:45:00,NSE:BEL,14.59591598,14.59591598,13.03026409,13.48733343,8272662.72036942
2006-05-16 03:45:00,NSE:BEL,13.38379839,13.66662583,11.7171367,13.57369681,29709889.7790879
2006-05-17 03:45:00,NSE:BEL,13.57369681,13.88682719,13.49490917,13.62521181,15127641.20441503
2006-05-18 03:45:00,NSE:BEL,13.62622191,13.62622191,12.37875089,12.54036657,17389500.963304
2006-05-19 03:45:00,NSE:BEL,13.13127389,13.53430299,11.41410731,11.73531847,17609380.62034836
2006-05-22 03:45:00,NSE:BEL,11.73531847,11.8181465,9.39391132,11.2398654,49073753.6421828
2006-05-23 03:45:00,NSE:BEL,10.60602891,12.87874939,10.10097992,11.8686514,13070217.05642052
2006-05-24 03:45:00,NSE:BEL,11.8686514,12.0201661,10.75804866,11.03330036,12487006.31367027
2006-05-25 03:45:00,NSE:BEL,11.11006781,11.41410731,10.60703901,10.92218958,29414373.89602738
2006-05-26 03:45:00,NSE:BEL,11.11107791,11.60602592,11.11107791,11.41158206,16726990.98359179
2006-05-29 03:45:00,NSE:BEL,11.7171367,11.73733866,11.4151174,11.68329842,8394730.0851311
2006-05-30 03:45:00,NSE:BEL,11.81713641,11.8686514,11.53531907,11.72521749,10626097.75290361
2006-05-31 03:45:00,NSE:BEL,11.62723798,11.62723798,10.50451406,11.0656235,16796093.19008299
2006-06-01 03:45:00,NSE:BEL,11.12117889,11.31309751,10.30350456,10.53229176,10234452.58258957
2006-06-02 03:45:00,NSE:BEL,10.49390804,10.85754331,10.2120907,10.74946283,10240194.59974787
2006-06-05 03:45:00,NSE:BEL,10.90804821,10.90804821,10.21310079,10.33330246,7620250.77083214
2006-06-06 03:45:00,NSE:BEL,10.20198972,10.50451406,9.76663768,10.09188883,15150411.27245655
2006-06-07 03:45:00,NSE:BEL,9.70855705,10.27269658,9.64643582,9.91714198,11404141.07785255
2006-06-08 03:45:00,NSE:BEL,9.49492112,9.79694062,8.88886233,9.22471991,14194167.41500881
2006-06-09 03:45:00,NSE:BEL,9.39290143,10.05047502,9.19441697,9.95704095,6093666.20909239
2006-06-12 03:45:00,NSE:BEL,9.20906349,10.17168678,9.20906349,9.48684044,10243560.60980618
2006-06-13 03:45:00,NSE:BEL,9.33330544,9.33330544,8.54542901,8.74997385,9771131.19809269
2006-06-14 03:45:00,NSE:BEL,9.03027605,9.19189172,8.19290461,8.40249994,20359014.83680489
2006-06-15 03:45:00,NSE:BEL,8.88886233,8.98785183,8.50755034,8.89542817,16348116.85144017
2006-06-16 03:45:00,NSE:BEL,9.14138683,10.15047472,9.14138683,9.36461828,16456819.17626444
2006-06-19 03:45:00,NSE:BEL,9.44441622,9.91916228,9.12118487,9.77724361,4583416.69616504
2006-06-20 03:45:00,NSE:BEL,9.59593092,10.2625956,9.36966877,9.99037409,8080107.14497488
2006-06-21 03:45:00,NSE:BEL,9.89896032,10.59592793,9.89896032,10.41411029,6931505.71272426
2006-06-22 03:45:00,NSE:BEL,10.60602891,10.93683601,10.50602921,10.73229116,11432752.16334819
2006-06-23 03:45:00,NSE:BEL,10.65653381,11.00804791,10.30299952,10.7903718,8726381.07617054
2006-06-26 03:45:00,NSE:BEL,10.90905831,10.90905831,9.89896032,10.06865668,7477492.34424143
2006-06-27 03:45:00,NSE:BEL,10.35249432,10.35249432,9.90148556,10.1595656,2772305.28420221
2006-06-28 03:45:00,NSE:BEL,9.89997021,10.51512009,9.74744562,10.1873433,5766074.23018209
2006-06-29 03:45:00,NSE:BEL,10.30299952,10.60602891,10.20451496,10.42320118,21351987.80400655
2006-06-30 03:45:00,NSE:BEL,11.06057301,11.08885575,10.60602891,10.81814949,6063867.12004676
2006-07-03 03:45:00,NSE:BEL,10.98986615,11.51511711,10.50653426,10.93128047,5923088.69937271
2006-07-04 03:45:00,NSE:BEL,11.25249163,11.25249163,10.72724067,10.85905846,3197313.55421185
2006-07-05 03:45:00,NSE:BEL,10.60602891,10.95855311,10.60350367,10.90602802,7508083.43565373
2006-07-06 03:45:00,NSE:BEL,10.71814979,11.40400633,10.71814979,11.21309781,5263647.7288313
2006-07-07 03:45:00,NSE:BEL,11.41410731,11.65653082,10.45602936,10.60956426,10356816.94823875
2006-07-10 03:45:00,NSE:BEL,10.65653381,10.95602787,10.45451421,10.83633126,5548273.57935023
2006-07-11 03:45:00,NSE:BEL,10.72016999,11.11006781,10.65754391,10.90804821,4926848.72240857
2006-07-12 03:45:00,NSE:BEL,10.80804851,11.19188575,10.33885799,11.11764355,8796176.28473257
2006-07-13 03:45:00,NSE:BEL,10.80804851,11.50451108,10.80804851,11.37976397,8758259.17142866
2006-07-14 03:45:00,NSE:BEL,11.12269404,11.48481417,10.86865439,11.31663285,5428285.22080103
2006-07-17 03:45:00,NSE:BEL,11.16158281,11.41410731,10.55552401,10.65956411,7097628.20913148
2006-07-18 03:45:00,NSE:BEL,10.60602891,10.70703871,10.03077801,10.31259545,5712020.06865746
2006-07-19 03:45:00,NSE:BEL,10.40400931,10.60501882,9.81815248,10.25754511,5181675.48388185
2006-07-20 03:45:00,NSE:BEL,10.44441323,10.57572597,10.25249462,10.37825182,4693307.0245393
2006-07-21 03:45:00,NSE:BEL,10.41411029,10.60501882,10.06209135,10.11562634,2739932.18746493
2006-07-24 03:45:00,NSE:BEL,9.91158654,10.1575454,9.60754725,10.01310129,3287997.82519458
2006-07-25 03:45:00,NSE:BEL,10.19188874,10.52219078,10.15299996,10.42421127,5001989.94694556
2006-07-26 03:45:00,NSE:BEL,10.43431225,10.65552371,10.31815099,10.55956441,4078218.18653093
2006-07-27 03:45:00,NSE:BEL,10.74744263,11.18178477,10.74744263,11.03077512,30059756.82456055
2006-07-28 03:45:00,NSE:BEL,11.05956291,11.75653053,10.95956321,11.27521883,17720062.95108928
2006-07-31 03:45:00,NSE:BEL,11.56562201,11.79743949,11.21208771,11.30249148,10745096.10849448
2006-08-01 03:45:00,NSE:BEL,11.31309751,11.31309751,10.68885695,10.87976547,16435633.11295625
2006-08-02 03:45:00,NSE:BEL,10.90905831,11.04895688,10.65855401,10.9398663,8276226.7310194
2006-08-03 03:45:00,NSE:BEL,11.15148183,11.15148183,10.30805001,10.46208995,31921259.38710221
2006-08-04 03:45:00,NSE:BEL,10.57572597,10.66663479,10.03027306,10.15552521,34404879.80865635
2006-08-07 03:45:00,NSE:BEL,10.30299952,10.33330246,10.12118188,10.14996967,9105651.20950549
2006-08-08 03:45:00,NSE:BEL,10.25148452,10.50198882,10.1615858,10.43330216,23591968.4975165
2006-08-09 03:45:00,NSE:BEL,10.50501911,10.89794723,10.40400931,10.83481611,18171405.29979042
2006-08-10 03:45:00,NSE:BEL,10.90905831,10.95956321,10.66916004,10.82875552,9794891.26909253
2006-08-11 03:45:00,NSE:BEL,10.90905831,11.03027007,10.69693773,10.90956336,9354438.95293299
2006-08-14 03:45:00,NSE:BEL,10.97976517,11.16158281,10.80804851,10.93633096,9599266.68452718
2006-08-16 03:45:00,NSE:BEL,11.01006811,11.45451123,10.98986615,11.23683511,19035380.88152212
2006-08-17 03:45:00,NSE:BEL,10.92976532,11.36158221,10.55956441,11.18532011,9425125.16415751
2006-08-18 03:45:00,NSE:BEL,11.18683526,11.39390535,11.03027007,11.11663345,9519769.44697354
2006-08-21 03:45:00,NSE:BEL,11.31309751,11.35350143,10.67269538,11.30653187,5622424.80092889
2006-08-22 03:45:00,NSE:BEL,11.45451123,11.59592494,11.33430957,11.42976383,10194357.46277734
2006-08-23 03:45:00,NSE:BEL,11.49946059,11.49946059,11.08077497,11.17370398,4751123.19730558
2006-08-24 03:45:00,NSE:BEL,10.92926027,11.27269359,10.92926027,11.23178462,10245639.61601867
2006-08-25 03:45:00,NSE:BEL,11.3191581,11.66360151,11.31309751,11.56360181,12121398.22116023
2006-08-28 03:45:00,NSE:BEL,11.64642984,11.7676416,11.58582396,11.65097529,16582153.55078859
2006-08-29 03:45:00,NSE:BEL,11.68178327,12.11056987,11.60602592,12.03885291,20219622.42027249
2006-08-30 03:45:00,NSE:BEL,12.1716808,12.20198374,11.77016685,11.87572209,12238416.57083444
2006-08-31 03:45:00,NSE:BEL,11.9191563,11.98683287,11.50501613,11.70602563,11337810.87964466
2006-09-01 03:45:00,NSE:BEL,11.7676416,11.8181465,11.48481417,11.64137935,15629176.70310333
2006-09-04 03:45:00,NSE:BEL,11.80501523,11.84743934,11.65653082,11.70501553,8597977.69247557
2006-09-05 03:45:00,NSE:BEL,11.75754062,11.99390355,11.7171367,11.80602533,7276620.74399694
2006-09-06 03:45:00,NSE:BEL,11.83834846,11.89895434,11.70703572,11.81713641,4357993.02255405
2006-09-07 03:45:00,NSE:BEL,11.76713655,11.91360076,11.57572299,11.85703528,5832800.42957331
2006-09-08 03:45:00,NSE:BEL,11.90400483,11.98077228,11.66814695,11.77622744,4573021.66510261
2006-09-11 03:45:00,NSE:BEL,11.8181465,11.84844944,10.9625935,11.0923911,10712921.01234886
2006-09-12 03:45:00,NSE:BEL,11.01006811,11.34340045,10.87875537,11.29693594,6748256.165138
2006-09-13 03:45:00,NSE:BEL,11.39390535,11.53531907,11.3151177,11.35956201,15065469.01863212
2006-09-14 03:45:00,NSE:BEL,11.55400588,11.55400588,11.31461265,11.35097618,2990798.93710491
2006-09-15 03:45:00,NSE:BEL,11.31309751,11.57117754,11.17269389,11.42976383,6839039.43641655
2006-09-18 03:45:00,NSE:BEL,11.46461221,11.65653082,11.36360241,11.4903697,6253749.68745382
2006-09-19 03:45:00,NSE:BEL,11.53127867,11.55047054,11.0656235,11.23127957,10103079.19001962
2006-09-20 03:45:00,NSE:BEL,11.21208771,11.40400633,11.03279531,11.30097633,8014271.94824616
2006-09-21 03:45:00,NSE:BEL,11.40299623,11.6161269,11.37370339,11.51562215,18121707.15128242
2006-09-22 03:45:00,NSE:BEL,11.51562215,11.6161269,11.31410761,11.36966299,5301564.84213521
2006-09-25 03:45:00,NSE:BEL,11.46158191,11.50501613,11.16158281,11.19491604,13226934.52472364
2006-09-26 03:45:00,NSE:BEL,11.35350143,11.49087475,11.18178477,11.37622863,12950525.69875883
2006-09-27 03:45:00,NSE:BEL,11.60299563,11.60299563,11.27521883,11.32067324,10463935.2683297
2006-09-28 03:45:00,NSE:BEL,11.31309751,11.41410731,11.22218869,11.3439055,8909729.62405264
2006-09-29 03:45:00,NSE:BEL,11.43430927,11.7676416,11.41410731,11.69137921,15128631.20737336
2006-10-03 03:45:00,NSE:BEL,11.71764175,11.83834846,11.6161269,11.66360151,5688358.99795345
2006-10-04 03:45:00,NSE:BEL,11.6666318,11.73228817,11.37067309,11.41107701,4091880.22735584
2006-10-05 03:45:00,NSE:BEL,11.55552103,11.78784356,11.53784431,11.61208651,6822011.38553333
2006-10-06 03:45:00,NSE:BEL,11.51511711,11.8686514,11.51511711,11.79945969,10439086.1940757
2006-10-09 03:45:00,NSE:BEL,12.07673159,12.07673159,11.52521809,11.83178283,10349787.92723463
2006-10-10 03:45:00,NSE:BEL,11.9191563,11.94440875,11.6191572,11.67875298,3477187.39053081
2006-10-11 03:45:00,NSE:BEL,11.79592435,11.79592435,11.22218869,11.32774393,14025074.9097266
2006-10-12 03:45:00,NSE:BEL,11.33329947,11.58481387,11.20299683,11.54542005,8309985.83189834
2006-10-13 03:45:00,NSE:BEL,11.56612705,11.81713641,11.56612705,11.74794469,12583729.60269879
2006-10-16 03:45:00,NSE:BEL,11.7676416,11.91410581,11.7171367,11.78026783,10371864.99320532
2006-10-17 03:45:00,NSE:BEL,11.8181465,11.8181465,11.46461221,11.61006632,6057729.10170514
2006-10-18 03:45:00,NSE:BEL,11.65653082,11.79289405,11.54744024,11.74036896,9034073.99561848
2006-10-19 03:45:00,NSE:BEL,11.84339895,11.84844944,11.58582396,11.70097514,20477716.19150826
2006-10-20 03:45:00,NSE:BEL,11.7676416,11.94945924,11.6666318,11.73531847,7035357.02305274
2006-10-23 03:45:00,NSE:BEL,11.6666318,11.70653068,11.46511725,11.52824838,1619248.83863912
2006-10-26 03:45:00,NSE:BEL,11.64137935,11.64642984,11.42471334,11.53430897,17713528.93156433
2006-10-27 03:45:00,NSE:BEL,11.56612705,11.8686514,11.41410731,11.47572328,14303463.74160807
2006-10-30 03:45:00,NSE:BEL,11.41410731,11.59592494,11.23784521,11.31006721,14553043.48740222
2006-10-31 03:45:00,NSE:BEL,11.40097603,11.46461221,11.20703722,11.22925937,5279190.77527703
2006-11-02 03:45:00,NSE:BEL,11.21208771,11.22218869,11.06057301,11.10249208,15617098.66701175
2006-11-03 03:45:00,NSE:BEL,11.29289555,11.36360241,11.06057301,11.30804702,13667485.84117902
2006-11-06 03:45:00,NSE:BEL,11.4151174,11.47471319,11.24239065,11.39390535,11678965.89908404
2006-11-07 03:45:00,NSE:BEL,11.48481417,11.48481417,11.22370383,11.27976427,9498583.38366535
2006-11-08 03:45:00,NSE:BEL,11.25249163,11.36360241,11.06057301,11.21057256,3887642.61705305
2006-11-09 03:45:00,NSE:BEL,11.82925758,11.82925758,11.16158281,11.28885516,7108518.24167308
2006-11-10 03:45:00,NSE:BEL,11.30299653,11.47269299,11.09087595,11.13026977,25524850.27335351
2006-11-13 03:45:00,NSE:BEL,11.20198673,11.6161269,11.12218899,11.2141079,9579070.62417731
2006-11-14 03:45:00,NSE:BEL,11.35350143,11.35350143,10.95956321,11.16713835,6292161.80223689
2006-11-15 03:45:00,NSE:BEL,11.11107791,11.36360241,11.11107791,11.21865335,19191900.34923356
2006-11-16 03:45:00,NSE:BEL,11.27067339,11.27067339,11.27067339,11.27067339,10907654.59425172
2006-11-17 03:45:00,NSE:BEL,11.56461191,11.6459248,11.22218869,11.32218839,17369007.90206664
2006-11-20 03:45:00,NSE:BEL,11.12117889,11.43430927,10.91107851,11.18228982,12868256.45292187
2006-11-21 03:45:00,NSE:BEL,11.31309751,11.77218704,11.31309751,11.70350038,20667103.75743615
2006-11-22 03:45:00,NSE:BEL,11.77774258,11.95956022,11.61663195,11.81663136,19376238.90007398
2006-11-23 03:45:00,NSE:BEL,11.8181465,12.15147884,11.64642984,11.85349993,16118634.16570004
2006-11-24 03:45:00,NSE:BEL,11.9191563,12.08077198,11.77269209,11.88531802,7024565.99080697
2006-11-27 03:45:00,NSE:BEL,11.89996444,11.95956022,11.64642984,11.74137906,3606085.77570494
2006-11-28 03:45:00,NSE:BEL,11.6666318,11.81713641,11.56562201,11.75653053,6706082.03911328
2006-11-29 03:45:00,NSE:BEL,11.8181465,11.92925728,11.54036956,11.8686514,6303150.83507432
2006-11-30 03:45:00,NSE:BEL,12.04036806,12.070671,11.4151174,11.51006662,26532970.28581758
2006-12-01 03:45:00,NSE:BEL,11.6161269,12.40299324,11.5666321,12.17925654,13810640.26895304
2006-12-04 03:45:00,NSE:BEL,12.22471094,12.61612392,12.22471094,12.38380138,34266477.39508228
2006-12-05 03:45:00,NSE:BEL,12.4242053,12.4747102,12.02521659,12.23077153,7386214.07148371
2006-12-06 03:45:00,NSE:BEL,11.99996414,11.99996414,11.99996414,11.99996414,6719744.07993819
2006-12-07 03:45:00,NSE:BEL,12.53784132,12.53784132,12.53784132,12.53784132,27725131.84823457
2006-12-08 03:45:00,NSE:BEL,12.56561902,12.70703274,12.10198404,12.23077153,26589994.45621719
2006-12-11 03:45:00,NSE:BEL,12.31309452,12.6767298,11.9696612,12.2726906,56635495.23817783
2006-12-12 03:45:00,NSE:BEL,12.26258962,12.58582098,11.51511711,11.75046994,35606347.39888162
2006-12-13 03:45:00,NSE:BEL,11.77774258,12.57572,11.34643074,12.50248789,27371601.7918161
2006-12-14 03:45:00,NSE:BEL,12.53531608,13.27268761,12.48481118,13.03026409,43720411.6453271
2006-12-15 03:45:00,NSE:BEL,13.33329349,13.43430329,12.88127464,12.93885022,46797736.84098976
2006-12-18 03:45:00,NSE:BEL,13.11915272,13.37369741,12.6262249,13.27723305,22741555.95631388
2006-12-19 03:45:00,NSE:BEL,13.28278859,13.31006124,12.6767298,12.83228489,21039047.86887948
2006-12-20 03:45:00,NSE:BEL,12.82824449,13.01006213,12.5252151,12.66208338,17646604.73158144
2006-12-21 03:45:00,NSE:BEL,12.60602294,12.86864841,12.19188276,12.64390161,12673621.87131486
2006-12-22 03:45:00,NSE:BEL,12.71713372,13.01006213,12.54541706,12.7004671,15040718.94467395
2006-12-26 03:45:00,NSE:BEL,12.6767298,12.95652694,12.6767298,12.83380003,12459088.23024546
2006-12-27 03:45:00,NSE:BEL,12.87874939,13.69692877,12.83834547,13.60500985,19033895.87708462
2006-12-28 03:45:00,NSE:BEL,13.82824151,13.82824151,13.19187977,13.38581859,28652467.61929916
2006-12-29 03:45:00,NSE:BEL,13.38379839,13.68682779,13.25248565,13.59490887,9104859.20713883
2007-01-02 03:45:00,NSE:BEL,13.56561603,13.80803955,13.28278859,13.69187828,10450372.22780062
2007-01-03 03:45:00,NSE:BEL,13.78783759,13.78783759,13.27268761,13.47319206,14118729.18958431
2007-01-04 03:45:00,NSE:BEL,13.61612093,13.67672681,13.29490977,13.48379809,9478981.32509048
2007-01-05 03:45:00,NSE:BEL,13.43430329,13.55450495,13.08278919,13.21965747,11564620.5573973
2007-01-08 03:45:00,NSE:BEL,13.23228369,13.23228369,12.93935527,13.00703184,3508174.48312643
2007-01-09 03:45:00,NSE:BEL,13.03026409,13.13076884,12.7777396,12.89339582,9296622.78016671
2007-01-10 03:45:00,NSE:BEL,12.97975919,12.97975919,12.69693176,12.83885052,3358090.03464411
2007-01-11 03:45:00,NSE:BEL,12.87874939,13.02016311,12.45400319,12.91965836,4850915.49550491
2007-01-12 03:45:00,NSE:BEL,13.03026409,13.51006064,13.03026409,13.27066742,9430966.18161164
2007-01-15 03:45:00,NSE:BEL,13.07167811,13.48480819,13.03026409,13.0747084,11063382.0595965
2007-01-16 03:45:00,NSE:BEL,12.94036537,13.21208173,12.87925444,12.93531488,6565798.61991839
2007-01-17 03:45:00,NSE:BEL,12.97975919,13.38177819,12.84844645,13.21309183,7596193.6989448
2007-01-18 03:45:00,NSE:BEL,13.38379839,13.48581829,13.03026409,13.18581918,6965165.81330737
2007-01-19 03:45:00,NSE:BEL,13.23228369,13.28278859,12.92925429,13.16511218,5006345.9599622
2007-01-22 03:45:00,NSE:BEL,13.28278859,13.28278859,13.0004662,13.20501105,5104257.25254071
2007-01-23 03:45:00,NSE:BEL,13.15147585,13.41965687,12.87874939,13.16006169,9108621.21838047
2007-01-24 03:45:00,NSE:BEL,13.23127359,14.08985689,13.13127389,13.92117052,0.0
2007-01-25 03:45:00,NSE:BEL,13.96460474,14.585815,13.57470691,14.26056345,31669204.63391223
2007-01-29 03:45:00,NSE:BEL,14.26258364,14.46460324,13.68783789,14.14036179,9122481.25979704
2007-01-31 03:45:00,NSE:BEL,14.1817758,14.22925041,13.77773661,13.92470586,10713911.01530719
2007-02-01 03:45:00,NSE:BEL,13.91915033,14.05046306,13.67672681,13.75854475,8285730.75941933
2007-02-02 03:45:00,NSE:BEL,13.89591807,14.15147286,13.81814053,13.88935244,7210587.54667656
2007-02-05 03:45:00,NSE:BEL,13.83834249,14.35248236,13.71713073,14.22419992,20405544.97584624
2007-02-06 03:45:00,NSE:BEL,14.08228115,15.70702377,13.67218137,15.266116,65210999.86349939
2007-02-07 03:45:00,NSE:BEL,15.266116,17.01005018,15.17167184,16.81106088,94612206.72018103
2007-02-08 03:45:00,NSE:BEL,16.86863646,17.71105819,15.65651887,16.93530293,70333572.17076913
2007-02-09 03:45:00,NSE:BEL,16.91914136,17.18176684,16.06055807,16.12823463,44128490.86474938
2007-02-12 03:45:00,NSE:BEL,16.14136591,16.90904038,15.60702407,15.85702332,16547602.447543
2007-02-13 03:45:00,NSE:BEL,15.84641729,16.61459682,15.40399437,15.95550788,11236830.57789534
2007-02-14 03:45:00,NSE:BEL,16.01005317,16.61611196,15.43429731,16.44389026,13526707.42050496
2007-02-15 03:45:00,NSE:BEL,16.66661686,17.67671486,16.47722349,17.44388727,25642660.62539439
2007-02-19 03:45:00,NSE:BEL,17.67671486,17.75853279,16.86964656,17.0267168,11074074.09154643
2007-02-20 03:45:00,NSE:BEL,16.98984822,17.17065576,16.58378883,16.72419245,7961603.79086318
2007-02-21 03:45:00,NSE:BEL,17.07065606,17.67671486,16.36611271,16.43732462,9950717.73473315
2007-02-22 03:45:00,NSE:BEL,16.44439531,16.85853548,15.80853862,16.05752777,47423913.71213139
2007-02-23 03:45:00,NSE:BEL,16.05045709,16.26156757,15.56561005,15.74894284,14285742.68865402
2007-02-26 03:45:00,NSE:BEL,15.75752867,15.82823553,14.99995518,15.69995309,19177941.30752115
2007-02-27 03:45:00,NSE:BEL,15.74742769,16.40651663,15.40500447,16.22772929,18412174.01925546
2007-02-28 03:45:00,NSE:BEL,13.43430329,16.34338551,13.43430329,15.37419648,13295739.73032734
2007-03-01 03:45:00,NSE:BEL,15.46460025,15.80803357,15.16965164,15.64692294,10953986.73270141
2007-03-02 03:45:00,NSE:BEL,15.33429761,15.90904337,14.94995533,15.0630863,9119214.25003457
2007-03-05 03:45:00,NSE:BEL,14.93328871,14.9898542,14.15399811,14.78530935,17217240.44855516
2007-03-06 03:45:00,NSE:BEL,15.05046008,15.52520613,14.59591598,15.2135909,6102576.23571733
2007-03-07 03:45:00,NSE:BEL,15.40399437,15.50298398,14.29288658,14.48834054,15011018.85592415
2007-03-08 03:45:00,NSE:BEL,14.77773362,15.27571193,14.09187708,15.16258095,5880419.57186883
2007-03-09 03:45:00,NSE:BEL,15.27268163,15.5393475,14.71712774,15.20652022,5635492.83997881
2007-03-12 03:45:00,NSE:BEL,15.25197463,15.73732671,15.05702571,15.34742889,3327399.94293598
2007-03-13 03:45:00,NSE:BEL,15.1413689,15.67773093,15.1413689,15.27874222,4281366.79357957
2007-03-14 03:45:00,NSE:BEL,15.25247967,15.3393481,14.35349246,14.68530965,8521351.46350109
2007-03-15 03:45:00,NSE:BEL,14.89288479,15.22167169,14.54692623,14.62924921,4124451.32468479
2007-03-16 03:45:00,NSE:BEL,14.59591598,14.83126881,14.15147286,14.29288658,6969125.82514068
2007-03-19 03:45:00,NSE:BEL,14.35450256,14.8383395,14.29288658,14.72773377,1711220.11346767
2007-03-20 03:45:00,NSE:BEL,14.76763264,15.51005466,14.66662284,15.38732776,14207136.45376289
2007-03-21 03:45:00,NSE:BEL,15.45449927,15.49894358,15.03025812,15.18429806,7305033.82890092
2007-03-22 03:45:00,NSE:BEL,15.25247967,15.59591299,15.2156111,15.29288359,9448291.23338236
2007-03-23 03:45:00,NSE:BEL,15.33328751,15.87823538,15.10096498,15.65853907,10537789.48902087
2007-03-26 03:45:00,NSE:BEL,15.7433873,15.90904337,15.28278261,15.35601472,6227415.60876233
2007-03-28 03:45:00,NSE:BEL,14.74187514,15.43833771,14.74187514,15.13682345,2939516.78386358
2007-03-29 03:45:00,NSE:BEL,15.23227772,15.64641789,14.79894568,14.95197552,9088227.15743894
2007-03-30 03:45:00,NSE:BEL,14.86864244,15.27268163,14.57571402,15.1918738,14030717.92658907
2007-04-02 03:45:00,NSE:BEL,14.84844048,14.99894508,14.49743143,14.73227921,6267708.72916622
2007-04-03 03:45:00,NSE:BEL,15.28530786,15.28530786,15.28530786,15.28530786,0.0
2007-04-04 03:45:00,NSE:BEL,15.55550907,16.13126493,15.20197478,15.9959118,14211591.46707536
2007-04-05 03:45:00,NSE:BEL,15.95954827,16.86863646,15.67672083,16.69843495,20505832.27552474
2007-04-09 03:45:00,NSE:BEL,16.81813156,17.67671486,16.81813156,17.36459458,20073794.98451097
2007-04-10 03:45:00,NSE:BEL,17.42419036,17.57570506,16.71762681,16.9504544,29063021.84611724
2007-04-11 03:45:00,NSE:BEL,16.96964626,17.36358448,16.70702078,16.7752024,14453449.18979456
2007-04-12 03:45:00,NSE:BEL,16.78782862,16.81712146,16.51510216,16.60601098,6845573.45594151
2007-04-13 03:45:00,NSE:BEL,16.66661686,17.17166586,16.48479922,17.08429238,6024168.00141786
2007-04-16 03:45:00,NSE:BEL,17.17166586,17.92923935,17.17166586,17.83429014,17297331.68788379
2007-04-17 03:45:00,NSE:BEL,17.87873445,18.13125895,16.7474247,16.8514648,32778700.94930894
2007-04-18 03:45:00,NSE:BEL,16.98984822,17.5049982,16.77772764,17.10752464,31655839.59397482
2007-04-19 03:45:00,NSE:BEL,16.76762666,17.57570506,16.67065726,17.27267566,20425147.03442111
2007-04-20 03:45:00,NSE:BEL,17.59590702,17.72418946,17.19388802,17.34994815,16756691.07234159
2007-04-23 03:45:00,NSE:BEL,17.27267566,17.55651319,16.99085832,17.07065606,8850923.44832804
2007-04-24 03:45:00,NSE:BEL,16.67772794,17.1514639,16.58580902,16.65298054,28374375.78830521
2007-04-25 03:45:00,NSE:BEL,16.72722274,17.06055508,16.26308272,16.77722259,15564628.51022043
2007-04-26 03:45:00,NSE:BEL,16.90904038,17.07166616,16.36409251,16.74691965,17522260.3600156
2007-04-27 03:45:00,NSE:BEL,16.91611107,17.2524737,16.6969198,17.03833292,9246330.62988371
2007-04-30 03:45:00,NSE:BEL,17.04035312,17.46307913,16.91914136,17.35651379,8817065.34715327
2007-05-03 03:45:00,NSE:BEL,17.37368546,17.79893671,17.27671605,17.60701809,12097242.14897706
2007-05-04 03:45:00,NSE:BEL,17.67671486,17.83580529,17.29287762,17.38732178,5216622.58831079
2007-05-07 03:45:00,NSE:BEL,17.61610898,17.61610898,17.07065606,17.11358522,4211868.58590504
2007-05-08 03:45:00,NSE:BEL,17.02015116,17.30247355,16.76813171,16.91863631,5208702.56464417
2007-05-09 03:45:00,NSE:BEL,16.86863646,16.95853518,16.41106207,16.71106117,10128918.26723195
2007-05-10 03:45:00,NSE:BEL,16.76762666,17.01712087,16.37520359,16.50651633,7105251.2319106
2007-05-11 03:45:00,NSE:BEL,16.38883992,16.90702019,15.46561035,16.69035417,10319097.83552651
2007-05-14 03:45:00,NSE:BEL,16.96964626,17.07065606,16.66661686,16.72520255,3051882.11963366
2007-05-15 03:45:00,NSE:BEL,16.57570804,16.88883842,16.48479922,16.72419245,4229787.63945075
2007-05-16 03:45:00,NSE:BEL,16.66661686,17.16156488,16.27368874,17.02116126,21365946.84571895
2007-05-17 03:45:00,NSE:BEL,16.98984822,17.53227084,16.83833352,16.874192,8574613.62265906
2007-05-18 03:45:00,NSE:BEL,16.7474247,17.02015116,16.48479922,16.87116171,4733798.14553486
2007-05-21 03:45:00,NSE:BEL,16.87873744,17.32318056,16.76863676,17.09388831,8530459.49071769
2007-05-22 03:45:00,NSE:BEL,17.09085802,17.3029786,16.67772794,17.24691816,8744597.13060375
2007-05-23 03:45:00,NSE:BEL,17.66661388,17.66661388,16.90398989,17.2494434,16450978.15881031
2007-05-24 03:45:00,NSE:BEL,17.09439336,17.37267536,16.98984822,17.14742351,4375516.07491644
2007-05-25 03:45:00,NSE:BEL,16.81813156,17.34338252,16.4236883,17.10398929,5139105.35667381
2007-05-28 03:45:00,NSE:BEL,17.51812947,17.67671486,17.17166586,17.57166466,8070108.11509578
2007-05-29 03:45:00,NSE:BEL,17.57570506,17.86863347,17.4772205,17.5792404,8411857.13631016
2007-05-30 03:45:00,NSE:BEL,17.47469526,18.53529815,17.21914046,18.35045022,32729794.80316761
2007-05-31 03:45:00,NSE:BEL,18.56560109,18.73731775,18.11459233,18.25600605,32767711.91647152
2007-06-01 03:45:00,NSE:BEL,18.50499521,19.24236674,18.33226845,19.08984195,33387552.76867985
2007-06-04 03:45:00,NSE:BEL,19.19186184,19.89893044,18.45449031,18.52216687,18520876.34407973
2007-06-05 03:45:00,NSE:BEL,18.52519717,18.87570117,18.09186513,18.60347976,7792214.28469348
2007-06-06 03:45:00,NSE:BEL,19.16105385,19.16105385,18.0812591,18.16610733,8841320.41963227
2007-06-07 03:45:00,NSE:BEL,17.48378614,18.40398541,17.48378614,18.09388533,10140303.30125271
2007-06-08 03:45:00,NSE:BEL,17.6792401,18.76762069,17.5514627,18.23428895,9180594.43345082
2007-06-11 03:45:00,NSE:BEL,18.36358149,18.68479265,18.19439008,18.55802535,7980611.84766305
2007-06-12 03:45:00,NSE:BEL,18.62620697,19.03933705,17.93024945,18.30499581,44989595.4379019
2007-06-13 03:45:00,NSE:BEL,18.30297561,18.54438903,18.00045126,18.13024885,9363645.98044542
2007-06-14 03:45:00,NSE:BEL,18.33024826,18.48277305,18.19186483,18.34843002,5162964.42796948
2007-06-15 03:45:00,NSE:BEL,18.38378345,18.61509589,18.27368277,18.34287448,8176632.43341173
2007-06-18 03:45:00,NSE:BEL,18.53529815,18.58479295,18.23226875,18.30853115,4489960.416899
2007-06-19 03:45:00,NSE:BEL,18.28580394,18.42418737,18.00095631,18.2842888,6750038.17046299
2007-06-20 03:45:00,NSE:BEL,18.53529815,18.76762069,18.24489498,18.65802505,10854986.43686874
2007-06-21 03:45:00,NSE:BEL,18.76762069,19.04034714,18.69893402,18.89691323,12176640.38623486
2007-06-22 03:45:00,NSE:BEL,18.93933734,19.3130736,18.88933749,19.02115528,18001322.79154989
2007-06-25 03:45:00,NSE:BEL,19.02115528,19.13024587,18.33327855,19.0635794,10964381.76376384
2007-06-26 03:45:00,NSE:BEL,19.0635794,19.22216478,18.85347902,18.92671112,8508481.42504284
2007-06-27 03:45:00,NSE:BEL,18.97671097,19.18176086,18.43681359,18.59741917,4222560.61785497
2007-06-28 03:45:00,NSE:BEL,18.73731775,18.7852974,18.21206679,18.35903605,15997556.80389669
2007-06-29 03:45:00,NSE:BEL,18.52519717,18.7120653,18.44438933,18.49590433,7879829.5465054
2007-07-02 03:45:00,NSE:BEL,18.67570177,19.52519418,18.59590403,19.26711414,19177644.30663366
2007-07-03 03:45:00,NSE:BEL,19.29287164,19.67670888,19.2120638,19.28378076,9002195.90036035
2007-07-04 03:45:00,NSE:BEL,19.43428536,19.44438634,18.97065038,19.16913464,8171880.41921177
2007-07-05 03:45:00,NSE:BEL,19.23226576,19.69085025,18.66661089,18.94994337,6064560.12211759
2007-07-06 03:45:00,NSE:BEL,18.78782265,19.25246772,18.69691383,18.77267118,11557393.53580152
2007-07-09 03:45:00,NSE:BEL,18.93933734,18.97620592,18.63630795,18.70297441,5112870.27827815
2007-07-10 03:45:00,NSE:BEL,18.78782265,18.82267103,18.23226875,18.34792497,23844122.2510023
2007-07-11 03:45:00,NSE:BEL,17.95600695,18.52418707,17.95600695,18.24792527,8428786.18689754
2007-07-12 03:45:00,NSE:BEL,18.43428835,18.5347931,18.13125895,18.27873326,12897461.54019252
2007-07-13 03:45:00,NSE:BEL,18.48479325,18.55550011,18.30297561,18.40095512,17440486.11565783
2007-07-16 03:45:00,NSE:BEL,18.28277365,18.80802461,18.22923846,18.55903545,5582329.68111666
2007-07-17 03:45:00,NSE:BEL,18.68681285,18.87267088,18.43428835,18.46913673,7159998.39550606
2007-07-18 03:45:00,NSE:BEL,18.47469227,18.53125776,18.0297441,18.17620831,5549065.58171689
2007-07-19 03:45:00,NSE:BEL,18.48479325,18.48479325,18.14135993,18.24994547,3717659.10910836
2007-07-20 03:45:00,NSE:BEL,18.47469227,18.54539913,18.29287463,18.34438963,5754590.19586551
2007-07-23 03:45:00,NSE:BEL,18.33984419,18.88883245,18.21206679,18.80802461,9798257.27915084
2007-07-24 03:45:00,NSE:BEL,18.83832755,19.09691263,18.47166197,18.61307569,7473136.33122479
2007-07-25 03:45:00,NSE:BEL,18.33327855,18.80802461,18.15146091,18.49590433,5960708.81178912
2007-07-26 03:45:00,NSE:BEL,18.38479355,18.68479265,18.16156189,18.24489498,15037748.93579897
2007-07-27 03:45:00,NSE:BEL,18.08075405,18.10752165,17.41408938,17.48732148,10704802.98809058
2007-07-30 03:45:00,NSE:BEL,17.28277664,17.75752269,17.02015116,17.3514633,9226827.57160468
2007-07-31 03:45:00,NSE:BEL,17.69691681,17.97974425,16.57570804,17.85701735,8477395.33215138
2007-08-01 03:45:00,NSE:BEL,17.37368546,17.37368546,16.36409251,16.51611226,16835495.3078244
2007-08-02 03:45:00,NSE:BEL,16.76257617,16.76257617,16.27520389,16.53025363,7669849.91904431
2007-08-03 03:45:00,NSE:BEL,16.7474247,17.05853488,16.68176833,16.87772734,9472051.30438219
2007-08-06 03:45:00,NSE:BEL,16.71712176,17.3534835,16.05045709,17.08934287,5244243.6708481
2007-08-07 03:45:00,NSE:BEL,17.17318101,17.47469526,16.87873744,17.00853503,9477298.32006133
2007-08-08 03:45:00,NSE:BEL,17.09085802,17.6565129,16.66661686,17.03378748,3472435.37633084
2007-08-09 03:45:00,NSE:BEL,17.18176684,17.37166526,16.53025363,16.60954633,4111581.28622654
2007-08-10 03:45:00,NSE:BEL,16.57570804,17.62014937,15.77924578,16.95954528,9640945.80907273
2007-08-13 03:45:00,NSE:BEL,17.07065606,17.14136292,16.7474247,16.92974739,3042972.09300872
2007-08-14 03:45:00,NSE:BEL,16.86863646,16.96964626,16.77772764,16.88227278,1127118.36805493
2007-08-16 03:45:00,NSE:BEL,16.36358747,16.91712117,16.03833591,16.348436,8428984.18748921
2007-08-17 03:45:00,NSE:BEL,16.6464149,16.82823254,15.71257931,16.47520329,6997538.91004466
2007-08-20 03:45:00,NSE:BEL,16.70702078,17.05600964,16.5454051,16.8009599,6016346.97804708
2007-08-21 03:45:00,NSE:BEL,16.91914136,16.91914136,16.28328468,16.38883992,1619248.83863912
2007-08-22 03:45:00,NSE:BEL,16.38934496,16.61611196,16.21459801,16.40399139,5366410.03590561
2007-08-23 03:45:00,NSE:BEL,17.17166586,17.22419095,16.41409237,16.54035461,13313460.78328139
2007-08-24 03:45:00,NSE:BEL,16.46459726,16.83833352,16.46459726,16.73176818,3795869.34281616
2007-08-27 03:45:00,NSE:BEL,16.88883842,17.22217076,16.68681882,17.14590836,6183459.47741262
2007-08-28 03:45:00,NSE:BEL,17.42419036,17.42419036,16.7731822,17.28883723,2282946.82190133
2007-08-29 03:45:00,NSE:BEL,17.05903993,17.63631094,16.80500029,17.22924144,6714893.06544239
2007-08-30 03:45:00,NSE:BEL,17.62620996,17.62620996,16.73075809,16.84590926,11315337.81249064
2007-08-31 03:45:00,NSE:BEL,16.86863646,17.07065606,16.71914196,17.04035312,4063368.14215603
2007-09-03 03:45:00,NSE:BEL,17.17065576,17.75752269,17.13126194,17.71863392,6027732.01206784
2007-09-04 03:45:00,NSE:BEL,17.71711877,18.09843077,17.71711877,17.88530009,8085255.16035818
2007-09-05 03:45:00,NSE:BEL,17.82822955,18.07065307,17.52520016,17.64388667,4435906.25537436
2007-09-06 03:45:00,NSE:BEL,17.5555031,17.72620966,17.42419036,17.46812962,0.0
2007-09-07 03:45:00,NSE:BEL,17.52520016,17.62519986,17.3287361,17.40903889,12885977.50587593
2007-09-10 03:45:00,NSE:BEL,17.3534835,17.86661328,17.18176684,17.74338132,4053765.11346026
2007-09-11 03:45:00,NSE:BEL,17.84843151,17.92721916,17.56560408,17.73732073,6166431.4265294
2007-09-12 03:45:00,NSE:BEL,17.77772465,17.97671396,17.67671486,17.77721961,6474817.34804817
2007-09-13 03:45:00,NSE:BEL,17.82216897,18.07065307,17.74742171,17.79287612,4817354.39521764
2007-09-14 03:45:00,NSE:BEL,17.92923935,18.08075405,17.52520016,17.61105849,1531435.57623554
2007-09-17 03:45:00,NSE:BEL,17.57772525,17.90903739,17.57570506,17.84843151,6080994.17122581
2007-09-18 03:45:00,NSE:BEL,17.82822955,18.60347976,17.82721946,18.52721736,12076353.08655637
2007-09-19 03:45:00,NSE:BEL,18.48479325,19.18176086,18.29287463,18.40146016,6860225.49972475
2007-09-20 03:45:00,NSE:BEL,18.48479325,18.69691383,18.23226875,18.29640997,5373835.05809306
2007-09-21 03:45:00,NSE:BEL,18.33327855,18.48479325,18.28277365,18.37873296,4285524.80600454
2007-09-24 03:45:00,NSE:BEL,18.23226875,18.48479325,18.03024915,18.32671291,9934481.68621659
2007-09-25 03:45:00,NSE:BEL,18.32671291,18.38378345,17.9812594,18.22317787,6593716.7033432
2007-09-26 03:45:00,NSE:BEL,18.1812588,18.43428835,18.0812591,18.29893522,5126235.31821556
2007-09-27 03:45:00,NSE:BEL,18.47469227,18.80398421,18.18176385,18.4358035,12791531.22365156
2007-09-28 03:45:00,NSE:BEL,18.56257079,18.64640893,18.38378345,18.60196462,4505206.46245723
2007-10-01 03:45:00,NSE:BEL,18.4347934,18.6605503,18.39388443,18.51055075,2658157.94310714
2007-10-03 03:45:00,NSE:BEL,18.72721677,18.96964028,18.13125895,18.36812693,12384838.00837096
2007-10-04 03:45:00,NSE:BEL,18.38378345,19.25095258,18.18176385,19.25095258,6829436.40772079
2007-10-05 03:45:00,NSE:BEL,19.59590104,20.1191318,18.93933734,19.27620502,18154476.24920304
2007-10-08 03:45:00,NSE:BEL,18.94640803,19.54489109,17.92923935,18.08428939,7944278.73909246
2007-10-09 03:45:00,NSE:BEL,17.76358328,18.38731879,17.76358328,18.34843002,7670047.91963597
2007-10-10 03:45:00,NSE:BEL,18.38378345,19.07873087,18.20196581,18.81661044,10459678.25560889
2007-10-11 03:45:00,NSE:BEL,18.83832755,19.44438634,18.39943997,19.37974007,7196628.50496415
2007-10-12 03:45:00,NSE:BEL,19.34337654,19.58580006,18.78782265,19.29741708,9888248.54806274
2007-10-15 03:45:00,NSE:BEL,19.19186184,19.64135545,19.19186184,19.50802251,12669463.85888988
2007-10-16 03:45:00,NSE:BEL,19.13731655,19.69691084,18.84842853,19.07014503,6980213.85827394
2007-10-17 03:45:00,NSE:BEL,18.25499596,18.25499596,18.25499596,18.25499596,7187322.47715588
2007-10-18 03:45:00,NSE:BEL,18.18277395,19.3883259,17.77772465,18.11055194,22388124.90019126
2007-10-19 03:45:00,NSE:BEL,17.87873445,18.08075405,17.52520016,17.86307793,7382353.05994624
2007-10-22 03:45:00,NSE:BEL,17.67671486,18.58378285,17.66661388,18.09439037,13839647.35563202
2007-10-23 03:45:00,NSE:BEL,18.68277245,18.90246877,18.33327855,18.67873206,8525509.47592606
2007-10-24 03:45:00,NSE:BEL,19.07065008,19.09085204,18.59842927,18.96105445,3634894.86179225
2007-10-25 03:45:00,NSE:BEL,19.01913509,20.15145493,18.79792363,19.95398078,10483636.3272004
2007-10-26 03:45:00,NSE:BEL,19.94943534,21.91912642,19.84994068,20.15701047,26563264.37634237
2007-10-29 03:45:00,NSE:BEL,20.19741439,20.34135336,19.10044797,19.19691233,12181788.40161816
2007-10-30 03:45:00,NSE:BEL,19.28277066,19.69691084,18.43428835,18.5070154,12716984.00088957
2007-10-31 03:45:00,NSE:BEL,18.5090356,18.9090344,18.36358149,18.46964178,18381681.928139
2007-11-01 03:45:00,NSE:BEL,18.77772167,18.83832755,18.0812591,18.53024766,6886064.57693707
2007-11-02 03:45:00,NSE:BEL,18.28277365,18.82216598,18.18176385,18.74640863,7913588.64738433
2007-11-05 03:45:00,NSE:BEL,18.30348066,19.58478996,18.30348066,19.08176116,8328102.88603572
2007-11-06 03:45:00,NSE:BEL,19.22216478,19.2625687,18.58580305,18.86863049,4867052.54372564
2007-11-07 03:45:00,NSE:BEL,19.18176086,19.4645883,18.68681285,19.01559974,3235428.66810743
2007-11-08 03:45:00,NSE:BEL,18.48681344,19.08075106,18.39085414,18.6358029,922781.7574563
2007-11-09 03:45:00,NSE:BEL,18.85852951,19.04034714,18.24236973,18.66661089,80190.23962446
2007-11-12 03:45:00,NSE:BEL,18.48479325,19.04034714,18.08075405,18.43883379,2614597.81294077
2007-11-13 03:45:00,NSE:BEL,18.4852983,20.22216179,18.2832787,19.72923397,13850141.38699028
2007-11-14 03:45:00,NSE:BEL,19.99994024,20.65549383,19.44438634,19.67014324,8097135.1958581
2007-11-15 03:45:00,NSE:BEL,19.68680986,19.89893044,18.88883245,19.11660954,6446602.26373586
2007-11-16 03:45:00,NSE:BEL,19.12115498,19.87872848,18.96913524,19.25903336,5625988.81157887
2007-11-19 03:45:00,NSE:BEL,19.19893253,19.79792064,19.19893253,19.64741604,4720037.10441412
2007-11-20 03:45:00,NSE:BEL,19.63630496,19.67670888,19.14135694,19.34287149,4781516.28812621
2007-11-21 03:45:00,NSE:BEL,18.68681285,19.69590074,18.38378345,18.6605503,2028417.06131554
2007-11-22 03:45:00,NSE:BEL,19.0100442,19.0605491,17.97974425,18.26964238,6183162.47652513
2007-11-23 03:45:00,NSE:BEL,18.53529815,18.68681285,18.18176385,18.45600546,5959520.80823913
2007-11-26 03:45:00,NSE:BEL,18.54539913,18.7873176,18.13125895,18.31257154,4396405.13733713
2007-11-27 03:45:00,NSE:BEL,18.38378345,18.55550011,18.18176385,18.31610688,2163849.46601463
2007-11-28 03:45:00,NSE:BEL,18.2337839,18.54539913,18.19691532,18.26105654,10464727.27069636
2007-11-29 03:45:00,NSE:BEL,18.56964148,18.57166168,17.67671486,18.12014787,16248324.55324084
2007-11-30 03:45:00,NSE:BEL,18.18176385,18.48479325,17.18429208,17.92014847,9766181.18330105
2007-12-03 03:45:00,NSE:BEL,18.18176385,18.88782235,18.18176385,18.66610584,14440678.15163215
2007-12-04 03:45:00,NSE:BEL,18.82721647,18.884287,18.60347976,18.636813,9786971.24542592
2007-12-05 03:45:00,NSE:BEL,18.63630795,19.18176086,18.3337836,18.76610554,2560048.64993697
2007-12-06 03:45:00,NSE:BEL,18.82822657,19.03024616,18.61661104,18.65095437,7752614.16636041
2007-12-07 03:45:00,NSE:BEL,18.97368068,19.04034714,18.54539913,18.80347916,3293640.84205704
2007-12-10 03:45:00,NSE:BEL,18.60600501,18.98883215,18.60600501,18.7110552,1359868.06355753
2007-12-11 03:45:00,NSE:BEL,18.56661119,19.05044812,18.48479325,18.59489393,6591736.69742655
2007-12-12 03:45:00,NSE:BEL,18.40398541,18.69590373,18.38378345,18.59034849,4486792.40743236
2007-12-13 03:45:00,NSE:BEL,18.92923636,18.98984224,18.40600561,18.62115648,4935362.74785018
2007-12-14 03:45:00,NSE:BEL,18.73731775,18.78782265,18.44438933,18.57469197,6700142.02136332
2007-12-17 03:45:00,NSE:BEL,18.88883245,18.98984224,17.77772465,18.01812798,10769351.18097348
2007-12-18 03:45:00,NSE:BEL,17.77772465,18.74741873,17.67671486,18.62974231,3174741.486762
2007-12-19 03:45:00,NSE:BEL,18.71762084,18.98984224,18.10095601,18.36408654,1524505.55552726
2007-12-20 03:45:00,NSE:BEL,18.73731775,18.97772107,18.2842888,18.4852983,5326314.91609338
2007-12-24 03:45:00,NSE:BEL,18.39388443,18.93378181,18.39388443,18.66560079,3073662.18471685
2007-12-26 03:45:00,NSE:BEL,18.88883245,19.58529501,18.4852983,19.37771987,6941603.7428992
2007-12-27 03:45:00,NSE:BEL,19.67670888,20.11206111,19.44438634,19.94994039,8757764.16994949
2007-12-28 03:45:00,NSE:BEL,20.01004122,21.31306763,19.99994024,21.19135082,8707076.01848317
2007-12-31 03:45:00,NSE:BEL,20.45448433,21.71710682,20.45448433,21.31559287,5864876.5254231
2008-01-01 03:45:00,NSE:BEL,21.51508722,21.51508722,21.01054328,21.41963296,4612126.78195651
2008-01-02 03:45:00,NSE:BEL,21.4241784,21.86862152,21.01003823,21.28427882,4524016.51866544
2008-01-03 03:45:00,NSE:BEL,21.31306763,21.61609702,20.72973604,20.91710921,1899320.67554974
2008-01-04 03:45:00,NSE:BEL,21.46458232,21.46458232,20.60700913,20.76963491,1632712.87887236
2008-01-07 03:45:00,NSE:BEL,20.12721258,21.06054313,20.12721258,20.62670604,2306904.89349283
2008-01-08 03:45:00,NSE:BEL,20.62620099,21.26256273,20.21206081,20.30549488,7912796.64501767
2008-01-09 03:45:00,NSE:BEL,20.36357551,20.40397943,19.64640594,19.81307211,4495306.43287397
2008-01-10 03:45:00,NSE:BEL,19.85852652,19.99994024,18.93933734,19.3368109,15538789.4330081
2008-01-11 03:45:00,NSE:BEL,19.39186124,19.39186124,18.54792437,18.80953975,4686080.00294352
2008-01-14 03:45:00,NSE:BEL,18.71711579,19.29287164,18.71711579,19.14287209,10049718.03056582
2008-01-15 03:45:00,NSE:BEL,18.88883245,19.28075047,18.88883245,18.97974126,2384125.12424232
2008-01-16 03:45:00,NSE:BEL,18.69943907,19.99994024,18.4090359,19.10953886,4647271.88697711
2008-01-17 03:45:00,NSE:BEL,19.08075106,19.48378016,18.89792333,18.98075136,2063364.16574447
2008-01-18 03:45:00,NSE:BEL,18.68681285,18.98984224,17.77772465,18.34691487,2404519.18518385
2008-01-21 03:45:00,NSE:BEL,17.77772465,18.17974365,17.17166586,17.82317906,5002583.94872056
2008-01-22 03:45:00,NSE:BEL,17.47469526,18.18176385,14.34339148,15.79894269,10707970.99755723
2008-01-23 03:45:00,NSE:BEL,16.36358747,19.18176086,16.16156787,18.3822683,7124259.28871047
2008-01-24 03:45:00,NSE:BEL,17.97974425,19.19085174,16.66661686,17.64994726,3742409.18306652
2008-01-25 03:45:00,NSE:BEL,17.99994621,19.34337654,17.6772199,18.89186274,4839431.46118832
2008-01-28 03:45:00,NSE:BEL,17.67671486,18.08075405,16.15146689,17.15095885,12990422.81797939
2008-01-29 03:45:00,NSE:BEL,17.07065606,17.51509918,16.31510276,16.45853668,3435409.26568942
2008-01-30 03:45:00,NSE:BEL,16.66661686,16.66661686,15.61055941,16.31762801,6096933.21885487
2008-01-31 03:45:00,NSE:BEL,16.64540481,16.64540481,15.20197478,15.56459995,22279917.57684615
2008-02-01 03:45:00,NSE:BEL,15.85197283,16.21207277,15.21207576,15.74490245,5109009.26674068
2008-02-04 03:45:00,NSE:BEL,15.99995219,16.66661686,15.95954827,16.15399213,3605392.77363411
2008-02-05 03:45:00,NSE:BEL,16.16156787,16.28277963,15.70702377,15.7928821,2008023.00037401
2008-02-06 03:45:00,NSE:BEL,15.65651887,15.75752867,15.09187409,15.36359045,2906252.68446381
2008-02-07 03:45:00,NSE:BEL,15.17167184,15.40197418,14.44692653,14.55096662,5085348.19603667
2008-02-08 03:45:00,NSE:BEL,14.74743068,14.74743068,13.86460503,14.16409909,1704983.09483021
2008-02-11 03:45:00,NSE:BEL,14.5353101,15.15146988,13.13127389,14.41510844,6117030.2789089
2008-02-12 03:45:00,NSE:BEL,14.5353101,14.5353101,13.73733269,14.19692727,1747256.22115076
2008-02-13 03:45:00,NSE:BEL,14.20197776,14.55551206,13.38379839,14.53985554,3442339.28639771
2008-02-14 03:45:00,NSE:BEL,14.89793528,15.44944878,14.55551206,15.07672262,1980104.9169492
2008-02-15 03:45:00,NSE:BEL,14.79793558,15.28278261,14.74844078,15.07773272,4654993.91005206
2008-02-18 03:45:00,NSE:BEL,15.25500492,15.60601397,15.090864,15.20348992,4085148.20723922
2008-02-19 03:45:00,NSE:BEL,15.44439829,15.44439829,14.8610667,14.97066234,1238988.70234584
2008-02-20 03:45:00,NSE:BEL,15.15146988,15.15146988,14.66662284,14.79288509,5457589.3083675
2008-02-21 03:45:00,NSE:BEL,14.99995518,15.25247967,14.24238168,14.31864408,1725179.15518008
2008-02-22 03:45:00,NSE:BEL,14.20197776,14.79793558,14.09086698,14.69995607,2683106.01765697
2008-02-25 03:45:00,NSE:BEL,14.76864274,14.99995518,14.35046217,14.50753241,5317899.89094761
2008-02-26 03:45:00,NSE:BEL,14.61611794,14.69692578,14.45450226,14.59844123,14029331.92244741
2008-02-27 03:45:00,NSE:BEL,14.62621892,14.94641998,14.49490618,14.65450166,4183752.50188856
2008-02-28 03:45:00,NSE:BEL,14.64642088,14.94945028,14.31308854,14.64389563,14047844.97776812
2008-02-29 03:45:00,NSE:BEL,14.4848052,15.20045963,14.16157384,14.51712834,10405228.09290093
2008-03-03 03:45:00,NSE:BEL,14.24238168,14.7373297,13.58581799,13.95147346,6341562.9498574
2008-03-04 03:45:00,NSE:BEL,14.14137188,14.14137188,13.26258663,13.40046501,16342374.83428187
2008-03-05 03:45:00,NSE:BEL,13.22268776,13.63430269,13.22268776,13.5024849,1196319.57484196
2008-03-07 03:45:00,NSE:BEL,13.49490917,14.17723036,12.6262249,13.21258678,2915261.71138458
2008-03-10 03:45:00,NSE:BEL,12.64642686,13.61460578,12.64642686,13.38026305,1763888.27085065
2008-03-11 03:45:00,NSE:BEL,13.13127389,14.04894792,12.99996115,13.18834443,11676391.89139239
2008-03-12 03:45:00,NSE:BEL,13.54541407,13.73733269,13.44440427,13.51662628,11177925.4018749
2008-03-13 03:45:00,NSE:BEL,13.28278859,13.73733269,12.7272347,13.06006198,8282364.74936103
2008-03-14 03:45:00,NSE:BEL,12.7479417,13.23127359,12.64693191,12.90400184,1811507.41314616
2008-03-17 03:45:00,NSE:BEL,12.13430717,13.63632289,12.13430717,12.50248789,5752610.18994885
2008-03-18 03:45:00,NSE:BEL,12.5252151,13.13127389,12.3231955,12.47673039,6472540.34124401
2008-03-19 03:45:00,NSE:BEL,13.07066801,13.1004659,11.7676416,12.11814561,11420179.12577744
2008-03-24 03:45:00,NSE:BEL,12.72369935,12.72369935,11.8181465,11.95956022,1185825.5434837
2008-03-25 03:45:00,NSE:BEL,12.43784162,12.59491186,11.87925743,12.019156,2294430.85621792
2008-03-26 03:45:00,NSE:BEL,12.57572,12.6242047,11.75754062,11.98329752,2402440.17897136
2008-03-27 03:45:00,NSE:BEL,12.09794365,12.22168065,11.11107791,11.23734016,14875982.45240839
2008-03-28 03:45:00,NSE:BEL,10.82421008,11.70703572,10.82421008,11.16259291,24480397.15231886
2008-03-31 03:45:00,NSE:BEL,11.16259291,11.56562201,10.55097857,10.78178596,18344952.81838508
2008-04-01 03:45:00,NSE:BEL,11.21208771,11.26259261,10.65653381,11.18077467,11503834.37575605
2008-04-02 03:45:00,NSE:BEL,10.90905831,11.61057137,10.90905831,11.12319908,8779643.23532852
2008-04-03 03:45:00,NSE:BEL,11.14441114,11.56410686,10.87875537,11.43784461,25347342.74292553
2008-04-04 03:45:00,NSE:BEL,11.7676416,11.9696612,11.41461236,11.90855027,21395151.93298959
2008-04-07 03:45:00,NSE:BEL,12.1211759,12.1211759,11.82067175,11.946934,28385760.82232596
2008-04-08 03:45:00,NSE:BEL,12.10097394,12.1211759,11.46461221,11.75804567,11953889.72061136
2008-04-09 03:45:00,NSE:BEL,11.9191563,12.01814591,11.54542005,11.66814695,15165954.31890228
2008-04-10 03:45:00,NSE:BEL,11.6696621,11.81713641,11.48481417,11.71612661,13990424.80618517
2008-04-11 03:45:00,NSE:BEL,11.9181462,11.98986316,11.7171367,11.83935856,14837570.33762531
2008-04-15 03:45:00,NSE:BEL,11.53784431,11.9191563,11.32521868,11.77218704,4347795.99208329
2008-04-16 03:45:00,NSE:BEL,12.070671,12.4747102,11.92925728,12.04087311,6074262.15110919
2008-04-17 03:45:00,NSE:BEL,12.3231955,12.59693205,12.06057002,12.26309467,9200889.49409652
2008-04-21 03:45:00,NSE:BEL,12.26309467,12.67773989,12.26258962,12.52774034,5669350.94115358
2008-04-22 03:45:00,NSE:BEL,12.56561902,12.80804253,12.34440756,12.42976084,2253741.73463069
2008-04-23 03:45:00,NSE:BEL,12.61208352,12.62571985,12.4252154,12.51157877,5233650.639194
2008-04-24 03:45:00,NSE:BEL,12.60602294,12.66662882,12.0201661,12.14137786,4377397.08053726
2008-04-25 03:45:00,NSE:BEL,12.3737004,12.44440726,11.99996414,12.1696606,2428378.25647952
2008-04-28 03:45:00,NSE:BEL,12.5252151,13.23228369,12.4747102,13.09945581,11620258.72365526
2008-04-29 03:45:00,NSE:BEL,13.21612212,13.63632289,13.14137487,13.51915152,17118537.15360999
2008-04-30 03:45:00,NSE:BEL,13.63632289,13.68682779,13.13127389,13.45804059,5167122.44039445
2008-05-02 03:45:00,NSE:BEL,13.53581814,14.13076586,13.14238497,13.29440472,2744090.1998899
2008-05-05 03:45:00,NSE:BEL,13.33329349,13.50501015,12.9519815,13.09086997,2210181.60446432
2008-05-06 03:45:00,NSE:BEL,13.13127389,13.38278829,12.75349724,13.2262231,6739643.13940056
2008-05-07 03:45:00,NSE:BEL,13.0747084,13.3529904,10.65653381,12.42168005,23231310.41979809
2008-05-08 03:45:00,NSE:BEL,12.41864976,12.52369995,11.80097484,12.36410447,3473524.379585
2008-05-09 03:45:00,NSE:BEL,12.14188291,12.51511412,12.13127688,12.42673054,9948737.72881649
2008-05-12 03:45:00,NSE:BEL,12.46460922,12.61511382,12.14339806,12.33127628,5252757.69628971
2008-05-13 03:45:00,NSE:BEL,12.5252151,12.6252148,12.3231955,12.50905353,4058814.12854773
2008-05-14 03:45:00,NSE:BEL,12.52167975,12.80804253,12.24289271,12.75501239,6408190.14895278
2008-05-15 03:45:00,NSE:BEL,12.7777396,13.08076899,12.62875014,12.78986077,1382143.13011988
2008-05-16 03:45:00,NSE:BEL,12.99996115,13.11107193,12.66662882,12.79541631,4410958.18082453
2008-05-20 03:45:00,NSE:BEL,12.6767298,12.91814322,12.56561902,12.76056793,4210977.58324254
2008-05-21 03:45:00,NSE:BEL,12.84743636,12.97975919,12.57572,12.67521465,6467095.32497322
2008-05-22 03:45:00,NSE:BEL,12.71713372,13.01006213,12.3737004,12.58127554,6518674.47910204
2008-05-23 03:45:00,NSE:BEL,12.65400259,12.65400259,12.47269,12.52572015,1754285.24215488
2008-05-26 03:45:00,NSE:BEL,12.44440726,12.59440681,11.72976293,11.91612601,4301463.8536336
2008-05-27 03:45:00,NSE:BEL,12.0696609,12.0696609,11.46461221,11.60451078,7627675.79301959
2008-05-28 03:45:00,NSE:BEL,11.79794454,11.90653008,10.85905846,11.38430942,18505630.2985215
2008-05-29 03:45:00,NSE:BEL,11.58178357,12.04036806,11.36360241,11.68986406,17410885.02720385
2008-05-30 03:45:00,NSE:BEL,11.64743994,12.2221857,11.17723933,11.64036926,32327853.60208696
2008-06-02 03:45:00,NSE:BEL,11.9191563,12.14238796,11.41562245,11.57521794,3263247.75123641
2008-06-03 03:45:00,NSE:BEL,11.41410731,11.74642955,10.9141088,11.65451063,4182069.4968594
2008-06-04 03:45:00,NSE:BEL,11.37370339,11.7171367,11.26259261,11.44744054,5827751.41448585
2008-06-05 03:45:00,NSE:BEL,11.41410731,11.6666318,11.23228967,11.6161269,1674689.00430542
2008-06-06 03:45:00,NSE:BEL,11.41461236,11.81461116,11.41410731,11.53279382,1180281.52691707
2008-06-09 03:45:00,NSE:BEL,11.01006811,11.41410731,10.88633111,11.12067384,1119000.34379665
2008-06-10 03:45:00,NSE:BEL,10.97673488,11.38127912,10.95956321,11.03936095,1882094.62407486
2008-06-11 03:45:00,NSE:BEL,11.25249163,11.5913795,11.01259335,11.06612855,915653.73615635
2008-06-12 03:45:00,NSE:BEL,11.56461191,11.56461191,10.72724067,11.06158311,5143659.37028211
2008-06-13 03:45:00,NSE:BEL,11.07269419,11.63632886,10.99996713,11.53935946,2691224.04191525
2008-06-16 03:45:00,NSE:BEL,11.80804552,11.86814635,11.41663255,11.53834936,2801906.37265618
2008-06-17 03:45:00,NSE:BEL,11.6666318,12.12067085,11.51511711,11.895419,2729339.15581083
2008-06-18 03:45:00,NSE:BEL,11.9696612,12.2221857,11.84895449,12.12875164,1576282.71024774
2008-06-19 03:45:00,NSE:BEL,11.72976293,12.40400334,11.6161269,11.87976248,2541139.59343293
2008-06-20 03:45:00,NSE:BEL,11.84844944,12.09087296,11.23228967,11.44845064,1287003.84582469
2008-06-23 03:45:00,NSE:BEL,12.02067115,12.02067115,11.01006811,11.23077452,1694192.06258445
2008-06-24 03:45:00,NSE:BEL,10.66966509,11.23178462,10.61764504,10.69138219,3403729.17102297
2008-06-25 03:45:00,NSE:BEL,10.47471617,10.95956321,10.47471617,10.85703826,2035050.08113633
2008-06-26 03:45:00,NSE:BEL,10.90956336,11.08633051,10.50501911,10.71158415,2791214.34070625
2008-06-27 03:45:00,NSE:BEL,10.30299952,10.75653351,10.17623222,10.4090598,840512.51161935
2008-06-30 03:45:00,NSE:BEL,10.50501911,10.66663479,10.20198972,10.25451481,1334127.98664104
2008-07-01 03:45:00,NSE:BEL,10.24239364,10.54340284,9.59593092,9.64795117,1346899.02480345
2008-07-02 03:45:00,NSE:BEL,9.74845552,10.20198972,9.6060319,10.09895962,2565394.66591193
2008-07-03 03:45:00,NSE:BEL,10.04441463,10.10097992,9.69694072,10.07471757,1391944.15940731
2008-07-04 03:45:00,NSE:BEL,9.97370777,10.18077766,9.92976821,10.07724282,2377393.10412569
2008-07-07 03:45:00,NSE:BEL,10.20198972,10.3131005,9.82168762,9.89037469,2303241.88254703
2008-07-08 03:45:00,NSE:BEL,9.64643582,10.6100693,9.59593092,10.34592868,3299283.8589195
2008-07-09 03:45:00,NSE:BEL,10.60602891,11.28279457,10.60602891,11.10097693,5714495.07605327
2008-07-10 03:45:00,NSE:BEL,10.60602891,11.31360256,10.60602891,10.864614,7022486.98459449
2008-07-11 03:45:00,NSE:BEL,10.65653381,11.21208771,10.25249462,10.40754466,3401155.16333132
2008-07-14 03:45:00,NSE:BEL,10.39390833,10.80804851,10.132798,10.60804911,1556779.65196871
2008-07-15 03:45:00,NSE:BEL,10.50501911,10.54542303,9.84896037,10.15704036,6573223.64210584
2008-07-16 03:45:00,NSE:BEL,10.0100711,10.30299952,9.71714268,10.25754511,2175432.50062705
2008-07-17 03:45:00,NSE:BEL,10.59491784,10.59491784,10.20198972,10.39946387,565984.69127536
2008-07-18 03:45:00,NSE:BEL,10.35350442,10.70703871,10.23229266,10.68885695,1269084.79227897
2008-07-21 03:45:00,NSE:BEL,10.51764534,10.98633081,10.2120907,10.35703976,1316010.93250366
2008-07-22 03:45:00,NSE:BEL,10.51512009,10.97269448,10.32421157,10.71057406,13648576.78467497
2008-07-23 03:45:00,NSE:BEL,11.11107791,11.61360166,11.11107791,11.46612735,7177125.44668511
2008-07-24 03:45:00,NSE:BEL,11.62774303,11.90855027,11.31309751,11.7449144,1194537.56951698
2008-07-25 03:45:00,NSE:BEL,11.63632886,11.7171367,11.47521823,11.66208636,603901.80457928
2008-07-28 03:45:00,NSE:BEL,11.6954196,12.070671,11.43430927,11.75754062,3010796.99686311
2008-07-29 03:45:00,NSE:BEL,11.43481432,11.75754062,9.74744562,9.86259699,12881225.49167596
2008-07-30 03:45:00,NSE:BEL,9.84845542,10.30299952,9.36966877,10.00098001,21049838.90112524
2008-07-31 03:45:00,NSE:BEL,10.07875766,10.07875766,9.79795052,9.82370792,11787965.22479581
2008-08-01 03:45:00,NSE:BEL,9.84845542,9.99997012,9.74744562,9.81310199,14636104.73560583
2008-08-04 03:45:00,NSE:BEL,9.84997077,9.84997077,9.69744567,9.79340498,10485022.33134206
2008-08-05 03:45:00,NSE:BEL,9.74845552,9.94946522,9.69694072,9.79694062,9634114.78866027
2008-08-06 03:45:00,NSE:BEL,9.94946522,10.10097992,9.84845542,9.90350586,5426404.21518021
2008-08-07 03:45:00,NSE:BEL,9.94946522,9.98986914,9.79795052,9.87875836,6336216.93388243
2008-08-08 03:45:00,NSE:BEL,9.84845542,9.86865738,9.75906195,9.81764753,21169233.25789944
2008-08-11 03:45:00,NSE:BEL,9.81815248,10.10097992,9.76764758,9.79694062,12063879.04928145
2008-08-12 03:45:00,NSE:BEL,9.83835444,10.04037404,9.74744562,9.79593022,6306021.84365347
2008-08-13 03:45:00,NSE:BEL,9.8585564,9.91916228,9.71714268,9.87572817,17736497.0001975
2008-08-14 03:45:00,NSE:BEL,9.79997082,9.99997012,9.69694072,9.76916293,15879152.45008082
2008-08-18 03:45:00,NSE:BEL,9.87875836,9.87875836,9.6080522,9.67673876,10252569.63672695
2008-08-19 03:45:00,NSE:BEL,9.6060319,9.76764758,9.49492112,9.51310278,1464907.37743599
2008-08-20 03:45:00,NSE:BEL,9.54643592,9.63582989,9.45603255,9.51057754,1385410.13988236
2008-08-21 03:45:00,NSE:BEL,9.44694147,9.5822948,9.39391132,9.44492117,6281073.76910364
2008-08-22 03:45:00,NSE:BEL,9.36562868,9.53936564,9.2524976,9.44744642,1146819.42692563
2008-08-25 03:45:00,NSE:BEL,9.49542607,9.91966723,9.21764912,9.51714338,1610734.81319751
2008-08-26 03:45:00,NSE:BEL,9.44441622,9.56562798,9.38987073,9.41613358,5331561.93177251
2008-08-27 03:45:00,NSE:BEL,9.57572896,9.57572896,9.39492122,9.43229495,1194240.56862948
2008-08-28 03:45:00,NSE:BEL,9.39441627,9.50199191,9.11108389,9.16360908,3622915.82599649
2008-08-29 03:45:00,NSE:BEL,9.29290152,9.39340637,9.21360903,9.33734604,1200378.5869711
2008-09-01 03:45:00,NSE:BEL,9.29290152,9.36360838,9.21209368,9.31916387,537076.60489222
2008-09-02 03:45:00,NSE:BEL,9.34340642,9.62623386,9.28280054,9.57421361,1258887.76180821
2008-09-04 03:45:00,NSE:BEL,9.42623456,9.59290073,9.42623456,9.50956764,2141376.39886061
2008-09-05 03:45:00,NSE:BEL,9.35704254,9.58431459,9.22269961,9.53482009,1385410.13988236
2008-09-08 03:45:00,NSE:BEL,10.10097992,10.10097992,9.75906195,9.82825346,3474019.38106416
2008-09-09 03:45:00,NSE:BEL,9.84845542,9.84845542,9.64744572,9.78481935,1748741.22558825
2008-09-10 03:45:00,NSE:BEL,9.29391142,9.79795052,9.29391142,9.6565368,987527.95093087
2008-09-11 03:45:00,NSE:BEL,9.67269817,9.67269817,9.41411328,9.48633549,770321.30187399
2008-09-15 03:45:00,NSE:BEL,9.29290152,9.69694072,8.84845841,9.04138692,2935556.77203028
2008-09-16 03:45:00,NSE:BEL,9.04138692,9.04138692,8.30906588,8.86866037,6615100.76724306
2008-09-17 03:45:00,NSE:BEL,8.88886233,9.03936713,8.78785253,8.90603409,1656373.94957637
2008-09-18 03:45:00,NSE:BEL,8.83835743,8.83835743,8.53532803,8.81158963,4665091.94022699
2008-09-19 03:45:00,NSE:BEL,8.90906429,9.37269947,8.90249845,9.13229574,2533120.56947048
2008-09-22 03:45:00,NSE:BEL,9.13229574,9.3535074,8.90249845,8.94542761,641620.91729152
2008-09-23 03:45:00,NSE:BEL,8.70249915,8.93936723,8.70249915,8.82219606,11564719.55769314
2008-09-24 03:45:00,NSE:BEL,8.78785253,9.09088193,8.68684273,9.02472061,1570936.69427278
2008-09-25 03:45:00,NSE:BEL,8.92169051,9.19189172,8.86916532,8.95098356,4679050.9819394
2008-09-26 03:45:00,NSE:BEL,8.91916527,8.96916522,8.6979536,8.80350895,1969610.88559093
2008-09-29 03:45:00,NSE:BEL,8.98987213,9.04037703,8.64694376,8.74290307,3271662.77638219
2008-09-30 03:45:00,NSE:BEL,8.58583293,9.20148776,8.33583368,9.03583148,3599650.75647582
2008-10-01 03:45:00,NSE:BEL,9.19088183,9.44441622,8.80805449,8.92270041,10087140.14239056
2008-10-03 03:45:00,NSE:BEL,8.92118556,9.05047801,8.64643881,8.71563032,4234341.65305905
2008-10-06 03:45:00,NSE:BEL,8.71563032,8.76360997,8.38381333,8.47775234,2126427.35418988
2008-10-07 03:45:00,NSE:BEL,8.48482313,8.49542906,8.08078393,8.19846055,7689055.97643584
2008-10-08 03:45:00,NSE:BEL,7.83836042,8.08078393,7.58684581,8.0732082,1671916.9960221
2008-10-10 03:45:00,NSE:BEL,7.59694679,7.86512821,7.17321109,7.64391655,13882217.48284007
2008-10-13 03:45:00,NSE:BEL,7.68684572,7.92573409,7.57573494,7.68937096,3067623.16667106
2008-10-14 03:45:00,NSE:BEL,8.07977404,8.07977404,7.57573494,7.65098734,2051385.12994872
2008-10-15 03:45:00,NSE:BEL,7.56563396,7.62623984,7.27270554,7.3661396,3101877.26902916
2008-10-16 03:45:00,NSE:BEL,7.17169574,7.47472514,6.81816144,7.23078627,1656472.9498722
2008-10-17 03:45:00,NSE:BEL,7.13129182,7.2929075,6.76765654,6.89139355,15771737.12910237
2008-10-20 03:45:00,NSE:BEL,6.86866634,7.0908879,6.70705067,6.77624218,667954.99598301
2008-10-21 03:45:00,NSE:BEL,6.7898788,7.0908879,6.76765654,6.96967614,28663258.65154493
2008-10-22 03:45:00,NSE:BEL,6.8888683,6.8888683,6.68684871,6.72220213,6628564.8074763
2008-10-23 03:45:00,NSE:BEL,6.68684871,6.68684871,6.43432421,6.49038454,6986747.87779889
2008-10-24 03:45:00,NSE:BEL,6.4146272,6.49493009,5.87877031,6.00452761,2215626.62073512
2008-10-27 03:45:00,NSE:BEL,5.95957815,6.36361735,5.55553895,6.12422402,1842197.50485429
2008-10-28 03:45:00,NSE:BEL,6.41513214,6.55452607,6.07523447,6.31210255,341452.02032687
2008-10-29 03:45:00,NSE:BEL,6.25250657,6.56563695,5.56361964,5.72068977,8216034.55115314
2008-10-31 03:45:00,NSE:BEL,5.91917423,6.22725412,5.82473027,6.13584035,3117123.31458739
2008-11-03 03:45:00,NSE:BEL,6.26260755,6.51412215,6.18432495,6.43028361,4039014.0693812
2008-11-04 03:45:00,NSE:BEL,6.54189985,6.76260605,6.31311245,6.67119229,2782502.31467297
2008-11-05 03:45:00,NSE:BEL,6.90907026,6.96967614,6.58129336,6.8403837,2164146.46690213
2008-11-06 03:45:00,NSE:BEL,6.61614185,6.64644479,6.37018319,6.48028356,820415.45156532
2008-11-07 03:45:00,NSE:BEL,6.42422323,6.77624218,6.37472822,6.70705067,798338.38559464
2008-11-10 03:45:00,NSE:BEL,6.73381846,6.91917124,6.59593989,6.77826247,995546.97489331
2008-11-11 03:45:00,NSE:BEL,7.67674474,7.67674474,6.61614185,6.64442449,10230195.56986877
2008-11-12 03:45:00,NSE:BEL,6.54543499,6.66664675,6.42068809,6.57220279,288882.86323973
2008-11-14 03:45:00,NSE:BEL,6.50503107,6.75755556,6.46462715,6.64240419,1840019.49834597
2008-11-17 03:45:00,NSE:BEL,6.45099103,6.7373536,6.37422328,6.52725332,663499.98267054
2008-11-18 03:45:00,NSE:BEL,6.38381931,6.54341469,6.37422328,6.4868494,665677.98917886
2008-11-19 03:45:00,NSE:BEL,6.61614185,6.66664675,6.29291049,6.37321338,1392538.16118231
2008-11-20 03:45:00,NSE:BEL,6.40200097,6.40200097,5.8838208,6.00250732,978815.92489759
2008-11-21 03:45:00,NSE:BEL,6.12977946,6.12977946,5.83836639,5.96361875,1204140.59821274
2008-11-24 03:45:00,NSE:BEL,5.96361875,6.06058795,5.72725561,5.88988119,1177806.51952125
2008-11-25 03:45:00,NSE:BEL,6.18179971,6.18179971,5.73129621,5.85503321,1238889.70205001
2008-11-26 03:45:00,NSE:BEL,5.85856835,5.85856835,5.50503405,5.61260969,2508370.49551231
2008-11-28 03:45:00,NSE:BEL,5.69695267,5.75755855,5.53533699,5.68432645,1086825.24765103
2008-12-01 03:45:00,NSE:BEL,5.95957815,5.95957815,5.62725571,5.79594218,1800023.37882957
2008-12-02 03:45:00,NSE:BEL,5.79594218,6.20200167,5.57574091,6.12775967,1943672.80808278
2008-12-03 03:45:00,NSE:BEL,6.27270853,6.43432421,6.16816359,6.37068813,4450954.30034093
2008-12-04 03:45:00,NSE:BEL,6.36361735,6.82826242,6.3383649,6.73129322,7914380.649751
2008-12-05 03:45:00,NSE:BEL,6.75755556,7.27270554,6.68684871,7.11311016,3979118.89040243
2008-12-08 03:45:00,NSE:BEL,7.27270554,7.55300773,7.12119084,7.35906882,9503830.39934448
2008-12-10 03:45:00,NSE:BEL,7.4908865,7.56411861,7.12119084,7.2444229,10139016.29740688
2008-12-11 03:45:00,NSE:BEL,7.07169584,7.32321044,7.01008006,7.10199878,22049543.88844353
2008-12-12 03:45:00,NSE:BEL,6.96967614,7.07068594,6.8403837,6.94391875,2387788.13518813
2008-12-15 03:45:00,NSE:BEL,6.91967619,7.25199863,6.91967619,7.1454334,11599765.6624179
2008-12-16 03:45:00,NSE:BEL,7.1413928,7.25250358,7.02068599,7.13735221,9037737.00656428
2008-12-17 03:45:00,NSE:BEL,7.27270554,7.31310946,6.97068604,7.02977707,2493223.45024992
2008-12-18 03:45:00,NSE:BEL,6.87876732,7.8732089,6.71715164,7.19947344,20669182.76364864
2008-12-19 03:45:00,NSE:BEL,7.27220059,7.36260446,7.11209976,7.16058487,8731133.09037051
2008-12-22 03:45:00,NSE:BEL,7.26260456,7.26260456,6.97624198,7.07018099,29570002.36107634
2008-12-23 03:45:00,NSE:BEL,7.06058496,7.21209966,7.00553452,7.16361506,4575694.67309009
2008-12-24 03:45:00,NSE:BEL,7.13129182,7.17674623,7.03129192,7.1691705,3155733.42996213
2008-12-26 03:45:00,NSE:BEL,7.25250358,7.25250358,6.8908886,6.95098953,963173.87815603
2008-12-29 03:45:00,NSE:BEL,6.90907026,7.02018104,6.68836405,6.83280797,1992776.95481578
2008-12-30 03:45:00,NSE:BEL,6.81816144,7.33331142,6.77775752,7.21361501,6131880.3232838
2008-12-31 03:45:00,NSE:BEL,7.27270554,7.72674469,7.1929076,7.56967455,12763811.14081841
2009-01-01 03:45:00,NSE:BEL,7.55553298,7.83027973,7.55553298,7.8206837,6728654.10656313
2009-01-02 03:45:00,NSE:BEL,7.8989663,8.07068295,7.30098818,7.58482602,8468980.3070056
2009-01-05 03:45:00,NSE:BEL,7.64745169,7.85351189,7.47472514,7.63432052,3357100.03168578
2009-01-06 03:45:00,NSE:BEL,7.58583592,8.13128883,7.48533107,7.66765365,27433872.97789485
2009-01-07 03:45:00,NSE:BEL,7.82825944,7.99997609,7.57573494,7.81058272,3428182.24409363
2009-01-09 03:45:00,NSE:BEL,7.77775454,8.03937012,7.72825953,7.80553223,2333436.97277599
2009-01-12 03:45:00,NSE:BEL,7.73381548,7.92674399,7.70704768,7.75805752,2639248.8866031
2009-01-13 03:45:00,NSE:BEL,7.58583592,7.94795585,7.58583592,7.84139061,2993570.94538822
2009-01-14 03:45:00,NSE:BEL,7.87876434,7.98987511,7.81361291,7.8711886,2982284.9116633
2009-01-15 03:45:00,NSE:BEL,7.58684581,7.92926923,7.47775533,7.77623919,564994.68831704
2009-01-16 03:45:00,NSE:BEL,7.7474516,8.18179373,7.7474516,7.8721985,1814774.42290864
2009-01-19 03:45:00,NSE:BEL,7.92926923,7.95957217,7.85856238,7.91058262,909119.71663139
2009-01-20 03:45:00,NSE:BEL,7.7474516,8.13128883,7.72724964,8.09088491,4705583.06122255
2009-01-21 03:45:00,NSE:BEL,8.12118785,8.18179373,7.82825944,7.95603703,2573413.68987438
2009-01-22 03:45:00,NSE:BEL,8.03027903,8.03027903,7.77825948,7.88078463,1141473.41095066
2009-01-23 03:45:00,NSE:BEL,7.87876434,8.06058197,7.72825953,7.88280493,4174644.47467195
2009-01-27 03:45:00,NSE:BEL,7.72724964,8.03027903,7.72724964,7.80654213,0.0
2009-01-28 03:45:00,NSE:BEL,7.69341156,8.14138981,7.68785561,8.09290521,1569847.69101862
2009-01-29 03:45:00,NSE:BEL,8.16058188,8.3227025,7.90048164,8.13835962,4523224.51629878
2009-01-30 03:45:00,NSE:BEL,8.05048099,8.43431823,7.98078403,8.3019956,3378682.0961773
2009-02-02 03:45:00,NSE:BEL,8.33330843,8.67068136,8.23229863,8.62926704,7439377.23034585
2009-02-03 03:45:00,NSE:BEL,8.39391431,8.81815547,8.34492476,8.69694371,7059117.09405258
2009-02-04 03:45:00,NSE:BEL,8.68684273,8.92926625,8.54997455,8.79492331,3686672.01651273
2009-02-05 03:45:00,NSE:BEL,8.86815542,8.86815542,8.45654049,8.58280274,2457088.34227099
2009-02-06 03:45:00,NSE:BEL,8.73734763,8.77674165,8.50148995,8.6247215,2737655.18066077
2009-02-09 03:45:00,NSE:BEL,8.59593391,8.7545194,8.51714637,8.63936802,2117814.32845244
2009-02-10 03:45:00,NSE:BEL,8.63633783,9.07067997,8.63633783,8.97977115,6298893.82235352
2009-02-11 03:45:00,NSE:BEL,8.83835743,9.24239662,8.83835743,9.15754819,3677860.99018363
2009-02-12 03:45:00,NSE:BEL,9.07775075,9.23633624,8.76765057,8.80906438,4011689.98773138
2009-02-13 03:45:00,NSE:BEL,8.83835743,9.07067997,8.70502439,8.96866027,3770129.26589967
2009-02-16 03:45:00,NSE:BEL,8.95956919,9.24239662,8.89542817,9.03633643,3534706.56240959
2009-02-17 03:45:00,NSE:BEL,9.03027605,9.03027605,8.70956993,8.80805449,1732208.1761842
2009-02-18 03:45:00,NSE:BEL,8.70805458,8.94441772,8.68684273,8.89946826,2324724.94674272
2009-02-19 03:45:00,NSE:BEL,8.8999732,9.1030032,8.88886233,9.00855874,1161966.47218803
2009-02-20 03:45:00,NSE:BEL,8.95603405,8.95603405,8.68835808,8.88280194,1126227.36539243
2009-02-24 03:45:00,NSE:BEL,8.7484585,8.83785248,8.41512617,8.49088352,4394623.13201214
2009-02-25 03:45:00,NSE:BEL,8.41462122,8.86866037,8.41411627,8.82623615,3029112.05159215
2009-02-26 03:45:00,NSE:BEL,8.73734763,9.04037703,8.63886307,8.81714557,4727462.12660157
2009-02-27 03:45:00,NSE:BEL,8.81815547,8.82320596,8.62926704,8.69694371,1114347.32989251
2009-03-02 03:45:00,NSE:BEL,8.43936872,8.63078239,8.43936872,8.49845925,2841110.48980591
2009-03-03 03:45:00,NSE:BEL,8.46108603,8.57573195,8.46058058,8.50401519,1693103.05933029
2009-03-04 03:45:00,NSE:BEL,8.57573195,8.68684273,8.4257326,8.65704474,9283257.7402293
2009-03-05 03:45:00,NSE:BEL,8.67573185,8.67573185,8.40401529,8.59340866,1649146.92798059
2009-03-06 03:45:00,NSE:BEL,8.53431813,8.73734763,8.36462127,8.68229719,9795683.27145919
2009-03-09 03:45:00,NSE:BEL,8.66664077,8.78785253,8.46462117,8.70047885,1732703.17766336
2009-03-12 03:45:00,NSE:BEL,8.78886242,8.78886242,8.40401529,8.45401524,12559474.53021979
2009-03-13 03:45:00,NSE:BEL,8.38381333,8.56563097,8.38381333,8.4484598,2112666.31306914
2009-03-16 03:45:00,NSE:BEL,8.40048015,8.56361067,8.38381333,8.41765141,2371156.08548824
2009-03-17 03:45:00,NSE:BEL,8.42421725,8.5247221,8.33330843,8.39290442,2033169.07551551
2009-03-18 03:45:00,NSE:BEL,8.31310647,8.46411622,8.26310652,8.3019956,1149789.43580061
2009-03-19 03:45:00,NSE:BEL,8.36967176,8.43431823,8.23330853,8.26411692,772499.30838231
2009-03-20 03:45:00,NSE:BEL,8.11108687,8.35755099,8.11108687,8.23835902,1162758.47455469
2009-03-23 03:45:00,NSE:BEL,8.32219756,8.47371225,8.20906648,8.42825784,13776881.16807411
2009-03-24 03:45:00,NSE:BEL,8.49492411,8.63633783,8.33330843,8.34138911,3051882.11963366
2009-03-25 03:45:00,NSE:BEL,8.28330848,8.41361132,8.28330848,8.33835892,302742.9046563
2009-03-26 03:45:00,NSE:BEL,8.36007623,8.73633773,8.33330843,8.63633783,3782504.30287875
2009-03-27 03:45:00,NSE:BEL,8.74744861,8.76664067,8.43532813,8.4732068,3678850.99314195
2009-03-30 03:45:00,NSE:BEL,8.41462122,8.82825645,8.33532873,8.7545194,2208003.597956
2009-03-31 03:45:00,NSE:BEL,8.76765057,9.01967012,8.76765057,8.93229644,3362941.04913991
2009-04-01 03:45:00,NSE:BEL,8.95956919,9.18179074,8.89896331,9.03936713,2857346.53832247
2009-04-02 03:45:00,NSE:BEL,9.07067997,9.94946522,9.04037703,9.18936648,14218026.48630448
2009-04-06 03:45:00,NSE:BEL,9.09088193,9.52219387,8.98987213,9.481285,11594815.64762627
2009-04-08 03:45:00,NSE:BEL,9.2019927,9.88885934,9.2019927,9.43027465,9262170.67721694
2009-04-09 03:45:00,NSE:BEL,9.49542607,9.57067847,9.31310348,9.39896181,1383430.13396571
2009-04-13 03:45:00,NSE:BEL,9.53431515,9.7575466,9.35401235,9.41259793,3107322.28529996
2009-04-15 03:45:00,NSE:BEL,9.31310348,9.98885924,9.29290152,9.81613218,13507105.36193009
2009-04-16 03:45:00,NSE:BEL,10.05047502,10.08077796,9.39391132,9.43684049,3312252.89767358
2009-04-17 03:45:00,NSE:BEL,9.59593092,9.73128425,9.44441622,9.4822949,2416201.2200921
2009-04-20 03:45:00,NSE:BEL,9.57572896,9.76764758,8.98987213,9.07573046,2160978.45743548
2009-04-21 03:45:00,NSE:BEL,8.58583293,9.49391123,8.34340941,9.38684054,9877556.5161128
2009-04-22 03:45:00,NSE:BEL,9.49492112,9.53532504,9.01057903,9.19946746,3083661.21459595
2009-04-23 03:45:00,NSE:BEL,9.19189172,9.48936568,8.88886233,9.37875985,1790717.3510213
2009-04-24 03:45:00,NSE:BEL,9.44441622,9.49492112,9.25300255,9.34290148,1051284.1414471
2009-04-27 03:45:00,NSE:BEL,9.10098291,9.58582994,9.10098291,9.39189103,2645782.90612806
2009-04-28 03:45:00,NSE:BEL,9.29290152,9.58077945,9.25906344,9.45805234,4044063.08446866
2009-04-29 03:45:00,NSE:BEL,9.47471916,9.79340498,9.47471916,9.65047641,2401450.17601303
2009-05-04 03:45:00,NSE:BEL,9.84845542,9.94946522,9.66057739,9.75401146,3335616.96749009
2009-05-05 03:45:00,NSE:BEL,9.81815248,9.96865728,9.76764758,9.89845537,6888737.58492455
2009-05-06 03:45:00,NSE:BEL,9.72724366,10.11865663,9.72724366,10.02219237,4403632.15893291
2009-05-07 03:45:00,NSE:BEL,10.09087894,10.49491813,10.04037404,10.2833026,5169201.44660694
2009-05-08 03:45:00,NSE:BEL,10.35350442,10.35350442,9.97976816,10.07522252,1117614.33965499
2009-05-11 03:45:00,NSE:BEL,10.10249506,10.28279756,9.74845552,9.7843144,1919813.7367871
2009-05-12 03:45:00,NSE:BEL,9.56815323,9.81815248,9.49492112,9.79896042,2275323.79912221
2009-05-13 03:45:00,NSE:BEL,9.81815248,9.94946522,9.69694072,9.85502126,826949.47109028
2009-05-14 03:45:00,NSE:BEL,9.89896032,10.09087894,9.72724366,9.98885924,1389172.151124
2009-05-15 03:45:00,NSE:BEL,9.99997012,10.10097992,9.94946522,10.03431365,22037960.85383111
2009-05-18 03:45:00,NSE:BEL,10.90905831,11.12016879,10.90905831,11.08784566,47223.14111218
2009-05-19 03:45:00,NSE:BEL,11.9191563,12.7272347,10.22219168,11.91511591,13356030.91048944
2009-05-20 03:45:00,NSE:BEL,11.61259156,12.63632588,11.46461221,12.45703348,26977580.61440209
2009-05-21 03:45:00,NSE:BEL,12.45450824,13.83834249,12.23582202,13.33127329,26412684.92638088
2009-05-22 03:45:00,NSE:BEL,13.28278859,13.93935229,12.87874939,13.36258633,13106550.16499111
2009-05-25 03:45:00,NSE:BEL,13.33329349,14.09086698,13.24238467,13.53935348,5522632.50272956
2009-05-26 03:45:00,NSE:BEL,13.58581799,13.63632289,12.82824449,13.09289017,5895368.61653956
2009-05-27 03:45:00,NSE:BEL,13.13127389,13.58581799,13.13127389,13.31561678,14200107.43275876
2009-05-28 03:45:00,NSE:BEL,13.13127389,13.38177819,12.71157818,12.87066861,5865272.52660643
2009-05-29 03:45:00,NSE:BEL,13.04339537,13.68682779,12.6262249,13.53985853,4413235.18762868
2009-06-01 03:45:00,NSE:BEL,13.74894881,13.93581694,13.14390012,13.204506,5026641.0206079
2009-06-02 03:45:00,NSE:BEL,13.23228369,13.49490917,13.03026409,13.18783938,1662214.9670305
2009-06-03 03:45:00,NSE:BEL,13.10753659,13.30753599,12.95955723,13.06309228,3963575.8439567
2009-06-04 03:45:00,NSE:BEL,12.75753764,13.78783759,12.6726894,13.28480879,4416007.195912
2009-06-05 03:45:00,NSE:BEL,13.45450525,14.82823852,13.15147585,14.07521047,30657025.60931904
2009-06-08 03:45:00,NSE:BEL,14.2322807,14.71510754,12.82874954,13.22369786,13222479.51141117
2009-06-09 03:45:00,NSE:BEL,12.97975919,13.29288957,12.75804268,13.11460728,8755289.16255368
2009-06-10 03:45:00,NSE:BEL,13.25248565,13.73632259,13.15248595,13.25905129,7148910.3623728
2009-06-11 03:45:00,NSE:BEL,13.33329349,13.82824151,13.08076899,13.49288897,7661830.89508186
2009-06-12 03:45:00,NSE:BEL,13.43430329,14.01005915,13.14137487,13.61915122,5142966.36821128
2009-06-15 03:45:00,NSE:BEL,13.61915122,14.1312709,13.18632423,13.80955469,4275030.77464628
2009-06-16 03:45:00,NSE:BEL,13.43480834,14.44440128,13.39389937,14.34692683,10156044.3482901
2009-06-17 03:45:00,NSE:BEL,14.44440128,14.62015833,12.97975919,13.21713222,14573140.54745625
2009-06-18 03:45:00,NSE:BEL,13.21208173,13.59137353,12.77824464,13.14238497,22128546.124518
2009-06-19 03:45:00,NSE:BEL,13.2262231,13.62470676,13.08076899,13.30804104,4388188.11278302
2009-06-22 03:45:00,NSE:BEL,13.36359643,13.71612063,13.23228369,13.3014754,2263146.7627348
2009-06-23 03:45:00,NSE:BEL,12.83834547,13.52470706,12.7272347,13.44389922,2122368.34206074
2009-06-24 03:45:00,NSE:BEL,13.53430299,13.59591897,13.14137487,13.49642432,1798538.37439208
2009-06-25 03:45:00,NSE:BEL,13.42420231,13.88834234,13.23228369,13.42016192,8578375.6339007
2009-06-26 03:45:00,NSE:BEL,13.42016192,13.72723171,13.23228369,13.49793946,1112070.32308836
2009-06-29 03:45:00,NSE:BEL,13.34339447,14.22217972,13.34339447,13.84187783,8789939.26609511
2009-06-30 03:45:00,NSE:BEL,13.88682719,14.12116992,12.89693116,13.2777381,6287607.78862859
2009-07-01 03:45:00,NSE:BEL,13.42420231,14.23127061,13.23228369,13.87672621,4947737.78482926
2009-07-02 03:45:00,NSE:BEL,14.16157384,14.72621862,13.78834264,13.89288778,21850454.29352404
2009-07-03 03:45:00,NSE:BEL,13.83935258,14.2322807,13.53531309,14.0075339,7305132.82919676
2009-07-06 03:45:00,NSE:BEL,14.14137188,14.44389623,13.18228384,13.49692937,17072403.01575196
2009-07-07 03:45:00,NSE:BEL,13.40400035,13.73581754,13.23278874,13.6302623,6062679.11649677
2009-07-08 03:45:00,NSE:BEL,13.33329349,14.34339148,12.95955723,13.96157444,6841019.44233321
2009-07-09 03:45:00,NSE:BEL,13.88783729,14.1817758,13.79945371,14.03278635,6470956.33651069
2009-07-10 03:45:00,NSE:BEL,13.76258514,14.3837954,13.55854534,13.7292519,3517678.51152637
2009-07-13 03:45:00,NSE:BEL,13.66662583,13.83834249,13.14137487,13.31359658,1194933.57070031
2009-07-14 03:45:00,NSE:BEL,13.38379839,14.01915003,13.38379839,13.79894866,2231862.66925167
2009-07-15 03:45:00,NSE:BEL,13.83834249,14.55551206,13.63632289,14.2065232,2941100.78859691
2009-07-16 03:45:00,NSE:BEL,14.4848052,14.53985554,14.05046306,14.18228085,5620741.79589974
2009-07-17 03:45:00,NSE:BEL,14.34238138,14.41914883,13.99137233,14.17116977,20973212.67215076
2009-07-20 03:45:00,NSE:BEL,14.26157355,15.48783251,14.1817758,15.29288359,19924403.53809947
2009-07-21 03:45:00,NSE:BEL,15.41005496,15.57571103,15.06056106,15.27318668,12706687.97012297
2009-07-22 03:45:00,NSE:BEL,15.40298428,15.50197388,14.12773556,14.31763398,10189506.44828155
2009-07-23 03:45:00,NSE:BEL,14.54541108,14.76157205,13.83834249,14.04591762,16515229.35080571
2009-07-24 03:45:00,NSE:BEL,14.29692697,14.42823971,14.10046292,14.20248281,7347603.95610897
2009-07-27 03:45:00,NSE:BEL,14.39389638,15.25146958,14.39389638,14.83177386,9014867.93822694
2009-07-28 03:45:00,NSE:BEL,15.12823762,15.17167184,14.82823852,14.91662209,4950707.79370424
2009-07-29 03:45:00,NSE:BEL,14.82823852,14.94945028,13.99086728,14.3363208,5481745.38055067
2009-07-30 03:45:00,NSE:BEL,14.57924936,14.82823852,14.34389653,14.64541078,6564511.61607257
2009-07-31 03:45:00,NSE:BEL,14.89894538,15.20146973,14.67975411,14.82722842,7048623.06269431
2009-08-03 03:45:00,NSE:BEL,14.60500686,15.01005616,14.54541108,14.85197582,2000597.97818656
2009-08-04 03:45:00,NSE:BEL,14.86864244,15.2423787,14.80803656,15.0363187,5220978.60132742
2009-08-05 03:45:00,NSE:BEL,14.8888444,15.20197478,14.84844048,14.85803641,1936742.78737449
2009-08-06 03:45:00,NSE:BEL,14.94945028,15.0403591,14.44440128,14.61308765,2973077.88415086
2009-08-07 03:45:00,NSE:BEL,14.60601696,14.8353092,14.29339163,14.36409849,2363038.06122996
2009-08-10 03:45:00,NSE:BEL,14.36712879,14.8353092,14.1817758,14.50702736,2685086.02357363
2009-08-11 03:45:00,NSE:BEL,14.35702781,14.54086564,14.19187678,14.24844227,3395413.14617302
2009-08-12 03:45:00,NSE:BEL,14.21207874,14.54490603,13.95955425,14.24541198,3583414.70795926
2009-08-13 03:45:00,NSE:BEL,14.51409804,14.99035925,14.44440128,14.74844078,4931303.73572104
2009-08-14 03:45:00,NSE:BEL,14.84743038,15.16157086,14.69945102,15.0878337,4480456.38849907
2009-08-17 03:45:00,NSE:BEL,14.73025901,14.99288449,14.35854295,14.51510814,1527079.56321891
2009-08-18 03:45:00,NSE:BEL,14.7878346,14.84844048,14.20450301,14.78429926,1365412.08012416
2009-08-19 03:45:00,NSE:BEL,14.66914808,14.89187469,14.24238168,14.4837951,1670728.99247211
2009-08-20 03:45:00,NSE:BEL,14.60803716,14.79440024,14.60601696,14.64844108,782102.33707808
2009-08-21 03:45:00,NSE:BEL,14.49137084,14.89894538,14.37369442,14.81763249,1502230.48896491
2009-08-24 03:45:00,NSE:BEL,14.94945028,15.090864,14.76763264,14.83783445,2636971.87979895
2009-08-25 03:45:00,NSE:BEL,14.89338984,14.91864229,14.34490663,14.44490633,9221382.55533388
2009-08-26 03:45:00,NSE:BEL,14.49490618,14.7373297,14.29288658,14.35500761,8665396.89393762
2009-08-27 03:45:00,NSE:BEL,14.34339148,14.54490603,14.19288688,14.34844197,7222170.58128898
2009-08-28 03:45:00,NSE:BEL,14.3600581,14.55551206,14.29288658,14.34945207,13332171.83919376
2009-08-31 03:45:00,NSE:BEL,14.33026021,14.64541078,14.25248266,14.39945192,4199196.54803845
2009-09-01 03:45:00,NSE:BEL,14.50500716,14.64642088,13.90904935,14.08682659,24241806.43936213
2009-09-02 03:45:00,NSE:BEL,13.90904935,14.34339148,13.78783759,14.09288718,16557502.47712626
2009-09-03 03:45:00,NSE:BEL,14.16157384,14.34288643,14.10601845,14.12571537,1148007.43047562
2009-09-04 03:45:00,NSE:BEL,14.16157384,14.24137159,14.01207934,14.14490723,4619155.80296063
2009-09-07 03:45:00,NSE:BEL,14.21763428,14.34339148,14.16662433,14.26864423,3477187.39053081
2009-09-08 03:45:00,NSE:BEL,14.34288643,14.34339148,14.080766,14.21106865,46571224.16412462
2009-09-09 03:45:00,NSE:BEL,14.20197776,14.34339148,14.07723066,14.17167482,24440995.03457746
2009-09-10 03:45:00,NSE:BEL,14.34339148,14.34339148,13.92016042,14.00450361,1751810.23475906
2009-09-11 03:45:00,NSE:BEL,14.14036179,14.14036179,13.75753465,13.85147376,0.0
2009-09-14 03:45:00,NSE:BEL,13.77016087,14.12015983,13.66157534,14.04339238,1880015.61786237
2009-09-15 03:45:00,NSE:BEL,14.080766,14.22116963,13.87016057,13.93531189,3219687.62107004
2009-09-16 03:45:00,NSE:BEL,13.98985719,14.24137159,13.86359494,13.91864528,2419369.22955875
2009-09-17 03:45:00,NSE:BEL,14.03985704,14.13935169,13.89086758,13.97167542,3515005.50353888
2009-09-18 03:45:00,NSE:BEL,14.04036208,14.19945252,13.84036268,14.10349321,3198006.55628268
2009-09-22 03:45:00,NSE:BEL,14.16157384,14.5353101,14.16157384,14.44894672,6984470.87099474
2009-09-23 03:45:00,NSE:BEL,14.24238168,14.62470377,14.24238168,14.44440128,16584430.55759274
2009-09-24 03:45:00,NSE:BEL,14.29288658,14.54490603,14.24288673,14.40601756,3948923.80017347
2009-09-25 03:45:00,NSE:BEL,14.14894762,14.5332899,14.14894762,14.32672487,6467194.32526905
2009-09-29 03:45:00,NSE:BEL,14.27268462,14.59591598,14.16157384,14.35046217,10742027.09932366
2009-09-30 03:45:00,NSE:BEL,14.2827856,15.62621593,14.16662433,15.49237795,15146847.26180657
2009-10-01 03:45:00,NSE:BEL,15.36460055,16.18530517,15.07167213,15.89692219,11439286.18287315
2009-10-05 03:45:00,NSE:BEL,15.52520613,16.60601098,15.17773242,16.45348619,21973610.66153987
2009-10-06 03:45:00,NSE:BEL,16.45449629,16.72671769,15.668135,16.18227488,12349593.90305453
2009-10-07 03:45:00,NSE:BEL,16.21459801,16.46459726,15.86005362,16.01106327,5872202.54731472
2009-10-08 03:45:00,NSE:BEL,16.10096199,16.10096199,15.50500417,15.83025573,4801613.34818024
2009-10-09 03:45:00,NSE:BEL,16.10954782,16.10954782,15.1620759,15.32773198,2692016.04428191
2009-10-12 03:45:00,NSE:BEL,14.97268253,15.85853847,14.97268253,15.69338745,5975855.85705152
2009-10-14 03:45:00,NSE:BEL,15.66661985,15.85752837,15.47975172,15.60954932,2711024.10108179
2009-10-15 03:45:00,NSE:BEL,15.86863945,15.86863945,15.35955006,15.56965044,1302942.89345375
2009-10-16 03:45:00,NSE:BEL,15.77167004,15.77167004,15.25247967,15.30702497,4342251.97551666
2009-10-20 03:45:00,NSE:BEL,15.93934631,16.04035611,15.35348947,15.44692354,3393532.1405522
2009-10-21 03:45:00,NSE:BEL,15.15753046,15.79793259,14.95551087,15.32369158,2688551.03392777
2009-10-22 03:45:00,NSE:BEL,15.30298457,15.80803357,15.12167199,15.34944908,4818146.3975843
2009-10-23 03:45:00,NSE:BEL,15.40399437,15.74742769,15.35500462,15.45500432,1699934.07974275
2009-10-26 03:45:00,NSE:BEL,15.40399437,15.64641789,15.01005616,15.27520688,1807547.40131286
2009-10-27 03:45:00,NSE:BEL,15.05046008,15.15146988,14.65955215,14.80551131,2098905.2719484
2009-10-28 03:45:00,NSE:BEL,14.60197657,14.80803656,14.34642178,14.62520882,1461343.36678602
2009-10-29 03:45:00,NSE:BEL,14.34389653,14.53935049,14.04036208,14.10450331,3260475.7429531
2009-10-30 03:45:00,NSE:BEL,14.29288658,14.66763294,13.96965523,14.42268417,5691032.00594093
2009-11-03 03:45:00,NSE:BEL,14.82520822,15.42419633,14.49490618,14.93379376,11779253.19876253
2009-11-04 03:45:00,NSE:BEL,15.1918738,15.50500417,15.07066204,15.37722678,3326508.94027348
2009-11-05 03:45:00,NSE:BEL,15.55550907,16.40298129,15.46965074,16.32823404,9413047.12806593
2009-11-06 03:45:00,NSE:BEL,16.84540421,16.84540421,16.11106297,16.24692115,3939023.7705902
2009-11-09 03:45:00,NSE:BEL,16.56156667,16.56156667,16.03025513,16.09439635,1632613.87857653
2009-11-10 03:45:00,NSE:BEL,16.26257767,16.37368845,15.85853847,16.03126523,3511738.49377641
2009-11-11 03:45:00,NSE:BEL,16.07065905,16.52520314,15.91914435,16.38732477,5328294.92201004
2009-11-12 03:45:00,NSE:BEL,16.32318355,16.65651588,16.06207322,16.17722439,3423133.22900617
2009-11-13 03:45:00,NSE:BEL,16.16964865,16.38378943,16.08631557,16.19540615,2884967.62085978
2009-11-16 03:45:00,NSE:BEL,16.36358747,16.41409237,16.02116425,16.11156802,3468970.36597669
2009-11-17 03:45:00,NSE:BEL,16.06055807,16.34338551,15.97975023,16.2474262,3386701.12013975
2009-11-18 03:45:00,NSE:BEL,16.2474262,16.61611196,16.0959115,16.48328408,9215937.53906308
2009-11-19 03:45:00,NSE:BEL,16.60601098,16.65651588,15.68833696,15.82672038,7624507.78355294
2009-11-20 03:45:00,NSE:BEL,15.75752867,15.95954827,15.46460025,15.88480102,2977433.8971675
2009-11-23 03:45:00,NSE:BEL,15.92419484,16.75752568,15.76964985,16.64085936,8902997.60393602
2009-11-24 03:45:00,NSE:BEL,16.73732372,17.28378674,16.57570804,17.00247445,10792814.25108583
2009-11-25 03:45:00,NSE:BEL,17.07015101,17.58580604,16.96964626,17.45954379,9569764.59636904
2009-11-26 03:45:00,NSE:BEL,17.47469526,17.65600785,17.22823135,17.32621085,5690735.00505343
2009-11-27 03:45:00,NSE:BEL,17.17166586,17.96964327,16.78782862,17.86560318,14195058.4176713
2009-11-30 03:45:00,NSE:BEL,18.08075405,18.3327735,17.78984583,18.12671351,9752915.14365948
2009-12-01 03:45:00,NSE:BEL,18.25247071,18.48479325,18.13125895,18.28580394,14653924.78885572
2009-12-02 03:45:00,NSE:BEL,18.38378345,18.72721677,18.09085503,18.62974231,15360786.90110097
2009-12-03 03:45:00,NSE:BEL,18.80802461,18.82822657,18.46560139,18.68378255,10479577.31507126
2009-12-04 03:45:00,NSE:BEL,18.88883245,18.97772107,18.36358149,18.54943952,1886153.636204
2009-12-07 03:45:00,NSE:BEL,18.58580305,18.68479265,18.43428835,18.60448986,2830616.45844765
2009-12-08 03:45:00,NSE:BEL,18.83832755,19.25196267,18.64640893,19.13630645,10803209.28214825
2009-12-09 03:45:00,NSE:BEL,19.13125596,19.43428536,18.88933749,19.2645889,5706872.05327416
2009-12-10 03:45:00,NSE:BEL,19.25246772,19.39388144,19.01054925,19.28479086,5193951.52056511
2009-12-11 03:45:00,NSE:BEL,19.27266968,19.49438619,18.98984224,19.35802296,4055943.11996858
2009-12-14 03:45:00,NSE:BEL,19.29287164,19.39337639,18.93933734,19.01458965,1990598.94830746
2009-12-15 03:45:00,NSE:BEL,19.29287164,19.29287164,18.80499431,18.89994352,3058020.13797529
2009-12-16 03:45:00,NSE:BEL,19.0605491,19.31812409,18.49640938,19.13327616,3836162.46322006
2009-12-17 03:45:00,NSE:BEL,18.94943832,19.29287164,18.94943832,19.00196342,1416100.23159049
2009-12-18 03:45:00,NSE:BEL,19.13125596,19.13125596,18.8130751,18.8873173,1092468.26451349
2009-12-21 03:45:00,NSE:BEL,18.73731775,18.9863069,18.6863078,18.76307525,3023271.03413802
2009-12-22 03:45:00,NSE:BEL,19.17873057,19.17873057,18.63630795,18.72014608,1465006.37773182
2009-12-23 03:45:00,NSE:BEL,18.87873147,19.58580006,18.63832814,19.25347782,6050502.08010935
2009-12-24 03:45:00,NSE:BEL,19.29287164,19.47317413,18.85903455,19.06812484,2998718.96077152
2009-12-29 03:45:00,NSE:BEL,19.27014444,19.27014444,18.83428715,18.9863069,928424.77431876
2009-12-30 03:45:00,NSE:BEL,19.1635791,19.53479011,18.88883245,19.3368109,1855067.54331254
2009-12-31 03:45:00,NSE:BEL,19.24236674,19.80802162,19.19842748,19.60650707,8915273.64061927
2010-01-04 03:45:00,NSE:BEL,19.69691084,19.93933436,19.54539614,19.67569878,7049019.06387764
2010-01-05 03:45:00,NSE:BEL,19.79792064,19.88579916,19.60499192,19.73680971,4961498.82595
2010-01-06 03:45:00,NSE:BEL,19.70751687,19.7666076,19.50600232,19.60347677,1252254.74198742
2010-01-07 03:45:00,NSE:BEL,19.69590074,19.74741574,19.42670963,19.49186095,1266015.78310816
2010-01-08 03:45:00,NSE:BEL,19.26862929,19.58125462,19.26862929,19.50751747,2553712.63100368
2010-01-11 03:45:00,NSE:BEL,19.52519418,20.78276618,19.36862899,20.48933271,13219311.50194452
2010-01-12 03:45:00,NSE:BEL,20.48478727,20.80801863,19.83832456,19.91761725,4437589.26040352
2010-01-13 03:45:00,NSE:BEL,19.9171122,20.61610001,19.75953691,20.33478772,5629354.82163718
2010-01-14 03:45:00,NSE:BEL,20.50498923,21.19791746,20.32317159,20.91054257,14958251.69824534
2010-01-15 03:45:00,NSE:BEL,21.16155293,21.8787225,20.7221603,20.90953348,10269102.68613101
2010-01-18 03:45:00,NSE:BEL,20.72721079,21.60599604,20.70700883,21.20700734,7632229.80662789
2010-01-19 03:45:00,NSE:BEL,21.24236077,21.61609702,20.64741305,20.77165409,5140095.35963213
2010-01-20 03:45:00,NSE:BEL,20.98377467,21.21003763,20.35347453,20.50751448,5129502.32797804
2010-01-21 03:45:00,NSE:BEL,20.50448418,20.78276618,19.93933436,20.20852547,4840124.46325915
2010-01-22 03:45:00,NSE:BEL,19.90903142,20.29135351,19.49388114,20.14438425,6182271.47386263
2010-01-25 03:45:00,NSE:BEL,20.10095004,20.10095004,19.59590104,19.72266834,4688159.009156
2010-01-27 03:45:00,NSE:BEL,19.79842569,19.84792049,19.5655981,19.60095153,8576494.62827988
2010-01-28 03:45:00,NSE:BEL,19.74741574,19.99994024,19.63226457,19.80499132,9076842.12341819
2010-01-29 03:45:00,NSE:BEL,19.89893044,20.0201422,18.98277156,19.62014339,10304049.79055994
2010-02-01 03:45:00,NSE:BEL,20.02519269,20.40397943,19.79792064,20.23579812,11437900.17873149
2010-02-02 03:45:00,NSE:BEL,20.35347453,20.55347394,19.44438634,19.56509305,11954384.72209052
2010-02-03 03:45:00,NSE:BEL,19.79792064,20.89034061,19.69691084,20.03983911,40411524.75771182
2010-02-04 03:45:00,NSE:BEL,20.14943474,20.45448433,19.81004181,20.08983896,13308213.76760226
2010-02-05 03:45:00,NSE:BEL,19.79792064,19.8676174,19.44489139,19.67266849,6843494.44972902
2010-02-08 03:45:00,NSE:BEL,20.31307061,20.31307061,19.70196133,19.80347618,5905664.64730616
2010-02-09 03:45:00,NSE:BEL,19.66862809,19.8676174,19.55549712,19.68984015,5846165.46951072
2010-02-10 03:45:00,NSE:BEL,20.18882856,20.19084876,19.64640594,19.94943534,11379193.00330272
2010-02-11 03:45:00,NSE:BEL,20.0201422,20.12620248,19.83882961,19.93327377,2024457.04948223
2010-02-15 03:45:00,NSE:BEL,19.99994024,20.27266669,19.95448583,20.13630346,4534411.54972787
2010-02-16 03:45:00,NSE:BEL,20.27266669,21.01003823,20.21357596,20.89185676,12084768.11170215
2010-02-17 03:45:00,NSE:BEL,20.88882647,21.16205798,20.65650393,20.7746854,9184653.44557996
2010-02-18 03:45:00,NSE:BEL,20.99993725,21.09034102,20.73731177,20.94741215,9209106.51865063
2010-02-19 03:45:00,NSE:BEL,20.85852353,21.04438055,20.50498923,20.74640164,4575100.67131509
2010-02-22 03:45:00,NSE:BEL,20.93933137,21.13124999,20.60700913,20.68074628,2187213.53583114
2010-02-23 03:45:00,NSE:BEL,20.69892805,20.69892805,20.32317159,20.50700943,20759867.03463136
2010-02-24 03:45:00,NSE:BEL,20.89589715,20.89589715,20.22216179,20.39690875,11403745.07666922
2010-02-25 03:45:00,NSE:BEL,20.50145389,20.50145389,19.99994024,20.17569729,5417098.18737194
2010-02-26 03:45:00,NSE:BEL,20.35347453,20.57569609,20.15145493,20.20852547,5411950.17198864
2010-03-02 03:45:00,NSE:BEL,20.49034281,20.60599903,20.17014175,20.22468704,3810224.3857119
2010-03-03 03:45:00,NSE:BEL,20.45145404,20.84640235,20.21155577,20.296404,7203261.52478494
2010-03-04 03:45:00,NSE:BEL,20.55549413,20.55549413,20.29286865,20.39185826,3898829.65048214
2010-03-05 03:45:00,NSE:BEL,20.41408041,21.65650094,20.41408041,20.78680556,20534245.36042871
2010-03-08 03:45:00,NSE:BEL,21.16155293,21.34337056,20.91912941,21.07215824,5240481.65960646
2010-03-09 03:45:00,NSE:BEL,21.16104788,21.46458232,20.87518914,21.12973585,6486994.38443558
2010-03-10 03:45:00,NSE:BEL,21.07215824,21.31306763,20.88074568,20.95448284,6560650.60453509
2010-03-11 03:45:00,NSE:BEL,20.60599903,21.11054298,20.60599903,20.90094764,12597193.64293203
2010-03-12 03:45:00,NSE:BEL,21.05953202,21.10953389,20.72266535,21.06761381,2359474.05057998
2010-03-15 03:45:00,NSE:BEL,21.13124999,21.14135097,20.63731207,20.79135302,4801217.34699691
2010-03-16 03:45:00,NSE:BEL,20.75751373,21.11104803,20.70700883,20.99387565,2053266.13556954
2010-03-17 03:45:00,NSE:BEL,21.02013921,21.67619785,20.96357271,21.26205768,10743413.10346532
2010-03-18 03:45:00,NSE:BEL,21.19185587,21.54539016,21.06710775,21.22619819,5569558.64295425
2010-03-19 03:45:00,NSE:BEL,21.31205652,22.57569011,21.21205783,22.41912493,36711883.70244501
2010-03-22 03:45:00,NSE:BEL,22.38276039,22.74639567,22.11104504,22.36862003,9176436.42102585
2010-03-23 03:45:00,NSE:BEL,22.04639978,22.71205334,22.04639978,22.23579315,10196040.4678065
2010-03-25 03:45:00,NSE:BEL,22.27266072,22.42215522,22.02165036,22.32215451,5242164.66463561
2010-03-26 03:45:00,NSE:BEL,22.42417542,22.52316502,21.96003539,22.03680183,5299089.8347394
2010-03-29 03:45:00,NSE:BEL,21.86963263,22.22215582,21.80397626,21.87367201,5691131.00623677
2010-03-30 03:45:00,NSE:BEL,21.93983343,22.42417542,21.72821891,22.10599455,4473724.36838244
2010-03-31 03:45:00,NSE:BEL,21.97518686,22.42417542,21.77064202,22.24690322,6365917.02263223
2010-04-01 03:45:00,NSE:BEL,22.37165032,22.37165032,21.71912702,22.0777118,4974665.86529575
2010-04-05 03:45:00,NSE:BEL,22.26255974,22.26255974,21.02720989,21.23529008,19198434.36875852
2010-04-06 03:45:00,NSE:BEL,21.32316861,21.32316861,20.17266699,20.2716566,38550814.19753683
2010-04-07 03:45:00,NSE:BEL,20.39387845,20.53024168,19.8181226,20.04337445,15113781.16299846
2010-04-08 03:45:00,NSE:BEL,19.99994024,20.34337355,19.85852652,20.00297053,8405917.1185602
2010-04-09 03:45:00,NSE:BEL,20.05044514,20.19185885,19.84842554,19.87872848,5893487.61091874
2010-04-12 03:45:00,NSE:BEL,19.99994024,20.09791974,19.59590104,19.72569863,8165841.40116597
2010-04-13 03:45:00,NSE:BEL,19.64640594,19.94691009,19.4150935,19.54691129,8958338.76930648
2010-04-15 03:45:00,NSE:BEL,19.60600202,19.69691084,19.10095302,19.17418513,13402759.05012245
2010-04-16 03:45:00,NSE:BEL,19.18176086,19.33327556,18.93933734,19.08327631,6678361.95628013
2010-04-19 03:45:00,NSE:BEL,19.0605491,19.09085204,18.63428775,18.92166063,11590261.63401797
2010-04-20 03:45:00,NSE:BEL,19.10095302,19.33832605,18.94943832,19.17873057,9550360.53838584
2010-04-21 03:45:00,NSE:BEL,19.28984135,19.34842703,19.04034714,19.16812454,4585792.70326503
2010-04-22 03:45:00,NSE:BEL,19.14135694,19.2378213,18.95246862,19.10852876,10984082.82263453
2010-04-23 03:45:00,NSE:BEL,19.00751896,19.30297262,19.00044827,19.09792273,4839926.46266748
2010-04-26 03:45:00,NSE:BEL,19.18176086,19.28277066,19.00145837,19.12974082,5580943.676975
2010-04-27 03:45:00,NSE:BEL,19.0120644,19.24236674,18.70701481,18.78479235,5962193.81622661
2010-04-28 03:45:00,NSE:BEL,18.68832799,18.72721677,18.43428835,18.54135874,5580250.67490418
2010-04-29 03:45:00,NSE:BEL,18.42418737,18.72721677,18.19893552,18.35802595,4119402.30959732
2010-04-30 03:45:00,NSE:BEL,18.42418737,18.82115588,18.09338028,18.37519762,11105853.18650872
2010-05-03 03:45:00,NSE:BEL,18.36358149,18.66661089,18.23226875,18.41257124,5234244.640969
2010-05-04 03:45:00,NSE:BEL,18.58378285,18.58580305,17.94944131,18.16004674,4031094.04571458
2010-05-05 03:45:00,NSE:BEL,17.97974425,18.36358149,17.52621025,18.21610718,5903684.6413895
2010-05-06 03:45:00,NSE:BEL,17.99994621,18.52519717,17.99994621,18.15297606,3651229.91060464
2010-05-07 03:45:00,NSE:BEL,17.89338087,18.27267267,17.68732088,18.00348156,6516100.47141039
2010-05-10 03:45:00,NSE:BEL,18.44438933,18.44438933,18.00095631,18.18782444,5387596.0992138
2010-05-11 03:45:00,NSE:BEL,18.9347919,18.9347919,18.0812591,18.19236988,2408380.19672132
2010-05-12 03:45:00,NSE:BEL,18.78782265,18.78782265,17.98580484,18.19641027,2680730.01055699
2010-05-13 03:45:00,NSE:BEL,18.42418737,18.49489423,18.00095631,18.1812588,5616781.78406643
2010-05-14 03:45:00,NSE:BEL,18.18176385,18.46459129,17.69843196,18.02772391,3146724.40304136
2010-05-17 03:45:00,NSE:BEL,17.77772465,18.03024915,17.42419036,17.95196656,9473635.30911552
2010-05-18 03:45:00,NSE:BEL,18.03024915,18.63630795,17.89893641,18.37166227,2968820.87143005
2010-05-19 03:45:00,NSE:BEL,18.19287493,18.39388443,17.76257318,18.03327945,2839724.48566426
2010-05-20 03:45:00,NSE:BEL,18.07065307,18.23226875,17.61610898,17.72115917,3390859.13256472
2010-05-21 03:45:00,NSE:BEL,17.42419036,17.61610898,17.22217076,17.51307898,2203251.58375603
2010-05-24 03:45:00,NSE:BEL,17.86913852,17.86913852,17.49489722,17.66509873,2546188.60852039
2010-05-25 03:45:00,NSE:BEL,17.76459338,17.77671456,17.02015116,17.10045395,4831610.43781754
2010-05-26 03:45:00,NSE:BEL,17.32318056,17.37368546,17.06055508,17.1534841,2653801.9300905
2010-05-27 03:45:00,NSE:BEL,17.26408983,17.3534835,16.63782907,16.79035387,8434132.2028725
2010-05-28 03:45:00,NSE:BEL,17.07065606,17.36257438,16.78782862,17.25600904,2258493.74883066
2010-05-31 03:45:00,NSE:BEL,17.29388772,17.59590702,17.1267165,17.36105923,2895263.65162638
2010-06-01 03:45:00,NSE:BEL,17.36358448,17.36358448,17.11762562,17.2267162,5321562.90189342
2010-06-02 03:45:00,NSE:BEL,17.2267162,17.53227084,16.89388891,17.16964566,7669552.91815681
2010-06-03 03:45:00,NSE:BEL,17.42722065,17.4544933,17.19186782,17.26459487,1962581.86458681
2010-06-04 03:45:00,NSE:BEL,17.05651469,17.37217031,17.05651469,17.33277649,1064055.17960952
2010-06-07 03:45:00,NSE:BEL,17.32318056,17.32318056,16.79388921,17.06661567,2202459.58138937
2010-06-08 03:45:00,NSE:BEL,16.92318175,17.17166586,16.73732372,16.82419215,6897944.61243699
2010-06-09 03:45:00,NSE:BEL,17.00398959,17.11257513,16.82873759,16.9226767,3040992.08709207
2010-06-10 03:45:00,NSE:BEL,16.81813156,17.20903948,16.81813156,17.10600949,9751232.13863032
2010-06-11 03:45:00,NSE:BEL,17.22217076,17.74085608,17.12166601,17.46610942,6296616.81554936
2010-06-14 03:45:00,NSE:BEL,17.54540212,17.89893641,17.54540212,17.83580529,5217513.59097328
2010-06-15 03:45:00,NSE:BEL,17.84085578,18.14944072,17.70045216,18.05045111,4243647.68086732
2010-06-16 03:45:00,NSE:BEL,18.10095601,18.67671187,17.99035028,18.54085369,5697962.02664922
2010-06-17 03:45:00,NSE:BEL,18.54539913,18.62620697,18.28024841,18.35045022,5337105.94833914
2010-06-18 03:45:00,NSE:BEL,18.22216777,18.43327825,17.92923935,18.08681464,3164346.45569957
2010-06-21 03:45:00,NSE:BEL,17.92923935,18.30297561,17.87974455,18.19641027,3150981.41576216
2010-06-22 03:45:00,NSE:BEL,18.15146091,18.33731894,17.69691681,18.05701675,2051385.12994872
2010-06-23 03:45:00,NSE:BEL,17.77974485,18.16156189,17.77974485,17.97065337,2295222.85858458
2010-06-24 03:45:00,NSE:BEL,18.05499655,18.11004689,17.33530173,17.48277604,12183768.40753482
2010-06-25 03:45:00,NSE:BEL,17.42419036,17.76762367,17.12318116,17.276211,5671330.94707023
2010-06-28 03:45:00,NSE:BEL,17.1267165,17.68277544,17.1267165,17.60802819,10157628.35302342
2010-06-29 03:45:00,NSE:BEL,17.76762367,17.76762367,17.28277664,17.41812977,2286015.83107214
2010-06-30 03:45:00,NSE:BEL,17.26964536,17.75752269,17.1741911,17.54994756,7159998.39550606
2010-07-01 03:45:00,NSE:BEL,17.4039884,17.554493,17.2524737,17.36055418,2068512.18112777
2010-07-02 03:45:00,NSE:BEL,17.31307958,17.57570506,17.28277664,17.40651364,2242554.7012016
2010-07-05 03:45:00,NSE:BEL,17.42419036,17.72721975,17.42419036,17.67772495,2829230.45430599
2010-07-06 03:45:00,NSE:BEL,17.73732073,18.1812588,17.67671486,18.0832793,8640151.81850029
2010-07-07 03:45:00,NSE:BEL,18.18176385,18.26206664,17.72923995,17.86913852,4617967.79941064
2010-07-08 03:45:00,NSE:BEL,17.9060071,18.27267267,17.9060071,18.19135978,5451451.29002588
2010-07-09 03:45:00,NSE:BEL,18.234794,18.44388428,18.14237003,18.21812738,5012978.97978299
2010-07-12 03:45:00,NSE:BEL,18.43428835,18.43428835,18.15146091,18.20449106,2162958.46335213
2010-07-13 03:45:00,NSE:BEL,18.24236973,18.48479325,18.04186528,18.34388458,1838039.49242932
2010-07-14 03:45:00,NSE:BEL,18.46459129,18.52974261,17.79287612,17.97570386,4393138.12757465
2010-07-15 03:45:00,NSE:BEL,18.17166287,18.17166287,17.84843151,17.98277455,4562131.63256102
2010-07-16 03:45:00,NSE:BEL,17.98277455,18.31307659,17.87873445,18.15247101,2565097.66502443
2010-07-19 03:45:00,NSE:BEL,18.16156189,18.33024826,17.92923935,18.14742052,2060196.15627783
2010-07-20 03:45:00,NSE:BEL,18.01661283,18.29236958,18.01661283,18.08883484,1775669.30605474
2010-07-21 03:45:00,NSE:BEL,18.04136023,18.33327855,17.92923935,18.19944057,2834972.47146429
2010-07-22 03:45:00,NSE:BEL,18.30297561,18.37065218,18.13125895,18.2852989,1768838.28564228
2010-07-23 03:45:00,NSE:BEL,18.29944027,19.13933675,18.23226875,18.65499476,17664424.78483132
2010-07-26 03:45:00,NSE:BEL,18.93933734,18.93933734,18.37469257,18.45802565,6027039.00999701
2010-07-27 03:45:00,NSE:BEL,18.66661089,18.66661089,18.16459219,18.34489468,2965454.86137174
2010-07-28 03:45:00,NSE:BEL,18.54792437,18.54792437,18.03024915,18.1070166,1562620.66942284
2010-07-29 03:45:00,NSE:BEL,18.13125895,18.23024855,17.9287343,17.96863317,3654298.91977545
2010-07-30 03:45:00,NSE:BEL,18.07469346,18.33327855,18.02620876,18.28479385,3733499.15644158
2010-08-02 03:45:00,NSE:BEL,18.23226875,18.46408624,18.10095601,18.3327735,1676570.00992624
2010-08-03 03:45:00,NSE:BEL,18.33327855,18.44438933,18.14135993,18.31206649,898229.6840898
2010-08-04 03:45:00,NSE:BEL,18.43428835,18.45449031,18.04035013,18.13883469,1771511.29362976
2010-08-05 03:45:00,NSE:BEL,18.42418737,18.42418737,17.77772465,17.84944161,2932586.7631553
2010-08-06 03:45:00,NSE:BEL,17.84843151,17.84843151,17.62924025,17.67216941,8646388.83713774
2010-08-09 03:45:00,NSE:BEL,17.6555028,18.4090359,17.6555028,18.11812768,8360574.98306883
2010-08-10 03:45:00,NSE:BEL,18.36762188,18.38176325,17.89843136,17.98075435,2762603.25521061
2010-08-11 03:45:00,NSE:BEL,18.07974395,18.07974395,17.66661388,17.72065412,1387192.14520735
2010-08-12 03:45:00,NSE:BEL,17.67671486,17.80802759,17.4277257,17.48126089,3453130.31864347
2010-08-13 03:45:00,NSE:BEL,17.48782653,17.66661388,17.41105908,17.48126089,4616383.79467732
2010-08-16 03:45:00,NSE:BEL,17.52520016,17.62620996,17.40449345,17.53479609,5046639.08036609
2010-08-17 03:45:00,NSE:BEL,17.67065427,17.67065427,17.37368546,17.40045305,2953376.82528016
2010-08-18 03:45:00,NSE:BEL,17.42469541,17.62115947,17.24237272,17.42924085,6419674.18326937
2010-08-19 03:45:00,NSE:BEL,17.61509888,17.66560378,17.39388742,17.59489692,1923278.74714125
2010-08-20 03:45:00,NSE:BEL,17.42520046,18.28024841,17.42520046,17.88782534,13444834.17585134
2010-08-23 03:45:00,NSE:BEL,17.70701779,18.01964312,17.42419036,17.48883663,4102770.25989744
2010-08-24 03:45:00,NSE:BEL,17.58580604,17.67620981,17.32318056,17.41156413,3638755.87332972
2010-08-25 03:45:00,NSE:BEL,17.22217076,17.46661447,16.83833352,16.91863631,8037240.01687934
2010-08-26 03:45:00,NSE:BEL,16.96964626,17.2524737,16.89186872,17.03176729,12267522.65780925
2010-08-27 03:45:00,NSE:BEL,17.06055508,17.17166586,16.71712176,16.85651529,9642430.81351022
2010-08-30 03:45:00,NSE:BEL,16.97015131,17.11510037,16.76762666,16.88681823,3038022.07821709
2010-08-31 03:45:00,NSE:BEL,16.86863646,18.17166287,16.58580902,16.77065696,2107716.29827751
2010-09-01 03:45:00,NSE:BEL,16.86863646,17.2524737,16.77873774,17.1246963,3988127.91732321
2010-09-02 03:45:00,NSE:BEL,17.21206978,17.57570506,17.02267641,17.42065501,5109306.26762817
2010-09-03 03:45:00,NSE:BEL,17.52520016,17.77772465,17.36358448,17.51004869,3058218.13856695
2010-09-06 03:45:00,NSE:BEL,17.59590702,17.84994666,17.39287732,17.63176549,5555500.60094601
2010-09-07 03:45:00,NSE:BEL,17.58227069,17.77671456,17.37469556,17.44035192,2757455.23982731
2010-09-08 03:45:00,NSE:BEL,17.48479624,17.60853324,17.2524737,17.28580693,2435011.27630031
2010-09-09 03:45:00,NSE:BEL,17.29287762,17.52520016,17.22217076,17.26358478,9073773.11424737
2010-09-13 03:45:00,NSE:BEL,17.36156428,18.1595417,17.34590776,17.96257259,16000724.81336333
2010-09-14 03:45:00,NSE:BEL,18.07772376,18.27721811,17.8822698,17.9544918,7718162.06341065
2010-09-15 03:45:00,NSE:BEL,18.08075405,18.4842882,17.90954244,18.34236943,11009129.8974802
2010-09-16 03:45:00,NSE:BEL,18.30398571,18.72721677,18.09742067,18.24994547,14981912.76894934
2010-09-17 03:45:00,NSE:BEL,18.28277365,18.66661089,18.28277365,18.57216672,9009323.9216603
2010-09-20 03:45:00,NSE:BEL,18.57216672,18.72721677,18.24641012,18.32570281,7033476.01743191
2010-09-21 03:45:00,NSE:BEL,18.58580305,18.6863078,17.86964357,18.09994591,10784003.22475672
2010-09-22 03:45:00,NSE:BEL,18.78681255,18.78681255,17.72721975,17.94540092,8366217.99993129
2010-09-23 03:45:00,NSE:BEL,17.99035028,18.17166287,17.76762367,17.91055254,15785597.17051895
2010-09-24 03:45:00,NSE:BEL,18.0070169,18.0070169,17.77772465,17.82065382,3305520.87755696
2010-09-27 03:45:00,NSE:BEL,17.84540122,18.13125895,17.84439112,17.94540092,5273250.75752707
2010-09-28 03:45:00,NSE:BEL,18.01408758,18.08075405,17.87873445,17.93024945,7543426.54126599
2010-09-29 03:45:00,NSE:BEL,17.8792395,18.23226875,17.7277248,17.79136098,15792329.19063557
2010-09-30 03:45:00,NSE:BEL,17.80802759,17.92923935,17.46459428,17.57216971,9958142.75692059
2010-10-01 03:45:00,NSE:BEL,17.66610883,17.96459278,17.626715,17.88883543,3988424.9182107
2010-10-04 03:45:00,NSE:BEL,17.96913822,18.49489423,17.96004734,18.31964223,8900720.59713187
2010-10-05 03:45:00,NSE:BEL,18.31964223,18.47469227,18.1337842,18.21459204,15213177.46001446
2010-10-06 03:45:00,NSE:BEL,18.26307674,18.9110546,18.26257169,18.83176191,22000241.74111886
2010-10-07 03:45:00,NSE:BEL,18.88933749,19.47872967,18.84792348,18.93731715,22062611.92749344
2010-10-08 03:45:00,NSE:BEL,19.07873087,19.29287164,18.68681285,18.91256975,7460761.29424571
2010-10-11 03:45:00,NSE:BEL,18.94034744,19.2120638,18.91509499,19.02418558,4826561.42273007
2010-10-12 03:45:00,NSE:BEL,19.05145822,19.08984195,18.55701525,18.69236839,4394524.13171631
2010-10-13 03:45:00,NSE:BEL,18.91913538,18.91913538,18.61560094,18.66560079,12548683.49797402
2010-10-14 03:45:00,NSE:BEL,18.68681285,18.8863072,18.41408639,18.59034849,4223451.62051746
2010-10-15 03:45:00,NSE:BEL,18.63630795,18.63630795,17.59590702,17.69994711,9279792.72987516
2010-10-18 03:45:00,NSE:BEL,17.71711877,17.97974425,17.42419036,17.95045141,15074775.04644038
2010-10-19 03:45:00,NSE:BEL,18.06004704,18.17974365,17.82822955,17.9327747,3353239.02014831
2010-10-20 03:45:00,NSE:BEL,17.8287346,17.92923935,17.55600815,17.81762352,7980809.84825471
2010-10-21 03:45:00,NSE:BEL,17.91913837,17.97974425,17.78782563,17.86459308,1205526.6023544
2010-10-22 03:45:00,NSE:BEL,17.92923935,18.04035013,17.79792661,17.92721916,1757750.25250902
2010-10-25 03:45:00,NSE:BEL,17.9792392,17.99994621,17.87873445,17.96661298,2606776.78956999
2010-10-26 03:45:00,NSE:BEL,17.97974425,17.97974425,17.7792398,17.83125985,592120.76937519
2010-10-27 03:45:00,NSE:BEL,17.82822955,17.91913837,17.67671486,17.76408833,5087625.20284082
2010-10-28 03:45:00,NSE:BEL,17.62620996,17.82822955,17.19691831,17.43934183,11170005.37820829
2010-10-29 03:45:00,NSE:BEL,17.64641192,17.64641192,16.16156787,16.49186991,11695498.94848809
2010-11-01 03:45:00,NSE:BEL,16.76661656,16.81813156,16.41712266,16.575203,22997174.72015383
2010-11-02 03:45:00,NSE:BEL,16.56560706,16.97974724,16.51510216,16.90803028,4735085.14938069
2010-11-03 03:45:00,NSE:BEL,17.06914091,17.69691681,16.73328333,17.57065457,15311979.75525546
2010-11-04 03:45:00,NSE:BEL,17.62469481,17.75752269,17.36307943,17.52924055,1683401.03033869
2010-11-05 03:45:00,NSE:BEL,17.67671486,17.72620966,17.40600859,17.50701839,278784.83306479
2010-11-08 03:45:00,NSE:BEL,17.68429059,17.68429059,17.52520016,17.63883618,886448.64888571
2010-11-09 03:45:00,NSE:BEL,17.67671486,17.67671486,17.42419036,17.59338177,8780732.23858267
2010-11-10 03:45:00,NSE:BEL,17.5049982,17.59590702,17.27267566,17.40449345,4128510.33681393
2010-11-11 03:45:00,NSE:BEL,17.59540197,17.59540197,17.17166586,17.22116066,838136.50451937
2010-11-12 03:45:00,NSE:BEL,17.29136247,17.52520016,17.07318131,17.15449419,6561442.60690175
2010-11-15 03:45:00,NSE:BEL,17.17166586,17.3029786,16.87974754,17.21307988,7582927.65930322
2010-11-16 03:45:00,NSE:BEL,17.22217076,17.26257468,16.91863631,17.12924174,5603416.74412902
2010-11-18 03:45:00,NSE:BEL,17.12116096,17.61812917,16.8504547,17.26964536,5385814.09388882
2010-11-19 03:45:00,NSE:BEL,17.42267521,17.42267521,16.99035327,17.04540361,8802017.3021867
2010-11-22 03:45:00,NSE:BEL,17.12116096,17.32217046,16.91914136,17.26661507,1474708.40672343
2010-11-23 03:45:00,NSE:BEL,17.17116081,17.42419036,16.96964626,17.09792871,6855671.48611644
2010-11-24 03:45:00,NSE:BEL,17.26257468,17.41408938,17.05398944,17.26813022,27935408.47658315
2010-11-25 03:45:00,NSE:BEL,17.37368546,17.39388742,17.1514639,17.26408983,12666295.84942324
2010-11-26 03:45:00,NSE:BEL,17.17166586,17.42419036,16.86863646,17.3257058,6773996.24205449
2010-11-29 03:45:00,NSE:BEL,17.23328184,17.41257423,16.87974754,17.26560497,2920013.72558455
2010-11-30 03:45:00,NSE:BEL,17.37368546,17.5555031,17.18429208,17.29035237,3462337.34615591
2010-12-01 03:45:00,NSE:BEL,17.41307928,17.5555031,17.23227174,17.44338222,825464.46665279
2010-12-02 03:45:00,NSE:BEL,17.57570506,17.76762367,17.47469526,17.55802834,3046437.10336287
2010-12-03 03:45:00,NSE:BEL,17.71206828,17.76762367,17.4039884,17.59338177,15716098.96284441
2010-12-06 03:45:00,NSE:BEL,17.67671486,18.1090368,17.59338177,17.98580484,4776368.27274291
2010-12-07 03:45:00,NSE:BEL,18.12115797,18.24590507,17.8297447,17.99893611,2765969.26526892
2010-12-08 03:45:00,NSE:BEL,17.77772465,18.08075405,17.65752299,17.7317652,855461.55629009
2010-12-09 03:45:00,NSE:BEL,18.0060068,18.0060068,17.5009578,17.61812917,5362252.02348064
2010-12-10 03:45:00,NSE:BEL,17.32318056,17.5762101,17.07065606,17.3534835,2336703.98253847
2010-12-13 03:45:00,NSE:BEL,17.31307958,17.49388712,17.12116096,17.37772585,622909.86137915
2010-12-14 03:45:00,NSE:BEL,17.29338267,17.67671486,17.27267566,17.52570521,1113753.32811752
2010-12-15 03:45:00,NSE:BEL,17.29893821,17.67620981,16.67722289,17.48378614,2218200.62842676
2010-12-16 03:45:00,NSE:BEL,17.47469526,17.5555031,17.2999483,17.451463,544006.62560051
2010-12-20 03:45:00,NSE:BEL,17.29893821,17.69691681,17.27267566,17.41408938,1585489.73776018
2010-12-21 03:45:00,NSE:BEL,17.37368546,17.87721931,17.37368546,17.75196716,1451641.33779441
2010-12-22 03:45:00,NSE:BEL,17.77772465,17.93934033,17.61711907,17.88378494,5590546.70567077
2010-12-23 03:45:00,NSE:BEL,17.77772465,17.97873415,17.77772465,17.92166362,729830.18087843
2010-12-24 03:45:00,NSE:BEL,17.7029774,17.87873445,17.47469526,17.59944236,966143.88703101
2010-12-27 03:45:00,NSE:BEL,17.7565126,17.76560348,17.38631168,17.45499835,409960.22504308
2010-12-28 03:45:00,NSE:BEL,17.52520016,17.54489707,17.24287777,17.42419036,826553.46990695
2010-12-29 03:45:00,NSE:BEL,17.39843286,17.44287717,17.21257483,17.27267566,4208205.57495923
2010-12-30 03:45:00,NSE:BEL,17.33328154,17.92923935,17.24237272,17.72519956,2297598.86568456
2010-12-31 03:45:00,NSE:BEL,17.85853249,18.25247071,17.49489722,17.88580514,4090989.22469335
2011-01-03 03:45:00,NSE:BEL,18.08075405,18.13125895,17.68681583,17.71762382,1927238.75897455
2011-01-04 03:45:00,NSE:BEL,17.77772465,17.87873445,17.53681628,17.77671456,3721619.12094166
2011-01-05 03:45:00,NSE:BEL,17.62620996,17.85853249,17.58833128,17.76055299,968123.89294766
2011-01-06 03:45:00,NSE:BEL,17.76055299,17.90196671,17.58833128,17.73631064,1109694.31598838
2011-01-07 03:45:00,NSE:BEL,17.59136157,17.92923935,17.59136157,17.70550265,2070690.18763609
2011-01-10 03:45:00,NSE:BEL,17.53176579,17.70651275,17.07166616,17.22318086,588853.75961271
2011-01-11 03:45:00,NSE:BEL,17.33328154,17.33328154,16.77772764,17.00146435,2481442.41504583
2011-01-12 03:45:00,NSE:BEL,17.07065606,17.07570655,16.58833427,16.91510097,2245425.70978075
2011-01-13 03:45:00,NSE:BEL,17.1514639,17.42419036,16.88934347,16.92772719,1604893.79574338
2011-01-14 03:45:00,NSE:BEL,17.07065606,17.42419036,16.78782862,17.14641341,2170482.48583542
2011-01-17 03:45:00,NSE:BEL,17.07318131,17.17116081,16.88530308,17.1019691,1843286.50810845
2011-01-18 03:45:00,NSE:BEL,17.01005018,17.27267566,17.01005018,17.06005003,4304433.86250858
2011-01-19 03:45:00,NSE:BEL,17.27267566,17.27267566,17.03075719,17.12722155,383824.14694325
2011-01-20 03:45:00,NSE:BEL,16.79388921,17.22217076,16.40601158,17.18883753,1036830.09825553
2011-01-21 03:45:00,NSE:BEL,17.22217076,17.61610898,17.17368606,17.54944251,1454017.3448944
2011-01-24 03:45:00,NSE:BEL,17.56560408,17.62065442,17.29237257,17.32419066,428275.27977212
2011-01-25 03:45:00,NSE:BEL,17.49792751,17.84843151,17.22267581,17.28631198,1872194.59449159
2011-01-27 03:45:00,NSE:BEL,17.27267566,17.66661388,17.09590851,17.34035222,2826656.44661434
2011-01-28 03:45:00,NSE:BEL,17.31307958,17.41156413,16.43580947,17.02722185,7377997.0469296
2011-01-31 03:45:00,NSE:BEL,16.9752018,17.97974425,16.51510216,17.69085623,4929818.73128355
2011-02-01 03:45:00,NSE:BEL,17.56156368,17.84843151,17.27166556,17.44287717,3291165.83466122
2011-02-02 03:45:00,NSE:BEL,17.92923935,17.92923935,17.21257483,17.59590702,1142958.41538815
2011-02-03 03:45:00,NSE:BEL,17.53530114,18.61408579,17.25802924,17.45550339,3571435.67216351
2011-02-04 03:45:00,NSE:BEL,17.64641192,17.64641192,16.96964626,17.11308018,801110.39387795
2011-02-07 03:45:00,NSE:BEL,17.32318056,17.32318056,16.9504544,17.00146435,1620535.84248495
2011-02-08 03:45:00,NSE:BEL,17.12116096,17.12116096,16.90297979,16.97217151,968321.89353933
2011-02-09 03:45:00,NSE:BEL,17.09085802,17.09085802,16.31055732,16.74237421,2422042.23754623
2011-02-10 03:45:00,NSE:BEL,16.65651588,16.76762666,16.28328468,16.48075883,2219685.63286425
2011-02-11 03:45:00,NSE:BEL,16.56560706,16.9494443,16.31308257,16.70904098,701021.09479112
2011-02-14 03:45:00,NSE:BEL,16.96964626,17.33328154,16.86863646,17.20449404,1125633.36361744
2011-02-15 03:45:00,NSE:BEL,17.5555031,17.56560408,16.81813156,17.02419155,958916.86543522
2011-02-16 03:45:00,NSE:BEL,17.1514639,17.1514639,16.62621294,16.70449554,1504705.49636072
2011-02-17 03:45:00,NSE:BEL,16.66661686,17.06055508,16.66661686,16.91510097,929711.77816459
2011-02-18 03:45:00,NSE:BEL,16.76863676,17.07065606,16.66611181,16.94641401,1103952.29883008
2011-02-21 03:45:00,NSE:BEL,16.99237347,16.99237347,16.58580902,16.78580843,976637.91838927
2011-02-22 03:45:00,NSE:BEL,16.86863646,16.91964641,16.6721724,16.73631362,1186716.54614619
2011-02-23 03:45:00,NSE:BEL,16.56661716,16.94893925,16.56661716,16.8762122,1093359.26717599
2011-02-24 03:45:00,NSE:BEL,16.88883842,17.12116096,16.41409237,16.96207053,4367200.05006649
2011-02-25 03:45:00,NSE:BEL,17.55600815,17.55600815,16.82065681,16.99540376,2249583.72220572
2011-02-28 03:45:00,NSE:BEL,17.09085802,17.22217076,16.66661686,16.76156607,6235731.63361227
2011-03-01 03:45:00,NSE:BEL,16.91914136,17.17166586,16.81257602,17.12621145,1037226.09943886
2011-03-03 03:45:00,NSE:BEL,16.86863646,17.17166586,16.86863646,16.9226767,892091.66574817
2011-03-04 03:45:00,NSE:BEL,17.02015116,17.27267566,16.91914136,16.97217151,1255125.75056657
2011-03-07 03:45:00,NSE:BEL,16.8989394,17.12116096,16.72924294,16.93429283,654193.95486227
2011-03-08 03:45:00,NSE:BEL,16.91863631,17.0504541,16.68833397,16.76863676,1182261.53283372
2011-03-09 03:45:00,NSE:BEL,16.86813141,16.90904038,16.68328348,16.72015206,1090884.25978017
2011-03-10 03:45:00,NSE:BEL,16.72015206,17.01914106,16.61611196,16.96156548,1273836.80647894
2011-03-11 03:45:00,NSE:BEL,16.76762666,17.10045395,16.57924339,16.68732387,922385.75627297
2011-03-14 03:45:00,NSE:BEL,16.72772779,16.89035357,16.68429358,16.7484348,313335.93631039
2011-03-15 03:45:00,NSE:BEL,16.6969198,16.91611107,16.52520314,16.82722244,1416001.23129465
2011-03-16 03:45:00,NSE:BEL,16.8989394,16.8989394,16.66661686,16.76358627,1361650.06888252
2011-03-17 03:45:00,NSE:BEL,16.76409132,16.76409132,16.36358747,16.41560751,3267999.76543638
2011-03-18 03:45:00,NSE:BEL,16.85550519,16.85550519,16.36358747,16.73429343,3922787.72207364
2011-03-21 03:45:00,NSE:BEL,16.7484348,17.00146435,16.4949002,16.67823299,931988.78496874
2011-03-22 03:45:00,NSE:BEL,16.97873714,16.97873714,16.59186961,16.79136397,704684.10573693
2011-03-23 03:45:00,NSE:BEL,16.73732372,16.86964656,16.61611196,16.84186886,338482.01145189
2011-03-24 03:45:00,NSE:BEL,16.96914121,17.4534832,16.85853548,17.12823165,14271684.64664578
2011-03-25 03:45:00,NSE:BEL,17.17217091,17.21964551,16.97974724,17.00499969,4772012.25972627
2011-03-28 03:45:00,NSE:BEL,17.09540346,17.27267566,16.96964626,17.06863586,4612423.78284401
2011-03-29 03:45:00,NSE:BEL,17.1514639,17.1514639,16.91914136,17.01712087,1443721.3141278
2011-03-30 03:45:00,NSE:BEL,17.12116096,17.12116096,16.97166646,17.04994905,2985056.91994661
2011-03-31 03:45:00,NSE:BEL,16.83025274,17.16611032,16.78883872,17.00297949,6096240.21678404
2011-04-01 03:45:00,NSE:BEL,17.11055493,17.12116096,16.91914136,17.01813096,1024752.06216395
2011-04-04 03:45:00,NSE:BEL,16.66661686,17.08075704,16.61611196,17.03631273,4271862.76517963
2011-04-05 03:45:00,NSE:BEL,16.96964626,17.83782548,16.96914121,17.58075555,5113563.28034898
2011-04-06 03:45:00,NSE:BEL,17.58075555,18.17115782,17.58075555,18.12418827,3975752.88034412
2011-04-07 03:45:00,NSE:BEL,18.12368322,18.533783,18.12368322,18.4595408,4844282.47568412
2011-04-08 03:45:00,NSE:BEL,18.52519717,18.59590403,18.04035013,18.46863168,4412245.18467036
2011-04-11 03:45:00,NSE:BEL,18.4337833,18.82822657,18.21257184,18.5368133,4290672.82138784
2011-04-13 03:45:00,NSE:BEL,18.63529785,18.81610539,18.39489453,18.64741903,2197509.56659774
2011-04-15 03:45:00,NSE:BEL,18.57216672,18.86964058,18.4347934,18.59085354,1832099.47467936
2011-04-18 03:45:00,NSE:BEL,18.5358032,18.93933734,18.37014713,18.45095497,2236416.68285998
2011-04-19 03:45:00,NSE:BEL,18.38378345,18.77772167,18.22267282,18.47115693,1099992.28699678
2011-04-20 03:45:00,NSE:BEL,18.5347931,18.83832755,18.5347931,18.79590343,1372837.10231161
2011-04-21 03:45:00,NSE:BEL,18.9863069,19.08075106,18.68681285,18.9120647,1403230.19313224
2011-04-25 03:45:00,NSE:BEL,18.9595393,18.9595393,18.43428835,18.50297501,871103.60303165
2011-04-26 03:45:00,NSE:BEL,18.60600501,18.60600501,18.26206664,18.41812678,730523.18294926
2011-04-27 03:45:00,NSE:BEL,18.57418692,18.78681255,18.43428835,18.51762143,2747852.21113154
2011-04-28 03:45:00,NSE:BEL,18.65196447,18.72166123,18.34287448,18.47620742,1855760.54538337
2011-04-29 03:45:00,NSE:BEL,18.98984224,19.05751881,18.10146106,18.49640938,9748064.12916368
2011-05-02 03:45:00,NSE:BEL,18.68681285,18.82822657,18.33327855,18.44640952,1126524.36627993
2011-05-03 03:45:00,NSE:BEL,18.32267252,18.5595405,17.79792661,17.92317877,990497.95980585
2011-05-04 03:45:00,NSE:BEL,18.18176385,18.37267237,17.606008,18.19236988,956738.85892691
2011-05-05 03:45:00,NSE:BEL,18.43428835,18.57267177,17.91913837,18.01711788,1267896.78872898
2011-05-06 03:45:00,NSE:BEL,17.89893641,18.42418737,17.80045186,18.13024885,2032872.07462801
2011-05-09 03:45:00,NSE:BEL,18.2327738,18.33327855,18.01004719,18.1080267,888230.6542107
2011-05-10 03:45:00,NSE:BEL,18.18176385,18.40297531,18.01105729,18.07368337,806159.40896542
2011-05-11 03:45:00,NSE:BEL,18.18176385,18.27216762,17.53176579,17.73429044,1752800.23771739
2011-05-12 03:45:00,NSE:BEL,17.72721975,17.84843151,17.22217076,17.34944311,2284233.82574715
2011-05-13 03:45:00,NSE:BEL,17.34338252,17.59590702,17.21206978,17.36257438,2665087.96381543
2011-05-16 03:45:00,NSE:BEL,17.36257438,17.52520016,17.19186782,17.36964507,809129.4178404
2011-05-17 03:45:00,NSE:BEL,17.27267566,17.42419036,17.18732238,17.27166556,1024158.06038895
2011-05-18 03:45:00,NSE:BEL,17.27217061,17.56459398,17.21611017,17.36914002,1655779.94780138
2011-05-19 03:45:00,NSE:BEL,17.22267581,17.45398825,17.17217091,17.19439306,623602.86344998
2011-05-20 03:45:00,NSE:BEL,17.17166586,17.39893791,17.17166586,17.379241,1486390.44163168
2011-05-23 03:45:00,NSE:BEL,17.37368546,17.39186722,16.96964626,17.04085817,1792796.35723379
2011-05-24 03:45:00,NSE:BEL,17.02974709,17.26257468,16.91914136,17.19792841,901892.69503561
2011-05-25 03:45:00,NSE:BEL,17.19792841,17.37368546,17.04035312,17.36711982,734186.19389507
2011-05-26 03:45:00,NSE:BEL,17.36307943,17.36307943,16.87873744,16.93075749,1563115.670902
2011-05-27 03:45:00,NSE:BEL,16.9999492,17.16863557,16.98075734,17.04388846,1362937.07272834
2011-05-30 03:45:00,NSE:BEL,17.22217076,17.22217076,16.73732372,16.8236871,1587073.7424935
2011-05-31 03:45:00,NSE:BEL,16.81813156,17.01358552,16.71712176,16.78227308,1878827.61431238
2011-06-01 03:45:00,NSE:BEL,16.99186842,17.32318056,16.88479803,17.27671605,3128805.34949565
2011-06-02 03:45:00,NSE:BEL,17.15095885,17.3029786,16.8494446,16.92924234,1295616.87156213
2011-06-03 03:45:00,NSE:BEL,17.14792856,17.14843361,16.61964731,16.70247534,1674986.00519291
2011-06-06 03:45:00,NSE:BEL,16.71712176,16.98984822,16.71712176,16.92116156,568063.69748785
2011-06-07 03:45:00,NSE:BEL,16.91914136,17.03732283,16.78732357,16.9494443,718544.14715351
2011-06-08 03:45:00,NSE:BEL,16.9494443,17.01964611,16.66661686,16.7721721,18875198.40286486
2011-06-09 03:45:00,NSE:BEL,16.90146465,17.07065606,16.68732387,16.97974724,1059501.16600122
2011-06-10 03:45:00,NSE:BEL,17.06055508,17.13631243,16.72722274,17.00752494,1768046.28327562
2011-06-13 03:45:00,NSE:BEL,17.07065606,17.07065606,16.81914166,16.95550489,1661521.96495967
2011-06-14 03:45:00,NSE:BEL,17.06813082,17.07065606,16.7474247,16.91409087,7286520.77358021
2011-06-15 03:45:00,NSE:BEL,16.76762666,17.0504541,16.76762666,16.96661597,1354819.04847006
2011-06-16 03:45:00,NSE:BEL,16.96964626,17.02015116,16.83833352,16.96207053,432730.29308459
2011-06-17 03:45:00,NSE:BEL,16.97974724,16.97974724,16.65954618,16.71005108,817445.44269034
2011-06-20 03:45:00,NSE:BEL,16.81358612,16.81409117,15.77975083,16.1979314,2437387.28340029
2011-06-21 03:45:00,NSE:BEL,16.19742635,16.58883932,15.90904337,15.96156847,1914368.72051631
2011-06-22 03:45:00,NSE:BEL,16.06055807,16.34338551,15.77773063,15.84894254,1772204.29570059
2011-06-23 03:45:00,NSE:BEL,15.78783161,15.89843734,15.61611495,15.65096333,418474.25048469
2011-06-24 03:45:00,NSE:BEL,15.90853832,15.90904337,15.64389265,15.70904397,3229785.65124497
2011-06-27 03:45:00,NSE:BEL,15.50500417,15.82773048,15.48480221,15.72823583,6867155.52043303
2011-06-28 03:45:00,NSE:BEL,15.84843749,16.10096199,15.75752867,16.06661866,3853685.51558244
2011-06-29 03:45:00,NSE:BEL,16.16005272,16.56560706,16.08076003,16.13884066,2036931.08675715
2011-06-30 03:45:00,NSE:BEL,16.36308242,16.41409237,15.96964925,16.23884036,1713695.12086349
2011-07-01 03:45:00,NSE:BEL,15.91106357,16.50500118,15.91106357,16.39288031,2318982.92958442
2011-07-04 03:45:00,NSE:BEL,16.51510216,16.7979296,16.42419335,16.76560647,5908634.65618114
2011-07-05 03:45:00,NSE:BEL,16.85853548,16.85853548,16.4701528,16.59489991,1354324.0469909
2011-07-06 03:45:00,NSE:BEL,16.61257662,16.61510187,16.46510231,16.51510216,895160.67491899
2011-07-07 03:45:00,NSE:BEL,16.61611196,16.86863646,16.52520314,16.83580828,3754883.22034144
2011-07-08 03:45:00,NSE:BEL,16.84388906,16.96813111,16.60651603,16.86813141,7868939.5139638
2011-07-11 03:45:00,NSE:BEL,16.61560691,17.15600934,16.61560691,16.89641416,2336010.98046764
2011-07-12 03:45:00,NSE:BEL,16.86611122,16.96914121,16.85853548,16.87065666,1305516.9011454
2011-07-13 03:45:00,NSE:BEL,16.86863646,17.02015116,16.82873759,16.97267655,990398.95951001
2011-07-14 03:45:00,NSE:BEL,17.06055508,17.17166586,16.88934347,17.09136307,2635486.87536146
2011-07-15 03:45:00,NSE:BEL,16.86863646,17.36358448,16.66762696,17.22065561,1445404.31915696
2011-07-18 03:45:00,NSE:BEL,17.22217076,17.42419036,17.22217076,17.33429164,1269282.79287064
2011-07-19 03:45:00,NSE:BEL,17.42419036,17.42419036,17.22267581,17.40600859,2108706.30123583
2011-07-20 03:45:00,NSE:BEL,17.42419036,17.57570506,17.27267566,17.4287358,1748246.22410909
2011-07-21 03:45:00,NSE:BEL,17.27267566,17.51459413,17.27267566,17.36206933,840215.51073186
2011-07-22 03:45:00,NSE:BEL,17.47419021,17.67570476,17.29893821,17.52520016,2476195.3993667
2011-07-25 03:45:00,NSE:BEL,17.52469511,17.60954334,17.5049982,17.56358388,19610374.59971825
2011-07-26 03:45:00,NSE:BEL,17.56610912,17.72721975,17.4544933,17.5277254,6726377.09975898
2011-07-27 03:45:00,NSE:BEL,17.99085533,17.99085533,17.42419036,17.54540212,1279974.82482057
2011-07-28 03:45:00,NSE:BEL,17.47520031,17.62418976,17.4544933,17.54994756,6585103.67760576
2011-07-29 03:45:00,NSE:BEL,17.67671486,17.8297447,17.3029786,17.73025005,8435815.20790166
2011-08-01 03:45:00,NSE:BEL,17.84843151,17.88883543,17.19439306,17.36206933,8552338.55609671
2011-08-02 03:45:00,NSE:BEL,17.51509918,17.77671456,17.17166586,17.21055463,1842395.50544596
2011-08-03 03:45:00,NSE:BEL,17.17166586,17.17166586,16.68732387,16.750455,16491865.2809892
2011-08-04 03:45:00,NSE:BEL,17.0504541,17.11762562,16.84893955,16.88328288,2399470.17009638
2011-08-05 03:45:00,NSE:BEL,16.56560706,16.91914136,16.35348649,16.87772734,1224732.65974594
2011-08-08 03:45:00,NSE:BEL,16.55550608,16.69388951,16.32318355,16.36257737,3843686.48570334
2011-08-09 03:45:00,NSE:BEL,15.95954827,16.81813156,15.66661985,16.56510202,1287201.84641635
2011-08-10 03:45:00,NSE:BEL,16.36712281,16.8484345,16.36358747,16.47722349,2484511.42421664
2011-08-11 03:45:00,NSE:BEL,16.47469824,16.8484345,16.36409251,16.523688,1934168.77968284
2011-08-12 03:45:00,NSE:BEL,16.4701528,16.87116171,16.46459726,16.59489991,602515.80043762
2011-08-16 03:45:00,NSE:BEL,16.8484345,16.8484345,16.36459756,16.45247609,831602.48499441
2011-08-17 03:45:00,NSE:BEL,16.65601083,16.81712146,15.58581201,15.7681347,9925472.65929582
2011-08-18 03:45:00,NSE:BEL,15.79843764,16.24237571,15.76005392,16.10500238,4686179.00323935
2011-08-19 03:45:00,NSE:BEL,16.24187066,16.24187066,15.80803357,15.89944744,2302548.8804762
2011-08-22 03:45:00,NSE:BEL,16.06055807,16.51510216,15.65651887,16.39035506,1099893.28670094
2011-08-23 03:45:00,NSE:BEL,16.16257797,16.4949002,16.10045694,16.21409296,1856552.54775003
2011-08-24 03:45:00,NSE:BEL,16.84489916,16.84489916,16.00500268,16.03530562,790517.36222386
2011-08-25 03:45:00,NSE:BEL,16.05045709,16.35348649,15.45500432,15.79035686,3277107.79265298
2011-08-26 03:45:00,NSE:BEL,16.13833561,16.13833561,15.48480221,15.72419544,2236713.68374747
2011-08-29 03:45:00,NSE:BEL,15.72722573,15.85500313,15.60601397,15.78732656,1095141.27250098
2011-08-30 03:45:00,NSE:BEL,15.75803372,16.0454066,15.47470123,15.57167064,2053167.13527371
2011-09-02 03:45:00,NSE:BEL,15.82672038,16.36358747,15.66661985,16.07974993,5800922.33431519
2011-09-05 03:45:00,NSE:BEL,15.96055837,16.40803178,15.96055837,16.25045649,2763593.25816893
2011-09-06 03:45:00,NSE:BEL,16.64338461,16.64338461,16.06257826,16.14086086,1644790.91496395
2011-09-07 03:45:00,NSE:BEL,16.31257752,16.56409192,16.16358806,16.35651678,1760918.26197567
2011-09-08 03:45:00,NSE:BEL,16.5246981,16.52520314,16.12318414,16.15904262,1085142.24262188
2011-09-09 03:45:00,NSE:BEL,16.33985016,16.33985016,16.11106297,16.21914345,1342246.01089932
2011-09-12 03:45:00,NSE:BEL,16.16156787,16.25045649,15.894902,15.95146749,818732.44653617
2011-09-13 03:45:00,NSE:BEL,15.95954827,16.01005317,15.70096318,15.73480147,1941197.80068696
2011-09-14 03:45:00,NSE:BEL,15.70702377,15.94944729,15.70298338,15.88227577,1091478.26155517
2011-09-15 03:45:00,NSE:BEL,15.95803312,16.16156787,15.93025543,16.10853772,453124.35402612
2011-09-16 03:45:00,NSE:BEL,15.95449778,16.30298159,15.66661985,15.75045798,4579753.68521923
2011-09-19 03:45:00,NSE:BEL,15.65651887,16.13833561,15.65651887,15.85146778,646966.93326649
2011-09-20 03:45:00,NSE:BEL,16.15146689,16.66661686,15.67672083,15.98379062,455797.3620136
2011-09-21 03:45:00,NSE:BEL,15.98480072,16.21207277,15.86207381,16.03884096,1284033.83694971
2011-09-22 03:45:00,NSE:BEL,15.62621593,16.25550698,15.59843824,16.06762875,1704488.09335105
2011-09-23 03:45:00,NSE:BEL,15.65651887,16.01005317,15.40399437,15.53328692,12173769.37765571
2011-09-26 03:45:00,NSE:BEL,15.40399437,15.75752867,14.95955126,15.07318728,3510847.49111391
2011-09-27 03:45:00,NSE:BEL,14.89894538,15.35348947,14.89894538,15.29591389,1794182.36137545
2011-09-28 03:45:00,NSE:BEL,15.81358911,15.81358911,15.30298457,15.39389339,2140980.39767728
2011-09-29 03:45:00,NSE:BEL,15.45298413,15.59540794,15.15146988,15.29944923,2149395.42282306
2011-09-30 03:45:00,NSE:BEL,15.00349052,15.55399393,15.00349052,15.49591329,1793588.35960045
2011-10-03 03:45:00,NSE:BEL,15.06056106,15.44944878,14.77116798,15.0403591,1322841.95291611
2011-10-04 03:45:00,NSE:BEL,14.88833935,15.30298457,14.87975352,15.02318743,2115537.32164829
2011-10-05 03:45:00,NSE:BEL,15.13126792,15.33328751,15.09894478,15.17419708,1352443.04137008
2011-10-07 03:45:00,NSE:BEL,14.65753196,15.63328662,14.49137084,15.34540869,2203350.58405186
2011-10-10 03:45:00,NSE:BEL,15.42419633,15.42419633,15.21308585,15.36359045,565984.69127536
2011-10-11 03:45:00,NSE:BEL,15.45399422,15.6145998,15.37369143,15.45601442,1320762.94670363
2011-10-12 03:45:00,NSE:BEL,15.45449927,15.60601397,15.45449927,15.55298383,9888842.54983773
2011-10-13 03:45:00,NSE:BEL,15.56561005,15.75247818,15.55550907,15.67722588,5031195.0342162
2011-10-14 03:45:00,NSE:BEL,15.68682181,15.68682181,15.47470123,15.54540809,152460.45558231
2011-10-17 03:45:00,NSE:BEL,15.55550907,15.55550907,15.39389339,15.45399422,1962977.86577015
2011-10-18 03:45:00,NSE:BEL,15.35348947,15.60601397,15.34338849,15.3651056,429166.28243462
2011-10-19 03:45:00,NSE:BEL,15.55146868,15.55550907,15.34338849,15.43581246,577567.72588779
2011-10-20 03:45:00,NSE:BEL,15.60550892,15.60550892,15.33581276,15.37318638,245619.73396085
2011-10-21 03:45:00,NSE:BEL,15.45449927,15.50399407,15.32116634,15.37621668,1531633.57682721
2011-10-24 03:45:00,NSE:BEL,15.37621668,15.45702452,15.28732806,15.37369143,513910.53566738
2011-10-25 03:45:00,NSE:BEL,15.34793394,15.45500432,15.28278261,15.44389324,1204635.59969191
2011-10-26 03:45:00,NSE:BEL,15.45449927,15.65803402,15.35348947,15.62470078,162360.48516558
2011-10-28 03:45:00,NSE:BEL,15.69995309,16.02975008,15.69995309,15.87874043,951392.84295194
2011-10-31 03:45:00,NSE:BEL,16.16156787,16.36358747,15.71712475,15.8176295,2843288.49631423
2011-11-01 03:45:00,NSE:BEL,15.85853847,16.11106297,15.69995309,16.04995204,1018515.04352649
2011-11-02 03:45:00,NSE:BEL,15.88934646,16.04035611,15.70702377,15.78682151,1422535.25081961
2011-11-03 03:45:00,NSE:BEL,15.72722573,15.83833651,15.55601412,15.668135,4673704.96596443
2011-11-04 03:45:00,NSE:BEL,16.04035611,16.04035611,15.66864005,15.80348813,1321950.95025362
2011-11-08 03:45:00,NSE:BEL,15.93884126,16.07974993,15.75752867,15.9691442,375805.12298081
2011-11-09 03:45:00,NSE:BEL,15.78480132,16.03530562,15.78480132,15.96106342,3698750.05260432
2011-11-11 03:45:00,NSE:BEL,15.79995279,16.06005302,15.75752867,15.99793199,2183451.5245895
2011-11-14 03:45:00,NSE:BEL,16.04035611,16.04035611,15.69237735,15.77217509,187506.56030707
2011-11-15 03:45:00,NSE:BEL,15.7681347,15.85803342,15.35853996,15.49136785,353530.05641846
2011-11-16 03:45:00,NSE:BEL,15.55601412,15.55601412,15.21207576,15.3146007,307494.91885627
2011-11-17 03:45:00,NSE:BEL,15.4423781,15.4423781,15.05046008,15.18379301,1159293.46420054
2011-11-18 03:45:00,NSE:BEL,15.05046008,15.35298443,14.99389459,15.09843973,4593217.72545247
2011-11-21 03:45:00,NSE:BEL,15.05046008,15.12015684,14.94945028,15.08379331,1451344.33690692
2011-11-22 03:45:00,NSE:BEL,15.05046008,15.25247967,14.94945028,15.17520718,11446216.20358143
2011-11-23 03:45:00,NSE:BEL,15.05046008,15.15045978,14.80096587,14.93480386,7787858.27167685
2011-11-24 03:45:00,NSE:BEL,15.15146988,15.44439829,14.86914749,15.14944968,13863407.42663185
2011-11-25 03:45:00,NSE:BEL,15.12066189,15.40399437,14.95904621,15.09035895,3015846.01195057
2011-11-28 03:45:00,NSE:BEL,15.25247967,15.33328751,15.04995503,15.17722737,1431940.27892371
2011-11-29 03:45:00,NSE:BEL,15.12167199,15.35348947,15.05147017,15.23278276,220671.65941102
2011-11-30 03:45:00,NSE:BEL,15.17167184,15.31308555,14.9908643,15.2135909,4273248.76932129
2011-12-01 03:45:00,NSE:BEL,15.25247967,15.50500417,14.87116768,15.02268238,879518.62817742
2011-12-02 03:45:00,NSE:BEL,15.15146988,15.29035835,15.090864,15.21106566,322938.96500616
2011-12-05 03:45:00,NSE:BEL,15.21712625,15.35348947,15.05046008,15.13682345,4096335.24066831
2011-12-07 03:45:00,NSE:BEL,15.28278261,15.50500417,15.17167184,15.42419633,530245.58447977
2011-12-08 03:45:00,NSE:BEL,15.35348947,15.67167034,15.2423787,15.40449942,3763595.24637471
2011-12-09 03:45:00,NSE:BEL,15.33328751,15.50500417,15.08177311,15.45298413,533413.59394642
2011-12-12 03:45:00,NSE:BEL,15.21409595,15.50500417,15.21409595,15.43631751,839225.50777353
2011-12-13 03:45:00,NSE:BEL,15.25197463,15.40348932,14.8888444,15.03682375,5232165.63475652
2011-12-14 03:45:00,NSE:BEL,15.15146988,15.29237855,14.99995518,15.16662135,1709438.10814268
2011-12-15 03:45:00,NSE:BEL,14.64642088,15.18177282,14.4085428,15.0888438,2250375.72457238
2011-12-16 03:45:00,NSE:BEL,15.17167184,15.25247967,14.66662284,14.84945058,438373.30994705
2011-12-19 03:45:00,NSE:BEL,15.15450017,15.2413686,14.10197806,14.19945252,6148314.37239203
2011-12-20 03:45:00,NSE:BEL,14.21207874,14.27268462,13.83834249,14.00702885,2848337.5114017
2011-12-21 03:45:00,NSE:BEL,14.15147286,14.27066443,13.83783744,14.05500851,759629.26992406
2011-12-22 03:45:00,NSE:BEL,13.91915033,14.22217972,13.88935244,14.06106909,2133357.37489817
2011-12-23 03:45:00,NSE:BEL,14.14086684,14.19187678,13.88935244,14.13076586,1196319.57484196
2011-12-26 03:45:00,NSE:BEL,14.14137188,14.24238168,14.05197821,14.20046262,234036.69934843
2011-12-27 03:45:00,NSE:BEL,14.24238168,14.24238168,13.83834249,13.99137233,985646.94531004
2011-12-28 03:45:00,NSE:BEL,13.86814038,14.04036208,13.56107059,13.69642372,2078016.20952771
2011-12-29 03:45:00,NSE:BEL,13.73834279,14.0302611,13.33329349,13.61258559,3265722.75863223
2011-12-30 03:45:00,NSE:BEL,13.40400035,14.1105639,13.03026409,13.63935318,6083172.17773413
2012-01-02 03:45:00,NSE:BEL,13.68682779,13.88884739,13.54541407,13.66107029,1220475.64702513
2012-01-03 03:45:00,NSE:BEL,13.93834219,14.20702825,13.64692892,14.02470557,910010.71929389
2012-01-04 03:45:00,NSE:BEL,13.90500895,14.42015893,13.90500895,14.28985629,2594500.75288674
2012-01-05 03:45:00,NSE:BEL,14.14137188,14.32318952,14.10096796,14.25399781,2890016.63594725
2012-01-06 03:45:00,NSE:BEL,14.23177565,14.36359344,13.94086743,14.20551311,1299873.88428293
2012-01-09 03:45:00,NSE:BEL,14.14137188,14.6868248,14.14086684,14.52571417,2407687.19465049
2012-01-10 03:45:00,NSE:BEL,14.52571417,14.76763264,14.44440128,14.58884529,1932188.77376619
2012-01-11 03:45:00,NSE:BEL,14.64440068,15.25702512,14.56561304,14.85702631,2196915.56482274
2012-01-12 03:45:00,NSE:BEL,14.99995518,14.99995518,14.67672382,14.79136994,1283538.83547054
2012-01-13 03:45:00,NSE:BEL,15.01005616,15.44995383,15.01005616,15.35500462,10851521.42651459
2012-01-16 03:45:00,NSE:BEL,15.07066204,15.31864109,15.03025812,15.15702541,6820130.37991252
2012-01-17 03:45:00,NSE:BEL,15.40399437,15.50500417,15.20197478,15.26157056,2515399.51651643
2012-01-18 03:45:00,NSE:BEL,15.15146988,15.43379226,14.89894538,15.14692443,863975.5817317
2012-01-19 03:45:00,NSE:BEL,15.37167124,15.45550937,14.97015729,15.0888438,1795964.36670043
2012-01-20 03:45:00,NSE:BEL,15.30298457,15.37369143,14.65652186,14.82369308,4376110.07669143
2012-01-23 03:45:00,NSE:BEL,14.99742993,14.99894508,14.76763264,14.79642043,21287439.61112365
2012-01-24 03:45:00,NSE:BEL,15.04540959,15.04540959,14.64642088,14.71409745,4397791.14147879
2012-01-25 03:45:00,NSE:BEL,14.79793558,14.812582,14.25399781,14.45248207,4678852.98134773
2012-01-27 03:45:00,NSE:BEL,14.45197702,14.89389489,14.37369442,14.4878355,7253256.67418044
2012-01-30 03:45:00,NSE:BEL,14.33177536,14.73581455,13.94339268,14.02218032,4742411.1712723
2012-01-31 03:45:00,NSE:BEL,14.04086713,14.44339118,14.04036208,14.19490708,6508873.44981461
2012-02-01 03:45:00,NSE:BEL,14.00046321,14.32116933,13.79793857,13.92218062,8898542.59062355
2012-02-02 03:45:00,NSE:BEL,13.83834249,14.31308854,13.83834249,14.2590483,2880017.60606815
2012-02-03 03:45:00,NSE:BEL,14.38329035,14.72571357,14.19288688,14.44591643,3248595.70745318
2012-02-06 03:45:00,NSE:BEL,14.24440188,14.8878343,14.24440188,14.83328901,3207015.58320345
2012-02-07 03:45:00,NSE:BEL,14.64642088,15.17167184,14.64642088,14.97268253,10230888.5719396
2012-02-08 03:45:00,NSE:BEL,15.1918738,15.59490289,15.05096513,15.50550922,20086368.02208172
2012-02-09 03:45:00,NSE:BEL,15.5433879,16.00500268,15.51611525,15.60348873,4753697.20499723
2012-02-10 03:45:00,NSE:BEL,16.03732581,16.03732581,15.40550952,15.47066084,4707365.06654754
2012-02-13 03:45:00,NSE:BEL,15.47520628,15.65651887,15.47066084,15.52470108,3108411.28855412
2012-02-14 03:45:00,NSE:BEL,15.70702377,15.70702377,15.34338849,15.44187305,4160289.43177622
2012-02-15 03:45:00,NSE:BEL,15.54540809,15.60601397,15.17167184,15.31611585,33524668.17840811
2012-02-16 03:45:00,NSE:BEL,15.41409535,15.72015505,15.30298457,15.31207546,2533417.57035798
2012-02-17 03:45:00,NSE:BEL,15.35348947,15.66965015,15.0630863,15.12167199,4326312.9278876
2012-02-21 03:45:00,NSE:BEL,15.40298428,15.40298428,14.97975322,15.04591464,9758261.15963444
2012-02-22 03:45:00,NSE:BEL,15.05046008,15.33227742,14.9898542,15.10096498,9610156.71706877
2012-02-23 03:45:00,NSE:BEL,15.25247967,16.5454051,15.25247967,15.38126717,13890434.50739418
2012-02-24 03:45:00,NSE:BEL,15.38126717,15.60601397,14.66712789,14.82672337,32773948.93510898
2012-02-27 03:45:00,NSE:BEL,14.89995548,15.15045978,14.74743068,15.07470243,11494528.34794777
2012-02-28 03:45:00,NSE:BEL,15.15146988,15.86257886,15.15146988,15.80550833,7401163.11615444
2012-02-29 03:45:00,NSE:BEL,15.80550833,16.59591,15.80550833,16.34288046,12570661.56364888
2012-03-01 03:45:00,NSE:BEL,16.06055807,17.27267566,15.96005332,16.09641655,5155836.40666953
2012-03-02 03:45:00,NSE:BEL,16.51510216,16.76762666,15.53631721,15.96207351,4220580.61193831
2012-03-05 03:45:00,NSE:BEL,16.16106282,16.20197179,15.65651887,15.73884186,2027724.05924471
2012-03-06 03:45:00,NSE:BEL,15.65651887,15.99995219,15.48480221,15.76510441,2105637.29206502
2012-03-07 03:45:00,NSE:BEL,15.60651902,15.72722573,15.47470123,15.55449897,2223348.64381006
2012-03-09 03:45:00,NSE:BEL,15.63833711,16.04995204,15.61106446,15.74995294,1796756.3690671
2012-03-12 03:45:00,NSE:BEL,15.80803357,16.05954797,15.66661985,15.83025573,1561927.66735201
2012-03-13 03:45:00,NSE:BEL,15.85904352,16.2721736,15.83025573,16.18277993,3389473.12842306
2012-03-14 03:45:00,NSE:BEL,16.21308287,16.56560706,16.19187081,16.46863766,7436308.22117504
2012-03-15 03:45:00,NSE:BEL,16.46459726,16.65651588,16.31257752,16.45954678,6704300.03378829
2012-03-16 03:45:00,NSE:BEL,16.6464149,16.81813156,15.80803357,16.07520449,11282073.71309087
2012-03-19 03:45:00,NSE:BEL,15.71712475,16.14894164,15.35348947,15.78328617,2161374.45861881
2012-03-20 03:45:00,NSE:BEL,16.06005302,16.06005302,15.51510515,15.80651842,1831802.47379186
2012-03-21 03:45:00,NSE:BEL,15.73732671,16.14187096,15.65651887,16.07520449,1035642.09470554
2012-03-22 03:45:00,NSE:BEL,16.16156787,16.24944639,15.55550907,15.72975098,2613112.80850328
2012-03-23 03:45:00,NSE:BEL,15.96459876,17.16156488,15.60702407,15.69641774,2324724.94674272
2012-03-26 03:45:00,NSE:BEL,15.70954902,15.75752867,15.42318624,15.46914569,1136919.39734236
2012-03-27 03:45:00,NSE:BEL,15.48530726,15.75752867,15.48480221,15.51611525,4529164.53404874
2012-03-28 03:45:00,NSE:BEL,15.55550907,15.55601412,15.20197478,15.25197463,1479064.41974006
2012-03-29 03:45:00,NSE:BEL,15.17167184,15.17167184,14.92924832,15.03126821,2981789.91018413
2012-03-30 03:45:00,NSE:BEL,15.08076302,15.41409535,15.05046008,15.40247923,2634199.87151564
2012-04-02 03:45:00,NSE:BEL,15.43732761,15.64641789,15.31510575,15.38581261,1328979.97125774
2012-04-03 03:45:00,NSE:BEL,15.40399437,15.43429731,14.99995518,15.3423784,1392142.15999898
2012-04-04 03:45:00,NSE:BEL,15.30298457,15.40298428,15.13126792,15.25702512,3437884.27308524
2012-04-09 03:45:00,NSE:BEL,14.99995518,15.25399482,14.96965224,15.17066174,5187021.49985682
2012-04-10 03:45:00,NSE:BEL,15.10450032,15.38278232,15.05046008,15.20854041,4392445.12550382
2012-04-11 03:45:00,NSE:BEL,15.18682331,15.18682331,14.99995518,15.08833875,7435021.21732922
2012-04-12 03:45:00,NSE:BEL,15.0661166,15.23227772,14.95096542,15.00248042,5162964.42796948
2012-04-13 03:45:00,NSE:BEL,15.13126792,15.17066174,15.01056121,15.12621743,1417486.23573214
2012-04-16 03:45:00,NSE:BEL,15.12217703,15.25247967,14.96965224,15.02470258,662509.97971222
2012-04-17 03:45:00,NSE:BEL,15.090864,15.1918738,15.02015714,15.15702541,477379.42650513
2012-04-18 03:45:00,NSE:BEL,15.0630863,16.03025513,15.06258125,15.37167124,16954493.66341526
2012-04-19 03:45:00,NSE:BEL,15.45399422,15.71207426,15.41409535,15.44439829,1857641.55100419
2012-04-20 03:45:00,NSE:BEL,15.44439829,15.44944878,15.12116694,15.15349007,2106825.29561501
2012-04-23 03:45:00,NSE:BEL,15.25247967,15.35348947,14.84844048,14.864097,3838934.47150338
2012-04-24 03:45:00,NSE:BEL,15.14086385,15.15197492,14.79793558,14.84389504,8158812.38016185
2012-04-25 03:45:00,NSE:BEL,14.94945028,15.35348947,14.84844048,14.99945013,4847153.48426327
2012-04-26 03:45:00,NSE:BEL,14.68429955,14.94945028,14.24238168,14.78278411,17491768.26889915
2012-04-27 03:45:00,NSE:BEL,13.64793902,14.86864244,13.64793902,14.76611749,2177313.50624787
2012-04-30 03:45:00,NSE:BEL,14.74844078,14.91611704,14.64743098,14.8630869,3306213.87962779
2012-05-02 03:45:00,NSE:BEL,14.8878343,15.02975307,14.69743083,14.72621862,1774085.30132141
2012-05-03 03:45:00,NSE:BEL,14.75753166,14.8373294,14.46561334,14.60248162,6763106.2095129
2012-05-04 03:45:00,NSE:BEL,14.47773452,14.62419872,14.34339148,14.39793677,2475700.39788753
2012-05-07 03:45:00,NSE:BEL,14.35298741,14.69945102,13.91915033,14.39945192,2750129.21793569
2012-05-08 03:45:00,NSE:BEL,14.46864363,14.46914868,14.14137188,14.28682599,1115832.33433
2012-05-09 03:45:00,NSE:BEL,14.16258394,14.29389668,14.15349306,14.23985644,728048.17555344
2012-05-10 03:45:00,NSE:BEL,14.15197791,14.63783505,14.15197791,14.46460324,1150779.43875894
2012-05-11 03:45:00,NSE:BEL,14.32318952,14.3837954,14.04036208,14.14036179,3145734.40008303
2012-05-14 03:45:00,NSE:BEL,14.17672531,14.24187663,13.54642417,13.73834279,3957140.82472758
2012-05-15 03:45:00,NSE:BEL,13.55753524,13.88884739,13.45450525,13.49591927,2977928.89864666
2012-05-16 03:45:00,NSE:BEL,13.49490917,13.53531309,13.24238467,13.32117231,1019109.04530149
2012-05-17 03:45:00,NSE:BEL,13.35450555,13.81511023,13.03127419,13.14339507,2893283.64570973
2012-05-18 03:45:00,NSE:BEL,12.86460802,13.19996056,12.42471035,12.51511412,6286518.78537443
2012-05-21 03:45:00,NSE:BEL,12.4747102,12.91763817,12.4747102,12.71965896,2417785.22482542
2012-05-22 03:45:00,NSE:BEL,12.83834547,12.87874939,12.5984472,12.69440651,687458.05426205
2012-05-23 03:45:00,NSE:BEL,12.70400244,12.77622445,12.30501374,12.4469325,2505796.48782066
2012-05-24 03:45:00,NSE:BEL,12.47521525,12.64642686,12.39390236,12.59339671,1066926.18818867
2012-05-25 03:45:00,NSE:BEL,12.6499622,12.6499622,12.45450824,12.54188171,933968.79088539
2012-05-28 03:45:00,NSE:BEL,12.57572,12.88885037,12.55804328,12.85248685,950501.84028945
2012-05-29 03:45:00,NSE:BEL,12.77874969,12.92925429,12.76309317,12.85602219,1017129.03938483
2012-05-30 03:45:00,NSE:BEL,12.87925444,12.87925444,12.6262249,12.67723485,397090.18658483
2012-05-31 03:45:00,NSE:BEL,12.5252151,12.66662882,12.50450809,12.57016446,1370461.09521163
2012-06-01 03:45:00,NSE:BEL,12.57723514,12.79440621,12.26764011,12.32622579,1032870.08642223
2012-06-04 03:45:00,NSE:BEL,12.3211753,12.66662882,12.0201661,12.50652828,1752008.23535073
2012-06-05 03:45:00,NSE:BEL,12.5252151,12.61612392,12.1211759,12.16208487,3671821.97213783
2012-06-06 03:45:00,NSE:BEL,12.37420545,12.72571955,12.20147869,12.53380093,4560547.62782769
2012-06-07 03:45:00,NSE:BEL,12.87925444,13.06056703,12.67874999,12.92117351,1902389.68472055
2012-06-08 03:45:00,NSE:BEL,12.86208278,13.28278859,12.82874954,13.09996085,3082770.21193346
2012-06-11 03:45:00,NSE:BEL,13.22066756,13.25248565,12.87066861,12.96006228,1611922.8167475
2012-06-12 03:45:00,NSE:BEL,12.74945685,13.00400155,12.70703274,12.75703259,6334137.92766995
2012-06-13 03:45:00,NSE:BEL,12.5994573,12.87925444,12.5994573,12.73380033,4589455.71421083
2012-06-14 03:45:00,NSE:BEL,12.64693191,12.81814351,12.52774034,12.58733612,1769135.28652978
2012-06-15 03:45:00,NSE:BEL,12.59541691,12.59592196,12.43430628,12.48784147,1356898.05468255
2012-06-18 03:45:00,NSE:BEL,12.52824539,12.70703274,12.45046785,12.52471005,1147413.42870062
2012-06-19 03:45:00,NSE:BEL,12.70703274,12.71208323,12.38935692,12.70501254,753986.2530616
2012-06-20 03:45:00,NSE:BEL,12.64945715,12.77622445,12.6489521,12.73279023,1839326.49627514
2012-06-21 03:45:00,NSE:BEL,12.82824449,13.01056718,12.68683078,12.96056733,2498767.46681655
2012-06-22 03:45:00,NSE:BEL,12.94743606,13.12016281,12.82773945,12.98076929,2175729.50151455
2012-06-25 03:45:00,NSE:BEL,12.98986017,13.19086967,12.94945625,13.08076899,1165233.4819505
2012-06-26 03:45:00,NSE:BEL,13.10905174,13.12975875,12.98986017,13.0767286,547966.63743382
2012-06-27 03:45:00,NSE:BEL,12.82773945,13.11157698,12.82773945,13.11107193,1861304.56194999
2012-06-28 03:45:00,NSE:BEL,13.27117246,13.38379839,13.06662762,13.26713207,1439959.30288616
2012-06-29 03:45:00,NSE:BEL,13.28682898,13.63581784,13.28682898,13.57622206,3630835.84966311
2012-07-02 03:45:00,NSE:BEL,13.53430299,13.83834249,13.44793961,13.73733269,1595785.76852678
2012-07-03 03:45:00,NSE:BEL,13.43379824,13.86763533,13.43379824,13.81410013,1132959.38550906
2012-07-04 03:45:00,NSE:BEL,13.59894926,13.86511008,13.59894926,13.77773661,2566582.66946192
2012-07-05 03:45:00,NSE:BEL,13.60905024,13.90298876,13.60905024,13.75753465,1908428.70276634
2012-07-06 03:45:00,NSE:BEL,13.13076884,14.13581635,13.13076884,13.72571656,2450158.32156271
2012-07-09 03:45:00,NSE:BEL,13.78632244,13.78632244,13.48480819,13.51864647,598258.78771681
2012-07-10 03:45:00,NSE:BEL,13.61561588,13.64642387,13.4045054,13.45349515,1624396.85402242
2012-07-11 03:45:00,NSE:BEL,13.61612093,13.61612093,13.21814232,13.31107133,1936742.78737449
2012-07-12 03:45:00,NSE:BEL,13.31107133,13.70702975,13.28228354,13.47723245,3101481.26784583
2012-07-13 03:45:00,NSE:BEL,13.42420231,13.58581799,13.37066712,13.49591927,1191765.56123366
2012-07-16 03:45:00,NSE:BEL,13.48430314,13.62672696,13.43480834,13.51511113,3666079.95497954
2012-07-17 03:45:00,NSE:BEL,13.4550103,13.54541407,13.23480894,13.41107104,3177810.49593282
2012-07-18 03:45:00,NSE:BEL,13.48531324,13.51460608,13.21208173,13.31814202,1185825.5434837
2012-07-19 03:45:00,NSE:BEL,13.36864692,13.43278814,13.31309153,13.38329334,2523616.54107055
2012-07-20 03:45:00,NSE:BEL,13.33935408,13.41359628,13.1540011,13.23127359,547372.63565882
2012-07-23 03:45:00,NSE:BEL,13.18177879,13.28127344,12.92925429,13.14036477,842195.51664851
2012-07-24 03:45:00,NSE:BEL,13.4034953,13.4034953,12.87723425,12.92218361,2363335.06211746
2012-07-25 03:45:00,NSE:BEL,12.92975934,12.93026439,12.58784117,12.70198225,8168118.40797013
2012-07-26 03:45:00,NSE:BEL,12.72773974,12.75753764,12.43380123,12.61107343,1497379.47446911
2012-07-27 03:45:00,NSE:BEL,12.5747099,12.91915331,12.38279128,12.4984475,1119297.34468415
2012-07-30 03:45:00,NSE:BEL,12.37521555,12.57420485,11.41966285,11.57774318,13564129.53232971
2012-07-31 03:45:00,NSE:BEL,11.56309676,11.89895434,11.32319849,11.73834876,46945742.2832596
2012-08-01 03:45:00,NSE:BEL,11.86915645,12.38380138,11.8201667,12.33834697,7482046.35784973
2012-08-02 03:45:00,NSE:BEL,11.56158161,13.1787485,11.56158161,13.04794081,6091785.20347157
2012-08-03 03:45:00,NSE:BEL,12.83885052,13.1509708,12.72672965,12.84592121,2840417.48773508
2012-08-06 03:45:00,NSE:BEL,12.92925429,13.1262234,12.6767298,12.81915361,12175551.3829807
2012-08-07 03:45:00,NSE:BEL,12.5252151,13.33329349,12.5252151,12.87066861,2860613.54808495
2012-08-08 03:45:00,NSE:BEL,13.03076914,13.03076914,12.48481118,12.90955738,2694194.05079023
2012-08-09 03:45:00,NSE:BEL,12.90955738,12.92773915,12.68026514,12.71511352,397387.18747233
2012-08-10 03:45:00,NSE:BEL,12.59339671,12.86864841,12.57622505,12.73935587,2237505.68611413
2012-08-13 03:45:00,NSE:BEL,12.7777396,12.82824449,12.54642716,12.82824449,669142.999533
2012-08-14 03:45:00,NSE:BEL,12.77622445,12.7777396,12.67773989,12.71208323,884369.64267323
2012-08-16 03:45:00,NSE:BEL,12.71713372,12.7767295,12.6262249,12.66359852,351847.0513893
2012-08-17 03:45:00,NSE:BEL,12.6262249,12.78683048,12.6262249,12.72369935,654391.95545394
2012-08-21 03:45:00,NSE:BEL,12.72470945,12.73683063,12.5252151,12.70652769,2271363.78728891
2012-08-22 03:45:00,NSE:BEL,12.91915331,12.93228459,12.58582098,12.7777396,2502133.47687486
2012-08-23 03:45:00,NSE:BEL,12.77622445,12.7777396,12.63683093,12.70299234,4602226.75237325
2012-08-24 03:45:00,NSE:BEL,12.68784087,12.72167916,12.29289256,12.38986197,1344721.01829513
2012-08-27 03:45:00,NSE:BEL,12.43430628,12.5252151,12.27673099,12.42471035,2732210.16438998
2012-08-28 03:45:00,NSE:BEL,12.4716799,12.75753764,12.29592285,12.60299264,1197111.57720862
2012-08-29 03:45:00,NSE:BEL,12.53531608,12.80804253,12.53531608,12.7252145,3954863.81792343
2012-08-30 03:45:00,NSE:BEL,12.63279053,12.69693176,12.40955888,12.61410372,2604400.78247
2012-08-31 03:45:00,NSE:BEL,12.5252151,12.71511352,12.41359927,12.53531608,1930901.76992036
2012-09-03 03:45:00,NSE:BEL,12.71612362,12.71612362,12.45703348,12.5747099,257796.77034827
2012-09-04 03:45:00,NSE:BEL,12.67319445,12.67319445,12.47521525,12.53531608,2299875.87248872
2012-09-05 03:45:00,NSE:BEL,12.55299279,12.57572,12.2449129,12.32067025,561034.67648373
2012-09-06 03:45:00,NSE:BEL,12.44390221,12.57572,12.3469328,12.50349799,2064453.16899863
2012-09-07 03:45:00,NSE:BEL,12.44440726,12.5252151,12.3737004,12.43279113,3350665.01245666
2012-09-10 03:45:00,NSE:BEL,12.37420545,12.4242053,12.24238766,12.28430673,2407291.19346716
2012-09-11 03:45:00,NSE:BEL,12.31309452,12.3726903,12.07420634,12.1459233,868430.59504417
2012-09-12 03:45:00,NSE:BEL,12.1459233,12.22824629,11.9191563,11.99390355,3020103.02467138
2012-09-13 03:45:00,NSE:BEL,12.09087296,12.28279158,11.8686514,11.88683317,2392837.15027559
2012-09-14 03:45:00,NSE:BEL,11.95956022,12.11966075,11.8191566,11.92521689,1575292.70728942
2012-09-17 03:45:00,NSE:BEL,11.92925728,12.23228668,11.84036866,12.07774169,8697076.98860407
2012-09-18 03:45:00,NSE:BEL,12.1211759,12.2726906,12.070671,12.13329708,3757061.22684976
2012-09-20 03:45:00,NSE:BEL,12.02420649,12.28279158,11.8181465,12.21006452,9880229.52410028
2012-09-21 03:45:00,NSE:BEL,12.21006452,12.5252151,12.03733777,12.36763981,14562151.51461883
2012-09-24 03:45:00,NSE:BEL,12.4242053,12.44440726,11.9191563,11.97117635,5708357.05771165
2012-09-25 03:45:00,NSE:BEL,11.9944086,12.19188276,11.78531832,11.95349963,7846862.44799311
2012-09-26 03:45:00,NSE:BEL,11.9696612,12.070671,11.9191563,11.9696612,4000601.95459812
2012-09-27 03:45:00,NSE:BEL,12.070671,12.2221857,11.86814635,11.99036821,24282396.56065353
2012-09-28 03:45:00,NSE:BEL,12.20198374,12.30299354,11.22218869,12.20753928,6001496.93367218
2012-10-01 03:45:00,NSE:BEL,12.22067055,12.58582098,12.18531712,12.42925579,2040594.09770296
2012-10-03 03:45:00,NSE:BEL,12.54592211,12.7272347,12.32370055,12.4469325,3138903.37967058
2012-10-04 03:45:00,NSE:BEL,12.4747102,12.6262249,12.3737004,12.48228593,1814675.42261281
2012-10-05 03:45:00,NSE:BEL,12.52824539,12.57572,12.33329648,12.36309437,625087.86788747
2012-10-08 03:45:00,NSE:BEL,12.35753883,12.60602294,12.35349844,12.35450854,3618064.81150069
2012-10-09 03:45:00,NSE:BEL,12.50501314,12.50753838,12.38380138,12.40400334,4620541.80710229
2012-10-10 03:45:00,NSE:BEL,12.33683182,12.46662941,12.3231955,12.38380138,493813.47561335
2012-10-11 03:45:00,NSE:BEL,12.52167975,12.6262249,12.3737004,12.53531608,1490053.45257749
2012-10-12 03:45:00,NSE:BEL,12.50198284,12.6262249,12.44541736,12.48077079,1370362.09491579
2012-10-15 03:45:00,NSE:BEL,12.54491201,12.8272344,12.46460922,12.75400229,2024457.04948223
2012-10-16 03:45:00,NSE:BEL,12.82824449,12.98228444,12.4242053,12.49491216,4446301.2864368
2012-10-17 03:45:00,NSE:BEL,12.61612392,12.88834533,12.50652828,12.84844645,3796463.34459116
2012-10-18 03:45:00,NSE:BEL,12.92874924,13.21208173,12.87874939,13.14895061,5145045.37442377
2012-10-19 03:45:00,NSE:BEL,13.18127374,13.37369741,12.93935527,13.11056688,4385119.10361221
2012-10-22 03:45:00,NSE:BEL,13.04238527,13.17167781,12.7272347,13.06157713,2083461.2257985
2012-10-23 03:45:00,NSE:BEL,13.08076899,13.13127389,12.88885037,12.93683003,613504.83327505
2012-10-25 03:45:00,NSE:BEL,12.93531488,13.12117291,12.93531488,13.11814262,821207.45393198
2012-10-26 03:45:00,NSE:BEL,13.12773855,13.24238467,12.94945625,12.98430463,389863.16498905
2012-10-29 03:45:00,NSE:BEL,12.98026424,12.98986017,12.56561902,12.62672995,6270777.73833704
2012-10-30 03:45:00,NSE:BEL,12.5252151,12.59592196,11.93026738,12.19188276,7763900.20008534
2012-10-31 03:45:00,NSE:BEL,12.2706704,12.46460922,12.20198374,12.42370025,2098509.27076507
2012-11-01 03:45:00,NSE:BEL,12.4747102,12.47976069,12.32622579,12.4747102,1010298.01897238
2012-11-02 03:45:00,NSE:BEL,12.4242053,12.59592196,12.31359957,12.37673069,12601549.65594867
2012-11-05 03:45:00,NSE:BEL,12.24238766,12.41258917,12.09491335,12.1201658,8975069.8193022
2012-11-06 03:45:00,NSE:BEL,12.07117605,12.34339746,11.92925728,12.16612526,11978243.79338619
2012-11-07 03:45:00,NSE:BEL,12.18178178,12.34339746,12.03834787,12.25551893,13350981.89540197
2012-11-08 03:45:00,NSE:BEL,12.12168095,12.25551893,12.0726912,12.16612526,8319390.86000244
2012-11-09 03:45:00,NSE:BEL,12.12168095,12.3737004,11.8181465,11.84794439,3229092.64917414
2012-11-12 03:45:00,NSE:BEL,11.96006527,12.0201661,11.8706716,11.92774214,569350.70133367
2012-11-13 03:45:00,NSE:BEL,11.8686514,12.2726906,11.8686514,12.17824644,484210.44691758
2012-11-15 03:45:00,NSE:BEL,11.91360076,12.19339791,11.84036866,11.92471184,3418876.21628536
2012-11-16 03:45:00,NSE:BEL,11.97016625,12.13127688,11.89137861,12.09137801,1193448.56626282
2012-11-19 03:45:00,NSE:BEL,12.09137801,12.1716808,12.03127718,12.10299414,6010901.96177628
2012-11-20 03:45:00,NSE:BEL,12.11966075,12.2221857,12.06360032,12.1191557,11551651.51864322
2012-11-21 03:45:00,NSE:BEL,11.8686514,12.2726906,11.68380347,12.18733732,1099200.28463011
2012-11-22 03:45:00,NSE:BEL,12.05147914,12.45450824,12.05147914,12.26056942,2807054.38803947
2012-11-23 03:45:00,NSE:BEL,12.2726906,12.2726906,11.8686514,12.03531757,1096824.27753013
2012-11-26 03:45:00,NSE:BEL,12.04087311,12.21208472,12.03531757,12.05046904,3183255.51220361
2012-11-27 03:45:00,NSE:BEL,11.8449141,12.18582217,11.8449141,12.01966105,2472136.38723756
2012-11-29 03:45:00,NSE:BEL,11.9211765,12.34339746,11.9211765,12.23430688,410059.22533891
2012-11-30 03:45:00,NSE:BEL,12.15602428,12.26612496,11.93935826,12.00905502,946838.82934364
2012-12-03 03:45:00,NSE:BEL,11.98986316,12.13127688,11.93026738,11.96562081,3064158.15631691
2012-12-04 03:45:00,NSE:BEL,12.04036806,12.1696606,11.93279263,12.15147884,1521040.54517311
2012-12-05 03:45:00,NSE:BEL,12.03178223,12.40400334,12.03178223,12.16258992,1801805.38415456
2012-12-06 03:45:00,NSE:BEL,12.41309422,12.41309422,11.97016625,12.04945894,480745.43656344
2012-12-07 03:45:00,NSE:BEL,12.12168095,12.24087251,11.9716814,12.09996384,1756265.24807153
2012-12-10 03:45:00,NSE:BEL,12.21359987,12.2726906,11.9716814,12.1211759,5901902.63606452
2012-12-11 03:45:00,NSE:BEL,12.7272347,12.84844645,12.03077213,12.10349919,4320273.90984181
2012-12-12 03:45:00,NSE:BEL,12.36359942,12.36359942,11.8181465,11.89188366,7289094.78127187
2012-12-13 03:45:00,NSE:BEL,11.99996414,12.09895374,11.85905547,12.00703483,1330365.9753994
2012-12-14 03:45:00,NSE:BEL,12.00703483,12.0201661,11.74794469,11.93430777,2735180.17326496
2012-12-17 03:45:00,NSE:BEL,11.93935826,12.01208532,11.75148004,11.8201667,4678852.98134773
2012-12-18 03:45:00,NSE:BEL,11.68329842,11.99945909,11.68329842,11.86107567,548857.64009631
2012-12-19 03:45:00,NSE:BEL,11.8686514,12.34339746,11.84996459,12.30299354,3020301.02526304
2012-12-20 03:45:00,NSE:BEL,11.73733866,12.10854968,11.73733866,11.99996414,571132.70665866
2012-12-21 03:45:00,NSE:BEL,11.99996414,12.09087296,11.87622714,11.96915615,878033.62373993
2012-12-24 03:45:00,NSE:BEL,12.0201661,12.09036791,11.8686514,12.05097409,751214.24477829
2012-12-26 03:45:00,NSE:BEL,12.05551953,12.3231955,11.9696612,12.26309467,1116822.33728833
2012-12-27 03:45:00,NSE:BEL,12.32269045,12.50501314,12.27319565,12.43481133,1703102.08920939
2012-12-28 03:45:00,NSE:BEL,12.8262243,12.84844645,12.34339746,12.82016371,3488572.42455156
2012-12-31 03:45:00,NSE:BEL,12.82016371,13.39389937,12.7777396,13.21006154,2959613.84391762
2013-01-01 03:45:00,NSE:BEL,13.28278859,13.43379824,12.97975919,13.08379929,1414021.225378
2013-01-02 03:45:00,NSE:BEL,13.08076899,13.38278829,13.03127419,13.33127329,25873034.31379701
2013-01-03 03:45:00,NSE:BEL,13.32672785,13.41814172,13.13127389,13.16713237,828929.47700693
2013-01-04 03:45:00,NSE:BEL,13.20400095,13.36359643,13.08834473,13.30753599,685379.04804956
2013-01-07 03:45:00,NSE:BEL,13.30854609,13.48379809,13.13127389,13.15349605,576775.72352112
2013-01-08 03:45:00,NSE:BEL,13.14592031,13.38329334,13.0767286,13.32470766,1469758.39193179
2013-01-09 03:45:00,NSE:BEL,13.32521271,13.48480819,13.30804104,13.40400035,2032377.07314885
2013-01-10 03:45:00,NSE:BEL,13.36359643,13.62622191,13.08076899,13.13127389,8990315.86486043
2013-01-11 03:45:00,NSE:BEL,13.09541541,13.40400035,12.94491081,13.03733478,3935657.76053189
2013-01-14 03:45:00,NSE:BEL,13.23177864,13.27319266,13.05046605,13.1509708,389467.16380572
2013-01-15 03:45:00,NSE:BEL,13.11056688,13.33329349,13.07268821,13.13127389,1450453.33424442
2013-01-16 03:45:00,NSE:BEL,13.32975815,13.32975815,12.97723395,13.13076884,966440.88791851
2013-01-17 03:45:00,NSE:BEL,13.13076884,13.23228369,12.95602189,13.11006183,1108704.31303005
2013-01-18 03:45:00,NSE:BEL,13.0540014,13.23076854,12.94491081,13.19187977,406099.2135056
2013-01-21 03:45:00,NSE:BEL,13.21208173,13.3024855,12.9499613,13.02319341,880508.63113575
2013-01-22 03:45:00,NSE:BEL,13.08076899,13.13127389,12.82824449,12.85450704,643204.92202485
2013-01-23 03:45:00,NSE:BEL,12.81258798,13.03026409,12.49996265,12.58228563,2784284.31999796
2013-01-24 03:45:00,NSE:BEL,12.71763876,12.71763876,12.11107492,12.17673129,2959514.84362178
2013-01-25 03:45:00,NSE:BEL,12.17673129,13.11107193,11.9726915,12.4221851,10024175.95424099
2013-01-28 03:45:00,NSE:BEL,12.4221851,13.33329349,12.4221851,13.15551624,7889333.57490533
2013-01-29 03:45:00,NSE:BEL,13.12016281,13.15551624,12.86208278,12.96258753,5239887.65783146
2013-01-30 03:45:00,NSE:BEL,12.96965821,13.08430434,12.78683048,12.85955753,380260.13629328
2013-01-31 03:45:00,NSE:BEL,12.83834547,12.97167841,12.64592181,12.86460802,832493.48765691
2013-02-01 03:45:00,NSE:BEL,12.94642596,13.08076899,12.74289121,12.83784043,247896.740765
2013-02-04 03:45:00,NSE:BEL,13.01006213,13.03076914,12.74642656,12.82268896,405010.21025145
2013-02-05 03:45:00,NSE:BEL,12.82268896,12.92925429,12.56561902,12.9034968,1415308.22922383
2013-02-06 03:45:00,NSE:BEL,12.82773945,12.99087027,12.82672935,12.86107268,6175539.45374601
2013-02-07 03:45:00,NSE:BEL,12.82874954,13.22167766,12.81006273,13.13379914,2371651.0869674
2013-02-08 03:45:00,NSE:BEL,13.14137487,13.14895061,12.82824449,12.86713327,1569253.68924362
2013-02-11 03:45:00,NSE:BEL,12.87874939,12.97975919,12.7777396,12.88329484,1389766.152899
2013-02-12 03:45:00,NSE:BEL,13.02975904,13.02975904,12.81258798,12.87874939,1100388.28818011
2013-02-13 03:45:00,NSE:BEL,13.03026409,13.03026409,12.72672965,12.72874984,1008417.01335156
2013-02-14 03:45:00,NSE:BEL,12.80299205,12.80299205,12.3716802,12.51511412,583903.74482108
2013-02-15 03:45:00,NSE:BEL,12.34642775,12.58077049,12.2221857,12.30854908,714287.1344327
2013-02-18 03:45:00,NSE:BEL,12.4747102,12.51864946,12.16258992,12.20198374,819722.44949449
2013-02-19 03:45:00,NSE:BEL,12.41713461,12.41713461,12.13481222,12.18228683,610039.8229209
2013-02-20 03:45:00,NSE:BEL,12.23430688,12.3726903,12.1716808,12.20097364,461836.3800594
2013-02-21 03:45:00,NSE:BEL,12.3211753,12.32168035,12.12420619,12.2221857,839522.50866103
2013-02-22 03:45:00,NSE:BEL,12.2726906,12.3737004,12.03329738,12.18127673,636670.90249989
2013-02-25 03:45:00,NSE:BEL,12.07925683,12.3231955,11.88935841,11.92420679,1538464.59723966
2013-02-26 03:45:00,NSE:BEL,12.08026693,12.08026693,11.35047113,11.55350083,1768244.28386729
2013-02-27 03:45:00,NSE:BEL,11.66461161,11.69693474,11.3913801,11.51208681,916643.73911468
2013-02-28 03:45:00,NSE:BEL,11.56562201,11.6666318,11.32471363,11.38784476,905060.70450225
2013-03-01 03:45:00,NSE:BEL,11.47723843,11.8181465,11.41410731,11.6676419,1123059.35592579
2013-03-04 03:45:00,NSE:BEL,11.81865155,12.8757191,11.67673278,12.47824554,5863292.52068977
2013-03-05 03:45:00,NSE:BEL,12.50501314,12.6262249,11.97976218,12.54491201,2214339.61688929
2013-03-06 03:45:00,NSE:BEL,12.41410432,12.72218421,12.32774094,12.48481118,831701.48529025
2013-03-07 03:45:00,NSE:BEL,12.44491231,12.6757197,12.42673054,12.6757197,381448.13984327
2013-03-08 03:45:00,NSE:BEL,12.70652769,12.70703274,12.4252154,12.47218495,2385610.12867981
2013-03-11 03:45:00,NSE:BEL,12.62066936,12.70248729,12.4252154,12.49390206,20933315.5529302
2013-03-12 03:45:00,NSE:BEL,12.49390206,12.57521495,12.1726909,12.31208442,257994.77093993
2013-03-13 03:45:00,NSE:BEL,12.3231955,12.42370025,12.07622654,12.19339791,462331.38153856
2013-03-14 03:45:00,NSE:BEL,11.92420679,12.32168035,11.7676416,11.88582307,1069203.19499282
2013-03-15 03:45:00,NSE:BEL,11.77774258,12.0201661,11.56562201,11.68683376,1773788.30043392
2013-03-18 03:45:00,NSE:BEL,11.6161269,11.86562111,11.51511711,11.64440965,415504.24160971
2013-03-19 03:45:00,NSE:BEL,11.7211771,11.76562141,11.46461221,11.5676422,518662.54986735
2013-03-20 03:45:00,NSE:BEL,11.55097558,11.6161269,11.33329947,11.41309721,453223.35432196
2013-03-21 03:45:00,NSE:BEL,11.61461176,11.61511681,11.31309751,11.39693564,613504.83327505
2013-03-22 03:45:00,NSE:BEL,11.37370339,11.61511681,11.16410805,11.50754137,2643307.89873224
2013-03-25 03:45:00,NSE:BEL,11.99996414,11.99996414,11.42420829,11.46461221,507079.51525493
2013-03-26 03:45:00,NSE:BEL,11.36158221,11.51309691,11.31309751,11.39390535,305019.91146045
2013-03-28 03:45:00,NSE:BEL,11.45451123,11.86562111,11.26259261,11.67016715,3851903.51025745
2013-04-01 03:45:00,NSE:BEL,11.54542005,11.85855042,11.31309751,11.60602592,456688.3646761
2013-04-02 03:45:00,NSE:BEL,11.41410731,11.7676416,11.41410731,11.75653053,600634.7948168
2013-04-03 03:45:00,NSE:BEL,11.71764175,12.46157892,11.7171367,12.2221857,10642135.8008285
2013-04-04 03:45:00,NSE:BEL,12.26663001,12.2726906,11.7171367,11.9191563,750125.24152413
2013-04-05 03:45:00,NSE:BEL,11.89895434,12.23178163,11.72723768,12.2221857,2056929.14651535
2013-04-08 03:45:00,NSE:BEL,11.95248954,12.070671,11.82067175,11.8686514,2704985.08303599
2013-04-09 03:45:00,NSE:BEL,11.9696612,12.2221857,11.8181465,11.95905517,195624.58456535
2013-04-10 03:45:00,NSE:BEL,11.94642895,12.1211759,11.7676416,12.11107492,2125239.35063989
2013-04-11 03:45:00,NSE:BEL,12.06057002,12.06057002,11.6666318,11.79794454,666271.99095386
2013-04-12 03:45:00,NSE:BEL,11.82925758,11.90804522,11.63632886,11.63632886,140877.42096989
2013-04-15 03:45:00,NSE:BEL,11.7676416,11.8686514,11.51511711,11.52521809,357985.06973093
2013-04-16 03:45:00,NSE:BEL,11.55804627,11.75754062,11.55754122,11.69693474,462925.38331356
2013-04-17 03:45:00,NSE:BEL,11.71764175,11.80804552,11.56562201,11.7171367,762500.27850321
2013-04-18 03:45:00,NSE:BEL,11.76713655,11.81713641,11.63127837,11.74743964,245916.73484835
2013-04-22 03:45:00,NSE:BEL,11.82824748,11.8686514,11.7171367,11.86663121,261261.78070241
2013-04-23 03:45:00,NSE:BEL,11.8933988,12.02420649,11.76814665,12.0201661,165033.49315306
2013-04-25 03:45:00,NSE:BEL,11.93228758,12.01006512,11.83127778,11.9696612,205029.61266946
2013-04-26 03:45:00,NSE:BEL,11.94642895,12.19188276,11.9191563,12.1211759,437779.30817206
2013-04-29 03:45:00,NSE:BEL,11.98935811,12.19087266,11.56562201,11.97471169,180378.53900712
2013-04-30 03:45:00,NSE:BEL,11.71966195,12.1716808,11.71966195,11.83834846,215919.64521105
2013-05-02 03:45:00,NSE:BEL,11.91713611,12.40400334,11.82976263,12.0201661,965945.88643934
2013-05-03 03:45:00,NSE:BEL,12.1211759,12.2726906,11.96107537,12.02521659,4205037.56549258
2013-05-06 03:45:00,NSE:BEL,12.21309482,12.21309482,12.02269135,12.070671,2041881.10154878
2013-05-07 03:45:00,NSE:BEL,12.1211759,12.2221857,11.9696612,12.1211759,1021683.05299314
2013-05-08 03:45:00,NSE:BEL,12.17117575,12.80804253,12.14844855,12.60551789,3898433.64929881
2013-05-09 03:45:00,NSE:BEL,12.67824494,12.79794156,12.51208382,12.53531608,1505101.49754405
2013-05-10 03:45:00,NSE:BEL,12.55551804,13.29238452,12.54541706,13.12117291,8096244.19319561
2013-05-13 03:45:00,NSE:BEL,12.71208323,12.84945655,12.5262252,12.55551804,333234.99577276
2013-05-14 03:45:00,NSE:BEL,12.64693191,12.78380018,12.52471005,12.57572,266805.79726904
2013-05-15 03:45:00,NSE:BEL,12.56763921,13.13127389,12.36359942,13.13127389,813287.43026537
2013-05-16 03:45:00,NSE:BEL,12.64541676,13.13127389,12.64541676,12.97975919,1114248.32959668
2013-05-17 03:45:00,NSE:BEL,12.99289047,13.63632289,12.93935527,13.28278859,1902389.68472055
2013-05-20 03:45:00,NSE:BEL,13.28278859,13.4302629,12.93531488,12.93935527,522523.56140482
2013-05-21 03:45:00,NSE:BEL,12.92925429,13.22218271,12.63733597,12.69693176,647560.93504148
2013-05-22 03:45:00,NSE:BEL,13.01814292,13.01814292,12.65652784,12.76561842,414712.23924305
2013-05-23 03:45:00,NSE:BEL,12.59895225,12.7767295,12.5252151,12.72016401,340561.01766438
2013-05-24 03:45:00,NSE:BEL,12.47673039,12.7272347,12.47673039,12.67874999,94842.2834077
2013-05-27 03:45:00,NSE:BEL,12.72672965,13.19187977,12.54541706,13.19187977,338185.01056439
2013-05-28 03:45:00,NSE:BEL,13.19086967,13.19086967,12.6974368,12.97975919,480349.43538011
2013-05-29 03:45:00,NSE:BEL,12.77975979,13.19086967,12.77975979,13.07975889,477577.42709679
2013-05-30 03:45:00,NSE:BEL,13.13026379,13.13026379,12.6767298,12.80804253,394714.17948485
2013-05-31 03:45:00,NSE:BEL,13.29288957,13.53531309,13.03026409,13.29743501,12070809.06998974
2013-06-03 03:45:00,NSE:BEL,13.32319251,13.38379839,13.08127404,13.13127389,520642.555784
2013-06-04 03:45:00,NSE:BEL,13.18884948,13.83278695,13.18884948,13.47470721,2499163.46799988
2013-06-05 03:45:00,NSE:BEL,13.43430329,13.58581799,13.38430344,13.51410103,934958.79384372
2013-06-06 03:45:00,NSE:BEL,13.40602055,13.781777,13.40602055,13.56561603,6853493.47960812
2013-06-07 03:45:00,NSE:BEL,13.63632289,13.68531264,13.3262228,13.40400035,4604008.75769823
2013-06-10 03:45:00,NSE:BEL,13.39389937,13.93884724,13.39288927,13.78783759,11281380.71102004
2013-06-11 03:45:00,NSE:BEL,13.53531309,13.80803955,13.23127359,13.39389937,713099.13088271
2013-06-12 03:45:00,NSE:BEL,13.30299055,13.68682779,13.26258663,13.63632289,1653997.94247639
2013-06-13 03:45:00,NSE:BEL,13.35854594,13.63632289,13.02117321,13.23581903,6139206.34517542
2013-06-14 03:45:00,NSE:BEL,13.38379839,13.57420186,13.23228369,13.43430329,1510447.51351902
2013-06-17 03:45:00,NSE:BEL,13.41511143,13.41561648,12.68228534,13.0757185,485695.45135507
2013-06-18 03:45:00,NSE:BEL,12.93935527,13.57571701,12.93935527,13.43430329,692507.06934951
2013-06-19 03:45:00,NSE:BEL,13.28278859,13.54642417,13.15147585,13.33834398,315909.94400204
2013-06-20 03:45:00,NSE:BEL,13.29187947,13.36309138,13.08884978,13.14238497,258093.77123577
2013-06-21 03:45:00,NSE:BEL,13.31258648,13.3767277,12.69693176,12.69693176,5976152.85793902
2013-06-24 03:45:00,NSE:BEL,12.9034968,12.90905233,12.54087162,12.69693176,15081606.06685285
2013-06-25 03:45:00,NSE:BEL,12.84339596,12.84844645,12.53632618,12.63632588,2470057.38102507
2013-06-26 03:45:00,NSE:BEL,12.48481118,12.73531548,12.48481118,12.6262249,87318.26092441
2013-06-27 03:45:00,NSE:BEL,12.89895135,12.89895135,12.45299309,12.45703348,96624.28873268
2013-06-28 03:45:00,NSE:BEL,12.93935527,12.97521375,12.647942,12.89895135,1223346.65560428
2013-07-01 03:45:00,NSE:BEL,12.89895135,13.09036492,12.6489521,12.6767298,495298.48005084
2013-07-02 03:45:00,NSE:BEL,12.84844645,13.029254,12.79087087,12.92925429,700625.09360779
2013-07-03 03:45:00,NSE:BEL,12.70299234,12.87824435,12.53784132,12.53784132,311949.93216874
2013-07-04 03:45:00,NSE:BEL,12.61612392,12.7777396,12.43531638,12.65652784,785369.34684056
2013-07-05 03:45:00,NSE:BEL,12.80753749,12.80753749,12.61763906,12.7272347,247797.74046917
2013-07-08 03:45:00,NSE:BEL,12.59440681,12.69541661,12.48481118,12.6262249,808436.41576957
2013-07-09 03:45:00,NSE:BEL,12.63683093,12.78784058,12.47824554,12.47824554,8138913.32069948
2013-07-10 03:45:00,NSE:BEL,12.5252151,12.69592166,12.38481148,12.38481148,2054751.14000703
2013-07-11 03:45:00,NSE:BEL,12.30299354,12.64592181,12.30299354,12.3737004,1827446.46077522
2013-07-12 03:45:00,NSE:BEL,12.51511412,12.5716796,12.3231955,12.36359942,325413.97240198
2013-07-15 03:45:00,NSE:BEL,12.3737004,12.51511412,12.3231955,12.4242053,1707359.1019302
2013-07-16 03:45:00,NSE:BEL,12.52572015,12.52572015,12.297438,12.39390236,78309.23400364
2013-07-17 03:45:00,NSE:BEL,12.43683152,12.57572,12.13329708,12.16461011,454213.35728028
2013-07-18 03:45:00,NSE:BEL,12.20097364,12.3231955,12.08178208,12.11107492,231462.69165678
2013-07-19 03:45:00,NSE:BEL,12.24238766,12.3737004,12.03127718,12.1211759,1774283.30191308
2013-07-22 03:45:00,NSE:BEL,12.07622654,12.2726906,11.94036836,12.03632767,247896.740765
2013-07-23 03:45:00,NSE:BEL,12.1211759,12.25147854,12.0201661,12.2221857,242352.72419837
2013-07-24 03:45:00,NSE:BEL,12.2726906,12.2726906,11.94036836,12.08077198,15026165.90118655
2013-07-25 03:45:00,NSE:BEL,12.26258962,12.26258962,11.9191563,11.94440875,3126033.34121233
2013-07-26 03:45:00,NSE:BEL,11.92925728,12.11056987,11.42976383,11.7171367,2319576.93135942
2013-07-29 03:45:00,NSE:BEL,12.4242053,12.4242053,11.42673353,11.42673353,219483.65586103
2013-07-30 03:45:00,NSE:BEL,11.48733941,11.50754137,11.3646125,11.40400633,509356.52205908
2013-07-31 03:45:00,NSE:BEL,11.33329947,11.51511711,10.85804836,11.21208771,5694992.01777424
2013-08-01 03:45:00,NSE:BEL,11.16259291,11.50501613,11.16259291,11.2676431,1529554.57061472
2013-08-02 03:45:00,NSE:BEL,11.17168379,11.41360226,11.17168379,11.31309751,2434318.27422948
2013-08-05 03:45:00,NSE:BEL,11.28329962,11.6666318,11.26259261,11.46461221,1483717.4336442
2013-08-06 03:45:00,NSE:BEL,11.34340045,12.05147914,11.27824913,11.40400633,1598755.77740176
2013-08-07 03:45:00,NSE:BEL,11.49491515,11.75754062,11.31360256,11.71057107,469063.40165518
2013-08-08 03:45:00,NSE:BEL,11.49390505,11.8181465,11.37420844,11.8181465,11141889.29419181
2013-08-12 03:45:00,NSE:BEL,11.8181465,12.22067055,11.67572269,12.0726912,396595.18510567
2013-08-13 03:45:00,NSE:BEL,12.12067085,12.40349829,11.86006557,12.18178178,371647.11055584
2013-08-14 03:45:00,NSE:BEL,12.29238751,12.4242053,12.08531742,12.1716808,292347.87359387
2013-08-16 03:45:00,NSE:BEL,12.16107477,12.29289256,11.89895434,12.0201661,313137.93571873
2013-08-19 03:45:00,NSE:BEL,12.0201661,12.09895374,11.8706716,11.95804507,298683.89252716
2013-08-20 03:45:00,NSE:BEL,11.8686514,11.98582277,11.59087445,11.92925728,364123.08807255
2013-08-21 03:45:00,NSE:BEL,12.11107492,12.11107492,11.8181465,12.01006512,225126.67272349
2013-08-22 03:45:00,NSE:BEL,11.97117635,12.1211759,11.82824748,11.8686514,1607368.8031392
2013-08-23 03:45:00,NSE:BEL,11.99238841,12.05198419,11.7676416,12.01713581,6663808.91279273
2013-08-26 03:45:00,NSE:BEL,11.79794454,11.99945909,11.77925773,11.88733822,4038618.06819787
2013-08-27 03:45:00,NSE:BEL,11.78784356,11.98430762,11.46461221,11.46461221,874172.61220246
2013-08-28 03:45:00,NSE:BEL,11.52521809,11.74693459,11.33329947,11.34340045,3201570.56693266
2013-08-29 03:45:00,NSE:BEL,11.34340045,11.88885336,11.34340045,11.78784356,1078905.22398442
2013-08-30 03:45:00,NSE:BEL,11.74743964,11.9191563,11.68683376,11.8686514,220374.65852352
2013-09-02 03:45:00,NSE:BEL,11.6964297,12.01410551,11.6964297,11.98986316,2671918.98422788
2013-09-03 03:45:00,NSE:BEL,11.81764145,12.01966105,11.81764145,11.88784326,129888.38813246
2013-09-04 03:45:00,NSE:BEL,12.04541855,12.070671,11.79844959,12.070671,270666.80880651
2013-09-05 03:45:00,NSE:BEL,12.02420649,12.070671,11.83834846,11.83834846,100584.30056599
2013-09-06 03:45:00,NSE:BEL,11.79794454,12.00956007,11.7676416,11.9191563,391942.17120153
2013-09-10 03:45:00,NSE:BEL,11.8181465,12.2201655,11.8181465,12.1211759,345511.03245601
2013-09-11 03:45:00,NSE:BEL,11.89895434,12.21208472,11.89895434,12.13228698,2590936.74223676
2013-09-12 03:45:00,NSE:BEL,11.9696612,12.11612541,11.88885336,11.88885336,2565592.6665036
2013-09-13 03:45:00,NSE:BEL,12.00602473,12.070671,11.8191566,11.92168155,6399874.12410284
2013-09-16 03:45:00,NSE:BEL,11.9191563,12.11107492,11.67774288,11.82824748,7690243.97998584
2013-09-17 03:45:00,NSE:BEL,11.6459248,11.8221869,11.62723798,11.64642984,154836.46268229
2013-09-18 03:45:00,NSE:BEL,11.68683376,11.72673263,11.56562201,11.56562201,1310466.91593703
2013-09-19 03:45:00,NSE:BEL,11.62723798,11.80905562,11.61663195,11.63632886,847640.53291931
2013-09-20 03:45:00,NSE:BEL,11.63683391,11.63683391,10.54390789,11.26259261,18833816.2792068
2013-09-23 03:45:00,NSE:BEL,11.25198658,11.25198658,10.75754361,10.91915929,860609.57167338
2013-09-24 03:45:00,NSE:BEL,11.11057286,11.31107731,10.58885725,10.85956351,1453126.3422319
2013-09-25 03:45:00,NSE:BEL,10.90804821,11.19188575,10.82168483,11.05047203,1931198.77080786
2013-09-26 03:45:00,NSE:BEL,11.06057301,11.24895628,10.92067444,11.11107791,1951988.83293272
2013-09-27 03:45:00,NSE:BEL,11.14794649,11.14845153,10.91915929,10.93936125,2094450.25863593
2013-09-30 03:45:00,NSE:BEL,11.03027007,11.13127987,10.76764459,10.84946253,1163253.47603385
2013-10-01 03:45:00,NSE:BEL,10.86865439,11.18127972,10.82926057,10.94996728,6088617.19400493
2013-10-03 03:45:00,NSE:BEL,11.12117889,11.15097678,10.99996713,10.99996713,839225.50777353
2013-10-04 03:45:00,NSE:BEL,10.9151189,11.31309751,10.85855341,10.86208875,6540652.54477689
2013-10-07 03:45:00,NSE:BEL,10.98986615,11.07067399,10.85855341,10.8903715,5647966.87725372
2013-10-08 03:45:00,NSE:BEL,11.05905786,11.05905786,10.85855341,10.85855341,1707755.10311353
2013-10-09 03:45:00,NSE:BEL,10.95956321,10.98986615,10.85855341,10.90905831,3696770.04668766
2013-10-10 03:45:00,NSE:BEL,10.99946208,11.21259276,10.90956336,11.21208771,1168599.49200882
2013-10-11 03:45:00,NSE:BEL,11.19188575,11.19188575,10.9141088,10.94946223,1986836.93706582
2013-10-14 03:45:00,NSE:BEL,11.10097693,11.15148183,10.74744263,10.86865439,1964561.87050347
2013-10-15 03:45:00,NSE:BEL,11.06057301,11.06057301,10.83633126,10.83633126,3137517.37552892
2013-10-17 03:45:00,NSE:BEL,11.01006811,11.01006811,10.76764459,10.95905816,830315.48114859
2013-10-18 03:45:00,NSE:BEL,10.96966419,11.46461221,10.81814949,11.41410731,2185035.52932282
2013-10-21 03:45:00,NSE:BEL,11.21208771,11.3408752,10.97168439,11.31309751,1238592.70116251
2013-10-22 03:45:00,NSE:BEL,11.02016909,11.31309751,10.97976517,11.01107821,5888042.59464794
2013-10-23 03:45:00,NSE:BEL,11.21208771,11.21208771,10.91966434,10.91966434,2642119.89518225
2013-10-24 03:45:00,NSE:BEL,11.039866,11.09491634,10.79542229,10.85855341,2404816.18607134
2013-10-25 03:45:00,NSE:BEL,10.91915929,10.95501777,10.64542273,10.74744263,1524802.55641476
2013-10-28 03:45:00,NSE:BEL,10.75804866,10.92926027,10.73734165,10.75754361,932087.78526457
2013-10-29 03:45:00,NSE:BEL,10.88885635,10.90905831,10.75754361,10.80804851,985844.94590171
2013-10-30 03:45:00,NSE:BEL,11.01006811,11.01006811,10.75754361,10.77774557,653005.95131228
2013-10-31 03:45:00,NSE:BEL,10.92016939,10.92016939,10.61713999,10.65653381,2375710.09909654
2013-11-01 03:45:00,NSE:BEL,10.85804836,10.91713909,10.75754361,10.76814964,4802306.35025107
2013-11-05 03:45:00,NSE:BEL,10.78784655,10.9893611,10.71713969,10.84845243,968222.8932435
2013-11-06 03:45:00,NSE:BEL,10.85804836,10.85804836,10.72724067,10.72724067,1607368.8031392
2013-11-07 03:45:00,NSE:BEL,10.73330126,10.86865439,10.70703871,10.70703871,734186.19389507
2013-11-08 03:45:00,NSE:BEL,10.77219003,10.92926027,10.70703871,10.83835145,672410.00929548
2013-11-11 03:45:00,NSE:BEL,10.92926027,10.94946223,10.72926087,10.77269508,518068.54809235
2013-11-12 03:45:00,NSE:BEL,10.78330111,10.80754346,10.68683675,10.6873418,360658.07771841
2013-11-13 03:45:00,NSE:BEL,10.69693773,10.85855341,10.65653381,10.68683675,445105.33006368
2013-11-14 03:45:00,NSE:BEL,10.78481626,10.93734105,10.65653381,10.82825047,466291.39337187
2013-11-18 03:45:00,NSE:BEL,10.82825047,10.85855341,10.69693773,10.69693773,4938332.75672516
2013-11-19 03:45:00,NSE:BEL,10.8368363,10.84845243,10.75754361,10.75905876,3643309.88693802
2013-11-20 03:45:00,NSE:BEL,10.79087685,10.80804851,10.71966494,10.80804851,294327.87951052
2013-11-21 03:45:00,NSE:BEL,10.70703871,10.85855341,10.69693773,10.81814949,304722.91057295
2013-11-22 03:45:00,NSE:BEL,10.84845243,10.84845243,10.69693773,10.75754361,8023379.97546277
2013-11-25 03:45:00,NSE:BEL,10.72724067,10.80804851,10.72724067,10.7625941,441838.3203012
2013-11-26 03:45:00,NSE:BEL,10.73532146,10.79592734,10.65653381,10.65653381,457876.36822609
2013-11-27 03:45:00,NSE:BEL,10.66663479,10.75754361,10.66663479,10.68178626,293931.87832719
2013-11-28 03:45:00,NSE:BEL,10.69239229,10.78784655,10.62623087,10.62623087,599446.79126681
2013-11-29 03:45:00,NSE:BEL,10.75754361,10.76764459,10.58582695,10.58582695,375211.12120581
2013-12-02 03:45:00,NSE:BEL,10.66713984,10.75602846,10.55552401,10.60855416,438373.30994705
2013-12-03 03:45:00,NSE:BEL,10.55552401,10.74744263,10.55552401,10.63734195,264132.78928156
2013-12-04 03:45:00,NSE:BEL,10.67673577,10.74744263,10.5605745,10.58077646,435700.30195957
2013-12-05 03:45:00,NSE:BEL,10.70703871,10.70703871,10.55552401,10.55552401,511732.52915906
2013-12-06 03:45:00,NSE:BEL,10.52118068,10.66562469,10.52118068,10.58279666,585091.74837107
2013-12-09 03:45:00,NSE:BEL,10.66612974,10.70703871,10.58582695,10.59592793,515395.54010487
2013-12-10 03:45:00,NSE:BEL,10.55552401,10.61764504,10.55552401,10.59087744,2430259.26210034
2013-12-11 03:45:00,NSE:BEL,10.5636048,10.63633185,10.52522107,10.52522107,693497.07230784
2013-12-12 03:45:00,NSE:BEL,10.59441279,10.59441279,10.52522107,10.53532205,642412.91965818
2013-12-13 03:45:00,NSE:BEL,10.58582695,10.58582695,10.13633335,10.2120907,1244730.71950414
2013-12-16 03:45:00,NSE:BEL,10.55552401,10.70703871,10.13128286,10.1615858,15019631.8816616
2013-12-17 03:45:00,NSE:BEL,10.27774707,10.27774707,10.10097992,10.10097992,1593211.76083513
2013-12-18 03:45:00,NSE:BEL,10.3131005,10.3131005,10.060576,10.06108095,1136226.39527153
2013-12-19 03:45:00,NSE:BEL,10.17168678,10.30299952,10.05451561,10.24996937,656569.96196226
2013-12-20 03:45:00,NSE:BEL,10.35350442,10.35350442,9.99997012,10.04037404,2474611.39463337
2013-12-23 03:45:00,NSE:BEL,10.10097992,10.15148482,10.02017208,10.02017208,2461345.3549918
2013-12-24 03:45:00,NSE:BEL,10.1358283,10.25249462,10.05047502,10.08077796,1455403.34903606
2013-12-26 03:45:00,NSE:BEL,10.17168678,10.24239364,10.08077796,10.08077796,1624990.85579742
2013-12-27 03:45:00,NSE:BEL,10.18178776,10.22219168,10.07067698,10.08077796,1365808.08130749
2013-12-30 03:45:00,NSE:BEL,10.25097947,10.25097947,10.05047502,10.1110809,1214733.62986684
2013-12-31 03:45:00,NSE:BEL,10.05097997,10.69693773,10.05097997,10.46461519,1107615.30977589
2014-01-01 03:45:00,NSE:BEL,10.40451436,10.56613004,10.30299952,10.30400961,1242057.71151666
2014-01-02 03:45:00,NSE:BEL,10.33633275,10.55552401,10.25754511,10.2625956,1185825.5434837
2014-01-03 03:45:00,NSE:BEL,10.27825211,10.40400931,10.15148482,10.20198972,605683.80990426
2014-01-06 03:45:00,NSE:BEL,10.35350442,10.50501911,10.26764609,10.33330246,754184.25365327
2014-01-07 03:45:00,NSE:BEL,10.40400931,10.48481715,10.18178776,10.30249447,763490.28146154
2014-01-08 03:45:00,NSE:BEL,10.3131005,10.40400931,10.20097962,10.20097962,391447.16972237
2014-01-09 03:45:00,NSE:BEL,10.35350442,10.35350442,10.1615858,10.1615858,545293.62944634
2014-01-10 03:45:00,NSE:BEL,10.22269673,10.25249462,9.79795052,9.94946522,3008717.99065062
2014-01-13 03:45:00,NSE:BEL,9.99997012,10.25249462,9.99997012,10.17168678,500743.49632164
2014-01-14 03:45:00,NSE:BEL,10.12118188,10.30299952,10.02774781,10.15148482,380557.13718078
2014-01-15 03:45:00,NSE:BEL,10.06108095,10.19188874,10.04037404,10.06158589,598258.78771681
2014-01-16 03:45:00,NSE:BEL,10.05097997,10.15047472,10.05047502,10.05047502,3479959.39881412
2014-01-17 03:45:00,NSE:BEL,10.02067703,10.19188874,9.96057609,9.97976816,652015.94835395
2014-01-20 03:45:00,NSE:BEL,10.05047502,10.20198972,9.99997012,10.08077796,597070.78416682
2014-01-21 03:45:00,NSE:BEL,10.08279825,10.14895957,10.05097997,10.05097997,335116.00139358
2014-01-22 03:45:00,NSE:BEL,10.10097992,10.19138369,10.03027306,10.12118188,356203.06440594
2014-01-23 03:45:00,NSE:BEL,10.07219233,10.25249462,10.04390918,10.25249462,531532.5883256
2014-01-24 03:45:00,NSE:BEL,10.10097992,10.1615858,9.6575467,9.77067777,4754687.20795556
2014-01-27 03:45:00,NSE:BEL,9.81815248,9.81865743,9.42421426,9.56562798,7581442.65486573
2014-01-28 03:45:00,NSE:BEL,9.47623451,9.69694072,9.47623451,9.64643582,23056772.89824509
2014-01-29 03:45:00,NSE:BEL,9.64643582,9.66663778,9.47017362,9.49492112,8881415.5394445
2014-01-30 03:45:00,NSE:BEL,9.51562803,9.58380964,9.34391137,9.37370936,1418377.23839464
2014-01-31 03:45:00,NSE:BEL,9.43785038,9.43785038,9.37370936,9.37370936,378676.13155996
2014-02-03 03:45:00,NSE:BEL,9.38381034,9.43987068,9.17674025,9.23229564,1888628.64359981
2014-02-04 03:45:00,NSE:BEL,9.2307803,9.43835584,9.02017507,9.29290152,1397686.17656561
2014-02-05 03:45:00,NSE:BEL,9.31310348,9.31310348,9.20249765,9.20249765,775865.31844062
2014-02-06 03:45:00,NSE:BEL,9.31158813,9.31209359,9.11108389,9.11108389,13178424.37976563
2014-02-07 03:45:00,NSE:BEL,9.26259858,9.44946671,9.14138683,9.24239662,8048328.0500126
2014-02-10 03:45:00,NSE:BEL,9.18381104,9.49492112,9.18381104,9.31310348,3056436.13324197
2014-02-11 03:45:00,NSE:BEL,9.37370936,9.44441622,9.29290152,9.39391132,487774.45756756
2014-02-12 03:45:00,NSE:BEL,9.38381034,9.69694072,9.31815397,9.61562793,716960.14242018
2014-02-13 03:45:00,NSE:BEL,9.64643582,10.04037404,9.47067857,9.66663778,1029108.07518059
2014-02-14 03:45:00,NSE:BEL,9.56966858,9.82421287,9.46461818,9.78582924,554698.65755044
2014-02-17 03:45:00,NSE:BEL,9.7575466,9.81815248,9.49492112,9.59239578,1166916.48697966
2014-02-18 03:45:00,NSE:BEL,9.5050221,9.57572896,9.41411328,9.48381025,269874.80643985
2014-02-19 03:45:00,NSE:BEL,9.49542607,9.59593092,9.34593167,9.47471916,272250.81353984
2014-02-20 03:45:00,NSE:BEL,9.68683974,9.68683974,9.39391132,9.42320437,239085.71443589
2014-02-21 03:45:00,NSE:BEL,9.55047651,9.55047651,9.30906289,9.38078015,1192854.56448782
2014-02-24 03:45:00,NSE:BEL,9.4545172,9.49492112,9.31310348,9.36815393,239382.71532339
2014-02-25 03:45:00,NSE:BEL,9.36512373,9.58987054,9.36310344,9.53684039,260271.77774408
2014-02-26 03:45:00,NSE:BEL,9.44441622,9.51512308,9.33987128,9.4297697,9164457.3852301
2014-02-28 03:45:00,NSE:BEL,9.49492112,9.56714333,9.34845691,9.39593162,14835986.33289199
2014-03-03 03:45:00,NSE:BEL,9.39441627,9.555527,9.29290152,9.3555277,10445026.21182566
2014-03-04 03:45:00,NSE:BEL,9.30350745,9.49492112,9.27269956,9.3267396,3772109.27181632
2014-03-05 03:45:00,NSE:BEL,9.34441632,9.79795052,9.34441632,9.7802738,3780128.29577877
2014-03-06 03:45:00,NSE:BEL,9.69694072,9.96108155,9.69643577,9.91714198,7806272.32670172
2014-03-07 03:45:00,NSE:BEL,10.20198972,10.20249477,9.71714268,9.87168757,8801225.29982003
2014-03-10 03:45:00,NSE:BEL,9.86865738,10.08077796,9.74744562,9.96310134,5418385.19121777
2014-03-11 03:45:00,NSE:BEL,9.96259639,10.08077796,9.79795052,10.01259634,1009803.01749322
2014-03-12 03:45:00,NSE:BEL,9.85906135,9.94441473,9.79845547,9.86663708,3593017.73665503
2014-03-13 03:45:00,NSE:BEL,9.89896032,10.42320118,9.79795052,10.07623242,11308506.79207819
2014-03-14 03:45:00,NSE:BEL,10.07067698,10.2080503,9.9595662,10.16663629,1165035.48135884
2014-03-18 03:45:00,NSE:BEL,10.16663629,10.50299892,10.06714184,10.33633275,10673617.89490329
2014-03-19 03:45:00,NSE:BEL,10.28279756,10.44845363,10.20198972,10.37825182,1584004.73332269
2014-03-20 03:45:00,NSE:BEL,10.27471677,10.49996862,10.24239364,10.28178746,419662.25403468
2014-03-21 03:45:00,NSE:BEL,10.35350442,10.42320118,9.79795052,10.00300031,3121578.32789986
2014-03-24 03:45:00,NSE:BEL,10.10704051,10.84693728,10.10704051,10.68532161,9114660.23642626
2014-03-25 03:45:00,NSE:BEL,10.62875612,10.90400782,10.62623087,10.70552357,4521541.51126962
2014-03-26 03:45:00,NSE:BEL,10.75754361,10.97976517,10.50602921,10.91259365,6591538.69683488
2014-03-27 03:45:00,NSE:BEL,10.89895733,11.56562201,10.76764459,11.24491589,4353538.00924158
2014-03-28 03:45:00,NSE:BEL,11.51461206,11.73228817,11.12117889,11.58834921,5565796.63171261
2014-03-31 03:45:00,NSE:BEL,11.47471319,12.05147914,11.38380437,11.5954199,3295620.84797369
2014-04-01 03:45:00,NSE:BEL,11.56562201,11.73430837,11.31309751,11.40047098,1723991.15163008
2014-04-02 03:45:00,NSE:BEL,11.51562215,11.7676416,11.12622938,11.21259276,3538864.57483456
2014-04-03 03:45:00,NSE:BEL,11.17370398,11.40703662,10.79794753,11.00350247,2290668.84497628
2014-04-04 03:45:00,NSE:BEL,10.91006841,11.73733866,10.45501926,11.47925863,40951967.37266238
2014-04-07 03:45:00,NSE:BEL,11.58632901,11.65602578,11.01006811,11.25501687,5336709.94715581
2014-04-09 03:45:00,NSE:BEL,11.14138085,11.56562201,11.04340134,11.47370309,6257313.69810379
2014-04-10 03:45:00,NSE:BEL,11.53531907,12.69541661,11.32319849,12.29491276,17269710.60534648
2014-04-11 03:45:00,NSE:BEL,12.524205,12.524205,11.97976218,12.15905458,14943896.6553496
2014-04-15 03:45:00,NSE:BEL,12.2221857,12.83733538,12.18178178,12.38632662,15661945.80102394
2014-04-16 03:45:00,NSE:BEL,12.42471035,12.69036612,12.122186,12.17016565,7472443.32915396
2014-04-17 03:45:00,NSE:BEL,12.1716808,12.43430628,11.99996414,12.24945835,5620642.79560391
2014-04-21 03:45:00,NSE:BEL,12.26309467,12.4747102,12.13279203,12.37319535,4842500.47035913
2014-04-22 03:45:00,NSE:BEL,12.38380138,12.65652784,12.28329663,12.38026604,4471447.36157829
2014-04-23 03:45:00,NSE:BEL,12.39390236,12.57622505,12.19188276,12.47875059,8229993.59286554
2014-04-25 03:45:00,NSE:BEL,12.37774079,12.6262249,12.2221857,12.55299279,3806165.37358276
2014-04-28 03:45:00,NSE:BEL,12.56662911,12.57572,12.2726906,12.53885142,3372049.07635651
2014-04-29 03:45:00,NSE:BEL,12.4242053,12.82824449,12.27875119,12.62672995,6217317.5785874
2014-04-30 03:45:00,NSE:BEL,12.53531608,12.74743666,11.92925728,12.22824629,11550760.51598073
2014-05-02 03:45:00,NSE:BEL,12.22824629,12.45198299,12.17218585,12.2449129,5228502.62381071
2014-05-05 03:45:00,NSE:BEL,12.12370115,12.51511412,12.04087311,12.42824569,3672316.973617
2014-05-06 03:45:00,NSE:BEL,12.30400364,12.50501314,12.28279158,12.44642745,2044158.10835293
2014-05-07 03:45:00,NSE:BEL,12.3221854,12.49491216,12.30299354,12.39238721,2963276.85486342
2014-05-08 03:45:00,NSE:BEL,12.28430673,12.4747102,12.1716808,12.22471094,6098121.22240487
2014-05-09 03:45:00,NSE:BEL,12.13127688,12.46157892,12.13127688,12.32824599,8359386.97951884
2014-05-12 03:45:00,NSE:BEL,12.38380138,12.85854743,12.37622564,12.58986137,9321075.85323738
2014-05-13 03:45:00,NSE:BEL,12.63127539,14.88278381,12.48531623,13.53632319,37588828.32293082
2014-05-14 03:45:00,NSE:BEL,13.55096961,13.96965523,13.25248565,13.39339432,13671742.85389981
2014-05-15 03:45:00,NSE:BEL,13.39339432,13.58581799,13.19895046,13.44692951,6781817.26542527
2014-05-16 03:45:00,NSE:BEL,13.58581799,16.13631542,13.48581829,14.30197746,22700371.83324749
2014-05-19 03:45:00,NSE:BEL,14.36864393,15.1918738,14.36359344,14.74288524,34206879.21699102
2014-05-20 03:45:00,NSE:BEL,14.84844048,15.70752882,14.84844048,15.18480311,14847371.36691275
2014-05-21 03:45:00,NSE:BEL,15.1918738,15.48833756,14.88025856,15.2393484,11505220.3798977
2014-05-22 03:45:00,NSE:BEL,15.2878331,16.31308257,15.2878331,15.94288165,23555140.38746675
2014-05-23 03:45:00,NSE:BEL,16.86863646,17.37368546,16.37368845,16.46712251,22072511.9570767
2014-05-26 03:45:00,NSE:BEL,16.70702078,17.57570506,15.4146004,16.46106192,46164431.94854818
2014-05-27 03:45:00,NSE:BEL,16.41409237,16.50500118,15.78025588,15.96257856,10926662.65105159
2014-05-28 03:45:00,NSE:BEL,16.25247669,16.5246981,15.96106342,16.04742679,10289100.74588921
2014-05-29 03:45:00,NSE:BEL,16.20197179,16.22924443,15.85954857,15.93934631,15533146.41614564
2014-05-30 03:45:00,NSE:BEL,16.86863646,16.86863646,16.05904292,16.23833531,38155704.01686865
2014-06-02 03:45:00,NSE:BEL,16.36358747,16.96762606,16.36358747,16.89388891,29024807.73192583
2014-06-03 03:45:00,NSE:BEL,16.91914136,17.52520016,16.61661701,17.29691801,17544040.4250988
2014-06-04 03:45:00,NSE:BEL,17.41863482,17.66661388,17.17166586,17.51610927,20015087.8090822
2014-06-05 03:45:00,NSE:BEL,17.37368546,18.1812588,17.37368546,18.02772391,12223665.52675538
2014-06-06 03:45:00,NSE:BEL,18.20095571,18.83832755,18.20095571,18.55651021,18763922.07034894
2014-06-09 03:45:00,NSE:BEL,18.68681285,19.34337654,18.68681285,19.04337744,10082586.12878226
2014-06-10 03:45:00,NSE:BEL,19.14135694,19.23075062,18.44438933,18.64741903,6980708.8597531
2014-06-11 03:45:00,NSE:BEL,18.94943832,18.94943832,18.20095571,18.32671291,6457690.29686912
2014-06-12 03:45:00,NSE:BEL,18.44135903,18.44135903,17.84843151,18.26560198,9332658.8878498
2014-06-13 03:45:00,NSE:BEL,18.28277365,18.68681285,17.62722005,18.39590463,10167231.38171919
2014-06-16 03:45:00,NSE:BEL,18.66661089,18.82721647,17.94944131,18.44034894,6068619.13424673
2014-06-17 03:45:00,NSE:BEL,18.30297561,18.5090356,17.69691681,18.37519762,11520763.42634343
2014-06-18 03:45:00,NSE:BEL,18.43428835,18.74287329,18.2852989,18.39842987,8879435.53352785
2014-06-19 03:45:00,NSE:BEL,18.49489423,20.07014205,18.49489423,19.7676177,31455561.99550534
2014-06-20 03:45:00,NSE:BEL,19.83529426,20.15145493,19.53580021,19.6893351,11060511.05101736
2014-06-23 03:45:00,NSE:BEL,19.87519313,20.00044528,19.44438634,19.68074927,6464719.31787323
2014-06-24 03:45:00,NSE:BEL,19.70701182,20.45347423,19.60701212,20.28630302,12502351.35952434
2014-06-25 03:45:00,NSE:BEL,20.35347453,21.51508722,20.11105102,21.31811812,16563046.49369289
2014-06-26 03:45:00,NSE:BEL,21.50498624,22.07064112,21.13124999,21.35246044,20747491.99765228
2014-06-27 03:45:00,NSE:BEL,21.49488526,21.86862152,20.45448433,20.646908,12951614.70201299
2014-06-30 03:45:00,NSE:BEL,20.79791765,21.8282176,19.94034445,21.729228,16894598.48443649
2014-07-01 03:45:00,NSE:BEL,21.70700584,22.50498326,21.66508779,22.1570045,15306534.73898466
2014-07-02 03:45:00,NSE:BEL,22.39387248,22.62468088,21.91912642,22.05145027,9436213.19729077
2014-07-03 03:45:00,NSE:BEL,22.21609422,22.42417542,21.66660192,21.93427789,7847555.45006394
2014-07-04 03:45:00,NSE:BEL,22.09488246,22.32316562,21.95953034,22.08326734,7678561.94507758
2014-07-07 03:45:00,NSE:BEL,22.22215582,23.41407145,21.60296575,22.95043748,23519104.27978366
2014-07-08 03:45:00,NSE:BEL,23.08073911,23.17972871,21.51508722,21.65043934,19511572.30447724
2014-07-09 03:45:00,NSE:BEL,21.71155128,21.71155128,19.54337594,19.80398123,30887993.29949666
2014-07-10 03:45:00,NSE:BEL,19.8181226,19.98731401,17.83277499,18.52620727,70510980.70090128
2014-07-11 03:45:00,NSE:BEL,18.69691383,19.48883065,17.77873475,17.91964342,16231197.50206178
2014-07-14 03:45:00,NSE:BEL,17.94944131,18.37368247,17.19792841,18.17216792,9536995.49844843
2014-07-15 03:45:00,NSE:BEL,18.43428835,18.93933734,18.24236973,18.7625702,9713612.02621391
2014-07-16 03:45:00,NSE:BEL,18.75751971,19.18024572,18.41408639,18.76004495,8163564.39436182
2014-07-17 03:45:00,NSE:BEL,18.91812529,18.96964028,18.53630825,18.57519702,4138113.3655097
2014-07-18 03:45:00,NSE:BEL,18.48479325,18.92166063,18.21206679,18.6873179,7872998.52609294
2014-07-21 03:45:00,NSE:BEL,18.68681285,19.03024616,18.33428865,18.42822776,4732907.14287237
2014-07-22 03:45:00,NSE:BEL,18.40398541,19.0605491,18.33327855,18.62014638,7659454.88798187
2014-07-23 03:45:00,NSE:BEL,18.53529815,19.0605491,18.53529815,18.65196447,5285031.79273116
2014-07-24 03:45:00,NSE:BEL,18.78782265,18.78782265,18.34388458,18.45550041,2663998.96056127
2014-07-25 03:45:00,NSE:BEL,18.45449031,18.62014638,17.98176445,18.16459219,3996443.94217315
2014-07-28 03:45:00,NSE:BEL,18.18176385,18.31307659,17.49742246,17.59843226,7417399.164671
2014-07-30 03:45:00,NSE:BEL,17.43681658,17.78732059,17.42419036,17.64540182,6019217.98662623
2014-07-31 03:45:00,NSE:BEL,17.53025065,18.32822806,17.53025065,17.80045186,27799085.06922157
2014-08-01 03:45:00,NSE:BEL,17.67671486,18.0575218,17.18328199,17.71156324,6694598.00479669
2014-08-04 03:45:00,NSE:BEL,17.5514627,17.97974425,17.5514627,17.83631034,2518072.52450392
2014-08-05 03:45:00,NSE:BEL,17.67671486,18.03024915,17.57570506,17.88833038,3346209.99914419
2014-08-06 03:45:00,NSE:BEL,17.81055284,18.53782339,17.81055284,18.07267327,6360373.0060656
2014-08-07 03:45:00,NSE:BEL,18.25499596,18.93933734,17.74388637,17.91105759,11110209.19952535
2014-08-08 03:45:00,NSE:BEL,17.74742171,18.38378345,17.54035163,18.07772376,9095553.17933056
2014-08-11 03:45:00,NSE:BEL,17.83833053,18.43428835,17.83833053,18.23428895,4212759.58856753
2014-08-12 03:45:00,NSE:BEL,18.09691562,18.42418737,18.00045126,18.07620861,3686672.01651273
2014-08-13 03:45:00,NSE:BEL,18.07115812,18.18176385,17.43429134,17.57267476,2829725.45578516
2014-08-14 03:45:00,NSE:BEL,17.5762101,17.8782294,17.57570506,17.78782563,2830715.45874348
2014-08-18 03:45:00,NSE:BEL,17.67671486,18.67671187,17.67671486,18.40095512,4020798.01494799
2014-08-19 03:45:00,NSE:BEL,18.34388458,18.57267177,18.28378375,18.39438948,2030496.06752802
2014-08-20 03:45:00,NSE:BEL,18.31307659,18.52822746,18.04035013,18.10196611,3377395.09233148
2014-08-21 03:45:00,NSE:BEL,18.00196641,18.32317757,17.83328004,17.96156249,1944761.81133693
2014-08-22 03:45:00,NSE:BEL,18.14135993,18.37873296,18.14135993,18.25701615,5631730.82873717
2014-08-25 03:45:00,NSE:BEL,18.26560198,18.37923801,17.87873445,18.24135963,4926155.72033774
2014-08-26 03:45:00,NSE:BEL,18.10095601,18.26206664,17.68580574,17.84338102,2053761.1370487
2014-08-27 03:45:00,NSE:BEL,18.4852983,21.41205723,18.4852983,21.03327048,106898341.43360682
2014-08-28 03:45:00,NSE:BEL,21.59589506,22.32316562,20.6706453,20.77569549,92926429.68274236
2014-09-01 03:45:00,NSE:BEL,20.94943235,21.48478428,20.75751373,21.31912922,24930056.49599084
2014-09-02 03:45:00,NSE:BEL,21.44438036,21.47165301,20.81609941,20.95549395,9251379.64497118
2014-09-03 03:45:00,NSE:BEL,21.01003823,21.21104672,20.3448887,20.46206007,8049615.05385842
2014-09-04 03:45:00,NSE:BEL,20.63630197,20.63630197,19.92216269,20.04236435,8240685.62481547
2014-09-05 03:45:00,NSE:BEL,20.15145493,21.91912642,20.15145493,21.00751298,46720615.61053611
2014-09-08 03:45:00,NSE:BEL,21.11104803,21.46458232,20.75902787,21.11407832,11611051.69614283
2014-09-09 03:45:00,NSE:BEL,21.20801844,21.30498684,20.76761471,20.83225997,6017534.98159707
2014-09-10 03:45:00,NSE:BEL,20.85852353,21.20195685,20.57620114,20.65953422,6064560.12211759
2014-09-11 03:45:00,NSE:BEL,21.02922908,21.76761172,21.02922908,21.39236133,26918279.43719832
2014-09-12 03:45:00,NSE:BEL,21.36357252,21.63326869,20.92620009,21.18781648,12434833.15776646
2014-09-15 03:45:00,NSE:BEL,21.13226109,21.90902544,20.98377467,21.65650094,14625709.7045434
2014-09-16 03:45:00,NSE:BEL,21.90902544,22.61609403,20.72721079,21.06660473,26234682.39447375
2014-09-17 03:45:00,NSE:BEL,21.38377448,21.71609571,20.9726646,21.38629973,11977847.79220286
2014-09-18 03:45:00,NSE:BEL,21.31306763,21.85549025,21.18377508,21.36104728,9094365.17578057
2014-09-19 03:45:00,NSE:BEL,21.4746833,21.59943142,21.22266385,21.35801699,4871111.55585477
2014-09-22 03:45:00,NSE:BEL,21.31306763,21.80801564,21.01104934,21.23427998,9048825.03969754
2014-09-23 03:45:00,NSE:BEL,21.26862432,21.61609702,20.88023963,21.05296739,11394736.04974844
2014-09-24 03:45:00,NSE:BEL,21.04034117,21.40397644,21.04034117,21.21660327,5888636.59642294
2014-09-25 03:45:00,NSE:BEL,21.23225979,21.45044196,20.31307061,20.71155427,4983278.89103319
2014-09-26 03:45:00,NSE:BEL,20.20195983,20.58276678,19.83832456,20.3201413,12882314.49493011
2014-09-29 03:45:00,NSE:BEL,20.43428237,20.71458457,20.27266669,20.40044409,9137925.30594694
2014-09-30 03:45:00,NSE:BEL,20.46458531,20.60599903,19.95499088,20.10196013,5137125.35075715
2014-10-01 03:45:00,NSE:BEL,20.2211517,21.21104672,20.2211517,20.75246324,18088146.05099514
2014-10-07 03:45:00,NSE:BEL,20.71710981,21.01104934,20.10145508,20.2201416,16197339.40088701
2014-10-08 03:45:00,NSE:BEL,20.30397973,20.45448433,19.95953632,20.00701092,5780924.27455699
2014-10-09 03:45:00,NSE:BEL,20.40347438,20.92923039,20.15145493,20.65902918,10495120.36151699
2014-10-10 03:45:00,NSE:BEL,20.61054447,20.65599888,20.15297008,20.26913135,4961894.82713333
2014-10-13 03:45:00,NSE:BEL,20.16155591,20.30296963,20.0201422,20.22216179,2757950.24130647
2014-10-14 03:45:00,NSE:BEL,20.24236375,20.45448433,20.10095004,20.28832321,4627669.82840224
2014-10-16 03:45:00,NSE:BEL,20.12721258,20.50448418,19.99640489,20.04034416,6340077.94541991
2014-10-17 03:45:00,NSE:BEL,20.03680881,20.49488825,20.01004122,20.20195983,4066536.15162268
2014-10-20 03:45:00,NSE:BEL,20.40397943,20.49084786,20.20701032,20.40498953,5334333.94005583
2014-10-21 03:45:00,NSE:BEL,20.45953482,21.46357122,20.12418229,20.27721213,21855107.30742817
2014-10-22 03:45:00,NSE:BEL,20.42418139,20.98983627,20.42418139,20.89387696,6008228.9537888
2014-10-23 03:45:00,NSE:BEL,21.05448153,21.05448153,20.4706459,20.77822074,799229.38825713
2014-10-27 03:45:00,NSE:BEL,21.5251882,22.65649795,20.61711011,20.76357533,26462779.07607222
2014-10-28 03:45:00,NSE:BEL,20.92923039,21.3736735,20.59084756,20.66710996,8396809.09134359
2014-10-29 03:45:00,NSE:BEL,20.82822059,20.90902843,20.35448463,20.60650408,4372546.06604146
2014-10-30 03:45:00,NSE:BEL,20.67620084,20.84842255,20.41408041,20.62468584,3010697.99656727
2014-10-31 03:45:00,NSE:BEL,20.68680687,21.18175489,20.64539285,21.04690579,7010903.94998206
2014-11-03 03:45:00,NSE:BEL,21.11104803,21.31306763,20.95953333,21.08579558,4101087.25486828
2014-11-05 03:45:00,NSE:BEL,21.1261995,21.47417825,20.72771584,20.85498718,6987935.88134889
2014-11-07 03:45:00,NSE:BEL,20.95953333,22.97972931,20.95953333,22.54185082,52978226.30952742
2014-11-10 03:45:00,NSE:BEL,22.98376869,23.87871652,22.81811363,23.03023421,37516855.10786046
2014-11-11 03:45:00,NSE:BEL,23.15144597,23.48477831,23.03275946,23.20093976,9700741.98775566
2014-11-12 03:45:00,NSE:BEL,23.01003225,23.9898273,23.01003225,23.3135667,14722234.99298025
2014-11-13 03:45:00,NSE:BEL,23.43427341,23.57568713,22.66761004,22.90498307,6043077.0579219
2014-11-14 03:45:00,NSE:BEL,23.02013323,23.33326361,22.4352875,22.6807393,4894277.62507962
2014-11-17 03:45:00,NSE:BEL,22.8272035,23.22922352,22.68124536,23.03477965,12171195.36996407
2014-11-18 03:45:00,NSE:BEL,23.17164793,23.56558615,22.67619487,22.87013267,7040307.03784437
2014-11-19 03:45:00,NSE:BEL,22.78781069,23.18174891,22.47468032,22.62013342,5518672.49089626
2014-11-20 03:45:00,NSE:BEL,22.58579109,22.87164883,22.12165107,22.19942861,5297703.83059774
2014-11-21 03:45:00,NSE:BEL,22.0302372,22.52316502,22.0302372,22.13680254,9924086.65515416
2014-11-24 03:45:00,NSE:BEL,22.32367067,23.58225175,22.27922534,23.26962744,22573849.45517334
2014-11-25 03:45:00,NSE:BEL,23.47164703,23.52518223,22.7312442,23.03073926,10817465.32474816
2014-11-26 03:45:00,NSE:BEL,23.01205245,23.36053625,22.85599231,23.25447597,14719363.98440111
2014-11-27 03:45:00,NSE:BEL,23.25447597,23.60599007,23.15548535,23.27821327,11748464.10675857
2014-11-28 03:45:00,NSE:BEL,23.40397047,23.57568713,23.29285969,23.45093901,11135256.27437102
2014-12-01 03:45:00,NSE:BEL,23.38427356,23.51508125,23.08073911,23.29184858,8713412.03741646
2014-12-02 03:45:00,NSE:BEL,23.45447537,25.74739781,23.27063753,25.40345944,70537611.78048028
2014-12-03 03:45:00,NSE:BEL,25.83830663,27.15143402,25.76810482,26.59840537,38939786.35986339
2014-12-04 03:45:00,NSE:BEL,26.74739482,30.15142505,26.53931362,29.59486005,94107701.21261773
2014-12-05 03:45:00,NSE:BEL,29.49486136,31.72465267,28.78779276,29.23577223,65483151.67674338
2014-12-08 03:45:00,NSE:BEL,28.98981236,29.87869859,28.20193593,28.42466254,30783547.98739319
2014-12-09 03:45:00,NSE:BEL,28.58577317,30.05041525,28.36405666,28.73526767,30555352.30549889
2014-12-10 03:45:00,NSE:BEL,28.97920633,29.63627508,28.11203822,28.40546966,19423660.04177783
2014-12-11 03:45:00,NSE:BEL,28.63627807,29.49486136,27.87870457,29.21102281,25527325.28074933
2014-12-12 03:45:00,NSE:BEL,29.69385066,30.16152603,27.87920962,28.26708725,24526234.28928939
2014-12-15 03:45:00,NSE:BEL,28.12112809,28.57365199,27.29335279,27.43830084,14519581.38741079
2014-12-16 03:45:00,NSE:BEL,27.17163598,27.39789692,26.17466926,26.79284923,19666309.76686371
2014-12-17 03:45:00,NSE:BEL,26.60093061,27.42416048,26.38628479,26.78426239,14211096.4655962
2014-12-18 03:45:00,NSE:BEL,27.29284774,28.30799622,27.25143271,28.13224018,21166659.25020779
2014-12-19 03:45:00,NSE:BEL,28.65041843,28.98678207,28.06052221,28.26355292,10738067.08749035
2014-12-22 03:45:00,NSE:BEL,28.52516729,28.57668329,27.64638203,27.9645629,7773107.22759778
2014-12-23 03:45:00,NSE:BEL,27.79789673,28.02011829,27.37719193,27.64133154,5598961.73081655
2014-12-24 03:45:00,NSE:BEL,27.46456439,27.87870457,27.17163598,27.54436113,6491350.39745222
2014-12-26 03:45:00,NSE:BEL,27.54789748,27.84840163,27.47466537,27.54284699,5058816.11675351
2014-12-29 03:45:00,NSE:BEL,27.77769477,28.16153201,27.52517027,27.58274586,8350872.95407723
2014-12-30 03:45:00,NSE:BEL,27.67668497,28.95950942,27.64688708,28.37112734,21703735.85510002
2014-12-31 03:45:00,NSE:BEL,28.36355161,30.29283877,28.36355161,29.77314335,39987902.49184384
2015-01-01 03:45:00,NSE:BEL,29.79789076,30.63627209,26.39386052,29.69031633,16552255.46144713
2015-01-02 03:45:00,NSE:BEL,29.55597229,29.97970839,29.14132706,29.5418299,10896566.56111846
2015-01-05 03:45:00,NSE:BEL,29.41657876,29.5756692,28.89890354,28.98375076,7117230.26770635
2015-01-06 03:45:00,NSE:BEL,28.97971138,29.43425548,28.20850056,28.60041959,14174169.35525061
2015-01-07 03:45:00,NSE:BEL,28.69688394,33.13020302,28.69688394,32.45444847,106931506.53271076
2015-01-08 03:45:00,NSE:BEL,32.40394357,32.97969943,31.52616943,31.76253135,53019608.43318546
2015-01-09 03:45:00,NSE:BEL,31.96960144,33.52515235,31.82818772,32.34535789,41711992.64376976
2015-01-12 03:45:00,NSE:BEL,32.51404325,33.02010335,32.00495487,32.47515548,30037976.75947736
2015-01-13 03:45:00,NSE:BEL,32.64636709,34.62565411,32.58576121,33.66606101,67516419.75255471
2015-01-14 03:45:00,NSE:BEL,33.58575822,33.88878762,32.98980041,33.222628,20496922.24889979
2015-01-15 03:45:00,NSE:BEL,33.45444549,33.71707096,32.88879061,33.03575987,11048433.01492577
2015-01-16 03:45:00,NSE:BEL,33.30293079,34.03020134,33.07565874,33.2721228,21368718.85400227
2015-01-19 03:45:00,NSE:BEL,33.39838505,33.66656606,32.72717493,32.83828571,11937059.6703198
2015-01-20 03:45:00,NSE:BEL,33.07060825,33.14838579,31.72717792,31.95293583,17754020.05255989
2015-01-21 03:45:00,NSE:BEL,32.08222635,32.76505361,31.64637008,31.83273316,18738478.99431994
2015-01-22 03:45:00,NSE:BEL,31.99990438,32.82818473,31.81707563,32.40848902,38991365.51399222
2015-01-23 03:45:00,NSE:BEL,32.71707395,33.13121413,32.13071207,32.4918221,28132518.065586
2015-01-27 03:45:00,NSE:BEL,34.56555328,36.10090222,33.9493935,34.38878613,58023380.38545599
2015-01-28 03:45:00,NSE:BEL,34.48625957,34.79787581,34.12212127,34.4266648,19361586.85629075
2015-01-29 03:45:00,NSE:BEL,34.34333172,34.34333172,33.47464745,33.80444343,11334543.86988219
2015-01-30 03:45:00,NSE:BEL,33.89232398,34.11504856,33.37363765,33.71656591,8475019.3250514
2015-02-02 03:45:00,NSE:BEL,33.83828272,35.33322775,33.43424353,34.57615931,20583547.50775338
2015-02-03 03:45:00,NSE:BEL,34.81504748,36.64332485,33.7978788,36.37059839,44045231.6159541
2015-02-04 03:45:00,NSE:BEL,36.7675669,37.09786894,35.70797512,35.89282103,22104885.05381399
2015-02-05 03:45:00,NSE:BEL,35.86857969,35.88878165,35.15141011,35.27161076,7194351.49816
2015-02-06 03:45:00,NSE:BEL,35.35342971,35.892318,34.28272584,34.43373549,8053278.06480423
2015-02-09 03:45:00,NSE:BEL,34.43373549,34.46959397,33.28272883,33.38373863,8275830.72983607
2015-02-10 03:45:00,NSE:BEL,33.23222393,34.42413956,32.9731348,33.72666689,10634512.77804938
2015-02-11 03:45:00,NSE:BEL,34.39383662,35.5544382,34.39383662,35.33625804,31994222.60513088
2015-02-12 03:45:00,NSE:BEL,35.53524735,37.46453451,34.97009752,37.24584931,44479149.91258868
2015-02-13 03:45:00,NSE:BEL,37.52564544,37.67665509,36.38776904,36.57110284,20106663.08272741
2015-02-16 03:45:00,NSE:BEL,36.8180718,37.82261425,36.4140326,36.97413194,16078836.04677531
2015-02-18 03:45:00,NSE:BEL,37.27160479,41.86755065,37.18170708,40.33775825,109588476.4722679
2015-02-19 03:45:00,NSE:BEL,40.19179909,40.65644417,38.44432956,38.75847105,37016210.61183466
2015-02-20 03:45:00,NSE:BEL,38.88877268,39.78775989,38.51705662,38.64988552,24559894.3898725
2015-02-23 03:45:00,NSE:BEL,38.92614631,39.37361972,37.42564473,37.6231199,20875895.38134725
2015-02-24 03:45:00,NSE:BEL,38.06049233,38.54028887,37.03423176,37.36655501,31191132.20533629
2015-02-25 03:45:00,NSE:BEL,37.75695788,38.23220899,37.27261589,37.43827095,21727891.92728319
2015-02-26 03:45:00,NSE:BEL,37.60594823,38.17160311,36.5655473,36.83625356,34231233.28976586
2015-02-27 03:45:00,NSE:BEL,37.77766489,41.26250296,37.74736195,38.06200646,161825190.56600863
2015-02-28 03:45:00,NSE:BEL,38.75745994,39.29887348,36.58574926,37.6933207,52635784.2862422
2015-03-02 03:45:00,NSE:BEL,37.96958351,37.97968449,36.62110269,36.78776886,24964706.59953228
2015-03-03 03:45:00,NSE:BEL,36.98978846,37.23423217,36.4140326,36.76908104,19086267.0335801
2015-03-04 03:45:00,NSE:BEL,36.99988944,37.84837175,36.72817409,36.98877735,26097962.98592883
2015-03-05 03:45:00,NSE:BEL,37.16100007,37.32312079,35.87868067,36.18524642,24376743.84258206
2015-03-09 03:45:00,NSE:BEL,36.15140712,36.15948791,34.63626014,34.79282532,17811143.22325534
2015-03-10 03:45:00,NSE:BEL,34.94939051,35.16151109,33.13121413,33.49434436,32164899.1151464
2015-03-11 03:45:00,NSE:BEL,33.63626312,34.89888561,33.28272883,33.88676743,38426667.82656267
2015-03-12 03:45:00,NSE:BEL,34.201918,34.72716896,34.04131343,34.19282813,20495140.2435748
2015-03-13 03:45:00,NSE:BEL,34.48474544,34.69686602,33.4504061,33.62868739,22500589.23625716
2015-03-16 03:45:00,NSE:BEL,33.73727292,33.81606057,32.78020508,32.96858734,11763908.15290846
2015-03-17 03:45:00,NSE:BEL,33.21202197,34.11100918,33.08070923,34.00141254,27175383.20547576
2015-03-18 03:45:00,NSE:BEL,34.03474678,34.2524229,33.12111315,33.27717329,12434239.15599146
2015-03-19 03:45:00,NSE:BEL,33.53171697,33.75747488,32.69283261,32.77313439,16199913.40857866
2015-03-20 03:45:00,NSE:BEL,32.92919453,32.94333489,31.81909785,32.23475216,15232680.51829349
2015-03-23 03:45:00,NSE:BEL,32.46454945,32.83070998,31.97010649,32.19838762,20835503.26064752
2015-03-24 03:45:00,NSE:BEL,32.42414553,32.98980041,32.20596336,32.83576047,23075087.95297414
2015-03-25 03:45:00,NSE:BEL,32.92919453,32.92919453,32.0403083,32.22768147,11144760.30277096
2015-03-26 03:45:00,NSE:BEL,32.21606434,32.43424651,31.56556224,31.93172276,11206932.48855387
2015-03-27 03:45:00,NSE:BEL,32.22212594,32.32263069,31.1312201,31.32818921,17418508.04998297
2015-03-30 03:45:00,NSE:BEL,32.02010634,33.06757795,32.02010634,32.80747772,44026916.56122504
2015-03-31 03:45:00,NSE:BEL,33.02010335,34.11050413,32.63778025,33.84333321,36140354.99460303
2015-04-01 03:45:00,NSE:BEL,33.88878762,36.3130228,33.83828272,35.29484403,57692917.39796655
2015-04-06 03:45:00,NSE:BEL,35.44433853,36.45443652,35.44433853,36.30241677,23404164.93632193
2015-04-07 03:45:00,NSE:BEL,36.5150424,36.60494011,35.26302594,36.22261903,16399300.00438566
2015-04-08 03:45:00,NSE:BEL,36.36251659,37.62463605,36.0357509,37.1963535,21605725.56222568
2015-04-09 03:45:00,NSE:BEL,37.51503941,37.92917959,36.77766788,37.3170592,13617391.69148768
2015-04-10 03:45:00,NSE:BEL,37.36251361,37.36251361,36.3635277,36.70898121,10212474.51691472
2015-04-13 03:45:00,NSE:BEL,36.85746461,36.98978846,34.64636112,34.78474454,22594738.51759404
2015-04-15 03:45:00,NSE:BEL,34.92918855,35.03019835,33.13626462,33.58474712,31522288.19489656
2015-04-16 03:45:00,NSE:BEL,33.82616155,34.29737226,33.14131511,33.32414385,19918463.52034951
2015-04-17 03:45:00,NSE:BEL,33.43373848,33.63525202,32.32414684,32.41808394,13111005.17830358
2015-04-20 03:45:00,NSE:BEL,32.50495337,33.16656756,31.31303774,31.51808764,18779366.11649884
2015-04-21 03:45:00,NSE:BEL,31.81808674,32.08273241,31.31303774,31.59687629,11051997.02557575
2015-04-22 03:45:00,NSE:BEL,31.82818772,32.31707414,31.61606714,32.10242831,12318408.80986724
2015-04-23 03:45:00,NSE:BEL,32.4918221,32.92919453,32.17162104,32.28020657,15151302.27511904
2015-04-24 03:45:00,NSE:BEL,32.37364063,32.49788269,31.33576495,31.46960293,12249603.60426354
2015-04-27 03:45:00,NSE:BEL,31.61606714,31.67667302,30.05041525,30.09839491,12447901.19681637
2015-04-28 03:45:00,NSE:BEL,29.89890055,30.48879677,29.53526528,30.12465847,12513934.39413676
2015-04-29 03:45:00,NSE:BEL,30.18980878,30.80798875,29.80799174,30.31859627,14457706.20251537
2015-04-30 03:45:00,NSE:BEL,30.30293975,31.41404754,29.91910251,31.1569776,11784599.2147375
2015-05-04 03:45:00,NSE:BEL,31.50293617,32.06960013,31.31303774,31.65394582,9387010.05026194
2015-05-05 03:45:00,NSE:BEL,31.74535968,33.97969644,31.36354264,33.05545678,30648610.58417326
2015-05-06 03:45:00,NSE:BEL,33.21202197,33.93929252,30.82819071,31.75091623,32678413.64963045
2015-05-07 03:45:00,NSE:BEL,31.4342495,32.57566023,29.91910251,30.3539497,35901566.28105463
2015-05-08 03:45:00,NSE:BEL,30.82314022,31.71707694,30.82314022,31.36253153,20133690.16348972
2015-05-11 03:45:00,NSE:BEL,31.76758184,32.31252971,31.46505749,31.60697727,11096151.15751712
2015-05-12 03:45:00,NSE:BEL,31.74737988,32.17060993,31.12162417,31.72667287,18304956.69886868
2015-05-13 03:45:00,NSE:BEL,32.05040928,32.22111483,31.82818772,32.00344073,15410881.0507923
2015-05-14 03:45:00,NSE:BEL,31.99889327,32.27263084,31.66657204,31.75141926,7010507.94879874
2015-05-15 03:45:00,NSE:BEL,32.06960013,32.82717362,31.73222841,31.89333904,10490368.34731702
2015-05-18 03:45:00,NSE:BEL,32.12111614,32.42414553,31.76808689,31.97061255,6051690.08365934
2015-05-19 03:45:00,NSE:BEL,32.11101516,32.37364063,31.83576345,32.17818566,8670148.90813758
2015-05-20 03:45:00,NSE:BEL,32.47465043,32.57717437,32.02010634,32.12162119,5335026.94212666
2015-05-21 03:45:00,NSE:BEL,32.37364063,32.97666914,32.12162119,32.52263009,12054969.02265651
2015-05-22 03:45:00,NSE:BEL,32.59889249,32.66656905,32.08071222,32.26960054,4779932.28339289
2015-05-25 03:45:00,NSE:BEL,32.4105082,32.77565964,32.22212594,32.45141818,5633611.83435798
2015-05-26 03:45:00,NSE:BEL,32.44687274,33.51505137,32.44687274,33.31757721,16580470.54575944
2015-05-27 03:45:00,NSE:BEL,33.13121413,33.66656606,32.84030591,33.45545659,8275731.72954023
2015-05-28 03:45:00,NSE:BEL,33.53525333,34.06050428,33.46454647,33.70040536,8401561.10554356
2015-05-29 03:45:00,NSE:BEL,33.85848468,36.64635514,32.15444937,36.15443742,84869884.60817564
2015-06-01 03:45:00,NSE:BEL,36.212013,36.91857655,35.97261978,36.44787189,22627804.61640214
2015-06-02 03:45:00,NSE:BEL,36.1110032,36.212013,34.64737222,35.07969214,23190720.2985067
2015-06-03 03:45:00,NSE:BEL,35.181208,35.181208,31.94434899,32.87161894,24557419.38247668
2015-06-04 03:45:00,NSE:BEL,33.23222393,33.696869,32.35040838,33.43121323,18543349.41123375
2015-06-05 03:45:00,NSE:BEL,33.31303177,34.29282682,32.84838669,33.55949467,15275745.6469807
2015-06-08 03:45:00,NSE:BEL,33.58575822,34.08070624,33.08070923,33.23929461,8058723.08107502
2015-06-09 03:45:00,NSE:BEL,33.10899197,33.57565724,32.50495337,32.68374072,8142873.33253279
2015-06-10 03:45:00,NSE:BEL,32.72717493,33.51505137,32.72717493,33.04181945,6222168.5930832
2015-06-11 03:45:00,NSE:BEL,33.28272883,33.4660606,32.20747951,32.39333755,8519569.4581761
2015-06-12 03:45:00,NSE:BEL,32.50495337,32.92919453,32.05091433,32.820609,8975564.82078136
2015-06-15 03:45:00,NSE:BEL,32.82818473,33.42414255,32.60091268,33.01303266,7585006.66551571
2015-06-16 03:45:00,NSE:BEL,32.68778212,33.03020433,32.55040778,32.93222482,5414623.17997612
2015-06-17 03:45:00,NSE:BEL,33.12111315,33.6998993,32.86454927,33.35848618,13570960.55274216
2015-06-18 03:45:00,NSE:BEL,33.37363765,34.26151277,33.37363765,34.02413974,12617884.70476106
2015-06-19 03:45:00,NSE:BEL,34.21908967,34.59585622,34.14131212,34.40292649,11836079.36857048
2015-06-22 03:45:00,NSE:BEL,34.64636112,34.74535072,34.0443417,34.39080632,7175937.44313512
2015-06-23 03:45:00,NSE:BEL,34.38373564,34.77969405,34.09232136,34.28676522,7694599.99300247
2015-06-24 03:45:00,NSE:BEL,34.39383662,34.67666406,33.61101067,33.96100862,7587085.67172819
2015-06-25 03:45:00,NSE:BEL,33.85848468,34.22565631,33.58272793,34.02919023,6584905.6770141
2015-06-26 03:45:00,NSE:BEL,34.08626178,35.2009039,33.88828257,34.78322939,15173280.3407939
2015-06-29 03:45:00,NSE:BEL,34.20545435,34.32312976,33.07565874,33.66656606,9170793.40416339
2015-06-30 03:45:00,NSE:BEL,33.81757571,34.28676522,33.65646508,34.0029287,11378896.00241522
2015-07-01 03:45:00,NSE:BEL,34.13121114,34.82716765,34.09989709,34.47413941,9997544.874662
2015-07-02 03:45:00,NSE:BEL,34.54333112,35.10090521,34.34333172,34.50949284,9492742.36621122
2015-07-03 03:45:00,NSE:BEL,34.59282592,34.88878463,34.34888726,34.52464431,6734297.12342559
2015-07-06 03:45:00,NSE:BEL,34.3029278,34.44434152,32.22212594,34.17868575,8270682.71445277
2015-07-07 03:45:00,NSE:BEL,34.28272584,35.50494441,34.24181687,34.87716952,14410384.06110735
2015-07-08 03:45:00,NSE:BEL,34.58575524,35.13524753,34.08222038,34.43525165,8962694.78232312
2015-07-09 03:45:00,NSE:BEL,34.64636112,34.99787522,34.42464461,34.62060362,5673409.95328272
2015-07-10 03:45:00,NSE:BEL,34.79686471,35.05040031,34.34333172,34.73979518,4535797.55386953
2015-07-13 03:45:00,NSE:BEL,34.84838071,35.00999639,34.55898865,34.84736961,4255923.71755057
2015-07-14 03:45:00,NSE:BEL,34.89888561,35.57565127,34.79787581,35.25494516,9681436.93006829
2015-07-15 03:45:00,NSE:BEL,35.50494441,35.85847871,35.35342971,35.5852472,6866066.51717887
2015-07-16 03:45:00,NSE:BEL,35.83524645,37.14938394,35.55544931,36.95241483,24660676.69103015
2015-07-17 03:45:00,NSE:BEL,37.42413059,37.55544333,36.72716298,36.85443634,14044874.96889314
2015-07-20 03:45:00,NSE:BEL,37.00999042,37.16504147,36.64635514,36.90039377,5303841.84893937
2015-07-21 03:45:00,NSE:BEL,37.06958519,37.62564514,36.48978995,36.62059764,12587194.61305293
2015-07-22 03:45:00,NSE:BEL,36.64635514,37.16150512,36.1615081,36.9923137,5129997.3294572
2015-07-23 03:45:00,NSE:BEL,37.3428177,38.28119975,37.18574646,37.96756331,18236349.49385665
2015-07-24 03:45:00,NSE:BEL,38.17160311,38.27261291,36.9357472,37.08423363,13132884.2436826
2015-07-27 03:45:00,NSE:BEL,39.4847305,39.67513498,37.0200914,37.18675757,40279656.36366272
2015-07-28 03:45:00,NSE:BEL,37.55544333,38.07059331,37.25241393,37.89483727,12994580.83040437
2015-07-29 03:45:00,NSE:BEL,38.11806791,39.91907263,37.63170573,39.69382078,27314181.62023316
2015-07-30 03:45:00,NSE:BEL,40.15139517,40.21200105,39.49533653,39.66604309,14478793.26552773
2015-07-31 03:45:00,NSE:BEL,39.78978009,40.55543437,39.53018491,40.25391911,19211304.40721676
2015-08-03 03:45:00,NSE:BEL,40.26250595,41.95947058,40.21200105,41.65795532,20486626.2181332
2015-08-04 03:45:00,NSE:BEL,41.91906666,42.02007646,41.11149331,41.68270474,16490974.27832671
2015-08-05 03:45:00,NSE:BEL,41.81805686,41.93926862,40.63624221,40.84684865,10469578.28519217
2015-08-06 03:45:00,NSE:BEL,40.94937258,41.00997846,39.64634617,40.21048691,10861421.45609786
2015-08-07 03:45:00,NSE:BEL,40.30290987,40.84836279,39.80038612,40.05189951,12000914.86113187
2015-08-10 03:45:00,NSE:BEL,40.01957738,40.40189947,39.42462967,39.57412518,5712614.07043245
2015-08-11 03:45:00,NSE:BEL,39.54533638,39.82715271,38.28776438,38.48271329,11398795.06187759
2015-08-12 03:45:00,NSE:BEL,38.60594524,38.63574313,37.50746368,37.67665509,10953392.73092641
2015-08-13 03:45:00,NSE:BEL,37.97968449,38.76251043,37.73119937,37.95998758,12545020.48702822
2015-08-14 03:45:00,NSE:BEL,38.13119919,38.96554114,37.86554342,38.83271224,11867165.46146194
2015-08-17 03:45:00,NSE:BEL,39.04028738,39.04028738,38.14130017,38.2983704,7882106.55330954
2015-08-18 03:45:00,NSE:BEL,38.38372369,38.65645014,37.37918123,37.4953425,12560761.53406561
2015-08-19 03:45:00,NSE:BEL,37.87816964,37.87867469,36.73625285,36.81756675,26581480.43077559
2015-08-20 03:45:00,NSE:BEL,36.85443634,37.16706065,36.3130228,36.59281995,13040516.96767072
2015-08-21 03:45:00,NSE:BEL,36.3635277,36.46352639,35.80797381,36.17463938,15330096.80939284
2015-08-24 03:45:00,NSE:BEL,35.44433853,35.44433853,31.52515832,32.04687292,20647996.70034045
2015-08-25 03:45:00,NSE:BEL,32.42515664,33.96757527,29.81809272,33.68070643,29554855.31581393
2015-08-26 03:45:00,NSE:BEL,33.38373863,34.31302878,32.48929685,33.99080853,13196046.43242384
2015-08-27 03:45:00,NSE:BEL,34.29282682,35.00999639,34.29282682,34.54585637,12168720.36256825
2015-08-28 03:45:00,NSE:BEL,34.77767385,36.1110032,34.77767385,35.10393551,16223376.47869101
2015-08-31 03:45:00,NSE:BEL,35.20191501,35.25241991,33.91909056,34.03070639,12774503.17276834
2015-09-01 03:45:00,NSE:BEL,33.74787895,33.74787895,32.43424651,32.53828661,12255048.62053433
2015-09-02 03:45:00,NSE:BEL,32.92919453,34.09080722,32.65040647,33.08020418,18747686.02183238
2015-09-03 03:45:00,NSE:BEL,33.33323373,33.93929252,33.03121544,33.34383976,7975562.83257558
2015-09-04 03:45:00,NSE:BEL,33.33626402,33.33626402,32.44081114,32.60646822,15925583.58882634
2015-09-07 03:45:00,NSE:BEL,32.60596317,32.77767983,31.61657219,31.88172291,16773521.12263314
2015-09-08 03:45:00,NSE:BEL,32.02010634,33.2918187,31.87869262,33.03626593,13866377.43550684
2015-09-09 03:45:00,NSE:BEL,33.83777767,34.24232192,33.41252743,33.84888875,23537122.3336252
2015-09-10 03:45:00,NSE:BEL,33.38373863,35.10090521,33.08070923,34.36302863,37580611.29837668
2015-09-11 03:45:00,NSE:BEL,34.99989541,35.4337325,33.58575822,33.76909,54377100.48964299
2015-09-14 03:45:00,NSE:BEL,34.84841487,34.84841487,32.66660107,33.16963036,14214118.54324317
2015-09-15 03:45:00,NSE:BEL,33.18175155,33.78629579,32.38478345,32.95750958,11272921.63705221
2015-09-16 03:45:00,NSE:BEL,33.29841798,34.06053766,32.49084385,32.62417691,10171412.4251215
2015-09-18 03:45:00,NSE:BEL,33.28781194,33.78478064,32.71811612,32.96205502,13291370.69028154
2015-09-21 03:45:00,NSE:BEL,33.18175155,33.81811391,33.03175185,33.39538748,9001230.07528888
2015-09-22 03:45:00,NSE:BEL,33.66659906,33.74084134,32.93932779,33.16053947,9080463.23439628
2015-09-23 03:45:00,NSE:BEL,32.99993373,34.99992972,32.81811592,34.62265775,22769484.72319679
2015-09-24 03:45:00,NSE:BEL,35.14841427,36.06053365,34.32265835,35.5090196,45326383.0195007
2015-09-28 03:45:00,NSE:BEL,35.81810989,36.56053264,35.52265594,35.85295831,11624768.34359241
2015-09-29 03:45:00,NSE:BEL,35.42417129,35.78780692,34.59841537,34.79083923,9061653.19662401
2015-09-30 03:45:00,NSE:BEL,35.15144456,35.30144426,34.09084063,34.40750666,7614501.29061133
2015-10-01 03:45:00,NSE:BEL,34.54538518,34.99083883,34.2711433,34.6681122,7382939.82561484
2015-10-05 03:45:00,NSE:BEL,35.02720239,36.05750335,35.02720239,35.87265524,9730102.5389311
2015-10-06 03:45:00,NSE:BEL,36.66659304,37.17113748,35.53932257,36.01659434,18573823.29792695
2015-10-07 03:45:00,NSE:BEL,35.99992771,36.81810788,35.48932267,36.47416918,10532994.1512105
2015-10-08 03:45:00,NSE:BEL,36.5059873,36.66659304,36.06053365,36.46356314,5093989.2291938
2015-10-09 03:45:00,NSE:BEL,36.57568413,37.08931946,36.45447225,36.59235076,7844808.75308966
2015-10-12 03:45:00,NSE:BEL,36.75750195,36.90901679,36.36356334,36.57113868,4172231.37822018
2015-10-13 03:45:00,NSE:BEL,36.36659364,36.60447195,35.77568573,36.00144286,4650534.33869604
2015-10-14 03:45:00,NSE:BEL,35.89386732,36.31962404,35.70295861,35.94841266,3386961.80132743
2015-10-15 03:45:00,NSE:BEL,36.26962414,36.26962414,35.67114049,35.84992801,2798174.6189892
2015-10-16 03:45:00,NSE:BEL,36.06053365,36.30447255,35.37114109,36.1059881,6246318.5431759
2015-10-19 03:45:00,NSE:BEL,36.26962414,36.46962374,35.9090188,36.01810949,2439595.89893051
2015-10-20 03:45:00,NSE:BEL,36.29689681,38.03022666,35.99992771,37.77719687,15788419.70458313
2015-10-21 03:45:00,NSE:BEL,38.06052963,38.14840824,36.36356334,37.27871302,10940049.96861562
2015-10-23 03:45:00,NSE:BEL,37.54537915,37.66053043,36.54689631,36.84235026,4580838.19873985
2015-10-26 03:45:00,NSE:BEL,37.09083461,37.09083461,36.21204849,36.39538146,8727230.52507286
2015-10-27 03:45:00,NSE:BEL,36.25144236,37.21204649,36.24235146,36.85750174,7597902.25727896
2015-10-28 03:45:00,NSE:BEL,36.86356234,37.23628886,36.36356334,36.72719898,8467784.00408064
2015-10-29 03:45:00,NSE:BEL,36.71356264,37.57568212,36.54538116,36.91659253,31515723.28643953
2015-10-30 03:45:00,NSE:BEL,38.03022666,38.44840764,37.42416727,37.6908334,23721437.63480484
2015-11-02 03:45:00,NSE:BEL,37.696894,37.93477231,37.04538015,37.3029554,3293109.6128637
2015-11-03 03:45:00,NSE:BEL,37.60598509,38.33325636,36.51507819,38.11962042,11755052.60521506
2015-11-04 03:45:00,NSE:BEL,38.33325636,38.7878009,37.67719707,38.06355993,7079702.21668613
2015-11-05 03:45:00,NSE:BEL,37.87719667,38.03931755,37.42416727,37.58477301,3305286.63731627
2015-11-06 03:45:00,NSE:BEL,37.62568202,38.24234745,37.45447024,37.71356063,8562032.19333958
2015-11-09 03:45:00,NSE:BEL,37.22871312,39.39386029,36.81810788,39.10598208,11813066.72171268
2015-11-10 03:45:00,NSE:BEL,39.1817395,39.1817395,37.57568212,37.86053003,5994429.03735885
2015-11-11 03:45:00,NSE:BEL,38.03022666,38.69234654,37.87871181,38.56658922,1375772.76267687
2015-11-13 03:45:00,NSE:BEL,38.33325636,38.33325636,37.07871342,37.4468945,3767386.56525496
2015-11-16 03:45:00,NSE:BEL,37.42416727,38.2938625,37.12568302,37.83022706,4003898.04019152
2015-11-17 03:45:00,NSE:BEL,37.88931785,38.45446823,37.82719677,38.00295399,4960767.96167338
2015-11-18 03:45:00,NSE:BEL,38.03022666,38.11962042,37.12871332,37.28931906,4275983.58656405
2015-11-19 03:45:00,NSE:BEL,37.45901569,37.95446924,37.28931906,37.81507558,2664161.34987836
2015-11-20 03:45:00,NSE:BEL,37.87871181,38.3938623,37.53931856,37.96507528,8867480.80670819
2015-11-23 03:45:00,NSE:BEL,38.24234745,38.30901398,37.65598499,37.90598449,4149428.33242959
2015-11-24 03:45:00,NSE:BEL,38.06052963,38.57568011,37.81810588,38.03325696,6782503.61988431
2015-11-26 03:45:00,NSE:BEL,38.03325696,39.1317396,37.81810588,38.76810397,15326418.77684323
2015-11-27 03:45:00,NSE:BEL,38.81052813,39.30295138,38.45598338,38.63325575,3939547.91097061
2015-11-30 03:45:00,NSE:BEL,38.24234745,38.6347709,37.82265132,37.99537825,7236155.53085862
2015-12-01 03:45:00,NSE:BEL,38.0378024,38.36052903,37.42416727,37.51356103,4438310.91253209
2015-12-02 03:45:00,NSE:BEL,37.72568182,37.72568182,36.72719898,36.92265313,6123327.29619829
2015-12-03 03:45:00,NSE:BEL,36.66659304,37.58022757,36.63780522,37.07265283,5696570.43923169
2015-12-04 03:45:00,NSE:BEL,36.75750195,37.54537915,36.68174452,37.14841025,3926446.88466256
2015-12-07 03:45:00,NSE:BEL,37.55750034,37.55750034,36.75750195,37.08477402,3788242.60713579
2015-12-08 03:45:00,NSE:BEL,36.9059865,37.27265243,36.66962333,36.81356244,3471870.97183277
2015-12-09 03:45:00,NSE:BEL,36.72719898,37.11810728,35.91356425,36.28326047,6490090.03269123
2015-12-10 03:45:00,NSE:BEL,36.33326037,36.5529569,35.7150798,36.11962444,7385678.83111501
2015-12-11 03:45:00,NSE:BEL,36.21204849,36.65144155,35.27265644,35.48780752,6885661.82703538
2015-12-14 03:45:00,NSE:BEL,35.48477723,36.28932107,35.09083863,35.94083692,3628951.28726433
2015-12-15 03:45:00,NSE:BEL,36.03023068,36.13932137,35.49083782,35.67720108,4976706.9936804
2015-12-16 03:45:00,NSE:BEL,36.12720018,36.83628967,35.81810989,36.21053335,6116034.28155325
2015-12-17 03:45:00,NSE:BEL,36.36356334,36.86356234,36.36204819,36.50447215,10445741.97600019
2015-12-18 03:45:00,NSE:BEL,36.51507819,37.86356033,36.36507849,37.38174312,32125927.51178513
2015-12-21 03:45:00,NSE:BEL,37.06053164,38.29840794,37.06053164,38.11659012,13544415.19841793
2015-12-22 03:45:00,NSE:BEL,38.03022666,38.75749793,37.90901478,38.49234695,12566755.23518778
2015-12-23 03:45:00,NSE:BEL,38.63325575,38.84840684,37.96962072,38.55143774,5534342.11346246
2015-12-24 03:45:00,NSE:BEL,38.93931575,40.43628244,38.61052853,39.91355621,20373349.9115401
2015-12-28 03:45:00,NSE:BEL,40.14991938,40.19840413,39.49386009,39.60446593,9020832.11465156
2015-12-29 03:45:00,NSE:BEL,39.71658691,40.88931183,39.63628404,40.71506976,21020118.21030969
2015-12-30 03:45:00,NSE:BEL,40.99991767,41.69537082,40.78779688,40.98325104,16273124.67791481
2015-12-31 03:45:00,NSE:BEL,41.23779598,41.89385527,41.06052361,41.54840142,19482513.12265878
2016-01-01 03:45:00,NSE:BEL,41.72718894,41.8135524,41.2635535,41.68931022,7632519.32679318
2016-01-04 03:45:00,NSE:BEL,41.57112864,42.93476227,41.3635533,41.5165833,14444228.00532391
2016-01-05 03:45:00,NSE:BEL,41.78779487,42.18173348,41.18173548,41.39840172,8738813.54833262
2016-01-06 03:45:00,NSE:BEL,41.3635533,41.81809784,40.69688797,41.01203886,5917373.88262509
2016-01-07 03:45:00,NSE:BEL,40.99991767,40.99991767,38.9347703,39.20598188,14032981.17950287
2016-01-08 03:45:00,NSE:BEL,39.54537513,39.99840453,38.99992168,39.3347695,6597571.24852329
2016-01-11 03:45:00,NSE:BEL,39.15143653,40.51203986,38.51810447,40.32113115,10047959.17721615
2016-01-12 03:45:00,NSE:BEL,40.666585,41.50143181,40.43931273,40.60900936,16810068.75614737
2016-01-13 03:45:00,NSE:BEL,40.90900876,41.21203845,39.22719396,40.59840332,17194717.5285571
2016-01-14 03:45:00,NSE:BEL,40.06052562,40.29840393,39.09083059,39.62719315,5554505.15395168
2016-01-15 03:45:00,NSE:BEL,39.80295037,40.15143452,37.66659103,38.16810517,6103065.25551026
2016-01-18 03:45:00,NSE:BEL,37.93931775,38.25901408,36.27416958,37.43022787,7673637.40936203
2016-01-19 03:45:00,NSE:BEL,37.57568212,38.27265042,36.98628936,38.12416587,5920541.88898674
2016-01-20 03:45:00,NSE:BEL,37.13628906,37.53325796,35.65598901,36.75447165,8477123.02283424
2016-01-21 03:45:00,NSE:BEL,36.9999257,37.57113667,35.23780803,35.51659535,16178150.487198
2016-01-22 03:45:00,NSE:BEL,36.05750335,36.72719898,35.11356585,36.17113949,11598599.29104257
2016-01-25 03:45:00,NSE:BEL,36.70901719,37.24234946,36.36356334,36.64841125,7404026.86795954
2016-01-27 03:45:00,NSE:BEL,36.96810758,39.95749552,36.16659404,36.54538116,37507380.31823194
2016-01-28 03:45:00,NSE:BEL,36.6059871,37.54537915,36.24235146,37.20598589,12522964.14725129
2016-01-29 03:45:00,NSE:BEL,37.3029554,37.60901539,36.87719867,37.31962203,5345779.73481204
2016-02-01 03:45:00,NSE:BEL,37.72719697,37.83325736,37.03022867,37.37719767,6798970.65295161
2016-02-02 03:45:00,NSE:BEL,37.54537915,37.72719697,36.81810788,37.06810738,5510945.06647906
2016-02-03 03:45:00,NSE:BEL,36.77265343,37.57568212,36.32568463,36.84841085,7856589.77674703
2016-02-04 03:45:00,NSE:BEL,37.12416788,37.47416717,36.37719968,36.9968954,8496362.06146798
2016-02-05 03:45:00,NSE:BEL,36.9999257,37.58628816,36.78780491,37.45143995,3783754.59812346
2016-02-08 03:45:00,NSE:BEL,37.45447024,38.04537815,37.12113758,37.27719787,4560807.1585157
2016-02-09 03:45:00,NSE:BEL,36.66659304,37.09234976,36.38022998,36.63780522,4598790.23478917
2016-02-10 03:45:00,NSE:BEL,36.72719898,36.72719898,35.84235227,36.00447315,6421977.89591586
2016-02-11 03:45:00,NSE:BEL,35.75750395,36.07265484,33.49993273,34.06205281,13682916.4765411
2016-02-12 03:45:00,NSE:BEL,34.09084063,35.09083863,32.98932769,34.10447697,14815511.75089545
2016-02-15 03:45:00,NSE:BEL,34.54538518,35.89083702,34.51356706,35.19083842,4469627.9754196
2016-02-16 03:45:00,NSE:BEL,35.60750425,35.78780692,33.39387234,33.8272048,5975387.99912272
2016-02-17 03:45:00,NSE:BEL,33.60599312,34.11205271,32.72720701,33.94235608,11192599.475758
2016-02-18 03:45:00,NSE:BEL,34.51508221,34.84841487,34.09084063,34.68932428,7631694.32513651
2016-02-19 03:45:00,NSE:BEL,34.24235548,34.53932458,34.01811351,34.23477974,5712938.47210019
2016-02-22 03:45:00,NSE:BEL,34.51205191,35.57568614,34.18326469,35.07568714,8107885.28137127
2016-02-23 03:45:00,NSE:BEL,35.3181109,35.3181109,33.77265945,33.84690173,8422012.91216813
2016-02-24 03:45:00,NSE:BEL,33.90902282,34.48174894,32.78781295,33.06053967,9448083.97261216
2016-02-25 03:45:00,NSE:BEL,33.3332664,33.57569015,31.96963277,32.33023811,8384689.83722
2016-02-26 03:45:00,NSE:BEL,32.54538919,32.68023741,31.81963307,31.99236,8811017.69332512
2016-02-29 03:45:00,NSE:BEL,32.07569316,32.68781315,31.06054369,31.21054339,12762313.62788683
2016-03-01 03:45:00,NSE:BEL,31.06054369,31.61963347,30.54539321,31.49387615,19493667.14505708
2016-03-02 03:45:00,NSE:BEL,31.87872386,32.57569216,31.69690605,31.84084515,12335622.77105277
2016-03-03 03:45:00,NSE:BEL,32.12114762,32.95144898,31.98478426,32.58023761,16994440.12638186
2016-03-04 03:45:00,NSE:BEL,32.87720671,33.6272052,32.27266247,33.34993303,14022454.15836366
2016-03-08 03:45:00,NSE:BEL,33.48478124,33.77265945,32.71054037,32.91205512,6107817.26505273
2016-03-09 03:45:00,NSE:BEL,32.90902482,33.30296343,32.36660167,33.18175155,5204242.4505923
2016-03-10 03:45:00,NSE:BEL,33.21508482,33.37266026,32.54538919,32.84538859,5288227.61924216
2016-03-11 03:45:00,NSE:BEL,32.84538859,33.4832661,32.6362981,32.9332672,7105409.26830823
2016-03-14 03:45:00,NSE:BEL,33.06053967,33.24235749,31.95448129,32.56660127,10004465.08987606
2016-03-15 03:45:00,NSE:BEL,32.66660107,32.66660107,31.71660298,32.22569286,6046503.14192839
2016-03-16 03:45:00,NSE:BEL,32.42417731,32.42417731,31.69690605,32.27569276,9017334.10762725
2016-03-17 03:45:00,NSE:BEL,32.57569216,33.21205452,32.42417731,32.84538859,12100563.29903196
2016-03-18 03:45:00,NSE:BEL,33.15144858,33.56659926,32.95599443,33.41962986,13588140.28622189
2016-03-21 03:45:00,NSE:BEL,33.48478124,36.45447225,33.39235719,35.66811019,30386197.01824802
2016-03-22 03:45:00,NSE:BEL,36.06053365,36.42416928,35.68932227,36.1029578,21158223.48763765
2016-03-23 03:45:00,NSE:BEL,36.19689701,37.03022867,35.60144366,36.41507839,9746932.57272734
2016-03-28 03:45:00,NSE:BEL,36.73628987,36.93325917,35.09386892,35.38326228,10004003.08894832
2016-03-29 03:45:00,NSE:BEL,35.47265604,36.15447285,35.19841417,35.76053425,8062114.18945875
2016-03-30 03:45:00,NSE:BEL,36.24235146,36.85144115,35.87871583,36.66356274,12866296.83669457
2016-03-31 03:45:00,NSE:BEL,36.93931976,37.84840885,36.27265443,37.0999255,26654087.52383263
2016-04-01 03:45:00,NSE:BEL,36.6059871,36.93780461,36.10750325,36.33629067,7250543.55975109
2016-04-04 03:45:00,NSE:BEL,36.81810788,36.93780461,36.43174502,36.54235086,6463953.98020766
2016-04-05 03:45:00,NSE:BEL,36.43174502,36.43174502,35.45750456,35.78932207,8653607.37723088
2016-04-06 03:45:00,NSE:BEL,35.93932177,36.27568473,35.31053515,35.50295901,6180021.41004522
2016-04-07 03:45:00,NSE:BEL,35.60598911,35.60598911,34.64083953,34.91962685,11185999.46250458
2016-04-08 03:45:00,NSE:BEL,35.15144456,35.67720108,34.68477883,35.38326228,5622419.29032944
2016-04-11 03:45:00,NSE:BEL,35.5150802,35.60598911,34.31962805,34.8681118,8720135.51082543
2016-04-12 03:45:00,NSE:BEL,34.99689942,36.15144256,34.84841487,35.86659464,9551110.17949816
2016-04-13 03:45:00,NSE:BEL,36.25144236,36.81507759,35.9090188,36.18326067,8398450.86485339
2016-04-18 03:45:00,NSE:BEL,36.27265443,36.86356234,35.84992801,36.5499266,7556718.17457757
2016-04-20 03:45:00,NSE:BEL,36.5499266,36.99386511,36.12568503,36.30750285,6570841.19484691
2016-04-21 03:45:00,NSE:BEL,36.42416928,36.63629007,35.06659625,35.43326218,6347991.74734494
2016-04-22 03:45:00,NSE:BEL,34.90902081,35.7120495,34.90902081,35.43629248,7199789.45783224
2016-04-25 03:45:00,NSE:BEL,35.59992851,35.94992781,35.34083812,35.5150802,5381023.80558534
2016-04-26 03:45:00,NSE:BEL,35.45447426,36.17416978,35.38326228,36.10144266,7310735.68062235
2016-04-27 03:45:00,NSE:BEL,36.17113949,37.03022867,36.14992741,36.74538076,9726406.53150918
2016-04-28 03:45:00,NSE:BEL,36.90901679,37.34840985,35.69992831,35.86962494,16132544.39561681
2016-04-29 03:45:00,NSE:BEL,36.0559882,36.53932056,35.60598911,35.81356445,5478506.00133846
2016-05-02 03:45:00,NSE:BEL,35.4590197,36.33326037,35.4590197,35.97568533,3579319.18759856
2016-05-03 03:45:00,NSE:BEL,36.2029576,36.33174522,35.48477723,35.63326178,4534968.10662853
2016-05-04 03:45:00,NSE:BEL,35.54538317,35.86962494,34.54538518,34.75144537,5203714.44953203
2016-05-05 03:45:00,NSE:BEL,34.81205131,35.2120505,34.5681124,34.74235448,7493523.04767601
2016-05-06 03:45:00,NSE:BEL,34.75144537,34.98477823,34.39387033,34.61053656,4345877.72691785
2016-05-09 03:45:00,NSE:BEL,34.68932428,35.18174753,34.55902151,34.92417229,7226024.51051461
2016-05-10 03:45:00,NSE:BEL,34.99386912,35.57568614,34.99083883,35.44386822,6585262.22380565
2016-05-11 03:45:00,NSE:BEL,35.03023269,35.38477743,34.69690002,35.07417199,2995515.01526667
2016-05-12 03:45:00,NSE:BEL,35.06053566,35.4150804,35.04689932,35.15295971,2950502.9248783
2016-05-13 03:45:00,NSE:BEL,35.12114159,35.14235367,34.72720299,34.8150816,3763261.55697157
2016-05-16 03:45:00,NSE:BEL,34.84841487,34.86356635,33.72872015,34.38629459,11061193.21188227
2016-05-17 03:45:00,NSE:BEL,34.54538518,34.84841487,34.09084063,34.31962805,7111052.27963991
2016-05-18 03:45:00,NSE:BEL,34.24538578,35.03023269,34.09084063,34.84386942,6377097.80579255
2016-05-19 03:45:00,NSE:BEL,34.84841487,34.90296021,33.70599292,33.87265925,5153686.34907105
2016-05-20 03:45:00,NSE:BEL,34.03023469,34.21205251,33.18175155,33.33629669,17118817.37614269
2016-05-23 03:45:00,NSE:BEL,33.50902362,34.09084063,33.10144868,33.29235739,5337133.71745005
2016-05-24 03:45:00,NSE:BEL,33.3302361,33.79841698,32.78781295,33.60296283,6896419.84863846
2016-05-25 03:45:00,NSE:BEL,33.66659906,34.13477994,33.42417531,33.61053857,9635194.34834682
2016-05-26 03:45:00,NSE:BEL,33.69993233,34.39387033,33.69690203,34.06053766,12716410.53570924
2016-05-27 03:45:00,NSE:BEL,34.36356736,36.51507819,34.36356736,35.84992801,27444241.1105329
2016-05-30 03:45:00,NSE:BEL,36.21204849,36.33326037,35.45447426,36.10144266,10446995.97851835
2016-05-31 03:45:00,NSE:BEL,36.23932117,36.24235146,35.60598911,35.70447376,4653834.34532275
2016-06-01 03:45:00,NSE:BEL,35.87871583,36.36356334,34.97720249,35.04538417,6768181.59112438
2016-06-02 03:45:00,NSE:BEL,35.20598991,35.42417129,34.74235448,35.28629278,3668353.36638729
2016-06-03 03:45:00,NSE:BEL,35.60598911,35.65144356,34.54538518,34.64538497,5763461.57355517
2016-06-06 03:45:00,NSE:BEL,34.75750596,36.18326067,34.75750596,35.94992781,13310708.72911408
2016-06-07 03:45:00,NSE:BEL,36.09083662,37.06053164,36.06356394,36.88931986,19364768.88621765
2016-06-08 03:45:00,NSE:BEL,37.27265243,39.40143603,37.27265243,39.06658822,41726702.79101532
2016-06-09 03:45:00,NSE:BEL,38.87870981,39.81658671,37.87871181,38.23174141,25260296.7249739
2016-06-10 03:45:00,NSE:BEL,38.33325636,39.21204247,38.03022666,38.35446844,15447892.02077256
2016-06-13 03:45:00,NSE:BEL,38.17265062,38.30598368,37.51507618,37.75446964,7603347.26821304
2016-06-14 03:45:00,NSE:BEL,37.97265102,38.24234745,37.31356143,37.67568192,7024922.10668269
2016-06-15 03:45:00,NSE:BEL,37.87871181,38.75143733,37.75749994,38.16810517,8456431.98128475
2016-06-16 03:45:00,NSE:BEL,38.3938623,38.86658862,38.12113557,38.46355913,13936818.98640044
2016-06-17 03:45:00,NSE:BEL,38.72719496,38.82264931,38.03022666,38.10295379,6652978.35978581
2016-06-20 03:45:00,NSE:BEL,37.90901478,39.43931474,37.72568182,38.93174,14185606.48598837
2016-06-21 03:45:00,NSE:BEL,39.27264841,39.51204187,38.70295258,38.89840674,12154980.40830647
2016-06-22 03:45:00,NSE:BEL,38.87870981,39.05749733,37.93931775,38.32265032,8904275.88059604
2016-06-23 03:45:00,NSE:BEL,38.30598368,38.75446763,38.0468933,38.61810427,5525531.09576913
2016-06-24 03:45:00,NSE:BEL,36.42416928,38.08931745,35.7590191,37.82416647,10806432.70029999
2016-06-27 03:45:00,NSE:BEL,38.03022666,38.45143794,37.78780291,38.10901438,6742804.54016495
2016-06-28 03:45:00,NSE:BEL,38.16355973,38.39992289,37.69840915,37.84537855,10660176.40660404
2016-06-29 03:45:00,NSE:BEL,38.03931755,38.7817403,38.03931755,38.50295299,9329448.73438181
2016-06-30 03:45:00,NSE:BEL,38.7878009,38.99992168,38.21204448,38.39689259,10950246.98909216
2016-07-01 03:45:00,NSE:BEL,38.4847712,38.87719466,38.47719546,38.5378014,7899753.86342444
2016-07-04 03:45:00,NSE:BEL,38.7817403,39.08325485,38.52264992,38.62113457,10511544.10813687
2016-07-05 03:45:00,NSE:BEL,38.75598278,39.14386079,38.4847712,38.62719516,5635916.3174327
2016-07-07 03:45:00,NSE:BEL,39.03022465,39.06052762,38.3347715,38.48174091,5829032.70522797
2016-07-08 03:45:00,NSE:BEL,38.56961952,38.56961952,37.87871181,38.13022646,4411580.85885571
2016-07-11 03:45:00,NSE:BEL,38.36052903,38.69689199,38.0468933,38.12265072,6797518.65003586
2016-07-12 03:45:00,NSE:BEL,38.24234745,38.45446823,38.12871131,38.23628685,4329410.69385054
2016-07-13 03:45:00,NSE:BEL,38.33325636,38.72113437,37.60295479,37.76659083,8253382.57354307
2016-07-14 03:45:00,NSE:BEL,37.87871181,38.84840684,37.45447024,38.75598278,13721823.55467005
2016-07-15 03:45:00,NSE:BEL,38.83628565,38.96658842,37.84537855,37.95901468,10370765.82544127
2016-07-18 03:45:00,NSE:BEL,38.17265062,38.32416547,37.58022757,37.66810618,5091283.2237599
2016-07-19 03:45:00,NSE:BEL,37.81659073,38.15749913,37.34234926,37.62265172,5785472.61775535
2016-07-20 03:45:00,NSE:BEL,37.66659103,38.33325636,37.57568212,37.86810578,6440193.93249532
2016-07-21 03:45:00,NSE:BEL,37.91052993,38.2408323,37.4468945,37.50143985,8993310.05938477
2016-07-22 03:45:00,NSE:BEL,37.4938641,37.77265142,37.16962233,37.45750054,9319218.713839
2016-07-25 03:45:00,NSE:BEL,37.49840955,37.93931775,37.1529557,37.68931826,8267275.60144153
2016-07-26 03:45:00,NSE:BEL,37.8938633,37.96810557,36.9999257,37.16204659,4663800.36533543
2016-07-27 03:45:00,NSE:BEL,37.27265243,37.51962163,36.6999263,36.94386521,6979382.01523404
2016-07-28 03:45:00,NSE:BEL,37.51507618,37.8468937,36.86053204,37.002956,15301536.72687781
2016-07-29 03:45:00,NSE:BEL,37.09083461,37.60143964,37.03022867,37.45143995,10115807.31346138
2016-08-01 03:45:00,NSE:BEL,37.45447024,38.12113557,37.43325816,37.5968942,10576620.23881565
2016-08-02 03:45:00,NSE:BEL,38.02871151,38.06204478,37.27265243,37.56204578,9098679.27097574
2016-08-03 03:45:00,NSE:BEL,37.54537915,37.93780261,37.0529559,37.47113688,12184284.46715168
2016-08-04 03:45:00,NSE:BEL,37.6908334,37.72113637,37.18174352,37.30144025,4116890.26709019
2016-08-05 03:45:00,NSE:BEL,37.52719737,38.3938623,37.47265202,38.16204458,14064595.24298679
2016-08-08 03:45:00,NSE:BEL,37.57568212,37.93931775,37.18174352,37.6468941,15772909.67343758
2016-08-09 03:45:00,NSE:BEL,37.72416667,38.06052963,37.53022767,37.62568202,8674199.41858157
2016-08-10 03:45:00,NSE:BEL,37.63628806,37.78780291,37.27265243,37.33022807,5608823.26302738
2016-08-11 03:45:00,NSE:BEL,37.33022807,37.38174312,36.41053294,36.6999263,7988788.04221317
2016-08-12 03:45:00,NSE:BEL,36.81810788,37.33325836,36.68477482,37.23477371,3440025.90788498
2016-08-16 03:45:00,NSE:BEL,37.2999251,37.66356073,36.91053194,37.44840965,4589088.21530663
2016-08-17 03:45:00,NSE:BEL,37.51507618,37.83022706,37.34083411,37.58931846,4400294.83619235
2016-08-18 03:45:00,NSE:BEL,37.33325836,37.65143954,37.01810748,37.1499254,3674854.37944192
2016-08-19 03:45:00,NSE:BEL,37.27265243,37.56962153,37.12719817,37.26053124,2686469.39467495
2016-08-22 03:45:00,NSE:BEL,37.24234946,37.48477321,36.97113788,37.04234986,3929581.89095793
2016-08-23 03:45:00,NSE:BEL,37.07265283,37.10144065,36.73932016,36.98780451,4007033.0464869
2016-08-24 03:45:00,NSE:BEL,37.02871352,37.36810678,36.92265313,37.21204649,3262089.55057259
2016-08-25 03:45:00,NSE:BEL,37.18174352,37.32113718,36.39386631,36.53932056,6525301.10339826
2016-08-26 03:45:00,NSE:BEL,36.63932036,37.14537995,36.57568413,36.94538036,3269316.56508509
2016-08-29 03:45:00,NSE:BEL,37.00144085,37.24234946,36.66962333,36.81507759,2505596.03146478
2016-08-30 03:45:00,NSE:BEL,36.8529563,37.13931936,36.849926,36.93780461,2959247.94243909
2016-08-31 03:45:00,NSE:BEL,37.08325887,37.66659103,36.74386561,36.98325907,5384818.81320606
2016-09-01 03:45:00,NSE:BEL,37.02416808,37.3938643,36.84083511,37.11507698,2819492.66179777
2016-09-02 03:45:00,NSE:BEL,37.12113758,37.36356133,36.74235046,36.93931976,3834442.69990978
2016-09-06 03:45:00,NSE:BEL,36.96507729,37.1999253,36.68477482,36.76507769,3371253.76978427
2016-09-07 03:45:00,NSE:BEL,37.09083461,37.09083461,36.51810849,36.66507789,7576650.21460292
2016-09-08 03:45:00,NSE:BEL,36.66659304,36.76507769,36.36356334,36.44386621,12228141.55522071
2016-09-09 03:45:00,NSE:BEL,36.54538116,36.90901679,36.54538116,36.7029566,5343139.72951067
2016-09-12 03:45:00,NSE:BEL,36.21507879,37.01810748,35.79083722,36.36053305,6735115.52472471
2016-09-14 03:45:00,NSE:BEL,36.48477522,36.48477522,36.06053365,36.12871533,4491309.01895711
2016-09-15 03:45:00,NSE:BEL,36.35750275,37.06053164,36.15144256,36.9468955,12278895.65713956
2016-09-16 03:45:00,NSE:BEL,37.18022837,37.3938643,36.53325997,36.72416868,11109571.30902989
2016-09-19 03:45:00,NSE:BEL,37.06053164,37.57568212,37.00144085,37.44083391,11196625.48384259
2016-09-20 03:45:00,NSE:BEL,37.63628806,37.9878025,37.34840985,37.51356103,14822705.76534168
2016-09-21 03:45:00,NSE:BEL,37.696894,38.03022666,37.43174302,37.73477271,12498676.09847868
2016-09-22 03:45:00,NSE:BEL,38.15143854,38.17568092,37.75749994,38.07113567,12518707.13870283
2016-09-23 03:45:00,NSE:BEL,38.18174151,38.63628605,38.04537815,38.22265052,26270296.75314583
2016-09-26 03:45:00,NSE:BEL,37.96962072,38.63628605,37.87719667,38.3378018,26825291.86762652
2016-09-27 03:45:00,NSE:BEL,38.42265012,38.91204307,38.42265012,38.77871001,28611321.45413641
2016-09-28 03:45:00,NSE:BEL,39.03022465,39.03022465,38.69689199,38.81658872,13159733.42594193
2016-09-29 03:45:00,NSE:BEL,38.92416426,39.36355732,37.15901629,37.34234926,56855781.1715811
2016-09-30 03:45:00,NSE:BEL,37.68628796,38.01204488,37.34234926,37.71962123,12572695.24711587
2016-10-03 03:45:00,NSE:BEL,37.72113637,38.7878009,37.72113637,38.57264982,8482601.03383459
2016-10-04 03:45:00,NSE:BEL,38.87113406,38.87113406,38.26204438,38.47871061,5913842.87553451
2016-10-05 03:45:00,NSE:BEL,38.74840704,38.74840704,38.3938623,38.57416496,11828147.75199676
2016-10-06 03:45:00,NSE:BEL,38.60598308,38.95446723,38.35295329,38.54992259,11703440.50157326
2016-10-07 03:45:00,NSE:BEL,38.55143774,38.67264961,38.18628695,38.41204408,5227045.49638289
2016-10-10 03:45:00,NSE:BEL,38.63325575,38.63628605,37.96962072,37.99992369,5917703.88328776
2016-10-13 03:45:00,NSE:BEL,38.13477191,38.13477191,37.57719727,37.69992429,6919519.89502546
2016-10-14 03:45:00,NSE:BEL,37.81810588,38.63174061,37.61204568,38.46961972,11869331.83469814
2016-10-17 03:45:00,NSE:BEL,38.78325545,38.78628575,38.27265042,38.32568061,9585925.24940998
2016-10-18 03:45:00,NSE:BEL,38.3938623,38.93174,38.0378024,38.84083109,13391063.89047455
2016-10-19 03:45:00,NSE:BEL,38.93931575,39.07264881,38.41658952,38.56204378,10091717.26508637
2016-10-20 03:45:00,NSE:BEL,38.54537714,38.82416446,38.48931665,38.66355872,5921531.89097475
2016-10-21 03:45:00,NSE:BEL,38.66507387,38.7847706,38.10598409,38.30598368,3518665.06579956
2016-10-24 03:45:00,NSE:BEL,38.57113467,38.7878009,38.30901398,38.4408319,3416364.86037145
2016-10-25 03:45:00,NSE:BEL,38.45446823,38.60598308,38.18174151,38.43174101,2114413.24593416
2016-10-26 03:45:00,NSE:BEL,38.43174101,38.4847712,38.03477211,38.16507488,2585258.19143364
2016-10-27 03:45:00,NSE:BEL,37.9408329,38.45446823,37.9408329,38.16355973,5722607.49151646
2016-10-28 03:45:00,NSE:BEL,39.39386029,40.22719195,38.91052792,39.43022385,41732708.80307594
2016-11-01 03:45:00,NSE:BEL,40.30294937,40.71810005,39.99991968,40.30900996,16200755.53259099
2016-11-02 03:45:00,NSE:BEL,39.8787078,39.8787078,39.38628454,39.44992078,6853255.76196105
2016-11-03 03:45:00,NSE:BEL,39.4847692,40.13022245,39.42719355,39.55598117,9568138.213692
2016-11-04 03:45:00,NSE:BEL,39.78476859,39.95749552,38.97567931,39.38931484,10960609.00990004
2016-11-07 03:45:00,NSE:BEL,39.72719295,40.11507096,39.35749672,39.45446623,5020333.08128556
2016-11-08 03:45:00,NSE:BEL,39.6287083,40.24234343,39.6287083,39.9787076,5196817.4356822
2016-11-09 03:45:00,NSE:BEL,38.45446823,39.79992008,36.49083581,39.50446613,11724626.54411676
2016-11-10 03:45:00,NSE:BEL,39.8787078,41.93779457,39.8317382,41.31506855,10143296.3686619
2016-11-11 03:45:00,NSE:BEL,40.81506955,41.16052341,39.36810276,39.45749652,6715084.48450055
2016-11-15 03:45:00,NSE:BEL,39.92113196,39.9226471,38.39537744,39.06961851,7809168.68152116
2016-11-16 03:45:00,NSE:BEL,39.63628404,40.11961641,38.86052802,39.58628414,7524576.11003338
2016-11-17 03:45:00,NSE:BEL,39.28931504,40.15143452,38.90901278,39.84082909,5736533.51948119
2016-11-18 03:45:00,NSE:BEL,39.61355682,39.96961671,39.41355722,39.63325375,8050432.16600018
2016-11-21 03:45:00,NSE:BEL,39.63325375,39.81810186,38.40901378,38.7317404,7109996.27751936
2016-11-22 03:45:00,NSE:BEL,38.93931575,39.65446582,38.63325575,39.39992088,7614039.28968359
2016-11-23 03:45:00,NSE:BEL,39.66658701,39.74082929,38.83325535,39.21507277,13912563.93769409
2016-11-24 03:45:00,NSE:BEL,38.90901278,39.81810186,38.85446743,39.34840583,9225597.52583914
2016-11-25 03:45:00,NSE:BEL,39.73931414,40.03628324,39.29386049,39.53779939,6715183.48469936
2016-11-28 03:45:00,NSE:BEL,39.36355732,42.27264239,39.36355732,41.97264299,27132687.48490488
2016-11-29 03:45:00,NSE:BEL,42.41961179,43.24233741,42.04688526,42.64536891,29433716.1055797
2016-11-30 03:45:00,NSE:BEL,42.64536891,43.78779086,42.60294475,43.60748819,21258642.68928854
2016-12-01 03:45:00,NSE:BEL,43.60900334,44.15445679,43.17264058,43.4514279,17914514.97397585
2016-12-02 03:45:00,NSE:BEL,43.4983975,44.09082055,42.79839891,43.0014288,10175240.43280849
2016-12-05 03:45:00,NSE:BEL,43.29385246,43.57567007,43.0014288,43.37718562,7455638.97160134
2016-12-06 03:45:00,NSE:BEL,43.75748789,44.75748588,43.48476116,44.1453659,19838385.83728357
2016-12-07 03:45:00,NSE:BEL,44.45142589,44.69536479,43.94082085,44.19688095,14648003.41452347
2016-12-08 03:45:00,NSE:BEL,45.06960647,45.62112051,44.30445649,44.85597053,15582862.29180514
2016-12-09 03:45:00,NSE:BEL,45.57566606,46.0302106,45.07718221,45.71354457,15616522.35939762
2016-12-12 03:45:00,NSE:BEL,45.45445418,46.21202841,45.05142468,45.62869625,10948959.98650774
2016-12-13 03:45:00,NSE:BEL,45.45445418,45.87869575,44.49991064,44.65597093,10120526.32293758
2016-12-14 03:45:00,NSE:BEL,44.76657677,45.09081854,43.06051959,43.17718602,11504285.10165109
2016-12-15 03:45:00,NSE:BEL,42.48476317,44.32112312,42.48476317,43.61354878,11336974.76567672
2016-12-16 03:45:00,NSE:BEL,43.90900274,44.0893054,43.40445829,43.78627571,6757786.57025023
2016-12-19 03:45:00,NSE:BEL,44.09082055,44.62869826,43.43930671,43.62263967,10815639.71878852
2016-12-20 03:45:00,NSE:BEL,43.85142709,43.96657838,42.66658099,42.78930801,7061948.18103441
2016-12-21 03:45:00,NSE:BEL,43.02718632,43.48476116,42.46961169,42.84385336,7208402.47512796
2016-12-22 03:45:00,NSE:BEL,42.81809584,42.84536851,41.57567409,42.24991516,11355619.80311765
2016-12-23 03:45:00,NSE:BEL,42.43173297,42.72718693,41.67264359,41.96809754,9659548.39725196
2016-12-26 03:45:00,NSE:BEL,42.12112754,42.21203645,40.77567569,41.09688717,6534112.12109159
2016-12-27 03:45:00,NSE:BEL,41.21203845,41.84840081,40.30900996,41.58021953,9690337.4590792
2016-12-28 03:45:00,NSE:BEL,41.81809784,41.96961269,40.93931173,41.18173548,6700267.45474661
2016-12-29 03:45:00,NSE:BEL,41.39537142,41.81506755,40.93931173,41.44385617,15370968.86630386
2016-12-30 03:45:00,NSE:BEL,41.74082527,42.22718793,41.48476518,41.66809814,12502372.1059006
2017-01-02 03:45:00,NSE:BEL,41.96961269,41.96961269,40.99991767,41.37870479,8993013.05878837
2017-01-03 03:45:00,NSE:BEL,41.57567409,43.19688295,41.4165835,43.12567098,20316259.79689796
2017-01-04 03:45:00,NSE:BEL,43.45445819,43.9483966,43.18173147,43.39991285,18360411.86937738
2017-01-05 03:45:00,NSE:BEL,43.63627601,43.9983965,43.09385286,43.38627651,7328720.71673793
2017-01-06 03:45:00,NSE:BEL,43.4953672,43.87566947,42.67870218,42.77718683,16340741.81369617
2017-01-09 03:45:00,NSE:BEL,42.91658049,45.60596902,42.4574905,44.06657818,31377321.00851515
2017-01-10 03:45:00,NSE:BEL,44.51354698,46.30293732,44.34082005,45.80899892,45535570.43956807
2017-01-11 03:45:00,NSE:BEL,46.75748186,46.9211179,46.02415,46.36354326,28558125.34731379
2017-01-12 03:45:00,NSE:BEL,46.40748257,47.52263184,46.36202811,46.99687532,23395726.98074822
2017-01-13 03:45:00,NSE:BEL,47.1211175,47.18172344,46.06051357,46.32263425,10845801.77935668
2017-01-16 03:45:00,NSE:BEL,46.32263425,46.6211185,45.77112021,46.35142207,8161510.38905536
2017-01-17 03:45:00,NSE:BEL,46.7241486,46.79384543,45.66657496,45.89990783,6088017.22529245
2017-01-18 03:45:00,NSE:BEL,45.89990783,46.32263425,45.5302116,45.81657466,11967177.0311802
2017-01-19 03:45:00,NSE:BEL,45.90899872,46.12111951,44.91657647,45.15142448,13663050.43664829
2017-01-20 03:45:00,NSE:BEL,45.06051557,45.39536339,44.12112352,44.69384964,10197746.47800267
2017-01-23 03:45:00,NSE:BEL,44.84839479,46.06051357,44.62415281,45.88778664,14906063.93273247
2017-01-24 03:45:00,NSE:BEL,46.30293732,46.47869455,45.83475644,46.05899842,11601767.29740421
2017-01-25 03:45:00,NSE:BEL,46.39384623,46.45445217,45.75445358,45.89233209,12168972.43640373
2017-01-27 03:45:00,NSE:BEL,45.96960466,47.55899541,45.92111991,46.69233048,23096911.38069931
2017-01-30 03:45:00,NSE:BEL,48.18172143,49.24232536,47.75444956,48.02717628,63852554.2217379
2017-01-31 03:45:00,NSE:BEL,47.99838846,48.02263084,46.54536108,46.66657296,47114491.61018543
2017-02-01 03:45:00,NSE:BEL,46.96051176,47.68778303,46.76354246,47.52717729,25770543.74959634
2017-02-02 03:45:00,NSE:BEL,47.39232907,47.86050995,46.70445167,46.83929988,16414034.96087548
2017-02-03 03:45:00,NSE:BEL,46.84839077,47.55899541,46.51960355,46.79839087,15787528.70279392
2017-02-06 03:45:00,NSE:BEL,46.95445117,47.43626838,46.45596732,46.5741489,11405449.90318103
2017-02-07 03:45:00,NSE:BEL,46.66657296,47.64838917,46.66657296,47.42566234,18650119.45113657
2017-02-08 03:45:00,NSE:BEL,47.75747986,48.12263064,46.86505741,47.43778353,13352156.81234561
2017-02-09 03:45:00,NSE:BEL,47.78475253,47.91657045,47.12263265,47.40445026,11168839.42804567
2017-02-10 03:45:00,NSE:BEL,47.40596541,47.53929848,46.70445167,46.78475454,6972221.00085407
2017-02-13 03:45:00,NSE:BEL,46.96960265,47.00293592,45.9741501,46.26051317,7557312.17577038
2017-02-14 03:45:00,NSE:BEL,46.45445217,46.76960305,45.66960526,45.75445358,18594811.34007284
2017-02-15 03:45:00,NSE:BEL,46.14384673,46.75142127,46.09081654,46.19839208,23131264.4496834
2017-02-16 03:45:00,NSE:BEL,46.3271797,46.45445217,45.99990763,46.25445257,12281865.6631036
2017-02-17 03:45:00,NSE:BEL,46.48930058,46.87566344,46.09384683,46.29384643,7979581.02372464
2017-02-20 03:45:00,NSE:BEL,46.30293732,46.81657265,46.09233168,46.54081563,11227051.54494089
2017-02-21 03:45:00,NSE:BEL,46.66657296,47.57566204,46.51808841,47.27566264,11338921.76958648
2017-02-22 03:45:00,NSE:BEL,45.87869575,46.29990703,45.67263556,45.77415051,42311133.9646063
2017-02-23 03:45:00,NSE:BEL,45.69687793,46.78475454,45.47112081,45.61960536,44609390.57971465
2017-02-27 03:45:00,NSE:BEL,45.72415061,46.05899842,45.39990883,45.69839308,77750070.12921418
2017-02-28 03:45:00,NSE:BEL,45.76960506,46.17566485,45.76808991,45.9271805,25550103.30693187
2017-03-01 03:45:00,NSE:BEL,45.96960466,46.21051327,45.94687743,46.09536198,13325393.75860295
2017-03-02 03:45:00,NSE:BEL,46.11051347,46.41505831,45.45445418,45.55748427,12683575.46977344
2017-03-03 03:45:00,NSE:BEL,45.45445418,45.72263546,45.0393035,45.29687874,16429709.99235237
2017-03-06 03:45:00,NSE:BEL,45.45142388,46.48020969,45.44839358,46.36657356,15495280.11593217
2017-03-07 03:45:00,NSE:BEL,46.66657296,46.70293652,46.19384663,46.37869475,11109109.30810215
2017-03-08 03:45:00,NSE:BEL,46.4211189,46.45899762,45.75899902,46.10142258,8635259.34038635
2017-03-09 03:45:00,NSE:BEL,46.14081644,47.26960205,45.93930169,47.10445086,27252840.72618353
2017-03-10 03:45:00,NSE:BEL,47.27263234,47.66354065,46.96960265,47.50445006,23827664.84811875
2017-03-14 03:45:00,NSE:BEL,48.18172143,48.28929697,47.45445016,47.63323768,16393640.91992239
2017-03-15 03:45:00,NSE:BEL,47.72414659,48.23778192,47.43020779,47.565056,12442212.98509561
2017-03-16 03:45:00,NSE:BEL,48.30293072,50.39383866,47.87869218,50.04535148,30188942.14374014
2017-03-17 03:45:00,NSE:BEL,50.28777827,50.4544446,48.72717533,48.96960212,20305607.18824843
2017-03-20 03:45:00,NSE:BEL,48.98474754,49.4544466,48.31808524,49.24232581,11478366.74375128
2017-03-21 03:45:00,NSE:BEL,49.24232581,49.36353466,47.54535648,48.33323672,14300895.38561624
2017-03-22 03:45:00,NSE:BEL,47.93929811,47.99990102,46.4544526,46.60596745,20921266.31887037
2017-03-23 03:45:00,NSE:BEL,46.89384566,47.78778327,46.59081596,47.63626842,10892595.77287186
2017-03-24 03:45:00,NSE:BEL,47.74232881,47.78778327,46.99990908,47.13626942,6135002.66306655
2017-03-27 03:45:00,NSE:BEL,47.12111793,48.48475157,46.83323972,48.12111593,15834497.55108604
2017-03-28 03:45:00,NSE:BEL,48.18172187,48.60596042,47.78778327,47.99990102,12604695.29513449
2017-03-29 03:45:00,NSE:BEL,48.15141587,48.15141587,46.98475457,47.16656936,10068666.62594544
2017-03-30 03:45:00,NSE:BEL,47.30293878,47.72717733,46.37869517,46.49990705,24407581.38755743
2017-03-31 03:45:00,NSE:BEL,46.66657339,47.77262875,46.42414963,47.49990505,17963434.1065513
2017-04-03 03:45:00,NSE:BEL,48.24232781,48.90899012,47.93929811,48.45444557,16554846.0909684
2017-04-05 03:45:00,NSE:BEL,48.63626642,49.06050496,48.54535751,48.89384469,14952560.88821021
2017-04-06 03:45:00,NSE:BEL,49.04535954,50.54535351,48.63626642,50.15141491,32088854.9414169
2017-04-07 03:45:00,NSE:BEL,49.98474857,51.30292775,49.69687036,50.80292572,24437542.14744507
2017-04-10 03:45:00,NSE:BEL,50.7877803,52.54534648,50.34838118,52.09080194,26679774.52937383
2017-04-11 03:45:00,NSE:BEL,52.42413764,53.93928612,52.42413764,53.51504758,28558629.98495973
2017-04-12 03:45:00,NSE:BEL,53.90898012,53.93928612,51.81807824,52.92413361,13919190.22263763
2017-04-13 03:45:00,NSE:BEL,53.01504554,53.01504554,51.060504,51.49989706,14012540.80923322
2017-04-17 03:45:00,NSE:BEL,51.51504854,52.42413764,51.37868518,51.84838424,8772836.53575086
2017-04-18 03:45:00,NSE:BEL,52.21201685,53.75746527,51.69686939,52.09080194,12658548.10277919
2017-04-19 03:45:00,NSE:BEL,52.80292476,55.24231382,52.74231882,54.15140691,42584869.12157411
2017-04-20 03:45:00,NSE:BEL,54.59079694,55.30291976,53.63625642,53.96959212,25164820.7011796
2017-04-21 03:45:00,NSE:BEL,54.57565152,55.40898318,54.39383067,54.69686036,17237996.95649748
2017-04-24 03:45:00,NSE:BEL,54.99989006,55.53019203,54.69686036,55.07564749,8938552.9669963
2017-04-25 03:45:00,NSE:BEL,55.3635257,55.42412861,54.36352467,54.62110294,10220846.43013293
2017-04-26 03:45:00,NSE:BEL,54.68170888,55.03019606,53.69686236,54.48473958,10616325.82064442
2017-04-27 03:45:00,NSE:BEL,54.93928412,55.01504155,54.21200982,54.40898215,9521139.43151031
2017-04-28 03:45:00,NSE:BEL,54.96958406,55.90897915,54.69686036,55.43928312,14299053.98193552
2017-05-02 03:45:00,NSE:BEL,54.93928412,55.84837321,54.93928412,55.48474061,8068760.32839477
2017-05-03 03:45:00,NSE:BEL,55.63625546,55.74231282,53.90898012,54.19686439,11362985.31311892
2017-05-04 03:45:00,NSE:BEL,54.2574673,55.24231382,53.72716533,55.07564749,8101502.99384307
2017-05-05 03:45:00,NSE:BEL,54.560497,55.10595349,54.18170988,54.39383067,11472888.73280146
2017-05-08 03:45:00,NSE:BEL,54.39383067,55.3635257,54.39383067,54.80292379,6032148.05747367
2017-05-09 03:45:00,NSE:BEL,54.80292379,55.18171091,54.560497,54.92413264,5079937.75413002
2017-05-10 03:45:00,NSE:BEL,54.66655436,56.060494,54.66655436,55.74231282,8149092.38896803
2017-05-11 03:45:00,NSE:BEL,56.28776628,56.6362474,54.8635267,55.07564749,15243931.67062223
2017-05-12 03:45:00,NSE:BEL,55.24231382,55.24231382,53.77261979,54.36352467,7176002.94388972
2017-05-15 03:45:00,NSE:BEL,54.54534552,54.83322373,54.18170988,54.53019403,5182053.15824534
2017-05-16 03:45:00,NSE:BEL,54.54534552,55.48474061,54.36352467,55.33322576,5923706.54071328
2017-05-17 03:45:00,NSE:BEL,55.43928312,55.59079797,54.39383067,54.560497,6199504.59199745
2017-05-18 03:45:00,NSE:BEL,53.93928612,54.39383067,52.89383367,53.01504554,9948100.88495032
2017-05-19 03:45:00,NSE:BEL,53.33322673,53.74231985,51.81807824,52.75747333,9595343.37983428
2017-05-22 03:45:00,NSE:BEL,54.39383067,54.69686036,52.92413361,53.2271633,6467062.52681071
2017-05-23 03:45:00,NSE:BEL,53.31807524,53.48474158,51.59080597,52.13625942,6969468.73105489
2017-05-24 03:45:00,NSE:BEL,52.12110794,52.62110391,50.15141491,50.54535351,9802224.09336172
2017-05-25 03:45:00,NSE:BEL,51.22717033,52.60595848,50.60595945,52.12110794,13635016.7546121
2017-05-26 03:45:00,NSE:BEL,52.12110794,53.15140588,51.66656339,53.01504554,16167204.21612308
2017-05-29 03:45:00,NSE:BEL,53.33322673,53.42413564,51.86352966,52.28777427,8203598.5979188
2017-05-30 03:45:00,NSE:BEL,52.59080397,52.66656139,51.33322769,51.56049997,12844919.27531075
2017-05-31 03:45:00,NSE:BEL,52.10595645,52.99989103,51.68171488,52.31807421,13470039.52484423
2017-06-01 03:45:00,NSE:BEL,52.54534648,53.62110494,52.18171388,52.33322873,14179164.74229264
2017-06-02 03:45:00,NSE:BEL,52.72716733,53.04534851,52.01504451,52.15141394,9192993.37558934
2017-06-05 03:45:00,NSE:BEL,52.3635317,52.39383164,51.4544426,51.53020003,8791098.77225468
2017-06-06 03:45:00,NSE:BEL,51.71201482,52.33322873,51.10595542,51.25747027,10209992.70843776
2017-06-07 03:45:00,NSE:BEL,51.63625739,52.24231679,51.31808227,51.98474457,6827406.74709159
2017-06-08 03:45:00,NSE:BEL,52.3635317,52.39383164,51.22717033,51.31808227,10178629.44574671
2017-06-09 03:45:00,NSE:BEL,51.34838221,51.57565448,50.7877803,50.98474657,12007555.80153088
2017-06-12 03:45:00,NSE:BEL,51.18171285,51.42413963,50.03020606,50.18172091,13142758.07065148
2017-06-13 03:45:00,NSE:BEL,50.28777827,50.7271683,49.95444863,50.01505154,13319450.32383615
2017-06-14 03:45:00,NSE:BEL,50.03020606,51.030198,50.03020606,50.30292975,17473426.02708935
2017-06-15 03:45:00,NSE:BEL,50.30292975,51.34838221,50.18172091,50.59080797,19151670.78168073
2017-06-16 03:45:00,NSE:BEL,50.66656539,51.57565448,50.66656539,51.43929112,22207605.59009404
2017-06-19 03:45:00,NSE:BEL,51.81807824,51.81807824,50.84838321,51.10595542,12413720.61340112
2017-06-20 03:45:00,NSE:BEL,51.43929112,51.43929112,50.77262578,50.86353772,6717648.52769929
2017-06-21 03:45:00,NSE:BEL,50.90898915,51.63625739,50.77262578,51.30292775,7135703.26333594
2017-06-22 03:45:00,NSE:BEL,51.49989706,51.49989706,50.07565748,50.4241386,9751816.49260354
2017-06-23 03:45:00,NSE:BEL,50.7877803,50.7877803,49.24232581,50.09080897,9145902.28146041
2017-06-27 03:45:00,NSE:BEL,50.21202084,50.22717233,47.80293475,48.6514179,9581503.15216948
2017-06-28 03:45:00,NSE:BEL,48.42414563,49.09081096,47.75748333,48.40899415,11784577.65582678
2017-06-29 03:45:00,NSE:BEL,48.68171784,49.24232581,48.2271733,48.48475157,7076118.34423349
2017-06-30 03:45:00,NSE:BEL,48.54535751,49.30293175,47.96960108,48.9544476,8591550.67338417
2017-07-03 03:45:00,NSE:BEL,49.31808324,49.63626442,48.80293275,49.21201981,10895017.97771353
2017-07-04 03:45:00,NSE:BEL,49.27263181,49.7574763,49.24232581,49.51504951,10296489.18133288
2017-07-05 03:45:00,NSE:BEL,49.48474957,51.56049997,49.2574773,51.39383969,14784699.45267719
2017-07-06 03:45:00,NSE:BEL,51.81807824,52.54534648,51.51504854,52.12110794,17489051.55832274
2017-07-07 03:45:00,NSE:BEL,51.90898715,52.09080194,50.93929515,51.57565448,10662994.51392902
2017-07-10 03:45:00,NSE:BEL,52.10595645,52.77261876,51.81807824,52.33322873,2278964.75535197
2017-07-11 03:45:00,NSE:BEL,52.68171591,53.10595445,51.57565448,51.84838424,17347807.97599532
2017-07-12 03:45:00,NSE:BEL,52.060502,52.15141394,51.30292775,51.65141191,6511483.91560325
2017-07-13 03:45:00,NSE:BEL,52.21201685,52.60595848,51.93928709,52.45444364,8588656.56759924
2017-07-14 03:45:00,NSE:BEL,52.68171591,53.31807524,52.2574713,52.49989506,14834687.95259765
2017-07-17 03:45:00,NSE:BEL,52.560501,53.31807524,52.54534648,52.99989103,5949307.99188723
2017-07-18 03:45:00,NSE:BEL,53.03019703,53.45443558,52.12110794,52.63625842,10553031.69412775
2017-07-19 03:45:00,NSE:BEL,52.72716733,52.90898818,52.12110794,52.62110391,4820299.83514784
2017-07-20 03:45:00,NSE:BEL,52.72716733,52.8635307,51.80292676,52.28777427,10397842.28392445
2017-07-21 03:45:00,NSE:BEL,52.31807421,52.59080397,51.36353369,51.96959309,7562377.61620207
2017-07-24 03:45:00,NSE:BEL,52.19686536,52.69686133,51.96959309,52.31807421,7285797.46335458
2017-07-25 03:45:00,NSE:BEL,52.49989506,52.560501,51.80292676,52.31807421,9441384.8720914
2017-07-26 03:45:00,NSE:BEL,52.31807421,53.34837821,52.21201685,53.18171188,13393895.17264165
2017-07-27 03:45:00,NSE:BEL,53.62110494,54.39383067,53.39383267,53.77261979,37765011.48731018
2017-07-28 03:45:00,NSE:BEL,53.77261979,54.21200982,53.16656039,53.90898012,6569814.83219911
2017-07-31 03:45:00,NSE:BEL,54.22716433,54.33322473,53.51504758,54.16655839,16658944.79904808
2017-08-01 03:45:00,NSE:BEL,56.04534252,56.81806825,54.48473958,54.83322373,29153489.17400531
2017-08-02 03:45:00,NSE:BEL,55.43928312,55.43928312,54.84837521,55.1665564,14308927.60167159
2017-08-03 03:45:00,NSE:BEL,55.13625343,55.15140491,54.46958809,54.72716636,7276560.74489159
2017-08-04 03:45:00,NSE:BEL,54.36352467,54.66655436,53.90898012,54.22716433,8845159.48031495
2017-08-07 03:45:00,NSE:BEL,54.39383067,55.27261376,54.24231582,55.09079897,5944770.48281734
2017-08-08 03:45:00,NSE:BEL,54.99989006,55.69685837,54.33322473,55.10595349,10737792.46344032
2017-08-09 03:45:00,NSE:BEL,54.84837521,55.30291976,53.93928612,54.31807324,7223922.33967431
2017-08-10 03:45:00,NSE:BEL,54.06049497,54.06049497,51.51504854,51.74232082,12330246.9465482
2017-08-11 03:45:00,NSE:BEL,51.13626142,52.24231679,48.81808727,51.86352966,12930056.1454882
2017-08-14 03:45:00,NSE:BEL,52.19686536,53.92413464,51.72716933,53.40898415,5945450.28417618
2017-08-16 03:45:00,NSE:BEL,53.66656242,53.99989206,52.80292476,53.12110594,6269573.63205628
2017-08-17 03:45:00,NSE:BEL,52.98474561,56.030188,52.92413361,55.49988603,26626674.12323308
2017-08-18 03:45:00,NSE:BEL,55.25746834,56.21200885,54.54534552,55.30291976,13600505.2856282
2017-08-21 03:45:00,NSE:BEL,55.43928312,56.57564449,53.95443761,54.27262182,19677780.93330599
2017-08-22 03:45:00,NSE:BEL,54.51503952,55.13625343,53.68170785,53.99989206,7591965.47534432
2017-08-23 03:45:00,NSE:BEL,54.45443661,55.60594946,53.99989206,55.46958609,10218787.22601685
2017-08-24 03:45:00,NSE:BEL,55.72715831,57.39382164,55.49988603,56.95443161,21204383.78478509
2017-08-28 03:45:00,NSE:BEL,57.65139991,57.9695811,57.03018903,57.22716137,14317025.81785886
2017-08-29 03:45:00,NSE:BEL,56.81806825,57.51503655,55.78777031,56.10594543,9450423.59015861
2017-08-30 03:45:00,NSE:BEL,56.48473255,58.57564049,56.48473255,58.13625046,16054238.39031919
2017-08-31 03:45:00,NSE:BEL,58.69685237,58.99988207,57.27261279,57.57564249,19381037.74015524
2017-09-01 03:45:00,NSE:BEL,57.81806625,58.96958213,57.6665514,58.77260979,10242177.67277129
2017-09-04 03:45:00,NSE:BEL,58.75745528,58.87867019,57.53019107,58.09079297,9781628.75219433
2017-09-05 03:45:00,NSE:BEL,58.09079297,58.53018301,57.90897819,58.30291073,4331433.5579682
2017-09-06 03:45:00,NSE:BEL,57.63624843,59.24230582,57.63624843,58.63624643,7678742.44880012
2017-09-07 03:45:00,NSE:BEL,58.69685237,59.68169889,58.63624643,58.80291276,7797836.3868533
2017-09-08 03:45:00,NSE:BEL,58.99988207,59.15139692,56.78776225,57.01503452,10831146.35004251
2017-09-11 03:45:00,NSE:BEL,57.42412764,58.33321673,57.12109794,58.18170188,9218037.12564851
2017-09-12 03:45:00,NSE:BEL,58.57564049,59.99988007,58.42412564,59.8635167,20454665.18619584
2017-09-13 03:45:00,NSE:BEL,59.98472858,60.34836119,58.77260979,59.04533955,19274153.8265083
2017-09-14 03:45:00,NSE:BEL,59.04533955,59.31806325,57.18170388,57.63624843,21851587.67846088
2017-09-15 03:45:00,NSE:BEL,57.54533649,57.80291476,56.6665534,57.60594849,13158446.3020102
2017-09-18 03:45:00,NSE:BEL,58.06049304,58.8635187,57.60594849,58.43928016,8670209.63061312
2017-09-19 03:45:00,NSE:BEL,58.4695801,58.84836722,57.65139991,57.83322076,6527185.34698835
2017-09-20 03:45:00,NSE:BEL,58.18170188,58.39382267,57.60594849,58.01503555,3679834.05550616
2017-09-21 03:45:00,NSE:BEL,58.33321673,58.45442558,56.77261682,57.03018903,7126374.14468825
2017-09-22 03:45:00,NSE:BEL,56.84837425,56.84837425,54.54534552,54.81806921,7359905.71148726
2017-09-25 03:45:00,NSE:BEL,54.84837521,55.28776827,52.75747333,54.84837521,15014178.61137596
2017-09-26 03:45:00,NSE:BEL,54.8635267,55.72715831,54.68170888,55.31807124,11293246.27371971
2017-09-27 03:45:00,NSE:BEL,55.48474061,55.93928515,53.36353273,53.590805,13886856.75800727
2017-09-28 03:45:00,NSE:BEL,55.33327782,55.51661097,54.03328246,54.51661197,16193758.24678979
2017-09-29 03:45:00,NSE:BEL,54.59994522,55.53328095,53.98327917,54.26661222,11087960.12427113
2017-10-03 03:45:00,NSE:BEL,54.66661182,54.89994492,53.41661308,54.49994532,12084924.1245
2017-10-04 03:45:00,NSE:BEL,54.79994169,55.08327807,54.34994547,54.83327832,7194526.21808695
2017-10-05 03:45:00,NSE:BEL,55.19994795,55.2832812,54.48327867,54.58327857,5632319.65076445
2017-10-06 03:45:00,NSE:BEL,54.99994482,56.1166137,54.76661172,55.39994442,14234939.28155606
2017-10-09 03:45:00,NSE:BEL,55.66661082,55.73327742,54.88327494,55.43327772,8180201.20698985
2017-10-10 03:45:00,NSE:BEL,55.63327418,55.63327418,54.89994492,55.08327807,6092379.11233052
2017-10-11 03:45:00,NSE:BEL,55.43327772,55.79994068,55.14994467,55.29994119,11937185.97627804
2017-10-12 03:45:00,NSE:BEL,55.33327782,56.66660981,55.24994457,56.4499467,17344391.40119106
2017-10-13 03:45:00,NSE:BEL,56.64994316,57.46660568,56.19994695,56.99994281,7833868.85952332
2017-10-16 03:45:00,NSE:BEL,57.01660946,57.51660896,56.23327692,57.23327591,8306555.33375776
2017-10-17 03:45:00,NSE:BEL,57.19994595,57.19994595,56.66660981,56.9499462,3679269.69131862
2017-10-18 03:45:00,NSE:BEL,56.96660618,57.99994181,56.66660981,57.54993893,10262944.29655353
2017-10-19 03:45:00,NSE:BEL,57.94994519,57.94994519,57.18327596,57.43327571,1513618.51857534
2017-10-23 03:45:00,NSE:BEL,57.93327521,58.63327117,57.59994221,58.09994171,8494298.52211577
2017-10-24 03:45:00,NSE:BEL,57.99994181,58.58327456,57.68327546,58.33327481,4764412.78001535
2017-10-25 03:45:00,NSE:BEL,58.79993767,58.94994419,56.48327667,57.13327268,8386643.41410811
2017-10-26 03:45:00,NSE:BEL,57.13327268,57.93327521,56.41661007,56.6166132,10685101.72009344
2017-10-27 03:45:00,NSE:BEL,57.29993918,57.98327516,56.9499462,57.4499457,5783411.8023514
2017-10-30 03:45:00,NSE:BEL,57.84994196,58.91660756,57.68327546,58.49994131,7391878.41608544
2017-10-31 03:45:00,NSE:BEL,61.9999378,64.13326566,60.41660605,61.53327493,75144585.39066994
2017-11-01 03:45:00,NSE:BEL,61.98327115,62.3332708,61.5666049,61.9332712,14100377.14655326
2017-11-02 03:45:00,NSE:BEL,62.08327105,62.21660091,61.3999384,61.74993805,8766653.79536296
2017-11-03 03:45:00,NSE:BEL,61.96660116,61.96660116,60.7666057,60.9999388,7825711.8513396
2017-11-06 03:45:00,NSE:BEL,60.98327215,61.8332713,60.08327305,61.54993492,9703431.73520867
2017-11-07 03:45:00,NSE:BEL,61.9999378,62.4999373,59.13327067,60.18327295,13384702.42853484
2017-11-08 03:45:00,NSE:BEL,60.64993915,60.8332723,59.06660741,59.58327355,9024789.05434356
2017-11-09 03:45:00,NSE:BEL,59.79993667,61.6666048,59.63327017,61.4332717,8723303.75187095
2017-11-10 03:45:00,NSE:BEL,61.3999384,61.6666048,60.34993945,60.64993915,5964230.98376273
2017-11-13 03:45:00,NSE:BEL,60.8332723,60.98327215,59.46660367,59.64994015,6147801.16793407
2017-11-14 03:45:00,NSE:BEL,59.6666068,59.6666068,58.16660831,58.48327466,9238101.26835433
2017-11-15 03:45:00,NSE:BEL,58.43327471,59.53327694,58.04993843,58.81660766,9654888.68650665
2017-11-16 03:45:00,NSE:BEL,59.01660746,60.1666063,58.99994081,59.91660655,9771567.80356787
2017-11-17 03:45:00,NSE:BEL,60.3332728,60.8332723,59.36661044,59.5666069,10201414.23482197
2017-11-20 03:45:00,NSE:BEL,59.5666069,60.08327305,59.24994056,59.91660655,6510537.53185833
2017-11-21 03:45:00,NSE:BEL,60.03327644,60.08327305,59.03327744,59.14994066,9066438.096129
2017-11-22 03:45:00,NSE:BEL,59.21660392,60.4999393,59.19994394,60.11660969,9406281.43708526
2017-11-23 03:45:00,NSE:BEL,60.71660242,62.63326716,60.71660242,62.36660743,31021201.12278979
2017-11-24 03:45:00,NSE:BEL,62.74993704,63.14993664,61.36660843,61.54993492,11278199.31513332
2017-11-27 03:45:00,NSE:BEL,61.63326816,62.4999373,60.69994243,62.0999377,7129210.15255699
2017-11-28 03:45:00,NSE:BEL,63.33326979,63.33326979,62.01660445,62.18327095,20069690.13541464
2017-11-29 03:45:00,NSE:BEL,62.41660405,64.46659866,62.3332708,62.99993679,26750246.83784892
2017-11-30 03:45:00,NSE:BEL,62.66660379,62.86660693,61.68327145,61.9332712,16002079.05448289
2017-12-01 03:45:00,NSE:BEL,62.2666042,62.96660016,61.2666052,61.4999383,10760902.79614275
2017-12-04 03:45:00,NSE:BEL,61.6666048,61.8332713,59.26660721,60.08327305,11866307.90516786
2017-12-05 03:45:00,NSE:BEL,59.6666068,60.84993895,58.78327769,60.69994243,11439254.47671591
2017-12-06 03:45:00,NSE:BEL,60.6666058,60.6666058,59.41660706,59.71660342,8780135.80888912
2017-12-07 03:45:00,NSE:BEL,59.6666068,61.38326842,59.5666069,61.0999387,4550683.56558621
2017-12-08 03:45:00,NSE:BEL,61.5999382,61.8999379,61.36660843,61.69994143,4826623.84243014
2017-12-11 03:45:00,NSE:BEL,61.86660793,62.46660066,60.7666057,61.13326867,4514530.52931478
2017-12-12 03:45:00,NSE:BEL,60.86660893,61.21660192,60.34993945,60.44994269,3302025.31283883
2017-12-13 03:45:00,NSE:BEL,60.3332728,60.98327215,59.84993995,60.21660292,4752973.76853888
2017-12-14 03:45:00,NSE:BEL,60.2332729,60.46660267,59.58327355,60.2332729,4593931.60897588
2017-12-15 03:45:00,NSE:BEL,60.41660605,61.2332719,59.7332734,59.98327315,8831672.86059495
2017-12-18 03:45:00,NSE:BEL,59.91660655,61.68327145,57.33327581,60.81660565,9356190.38683017
2017-12-19 03:45:00,NSE:BEL,60.8332723,61.8332713,60.8332723,61.36660843,6707232.72919767
2017-12-20 03:45:00,NSE:BEL,61.8332713,62.29993416,61.51660495,61.8999379,8328329.35560309
2017-12-21 03:45:00,NSE:BEL,61.69994143,62.2666042,61.28327518,61.4999383,4412680.42713114
2017-12-22 03:45:00,NSE:BEL,61.6666048,63.06660339,61.53327493,62.83327029,11938751.97784917
2017-12-26 03:45:00,NSE:BEL,63.09993669,63.14993664,61.9999378,62.18327095,9328056.35860401
2017-12-27 03:45:00,NSE:BEL,62.28327418,62.61660718,60.88326892,61.41660505,9960765.99338565
2017-12-28 03:45:00,NSE:BEL,61.41660505,61.64993815,60.2666062,60.51660595,23326475.40286527
2017-12-29 03:45:00,NSE:BEL,60.74993905,61.79993466,60.58327255,60.71660242,15759846.81145738
2018-01-01 03:45:00,NSE:BEL,60.9999388,61.29993517,60.3999394,60.48327265,8166824.19356903
2018-01-02 03:45:00,NSE:BEL,60.8332723,61.21660192,60.24993955,60.54993592,11789453.8280621
2018-01-03 03:45:00,NSE:BEL,60.6666058,61.19994193,60.2666062,60.3332728,8387216.41468299
2018-01-04 03:45:00,NSE:BEL,60.36660944,60.63326917,59.8999399,60.01660645,13893646.93914605
2018-01-05 03:45:00,NSE:BEL,60.3332728,61.1666053,60.2666062,60.7666057,10396060.43010559
2018-01-08 03:45:00,NSE:BEL,61.18327195,61.7332714,60.8999389,61.34993845,12205752.24572382
2018-01-09 03:45:00,NSE:BEL,61.6666048,61.6666048,60.78327568,60.84993895,7031158.05418379
2018-01-10 03:45:00,NSE:BEL,60.88326892,61.24993855,59.7332734,59.98327315,11870312.90918598
2018-01-11 03:45:00,NSE:BEL,60.03327644,60.3332728,59.49994031,59.6666068,11860610.89945219
2018-01-12 03:45:00,NSE:BEL,59.9332732,60.03327644,58.68327446,59.33327381,9999301.03204688
2018-01-15 03:45:00,NSE:BEL,59.49994031,59.9999398,59.26660721,59.53327694,8986149.01557698
2018-01-16 03:45:00,NSE:BEL,59.49994031,59.5999402,57.53327894,57.73327541,13604371.64892344
2018-01-17 03:45:00,NSE:BEL,57.66660881,58.93327421,55.66661082,58.68327446,14795282.84373464
2018-01-18 03:45:00,NSE:BEL,58.73327441,59.29993717,56.34994347,57.03327945,9535374.56660115
2018-01-19 03:45:00,NSE:BEL,57.24994256,57.79993868,56.69994645,57.58327556,5545046.56320556
2018-01-22 03:45:00,NSE:BEL,57.79993868,58.63327117,57.4499457,58.46660468,7885144.9109673
2018-01-23 03:45:00,NSE:BEL,58.66660781,59.04993742,57.93327521,58.23327491,13850491.89584968
2018-01-24 03:45:00,NSE:BEL,58.26660821,58.29993818,57.4499457,57.84994196,10449154.48337352
2018-01-25 03:45:00,NSE:BEL,59.43327371,59.8332733,58.46660468,58.96660417,45728085.87783686
2018-01-29 03:45:00,NSE:BEL,59.49994031,59.5666069,58.16660831,58.54993792,10870480.90607971
2018-01-30 03:45:00,NSE:BEL,58.98327416,59.31660716,58.33327481,58.99994081,10192750.22612959
2018-01-31 03:45:00,NSE:BEL,57.08327606,57.33327581,55.83327732,56.4499467,43235326.37691403
2018-02-01 03:45:00,NSE:BEL,56.66660981,57.06660941,53.69994946,53.84994597,41361155.49660559
2018-02-02 03:45:00,NSE:BEL,53.81661267,53.83327932,50.06661644,50.61661922,39743766.87392032
2018-02-05 03:45:00,NSE:BEL,49.99994984,50.59994923,48.79994771,49.99994984,57654639.84344807
2018-02-06 03:45:00,NSE:BEL,46.66661985,50.09994974,46.66661985,49.73328344,41933973.07129904
2018-02-07 03:45:00,NSE:BEL,51.08328208,53.19994996,50.86661897,52.61661721,53579636.75510011
2018-02-08 03:45:00,NSE:BEL,52.91661358,52.91661358,51.49994833,52.31661418,21077805.14683104
2018-02-09 03:45:00,NSE:BEL,50.99994883,52.59994723,50.99994883,52.09994773,8938595.96786821
2018-02-12 03:45:00,NSE:BEL,52.66661383,52.69995046,51.91661458,52.58328058,6431496.45255841
2018-02-14 03:45:00,NSE:BEL,53.29994319,54.21660894,52.93328023,53.53328296,15063051.1123798
2018-02-15 03:45:00,NSE:BEL,53.74994607,54.04994244,52.06661443,52.31661418,10960030.99592306
2018-02-16 03:45:00,NSE:BEL,52.76661373,52.76661373,51.21661195,51.89994793,7547416.57213296
2018-02-19 03:45:00,NSE:BEL,51.99994783,51.99994783,50.41661608,51.06661543,10100110.13318612
2018-02-20 03:45:00,NSE:BEL,51.03328547,51.39994843,50.66661583,51.24994858,8543753.57173278
2018-02-21 03:45:00,NSE:BEL,51.28328522,51.58328158,50.01661649,50.28328622,11911646.95065538
2018-02-22 03:45:00,NSE:BEL,50.08328309,50.41661608,48.44995472,48.84995099,24507528.58778619
2018-02-23 03:45:00,NSE:BEL,49.61662022,50.56661593,48.79994771,50.31661619,34034578.14603506
2018-02-26 03:45:00,NSE:BEL,50.98328218,52.24994758,50.76661573,51.73328143,19477411.54119644
2018-02-27 03:45:00,NSE:BEL,52.16661433,52.26661423,50.73328243,50.94995222,10397689.43173993
2018-02-28 03:45:00,NSE:BEL,50.83328233,51.73328143,50.38327945,51.44995171,6432819.45388574
2018-03-01 03:45:00,NSE:BEL,51.61661821,51.64994818,51.03328547,51.09994873,4595203.61025205
2018-03-05 03:45:00,NSE:BEL,50.9666122,52.39994743,50.4666127,51.84994798,9187719.21780729
2018-03-06 03:45:00,NSE:BEL,52.48328068,52.64994718,50.38327945,50.66661583,10445314.47952094
2018-03-07 03:45:00,NSE:BEL,50.49994933,50.53328597,49.04994746,49.44995372,7936396.96238719
2018-03-08 03:45:00,NSE:BEL,50.26661624,50.26661624,48.33328484,49.08328409,9916269.94874389
2018-03-09 03:45:00,NSE:BEL,49.58328359,50.44995272,49.11662072,49.48328369,9234150.26439039
2018-03-12 03:45:00,NSE:BEL,49.91661659,50.28328622,49.21661396,50.04994645,14156741.2031019
2018-03-13 03:45:00,NSE:BEL,49.99994984,50.73328243,49.86661997,50.51661598,12466374.50719957
2018-03-14 03:45:00,NSE:BEL,50.06661644,50.58328258,49.73328344,50.38327945,6788661.81089342
2018-03-15 03:45:00,NSE:BEL,50.34994949,51.43328173,49.99994984,50.43328273,9095673.12545976
2018-03-16 03:45:00,NSE:BEL,50.49994933,51.1332787,49.53328697,49.73328344,10796713.83207106
2018-03-19 03:45:00,NSE:BEL,49.76661674,49.89994994,48.83328434,49.51661699,6301971.32260911
2018-03-20 03:45:00,NSE:BEL,49.16661734,50.04994645,49.06661744,49.83328334,6695136.71706205
2018-03-21 03:45:00,NSE:BEL,49.99994984,50.66661583,49.33328384,49.44995372,7860568.88631079
2018-03-22 03:45:00,NSE:BEL,49.59995024,49.71661345,47.49995234,47.79994871,19364428.42784333
2018-03-23 03:45:00,NSE:BEL,46.96661621,47.04994946,46.0166205,46.6499532,24617214.6978315
2018-03-26 03:45:00,NSE:BEL,46.6499532,48.33328484,46.56661995,47.64995219,14150639.19697991
2018-03-27 03:45:00,NSE:BEL,48.01661849,48.16661834,47.49995234,47.68328549,8877737.90681085
2018-03-28 03:45:00,NSE:BEL,47.48328569,48.59995124,46.89995295,47.1499527,23399351.47598
2018-04-02 03:45:00,NSE:BEL,47.59995224,48.44995472,47.36662248,48.24995159,7534807.55948265
2018-04-03 03:45:00,NSE:BEL,48.29994821,49.11662072,47.91661859,48.91661759,9860175.89246614
2018-04-04 03:45:00,NSE:BEL,49.09995074,49.58328359,47.66661884,47.91661859,11741075.77952562
2018-04-05 03:45:00,NSE:BEL,48.33328484,48.73328444,47.88328196,48.34995149,10456309.49055196
2018-04-06 03:45:00,NSE:BEL,48.34995149,48.79994771,47.84995199,48.26661824,5684180.70279534
2018-04-09 03:45:00,NSE:BEL,48.33328484,48.51661799,47.91661859,48.19995498,7065076.0882129
2018-04-10 03:45:00,NSE:BEL,48.33328484,48.98328419,48.21661496,48.49995134,6792951.81519747
2018-04-11 03:45:00,NSE:BEL,48.66661784,48.76661774,48.16661834,48.29994821,5636954.65541463
2018-04-12 03:45:00,NSE:BEL,48.83328434,49.71661345,48.63328121,49.09995074,13782760.82789681
2018-04-13 03:45:00,NSE:BEL,49.03328747,49.23328394,47.36662248,47.49995234,14176685.22311123
2018-04-16 03:45:00,NSE:BEL,47.69995548,47.73328544,46.23328695,46.3499535,17572895.6304436
2018-04-17 03:45:00,NSE:BEL,46.66661985,46.94995623,45.94995723,46.3166202,10461415.49567469
2018-04-18 03:45:00,NSE:BEL,46.63328321,46.83328635,46.09995375,46.23328695,13714432.75934498
2018-04-19 03:45:00,NSE:BEL,45.99995385,46.03329048,45.0832881,45.38328447,15710577.76202698
2018-04-20 03:45:00,NSE:BEL,44.6499552,44.78329174,43.49995636,44.09995576,24909240.99081412
2018-04-23 03:45:00,NSE:BEL,44.14995571,46.29995022,44.14995571,45.7499541,26176217.26193951
2018-04-24 03:45:00,NSE:BEL,46.03329048,46.183287,45.09995475,45.26662125,9272697.30306366
2018-04-25 03:45:00,NSE:BEL,45.26662125,45.26662125,43.93328926,44.26662226,8935856.96512024
2018-04-26 03:45:00,NSE:BEL,44.29995222,44.4832887,43.53329299,43.68328951,15748602.80017655
2018-04-27 03:45:00,NSE:BEL,43.76662276,44.89995495,43.66662286,44.39995545,13382770.42659651
2018-04-30 03:45:00,NSE:BEL,43.84995601,44.3166222,43.59995626,43.73328946,13847473.8928218
2018-05-02 03:45:00,NSE:BEL,43.99995586,44.08328911,43.26662326,43.43328976,9106347.13616873
2018-05-03 03:45:00,NSE:BEL,43.33328986,43.48328971,42.29995756,42.96662023,14574392.62212105
2018-05-04 03:45:00,NSE:BEL,43.21661998,44.09995576,42.99995686,43.19995999,7078270.10145012
2018-05-07 03:45:00,NSE:BEL,43.29995322,43.98328921,42.78329374,43.76662276,7313230.33717981
2018-05-08 03:45:00,NSE:BEL,43.96661922,44.28329224,43.73328946,43.96661922,8788547.81732868
2018-05-09 03:45:00,NSE:BEL,43.93328926,44.24995561,43.83328936,44.11662574,6669108.69094878
2018-05-10 03:45:00,NSE:BEL,44.13328572,44.26662226,43.11662674,43.26662326,6999934.02285751
2018-05-11 03:45:00,NSE:BEL,43.33328986,43.53329299,42.49995736,42.61662391,7212133.23575163
2018-05-14 03:45:00,NSE:BEL,42.83329036,42.83329036,41.46662506,41.91662461,9882684.91504887
2018-05-15 03:45:00,NSE:BEL,41.36662516,42.61662391,39.76662677,40.06662647,37511773.63461772
2018-05-16 03:45:00,NSE:BEL,39.83329337,41.09995877,37.46662908,40.54995932,28314505.40723015
2018-05-17 03:45:00,NSE:BEL,40.59995927,42.24995761,39.51662702,41.79995806,22246588.31944176
2018-05-18 03:45:00,NSE:BEL,41.56662496,42.16662436,40.33329287,40.48329272,11526902.56465103
2018-05-21 03:45:00,NSE:BEL,39.99995987,40.49995937,38.91662762,39.09996077,9177006.2070592
2018-05-22 03:45:00,NSE:BEL,38.66662787,39.81662672,38.26662827,39.03329417,16655881.71042663
2018-05-23 03:45:00,NSE:BEL,38.94996092,39.56662697,38.69996117,38.93329427,8386631.41409607
2018-05-24 03:45:00,NSE:BEL,39.04996082,39.23329397,38.38329482,38.68329452,7425031.44934705
2018-05-25 03:45:00,NSE:BEL,38.79996107,39.73329347,38.51662802,39.48329372,8685518.71396217
2018-05-28 03:45:00,NSE:BEL,39.66662687,41.79995806,39.58329362,41.19995867,21852909.92447414
2018-05-29 03:45:00,NSE:BEL,41.16662537,41.51662501,40.66662587,40.93329227,13140739.18377266
2018-05-30 03:45:00,NSE:BEL,39.46662707,40.06662647,38.89996097,39.81662672,25204630.28717077
2018-05-31 03:45:00,NSE:BEL,39.96662657,39.96662657,37.94996193,38.13329508,27125487.21431814
2018-06-01 03:45:00,NSE:BEL,37.99996188,38.56662797,36.73329648,37.13329608,20689958.75771452
2018-06-04 03:45:00,NSE:BEL,37.33329588,38.13329508,36.66662988,37.36662918,24504627.58487568
2018-06-05 03:45:00,NSE:BEL,37.38329583,38.11662843,36.99996288,37.66662888,17626589.68431349
2018-06-06 03:45:00,NSE:BEL,37.66662888,38.96662757,37.58329563,38.73329447,19982249.0476872
2018-06-07 03:45:00,NSE:BEL,39.89995997,40.74995912,38.74996112,40.56662597,32471345.5776832
2018-06-08 03:45:00,NSE:BEL,39.83329337,40.21662632,39.33329387,39.51662702,10464259.498528
2018-06-11 03:45:00,NSE:BEL,39.43329377,40.39995947,39.43329377,39.64996022,6191667.21194377
2018-06-12 03:45:00,NSE:BEL,39.59996027,40.61662592,39.49996037,40.46662607,10322569.35637385
2018-06-13 03:45:00,NSE:BEL,40.66662587,40.74995912,39.49996037,39.73329347,8779895.80864834
2018-06-14 03:45:00,NSE:BEL,39.58329362,39.64996022,38.48329472,38.71662782,11821982.86069766
2018-06-15 03:45:00,NSE:BEL,38.83329437,39.69996017,38.46662807,38.94996092,21030141.0990109
2018-06-18 03:45:00,NSE:BEL,38.98329422,39.13329407,37.79996208,38.09996178,9619362.65086428
2018-06-19 03:45:00,NSE:BEL,37.98329523,38.39996147,37.58329563,37.81662873,10429426.4635809
2018-06-20 03:45:00,NSE:BEL,37.73329548,38.06662848,37.03329618,37.24996263,10259377.29297485
2018-06-21 03:45:00,NSE:BEL,37.46662908,37.46662908,36.01663053,36.44996343,16149616.20250319
2018-06-22 03:45:00,NSE:BEL,36.43329678,36.76662978,35.73329748,36.56662998,17661164.71900175
2018-06-25 03:45:00,NSE:BEL,36.48329673,36.99996288,35.78329743,36.46663008,18864468.92624655
2018-06-26 03:45:00,NSE:BEL,36.29996358,36.39996348,35.08329814,35.33329788,19411396.47496519
2018-06-27 03:45:00,NSE:BEL,35.33329788,35.33329788,33.93329929,34.79996509,26922615.01078157
2018-06-28 03:45:00,NSE:BEL,34.41663214,35.16663138,33.76663279,34.58329864,24051960.13072583
2018-06-29 03:45:00,NSE:BEL,34.88329834,36.43329678,34.79996509,36.21663033,19270519.3336267
2018-07-02 03:45:00,NSE:BEL,36.28329693,36.28329693,34.59996529,35.19996468,18396429.45667434
2018-07-03 03:45:00,NSE:BEL,34.99996489,35.94996393,34.76663179,35.81663073,18868161.92995165
2018-07-04 03:45:00,NSE:BEL,35.61663093,35.74996413,34.61663194,34.78329844,13058158.10092114
2018-07-05 03:45:00,NSE:BEL,34.76663179,35.21663133,33.99996589,34.08329914,10440058.47424773
2018-07-06 03:45:00,NSE:BEL,34.16663239,37.41662913,34.09996579,36.93329628,53028950.20261016
2018-07-09 03:45:00,NSE:BEL,37.23329598,37.53329568,35.68329753,35.91663063,22921579.99664391
2018-07-10 03:45:00,NSE:BEL,36.16663038,37.71662883,35.93329728,37.59996228,26831156.91902397
2018-07-11 03:45:00,NSE:BEL,37.66662888,37.73329548,35.89996398,36.09996378,23040131.11558326
2018-07-12 03:45:00,NSE:BEL,36.33329688,36.91662963,35.03329819,35.33329788,17688455.74638215
2018-07-13 03:45:00,NSE:BEL,35.79996408,36.23329698,34.24996564,34.66663189,21314049.38384894
2018-07-16 03:45:00,NSE:BEL,34.71663184,35.03329819,33.49996639,33.61663294,15895173.94722769
2018-07-17 03:45:00,NSE:BEL,34.06663249,34.81663174,33.59996629,34.68329854,24264621.34408347
2018-07-18 03:45:00,NSE:BEL,34.73329849,35.01663154,32.99996689,33.23329899,24044469.12321029
2018-07-19 03:45:00,NSE:BEL,33.29996726,33.73329949,32.23329999,32.64996624,19658455.72283351
2018-07-20 03:45:00,NSE:BEL,32.79996776,34.73329849,32.58330064,34.54996534,27581067.67139054
2018-07-23 03:45:00,NSE:BEL,34.39996549,34.79996509,33.38329984,34.26663229,16157164.21007592
2018-07-24 03:45:00,NSE:BEL,34.28329894,35.84996403,34.14996574,35.63329758,22493110.56677132
2018-07-25 03:45:00,NSE:BEL,35.49996438,35.49996438,33.51663304,33.66663289,31127596.22953332
2018-07-26 03:45:00,NSE:BEL,33.78329944,34.16663239,33.24996664,33.39996649,32172836.27819634
2018-07-27 03:45:00,NSE:BEL,33.63329959,34.38329884,33.46663309,34.16663239,17262092.31862246
2018-07-30 03:45:00,NSE:BEL,34.33329889,36.26663028,34.21663234,35.93329728,42168285.3063786
2018-07-31 03:45:00,NSE:BEL,36.13329708,39.88329332,35.73329748,38.78329442,77121731.3742907
2018-08-01 03:45:00,NSE:BEL,39.56662697,40.63329257,38.83329437,39.03329417,80280881.54378651
2018-08-02 03:45:00,NSE:BEL,38.99996087,39.61662692,37.99996188,38.94996092,22892590.96755995
2018-08-03 03:45:00,NSE:BEL,38.99996087,40.18329302,38.86662767,39.83329337,28213705.30609995
2018-08-06 03:45:00,NSE:BEL,40.03329317,40.19995967,39.33329387,39.83329337,29598707.69563796
2018-08-07 03:45:00,NSE:BEL,39.59996027,39.79996007,38.68329452,38.83329437,13025215.06787023
2018-08-08 03:45:00,NSE:BEL,38.86662767,40.59995927,38.36662817,40.31662622,40606054.73903202
2018-08-09 03:45:00,NSE:BEL,40.66662587,41.03329217,39.71662682,40.39995947,38338139.46368974
2018-08-10 03:45:00,NSE:BEL,40.48329272,41.46662506,39.93329327,40.38329282,43808470.95193555
2018-08-13 03:45:00,NSE:BEL,40.21662632,40.23329297,38.83329437,39.11662742,14906738.95555575
2018-08-14 03:45:00,NSE:BEL,38.88329432,39.39996047,37.76662878,39.19996067,28673494.76739513
2018-08-16 03:45:00,NSE:BEL,38.99996087,39.43329377,38.09996178,38.28329492,14290712.33751176
2018-08-17 03:45:00,NSE:BEL,38.56662797,39.46662707,38.36662817,39.18329402,11741792.78024497
2018-08-20 03:45:00,NSE:BEL,39.06662747,39.49996037,38.81662772,39.14996072,9578127.6094942
2018-08-21 03:45:00,NSE:BEL,39.33329387,40.16662637,39.18329402,39.53329367,14753678.80199436
2018-08-23 03:45:00,NSE:BEL,39.53329367,39.59996027,38.66662787,38.73329447,13224229.26753616
2018-08-24 03:45:00,NSE:BEL,38.66662787,39.31662722,38.39996147,39.16662737,10920268.95603081
2018-08-27 03:45:00,NSE:BEL,39.33329387,39.63329357,38.76662777,38.91662762,15681417.73277146
2018-08-28 03:45:00,NSE:BEL,39.06662747,39.14996072,38.33329487,38.36662817,8750102.77875774
2018-08-29 03:45:00,NSE:BEL,38.39996147,38.84996102,38.16662838,38.26662827,8680376.70880333
2018-08-30 03:45:00,NSE:BEL,38.33329487,38.56662797,37.93329528,38.06662848,12692535.73410143
2018-08-31 03:45:00,NSE:BEL,38.06662848,39.13329407,37.68329553,37.83329538,29239169.33492218
2018-09-03 03:45:00,NSE:BEL,38.08329513,38.49996137,37.33329588,37.48329573,23274800.351021
2018-09-04 03:45:00,NSE:BEL,37.79996208,37.79996208,35.83329738,36.38329683,20666537.7342168
2018-09-05 03:45:00,NSE:BEL,36.46663008,36.46663008,29.8333034,31.48330075,435839072.2663642
2018-09-06 03:45:00,NSE:BEL,31.566634,31.61663428,29.86663604,30.41663615,144894733.36923668
2018-09-07 03:45:00,NSE:BEL,30.3333029,31.24996865,30.03330253,30.61663528,64860626.07303258
2018-09-10 03:45:00,NSE:BEL,30.61663528,31.03330153,30.21663702,30.31663525,32605457.71223453
2018-09-11 03:45:00,NSE:BEL,30.46663677,30.63330327,29.38330452,29.4999704,47399069.5542927
2018-09-12 03:45:00,NSE:BEL,29.4999704,29.53330304,28.41663816,29.21663802,56999586.18624922
2018-09-14 03:45:00,NSE:BEL,29.36663654,29.8333034,29.36663654,29.5999713,22618261.69233229
2018-09-17 03:45:00,NSE:BEL,29.58330365,29.5999713,28.93330531,29.03330354,22569145.6430554
2018-09-18 03:45:00,NSE:BEL,29.03330354,29.18330505,27.89997101,27.99997191,33779502.89012448
2018-09-19 03:45:00,NSE:BEL,28.24997166,28.29997227,27.43330681,27.53330504,23632970.7103643
2018-09-21 03:45:00,NSE:BEL,27.76663981,27.88330603,24.83330842,26.71664053,37031161.15243133
2018-09-24 03:45:00,NSE:BEL,26.86663905,26.96664028,25.73330652,25.89997302,21786234.85758073
2018-09-25 03:45:00,NSE:BEL,25.69997355,26.13330778,24.74997517,25.39997352,26192330.27810529
2018-09-26 03:45:00,NSE:BEL,26.23330601,28.76663881,26.08330716,28.06663751,142002469.46750116
2018-09-27 03:45:00,NSE:BEL,28.33330491,28.64997026,27.16663941,27.34997356,45255300.4035031
2018-09-28 03:45:00,NSE:BEL,27.53330504,27.76663981,26.2833063,26.76664081,22137982.21047998
2018-10-01 03:45:00,NSE:BEL,26.84997406,27.94997129,26.03330655,27.56663801,29322119.41814391
2018-10-03 03:45:00,NSE:BEL,27.58330566,28.24997166,27.04997353,27.79997278,30933736.03503827
2018-10-04 03:45:00,NSE:BEL,27.38330653,27.83330541,26.83330641,27.41663916,24482457.56263306
2018-10-05 03:45:00,NSE:BEL,27.33330591,27.74997216,26.53330605,26.86663905,20945454.01404648
2018-10-08 03:45:00,NSE:BEL,26.33330691,26.58330666,25.06664052,25.71664153,29928777.02678821
2018-10-09 03:45:00,NSE:BEL,25.71664153,26.24997366,24.93330932,25.29997528,28296121.38878592
2018-10-10 03:45:00,NSE:BEL,25.66664092,27.26664031,25.54997503,27.14997176,26090618.1760601
2018-10-11 03:45:00,NSE:BEL,26.16664041,28.83330441,25.89997302,28.29997227,42896839.03731822
2018-10-12 03:45:00,NSE:BEL,28.66663791,29.13330477,28.26663931,28.51663906,23021759.09715108
2018-10-15 03:45:00,NSE:BEL,28.81663676,29.36663654,28.09997281,29.08330415,17167412.22363231
2018-10-16 03:45:00,NSE:BEL,29.18330505,29.4999704,28.91663766,29.3333039,13062016.10479178
2018-10-17 03:45:00,NSE:BEL,29.53330304,29.74997015,28.28330429,28.49997141,11772101.81065326
2018-10-19 03:45:00,NSE:BEL,28.29997227,28.73330351,27.39997151,27.69997154,22909714.98474004
2018-10-22 03:45:00,NSE:BEL,27.96663928,28.66663791,27.58330566,28.23330401,18668139.72927442
2018-10-23 03:45:00,NSE:BEL,28.11663779,29.1666374,28.03330454,29.01663855,21949777.02165846
2018-10-24 03:45:00,NSE:BEL,29.3333039,29.46663777,27.99997191,28.23330401,20489024.5561223
2018-10-25 03:45:00,NSE:BEL,27.93330631,28.39997051,27.33330591,27.78330479,27339936.42946964
2018-10-26 03:45:00,NSE:BEL,27.73330451,30.3333029,27.18330706,29.41663715,72418266.65542302
2018-10-29 03:45:00,NSE:BEL,29.6666369,30.3333029,28.68330556,28.79997177,39264567.39315155
2018-10-30 03:45:00,NSE:BEL,28.79997177,30.3333029,28.79997177,29.94996929,53536748.71207162
2018-10-31 03:45:00,NSE:BEL,29.6666369,31.13330276,29.6666369,31.01663655,34636003.74943022
2018-11-01 03:45:00,NSE:BEL,31.11663478,32.83330039,31.0666345,32.49996739,58131772.32214307
2018-11-02 03:45:00,NSE:BEL,32.76663479,32.96663426,31.51663605,31.69996753,20519681.58687973
2018-11-05 03:45:00,NSE:BEL,31.68330255,32.23329999,31.01663655,31.84996905,12621063.6623953
2018-11-06 03:45:00,NSE:BEL,31.91663465,32.24996764,31.566634,31.61663428,12935352.97771385
2018-11-07 03:45:00,NSE:BEL,31.98330025,31.98330025,31.71663551,31.81663375,1471156.47597424
2018-11-09 03:45:00,NSE:BEL,31.8333014,33.08330014,31.7666358,32.88330101,26676983.76434593
2018-11-12 03:45:00,NSE:BEL,32.89996599,33.09996779,31.4999684,31.68330255,13179559.22271983
2018-11-13 03:45:00,NSE:BEL,31.6666349,31.7666358,30.899968,31.53330103,11296556.33355046
2018-11-14 03:45:00,NSE:BEL,31.81663375,32.64996624,31.3999675,31.9333023,16517233.57132444
2018-11-15 03:45:00,NSE:BEL,31.899967,32.48329974,31.34996955,32.23329999,8838158.8671022
2018-11-16 03:45:00,NSE:BEL,32.33330089,32.34996854,30.53330203,30.94996828,17977221.03609309
2018-11-19 03:45:00,NSE:BEL,30.9999689,31.4999684,30.79996977,31.29996926,10805377.84076344
2018-11-20 03:45:00,NSE:BEL,31.31663425,31.9999679,30.7666368,30.96663627,21194685.26409392
2018-11-21 03:45:00,NSE:BEL,31.14996775,31.71663551,30.7666368,31.41663515,10910614.94634518
2018-11-22 03:45:00,NSE:BEL,31.4333028,31.58330165,31.0666345,31.24996865,10296049.32976698
2018-11-26 03:45:00,NSE:BEL,31.5999693,32.04996851,31.03330153,31.96663526,20503523.5706688
2018-11-27 03:45:00,NSE:BEL,31.6666349,31.8333014,30.86663503,31.04996951,13761790.80685811
2018-11-28 03:45:00,NSE:BEL,31.21663601,31.3333019,29.41663715,29.566636,29465780.56227552
2018-11-29 03:45:00,NSE:BEL,29.6666369,29.7333025,27.83330541,28.26663931,80182532.44511533
2018-11-30 03:45:00,NSE:BEL,28.24997166,28.46663877,27.58330566,27.74997216,35208749.32405143
2018-12-03 03:45:00,NSE:BEL,28.04997252,28.81663676,27.46663978,28.39997051,30724935.82555428
2018-12-04 03:45:00,NSE:BEL,28.33330491,28.79997177,27.83330541,27.96663928,14637809.68574579
2018-12-05 03:45:00,NSE:BEL,27.68330656,27.96663928,26.99997291,27.56663801,16503844.55789158
2018-12-06 03:45:00,NSE:BEL,27.18330706,27.99997191,27.16663941,27.26664031,21612834.6836127
2018-12-07 03:45:00,NSE:BEL,27.43330681,27.51664006,26.66663991,26.69997255,21818325.88977685
2018-12-10 03:45:00,NSE:BEL,26.03330655,26.76664081,25.59997532,25.88330803,60029343.22592818
2018-12-11 03:45:00,NSE:BEL,25.49997442,26.59997431,24.99997492,26.24997366,49626997.78951698
2018-12-12 03:45:00,NSE:BEL,26.46664078,27.29997328,26.41664016,26.73330551,24321114.40076153
2018-12-13 03:45:00,NSE:BEL,27.03330554,28.38330552,26.88330703,28.13330577,51720495.8898709
2018-12-14 03:45:00,NSE:BEL,28.29997227,28.29997227,27.08330616,27.46663978,29710991.80828978
2018-12-17 03:45:00,NSE:BEL,27.59997331,28.16663841,27.58330566,27.91663866,24032544.11124622
2018-12-18 03:45:00,NSE:BEL,27.76663981,28.19997104,27.61663829,28.11663779,26882129.97016395
2018-12-19 03:45:00,NSE:BEL,28.21663902,29.0999718,28.13330577,28.88330502,35638631.75534165
2018-12-20 03:45:00,NSE:BEL,28.61663729,30.31663525,28.46663877,30.0999708,62658524.86371989
2018-12-21 03:45:00,NSE:BEL,30.38330352,31.5999693,29.3333039,29.46663777,113350613.72181591
2018-12-24 03:45:00,NSE:BEL,29.46663777,29.78330279,29.0666365,29.31663625,33134286.24279487
2018-12-26 03:45:00,NSE:BEL,29.24997065,29.8333034,28.41663816,29.566636,37833823.9577227
2018-12-27 03:45:00,NSE:BEL,30.08330315,30.1666364,28.54997202,28.71663852,74697020.9416398
2018-12-28 03:45:00,NSE:BEL,28.99997091,29.41663715,28.86663704,29.29997127,22391734.46506323
2018-12-31 03:45:00,NSE:BEL,28.79997177,29.899969,28.76663881,29.31663625,31537300.64057944
2019-01-01 03:45:00,NSE:BEL,29.46663777,29.58330365,29.03330354,29.14996975,10478038.51235214
2019-01-02 03:45:00,NSE:BEL,29.08330415,30.08330315,28.91663766,29.899969,30694191.79470957
2019-01-03 03:45:00,NSE:BEL,30.03330253,30.28330228,29.44996979,29.5999713,39807930.9382945
2019-01-04 03:45:00,NSE:BEL,29.63330427,30.71663652,29.4999704,30.61663528,34527304.64037514
2019-01-07 03:45:00,NSE:BEL,30.8333024,31.0666345,30.34997055,30.46663677,24057531.13631508
2019-01-08 03:45:00,NSE:BEL,30.4999694,30.61663528,30.01663755,30.28330228,14104706.15089644
2019-01-09 03:45:00,NSE:BEL,30.36663553,30.94996828,30.0666355,30.78330178,18285627.34550938
2019-01-10 03:45:00,NSE:BEL,30.63330327,30.9999689,30.4999694,30.79996977,17549438.60690976
2019-01-11 03:45:00,NSE:BEL,30.86663503,30.96663627,30.58330265,30.68330355,22185724.25837838
2019-01-14 03:45:00,NSE:BEL,30.63330327,30.84997005,29.899969,30.53330203,15934215.98639758
2019-01-15 03:45:00,NSE:BEL,30.6666359,30.71663652,29.91663665,30.0666355,22043689.1158781
2019-01-16 03:45:00,NSE:BEL,30.1666364,30.41663615,29.46663777,29.63330427,17562371.61988512
2019-01-17 03:45:00,NSE:BEL,29.7333025,29.79997077,28.89997001,29.0666365,23812991.89097501
2019-01-18 03:45:00,NSE:BEL,29.29997127,29.41663715,28.68330556,28.78330379,11667617.70582698
2019-01-21 03:45:00,NSE:BEL,28.96663827,29.19997004,28.56663701,28.83330441,9151749.18171946
2019-01-22 03:45:00,NSE:BEL,28.98330326,29.13330477,28.11663779,28.38330552,19554871.61891019
2019-01-23 03:45:00,NSE:BEL,28.46663877,28.58330466,27.86663804,27.96663928,11639027.67714333
2019-01-24 03:45:00,NSE:BEL,27.98330426,28.09997281,27.46663978,27.59997331,13418641.46258502
2019-01-25 03:45:00,NSE:BEL,27.73330451,27.99997191,26.68330756,26.7833058,17708495.7664878
2019-01-28 03:45:00,NSE:BEL,26.7833058,27.03330554,26.34997456,26.56663901,13648216.69291207
2019-01-29 03:45:00,NSE:BEL,26.64997226,27.46663978,26.53330605,27.28330529,26089277.17471471
2019-01-30 03:45:00,NSE:BEL,27.44997179,28.21663902,27.33330591,27.99997191,23315942.39229777
2019-01-31 03:45:00,NSE:BEL,29.19997004,29.3333039,27.78330479,27.88330603,87061014.34612298
2019-02-01 03:45:00,NSE:BEL,28.04997252,28.73330351,27.74997216,28.19997104,29213285.30895339
2019-02-04 03:45:00,NSE:BEL,28.16663841,28.16663841,27.21664003,27.59997331,11287916.32488215
2019-02-05 03:45:00,NSE:BEL,27.19997204,27.73330451,26.41664016,26.59997431,15855801.90772671
2019-02-06 03:45:00,NSE:BEL,26.66663991,27.39997151,26.09997481,27.29997328,18884979.94682474
2019-02-07 03:45:00,NSE:BEL,27.33330591,27.66663891,26.84997406,27.21664003,16189348.24236535
2019-02-08 03:45:00,NSE:BEL,27.04997353,27.28330529,26.49997341,26.66663991,10374145.40811881
2019-02-11 03:45:00,NSE:BEL,26.6166393,26.63330728,25.29997528,25.58330767,24270627.35010914
2019-02-12 03:45:00,NSE:BEL,25.6166403,26.64997226,25.38330853,25.89997302,26343578.42984875
2019-02-13 03:45:00,NSE:BEL,26.04997453,26.2833063,24.59997632,24.83330842,27244470.33369091
2019-02-14 03:45:00,NSE:BEL,25.03330755,25.48330677,24.16664242,24.83330842,53580443.75590975
2019-02-15 03:45:00,NSE:BEL,24.99997492,25.41664117,24.71664254,25.03330755,30063453.16190538
2019-02-18 03:45:00,NSE:BEL,25.18330907,25.43330882,24.9499743,25.09997582,12307272.34757638
2019-02-19 03:45:00,NSE:BEL,25.16664142,25.66664092,25.04997553,25.33330792,17095703.1516884
2019-02-20 03:45:00,NSE:BEL,25.93330832,26.24997366,25.43330882,25.83330742,37576600.69965708
2019-02-21 03:45:00,NSE:BEL,25.73330652,25.98330626,25.34997557,25.81663977,14611091.65894027
2019-02-22 03:45:00,NSE:BEL,26.26664131,26.41664016,25.99997391,26.18330806,31188166.29030174
2019-02-25 03:45:00,NSE:BEL,26.18330806,27.09997381,25.69997355,26.96664028,66028206.24443634
2019-02-26 03:45:00,NSE:BEL,26.49997341,26.84997406,25.79997478,26.56663901,45772290.92218666
2019-02-27 03:45:00,NSE:BEL,26.66663991,27.58330566,26.56663901,26.88330703,42834951.97522848
2019-02-28 03:45:00,NSE:BEL,26.99997291,27.73330451,26.68330756,27.49997241,71638625.87322906
2019-03-01 03:45:00,NSE:BEL,27.66663891,28.43330581,27.66663891,28.33330491,34016830.12822892
2019-03-05 03:45:00,NSE:BEL,28.59997231,30.38330352,28.38330552,30.04997052,59932713.12898162
2019-03-06 03:45:00,NSE:BEL,30.28330228,31.29996926,30.01663755,30.69996853,51195672.36332867
2019-03-07 03:45:00,NSE:BEL,30.91663565,30.91663565,29.63330427,29.78330279,34017769.129171
2019-03-08 03:45:00,NSE:BEL,29.3333039,29.6666369,28.93330531,29.0666365,36310542.42945271
2019-03-11 03:45:00,NSE:BEL,29.24997065,30.6666359,29.0999718,30.54997002,42558645.69801735
2019-03-12 03:45:00,NSE:BEL,30.7333015,31.233301,30.233302,30.3999685,45229122.37723934
2019-03-13 03:45:00,NSE:BEL,30.4333038,31.44996778,29.31663625,31.19996803,63010911.21726024
2019-03-14 03:45:00,NSE:BEL,31.4999684,31.566634,30.38330352,31.0666345,45891739.04202595
2019-03-15 03:45:00,NSE:BEL,31.01663655,31.81663375,30.78330178,31.64996725,63556068.76420307
2019-03-18 03:45:00,NSE:BEL,31.86663403,32.04996851,31.13330276,31.44996778,35936895.05458171
2019-03-19 03:45:00,NSE:BEL,31.48330075,32.33330089,31.14996775,32.23329999,48370773.52917882
2019-03-20 03:45:00,NSE:BEL,32.21663501,32.54996801,31.01663655,31.1666354,54651900.83087565
2019-03-22 03:45:00,NSE:BEL,31.3333019,31.46663576,30.18330405,30.34997055,41619926.75622428
2019-03-25 03:45:00,NSE:BEL,30.1666364,31.03330153,29.9999699,30.5999703,30160233.25900242
2019-03-26 03:45:00,NSE:BEL,30.74996915,31.08330215,30.566635,30.79996977,20409317.4761542
2019-03-27 03:45:00,NSE:BEL,30.96663627,31.3999675,30.51663705,30.69996853,27294381.38376541
2019-03-28 03:45:00,NSE:BEL,30.96663627,31.0666345,30.54997002,30.81663475,49917428.08089838
2019-03-29 03:45:00,NSE:BEL,31.58330165,32.03330053,30.9999689,31.08330215,74227559.47064093
2019-04-01 03:45:00,NSE:BEL,31.2666363,32.51663504,30.94996828,31.96663526,65733365.9486305
2019-04-02 03:45:00,NSE:BEL,32.13330176,33.93329929,32.01663555,33.61663294,106871861.2218467
2019-04-03 03:45:00,NSE:BEL,34.01663254,34.06663249,32.24996764,32.41663414,61986773.18976835
2019-04-04 03:45:00,NSE:BEL,32.43330179,32.99996689,32.03330053,32.44996678,37349899.47221345
2019-04-05 03:45:00,NSE:BEL,32.71663451,32.78329978,32.09996879,32.26663529,20317601.38413775
2019-04-08 03:45:00,NSE:BEL,32.29996826,32.48329974,31.48330075,31.6666349,20624243.69178426
2019-04-09 03:45:00,NSE:BEL,31.71663551,32.11663378,31.0666345,31.9333023,27228882.31805184
2019-04-10 03:45:00,NSE:BEL,31.84996905,32.26663529,31.63330226,31.84996905,21749310.82053577
2019-04-11 03:45:00,NSE:BEL,31.79996876,31.8333014,30.96663627,31.0999698,53425415.60037391
2019-04-12 03:45:00,NSE:BEL,31.18330305,31.3999675,30.6666359,31.31663425,41529587.66558934
2019-04-15 03:45:00,NSE:BEL,31.54996901,31.91663465,31.34996955,31.6666349,20654954.72259586
2019-04-16 03:45:00,NSE:BEL,31.68330255,31.88330201,31.29996926,31.38330251,13209364.25262246
2019-04-18 03:45:00,NSE:BEL,31.38330251,31.51663605,30.71663652,30.8333024,16277743.33104992
2019-04-22 03:45:00,NSE:BEL,30.63330327,30.63330327,29.53330304,29.79997077,22971269.04649568
2019-04-23 03:45:00,NSE:BEL,29.7666378,29.94996929,29.29997127,29.46663777,24354768.43452577
2019-04-24 03:45:00,NSE:BEL,29.4999704,29.7333025,29.1666374,29.46663777,20413553.48040408
2019-04-25 03:45:00,NSE:BEL,29.51663805,29.86663604,28.88330502,29.01663855,48818199.9780705
2019-04-26 03:45:00,NSE:BEL,29.1666374,29.51663805,28.84997206,29.38330452,21338190.40806902
2019-04-30 03:45:00,NSE:BEL,29.3333039,29.41663715,28.43330581,29.04997152,22789747.86438006
2019-05-02 03:45:00,NSE:BEL,28.93330531,29.74997015,28.74997116,29.41663715,24345030.42475588
2019-05-03 03:45:00,NSE:BEL,29.41663715,29.7666378,29.1666374,29.48330275,26423543.5100757
2019-05-06 03:45:00,NSE:BEL,29.21663802,29.48330275,29.0666365,29.41663715,11389046.42634344
2019-05-07 03:45:00,NSE:BEL,29.6666369,29.78330279,28.81663676,28.89997001,18255936.31572111
2019-05-08 03:45:00,NSE:BEL,28.89997001,29.0999718,28.53330404,28.96663827,15589923.64097774
2019-05-09 03:45:00,NSE:BEL,28.94997029,30.36663553,28.74997116,29.98330225,29622131.71913869
2019-05-10 03:45:00,NSE:BEL,30.03330253,30.24996965,29.5999713,29.899969,20809277.87742439
2019-05-13 03:45:00,NSE:BEL,29.899969,30.1666364,28.79997177,28.96663827,18117849.17718176
2019-05-14 03:45:00,NSE:BEL,28.96663827,29.9333043,28.66663791,29.69996954,17664851.72270083
2019-05-15 03:45:00,NSE:BEL,29.69996954,29.9333043,29.51663805,29.6666369,14422151.46938133
2019-05-16 03:45:00,NSE:BEL,29.8333034,29.88330402,28.88330502,29.74997015,12642918.68432189
2019-05-17 03:45:00,NSE:BEL,29.6666369,30.79996977,29.54997102,30.64996825,20954715.02333782
2019-05-20 03:45:00,NSE:BEL,31.69996753,33.36663319,31.69996753,33.09996779,51849190.01898648
2019-05-21 03:45:00,NSE:BEL,33.29996726,33.29996726,31.84996905,32.31663324,25111306.19354105
2019-05-22 03:45:00,NSE:BEL,32.66663389,34.08329914,32.26663529,33.69996619,45689871.83949768
2019-05-23 03:45:00,NSE:BEL,34.66663189,35.88329733,33.78329944,34.21663234,77957067.21236211
2019-05-24 03:45:00,NSE:BEL,34.36663219,37.49996238,34.33329889,37.26662928,108593154.94877735
2019-05-27 03:45:00,NSE:BEL,37.16662938,39.24996062,36.48329673,37.66662888,68299001.52266806
2019-05-28 03:45:00,NSE:BEL,37.64996223,38.23329497,37.18329603,37.58329563,35917209.03483122
2019-05-29 03:45:00,NSE:BEL,37.76662878,37.88329533,36.66662988,37.39996248,32644304.75120878
2019-05-30 03:45:00,NSE:BEL,38.66662787,38.66662787,37.11662943,37.79996208,105093294.43745545
2019-05-31 03:45:00,NSE:BEL,37.94996193,38.31662822,36.54996333,37.21662933,49922342.08582847
2019-06-03 03:45:00,NSE:BEL,37.33329588,37.56662898,36.88329633,37.06662948,31057996.15970532
2019-06-04 03:45:00,NSE:BEL,36.93329628,38.06662848,36.93329628,37.71662883,28189468.28178355
2019-06-06 03:45:00,NSE:BEL,37.66662888,37.71662883,35.39996448,35.61663093,41677058.81354343
2019-06-07 03:45:00,NSE:BEL,35.89996398,36.66662988,34.98329824,36.09996378,39082869.21085834
2019-06-10 03:45:00,NSE:BEL,36.18329703,36.49996338,35.44996443,35.89996398,15825321.87714686
2019-06-11 03:45:00,NSE:BEL,36.01663053,37.04996283,35.84996403,36.81662973,23772878.85073061
2019-06-12 03:45:00,NSE:BEL,36.66662988,36.96662958,35.58329763,35.66663088,20186867.25297549
2019-06-13 03:45:00,NSE:BEL,35.74996413,36.74996313,35.73329748,36.68329653,18529383.59006388
2019-06-14 03:45:00,NSE:BEL,36.58329663,37.19996268,36.28329693,36.93329628,24943633.02531879
2019-06-17 03:45:00,NSE:BEL,36.99996288,37.41662913,36.14996373,36.33329688,32924100.03192034
2019-06-18 03:45:00,NSE:BEL,36.44996343,36.89996298,36.24996363,36.59996328,23424824.50153645
2019-06-19 03:45:00,NSE:BEL,36.84996303,37.33329588,35.34996453,35.86663068,32430962.53716791
2019-06-20 03:45:00,NSE:BEL,35.99996388,36.98329623,35.88329733,36.86662968,16063969.11657563
2019-06-21 03:45:00,NSE:BEL,36.91662963,37.76662878,36.31663023,37.16662938,33804516.91522042
2019-06-24 03:45:00,NSE:BEL,37.28329593,38.39996147,37.16662938,38.24996162,42151809.28984863
2019-06-25 03:45:00,NSE:BEL,38.31662822,38.43329477,37.54996233,37.96662858,33003300.11137978
2019-06-26 03:45:00,NSE:BEL,37.94996193,38.44996142,37.83329538,38.13329508,21223527.2930304
2019-06-27 03:45:00,NSE:BEL,38.49996137,38.86662767,38.19996167,38.31662822,51050295.21747545
2019-06-28 03:45:00,NSE:BEL,38.33329487,38.69996117,37.23329598,37.49996238,20912489.9809745
2019-07-01 03:45:00,NSE:BEL,37.74996213,38.48329472,36.59996328,36.94996293,33367926.47720023
2019-07-02 03:45:00,NSE:BEL,36.99996288,37.61662893,36.99996288,37.36662918,14009309.05518694
2019-07-03 03:45:00,NSE:BEL,37.56662898,37.94996193,36.96662958,37.69996218,25226965.30957893
2019-07-04 03:45:00,NSE:BEL,37.73329548,38.14996173,37.44996243,37.86662868,12187374.22728561
2019-07-05 03:45:00,NSE:BEL,38.08329513,38.24996162,35.73329748,36.13329708,30916279.01752408
2019-07-08 03:45:00,NSE:BEL,36.03329718,36.58329663,33.58329964,33.73329949,53678837.85462606
2019-07-09 03:45:00,NSE:BEL,33.66663289,36.03329718,33.33329989,35.78329743,71879235.11462624
2019-07-10 03:45:00,NSE:BEL,35.81663073,35.81663073,34.43329879,34.61663194,24602529.6830984
2019-07-11 03:45:00,NSE:BEL,34.83329839,35.73329748,34.38329884,35.59996428,28447639.54080027
2019-07-12 03:45:00,NSE:BEL,35.46663108,35.69996418,34.76663179,35.34996453,58318309.50929114
2019-07-15 03:45:00,NSE:BEL,35.24996463,35.24996463,33.73329949,34.28329894,30095922.19448075
2019-07-16 03:45:00,NSE:BEL,34.29996559,35.06663149,34.16663239,34.34996554,23451341.52814031
2019-07-17 03:45:00,NSE:BEL,34.49996539,34.79996509,34.03329919,34.43329879,16754878.80974792
2019-07-18 03:45:00,NSE:BEL,34.59996529,34.63329859,31.96663526,32.18330204,43257196.39885568
2019-07-19 03:45:00,NSE:BEL,32.49996739,33.31663224,31.2666363,32.84996804,63753330.96211127
2019-07-22 03:45:00,NSE:BEL,32.79996776,33.91663264,31.9333023,33.49996639,41161589.29638585
2019-07-23 03:45:00,NSE:BEL,33.64996624,34.13329909,32.74996714,32.94996628,30391416.49094273
2019-07-24 03:45:00,NSE:BEL,33.04996751,33.39996649,31.94996728,32.53330003,24861393.94281039
2019-07-25 03:45:00,NSE:BEL,32.73329949,33.41663314,32.39996649,33.04996751,40596931.72987914
2019-07-26 03:45:00,NSE:BEL,33.29996726,33.29996726,32.61663328,32.88330101,21059502.12846808
2019-07-29 03:45:00,NSE:BEL,32.68330154,32.76663479,30.71663652,30.91663565,41593859.73007189
2019-07-30 03:45:00,NSE:BEL,31.13330276,33.46663309,31.08330215,32.79996776,114516972.89199468
2019-07-31 03:45:00,NSE:BEL,32.46663476,34.49996539,32.33330089,34.23329899,68598479.82312709
2019-08-01 03:45:00,NSE:BEL,33.78329944,33.93329929,32.23329999,32.91663364,38784620.91163334
2019-08-02 03:45:00,NSE:BEL,32.33330089,32.88330101,31.41663515,31.78330078,41095127.22970613
2019-08-05 03:45:00,NSE:BEL,31.64996725,31.64996725,30.3999685,30.8333024,70443727.6744178
2019-08-06 03:45:00,NSE:BEL,30.79996977,32.56663299,30.79996977,32.31663324,42197214.33540237
2019-08-07 03:45:00,NSE:BEL,32.29996826,32.79996776,31.3999675,31.61663428,33700104.81046639
2019-08-08 03:45:00,NSE:BEL,31.7333005,32.46663476,31.1666354,32.33330089,31400191.50302129
2019-08-09 03:45:00,NSE:BEL,32.24996764,32.96663426,32.16663439,32.54996801,17455625.51278944
2019-08-13 03:45:00,NSE:BEL,32.54996801,32.81663274,31.13330276,31.41663515,22317772.39085895
2019-08-14 03:45:00,NSE:BEL,31.3333019,31.9999679,30.69996853,31.68330255,21367125.4370988
2019-08-16 03:45:00,NSE:BEL,31.68330255,32.16663439,31.34996955,32.03330053,16438501.49233453
2019-08-19 03:45:00,NSE:BEL,32.13330176,32.79996776,31.79996876,32.61663328,20751896.81985542
2019-08-20 03:45:00,NSE:BEL,32.29996826,32.44996678,30.6666359,31.11663478,27155067.24399504
2019-08-21 03:45:00,NSE:BEL,31.19996803,31.7666358,30.4999694,30.64996825,25750672.8350015
2019-08-22 03:45:00,NSE:BEL,30.94996828,31.3999675,30.69996853,31.0999698,35013842.12850595
2019-08-23 03:45:00,NSE:BEL,31.2666363,33.64996624,30.9333033,33.29996726,51949183.11930704
2019-08-26 03:45:00,NSE:BEL,33.98329924,34.99996489,33.39996649,34.06663249,51918112.08813425
2019-08-27 03:45:00,NSE:BEL,33.99996589,34.93329829,33.91663264,34.54996534,27645498.7360326
2019-08-28 03:45:00,NSE:BEL,34.39996549,34.84996504,34.24996564,34.56663199,26066465.15182798
2019-08-29 03:45:00,NSE:BEL,34.41663214,35.44996443,33.58329964,34.89996499,60333309.5308899
2019-08-30 03:45:00,NSE:BEL,34.66663189,34.99996489,33.54996634,34.29996559,26464334.55100033
2019-09-03 03:45:00,NSE:BEL,33.74996614,34.59996529,33.46663309,33.61663294,20432819.49973319
2019-09-04 03:45:00,NSE:BEL,33.63329959,35.73329748,33.63329959,35.49996438,51820071.9897731
2019-09-05 03:45:00,NSE:BEL,35.66663088,36.48329673,35.39996448,35.94996393,46413805.56580215
2019-09-06 03:45:00,NSE:BEL,35.83329738,36.49996338,35.64996423,36.34996353,29489390.58596286
2019-09-09 03:45:00,NSE:BEL,36.56662998,36.96662958,36.24996363,36.56662998,30785832.88665077
2019-09-11 03:45:00,NSE:BEL,36.56662998,37.11662943,35.73329748,35.98329723,28361950.45483057
2019-09-12 03:45:00,NSE:BEL,36.16663038,36.73329648,35.68329753,35.99996388,26803859.89163755
2019-09-13 03:45:00,NSE:BEL,36.03329718,36.59996328,35.13329808,36.21663033,22195447.26813323
2019-09-16 03:45:00,NSE:BEL,36.99996288,37.79996208,36.23329698,36.43329678,53785922.96206186
2019-09-17 03:45:00,NSE:BEL,36.64996323,37.48329573,35.81663073,36.01663053,55784659.96734436
2019-09-18 03:45:00,NSE:BEL,36.34996353,36.79996308,35.21663133,35.63329758,34163980.27586096
2019-09-19 03:45:00,NSE:BEL,35.89996398,35.89996398,34.64996524,34.76663179,20922854.99137345
2019-09-20 03:45:00,NSE:BEL,35.13329808,36.98329623,34.56663199,36.03329718,63740343.94908173
2019-09-23 03:45:00,NSE:BEL,36.74996313,38.54996132,36.13329708,37.48329573,60392580.59035507
2019-09-24 03:45:00,NSE:BEL,37.49996238,37.74996213,36.83329638,37.28329593,33511383.62112717
2019-09-25 03:45:00,NSE:BEL,37.16662938,37.18329603,35.96663058,36.31663023,18553146.61390472
2019-09-26 03:45:00,NSE:BEL,36.24996363,37.26662928,35.76663078,36.99996288,24021462.10012792
2019-09-27 03:45:00,NSE:BEL,36.81662973,37.08329613,35.94996393,36.04996383,18383592.44379529
2019-09-30 03:45:00,NSE:BEL,36.11663043,36.29996358,35.03329819,36.09996378,23611208.68853101
2019-10-01 03:45:00,NSE:BEL,36.19996368,37.06662948,35.21663133,35.71663083,30449898.54961631
2019-10-03 03:45:00,NSE:BEL,35.39996448,35.73329748,34.76663179,35.13329808,20914997.98349071
2019-10-04 03:45:00,NSE:BEL,35.33329788,35.83329738,34.74996514,34.98329824,26160788.24645996
2019-10-07 03:45:00,NSE:BEL,35.03329819,35.41663113,34.49996539,34.78329844,18641949.70299862
2019-10-09 03:45:00,NSE:BEL,34.99996489,35.54996433,34.68329854,35.13329808,20174312.24037936
2019-10-10 03:45:00,NSE:BEL,35.03329819,35.48329773,34.63329859,35.21663133,13718347.7632728
2019-10-11 03:45:00,NSE:BEL,35.23329798,35.46663108,34.66663189,35.01663154,18654207.71529678
2019-10-14 03:45:00,NSE:BEL,35.19996468,36.71662983,35.16663138,36.31663023,33280932.38992126
2019-10-15 03:45:00,NSE:BEL,36.64996323,37.04996283,36.04996383,36.83329638,25630222.71415693
2019-10-16 03:45:00,NSE:BEL,36.99996288,37.53329568,36.71662983,37.31662923,31470361.57342116
2019-10-17 03:45:00,NSE:BEL,37.31662923,37.83329538,37.21662933,37.73329548,24550371.63076954
2019-10-18 03:45:00,NSE:BEL,37.64996223,40.33329287,37.63329558,38.84996102,77943750.19900149
2019-10-22 03:45:00,NSE:BEL,38.93329427,39.34996052,38.21662832,38.44996142,28561303.65483661
2019-10-23 03:45:00,NSE:BEL,38.44996142,38.84996102,37.76662878,37.98329523,32842907.95046237
2019-10-24 03:45:00,NSE:BEL,38.14996173,38.73329447,37.53329568,38.64996122,21415932.48606568
2019-10-25 03:45:00,NSE:BEL,38.66662787,39.14996072,38.21662832,38.88329432,24790860.87204633
2019-10-29 03:45:00,NSE:BEL,39.09996077,40.13329307,38.89996097,39.56662697,27978892.07051774
2019-10-30 03:45:00,NSE:BEL,39.96662657,40.69995917,39.23329397,39.78329342,28093354.1853547
2019-10-31 03:45:00,NSE:BEL,39.94995992,40.13329307,39.21662732,39.38329382,23706245.78387933
2019-11-01 03:45:00,NSE:BEL,39.59996027,40.58329262,39.36662717,40.13329307,25696798.78095102
2019-11-04 03:45:00,NSE:BEL,40.34995952,40.69995917,39.68329352,39.83329337,32660012.76696824
2019-11-05 03:45:00,NSE:BEL,38.43329477,38.63329457,37.19996268,37.53329568,62888370.09431782
2019-11-06 03:45:00,NSE:BEL,37.48329573,37.49996238,36.04996383,36.46663008,50423072.58819878
2019-11-07 03:45:00,NSE:BEL,36.51663003,36.74996313,35.89996398,36.29996358,26145707.23132956
2019-11-08 03:45:00,NSE:BEL,36.21663033,37.59996228,36.21663033,36.48329673,40157761.28927049
2019-11-11 03:45:00,NSE:BEL,36.38329683,36.71662983,35.91663063,36.28329693,22302733.37577068
2019-11-13 03:45:00,NSE:BEL,36.26663028,36.53329668,35.73329748,36.36663018,26958792.04707708
2019-11-14 03:45:00,NSE:BEL,36.48329673,36.96662958,36.26663028,36.43329678,17998989.0579324
2019-11-15 03:45:00,NSE:BEL,36.56662998,37.44996243,36.53329668,37.08329613,16088215.14090106
2019-11-18 03:45:00,NSE:BEL,37.01662953,37.43329578,36.51663003,36.63329658,17733203.79127674
2019-11-19 03:45:00,NSE:BEL,36.58329663,37.33329588,36.53329668,37.14996273,11950397.98953332
2019-11-20 03:45:00,NSE:BEL,37.31662923,37.58329563,36.79996308,36.93329628,20834558.90278821
2019-11-21 03:45:00,NSE:BEL,36.86662968,37.11662943,36.56662998,36.79996308,12233295.27335704
2019-11-22 03:45:00,NSE:BEL,36.73329648,36.93329628,35.99996388,36.48329673,17271464.32802516
2019-11-25 03:45:00,NSE:BEL,36.11663043,36.31663023,34.96663159,35.58329763,33287688.39669939
2019-11-26 03:45:00,NSE:BEL,35.98329723,36.26663028,34.19996569,34.38329884,31860985.96532477
2019-11-27 03:45:00,NSE:BEL,34.49996539,34.83329839,34.19996569,34.34996554,12796794.83870196
2019-11-28 03:45:00,NSE:BEL,34.34996554,35.08329814,34.08329914,34.76663179,22439848.51333484
2019-11-29 03:45:00,NSE:BEL,34.84996504,35.13329808,34.21663234,34.36663219,14661731.70974616
2019-12-02 03:45:00,NSE:BEL,34.43329879,34.53329869,33.58329964,34.36663219,20186363.25246984
2019-12-03 03:45:00,NSE:BEL,34.24996564,34.39996549,33.48329974,33.66663289,26022206.107424
2019-12-04 03:45:00,NSE:BEL,33.73329949,33.93329929,33.36663319,33.74996614,18411366.47166028
2019-12-05 03:45:00,NSE:BEL,33.93329929,34.43329879,33.81663274,34.01663254,19073545.13600745
2019-12-06 03:45:00,NSE:BEL,34.16663239,34.66663189,33.83329939,34.21663234,24794055.8752518
2019-12-09 03:45:00,NSE:BEL,34.26663229,34.99996489,34.01663254,34.16663239,18155073.2145277
2019-12-10 03:45:00,NSE:BEL,34.28329894,34.29996559,32.58330064,33.23329899,35565416.68188681
2019-12-11 03:45:00,NSE:BEL,33.56663299,33.56663299,32.18330204,32.81663274,39852798.9833095
2019-12-12 03:45:00,NSE:BEL,33.09996779,33.14996574,32.54996801,32.93330129,32591951.69868428
2019-12-13 03:45:00,NSE:BEL,33.26663429,33.73329949,32.83330039,33.33329989,28292518.38517112
2019-12-16 03:45:00,NSE:BEL,33.46663309,34.09996579,33.16663339,33.68329954,19226323.28928592
2019-12-17 03:45:00,NSE:BEL,33.68329954,33.81663274,33.33329989,33.39996649,12393678.43426543
2019-12-18 03:45:00,NSE:BEL,33.44996644,33.58329964,33.21663401,33.48329974,13404175.44807163
2019-12-19 03:45:00,NSE:BEL,33.41663314,33.59996629,33.16663339,33.36663319,10160173.19344587
2019-12-20 03:45:00,NSE:BEL,33.38329984,33.46663309,32.83330039,32.93330129,10121107.1542519
2019-12-23 03:45:00,NSE:BEL,32.89996599,33.34996654,32.83330039,32.94996628,22862689.937561
2019-12-24 03:45:00,NSE:BEL,32.94996628,33.26663429,32.83330039,33.19996602,11035955.07209577
2019-12-26 03:45:00,NSE:BEL,33.19996602,33.56663299,32.78329978,32.94996628,22525732.59950019
2019-12-27 03:45:00,NSE:BEL,33.09996779,33.91663264,33.04996751,33.23329899,17607107.66476767
2019-12-30 03:45:00,NSE:BEL,33.38329984,33.59996629,33.19996602,33.31663224,9577842.60920826
2019-12-31 03:45:00,NSE:BEL,33.39996649,33.99996589,33.19996602,33.34996654,22468654.54223521
2020-01-01 03:45:00,NSE:BEL,33.43329979,33.64996624,33.13330076,33.38329984,15438309.48886708
2020-01-02 03:45:00,NSE:BEL,33.54996634,34.59996529,33.29996726,34.38329884,26262776.34878206
2020-01-03 03:45:00,NSE:BEL,34.39996549,34.63329859,33.44996644,33.64996624,21950245.02212799
2020-01-06 03:45:00,NSE:BEL,33.16663339,33.63329959,31.88330201,32.31663324,36402765.52197782
2020-01-07 03:45:00,NSE:BEL,32.78329978,32.99996689,31.7666358,32.11663378,33298293.40733913
2020-01-08 03:45:00,NSE:BEL,31.68330255,32.38330151,31.48330075,31.81663375,20424329.49121538
2020-01-09 03:45:00,NSE:BEL,32.33330089,32.41663414,31.9333023,32.33330089,41681078.8175766
2020-01-10 03:45:00,NSE:BEL,32.33330089,32.86663303,32.33330089,32.39996649,23088704.16431538
2020-01-13 03:45:00,NSE:BEL,32.73329949,33.08330014,32.51663504,32.66663389,28538692.63215154
2020-01-14 03:45:00,NSE:BEL,32.94996628,33.39996649,32.64996624,33.28329927,21417723.48786255
2020-01-15 03:45:00,NSE:BEL,33.39996649,34.88329834,33.16663339,34.61663194,39241413.3699217
2020-01-16 03:45:00,NSE:BEL,35.33329788,35.74996413,34.78329844,35.24996463,54250500.42816074
2020-01-17 03:45:00,NSE:BEL,35.19996468,36.31663023,34.89996499,36.19996368,33279885.38887083
2020-01-20 03:45:00,NSE:BEL,36.33329688,36.33329688,34.54996534,34.99996489,28115995.20806986
2020-01-21 03:45:00,NSE:BEL,34.66663189,35.33329788,34.61663194,35.01663154,17126642.18272875
2020-01-22 03:45:00,NSE:BEL,35.01663154,35.01663154,33.33329989,33.64996624,46807426.96071258
2020-01-23 03:45:00,NSE:BEL,33.69996619,34.84996504,33.38329984,33.71663284,64975403.18818556
2020-01-24 03:45:00,NSE:BEL,33.78329944,34.54996534,33.76663279,33.94996594,20621780.68931319
2020-01-27 03:45:00,NSE:BEL,33.89996599,34.49996539,33.66663289,33.88329934,24177387.2565637
2020-01-28 03:45:00,NSE:BEL,33.86663269,34.01663254,33.13330076,33.39996649,32134082.23931539
2020-01-29 03:45:00,NSE:BEL,33.63329959,33.71663284,33.23329899,33.51663304,28345582.43840895
2020-01-30 03:45:00,NSE:BEL,33.74996614,34.48329874,33.43329979,33.58329964,33639210.74937292
2020-01-31 03:45:00,NSE:BEL,32.08330114,32.99996689,29.96663727,30.21663702,169748165.304059
2020-02-01 03:45:00,NSE:BEL,29.7666378,30.566635,27.78330479,28.31663726,79915493.17720157
2020-02-03 03:45:00,NSE:BEL,28.33330491,29.14996975,26.91663966,27.83330541,76345294.59531122
2020-02-04 03:45:00,NSE:BEL,28.18330606,29.03330354,28.14997076,28.28330429,44426888.57237838
2020-02-05 03:45:00,NSE:BEL,28.33330491,29.38330452,28.18330606,28.96663827,45829755.97983991
2020-02-06 03:45:00,NSE:BEL,29.28330329,29.3333039,28.54997202,28.99997091,31688911.79268709
2020-02-07 03:45:00,NSE:BEL,29.03330354,29.3333039,28.73330351,29.18330505,30367899.4673487
2020-02-10 03:45:00,NSE:BEL,29.28330329,29.28330329,28.61663729,28.83330441,37802392.92618874
2020-02-11 03:45:00,NSE:BEL,28.63330527,29.0666365,28.43330581,28.56663701,40352299.48444578
2020-02-12 03:45:00,NSE:BEL,28.46663877,28.54997202,27.83330541,27.99997191,23629265.70664716
2020-02-13 03:45:00,NSE:BEL,27.99997191,28.49997141,27.71663953,28.39997051,25245058.3277312
2020-02-14 03:45:00,NSE:BEL,28.41663816,28.58330466,27.54997303,27.68330656,28646797.74061068
2020-02-17 03:45:00,NSE:BEL,27.69997154,27.84997306,26.83330641,26.99997291,36810165.93071238
2020-02-18 03:45:00,NSE:BEL,26.91663966,27.96663928,26.51664106,27.59997331,45656538.8060555
2020-02-19 03:45:00,NSE:BEL,27.74997216,28.29997227,27.31663826,28.23330401,29176028.27157434
2020-02-20 03:45:00,NSE:BEL,28.21663902,29.03330354,27.94997129,28.84997206,38155373.28032503
2020-02-24 03:45:00,NSE:BEL,28.56663701,28.56663701,27.08330616,27.31663826,25592314.67612475
2020-02-25 03:45:00,NSE:BEL,27.39997151,27.93330631,27.39997151,27.49997241,17040848.09665371
2020-02-26 03:45:00,NSE:BEL,27.36663854,27.56663801,26.43330781,26.76664081,19537663.60164582
2020-02-27 03:45:00,NSE:BEL,26.83330641,26.91663966,25.71664153,25.81663977,42868861.00924856
2020-02-28 03:45:00,NSE:BEL,25.51664207,25.51664207,24.2833083,24.64997427,52332202.50358074
2020-03-02 03:45:00,NSE:BEL,25.33330792,25.63330828,23.99997592,24.31664127,27625095.71556277
2020-03-03 03:45:00,NSE:BEL,24.46664279,25.04997553,24.08330917,24.83330842,57863389.0528809
2020-03-04 03:45:00,NSE:BEL,24.89997402,25.06664052,23.51664407,24.9499743,61044064.24397222
2020-03-05 03:45:00,NSE:BEL,25.49997442,25.49997442,24.21664304,24.36664155,46784929.93814189
2020-03-06 03:45:00,NSE:BEL,23.63331029,24.04997654,23.04997754,23.83330942,29644727.74180872
2020-03-09 03:45:00,NSE:BEL,23.29997729,23.49997642,22.54997804,23.23330902,51248247.4160759
2020-03-11 03:45:00,NSE:BEL,23.16664342,23.38331054,22.53331006,22.94997631,36373179.4922949
2020-03-12 03:45:00,NSE:BEL,22.04997854,22.24997768,20.7999798,21.88331205,71924916.1604569
2020-03-13 03:45:00,NSE:BEL,19.99997993,23.51664407,19.99997993,23.29997729,65882472.09822494
2020-03-16 03:45:00,NSE:BEL,22.83331043,23.31664227,21.66664493,21.96664529,41016347.15066806
2020-03-17 03:45:00,NSE:BEL,21.99997793,23.79997679,21.94997731,23.23330902,37735834.8594127
2020-03-18 03:45:00,NSE:BEL,23.29997729,26.71664053,22.38331154,24.93330932,98470034.79250585
2020-03-19 03:45:00,NSE:BEL,23.01664457,24.16664242,20.9666463,21.51664608,60527568.72578526
2020-03-20 03:45:00,NSE:BEL,21.66664493,23.99997592,21.49997843,23.76664382,55460764.64238834
2020-03-23 03:45:00,NSE:BEL,21.68331258,22.54997804,19.04998155,19.81664712,24523095.60340418
2020-03-24 03:45:00,NSE:BEL,20.66664593,21.16664543,18.66664794,19.48331412,27423132.51293818
2020-03-25 03:45:00,NSE:BEL,19.266647,21.11664481,18.86664707,20.89997936,18227244.28693512
2020-03-26 03:45:00,NSE:BEL,21.08331218,22.81664278,20.36664557,22.44997681,37021771.14301057
2020-03-27 03:45:00,NSE:BEL,24.66664192,25.58330767,22.91664367,24.38330954,47228915.3835813
2020-03-30 03:45:00,NSE:BEL,24.21664304,25.29997528,23.56664202,24.19997505,46532173.6845579
2020-03-31 03:45:00,NSE:BEL,24.98330727,25.26664232,24.19997505,24.81664077,21484572.55493054
2020-04-01 03:45:00,NSE:BEL,24.59997632,25.41664117,22.46664479,23.01664457,28985354.08027572
2020-04-03 03:45:00,NSE:BEL,23.91664267,23.96664329,22.83331043,23.31664227,27959059.05061977
2020-04-07 03:45:00,NSE:BEL,24.26664332,24.33330892,22.83331043,22.99997692,37885733.00980174
2020-04-08 03:45:00,NSE:BEL,22.99997692,23.76664382,21.69997756,22.13331179,50099705.26377249
2020-04-09 03:45:00,NSE:BEL,22.46664479,23.81664177,22.34997858,23.38331054,29167751.26327022
2020-04-13 03:45:00,NSE:BEL,24.33330892,24.49997542,23.36664256,23.49997642,29985444.08364084
2020-04-15 03:45:00,NSE:BEL,23.99997592,24.41664217,22.96664429,23.19997606,34458964.57181127
2020-04-16 03:45:00,NSE:BEL,23.49997642,24.06664152,23.39997552,23.66664292,70596604.82779558
2020-04-17 03:45:00,NSE:BEL,24.16664242,24.36664155,23.54997704,23.76664382,59156483.35020984
2020-04-20 03:45:00,NSE:BEL,24.09997682,25.76664182,23.81664177,25.1166408,104549051.8914306
2020-04-21 03:45:00,NSE:BEL,24.98330727,25.68330857,24.09997682,25.29997528,62020091.2231955
2020-04-22 03:45:00,NSE:BEL,25.31664027,25.89997302,24.96664228,25.53330705,31721599.82548217
2020-04-23 03:45:00,NSE:BEL,25.56664002,26.36663955,25.23330702,25.33330792,39150225.27843499
2020-04-24 03:45:00,NSE:BEL,25.03330755,25.89997302,24.4499748,24.84997607,72878626.11729006
2020-04-27 03:45:00,NSE:BEL,25.06664052,25.2833073,24.38330954,24.54997604,21746133.81734836
2020-04-28 03:45:00,NSE:BEL,24.74997517,24.83330842,24.23330802,24.41664217,14137238.18353501
2020-04-29 03:45:00,NSE:BEL,24.64997427,24.69997455,24.04997654,24.38330954,29329709.42575877
2020-04-30 03:45:00,NSE:BEL,24.69997455,24.81664077,23.78330881,24.03330855,51330318.49841575
2020-05-04 03:45:00,NSE:BEL,23.51664407,23.56664202,22.33331093,22.48330978,36061719.17981461
2020-05-05 03:45:00,NSE:BEL,22.86664306,22.86664306,21.71664555,21.7999788,25049152.13118345
2020-05-06 03:45:00,NSE:BEL,21.76664583,21.94997731,20.91664568,21.21664605,31888819.99324995
2020-05-07 03:45:00,NSE:BEL,21.1333128,21.44997781,20.84997875,20.88331305,26105672.19116341
2020-05-08 03:45:00,NSE:BEL,21.16664543,21.24997868,19.83331344,19.89998037,39652971.78282789
2020-05-11 03:45:00,NSE:BEL,20.16664643,20.66664593,19.78331282,20.04998055,43532038.67459801
2020-05-12 03:45:00,NSE:BEL,19.89998037,20.39997987,19.24998069,20.18331275,40166494.2980321
2020-05-13 03:45:00,NSE:BEL,21.4666458,22.19997706,20.74997918,21.89997703,84071949.34726936
2020-05-14 03:45:00,NSE:BEL,21.48331078,21.83331143,21.08331218,21.21664605,33958234.06944098
2020-05-15 03:45:00,NSE:BEL,21.01664525,22.93331132,20.74997918,22.58331068,100684508.01423106
2020-05-18 03:45:00,NSE:BEL,23.66664292,23.93331032,21.33331193,21.49997843,128709309.13080819
2020-05-19 03:45:00,NSE:BEL,21.84997908,22.21664504,20.54998005,20.7666455,63289104.49636455
2020-05-20 03:45:00,NSE:BEL,20.86664506,21.39997753,20.56664637,21.06664586,50209988.37441675
2020-05-21 03:45:00,NSE:BEL,21.4666458,21.7999788,20.7999798,20.99997893,61143562.34379614
2020-05-22 03:45:00,NSE:BEL,20.83331243,21.18331175,20.49997943,21.01664525,34434352.54711865
2020-05-26 03:45:00,NSE:BEL,21.18331175,21.76664583,21.11664481,21.66664493,32416580.5227388
2020-05-27 03:45:00,NSE:BEL,21.68331258,22.36664356,21.39997753,22.21664504,48061749.21914251
2020-05-28 03:45:00,NSE:BEL,22.31664328,23.46664379,22.06664353,23.21664404,70316971.54724656
2020-05-29 03:45:00,NSE:BEL,22.99997692,23.48330877,22.66664393,23.06664252,40149778.28126134
2020-06-01 03:45:00,NSE:BEL,23.33330992,23.66664292,23.06664252,23.13331079,47417324.5726075
2020-06-02 03:45:00,NSE:BEL,23.19997606,23.46664379,22.88331104,23.21664404,21861942.93353674
2020-06-03 03:45:00,NSE:BEL,23.43331082,24.73330752,23.16664342,24.53330805,72960823.19975634
2020-06-04 03:45:00,NSE:BEL,24.53330805,24.93330932,23.89997502,24.26664332,30661575.76198672
2020-06-05 03:45:00,NSE:BEL,24.46664279,24.7833078,24.2833083,24.64997427,28620502.71422954
2020-06-08 03:45:00,NSE:BEL,25.06664052,25.79997478,24.71664254,24.88330904,45796347.94632247
2020-06-09 03:45:00,NSE:BEL,25.1166408,25.38330853,24.18331007,24.34997657,35357405.4731944
2020-06-10 03:45:00,NSE:BEL,24.54997604,24.84997607,23.91664267,24.48330777,28261945.35449797
2020-06-11 03:45:00,NSE:BEL,24.6166413,24.89997402,23.43331082,23.54997704,31889050.99348171
2020-06-12 03:45:00,NSE:BEL,22.46664479,24.08330917,22.46664479,23.96664329,42305844.44438822
2020-06-15 03:45:00,NSE:BEL,23.98330827,24.18331007,23.14997577,23.64997527,27797952.88898602
2020-06-16 03:45:00,NSE:BEL,24.2833083,24.29997629,23.06664252,23.54997704,31937204.04179245
2020-06-17 03:45:00,NSE:BEL,23.71664354,24.26664332,23.54997704,23.88331004,35644052.76078041
2020-06-18 03:45:00,NSE:BEL,23.98330827,25.74997417,23.88331004,25.6166403,100178614.50668085
2020-06-19 03:45:00,NSE:BEL,25.81663977,27.16663941,25.48330677,26.68330756,85909859.191198
2020-06-22 03:45:00,NSE:BEL,27.29997328,27.63330628,26.73330551,27.09997381,68068499.29141097
2020-06-23 03:45:00,NSE:BEL,27.28330529,27.91663866,26.83330641,27.76663981,66446217.66381667
2020-06-24 03:45:00,NSE:BEL,28.03330454,28.53330404,27.34997356,27.49997241,69845395.07412577
2020-06-25 03:45:00,NSE:BEL,27.31663826,28.31663726,26.99997291,27.89997101,60787320.98638816
2020-06-26 03:45:00,NSE:BEL,28.31663726,28.81663676,27.93330631,28.43330581,46126948.27800546
2020-06-29 03:45:00,NSE:BEL,28.31663726,29.566636,28.09997281,29.18330505,69976108.20526695
2020-06-30 03:45:00,NSE:BEL,31.03330153,31.3999675,29.3333039,29.54997102,186680863.29220843
2020-07-01 03:45:00,NSE:BEL,29.54997102,29.7666378,29.18330505,29.566636,35385008.50088783
2020-07-02 03:45:00,NSE:BEL,29.98330225,30.1666364,29.4999704,29.68330455,27362244.45185072
2020-07-03 03:45:00,NSE:BEL,30.3333029,32.64996624,30.1666364,32.39996649,205338941.01138788
2020-07-06 03:45:00,NSE:BEL,32.73329949,34.51663204,32.33330089,34.06663249,132086310.51886864
2020-07-07 03:45:00,NSE:BEL,33.89996599,34.46663209,33.23329899,34.01663254,93082797.38762625
2020-07-08 03:45:00,NSE:BEL,33.66663289,35.13329808,33.51663304,34.51663204,68150762.37394345
2020-07-09 03:45:00,NSE:BEL,34.19996569,34.31663224,33.16663339,33.28329927,54331434.50935986
2020-07-10 03:45:00,NSE:BEL,33.28329927,33.83329939,32.78329978,33.23329899,36404970.52419004
2020-07-13 03:45:00,NSE:BEL,33.56663299,33.78329944,32.56663299,32.83330039,32373314.47933106
2020-07-14 03:45:00,NSE:BEL,33.09996779,33.38329984,31.84996905,32.36663353,57522078.71045282
2020-07-15 03:45:00,NSE:BEL,33.16663339,33.19996602,31.79996876,32.03330053,37965833.09016414
2020-07-16 03:45:00,NSE:BEL,32.16663439,32.24996764,31.38330251,31.48330075,36942952.06393338
2020-07-17 03:45:00,NSE:BEL,31.46663576,32.81663274,31.34996955,32.66663389,30475257.57505838
2020-07-20 03:45:00,NSE:BEL,32.66663389,33.29996726,32.09996879,32.24996764,34048966.1604702
2020-07-21 03:45:00,NSE:BEL,32.53330003,33.59996629,32.19996703,33.08330014,42524109.66336822
2020-07-22 03:45:00,NSE:BEL,33.29996726,33.31663224,32.16663439,32.63330126,26702369.78981509
2020-07-23 03:45:00,NSE:BEL,32.66663389,34.49996539,32.51663504,34.16663239,63985990.19553242
2020-07-24 03:45:00,NSE:BEL,34.31663224,34.88329834,33.73329949,34.04996584,68262092.48563816
2020-07-27 03:45:00,NSE:BEL,34.24996564,34.24996564,32.74996714,33.13330076,34956077.07055172
2020-07-28 03:45:00,NSE:BEL,32.39996649,33.06663249,31.78330078,32.18330204,64749814.96185857
2020-07-29 03:45:00,NSE:BEL,32.18330204,33.39996649,32.16663439,32.43330179,52237516.40858458
2020-07-30 03:45:00,NSE:BEL,32.59996829,32.78329978,31.64996725,31.88330201,36716244.83648372
2020-07-31 03:45:00,NSE:BEL,31.9333023,32.24996764,31.24996865,31.94996728,44032919.1771188
2020-08-03 03:45:00,NSE:BEL,31.9999679,33.06663249,31.68330255,32.26663529,31151032.25304609
2020-08-04 03:45:00,NSE:BEL,32.64996624,33.66663289,32.29996826,33.46663309,51832384.00212542
2020-08-05 03:45:00,NSE:BEL,33.64996624,34.08329914,32.94996628,33.46663309,34169182.28108
2020-08-06 03:45:00,NSE:BEL,33.46663309,33.78329944,32.86663303,33.01663454,20006432.07194942
2020-08-07 03:45:00,NSE:BEL,33.09996779,33.58329964,32.78329978,33.06663249,23311595.38793653
2020-08-10 03:45:00,NSE:BEL,35.14996473,37.96662858,34.79996509,36.09996378,197465766.1124298
2020-08-11 03:45:00,NSE:BEL,36.46663008,36.78329643,35.08329814,35.28329793,64312903.52351633
2020-08-12 03:45:00,NSE:BEL,35.31663123,37.06662948,35.11663143,36.88329633,86740818.02487808
2020-08-13 03:45:00,NSE:BEL,36.99996288,38.46662807,36.54996333,38.14996173,89867910.16221087
2020-08-14 03:45:00,NSE:BEL,38.33329487,39.48329372,36.51663003,37.71662883,102781138.11772723
2020-08-17 03:45:00,NSE:BEL,38.29996157,38.31662822,36.63329658,36.93329628,45730923.88068415
2020-08-18 03:45:00,NSE:BEL,36.99996288,37.73329548,36.56662998,37.23329598,44867178.01410968
2020-08-19 03:45:00,NSE:BEL,37.54996233,38.36662817,37.26662928,37.43329578,50101325.26539778
2020-08-20 03:45:00,NSE:BEL,36.99996288,37.66662888,36.54996333,37.29996258,34004302.11565988
2020-08-21 03:45:00,NSE:BEL,37.49996238,37.83329538,36.93329628,37.36662918,29551460.64823619
2020-08-24 03:45:00,NSE:BEL,36.99996288,38.33329487,36.86662968,38.19996167,53667302.84305328
2020-08-25 03:45:00,NSE:BEL,38.38329482,38.64996122,37.09996278,37.46662908,43986770.13081862
2020-08-26 03:45:00,NSE:BEL,37.53329568,37.73329548,36.86662968,37.26662928,36546435.66611845
2020-08-27 03:45:00,NSE:BEL,37.28329593,37.54996233,36.59996328,36.76662978,27418641.50843246
2020-08-28 03:45:00,NSE:BEL,37.98329523,38.24996162,36.93329628,37.34996253,48606597.76577534
2020-08-31 03:45:00,NSE:BEL,37.49996238,37.69996218,34.99996489,35.36663118,42730758.87069416
2020-09-01 03:45:00,NSE:BEL,35.66663088,36.23329698,34.79996509,35.98329723,34287109.39939331
2020-09-02 03:45:00,NSE:BEL,35.98329723,36.56662998,35.41663113,36.33329688,17392604.44956199
2020-09-03 03:45:00,NSE:BEL,36.49996338,36.78329643,35.93329728,36.14996373,26657588.74488739
2020-09-04 03:45:00,NSE:BEL,35.16663138,36.16663038,35.11663143,35.46663108,29954925.05302186
2020-09-07 03:45:00,NSE:BEL,35.63329758,36.04996383,34.89996499,35.19996468,19158424.2211645
2020-09-08 03:45:00,NSE:BEL,35.36663118,35.53329768,33.86663269,34.21663234,30300921.40015129
2020-09-09 03:45:00,NSE:BEL,33.76663279,34.48329874,33.23329899,33.68329954,34568566.68177232
2020-09-10 03:45:00,NSE:BEL,33.88329934,34.23329899,32.99996689,33.86663269,23708165.78580562
2020-09-11 03:45:00,NSE:BEL,33.99996589,34.24996564,33.76663279,34.08329914,14089130.13526942
2020-09-14 03:45:00,NSE:BEL,35.33329788,36.54996333,34.79996509,35.68329753,53552510.72788525
2020-09-15 03:45:00,NSE:BEL,35.34996453,35.66663088,34.64996524,34.93329829,26941584.02981271
2020-09-16 03:45:00,NSE:BEL,34.99996489,35.16663138,34.09996579,34.48329874,14635754.68368406
2020-09-17 03:45:00,NSE:BEL,34.16663239,34.96663159,34.13329909,34.51663204,21721404.79253836
2020-09-18 03:45:00,NSE:BEL,34.66663189,34.86663169,34.06663249,34.63329859,27984649.0762936
2020-09-21 03:45:00,NSE:BEL,34.56663199,34.59996529,31.69996753,32.09996879,40827769.96147331
2020-09-22 03:45:00,NSE:BEL,32.11663378,32.19996703,30.3333029,30.7333015,48562053.72108542
2020-09-23 03:45:00,NSE:BEL,31.01663655,31.8333014,30.78330178,31.28330128,48748914.90855854
2020-09-24 03:45:00,NSE:BEL,30.7333015,30.98330125,29.88330402,30.14996875,30841914.94291648
2020-09-25 03:45:00,NSE:BEL,30.63330327,31.46663576,30.44996878,31.0999698,19433467.49710849
2020-09-28 03:45:00,NSE:BEL,31.3333019,32.76663479,31.28330128,32.48329974,21869334.94095295
2020-09-29 03:45:00,NSE:BEL,32.89996599,33.09996779,31.5999693,31.9999679,27336969.42649292
2020-09-30 03:45:00,NSE:BEL,31.9999679,32.14996674,31.29996926,31.91663465,14189726.23619495
2020-10-01 03:45:00,NSE:BEL,32.08330114,32.53330003,31.6666349,32.03330053,12637893.67928043
2020-10-05 03:45:00,NSE:BEL,32.13330176,32.23329999,31.53330103,32.06663349,11784896.82349017
2020-10-06 03:45:00,NSE:BEL,32.19996703,32.33330089,31.54996901,31.91663465,19176802.2396027
2020-10-07 03:45:00,NSE:BEL,31.94996728,32.14996674,31.29996926,31.38330251,13131673.17467696
2020-10-08 03:45:00,NSE:BEL,31.6666349,31.7666358,30.86663503,31.18330305,13561069.60547959
2020-10-09 03:45:00,NSE:BEL,31.0666345,31.34996955,30.5999703,30.9333033,12672714.7142155
2020-10-12 03:45:00,NSE:BEL,31.01663655,31.6666349,30.86663503,31.18330305,21410166.4802808
2020-10-13 03:45:00,NSE:BEL,31.18330305,31.31663425,30.3333029,30.4999694,19966985.0323732
2020-10-14 03:45:00,NSE:BEL,30.64996825,31.24996865,30.38330352,30.51663705,22321870.39497037
2020-10-15 03:45:00,NSE:BEL,30.58330265,30.81663475,29.28330329,29.46663777,15859152.91108869
2020-10-16 03:45:00,NSE:BEL,29.233303,30.44996878,29.233303,30.3333029,21800814.87220849
2020-10-19 03:45:00,NSE:BEL,30.46663677,30.64996825,29.48330275,30.01663755,22513861.5875903
2020-10-20 03:45:00,NSE:BEL,29.71663752,30.36663553,29.68330455,29.98330225,14686244.73433946
2020-10-21 03:45:00,NSE:BEL,29.9999699,30.9333033,29.71663752,30.79996977,28952351.04716462
2020-10-22 03:45:00,NSE:BEL,30.78330178,31.71663551,30.54997002,31.03330153,28783420.87768123
2020-10-23 03:45:00,NSE:BEL,31.28330128,31.41663515,30.71663652,30.86663503,17663153.72099727
2020-10-26 03:45:00,NSE:BEL,30.86663503,30.91663565,29.68330455,29.98330225,18531918.59260718
2020-10-27 03:45:00,NSE:BEL,29.96663727,30.14996875,29.566636,29.899969,12330129.37050825
2020-10-28 03:45:00,NSE:BEL,29.899969,30.01663755,29.233303,29.41663715,13331344.37500205
2020-10-29 03:45:00,NSE:BEL,29.21663802,29.63330427,28.78330379,28.88330502,16816771.87184367
2020-10-30 03:45:00,NSE:BEL,28.96663827,29.94996929,28.81663676,28.99997091,27636411.72691584
2020-11-02 03:45:00,NSE:BEL,29.28330329,29.86663604,29.08330415,29.54997102,14246093.2927466
2020-11-03 03:45:00,NSE:BEL,29.61663629,30.13330377,29.61663629,29.79997077,10505992.54039771
2020-11-04 03:45:00,NSE:BEL,30.08330315,30.11663578,29.29997127,29.63330427,10174510.20782984
2020-11-05 03:45:00,NSE:BEL,29.79997077,31.14996775,29.68330455,30.96663627,21741285.81248448
2020-11-06 03:45:00,NSE:BEL,30.69996853,31.1666354,30.4999694,30.81663475,20163761.2297938
2020-11-09 03:45:00,NSE:BEL,31.4999684,31.63330226,30.58330265,31.01663655,24865422.94685258
2020-11-10 03:45:00,NSE:BEL,30.9999689,32.08330114,30.68330355,31.79996876,31640500.7441175
2020-11-11 03:45:00,NSE:BEL,31.98330025,32.46663476,31.4999684,31.899967,24266751.34622044
2020-11-12 03:45:00,NSE:BEL,32.03330053,32.16663439,31.3333019,31.41663515,32573507.68017986
2020-11-13 03:45:00,NSE:BEL,31.29996926,32.41663414,30.91663565,32.23329999,23221562.2976086
2020-11-14 12:30:00,NSE:BEL,32.39996649,32.39996649,32.13330176,32.19996703,2843183.85249475
2020-11-17 03:45:00,NSE:BEL,32.51663504,32.58330064,31.91663465,32.04996851,13608061.65262553
2020-11-18 03:45:00,NSE:BEL,32.04996851,32.76663479,31.899967,32.18330204,31608835.71234878
2020-11-19 03:45:00,NSE:BEL,32.16663439,36.08329713,31.899967,34.36663219,127231711.64837186
2020-11-20 03:45:00,NSE:BEL,35.04996484,36.63329658,34.83329839,36.11663043,111976447.3431494
2020-11-23 03:45:00,NSE:BEL,36.18329703,36.34996353,34.83329839,35.33329788,32719727.82687885
2020-11-24 03:45:00,NSE:BEL,35.33329788,36.29996358,35.33329788,35.89996398,32900286.00802833
2020-11-25 03:45:00,NSE:BEL,35.99996388,36.79996308,35.29996458,35.61663093,37300972.42312618
2020-11-26 03:45:00,NSE:BEL,35.79996408,36.43329678,35.61663093,36.29996358,28747087.84122921
2020-11-27 03:45:00,NSE:BEL,36.48329673,37.93329528,36.34996353,37.03329618,42740511.88047911
2020-12-01 03:45:00,NSE:BEL,37.03329618,37.59996228,36.76662978,37.26662928,32351645.45759108
2020-12-02 03:45:00,NSE:BEL,37.33329588,38.33329487,37.18329603,37.84996203,48411429.569968
2020-12-03 03:45:00,NSE:BEL,38.03329518,38.93329427,37.94996193,38.33329487,48553920.71292578
2020-12-04 03:45:00,NSE:BEL,38.63329457,39.33329387,38.13329508,38.58329462,46007824.15849123
2020-12-07 03:45:00,NSE:BEL,38.61662792,38.91662762,38.11662843,38.31662822,26587037.67410528
2020-12-08 03:45:00,NSE:BEL,38.51662802,38.68329452,37.03329618,37.71662883,36642771.76277002
2020-12-09 03:45:00,NSE:BEL,38.58329462,40.83329237,38.26662827,38.98329422,147504894.9879461
2020-12-10 03:45:00,NSE:BEL,38.93329427,38.93329427,37.48329573,38.13329508,38748653.87554851
2020-12-11 03:45:00,NSE:BEL,38.13329508,38.79996107,37.78329543,38.21662832,41079950.21447942
2020-12-14 03:45:00,NSE:BEL,38.54996132,39.74996012,38.39996147,39.51662702,75008850.2544903
2020-12-15 03:45:00,NSE:BEL,39.13329407,39.76662677,39.06662747,39.41662712,32266784.3724521
2020-12-16 03:45:00,NSE:BEL,39.66662687,40.23329297,39.11662742,39.36662717,38725163.85198158
2020-12-17 03:45:00,NSE:BEL,39.33329387,40.28329292,38.59996127,40.09995977,56242292.42647548
2020-12-18 03:45:00,NSE:BEL,40.48329272,40.89995897,39.51662702,40.41662612,97760420.08056729
2020-12-21 03:45:00,NSE:BEL,40.23329297,41.06662547,36.38329683,37.31662923,86979159.26399986
2020-12-22 03:45:00,NSE:BEL,37.31662923,38.03329518,35.44996443,37.41662913,73882727.12467933
2020-12-23 03:45:00,NSE:BEL,37.73329548,38.64996122,37.49996238,38.48329472,39048012.17588716
2020-12-24 03:45:00,NSE:BEL,38.71662782,39.38329382,38.09996178,38.29996157,28256200.34873415
2020-12-28 03:45:00,NSE:BEL,38.73329447,38.84996102,37.96662858,38.19996167,28341910.43472492
2020-12-29 03:45:00,NSE:BEL,38.39996147,38.73329447,37.98329523,38.24996162,20782100.85015837
2020-12-30 03:45:00,NSE:BEL,38.33329487,38.43329477,37.79996208,38.13329508,18996649.05885955
2020-12-31 03:45:00,NSE:BEL,38.56662797,40.24995962,38.46662807,39.98329322,112170493.53783105
2021-01-01 03:45:00,NSE:BEL,40.33329287,42.66662386,40.19995967,42.13329106,201696370.35688847
2021-01-04 03:45:00,NSE:BEL,42.99995686,43.93328926,42.29995756,43.76662276,105614670.96053937
2021-01-05 03:45:00,NSE:BEL,43.33328986,44.4166221,42.99995686,43.83328936,64361587.57235981
2021-01-06 03:45:00,NSE:BEL,43.99995586,45.13328472,43.21661998,44.38328547,74098883.3415434
2021-01-07 03:45:00,NSE:BEL,44.79995172,44.99995485,43.76662276,43.91662261,46011073.16175086
2021-01-08 03:45:00,NSE:BEL,44.3499555,44.5832886,43.84995601,44.03329249,19906366.97155662
2021-01-11 03:45:00,NSE:BEL,44.26662226,45.183288,43.18329001,44.86662499,42426384.5653231
2021-01-12 03:45:00,NSE:BEL,44.9832882,45.3166212,44.46661872,44.8166217,32608265.71505172
2021-01-13 03:45:00,NSE:BEL,44.849955,45.89995395,44.14995571,44.6832885,38455517.58145225
2021-01-14 03:45:00,NSE:BEL,44.9166216,46.99995285,44.849955,46.38328346,94302760.61158462
2021-01-15 03:45:00,NSE:BEL,46.23328695,46.49995335,44.13328572,44.4832887,44817773.96454384
2021-01-18 03:45:00,NSE:BEL,44.61662524,45.0832881,42.76662376,44.516622,53634581.8102251
2021-01-19 03:45:00,NSE:BEL,44.849955,46.06662045,44.69995849,45.6832875,64391590.6024611
2021-01-20 03:45:00,NSE:BEL,45.78329073,46.3166202,44.96661822,45.16662135,39771282.90152646
2021-01-21 03:45:00,NSE:BEL,45.49995435,45.93328725,44.09995576,44.63328522,31082485.18427455
2021-01-22 03:45:00,NSE:BEL,44.49995535,45.16662135,43.63328622,44.11662574,30823191.92413215
2021-01-25 03:45:00,NSE:BEL,44.5832886,44.9166216,42.96662023,43.56662296,22702228.77657436
2021-01-27 03:45:00,NSE:BEL,43.66662286,44.79995172,43.59995626,44.23328896,55897979.08103457
2021-01-28 03:45:00,NSE:BEL,43.66662286,44.89995495,43.28329324,43.73328946,49918709.08218358
2021-01-29 03:45:00,NSE:BEL,43.59995626,45.4166211,42.33329086,43.34995651,77617550.87173392
2021-02-01 03:45:00,NSE:BEL,43.33328986,44.93328825,41.86662466,44.56662195,47400047.5552739
2021-02-02 03:45:00,NSE:BEL,44.9166216,45.59995425,43.79995272,44.49995535,32215718.32121881
2021-02-03 03:45:00,NSE:BEL,44.73328845,47.06661945,44.71661847,46.36662348,63440421.64817724
2021-02-04 03:45:00,NSE:BEL,46.5832866,47.26661925,45.6832875,46.9832862,55032223.21244351
2021-02-05 03:45:00,NSE:BEL,47.33328584,47.73328544,46.23328695,46.73328645,29863169.96096629
2021-02-08 03:45:00,NSE:BEL,47.06661945,47.66661884,46.49995335,46.9166196,31927223.03177875
2021-02-09 03:45:00,NSE:BEL,47.1499527,47.33328584,45.79995072,45.9832872,48306822.46501834
2021-02-10 03:45:00,NSE:BEL,46.29995022,47.44995573,46.11662373,46.61662323,33662169.77240712
2021-02-11 03:45:00,NSE:BEL,46.43328675,46.83328635,44.86662499,45.13328472,35392829.50873445
2021-02-12 03:45:00,NSE:BEL,45.28329124,45.66662085,44.71661847,45.4166211,24806289.88752588
2021-02-15 03:45:00,NSE:BEL,45.78329073,45.9832872,44.93328825,45.36662448,23422277.4989811
2021-02-16 03:45:00,NSE:BEL,45.36662448,46.1499537,44.18328901,44.38328547,48715341.87487556
2021-02-17 03:45:00,NSE:BEL,44.03329249,46.5832866,44.03329249,46.36662348,46231762.38316281
2021-02-18 03:45:00,NSE:BEL,46.44995673,47.96661521,45.94995723,47.183286,43649422.79236654
2021-02-19 03:45:00,NSE:BEL,46.79994971,47.56661894,44.33328885,45.13328472,51636984.80608633
2021-02-22 03:45:00,NSE:BEL,45.16662135,45.516621,43.08329011,43.43328976,28665031.75890441
2021-02-23 03:45:00,NSE:BEL,43.74995611,45.19995799,43.41662311,44.73328845,32119328.22451305
2021-02-24 03:45:00,NSE:BEL,45.21661797,46.3166202,45.06662145,45.44995773,21924834.99663476
2021-02-25 03:45:00,NSE:BEL,45.69995748,47.66661884,45.6832875,47.23328595,59326079.5203614
2021-02-26 03:45:00,NSE:BEL,46.44995673,47.44995573,45.33328785,45.69995748,38633447.75996512
2021-03-01 03:45:00,NSE:BEL,46.23328695,48.99995084,45.9832872,48.64995119,62059517.26275065
2021-03-02 03:45:00,NSE:BEL,49.31661719,51.18328198,48.83328434,50.49994933,106691273.04066713
2021-03-03 03:45:00,NSE:BEL,50.94995222,51.33328183,50.23328294,50.9666122,39659397.78927494
2021-03-04 03:45:00,NSE:BEL,50.49994933,51.64994818,50.01661649,50.93328223,30333930.43326842
2021-03-05 03:45:00,NSE:BEL,50.26661624,50.99994883,48.24995159,48.99995084,29141990.23742484
2021-03-08 03:45:00,NSE:BEL,49.33328384,50.23328294,48.06661844,48.34995149,34685392.79898101
2021-03-09 03:45:00,NSE:BEL,48.68328449,49.13328071,46.4166201,46.66661985,37113781.23532197
2021-03-10 03:45:00,NSE:BEL,47.13328271,47.54994896,46.3499535,46.5832866,24247692.32709901
2021-03-12 03:45:00,NSE:BEL,47.41661909,47.83328534,46.4166201,46.6832865,39599364.72904529
2021-03-15 03:45:00,NSE:BEL,47.11662273,47.11662273,44.46661872,45.69995748,30187980.28684031
2021-03-16 03:45:00,NSE:BEL,45.83328735,46.183287,45.16662135,45.94995723,29273399.36926431
2021-03-17 03:45:00,NSE:BEL,45.83328735,46.1499537,44.28329224,44.61662524,35855867.97328927
2021-03-18 03:45:00,NSE:BEL,44.78329174,45.16662135,42.68329051,43.26662326,45353277.50180106
2021-03-19 03:45:00,NSE:BEL,42.79995373,43.34995651,41.66662486,42.64995721,56393984.57866439
2021-03-22 03:45:00,NSE:BEL,42.89995696,43.98328921,42.44995741,42.64995721,38945421.0729601
2021-03-23 03:45:00,NSE:BEL,42.63329056,43.24995661,42.04995781,42.19995766,38253749.3790233
2021-03-24 03:45:00,NSE:BEL,42.16662436,42.23329096,40.53329267,40.81662572,32029055.13394434
2021-03-25 03:45:00,NSE:BEL,40.88329232,41.11662542,38.61662792,39.74996012,60718509.91735175
2021-03-26 03:45:00,NSE:BEL,39.99995987,41.41662511,39.98329322,40.79995907,36092979.21117701
2021-03-30 03:45:00,NSE:BEL,41.33329186,42.31662421,40.96662557,41.93329126,42698202.83803151
2021-03-31 03:45:00,NSE:BEL,41.93329126,42.33329086,41.49995836,41.69995816,24134544.21358036
2021-04-01 03:45:00,NSE:BEL,41.99995786,42.33329086,41.43329176,42.03329116,30019062.11736897
2021-04-05 03:45:00,NSE:BEL,42.28329091,43.99995586,41.66662486,43.79995272,61276837.47750774
2021-04-06 03:45:00,NSE:BEL,44.09995576,44.9832882,42.93329026,43.64995621,61173073.37340382
2021-04-07 03:45:00,NSE:BEL,43.98328921,44.8166217,43.66662286,43.76662276,38346536.47211425
2021-04-08 03:45:00,NSE:BEL,44.11662574,44.54995197,43.16662336,43.34995651,25322374.40530048
2021-04-09 03:45:00,NSE:BEL,43.66662286,43.84995601,42.99995686,43.29995322,15591102.64216061
2021-04-12 03:45:00,NSE:BEL,42.63329056,42.83329036,40.16662637,40.63329257,35499137.6153907
2021-04-13 03:45:00,NSE:BEL,40.69995917,42.06662446,40.54995932,41.86662466,19430608.49424012
2021-04-15 03:45:00,NSE:BEL,41.66662486,43.23328996,41.46662506,42.83329036,42679950.81971973
2021-04-16 03:45:00,NSE:BEL,42.74995711,43.16662336,41.86662466,42.66662386,21451479.52172913
2021-04-19 03:45:00,NSE:BEL,41.36662516,42.14995771,40.71662582,41.13329207,30034614.13297191
2021-04-20 03:45:00,NSE:BEL,41.61662491,42.54995731,41.21662532,41.43329176,26634365.72158832
2021-04-22 03:45:00,NSE:BEL,41.03329217,42.23329096,40.84995902,42.01662451,23128238.20397888
2021-04-23 03:45:00,NSE:BEL,41.94995791,42.99995686,41.78329141,42.29995756,27613290.7037191
2021-04-26 03:45:00,NSE:BEL,42.66662386,43.23328996,42.56662396,43.11662674,16704943.75964935
2021-04-27 03:45:00,NSE:BEL,43.01662351,43.36662649,42.78329374,43.06662346,19097284.15982422
2021-04-28 03:45:00,NSE:BEL,43.46661972,43.51662301,42.73329046,42.93329026,19394350.45786335
2021-04-29 03:45:00,NSE:BEL,43.33328986,43.74995611,43.04995348,43.28329324,16660090.71464941
2021-04-30 03:45:00,NSE:BEL,42.71662048,45.4832877,42.59995726,43.91662261,53187794.3619745
2021-05-03 03:45:00,NSE:BEL,43.66662286,44.28329224,42.94996024,43.41662311,19524469.5884086
2021-05-04 03:45:00,NSE:BEL,43.79995272,45.7499541,43.51662301,44.26662226,52932560.1059044
2021-05-05 03:45:00,NSE:BEL,44.53329199,46.16662035,44.16662236,45.94995723,51816324.98601382
2021-05-06 03:45:00,NSE:BEL,46.56661995,47.69995548,45.79995072,47.46661571,61565566.76718255
2021-05-07 03:45:00,NSE:BEL,47.58328559,47.79994871,45.76662075,45.96661722,32525045.63155911
2021-05-10 03:45:00,NSE:BEL,46.33328685,48.63328121,46.21661697,48.24995159,67119571.33937547
2021-05-11 03:45:00,NSE:BEL,47.58328559,49.91661659,47.1499527,49.51661699,70482763.71358167
2021-05-12 03:45:00,NSE:BEL,50.81661568,51.86661796,48.59995124,48.94995422,136025017.47047412
2021-05-14 03:45:00,NSE:BEL,49.26661724,49.56661694,47.51661899,47.78328873,47658038.81411003
2021-05-17 03:45:00,NSE:BEL,48.16661834,49.69995347,47.96661521,49.38328045,51486321.65492978
2021-05-18 03:45:00,NSE:BEL,50.16661634,51.66661483,49.76661674,51.53328496,97548790.86824502
2021-05-19 03:45:00,NSE:BEL,51.43328173,52.63327719,51.01661548,51.71661145,83953998.22893196
2021-05-20 03:45:00,NSE:BEL,51.98328118,52.89994693,50.99994883,52.26661423,67499998.72104867
2021-05-21 03:45:00,NSE:BEL,52.83328033,52.99994683,52.08328108,52.53328396,58163830.35430609
2021-05-24 03:45:00,NSE:BEL,52.78328371,53.33327983,52.06661443,52.28328421,74623943.86832342
2021-05-25 03:45:00,NSE:BEL,52.61661721,52.61661721,49.59995024,49.73328344,53594891.77040508
2021-05-26 03:45:00,NSE:BEL,49.99994984,51.39994843,49.66661684,49.91661659,45070728.21832647
2021-05-27 03:45:00,NSE:BEL,50.26661624,50.31661619,47.39995244,49.51661699,360249568.4293188
2021-05-28 03:45:00,NSE:BEL,49.49995034,49.86661997,48.13328171,48.28328823,44625359.77149953
2021-05-31 03:45:00,NSE:BEL,48.51661799,48.73328444,47.89995194,48.46661471,29061215.15638524
2021-06-01 03:45:00,NSE:BEL,50.99994883,50.99994883,48.66661784,48.98328419,74882958.1281859
2021-06-02 03:45:00,NSE:BEL,48.74995109,50.33328284,48.66661784,50.11661972,24742773.82380181
2021-06-03 03:45:00,NSE:BEL,50.41661608,50.64994918,49.73328344,50.39994943,26792324.88006476
2021-06-04 03:45:00,NSE:BEL,50.53328597,51.06661543,50.28328622,50.93328223,23574206.6514078
2021-06-07 03:45:00,NSE:BEL,50.99994883,51.41661508,50.7999457,51.09994873,16889656.94496743
2021-06-08 03:45:00,NSE:BEL,51.19995197,51.26661523,49.41661709,50.98328218,31918358.02288471
2021-06-09 03:45:00,NSE:BEL,51.1332787,51.83328133,49.84994999,50.23328294,31016962.1185369
2021-06-10 03:45:00,NSE:BEL,50.31661619,50.98328218,50.03328647,50.68328248,17381081.43800125
2021-06-11 03:45:00,NSE:BEL,50.66661583,51.66661483,50.04994645,51.34994848,25835923.92053177
2021-06-14 03:45:00,NSE:BEL,50.99994883,51.11661872,49.18328399,50.58328258,26533307.62019927
2021-06-15 03:45:00,NSE:BEL,50.66661583,50.9666122,50.01661649,50.23328294,22951052.02621245
2021-06-16 03:45:00,NSE:BEL,49.99994984,50.49994933,49.41661709,49.89994994,19709074.77361833
2021-06-17 03:45:00,NSE:BEL,49.39995044,49.91661659,48.21661496,48.71661446,22419562.49298239
2021-06-18 03:45:00,NSE:BEL,48.84995099,48.99995084,46.83328635,48.73328444,34091578.20322178
2021-06-21 03:45:00,NSE:BEL,47.33328584,49.99994984,47.33328584,49.73328344,23199491.2754653
2021-06-22 03:45:00,NSE:BEL,49.99994984,50.66661583,49.66661684,50.4666127,28261357.35390805
2021-06-23 03:45:00,NSE:BEL,51.69995146,56.66660981,50.83328233,56.16661032,363894143.0858288
2021-06-24 03:45:00,NSE:BEL,56.31661017,57.83327531,55.59994422,57.04993943,169690685.2463907
2021-06-25 03:45:00,NSE:BEL,57.04993943,58.63327117,56.9499462,58.33327481,71399663.63348426
2021-06-28 03:45:00,NSE:BEL,58.71660442,59.03327744,57.66660881,57.91660856,38881092.00842035
2021-06-29 03:45:00,NSE:BEL,57.81660866,58.61661119,57.51660896,58.21660493,49605295.7677439
2021-06-30 03:45:00,NSE:BEL,58.61661119,59.63327017,58.26660821,59.33327381,43091713.23283058
2021-07-01 03:45:00,NSE:BEL,59.26660721,61.96660116,59.03327744,61.54993492,87835666.12331162
2021-07-02 03:45:00,NSE:BEL,61.81660465,61.81660465,60.08327305,60.21660292,40351132.48327494
2021-07-05 03:45:00,NSE:BEL,60.4332727,60.6666058,59.53327694,59.7332734,22985591.0608646
2021-07-06 03:45:00,NSE:BEL,59.49994031,60.7332724,59.46660367,60.34993945,41588897.72509363
2021-07-07 03:45:00,NSE:BEL,60.03327644,61.13326867,59.63327017,60.96660217,17834957.89336406
2021-07-08 03:45:00,NSE:BEL,61.2666052,62.46660066,59.69994344,60.21660292,44887482.03448019
2021-07-09 03:45:00,NSE:BEL,60.21660292,60.8999389,60.0666064,60.28327619,18512472.57309748
2021-07-12 03:45:00,NSE:BEL,60.3332728,61.64993815,60.3332728,61.28327518,18021234.08025027
2021-07-13 03:45:00,NSE:BEL,61.3332718,61.5999382,60.04993642,60.54993592,15530676.58153666
2021-07-14 03:45:00,NSE:BEL,60.36660944,61.54993492,60.2666062,61.38326842,18423267.48360026
2021-07-15 03:45:00,NSE:BEL,61.38326842,61.46660167,59.81660665,59.98327315,14669945.71798706
2021-07-16 03:45:00,NSE:BEL,60.1666063,60.3999394,59.5666069,59.88326992,21219657.28914772
2021-07-19 03:45:00,NSE:BEL,59.8332733,62.58327055,59.21660392,61.9999378,45407172.55587261
2021-07-20 03:45:00,NSE:BEL,62.21660091,62.24993755,60.08327305,60.3999394,21901119.97284207
2021-07-22 03:45:00,NSE:BEL,60.69994243,61.58327155,60.6666058,61.4999383,14278382.32514137
2021-07-23 03:45:00,NSE:BEL,61.3999384,61.7332714,60.53327594,60.88326892,12770223.81204392
2021-07-26 03:45:00,NSE:BEL,60.88326892,61.6666048,60.0666064,61.53327493,13753273.79831321
2021-07-27 03:45:00,NSE:BEL,61.53327493,61.74993805,60.5999392,61.01660545,14436761.48403919
2021-07-28 03:45:00,NSE:BEL,60.9999388,63.86660592,60.8332723,63.31660314,48274677.43276802
2021-07-29 03:45:00,NSE:BEL,63.64993614,63.89993589,62.64993714,62.93327019,27425226.51503904
2021-07-30 03:45:00,NSE:BEL,62.81660364,62.81660364,60.8332723,61.54993492,28756804.85097804
2021-08-02 03:45:00,NSE:BEL,61.6666048,62.3332708,61.14993865,61.2666052,21084225.15327207
2021-08-03 03:45:00,NSE:BEL,61.2666052,61.63326816,60.51660595,60.74993905,17656997.7148211
2021-08-04 03:45:00,NSE:BEL,60.8332723,61.5999382,58.26660821,58.48327466,38353265.4788653
2021-08-05 03:45:00,NSE:BEL,58.66660781,59.69994344,58.03327844,58.86661094,33065601.17388487
2021-08-06 03:45:00,NSE:BEL,58.96660417,59.9332732,58.33327481,58.46660468,23813618.89160406
2021-08-09 03:45:00,NSE:BEL,54.99994482,57.63327218,54.11661571,57.04993943,110821596.18451631
2021-08-10 03:45:00,NSE:BEL,57.04993943,58.06660841,55.89994392,56.41661007,32690780.79783703
2021-08-11 03:45:00,NSE:BEL,56.41661007,57.56660891,55.09994472,57.41660906,27235575.32476677
2021-08-12 03:45:00,NSE:BEL,57.29993918,58.08327506,56.66660981,57.94994519,17966679.02551656
2021-08-13 03:45:00,NSE:BEL,58.06660841,58.53327794,57.51660896,58.16660831,27821268.9123784
2021-08-16 03:45:00,NSE:BEL,58.04993843,58.51660796,57.48327566,58.11661169,12560925.6020603
2021-08-17 03:45:00,NSE:BEL,58.03327844,58.83327431,57.43327571,58.68327446,18039057.09813166
2021-08-18 03:45:00,NSE:BEL,58.69994444,60.61660918,57.74994206,58.03327844,34210636.3226698
2021-08-20 03:45:00,NSE:BEL,57.29993918,58.29993818,56.76660971,57.01660946,15542178.59307634
2021-08-23 03:45:00,NSE:BEL,57.46660568,58.96660417,56.38327343,58.38327143,26688326.77572608
2021-08-24 03:45:00,NSE:BEL,58.33327481,59.48327366,58.13327168,59.21660392,14925926.97480661
2021-08-25 03:45:00,NSE:BEL,59.09994071,60.18327295,59.09994071,59.98327315,16571575.62584446
2021-08-26 03:45:00,NSE:BEL,60.11660969,60.7332724,59.79993667,60.4332727,21301506.37126484
2021-08-27 03:45:00,NSE:BEL,60.4999393,61.9999378,60.4332727,61.7666047,28167973.26021814
2021-08-30 03:45:00,NSE:BEL,61.63326816,62.24993755,61.2332719,61.34993845,13619236.66383713
2021-08-31 03:45:00,NSE:BEL,61.29993517,62.46660066,61.21660192,62.21660091,21603723.67447186
2021-09-01 03:45:00,NSE:BEL,62.3999374,64.11660567,62.18327095,63.28327318,26940279.02850343
2021-09-02 03:45:00,NSE:BEL,63.58326954,64.14993564,63.24993654,63.38326641,25664614.74866159
2021-09-03 03:45:00,NSE:BEL,63.99993579,66.51659993,63.51660294,66.19993692,52170712.34156173
2021-09-06 03:45:00,NSE:BEL,67.08326603,67.63326215,64.91660154,65.14993464,36365427.4845175
2021-09-07 03:45:00,NSE:BEL,65.14993464,65.99993378,64.44993867,64.76660169,15882585.93459845
2021-09-08 03:45:00,NSE:BEL,65.33326779,66.46659665,64.74993504,65.69993742,19285582.34873905
2021-09-09 03:45:00,NSE:BEL,65.58326754,66.41660003,65.16660129,65.68326743,11581229.61915599
2021-09-13 03:45:00,NSE:BEL,65.83326728,66.2165969,65.2165979,65.49993429,10518994.5534423
2021-09-14 03:45:00,NSE:BEL,65.14993464,67.99993178,64.89993489,67.46659565,29010344.10534759
2021-09-15 03:45:00,NSE:BEL,67.94993516,69.59993017,67.56659888,69.26659717,35238554.35395407
2021-09-16 03:45:00,NSE:BEL,69.29992714,69.66659677,68.24993153,68.51659793,12378513.41905075
2021-09-17 03:45:00,NSE:BEL,68.61660116,69.11660066,66.89993288,68.43326468,16039165.09169038
2021-09-20 03:45:00,NSE:BEL,67.49993228,68.64993113,67.01659943,67.19993591,12243603.28369881
2021-09-21 03:45:00,NSE:BEL,67.19993591,69.08326402,67.19993591,68.14993163,20777933.84597772
2021-09-22 03:45:00,NSE:BEL,68.13326164,68.94993416,67.93326518,68.64993113,9672651.70432784
2021-09-23 03:45:00,NSE:BEL,68.99993077,70.23326287,68.84993092,69.14993062,19379665.44313024
2021-09-24 03:45:00,NSE:BEL,69.33326377,70.16659627,67.86660191,68.49993128,17282372.3389689
2021-09-27 03:45:00,NSE:BEL,68.69993441,69.89992987,67.58326553,67.99993178,10315870.34965291
2021-09-28 03:45:00,NSE:BEL,68.33326478,70.81659562,68.04992839,70.11659965,29934036.03206444
2021-09-29 03:45:00,NSE:BEL,70.29992614,70.79992563,67.89993188,68.38326139,27378252.46791116
2021-09-30 03:45:00,NSE:BEL,68.66659778,69.18326392,67.23326588,67.64993213,34237285.34940609
2021-10-01 03:45:00,NSE:BEL,66.66659978,68.08326503,66.3832634,67.24993253,22069954.14222914
2021-10-04 03:45:00,NSE:BEL,67.33326578,68.69993441,67.24993253,68.59993118,16627603.68205599
2021-10-05 03:45:00,NSE:BEL,68.93326417,69.21659389,68.18326493,68.61660116,18733548.79489769
2021-10-06 03:45:00,NSE:BEL,68.63326114,69.49993027,65.99993378,66.43326668,15618666.6698149
2021-10-07 03:45:00,NSE:BEL,66.99993278,67.93326518,66.83326628,67.69993541,7587430.61227804
2021-10-08 03:45:00,NSE:BEL,67.66659878,67.88326189,66.46659665,66.7165964,9881751.91411282
2021-10-11 03:45:00,NSE:BEL,66.7165964,70.33326277,66.7165964,69.53326691,21749241.82046654
2021-10-12 03:45:00,NSE:BEL,69.56659687,70.56659587,68.18326493,70.08326302,18331059.3910902
2021-10-13 03:45:00,NSE:BEL,70.3665994,71.31659512,69.03326741,69.54992689,16863469.91869465
2021-10-14 03:45:00,NSE:BEL,69.76659667,70.88325888,69.68326342,70.18326292,15404892.45534061
2021-10-18 03:45:00,NSE:BEL,68.41659803,73.83325926,68.33326478,72.38325738,40084663.21593304
2021-10-19 03:45:00,NSE:BEL,73.06659336,73.06659336,68.58326453,68.94993416,15424077.47458846
2021-10-20 03:45:00,NSE:BEL,68.94993416,70.06659637,67.61660216,68.26659818,16082959.13562784
2021-10-21 03:45:00,NSE:BEL,68.61660116,68.99993077,67.68326543,68.13326164,15707502.75894191
2021-10-22 03:45:00,NSE:BEL,68.36660141,68.96659414,66.66659978,67.14993263,10288885.32257951
2021-10-25 03:45:00,NSE:BEL,67.49993228,67.49993228,64.58326854,67.09993268,13207783.25103629
2021-10-26 03:45:00,NSE:BEL,67.09993268,69.08326402,67.03326941,68.73326437,9505155.53628315
2021-10-27 03:45:00,NSE:BEL,68.81659762,69.91659652,68.68326443,69.01659742,9493008.52409636
2021-10-28 03:45:00,NSE:BEL,69.01659742,69.28326716,66.63326315,66.76659968,11429717.46714767
2021-10-29 03:45:00,NSE:BEL,65.93326718,72.94993014,61.14993865,68.94993416,95295119.60719341
2021-11-01 03:45:00,NSE:BEL,69.23326387,69.59993017,65.43326769,66.84993293,23954034.03247904
2021-11-02 03:45:00,NSE:BEL,67.33326578,67.86660191,65.74993403,66.86660291,19613128.67735803
2021-11-03 03:45:00,NSE:BEL,67.31659913,68.74993102,66.48326663,66.78326966,25307740.39061854
2021-11-04 12:30:00,NSE:BEL,67.39993238,67.43326568,67.09993268,67.28326916,1434760.43945901
2021-11-08 03:45:00,NSE:BEL,67.18326593,71.09992867,67.18326593,70.81659562,35893866.01141175
2021-11-09 03:45:00,NSE:BEL,70.81659562,74.73325836,70.81659562,73.59992616,51756651.92614534
2021-11-10 03:45:00,NSE:BEL,73.63325613,73.79992262,72.98326011,73.23325986,15949600.00183198
2021-11-11 03:45:00,NSE:BEL,73.24992651,74.99992475,73.16659326,74.43325866,23431850.50858546
2021-11-12 03:45:00,NSE:BEL,75.16659125,75.99992375,74.03326239,74.53326189,23132045.20779836
2021-11-15 03:45:00,NSE:BEL,74.9165915,75.33325775,73.58325951,74.21658887,8602547.63071938
2021-11-16 03:45:00,NSE:BEL,74.14992561,74.66659176,72.23326086,72.59992716,8030726.05702519
2021-11-17 03:45:00,NSE:BEL,72.56659386,72.59992716,71.01659542,71.81659461,18084624.14384793
2021-11-18 03:45:00,NSE:BEL,71.84992791,72.49992726,69.46659364,69.61660016,28766170.86037472
2021-11-22 03:45:00,NSE:BEL,69.96659314,70.13325964,66.91659953,67.66659878,17243243.29971172
2021-11-23 03:45:00,NSE:BEL,67.83326528,70.54992589,67.56659888,70.33326277,17089343.14530757
2021-11-24 03:45:00,NSE:BEL,70.6999324,70.98326212,68.99993077,69.44993366,11478326.5159159
2021-11-25 03:45:00,NSE:BEL,69.44993366,70.8665989,68.54992789,70.54992589,9875478.90781927
2021-11-26 03:45:00,NSE:BEL,69.49993027,70.11659965,65.53327092,66.06660038,22881391.95632426
2021-11-29 03:45:00,NSE:BEL,65.41660104,67.09993268,62.93327019,65.74993403,14850605.89923887
2021-11-30 03:45:00,NSE:BEL,65.74993403,68.43326468,65.73326738,67.91659853,32274095.37978704
2021-12-01 03:45:00,NSE:BEL,67.99993178,68.76659767,67.16659928,68.61660116,14136098.18239128
2021-12-02 03:45:00,NSE:BEL,68.03326841,68.93326417,67.41659903,68.63326114,13228390.27171079
2021-12-03 03:45:00,NSE:BEL,68.61660116,69.93326317,68.53326791,68.88326089,12481443.52231793
2021-12-06 03:45:00,NSE:BEL,68.88326089,70.39992937,68.88326089,69.28326716,14751737.800047
2021-12-07 03:45:00,NSE:BEL,69.79992664,71.56659487,69.39993037,70.13325964,23275247.35146946
2021-12-08 03:45:00,NSE:BEL,70.34992942,70.98326212,69.43326367,69.64993012,9462435.49342321
2021-12-09 03:45:00,NSE:BEL,68.69993441,69.78326665,68.06659838,69.24993052,12294135.33439634
2021-12-10 03:45:00,NSE:BEL,69.19993391,70.28326615,68.36660141,68.51659793,18276372.33622406
2021-12-13 03:45:00,NSE:BEL,68.93326417,70.46659264,68.73326437,69.64993012,27024867.11336853
2021-12-14 03:45:00,NSE:BEL,69.79992664,70.96659213,69.54992689,69.93326317,19438732.50239074
2021-12-15 03:45:00,NSE:BEL,69.83326327,70.11659965,68.79992764,69.33326377,14031695.07764627
2021-12-16 03:45:00,NSE:BEL,69.66659677,70.26659617,68.51659793,69.06659737,23209979.28598765
2021-12-17 03:45:00,NSE:BEL,69.24993052,69.38326039,66.76659968,67.09993268,12549345.59044237
2021-12-20 03:45:00,NSE:BEL,66.96659615,66.96659615,63.88326591,65.08326804,16835359.89049257
2021-12-21 03:45:00,NSE:BEL,65.13326465,67.14993263,65.13326465,66.49993328,10884196.91984064
2021-12-22 03:45:00,NSE:BEL,66.83326628,68.06659838,66.83326628,67.79992864,8943995.9732859
2021-12-23 03:45:00,NSE:BEL,68.13326164,69.91659652,68.13326164,69.63326014,8703845.73234921
2021-12-24 03:45:00,NSE:BEL,69.39993037,69.56659687,67.46659565,68.01659843,9183234.2133076
2021-12-27 03:45:00,NSE:BEL,67.99993178,69.14993062,67.16659928,68.98326412,8676968.70538417
2021-12-28 03:45:00,NSE:BEL,69.59993017,69.69993341,68.49993128,69.01659742,10372111.40607814
2021-12-29 03:45:00,NSE:BEL,68.96659414,70.96659213,68.96659414,69.89992987,24965086.04684206
2021-12-30 03:45:00,NSE:BEL,69.93326317,70.79992563,68.33326478,69.98326312,42195897.33408106
2021-12-31 03:45:00,NSE:BEL,69.99992977,70.99992877,69.53326691,69.98326312,12683199.72473485
2022-01-03 03:45:00,NSE:BEL,69.91659652,70.73326237,69.83326327,70.41659602,8974350.00373933
2022-01-04 03:45:00,NSE:BEL,70.83326227,73.01659341,70.39992937,72.04992438,31336768.43939053
2022-01-05 03:45:00,NSE:BEL,71.91659451,72.29992413,70.8665989,71.09992867,11957522.99668166
2022-01-06 03:45:00,NSE:BEL,70.33326277,71.04992538,70.1999329,70.63325914,8820923.84981074
2022-01-07 03:45:00,NSE:BEL,70.63325914,71.31659512,69.16659727,69.34993042,12974977.01746766
2022-01-10 03:45:00,NSE:BEL,69.64993012,70.49992927,69.33326377,70.28326615,9408906.43971886
2022-01-11 03:45:00,NSE:BEL,70.33326277,70.71659239,69.51659692,70.14992962,10022128.05494866
2022-01-12 03:45:00,NSE:BEL,70.33326277,70.64992912,69.59993017,70.1999329,7794751.82027818
2022-01-13 03:45:00,NSE:BEL,70.63325914,70.76659567,69.08326402,69.84992992,12144699.18447082
2022-01-14 03:45:00,NSE:BEL,69.69993341,74.03326239,69.46659364,73.36659639,27463677.55361599
2022-01-17 03:45:00,NSE:BEL,73.99992576,74.26659216,71.93326116,72.16659426,28842916.93737213
2022-01-18 03:45:00,NSE:BEL,72.76659366,72.83326026,69.19993391,69.44993366,17939792.99854249
2022-01-19 03:45:00,NSE:BEL,69.71659339,70.13325964,68.33326478,69.38326039,30378747.47823223
2022-01-20 03:45:00,NSE:BEL,69.66659677,70.93326217,69.14993062,70.78326565,20278211.34461872
2022-01-21 03:45:00,NSE:BEL,70.46659264,70.54992589,68.33326478,68.98326412,17723915.78195831
2022-01-24 03:45:00,NSE:BEL,68.98326412,69.58326352,65.01660144,65.76660068,20025557.09113707
2022-01-25 03:45:00,NSE:BEL,65.43326769,68.49993128,64.73326839,68.06659838,29718371.81569396
2022-01-27 03:45:00,NSE:BEL,67.29992915,68.76659767,66.0499304,68.29992814,23800334.87827655
2022-01-28 03:45:00,NSE:BEL,68.91659752,70.33326277,68.44993466,69.03326741,24666357.74713548
2022-01-31 03:45:00,NSE:BEL,71.56659487,73.24992651,69.21659389,69.89992987,53776313.95242138
2022-02-01 03:45:00,NSE:BEL,70.54992589,70.81659562,67.78326866,69.13326064,29395523.49178837
2022-02-02 03:45:00,NSE:BEL,69.84992992,70.73326237,69.49993027,70.24992952,30206055.30497452
2022-02-03 03:45:00,NSE:BEL,70.33326277,70.48326262,69.18326392,69.31659712,11555237.59307885
2022-02-04 03:45:00,NSE:BEL,69.81659662,69.8665999,68.11660166,68.26659818,17933093.99182154
2022-02-07 03:45:00,NSE:BEL,68.29992814,68.59993118,66.53326992,67.36660241,18325047.38505851
2022-02-08 03:45:00,NSE:BEL,67.39993238,67.96659514,65.46659765,66.49993328,26278904.36496289
2022-02-09 03:45:00,NSE:BEL,66.46659665,67.74993203,66.03327042,67.53326891,15305217.3553391
2022-02-10 03:45:00,NSE:BEL,67.64993213,68.24993153,66.83326628,67.59993218,12104253.14389232
2022-02-11 03:45:00,NSE:BEL,66.94993616,67.88326189,66.61660317,66.78326966,11505944.54362437
2022-02-14 03:45:00,NSE:BEL,65.66660078,66.46659665,64.28327217,65.29993115,31961642.0663105
2022-02-15 03:45:00,NSE:BEL,65.39993439,66.46659665,64.19993892,66.31660013,10746265.7814578
2022-02-16 03:45:00,NSE:BEL,66.58326653,67.11660266,65.51660094,66.33326678,13420642.46459257
2022-02-17 03:45:00,NSE:BEL,66.41660003,68.21659489,66.14993363,66.99993278,19166488.22925492
2022-02-18 03:45:00,NSE:BEL,66.66659978,67.19993591,66.33326678,66.66659978,10616896.65166502
2022-02-21 03:45:00,NSE:BEL,65.99993378,67.28326916,65.61660417,66.0499304,10470895.50518574
2022-02-22 03:45:00,NSE:BEL,64.99993479,66.69993641,64.44993867,65.78327067,20409719.47655752
2022-02-23 03:45:00,NSE:BEL,65.79993065,66.84993293,65.79993065,66.33326678,10145359.17858334
2022-02-24 03:45:00,NSE:BEL,65.23326789,65.58326754,62.3332708,62.61660718,24915363.99695718
2022-02-25 03:45:00,NSE:BEL,64.28327217,67.0499294,63.96659916,66.7165964,22461862.53542096
2022-02-28 03:45:00,NSE:BEL,65.68326743,70.49992927,65.39993439,70.14992962,35587724.70426789
2022-03-02 03:45:00,NSE:BEL,69.18326392,73.19992989,69.18326392,71.99992776,51608142.77714985
2022-03-03 03:45:00,NSE:BEL,72.66659376,73.31659311,70.88325888,71.68326142,28625725.71946965
2022-03-04 03:45:00,NSE:BEL,71.33326177,74.9165915,70.84992892,71.63325813,46128424.27948629
2022-03-07 03:45:00,NSE:BEL,70.93326217,72.79992363,68.84993092,71.41659502,38244071.3693136
2022-03-08 03:45:00,NSE:BEL,72.14992761,72.58326051,69.39993037,70.99992877,20461862.52887132
2022-03-09 03:45:00,NSE:BEL,71.46659163,75.11659464,71.06659537,74.14992561,30245295.34434307
2022-03-10 03:45:00,NSE:BEL,75.11659464,75.49992425,71.88325788,72.24992751,37328731.45097611
2022-03-11 03:45:00,NSE:BEL,72.74992701,72.93326016,71.3665984,71.59992817,29348420.44453106
2022-03-14 03:45:00,NSE:BEL,71.99992776,72.0332644,69.73326337,69.93326317,28491592.58489725
2022-03-15 03:45:00,NSE:BEL,69.33326377,70.04992639,67.74993203,68.51659793,23328512.40490895
2022-03-16 03:45:00,NSE:BEL,69.63326014,69.96659314,68.86660091,69.66659677,23656169.73363929
2022-03-17 03:45:00,NSE:BEL,70.06659637,70.59992917,68.99993077,69.79992664,36269562.38833846
2022-03-21 03:45:00,NSE:BEL,69.99992977,71.46659163,68.96659414,69.63326014,38413871.53966982
2022-03-22 03:45:00,NSE:BEL,69.76659667,70.21659289,68.33326478,69.93326317,19632097.69638917
2022-03-23 03:45:00,NSE:BEL,71.29992513,71.29992513,68.94993416,69.13326064,33279807.38879257
2022-03-24 03:45:00,NSE:BEL,68.63326114,69.68326342,68.08326503,69.16659727,15609315.66043327
2022-03-25 03:45:00,NSE:BEL,69.36660041,69.39993037,68.31659813,68.66659778,22413391.48679118
2022-03-28 03:45:00,NSE:BEL,68.66659778,68.93326417,67.84993193,68.34993143,13461490.50557438
2022-03-29 03:45:00,NSE:BEL,68.66659778,69.53326691,68.49993128,69.13326064,12104079.14371775
2022-03-30 03:45:00,NSE:BEL,70.63325914,70.63325914,69.21659389,69.48326362,22181920.25456192
2022-03-31 03:45:00,NSE:BEL,70.06659637,70.78326565,68.91659752,70.26659617,21738054.8092429
2022-04-01 03:45:00,NSE:BEL,70.31659612,72.33326076,70.08326302,71.6999314,45845925.99606288
2022-04-04 03:45:00,NSE:BEL,72.49992726,73.44992964,71.93326116,73.14992661,29426609.5229762
2022-04-05 03:45:00,NSE:BEL,73.79992262,74.56659186,72.49992726,72.86659689,29299226.39517592
2022-04-06 03:45:00,NSE:BEL,72.66659376,73.66659276,72.39992736,73.33325976,27765681.8566093
2022-04-07 03:45:00,NSE:BEL,73.99992576,79.29991711,73.84992591,78.11659163,162897667.431127
2022-04-08 03:45:00,NSE:BEL,79.56658684,80.73325234,78.31658809,79.86658987,86792418.07664712
2022-04-11 03:45:00,NSE:BEL,80.61658912,82.73325033,80.34991939,81.31658508,53098295.27218231
2022-04-12 03:45:00,NSE:BEL,81.31658508,82.1332476,79.14992059,80.7999156,34166980.27887079
2022-04-13 03:45:00,NSE:BEL,81.34991838,83.41658298,81.34991838,82.36658736,35185799.30102626
2022-04-18 03:45:00,NSE:BEL,81.99991773,85.43324429,81.41658498,84.98324807,58066771.25692914
2022-04-19 03:45:00,NSE:BEL,84.99991472,86.49991322,82.68325038,83.43324963,39192885.32123474
2022-04-20 03:45:00,NSE:BEL,84.23324882,85.19991785,83.53325286,84.43324862,31402858.50569703
2022-04-21 03:45:00,NSE:BEL,84.81658157,86.23325015,83.96657909,84.29991209,32102525.20765501
2022-04-22 03:45:00,NSE:BEL,84.14991557,85.54991084,83.61658611,83.88324584,14025437.07136777
2022-04-25 03:45:00,NSE:BEL,83.33324973,83.33324973,80.91658549,81.93325113,15988708.04106809
2022-04-26 03:45:00,NSE:BEL,82.34991738,84.46657859,82.33325073,83.49991623,16455577.50946647
2022-04-27 03:45:00,NSE:BEL,82.51658388,82.98325008,80.94992212,82.16658423,13818508.86376191
2022-04-28 03:45:00,NSE:BEL,83.33324973,83.33324973,81.16658523,82.21658085,9256530.2868437
2022-04-29 03:45:00,NSE:BEL,82.58325048,83.28325311,78.91658749,79.51658689,21932515.00433992
2022-05-02 03:45:00,NSE:BEL,78.33325474,79.79991661,77.89992184,79.38325036,13942168.987827
2022-05-04 03:45:00,NSE:BEL,79.66658674,79.94992312,76.26659015,77.06658935,16041349.09388153
2022-05-05 03:45:00,NSE:BEL,78.28325813,79.46658361,77.33325575,78.29991811,18857430.9191855
2022-05-06 03:45:00,NSE:BEL,77.416589,78.08325499,75.749924,76.04992037,16795474.85047691
2022-05-09 03:45:00,NSE:BEL,74.99992475,75.71658737,73.83325926,75.16659125,23472818.54968767
2022-05-10 03:45:00,NSE:BEL,74.99992475,76.46658662,74.03326239,74.29992212,13234972.27831435
2022-05-11 03:45:00,NSE:BEL,74.96658812,75.06659135,71.91659451,72.99992676,17541413.59885847
2022-05-12 03:45:00,NSE:BEL,73.33325976,74.38325537,72.04992438,72.76659366,23454827.53163773
2022-05-13 03:45:00,NSE:BEL,73.46658963,75.23325785,72.3665974,72.91659351,12118299.15798433
2022-05-16 03:45:00,NSE:BEL,72.93326016,75.8499239,72.09992766,75.61659414,15258552.30852123
2022-05-17 03:45:00,NSE:BEL,76.26659015,77.96658511,75.38325437,77.5832555,17055917.11177207
2022-05-18 03:45:00,NSE:BEL,78.16658824,79.08325399,77.33325575,77.69992538,18879000.94082616
2022-05-19 03:45:00,NSE:BEL,76.49992325,76.93325615,74.73325836,75.83325725,11176916.21351854
2022-05-20 03:45:00,NSE:BEL,76.99992275,79.44992362,76.5165899,78.31658809,17729150.78721046
2022-05-23 03:45:00,NSE:BEL,78.74992099,80.06658634,76.76658965,77.13325261,15413706.46418349
2022-05-24 03:45:00,NSE:BEL,73.33325976,77.78325863,73.03326339,77.21658586,36815868.93643406
2022-05-25 03:45:00,NSE:BEL,77.33325575,78.48325459,75.16659125,75.44992764,12376119.41664891
2022-05-26 03:45:00,NSE:BEL,75.73325735,76.5165899,74.19992889,75.33325775,11313515.35056501
2022-05-27 03:45:00,NSE:BEL,76.66658975,77.54991886,75.73325735,76.96658611,11187734.22437197
2022-05-30 03:45:00,NSE:BEL,77.96658511,78.43325464,76.33325675,76.88325286,8326172.35343902
2022-05-31 03:45:00,NSE:BEL,77.13325261,78.64992109,76.54991987,78.24992149,13674085.71886581
2022-06-01 03:45:00,NSE:BEL,78.44992463,82.56658383,78.24992149,82.03325436,34360054.47257727
2022-06-02 03:45:00,NSE:BEL,82.73325033,83.18324988,81.38324835,81.91658448,26049881.13518965
2022-06-03 03:45:00,NSE:BEL,82.33325073,82.64991708,80.58325249,80.74991899,11056739.09294786
2022-06-06 03:45:00,NSE:BEL,80.2999161,81.78325462,79.43325364,81.1332486,13057267.10002722
2022-06-07 03:45:00,NSE:BEL,81.99991773,82.84991688,80.71658235,81.93325113,28241458.33394386
2022-06-08 03:45:00,NSE:BEL,82.31658408,83.48324958,81.34991838,81.76658463,24623421.70405883
2022-06-09 03:45:00,NSE:BEL,81.73325133,82.48325058,81.03325537,81.84991788,6650820.67260087
2022-06-10 03:45:00,NSE:BEL,80.99991873,82.48325058,80.49991924,82.23325083,9887901.92028296
2022-06-13 03:45:00,NSE:BEL,80.99991873,80.99991873,78.28325813,78.49992124,13056541.09929884
2022-06-14 03:45:00,NSE:BEL,78.01658839,80.7999156,78.01658839,80.44992262,11702255.74057845
2022-06-15 03:45:00,NSE:BEL,81.03325537,81.21658185,79.61659012,80.04991635,9599076.63051182
2022-06-16 03:45:00,NSE:BEL,80.39991934,81.2999151,77.03325938,77.46658561,12906042.94830784
2022-06-17 03:45:00,NSE:BEL,76.66658975,79.54991686,76.26659015,78.23325484,20333801.40039082
2022-06-20 03:45:00,NSE:BEL,78.33325474,78.74992099,74.56659186,75.71658737,12914712.95700624
2022-06-21 03:45:00,NSE:BEL,76.61659313,77.46658561,76.083257,76.749923,12811449.85340497
2022-06-22 03:45:00,NSE:BEL,76.38325337,76.6499231,75.0165914,75.28326114,11056184.09239104
2022-06-23 03:45:00,NSE:BEL,75.59992415,76.09992365,75.0165914,75.63325412,9004851.03434025
2022-06-24 03:45:00,NSE:BEL,76.3165901,77.96658511,76.09992365,77.83325525,9668967.70063177
2022-06-27 03:45:00,NSE:BEL,78.33325474,80.43325264,78.23325484,80.01658639,14977968.02701809
2022-06-28 03:45:00,NSE:BEL,79.81658659,80.16658624,78.26658814,78.81658759,9497574.52867732
2022-06-29 03:45:00,NSE:BEL,78.29991811,79.23325384,78.06658834,78.69992438,20182643.24873766
2022-06-30 03:45:00,NSE:BEL,78.49992124,79.73325334,77.26658915,78.03325838,19573918.63801958
2022-07-01 03:45:00,NSE:BEL,77.66658875,78.49992124,75.749924,76.59992315,15324057.37424081
2022-07-04 03:45:00,NSE:BEL,76.23325685,77.54991886,75.6499241,76.56658985,13538440.58277646
2022-07-05 03:45:00,NSE:BEL,77.26658915,78.29991811,76.03326038,76.39992335,14922533.9714025
2022-07-06 03:45:00,NSE:BEL,76.59992315,77.23325585,74.71658837,77.0165894,21103485.17259516
2022-07-07 03:45:00,NSE:BEL,77.16658925,79.28325712,77.03325938,78.88325086,19351486.41485894
2022-07-08 03:45:00,NSE:BEL,79.36659037,80.81658559,77.8165886,78.66658774,21179439.24879798
2022-07-11 03:45:00,NSE:BEL,78.59992114,79.46658361,77.93325514,78.24992149,10090576.12362088
2022-07-12 03:45:00,NSE:BEL,77.83325525,78.93325414,76.73325635,77.416589,12953886.99630857
2022-07-13 03:45:00,NSE:BEL,77.29991911,78.43325464,76.99992275,77.8165886,12866331.90846675
2022-07-14 03:45:00,NSE:BEL,77.99992174,79.31658709,77.88325186,79.13325061,16879240.93451731
2022-07-15 03:45:00,NSE:BEL,79.16658724,82.23325083,79.13325061,81.83325123,24300129.37970779
2022-07-18 03:45:00,NSE:BEL,83.24991648,86.93324278,83.04991334,84.81658157,114055590.42910129
2022-07-19 03:45:00,NSE:BEL,84.53325186,86.21657683,84.01658237,85.04991134,30352683.45208285
2022-07-20 03:45:00,NSE:BEL,86.03325035,86.16658022,84.33324872,84.96657809,16157329.21024146
2022-07-21 03:45:00,NSE:BEL,84.99991472,89.96657307,84.79991159,89.56658014,56209304.39337942
2022-07-22 03:45:00,NSE:BEL,89.94991309,90.03324634,88.46657458,88.93324078,28925570.02029588
2022-07-25 03:45:00,NSE:BEL,89.89991314,91.46657157,89.34990702,90.01657302,27481590.57158767
2022-07-26 03:45:00,NSE:BEL,90.24990945,90.3332427,87.66657871,88.96657408,16387807.44147446
2022-07-27 03:45:00,NSE:BEL,89.41657696,91.28324508,89.26657377,91.04990532,26434439.5210074
2022-07-28 03:45:00,NSE:BEL,91.3332417,92.29990406,90.38323932,90.78324559,26787665.8753905
2022-07-29 03:45:00,NSE:BEL,91.3332417,92.09990427,90.6665757,91.73324463,14660201.70821114
2022-08-01 03:45:00,NSE:BEL,92.06657763,95.93323375,90.96657207,94.73324162,24181137.26032599
2022-08-02 03:45:00,NSE:BEL,95.29990105,95.683234,93.03324333,93.99990569,32577644.68433042
2022-08-03 03:45:00,NSE:BEL,94.33323869,94.69990832,91.3332417,92.28324408,15700269.75168522
2022-08-04 03:45:00,NSE:BEL,92.74990695,95.83323719,91.98324438,94.71656831,39840027.97049666
2022-08-05 03:45:00,NSE:BEL,94.96656806,94.99990469,89.08324396,92.04990432,80363864.62704134
2022-08-08 03:45:00,NSE:BEL,91.81657788,94.53324182,91.59990477,93.94990908,21774324.84563171
2022-08-10 03:45:00,NSE:BEL,93.93323576,96.09990025,93.58323944,95.79990055,28967369.06223181
2022-08-11 03:45:00,NSE:BEL,96.16657019,97.41656893,95.2165678,95.81657387,23053907.12940439
2022-08-12 03:45:00,NSE:BEL,95.99990369,97.3832323,95.73324062,97.03323932,13774861.81997193
2022-08-16 03:45:00,NSE:BEL,97.49990218,98.44990456,96.7165663,97.91656843,18326553.38656944
2022-08-17 03:45:00,NSE:BEL,98.41656793,98.56657111,96.86657282,97.11657257,12973054.01553836
2022-08-18 03:45:00,NSE:BEL,97.016566,98.16656818,95.58323744,96.24990343,16134541.18737881
2022-08-19 03:45:00,NSE:BEL,96.49990318,97.39990561,94.44990857,95.03324132,17598695.65632811
2022-08-22 03:45:00,NSE:BEL,94.99990469,96.74990293,94.26656876,96.36657332,18811110.87271376
2022-08-23 03:45:00,NSE:BEL,95.76656725,99.86656981,95.63323405,99.48323686,30535788.63578766
2022-08-24 03:45:00,NSE:BEL,99.99989967,100.29989604,97.16656918,98.016565,20796527.86463263
2022-08-25 03:45:00,NSE:BEL,98.51656449,99.76656324,98.34989799,98.89990411,22580260.65420681
2022-08-26 03:45:00,NSE:BEL,99.16656718,102.63322703,99.16656718,101.78323455,31345099.44774882
2022-08-29 03:45:00,NSE:BEL,100.59989574,103.76655923,100.21656279,102.94990005,27834222.92537483
2022-08-30 03:45:00,NSE:BEL,103.76655923,103.94989904,101.04989529,102.16656417,25458373.54174498
2022-09-01 03:45:00,NSE:BEL,102.28323405,106.93322272,101.99989767,106.59988972,33768969.87955698
2022-09-02 03:45:00,NSE:BEL,106.99989265,109.89989307,106.83322615,108.18322146,37018690.13991946
2022-09-05 03:45:00,NSE:BEL,109.28322703,109.63322001,108.11656153,109.29988701,24073575.15241164
2022-09-06 03:45:00,NSE:BEL,109.81655982,111.2665517,108.26655471,108.54988776,28364122.45700968
2022-09-07 03:45:00,NSE:BEL,108.79988751,109.91655639,108.58322439,109.74988989,14016218.06211857
2022-09-08 03:45:00,NSE:BEL,110.33322264,110.4665525,109.03322728,109.38322026,13824856.87013071
2022-09-09 03:45:00,NSE:BEL,109.66655664,110.9332187,109.23322708,109.38322026,16733653.78845339
2022-09-12 03:45:00,NSE:BEL,109.94989302,113.2665497,108.68322096,112.84988345,39074685.20264754
2022-09-13 03:45:00,NSE:BEL,113.49988613,113.86655576,111.68321795,111.9332177,18851946.91368354
2022-09-14 03:45:00,NSE:BEL,111.66655463,113.14988981,111.01655195,111.966551,48838506.99844403
2022-09-15 03:45:00,NSE:BEL,114.65,114.65,108.6,111.1,25552945.0
2022-09-16 03:45:00,NSE:BEL,111.35,113.5,109.45,111.0,27675466.0
2022-09-19 03:45:00,NSE:BEL,112.35,113.75,110.0,110.5,18503444.0
2022-09-20 03:45:00,NSE:BEL,111.5,112.1,110.0,110.2,13735873.0
2022-09-21 03:45:00,NSE:BEL,110.4,110.55,107.65,108.45,16931740.0
2022-09-22 03:45:00,NSE:BEL,108.6,112.0,107.6,110.0,20701188.0
2022-09-23 03:45:00,NSE:BEL,110.55,111.0,106.1,106.65,15215768.0
2022-09-26 03:45:00,NSE:BEL,105.0,105.0,99.5,100.7,41567351.0
2022-09-27 03:45:00,NSE:BEL,101.25,101.85,98.449997,99.75,28782718.0
2022-09-28 03:45:00,NSE:BEL,99.0,100.95,98.599998,99.150002,24892912.0
2022-09-29 03:45:00,NSE:BEL,99.900002,100.7,98.349998,99.0,74476855.0
2022-09-30 03:45:00,NSE:BEL,99.349998,101.35,96.25,100.95,28502920.0
2022-10-03 03:45:00,NSE:BEL,101.45,103.0,98.099998,98.449997,21407465.0
2022-10-04 03:45:00,NSE:BEL,100.25,102.45,99.849998,102.05,14768228.0
2022-10-06 03:45:00,NSE:BEL,102.95,105.0,102.4,104.65,20520361.0
2022-10-07 03:45:00,NSE:BEL,105.2,106.5,104.0,106.25,20045623.0
2022-10-10 03:45:00,NSE:BEL,105.1,105.6,103.95,104.45,11511957.0
2022-10-11 03:45:00,NSE:BEL,105.0,105.4,102.55,103.05,11739022.0
2022-10-12 03:45:00,NSE:BEL,102.65,103.45,101.0,103.25,6659580.0
2022-10-13 03:45:00,NSE:BEL,103.25,104.4,101.05,101.4,7795689.0
2022-10-14 03:45:00,NSE:BEL,103.0,103.6,100.45,100.8,7476515.0
2022-10-17 03:45:00,NSE:BEL,100.5,102.75,99.949997,101.8,9943468.0
2022-10-18 03:45:00,NSE:BEL,102.35,106.9,102.05,105.95,21766333.0
2022-10-19 03:45:00,NSE:BEL,106.65,109.2,105.3,105.9,22878764.0
2022-10-20 03:45:00,NSE:BEL,106.8,109.15,106.55,108.0,25579790.0
2022-10-21 03:45:00,NSE:BEL,108.55,108.95,102.7,103.55,19880033.0
2022-10-24 12:45:00,NSE:BEL,104.6,105.35,104.35,104.8,3728536.0
2022-10-25 03:45:00,NSE:BEL,105.0,105.5,103.55,105.05,13217298.0
2022-10-27 03:45:00,NSE:BEL,105.65,108.9,105.2,107.85,29990758.0
2022-10-28 03:45:00,NSE:BEL,108.0,108.55,103.9,105.35,20059496.0
2022-10-31 03:45:00,NSE:BEL,105.9,107.2,105.15,106.85,12793983.0
2022-11-01 03:45:00,NSE:BEL,107.3,110.4,106.75,108.5,26521676.0
2022-11-02 03:45:00,NSE:BEL,108.5,110.25,106.8,107.1,19881462.0
2022-11-03 03:45:00,NSE:BEL,106.8,112.2,106.5,109.95,34173239.0
2022-11-04 03:45:00,NSE:BEL,110.6,111.4,108.6,108.95,22356935.0
2022-11-07 03:45:00,NSE:BEL,109.4,110.3,108.8,109.65,15333789.0
2022-11-09 03:45:00,NSE:BEL,110.2,111.2,107.65,108.05,17033165.0
2022-11-10 03:45:00,NSE:BEL,108.05,108.5,104.7,106.7,12937603.0
2022-11-11 03:45:00,NSE:BEL,108.0,108.45,106.7,107.3,11075218.0
2022-11-14 03:45:00,NSE:BEL,107.3,107.65,105.45,106.6,10547759.0
2022-11-15 03:45:00,NSE:BEL,106.7,107.4,105.45,107.05,11675691.0
2022-11-16 03:45:00,NSE:BEL,108.95,109.8,107.35,108.3,27372424.0
2022-11-17 03:45:00,NSE:BEL,108.2,111.35,108.1,110.6,26985734.0
2022-11-18 03:45:00,NSE:BEL,110.85,111.4,106.4,107.35,23962357.0
2022-11-21 03:45:00,NSE:BEL,107.1,107.2,104.5,105.8,16407321.0
2022-11-22 03:45:00,NSE:BEL,105.2,107.8,105.05,107.45,11999335.0
2022-11-23 03:45:00,NSE:BEL,108.0,109.1,106.35,106.9,21024176.0
2022-11-24 03:45:00,NSE:BEL,107.0,107.4,106.05,107.0,12820212.0
2022-11-25 03:45:00,NSE:BEL,107.3,108.0,106.65,107.15,8834584.0
2022-11-28 03:45:00,NSE:BEL,107.1,108.75,106.95,107.4,11289089.0
2022-11-29 03:45:00,NSE:BEL,107.9,107.9,105.25,106.15,8717535.0
2022-11-30 03:45:00,NSE:BEL,106.5,106.55,104.15,105.1,27869373.0
2022-12-01 03:45:00,NSE:BEL,105.65,106.35,103.85,104.15,19098551.0
2022-12-02 03:45:00,NSE:BEL,104.55,106.45,104.3,106.15,13020973.0
2022-12-05 03:45:00,NSE:BEL,106.35,107.6,105.0,107.45,17476086.0
2022-12-06 03:45:00,NSE:BEL,107.25,108.4,105.5,105.7,13880227.0
2022-12-07 03:45:00,NSE:BEL,106.25,107.15,105.45,105.7,11943855.0
2022-12-08 03:45:00,NSE:BEL,105.0,105.5,104.25,105.3,15789329.0
2022-12-09 03:45:00,NSE:BEL,106.0,106.9,104.5,105.8,12630851.0
2022-12-12 03:45:00,NSE:BEL,106.0,106.55,104.0,104.55,19335542.0
2022-12-13 03:45:00,NSE:BEL,105.1,105.4,104.4,105.15,7421330.0
2022-12-14 03:45:00,NSE:BEL,105.15,105.65,104.85,105.45,6168426.0
2022-12-15 03:45:00,NSE:BEL,105.25,105.65,102.75,103.25,10186774.0
2022-12-16 03:45:00,NSE:BEL,102.25,102.4,97.849998,99.449997,38364152.0
2022-12-19 03:45:00,NSE:BEL,99.449997,100.85,97.75,100.45,22872344.0
2022-12-20 03:45:00,NSE:BEL,100.75,101.6,99.0,101.3,10478941.0
2022-12-21 03:45:00,NSE:BEL,101.85,102.2,98.449997,99.199997,11606766.0
2022-12-22 03:45:00,NSE:BEL,99.5,99.900002,96.800003,98.25,14577136.0
2022-12-23 03:45:00,NSE:BEL,98.949997,99.150002,96.0,96.550003,23099245.0
2022-12-26 03:45:00,NSE:BEL,96.599998,99.849998,94.650002,99.25,12096095.0
2022-12-27 03:45:00,NSE:BEL,99.800003,100.95,98.400002,100.25,10240049.0
2022-12-28 03:45:00,NSE:BEL,99.599998,100.9,99.25,99.75,9470020.0
2022-12-29 03:45:00,NSE:BEL,98.5,99.800003,98.300003,98.900002,11367064.0
2022-12-30 03:45:00,NSE:BEL,99.400002,101.35,99.25,99.900002,9236774.0
2023-01-02 03:45:00,NSE:BEL,100.4,101.2,99.900002,100.25,6973552.0
2023-01-03 03:45:00,NSE:BEL,100.3,100.9,99.800003,100.35,8833881.0
2023-01-04 03:45:00,NSE:BEL,100.7,100.9,98.449997,98.75,8927128.0
2023-01-05 03:45:00,NSE:BEL,99.0,100.15,98.300003,99.949997,10448282.0
2023-01-06 03:45:00,NSE:BEL,99.800003,100.5,98.699997,98.949997,7215940.0
2023-01-09 03:45:00,NSE:BEL,99.900002,101.7,99.5,100.0,11920266.0
2023-01-10 03:45:00,NSE:BEL,100.0,100.1,98.300003,99.150002,10397112.0
2023-01-11 03:45:00,NSE:BEL,100.35,100.75,99.550003,100.2,11130194.0
2023-01-12 03:45:00,NSE:BEL,100.45,100.5,98.900002,99.400002,9299447.0
2023-01-13 03:45:00,NSE:BEL,99.5,100.1,97.400002,99.949997,11684608.0
2023-01-16 03:45:00,NSE:BEL,100.45,103.0,100.2,102.1,16485682.0
2023-01-17 03:45:00,NSE:BEL,102.35,103.0,101.5,102.9,11762030.0
2023-01-18 03:45:00,NSE:BEL,103.1,104.0,102.1,102.7,13005273.0
2023-01-19 03:45:00,NSE:BEL,102.0,103.0,101.85,102.85,4842895.0
2023-01-20 03:45:00,NSE:BEL,102.9,103.4,101.6,101.8,7912700.0
2023-01-23 03:45:00,NSE:BEL,102.35,102.5,101.1,101.55,9725869.0
2023-01-24 03:45:00,NSE:BEL,101.55,101.85,100.15,100.65,10169994.0
2023-01-25 03:45:00,NSE:BEL,100.2,100.9,98.800003,99.150002,9232812.0
2023-01-27 03:45:00,NSE:BEL,99.599998,99.949997,92.449997,94.300003,24624255.0
2023-01-30 03:45:00,NSE:BEL,92.949997,92.949997,87.0,88.949997,62828817.0
2023-01-31 03:45:00,NSE:BEL,90.300003,96.25,89.050003,94.949997,59004021.0
2023-02-01 03:45:00,NSE:BEL,97.0,97.25,89.050003,90.949997,44092961.0
2023-02-02 03:45:00,NSE:BEL,89.550003,93.5,88.300003,93.099998,24502896.0
2023-02-03 03:45:00,NSE:BEL,93.400002,94.400002,91.699997,93.849998,15906920.0
2023-02-06 03:45:00,NSE:BEL,93.5,95.0,93.199997,94.5,7015869.0
2023-02-07 03:45:00,NSE:BEL,94.5,95.099998,93.75,94.449997,10315670.0
2023-02-08 03:45:00,NSE:BEL,94.949997,96.300003,94.349998,96.099998,11577350.0
2023-02-09 03:45:00,NSE:BEL,96.349998,96.699997,95.550003,95.800003,6577385.0
2023-02-10 03:45:00,NSE:BEL,95.550003,96.650002,95.349998,96.25,10685751.0
2023-02-13 03:45:00,NSE:BEL,96.25,97.199997,94.449997,94.650002,13582939.0
2023-02-14 03:45:00,NSE:BEL,94.800003,95.150002,93.099998,94.599998,9624926.0
2023-02-15 03:45:00,NSE:BEL,94.050003,94.800003,93.400002,94.650002,11575131.0
2023-02-16 03:45:00,NSE:BEL,95.900002,98.400002,94.25,97.75,32927840.0
2023-02-17 03:45:00,NSE:BEL,97.550003,98.650002,96.199997,96.449997,20383244.0
2023-02-20 03:45:00,NSE:BEL,96.699997,96.75,94.199997,94.900002,17505922.0
2023-02-21 03:45:00,NSE:BEL,95.949997,96.199997,94.599998,95.550003,11933886.0
2023-02-22 03:45:00,NSE:BEL,95.699997,96.150002,94.800003,95.0,14589841.0
2023-02-23 03:45:00,NSE:BEL,95.099998,95.699997,93.650002,95.400002,16196352.0
2023-02-24 03:45:00,NSE:BEL,95.650002,95.900002,95.0,95.349998,8061923.0
2023-02-27 03:45:00,NSE:BEL,95.349998,95.699997,93.150002,95.400002,13928820.0
2023-02-28 03:45:00,NSE:BEL,95.150002,96.150002,94.400002,94.599998,10965145.0
2023-03-01 03:45:00,NSE:BEL,95.199997,97.099998,94.800003,97.050003,14285091.0
2023-03-02 03:45:00,NSE:BEL,97.199997,97.550003,96.199997,96.699997,10048980.0
2023-03-03 03:45:00,NSE:BEL,97.25,97.699997,95.599998,95.849998,7938348.0
2023-03-06 03:45:00,NSE:BEL,96.349998,97.25,95.900002,96.449997,8289319.0
2023-03-08 03:45:00,NSE:BEL,96.25,96.400002,94.5,96.099998,14292676.0
2023-03-09 03:45:00,NSE:BEL,96.150002,96.900002,95.25,95.449997,7884249.0
2023-03-10 03:45:00,NSE:BEL,94.300003,95.5,93.550003,94.900002,9620249.0
2023-03-13 03:45:00,NSE:BEL,94.050003,94.900002,91.900002,92.349998,11482697.0
2023-03-14 03:45:00,NSE:BEL,92.849998,92.949997,91.199997,92.75,14285446.0
2023-03-15 03:45:00,NSE:BEL,93.5,94.25,92.199997,92.599998,8318506.0
2023-03-16 03:45:00,NSE:BEL,92.699997,92.699997,89.650002,91.900002,12278142.0
2023-03-17 03:45:00,NSE:BEL,93.099998,94.699997,92.900002,93.400002,13158718.0
2023-03-20 03:45:00,NSE:BEL,93.0,93.349998,91.75,92.650002,6579446.0
2023-03-21 03:45:00,NSE:BEL,93.0,93.449997,92.349998,93.099998,5886671.0
2023-03-22 03:45:00,NSE:BEL,93.5,93.949997,92.5,92.650002,6096408.0
2023-03-23 03:45:00,NSE:BEL,92.300003,92.75,90.849998,92.099998,9969670.0
2023-03-24 03:45:00,NSE:BEL,93.949997,94.5,91.199997,91.550003,16650432.0
2023-03-27 03:45:00,NSE:BEL,93.099998,93.75,91.349998,91.75,15959308.0
2023-03-28 03:45:00,NSE:BEL,91.75,92.5,90.0,90.300003,14999850.0
2023-03-29 03:45:00,NSE:BEL,90.199997,92.050003,89.900002,91.550003,36103221.0
2023-03-31 03:45:00,NSE:BEL,94.25,98.449997,94.25,97.550003,64455094.0
2023-04-03 03:45:00,NSE:BEL,98.949997,99.0,95.800003,96.599998,24154016.0
2023-04-05 03:45:00,NSE:BEL,95.050003,98.449997,95.050003,98.25,24875169.0
2023-04-06 03:45:00,NSE:BEL,97.599998,99.0,97.550003,98.75,11440418.0
2023-04-10 03:45:00,NSE:BEL,98.900002,100.55,98.75,99.900002,10870304.0
2023-04-11 03:45:00,NSE:BEL,100.4,100.95,98.800003,100.0,8458648.0
2023-04-12 03:45:00,NSE:BEL,100.15,101.1,99.5,100.8,8938731.0
2023-04-13 03:45:00,NSE:BEL,100.8,101.8,100.5,100.9,9153834.0
2023-04-17 03:45:00,NSE:BEL,101.0,101.5,100.0,101.4,8323162.0
2023-04-18 03:45:00,NSE:BEL,101.4,103.85,101.2,102.95,19758227.0
2023-04-19 03:45:00,NSE:BEL,103.0,103.1,101.25,101.4,11271768.0
2023-04-20 03:45:00,NSE:BEL,101.5,103.3,101.35,102.85,13241812.0
2023-04-21 03:45:00,NSE:BEL,102.7,103.5,102.2,102.8,5625649.0
2023-04-24 03:45:00,NSE:BEL,102.8,103.2,101.5,101.8,5994078.0
2023-04-25 03:45:00,NSE:BEL,101.8,102.0,100.75,101.15,5696053.0
2023-04-26 03:45:00,NSE:BEL,100.8,101.9,100.4,101.65,4576455.0
2023-04-27 03:45:00,NSE:BEL,101.2,102.1,101.15,101.45,5362153.0
2023-04-28 03:45:00,NSE:BEL,101.95,103.45,101.25,103.3,11812226.0
2023-05-02 03:45:00,NSE:BEL,104.0,105.1,103.5,104.3,13598952.0
2023-05-03 03:45:00,NSE:BEL,104.15,106.55,103.65,106.35,16034319.0
2023-05-04 03:45:00,NSE:BEL,106.95,108.25,106.5,107.25,15414305.0
2023-05-05 03:45:00,NSE:BEL,107.05,107.95,105.8,106.3,9315810.0
2023-05-08 03:45:00,NSE:BEL,106.3,107.5,106.0,107.3,6721354.0
2023-05-09 03:45:00,NSE:BEL,107.2,108.15,106.6,107.55,10063354.0
2023-05-10 03:45:00,NSE:BEL,107.9,108.6,107.25,108.05,10360986.0
2023-05-11 03:45:00,NSE:BEL,108.25,109.0,107.5,108.6,9435021.0
2023-05-12 03:45:00,NSE:BEL,108.65,108.65,106.6,107.3,6855025.0
2023-05-15 03:45:00,NSE:BEL,107.1,108.6,106.9,107.65,7833289.0
2023-05-16 03:45:00,NSE:BEL,107.7,109.1,107.4,108.45,9051577.0
2023-05-17 03:45:00,NSE:BEL,108.8,109.75,107.95,108.25,9456088.0
2023-05-18 03:45:00,NSE:BEL,108.5,109.25,107.25,107.8,7220608.0
2023-05-19 03:45:00,NSE:BEL,107.8,107.85,105.7,107.0,9255095.0
2023-05-22 03:45:00,NSE:BEL,108.55,111.3,107.6,110.45,27946526.0
2023-05-23 03:45:00,NSE:BEL,110.95,111.05,107.75,107.9,15214733.0
2023-05-24 03:45:00,NSE:BEL,107.9,109.3,107.3,108.8,10722681.0
2023-05-25 03:45:00,NSE:BEL,108.0,110.75,108.0,109.6,11158044.0
2023-05-26 03:45:00,NSE:BEL,109.55,111.0,109.1,110.7,7958341.0
2023-05-29 03:45:00,NSE:BEL,111.0,111.8,110.2,111.45,10330215.0
2023-05-30 03:45:00,NSE:BEL,111.45,112.6,111.0,111.25,7803617.0
2023-05-31 03:45:00,NSE:BEL,110.55,112.45,110.2,112.15,15741522.0
2023-06-01 03:45:00,NSE:BEL,112.2,113.45,112.0,112.9,9185292.0
2023-06-02 03:45:00,NSE:BEL,113.4,113.5,112.0,113.3,9939324.0
2023-06-05 03:45:00,NSE:BEL,113.35,118.65,113.35,115.65,35214281.0
2023-06-06 03:45:00,NSE:BEL,116.25,118.5,115.9,118.05,18999553.0
2023-06-07 03:45:00,NSE:BEL,118.75,119.0,117.5,118.05,11262532.0
2023-06-08 03:45:00,NSE:BEL,118.5,118.7,116.4,117.55,11188999.0
2023-06-09 03:45:00,NSE:BEL,118.0,121.45,116.7,120.35,19873573.0
2023-06-12 03:45:00,NSE:BEL,120.95,123.9,118.75,119.1,24331332.0
2023-06-13 03:45:00,NSE:BEL,119.9,122.45,118.9,122.1,16552079.0
2023-06-14 03:45:00,NSE:BEL,122.35,123.15,121.1,121.4,8660080.0
2023-06-15 03:45:00,NSE:BEL,121.4,122.75,120.05,121.95,13948239.0
2023-06-16 03:45:00,NSE:BEL,122.3,127.25,121.65,125.2,32649860.0
2023-06-19 03:45:00,NSE:BEL,126.35,126.35,124.45,124.85,10053869.0
2023-06-20 03:45:00,NSE:BEL,125.0,126.75,123.9,125.15,15471361.0
2023-06-21 03:45:00,NSE:BEL,126.15,126.3,121.75,122.8,14141162.0
2023-06-22 03:45:00,NSE:BEL,123.55,127.35,122.8,123.45,25032998.0
2023-06-23 03:45:00,NSE:BEL,123.75,123.9,119.5,120.05,12413343.0
2023-06-26 03:45:00,NSE:BEL,121.0,122.55,120.0,121.4,17369553.0
2023-06-27 03:45:00,NSE:BEL,122.1,122.6,117.9,118.4,19093714.0
2023-06-28 03:45:00,NSE:BEL,119.15,122.4,118.1,120.75,61890385.0
2023-06-30 03:45:00,NSE:BEL,121.4,126.7,120.75,125.75,27973500.0
2023-07-03 03:45:00,NSE:BEL,126.0,126.0,122.7,123.75,15492508.0
2023-07-04 03:45:00,NSE:BEL,124.0,124.2,121.55,122.05,7595425.0
2023-07-05 03:45:00,NSE:BEL,122.55,123.75,121.05,121.75,15615891.0
2023-07-06 03:45:00,NSE:BEL,122.3,125.1,121.9,124.8,16906327.0
2023-07-07 03:45:00,NSE:BEL,124.35,125.9,123.65,124.05,22837962.0
2023-07-10 03:45:00,NSE:BEL,124.2,124.65,122.5,123.0,9068813.0
2023-07-11 03:45:00,NSE:BEL,123.45,128.64999,123.4,127.4,46215137.0
2023-07-12 03:45:00,NSE:BEL,128.3,128.5,126.55,127.65,18031857.0
2023-07-13 03:45:00,NSE:BEL,127.75,128.8,125.0,125.5,12374030.0
2023-07-14 03:45:00,NSE:BEL,126.0,127.5,124.1,127.15,9577719.0
2023-07-17 03:45:00,NSE:BEL,127.8,128.25,126.4,127.15,9411535.0
2023-07-18 03:45:00,NSE:BEL,127.7,128.3,125.25,127.1,8994063.0
2023-07-19 03:45:00,NSE:BEL,127.75,127.75,126.7,126.9,8975718.0
2023-07-20 03:45:00,NSE:BEL,127.0,127.25,125.55,126.0,10187180.0
2023-07-21 03:45:00,NSE:BEL,126.35,126.65,124.75,124.95,9926528.0
2023-07-24 03:45:00,NSE:BEL,125.35,127.75,125.0,126.0,13121674.0
2023-07-25 03:45:00,NSE:BEL,126.55,127.2,125.35,127.05,7151050.0
2023-07-26 03:45:00,NSE:BEL,127.05,127.35,125.65,126.0,12681896.0
2023-07-27 03:45:00,NSE:BEL,126.2,128.8,126.0,127.25,11597763.0
2023-07-28 03:45:00,NSE:BEL,129.25,131.7,128.0,130.14999,37245053.0
2023-07-31 03:45:00,NSE:BEL,130.3,131.0,128.85001,130.7,16197160.0
2023-08-01 03:45:00,NSE:BEL,131.0,133.25,130.05,130.45,17079508.0
2023-08-02 03:45:00,NSE:BEL,130.45,130.7,123.7,125.35,20816954.0
2023-08-03 03:45:00,NSE:BEL,125.55,126.5,123.5,124.65,12415922.0
2023-08-04 03:45:00,NSE:BEL,126.3,128.05,125.5,127.6,10589274.0
2023-08-07 03:45:00,NSE:BEL,128.45,129.2,126.6,128.55,8339894.0
2023-08-08 03:45:00,NSE:BEL,128.7,130.0,127.6,129.14999,12505272.0
2023-08-09 03:45:00,NSE:BEL,129.8,132.39999,129.0,131.7,13111006.0
2023-08-10 03:45:00,NSE:BEL,131.60001,133.14999,129.10001,129.39999,11116731.0
2023-08-11 03:45:00,NSE:BEL,130.2,133.25,129.55,132.05,10967883.0
2023-08-14 03:45:00,NSE:BEL,131.95,131.95,129.45,130.5,8529502.0
2023-08-16 03:45:00,NSE:BEL,130.75,131.89999,129.45,131.3,7062446.0
2023-08-17 03:45:00,NSE:BEL,131.45,131.60001,128.25,128.7,7162118.0
2023-08-18 03:45:00,NSE:BEL,128.25,129.60001,126.75,127.15,8997702.0
2023-08-21 03:45:00,NSE:BEL,127.2,129.7,127.15,129.25,5063202.0
2023-08-22 03:45:00,NSE:BEL,129.7,133.7,129.35001,133.3,20596242.0
2023-08-23 03:45:00,NSE:BEL,133.95,135.39999,132.8,133.39999,19426832.0
2023-08-24 03:45:00,NSE:BEL,135.05,135.5,133.60001,134.39999,17543374.0
2023-08-25 03:45:00,NSE:BEL,137.25,137.95,133.05,133.39999,33919926.0
2023-08-28 03:45:00,NSE:BEL,136.10001,136.39999,134.60001,134.89999,13346571.0
2023-08-29 03:45:00,NSE:BEL,135.3,135.85001,134.10001,134.55,11118400.0
2023-08-30 03:45:00,NSE:BEL,135.5,135.5,134.25,134.55,12555619.0
2023-08-31 03:45:00,NSE:BEL,134.55,135.05,132.2,133.2,14954352.0
2023-09-01 03:45:00,NSE:BEL,134.05,138.39999,133.89999,137.85001,23415545.0
2023-09-04 03:45:00,NSE:BEL,139.5,142.35001,139.2,140.55,28262276.0
2023-09-05 03:45:00,NSE:BEL,141.3,141.89999,139.2,139.7,11695197.0
2023-09-06 03:45:00,NSE:BEL,140.5,140.75,137.75,138.3,10151022.0
2023-09-07 03:45:00,NSE:BEL,138.45,141.0,137.60001,139.85001,18438943.0
2023-09-08 03:45:00,NSE:BEL,140.55,144.3,140.2,143.3,16579557.0
2023-09-11 03:45:00,NSE:BEL,144.35001,147.14999,143.05,144.7,19902175.0
2023-09-12 03:45:00,NSE:BEL,144.60001,144.95,133.60001,134.14999,48752780.0
2023-09-13 03:45:00,NSE:BEL,135.0,136.95,133.3,135.85001,19282289.0
2023-09-14 03:45:00,NSE:BEL,138.0,138.7,135.5,136.8,13197189.0
2023-09-15 03:45:00,NSE:BEL,137.5,138.2,135.10001,135.7,9651337.0
2023-09-18 03:45:00,NSE:BEL,145.0,145.0,139.0,139.89999,51859825.0
2023-09-20 03:45:00,NSE:BEL,140.0,140.10001,136.25,136.89999,19080613.0
2023-09-21 03:45:00,NSE:BEL,137.0,138.0,134.60001,135.25,9531884.0
2023-09-22 03:45:00,NSE:BEL,134.14999,136.89999,134.05,136.05,12604969.0
2023-09-25 03:45:00,NSE:BEL,136.3,136.85001,133.60001,136.60001,14984591.0
2023-09-26 03:45:00,NSE:BEL,136.60001,138.3,135.89999,137.64999,12315581.0
2023-09-27 03:45:00,NSE:BEL,137.39999,137.55,135.7,136.60001,8713378.0
2023-09-28 03:45:00,NSE:BEL,136.89999,138.0,134.60001,135.05,22012674.0
2023-09-29 03:45:00,NSE:BEL,136.0,138.64999,135.75,138.3,8504659.0
2023-10-03 03:45:00,NSE:BEL,137.89999,140.60001,137.2,139.2,19010910.0
2023-10-04 03:45:00,NSE:BEL,138.0,139.14999,136.55,138.85001,14912053.0
2023-10-05 03:45:00,NSE:BEL,139.5,141.35001,138.10001,138.95,15996620.0
2023-10-06 03:45:00,NSE:BEL,139.0,140.5,138.64999,139.0,4987359.0
2023-10-09 03:45:00,NSE:BEL,136.2,137.60001,135.05,135.75,10489249.0
2023-10-10 03:45:00,NSE:BEL,137.39999,141.0,136.5,139.95,15593722.0
2023-10-11 03:45:00,NSE:BEL,139.95,140.5,137.5,137.75,10778916.0
2023-10-12 03:45:00,NSE:BEL,137.95,138.7,137.2,138.2,7567439.0
2023-10-13 03:45:00,NSE:BEL,136.3,138.2,136.3,137.45,8303230.0
2023-10-16 03:45:00,NSE:BEL,137.0,137.89999,136.55,137.39999,7785480.0
2023-10-17 03:45:00,NSE:BEL,137.5,138.89999,137.5,138.55,6076896.0
2023-10-18 03:45:00,NSE:BEL,138.75,138.95,136.39999,137.05,6806231.0
2023-10-19 03:45:00,NSE:BEL,136.0,137.2,135.05,137.0,7775836.0
2023-10-20 03:45:00,NSE:BEL,136.7,136.89999,133.5,134.2,8982112.0
2023-10-23 03:45:00,NSE:BEL,134.3,135.89999,131.39999,132.7,19333777.0
2023-10-25 03:45:00,NSE:BEL,132.5,134.64999,129.25,131.2,10225867.0
2023-10-26 03:45:00,NSE:BEL,130.0,130.2,127.0,128.85001,18167694.0
2023-10-27 03:45:00,NSE:BEL,129.25,132.85001,129.25,132.2,8761931.0
2023-10-30 03:45:00,NSE:BEL,133.5,133.95,130.8,131.95,9052085.0
2023-10-31 03:45:00,NSE:BEL,132.5,133.64999,130.75,133.25,8098744.0
2023-11-01 03:45:00,NSE:BEL,133.75,134.55,132.05,132.39999,10431945.0
2023-11-02 03:45:00,NSE:BEL,133.7,135.0,133.3,134.75,4885035.0
2023-11-03 03:45:00,NSE:BEL,135.14999,137.0,134.75,135.95,9154983.0
2023-11-06 03:45:00,NSE:BEL,136.95,138.0,136.0,137.64999,7070089.0
2023-11-07 03:45:00,NSE:BEL,137.55,138.95,136.7,138.05,8587321.0
2023-11-08 03:45:00,NSE:BEL,137.75,141.14999,137.7,140.39999,9755483.0
2023-11-09 03:45:00,NSE:BEL,139.95,139.95,137.60001,137.95,5481774.0
2023-11-10 03:45:00,NSE:BEL,137.5,139.10001,137.05,138.8,5781314.0
2023-11-12 12:45:00,NSE:BEL,139.95,140.3,139.3,139.6,1362170.0
2023-11-13 03:45:00,NSE:BEL,139.14999,144.2,139.05,143.39999,20245049.0
2023-11-15 03:45:00,NSE:BEL,144.5,145.39999,142.5,143.05,11440473.0
2023-11-16 03:45:00,NSE:BEL,143.25,144.35001,142.2,142.60001,11453235.0
2023-11-17 03:45:00,NSE:BEL,142.85001,146.5,141.8,146.10001,13496261.0
2023-11-20 03:45:00,NSE:BEL,146.39999,146.75,143.14999,143.85001,7741502.0
2023-11-21 03:45:00,NSE:BEL,144.14999,144.55,142.25,142.85001,9972235.0
2023-11-22 03:45:00,NSE:BEL,143.25,143.45,140.14999,141.85001,7445272.0
2023-11-23 03:45:00,NSE:BEL,141.85001,142.55,139.10001,139.35001,13138745.0
2023-11-24 03:45:00,NSE:BEL,139.95,142.14999,137.35001,140.35001,19614754.0
2023-11-28 03:45:00,NSE:BEL,141.64999,141.8,140.39999,141.3,8595693.0
2023-11-29 03:45:00,NSE:BEL,142.05,142.64999,140.5,141.0,14680789.0
2023-11-30 03:45:00,NSE:BEL,141.0,146.35001,140.75,145.89999,27591484.0
2023-12-01 03:45:00,NSE:BEL,147.95,150.3,146.75,147.45,34466616.0
2023-12-04 03:45:00,NSE:BEL,152.0,157.5,151.60001,153.55,51416976.0
2023-12-05 03:45:00,NSE:BEL,153.7,155.10001,149.95,152.0,29109123.0
2023-12-06 03:45:00,NSE:BEL,152.60001,157.14999,151.85001,156.14999,26688698.0
2023-12-07 03:45:00,NSE:BEL,161.8,161.8,158.25,160.35001,51346222.0
2023-12-08 03:45:00,NSE:BEL,161.35001,162.35001,157.3,158.75,22869782.0
2023-12-11 03:45:00,NSE:BEL,159.8,163.25,159.14999,161.25,22941648.0
2023-12-12 03:45:00,NSE:BEL,162.45,162.8,160.0,160.8,16306341.0
2023-12-13 03:45:00,NSE:BEL,160.2,163.89999,159.39999,162.85001,16804086.0
2023-12-14 03:45:00,NSE:BEL,163.10001,164.35001,162.60001,164.0,13887946.0
2023-12-15 03:45:00,NSE:BEL,166.0,170.2,165.25,169.05,39766631.0
2023-12-18 03:45:00,NSE:BEL,171.75,174.35001,169.45,172.7,35901409.0
2023-12-19 03:45:00,NSE:BEL,172.89999,174.39999,171.10001,173.05,14732129.0
2023-12-20 03:45:00,NSE:BEL,173.75,176.3,166.14999,167.25,24511237.0
2023-12-21 03:45:00,NSE:BEL,165.0,171.85001,164.05,170.64999,22646625.0
2023-12-22 03:45:00,NSE:BEL,171.95,175.25,169.39999,174.8,19640046.0
2023-12-26 03:45:00,NSE:BEL,178.0,184.5,178.0,181.95,52736391.0
2023-12-27 03:45:00,NSE:BEL,184.0,184.89999,179.10001,180.2,26206240.0
2023-12-28 03:45:00,NSE:BEL,181.5,184.25,180.8,182.7,20453485.0
2023-12-29 03:45:00,NSE:BEL,182.95,185.2,181.10001,184.2,19305150.0
2024-01-01 03:45:00,NSE:BEL,184.8,187.0,184.45,184.95,18008785.0
2024-01-02 03:45:00,NSE:BEL,186.0,186.2,179.75,182.14999,22790965.0
2024-01-03 03:45:00,NSE:BEL,182.35001,184.7,180.60001,182.35001,18738690.0
2024-01-04 03:45:00,NSE:BEL,182.5,187.64999,182.5,186.89999,25403124.0
2024-01-05 03:45:00,NSE:BEL,187.7,188.64999,184.05,185.95,22023938.0
2024-01-08 03:45:00,NSE:BEL,186.75,187.5,183.2,183.60001,11472441.0
2024-01-09 03:45:00,NSE:BEL,184.89999,186.7,184.2,184.64999,11550790.0
2024-01-10 03:45:00,NSE:BEL,184.39999,186.0,182.05,185.60001,8701594.0
2024-01-11 03:45:00,NSE:BEL,187.0,187.64999,183.8,184.35001,10942508.0
2024-01-12 03:45:00,NSE:BEL,185.35001,185.5,183.10001,183.5,8853157.0
2024-01-15 03:45:00,NSE:BEL,184.89999,189.89999,184.10001,188.64999,24570393.0
2024-01-16 03:45:00,NSE:BEL,188.89999,190.25,185.10001,186.8,16471601.0
2024-01-17 03:45:00,NSE:BEL,186.3,188.5,183.8,185.64999,16350370.0
2024-01-18 03:45:00,NSE:BEL,185.64999,189.0,180.0,188.2,24831623.0
2024-01-19 03:45:00,NSE:BEL,190.0,193.7,190.0,191.85001,22303305.0
2024-01-20 03:45:00,NSE:BEL,193.0,195.0,190.7,193.39999,12654436.0
2024-01-23 03:45:00,NSE:BEL,195.25,195.5,184.39999,187.10001,26628471.0
2024-01-24 03:45:00,NSE:BEL,186.8,190.2,184.0,189.25,14742783.0
2024-01-25 03:45:00,NSE:BEL,190.75,192.0,188.3,189.7,12592882.0
2024-01-29 03:45:00,NSE:BEL,190.0,193.7,187.55,190.89999,28919512.0
2024-01-30 03:45:00,NSE:BEL,192.0,192.35001,187.0,187.89999,20894159.0
2024-01-31 03:45:00,NSE:BEL,188.2,189.10001,184.85001,185.89999,23757415.0
2024-02-01 03:45:00,NSE:BEL,187.7,188.39999,181.55,183.39999,27835431.0
2024-02-02 03:45:00,NSE:BEL,185.0,187.75,183.85001,184.60001,27710061.0
2024-02-05 03:45:00,NSE:BEL,187.0,187.0,178.8,181.55,23880364.0
2024-02-06 03:45:00,NSE:BEL,182.39999,183.55,180.7,183.10001,12134363.0
2024-02-07 03:45:00,NSE:BEL,184.14999,184.14999,179.64999,181.7,14192151.0
2024-02-08 03:45:00,NSE:BEL,182.2,187.10001,181.75,184.8,29094709.0
2024-02-09 03:45:00,NSE:BEL,185.5,185.7,176.5,180.64999,21081134.0
2024-02-12 03:45:00,NSE:BEL,181.25,183.10001,173.64999,174.64999,19640568.0
2024-02-13 03:45:00,NSE:BEL,174.75,176.89999,171.75,176.60001,13961795.0
2024-02-14 03:45:00,NSE:BEL,177.25,182.14999,175.3,181.60001,23449380.0
2024-02-15 03:45:00,NSE:BEL,183.0,186.3,182.60001,185.95,17335763.0
2024-02-16 03:45:00,NSE:BEL,189.0,190.39999,186.85001,188.3,29843059.0
2024-02-19 03:45:00,NSE:BEL,189.95,192.5,188.3,188.75,25343215.0
2024-02-20 03:45:00,NSE:BEL,189.10001,191.45,186.25,190.64999,17809897.0
2024-02-21 03:45:00,NSE:BEL,191.3,192.55,187.0,188.7,17870782.0
2024-02-22 03:45:00,NSE:BEL,189.75,196.0,188.7,194.75,31992371.0
2024-02-23 03:45:00,NSE:BEL,196.3,207.0,195.95,205.3,76179371.0
2024-02-26 03:45:00,NSE:BEL,205.64999,206.89999,202.8,204.25,27013630.0
2024-02-27 03:45:00,NSE:BEL,203.55,209.0,203.10001,205.35001,28877205.0
2024-02-28 03:45:00,NSE:BEL,206.2,209.0,201.45,205.64999,38996363.0
2024-02-29 03:45:00,NSE:BEL,205.45,205.89999,199.75,205.10001,24059731.0
2024-03-01 03:45:00,NSE:BEL,205.95,208.05,204.8,205.60001,12949604.0
2024-03-02 03:45:00,NSE:BEL,206.0,207.7,205.89999,206.75,1497553.0
2024-03-04 03:45:00,NSE:BEL,207.95,212.95,206.35001,209.60001,34272251.0
2024-03-05 03:45:00,NSE:BEL,211.0,213.75,209.85001,210.75,24964592.0
2024-03-06 03:45:00,NSE:BEL,211.8,213.45,205.60001,210.45,26236957.0
2024-03-07 03:45:00,NSE:BEL,211.45,216.8,211.14999,215.2,41484038.0
2024-03-11 03:45:00,NSE:BEL,216.45,216.45,211.89999,212.55,22800967.0
2024-03-12 03:45:00,NSE:BEL,211.0,211.35001,201.5,204.25,34719550.0
2024-03-13 03:45:00,NSE:BEL,204.10001,205.60001,188.2,190.3,41620003.0
2024-03-14 03:45:00,NSE:BEL,189.0,197.14999,186.25,195.25,34622781.0
2024-03-15 03:45:00,NSE:BEL,196.75,196.75,179.10001,188.85001,88781999.0
2024-03-18 03:45:00,NSE:BEL,190.0,192.0,187.05,189.89999,22999225.0
2024-03-19 03:45:00,NSE:BEL,190.0,192.45,184.55,185.39999,27819341.0
2024-03-20 03:45:00,NSE:BEL,186.89999,187.95,182.5,187.45,16235947.0
2024-03-21 03:45:00,NSE:BEL,190.0,197.5,190.0,196.85001,43152810.0
2024-03-22 03:45:00,NSE:BEL,196.5,198.95,192.75,197.5,31321524.0
2024-03-26 03:45:00,NSE:BEL,197.0,200.5,195.95,199.39999,25723863.0
2024-03-27 03:45:00,NSE:BEL,200.0,203.95,198.0,199.45,37817130.0
2024-03-28 03:45:00,NSE:BEL,200.5,202.45,199.0,201.5,17425093.0
2024-04-01 03:45:00,NSE:BEL,205.0,212.75,203.75,211.10001,45840349.0
2024-04-02 03:45:00,NSE:BEL,213.75,222.64999,212.60001,221.0,93873385.0
2024-04-03 03:45:00,NSE:BEL,221.7,225.45,218.85001,221.5,47658754.0
2024-04-04 03:45:00,NSE:BEL,223.5,223.89999,218.25,220.3,18279026.0
2024-04-05 03:45:00,NSE:BEL,220.35001,226.0,218.75,224.5,25365958.0
2024-04-08 03:45:00,NSE:BEL,225.55,225.7,222.10001,223.55,16422350.0
2024-04-09 03:45:00,NSE:BEL,224.8,228.89999,221.2,228.14999,29048035.0
2024-04-10 03:45:00,NSE:BEL,229.0,232.85001,226.5,228.75,37218693.0
2024-04-12 03:45:00,NSE:BEL,231.3,235.39999,230.55,233.5,57174716.0
2024-04-15 03:45:00,NSE:BEL,230.0,238.0,226.0,234.45,51676313.0
2024-04-16 03:45:00,NSE:BEL,232.5,236.95,230.0,233.45,32508661.0
2024-04-18 03:45:00,NSE:BEL,235.60001,237.39999,229.2,231.14999,18623078.0
2024-04-19 03:45:00,NSE:BEL,228.55,234.5,225.7,233.3,27227241.0
2024-04-22 03:45:00,NSE:BEL,236.0,236.14999,232.3,233.3,17549094.0
2024-04-23 03:45:00,NSE:BEL,234.25,236.10001,231.75,234.35001,19202860.0
2024-04-24 03:45:00,NSE:BEL,235.25,239.14999,234.10001,236.5,33392337.0
2024-04-25 03:45:00,NSE:BEL,236.39999,240.05,235.45,237.60001,16197834.0
2024-04-26 03:45:00,NSE:BEL,238.5,241.64999,237.89999,238.95,20473627.0
2024-04-29 03:45:00,NSE:BEL,240.14999,240.2,234.85001,235.39999,19876408.0
2024-04-30 03:45:00,NSE:BEL,236.3,237.3,233.2,233.75,14514418.0
2024-05-02 03:45:00,NSE:BEL,234.7,237.39999,230.75,234.75,19171145.0
2024-05-03 03:45:00,NSE:BEL,237.10001,238.0,231.14999,234.10001,15782582.0
2024-05-06 03:45:00,NSE:BEL,235.10001,235.85001,230.0,231.85001,32422021.0
2024-05-07 03:45:00,NSE:BEL,232.5,235.8,225.45,227.39999,26418769.0
2024-05-08 03:45:00,NSE:BEL,227.2,232.64999,224.60001,231.60001,18952985.0
2024-05-09 03:45:00,NSE:BEL,234.5,238.2,225.3,226.2,35229412.0
2024-05-10 03:45:00,NSE:BEL,227.89999,228.5,223.14999,227.10001,18478580.0
2024-05-13 03:45:00,NSE:BEL,228.39999,228.7,221.0,224.75,32874369.0
2024-05-14 03:45:00,NSE:BEL,225.75,231.89999,225.75,230.95,23191411.0
2024-05-15 03:45:00,NSE:BEL,231.8,234.5,229.55,232.85001,33045920.0
2024-05-16 03:45:00,NSE:BEL,234.75,240.0,227.5,237.89999,55556781.0
2024-05-17 03:45:00,NSE:BEL,241.0,249.64999,237.85001,248.2,82231249.0
2024-05-18 03:45:00,NSE:BEL,251.5,260.60001,250.05,258.79999,23619459.0
2024-05-21 03:45:00,NSE:BEL,283.0,283.0,271.04999,274.14999,127035921.0
2024-05-22 03:45:00,NSE:BEL,277.0,284.5,264.29999,283.60001,85801218.0
2024-05-23 03:45:00,NSE:BEL,286.29999,293.29999,283.20001,288.5,70631009.0
2024-05-24 03:45:00,NSE:BEL,288.0,299.89999,286.0,297.20001,63609206.0
2024-05-27 03:45:00,NSE:BEL,301.75,303.20001,289.64999,294.45001,49890427.0
2024-05-28 03:45:00,NSE:BEL,295.70001,295.75,285.04999,289.10001,33893805.0
2024-05-29 03:45:00,NSE:BEL,285.39999,293.95001,285.0,292.14999,31645904.0
2024-05-30 03:45:00,NSE:BEL,293.0,296.29999,289.64999,290.64999,42769599.0
2024-05-31 03:45:00,NSE:BEL,294.20001,297.20001,286.29999,295.95001,51397345.0
2024-06-03 03:45:00,NSE:BEL,323.0,323.0,309.29999,318.64999,67256146.0
2024-06-04 03:45:00,NSE:BEL,312.0,312.0,230.05,255.55,268052657.0
2024-06-05 03:45:00,NSE:BEL,264.5,264.5,230.0,260.35001,193487058.0
2024-06-06 03:45:00,NSE:BEL,267.0,281.5,267.0,273.64999,95502477.0
2024-06-07 03:45:00,NSE:BEL,274.0,284.54999,268.70001,283.20001,60109827.0
2024-06-10 03:45:00,NSE:BEL,288.89999,292.0,281.10001,283.39999,42363741.0
2024-06-11 03:45:00,NSE:BEL,287.0,290.5,285.35001,286.20001,32269277.0
2024-06-12 03:45:00,NSE:BEL,287.89999,293.0,286.04999,290.5,33990756.0
2024-06-13 03:45:00,NSE:BEL,293.89999,303.0,287.04999,300.89999,49511492.0
2024-06-14 03:45:00,NSE:BEL,305.0,310.5,301.5,309.60001,67366844.0
2024-06-18 03:45:00,NSE:BEL,313.0,321.0,312.25,318.25,64859245.0
2024-06-19 03:45:00,NSE:BEL,319.89999,319.89999,304.10001,309.29999,58698689.0
2024-06-20 03:45:00,NSE:BEL,309.79999,313.35001,302.25,311.89999,39505506.0
2024-06-21 03:45:00,NSE:BEL,312.70001,314.0,304.10001,304.95001,37620968.0
2024-06-24 03:45:00,NSE:BEL,304.79999,311.89999,297.45001,309.75,39139609.0
2024-06-25 03:45:00,NSE:BEL,310.89999,314.95001,309.20001,309.70001,29124110.0
2024-06-26 03:45:00,NSE:BEL,310.0,311.5,305.85001,306.85001,24238007.0
2024-06-27 03:45:00,NSE:BEL,306.10001,308.14999,301.20001,304.5,39996580.0
2024-06-28 03:45:00,NSE:BEL,306.0,309.79999,302.75,305.89999,24256902.0
2024-07-01 03:45:00,NSE:BEL,310.95001,312.5,305.85001,307.64999,39495237.0
2024-07-02 03:45:00,NSE:BEL,309.0,309.0,303.0,306.10001,23974162.0
2024-07-03 03:45:00,NSE:BEL,307.0,315.45001,305.75,314.5,44919849.0
2024-07-04 03:45:00,NSE:BEL,317.39999,318.5,313.04999,317.35001,35591681.0
2024-07-05 03:45:00,NSE:BEL,317.64999,326.79999,314.5,324.04999,63125211.0
2024-07-08 03:45:00,NSE:BEL,328.45001,335.79999,325.60001,334.60001,70983243.0
2024-07-09 03:45:00,NSE:BEL,338.0,339.35001,328.70001,334.79999,52225572.0
2024-07-10 03:45:00,NSE:BEL,340.0,340.5,324.14999,333.85001,46779965.0
2024-07-11 03:45:00,NSE:BEL,335.5,338.20001,333.0,335.5,31919433.0
2024-07-12 03:45:00,NSE:BEL,336.89999,337.5,328.10001,333.10001,24517961.0
2024-07-15 03:45:00,NSE:BEL,336.0,336.04999,331.0,331.39999,22021426.0
2024-07-16 03:45:00,NSE:BEL,333.25,334.39999,324.5,326.14999,26585927.0
2024-07-18 03:45:00,NSE:BEL,326.5,326.70001,312.29999,313.54999,48043715.0
2024-07-19 03:45:00,NSE:BEL,309.89999,316.89999,305.0,306.29999,43313606.0
2024-07-22 03:45:00,NSE:BEL,306.0,314.70001,297.29999,312.29999,39386992.0
2024-07-23 03:45:00,NSE:BEL,317.0,317.0,281.10001,301.45001,76513131.0
2024-07-24 03:45:00,NSE:BEL,302.5,306.5,299.29999,300.10001,24099148.0
2024-07-25 03:45:00,NSE:BEL,297.95001,303.39999,293.39999,301.45001,27820556.0
2024-07-26 03:45:00,NSE:BEL,303.79999,310.5,302.0,309.89999,24512844.0
2024-07-29 03:45:00,NSE:BEL,312.79999,325.60001,310.85001,321.35001,51391698.0
2024-07-30 03:45:00,NSE:BEL,325.20001,326.54999,317.60001,318.10001,41111245.0
2024-07-31 03:45:00,NSE:BEL,319.89999,320.60001,315.45001,316.04999,25709971.0
2024-08-01 03:45:00,NSE:BEL,317.70001,317.70001,308.04999,311.14999,28141436.0
2024-08-02 03:45:00,NSE:BEL,305.29999,308.70001,301.70001,302.95001,26155604.0
2024-08-05 03:45:00,NSE:BEL,289.85001,297.45001,285.0,290.25,50390560.0
2024-08-06 03:45:00,NSE:BEL,292.0,302.60001,286.35001,287.25,39171936.0
2024-08-07 03:45:00,NSE:BEL,295.5,301.0,289.79999,300.20001,22199473.0
2024-08-08 03:45:00,NSE:BEL,301.0,302.70001,297.14999,298.25,21963656.0
2024-08-09 03:45:00,NSE:BEL,302.5,305.0,300.64999,302.20001,15551076.0
2024-08-12 03:45:00,NSE:BEL,299.0,303.64999,298.25,301.39999,15361379.0
2024-08-13 03:45:00,NSE:BEL,302.0,302.64999,295.39999,296.14999,14746085.0
2024-08-14 03:45:00,NSE:BEL,296.14999,297.04999,290.64999,293.70001,16641055.0
2024-08-16 03:45:00,NSE:BEL,296.5,303.89999,296.0,303.29999,21353408.0
2024-08-19 03:45:00,NSE:BEL,304.79999,305.54999,301.10001,302.14999,12232725.0
2024-08-20 03:45:00,NSE:BEL,302.14999,304.5,297.79999,303.14999,14183642.0
2024-08-21 03:45:00,NSE:BEL,303.0,306.75,302.54999,305.39999,11862616.0
2024-08-22 03:45:00,NSE:BEL,306.39999,306.89999,303.5,304.5,13074829.0
2024-08-23 03:45:00,NSE:BEL,305.5,309.20001,304.10001,306.0,21891698.0
2024-08-26 03:45:00,NSE:BEL,308.70001,308.89999,305.79999,306.70001,15280637.0
2024-08-27 03:45:00,NSE:BEL,306.60001,307.45001,299.60001,300.89999,16873099.0
2024-08-28 03:45:00,NSE:BEL,301.04999,304.5,299.5,299.95001,14005947.0
2024-08-29 03:45:00,NSE:BEL,299.35001,301.04999,292.10001,296.20001,19185385.0
2024-08-30 03:45:00,NSE:BEL,296.79999,302.14999,294.35001,299.29999,28684991.0
2024-09-02 03:45:00,NSE:BEL,301.95001,301.95001,295.04999,296.89999,11713172.0
2024-09-03 03:45:00,NSE:BEL,300.0,301.35001,296.75,297.14999,13971488.0
2024-09-04 03:45:00,NSE:BEL,297.14999,301.89999,295.29999,298.95001,17937646.0
2024-09-05 03:45:00,NSE:BEL,299.0,299.5,290.0,290.60001,26342723.0
2024-09-06 03:45:00,NSE:BEL,290.35001,290.35001,282.04999,283.60001,30062372.0
2024-09-09 03:45:00,NSE:BEL,282.0,284.5,275.75,281.55,29170063.0
2024-09-10 03:45:00,NSE:BEL,282.5,288.35,282.3,285.75,19982334.0
2024-09-11 03:45:00,NSE:BEL,286.45,290.45,284.35,288.05,21650737.0
2024-09-12 03:45:00,NSE:BEL,290.9,292.5,289.0,291.7,16102095.0
2024-09-13 03:45:00,NSE:BEL,293.0,294.0,289.6,289.95,12330463.0
2024-09-16 03:45:00,NSE:BEL,290.9,292.2,288.4,290.4,9184637.0
2024-09-17 03:45:00,NSE:BEL,290.5,290.85,283.9,284.3,15946216.0
2024-09-18 03:45:00,NSE:BEL,284.9,286.0,280.4,282.85,10450571.0
2024-09-19 03:45:00,NSE:BEL,284.0,284.85,267.1,272.7,44560220.0
2024-09-20 03:45:00,NSE:BEL,274.0,279.4,272.85,277.35,38501362.0
2024-09-23 03:45:00,NSE:BEL,280.0,286.7,278.65,286.3,19445968.0
2024-09-24 03:45:00,NSE:BEL,286.3,293.4,284.55,291.8,25346532.0
2024-09-25 03:45:00,NSE:BEL,294.0,295.0,287.65,289.85,19263084.0
2024-09-26 03:45:00,NSE:BEL,290.6,291.9,289.05,290.5,18343882.0
2024-09-27 03:45:00,NSE:BEL,292.35,294.85,289.2,293.45,208588855.0
2024-09-30 03:45:00,NSE:BEL,293.45,294.6,283.6,285.1,32695169.0
2024-10-01 03:45:00,NSE:BEL,285.1,286.6,282.55,283.95,13883476.0
2024-10-03 03:45:00,NSE:BEL,275.05,286.3,275.05,278.7,27321529.0
2024-10-04 03:45:00,NSE:BEL,278.7,281.9,273.55,277.2,17451235.0
2024-10-07 03:45:00,NSE:BEL,277.4,278.9,265.0,267.35,21704629.0
2024-10-08 03:45:00,NSE:BEL,267.0,281.5,265.55,280.25,29190708.0
2024-10-09 03:45:00,NSE:BEL,282.0,286.6,278.5,282.4,18984175.0
2024-10-10 03:45:00,NSE:BEL,283.95,289.6,283.4,286.9,19155691.0
2024-10-11 03:45:00,NSE:BEL,287.2,288.65,284.15,285.9,9677338.0
2024-10-14 03:45:00,NSE:BEL,286.1,289.2,284.65,285.7,11386559.0
2024-10-15 03:45:00,NSE:BEL,287.15,289.45,285.75,288.85,14701531.0
2024-10-16 03:45:00,NSE:BEL,288.15,291.05,284.75,285.7,11835439.0
2024-10-17 03:45:00,NSE:BEL,286.05,287.9,281.7,284.55,11695551.0
2024-10-18 03:45:00,NSE:BEL,282.9,287.8,277.8,287.15,10095514.0
2024-10-21 03:45:00,NSE:BEL,286.3,287.45,281.1,282.3,8393942.0
2024-10-22 03:45:00,NSE:BEL,282.0,282.15,270.65,271.65,15240897.0
2024-10-23 03:45:00,NSE:BEL,271.0,274.7,266.3,268.65,13503954.0
2024-10-24 03:45:00,NSE:BEL,269.0,273.15,268.35,271.35,10700271.0
2024-10-25 03:45:00,NSE:BEL,271.0,276.0,257.45,272.35,40406841.0
2024-10-28 03:45:00,NSE:BEL,276.7,277.95,267.4,270.05,24479817.0
2024-10-29 03:45:00,NSE:BEL,271.2,284.5,270.85,283.65,34271117.0
2024-10-30 03:45:00,NSE:BEL,283.45,294.75,282.05,288.55,40787587.0
2024-10-31 03:45:00,NSE:BEL,287.95,288.45,283.75,284.9,18720310.0
2024-11-01 12:30:00,NSE:BEL,286.65,290.25,286.0,288.65,5265231.0
2024-11-04 03:45:00,NSE:BEL,289.0,289.0,280.3,284.15,15157659.0
2024-11-05 03:45:00,NSE:BEL,282.5,287.2,277.15,286.35,18761867.0
2024-11-06 03:45:00,NSE:BEL,287.5,304.3,287.2,301.85,52804364.0
2024-11-07 03:45:00,NSE:BEL,301.0,302.0,296.1,300.35,24357430.0
2024-11-08 03:45:00,NSE:BEL,300.35,304.5,295.75,297.75,22935845.0
2024-11-11 03:45:00,NSE:BEL,297.5,303.8,294.4,299.75,20155408.0
2024-11-12 03:45:00,NSE:BEL,300.0,300.85,287.3,290.15,14292965.0
2024-11-13 03:45:00,NSE:BEL,288.0,288.85,279.45,281.55,20001842.0
2024-11-14 03:45:00,NSE:BEL,282.0,284.45,275.5,280.95,20541591.0
2024-11-18 03:45:00,NSE:BEL,283.0,286.7,277.25,278.05,13000137.0
2024-11-19 03:45:00,NSE:BEL,280.0,285.2,277.0,279.0,13160982.0
2024-11-21 03:45:00,NSE:BEL,278.45,278.45,270.25,275.45,14858108.0
2024-11-22 03:45:00,NSE:BEL,276.0,283.5,275.5,280.85,13268900.0
2024-11-25 03:45:00,NSE:BEL,290.0,299.0,287.95,292.35,49366681.0
2024-11-26 03:45:00,NSE:BEL,294.0,301.0,293.15,297.9,27347402.0
2024-11-27 03:45:00,NSE:BEL,298.85,307.95,297.45,307.35,39464505.0
2024-11-28 03:45:00,NSE:BEL,308.0,309.5,304.35,305.75,27772319.0
2024-11-29 03:45:00,NSE:BEL,305.7,310.6,305.0,308.0,23241947.0
2024-12-02 03:45:00,NSE:BEL,307.8,309.4,303.3,306.9,15549685.0
2024-12-03 03:45:00,NSE:BEL,309.0,312.75,307.8,312.1,21405136.0
2024-12-04 03:45:00,NSE:BEL,316.0,320.85,311.2,312.85,41441172.0
2024-12-05 03:45:00,NSE:BEL,314.0,315.4,310.6,314.5,17911694.0
2024-12-06 03:45:00,NSE:BEL,314.5,315.85,313.1,313.75,8359798.0
2024-12-09 03:45:00,NSE:BEL,313.6,317.1,313.25,314.6,11830104.0
2024-12-10 03:45:00,NSE:BEL,317.55,318.3,314.0,314.85,15811501.0
2024-12-11 03:45:00,NSE:BEL,314.9,316.5,313.0,314.1,9281006.0
2024-12-12 03:45:00,NSE:BEL,313.55,316.0,312.1,312.95,10978075.0
2024-12-13 03:45:00,NSE:BEL,313.0,316.35,308.15,315.65,15557064.0
2024-12-16 03:45:00,NSE:BEL,315.8,317.35,314.0,316.2,10543307.0
2024-12-17 03:45:00,NSE:BEL,315.55,318.65,310.0,310.6,18053073.0
2024-12-18 03:45:00,NSE:BEL,310.2,310.6,301.65,303.8,16598070.0
2024-12-19 03:45:00,NSE:BEL,295.0,300.45,295.0,298.5,13349532.0
2024-12-20 03:45:00,NSE:BEL,298.0,302.1,289.35,290.85,14964677.0
2024-12-23 03:45:00,NSE:BEL,294.0,295.3,288.0,294.35,10201072.0
2024-12-24 03:45:00,NSE:BEL,296.25,297.35,291.5,292.45,10685518.0
2024-12-26 03:45:00,NSE:BEL,293.0,296.0,292.5,295.2,9172485.0
2024-12-27 03:45:00,NSE:BEL,295.85,296.15,291.35,292.05,9495184.0
2024-12-30 03:45:00,NSE:BEL,292.05,292.5,282.85,284.9,25876258.0
2024-12-31 03:45:00,NSE:BEL,284.5,294.0,284.25,293.15,15725947.0
2025-01-01 03:45:00,NSE:BEL,293.15,294.6,290.25,293.9,6954271.0
2025-01-02 03:45:00,NSE:BEL,294.45,297.8,291.35,296.8,13361957.0
2025-01-03 03:45:00,NSE:BEL,296.5,297.25,291.5,291.95,8167968.0
2025-01-06 03:45:00,NSE:BEL,292.55,292.55,280.55,282.15,12638091.0
2025-01-07 03:45:00,NSE:BEL,282.15,288.2,281.05,287.0,13247733.0
2025-01-08 03:45:00,NSE:BEL,287.0,287.0,280.1,282.1,10996122.0
2025-01-09 03:45:00,NSE:BEL,281.25,284.1,279.6,281.25,12715512.0
2025-01-10 03:45:00,NSE:BEL,280.0,281.0,270.0,271.0,15317565.0
2025-01-13 03:45:00,NSE:BEL,265.0,268.9,258.3,259.6,19429753.0
2025-01-14 03:45:00,NSE:BEL,263.0,271.0,261.2,269.9,18938129.0
2025-01-15 03:45:00,NSE:BEL,272.0,272.2,266.3,267.85,11376064.0
2025-01-16 03:45:00,NSE:BEL,273.4,278.05,271.4,276.15,17234302.0
2025-01-17 03:45:00,NSE:BEL,275.45,283.9,274.05,282.15,12741720.0
2025-01-20 03:45:00,NSE:BEL,283.2,287.8,280.7,285.8,10483849.0
2025-01-21 03:45:00,NSE:BEL,285.8,286.9,278.25,279.0,13020489.0
2025-01-22 03:45:00,NSE:BEL,279.0,279.3,266.3,270.35,21272549.0
2025-01-23 03:45:00,NSE:BEL,268.8,276.95,267.1,273.95,11978782.0
2025-01-24 03:45:00,NSE:BEL,273.95,276.7,268.8,270.15,10164897.0
2025-01-27 03:45:00,NSE:BEL,267.0,267.0,261.8,262.95,13710859.0
2025-01-28 03:45:00,NSE:BEL,263.5,265.7,252.7,258.25,29049716.0
2025-01-29 03:45:00,NSE:BEL,259.0,268.0,259.0,267.2,14361301.0
2025-01-30 03:45:00,NSE:BEL,268.85,280.5,267.9,278.75,46735932.0
2025-01-31 03:45:00,NSE:BEL,283.9,294.2,281.6,292.65,50252116.0
2025-02-01 03:45:00,NSE:BEL,295.95,299.6,269.3,281.8,61832253.0
2025-02-03 03:45:00,NSE:BEL,277.85,277.85,263.3,274.15,41786023.0
2025-02-04 03:45:00,NSE:BEL,276.0,286.0,275.9,284.5,29035155.0
2025-02-05 03:45:00,NSE:BEL,285.65,291.8,285.0,288.95,18818511.0
2025-02-06 03:45:00,NSE:BEL,288.95,289.95,279.0,279.75,16834939.0
2025-02-07 03:45:00,NSE:BEL,280.75,282.3,273.1,277.05,26682639.0
2025-02-10 03:45:00,NSE:BEL,278.9,282.2,272.0,273.45,21789085.0
2025-02-11 03:45:00,NSE:BEL,273.8,274.0,262.75,265.05,23839025.0
2025-02-12 03:45:00,NSE:BEL,264.95,265.75,254.0,259.15,27997028.0
2025-02-13 03:45:00,NSE:BEL,259.15,265.5,258.6,261.55,18016813.0
2025-02-14 03:45:00,NSE:BEL,262.2,264.5,248.2,250.35,25683310.0
2025-02-17 03:45:00,NSE:BEL,248.95,250.0,242.6,248.5,24947159.0
2025-02-18 03:45:00,NSE:BEL,249.0,249.75,240.55,244.6,21180375.0
2025-02-19 03:45:00,NSE:BEL,240.7,254.0,240.25,253.4,21516255.0
2025-02-20 03:45:00,NSE:BEL,252.0,260.95,250.25,260.25,18922988.0
2025-02-21 03:45:00,NSE:BEL,259.5,262.5,254.4,256.1,16594628.0
2025-02-24 03:45:00,NSE:BEL,251.0,258.45,250.5,256.35,15409569.0
2025-02-25 03:45:00,NSE:BEL,256.35,258.55,255.35,256.65,14770656.0
2025-02-27 03:45:00,NSE:BEL,257.1,258.4,251.9,252.45,11087404.0
2025-02-28 03:45:00,NSE:BEL,250.0,250.95,243.5,246.25,17754591.0
2025-03-03 03:45:00,NSE:BEL,247.5,258.9,244.36,257.39,24644079.0
2025-03-04 03:45:00,NSE:BEL,253.89,266.5,252.5,264.71,24998454.0
2025-03-05 03:45:00,NSE:BEL,265.0,275.8,263.33,274.92,28499877.0
2025-03-06 03:45:00,NSE:BEL,276.21,281.0,271.83,272.95,22586087.0
2025-03-07 03:45:00,NSE:BEL,275.8,279.73,274.0,276.99,25542382.0
2025-03-10 03:45:00,NSE:BEL,278.6,283.47,271.55,272.33,20986855.0
2025-03-11 03:45:00,NSE:BEL,271.95,278.5,269.05,277.18,20980143.0
2025-03-12 03:45:00,NSE:BEL,278.78,280.4,274.12,276.83,15308721.0
2025-03-13 03:45:00,NSE:BEL,283.0,285.8,279.42,280.07,38015489.0
2025-03-17 03:45:00,NSE:BEL,281.0,283.38,276.72,279.93,13883682.0
2025-03-18 03:45:00,NSE:BEL,282.0,286.0,280.31,285.31,15290505.0
2025-03-19 03:45:00,NSE:BEL,286.0,292.99,284.76,290.0,21098065.0
2025-03-20 03:45:00,NSE:BEL,294.81,297.78,291.1,297.05,27889890.0
2025-03-21 03:45:00,NSE:BEL,301.0,301.0,292.75,295.74,41751586.0
2025-03-24 03:45:00,NSE:BEL,296.9,304.9,296.35,302.1,29935092.0
2025-03-25 03:45:00,NSE:BEL,304.0,304.5,298.65,300.03,19364944.0
2025-03-26 03:45:00,NSE:BEL,301.07,305.5,298.49,299.54,23869923.0
2025-03-27 03:45:00,NSE:BEL,297.0,302.0,296.63,300.65,14453677.0
2025-03-28 03:45:00,NSE:BEL,304.0,306.58,299.07,301.32,20850848.0
2025-04-01 03:45:00,NSE:BEL,302.0,305.8,290.0,292.0,33171384.0
2025-04-02 03:45:00,NSE:BEL,289.9,290.75,274.45,282.4,52653587.0
2025-04-03 03:45:00,NSE:BEL,283.0,288.25,282.6,287.5,20968721.0
2025-04-04 03:45:00,NSE:BEL,287.1,288.0,278.3,280.0,19699594.0
2025-04-07 03:45:00,NSE:BEL,257.0,274.5,256.2,272.1,24954083.0
2025-04-08 03:45:00,NSE:BEL,282.45,288.0,276.6,281.45,26787606.0
2025-04-09 03:45:00,NSE:BEL,281.0,282.8,276.6,280.15,11389916.0
2025-04-11 03:45:00,NSE:BEL,283.0,287.0,282.65,285.0,13883110.0
2025-04-15 03:45:00,NSE:BEL,289.9,294.15,287.55,293.7,19512440.0
2025-04-16 03:45:00,NSE:BEL,293.5,295.35,291.3,293.6,12479078.0
2025-04-17 03:45:00,NSE:BEL,293.0,296.6,291.15,295.15,13609937.0
2025-04-21 03:45:00,NSE:BEL,297.5,301.6,295.15,299.95,14064356.0
2025-04-22 03:45:00,NSE:BEL,301.0,304.75,299.75,303.35,11962358.0
2025-04-23 03:45:00,NSE:BEL,305.6,310.3,301.8,305.85,21918666.0
2025-04-24 03:45:00,NSE:BEL,305.0,308.6,303.45,305.7,17241517.0
2025-04-25 03:45:00,NSE:BEL,306.8,307.8,293.7,297.6,20307004.0
2025-04-28 03:45:00,NSE:BEL,296.0,307.85,295.85,305.05,29913417.0
2025-04-29 03:45:00,NSE:BEL,306.55,319.45,305.8,317.1,57883471.0
2025-04-30 03:45:00,NSE:BEL,319.0,320.45,312.6,314.1,24863436.0
2025-05-02 03:45:00,NSE:BEL,310.8,317.75,310.6,311.35,18979609.0
2025-05-05 03:45:00,NSE:BEL,313.95,316.9,313.2,315.3,10955763.0
2025-05-06 03:45:00,NSE:BEL,315.65,319.3,309.2,310.5,17029890.0
2025-05-07 03:45:00,NSE:BEL,305.0,315.2,305.0,309.95,19274367.0
2025-05-08 03:45:00,NSE:BEL,310.5,313.7,304.8,307.15,17110997.0
2025-05-09 03:45:00,NSE:BEL,305.0,321.8,305.0,315.85,44244945.0
2025-05-12 03:45:00,NSE:BEL,325.0,325.0,316.2,322.8,39927141.0
2025-05-13 03:45:00,NSE:BEL,323.7,337.75,322.8,335.75,57985762.0
2025-05-14 03:45:00,NSE:BEL,339.0,346.0,334.5,344.35,43684324.0
2025-05-15 03:45:00,NSE:BEL,346.5,351.0,340.8,350.4,35959338.0
2025-05-16 03:45:00,NSE:BEL,351.6,371.15,349.6,363.9,68855818.0
2025-05-19 03:45:00,NSE:BEL,372.9,373.5,362.55,363.75,52003735.0
2025-05-20 03:45:00,NSE:BEL,369.4,371.0,358.5,363.8,67088831.0
2025-05-21 03:45:00,NSE:BEL,366.9,383.9,364.0,383.0,88688170.0
2025-05-22 03:45:00,NSE:BEL,383.0,386.75,379.0,383.4,43486783.0
2025-05-23 03:45:00,NSE:BEL,389.15,389.9,381.1,383.8,37666187.0
2025-05-26 03:45:00,NSE:BEL,384.9,385.8,378.5,384.55,26722908.0
2025-05-27 03:45:00,NSE:BEL,384.5,388.8,383.45,385.4,16859142.0
2025-05-28 03:45:00,NSE:BEL,385.45,393.5,384.1,390.45,27549144.0
2025-05-29 03:45:00,NSE:BEL,391.55,392.1,385.55,386.8,18562683.0
2025-05-30 03:45:00,NSE:BEL,386.8,390.0,383.65,384.6,23144580.0
2025-06-02 03:45:00,NSE:BEL,385.0,389.25,383.75,387.5,11943152.0
2025-06-03 03:45:00,NSE:BEL,387.5,391.8,385.5,386.0,18630318.0
2025-06-04 03:45:00,NSE:BEL,387.0,391.3,384.1,390.6,20648850.0
2025-06-05 03:45:00,NSE:BEL,393.7,394.7,389.5,393.5,20746844.0
2025-06-06 03:45:00,NSE:BEL,394.85,396.85,389.2,390.7,17366507.0
2025-06-09 03:45:00,NSE:BEL,394.0,395.3,391.8,392.45,13744521.0
2025-06-10 03:45:00,NSE:BEL,396.5,401.85,394.7,397.4,26456073.0
2025-06-11 03:45:00,NSE:BEL,398.25,398.25,390.6,392.9,18042738.0
2025-06-12 03:45:00,NSE:BEL,392.8,395.75,385.6,387.4,15555771.0
2025-06-13 03:45:00,NSE:BEL,379.65,397.75,379.5,394.2,35564550.0
2025-06-16 03:45:00,NSE:BEL,396.15,404.5,394.2,403.85,32061745.0
2025-06-17 03:45:00,NSE:BEL,405.8,407.5,400.5,401.75,24371681.0
2025-06-18 03:45:00,NSE:BEL,401.65,405.0,398.5,400.5,18879759.0
2025-06-19 03:45:00,NSE:BEL,401.0,403.8,393.45,398.55,18220823.0
2025-06-20 03:45:00,NSE:BEL,399.0,410.0,397.75,408.25,122552435.0
2025-06-23 03:45:00,NSE:BEL,411.0,422.4,409.05,420.9,43017721.0
2025-06-24 03:45:00,NSE:BEL,426.4,426.5,415.0,418.5,33807025.0
2025-06-25 03:45:00,NSE:BEL,420.3,420.4,405.0,406.05,29028317.0
2025-06-26 03:45:00,NSE:BEL,408.95,413.9,406.85,410.1,25730795.0
2025-06-27 03:45:00,NSE:BEL,410.5,415.8,409.5,414.35,7316500.0
