datetime,symbol,open,high,low,close,volume
2010-11-04 09:15:00,NSE:COALINDIA,291.0,344.89999,291.0,342.54999,479716200.0
2010-11-05 09:15:00,NSE:COALINDIA,343.0,356.5,343.0,349.85001,31927170.0
2010-11-08 09:15:00,NSE:COALINDIA,351.79999,355.89999,329.5,330.75,46932780.0
2010-11-09 09:15:00,NSE:COALINDIA,330.14999,333.39999,325.0,326.04999,23741960.0
2010-11-10 09:15:00,NSE:COALINDIA,325.39999,327.79999,320.04999,322.79999,21057130.0
2010-11-11 09:15:00,NSE:COALINDIA,323.0,336.95001,321.85001,328.54999,26548370.0
2010-11-12 09:15:00,NSE:COALINDIA,330.0,332.95001,318.0,320.14999,15004110.0
2010-11-15 09:15:00,NSE:COALINDIA,321.20001,322.89999,315.04999,317.20001,9917395.0
2010-11-16 09:15:00,NSE:COALINDIA,320.0,323.95001,316.10001,318.04999,12100110.0
2010-11-18 09:15:00,NSE:COALINDIA,319.60001,328.95001,310.0,326.89999,23983900.0
2010-11-19 09:15:00,NSE:COALINDIA,330.25,339.95001,328.10001,333.54999,51723740.0
2010-11-22 09:15:00,NSE:COALINDIA,336.0,337.0,315.0,333.35001,11494520.0
2010-11-23 09:15:00,NSE:COALINDIA,330.5,332.39999,317.5,320.14999,13147670.0
2010-11-24 09:15:00,NSE:COALINDIA,329.35001,329.35001,310.0,310.79999,16243560.0
2010-11-25 09:15:00,NSE:COALINDIA,314.0,318.35001,311.10001,313.20001,6489260.0
2010-11-26 09:15:00,NSE:COALINDIA,315.0,316.0,301.0,312.70001,13657320.0
2010-11-29 09:15:00,NSE:COALINDIA,311.39999,319.70001,308.20001,317.45001,6493219.0
2010-11-30 09:15:00,NSE:COALINDIA,315.0,319.0,312.0,317.25,6050064.0
2010-12-01 09:15:00,NSE:COALINDIA,317.0,322.5,315.0,320.95001,5053942.0
2010-12-02 09:15:00,NSE:COALINDIA,322.20001,325.95001,321.14999,324.85001,6143344.0
2010-12-03 09:15:00,NSE:COALINDIA,318.10001,325.70001,318.10001,321.95001,2453815.0
2010-12-06 09:15:00,NSE:COALINDIA,321.0,324.89999,318.5,320.39999,2895539.0
2010-12-07 09:15:00,NSE:COALINDIA,320.5,322.75,317.25,320.0,3484977.0
2010-12-08 09:15:00,NSE:COALINDIA,318.60001,322.70001,317.25,318.85001,2877153.0
2010-12-09 09:15:00,NSE:COALINDIA,318.0,320.0,309.0,313.20001,5313081.0
2010-12-10 09:15:00,NSE:COALINDIA,312.0,322.0,312.0,317.29999,5799900.0
2010-12-13 09:15:00,NSE:COALINDIA,318.0,324.35001,317.0,323.14999,2809522.0
2010-12-14 09:15:00,NSE:COALINDIA,324.45001,331.0,322.75,325.29999,7075931.0
2010-12-15 09:15:00,NSE:COALINDIA,325.60001,330.0,323.0,327.85001,5380352.0
2010-12-16 09:15:00,NSE:COALINDIA,326.75,327.0,317.39999,320.70001,2893052.0
2010-12-20 09:15:00,NSE:COALINDIA,323.0,323.0,315.04999,316.0,2905355.0
2010-12-21 09:15:00,NSE:COALINDIA,318.79999,318.79999,311.20001,313.29999,4427901.0
2010-12-22 09:15:00,NSE:COALINDIA,315.10001,319.70001,312.70001,314.04999,5425074.0
2010-12-23 09:15:00,NSE:COALINDIA,315.04999,315.95001,312.0,312.95001,3326534.0
2010-12-24 09:15:00,NSE:COALINDIA,313.0,313.89999,310.10001,312.14999,1859093.0
2010-12-27 09:15:00,NSE:COALINDIA,312.14999,314.29999,306.5,307.29999,5273320.0
2010-12-28 09:15:00,NSE:COALINDIA,308.0,309.95001,301.0,303.75,8055446.0
2010-12-29 09:15:00,NSE:COALINDIA,306.10001,311.39999,304.29999,310.25,5772875.0
2010-12-30 09:15:00,NSE:COALINDIA,311.0,311.60001,307.0,308.04999,2643251.0
2010-12-31 09:15:00,NSE:COALINDIA,309.5,316.45001,308.29999,314.75,4960987.0
2011-01-03 09:15:00,NSE:COALINDIA,315.5,318.0,314.54999,317.29999,2929118.0
2011-01-04 09:15:00,NSE:COALINDIA,318.89999,320.0,316.04999,319.20001,2716995.0
2011-01-05 09:15:00,NSE:COALINDIA,320.0,320.0,308.25,309.79999,8555905.0
2011-01-06 09:15:00,NSE:COALINDIA,311.0,313.0,308.5,309.10001,2763146.0
2011-01-07 09:15:00,NSE:COALINDIA,310.0,313.5,302.14999,309.10001,2298583.0
2011-01-10 09:15:00,NSE:COALINDIA,309.89999,310.0,302.10001,305.14999,5413595.0
2011-01-11 09:15:00,NSE:COALINDIA,306.0,312.95001,306.0,309.04999,2781948.0
2011-01-12 09:15:00,NSE:COALINDIA,309.89999,312.89999,306.25,308.5,1181115.0
2011-01-13 09:15:00,NSE:COALINDIA,309.39999,313.95001,307.5,310.45001,2070696.0
2011-01-14 09:15:00,NSE:COALINDIA,310.45001,315.5,307.95001,310.5,2244505.0
2011-01-17 09:15:00,NSE:COALINDIA,307.25,314.0,306.20001,313.14999,1707118.0
2011-01-18 09:15:00,NSE:COALINDIA,313.5,313.95001,308.0,311.14999,844507.0
2011-01-19 09:15:00,NSE:COALINDIA,311.0,312.70001,307.95001,309.39999,1426048.0
2011-01-20 09:15:00,NSE:COALINDIA,308.79999,319.20001,308.10001,315.70001,6121175.0
2011-01-21 09:15:00,NSE:COALINDIA,316.45001,316.45001,312.0,314.14999,2413133.0
2011-01-24 09:15:00,NSE:COALINDIA,314.89999,314.89999,309.0,310.45001,1097986.0
2011-01-25 09:15:00,NSE:COALINDIA,311.0,315.70001,308.54999,310.0,2452476.0
2011-01-27 09:15:00,NSE:COALINDIA,311.0,312.89999,307.20001,308.29999,2455783.0
2011-01-28 09:15:00,NSE:COALINDIA,307.04999,309.70001,303.04999,305.04999,4236476.0
2011-01-31 09:15:00,NSE:COALINDIA,302.0,307.5,300.54999,304.35001,3673855.0
2011-02-01 09:15:00,NSE:COALINDIA,305.5,309.85001,303.5,308.29999,4863055.0
2011-02-02 09:15:00,NSE:COALINDIA,310.10001,314.89999,308.54999,312.5,3374631.0
2011-02-03 09:15:00,NSE:COALINDIA,311.0,320.0,310.89999,317.35001,4211492.0
2011-02-04 09:15:00,NSE:COALINDIA,317.35001,318.10001,307.0,308.14999,1688679.0
2011-02-07 09:15:00,NSE:COALINDIA,309.39999,310.45001,304.14999,304.64999,1799233.0
2011-02-08 09:15:00,NSE:COALINDIA,306.89999,307.45001,296.20001,301.39999,3841730.0
2011-02-09 09:15:00,NSE:COALINDIA,302.0,307.85001,297.0,298.70001,4490558.0
2011-02-10 09:15:00,NSE:COALINDIA,300.10001,304.0,293.25,297.64999,2690945.0
2011-02-11 09:15:00,NSE:COALINDIA,298.10001,305.0,298.0,304.60001,3292240.0
2011-02-14 09:15:00,NSE:COALINDIA,306.0,307.0,300.10001,302.79999,1942474.0
2011-02-15 09:15:00,NSE:COALINDIA,304.5,307.85001,302.0,302.45001,3035367.0
2011-02-16 09:15:00,NSE:COALINDIA,304.25,304.45001,300.45001,301.10001,1619527.0
2011-02-17 09:15:00,NSE:COALINDIA,302.95001,306.39999,302.0,305.04999,2752128.0
2011-02-18 09:15:00,NSE:COALINDIA,303.89999,305.20001,300.10001,302.35001,1990388.0
2011-02-21 09:15:00,NSE:COALINDIA,301.5,303.89999,300.0,301.85001,953044.0
2011-02-22 09:15:00,NSE:COALINDIA,302.5,303.5,300.29999,301.35001,1436876.0
2011-02-23 09:15:00,NSE:COALINDIA,302.39999,302.39999,299.0,300.64999,2131294.0
2011-02-24 09:15:00,NSE:COALINDIA,301.39999,303.0,298.25,299.29999,2899140.0
2011-02-25 09:15:00,NSE:COALINDIA,300.10001,303.0,289.0,292.64999,1964843.0
2011-02-28 09:15:00,NSE:COALINDIA,299.0,331.75,296.10001,327.70001,20923050.0
2011-03-01 09:15:00,NSE:COALINDIA,325.0,339.89999,320.64999,338.60001,7867356.0
2011-03-03 09:15:00,NSE:COALINDIA,338.0,338.0,327.20001,329.04999,4387230.0
2011-03-04 09:15:00,NSE:COALINDIA,332.70001,334.95001,323.25,324.25,1402888.0
2011-03-07 09:15:00,NSE:COALINDIA,322.0,343.54999,318.39999,341.0,7183263.0
2011-03-08 09:15:00,NSE:COALINDIA,343.0,344.5,335.35001,337.25,3110206.0
2011-03-09 09:15:00,NSE:COALINDIA,339.79999,341.20001,336.04999,339.54999,1603527.0
2011-03-10 09:15:00,NSE:COALINDIA,339.79999,339.79999,329.75,334.29999,1612997.0
2011-03-11 09:15:00,NSE:COALINDIA,334.95001,335.0,328.10001,329.95001,856545.0
2011-03-14 09:15:00,NSE:COALINDIA,330.89999,335.75,327.04999,333.79999,1128910.0
2011-03-15 09:15:00,NSE:COALINDIA,329.0,342.89999,320.14999,338.45001,4638465.0
2011-03-16 09:15:00,NSE:COALINDIA,339.10001,347.89999,333.5,343.89999,3717632.0
2011-03-17 09:15:00,NSE:COALINDIA,342.0,347.5,338.5,342.95001,1815524.0
2011-03-18 09:15:00,NSE:COALINDIA,343.5,347.0,337.60001,344.39999,2926170.0
2011-03-21 09:15:00,NSE:COALINDIA,343.35001,349.89999,343.29999,347.14999,3943734.0
2011-03-22 09:15:00,NSE:COALINDIA,347.5,371.39999,347.39999,360.0,9681241.0
2011-03-23 09:15:00,NSE:COALINDIA,361.0,363.79999,352.04999,353.89999,2695567.0
2011-03-24 09:15:00,NSE:COALINDIA,353.89999,361.35001,353.89999,358.29999,2324343.0
2011-03-25 09:15:00,NSE:COALINDIA,360.0,362.0,356.54999,358.10001,2203586.0
2011-03-28 09:15:00,NSE:COALINDIA,359.85001,360.0,349.35001,350.95001,1128268.0
2011-03-29 09:15:00,NSE:COALINDIA,352.0,352.0,340.64999,346.25,6481785.0
2011-03-30 09:15:00,NSE:COALINDIA,347.0,350.5,340.10001,341.39999,2449230.0
2011-03-31 09:15:00,NSE:COALINDIA,342.39999,348.89999,341.39999,346.5,3248352.0
2011-04-01 09:15:00,NSE:COALINDIA,347.0,348.5,342.60001,346.89999,2169798.0
2011-04-04 09:15:00,NSE:COALINDIA,347.35001,360.95001,345.35001,355.95001,2719239.0
2011-04-05 09:15:00,NSE:COALINDIA,351.10001,361.0,351.10001,358.75,1328250.0
2011-04-06 09:15:00,NSE:COALINDIA,358.75,367.79999,354.79999,366.45001,4513558.0
2011-04-07 09:15:00,NSE:COALINDIA,367.29999,370.79999,358.29999,359.64999,2485182.0
2011-04-08 09:15:00,NSE:COALINDIA,363.0,363.70001,351.5,355.25,2121665.0
2011-04-11 09:15:00,NSE:COALINDIA,356.39999,363.0,352.60001,357.60001,2751598.0
2011-04-13 09:15:00,NSE:COALINDIA,358.0,359.39999,350.0,353.89999,1432901.0
2011-04-15 09:15:00,NSE:COALINDIA,355.0,358.75,350.5,357.45001,2609120.0
2011-04-18 09:15:00,NSE:COALINDIA,359.04999,359.25,350.45001,352.70001,979661.0
2011-04-19 09:15:00,NSE:COALINDIA,352.0,354.79999,345.89999,349.60001,1488088.0
2011-04-20 09:15:00,NSE:COALINDIA,351.5,368.89999,351.0,366.54999,4296720.0
2011-04-21 09:15:00,NSE:COALINDIA,369.70001,369.75,358.04999,362.29999,4895594.0
2011-04-25 09:15:00,NSE:COALINDIA,363.0,365.29999,359.5,364.14999,1832622.0
2011-04-26 09:15:00,NSE:COALINDIA,361.54999,365.0,358.10001,364.45001,1277232.0
2011-04-27 09:15:00,NSE:COALINDIA,360.0,377.0,359.45001,370.85001,3734876.0
2011-04-28 09:15:00,NSE:COALINDIA,372.0,381.79999,370.75,376.70001,7546827.0
2011-04-29 09:15:00,NSE:COALINDIA,376.70001,383.29999,374.5,380.54999,3799109.0
2011-05-02 09:15:00,NSE:COALINDIA,362.0,382.95001,362.0,379.70001,1855839.0
2011-05-03 09:15:00,NSE:COALINDIA,378.0,384.5,368.54999,371.5,2031295.0
2011-05-04 09:15:00,NSE:COALINDIA,371.0,374.79999,361.29999,371.70001,2881731.0
2011-05-05 09:15:00,NSE:COALINDIA,370.95001,374.95001,365.25,368.29999,1537387.0
2011-05-06 09:15:00,NSE:COALINDIA,369.45001,372.89999,365.54999,369.75,2241153.0
2011-05-09 09:15:00,NSE:COALINDIA,370.0,393.89999,368.64999,392.29999,6109075.0
2011-05-10 09:15:00,NSE:COALINDIA,392.0,396.35001,385.0,386.14999,3322937.0
2011-05-11 09:15:00,NSE:COALINDIA,387.29999,393.45001,381.5,384.14999,2854705.0
2011-05-12 09:15:00,NSE:COALINDIA,385.89999,393.20001,380.35001,381.85001,2726810.0
2011-05-13 09:15:00,NSE:COALINDIA,383.0,391.54999,382.04999,386.85001,2281880.0
2011-05-16 09:15:00,NSE:COALINDIA,388.0,393.25,386.0,388.89999,1551570.0
2011-05-17 09:15:00,NSE:COALINDIA,390.0,401.39999,389.5,397.60001,5674815.0
2011-05-18 09:15:00,NSE:COALINDIA,399.60001,399.60001,370.39999,373.70001,8642834.0
2011-05-19 09:15:00,NSE:COALINDIA,375.04999,384.75,365.5,376.10001,11416020.0
2011-05-20 09:15:00,NSE:COALINDIA,372.0,373.60001,362.64999,364.95001,5400664.0
2011-05-23 09:15:00,NSE:COALINDIA,364.0,373.45001,362.45001,365.39999,1974392.0
2011-05-24 09:15:00,NSE:COALINDIA,367.0,375.39999,359.25,370.70001,3890213.0
2011-05-25 09:15:00,NSE:COALINDIA,373.60001,384.89999,371.0,377.35001,3824128.0
2011-05-26 09:15:00,NSE:COALINDIA,380.0,390.79999,379.75,388.95001,5232851.0
2011-05-27 09:15:00,NSE:COALINDIA,389.5,394.5,386.0,387.89999,2737715.0
2011-05-30 09:15:00,NSE:COALINDIA,390.0,397.0,390.0,394.95001,2529091.0
2011-05-31 09:15:00,NSE:COALINDIA,394.0,422.35001,394.0,408.45001,11708250.0
2011-06-01 09:15:00,NSE:COALINDIA,415.0,416.60001,405.10001,414.45001,4496698.0
2011-06-02 09:15:00,NSE:COALINDIA,413.0,413.5,400.60001,402.75,2842746.0
2011-06-03 09:15:00,NSE:COALINDIA,402.60001,408.25,390.10001,391.64999,2764367.0
2011-06-06 09:15:00,NSE:COALINDIA,392.0,399.79999,390.35001,393.89999,2009110.0
2011-06-07 09:15:00,NSE:COALINDIA,395.0,404.29999,393.29999,403.14999,1982013.0
2011-06-08 09:15:00,NSE:COALINDIA,404.04999,413.79999,402.70001,407.64999,3290373.0
2011-06-09 09:15:00,NSE:COALINDIA,408.0,411.39999,405.54999,407.35001,1360848.0
2011-06-10 09:15:00,NSE:COALINDIA,408.79999,411.95001,400.75,405.35001,1845651.0
2011-06-13 09:15:00,NSE:COALINDIA,405.0,405.04999,395.0,396.29999,1548256.0
2011-06-14 09:15:00,NSE:COALINDIA,398.20001,402.5,392.20001,394.70001,2432283.0
2011-06-15 09:15:00,NSE:COALINDIA,394.79999,397.35001,388.60001,390.14999,2682187.0
2011-06-16 09:15:00,NSE:COALINDIA,390.0,396.70001,387.95001,394.25,1462308.0
2011-06-17 09:15:00,NSE:COALINDIA,394.5,402.60001,393.0,395.60001,3800502.0
2011-06-20 09:15:00,NSE:COALINDIA,400.14999,406.35001,392.79999,395.60001,3967696.0
2011-06-21 09:15:00,NSE:COALINDIA,396.95001,399.79999,388.25,389.75,2133725.0
2011-06-22 09:15:00,NSE:COALINDIA,392.04999,393.0,376.10001,378.64999,2533012.0
2011-06-23 09:15:00,NSE:COALINDIA,378.64999,382.79999,375.0,376.10001,2255855.0
2011-06-24 09:15:00,NSE:COALINDIA,378.60001,391.5,378.60001,390.0,2896582.0
2011-06-27 09:15:00,NSE:COALINDIA,408.60001,408.60001,385.70001,397.79999,2439080.0
2011-06-28 09:15:00,NSE:COALINDIA,398.0,401.70001,391.64999,392.39999,1186089.0
2011-06-29 09:15:00,NSE:COALINDIA,396.10001,396.5,387.5,388.54999,2091679.0
2011-06-30 09:15:00,NSE:COALINDIA,390.0,393.79999,389.25,392.85001,1614539.0
2011-07-01 09:15:00,NSE:COALINDIA,392.85001,395.0,383.0,384.25,2254393.0
2011-07-04 09:15:00,NSE:COALINDIA,386.95001,396.20001,386.95001,395.10001,1683417.0
2011-07-05 09:15:00,NSE:COALINDIA,395.0,396.75,391.29999,395.35001,882850.0
2011-07-06 09:15:00,NSE:COALINDIA,397.95001,400.75,391.25,392.14999,1853087.0
2011-07-07 09:15:00,NSE:COALINDIA,395.0,395.89999,392.54999,394.25,1111992.0
2011-07-08 09:15:00,NSE:COALINDIA,370.0,378.70001,361.0,362.64999,19402500.0
2011-07-11 09:15:00,NSE:COALINDIA,299.0,367.0,299.0,356.75,8003993.0
2011-07-12 09:15:00,NSE:COALINDIA,355.5,368.64999,353.0,365.29999,7031368.0
2011-07-13 09:15:00,NSE:COALINDIA,367.0,370.5,365.60001,368.14999,4671340.0
2011-07-14 09:15:00,NSE:COALINDIA,366.35001,375.5,366.35001,371.45001,3791759.0
2011-07-15 09:15:00,NSE:COALINDIA,371.45001,373.75,364.79999,365.85001,2338930.0
2011-07-18 09:15:00,NSE:COALINDIA,368.39999,372.89999,365.0,368.89999,1928820.0
2011-07-19 09:15:00,NSE:COALINDIA,369.70001,371.85001,364.10001,369.85001,1751354.0
2011-07-20 09:15:00,NSE:COALINDIA,373.0,373.60001,366.54999,367.10001,1144234.0
2011-07-21 09:15:00,NSE:COALINDIA,366.95001,374.0,366.54999,367.89999,1786938.0
2011-07-22 09:15:00,NSE:COALINDIA,370.04999,372.0,367.20001,368.95001,1621371.0
2011-07-25 09:15:00,NSE:COALINDIA,370.70001,371.29999,367.25,369.10001,1674691.0
2011-07-26 09:15:00,NSE:COALINDIA,370.54999,376.45001,370.0,373.95001,2173138.0
2011-07-27 09:15:00,NSE:COALINDIA,374.85001,400.45001,374.79999,398.95001,8304568.0
2011-07-28 09:15:00,NSE:COALINDIA,403.64999,408.70001,391.70001,393.70001,5536482.0
2011-07-29 09:15:00,NSE:COALINDIA,390.0,395.0,385.10001,388.25,1971794.0
2011-08-01 09:15:00,NSE:COALINDIA,391.5,394.79999,387.0,391.75,2027360.0
2011-08-02 09:15:00,NSE:COALINDIA,391.0,398.39999,390.0,397.29999,2508279.0
2011-08-03 09:15:00,NSE:COALINDIA,391.0,396.29999,391.0,392.0,2524242.0
2011-08-04 09:15:00,NSE:COALINDIA,397.70001,406.5,393.04999,394.14999,4004932.0
2011-08-05 09:15:00,NSE:COALINDIA,389.39999,396.20001,375.20001,392.89999,3203823.0
2011-08-08 09:15:00,NSE:COALINDIA,381.10001,399.64999,378.20001,392.25,4596727.0
2011-08-09 09:15:00,NSE:COALINDIA,383.0,388.0,376.25,379.0,4161457.0
2011-08-10 09:15:00,NSE:COALINDIA,388.95001,389.20001,380.14999,381.29999,2365785.0
2011-08-11 09:15:00,NSE:COALINDIA,380.10001,388.60001,380.10001,386.25,1581039.0
2011-08-12 09:15:00,NSE:COALINDIA,390.0,393.79999,381.10001,385.25,2785578.0
2011-08-16 09:15:00,NSE:COALINDIA,390.10001,395.39999,386.20001,387.04999,3817965.0
2011-08-17 09:15:00,NSE:COALINDIA,389.39999,399.0,388.0,397.89999,4815761.0
2011-08-18 09:15:00,NSE:COALINDIA,401.5,404.10001,388.25,390.20001,3881299.0
2011-08-19 09:15:00,NSE:COALINDIA,385.0,398.45001,384.29999,393.45001,4263628.0
2011-08-22 09:15:00,NSE:COALINDIA,395.0,397.95001,391.0,394.39999,2422421.0
2011-08-23 09:15:00,NSE:COALINDIA,394.45001,394.70001,381.70001,392.39999,5401601.0
2011-08-24 09:15:00,NSE:COALINDIA,387.35001,388.35001,370.5,373.89999,5263656.0
2011-08-25 09:15:00,NSE:COALINDIA,374.10001,377.35001,361.64999,374.75,5596203.0
2011-08-26 09:15:00,NSE:COALINDIA,377.0,381.89999,357.0,359.39999,5864875.0
2011-08-29 09:15:00,NSE:COALINDIA,363.45001,372.60001,363.45001,369.35001,3603683.0
2011-08-30 09:15:00,NSE:COALINDIA,374.39999,378.89999,370.10001,375.60001,2721134.0
2011-09-02 09:15:00,NSE:COALINDIA,383.0,390.70001,375.20001,388.14999,3519216.0
2011-09-05 09:15:00,NSE:COALINDIA,383.25,386.95001,379.54999,381.04999,1574228.0
2011-09-06 09:15:00,NSE:COALINDIA,379.79999,383.95001,375.25,378.75,2150209.0
2011-09-07 09:15:00,NSE:COALINDIA,380.5,393.0,379.5,391.25,3479610.0
2011-09-08 09:15:00,NSE:COALINDIA,391.29999,391.5,384.60001,386.20001,1874028.0
2011-09-09 09:15:00,NSE:COALINDIA,388.95001,393.45001,379.64999,381.04999,2337246.0
2011-09-12 09:15:00,NSE:COALINDIA,379.39999,381.5,370.35001,377.5,2230973.0
2011-09-13 09:15:00,NSE:COALINDIA,379.5,383.60001,373.0,376.0,1863685.0
2011-09-14 09:15:00,NSE:COALINDIA,377.95001,382.70001,375.70001,377.79999,2263022.0
2011-09-15 09:15:00,NSE:COALINDIA,381.54999,382.39999,376.39999,378.5,1389227.0
2011-09-16 09:15:00,NSE:COALINDIA,381.5,383.0,375.54999,379.14999,2933473.0
2011-09-19 09:15:00,NSE:COALINDIA,377.10001,379.0,375.35001,376.5,683397.0
2011-09-20 09:15:00,NSE:COALINDIA,377.39999,380.70001,373.10001,378.39999,2411501.0
2011-09-21 09:15:00,NSE:COALINDIA,382.5,387.45001,380.20001,384.45001,3797201.0
2011-09-22 09:15:00,NSE:COALINDIA,379.95001,381.20001,374.04999,375.35001,1916877.0
2011-09-23 09:15:00,NSE:COALINDIA,372.20001,373.39999,364.64999,365.60001,3128059.0
2011-09-26 09:15:00,NSE:COALINDIA,365.0,365.0,342.10001,346.5,6521673.0
2011-09-27 09:15:00,NSE:COALINDIA,353.89999,359.25,351.10001,358.14999,4671317.0
2011-09-28 09:15:00,NSE:COALINDIA,361.79999,362.60001,351.0,355.64999,2221187.0
2011-09-29 09:15:00,NSE:COALINDIA,354.5,354.5,344.54999,350.64999,2605432.0
2011-09-30 09:15:00,NSE:COALINDIA,351.75,354.64999,325.14999,333.20001,14757840.0
2011-10-03 09:15:00,NSE:COALINDIA,330.0,339.70001,323.35001,336.79999,8622229.0
2011-10-04 09:15:00,NSE:COALINDIA,334.0,338.89999,317.35001,319.89999,6097620.0
2011-10-05 09:15:00,NSE:COALINDIA,321.89999,327.79999,314.54999,324.70001,6675945.0
2011-10-07 09:15:00,NSE:COALINDIA,334.0,339.89999,331.29999,337.54999,7803489.0
2011-10-10 09:15:00,NSE:COALINDIA,341.0,345.0,330.85001,343.64999,10170570.0
2011-10-11 09:15:00,NSE:COALINDIA,345.10001,347.64999,342.29999,345.75,3946651.0
2011-10-12 09:15:00,NSE:COALINDIA,346.0,349.14999,332.29999,337.95001,10114270.0
2011-10-13 09:15:00,NSE:COALINDIA,339.89999,340.64999,328.25,332.04999,5951310.0
2011-10-14 09:15:00,NSE:COALINDIA,330.20001,331.0,319.04999,322.54999,9162659.0
2011-10-17 09:15:00,NSE:COALINDIA,323.95001,324.60001,318.14999,321.14999,6312019.0
2011-10-18 09:15:00,NSE:COALINDIA,321.70001,331.35001,321.14999,330.04999,12213180.0
2011-10-19 09:15:00,NSE:COALINDIA,332.89999,338.5,332.0,334.85001,4426087.0
2011-10-20 09:15:00,NSE:COALINDIA,333.75,333.75,326.5,329.70001,3657774.0
2011-10-21 09:15:00,NSE:COALINDIA,330.89999,333.39999,327.5,328.54999,1766269.0
2011-10-24 09:15:00,NSE:COALINDIA,333.0,333.04999,323.20001,324.54999,3643726.0
2011-10-25 09:15:00,NSE:COALINDIA,324.20001,325.79999,320.54999,323.89999,3614659.0
2011-10-26 09:15:00,NSE:COALINDIA,327.0,331.29999,327.0,328.89999,1285041.0
2011-10-28 09:15:00,NSE:COALINDIA,342.0,342.79999,334.85001,338.20001,8671739.0
2011-10-31 09:15:00,NSE:COALINDIA,339.75,339.75,331.29999,332.0,3014703.0
2011-11-01 09:15:00,NSE:COALINDIA,330.70001,332.45001,328.85001,329.5,1928657.0
2011-11-02 09:15:00,NSE:COALINDIA,325.29999,329.0,325.0,325.89999,3310414.0
2011-11-03 09:15:00,NSE:COALINDIA,326.70001,329.0,324.04999,325.64999,4108210.0
2011-11-04 09:15:00,NSE:COALINDIA,329.0,330.0,325.45001,326.29999,3532695.0
2011-11-08 09:15:00,NSE:COALINDIA,328.45001,330.20001,326.54999,327.29999,2300152.0
2011-11-09 09:15:00,NSE:COALINDIA,329.0,330.29999,324.54999,326.10001,3703073.0
2011-11-11 09:15:00,NSE:COALINDIA,325.0,328.45001,323.79999,326.10001,4015218.0
2011-11-14 09:15:00,NSE:COALINDIA,326.10001,326.89999,319.39999,323.10001,2911632.0
2011-11-15 09:15:00,NSE:COALINDIA,322.0,325.39999,314.89999,317.14999,2426013.0
2011-11-16 09:15:00,NSE:COALINDIA,316.89999,317.25,306.04999,311.64999,3890690.0
2011-11-17 09:15:00,NSE:COALINDIA,311.0,311.25,300.25,304.95001,5484081.0
2011-11-18 09:15:00,NSE:COALINDIA,303.89999,303.89999,294.60001,297.64999,6164620.0
2011-11-21 09:15:00,NSE:COALINDIA,297.0,301.89999,294.75,297.54999,2590004.0
2011-11-22 09:15:00,NSE:COALINDIA,299.85001,304.95001,298.0,302.54999,3376746.0
2011-11-23 09:15:00,NSE:COALINDIA,301.0,303.39999,297.0,300.60001,2565762.0
2011-11-24 09:15:00,NSE:COALINDIA,302.10001,305.95001,298.10001,304.14999,3583744.0
2011-11-25 09:15:00,NSE:COALINDIA,303.10001,314.29999,300.89999,308.54999,3004169.0
2011-11-28 09:15:00,NSE:COALINDIA,312.29999,324.39999,311.0,322.5,3578208.0
2011-11-29 09:15:00,NSE:COALINDIA,323.39999,324.95001,319.10001,321.04999,2912186.0
2011-11-30 09:15:00,NSE:COALINDIA,320.95001,329.70001,318.20001,327.14999,3023017.0
2011-12-01 09:15:00,NSE:COALINDIA,335.20001,336.0,328.39999,330.5,2920375.0
2011-12-02 09:15:00,NSE:COALINDIA,330.0,335.0,326.35001,334.64999,1842887.0
2011-12-05 09:15:00,NSE:COALINDIA,335.75,338.35001,331.39999,332.89999,1295784.0
2011-12-07 09:15:00,NSE:COALINDIA,332.89999,333.0,320.29999,323.64999,5922728.0
2011-12-08 09:15:00,NSE:COALINDIA,319.89999,320.70001,310.85001,313.5,5099681.0
2011-12-09 09:15:00,NSE:COALINDIA,309.04999,318.5,305.75,316.04999,2245578.0
2011-12-12 09:15:00,NSE:COALINDIA,319.0,319.75,302.89999,304.0,3270317.0
2011-12-13 09:15:00,NSE:COALINDIA,303.5,309.79999,300.29999,308.0,2304900.0
2011-12-14 09:15:00,NSE:COALINDIA,305.54999,308.5,298.10001,300.25,2569313.0
2011-12-15 09:15:00,NSE:COALINDIA,298.89999,312.89999,293.64999,311.64999,4955253.0
2011-12-16 09:15:00,NSE:COALINDIA,314.04999,315.0,298.14999,300.75,3337493.0
2011-12-19 09:15:00,NSE:COALINDIA,300.0,308.39999,297.89999,307.14999,2949577.0
2011-12-20 09:15:00,NSE:COALINDIA,306.89999,310.10001,300.10001,302.0,2497383.0
2011-12-21 09:15:00,NSE:COALINDIA,307.25,307.89999,298.60001,302.75,5048737.0
2011-12-22 09:15:00,NSE:COALINDIA,302.75,303.0,293.60001,299.95001,3747650.0
2011-12-23 09:15:00,NSE:COALINDIA,302.89999,302.89999,298.60001,299.95001,2340380.0
2011-12-26 09:15:00,NSE:COALINDIA,302.0,306.89999,301.5,306.04999,1796032.0
2011-12-27 09:15:00,NSE:COALINDIA,305.5,307.60001,295.14999,297.89999,3212706.0
2011-12-28 09:15:00,NSE:COALINDIA,296.5,301.79999,295.75,299.54999,1957155.0
2011-12-29 09:15:00,NSE:COALINDIA,298.0,302.0,297.10001,298.75,2925666.0
2011-12-30 09:15:00,NSE:COALINDIA,301.0,302.29999,296.95001,300.64999,1723569.0
2012-01-02 09:15:00,NSE:COALINDIA,303.0,313.20001,303.0,312.14999,3499615.0
2012-01-03 09:15:00,NSE:COALINDIA,315.70001,329.75,315.70001,327.20001,6951091.0
2012-01-04 09:15:00,NSE:COALINDIA,327.89999,330.79999,321.75,326.70001,3565108.0
2012-01-05 09:15:00,NSE:COALINDIA,324.0,327.95001,313.5,320.54999,6830098.0
2012-01-06 09:15:00,NSE:COALINDIA,315.89999,322.79999,315.89999,318.04999,2714233.0
2012-01-09 09:15:00,NSE:COALINDIA,320.0,322.0,312.29999,313.89999,3237127.0
2012-01-10 09:15:00,NSE:COALINDIA,316.95001,321.29999,315.35001,318.04999,3556640.0
2012-01-11 09:15:00,NSE:COALINDIA,318.70001,323.35001,316.35001,320.39999,2652061.0
2012-01-12 09:15:00,NSE:COALINDIA,321.70001,327.79999,318.0,325.64999,4866674.0
2012-01-13 09:15:00,NSE:COALINDIA,327.0,345.89999,327.0,343.79999,9030615.0
2012-01-16 09:15:00,NSE:COALINDIA,343.45001,346.79999,339.0,340.79999,3405645.0
2012-01-17 09:15:00,NSE:COALINDIA,343.0,355.0,343.0,351.75,5299117.0
2012-01-18 09:15:00,NSE:COALINDIA,353.10001,358.29999,336.5,339.79999,7110166.0
2012-01-19 09:15:00,NSE:COALINDIA,341.0,351.20001,338.0,349.89999,3572813.0
2012-01-20 09:15:00,NSE:COALINDIA,351.95001,351.95001,336.10001,344.79999,3705887.0
2012-01-23 09:15:00,NSE:COALINDIA,341.20001,342.39999,332.20001,335.0,2654998.0
2012-01-24 09:15:00,NSE:COALINDIA,332.5,337.79999,328.35001,329.95001,4062908.0
2012-01-25 09:15:00,NSE:COALINDIA,332.0,345.79999,331.04999,342.89999,5152317.0
2012-01-27 09:15:00,NSE:COALINDIA,345.29999,348.0,339.10001,341.95001,3135118.0
2012-01-30 09:15:00,NSE:COALINDIA,338.60001,341.0,332.89999,335.64999,2829375.0
2012-01-31 09:15:00,NSE:COALINDIA,335.0,337.5,323.5,327.20001,6397212.0
2012-02-01 09:15:00,NSE:COALINDIA,327.0,327.0,315.70001,317.0,10018130.0
2012-02-02 09:15:00,NSE:COALINDIA,320.95001,324.75,319.5,322.0,6184145.0
2012-02-03 09:15:00,NSE:COALINDIA,325.0,329.5,323.45001,327.35001,3378677.0
2012-02-06 09:15:00,NSE:COALINDIA,331.0,333.25,326.14999,328.25,3120365.0
2012-02-07 09:15:00,NSE:COALINDIA,334.95001,334.95001,324.5,325.85001,1900153.0
2012-02-08 09:15:00,NSE:COALINDIA,326.25,335.64999,326.25,333.29999,3911363.0
2012-02-09 09:15:00,NSE:COALINDIA,333.0,336.35001,331.35001,333.29999,3161155.0
2012-02-10 09:15:00,NSE:COALINDIA,333.29999,334.75,327.5,331.85001,3588782.0
2012-02-13 09:15:00,NSE:COALINDIA,335.0,340.35001,333.39999,336.60001,4388141.0
2012-02-14 09:15:00,NSE:COALINDIA,337.79999,339.85001,332.29999,334.35001,2450641.0
2012-02-15 09:15:00,NSE:COALINDIA,339.0,343.95001,337.04999,339.85001,4463513.0
2012-02-16 09:15:00,NSE:COALINDIA,339.04999,339.75,319.04999,320.04999,16369720.0
2012-02-17 09:15:00,NSE:COALINDIA,325.0,332.5,322.89999,323.79999,10576470.0
2012-02-21 09:15:00,NSE:COALINDIA,325.0,328.89999,320.10001,326.0,5880975.0
2012-02-22 09:15:00,NSE:COALINDIA,327.0,330.60001,320.0,322.14999,3968025.0
2012-02-23 09:15:00,NSE:COALINDIA,321.0,325.75,318.0,322.75,3360240.0
2012-02-24 09:15:00,NSE:COALINDIA,322.0,330.54999,320.70001,327.64999,4222023.0
2012-02-27 09:15:00,NSE:COALINDIA,329.0,330.89999,317.10001,323.10001,4789844.0
2012-02-28 09:15:00,NSE:COALINDIA,323.95001,331.45001,323.5,330.45001,2773113.0
2012-02-29 09:15:00,NSE:COALINDIA,331.14999,335.79999,331.14999,334.5,2881804.0
2012-03-01 09:15:00,NSE:COALINDIA,333.89999,338.5,331.0,334.5,2738044.0
2012-03-02 09:15:00,NSE:COALINDIA,334.5,335.60001,329.35001,332.14999,1871139.0
2012-03-05 09:15:00,NSE:COALINDIA,329.89999,330.89999,325.35001,327.85001,1182214.0
2012-03-06 09:15:00,NSE:COALINDIA,327.0,335.89999,325.0,330.14999,2452725.0
2012-03-07 09:15:00,NSE:COALINDIA,329.75,330.60001,323.60001,326.89999,1867060.0
2012-03-09 09:15:00,NSE:COALINDIA,329.0,337.75,329.0,336.04999,2190819.0
2012-03-12 09:15:00,NSE:COALINDIA,339.0,341.5,335.64999,337.45001,2081580.0
2012-03-13 09:15:00,NSE:COALINDIA,341.20001,345.70001,339.04999,343.35001,3112273.0
2012-03-14 09:15:00,NSE:COALINDIA,345.54999,349.70001,344.0,348.04999,6289523.0
2012-03-15 09:15:00,NSE:COALINDIA,340.79999,341.60001,336.04999,340.5,2943615.0
2012-03-16 09:15:00,NSE:COALINDIA,340.5,348.85001,339.0,341.64999,5726497.0
2012-03-19 09:15:00,NSE:COALINDIA,336.29999,341.14999,333.0,334.79999,1523499.0
2012-03-20 09:15:00,NSE:COALINDIA,332.60001,335.25,325.5,326.54999,3024480.0
2012-03-21 09:15:00,NSE:COALINDIA,327.25,333.0,327.25,331.14999,2308361.0
2012-03-22 09:15:00,NSE:COALINDIA,330.70001,344.54999,329.60001,338.64999,6022192.0
2012-03-23 09:15:00,NSE:COALINDIA,339.89999,342.89999,330.29999,334.85001,1996054.0
2012-03-26 09:15:00,NSE:COALINDIA,334.0,336.64999,328.60001,331.95001,1653792.0
2012-03-27 09:15:00,NSE:COALINDIA,333.0,334.79999,325.39999,330.89999,4081274.0
2012-03-28 09:15:00,NSE:COALINDIA,332.04999,333.10001,328.10001,331.60001,1603380.0
2012-03-29 09:15:00,NSE:COALINDIA,330.0,340.39999,330.0,332.79999,5451105.0
2012-03-30 09:15:00,NSE:COALINDIA,333.20001,349.0,332.60001,343.89999,2711580.0
2012-04-02 09:15:00,NSE:COALINDIA,340.0,343.29999,335.10001,341.20001,2427033.0
2012-04-03 09:15:00,NSE:COALINDIA,342.89999,347.29999,340.54999,343.29999,1424419.0
2012-04-04 09:15:00,NSE:COALINDIA,337.0,344.70001,334.60001,341.60001,2287795.0
2012-04-09 09:15:00,NSE:COALINDIA,336.39999,342.29999,336.0,336.45001,892507.0
2012-04-10 09:15:00,NSE:COALINDIA,337.10001,337.79999,331.0,333.29999,873331.0
2012-04-11 09:15:00,NSE:COALINDIA,330.0,336.60001,328.5,331.04999,1699275.0
2012-04-12 09:15:00,NSE:COALINDIA,333.0,335.75,331.75,333.14999,1201944.0
2012-04-13 09:15:00,NSE:COALINDIA,338.39999,344.60001,335.29999,338.89999,1894838.0
2012-04-16 09:15:00,NSE:COALINDIA,334.04999,339.89999,334.04999,339.14999,806031.0
2012-04-17 09:15:00,NSE:COALINDIA,343.0,352.45001,343.0,350.04999,4635971.0
2012-04-18 09:15:00,NSE:COALINDIA,353.5,353.89999,346.39999,348.04999,1425875.0
2012-04-19 09:15:00,NSE:COALINDIA,349.5,362.79999,347.29999,361.60001,3178601.0
2012-04-20 09:15:00,NSE:COALINDIA,361.0,364.60001,356.0,362.45001,2814624.0
2012-04-23 09:15:00,NSE:COALINDIA,359.10001,367.45001,352.29999,355.39999,2317353.0
2012-04-24 09:15:00,NSE:COALINDIA,357.70001,363.70001,352.85001,356.10001,2301413.0
2012-04-25 09:15:00,NSE:COALINDIA,357.0,358.25,348.5,349.5,1822054.0
2012-04-26 09:15:00,NSE:COALINDIA,352.89999,362.64999,343.89999,359.39999,5184496.0
2012-04-27 09:15:00,NSE:COALINDIA,356.5,357.95001,348.0,351.25,1031688.0
2012-04-30 09:15:00,NSE:COALINDIA,351.5,354.89999,349.10001,352.35001,745458.0
2012-05-02 09:15:00,NSE:COALINDIA,353.54999,355.45001,343.25,345.79999,2621232.0
2012-05-03 09:15:00,NSE:COALINDIA,343.29999,344.64999,332.79999,336.95001,3406455.0
2012-05-04 09:15:00,NSE:COALINDIA,337.0,339.0,328.60001,329.79999,1430057.0
2012-05-07 09:15:00,NSE:COALINDIA,327.0,332.39999,325.10001,328.5,2982635.0
2012-05-08 09:15:00,NSE:COALINDIA,327.10001,338.70001,327.0,334.70001,3112575.0
2012-05-09 09:15:00,NSE:COALINDIA,332.85001,332.85001,325.29999,326.5,2775700.0
2012-05-10 09:15:00,NSE:COALINDIA,327.95001,330.64999,320.0,321.29999,1823505.0
2012-05-11 09:15:00,NSE:COALINDIA,320.45001,321.20001,312.64999,314.5,2240167.0
2012-05-14 09:15:00,NSE:COALINDIA,315.0,320.25,314.0,316.10001,2554750.0
2012-05-15 09:15:00,NSE:COALINDIA,313.10001,315.85001,310.5,314.20001,1867697.0
2012-05-16 09:15:00,NSE:COALINDIA,311.5,315.5,307.39999,308.39999,2230341.0
2012-05-17 09:15:00,NSE:COALINDIA,308.29999,312.5,305.5,306.45001,2066494.0
2012-05-18 09:15:00,NSE:COALINDIA,304.0,305.79999,301.10001,303.10001,2601032.0
2012-05-21 09:15:00,NSE:COALINDIA,302.5,311.29999,302.04999,310.0,1855016.0
2012-05-22 09:15:00,NSE:COALINDIA,313.5,314.89999,305.10001,305.95001,1763845.0
2012-05-23 09:15:00,NSE:COALINDIA,304.79999,309.85001,302.60001,308.35001,1096968.0
2012-05-24 09:15:00,NSE:COALINDIA,308.0,312.10001,305.10001,309.75,888439.0
2012-05-25 09:15:00,NSE:COALINDIA,308.5,314.29999,307.29999,313.54999,1207744.0
2012-05-28 09:15:00,NSE:COALINDIA,314.0,316.5,313.25,315.0,976383.0
2012-05-29 09:15:00,NSE:COALINDIA,319.0,324.0,317.10001,321.85001,2048507.0
2012-05-30 09:15:00,NSE:COALINDIA,319.85001,322.39999,318.10001,319.64999,1288436.0
2012-05-31 09:15:00,NSE:COALINDIA,316.0,325.75,316.0,321.60001,4945117.0
2012-06-01 09:15:00,NSE:COALINDIA,321.60001,324.25,318.39999,321.75,1725372.0
2012-06-04 09:15:00,NSE:COALINDIA,321.75,322.54999,315.10001,320.10001,1779732.0
2012-06-05 09:15:00,NSE:COALINDIA,320.29999,324.75,314.79999,316.10001,1820932.0
2012-06-06 09:15:00,NSE:COALINDIA,317.0,323.5,317.0,322.0,2518829.0
2012-06-07 09:15:00,NSE:COALINDIA,323.35001,326.64999,323.35001,325.25,1102332.0
2012-06-08 09:15:00,NSE:COALINDIA,323.79999,329.5,321.79999,327.70001,1309159.0
2012-06-11 09:15:00,NSE:COALINDIA,329.0,337.29999,328.10001,332.70001,1775891.0
2012-06-12 09:15:00,NSE:COALINDIA,330.70001,337.20001,330.20001,336.10001,1185164.0
2012-06-13 09:15:00,NSE:COALINDIA,336.5,340.89999,332.5,333.29999,1541990.0
2012-06-14 09:15:00,NSE:COALINDIA,333.54999,336.70001,329.45001,330.95001,1016302.0
2012-06-15 09:15:00,NSE:COALINDIA,333.0,340.89999,333.0,339.70001,2607870.0
2012-06-18 09:15:00,NSE:COALINDIA,341.29999,344.0,336.85001,339.5,1920907.0
2012-06-19 09:15:00,NSE:COALINDIA,338.79999,345.14999,334.60001,343.5,1889552.0
2012-06-20 09:15:00,NSE:COALINDIA,345.20001,346.25,336.10001,337.89999,1968947.0
2012-06-21 09:15:00,NSE:COALINDIA,336.20001,343.75,334.75,341.89999,1306288.0
2012-06-22 09:15:00,NSE:COALINDIA,340.0,343.35001,336.5,337.70001,1307708.0
2012-06-25 09:15:00,NSE:COALINDIA,341.35001,345.0,335.20001,336.64999,1341511.0
2012-06-26 09:15:00,NSE:COALINDIA,337.0,340.0,335.04999,338.79999,977526.0
2012-06-27 09:15:00,NSE:COALINDIA,340.0,344.45001,338.85001,342.79999,1093934.0
2012-06-28 09:15:00,NSE:COALINDIA,342.04999,348.95001,341.89999,347.85001,1551058.0
2012-06-29 09:15:00,NSE:COALINDIA,350.0,354.0,343.04999,346.79999,2197837.0
2012-07-02 09:15:00,NSE:COALINDIA,348.0,351.85001,344.75,350.39999,939971.0
2012-07-03 09:15:00,NSE:COALINDIA,349.35001,357.89999,346.79999,356.89999,1721062.0
2012-07-04 09:15:00,NSE:COALINDIA,357.0,358.64999,352.29999,353.75,1463831.0
2012-07-05 09:15:00,NSE:COALINDIA,354.60001,356.14999,347.60001,348.5,992871.0
2012-07-06 09:15:00,NSE:COALINDIA,348.39999,354.10001,347.29999,351.39999,2194702.0
2012-07-09 09:15:00,NSE:COALINDIA,349.0,352.89999,346.5,350.54999,1169024.0
2012-07-10 09:15:00,NSE:COALINDIA,351.0,360.0,350.54999,353.89999,1487627.0
2012-07-11 09:15:00,NSE:COALINDIA,351.20001,354.70001,350.25,353.5,747301.0
2012-07-12 09:15:00,NSE:COALINDIA,351.70001,355.75,351.25,354.35001,1078046.0
2012-07-13 09:15:00,NSE:COALINDIA,355.0,357.0,353.0,354.10001,1002438.0
2012-07-16 09:15:00,NSE:COALINDIA,353.0,356.85001,349.70001,350.54999,1105616.0
2012-07-17 09:15:00,NSE:COALINDIA,354.0,355.39999,351.95001,354.29999,1404550.0
2012-07-18 09:15:00,NSE:COALINDIA,355.5,361.89999,355.5,360.29999,3132440.0
2012-07-19 09:15:00,NSE:COALINDIA,362.70001,363.60001,358.25,359.79999,1221959.0
2012-07-20 09:15:00,NSE:COALINDIA,359.20001,363.20001,359.0,361.0,973638.0
2012-07-23 09:15:00,NSE:COALINDIA,359.0,359.70001,354.79999,355.79999,705880.0
2012-07-24 09:15:00,NSE:COALINDIA,355.0,357.64999,352.75,356.10001,871978.0
2012-07-25 09:15:00,NSE:COALINDIA,353.0,355.0,346.0,351.0,1403757.0
2012-07-26 09:15:00,NSE:COALINDIA,351.0,351.79999,346.20001,348.75,2974750.0
2012-07-27 09:15:00,NSE:COALINDIA,351.5,354.5,350.04999,353.89999,1257600.0
2012-07-30 09:15:00,NSE:COALINDIA,354.5,359.10001,352.10001,355.79999,1155127.0
2012-07-31 09:15:00,NSE:COALINDIA,356.0,361.39999,355.10001,359.35001,1652469.0
2012-08-01 09:15:00,NSE:COALINDIA,357.0,358.70001,345.20001,349.25,2658429.0
2012-08-02 09:15:00,NSE:COALINDIA,350.60001,351.0,343.25,346.75,2215158.0
2012-08-03 09:15:00,NSE:COALINDIA,344.39999,345.0,335.04999,344.0,3796470.0
2012-08-06 09:15:00,NSE:COALINDIA,344.70001,347.39999,341.14999,343.45001,1030665.0
2012-08-07 09:15:00,NSE:COALINDIA,342.35001,346.0,340.04999,344.5,1818651.0
2012-08-08 09:15:00,NSE:COALINDIA,345.0,351.5,343.85001,345.20001,2484555.0
2012-08-09 09:15:00,NSE:COALINDIA,346.89999,354.75,346.04999,352.60001,3254288.0
2012-08-10 09:15:00,NSE:COALINDIA,352.70001,353.79999,347.14999,348.60001,1096183.0
2012-08-13 09:15:00,NSE:COALINDIA,350.0,350.5,345.70001,347.64999,982115.0
2012-08-14 09:15:00,NSE:COALINDIA,350.0,356.0,350.0,353.75,2594238.0
2012-08-16 09:15:00,NSE:COALINDIA,353.0,354.64999,348.70001,353.60001,1322951.0
2012-08-17 09:15:00,NSE:COALINDIA,355.0,356.45001,348.85001,349.89999,3018095.0
2012-08-21 09:15:00,NSE:COALINDIA,349.95001,353.54999,345.70001,352.45001,805617.0
2012-08-22 09:15:00,NSE:COALINDIA,349.25,357.39999,349.25,355.75,1228381.0
2012-08-23 09:15:00,NSE:COALINDIA,355.14999,360.35001,353.54999,359.10001,2822248.0
2012-08-24 09:15:00,NSE:COALINDIA,358.25,371.75,358.25,367.04999,4474419.0
2012-08-27 09:15:00,NSE:COALINDIA,366.89999,369.85001,362.20001,364.75,2562249.0
2012-08-28 09:15:00,NSE:COALINDIA,362.25,365.5,357.60001,359.45001,1088810.0
2012-08-29 09:15:00,NSE:COALINDIA,359.25,361.95001,356.70001,359.79999,768280.0
2012-08-30 09:15:00,NSE:COALINDIA,358.75,366.0,357.04999,360.70001,1876595.0
2012-08-31 09:15:00,NSE:COALINDIA,359.5,359.5,349.39999,351.45001,1690335.0
2012-09-03 09:15:00,NSE:COALINDIA,352.39999,362.95001,349.35001,360.89999,1238762.0
2012-09-04 09:15:00,NSE:COALINDIA,361.25,363.25,355.60001,360.64999,1335023.0
2012-09-05 09:15:00,NSE:COALINDIA,357.25,361.60001,355.25,359.20001,1999234.0
2012-09-06 09:15:00,NSE:COALINDIA,360.0,361.35001,355.64999,358.25,772575.0
2012-09-07 09:15:00,NSE:COALINDIA,361.0,362.79999,357.89999,361.20001,813793.0
2012-09-10 09:15:00,NSE:COALINDIA,361.0,369.75,360.14999,366.70001,1683054.0
2012-09-11 09:15:00,NSE:COALINDIA,363.0,367.60001,363.0,366.70001,790047.0
2012-09-12 09:15:00,NSE:COALINDIA,366.29999,377.5,366.29999,376.64999,3049221.0
2012-09-13 09:15:00,NSE:COALINDIA,378.64999,381.45001,375.10001,380.0,1739163.0
2012-09-14 09:15:00,NSE:COALINDIA,383.5,385.25,381.14999,383.20001,2034569.0
2012-09-17 09:15:00,NSE:COALINDIA,383.0,386.25,372.60001,374.29999,3702194.0
2012-09-18 09:15:00,NSE:COALINDIA,375.0,378.85001,370.0,375.54999,3027806.0
2012-09-20 09:15:00,NSE:COALINDIA,370.0,374.10001,362.10001,364.5,2711969.0
2012-09-21 09:15:00,NSE:COALINDIA,365.10001,376.0,361.79999,372.60001,4354579.0
2012-09-24 09:15:00,NSE:COALINDIA,371.10001,372.25,367.0,369.75,1163086.0
2012-09-25 09:15:00,NSE:COALINDIA,367.25,372.95001,365.0,368.64999,1178093.0
2012-09-26 09:15:00,NSE:COALINDIA,366.5,368.95001,357.0,358.14999,2996497.0
2012-09-27 09:15:00,NSE:COALINDIA,358.0,362.54999,351.5,357.60001,4214312.0
2012-09-28 09:15:00,NSE:COALINDIA,360.0,370.0,355.35001,358.95001,2636688.0
2012-10-01 09:15:00,NSE:COALINDIA,360.0,361.29999,356.10001,357.60001,843310.0
2012-10-03 09:15:00,NSE:COALINDIA,357.60001,367.0,356.95001,365.20001,1712977.0
2012-10-04 09:15:00,NSE:COALINDIA,366.54999,367.75,360.29999,361.70001,1838271.0
2012-10-05 09:15:00,NSE:COALINDIA,362.10001,370.20001,362.0,363.45001,6833999.0
2012-10-08 09:15:00,NSE:COALINDIA,364.04999,365.0,356.45001,357.39999,1100145.0
2012-10-09 09:15:00,NSE:COALINDIA,360.0,361.5,355.39999,356.54999,1272596.0
2012-10-10 09:15:00,NSE:COALINDIA,355.0,357.0,353.0,353.25,639630.0
2012-10-11 09:15:00,NSE:COALINDIA,355.0,359.89999,353.14999,358.75,1000450.0
2012-10-12 09:15:00,NSE:COALINDIA,357.0,362.0,355.0,359.29999,1107958.0
2012-10-15 09:15:00,NSE:COALINDIA,358.79999,358.79999,353.75,356.45001,978551.0
2012-10-16 09:15:00,NSE:COALINDIA,355.14999,359.54999,353.0,354.20001,839257.0
2012-10-17 09:15:00,NSE:COALINDIA,355.5,357.29999,352.54999,353.60001,1006622.0
2012-10-18 09:15:00,NSE:COALINDIA,353.64999,361.64999,351.54999,359.29999,1398223.0
2012-10-19 09:15:00,NSE:COALINDIA,357.20001,359.60001,353.0,353.95001,1193960.0
2012-10-22 09:15:00,NSE:COALINDIA,350.20001,358.70001,350.20001,357.85001,1077651.0
2012-10-23 09:15:00,NSE:COALINDIA,356.60001,361.79999,354.29999,358.54999,1394940.0
2012-10-25 09:15:00,NSE:COALINDIA,358.0,360.70001,355.14999,356.35001,1540244.0
2012-10-26 09:15:00,NSE:COALINDIA,354.10001,356.54999,352.5,355.04999,388262.0
2012-10-29 09:15:00,NSE:COALINDIA,354.10001,357.04999,349.10001,350.10001,904286.0
2012-10-30 09:15:00,NSE:COALINDIA,350.10001,350.79999,345.54999,346.54999,844118.0
2012-10-31 09:15:00,NSE:COALINDIA,346.89999,349.35001,342.79999,346.29999,1238573.0
2012-11-01 09:15:00,NSE:COALINDIA,345.5,349.60001,344.60001,347.85001,846349.0
2012-11-02 09:15:00,NSE:COALINDIA,347.04999,352.35001,347.04999,350.60001,1715884.0
2012-11-05 09:15:00,NSE:COALINDIA,349.35001,355.0,349.29999,352.95001,1271314.0
2012-11-06 09:15:00,NSE:COALINDIA,352.0,355.79999,348.0,351.89999,1830106.0
2012-11-07 09:15:00,NSE:COALINDIA,350.54999,352.0,347.60001,348.35001,2822027.0
2012-11-08 09:15:00,NSE:COALINDIA,346.5,350.70001,345.35001,349.14999,1800464.0
2012-11-09 09:15:00,NSE:COALINDIA,350.0,351.79999,345.35001,346.60001,2114860.0
2012-11-12 09:15:00,NSE:COALINDIA,346.25,348.79999,342.25,344.64999,4073157.0
2012-11-13 09:15:00,NSE:COALINDIA,346.75,347.75,345.0,345.75,200529.0
2012-11-15 09:15:00,NSE:COALINDIA,345.0,350.39999,344.25,348.39999,3944091.0
2012-11-16 09:15:00,NSE:COALINDIA,349.5,354.20001,345.89999,351.14999,2884881.0
2012-11-19 09:15:00,NSE:COALINDIA,351.0,352.60001,349.20001,351.20001,2124504.0
2012-11-20 09:15:00,NSE:COALINDIA,352.0,355.35001,349.79999,354.04999,2029773.0
2012-11-21 09:15:00,NSE:COALINDIA,354.39999,355.5,351.0,354.79999,1601145.0
2012-11-22 09:15:00,NSE:COALINDIA,356.0,356.89999,351.0,355.79999,803077.0
2012-11-23 09:15:00,NSE:COALINDIA,355.70001,359.0,354.45001,358.04999,999152.0
2012-11-26 09:15:00,NSE:COALINDIA,357.0,361.89999,356.64999,360.45001,1152147.0
2012-11-27 09:15:00,NSE:COALINDIA,362.0,367.0,360.5,363.29999,1148482.0
2012-11-29 09:15:00,NSE:COALINDIA,364.89999,373.5,363.35001,369.89999,2727957.0
2012-11-30 09:15:00,NSE:COALINDIA,373.0,373.45001,359.14999,366.54999,1913806.0
2012-12-03 09:15:00,NSE:COALINDIA,366.29999,374.85001,362.89999,366.14999,2009230.0
2012-12-04 09:15:00,NSE:COALINDIA,367.0,369.35001,361.60001,364.45001,2002423.0
2012-12-05 09:15:00,NSE:COALINDIA,365.5,367.75,361.14999,361.70001,957128.0
2012-12-06 09:15:00,NSE:COALINDIA,362.5,368.39999,358.20001,362.39999,4403668.0
2012-12-07 09:15:00,NSE:COALINDIA,364.89999,372.0,360.79999,362.95001,3397863.0
2012-12-10 09:15:00,NSE:COALINDIA,363.89999,367.79999,362.0,362.75,894152.0
2012-12-11 09:15:00,NSE:COALINDIA,363.5,365.89999,355.10001,357.20001,934577.0
2012-12-12 09:15:00,NSE:COALINDIA,358.89999,360.29999,355.20001,356.39999,1333281.0
2012-12-13 09:15:00,NSE:COALINDIA,356.5,357.60001,351.29999,353.64999,1239115.0
2012-12-14 09:15:00,NSE:COALINDIA,353.0,356.39999,351.25,354.10001,1882922.0
2012-12-17 09:15:00,NSE:COALINDIA,353.10001,355.0,349.75,351.79999,2604658.0
2012-12-18 09:15:00,NSE:COALINDIA,353.0,355.45001,348.70001,352.14999,3208233.0
2012-12-19 09:15:00,NSE:COALINDIA,352.54999,359.04999,352.54999,357.14999,2694436.0
2012-12-20 09:15:00,NSE:COALINDIA,357.45001,360.45001,353.20001,356.5,2359658.0
2012-12-21 09:15:00,NSE:COALINDIA,354.5,354.5,350.0,352.60001,2572795.0
2012-12-24 09:15:00,NSE:COALINDIA,352.64999,355.39999,351.14999,354.35001,445971.0
2012-12-26 09:15:00,NSE:COALINDIA,354.35001,355.85001,352.25,355.10001,825470.0
2012-12-27 09:15:00,NSE:COALINDIA,355.10001,355.64999,351.10001,353.04999,2472434.0
2012-12-28 09:15:00,NSE:COALINDIA,354.79999,355.5,350.54999,353.39999,1362203.0
2012-12-31 09:15:00,NSE:COALINDIA,353.10001,355.5,352.0,354.79999,781161.0
2013-01-01 09:15:00,NSE:COALINDIA,356.04999,360.64999,355.79999,359.95001,931122.0
2013-01-02 09:15:00,NSE:COALINDIA,361.10001,362.95001,357.60001,358.70001,2259736.0
2013-01-03 09:15:00,NSE:COALINDIA,359.10001,362.5,358.10001,360.45001,2027014.0
2013-01-04 09:15:00,NSE:COALINDIA,361.75,364.70001,357.79999,363.79999,1535946.0
2013-01-07 09:15:00,NSE:COALINDIA,364.20001,365.0,358.54999,360.20001,1000153.0
2013-01-08 09:15:00,NSE:COALINDIA,360.70001,362.0,357.0,360.25,886068.0
2013-01-09 09:15:00,NSE:COALINDIA,360.5,370.95001,359.60001,363.70001,3174415.0
2013-01-10 09:15:00,NSE:COALINDIA,366.20001,372.39999,363.79999,365.64999,1889875.0
2013-01-11 09:15:00,NSE:COALINDIA,366.0,369.75,359.0,360.64999,1310539.0
2013-01-14 09:15:00,NSE:COALINDIA,361.0,362.20001,357.29999,359.14999,1242363.0
2013-01-15 09:15:00,NSE:COALINDIA,359.89999,360.54999,353.70001,355.04999,1104566.0
2013-01-16 09:15:00,NSE:COALINDIA,354.0,358.79999,351.45001,352.60001,1893031.0
2013-01-17 09:15:00,NSE:COALINDIA,353.5,355.64999,350.29999,352.54999,1437686.0
2013-01-18 09:15:00,NSE:COALINDIA,353.14999,358.75,353.14999,354.79999,1430944.0
2013-01-21 09:15:00,NSE:COALINDIA,353.5,355.35001,350.14999,351.60001,1395513.0
2013-01-22 09:15:00,NSE:COALINDIA,349.5,354.29999,348.5,350.45001,2106194.0
2013-01-23 09:15:00,NSE:COALINDIA,353.79999,353.79999,349.89999,350.5,1525211.0
2013-01-24 09:15:00,NSE:COALINDIA,349.0,355.70001,342.5,343.64999,2244498.0
2013-01-25 09:15:00,NSE:COALINDIA,345.0,345.0,338.14999,341.04999,2178501.0
2013-01-28 09:15:00,NSE:COALINDIA,341.60001,342.89999,337.0,342.25,1729721.0
2013-01-29 09:15:00,NSE:COALINDIA,340.5,348.25,340.25,347.64999,2242187.0
2013-01-30 09:15:00,NSE:COALINDIA,347.5,352.79999,346.85001,350.25,2914324.0
2013-01-31 09:15:00,NSE:COALINDIA,350.0,354.89999,347.29999,353.35001,2978332.0
2013-02-01 09:15:00,NSE:COALINDIA,352.25,359.10001,349.29999,356.70001,1952958.0
2013-02-04 09:15:00,NSE:COALINDIA,357.10001,357.35001,348.5,350.54999,2098181.0
2013-02-05 09:15:00,NSE:COALINDIA,347.20001,353.0,345.25,349.39999,1840821.0
2013-02-06 09:15:00,NSE:COALINDIA,352.70001,355.0,340.60001,342.35001,1067866.0
2013-02-07 09:15:00,NSE:COALINDIA,342.39999,345.89999,339.20001,343.79999,982217.0
2013-02-08 09:15:00,NSE:COALINDIA,342.10001,345.0,333.0,338.75,2935771.0
2013-02-11 09:15:00,NSE:COALINDIA,341.0,341.70001,335.64999,338.45001,2575836.0
2013-02-12 09:15:00,NSE:COALINDIA,340.35001,347.20001,337.5,345.10001,2557673.0
2013-02-13 09:15:00,NSE:COALINDIA,345.10001,348.70001,341.0,347.64999,1750962.0
2013-02-14 09:15:00,NSE:COALINDIA,353.20001,353.54999,346.35001,350.89999,3190078.0
2013-02-15 09:15:00,NSE:COALINDIA,351.0,351.89999,345.20001,349.85001,2005414.0
2013-02-18 09:15:00,NSE:COALINDIA,348.10001,350.10001,341.5,343.10001,1564363.0
2013-02-19 09:15:00,NSE:COALINDIA,342.10001,343.10001,336.45001,338.79999,1147864.0
2013-02-20 09:15:00,NSE:COALINDIA,341.0,343.5,339.5,342.60001,1864313.0
2013-02-21 09:15:00,NSE:COALINDIA,340.95001,342.10001,337.04999,340.29999,2103633.0
2013-02-22 09:15:00,NSE:COALINDIA,339.29999,340.0,330.10001,331.70001,2323286.0
2013-02-25 09:15:00,NSE:COALINDIA,333.0,333.95001,324.60001,325.79999,2234113.0
2013-02-26 09:15:00,NSE:COALINDIA,325.25,325.75,313.25,314.60001,1783812.0
2013-02-27 09:15:00,NSE:COALINDIA,318.64999,318.64999,310.75,311.5,3096188.0
2013-02-28 09:15:00,NSE:COALINDIA,313.0,323.0,305.10001,309.79999,6550159.0
2013-03-01 09:15:00,NSE:COALINDIA,310.39999,319.29999,310.39999,314.0,1982201.0
2013-03-04 09:15:00,NSE:COALINDIA,314.0,317.35001,307.64999,316.10001,2460519.0
2013-03-05 09:15:00,NSE:COALINDIA,315.20001,318.89999,313.20001,318.14999,1121331.0
2013-03-06 09:15:00,NSE:COALINDIA,319.0,322.79999,316.04999,317.0,1387621.0
2013-03-07 09:15:00,NSE:COALINDIA,316.20001,317.5,312.0,313.0,1508269.0
2013-03-08 09:15:00,NSE:COALINDIA,313.5,322.0,312.79999,321.35001,3730472.0
2013-03-11 09:15:00,NSE:COALINDIA,320.54999,327.5,319.64999,320.39999,1694709.0
2013-03-12 09:15:00,NSE:COALINDIA,321.45001,323.64999,315.5,319.14999,1065793.0
2013-03-13 09:15:00,NSE:COALINDIA,317.04999,323.5,315.75,319.04999,1431325.0
2013-03-14 09:15:00,NSE:COALINDIA,318.04999,320.85001,316.70001,319.20001,1589111.0
2013-03-15 09:15:00,NSE:COALINDIA,322.10001,322.89999,316.10001,320.0,1966212.0
2013-03-18 09:15:00,NSE:COALINDIA,309.0,309.25,299.95001,302.29999,4966365.0
2013-03-19 09:15:00,NSE:COALINDIA,301.25,301.70001,291.0,297.85001,4898937.0
2013-03-20 09:15:00,NSE:COALINDIA,297.20001,299.70001,295.14999,297.89999,2619937.0
2013-03-21 09:15:00,NSE:COALINDIA,297.25,300.39999,295.95001,298.14999,2180014.0
2013-03-22 09:15:00,NSE:COALINDIA,298.10001,303.75,293.85001,296.70001,1569103.0
2013-03-25 09:15:00,NSE:COALINDIA,298.35001,300.5,294.0,297.39999,1815688.0
2013-03-26 09:15:00,NSE:COALINDIA,295.5,305.0,295.5,301.35001,2049384.0
2013-03-28 09:15:00,NSE:COALINDIA,300.5,310.0,300.29999,309.10001,1954665.0
2013-04-01 09:15:00,NSE:COALINDIA,309.10001,314.54999,304.70001,305.25,989906.0
2013-04-02 09:15:00,NSE:COALINDIA,305.5,309.89999,304.79999,309.29999,1129788.0
2013-04-03 09:15:00,NSE:COALINDIA,307.20001,309.14999,299.39999,304.0,1310408.0
2013-04-04 09:15:00,NSE:COALINDIA,301.10001,314.0,300.0,309.85001,4561472.0
2013-04-05 09:15:00,NSE:COALINDIA,312.10001,314.5,306.5,307.5,2585164.0
2013-04-08 09:15:00,NSE:COALINDIA,308.95001,311.64999,307.04999,308.29999,780879.0
2013-04-09 09:15:00,NSE:COALINDIA,310.10001,313.5,304.20001,305.89999,1790726.0
2013-04-10 09:15:00,NSE:COALINDIA,307.10001,310.79999,303.5,307.75,1376413.0
2013-04-11 09:15:00,NSE:COALINDIA,309.89999,312.5,304.60001,305.35001,1481388.0
2013-04-12 09:15:00,NSE:COALINDIA,304.25,307.75,299.0,300.04999,2308935.0
2013-04-15 09:15:00,NSE:COALINDIA,299.10001,299.60001,292.89999,294.10001,2366725.0
2013-04-16 09:15:00,NSE:COALINDIA,292.0,296.45001,292.0,294.89999,2062215.0
2013-04-17 09:15:00,NSE:COALINDIA,296.0,301.64999,295.5,296.89999,2143002.0
2013-04-18 09:15:00,NSE:COALINDIA,297.0,300.20001,295.0,299.39999,2370066.0
2013-04-22 09:15:00,NSE:COALINDIA,300.14999,313.89999,300.14999,313.35001,5301898.0
2013-04-23 09:15:00,NSE:COALINDIA,315.0,317.10001,308.29999,311.20001,2266794.0
2013-04-25 09:15:00,NSE:COALINDIA,312.95001,318.5,312.54999,315.75,3417233.0
2013-04-26 09:15:00,NSE:COALINDIA,315.10001,324.29999,315.10001,319.29999,2154596.0
2013-04-29 09:15:00,NSE:COALINDIA,320.10001,322.10001,312.25,312.85001,1361563.0
2013-04-30 09:15:00,NSE:COALINDIA,314.54999,320.5,312.0,320.0,2252928.0
2013-05-02 09:15:00,NSE:COALINDIA,321.0,322.70001,315.10001,318.5,1430676.0
2013-05-03 09:15:00,NSE:COALINDIA,319.79999,319.95001,314.29999,318.14999,1577249.0
2013-05-06 09:15:00,NSE:COALINDIA,316.54999,320.0,315.29999,316.75,867052.0
2013-05-07 09:15:00,NSE:COALINDIA,315.89999,315.89999,308.75,310.25,3570510.0
2013-05-08 09:15:00,NSE:COALINDIA,313.29999,314.0,310.64999,311.64999,1429302.0
2013-05-09 09:15:00,NSE:COALINDIA,312.25,313.0,307.79999,309.10001,1546402.0
2013-05-10 09:15:00,NSE:COALINDIA,310.0,310.29999,297.60001,299.89999,2637865.0
2013-05-13 09:15:00,NSE:COALINDIA,303.89999,304.25,295.25,296.70001,1982939.0
2013-05-14 09:15:00,NSE:COALINDIA,298.45001,300.95001,294.04999,295.45001,1730499.0
2013-05-15 09:15:00,NSE:COALINDIA,295.5,301.5,295.5,300.75,2373288.0
2013-05-16 09:15:00,NSE:COALINDIA,299.0,302.5,297.39999,298.79999,2310647.0
2013-05-17 09:15:00,NSE:COALINDIA,298.79999,300.0,296.10001,298.39999,1472277.0
2013-05-20 09:15:00,NSE:COALINDIA,301.0,305.39999,300.04999,301.0,1497496.0
2013-05-21 09:15:00,NSE:COALINDIA,304.79999,308.95001,304.0,308.39999,2690361.0
2013-05-22 09:15:00,NSE:COALINDIA,309.10001,314.54999,309.10001,310.0,3015493.0
2013-05-23 09:15:00,NSE:COALINDIA,309.0,310.5,306.04999,307.10001,3558706.0
2013-05-24 09:15:00,NSE:COALINDIA,311.95001,314.25,308.5,310.45001,8813985.0
2013-05-27 09:15:00,NSE:COALINDIA,313.25,314.75,312.54999,314.10001,2356166.0
2013-05-28 09:15:00,NSE:COALINDIA,328.0,328.0,320.0,323.0,5561014.0
2013-05-29 09:15:00,NSE:COALINDIA,325.89999,328.79999,324.0,328.0,3055647.0
2013-05-30 09:15:00,NSE:COALINDIA,326.0,329.5,324.25,327.70001,3032019.0
2013-05-31 09:15:00,NSE:COALINDIA,325.10001,328.0,323.0,323.70001,4512959.0
2013-06-03 09:15:00,NSE:COALINDIA,325.25,330.70001,323.5,326.10001,1489728.0
2013-06-04 09:15:00,NSE:COALINDIA,326.0,327.95001,320.0,325.39999,2561931.0
2013-06-05 09:15:00,NSE:COALINDIA,323.14999,325.04999,319.10001,324.0,1676990.0
2013-06-06 09:15:00,NSE:COALINDIA,320.0,325.39999,318.04999,323.0,2308221.0
2013-06-07 09:15:00,NSE:COALINDIA,320.0,323.5,318.0,320.0,2348565.0
2013-06-10 09:15:00,NSE:COALINDIA,320.04999,323.60001,319.04999,320.25,2130996.0
2013-06-11 09:15:00,NSE:COALINDIA,319.0,319.25,307.5,309.5,3408678.0
2013-06-12 09:15:00,NSE:COALINDIA,306.0,309.5,299.54999,302.54999,2536722.0
2013-06-13 09:15:00,NSE:COALINDIA,300.0,302.70001,295.60001,299.0,2400040.0
2013-06-14 09:15:00,NSE:COALINDIA,302.10001,303.0,296.89999,301.0,2962607.0
2013-06-17 09:15:00,NSE:COALINDIA,303.0,303.5,296.45001,302.25,2441271.0
2013-06-18 09:15:00,NSE:COALINDIA,300.75,304.64999,300.75,303.0,1833002.0
2013-06-19 09:15:00,NSE:COALINDIA,302.10001,303.70001,297.0,299.95001,4827143.0
2013-06-20 09:15:00,NSE:COALINDIA,296.95001,297.35001,293.29999,297.0,4313673.0
2013-06-21 09:15:00,NSE:COALINDIA,296.0,300.60001,293.39999,298.10001,3559191.0
2013-06-24 09:15:00,NSE:COALINDIA,297.0,300.75,293.0,299.0,3581590.0
2013-06-25 09:15:00,NSE:COALINDIA,297.10001,301.5,291.0,291.95001,3088565.0
2013-06-26 09:15:00,NSE:COALINDIA,295.0,296.54999,286.60001,286.85001,2881059.0
2013-06-27 09:15:00,NSE:COALINDIA,290.0,291.5,285.20001,287.64999,2487855.0
2013-06-28 09:15:00,NSE:COALINDIA,289.10001,309.89999,289.04999,302.20001,5272321.0
2013-07-01 09:15:00,NSE:COALINDIA,303.89999,308.0,303.14999,303.54999,1909587.0
2013-07-02 09:15:00,NSE:COALINDIA,303.5,303.75,296.04999,300.0,1901758.0
2013-07-03 09:15:00,NSE:COALINDIA,297.79999,299.79999,292.0,299.04999,2753000.0
2013-07-04 09:15:00,NSE:COALINDIA,300.0,302.0,295.5,300.20001,830571.0
2013-07-05 09:15:00,NSE:COALINDIA,300.35001,301.45001,295.25,297.10001,1361439.0
2013-07-08 09:15:00,NSE:COALINDIA,295.0,295.95001,284.29999,290.39999,2252731.0
2013-07-09 09:15:00,NSE:COALINDIA,290.0,293.0,284.60001,292.0,2174450.0
2013-07-10 09:15:00,NSE:COALINDIA,291.5,292.25,288.10001,290.20001,1141011.0
2013-07-11 09:15:00,NSE:COALINDIA,293.0,302.85001,293.0,299.0,3410504.0
2013-07-12 09:15:00,NSE:COALINDIA,300.10001,300.89999,293.54999,300.0,2000153.0
2013-07-15 09:15:00,NSE:COALINDIA,296.75,297.5,291.70001,292.25,1176893.0
2013-07-16 09:15:00,NSE:COALINDIA,289.0,295.0,287.70001,294.79999,1666772.0
2013-07-17 09:15:00,NSE:COALINDIA,293.95001,295.60001,287.5,291.14999,2254708.0
2013-07-18 09:15:00,NSE:COALINDIA,290.5,294.14999,286.79999,291.0,1969919.0
2013-07-19 09:15:00,NSE:COALINDIA,291.10001,297.89999,291.10001,296.54999,2723333.0
2013-07-22 09:15:00,NSE:COALINDIA,295.60001,301.60001,294.70001,300.10001,1295646.0
2013-07-23 09:15:00,NSE:COALINDIA,302.0,303.45001,296.29999,298.95001,1800511.0
2013-07-24 09:15:00,NSE:COALINDIA,297.89999,302.0,295.0,298.75,1126011.0
2013-07-25 09:15:00,NSE:COALINDIA,297.0,299.60001,292.0,293.5,2350957.0
2013-07-26 09:15:00,NSE:COALINDIA,295.89999,295.89999,276.35001,282.0,3757318.0
2013-07-29 09:15:00,NSE:COALINDIA,281.39999,282.0,271.75,273.5,2076463.0
2013-07-30 09:15:00,NSE:COALINDIA,272.5,277.14999,270.0,276.0,2070660.0
2013-07-31 09:15:00,NSE:COALINDIA,275.5,284.79999,274.0,281.14999,2161051.0
2013-08-01 09:15:00,NSE:COALINDIA,280.0,286.0,268.0,268.95001,2096002.0
2013-08-02 09:15:00,NSE:COALINDIA,271.0,271.25,250.55,254.5,2608617.0
2013-08-05 09:15:00,NSE:COALINDIA,249.5,270.45001,248.25,264.85001,5429449.0
2013-08-06 09:15:00,NSE:COALINDIA,260.20001,263.0,252.5,257.95001,3768708.0
2013-08-07 09:15:00,NSE:COALINDIA,255.10001,267.79999,252.3,262.0,1697887.0
2013-08-08 09:15:00,NSE:COALINDIA,262.0,270.89999,258.0,269.04999,1880161.0
2013-08-12 09:15:00,NSE:COALINDIA,273.64999,278.20001,268.75,273.5,1090893.0
2013-08-13 09:15:00,NSE:COALINDIA,272.25,273.60001,266.14999,268.45001,1223862.0
2013-08-14 09:15:00,NSE:COALINDIA,269.0,272.0,268.14999,270.5,1229805.0
2013-08-16 09:15:00,NSE:COALINDIA,268.5,271.20001,257.54999,258.75,1845309.0
2013-08-19 09:15:00,NSE:COALINDIA,256.0,258.95001,250.3,258.0,1816295.0
2013-08-20 09:15:00,NSE:COALINDIA,255.89999,264.89999,251.5,261.85001,2242515.0
2013-08-21 09:15:00,NSE:COALINDIA,263.89999,265.10001,256.04999,257.29999,2890647.0
2013-08-22 09:15:00,NSE:COALINDIA,256.04999,270.54999,252.3,267.29999,2482706.0
2013-08-23 09:15:00,NSE:COALINDIA,267.85001,272.85001,265.0,269.85001,2044341.0
2013-08-26 09:15:00,NSE:COALINDIA,270.0,279.04999,267.25,269.5,2376648.0
2013-08-27 09:15:00,NSE:COALINDIA,268.5,269.64999,255.10001,261.25,1969084.0
2013-08-28 09:15:00,NSE:COALINDIA,256.89999,257.89999,244.39999,254.05,2763694.0
2013-08-29 09:15:00,NSE:COALINDIA,255.10001,258.85001,248.05,250.0,4701564.0
2013-08-30 09:15:00,NSE:COALINDIA,250.8,255.5,238.2,254.3,3474788.0
2013-09-02 09:15:00,NSE:COALINDIA,253.8,259.39999,252.7,257.10001,1913808.0
2013-09-03 09:15:00,NSE:COALINDIA,260.14999,266.70001,259.0,261.0,3933612.0
2013-09-04 09:15:00,NSE:COALINDIA,261.70001,269.29999,258.75,265.0,1882267.0
2013-09-05 09:15:00,NSE:COALINDIA,270.25,299.29999,268.25,283.14999,3236777.0
2013-09-06 09:15:00,NSE:COALINDIA,281.0,281.79999,270.89999,276.35001,2502019.0
2013-09-10 09:15:00,NSE:COALINDIA,281.60001,289.70001,280.54999,288.0,2526163.0
2013-09-11 09:15:00,NSE:COALINDIA,284.95001,294.54999,283.89999,293.75,1907571.0
2013-09-12 09:15:00,NSE:COALINDIA,292.0,299.60001,283.39999,285.89999,2976934.0
2013-09-13 09:15:00,NSE:COALINDIA,285.0,294.75,283.60001,293.60001,1463029.0
2013-09-16 09:15:00,NSE:COALINDIA,293.5,298.0,284.25,288.79999,2249367.0
2013-09-17 09:15:00,NSE:COALINDIA,288.25,295.0,288.25,294.39999,2572697.0
2013-09-18 09:15:00,NSE:COALINDIA,291.25,299.70001,291.25,297.5,1981623.0
2013-09-19 09:15:00,NSE:COALINDIA,301.5,305.0,295.35001,297.0,3184840.0
2013-09-20 09:15:00,NSE:COALINDIA,296.25,304.0,291.70001,300.29999,3193597.0
2013-09-23 09:15:00,NSE:COALINDIA,298.0,308.39999,298.0,304.79999,4569833.0
2013-09-24 09:15:00,NSE:COALINDIA,300.0,305.89999,296.29999,297.20001,3802287.0
2013-09-25 09:15:00,NSE:COALINDIA,295.0,302.0,294.0,294.75,2803764.0
2013-09-26 09:15:00,NSE:COALINDIA,295.04999,304.95001,294.39999,303.45001,3688717.0
2013-09-27 09:15:00,NSE:COALINDIA,301.5,309.0,301.10001,307.5,2226646.0
2013-09-30 09:15:00,NSE:COALINDIA,303.79999,307.35001,293.0,293.79999,2298688.0
2013-10-01 09:15:00,NSE:COALINDIA,295.0,298.95001,293.20001,297.39999,1994423.0
2013-10-03 09:15:00,NSE:COALINDIA,297.0,314.79999,297.0,301.54999,3969487.0
2013-10-04 09:15:00,NSE:COALINDIA,302.35001,311.5,301.35001,309.29999,2240607.0
2013-10-07 09:15:00,NSE:COALINDIA,305.14999,306.60001,298.10001,300.0,6371754.0
2013-10-08 09:15:00,NSE:COALINDIA,301.0,302.0,294.25,296.5,2545544.0
2013-10-09 09:15:00,NSE:COALINDIA,296.5,298.35001,291.14999,297.10001,2253222.0
2013-10-10 09:15:00,NSE:COALINDIA,295.0,299.25,292.85001,293.5,1270541.0
2013-10-11 09:15:00,NSE:COALINDIA,297.0,297.39999,280.70001,282.10001,3440986.0
2013-10-14 09:15:00,NSE:COALINDIA,284.0,287.79999,282.25,285.04999,1184284.0
2013-10-15 09:15:00,NSE:COALINDIA,286.0,287.20001,279.45001,283.0,1501343.0
2013-10-17 09:15:00,NSE:COALINDIA,282.89999,286.70001,281.14999,283.0,871980.0
2013-10-18 09:15:00,NSE:COALINDIA,282.25,287.89999,282.25,286.0,1518954.0
2013-10-21 09:15:00,NSE:COALINDIA,284.0,289.45001,282.25,288.0,1936086.0
2013-10-22 09:15:00,NSE:COALINDIA,286.10001,293.95001,285.35001,293.5,2562561.0
2013-10-23 09:15:00,NSE:COALINDIA,290.0,293.0,287.0,289.20001,1849940.0
2013-10-24 09:15:00,NSE:COALINDIA,287.04999,290.0,278.0,278.79999,2591299.0
2013-10-25 09:15:00,NSE:COALINDIA,279.29999,281.70001,276.20001,279.0,2533958.0
2013-10-28 09:15:00,NSE:COALINDIA,279.5,280.10001,275.10001,276.10001,1676949.0
2013-10-29 09:15:00,NSE:COALINDIA,275.0,283.45001,275.0,280.54999,1516155.0
2013-10-30 09:15:00,NSE:COALINDIA,281.0,284.85001,280.04999,281.14999,1131324.0
2013-10-31 09:15:00,NSE:COALINDIA,281.0,290.60001,281.0,289.0,2379392.0
2013-11-01 09:15:00,NSE:COALINDIA,286.5,295.39999,286.5,292.89999,2450234.0
2013-11-05 09:15:00,NSE:COALINDIA,289.10001,297.89999,289.10001,295.39999,1611993.0
2013-11-06 09:15:00,NSE:COALINDIA,296.10001,301.39999,295.95001,299.0,1987170.0
2013-11-07 09:15:00,NSE:COALINDIA,299.0,301.5,293.75,296.0,1344544.0
2013-11-08 09:15:00,NSE:COALINDIA,293.60001,295.95001,289.5,292.14999,1597712.0
2013-11-11 09:15:00,NSE:COALINDIA,291.5,293.89999,288.10001,289.35001,1447723.0
2013-11-12 09:15:00,NSE:COALINDIA,287.70001,290.0,283.64999,283.79999,756369.0
2013-11-13 09:15:00,NSE:COALINDIA,286.0,288.10001,280.5,287.39999,1049512.0
2013-11-14 09:15:00,NSE:COALINDIA,279.5,280.45001,271.29999,275.0,5182174.0
2013-11-18 09:15:00,NSE:COALINDIA,271.70001,277.60001,270.14999,270.60001,3993288.0
2013-11-19 09:15:00,NSE:COALINDIA,271.0,272.5,265.45001,267.70001,2458816.0
2013-11-20 09:15:00,NSE:COALINDIA,267.5,275.0,266.75,272.45001,6013211.0
2013-11-21 09:15:00,NSE:COALINDIA,274.0,276.25,268.25,270.04999,2489905.0
2013-11-22 09:15:00,NSE:COALINDIA,271.0,271.79999,267.0,268.04999,956725.0
2013-11-25 09:15:00,NSE:COALINDIA,268.5,271.35001,268.5,270.0,1531911.0
2013-11-26 09:15:00,NSE:COALINDIA,268.5,272.5,262.10001,263.35001,3548246.0
2013-11-27 09:15:00,NSE:COALINDIA,261.25,267.39999,260.95001,265.70001,1951682.0
2013-11-28 09:15:00,NSE:COALINDIA,266.0,271.0,266.0,270.75,2730214.0
2013-11-29 09:15:00,NSE:COALINDIA,271.79999,274.54999,270.39999,271.95001,1280472.0
2013-12-02 09:15:00,NSE:COALINDIA,269.0,275.29999,269.0,273.95001,1009491.0
2013-12-03 09:15:00,NSE:COALINDIA,273.95001,274.70001,269.5,271.0,1384676.0
2013-12-04 09:15:00,NSE:COALINDIA,271.0,273.20001,268.0,272.60001,1476382.0
2013-12-05 09:15:00,NSE:COALINDIA,275.0,283.60001,273.0,279.35001,4271398.0
2013-12-06 09:15:00,NSE:COALINDIA,279.89999,293.0,279.35001,292.0,5332278.0
2013-12-09 09:15:00,NSE:COALINDIA,298.89999,298.89999,289.5,290.20001,4016879.0
2013-12-10 09:15:00,NSE:COALINDIA,290.25,293.64999,282.54999,286.64999,2579166.0
2013-12-11 09:15:00,NSE:COALINDIA,278.25,290.10001,276.0,289.45001,3451979.0
2013-12-12 09:15:00,NSE:COALINDIA,287.89999,287.89999,280.0,280.85001,2016537.0
2013-12-13 09:15:00,NSE:COALINDIA,281.0,288.39999,281.0,283.75,9743906.0
2013-12-16 09:15:00,NSE:COALINDIA,286.79999,290.35001,282.0,287.0,5203337.0
2013-12-17 09:15:00,NSE:COALINDIA,287.79999,287.89999,277.20001,278.35001,4366436.0
2013-12-18 09:15:00,NSE:COALINDIA,276.64999,283.45001,276.64999,283.14999,1838948.0
2013-12-19 09:15:00,NSE:COALINDIA,283.95001,284.70001,278.45001,281.10001,1496366.0
2013-12-20 09:15:00,NSE:COALINDIA,281.79999,285.29999,281.10001,284.45001,3838775.0
2013-12-23 09:15:00,NSE:COALINDIA,286.79999,286.79999,281.79999,283.60001,2013300.0
2013-12-24 09:15:00,NSE:COALINDIA,284.5,286.64999,282.0,283.39999,1174702.0
2013-12-26 09:15:00,NSE:COALINDIA,283.0,285.5,280.29999,280.89999,2907958.0
2013-12-27 09:15:00,NSE:COALINDIA,284.10001,284.10001,280.45001,283.35001,1029256.0
2013-12-30 09:15:00,NSE:COALINDIA,283.0,291.25,282.95001,290.79999,2221007.0
2013-12-31 09:15:00,NSE:COALINDIA,291.95001,293.20001,289.29999,290.0,1708561.0
2014-01-01 09:15:00,NSE:COALINDIA,294.70001,295.0,290.54999,291.85001,1265974.0
2014-01-02 09:15:00,NSE:COALINDIA,291.39999,292.0,281.79999,283.54999,1485831.0
2014-01-03 09:15:00,NSE:COALINDIA,282.0,284.45001,276.0,279.10001,2570514.0
2014-01-06 09:15:00,NSE:COALINDIA,279.10001,280.14999,274.0,276.5,5415257.0
2014-01-07 09:15:00,NSE:COALINDIA,277.89999,279.0,274.0,275.10001,3143007.0
2014-01-08 09:15:00,NSE:COALINDIA,279.0,291.70001,277.0,288.89999,8932578.0
2014-01-09 09:15:00,NSE:COALINDIA,292.0,297.0,289.5,296.85001,4352671.0
2014-01-10 09:15:00,NSE:COALINDIA,296.75,296.75,286.39999,288.0,2878673.0
2014-01-13 09:15:00,NSE:COALINDIA,288.60001,292.79999,288.60001,290.0,2773085.0
2014-01-14 09:15:00,NSE:COALINDIA,294.0,295.79999,286.39999,291.10001,5805721.0
2014-01-15 09:15:00,NSE:COALINDIA,301.0,307.85001,293.54999,295.25,18564060.0
2014-01-16 09:15:00,NSE:COALINDIA,297.25,303.85001,292.54999,302.64999,15021900.0
2014-01-17 09:15:00,NSE:COALINDIA,275.0,280.25,271.10001,272.10001,6900162.0
2014-01-20 09:15:00,NSE:COALINDIA,272.35001,274.60001,268.0,269.54999,4551231.0
2014-01-21 09:15:00,NSE:COALINDIA,269.95001,270.0,262.35001,262.95001,3477115.0
2014-01-22 09:15:00,NSE:COALINDIA,262.89999,265.39999,260.70001,262.0,2853129.0
2014-01-23 09:15:00,NSE:COALINDIA,260.5,262.70001,258.5,258.60001,2805631.0
2014-01-24 09:15:00,NSE:COALINDIA,258.0,261.35001,257.04999,257.39999,2902163.0
2014-01-27 09:15:00,NSE:COALINDIA,256.0,256.39999,248.0,249.0,3926853.0
2014-01-28 09:15:00,NSE:COALINDIA,248.0,253.64999,247.60001,249.45,1869607.0
2014-01-29 09:15:00,NSE:COALINDIA,249.35001,254.0,249.35001,251.10001,1727528.0
2014-01-30 09:15:00,NSE:COALINDIA,248.0,251.5,245.14999,246.7,5510037.0
2014-01-31 09:15:00,NSE:COALINDIA,246.05,248.0,244.39999,247.95,2028867.0
2014-02-03 09:15:00,NSE:COALINDIA,246.0,249.05,244.39999,246.0,3314634.0
2014-02-04 09:15:00,NSE:COALINDIA,243.0,251.05,243.0,250.39999,5352922.0
2014-02-05 09:15:00,NSE:COALINDIA,247.8,255.8,247.8,255.8,3346367.0
2014-02-06 09:15:00,NSE:COALINDIA,253.5,269.20001,253.5,268.0,5588845.0
2014-02-07 09:15:00,NSE:COALINDIA,269.0,270.29999,262.79999,270.04999,2628212.0
2014-02-10 09:15:00,NSE:COALINDIA,270.0,271.20001,267.35001,270.14999,1400555.0
2014-02-11 09:15:00,NSE:COALINDIA,270.0,270.64999,266.0,270.0,1921146.0
2014-02-12 09:15:00,NSE:COALINDIA,269.25,270.29999,265.0,269.89999,3412799.0
2014-02-13 09:15:00,NSE:COALINDIA,268.54999,268.54999,259.45001,260.39999,2162133.0
2014-02-14 09:15:00,NSE:COALINDIA,261.60001,262.54999,256.75,260.79999,1941733.0
2014-02-17 09:15:00,NSE:COALINDIA,260.95001,261.0,255.5,256.25,2521574.0
2014-02-18 09:15:00,NSE:COALINDIA,255.0,256.75,253.14999,255.10001,2316373.0
2014-02-19 09:15:00,NSE:COALINDIA,256.20001,257.39999,253.7,254.8,1218899.0
2014-02-20 09:15:00,NSE:COALINDIA,253.8,256.29999,250.25,251.05,2174766.0
2014-02-21 09:15:00,NSE:COALINDIA,252.55,253.2,250.5,251.25,1022484.0
2014-02-24 09:15:00,NSE:COALINDIA,251.25,255.10001,251.14999,252.0,1189950.0
2014-02-25 09:15:00,NSE:COALINDIA,252.5,252.89999,245.39999,246.14999,2237742.0
2014-02-26 09:15:00,NSE:COALINDIA,245.0,245.85001,240.3,244.0,3702994.0
2014-02-28 09:15:00,NSE:COALINDIA,244.2,247.5,242.60001,244.0,2362184.0
2014-03-03 09:15:00,NSE:COALINDIA,244.05,245.55,240.7,244.35001,2380690.0
2014-03-04 09:15:00,NSE:COALINDIA,244.5,248.0,244.3,247.14999,2575377.0
2014-03-05 09:15:00,NSE:COALINDIA,247.7,252.14999,247.35001,251.55,2684429.0
2014-03-06 09:15:00,NSE:COALINDIA,252.0,257.64999,252.0,257.10001,3405827.0
2014-03-07 09:15:00,NSE:COALINDIA,257.25,266.0,257.25,264.79999,3649357.0
2014-03-10 09:15:00,NSE:COALINDIA,262.25,264.5,257.10001,258.79999,3309344.0
2014-03-11 09:15:00,NSE:COALINDIA,257.04999,260.75,254.55,255.75,1988654.0
2014-03-12 09:15:00,NSE:COALINDIA,254.0,261.04999,253.0,260.5,1671339.0
2014-03-13 09:15:00,NSE:COALINDIA,260.5,267.79999,260.0,265.10001,2857175.0
2014-03-14 09:15:00,NSE:COALINDIA,266.5,267.64999,261.5,264.25,1600297.0
2014-03-18 09:15:00,NSE:COALINDIA,265.5,271.5,265.5,270.70001,3009481.0
2014-03-19 09:15:00,NSE:COALINDIA,271.20001,275.70001,262.54999,263.14999,4703870.0
2014-03-20 09:15:00,NSE:COALINDIA,263.0,263.5,256.10001,260.45001,4293614.0
2014-03-21 09:15:00,NSE:COALINDIA,260.45001,264.0,258.04999,263.04999,2527055.0
2014-03-24 09:15:00,NSE:COALINDIA,264.10001,272.0,264.10001,269.95001,5301925.0
2014-03-25 09:15:00,NSE:COALINDIA,268.39999,274.95001,267.89999,274.5,2123909.0
2014-03-26 09:15:00,NSE:COALINDIA,274.95001,282.0,273.0,280.75,4019330.0
2014-03-27 09:15:00,NSE:COALINDIA,279.89999,284.85001,276.5,280.0,4437037.0
2014-03-28 09:15:00,NSE:COALINDIA,281.20001,287.89999,275.64999,286.35001,2001799.0
2014-03-31 09:15:00,NSE:COALINDIA,284.25,292.0,284.25,288.75,2176837.0
2014-04-01 09:15:00,NSE:COALINDIA,289.5,292.0,282.0,290.5,3559789.0
2014-04-02 09:15:00,NSE:COALINDIA,290.5,291.0,285.0,286.89999,1461584.0
2014-04-03 09:15:00,NSE:COALINDIA,287.04999,288.10001,279.25,280.5,3742894.0
2014-04-04 09:15:00,NSE:COALINDIA,281.0,284.60001,275.04999,281.70001,11061860.0
2014-04-07 09:15:00,NSE:COALINDIA,282.04999,285.75,276.54999,284.0,2242868.0
2014-04-09 09:15:00,NSE:COALINDIA,285.5,289.0,283.5,288.14999,3023751.0
2014-04-10 09:15:00,NSE:COALINDIA,289.70001,293.5,284.39999,292.14999,4462459.0
2014-04-11 09:15:00,NSE:COALINDIA,290.0,294.0,287.54999,293.04999,2898928.0
2014-04-15 09:15:00,NSE:COALINDIA,291.0,294.95001,285.10001,292.79999,4382242.0
2014-04-16 09:15:00,NSE:COALINDIA,292.5,295.5,286.35001,289.70001,1850340.0
2014-04-17 09:15:00,NSE:COALINDIA,290.29999,292.0,286.35001,290.89999,2279947.0
2014-04-21 09:15:00,NSE:COALINDIA,290.89999,297.5,290.04999,296.10001,2138227.0
2014-04-22 09:15:00,NSE:COALINDIA,297.5,300.79999,295.04999,299.0,4237705.0
2014-04-23 09:15:00,NSE:COALINDIA,299.29999,303.75,297.04999,302.25,4370472.0
2014-04-25 09:15:00,NSE:COALINDIA,301.75,304.35001,299.20001,299.95001,2409633.0
2014-04-28 09:15:00,NSE:COALINDIA,298.14999,299.5,294.10001,295.70001,3350917.0
2014-04-29 09:15:00,NSE:COALINDIA,295.5,299.0,292.10001,296.70001,1368878.0
2014-04-30 09:15:00,NSE:COALINDIA,295.70001,299.75,289.14999,291.85001,2778923.0
2014-05-02 09:15:00,NSE:COALINDIA,292.0,297.60001,292.0,295.29999,1361657.0
2014-05-05 09:15:00,NSE:COALINDIA,295.0,299.25,293.54999,296.45001,1556958.0
2014-05-06 09:15:00,NSE:COALINDIA,297.0,298.25,295.25,296.45001,815026.0
2014-05-07 09:15:00,NSE:COALINDIA,294.5,298.0,293.60001,295.39999,1585768.0
2014-05-08 09:15:00,NSE:COALINDIA,295.39999,297.5,292.95001,293.75,2029447.0
2014-05-09 09:15:00,NSE:COALINDIA,293.5,310.0,293.5,308.64999,4673033.0
2014-05-12 09:15:00,NSE:COALINDIA,309.0,337.10001,309.0,331.04999,8237761.0
2014-05-13 09:15:00,NSE:COALINDIA,334.95001,342.5,325.0,332.04999,4950353.0
2014-05-14 09:15:00,NSE:COALINDIA,332.0,345.75,327.35001,343.29999,6846395.0
2014-05-15 09:15:00,NSE:COALINDIA,342.89999,345.35001,330.60001,340.35001,4092349.0
2014-05-16 09:15:00,NSE:COALINDIA,358.0,365.39999,340.04999,345.39999,14234070.0
2014-05-19 09:15:00,NSE:COALINDIA,349.75,394.25,348.20001,388.95001,11585960.0
2014-05-20 09:15:00,NSE:COALINDIA,390.0,391.29999,360.5,366.5,11520730.0
2014-05-21 09:15:00,NSE:COALINDIA,366.0,374.60001,355.35001,370.89999,12136260.0
2014-05-22 09:15:00,NSE:COALINDIA,380.5,401.39999,380.10001,389.89999,14514100.0
2014-05-23 09:15:00,NSE:COALINDIA,398.5,400.0,389.29999,397.89999,5290632.0
2014-05-26 09:15:00,NSE:COALINDIA,407.70001,416.79999,388.0,401.04999,8404997.0
2014-05-27 09:15:00,NSE:COALINDIA,403.89999,406.89999,385.25,393.04999,6135493.0
2014-05-28 09:15:00,NSE:COALINDIA,393.0,394.0,378.54999,380.39999,7118340.0
2014-05-29 09:15:00,NSE:COALINDIA,379.0,383.89999,370.70001,373.54999,8459707.0
2014-05-30 09:15:00,NSE:COALINDIA,371.89999,382.35001,369.0,370.89999,4130201.0
2014-06-02 09:15:00,NSE:COALINDIA,370.89999,376.45001,366.60001,373.35001,4652528.0
2014-06-03 09:15:00,NSE:COALINDIA,376.35001,394.89999,374.04999,393.39999,8792311.0
2014-06-04 09:15:00,NSE:COALINDIA,394.0,396.0,385.5,390.35001,6610785.0
2014-06-05 09:15:00,NSE:COALINDIA,392.0,397.5,387.60001,391.95001,9603148.0
2014-06-06 09:15:00,NSE:COALINDIA,394.0,397.20001,389.0,390.64999,7053744.0
2014-06-09 09:15:00,NSE:COALINDIA,393.0,419.25,391.25,413.20001,10844180.0
2014-06-10 09:15:00,NSE:COALINDIA,416.0,423.39999,404.10001,420.39999,11167890.0
2014-06-11 09:15:00,NSE:COALINDIA,422.0,423.70001,401.5,404.29999,7166116.0
2014-06-12 09:15:00,NSE:COALINDIA,406.0,406.0,391.5,394.89999,5334343.0
2014-06-13 09:15:00,NSE:COALINDIA,397.0,405.5,386.04999,389.35001,4402493.0
2014-06-16 09:15:00,NSE:COALINDIA,389.0,393.29999,378.29999,389.35001,3627210.0
2014-06-17 09:15:00,NSE:COALINDIA,388.70001,401.85001,387.39999,400.45001,5177391.0
2014-06-18 09:15:00,NSE:COALINDIA,401.79999,403.5,390.04999,394.10001,4239276.0
2014-06-19 09:15:00,NSE:COALINDIA,396.0,398.0,383.35001,385.14999,4308309.0
2014-06-20 09:15:00,NSE:COALINDIA,381.29999,394.79999,381.0,386.35001,3825862.0
2014-06-23 09:15:00,NSE:COALINDIA,383.85001,390.0,383.29999,387.89999,1701418.0
2014-06-24 09:15:00,NSE:COALINDIA,387.0,394.95001,386.0,391.5,2885722.0
2014-06-25 09:15:00,NSE:COALINDIA,393.89999,400.25,392.39999,397.85001,3068966.0
2014-06-26 09:15:00,NSE:COALINDIA,399.10001,403.04999,386.70001,388.29999,4248179.0
2014-06-27 09:15:00,NSE:COALINDIA,390.39999,392.25,380.0,380.85001,3787517.0
2014-06-30 09:15:00,NSE:COALINDIA,383.0,386.10001,381.0,384.95001,3441503.0
2014-07-01 09:15:00,NSE:COALINDIA,388.70001,392.35001,383.60001,384.45001,4739271.0
2014-07-02 09:15:00,NSE:COALINDIA,388.0,394.35001,385.79999,393.54999,4498375.0
2014-07-03 09:15:00,NSE:COALINDIA,395.5,401.70001,393.10001,396.10001,5264060.0
2014-07-04 09:15:00,NSE:COALINDIA,397.35001,397.35001,388.25,394.14999,2548987.0
2014-07-07 09:15:00,NSE:COALINDIA,394.14999,399.79999,392.0,396.75,2867565.0
2014-07-08 09:15:00,NSE:COALINDIA,396.5,398.0,372.85001,377.39999,4326868.0
2014-07-09 09:15:00,NSE:COALINDIA,378.5,384.0,363.0,365.70001,5650039.0
2014-07-10 09:15:00,NSE:COALINDIA,366.04999,380.0,357.0,369.89999,5572244.0
2014-07-11 09:15:00,NSE:COALINDIA,373.79999,375.0,357.39999,362.70001,3400029.0
2014-07-14 09:15:00,NSE:COALINDIA,362.79999,366.60001,352.20001,358.25,2915555.0
2014-07-15 09:15:00,NSE:COALINDIA,361.0,367.54999,357.5,364.45001,4477265.0
2014-07-16 09:15:00,NSE:COALINDIA,365.5,368.85001,359.10001,365.29999,3625393.0
2014-07-17 09:15:00,NSE:COALINDIA,362.54999,377.70001,362.54999,376.70001,3299444.0
2014-07-18 09:15:00,NSE:COALINDIA,375.89999,377.0,365.75,375.60001,4824302.0
2014-07-21 09:15:00,NSE:COALINDIA,375.04999,381.45001,375.04999,378.45001,2435981.0
2014-07-22 09:15:00,NSE:COALINDIA,379.10001,388.79999,379.10001,387.54999,4662386.0
2014-07-23 09:15:00,NSE:COALINDIA,389.89999,393.5,382.5,384.79999,4292684.0
2014-07-24 09:15:00,NSE:COALINDIA,384.25,387.39999,384.0,385.25,3722152.0
2014-07-25 09:15:00,NSE:COALINDIA,384.25,386.60001,374.35001,377.0,9210428.0
2014-07-28 09:15:00,NSE:COALINDIA,377.25,377.29999,363.0,364.35001,4071310.0
2014-07-30 09:15:00,NSE:COALINDIA,365.0,368.20001,363.20001,367.29999,2970292.0
2014-07-31 09:15:00,NSE:COALINDIA,367.29999,371.75,365.5,367.70001,5715183.0
2014-08-01 09:15:00,NSE:COALINDIA,364.0,373.45001,356.10001,359.0,4885489.0
2014-08-04 09:15:00,NSE:COALINDIA,360.0,363.25,354.54999,359.45001,3099856.0
2014-08-05 09:15:00,NSE:COALINDIA,360.25,367.54999,353.5,361.10001,4498302.0
2014-08-06 09:15:00,NSE:COALINDIA,360.85001,365.85001,358.5,359.89999,2376739.0
2014-08-07 09:15:00,NSE:COALINDIA,356.29999,367.0,356.29999,363.0,2559482.0
2014-08-08 09:15:00,NSE:COALINDIA,359.39999,360.45001,351.60001,355.64999,1974951.0
2014-08-11 09:15:00,NSE:COALINDIA,358.0,360.20001,356.25,357.39999,876052.0
2014-08-12 09:15:00,NSE:COALINDIA,358.64999,366.5,358.64999,364.60001,2424914.0
2014-08-13 09:15:00,NSE:COALINDIA,367.20001,368.35001,347.10001,353.04999,3476487.0
2014-08-14 09:15:00,NSE:COALINDIA,353.0,357.20001,351.39999,356.45001,3036124.0
2014-08-18 09:15:00,NSE:COALINDIA,355.0,365.75,354.5,363.70001,2080416.0
2014-08-19 09:15:00,NSE:COALINDIA,366.0,372.0,365.20001,369.25,2420419.0
2014-08-20 09:15:00,NSE:COALINDIA,368.60001,370.60001,365.04999,366.64999,1387438.0
2014-08-21 09:15:00,NSE:COALINDIA,365.25,370.25,363.04999,364.20001,2526710.0
2014-08-22 09:15:00,NSE:COALINDIA,365.10001,365.5,356.25,357.04999,2120692.0
2014-08-25 09:15:00,NSE:COALINDIA,359.5,362.0,356.29999,358.64999,1627688.0
2014-08-26 09:15:00,NSE:COALINDIA,359.0,365.0,351.0,356.60001,3083141.0
2014-08-27 09:15:00,NSE:COALINDIA,356.70001,363.5,354.04999,358.54999,2097073.0
2014-08-28 09:15:00,NSE:COALINDIA,358.54999,360.79999,355.0,356.10001,2450725.0
2014-09-01 09:15:00,NSE:COALINDIA,357.5,366.70001,357.5,365.25,2942078.0
2014-09-02 09:15:00,NSE:COALINDIA,366.79999,368.0,361.5,363.39999,2148461.0
2014-09-03 09:15:00,NSE:COALINDIA,364.0,379.0,363.39999,376.10001,3815885.0
2014-09-04 09:15:00,NSE:COALINDIA,376.10001,382.29999,371.5,379.04999,4419097.0
2014-09-05 09:15:00,NSE:COALINDIA,378.0,379.0,367.45001,370.29999,2666350.0
2014-09-08 09:15:00,NSE:COALINDIA,364.0,375.54999,362.20001,374.70001,2372603.0
2014-09-09 09:15:00,NSE:COALINDIA,375.0,382.39999,374.0,380.64999,2653533.0
2014-09-10 09:15:00,NSE:COALINDIA,383.0,384.89999,372.10001,373.64999,3659862.0
2014-09-11 09:15:00,NSE:COALINDIA,373.39999,375.20001,360.10001,360.75,4488229.0
2014-09-12 09:15:00,NSE:COALINDIA,360.75,363.0,355.10001,357.70001,2692129.0
2014-09-15 09:15:00,NSE:COALINDIA,355.25,357.5,351.0,351.85001,1849463.0
2014-09-16 09:15:00,NSE:COALINDIA,351.20001,352.79999,342.60001,344.45001,3746048.0
2014-09-17 09:15:00,NSE:COALINDIA,344.0,349.39999,336.39999,339.35001,5056125.0
2014-09-18 09:15:00,NSE:COALINDIA,339.85001,347.5,339.35001,344.89999,2647582.0
2014-09-19 09:15:00,NSE:COALINDIA,344.95001,349.60001,342.54999,345.79999,2449184.0
2014-09-22 09:15:00,NSE:COALINDIA,342.29999,348.29999,340.75,343.0,1706520.0
2014-09-23 09:15:00,NSE:COALINDIA,345.0,345.0,333.14999,335.14999,3741412.0
2014-09-24 09:15:00,NSE:COALINDIA,335.35001,352.89999,335.25,351.35001,8121925.0
2014-09-25 09:15:00,NSE:COALINDIA,359.0,360.20001,343.45001,346.75,7173650.0
2014-09-26 09:15:00,NSE:COALINDIA,345.0,351.25,335.5,348.10001,3281595.0
2014-09-29 09:15:00,NSE:COALINDIA,346.60001,347.29999,341.10001,343.5,1695859.0
2014-09-30 09:15:00,NSE:COALINDIA,341.79999,349.75,338.5,341.35001,4288540.0
2014-10-01 09:15:00,NSE:COALINDIA,341.79999,347.54999,341.5,344.60001,3408001.0
2014-10-07 09:15:00,NSE:COALINDIA,341.20001,347.89999,339.10001,341.54999,3866590.0
2014-10-08 09:15:00,NSE:COALINDIA,338.14999,343.89999,338.14999,341.70001,2646998.0
2014-10-09 09:15:00,NSE:COALINDIA,340.0,345.5,339.45001,343.35001,2162932.0
2014-10-10 09:15:00,NSE:COALINDIA,340.25,341.35001,333.5,335.25,2372747.0
2014-10-13 09:15:00,NSE:COALINDIA,334.70001,343.0,331.35001,340.79999,2888612.0
2014-10-14 09:15:00,NSE:COALINDIA,341.0,347.5,339.5,344.20001,2210131.0
2014-10-16 09:15:00,NSE:COALINDIA,343.10001,351.29999,340.60001,348.60001,3072011.0
2014-10-17 09:15:00,NSE:COALINDIA,349.10001,354.64999,346.20001,350.64999,1801616.0
2014-10-20 09:15:00,NSE:COALINDIA,355.0,366.20001,352.54999,361.29999,2002057.0
2014-10-21 09:15:00,NSE:COALINDIA,362.0,362.0,352.0,355.04999,3201012.0
2014-10-22 09:15:00,NSE:COALINDIA,357.0,357.0,351.0,353.04999,6261947.0
2014-10-23 09:15:00,NSE:COALINDIA,355.0,356.60001,351.0,352.29999,234439.0
2014-10-27 09:15:00,NSE:COALINDIA,352.5,359.29999,347.79999,356.5,2375296.0
2014-10-28 09:15:00,NSE:COALINDIA,348.0,358.0,348.0,356.64999,1610475.0
2014-10-29 09:15:00,NSE:COALINDIA,356.85001,360.0,354.35001,358.79999,1915279.0
2014-10-30 09:15:00,NSE:COALINDIA,358.0,363.0,356.75,359.89999,2565256.0
2014-10-31 09:15:00,NSE:COALINDIA,360.0,371.95001,360.0,370.54999,2705137.0
2014-11-03 09:15:00,NSE:COALINDIA,372.0,375.0,358.0,359.20001,3332454.0
2014-11-05 09:15:00,NSE:COALINDIA,361.0,361.95001,344.79999,349.10001,6256926.0
2014-11-07 09:15:00,NSE:COALINDIA,346.0,347.85001,341.64999,344.54999,3604629.0
2014-11-10 09:15:00,NSE:COALINDIA,341.0,353.54999,339.10001,349.10001,4328207.0
2014-11-11 09:15:00,NSE:COALINDIA,352.0,352.45001,344.14999,345.60001,4602542.0
2014-11-12 09:15:00,NSE:COALINDIA,349.10001,349.60001,344.39999,345.89999,2513692.0
2014-11-13 09:15:00,NSE:COALINDIA,347.0,348.79999,345.0,347.10001,1249146.0
2014-11-14 09:15:00,NSE:COALINDIA,345.0,358.29999,345.0,356.29999,3269054.0
2014-11-17 09:15:00,NSE:COALINDIA,354.5,356.5,351.60001,354.10001,1525940.0
2014-11-18 09:15:00,NSE:COALINDIA,354.04999,359.20001,350.20001,352.60001,2309766.0
2014-11-19 09:15:00,NSE:COALINDIA,353.20001,354.89999,344.0,347.04999,2692674.0
2014-11-20 09:15:00,NSE:COALINDIA,347.20001,352.79999,344.04999,346.75,3031965.0
2014-11-21 09:15:00,NSE:COALINDIA,345.20001,348.0,343.54999,346.89999,2195792.0
2014-11-24 09:15:00,NSE:COALINDIA,347.5,349.89999,344.5,347.29999,3715247.0
2014-11-25 09:15:00,NSE:COALINDIA,346.0,349.79999,341.0,348.04999,2205505.0
2014-11-26 09:15:00,NSE:COALINDIA,347.0,351.89999,347.0,349.54999,1762676.0
2014-11-27 09:15:00,NSE:COALINDIA,347.54999,351.39999,346.20001,349.14999,2790178.0
2014-11-28 09:15:00,NSE:COALINDIA,350.10001,357.70001,346.5,355.0,2812968.0
2014-12-01 09:15:00,NSE:COALINDIA,355.0,355.29999,350.95001,353.79999,3707445.0
2014-12-02 09:15:00,NSE:COALINDIA,351.54999,358.20001,348.79999,355.75,1793479.0
2014-12-03 09:15:00,NSE:COALINDIA,355.75,359.5,353.39999,357.10001,2969992.0
2014-12-04 09:15:00,NSE:COALINDIA,357.5,358.0,351.0,355.85001,1688563.0
2014-12-05 09:15:00,NSE:COALINDIA,355.39999,359.5,355.0,356.54999,1215587.0
2014-12-08 09:15:00,NSE:COALINDIA,357.54999,367.95001,357.0,364.60001,4844333.0
2014-12-09 09:15:00,NSE:COALINDIA,363.95001,364.5,356.35001,360.95001,3800573.0
2014-12-10 09:15:00,NSE:COALINDIA,362.75,364.5,358.54999,360.04999,2148878.0
2014-12-11 09:15:00,NSE:COALINDIA,360.0,365.20001,355.14999,363.70001,2425895.0
2014-12-12 09:15:00,NSE:COALINDIA,364.0,368.79999,362.45001,364.35001,3222397.0
2014-12-15 09:15:00,NSE:COALINDIA,362.0,378.85001,360.95001,377.04999,2993299.0
2014-12-16 09:15:00,NSE:COALINDIA,376.39999,380.89999,363.75,366.75,4518753.0
2014-12-17 09:15:00,NSE:COALINDIA,365.0,371.95001,359.10001,367.25,2365837.0
2014-12-18 09:15:00,NSE:COALINDIA,370.10001,370.95001,362.5,367.54999,3216002.0
2014-12-19 09:15:00,NSE:COALINDIA,372.0,379.54999,367.0,376.0,3499013.0
2014-12-22 09:15:00,NSE:COALINDIA,378.04999,391.89999,378.04999,390.35001,3682646.0
2014-12-23 09:15:00,NSE:COALINDIA,392.39999,393.35001,381.35001,383.64999,2507930.0
2014-12-24 09:15:00,NSE:COALINDIA,384.79999,389.79999,373.54999,376.85001,5158783.0
2014-12-26 09:15:00,NSE:COALINDIA,382.39999,382.39999,376.89999,378.35001,1081330.0
2014-12-29 09:15:00,NSE:COALINDIA,378.39999,388.45001,378.39999,386.89999,1640127.0
2014-12-30 09:15:00,NSE:COALINDIA,386.89999,388.5,381.04999,382.54999,1023792.0
2014-12-31 09:15:00,NSE:COALINDIA,382.89999,389.0,379.20001,383.85001,1432057.0
2015-01-01 09:15:00,NSE:COALINDIA,383.0,383.45001,378.54999,380.04999,540225.0
2015-01-02 09:15:00,NSE:COALINDIA,380.5,386.60001,379.95001,381.75,969551.0
2015-01-05 09:15:00,NSE:COALINDIA,381.0,386.0,377.0,380.25,1857013.0
2015-01-06 09:15:00,NSE:COALINDIA,374.0,382.10001,373.70001,379.95001,4644316.0
2015-01-07 09:15:00,NSE:COALINDIA,380.0,384.45001,372.54999,374.70001,2628276.0
2015-01-08 09:15:00,NSE:COALINDIA,384.70001,385.0,377.29999,379.45001,1779075.0
2015-01-09 09:15:00,NSE:COALINDIA,382.0,383.0,372.89999,375.04999,1442177.0
2015-01-12 09:15:00,NSE:COALINDIA,374.89999,374.89999,356.0,357.85001,3794388.0
2015-01-13 09:15:00,NSE:COALINDIA,358.5,362.39999,358.04999,361.20001,1654914.0
2015-01-14 09:15:00,NSE:COALINDIA,363.89999,364.89999,360.29999,363.20001,1186130.0
2015-01-15 09:15:00,NSE:COALINDIA,368.0,371.75,362.10001,368.45001,2278050.0
2015-01-16 09:15:00,NSE:COALINDIA,367.25,380.60001,364.39999,379.04999,2086327.0
2015-01-19 09:15:00,NSE:COALINDIA,379.0,383.89999,374.10001,379.20001,1720402.0
2015-01-20 09:15:00,NSE:COALINDIA,384.64999,384.64999,378.89999,382.29999,1371798.0
2015-01-21 09:15:00,NSE:COALINDIA,382.60001,393.5,381.04999,391.85001,2579948.0
2015-01-22 09:15:00,NSE:COALINDIA,394.60001,397.60001,391.04999,396.39999,1632779.0
2015-01-23 09:15:00,NSE:COALINDIA,398.0,400.0,390.60001,394.70001,1892706.0
2015-01-27 09:15:00,NSE:COALINDIA,391.89999,394.70001,379.0,382.64999,2619631.0
2015-01-28 09:15:00,NSE:COALINDIA,382.39999,388.70001,380.5,383.79999,2589117.0
2015-01-29 09:15:00,NSE:COALINDIA,365.0,379.70001,364.20001,374.95001,11218810.0
2015-01-30 09:15:00,NSE:COALINDIA,362.0,364.20001,360.04999,360.85001,14790370.0
2015-02-02 09:15:00,NSE:COALINDIA,354.25,357.0,350.14999,355.10001,25950720.0
2015-02-03 09:15:00,NSE:COALINDIA,355.04999,359.95001,353.60001,356.64999,7690620.0
2015-02-04 09:15:00,NSE:COALINDIA,357.20001,368.79999,357.10001,366.04999,15177660.0
2015-02-05 09:15:00,NSE:COALINDIA,366.39999,374.95001,366.25,369.89999,9382752.0
2015-02-06 09:15:00,NSE:COALINDIA,369.0,370.25,359.10001,364.0,3576894.0
2015-02-09 09:15:00,NSE:COALINDIA,360.95001,362.39999,358.0,360.64999,2498414.0
2015-02-10 09:15:00,NSE:COALINDIA,358.04999,369.0,358.04999,368.14999,5296191.0
2015-02-11 09:15:00,NSE:COALINDIA,369.0,376.89999,369.0,372.10001,27184800.0
2015-02-12 09:15:00,NSE:COALINDIA,372.35001,374.70001,365.0,368.75,4759855.0
2015-02-13 09:15:00,NSE:COALINDIA,363.29999,379.89999,363.0,377.85001,16984220.0
2015-02-16 09:15:00,NSE:COALINDIA,377.64999,383.85001,375.10001,377.04999,4307836.0
2015-02-18 09:15:00,NSE:COALINDIA,377.60001,384.70001,377.10001,380.35001,5508230.0
2015-02-19 09:15:00,NSE:COALINDIA,380.45001,390.0,375.85001,383.95001,6011878.0
2015-02-20 09:15:00,NSE:COALINDIA,381.60001,385.0,377.29999,382.75,5970211.0
2015-02-23 09:15:00,NSE:COALINDIA,384.85001,386.79999,382.20001,384.20001,4701758.0
2015-02-24 09:15:00,NSE:COALINDIA,387.0,390.25,382.79999,384.20001,4510109.0
2015-02-25 09:15:00,NSE:COALINDIA,387.79999,389.79999,383.85001,386.60001,3296025.0
2015-02-26 09:15:00,NSE:COALINDIA,385.54999,386.95001,378.5,384.35001,10641810.0
2015-02-27 09:15:00,NSE:COALINDIA,386.39999,398.0,384.95001,395.25,24773100.0
2015-02-28 09:15:00,NSE:COALINDIA,398.0,398.89999,390.25,393.95001,3959215.0
2015-03-02 09:15:00,NSE:COALINDIA,394.79999,398.20001,386.10001,394.75,8425861.0
2015-03-03 09:15:00,NSE:COALINDIA,373.5,382.0,373.0,379.64999,5328335.0
2015-03-04 09:15:00,NSE:COALINDIA,382.0,382.0,370.0,371.54999,4497793.0
2015-03-05 09:15:00,NSE:COALINDIA,372.0,375.20001,362.0,363.95001,4971903.0
2015-03-09 09:15:00,NSE:COALINDIA,361.89999,369.14999,356.10001,357.29999,4555473.0
2015-03-10 09:15:00,NSE:COALINDIA,359.0,371.79999,358.14999,370.70001,4533632.0
2015-03-11 09:15:00,NSE:COALINDIA,369.0,370.70001,366.0,369.29999,3136497.0
2015-03-12 09:15:00,NSE:COALINDIA,369.85001,372.25,363.0,364.70001,2979075.0
2015-03-13 09:15:00,NSE:COALINDIA,366.95001,369.5,363.5,365.10001,2770431.0
2015-03-16 09:15:00,NSE:COALINDIA,367.0,367.0,361.04999,364.39999,2446877.0
2015-03-17 09:15:00,NSE:COALINDIA,368.0,368.39999,359.64999,361.79999,2003857.0
2015-03-18 09:15:00,NSE:COALINDIA,362.20001,365.75,361.04999,364.54999,1296884.0
2015-03-19 09:15:00,NSE:COALINDIA,366.5,369.5,363.0,365.35001,2412424.0
2015-03-20 09:15:00,NSE:COALINDIA,365.95001,371.0,363.60001,368.25,2118984.0
2015-03-23 09:15:00,NSE:COALINDIA,368.0,370.35001,363.10001,369.0,2544068.0
2015-03-24 09:15:00,NSE:COALINDIA,367.54999,373.0,366.54999,370.04999,1960112.0
2015-03-25 09:15:00,NSE:COALINDIA,371.39999,371.39999,360.10001,361.79999,1851588.0
2015-03-26 09:15:00,NSE:COALINDIA,358.85001,360.0,350.0,352.29999,3834991.0
2015-03-27 09:15:00,NSE:COALINDIA,353.14999,354.45001,346.39999,348.0,2344094.0
2015-03-30 09:15:00,NSE:COALINDIA,350.95001,359.95001,346.64999,359.29999,2451097.0
2015-03-31 09:15:00,NSE:COALINDIA,360.0,365.95001,359.54999,362.89999,3477225.0
2015-04-01 09:15:00,NSE:COALINDIA,362.89999,364.25,358.0,363.0,1428949.0
2015-04-06 09:15:00,NSE:COALINDIA,364.04999,364.60001,358.70001,360.75,1248881.0
2015-04-07 09:15:00,NSE:COALINDIA,360.75,362.39999,356.39999,359.60001,1859700.0
2015-04-08 09:15:00,NSE:COALINDIA,365.25,382.70001,365.10001,380.35001,6874570.0
2015-04-09 09:15:00,NSE:COALINDIA,383.35001,389.39999,378.89999,386.95001,3309241.0
2015-04-10 09:15:00,NSE:COALINDIA,383.95001,390.20001,383.89999,389.0,3579563.0
2015-04-13 09:15:00,NSE:COALINDIA,389.39999,395.70001,383.79999,392.35001,2909461.0
2015-04-15 09:15:00,NSE:COALINDIA,391.70001,391.70001,384.0,385.95001,4149634.0
2015-04-16 09:15:00,NSE:COALINDIA,385.95001,386.04999,381.60001,383.64999,2034424.0
2015-04-17 09:15:00,NSE:COALINDIA,382.04999,385.14999,379.04999,380.39999,2106426.0
2015-04-20 09:15:00,NSE:COALINDIA,381.85001,382.75,370.54999,372.04999,3400318.0
2015-04-21 09:15:00,NSE:COALINDIA,372.04999,378.70001,372.04999,374.39999,1820148.0
2015-04-22 09:15:00,NSE:COALINDIA,374.25,380.89999,373.45001,379.20001,2165103.0
2015-04-23 09:15:00,NSE:COALINDIA,382.0,385.89999,380.89999,384.25,2812629.0
2015-04-24 09:15:00,NSE:COALINDIA,384.0,384.85001,374.14999,376.25,2896474.0
2015-04-27 09:15:00,NSE:COALINDIA,377.29999,380.0,370.70001,377.64999,2202533.0
2015-04-28 09:15:00,NSE:COALINDIA,377.0,378.0,370.79999,372.39999,3455021.0
2015-04-29 09:15:00,NSE:COALINDIA,371.0,375.04999,369.64999,370.95001,2453973.0
2015-04-30 09:15:00,NSE:COALINDIA,368.20001,370.39999,359.20001,362.75,4879254.0
2015-05-04 09:15:00,NSE:COALINDIA,366.0,371.39999,363.10001,369.79999,1970167.0
2015-05-05 09:15:00,NSE:COALINDIA,368.89999,368.89999,361.5,364.39999,2200905.0
2015-05-06 09:15:00,NSE:COALINDIA,362.14999,364.0,352.14999,353.10001,3280440.0
2015-05-07 09:15:00,NSE:COALINDIA,353.79999,362.10001,352.5,360.79999,2921296.0
2015-05-08 09:15:00,NSE:COALINDIA,362.29999,365.95001,358.39999,363.70001,2285680.0
2015-05-11 09:15:00,NSE:COALINDIA,365.0,374.89999,365.0,371.95001,3000387.0
2015-05-12 09:15:00,NSE:COALINDIA,373.95001,376.60001,367.0,369.20001,4880073.0
2015-05-13 09:15:00,NSE:COALINDIA,370.20001,372.64999,365.0,368.95001,2227226.0
2015-05-14 09:15:00,NSE:COALINDIA,368.95001,371.5,363.60001,370.20001,2518413.0
2015-05-15 09:15:00,NSE:COALINDIA,370.95001,371.29999,364.60001,366.89999,2370660.0
2015-05-18 09:15:00,NSE:COALINDIA,367.85001,368.85001,364.20001,366.10001,1902932.0
2015-05-19 09:15:00,NSE:COALINDIA,366.0,366.39999,362.79999,363.64999,3367308.0
2015-05-20 09:15:00,NSE:COALINDIA,364.10001,365.20001,359.39999,361.35001,3619042.0
2015-05-21 09:15:00,NSE:COALINDIA,363.5,374.89999,363.5,373.70001,3494856.0
2015-05-22 09:15:00,NSE:COALINDIA,376.45001,376.54999,369.20001,374.75,1724948.0
2015-05-25 09:15:00,NSE:COALINDIA,374.0,376.60001,366.60001,369.89999,1558758.0
2015-05-26 09:15:00,NSE:COALINDIA,369.0,376.39999,367.85001,375.0,1825840.0
2015-05-27 09:15:00,NSE:COALINDIA,373.89999,384.0,372.0,383.04999,2478570.0
2015-05-28 09:15:00,NSE:COALINDIA,382.95001,388.0,377.39999,383.35001,3353352.0
2015-05-29 09:15:00,NSE:COALINDIA,381.95001,393.75,380.95001,391.04999,6003508.0
2015-06-01 09:15:00,NSE:COALINDIA,392.0,396.45001,390.0,391.79999,2859251.0
2015-06-02 09:15:00,NSE:COALINDIA,392.0,393.45001,382.5,383.5,2191899.0
2015-06-03 09:15:00,NSE:COALINDIA,382.0,392.70001,381.39999,387.25,4210717.0
2015-06-04 09:15:00,NSE:COALINDIA,387.0,390.89999,383.25,388.54999,2843287.0
2015-06-05 09:15:00,NSE:COALINDIA,392.04999,409.75,392.04999,405.35001,9218970.0
2015-06-08 09:15:00,NSE:COALINDIA,406.35001,413.95001,399.39999,400.95001,6610246.0
2015-06-09 09:15:00,NSE:COALINDIA,398.95001,404.0,395.14999,401.29999,3662673.0
2015-06-10 09:15:00,NSE:COALINDIA,401.70001,406.79999,401.25,404.89999,4448352.0
2015-06-11 09:15:00,NSE:COALINDIA,406.29999,409.0,399.0,400.10001,3080462.0
2015-06-12 09:15:00,NSE:COALINDIA,400.10001,401.0,393.60001,396.10001,3609449.0
2015-06-15 09:15:00,NSE:COALINDIA,397.85001,399.0,391.95001,394.29999,4389850.0
2015-06-16 09:15:00,NSE:COALINDIA,395.0,398.5,393.39999,397.35001,5719136.0
2015-06-17 09:15:00,NSE:COALINDIA,399.0,402.70001,396.75,398.10001,4690179.0
2015-06-18 09:15:00,NSE:COALINDIA,402.29999,402.29999,392.60001,394.54999,2862686.0
2015-06-19 09:15:00,NSE:COALINDIA,397.0,399.29999,391.60001,393.64999,2788874.0
2015-06-22 09:15:00,NSE:COALINDIA,395.54999,403.79999,395.54999,399.70001,3765670.0
2015-06-23 09:15:00,NSE:COALINDIA,400.39999,419.75,399.70001,415.39999,6294096.0
2015-06-24 09:15:00,NSE:COALINDIA,418.89999,421.5,408.75,412.29999,5522329.0
2015-06-25 09:15:00,NSE:COALINDIA,410.89999,414.10001,409.04999,411.35001,6149596.0
2015-06-26 09:15:00,NSE:COALINDIA,411.39999,416.0,408.0,411.39999,2521061.0
2015-06-29 09:15:00,NSE:COALINDIA,408.75,414.25,399.39999,407.70001,2017827.0
2015-06-30 09:15:00,NSE:COALINDIA,409.79999,422.60001,409.45001,421.25,9240034.0
2015-07-01 09:15:00,NSE:COALINDIA,422.54999,429.29999,422.0,425.5,7247029.0
2015-07-02 09:15:00,NSE:COALINDIA,426.45001,427.45001,419.5,424.04999,4018078.0
2015-07-03 09:15:00,NSE:COALINDIA,424.04999,424.5,415.0,417.5,2469598.0
2015-07-06 09:15:00,NSE:COALINDIA,415.0,422.60001,413.70001,419.75,4931673.0
2015-07-07 09:15:00,NSE:COALINDIA,420.75,430.70001,419.20001,428.89999,5529091.0
2015-07-08 09:15:00,NSE:COALINDIA,427.25,427.79999,414.5,417.14999,5123404.0
2015-07-09 09:15:00,NSE:COALINDIA,420.0,422.70001,416.45001,417.14999,2934615.0
2015-07-10 09:15:00,NSE:COALINDIA,421.0,425.0,418.70001,419.95001,3748152.0
2015-07-13 09:15:00,NSE:COALINDIA,421.95001,422.0,416.10001,419.95001,2023481.0
2015-07-14 09:15:00,NSE:COALINDIA,421.39999,435.45001,420.10001,434.14999,6061876.0
2015-07-15 09:15:00,NSE:COALINDIA,439.0,440.79999,435.60001,436.64999,3890009.0
2015-07-16 09:15:00,NSE:COALINDIA,438.39999,441.20001,437.0,438.29999,2685433.0
2015-07-17 09:15:00,NSE:COALINDIA,438.39999,438.45001,429.0,430.14999,1939162.0
2015-07-20 09:15:00,NSE:COALINDIA,432.0,432.0,423.89999,425.45001,3351240.0
2015-07-21 09:15:00,NSE:COALINDIA,428.75,432.5,424.25,428.64999,3572121.0
2015-07-22 09:15:00,NSE:COALINDIA,426.25,433.64999,426.25,432.35001,3028536.0
2015-07-23 09:15:00,NSE:COALINDIA,434.60001,437.0,430.20001,431.5,3970346.0
2015-07-24 09:15:00,NSE:COALINDIA,430.5,434.79999,425.0,426.04999,4240548.0
2015-07-27 09:15:00,NSE:COALINDIA,426.45001,426.64999,419.75,423.60001,6244014.0
2015-07-28 09:15:00,NSE:COALINDIA,424.95001,427.45001,417.5,420.85001,4224368.0
2015-07-29 09:15:00,NSE:COALINDIA,421.29999,424.0,418.20001,420.14999,5348695.0
2015-07-30 09:15:00,NSE:COALINDIA,421.64999,424.0,417.20001,420.35001,7044484.0
2015-07-31 09:15:00,NSE:COALINDIA,425.5,442.79999,424.20001,439.04999,5559406.0
2015-08-03 09:15:00,NSE:COALINDIA,441.0,442.45001,428.60001,431.70001,2794167.0
2015-08-04 09:15:00,NSE:COALINDIA,435.0,444.5,431.20001,443.39999,4990892.0
2015-08-05 09:15:00,NSE:COALINDIA,445.0,447.10001,436.60001,438.5,3410332.0
2015-08-06 09:15:00,NSE:COALINDIA,437.04999,439.89999,430.45001,431.39999,4162278.0
2015-08-07 09:15:00,NSE:COALINDIA,430.79999,434.10001,412.14999,414.70001,7480783.0
2015-08-10 09:15:00,NSE:COALINDIA,417.89999,418.04999,405.75,407.95001,5571855.0
2015-08-11 09:15:00,NSE:COALINDIA,409.5,410.0,390.35001,392.70001,8619915.0
2015-08-12 09:15:00,NSE:COALINDIA,394.79999,394.79999,362.20001,371.39999,14392540.0
2015-08-13 09:15:00,NSE:COALINDIA,371.89999,378.89999,365.0,377.04999,7986914.0
2015-08-14 09:15:00,NSE:COALINDIA,377.0,381.89999,373.5,377.54999,2980717.0
2015-08-17 09:15:00,NSE:COALINDIA,379.95001,381.79999,374.39999,379.85001,2719119.0
2015-08-18 09:15:00,NSE:COALINDIA,380.60001,383.60001,359.60001,364.14999,7856857.0
2015-08-19 09:15:00,NSE:COALINDIA,363.60001,365.39999,354.5,355.64999,4342672.0
2015-08-20 09:15:00,NSE:COALINDIA,356.04999,361.29999,348.25,349.85001,4973865.0
2015-08-21 09:15:00,NSE:COALINDIA,347.89999,353.04999,345.5,348.64999,3733692.0
2015-08-24 09:15:00,NSE:COALINDIA,340.0,343.89999,332.45001,336.60001,9826523.0
2015-08-25 09:15:00,NSE:COALINDIA,341.10001,355.0,340.54999,353.60001,8086602.0
2015-08-26 09:15:00,NSE:COALINDIA,352.70001,362.75,349.70001,358.14999,4958051.0
2015-08-27 09:15:00,NSE:COALINDIA,362.89999,366.39999,354.85001,361.85001,11449980.0
2015-08-28 09:15:00,NSE:COALINDIA,367.0,367.0,354.70001,357.54999,4320791.0
2015-08-31 09:15:00,NSE:COALINDIA,355.95001,367.95001,351.29999,366.35001,4502846.0
2015-09-01 09:15:00,NSE:COALINDIA,362.0,365.5,346.25,354.70001,3454778.0
2015-09-02 09:15:00,NSE:COALINDIA,357.0,359.20001,342.04999,344.35001,4050972.0
2015-09-03 09:15:00,NSE:COALINDIA,346.25,351.45001,339.60001,345.29999,3216240.0
2015-09-04 09:15:00,NSE:COALINDIA,345.0,349.29999,338.0,347.5,3506413.0
2015-09-07 09:15:00,NSE:COALINDIA,351.89999,351.89999,336.0,337.45001,3456022.0
2015-09-08 09:15:00,NSE:COALINDIA,338.0,340.5,335.0,337.35001,5328867.0
2015-09-09 09:15:00,NSE:COALINDIA,343.79999,343.79999,337.5,338.95001,6479310.0
2015-09-10 09:15:00,NSE:COALINDIA,336.79999,340.5,334.10001,338.35001,3799294.0
2015-09-11 09:15:00,NSE:COALINDIA,340.0,340.70001,333.0,333.85001,1813830.0
2015-09-14 09:15:00,NSE:COALINDIA,335.0,340.45001,331.04999,339.29999,2800185.0
2015-09-15 09:15:00,NSE:COALINDIA,340.0,340.70001,336.14999,338.04999,3505826.0
2015-09-16 09:15:00,NSE:COALINDIA,339.89999,340.60001,336.20001,337.45001,8157111.0
2015-09-18 09:15:00,NSE:COALINDIA,341.0,345.0,338.39999,343.35001,6337365.0
2015-09-21 09:15:00,NSE:COALINDIA,342.0,343.5,338.5,342.20001,3328761.0
2015-09-22 09:15:00,NSE:COALINDIA,344.0,344.75,322.25,323.60001,3776365.0
2015-09-23 09:15:00,NSE:COALINDIA,321.0,330.0,317.60001,327.79999,3327509.0
2015-09-24 09:15:00,NSE:COALINDIA,327.29999,328.10001,316.0,318.39999,5936377.0
2015-09-28 09:15:00,NSE:COALINDIA,321.5,321.5,307.54999,308.85001,7962444.0
2015-09-29 09:15:00,NSE:COALINDIA,306.85001,317.20001,300.79999,315.39999,7414233.0
2015-09-30 09:15:00,NSE:COALINDIA,318.0,329.10001,316.20001,327.60001,7806132.0
2015-10-01 09:15:00,NSE:COALINDIA,329.54999,330.35001,324.5,328.35001,2815897.0
2015-10-05 09:15:00,NSE:COALINDIA,330.0,333.20001,323.70001,329.75,3601833.0
2015-10-06 09:15:00,NSE:COALINDIA,333.0,344.04999,329.20001,342.70001,4666670.0
2015-10-07 09:15:00,NSE:COALINDIA,342.95001,348.89999,339.60001,346.25,3319321.0
2015-10-08 09:15:00,NSE:COALINDIA,346.39999,348.70001,343.35001,346.20001,2394780.0
2015-10-09 09:15:00,NSE:COALINDIA,348.0,348.75,334.54999,335.85001,3407835.0
2015-10-12 09:15:00,NSE:COALINDIA,337.0,340.0,332.0,334.39999,2260848.0
2015-10-13 09:15:00,NSE:COALINDIA,332.0,341.79999,331.5,340.35001,1960525.0
2015-10-14 09:15:00,NSE:COALINDIA,339.89999,339.89999,334.10001,334.75,1985322.0
2015-10-15 09:15:00,NSE:COALINDIA,336.25,343.39999,333.0,341.39999,2765986.0
2015-10-16 09:15:00,NSE:COALINDIA,342.70001,342.79999,335.25,338.60001,2787049.0
2015-10-19 09:15:00,NSE:COALINDIA,338.60001,340.39999,335.60001,337.79999,1741503.0
2015-10-20 09:15:00,NSE:COALINDIA,338.0,338.5,334.0,334.95001,1736696.0
2015-10-21 09:15:00,NSE:COALINDIA,335.10001,339.70001,333.85001,337.25,7302126.0
2015-10-23 09:15:00,NSE:COALINDIA,340.0,343.79999,338.5,341.89999,2219876.0
2015-10-26 09:15:00,NSE:COALINDIA,344.39999,344.70001,332.10001,333.39999,3866037.0
2015-10-27 09:15:00,NSE:COALINDIA,333.5,335.10001,328.10001,332.29999,3829306.0
2015-10-28 09:15:00,NSE:COALINDIA,330.79999,335.0,327.20001,330.20001,3432045.0
2015-10-29 09:15:00,NSE:COALINDIA,330.14999,332.0,320.75,321.79999,7634777.0
2015-10-30 09:15:00,NSE:COALINDIA,321.10001,326.5,318.75,319.89999,3556422.0
2015-11-02 09:15:00,NSE:COALINDIA,320.0,326.0,316.54999,325.0,2024779.0
2015-11-03 09:15:00,NSE:COALINDIA,326.89999,327.95001,324.79999,325.85001,1681515.0
2015-11-04 09:15:00,NSE:COALINDIA,327.10001,331.35001,325.14999,330.45001,2142185.0
2015-11-05 09:15:00,NSE:COALINDIA,330.89999,339.45001,328.35001,337.10001,3740920.0
2015-11-06 09:15:00,NSE:COALINDIA,338.79999,345.0,333.0,342.20001,3849776.0
2015-11-09 09:15:00,NSE:COALINDIA,335.0,341.0,332.5,339.60001,2613167.0
2015-11-10 09:15:00,NSE:COALINDIA,336.60001,337.75,323.5,326.04999,2215348.0
2015-11-11 09:15:00,NSE:COALINDIA,330.0,333.0,327.25,328.25,330587.0
2015-11-13 09:15:00,NSE:COALINDIA,331.10001,341.5,328.95001,337.70001,6657788.0
2015-11-16 09:15:00,NSE:COALINDIA,334.45001,336.95001,326.64999,330.75,4014192.0
2015-11-17 09:15:00,NSE:COALINDIA,331.0,334.5,330.04999,332.35001,1859904.0
2015-11-18 09:15:00,NSE:COALINDIA,333.10001,339.60001,327.75,335.04999,6900525.0
2015-11-19 09:15:00,NSE:COALINDIA,335.5,336.70001,330.04999,333.70001,3658468.0
2015-11-20 09:15:00,NSE:COALINDIA,333.70001,337.60001,331.89999,333.29999,1647969.0
2015-11-23 09:15:00,NSE:COALINDIA,334.0,334.0,330.64999,332.20001,2979816.0
2015-11-24 09:15:00,NSE:COALINDIA,332.79999,336.5,330.70001,332.39999,4012527.0
2015-11-26 09:15:00,NSE:COALINDIA,331.95001,341.54999,331.64999,335.79999,5909688.0
2015-11-27 09:15:00,NSE:COALINDIA,337.45001,338.75,334.25,336.5,2109945.0
2015-11-30 09:15:00,NSE:COALINDIA,335.89999,337.25,329.54999,330.54999,4387003.0
2015-12-01 09:15:00,NSE:COALINDIA,331.10001,343.0,331.10001,341.54999,3623167.0
2015-12-02 09:15:00,NSE:COALINDIA,344.39999,346.54999,337.5,338.35001,2168133.0
2015-12-03 09:15:00,NSE:COALINDIA,337.5,341.0,334.20001,334.79999,1780516.0
2015-12-04 09:15:00,NSE:COALINDIA,334.0,338.64999,332.0,335.25,2023873.0
2015-12-07 09:15:00,NSE:COALINDIA,336.14999,338.0,325.5,327.54999,2915052.0
2015-12-08 09:15:00,NSE:COALINDIA,324.89999,327.0,316.85001,318.0,3247712.0
2015-12-09 09:15:00,NSE:COALINDIA,316.0,324.0,306.0,307.60001,3961414.0
2015-12-10 09:15:00,NSE:COALINDIA,309.79999,312.20001,307.85001,310.95001,3494488.0
2015-12-11 09:15:00,NSE:COALINDIA,311.04999,312.0,306.25,307.75,1918941.0
2015-12-14 09:15:00,NSE:COALINDIA,306.0,317.64999,305.0,316.14999,2456429.0
2015-12-15 09:15:00,NSE:COALINDIA,318.39999,318.45001,312.54999,314.54999,1937912.0
2015-12-16 09:15:00,NSE:COALINDIA,316.89999,319.39999,312.0,316.79999,2194038.0
2015-12-17 09:15:00,NSE:COALINDIA,316.5,318.75,313.60001,316.04999,4540387.0
2015-12-18 09:15:00,NSE:COALINDIA,316.54999,318.75,314.5,316.35001,3328948.0
2015-12-21 09:15:00,NSE:COALINDIA,316.35001,324.25,316.0,319.29999,2328659.0
2015-12-22 09:15:00,NSE:COALINDIA,319.45001,321.89999,316.5,319.10001,1619130.0
2015-12-23 09:15:00,NSE:COALINDIA,320.5,323.79999,319.45001,322.5,1438759.0
2015-12-24 09:15:00,NSE:COALINDIA,325.64999,328.39999,321.39999,322.29999,1548582.0
2015-12-28 09:15:00,NSE:COALINDIA,322.95001,326.85001,322.10001,325.5,2159124.0
2015-12-29 09:15:00,NSE:COALINDIA,325.54999,326.5,319.60001,321.75,2318395.0
2015-12-30 09:15:00,NSE:COALINDIA,322.0,324.95001,320.29999,322.10001,2583837.0
2015-12-31 09:15:00,NSE:COALINDIA,323.0,332.0,323.0,329.79999,4739203.0
2016-01-01 09:15:00,NSE:COALINDIA,330.0,335.0,325.29999,334.04999,1001091.0
2016-01-04 09:15:00,NSE:COALINDIA,332.95001,337.10001,327.5,330.20001,1402242.0
2016-01-05 09:15:00,NSE:COALINDIA,332.89999,332.89999,324.29999,325.79999,3789711.0
2016-01-06 09:15:00,NSE:COALINDIA,325.20001,331.0,324.5,327.89999,3950971.0
2016-01-07 09:15:00,NSE:COALINDIA,326.79999,329.75,324.25,326.39999,2845034.0
2016-01-08 09:15:00,NSE:COALINDIA,328.0,329.5,317.0,321.10001,3587538.0
2016-01-11 09:15:00,NSE:COALINDIA,319.0,319.0,311.0,315.95001,3136079.0
2016-01-12 09:15:00,NSE:COALINDIA,315.95001,317.70001,312.20001,316.0,2704456.0
2016-01-13 09:15:00,NSE:COALINDIA,318.0,320.5,313.39999,317.29999,1860750.0
2016-01-14 09:15:00,NSE:COALINDIA,314.14999,321.85001,310.60001,318.64999,1469470.0
2016-01-15 09:15:00,NSE:COALINDIA,319.89999,321.0,317.20001,318.54999,1925285.0
2016-01-18 09:15:00,NSE:COALINDIA,315.5,323.10001,309.39999,310.85001,1736472.0
2016-01-19 09:15:00,NSE:COALINDIA,311.10001,312.0,302.0,308.85001,3268371.0
2016-01-20 09:15:00,NSE:COALINDIA,305.79999,316.54999,292.0,298.14999,3609992.0
2016-01-21 09:15:00,NSE:COALINDIA,302.10001,302.14999,286.5,288.20001,4600455.0
2016-01-22 09:15:00,NSE:COALINDIA,291.0,302.60001,289.20001,299.45001,8008963.0
2016-01-25 09:15:00,NSE:COALINDIA,302.0,306.29999,299.45001,304.89999,3162445.0
2016-01-27 09:15:00,NSE:COALINDIA,304.70001,305.5,298.10001,304.04999,3860574.0
2016-01-28 09:15:00,NSE:COALINDIA,302.5,313.75,301.10001,306.60001,8121506.0
2016-01-29 09:15:00,NSE:COALINDIA,305.95001,324.5,305.10001,319.95001,4782044.0
2016-02-01 09:15:00,NSE:COALINDIA,321.70001,330.0,311.64999,328.54999,3208370.0
2016-02-02 09:15:00,NSE:COALINDIA,327.5,332.60001,316.5,318.95001,3045611.0
2016-02-03 09:15:00,NSE:COALINDIA,317.0,324.29999,314.79999,317.25,4106124.0
2016-02-04 09:15:00,NSE:COALINDIA,317.95001,323.39999,317.85001,322.5,3572599.0
2016-02-05 09:15:00,NSE:COALINDIA,323.39999,337.20001,318.0,326.25,6271759.0
2016-02-08 09:15:00,NSE:COALINDIA,327.0,329.75,321.79999,323.35001,2378719.0
2016-02-09 09:15:00,NSE:COALINDIA,320.39999,323.0,308.04999,309.25,3673347.0
2016-02-10 09:15:00,NSE:COALINDIA,305.10001,316.25,302.10001,313.75,3126063.0
2016-02-11 09:15:00,NSE:COALINDIA,311.89999,313.75,295.75,305.10001,4387964.0
2016-02-12 09:15:00,NSE:COALINDIA,309.10001,311.10001,300.5,302.85001,4767172.0
2016-02-15 09:15:00,NSE:COALINDIA,307.54999,330.75,306.39999,324.25,5228881.0
2016-02-16 09:15:00,NSE:COALINDIA,326.0,326.70001,313.5,317.89999,2434947.0
2016-02-17 09:15:00,NSE:COALINDIA,318.04999,319.0,306.5,312.79999,2497160.0
2016-02-18 09:15:00,NSE:COALINDIA,314.79999,319.10001,314.0,317.60001,1809851.0
2016-02-19 09:15:00,NSE:COALINDIA,316.0,316.95001,310.10001,312.25,3183958.0
2016-02-22 09:15:00,NSE:COALINDIA,312.60001,316.0,310.20001,313.89999,2820180.0
2016-02-23 09:15:00,NSE:COALINDIA,313.89999,314.0,299.70001,301.10001,3468668.0
2016-02-24 09:15:00,NSE:COALINDIA,300.95001,300.95001,292.70001,295.25,2928473.0
2016-02-25 09:15:00,NSE:COALINDIA,296.0,307.89999,295.20001,299.39999,14688970.0
2016-02-26 09:15:00,NSE:COALINDIA,302.04999,312.85001,301.5,311.45001,6359697.0
2016-02-29 09:15:00,NSE:COALINDIA,317.0,317.70001,306.25,311.0,6433602.0
2016-03-01 09:15:00,NSE:COALINDIA,311.70001,318.85001,309.54999,317.85001,3958446.0
2016-03-02 09:15:00,NSE:COALINDIA,318.0,320.0,309.89999,311.0,4195722.0
2016-03-03 09:15:00,NSE:COALINDIA,314.79999,317.04999,310.0,314.10001,4070260.0
2016-03-04 09:15:00,NSE:COALINDIA,315.10001,327.5,314.54999,325.14999,6405159.0
2016-03-08 09:15:00,NSE:COALINDIA,332.0,333.0,322.35001,324.04999,13626480.0
2016-03-09 09:15:00,NSE:COALINDIA,324.0,326.10001,322.0,322.5,6614341.0
2016-03-10 09:15:00,NSE:COALINDIA,325.0,326.10001,320.10001,321.70001,8652210.0
2016-03-11 09:15:00,NSE:COALINDIA,323.0,325.64999,316.70001,318.89999,11276460.0
2016-03-14 09:15:00,NSE:COALINDIA,292.89999,299.0,292.0,296.70001,9036862.0
2016-03-15 09:15:00,NSE:COALINDIA,298.60001,298.70001,295.20001,295.64999,4471379.0
2016-03-16 09:15:00,NSE:COALINDIA,296.39999,296.89999,293.5,295.64999,3600579.0
2016-03-17 09:15:00,NSE:COALINDIA,297.20001,298.20001,293.45001,294.25,3428625.0
2016-03-18 09:15:00,NSE:COALINDIA,296.0,298.79999,293.79999,297.75,4585864.0
2016-03-21 09:15:00,NSE:COALINDIA,297.25,298.5,295.0,296.60001,2804720.0
2016-03-22 09:15:00,NSE:COALINDIA,296.5,299.70001,293.54999,294.39999,5604065.0
2016-03-23 09:15:00,NSE:COALINDIA,295.95001,298.5,294.89999,298.0,2712299.0
2016-03-28 09:15:00,NSE:COALINDIA,298.5,298.5,292.20001,293.5,4199915.0
2016-03-29 09:15:00,NSE:COALINDIA,293.95001,297.39999,293.04999,295.14999,2231442.0
2016-03-30 09:15:00,NSE:COALINDIA,295.60001,297.54999,295.39999,296.85001,3076806.0
2016-03-31 09:15:00,NSE:COALINDIA,297.85001,297.85001,291.0,291.95001,8788685.0
2016-04-01 09:15:00,NSE:COALINDIA,292.0,293.75,285.64999,287.0,4021684.0
2016-04-04 09:15:00,NSE:COALINDIA,288.39999,288.95001,284.0,285.0,3745464.0
2016-04-05 09:15:00,NSE:COALINDIA,284.5,284.95001,274.10001,275.25,4975193.0
2016-04-06 09:15:00,NSE:COALINDIA,276.0,279.89999,274.0,275.60001,6518559.0
2016-04-07 09:15:00,NSE:COALINDIA,277.20001,281.75,276.29999,281.25,3137807.0
2016-04-08 09:15:00,NSE:COALINDIA,281.75,283.0,278.39999,279.60001,3567115.0
2016-04-11 09:15:00,NSE:COALINDIA,280.20001,282.60001,277.20001,280.45001,6696441.0
2016-04-12 09:15:00,NSE:COALINDIA,280.45001,280.5,271.64999,274.39999,9281615.0
2016-04-13 09:15:00,NSE:COALINDIA,276.25,278.29999,275.0,277.45001,9314286.0
2016-04-18 09:15:00,NSE:COALINDIA,276.70001,278.54999,274.20001,275.79999,7530454.0
2016-04-20 09:15:00,NSE:COALINDIA,277.79999,282.0,276.14999,278.64999,8438851.0
2016-04-21 09:15:00,NSE:COALINDIA,280.0,288.75,279.79999,287.75,6341547.0
2016-04-22 09:15:00,NSE:COALINDIA,288.64999,288.64999,285.0,287.79999,3616133.0
2016-04-25 09:15:00,NSE:COALINDIA,288.60001,290.89999,286.79999,287.95001,2987563.0
2016-04-26 09:15:00,NSE:COALINDIA,287.10001,289.89999,286.5,288.29999,1972410.0
2016-04-27 09:15:00,NSE:COALINDIA,289.0,293.5,288.04999,290.89999,2654547.0
2016-04-28 09:15:00,NSE:COALINDIA,291.54999,293.64999,283.64999,285.04999,5733507.0
2016-04-29 09:15:00,NSE:COALINDIA,285.0,289.64999,284.25,288.04999,3886257.0
2016-05-02 09:15:00,NSE:COALINDIA,288.70001,289.0,286.60001,288.64999,1741094.0
2016-05-03 09:15:00,NSE:COALINDIA,289.0,289.25,277.5,279.14999,4658529.0
2016-05-04 09:15:00,NSE:COALINDIA,277.79999,281.45001,272.39999,279.95001,6641861.0
2016-05-05 09:15:00,NSE:COALINDIA,280.5,283.14999,280.0,281.79999,2845968.0
2016-05-06 09:15:00,NSE:COALINDIA,281.25,282.45001,277.5,281.89999,3358599.0
2016-05-09 09:15:00,NSE:COALINDIA,282.14999,286.5,282.14999,285.60001,2147251.0
2016-05-10 09:15:00,NSE:COALINDIA,286.70001,286.70001,283.0,284.89999,3178150.0
2016-05-11 09:15:00,NSE:COALINDIA,281.70001,284.39999,276.64999,283.79999,4069757.0
2016-05-12 09:15:00,NSE:COALINDIA,284.04999,284.85001,282.0,283.85001,3368917.0
2016-05-13 09:15:00,NSE:COALINDIA,283.60001,283.60001,278.54999,281.45001,2846180.0
2016-05-16 09:15:00,NSE:COALINDIA,281.89999,283.89999,279.64999,282.85001,4442240.0
2016-05-17 09:15:00,NSE:COALINDIA,283.75,284.89999,281.79999,283.85001,1736009.0
2016-05-18 09:15:00,NSE:COALINDIA,285.29999,285.29999,281.20001,283.95001,2782932.0
2016-05-19 09:15:00,NSE:COALINDIA,284.0,284.39999,279.39999,280.29999,1489126.0
2016-05-20 09:15:00,NSE:COALINDIA,280.60001,281.10001,278.04999,279.0,4355684.0
2016-05-23 09:15:00,NSE:COALINDIA,281.0,281.5,278.20001,280.5,2035863.0
2016-05-24 09:15:00,NSE:COALINDIA,281.39999,281.39999,278.0,279.54999,2073509.0
2016-05-25 09:15:00,NSE:COALINDIA,280.39999,281.5,277.70001,281.0,2075737.0
2016-05-26 09:15:00,NSE:COALINDIA,281.0,281.70001,278.75,280.85001,4619836.0
2016-05-27 09:15:00,NSE:COALINDIA,282.25,284.5,280.20001,281.29999,4543846.0
2016-05-30 09:15:00,NSE:COALINDIA,289.25,295.95001,288.5,292.54999,17863360.0
2016-05-31 09:15:00,NSE:COALINDIA,293.89999,295.25,287.89999,291.39999,7041001.0
2016-06-01 09:15:00,NSE:COALINDIA,292.04999,299.5,289.04999,297.20001,5843470.0
2016-06-02 09:15:00,NSE:COALINDIA,297.79999,309.5,296.70001,307.35001,9888554.0
2016-06-03 09:15:00,NSE:COALINDIA,310.0,311.89999,308.04999,308.95001,6459723.0
2016-06-06 09:15:00,NSE:COALINDIA,308.10001,308.5,304.0,305.79999,5184081.0
2016-06-07 09:15:00,NSE:COALINDIA,307.10001,309.5,305.04999,307.79999,2708323.0
2016-06-08 09:15:00,NSE:COALINDIA,307.54999,307.95001,304.0,306.79999,1673081.0
2016-06-09 09:15:00,NSE:COALINDIA,306.79999,314.39999,305.39999,313.0,2240051.0
2016-06-10 09:15:00,NSE:COALINDIA,313.70001,315.89999,306.14999,306.64999,2251748.0
2016-06-13 09:15:00,NSE:COALINDIA,305.0,310.45001,304.54999,308.5,2418196.0
2016-06-14 09:15:00,NSE:COALINDIA,310.0,310.35001,306.64999,308.85001,2102212.0
2016-06-15 09:15:00,NSE:COALINDIA,309.14999,310.79999,304.85001,309.75,2353608.0
2016-06-16 09:15:00,NSE:COALINDIA,309.04999,309.5,305.5,307.54999,1665463.0
2016-06-17 09:15:00,NSE:COALINDIA,308.0,314.5,308.0,313.20001,3608513.0
2016-06-20 09:15:00,NSE:COALINDIA,310.0,313.20001,309.85001,312.35001,1683234.0
2016-06-21 09:15:00,NSE:COALINDIA,313.0,315.0,311.54999,313.0,1174461.0
2016-06-22 09:15:00,NSE:COALINDIA,313.0,318.39999,312.0,317.5,2935707.0
2016-06-23 09:15:00,NSE:COALINDIA,317.5,318.89999,316.10001,317.54999,1565312.0
2016-06-24 09:15:00,NSE:COALINDIA,308.25,314.0,305.54999,312.25,3080388.0
2016-06-27 09:15:00,NSE:COALINDIA,306.54999,312.5,306.54999,308.10001,1728920.0
2016-06-28 09:15:00,NSE:COALINDIA,310.75,314.25,309.89999,313.29999,2634505.0
2016-06-29 09:15:00,NSE:COALINDIA,314.20001,314.64999,309.60001,311.0,1902427.0
2016-06-30 09:15:00,NSE:COALINDIA,314.0,314.39999,311.54999,313.0,3314387.0
2016-07-01 09:15:00,NSE:COALINDIA,313.0,314.39999,309.54999,310.10001,2225864.0
2016-07-04 09:15:00,NSE:COALINDIA,312.5,319.0,311.5,317.95001,2699220.0
2016-07-05 09:15:00,NSE:COALINDIA,317.95001,323.39999,317.0,321.95001,2816887.0
2016-07-07 09:15:00,NSE:COALINDIA,324.85001,325.85001,314.70001,315.54999,3939302.0
2016-07-08 09:15:00,NSE:COALINDIA,313.29999,314.95001,310.0,311.70001,2294810.0
2016-07-11 09:15:00,NSE:COALINDIA,315.0,322.60001,314.64999,320.89999,2536047.0
2016-07-12 09:15:00,NSE:COALINDIA,321.35001,321.35001,313.29999,317.04999,3413443.0
2016-07-13 09:15:00,NSE:COALINDIA,319.0,325.5,317.25,324.04999,3400480.0
2016-07-14 09:15:00,NSE:COALINDIA,325.0,327.60001,321.5,324.64999,4310790.0
2016-07-15 09:15:00,NSE:COALINDIA,324.64999,325.0,317.0,318.85001,2109207.0
2016-07-18 09:15:00,NSE:COALINDIA,319.64999,324.0,318.89999,321.64999,1986754.0
2016-07-19 09:15:00,NSE:COALINDIA,321.95001,323.70001,318.0,318.95001,1617036.0
2016-07-20 09:15:00,NSE:COALINDIA,319.89999,329.95001,319.5,329.25,3246139.0
2016-07-21 09:15:00,NSE:COALINDIA,330.0,335.79999,326.70001,333.35001,6355171.0
2016-07-22 09:15:00,NSE:COALINDIA,333.0,333.75,329.70001,331.45001,2004989.0
2016-07-25 09:15:00,NSE:COALINDIA,331.0,334.39999,329.79999,333.75,1492185.0
2016-07-26 09:15:00,NSE:COALINDIA,334.0,334.20001,326.79999,327.45001,1692026.0
2016-07-27 09:15:00,NSE:COALINDIA,327.25,330.79999,323.75,325.54999,1919050.0
2016-07-28 09:15:00,NSE:COALINDIA,326.14999,333.14999,326.10001,329.95001,3253199.0
2016-07-29 09:15:00,NSE:COALINDIA,330.0,334.0,326.85001,328.0,3182206.0
2016-08-01 09:15:00,NSE:COALINDIA,329.29999,331.5,325.75,326.45001,1461407.0
2016-08-02 09:15:00,NSE:COALINDIA,327.0,329.0,322.0,323.04999,2335301.0
2016-08-03 09:15:00,NSE:COALINDIA,323.70001,328.60001,322.10001,326.14999,1603751.0
2016-08-04 09:15:00,NSE:COALINDIA,328.39999,328.64999,320.64999,323.5,1808553.0
2016-08-05 09:15:00,NSE:COALINDIA,325.35001,330.39999,324.95001,329.39999,2101931.0
2016-08-08 09:15:00,NSE:COALINDIA,330.0,332.5,327.79999,331.95001,2076712.0
2016-08-09 09:15:00,NSE:COALINDIA,334.0,337.5,333.0,337.14999,3267563.0
2016-08-10 09:15:00,NSE:COALINDIA,338.39999,340.0,334.5,337.95001,3121860.0
2016-08-11 09:15:00,NSE:COALINDIA,337.14999,338.60001,333.35001,337.79999,3452229.0
2016-08-12 09:15:00,NSE:COALINDIA,337.20001,339.60001,335.64999,337.95001,1889296.0
2016-08-16 09:15:00,NSE:COALINDIA,337.0,340.35001,335.20001,337.79999,2665923.0
2016-08-17 09:15:00,NSE:COALINDIA,337.95001,349.95001,337.85001,347.79999,5810868.0
2016-08-18 09:15:00,NSE:COALINDIA,348.10001,348.25,338.10001,339.04999,4975745.0
2016-08-19 09:15:00,NSE:COALINDIA,340.04999,340.39999,332.10001,334.14999,9764483.0
2016-08-22 09:15:00,NSE:COALINDIA,331.89999,337.10001,331.0,334.89999,7488064.0
2016-08-23 09:15:00,NSE:COALINDIA,335.60001,337.5,332.54999,336.64999,2257353.0
2016-08-24 09:15:00,NSE:COALINDIA,336.60001,336.70001,332.60001,333.95001,7665307.0
2016-08-25 09:15:00,NSE:COALINDIA,334.5,336.70001,329.35001,331.29999,3658893.0
2016-08-26 09:15:00,NSE:COALINDIA,331.45001,334.29999,329.5,333.29999,2682815.0
2016-08-29 09:15:00,NSE:COALINDIA,333.0,334.39999,330.5,333.85001,1292318.0
2016-08-30 09:15:00,NSE:COALINDIA,335.10001,336.10001,332.39999,334.64999,1531387.0
2016-08-31 09:15:00,NSE:COALINDIA,334.0,336.39999,331.10001,333.5,3834244.0
2016-09-01 09:15:00,NSE:COALINDIA,334.10001,339.0,332.60001,338.0,2860233.0
2016-09-02 09:15:00,NSE:COALINDIA,337.0,337.14999,331.45001,332.29999,3458571.0
2016-09-06 09:15:00,NSE:COALINDIA,333.54999,333.75,325.14999,328.85001,2989741.0
2016-09-07 09:15:00,NSE:COALINDIA,329.0,332.39999,327.10001,331.0,2982805.0
2016-09-08 09:15:00,NSE:COALINDIA,331.0,333.0,328.79999,332.54999,2998354.0
2016-09-09 09:15:00,NSE:COALINDIA,333.0,333.0,330.54999,332.20001,2194843.0
2016-09-12 09:15:00,NSE:COALINDIA,327.70001,333.0,327.5,330.45001,2607009.0
2016-09-14 09:15:00,NSE:COALINDIA,323.60001,327.54999,321.5,324.35001,6425242.0
2016-09-15 09:15:00,NSE:COALINDIA,325.35001,326.89999,321.79999,323.75,2277264.0
2016-09-16 09:15:00,NSE:COALINDIA,325.20001,327.0,322.29999,324.54999,4151279.0
2016-09-19 09:15:00,NSE:COALINDIA,324.0,329.10001,324.0,328.29999,2730095.0
2016-09-20 09:15:00,NSE:COALINDIA,328.79999,330.39999,327.14999,329.25,2955423.0
2016-09-21 09:15:00,NSE:COALINDIA,329.29999,331.95001,327.54999,331.0,3433714.0
2016-09-22 09:15:00,NSE:COALINDIA,333.35001,333.54999,326.64999,327.45001,2589917.0
2016-09-23 09:15:00,NSE:COALINDIA,327.14999,329.95001,327.14999,328.39999,3605797.0
2016-09-26 09:15:00,NSE:COALINDIA,328.85001,334.10001,328.14999,332.45001,3256853.0
2016-09-27 09:15:00,NSE:COALINDIA,335.5,337.20001,332.0,332.75,3058963.0
2016-09-28 09:15:00,NSE:COALINDIA,332.75,335.70001,327.60001,328.45001,1620533.0
2016-09-29 09:15:00,NSE:COALINDIA,330.29999,332.45001,322.54999,327.64999,4747212.0
2016-09-30 09:15:00,NSE:COALINDIA,326.14999,328.79999,316.89999,322.29999,4445950.0
2016-10-03 09:15:00,NSE:COALINDIA,323.10001,328.70001,321.5,327.89999,3104019.0
2016-10-04 09:15:00,NSE:COALINDIA,328.0,329.0,319.35001,321.10001,5945963.0
2016-10-05 09:15:00,NSE:COALINDIA,322.10001,323.60001,318.75,321.25,5316324.0
2016-10-06 09:15:00,NSE:COALINDIA,323.0,323.0,317.20001,318.54999,3130353.0
2016-10-07 09:15:00,NSE:COALINDIA,319.20001,319.70001,315.64999,318.79999,2038680.0
2016-10-10 09:15:00,NSE:COALINDIA,320.0,321.75,318.14999,318.89999,1976384.0
2016-10-13 09:15:00,NSE:COALINDIA,318.0,318.89999,312.0,315.5,3543786.0
2016-10-14 09:15:00,NSE:COALINDIA,316.0,318.20001,312.35001,313.04999,2066659.0
2016-10-17 09:15:00,NSE:COALINDIA,314.79999,316.39999,309.64999,311.25,5164144.0
2016-10-18 09:15:00,NSE:COALINDIA,311.89999,314.70001,311.60001,312.54999,3335691.0
2016-10-19 09:15:00,NSE:COALINDIA,312.0,314.89999,311.64999,312.54999,3410851.0
2016-10-20 09:15:00,NSE:COALINDIA,312.25,314.64999,312.20001,312.60001,1993881.0
2016-10-21 09:15:00,NSE:COALINDIA,312.60001,314.20001,312.29999,313.29999,3009896.0
2016-10-24 09:15:00,NSE:COALINDIA,313.89999,322.60001,312.85001,321.25,2802733.0
2016-10-25 09:15:00,NSE:COALINDIA,323.89999,323.89999,318.04999,319.64999,2235089.0
2016-10-26 09:15:00,NSE:COALINDIA,318.95001,321.60001,316.89999,319.29999,1967319.0
2016-10-27 09:15:00,NSE:COALINDIA,320.0,320.25,315.35001,316.29999,2363687.0
2016-10-28 09:15:00,NSE:COALINDIA,317.0,327.0,315.70001,324.79999,3058160.0
2016-11-01 09:15:00,NSE:COALINDIA,326.5,331.29999,323.29999,330.04999,5375999.0
2016-11-02 09:15:00,NSE:COALINDIA,326.04999,329.25,323.04999,327.95001,3362257.0
2016-11-03 09:15:00,NSE:COALINDIA,327.79999,331.0,325.25,327.0,2183816.0
2016-11-04 09:15:00,NSE:COALINDIA,327.0,327.0,312.29999,315.89999,3382028.0
2016-11-07 09:15:00,NSE:COALINDIA,318.89999,322.5,316.64999,319.29999,2877174.0
2016-11-08 09:15:00,NSE:COALINDIA,319.29999,322.04999,315.54999,317.04999,1759612.0
2016-11-09 09:15:00,NSE:COALINDIA,301.10001,321.0,289.29999,317.04999,4814661.0
2016-11-10 09:15:00,NSE:COALINDIA,321.79999,337.29999,320.0,333.20001,5022605.0
2016-11-11 09:15:00,NSE:COALINDIA,329.85001,332.0,321.39999,324.04999,2674065.0
2016-11-15 09:15:00,NSE:COALINDIA,323.0,328.95001,312.0,313.64999,3886233.0
2016-11-16 09:15:00,NSE:COALINDIA,317.29999,317.29999,309.04999,313.04999,3380097.0
2016-11-17 09:15:00,NSE:COALINDIA,310.75,312.70001,302.0,306.85001,4774690.0
2016-11-18 09:15:00,NSE:COALINDIA,307.20001,309.35001,304.0,306.70001,2226399.0
2016-11-21 09:15:00,NSE:COALINDIA,306.70001,310.35001,299.29999,300.75,2929466.0
2016-11-22 09:15:00,NSE:COALINDIA,302.0,304.95001,298.85001,303.39999,2497312.0
2016-11-23 09:15:00,NSE:COALINDIA,306.0,306.95001,302.14999,304.04999,1537222.0
2016-11-24 09:15:00,NSE:COALINDIA,304.0,304.5,298.60001,300.35001,3596361.0
2016-11-25 09:15:00,NSE:COALINDIA,302.39999,305.25,300.89999,304.25,1621974.0
2016-11-28 09:15:00,NSE:COALINDIA,304.89999,305.70001,302.10001,304.89999,1677056.0
2016-11-29 09:15:00,NSE:COALINDIA,306.39999,314.0,306.0,308.39999,3068122.0
2016-11-30 09:15:00,NSE:COALINDIA,310.64999,310.70001,305.04999,308.60001,3289134.0
2016-12-01 09:15:00,NSE:COALINDIA,309.20001,310.29999,305.35001,306.29999,1906398.0
2016-12-02 09:15:00,NSE:COALINDIA,308.14999,311.70001,304.5,305.85001,3374258.0
2016-12-05 09:15:00,NSE:COALINDIA,305.10001,307.14999,301.89999,305.35001,2694582.0
2016-12-06 09:15:00,NSE:COALINDIA,306.54999,309.5,304.54999,305.70001,3262885.0
2016-12-07 09:15:00,NSE:COALINDIA,306.64999,308.0,304.29999,305.29999,1896374.0
2016-12-08 09:15:00,NSE:COALINDIA,307.79999,313.64999,306.5,312.10001,2985532.0
2016-12-09 09:15:00,NSE:COALINDIA,312.95001,313.25,305.89999,306.45001,2583377.0
2016-12-12 09:15:00,NSE:COALINDIA,305.89999,309.70001,304.64999,305.29999,1861391.0
2016-12-13 09:15:00,NSE:COALINDIA,303.10001,307.85001,303.10001,305.95001,4145409.0
2016-12-14 09:15:00,NSE:COALINDIA,297.0,298.89999,291.04999,292.0,7916342.0
2016-12-15 09:15:00,NSE:COALINDIA,290.0,293.79999,289.29999,290.14999,2606624.0
2016-12-16 09:15:00,NSE:COALINDIA,292.14999,292.5,287.10001,288.25,4139183.0
2016-12-19 09:15:00,NSE:COALINDIA,288.45001,289.79999,286.5,287.35001,2396882.0
2016-12-20 09:15:00,NSE:COALINDIA,290.0,292.60001,289.20001,290.60001,2428442.0
2016-12-21 09:15:00,NSE:COALINDIA,291.60001,294.5,289.14999,292.20001,2448452.0
2016-12-22 09:15:00,NSE:COALINDIA,291.0,291.89999,287.04999,287.64999,1586040.0
2016-12-23 09:15:00,NSE:COALINDIA,289.0,289.0,286.0,287.85001,1478235.0
2016-12-26 09:15:00,NSE:COALINDIA,288.39999,288.39999,282.60001,285.0,2446568.0
2016-12-27 09:15:00,NSE:COALINDIA,282.5,290.25,282.5,288.95001,3419419.0
2016-12-28 09:15:00,NSE:COALINDIA,290.0,296.39999,288.70001,295.20001,3946048.0
2016-12-29 09:15:00,NSE:COALINDIA,292.70001,301.70001,292.70001,298.64999,7139986.0
2016-12-30 09:15:00,NSE:COALINDIA,298.0,301.29999,296.10001,300.0,3733367.0
2017-01-02 09:15:00,NSE:COALINDIA,300.04999,302.64999,297.0,300.04999,1729563.0
2017-01-03 09:15:00,NSE:COALINDIA,301.0,307.29999,299.5,305.29999,1459916.0
2017-01-04 09:15:00,NSE:COALINDIA,306.0,310.0,305.45001,306.14999,1954806.0
2017-01-05 09:15:00,NSE:COALINDIA,307.10001,311.39999,306.60001,308.29999,1845973.0
2017-01-06 09:15:00,NSE:COALINDIA,309.0,310.54999,305.0,306.20001,940177.0
2017-01-09 09:15:00,NSE:COALINDIA,305.85001,305.95001,299.60001,300.0,1947858.0
2017-01-10 09:15:00,NSE:COALINDIA,301.04999,303.25,299.10001,300.60001,1455309.0
2017-01-11 09:15:00,NSE:COALINDIA,301.60001,318.0,301.60001,317.70001,7657690.0
2017-01-12 09:15:00,NSE:COALINDIA,318.0,318.64999,310.5,313.20001,2316891.0
2017-01-13 09:15:00,NSE:COALINDIA,316.0,319.29999,313.54999,315.0,3458448.0
2017-01-16 09:15:00,NSE:COALINDIA,319.0,319.0,310.35001,313.79999,3866192.0
2017-01-17 09:15:00,NSE:COALINDIA,314.54999,315.45001,306.04999,307.0,3759649.0
2017-01-18 09:15:00,NSE:COALINDIA,304.79999,309.79999,304.54999,308.70001,3680888.0
2017-01-19 09:15:00,NSE:COALINDIA,309.0,310.45001,306.60001,307.35001,2434032.0
2017-01-20 09:15:00,NSE:COALINDIA,307.0,308.35001,302.45001,303.70001,3784930.0
2017-01-23 09:15:00,NSE:COALINDIA,303.89999,306.20001,302.54999,303.39999,1855848.0
2017-01-24 09:15:00,NSE:COALINDIA,304.5,310.75,303.60001,309.45001,2508724.0
2017-01-25 09:15:00,NSE:COALINDIA,309.79999,319.0,307.5,317.20001,5594608.0
2017-01-27 09:15:00,NSE:COALINDIA,318.0,320.39999,316.0,317.75,2607499.0
2017-01-30 09:15:00,NSE:COALINDIA,316.60001,317.54999,313.39999,314.70001,1713746.0
2017-01-31 09:15:00,NSE:COALINDIA,313.39999,314.35001,303.0,309.20001,17232980.0
2017-02-01 09:15:00,NSE:COALINDIA,310.0,313.70001,306.29999,313.04999,3168177.0
2017-02-02 09:15:00,NSE:COALINDIA,311.39999,322.79999,308.75,320.45001,3723534.0
2017-02-03 09:15:00,NSE:COALINDIA,320.45001,326.89999,320.45001,326.14999,3778609.0
2017-02-06 09:15:00,NSE:COALINDIA,326.0,329.0,322.39999,325.04999,1934568.0
2017-02-07 09:15:00,NSE:COALINDIA,326.0,326.5,310.54999,315.04999,5669911.0
2017-02-08 09:15:00,NSE:COALINDIA,313.0,322.5,313.0,321.75,4346528.0
2017-02-09 09:15:00,NSE:COALINDIA,322.10001,325.0,318.20001,322.14999,2390829.0
2017-02-10 09:15:00,NSE:COALINDIA,324.0,325.25,321.39999,324.5,2168081.0
2017-02-13 09:15:00,NSE:COALINDIA,318.0,321.5,314.79999,320.89999,4142829.0
2017-02-14 09:15:00,NSE:COALINDIA,319.0,320.70001,315.25,320.20001,2050709.0
2017-02-15 09:15:00,NSE:COALINDIA,320.95001,322.79999,317.25,319.95001,2649600.0
2017-02-16 09:15:00,NSE:COALINDIA,317.5,319.0,315.79999,318.29999,2703863.0
2017-02-17 09:15:00,NSE:COALINDIA,320.0,320.0,311.0,316.25,4292500.0
2017-02-20 09:15:00,NSE:COALINDIA,316.25,320.89999,314.10001,319.89999,2429373.0
2017-02-21 09:15:00,NSE:COALINDIA,320.5,321.39999,317.10001,319.60001,1678198.0
2017-02-22 09:15:00,NSE:COALINDIA,322.29999,329.70001,320.54999,328.35001,3479768.0
2017-02-23 09:15:00,NSE:COALINDIA,329.60001,332.0,325.5,327.70001,9869639.0
2017-02-27 09:15:00,NSE:COALINDIA,330.0,332.29999,327.70001,329.95001,5619203.0
2017-02-28 09:15:00,NSE:COALINDIA,330.0,331.39999,320.10001,321.89999,5247380.0
2017-03-01 09:15:00,NSE:COALINDIA,323.0,324.5,318.60001,320.20001,4131446.0
2017-03-02 09:15:00,NSE:COALINDIA,318.35001,326.35001,318.35001,321.39999,4008179.0
2017-03-03 09:15:00,NSE:COALINDIA,322.0,324.39999,320.5,321.25,2402666.0
2017-03-06 09:15:00,NSE:COALINDIA,325.0,327.89999,320.60001,322.89999,4040938.0
2017-03-07 09:15:00,NSE:COALINDIA,325.0,326.25,321.29999,322.79999,4787611.0
2017-03-08 09:15:00,NSE:COALINDIA,325.0,325.70001,319.29999,320.20001,4290085.0
2017-03-09 09:15:00,NSE:COALINDIA,319.35001,319.89999,317.54999,318.10001,4365909.0
2017-03-10 09:15:00,NSE:COALINDIA,319.54999,320.0,315.25,316.29999,5243694.0
2017-03-14 09:15:00,NSE:COALINDIA,302.0,302.0,293.89999,294.95001,9137462.0
2017-03-15 09:15:00,NSE:COALINDIA,296.5,296.95001,292.0,292.70001,6245963.0
2017-03-16 09:15:00,NSE:COALINDIA,294.60001,295.5,291.20001,291.95001,8597054.0
2017-03-17 09:15:00,NSE:COALINDIA,293.95001,294.60001,288.20001,289.25,9065938.0
2017-03-20 09:15:00,NSE:COALINDIA,290.0,292.39999,288.04999,291.79999,7075100.0
2017-03-21 09:15:00,NSE:COALINDIA,293.0,294.79999,291.0,292.25,6910712.0
2017-03-22 09:15:00,NSE:COALINDIA,291.0,293.29999,289.5,292.14999,4830714.0
2017-03-23 09:15:00,NSE:COALINDIA,292.35001,296.95001,292.29999,295.89999,11221220.0
2017-03-24 09:15:00,NSE:COALINDIA,298.0,300.0,295.64999,297.85001,9643952.0
2017-03-27 09:15:00,NSE:COALINDIA,293.45001,293.45001,290.45001,291.5,5001302.0
2017-03-28 09:15:00,NSE:COALINDIA,291.89999,292.39999,289.60001,290.35001,5418025.0
2017-03-29 09:15:00,NSE:COALINDIA,290.5,294.60001,290.20001,294.10001,5756051.0
2017-03-30 09:15:00,NSE:COALINDIA,295.5,295.5,289.0,289.5,7141482.0
2017-03-31 09:15:00,NSE:COALINDIA,290.0,294.20001,289.60001,292.64999,7016938.0
2017-04-03 09:15:00,NSE:COALINDIA,292.64999,295.25,291.0,295.0,3252869.0
2017-04-05 09:15:00,NSE:COALINDIA,296.79999,296.79999,289.79999,290.04999,7897483.0
2017-04-06 09:15:00,NSE:COALINDIA,289.79999,289.79999,285.75,286.39999,8564973.0
2017-04-07 09:15:00,NSE:COALINDIA,286.20001,286.20001,280.10001,283.89999,11862350.0
2017-04-10 09:15:00,NSE:COALINDIA,284.89999,288.60001,284.75,286.75,5200102.0
2017-04-11 09:15:00,NSE:COALINDIA,286.5,290.39999,286.14999,288.89999,4064823.0
2017-04-12 09:15:00,NSE:COALINDIA,288.25,291.85001,288.0,290.0,4747753.0
2017-04-13 09:15:00,NSE:COALINDIA,288.89999,291.54999,288.54999,291.04999,3847263.0
2017-04-17 09:15:00,NSE:COALINDIA,291.0,291.0,285.20001,285.79999,1515055.0
2017-04-18 09:15:00,NSE:COALINDIA,283.0,284.5,278.70001,279.25,4906059.0
2017-04-19 09:15:00,NSE:COALINDIA,278.5,283.39999,276.10001,282.70001,3993645.0
2017-04-20 09:15:00,NSE:COALINDIA,283.89999,284.0,278.10001,279.39999,3833330.0
2017-04-21 09:15:00,NSE:COALINDIA,280.95001,281.70001,276.39999,277.0,3533868.0
2017-04-24 09:15:00,NSE:COALINDIA,279.45001,279.45001,276.29999,277.14999,4077534.0
2017-04-25 09:15:00,NSE:COALINDIA,278.0,278.89999,277.14999,278.29999,2431359.0
2017-04-26 09:15:00,NSE:COALINDIA,278.89999,280.70001,276.0,276.64999,2868393.0
2017-04-27 09:15:00,NSE:COALINDIA,276.85001,277.89999,273.10001,274.14999,2586925.0
2017-04-28 09:15:00,NSE:COALINDIA,274.14999,278.25,274.14999,276.64999,2235812.0
2017-05-02 09:15:00,NSE:COALINDIA,278.70001,278.70001,273.85001,274.54999,2101731.0
2017-05-03 09:15:00,NSE:COALINDIA,277.39999,280.20001,275.0,279.54999,2622769.0
2017-05-04 09:15:00,NSE:COALINDIA,280.0,281.60001,279.0,280.25,2230934.0
2017-05-05 09:15:00,NSE:COALINDIA,282.0,284.45001,278.04999,278.5,5125398.0
2017-05-08 09:15:00,NSE:COALINDIA,281.0,281.0,278.20001,279.10001,1671179.0
2017-05-09 09:15:00,NSE:COALINDIA,279.39999,280.14999,276.0,278.14999,2466355.0
2017-05-10 09:15:00,NSE:COALINDIA,277.70001,279.29999,277.10001,278.54999,1433509.0
2017-05-11 09:15:00,NSE:COALINDIA,279.89999,280.0,273.75,274.20001,4892432.0
2017-05-12 09:15:00,NSE:COALINDIA,274.60001,278.04999,274.60001,276.60001,2692014.0
2017-05-15 09:15:00,NSE:COALINDIA,277.25,278.5,277.25,277.75,2531633.0
2017-05-16 09:15:00,NSE:COALINDIA,277.39999,277.70001,274.5,275.95001,2258317.0
2017-05-17 09:15:00,NSE:COALINDIA,275.20001,278.0,275.0,276.35001,2146326.0
2017-05-18 09:15:00,NSE:COALINDIA,275.0,278.39999,275.0,276.45001,1619249.0
2017-05-19 09:15:00,NSE:COALINDIA,278.39999,283.64999,275.75,276.25,4250348.0
2017-05-22 09:15:00,NSE:COALINDIA,277.35001,277.75,273.5,273.85001,1557880.0
2017-05-23 09:15:00,NSE:COALINDIA,273.89999,274.79999,267.14999,267.85001,2984399.0
2017-05-24 09:15:00,NSE:COALINDIA,268.29999,270.25,261.0,261.75,3021594.0
2017-05-25 09:15:00,NSE:COALINDIA,263.79999,266.25,262.75,265.45001,4127507.0
2017-05-26 09:15:00,NSE:COALINDIA,266.0,269.25,265.89999,268.25,1843278.0
2017-05-29 09:15:00,NSE:COALINDIA,270.0,271.0,265.75,267.29999,3299175.0
2017-05-30 09:15:00,NSE:COALINDIA,259.79999,268.60001,259.5,267.70001,4782782.0
2017-05-31 09:15:00,NSE:COALINDIA,268.0,268.89999,262.0,262.54999,3555129.0
2017-06-01 09:15:00,NSE:COALINDIA,263.0,266.10001,262.75,265.35001,1289229.0
2017-06-02 09:15:00,NSE:COALINDIA,265.35001,270.25,265.35001,268.79999,2602919.0
2017-06-05 09:15:00,NSE:COALINDIA,267.45001,267.89999,263.70001,264.54999,3033579.0
2017-06-06 09:15:00,NSE:COALINDIA,265.0,265.29999,262.0,262.29999,1340588.0
2017-06-07 09:15:00,NSE:COALINDIA,263.0,265.0,262.5,264.39999,1618299.0
2017-06-08 09:15:00,NSE:COALINDIA,264.60001,264.75,262.10001,262.89999,1404808.0
2017-06-09 09:15:00,NSE:COALINDIA,264.0,264.5,261.0,261.5,1744203.0
2017-06-12 09:15:00,NSE:COALINDIA,261.95001,262.5,260.10001,260.29999,1675846.0
2017-06-13 09:15:00,NSE:COALINDIA,260.0,260.39999,258.5,259.04999,1732288.0
2017-06-14 09:15:00,NSE:COALINDIA,259.5,259.75,256.10001,257.04999,1887257.0
2017-06-15 09:15:00,NSE:COALINDIA,256.79999,256.95001,253.0,254.2,3324587.0
2017-06-16 09:15:00,NSE:COALINDIA,254.89999,257.20001,253.95,255.7,3283821.0
2017-06-19 09:15:00,NSE:COALINDIA,256.25,256.95001,251.5,253.95,2412135.0
2017-06-20 09:15:00,NSE:COALINDIA,254.45,255.0,253.0,253.55,1052345.0
2017-06-21 09:15:00,NSE:COALINDIA,253.7,253.75,250.10001,250.45,3289233.0
2017-06-22 09:15:00,NSE:COALINDIA,250.5,251.64999,245.2,245.7,3230390.0
2017-06-23 09:15:00,NSE:COALINDIA,245.7,247.8,243.10001,244.89999,3623117.0
2017-06-27 09:15:00,NSE:COALINDIA,245.10001,246.60001,244.0,244.35001,2074212.0
2017-06-28 09:15:00,NSE:COALINDIA,246.0,247.2,244.55,245.75,3526585.0
2017-06-29 09:15:00,NSE:COALINDIA,246.8,247.8,244.60001,245.14999,2498353.0
2017-06-30 09:15:00,NSE:COALINDIA,244.7,245.89999,243.5,244.25,2375289.0
2017-07-03 09:15:00,NSE:COALINDIA,245.35001,249.5,242.60001,248.85001,2347837.0
2017-07-04 09:15:00,NSE:COALINDIA,250.5,250.5,246.2,246.75,1760337.0
2017-07-05 09:15:00,NSE:COALINDIA,248.8,249.0,246.25,247.5,1260907.0
2017-07-06 09:15:00,NSE:COALINDIA,247.5,252.8,247.10001,251.45,2797532.0
2017-07-07 09:15:00,NSE:COALINDIA,250.05,252.95,250.05,251.10001,1762982.0
2017-07-10 09:15:00,NSE:COALINDIA,253.45,259.35001,253.45,258.79999,717269.0
2017-07-11 09:15:00,NSE:COALINDIA,259.0,259.89999,253.75,254.5,1813885.0
2017-07-12 09:15:00,NSE:COALINDIA,255.0,256.75,253.10001,253.45,2640999.0
2017-07-13 09:15:00,NSE:COALINDIA,254.2,255.8,251.85001,253.64999,2303738.0
2017-07-14 09:15:00,NSE:COALINDIA,253.95,254.3,248.10001,250.45,2907464.0
2017-07-17 09:15:00,NSE:COALINDIA,250.75,251.0,246.05,247.0,4445325.0
2017-07-18 09:15:00,NSE:COALINDIA,248.5,249.3,245.75,248.5,5338825.0
2017-07-19 09:15:00,NSE:COALINDIA,248.05,256.64999,248.05,254.7,4270908.0
2017-07-20 09:15:00,NSE:COALINDIA,254.7,258.5,254.25,255.3,3923545.0
2017-07-21 09:15:00,NSE:COALINDIA,255.0,262.95001,254.10001,262.35001,7715255.0
2017-07-24 09:15:00,NSE:COALINDIA,263.0,265.25,260.10001,261.54999,3359835.0
2017-07-25 09:15:00,NSE:COALINDIA,262.0,262.35001,257.75,258.29999,1812135.0
2017-07-26 09:15:00,NSE:COALINDIA,258.39999,261.89999,258.04999,260.64999,2199360.0
2017-07-27 09:15:00,NSE:COALINDIA,261.60001,262.20001,254.5,255.25,1950819.0
2017-07-28 09:15:00,NSE:COALINDIA,254.2,256.60001,250.0,251.55,2641938.0
2017-07-31 09:15:00,NSE:COALINDIA,252.0,252.35001,248.0,249.10001,3580763.0
2017-08-01 09:15:00,NSE:COALINDIA,249.89999,253.5,249.45,251.45,5248187.0
2017-08-02 09:15:00,NSE:COALINDIA,251.95,253.39999,249.0,250.85001,3701093.0
2017-08-03 09:15:00,NSE:COALINDIA,251.60001,251.8,241.10001,241.75,9661464.0
2017-08-04 09:15:00,NSE:COALINDIA,242.0,250.2,238.45,249.2,6573068.0
2017-08-07 09:15:00,NSE:COALINDIA,249.8,253.2,248.60001,251.5,3336900.0
2017-08-08 09:15:00,NSE:COALINDIA,248.39999,250.95,243.2,245.05,3335671.0
2017-08-09 09:15:00,NSE:COALINDIA,244.89999,245.3,241.10001,242.5,1801736.0
2017-08-10 09:15:00,NSE:COALINDIA,241.2,242.25,237.5,238.95,2764860.0
2017-08-11 09:15:00,NSE:COALINDIA,237.0,240.39999,233.7,235.89999,3335287.0
2017-08-14 09:15:00,NSE:COALINDIA,236.60001,240.89999,236.14999,238.14999,3086137.0
2017-08-16 09:15:00,NSE:COALINDIA,237.0,239.89999,234.5,237.95,7864893.0
2017-08-17 09:15:00,NSE:COALINDIA,239.39999,249.35001,237.05,246.95,20945040.0
2017-08-18 09:15:00,NSE:COALINDIA,246.5,247.89999,241.7,243.35001,3442524.0
2017-08-21 09:15:00,NSE:COALINDIA,244.0,249.39999,237.55,238.45,6555861.0
2017-08-22 09:15:00,NSE:COALINDIA,240.55,243.05,238.55,240.55,3428907.0
2017-08-23 09:15:00,NSE:COALINDIA,242.3,242.5,239.5,241.10001,3693013.0
2017-08-24 09:15:00,NSE:COALINDIA,242.39999,242.8,239.60001,241.3,3835139.0
2017-08-28 09:15:00,NSE:COALINDIA,242.0,244.3,241.55,243.60001,2231233.0
2017-08-29 09:15:00,NSE:COALINDIA,242.5,242.5,238.0,238.25,3051560.0
2017-08-30 09:15:00,NSE:COALINDIA,240.95,242.39999,239.14999,241.8,3263209.0
2017-08-31 09:15:00,NSE:COALINDIA,241.5,241.5,235.85001,237.39999,8401866.0
2017-09-01 09:15:00,NSE:COALINDIA,238.05,240.39999,238.05,238.64999,2197715.0
2017-09-04 09:15:00,NSE:COALINDIA,239.0,247.2,238.95,246.5,8269444.0
2017-09-05 09:15:00,NSE:COALINDIA,246.5,254.7,244.60001,253.85001,9538135.0
2017-09-06 09:15:00,NSE:COALINDIA,251.55,257.54999,251.05,255.8,4237130.0
2017-09-07 09:15:00,NSE:COALINDIA,258.70001,258.89999,251.64999,253.3,5398987.0
2017-09-08 09:15:00,NSE:COALINDIA,253.3,255.85001,251.55,255.0,3749501.0
2017-09-11 09:15:00,NSE:COALINDIA,256.5,259.60001,255.25,257.04999,3525110.0
2017-09-12 09:15:00,NSE:COALINDIA,256.10001,258.29999,253.39999,257.54999,3752410.0
2017-09-13 09:15:00,NSE:COALINDIA,257.0,259.70001,255.10001,256.35001,3956139.0
2017-09-14 09:15:00,NSE:COALINDIA,255.60001,258.20001,254.05,255.05,5756534.0
2017-09-15 09:15:00,NSE:COALINDIA,255.2,262.20001,255.2,259.79999,8591867.0
2017-09-18 09:15:00,NSE:COALINDIA,261.45001,265.0,260.10001,264.54999,4114253.0
2017-09-19 09:15:00,NSE:COALINDIA,262.0,262.95001,257.10001,258.54999,5364164.0
2017-09-20 09:15:00,NSE:COALINDIA,258.54999,258.70001,253.2,256.54999,3310089.0
2017-09-21 09:15:00,NSE:COALINDIA,255.5,256.39999,248.5,254.05,4473641.0
2017-09-22 09:15:00,NSE:COALINDIA,253.5,254.45,248.0,253.8,5178307.0
2017-09-25 09:15:00,NSE:COALINDIA,254.39999,257.70001,250.25,257.04999,5684406.0
2017-09-26 09:15:00,NSE:COALINDIA,257.5,261.85001,253.8,260.39999,4587866.0
2017-09-27 09:15:00,NSE:COALINDIA,261.75,261.89999,255.3,260.85001,5990467.0
2017-09-28 09:15:00,NSE:COALINDIA,260.0,270.25,258.95001,267.79999,15893280.0
2017-09-29 09:15:00,NSE:COALINDIA,270.0,272.39999,267.29999,270.85001,4839652.0
2017-10-03 09:15:00,NSE:COALINDIA,273.0,274.29999,269.14999,272.0,2925990.0
2017-10-04 09:15:00,NSE:COALINDIA,271.14999,271.85001,268.70001,270.0,2861280.0
2017-10-05 09:15:00,NSE:COALINDIA,270.0,273.95001,269.04999,273.25,3173461.0
2017-10-06 09:15:00,NSE:COALINDIA,273.5,278.5,273.45001,276.70001,7954834.0
2017-10-09 09:15:00,NSE:COALINDIA,277.0,281.95001,276.79999,281.35001,7166260.0
2017-10-10 09:15:00,NSE:COALINDIA,281.35001,286.25,281.35001,285.64999,8451221.0
2017-10-11 09:15:00,NSE:COALINDIA,286.0,286.5,280.75,282.95001,17103410.0
2017-10-12 09:15:00,NSE:COALINDIA,281.89999,283.75,280.14999,282.39999,5889501.0
2017-10-13 09:15:00,NSE:COALINDIA,282.60001,289.0,282.60001,287.25,5084089.0
2017-10-16 09:15:00,NSE:COALINDIA,287.29999,291.5,286.75,290.70001,5476361.0
2017-10-17 09:15:00,NSE:COALINDIA,291.0,291.0,288.25,290.04999,3950516.0
2017-10-18 09:15:00,NSE:COALINDIA,290.0,291.45001,288.29999,290.0,3633204.0
2017-10-19 09:15:00,NSE:COALINDIA,290.0,290.04999,284.89999,285.79999,543143.0
2017-10-23 09:15:00,NSE:COALINDIA,286.5,291.39999,286.5,289.85001,13204240.0
2017-10-24 09:15:00,NSE:COALINDIA,289.04999,291.95001,288.0,289.70001,3062378.0
2017-10-25 09:15:00,NSE:COALINDIA,291.0,291.70001,287.54999,289.14999,2442011.0
2017-10-26 09:15:00,NSE:COALINDIA,289.0,295.0,289.0,293.35001,8702312.0
2017-10-27 09:15:00,NSE:COALINDIA,294.0,294.25,287.89999,289.14999,2507100.0
2017-10-30 09:15:00,NSE:COALINDIA,289.14999,290.89999,285.10001,288.89999,2210701.0
2017-10-31 09:15:00,NSE:COALINDIA,287.0,288.29999,283.35001,286.45001,2596941.0
2017-11-01 09:15:00,NSE:COALINDIA,286.5,290.0,281.54999,286.54999,3609151.0
2017-11-02 09:15:00,NSE:COALINDIA,286.89999,292.35001,284.64999,291.20001,4090974.0
2017-11-03 09:15:00,NSE:COALINDIA,291.20001,292.0,285.04999,286.54999,4371428.0
2017-11-06 09:15:00,NSE:COALINDIA,286.5,289.45001,283.89999,286.35001,4414386.0
2017-11-07 09:15:00,NSE:COALINDIA,286.60001,287.79999,283.10001,284.64999,4584351.0
2017-11-08 09:15:00,NSE:COALINDIA,283.25,289.0,282.5,288.04999,13609390.0
2017-11-09 09:15:00,NSE:COALINDIA,286.89999,287.5,280.04999,283.25,3805782.0
2017-11-10 09:15:00,NSE:COALINDIA,283.29999,287.45001,278.0,284.35001,3527154.0
2017-11-13 09:15:00,NSE:COALINDIA,276.20001,280.29999,274.0,274.95001,5406841.0
2017-11-14 09:15:00,NSE:COALINDIA,274.35001,275.39999,271.25,274.14999,2798791.0
2017-11-15 09:15:00,NSE:COALINDIA,274.0,274.14999,270.20001,272.35001,2600287.0
2017-11-16 09:15:00,NSE:COALINDIA,272.5,272.89999,266.14999,268.35001,2776035.0
2017-11-17 09:15:00,NSE:COALINDIA,271.5,273.39999,268.75,272.79999,3366492.0
2017-11-20 09:15:00,NSE:COALINDIA,273.0,280.25,270.04999,278.35001,3090470.0
2017-11-21 09:15:00,NSE:COALINDIA,279.0,282.0,273.10001,273.79999,2880586.0
2017-11-22 09:15:00,NSE:COALINDIA,275.5,276.5,271.10001,271.79999,1531611.0
2017-11-23 09:15:00,NSE:COALINDIA,271.5,274.10001,268.79999,270.45001,1490892.0
2017-11-24 09:15:00,NSE:COALINDIA,270.75,272.85001,270.39999,271.5,876297.0
2017-11-27 09:15:00,NSE:COALINDIA,270.85001,272.39999,269.35001,271.64999,887044.0
2017-11-28 09:15:00,NSE:COALINDIA,272.0,276.39999,269.54999,274.35001,7236470.0
2017-11-29 09:15:00,NSE:COALINDIA,276.89999,282.10001,274.5,276.29999,5209745.0
2017-11-30 09:15:00,NSE:COALINDIA,275.29999,278.29999,272.5,275.79999,7343947.0
2017-12-01 09:15:00,NSE:COALINDIA,275.20001,276.35001,270.0,272.04999,1987545.0
2017-12-04 09:15:00,NSE:COALINDIA,273.0,273.60001,265.14999,265.89999,2398989.0
2017-12-05 09:15:00,NSE:COALINDIA,265.0,266.35001,263.10001,265.25,1277351.0
2017-12-06 09:15:00,NSE:COALINDIA,263.20001,267.85001,263.20001,265.10001,1779062.0
2017-12-07 09:15:00,NSE:COALINDIA,266.0,266.89999,262.0,262.79999,1932289.0
2017-12-08 09:15:00,NSE:COALINDIA,264.89999,265.60001,262.35001,264.85001,2408884.0
2017-12-11 09:15:00,NSE:COALINDIA,265.64999,270.39999,265.29999,269.85001,2354885.0
2017-12-12 09:15:00,NSE:COALINDIA,269.60001,269.79999,262.5,263.39999,2169686.0
2017-12-13 09:15:00,NSE:COALINDIA,264.85001,264.95001,261.0,263.14999,1498753.0
2017-12-14 09:15:00,NSE:COALINDIA,263.25,264.64999,262.20001,262.85001,1822161.0
2017-12-15 09:15:00,NSE:COALINDIA,264.0,271.54999,263.79999,271.0,9186533.0
2017-12-18 09:15:00,NSE:COALINDIA,269.95001,274.64999,262.29999,267.64999,4251230.0
2017-12-19 09:15:00,NSE:COALINDIA,269.39999,271.89999,266.45001,267.60001,3864780.0
2017-12-20 09:15:00,NSE:COALINDIA,272.0,272.0,268.14999,269.45001,3597976.0
2017-12-21 09:15:00,NSE:COALINDIA,271.39999,271.39999,266.85001,267.89999,2744760.0
2017-12-22 09:15:00,NSE:COALINDIA,268.14999,268.70001,265.29999,265.89999,3505383.0
2017-12-26 09:15:00,NSE:COALINDIA,267.70001,267.70001,263.0,263.75,4580600.0
2017-12-27 09:15:00,NSE:COALINDIA,263.29999,265.10001,261.60001,262.54999,6400825.0
2017-12-28 09:15:00,NSE:COALINDIA,262.79999,265.85001,262.10001,263.14999,6346822.0
2017-12-29 09:15:00,NSE:COALINDIA,263.10001,264.45001,261.79999,262.95001,2800172.0
2018-01-01 09:15:00,NSE:COALINDIA,263.0,267.29999,262.60001,266.64999,3079260.0
2018-01-02 09:15:00,NSE:COALINDIA,268.0,270.89999,267.0,270.04999,5659389.0
2018-01-03 09:15:00,NSE:COALINDIA,271.0,273.45001,269.70001,271.85001,9240120.0
2018-01-04 09:15:00,NSE:COALINDIA,272.89999,279.85001,272.20001,277.79999,6919578.0
2018-01-05 09:15:00,NSE:COALINDIA,278.5,280.64999,278.0,278.75,3344950.0
2018-01-08 09:15:00,NSE:COALINDIA,279.0,290.60001,279.0,287.45001,4891781.0
2018-01-09 09:15:00,NSE:COALINDIA,299.70001,311.0,296.64999,304.04999,27639110.0
2018-01-10 09:15:00,NSE:COALINDIA,306.0,309.79999,305.0,308.29999,15300220.0
2018-01-11 09:15:00,NSE:COALINDIA,308.0,310.0,302.95001,308.10001,4703627.0
2018-01-12 09:15:00,NSE:COALINDIA,309.0,310.79999,306.20001,309.0,5119534.0
2018-01-15 09:15:00,NSE:COALINDIA,309.25,310.45001,304.5,305.89999,2643125.0
2018-01-16 09:15:00,NSE:COALINDIA,305.89999,305.89999,290.60001,291.60001,4069770.0
2018-01-17 09:15:00,NSE:COALINDIA,293.0,294.95001,286.29999,290.95001,4360706.0
2018-01-18 09:15:00,NSE:COALINDIA,293.29999,293.79999,278.10001,283.04999,3784420.0
2018-01-19 09:15:00,NSE:COALINDIA,283.04999,285.89999,280.5,284.0,2574759.0
2018-01-22 09:15:00,NSE:COALINDIA,287.10001,289.70001,283.70001,285.04999,3025790.0
2018-01-23 09:15:00,NSE:COALINDIA,285.20001,294.14999,285.20001,293.10001,3974425.0
2018-01-24 09:15:00,NSE:COALINDIA,292.5,298.5,287.0,294.54999,3073618.0
2018-01-25 09:15:00,NSE:COALINDIA,294.54999,302.64999,294.54999,299.39999,6919878.0
2018-01-29 09:15:00,NSE:COALINDIA,298.5,306.0,296.95001,301.75,3557035.0
2018-01-30 09:15:00,NSE:COALINDIA,299.0,307.5,295.20001,305.89999,3085086.0
2018-01-31 09:15:00,NSE:COALINDIA,303.5,304.54999,298.0,299.54999,5198298.0
2018-02-01 09:15:00,NSE:COALINDIA,300.10001,301.14999,290.95001,295.60001,4533542.0
2018-02-02 09:15:00,NSE:COALINDIA,292.10001,297.54999,286.04999,290.35001,6393201.0
2018-02-05 09:15:00,NSE:COALINDIA,293.0,296.0,285.0,294.79999,7795465.0
2018-02-06 09:15:00,NSE:COALINDIA,287.0,292.0,280.10001,290.35001,4674661.0
2018-02-07 09:15:00,NSE:COALINDIA,291.5,299.70001,290.35001,297.60001,7223510.0
2018-02-08 09:15:00,NSE:COALINDIA,297.60001,302.60001,296.70001,300.0,3286814.0
2018-02-09 09:15:00,NSE:COALINDIA,295.10001,304.45001,294.39999,300.14999,4731060.0
2018-02-12 09:15:00,NSE:COALINDIA,303.89999,305.0,297.04999,300.64999,4512970.0
2018-02-14 09:15:00,NSE:COALINDIA,300.0,309.45001,300.0,306.95001,5725179.0
2018-02-15 09:15:00,NSE:COALINDIA,307.5,311.79999,304.64999,308.10001,5219503.0
2018-02-16 09:15:00,NSE:COALINDIA,308.10001,310.45001,302.60001,303.5,1931615.0
2018-02-19 09:15:00,NSE:COALINDIA,303.0,307.39999,301.04999,305.39999,2935183.0
2018-02-20 09:15:00,NSE:COALINDIA,305.0,311.85001,302.0,310.39999,8602002.0
2018-02-21 09:15:00,NSE:COALINDIA,311.0,312.0,305.14999,310.54999,5399556.0
2018-02-22 09:15:00,NSE:COALINDIA,306.5,315.0,306.5,311.54999,7815886.0
2018-02-23 09:15:00,NSE:COALINDIA,310.75,313.85001,308.35001,310.95001,3195456.0
2018-02-26 09:15:00,NSE:COALINDIA,311.25,316.39999,309.0,314.04999,3171308.0
2018-02-27 09:15:00,NSE:COALINDIA,313.64999,316.95001,307.20001,309.0,6667601.0
2018-02-28 09:15:00,NSE:COALINDIA,307.0,311.79999,305.0,309.14999,3731061.0
2018-03-01 09:15:00,NSE:COALINDIA,310.79999,314.14999,308.0,312.89999,2535090.0
2018-03-05 09:15:00,NSE:COALINDIA,310.45001,311.45001,303.95001,305.79999,3593849.0
2018-03-06 09:15:00,NSE:COALINDIA,306.89999,309.45001,301.10001,307.0,3693197.0
2018-03-07 09:15:00,NSE:COALINDIA,306.0,308.95001,302.89999,306.95001,4794848.0
2018-03-08 09:15:00,NSE:COALINDIA,308.0,308.75,302.14999,305.5,2236174.0
2018-03-09 09:15:00,NSE:COALINDIA,305.0,307.5,302.10001,304.04999,2136347.0
2018-03-12 09:15:00,NSE:COALINDIA,305.39999,306.89999,296.0,297.64999,6796993.0
2018-03-13 09:15:00,NSE:COALINDIA,297.5,298.64999,290.0,294.85001,6306692.0
2018-03-14 09:15:00,NSE:COALINDIA,291.0,294.39999,290.70001,293.10001,4406927.0
2018-03-15 09:15:00,NSE:COALINDIA,294.0,298.89999,292.10001,295.5,4487868.0
2018-03-16 09:15:00,NSE:COALINDIA,280.29999,281.39999,276.20001,278.20001,11016304.0
2018-03-19 09:15:00,NSE:COALINDIA,279.5,279.5,269.10001,272.29999,3588096.0
2018-03-20 09:15:00,NSE:COALINDIA,269.10001,273.29999,268.35001,270.25,1804554.0
2018-03-21 09:15:00,NSE:COALINDIA,270.89999,272.54999,269.04999,270.89999,2739537.0
2018-03-22 09:15:00,NSE:COALINDIA,270.0,273.45001,268.0,269.39999,3383841.0
2018-03-23 09:15:00,NSE:COALINDIA,266.64999,271.79999,265.0,269.95001,3980861.0
2018-03-26 09:15:00,NSE:COALINDIA,270.0,274.5,268.04999,273.45001,2277261.0
2018-03-27 09:15:00,NSE:COALINDIA,274.10001,276.79999,272.25,276.20001,1888128.0
2018-03-28 09:15:00,NSE:COALINDIA,274.70001,285.75,272.85001,283.29999,6983849.0
2018-04-02 09:15:00,NSE:COALINDIA,283.35001,283.5,275.14999,277.5,2520975.0
2018-04-03 09:15:00,NSE:COALINDIA,276.20001,279.60001,275.14999,278.95001,1641179.0
2018-04-04 09:15:00,NSE:COALINDIA,278.79999,278.89999,273.20001,274.54999,2946453.0
2018-04-05 09:15:00,NSE:COALINDIA,276.14999,279.5,275.45001,277.79999,1527043.0
2018-04-06 09:15:00,NSE:COALINDIA,277.70001,278.79999,274.5,275.79999,1527251.0
2018-04-09 09:15:00,NSE:COALINDIA,276.35001,276.35001,273.5,274.45001,1254956.0
2018-04-10 09:15:00,NSE:COALINDIA,276.0,281.45001,273.25,280.89999,2351145.0
2018-04-11 09:15:00,NSE:COALINDIA,283.64999,285.35001,278.04999,283.39999,2997141.0
2018-04-12 09:15:00,NSE:COALINDIA,281.54999,282.75,279.10001,281.5,1342136.0
2018-04-13 09:15:00,NSE:COALINDIA,282.5,285.5,280.0,285.0,1836917.0
2018-04-16 09:15:00,NSE:COALINDIA,284.60001,286.79999,283.35001,286.10001,1222199.0
2018-04-17 09:15:00,NSE:COALINDIA,286.25,290.39999,285.45001,287.60001,2999531.0
2018-04-18 09:15:00,NSE:COALINDIA,287.0,288.45001,282.89999,285.10001,1433406.0
2018-04-19 09:15:00,NSE:COALINDIA,285.25,287.25,281.70001,283.20001,2332176.0
2018-04-20 09:15:00,NSE:COALINDIA,283.25,294.95001,282.45001,292.04999,2436310.0
2018-04-23 09:15:00,NSE:COALINDIA,292.0,292.0,288.60001,289.79999,1181306.0
2018-04-24 09:15:00,NSE:COALINDIA,289.0,293.95001,287.14999,290.5,1829965.0
2018-04-25 09:15:00,NSE:COALINDIA,290.10001,293.79999,287.75,290.95001,1612503.0
2018-04-26 09:15:00,NSE:COALINDIA,290.5,292.95001,288.25,290.79999,2781512.0
2018-04-27 09:15:00,NSE:COALINDIA,290.0,292.25,282.5,286.75,2211983.0
2018-04-30 09:15:00,NSE:COALINDIA,287.5,288.0,282.70001,285.0,1710033.0
2018-05-02 09:15:00,NSE:COALINDIA,283.10001,283.45001,279.04999,280.5,2440058.0
2018-05-03 09:15:00,NSE:COALINDIA,278.25,281.79999,276.10001,276.95001,2411190.0
2018-05-04 09:15:00,NSE:COALINDIA,276.79999,277.45001,270.39999,271.29999,2313612.0
2018-05-07 09:15:00,NSE:COALINDIA,273.79999,273.79999,265.29999,267.39999,7181257.0
2018-05-08 09:15:00,NSE:COALINDIA,268.04999,272.0,266.64999,268.14999,3920562.0
2018-05-09 09:15:00,NSE:COALINDIA,268.20001,269.75,266.70001,267.35001,3216449.0
2018-05-10 09:15:00,NSE:COALINDIA,268.79999,272.95001,267.79999,269.35001,3974135.0
2018-05-11 09:15:00,NSE:COALINDIA,272.0,272.29999,269.5,271.0,1778138.0
2018-05-14 09:15:00,NSE:COALINDIA,271.0,273.0,266.70001,270.04999,2415819.0
2018-05-15 09:15:00,NSE:COALINDIA,270.04999,271.25,262.14999,263.5,3867561.0
2018-05-16 09:15:00,NSE:COALINDIA,264.0,265.0,257.29999,263.5,2942029.0
2018-05-17 09:15:00,NSE:COALINDIA,265.89999,273.39999,265.10001,271.5,3850511.0
2018-05-18 09:15:00,NSE:COALINDIA,271.5,274.54999,265.79999,266.79999,1855482.0
2018-05-21 09:15:00,NSE:COALINDIA,267.5,271.5,264.60001,270.25,1798554.0
2018-05-22 09:15:00,NSE:COALINDIA,272.70001,279.89999,271.5,279.04999,3295864.0
2018-05-23 09:15:00,NSE:COALINDIA,277.14999,279.89999,274.75,276.20001,2640683.0
2018-05-24 09:15:00,NSE:COALINDIA,277.0,281.5,274.5,280.10001,2006694.0
2018-05-25 09:15:00,NSE:COALINDIA,280.10001,283.29999,272.54999,275.60001,4274746.0
2018-05-28 09:15:00,NSE:COALINDIA,277.0,287.79999,276.70001,284.79999,3113235.0
2018-05-29 09:15:00,NSE:COALINDIA,286.35001,287.0,276.5,282.35001,5934011.0
2018-05-30 09:15:00,NSE:COALINDIA,281.0,292.5,277.64999,289.04999,9094869.0
2018-05-31 09:15:00,NSE:COALINDIA,292.10001,303.45001,290.0,296.25,11797649.0
2018-06-01 09:15:00,NSE:COALINDIA,293.0,299.70001,290.10001,294.64999,3034848.0
2018-06-04 09:15:00,NSE:COALINDIA,295.20001,297.85001,291.39999,292.60001,1557911.0
2018-06-05 09:15:00,NSE:COALINDIA,293.89999,294.75,283.75,285.25,2305088.0
2018-06-06 09:15:00,NSE:COALINDIA,285.54999,292.25,284.45001,290.64999,5630857.0
2018-06-07 09:15:00,NSE:COALINDIA,289.0,291.0,287.29999,288.89999,2392349.0
2018-06-08 09:15:00,NSE:COALINDIA,288.70001,293.60001,287.0,289.89999,2039196.0
2018-06-11 09:15:00,NSE:COALINDIA,290.0,294.45001,286.14999,287.89999,1745576.0
2018-06-12 09:15:00,NSE:COALINDIA,287.89999,289.79999,283.0,283.54999,2079573.0
2018-06-13 09:15:00,NSE:COALINDIA,284.10001,287.70001,283.64999,284.0,2546696.0
2018-06-14 09:15:00,NSE:COALINDIA,283.79999,286.95001,278.29999,283.20001,1535853.0
2018-06-15 09:15:00,NSE:COALINDIA,286.5,286.5,277.5,279.04999,4279134.0
2018-06-18 09:15:00,NSE:COALINDIA,279.0,279.04999,271.20001,274.20001,2113771.0
2018-06-19 09:15:00,NSE:COALINDIA,272.35001,275.39999,271.29999,272.95001,1987334.0
2018-06-20 09:15:00,NSE:COALINDIA,273.10001,274.0,267.45001,270.60001,3006367.0
2018-06-21 09:15:00,NSE:COALINDIA,270.70001,272.89999,266.29999,267.70001,2506852.0
2018-06-22 09:15:00,NSE:COALINDIA,267.10001,267.70001,263.04999,264.85001,2527709.0
2018-06-25 09:15:00,NSE:COALINDIA,264.0,265.75,257.39999,259.0,4317400.0
2018-06-26 09:15:00,NSE:COALINDIA,258.29999,270.20001,258.20001,265.14999,10472162.0
2018-06-27 09:15:00,NSE:COALINDIA,265.0,267.95001,260.85001,265.89999,4723986.0
2018-06-28 09:15:00,NSE:COALINDIA,266.85001,266.85001,258.64999,260.64999,4384958.0
2018-06-29 09:15:00,NSE:COALINDIA,259.0,265.20001,259.0,264.35001,1958214.0
2018-07-02 09:15:00,NSE:COALINDIA,263.14999,264.0,258.60001,260.54999,4878924.0
2018-07-03 09:15:00,NSE:COALINDIA,262.5,262.70001,259.29999,260.85001,2691217.0
2018-07-04 09:15:00,NSE:COALINDIA,261.04999,266.95001,259.60001,264.35001,3032831.0
2018-07-05 09:15:00,NSE:COALINDIA,264.5,271.75,260.5,270.29999,3044656.0
2018-07-06 09:15:00,NSE:COALINDIA,270.0,271.95001,267.20001,271.20001,2709932.0
2018-07-09 09:15:00,NSE:COALINDIA,272.25,274.20001,269.0,271.14999,2201363.0
2018-07-10 09:15:00,NSE:COALINDIA,271.25,279.70001,270.54999,278.45001,3000636.0
2018-07-11 09:15:00,NSE:COALINDIA,277.0,277.89999,263.75,264.79999,4356413.0
2018-07-12 09:15:00,NSE:COALINDIA,267.0,271.25,264.85001,265.25,3818705.0
2018-07-13 09:15:00,NSE:COALINDIA,266.79999,270.64999,266.29999,267.79999,3573660.0
2018-07-16 09:15:00,NSE:COALINDIA,267.70001,268.0,260.10001,261.14999,1565561.0
2018-07-17 09:15:00,NSE:COALINDIA,261.5,266.79999,261.25,264.75,2595243.0
2018-07-18 09:15:00,NSE:COALINDIA,266.0,268.5,259.95001,262.14999,4114829.0
2018-07-19 09:15:00,NSE:COALINDIA,262.5,263.95001,260.0,261.20001,2026082.0
2018-07-20 09:15:00,NSE:COALINDIA,261.70001,264.89999,258.60001,263.5,1742907.0
2018-07-23 09:15:00,NSE:COALINDIA,262.5,266.25,261.20001,261.70001,1628803.0
2018-07-24 09:15:00,NSE:COALINDIA,263.0,267.39999,262.10001,266.64999,1788316.0
2018-07-25 09:15:00,NSE:COALINDIA,266.20001,266.5,262.5,264.64999,1739791.0
2018-07-26 09:15:00,NSE:COALINDIA,264.64999,266.70001,263.04999,265.10001,5067703.0
2018-07-27 09:15:00,NSE:COALINDIA,266.39999,266.89999,259.64999,262.14999,1894632.0
2018-07-30 09:15:00,NSE:COALINDIA,262.89999,266.60001,261.39999,262.5,2942350.0
2018-07-31 09:15:00,NSE:COALINDIA,263.79999,264.04999,260.35001,261.10001,2740402.0
2018-08-01 09:15:00,NSE:COALINDIA,262.0,272.20001,261.60001,270.64999,5612544.0
2018-08-02 09:15:00,NSE:COALINDIA,274.5,274.95001,271.14999,273.54999,4956127.0
2018-08-03 09:15:00,NSE:COALINDIA,274.0,282.35001,273.64999,279.25,4085402.0
2018-08-06 09:15:00,NSE:COALINDIA,278.85001,285.60001,278.25,283.14999,3484913.0
2018-08-07 09:15:00,NSE:COALINDIA,283.14999,288.75,273.04999,275.39999,7450255.0
2018-08-08 09:15:00,NSE:COALINDIA,275.5,279.45001,274.75,276.0,2520870.0
2018-08-09 09:15:00,NSE:COALINDIA,278.35001,284.0,276.0,280.10001,2927225.0
2018-08-10 09:15:00,NSE:COALINDIA,279.0,279.70001,272.5,275.79999,3772563.0
2018-08-13 09:15:00,NSE:COALINDIA,280.0,284.64999,276.0,279.04999,11139623.0
2018-08-14 09:15:00,NSE:COALINDIA,280.0,283.85001,277.0,282.64999,4627652.0
2018-08-16 09:15:00,NSE:COALINDIA,280.0,286.29999,280.0,282.70001,5176282.0
2018-08-17 09:15:00,NSE:COALINDIA,285.0,286.60001,281.0,281.39999,2099688.0
2018-08-20 09:15:00,NSE:COALINDIA,283.5,290.70001,281.75,284.04999,3933773.0
2018-08-21 09:15:00,NSE:COALINDIA,286.14999,292.60001,285.0,291.39999,9141975.0
2018-08-23 09:15:00,NSE:COALINDIA,291.70001,293.75,287.14999,289.04999,2519637.0
2018-08-24 09:15:00,NSE:COALINDIA,287.85001,293.60001,287.79999,291.0,2713583.0
2018-08-27 09:15:00,NSE:COALINDIA,291.0,295.45001,289.45001,293.14999,2254135.0
2018-08-28 09:15:00,NSE:COALINDIA,295.0,299.75,290.25,294.70001,5513680.0
2018-08-29 09:15:00,NSE:COALINDIA,292.70001,294.35001,285.29999,286.29999,4002186.0
2018-08-30 09:15:00,NSE:COALINDIA,286.45001,290.54999,284.60001,285.60001,3861403.0
2018-08-31 09:15:00,NSE:COALINDIA,286.25,290.5,285.0,285.95001,3716997.0
2018-09-03 09:15:00,NSE:COALINDIA,287.5,289.79999,286.14999,287.64999,1649749.0
2018-09-04 09:15:00,NSE:COALINDIA,288.0,288.89999,278.60001,279.60001,2288405.0
2018-09-05 09:15:00,NSE:COALINDIA,279.89999,279.95001,272.0,277.60001,3826466.0
2018-09-06 09:15:00,NSE:COALINDIA,278.5,284.89999,277.35001,283.64999,2999616.0
2018-09-07 09:15:00,NSE:COALINDIA,284.60001,287.5,283.0,286.54999,2997117.0
2018-09-10 09:15:00,NSE:COALINDIA,286.0,286.35001,278.64999,279.60001,1481435.0
2018-09-11 09:15:00,NSE:COALINDIA,282.79999,288.0,275.79999,283.10001,4990180.0
2018-09-12 09:15:00,NSE:COALINDIA,284.39999,287.60001,279.25,281.54999,2444610.0
2018-09-14 09:15:00,NSE:COALINDIA,283.0,285.89999,277.0,277.35001,2742349.0
2018-09-17 09:15:00,NSE:COALINDIA,277.5,278.14999,273.25,274.95001,2919286.0
2018-09-18 09:15:00,NSE:COALINDIA,274.60001,276.0,268.70001,273.20001,6420009.0
2018-09-19 09:15:00,NSE:COALINDIA,275.0,281.95001,275.0,280.64999,4919007.0
2018-09-21 09:15:00,NSE:COALINDIA,283.20001,286.25,273.60001,275.25,6865912.0
2018-09-24 09:15:00,NSE:COALINDIA,276.0,284.0,275.64999,281.14999,3100325.0
2018-09-25 09:15:00,NSE:COALINDIA,281.14999,285.95001,273.14999,275.25,3583776.0
2018-09-26 09:15:00,NSE:COALINDIA,277.0,277.0,270.20001,272.54999,2300500.0
2018-09-27 09:15:00,NSE:COALINDIA,272.79999,278.0,270.95001,276.25,8043170.0
2018-09-28 09:15:00,NSE:COALINDIA,275.79999,275.79999,264.39999,266.25,5726123.0
2018-10-01 09:15:00,NSE:COALINDIA,266.25,274.0,262.79999,272.79999,2087868.0
2018-10-03 09:15:00,NSE:COALINDIA,273.0,281.0,268.85001,276.75,2987093.0
2018-10-04 09:15:00,NSE:COALINDIA,271.60001,277.79999,268.60001,273.29999,3688374.0
2018-10-05 09:15:00,NSE:COALINDIA,274.0,274.14999,261.29999,263.0,4049564.0
2018-10-08 09:15:00,NSE:COALINDIA,263.0,272.95001,262.5,267.89999,3474214.0
2018-10-09 09:15:00,NSE:COALINDIA,269.89999,277.70001,268.5,273.95001,4336163.0
2018-10-10 09:15:00,NSE:COALINDIA,271.5,276.79999,270.29999,272.70001,3200859.0
2018-10-11 09:15:00,NSE:COALINDIA,268.0,274.5,265.04999,266.60001,3417428.0
2018-10-12 09:15:00,NSE:COALINDIA,269.5,279.89999,268.5,278.60001,2924606.0
2018-10-15 09:15:00,NSE:COALINDIA,279.29999,280.85001,272.75,275.64999,1601283.0
2018-10-16 09:15:00,NSE:COALINDIA,277.20001,278.35001,274.39999,276.39999,1333617.0
2018-10-17 09:15:00,NSE:COALINDIA,279.60001,283.85001,277.20001,279.89999,3081043.0
2018-10-19 09:15:00,NSE:COALINDIA,279.14999,281.20001,274.45001,275.14999,3796642.0
2018-10-22 09:15:00,NSE:COALINDIA,277.5,280.64999,274.10001,275.5,2396693.0
2018-10-23 09:15:00,NSE:COALINDIA,274.5,280.85001,274.29999,277.35001,2496068.0
2018-10-24 09:15:00,NSE:COALINDIA,280.0,280.20001,273.60001,277.25,4457722.0
2018-10-25 09:15:00,NSE:COALINDIA,274.79999,283.95001,274.10001,282.20001,4386393.0
2018-10-26 09:15:00,NSE:COALINDIA,283.10001,283.70001,275.79999,281.10001,3061111.0
2018-10-29 09:15:00,NSE:COALINDIA,281.5,289.20001,277.35001,287.39999,2467759.0
2018-10-30 09:15:00,NSE:COALINDIA,286.14999,286.39999,275.0,275.85001,2757658.0
2018-10-31 09:15:00,NSE:COALINDIA,265.0,267.89999,263.79999,266.14999,17306128.0
2018-11-01 09:15:00,NSE:COALINDIA,264.95001,266.0,260.10001,261.35001,10473803.0
2018-11-02 09:15:00,NSE:COALINDIA,259.0,264.5,258.89999,261.75,38131025.0
2018-11-05 09:15:00,NSE:COALINDIA,261.95001,265.25,261.79999,264.60001,4885178.0
2018-11-06 09:15:00,NSE:COALINDIA,265.0,266.64999,264.20001,266.20001,3082375.0
2018-11-07 09:15:00,NSE:COALINDIA,266.5,267.29999,265.89999,266.95001,791919.0
2018-11-09 09:15:00,NSE:COALINDIA,268.75,271.85001,266.54999,268.45001,10993780.0
2018-11-12 09:15:00,NSE:COALINDIA,270.0,271.39999,263.20001,263.89999,4675510.0
2018-11-13 09:15:00,NSE:COALINDIA,267.5,268.70001,264.14999,265.54999,6900299.0
2018-11-14 09:15:00,NSE:COALINDIA,267.0,267.0,263.75,265.75,2565400.0
2018-11-15 09:15:00,NSE:COALINDIA,265.75,266.5,262.10001,263.14999,1915858.0
2018-11-16 09:15:00,NSE:COALINDIA,264.0,265.79999,261.29999,263.64999,3068376.0
2018-11-19 09:15:00,NSE:COALINDIA,264.5,264.70001,262.64999,264.14999,3190105.0
2018-11-20 09:15:00,NSE:COALINDIA,264.0,265.60001,261.0,261.45001,4253683.0
2018-11-21 09:15:00,NSE:COALINDIA,261.5,263.20001,260.25,260.95001,4772956.0
2018-11-22 09:15:00,NSE:COALINDIA,261.0,261.39999,256.10001,256.64999,2679794.0
2018-11-26 09:15:00,NSE:COALINDIA,256.95001,258.5,247.2,250.75,9857080.0
2018-11-27 09:15:00,NSE:COALINDIA,252.5,254.2,250.14999,251.89999,4368734.0
2018-11-28 09:15:00,NSE:COALINDIA,252.5,253.75,247.25,247.85001,8248590.0
2018-11-29 09:15:00,NSE:COALINDIA,250.0,250.60001,241.0,246.89999,18393945.0
2018-11-30 09:15:00,NSE:COALINDIA,247.0,248.39999,239.05,244.89999,12789209.0
2018-12-03 09:15:00,NSE:COALINDIA,246.0,251.8,245.35001,249.0,6676768.0
2018-12-04 09:15:00,NSE:COALINDIA,248.89999,254.0,248.2,252.25,4526954.0
2018-12-05 09:15:00,NSE:COALINDIA,251.5,252.45,244.0,245.3,3578109.0
2018-12-06 09:15:00,NSE:COALINDIA,244.5,245.64999,239.8,240.60001,4379973.0
2018-12-07 09:15:00,NSE:COALINDIA,241.95,242.45,236.5,236.75,6098755.0
2018-12-10 09:15:00,NSE:COALINDIA,234.75,239.10001,228.35001,238.14999,17424227.0
2018-12-11 09:15:00,NSE:COALINDIA,233.75,244.05,233.75,242.10001,8502316.0
2018-12-12 09:15:00,NSE:COALINDIA,241.5,247.75,239.8,247.0,9121577.0
2018-12-13 09:15:00,NSE:COALINDIA,249.0,249.0,243.0,244.55,6797383.0
2018-12-14 09:15:00,NSE:COALINDIA,244.55,250.39999,242.0,247.14999,7521713.0
2018-12-17 09:15:00,NSE:COALINDIA,249.10001,253.7,246.2,251.45,9686146.0
2018-12-18 09:15:00,NSE:COALINDIA,252.5,253.85001,249.05,251.85001,6477964.0
2018-12-19 09:15:00,NSE:COALINDIA,252.7,253.3,250.0,251.0,5294565.0
2018-12-20 09:15:00,NSE:COALINDIA,248.60001,254.5,248.0,250.55,8601671.0
2018-12-21 09:15:00,NSE:COALINDIA,250.89999,253.35001,247.14999,252.75,12802364.0
2018-12-24 09:15:00,NSE:COALINDIA,254.0,254.0,246.89999,248.3,4368190.0
2018-12-26 09:15:00,NSE:COALINDIA,248.3,250.39999,246.0,247.05,5069728.0
2018-12-27 09:15:00,NSE:COALINDIA,249.5,254.0,243.85001,250.2,26011475.0
2018-12-28 09:15:00,NSE:COALINDIA,242.89999,243.35001,239.75,242.3,10583895.0
2018-12-31 09:15:00,NSE:COALINDIA,242.7,244.39999,240.10001,240.75,3549194.0
2019-01-01 09:15:00,NSE:COALINDIA,241.0,242.45,240.25,241.5,2227003.0
2019-01-02 09:15:00,NSE:COALINDIA,240.89999,241.45,236.05,236.7,3897893.0
2019-01-03 09:15:00,NSE:COALINDIA,238.7,238.7,233.2,235.0,5664136.0
2019-01-04 09:15:00,NSE:COALINDIA,234.10001,237.7,233.75,236.5,2885669.0
2019-01-07 09:15:00,NSE:COALINDIA,238.0,238.0,233.5,234.5,7347326.0
2019-01-08 09:15:00,NSE:COALINDIA,234.5,235.14999,232.14999,233.3,4206563.0
2019-01-09 09:15:00,NSE:COALINDIA,234.2,234.85001,231.8,232.64999,2954253.0
2019-01-10 09:15:00,NSE:COALINDIA,233.8,233.95,232.05,233.0,2292058.0
2019-01-11 09:15:00,NSE:COALINDIA,233.7,233.75,231.5,232.25,2446815.0
2019-01-14 09:15:00,NSE:COALINDIA,232.39999,232.5,229.05,230.89999,2273231.0
2019-01-15 09:15:00,NSE:COALINDIA,231.5,233.60001,231.05,232.64999,2323323.0
2019-01-16 09:15:00,NSE:COALINDIA,232.8,233.39999,231.55,232.05,2050899.0
2019-01-17 09:15:00,NSE:COALINDIA,232.75,232.75,230.39999,232.05,3220136.0
2019-01-18 09:15:00,NSE:COALINDIA,232.14999,232.55,229.60001,230.0,2944908.0
2019-01-21 09:15:00,NSE:COALINDIA,230.45,231.25,228.14999,229.0,1904575.0
2019-01-22 09:15:00,NSE:COALINDIA,228.45,230.35001,225.8,227.75,4564028.0
2019-01-23 09:15:00,NSE:COALINDIA,227.8,228.0,225.25,225.55,2328748.0
2019-01-24 09:15:00,NSE:COALINDIA,225.7,226.25,223.0,223.85001,2838220.0
2019-01-25 09:15:00,NSE:COALINDIA,224.25,226.2,220.10001,220.95,3432012.0
2019-01-28 09:15:00,NSE:COALINDIA,221.25,227.5,218.05,225.2,3917992.0
2019-01-29 09:15:00,NSE:COALINDIA,225.39999,225.85001,221.14999,222.55,3850399.0
2019-01-30 09:15:00,NSE:COALINDIA,222.0,228.0,220.55,225.2,7349253.0
2019-01-31 09:15:00,NSE:COALINDIA,226.5,227.5,223.05,224.64999,15389786.0
2019-02-01 09:15:00,NSE:COALINDIA,224.35001,226.7,222.75,223.2,2820146.0
2019-02-04 09:15:00,NSE:COALINDIA,223.3,224.2,220.05,222.10001,3417620.0
2019-02-05 09:15:00,NSE:COALINDIA,222.0,223.39999,215.7,216.39999,5557034.0
2019-02-06 09:15:00,NSE:COALINDIA,216.5,220.7,216.35001,219.95,3707342.0
2019-02-07 09:15:00,NSE:COALINDIA,220.8,224.64999,220.14999,224.2,3111207.0
2019-02-08 09:15:00,NSE:COALINDIA,223.89999,225.64999,217.60001,218.64999,2962142.0
2019-02-11 09:15:00,NSE:COALINDIA,217.7,220.35001,214.14999,218.8,4580373.0
2019-02-12 09:15:00,NSE:COALINDIA,219.8,223.89999,219.35001,223.05,7857592.0
2019-02-13 09:15:00,NSE:COALINDIA,226.0,228.0,219.55,220.25,12051126.0
2019-02-14 09:15:00,NSE:COALINDIA,217.0,219.7,211.39999,217.2,14953813.0
2019-02-15 09:15:00,NSE:COALINDIA,219.89999,221.5,214.7,219.95,11511255.0
2019-02-18 09:15:00,NSE:COALINDIA,218.0,218.0,214.8,215.14999,3651021.0
2019-02-19 09:15:00,NSE:COALINDIA,215.25,218.95,213.55,214.25,5288764.0
2019-02-20 09:15:00,NSE:COALINDIA,214.8,216.39999,213.55,214.95,6637981.0
2019-02-21 09:15:00,NSE:COALINDIA,215.05,215.7,213.2,213.7,4081685.0
2019-02-22 09:15:00,NSE:COALINDIA,214.85001,216.89999,213.45,214.95,5229408.0
2019-02-25 09:15:00,NSE:COALINDIA,216.0,216.7,212.7,214.35001,9386982.0
2019-02-26 09:15:00,NSE:COALINDIA,213.3,222.0,213.0,220.14999,11886116.0
2019-02-27 09:15:00,NSE:COALINDIA,221.5,224.39999,219.60001,221.45,8604781.0
2019-02-28 09:15:00,NSE:COALINDIA,223.5,229.89999,222.14999,228.3,32625237.0
2019-03-01 09:15:00,NSE:COALINDIA,228.8,233.0,226.60001,232.64999,9526492.0
2019-03-05 09:15:00,NSE:COALINDIA,233.39999,242.0,232.7,241.14999,9391114.0
2019-03-06 09:15:00,NSE:COALINDIA,241.14999,246.2,238.0,242.75,9535153.0
2019-03-07 09:15:00,NSE:COALINDIA,243.0,243.0,233.35001,235.0,7181084.0
2019-03-08 09:15:00,NSE:COALINDIA,233.10001,237.5,229.60001,234.89999,12803612.0
2019-03-11 09:15:00,NSE:COALINDIA,236.7,245.0,235.25,243.39999,19931174.0
2019-03-12 09:15:00,NSE:COALINDIA,245.0,246.89999,241.2,242.95,9766818.0
2019-03-13 09:15:00,NSE:COALINDIA,242.0,242.0,233.8,238.64999,17949230.0
2019-03-14 09:15:00,NSE:COALINDIA,240.89999,244.10001,238.5,243.2,13627811.0
2019-03-15 09:15:00,NSE:COALINDIA,238.85001,246.14999,238.0,244.35001,16465364.0
2019-03-18 09:15:00,NSE:COALINDIA,243.95,245.60001,242.0,244.2,5518089.0
2019-03-19 09:15:00,NSE:COALINDIA,244.55,247.89999,241.35001,242.89999,10839789.0
2019-03-20 09:15:00,NSE:COALINDIA,244.60001,244.60001,236.0,237.0,20268896.0
2019-03-22 09:15:00,NSE:COALINDIA,232.7,233.8,230.0,231.95,14139706.0
2019-03-25 09:15:00,NSE:COALINDIA,233.0,239.45,231.35001,237.2,7458064.0
2019-03-26 09:15:00,NSE:COALINDIA,237.25,242.75,234.3,236.45,7475564.0
2019-03-27 09:15:00,NSE:COALINDIA,236.39999,238.10001,233.60001,234.45,4777913.0
2019-03-28 09:15:00,NSE:COALINDIA,234.39999,237.64999,232.75,236.10001,20584925.0
2019-03-29 09:15:00,NSE:COALINDIA,236.5,239.3,233.5,237.2,14086653.0
2019-04-01 09:15:00,NSE:COALINDIA,238.10001,238.10001,231.5,236.39999,13985622.0
2019-04-02 09:15:00,NSE:COALINDIA,238.95,239.5,235.55,236.39999,7356923.0
2019-04-03 09:15:00,NSE:COALINDIA,236.5,236.95,233.0,234.10001,5120392.0
2019-04-04 09:15:00,NSE:COALINDIA,235.0,235.55,232.55,234.8,3948463.0
2019-04-05 09:15:00,NSE:COALINDIA,235.0,236.2,233.7,234.7,3044309.0
2019-04-08 09:15:00,NSE:COALINDIA,235.0,236.2,231.60001,232.95,4374595.0
2019-04-09 09:15:00,NSE:COALINDIA,233.0,239.5,232.3,238.39999,9383394.0
2019-04-10 09:15:00,NSE:COALINDIA,238.89999,242.89999,238.39999,240.05,8657560.0
2019-04-11 09:15:00,NSE:COALINDIA,240.10001,241.60001,238.60001,240.95,3347291.0
2019-04-12 09:15:00,NSE:COALINDIA,242.0,242.0,239.45,240.8,3442878.0
2019-04-15 09:15:00,NSE:COALINDIA,244.0,251.95,243.25,250.0,15659370.0
2019-04-16 09:15:00,NSE:COALINDIA,252.0,256.70001,248.05,251.60001,71315879.0
2019-04-18 09:15:00,NSE:COALINDIA,251.75,252.89999,249.60001,251.45,7981706.0
2019-04-22 09:15:00,NSE:COALINDIA,251.45,252.5,248.95,252.05,4703770.0
2019-04-23 09:15:00,NSE:COALINDIA,251.0,256.10001,251.0,255.5,7446838.0
2019-04-24 09:15:00,NSE:COALINDIA,256.0,258.29999,253.39999,254.0,14221692.0
2019-04-25 09:15:00,NSE:COALINDIA,254.85001,255.2,248.3,251.64999,20305140.0
2019-04-26 09:15:00,NSE:COALINDIA,253.5,255.5,250.0,250.5,2428140.0
2019-04-30 09:15:00,NSE:COALINDIA,250.5,253.5,246.60001,252.14999,6190464.0
2019-05-02 09:15:00,NSE:COALINDIA,251.60001,254.89999,250.45,252.35001,5411707.0
2019-05-03 09:15:00,NSE:COALINDIA,253.05,256.0,251.3,252.10001,5010129.0
2019-05-06 09:15:00,NSE:COALINDIA,250.10001,253.2,248.05,251.35001,3270067.0
2019-05-07 09:15:00,NSE:COALINDIA,252.0,255.25,247.7,248.8,4320204.0
2019-05-08 09:15:00,NSE:COALINDIA,249.60001,252.10001,248.55,249.10001,4215463.0
2019-05-09 09:15:00,NSE:COALINDIA,249.10001,250.64999,241.14999,242.3,6993406.0
2019-05-10 09:15:00,NSE:COALINDIA,242.0,244.95,240.0,241.25,5294698.0
2019-05-13 09:15:00,NSE:COALINDIA,241.75,242.89999,237.60001,242.10001,3539800.0
2019-05-14 09:15:00,NSE:COALINDIA,241.0,243.0,238.8,241.8,3301180.0
2019-05-15 09:15:00,NSE:COALINDIA,241.75,242.39999,233.45,235.10001,5134147.0
2019-05-16 09:15:00,NSE:COALINDIA,235.14999,236.7,229.55,232.14999,4788978.0
2019-05-17 09:15:00,NSE:COALINDIA,233.10001,238.0,232.35001,236.14999,7517604.0
2019-05-20 09:15:00,NSE:COALINDIA,241.89999,242.89999,235.8,237.7,6976701.0
2019-05-21 09:15:00,NSE:COALINDIA,239.7,241.45,234.5,237.2,5817365.0
2019-05-22 09:15:00,NSE:COALINDIA,237.64999,242.0,237.10001,241.25,3916767.0
2019-05-23 09:15:00,NSE:COALINDIA,243.0,245.0,239.7,244.14999,4979182.0
2019-05-24 09:15:00,NSE:COALINDIA,244.75,245.95,241.39999,244.89999,2407824.0
2019-05-27 09:15:00,NSE:COALINDIA,244.89999,246.45,243.10001,244.10001,1947123.0
2019-05-28 09:15:00,NSE:COALINDIA,244.89999,251.8,244.45,250.7,13294021.0
2019-05-29 09:15:00,NSE:COALINDIA,249.89999,251.60001,247.45,250.7,3325742.0
2019-05-30 09:15:00,NSE:COALINDIA,251.95,255.25,249.10001,252.95,16592348.0
2019-05-31 09:15:00,NSE:COALINDIA,261.0,262.95001,252.2,253.5,22235393.0
2019-06-03 09:15:00,NSE:COALINDIA,255.0,261.89999,253.2,260.89999,6895062.0
2019-06-04 09:15:00,NSE:COALINDIA,258.79999,264.14999,258.10001,263.39999,6111033.0
2019-06-06 09:15:00,NSE:COALINDIA,263.89999,271.45001,263.64999,269.14999,11211307.0
2019-06-07 09:15:00,NSE:COALINDIA,269.10001,269.70001,263.60001,265.54999,4860923.0
2019-06-10 09:15:00,NSE:COALINDIA,267.0,268.0,257.70001,259.29999,4916941.0
2019-06-11 09:15:00,NSE:COALINDIA,260.39999,262.45001,257.54999,258.75,4303321.0
2019-06-12 09:15:00,NSE:COALINDIA,258.70001,258.89999,255.39999,257.0,3093642.0
2019-06-13 09:15:00,NSE:COALINDIA,256.0,258.70001,253.60001,255.60001,3433631.0
2019-06-14 09:15:00,NSE:COALINDIA,255.35001,256.89999,253.45,255.14999,2805760.0
2019-06-17 09:15:00,NSE:COALINDIA,255.0,257.64999,250.7,255.3,5008880.0
2019-06-18 09:15:00,NSE:COALINDIA,255.45,260.89999,255.25,260.35001,4171426.0
2019-06-19 09:15:00,NSE:COALINDIA,260.5,262.60001,255.14999,257.04999,2982858.0
2019-06-20 09:15:00,NSE:COALINDIA,256.0,261.0,256.0,260.35001,3042607.0
2019-06-21 09:15:00,NSE:COALINDIA,260.0,265.35001,251.89999,254.25,20185830.0
2019-06-24 09:15:00,NSE:COALINDIA,255.89999,258.25,253.35001,256.75,2633348.0
2019-06-25 09:15:00,NSE:COALINDIA,255.0,259.0,254.55,258.35001,2590646.0
2019-06-26 09:15:00,NSE:COALINDIA,257.89999,263.25,257.14999,260.29999,4030718.0
2019-06-27 09:15:00,NSE:COALINDIA,259.25,261.70001,258.0,259.39999,13174124.0
2019-06-28 09:15:00,NSE:COALINDIA,259.45001,260.79999,253.0,253.8,4626498.0
2019-07-01 09:15:00,NSE:COALINDIA,254.25,256.39999,248.0,249.25,4839632.0
2019-07-02 09:15:00,NSE:COALINDIA,248.3,253.0,247.10001,252.7,3955456.0
2019-07-03 09:15:00,NSE:COALINDIA,252.7,254.14999,250.3,250.95,2828456.0
2019-07-04 09:15:00,NSE:COALINDIA,251.35001,252.85001,249.45,251.10001,2555817.0
2019-07-05 09:15:00,NSE:COALINDIA,251.5,253.2,240.85001,241.89999,4271783.0
2019-07-08 09:15:00,NSE:COALINDIA,241.39999,241.45,230.45,232.39999,4588708.0
2019-07-09 09:15:00,NSE:COALINDIA,232.5,235.2,228.2,229.60001,9158261.0
2019-07-10 09:15:00,NSE:COALINDIA,231.39999,234.5,230.05,233.35001,5900374.0
2019-07-11 09:15:00,NSE:COALINDIA,235.0,235.75,232.60001,234.89999,4033341.0
2019-07-12 09:15:00,NSE:COALINDIA,234.89999,236.35001,229.3,231.25,6741721.0
2019-07-15 09:15:00,NSE:COALINDIA,231.0,231.7,228.25,230.39999,3265924.0
2019-07-16 09:15:00,NSE:COALINDIA,229.45,233.64999,229.35001,232.8,3739400.0
2019-07-17 09:15:00,NSE:COALINDIA,232.0,234.14999,229.0,230.0,5404435.0
2019-07-18 09:15:00,NSE:COALINDIA,230.0,230.89999,219.5,220.3,8729774.0
2019-07-19 09:15:00,NSE:COALINDIA,222.0,224.05,217.39999,221.89999,19100281.0
2019-07-22 09:15:00,NSE:COALINDIA,222.8,223.14999,216.35001,221.39999,5607789.0
2019-07-23 09:15:00,NSE:COALINDIA,222.0,222.89999,217.0,218.05,4983571.0
2019-07-24 09:15:00,NSE:COALINDIA,218.39999,219.45,215.39999,216.85001,4877895.0
2019-07-25 09:15:00,NSE:COALINDIA,217.64999,217.64999,208.10001,209.05,19251346.0
2019-07-26 09:15:00,NSE:COALINDIA,209.0,212.95,205.5,210.64999,10490177.0
2019-07-29 09:15:00,NSE:COALINDIA,210.64999,212.60001,204.5,205.39999,11715160.0
2019-07-30 09:15:00,NSE:COALINDIA,205.60001,206.8,198.0,199.55,10527314.0
2019-07-31 09:15:00,NSE:COALINDIA,199.2,206.0,197.05,204.45,10992207.0
2019-08-01 09:15:00,NSE:COALINDIA,205.25,205.25,200.5,202.45,6018424.0
2019-08-02 09:15:00,NSE:COALINDIA,200.89999,201.05,195.35001,197.2,6376599.0
2019-08-05 09:15:00,NSE:COALINDIA,196.0,202.89999,193.10001,200.60001,8942376.0
2019-08-06 09:15:00,NSE:COALINDIA,198.55,207.75,198.55,205.10001,12536563.0
2019-08-07 09:15:00,NSE:COALINDIA,204.2,209.10001,201.75,206.10001,9270695.0
2019-08-08 09:15:00,NSE:COALINDIA,206.14999,213.3,204.85001,211.85001,8622272.0
2019-08-09 09:15:00,NSE:COALINDIA,213.89999,214.0,207.0,207.60001,7027377.0
2019-08-13 09:15:00,NSE:COALINDIA,207.89999,211.45,202.5,203.75,6907370.0
2019-08-14 09:15:00,NSE:COALINDIA,208.5,208.5,195.64999,200.5,16687905.0
2019-08-16 09:15:00,NSE:COALINDIA,200.0,202.85001,199.7,201.95,12556891.0
2019-08-19 09:15:00,NSE:COALINDIA,202.7,203.10001,198.55,198.95,5848151.0
2019-08-20 09:15:00,NSE:COALINDIA,199.39999,199.5,194.39999,195.3,7496337.0
2019-08-21 09:15:00,NSE:COALINDIA,195.0,195.45,188.10001,188.8,10788976.0
2019-08-22 09:15:00,NSE:COALINDIA,188.0,188.45,177.7,180.85001,13370852.0
2019-08-23 09:15:00,NSE:COALINDIA,180.85001,189.39999,180.14999,188.0,11447263.0
2019-08-26 09:15:00,NSE:COALINDIA,191.0,191.89999,182.55,188.75,8851543.0
2019-08-27 09:15:00,NSE:COALINDIA,190.0,194.25,189.0,191.85001,11357212.0
2019-08-28 09:15:00,NSE:COALINDIA,189.0,192.60001,184.2,185.05,10791130.0
2019-08-29 09:15:00,NSE:COALINDIA,183.3,190.3,182.10001,189.0,31069292.0
2019-08-30 09:15:00,NSE:COALINDIA,189.75,190.45,182.14999,184.75,11880019.0
2019-09-03 09:15:00,NSE:COALINDIA,183.0,185.7,180.05,181.05,7054535.0
2019-09-04 09:15:00,NSE:COALINDIA,181.05,183.39999,179.10001,182.14999,6030798.0
2019-09-05 09:15:00,NSE:COALINDIA,183.89999,196.39999,183.8,194.85001,29083353.0
2019-09-06 09:15:00,NSE:COALINDIA,196.14999,199.5,192.8,198.60001,16095238.0
2019-09-09 09:15:00,NSE:COALINDIA,198.10001,200.10001,196.8,199.35001,5382211.0
2019-09-11 09:15:00,NSE:COALINDIA,199.8,203.0,195.55,196.7,8755389.0
2019-09-12 09:15:00,NSE:COALINDIA,197.60001,199.2,195.39999,197.7,6446408.0
2019-09-13 09:15:00,NSE:COALINDIA,198.64999,199.60001,194.5,198.2,6979583.0
2019-09-16 09:15:00,NSE:COALINDIA,197.64999,201.2,196.60001,200.55,3961273.0
2019-09-17 09:15:00,NSE:COALINDIA,200.60001,200.60001,196.0,197.60001,5885854.0
2019-09-18 09:15:00,NSE:COALINDIA,198.45,199.2,191.75,192.35001,5488038.0
2019-09-19 09:15:00,NSE:COALINDIA,191.3,194.5,189.5,193.45,7916117.0
2019-09-20 09:15:00,NSE:COALINDIA,193.7,202.39999,188.85001,200.05,30567231.0
2019-09-23 09:15:00,NSE:COALINDIA,205.5,208.39999,200.55,202.7,9396444.0
2019-09-24 09:15:00,NSE:COALINDIA,203.60001,205.7,197.10001,198.14999,9662821.0
2019-09-25 09:15:00,NSE:COALINDIA,193.0,198.7,191.14999,192.60001,6873148.0
2019-09-26 09:15:00,NSE:COALINDIA,190.64999,204.85001,189.55,203.3,20274950.0
2019-09-27 09:15:00,NSE:COALINDIA,203.3,204.8,196.7,199.35001,10240429.0
2019-09-30 09:15:00,NSE:COALINDIA,197.5,200.75,196.55,199.85001,7578946.0
2019-10-01 09:15:00,NSE:COALINDIA,200.0,200.60001,190.75,194.10001,10416295.0
2019-10-03 09:15:00,NSE:COALINDIA,193.0,193.0,185.25,186.75,12270678.0
2019-10-04 09:15:00,NSE:COALINDIA,187.7,189.35001,182.14999,185.8,12238072.0
2019-10-07 09:15:00,NSE:COALINDIA,186.95,188.2,183.0,184.39999,6160378.0
2019-10-09 09:15:00,NSE:COALINDIA,184.8,186.7,183.0,185.35001,5808768.0
2019-10-10 09:15:00,NSE:COALINDIA,185.0,185.89999,183.7,184.55,4047661.0
2019-10-11 09:15:00,NSE:COALINDIA,185.25,190.25,185.25,189.05,7104915.0
2019-10-14 09:15:00,NSE:COALINDIA,189.60001,190.8,187.95,190.10001,6340044.0
2019-10-15 09:15:00,NSE:COALINDIA,189.0,192.7,188.05,191.14999,5459056.0
2019-10-16 09:15:00,NSE:COALINDIA,192.3,196.2,191.35001,194.55,7396404.0
2019-10-17 09:15:00,NSE:COALINDIA,194.0,199.95,192.89999,199.39999,6611768.0
2019-10-18 09:15:00,NSE:COALINDIA,198.8,206.5,197.75,205.95,12709671.0
2019-10-22 09:15:00,NSE:COALINDIA,206.0,209.95,203.3,208.8,9795154.0
2019-10-23 09:15:00,NSE:COALINDIA,209.39999,211.7,206.55,208.8,7137614.0
2019-10-24 09:15:00,NSE:COALINDIA,210.0,210.0,204.39999,205.2,8470734.0
2019-10-25 09:15:00,NSE:COALINDIA,206.60001,208.8,201.55,202.85001,6124417.0
2019-10-29 09:15:00,NSE:COALINDIA,204.0,210.45,199.60001,209.75,6925785.0
2019-10-30 09:15:00,NSE:COALINDIA,210.75,210.95,205.60001,206.25,4487164.0
2019-10-31 09:15:00,NSE:COALINDIA,207.0,209.0,206.0,207.55,6655719.0
2019-11-01 09:15:00,NSE:COALINDIA,205.0,208.0,201.85001,207.10001,7118433.0
2019-11-04 09:15:00,NSE:COALINDIA,206.0,215.60001,205.8,215.0,8489492.0
2019-11-05 09:15:00,NSE:COALINDIA,217.0,217.55,209.60001,211.14999,12681517.0
2019-11-06 09:15:00,NSE:COALINDIA,211.39999,214.85001,211.14999,212.39999,4344694.0
2019-11-07 09:15:00,NSE:COALINDIA,213.5,213.75,210.89999,212.5,3529240.0
2019-11-08 09:15:00,NSE:COALINDIA,212.60001,216.0,208.10001,209.25,6324778.0
2019-11-11 09:15:00,NSE:COALINDIA,208.95,210.8,205.75,209.85001,3485203.0
2019-11-13 09:15:00,NSE:COALINDIA,215.89999,216.0,206.2,207.25,12228149.0
2019-11-14 09:15:00,NSE:COALINDIA,208.5,208.5,201.75,202.35001,4889669.0
2019-11-15 09:15:00,NSE:COALINDIA,202.95,204.5,200.5,201.14999,4544919.0
2019-11-18 09:15:00,NSE:COALINDIA,202.0,202.0,198.25,200.3,5894876.0
2019-11-19 09:15:00,NSE:COALINDIA,200.95,201.3,198.25,199.60001,3836452.0
2019-11-20 09:15:00,NSE:COALINDIA,199.89999,204.0,199.45,203.05,4456738.0
2019-11-21 09:15:00,NSE:COALINDIA,203.0,203.64999,195.8,196.60001,4650473.0
2019-11-22 09:15:00,NSE:COALINDIA,196.95,199.35001,196.3,199.0,4335573.0
2019-11-25 09:15:00,NSE:COALINDIA,199.10001,201.64999,198.45,200.7,3884393.0
2019-11-26 09:15:00,NSE:COALINDIA,201.0,202.10001,196.2,197.75,8027053.0
2019-11-27 09:15:00,NSE:COALINDIA,197.5,201.7,196.2,201.0,4378518.0
2019-11-28 09:15:00,NSE:COALINDIA,200.55,206.35001,199.8,205.85001,7855291.0
2019-11-29 09:15:00,NSE:COALINDIA,206.39999,208.8,203.85001,205.25,5422867.0
2019-12-02 09:15:00,NSE:COALINDIA,205.2,206.39999,202.25,205.85001,3284647.0
2019-12-03 09:15:00,NSE:COALINDIA,206.5,206.7,204.0,205.60001,2619997.0
2019-12-04 09:15:00,NSE:COALINDIA,204.60001,205.0,201.14999,202.75,5343182.0
2019-12-05 09:15:00,NSE:COALINDIA,202.5,203.10001,195.64999,196.39999,6745934.0
2019-12-06 09:15:00,NSE:COALINDIA,196.39999,197.0,190.89999,192.0,5644775.0
2019-12-09 09:15:00,NSE:COALINDIA,191.95,193.60001,191.0,191.64999,3992473.0
2019-12-10 09:15:00,NSE:COALINDIA,192.0,192.45,186.55,187.2,4431410.0
2019-12-11 09:15:00,NSE:COALINDIA,188.3,189.35001,185.0,187.14999,8520046.0
2019-12-12 09:15:00,NSE:COALINDIA,188.3,190.85001,186.25,190.14999,8081188.0
2019-12-13 09:15:00,NSE:COALINDIA,191.7,196.89999,191.3,196.25,5851149.0
2019-12-16 09:15:00,NSE:COALINDIA,197.0,197.3,192.0,192.60001,3154315.0
2019-12-17 09:15:00,NSE:COALINDIA,193.45,196.5,192.05,196.2,3652710.0
2019-12-18 09:15:00,NSE:COALINDIA,195.85001,198.5,194.8,197.75,3623918.0
2019-12-19 09:15:00,NSE:COALINDIA,197.39999,198.10001,195.25,196.89999,2015809.0
2019-12-20 09:15:00,NSE:COALINDIA,196.85001,202.7,196.14999,200.8,5806708.0
2019-12-23 09:15:00,NSE:COALINDIA,200.60001,202.35001,196.3,197.25,6665480.0
2019-12-24 09:15:00,NSE:COALINDIA,197.8,199.7,197.39999,198.95,3113553.0
2019-12-26 09:15:00,NSE:COALINDIA,198.39999,201.39999,195.2,197.3,8630191.0
2019-12-27 09:15:00,NSE:COALINDIA,198.5,205.5,197.64999,203.5,5046833.0
2019-12-30 09:15:00,NSE:COALINDIA,203.55,206.25,201.2,205.8,4696784.0
2019-12-31 09:15:00,NSE:COALINDIA,205.0,212.45,204.45,211.35001,10534842.0
2020-01-01 09:15:00,NSE:COALINDIA,211.35001,212.60001,208.39999,211.95,6447592.0
2020-01-02 09:15:00,NSE:COALINDIA,212.5,212.8,208.3,211.10001,5958343.0
2020-01-03 09:15:00,NSE:COALINDIA,210.0,212.60001,207.7,211.85001,6452638.0
2020-01-06 09:15:00,NSE:COALINDIA,209.95,209.95,203.45,205.7,6853058.0
2020-01-07 09:15:00,NSE:COALINDIA,206.5,208.2,204.35001,205.7,5243225.0
2020-01-08 09:15:00,NSE:COALINDIA,203.0,204.55,198.2,200.2,7295998.0
2020-01-09 09:15:00,NSE:COALINDIA,203.25,203.7,197.35001,198.0,10321169.0
2020-01-10 09:15:00,NSE:COALINDIA,199.14999,206.55,198.95,205.3,13533598.0
2020-01-13 09:15:00,NSE:COALINDIA,205.3,212.0,205.0,211.55,9863555.0
2020-01-14 09:15:00,NSE:COALINDIA,211.14999,213.5,209.75,212.95,5417581.0
2020-01-15 09:15:00,NSE:COALINDIA,212.60001,214.60001,211.3,212.45,4863227.0
2020-01-16 09:15:00,NSE:COALINDIA,212.45,212.7,207.10001,210.25,6937929.0
2020-01-17 09:15:00,NSE:COALINDIA,210.0,210.55,206.10001,207.89999,5985342.0
2020-01-20 09:15:00,NSE:COALINDIA,208.0,209.8,200.5,201.14999,8110607.0
2020-01-21 09:15:00,NSE:COALINDIA,201.14999,205.25,201.14999,202.14999,6347967.0
2020-01-22 09:15:00,NSE:COALINDIA,199.10001,199.39999,190.95,191.89999,19096395.0
2020-01-23 09:15:00,NSE:COALINDIA,192.05,195.2,189.85001,190.75,16369722.0
2020-01-24 09:15:00,NSE:COALINDIA,193.0,196.3,192.14999,193.95,10626281.0
2020-01-27 09:15:00,NSE:COALINDIA,193.95,195.0,192.0,193.35001,7195361.0
2020-01-28 09:15:00,NSE:COALINDIA,193.89999,194.25,188.39999,189.14999,10274562.0
2020-01-29 09:15:00,NSE:COALINDIA,191.0,193.0,188.0,191.05,10602818.0
2020-01-30 09:15:00,NSE:COALINDIA,191.39999,192.35001,187.5,187.95,10859103.0
2020-01-31 09:15:00,NSE:COALINDIA,188.8,189.45,180.0,181.7,35281395.0
2020-02-01 09:15:00,NSE:COALINDIA,182.0,182.0,171.05,173.5,23303943.0
2020-02-03 09:15:00,NSE:COALINDIA,174.89999,179.45,172.14999,178.64999,15284598.0
2020-02-04 09:15:00,NSE:COALINDIA,180.75,183.0,179.75,182.5,10043759.0
2020-02-05 09:15:00,NSE:COALINDIA,184.0,184.0,178.5,179.25,9468632.0
2020-02-06 09:15:00,NSE:COALINDIA,180.2,181.60001,178.25,179.95,6917941.0
2020-02-07 09:15:00,NSE:COALINDIA,180.3,186.05,178.10001,185.05,13470302.0
2020-02-10 09:15:00,NSE:COALINDIA,184.89999,185.0,177.64999,178.85001,19665611.0
2020-02-11 09:15:00,NSE:COALINDIA,180.0,181.5,176.25,179.35001,16397703.0
2020-02-12 09:15:00,NSE:COALINDIA,181.0,183.39999,178.2,180.3,14669421.0
2020-02-13 09:15:00,NSE:COALINDIA,180.3,180.95,175.85001,177.8,11781999.0
2020-02-14 09:15:00,NSE:COALINDIA,178.0,178.89999,174.2,174.75,15392705.0
2020-02-17 09:15:00,NSE:COALINDIA,174.75,175.2,166.8,167.85001,15997350.0
2020-02-18 09:15:00,NSE:COALINDIA,168.10001,173.95,165.0,171.85001,27643844.0
2020-02-19 09:15:00,NSE:COALINDIA,176.35001,178.55,174.25,177.75,21092109.0
2020-02-20 09:15:00,NSE:COALINDIA,177.75,180.25,175.2,179.35001,16776977.0
2020-02-24 09:15:00,NSE:COALINDIA,178.75,178.89999,173.3,174.85001,9952676.0
2020-02-25 09:15:00,NSE:COALINDIA,176.10001,178.7,174.2,175.10001,13534936.0
2020-02-26 09:15:00,NSE:COALINDIA,174.2,177.75,172.64999,173.8,10925243.0
2020-02-27 09:15:00,NSE:COALINDIA,173.75,174.55,169.60001,174.10001,11500515.0
2020-02-28 09:15:00,NSE:COALINDIA,171.55,171.8,166.75,168.39999,14694382.0
2020-03-02 09:15:00,NSE:COALINDIA,172.64999,175.0,168.3,169.35001,11962711.0
2020-03-03 09:15:00,NSE:COALINDIA,171.35001,179.64999,170.89999,178.2,17015816.0
2020-03-04 09:15:00,NSE:COALINDIA,178.25,179.8,174.10001,178.10001,9858330.0
2020-03-05 09:15:00,NSE:COALINDIA,180.0,180.2,172.2,177.14999,12349902.0
2020-03-06 09:15:00,NSE:COALINDIA,166.7,173.0,166.5,168.75,10629291.0
2020-03-09 09:15:00,NSE:COALINDIA,165.8,166.7,156.95,157.95,23967961.0
2020-03-11 09:15:00,NSE:COALINDIA,158.10001,169.89999,157.05,168.0,28399809.0
2020-03-12 09:15:00,NSE:COALINDIA,161.0,163.0,150.10001,154.55,33250978.0
2020-03-13 09:15:00,NSE:COALINDIA,146.25,161.55,123.65,154.10001,43328031.0
2020-03-16 09:15:00,NSE:COALINDIA,150.95,151.35001,143.10001,143.89999,23548327.0
2020-03-17 09:15:00,NSE:COALINDIA,145.2,155.39999,142.3,145.89999,18990185.0
2020-03-18 09:15:00,NSE:COALINDIA,151.60001,151.85001,143.0,145.05,18744151.0
2020-03-19 09:15:00,NSE:COALINDIA,128.0,133.5,122.0,123.55,28555217.0
2020-03-20 09:15:00,NSE:COALINDIA,124.5,135.8,122.65,132.8,24023065.0
2020-03-23 09:15:00,NSE:COALINDIA,122.5,134.85001,120.05,127.85,17885210.0
2020-03-24 09:15:00,NSE:COALINDIA,129.25,135.0,125.45,127.85,9991429.0
2020-03-25 09:15:00,NSE:COALINDIA,126.0,129.25,123.7,124.5,8344561.0
2020-03-26 09:15:00,NSE:COALINDIA,126.0,127.0,119.2,123.25,28364155.0
2020-03-27 09:15:00,NSE:COALINDIA,125.9,132.95,125.0,131.7,18334750.0
2020-03-30 09:15:00,NSE:COALINDIA,127.55,134.75,127.2,133.14999,12357416.0
2020-03-31 09:15:00,NSE:COALINDIA,135.10001,142.35001,134.25,140.05,14997627.0
2020-04-01 09:15:00,NSE:COALINDIA,138.75,141.25,137.05,139.45,8833033.0
2020-04-03 09:15:00,NSE:COALINDIA,138.60001,139.89999,131.8,137.75,10937172.0
2020-04-07 09:15:00,NSE:COALINDIA,140.3,142.39999,137.14999,140.14999,8205546.0
2020-04-08 09:15:00,NSE:COALINDIA,140.0,143.39999,137.0,137.35001,7070296.0
2020-04-09 09:15:00,NSE:COALINDIA,139.2,141.45,138.0,140.8,5078557.0
2020-04-13 09:15:00,NSE:COALINDIA,140.8,146.7,138.35001,145.89999,10691857.0
2020-04-15 09:15:00,NSE:COALINDIA,147.39999,151.60001,146.0,146.85001,10487978.0
2020-04-16 09:15:00,NSE:COALINDIA,144.60001,150.5,144.39999,147.39999,9736874.0
2020-04-17 09:15:00,NSE:COALINDIA,151.5,152.45,148.3,148.75,7094930.0
2020-04-20 09:15:00,NSE:COALINDIA,149.89999,149.89999,143.0,144.2,7139690.0
2020-04-21 09:15:00,NSE:COALINDIA,141.0,141.60001,137.8,139.0,6501383.0
2020-04-22 09:15:00,NSE:COALINDIA,138.2,141.3,135.0,140.7,5604353.0
2020-04-23 09:15:00,NSE:COALINDIA,140.8,144.75,140.10001,140.89999,7553387.0
2020-04-24 09:15:00,NSE:COALINDIA,140.60001,143.8,135.8,137.0,11701225.0
2020-04-27 09:15:00,NSE:COALINDIA,139.0,139.7,137.5,138.10001,4238903.0
2020-04-28 09:15:00,NSE:COALINDIA,138.60001,139.55,134.45,135.39999,7064485.0
2020-04-29 09:15:00,NSE:COALINDIA,135.5,140.85001,135.35001,139.85001,7399371.0
2020-04-30 09:15:00,NSE:COALINDIA,141.5,149.45,141.35001,148.5,13146077.0
2020-05-04 09:15:00,NSE:COALINDIA,144.7,144.7,140.35001,142.3,8356131.0
2020-05-05 09:15:00,NSE:COALINDIA,143.89999,147.25,137.35001,138.0,11879416.0
2020-05-06 09:15:00,NSE:COALINDIA,139.35001,139.35001,133.14999,133.75,10427899.0
2020-05-07 09:15:00,NSE:COALINDIA,130.0,133.0,130.0,130.8,10860354.0
2020-05-08 09:15:00,NSE:COALINDIA,132.85001,133.2,128.55,129.0,7097561.0
2020-05-11 09:15:00,NSE:COALINDIA,130.14999,131.05,128.05,128.45,6657861.0
2020-05-12 09:15:00,NSE:COALINDIA,128.2,129.05,125.3,126.85,8128532.0
2020-05-13 09:15:00,NSE:COALINDIA,132.5,132.5,128.5,130.60001,11135899.0
2020-05-14 09:15:00,NSE:COALINDIA,129.85001,131.45,128.05,128.64999,5663229.0
2020-05-15 09:15:00,NSE:COALINDIA,129.7,130.85001,127.75,129.60001,6296866.0
2020-05-18 09:15:00,NSE:COALINDIA,127.0,127.0,121.05,121.7,24334222.0
2020-05-19 09:15:00,NSE:COALINDIA,123.1,124.15,121.8,123.6,9537937.0
2020-05-20 09:15:00,NSE:COALINDIA,123.0,125.15,121.85,123.25,8087994.0
2020-05-21 09:15:00,NSE:COALINDIA,123.9,126.25,122.8,124.5,6187533.0
2020-05-22 09:15:00,NSE:COALINDIA,124.0,126.05,121.9,125.2,7129073.0
2020-05-26 09:15:00,NSE:COALINDIA,125.85,128.0,125.0,127.25,6183000.0
2020-05-27 09:15:00,NSE:COALINDIA,127.25,131.35001,126.0,130.8,6084266.0
2020-05-28 09:15:00,NSE:COALINDIA,130.85001,134.3,129.3,133.89999,7883181.0
2020-05-29 09:15:00,NSE:COALINDIA,133.5,142.45,132.25,141.3,16208002.0
2020-06-01 09:15:00,NSE:COALINDIA,142.10001,149.75,141.55,148.55,21205031.0
2020-06-02 09:15:00,NSE:COALINDIA,149.14999,149.14999,143.0,143.39999,16680118.0
2020-06-03 09:15:00,NSE:COALINDIA,145.0,145.10001,141.10001,141.7,11561360.0
2020-06-04 09:15:00,NSE:COALINDIA,141.0,142.60001,139.35001,140.25,6295322.0
2020-06-05 09:15:00,NSE:COALINDIA,141.0,145.75,140.5,144.85001,11872638.0
2020-06-08 09:15:00,NSE:COALINDIA,148.0,148.95,144.75,146.7,11258936.0
2020-06-09 09:15:00,NSE:COALINDIA,147.95,147.95,143.64999,144.3,6957097.0
2020-06-10 09:15:00,NSE:COALINDIA,144.0,144.75,140.2,140.7,8915113.0
2020-06-11 09:15:00,NSE:COALINDIA,140.85001,142.89999,137.5,137.7,9259409.0
2020-06-12 09:15:00,NSE:COALINDIA,133.10001,135.55,132.7,134.64999,8425506.0
2020-06-15 09:15:00,NSE:COALINDIA,134.7,135.0,130.5,132.10001,8217883.0
2020-06-16 09:15:00,NSE:COALINDIA,134.5,135.0,129.55,131.14999,7130557.0
2020-06-17 09:15:00,NSE:COALINDIA,131.14999,133.89999,129.10001,129.45,9072521.0
2020-06-18 09:15:00,NSE:COALINDIA,129.0,139.7,128.14999,137.60001,34587382.0
2020-06-19 09:15:00,NSE:COALINDIA,140.0,140.0,135.2,137.25,17468342.0
2020-06-22 09:15:00,NSE:COALINDIA,137.25,143.95,137.10001,143.64999,19716497.0
2020-06-23 09:15:00,NSE:COALINDIA,144.95,146.75,143.2,143.85001,10955603.0
2020-06-24 09:15:00,NSE:COALINDIA,145.7,146.45,140.75,141.55,10639900.0
2020-06-25 09:15:00,NSE:COALINDIA,140.35001,143.64999,138.35001,140.39999,33546613.0
2020-06-26 09:15:00,NSE:COALINDIA,140.89999,143.0,139.60001,142.10001,8096021.0
2020-06-29 09:15:00,NSE:COALINDIA,140.55,140.85001,134.14999,134.85001,14576506.0
2020-06-30 09:15:00,NSE:COALINDIA,136.35001,137.14999,132.35001,132.85001,9576074.0
2020-07-01 09:15:00,NSE:COALINDIA,132.85001,134.64999,131.39999,133.85001,8413691.0
2020-07-02 09:15:00,NSE:COALINDIA,134.05,135.0,132.8,133.60001,7746561.0
2020-07-03 09:15:00,NSE:COALINDIA,134.39999,135.89999,133.05,135.25,9093435.0
2020-07-06 09:15:00,NSE:COALINDIA,136.3,137.5,135.25,135.85001,9491956.0
2020-07-07 09:15:00,NSE:COALINDIA,136.5,136.7,132.60001,132.85001,9905750.0
2020-07-08 09:15:00,NSE:COALINDIA,132.95,134.45,131.60001,132.85001,12308840.0
2020-07-09 09:15:00,NSE:COALINDIA,133.5,135.3,129.10001,130.39999,19348275.0
2020-07-10 09:15:00,NSE:COALINDIA,129.5,132.25,128.2,131.2,17079042.0
2020-07-13 09:15:00,NSE:COALINDIA,131.8,132.45,130.3,130.5,7748616.0
2020-07-14 09:15:00,NSE:COALINDIA,130.39999,130.39999,128.0,128.25,7234663.0
2020-07-15 09:15:00,NSE:COALINDIA,128.85001,129.45,127.55,128.0,7037830.0
2020-07-16 09:15:00,NSE:COALINDIA,127.75,128.0,124.6,126.15,11785672.0
2020-07-17 09:15:00,NSE:COALINDIA,126.6,132.05,126.6,130.60001,11331580.0
2020-07-20 09:15:00,NSE:COALINDIA,133.5,134.60001,131.7,133.0,16602099.0
2020-07-21 09:15:00,NSE:COALINDIA,133.5,134.5,132.0,133.10001,10375599.0
2020-07-22 09:15:00,NSE:COALINDIA,133.7,136.7,132.75,134.10001,14123442.0
2020-07-23 09:15:00,NSE:COALINDIA,134.89999,135.55,133.2,133.45,5534401.0
2020-07-24 09:15:00,NSE:COALINDIA,132.89999,132.89999,130.0,131.60001,8426461.0
2020-07-27 09:15:00,NSE:COALINDIA,131.60001,131.8,129.35001,129.95,5361640.0
2020-07-28 09:15:00,NSE:COALINDIA,130.10001,130.75,128.55,130.45,5274400.0
2020-07-29 09:15:00,NSE:COALINDIA,130.0,132.5,129.7,131.2,5730273.0
2020-07-30 09:15:00,NSE:COALINDIA,131.3,131.7,128.3,128.60001,5755343.0
2020-07-31 09:15:00,NSE:COALINDIA,128.95,130.0,127.55,129.25,5310134.0
2020-08-03 09:15:00,NSE:COALINDIA,129.89999,129.89999,128.10001,128.39999,4101652.0
2020-08-04 09:15:00,NSE:COALINDIA,129.60001,131.7,128.5,128.75,8225373.0
2020-08-05 09:15:00,NSE:COALINDIA,129.14999,130.10001,128.2,128.45,6357551.0
2020-08-06 09:15:00,NSE:COALINDIA,129.0,131.2,128.3,128.85001,7905921.0
2020-08-07 09:15:00,NSE:COALINDIA,129.5,130.35001,128.55,129.75,6553630.0
2020-08-10 09:15:00,NSE:COALINDIA,130.3,131.14999,129.0,129.25,7123618.0
2020-08-11 09:15:00,NSE:COALINDIA,130.14999,131.0,129.7,130.10001,5668353.0
2020-08-12 09:15:00,NSE:COALINDIA,130.0,130.2,128.5,128.7,10656136.0
2020-08-13 09:15:00,NSE:COALINDIA,128.75,130.14999,128.3,128.95,7333041.0
2020-08-14 09:15:00,NSE:COALINDIA,129.35001,134.25,129.10001,131.85001,23946126.0
2020-08-17 09:15:00,NSE:COALINDIA,133.5,137.0,132.35001,136.0,23263429.0
2020-08-18 09:15:00,NSE:COALINDIA,136.64999,138.55,135.64999,136.64999,14887919.0
2020-08-19 09:15:00,NSE:COALINDIA,137.5,138.0,134.45,135.10001,7440433.0
2020-08-20 09:15:00,NSE:COALINDIA,134.10001,139.0,133.35001,138.5,16865173.0
2020-08-21 09:15:00,NSE:COALINDIA,139.5,141.8,139.0,139.5,18104029.0
2020-08-24 09:15:00,NSE:COALINDIA,140.7,141.39999,138.75,139.8,7621614.0
2020-08-25 09:15:00,NSE:COALINDIA,140.85001,141.0,139.2,140.45,8785149.0
2020-08-26 09:15:00,NSE:COALINDIA,140.55,143.95,139.95,141.95,20083742.0
2020-08-27 09:15:00,NSE:COALINDIA,142.7,143.25,140.0,140.55,9356658.0
2020-08-28 09:15:00,NSE:COALINDIA,141.10001,142.39999,138.64999,139.05,9056537.0
2020-08-31 09:15:00,NSE:COALINDIA,139.25,142.14999,133.89999,134.35001,18673288.0
2020-09-01 09:15:00,NSE:COALINDIA,135.10001,135.39999,130.7,133.45,10567434.0
2020-09-02 09:15:00,NSE:COALINDIA,135.5,137.5,134.75,136.3,16749485.0
2020-09-03 09:15:00,NSE:COALINDIA,137.5,138.05,133.85001,135.7,17375928.0
2020-09-04 09:15:00,NSE:COALINDIA,134.10001,136.45,131.35001,132.45,9952601.0
2020-09-07 09:15:00,NSE:COALINDIA,133.0,133.8,130.75,131.95,8781895.0
2020-09-08 09:15:00,NSE:COALINDIA,132.10001,132.64999,129.35001,129.95,7292473.0
2020-09-09 09:15:00,NSE:COALINDIA,128.95,129.0,124.75,126.95,13115865.0
2020-09-10 09:15:00,NSE:COALINDIA,128.0,128.3,125.5,126.65,12007586.0
2020-09-11 09:15:00,NSE:COALINDIA,126.9,127.0,124.65,125.1,12588469.0
2020-09-14 09:15:00,NSE:COALINDIA,126.0,126.85,124.1,124.95,12397189.0
2020-09-15 09:15:00,NSE:COALINDIA,125.65,125.75,123.8,124.1,11541715.0
2020-09-16 09:15:00,NSE:COALINDIA,124.6,124.6,123.1,123.85,8008458.0
2020-09-17 09:15:00,NSE:COALINDIA,123.85,125.9,123.55,124.3,13049747.0
2020-09-18 09:15:00,NSE:COALINDIA,125.25,125.25,122.9,123.65,14614109.0
2020-09-21 09:15:00,NSE:COALINDIA,123.65,124.15,121.1,121.65,9573634.0
2020-09-22 09:15:00,NSE:COALINDIA,122.0,122.0,118.85,119.55,10043181.0
2020-09-23 09:15:00,NSE:COALINDIA,119.75,122.5,118.95,121.05,9281260.0
2020-09-24 09:15:00,NSE:COALINDIA,121.05,121.1,115.2,115.7,15979042.0
2020-09-25 09:15:00,NSE:COALINDIA,116.0,117.6,113.9,117.1,15988811.0
2020-09-28 09:15:00,NSE:COALINDIA,117.9,121.3,117.9,120.0,9443818.0
2020-09-29 09:15:00,NSE:COALINDIA,121.15,121.55,117.15,117.65,12065797.0
2020-09-30 09:15:00,NSE:COALINDIA,117.0,117.1,114.65,116.0,14036727.0
2020-10-01 09:15:00,NSE:COALINDIA,117.1,119.7,116.35,117.25,9963716.0
2020-10-05 09:15:00,NSE:COALINDIA,117.95,119.5,117.55,118.4,8141488.0
2020-10-06 09:15:00,NSE:COALINDIA,119.35,119.35,116.3,116.8,11221877.0
2020-10-07 09:15:00,NSE:COALINDIA,117.1,117.2,114.25,114.45,11941001.0
2020-10-08 09:15:00,NSE:COALINDIA,114.7,115.0,112.65,113.3,11663413.0
2020-10-09 09:15:00,NSE:COALINDIA,113.35,115.9,112.3,114.9,15958362.0
2020-10-12 09:15:00,NSE:COALINDIA,115.3,115.5,112.8,113.2,7949877.0
2020-10-13 09:15:00,NSE:COALINDIA,113.3,114.65,112.35,113.85,9702596.0
2020-10-14 09:15:00,NSE:COALINDIA,113.2,113.95,109.6,110.55,19663423.0
2020-10-15 09:15:00,NSE:COALINDIA,110.85,112.7,109.55,110.6,15481821.0
2020-10-16 09:15:00,NSE:COALINDIA,111.3,112.75,109.6,111.35,12231070.0
2020-10-19 09:15:00,NSE:COALINDIA,112.5,115.35,111.25,114.7,18111350.0
2020-10-20 09:15:00,NSE:COALINDIA,115.1,116.15,113.1,113.65,16554188.0
2020-10-21 09:15:00,NSE:COALINDIA,113.65,116.9,113.55,115.1,20421826.0
2020-10-22 09:15:00,NSE:COALINDIA,115.0,116.7,114.1,115.8,13653952.0
2020-10-23 09:15:00,NSE:COALINDIA,116.8,118.2,116.2,117.7,11876045.0
2020-10-26 09:15:00,NSE:COALINDIA,117.9,117.9,114.2,114.55,11243328.0
2020-10-27 09:15:00,NSE:COALINDIA,114.2,115.15,112.85,113.95,10985481.0
2020-10-28 09:15:00,NSE:COALINDIA,113.95,114.0,112.4,112.7,9366429.0
2020-10-29 09:15:00,NSE:COALINDIA,112.0,112.45,110.55,110.85,11415157.0
2020-10-30 09:15:00,NSE:COALINDIA,111.6,115.2,111.05,114.2,17774954.0
2020-11-02 09:15:00,NSE:COALINDIA,114.6,116.3,113.55,115.7,12785804.0
2020-11-03 09:15:00,NSE:COALINDIA,115.6,117.25,115.6,116.5,12319486.0
2020-11-04 09:15:00,NSE:COALINDIA,116.5,116.5,113.7,114.8,7382741.0
2020-11-05 09:15:00,NSE:COALINDIA,116.35,120.6,115.25,119.85,14904921.0
2020-11-06 09:15:00,NSE:COALINDIA,120.25,122.4,118.3,121.8,18908916.0
2020-11-09 09:15:00,NSE:COALINDIA,122.9,122.9,120.65,121.75,14950332.0
2020-11-10 09:15:00,NSE:COALINDIA,122.25,125.4,121.0,124.8,15808417.0
2020-11-11 09:15:00,NSE:COALINDIA,126.0,126.2,123.55,125.85,16757799.0
2020-11-12 09:15:00,NSE:COALINDIA,126.05,126.5,121.0,122.1,35738360.0
2020-11-13 09:15:00,NSE:COALINDIA,122.5,126.35,121.2,125.9,23377931.0
2020-11-14 18:00:00,NSE:COALINDIA,127.35,127.5,126.55,127.1,3308333.0
2020-11-17 09:15:00,NSE:COALINDIA,128.3,129.3,127.2,128.7,20369194.0
2020-11-18 09:15:00,NSE:COALINDIA,128.75,128.85001,125.85,128.25,18943803.0
2020-11-19 09:15:00,NSE:COALINDIA,121.75,124.3,120.85,122.05,29186699.0
2020-11-20 09:15:00,NSE:COALINDIA,123.3,123.5,120.15,121.45,17573909.0
2020-11-23 09:15:00,NSE:COALINDIA,121.25,123.45,119.75,122.75,17269543.0
2020-11-24 09:15:00,NSE:COALINDIA,123.75,124.6,122.8,123.25,18199200.0
2020-11-25 09:15:00,NSE:COALINDIA,123.95,126.75,123.25,123.95,22813211.0
2020-11-26 09:15:00,NSE:COALINDIA,124.6,125.35,123.35,125.05,13694237.0
2020-11-27 09:15:00,NSE:COALINDIA,125.45,127.4,125.0,125.55,25297333.0
2020-12-01 09:15:00,NSE:COALINDIA,126.0,127.0,124.7,126.4,8927107.0
2020-12-02 09:15:00,NSE:COALINDIA,127.0,131.14999,126.4,129.75,21081119.0
2020-12-03 09:15:00,NSE:COALINDIA,131.35001,134.0,129.25,133.45,25834042.0
2020-12-04 09:15:00,NSE:COALINDIA,134.2,134.95,131.10001,133.3,19371235.0
2020-12-07 09:15:00,NSE:COALINDIA,133.3,137.2,133.0,136.8,14127211.0
2020-12-08 09:15:00,NSE:COALINDIA,137.45,137.7,133.0,134.25,21479953.0
2020-12-09 09:15:00,NSE:COALINDIA,135.39999,137.5,134.39999,134.7,18755465.0
2020-12-10 09:15:00,NSE:COALINDIA,135.2,135.45,132.8,134.85001,11912807.0
2020-12-11 09:15:00,NSE:COALINDIA,134.7,140.7,134.5,138.25,30559578.0
2020-12-14 09:15:00,NSE:COALINDIA,139.64999,144.2,139.10001,143.35001,35605748.0
2020-12-15 09:15:00,NSE:COALINDIA,143.64999,144.35001,140.8,143.10001,18775793.0
2020-12-16 09:15:00,NSE:COALINDIA,144.35001,146.0,143.5,145.5,16119571.0
2020-12-17 09:15:00,NSE:COALINDIA,145.25,145.25,142.5,143.45,12374964.0
2020-12-18 09:15:00,NSE:COALINDIA,143.45,143.64999,139.45,141.7,13628707.0
2020-12-21 09:15:00,NSE:COALINDIA,141.39999,141.5,129.35001,132.95,20132655.0
2020-12-22 09:15:00,NSE:COALINDIA,132.5,136.10001,129.8,135.5,17257059.0
2020-12-23 09:15:00,NSE:COALINDIA,135.5,136.7,134.10001,135.05,10091831.0
2020-12-24 09:15:00,NSE:COALINDIA,136.35001,139.10001,135.60001,136.25,14518171.0
2020-12-28 09:15:00,NSE:COALINDIA,139.89999,139.89999,137.2,137.64999,15223089.0
2020-12-29 09:15:00,NSE:COALINDIA,138.89999,139.60001,134.60001,135.10001,21146540.0
2020-12-30 09:15:00,NSE:COALINDIA,136.75,136.75,134.2,135.60001,14180071.0
2020-12-31 09:15:00,NSE:COALINDIA,135.60001,136.7,134.75,135.45,15237166.0
2021-01-01 09:15:00,NSE:COALINDIA,135.39999,136.25,135.05,135.35001,6995084.0
2021-01-04 09:15:00,NSE:COALINDIA,136.85001,137.75,135.8,137.25,11669647.0
2021-01-05 09:15:00,NSE:COALINDIA,136.75,136.75,134.39999,135.14999,12371842.0
2021-01-06 09:15:00,NSE:COALINDIA,135.39999,137.3,133.8,135.10001,14133415.0
2021-01-07 09:15:00,NSE:COALINDIA,136.5,137.5,135.5,136.5,17298525.0
2021-01-08 09:15:00,NSE:COALINDIA,137.10001,140.95,137.10001,139.7,27964099.0
2021-01-11 09:15:00,NSE:COALINDIA,140.5,143.0,140.3,141.7,24790683.0
2021-01-12 09:15:00,NSE:COALINDIA,142.5,147.55,141.7,146.64999,28433070.0
2021-01-13 09:15:00,NSE:COALINDIA,148.5,148.8,143.5,145.8,21154236.0
2021-01-14 09:15:00,NSE:COALINDIA,146.60001,148.2,144.85001,146.64999,14755992.0
2021-01-15 09:15:00,NSE:COALINDIA,146.8,147.60001,142.35001,143.25,10647008.0
2021-01-18 09:15:00,NSE:COALINDIA,143.3,143.89999,136.60001,138.7,17085592.0
2021-01-19 09:15:00,NSE:COALINDIA,140.85001,141.89999,139.60001,140.10001,8951075.0
2021-01-20 09:15:00,NSE:COALINDIA,140.5,141.95,138.64999,141.5,11820498.0
2021-01-21 09:15:00,NSE:COALINDIA,142.0,142.14999,136.55,137.35001,10828875.0
2021-01-22 09:15:00,NSE:COALINDIA,137.35001,137.8,132.5,133.2,14810848.0
2021-01-25 09:15:00,NSE:COALINDIA,134.89999,135.5,130.85001,131.85001,10157077.0
2021-01-27 09:15:00,NSE:COALINDIA,132.0,132.55,128.7,129.14999,11638766.0
2021-01-28 09:15:00,NSE:COALINDIA,128.0,129.95,127.8,128.2,11970139.0
2021-01-29 09:15:00,NSE:COALINDIA,129.25,129.64999,125.25,125.9,15268785.0
2021-02-01 09:15:00,NSE:COALINDIA,126.4,129.75,125.85,129.0,12808349.0
2021-02-02 09:15:00,NSE:COALINDIA,131.0,132.85001,129.64999,131.25,15485139.0
2021-02-03 09:15:00,NSE:COALINDIA,131.25,138.0,131.25,137.25,25483402.0
2021-02-04 09:15:00,NSE:COALINDIA,137.89999,144.25,136.8,143.60001,30751754.0
2021-02-05 09:15:00,NSE:COALINDIA,144.10001,144.3,139.35001,140.85001,19930467.0
2021-02-08 09:15:00,NSE:COALINDIA,141.05,142.39999,140.3,141.55,11810439.0
2021-02-09 09:15:00,NSE:COALINDIA,141.5,143.45,138.7,139.25,8579689.0
2021-02-10 09:15:00,NSE:COALINDIA,139.89999,140.55,136.8,138.3,8709612.0
2021-02-11 09:15:00,NSE:COALINDIA,138.3,139.5,136.0,137.14999,14150298.0
2021-02-12 09:15:00,NSE:COALINDIA,136.5,137.0,132.75,133.85001,16453706.0
2021-02-15 09:15:00,NSE:COALINDIA,134.5,134.85001,132.0,132.25,10557047.0
2021-02-16 09:15:00,NSE:COALINDIA,132.3,135.39999,132.3,133.75,11735144.0
2021-02-17 09:15:00,NSE:COALINDIA,133.3,135.75,132.89999,135.2,8950258.0
2021-02-18 09:15:00,NSE:COALINDIA,135.0,141.2,134.05,139.95,22069738.0
2021-02-19 09:15:00,NSE:COALINDIA,139.95,143.2,137.25,139.25,22944780.0
2021-02-22 09:15:00,NSE:COALINDIA,138.85001,139.39999,135.10001,136.25,20401387.0
2021-02-23 09:15:00,NSE:COALINDIA,137.60001,138.60001,136.2,136.89999,19178437.0
2021-02-24 09:15:00,NSE:COALINDIA,139.95,145.0,139.5,144.39999,36817761.0
2021-02-25 09:15:00,NSE:COALINDIA,146.89999,157.7,145.75,156.10001,85580477.0
2021-02-26 09:15:00,NSE:COALINDIA,156.14999,163.0,150.5,152.2,94115857.0
2021-03-01 09:15:00,NSE:COALINDIA,155.5,157.10001,153.7,154.35001,22306110.0
2021-03-02 09:15:00,NSE:COALINDIA,154.35001,156.14999,152.5,153.39999,17565134.0
2021-03-03 09:15:00,NSE:COALINDIA,155.0,157.3,153.8,154.89999,17610904.0
2021-03-04 09:15:00,NSE:COALINDIA,154.0,154.89999,151.7,152.05,17162557.0
2021-03-05 09:15:00,NSE:COALINDIA,152.0,152.7,149.7,151.10001,17323282.0
2021-03-08 09:15:00,NSE:COALINDIA,153.89999,156.0,152.35001,153.14999,18727656.0
2021-03-09 09:15:00,NSE:COALINDIA,154.95,154.95,148.5,151.7,14621175.0
2021-03-10 09:15:00,NSE:COALINDIA,153.05,153.25,149.39999,150.95,10788943.0
2021-03-12 09:15:00,NSE:COALINDIA,152.0,153.0,149.0,150.5,14835735.0
2021-03-15 09:15:00,NSE:COALINDIA,146.45,147.60001,144.75,146.89999,15784630.0
2021-03-16 09:15:00,NSE:COALINDIA,147.0,148.05,144.60001,145.7,11857531.0
2021-03-17 09:15:00,NSE:COALINDIA,145.05,145.45,139.5,139.85001,15554810.0
2021-03-18 09:15:00,NSE:COALINDIA,141.5,141.75,136.2,137.05,14401450.0
2021-03-19 09:15:00,NSE:COALINDIA,136.0,140.0,133.5,136.3,33294812.0
2021-03-22 09:15:00,NSE:COALINDIA,137.60001,137.60001,135.3,135.64999,11414253.0
2021-03-23 09:15:00,NSE:COALINDIA,135.60001,136.64999,134.10001,135.25,8887103.0
2021-03-24 09:15:00,NSE:COALINDIA,133.89999,135.14999,132.05,132.3,10865477.0
2021-03-25 09:15:00,NSE:COALINDIA,132.0,133.10001,127.05,128.10001,18629600.0
2021-03-26 09:15:00,NSE:COALINDIA,129.10001,130.39999,128.7,129.60001,9505615.0
2021-03-30 09:15:00,NSE:COALINDIA,131.0,134.45,130.14999,132.95,20584678.0
2021-03-31 09:15:00,NSE:COALINDIA,133.0,133.0,130.0,130.35001,14900610.0
2021-04-01 09:15:00,NSE:COALINDIA,131.45,132.39999,130.60001,132.14999,6226087.0
2021-04-05 09:15:00,NSE:COALINDIA,131.89999,132.10001,128.05,129.8,9012457.0
2021-04-06 09:15:00,NSE:COALINDIA,130.85001,131.85001,129.3,130.3,6689423.0
2021-04-07 09:15:00,NSE:COALINDIA,130.3,131.7,129.75,131.25,5657926.0
2021-04-08 09:15:00,NSE:COALINDIA,131.3,133.75,131.2,131.64999,9330363.0
2021-04-09 09:15:00,NSE:COALINDIA,131.64999,131.95,128.95,129.5,10149401.0
2021-04-12 09:15:00,NSE:COALINDIA,128.0,128.3,123.6,124.7,11334755.0
2021-04-13 09:15:00,NSE:COALINDIA,124.8,128.45,124.8,127.95,7809483.0
2021-04-15 09:15:00,NSE:COALINDIA,127.95,130.8,126.95,128.25,8924391.0
2021-04-16 09:15:00,NSE:COALINDIA,128.85001,129.95,127.1,127.85,10358366.0
2021-04-19 09:15:00,NSE:COALINDIA,125.6,126.0,123.4,124.6,7131534.0
2021-04-20 09:15:00,NSE:COALINDIA,125.0,126.25,124.05,124.5,7738871.0
2021-04-22 09:15:00,NSE:COALINDIA,124.65,125.5,124.0,125.05,8514980.0
2021-04-23 09:15:00,NSE:COALINDIA,124.95,127.25,124.25,126.15,8992991.0
2021-04-26 09:15:00,NSE:COALINDIA,127.75,128.0,126.5,126.95,4967884.0
2021-04-27 09:15:00,NSE:COALINDIA,127.0,127.9,126.6,127.5,3982954.0
2021-04-28 09:15:00,NSE:COALINDIA,128.0,129.45,127.5,128.5,6206074.0
2021-04-29 09:15:00,NSE:COALINDIA,129.75,130.05,127.65,128.05,8345584.0
2021-04-30 09:15:00,NSE:COALINDIA,127.4,134.60001,127.0,133.05,27396950.0
2021-05-03 09:15:00,NSE:COALINDIA,133.0,133.45,131.2,132.2,10262391.0
2021-05-04 09:15:00,NSE:COALINDIA,132.55,135.8,132.25,132.8,9926789.0
2021-05-05 09:15:00,NSE:COALINDIA,133.0,134.5,132.5,133.14999,4877341.0
2021-05-06 09:15:00,NSE:COALINDIA,134.2,135.45,133.75,134.60001,7632817.0
2021-05-07 09:15:00,NSE:COALINDIA,135.39999,138.0,135.0,136.85001,12644960.0
2021-05-10 09:15:00,NSE:COALINDIA,137.10001,148.5,137.10001,147.05,45098431.0
2021-05-11 09:15:00,NSE:COALINDIA,146.45,156.75,145.14999,155.7,66582000.0
2021-05-12 09:15:00,NSE:COALINDIA,155.89999,159.7,151.8,153.5,42959024.0
2021-05-14 09:15:00,NSE:COALINDIA,155.95,155.95,146.10001,146.8,23140309.0
2021-05-17 09:15:00,NSE:COALINDIA,147.0,149.14999,144.0,148.14999,17076463.0
2021-05-18 09:15:00,NSE:COALINDIA,149.10001,149.8,146.10001,146.45,10295029.0
2021-05-19 09:15:00,NSE:COALINDIA,146.45,152.5,145.10001,151.85001,23999878.0
2021-05-20 09:15:00,NSE:COALINDIA,152.39999,152.39999,146.05,146.64999,22983457.0
2021-05-21 09:15:00,NSE:COALINDIA,147.0,149.60001,146.85001,147.2,13009821.0
2021-05-24 09:15:00,NSE:COALINDIA,148.10001,149.75,145.64999,148.89999,14192862.0
2021-05-25 09:15:00,NSE:COALINDIA,149.8,150.0,147.10001,147.45,10434892.0
2021-05-26 09:15:00,NSE:COALINDIA,147.8,148.0,145.2,145.7,9948786.0
2021-05-27 09:15:00,NSE:COALINDIA,145.75,146.3,144.10001,144.55,24064196.0
2021-05-28 09:15:00,NSE:COALINDIA,145.60001,148.8,144.75,146.89999,16465504.0
2021-05-31 09:15:00,NSE:COALINDIA,147.05,148.39999,145.05,147.7,11767444.0
2021-06-01 09:15:00,NSE:COALINDIA,148.55,149.39999,146.89999,147.60001,9307143.0
2021-06-02 09:15:00,NSE:COALINDIA,147.5,149.89999,147.0,149.10001,10714318.0
2021-06-03 09:15:00,NSE:COALINDIA,150.0,150.39999,148.60001,149.05,9282774.0
2021-06-04 09:15:00,NSE:COALINDIA,149.0,154.39999,148.2,153.10001,29422387.0
2021-06-07 09:15:00,NSE:COALINDIA,156.0,158.85001,155.45,156.25,31071589.0
2021-06-08 09:15:00,NSE:COALINDIA,157.39999,157.5,152.8,156.0,12874065.0
2021-06-09 09:15:00,NSE:COALINDIA,157.0,161.39999,155.2,156.39999,30443113.0
2021-06-10 09:15:00,NSE:COALINDIA,157.10001,158.75,155.75,156.5,11459484.0
2021-06-11 09:15:00,NSE:COALINDIA,157.0,165.0,156.64999,162.64999,61728565.0
2021-06-14 09:15:00,NSE:COALINDIA,164.0,164.0,155.55,159.35001,30836595.0
2021-06-15 09:15:00,NSE:COALINDIA,161.10001,161.85001,156.75,157.14999,30153988.0
2021-06-16 09:15:00,NSE:COALINDIA,157.3,158.8,154.85001,155.55,14098443.0
2021-06-17 09:15:00,NSE:COALINDIA,155.0,155.39999,151.39999,152.14999,15784276.0
2021-06-18 09:15:00,NSE:COALINDIA,153.0,153.8,145.10001,146.39999,24823176.0
2021-06-21 09:15:00,NSE:COALINDIA,146.0,148.0,143.5,147.5,15038290.0
2021-06-22 09:15:00,NSE:COALINDIA,148.89999,149.5,147.8,148.7,12494441.0
2021-06-23 09:15:00,NSE:COALINDIA,149.85001,150.60001,148.14999,148.45,7983220.0
2021-06-24 09:15:00,NSE:COALINDIA,148.45,149.10001,146.0,146.39999,12929173.0
2021-06-25 09:15:00,NSE:COALINDIA,146.75,149.25,146.75,148.75,7400514.0
2021-06-28 09:15:00,NSE:COALINDIA,147.10001,149.0,147.0,147.2,8217659.0
2021-06-29 09:15:00,NSE:COALINDIA,147.10001,147.89999,143.95,144.5,21576435.0
2021-06-30 09:15:00,NSE:COALINDIA,145.60001,147.39999,145.10001,146.64999,12919448.0
2021-07-01 09:15:00,NSE:COALINDIA,146.60001,147.3,145.5,145.64999,5668038.0
2021-07-02 09:15:00,NSE:COALINDIA,147.0,148.64999,146.05,147.64999,20805994.0
2021-07-05 09:15:00,NSE:COALINDIA,148.0,150.5,147.60001,149.89999,10401054.0
2021-07-06 09:15:00,NSE:COALINDIA,150.05,150.7,146.89999,147.5,9579038.0
2021-07-07 09:15:00,NSE:COALINDIA,147.5,148.75,146.55,147.55,6067804.0
2021-07-08 09:15:00,NSE:COALINDIA,147.0,148.14999,145.3,146.25,12349670.0
2021-07-09 09:15:00,NSE:COALINDIA,146.25,147.5,145.64999,146.7,4963821.0
2021-07-12 09:15:00,NSE:COALINDIA,146.8,147.85001,146.10001,146.39999,4010172.0
2021-07-13 09:15:00,NSE:COALINDIA,147.0,148.5,146.64999,148.10001,5717442.0
2021-07-14 09:15:00,NSE:COALINDIA,147.95,149.39999,147.25,148.14999,7216739.0
2021-07-15 09:15:00,NSE:COALINDIA,148.0,148.39999,145.64999,146.7,7257500.0
2021-07-16 09:15:00,NSE:COALINDIA,146.75,148.05,145.3,145.55,10819800.0
2021-07-19 09:15:00,NSE:COALINDIA,145.0,146.39999,144.0,144.45,5158738.0
2021-07-20 09:15:00,NSE:COALINDIA,144.5,145.05,141.7,142.89999,6271740.0
2021-07-22 09:15:00,NSE:COALINDIA,144.0,145.39999,143.25,144.7,4772582.0
2021-07-23 09:15:00,NSE:COALINDIA,144.7,145.0,143.35001,144.10001,3419739.0
2021-07-26 09:15:00,NSE:COALINDIA,144.0,145.5,143.25,144.0,4423596.0
2021-07-27 09:15:00,NSE:COALINDIA,144.5,145.25,142.10001,142.45,4245486.0
2021-07-28 09:15:00,NSE:COALINDIA,143.45,144.3,141.05,144.05,8834228.0
2021-07-29 09:15:00,NSE:COALINDIA,144.05,144.64999,141.89999,142.14999,8237916.0
2021-07-30 09:15:00,NSE:COALINDIA,142.3,144.89999,141.25,143.3,9526451.0
2021-08-02 09:15:00,NSE:COALINDIA,144.3,144.89999,143.10001,143.89999,6164197.0
2021-08-03 09:15:00,NSE:COALINDIA,143.89999,144.75,143.0,144.25,5648929.0
2021-08-04 09:15:00,NSE:COALINDIA,144.14999,147.35001,144.14999,144.7,8839351.0
2021-08-05 09:15:00,NSE:COALINDIA,145.0,145.89999,142.2,145.45,6237158.0
2021-08-06 09:15:00,NSE:COALINDIA,145.60001,148.45,145.25,146.10001,10812438.0
2021-08-09 09:15:00,NSE:COALINDIA,147.5,147.85001,142.35001,143.25,12986298.0
2021-08-10 09:15:00,NSE:COALINDIA,143.7,144.25,140.75,142.2,14022502.0
2021-08-11 09:15:00,NSE:COALINDIA,142.89999,144.35001,141.14999,143.95,8356558.0
2021-08-12 09:15:00,NSE:COALINDIA,144.05,146.7,143.7,144.39999,7685737.0
2021-08-13 09:15:00,NSE:COALINDIA,145.05,146.3,143.2,143.75,9455100.0
2021-08-16 09:15:00,NSE:COALINDIA,143.8,144.14999,141.75,142.0,5259207.0
2021-08-17 09:15:00,NSE:COALINDIA,142.10001,142.55,137.2,139.25,13714266.0
2021-08-18 09:15:00,NSE:COALINDIA,139.25,140.25,138.0,138.35001,7654460.0
2021-08-20 09:15:00,NSE:COALINDIA,137.5,138.05,135.0,135.60001,8877297.0
2021-08-23 09:15:00,NSE:COALINDIA,136.3,136.39999,132.75,133.95,7768805.0
2021-08-24 09:15:00,NSE:COALINDIA,134.35001,136.89999,134.0,136.2,7452062.0
2021-08-25 09:15:00,NSE:COALINDIA,136.5,139.14999,136.5,138.85001,7817617.0
2021-08-26 09:15:00,NSE:COALINDIA,138.85001,139.39999,136.35001,137.3,6845692.0
2021-08-27 09:15:00,NSE:COALINDIA,137.89999,139.3,137.05,138.55,4418540.0
2021-08-30 09:15:00,NSE:COALINDIA,138.60001,143.95,138.60001,143.60001,11333690.0
2021-08-31 09:15:00,NSE:COALINDIA,143.60001,146.14999,143.25,145.85001,14301855.0
2021-09-01 09:15:00,NSE:COALINDIA,146.60001,146.64999,143.89999,144.2,8415876.0
2021-09-02 09:15:00,NSE:COALINDIA,143.8,143.8,141.2,141.60001,7787657.0
2021-09-03 09:15:00,NSE:COALINDIA,141.89999,147.14999,141.75,146.35001,12734022.0
2021-09-06 09:15:00,NSE:COALINDIA,147.8,147.85001,144.3,146.35001,9712271.0
2021-09-07 09:15:00,NSE:COALINDIA,147.0,148.10001,145.55,147.2,9475870.0
2021-09-08 09:15:00,NSE:COALINDIA,147.35001,149.85001,146.3,149.14999,7873034.0
2021-09-09 09:15:00,NSE:COALINDIA,149.14999,150.95,148.0,148.64999,9519564.0
2021-09-13 09:15:00,NSE:COALINDIA,149.60001,155.89999,149.3,154.60001,35672746.0
2021-09-14 09:15:00,NSE:COALINDIA,155.35001,155.5,153.35001,154.7,8804432.0
2021-09-15 09:15:00,NSE:COALINDIA,155.5,162.25,154.25,161.05,24591822.0
2021-09-16 09:15:00,NSE:COALINDIA,162.14999,163.0,157.55,162.3,18440504.0
2021-09-17 09:15:00,NSE:COALINDIA,162.7,163.3,155.39999,156.7,17317065.0
2021-09-20 09:15:00,NSE:COALINDIA,155.89999,157.55,152.8,154.2,12541523.0
2021-09-21 09:15:00,NSE:COALINDIA,155.7,158.0,153.45,156.39999,13645046.0
2021-09-22 09:15:00,NSE:COALINDIA,157.25,162.5,155.0,162.10001,18861877.0
2021-09-23 09:15:00,NSE:COALINDIA,163.75,170.0,163.10001,167.35001,31399318.0
2021-09-24 09:15:00,NSE:COALINDIA,168.10001,169.45,162.89999,166.10001,17259638.0
2021-09-27 09:15:00,NSE:COALINDIA,167.0,169.14999,165.35001,167.05,9099672.0
2021-09-28 09:15:00,NSE:COALINDIA,168.5,176.3,168.14999,174.55,41551332.0
2021-09-29 09:15:00,NSE:COALINDIA,174.5,197.0,172.8,185.7,100988643.0
2021-09-30 09:15:00,NSE:COALINDIA,187.60001,191.5,184.10001,185.10001,48957916.0
2021-10-01 09:15:00,NSE:COALINDIA,185.39999,189.89999,182.39999,188.7,25492957.0
2021-10-04 09:15:00,NSE:COALINDIA,192.5,193.35001,188.3,189.95,23341448.0
2021-10-05 09:15:00,NSE:COALINDIA,191.0,198.89999,190.39999,197.95,42359592.0
2021-10-06 09:15:00,NSE:COALINDIA,200.0,203.8,191.7,192.85001,41926821.0
2021-10-07 09:15:00,NSE:COALINDIA,194.75,194.95,189.25,190.7,16517664.0
2021-10-08 09:15:00,NSE:COALINDIA,191.10001,191.7,184.10001,188.45,28978175.0
2021-10-11 09:15:00,NSE:COALINDIA,192.0,199.7,191.64999,196.85001,34952223.0
2021-10-12 09:15:00,NSE:COALINDIA,199.2,201.0,191.25,193.3,25216411.0
2021-10-13 09:15:00,NSE:COALINDIA,194.0,194.55,189.35001,190.05,17378156.0
2021-10-14 09:15:00,NSE:COALINDIA,190.0,191.8,182.3,183.8,29542941.0
2021-10-18 09:15:00,NSE:COALINDIA,184.8,187.75,183.39999,185.3,15468914.0
2021-10-19 09:15:00,NSE:COALINDIA,187.3,188.95,183.60001,184.5,17403803.0
2021-10-20 09:15:00,NSE:COALINDIA,182.7,183.39999,177.39999,180.5,15921230.0
2021-10-21 09:15:00,NSE:COALINDIA,182.0,183.0,178.89999,182.39999,15586097.0
2021-10-22 09:15:00,NSE:COALINDIA,183.39999,184.3,175.3,175.89999,13603152.0
2021-10-25 09:15:00,NSE:COALINDIA,176.25,177.25,173.0,174.10001,11744666.0
2021-10-26 09:15:00,NSE:COALINDIA,173.0,176.0,171.75,175.05,11602891.0
2021-10-27 09:15:00,NSE:COALINDIA,175.7,176.64999,172.8,173.60001,9535881.0
2021-10-28 09:15:00,NSE:COALINDIA,173.0,173.0,165.95,166.55,24509136.0
2021-10-29 09:15:00,NSE:COALINDIA,165.0,169.5,163.3,164.45,14826816.0
2021-11-01 09:15:00,NSE:COALINDIA,165.0,171.95,163.8,170.75,13585170.0
2021-11-02 09:15:00,NSE:COALINDIA,171.45,173.75,168.35001,169.2,14278962.0
2021-11-03 09:15:00,NSE:COALINDIA,168.2,171.10001,167.35001,169.75,8974463.0
2021-11-04 18:00:00,NSE:COALINDIA,171.2,171.39999,169.75,170.7,973260.0
2021-11-08 09:15:00,NSE:COALINDIA,171.0,174.2,168.5,171.7,8761953.0
2021-11-09 09:15:00,NSE:COALINDIA,172.05,172.39999,169.60001,170.5,5723308.0
2021-11-10 09:15:00,NSE:COALINDIA,169.89999,170.85001,166.45,166.7,9212143.0
2021-11-11 09:15:00,NSE:COALINDIA,165.89999,167.64999,165.2,167.0,6453205.0
2021-11-12 09:15:00,NSE:COALINDIA,168.85001,168.85001,165.7,166.95,7027513.0
2021-11-15 09:15:00,NSE:COALINDIA,164.25,167.60001,159.5,159.75,19400018.0
2021-11-16 09:15:00,NSE:COALINDIA,161.0,161.64999,158.60001,159.05,8505431.0
2021-11-17 09:15:00,NSE:COALINDIA,159.05,159.25,155.7,156.10001,7477627.0
2021-11-18 09:15:00,NSE:COALINDIA,156.05,157.75,153.0,153.39999,12981172.0
2021-11-22 09:15:00,NSE:COALINDIA,152.2,152.89999,149.10001,150.55,11522286.0
2021-11-23 09:15:00,NSE:COALINDIA,150.0,156.75,150.0,156.2,13305061.0
2021-11-24 09:15:00,NSE:COALINDIA,158.3,161.64999,155.60001,159.10001,18809310.0
2021-11-25 09:15:00,NSE:COALINDIA,161.5,162.8,156.0,158.55,22402592.0
2021-11-26 09:15:00,NSE:COALINDIA,157.75,159.39999,155.35001,155.89999,11829847.0
2021-11-29 09:15:00,NSE:COALINDIA,155.89999,156.64999,151.89999,154.25,18176163.0
2021-11-30 09:15:00,NSE:COALINDIA,158.5,158.5,151.35001,152.0,56643275.0
2021-12-01 09:15:00,NSE:COALINDIA,153.60001,156.25,152.55,155.55,16283427.0
2021-12-02 09:15:00,NSE:COALINDIA,156.89999,159.55,155.14999,159.3,15647910.0
2021-12-03 09:15:00,NSE:COALINDIA,159.0,160.7,158.25,159.75,20414051.0
2021-12-06 09:15:00,NSE:COALINDIA,152.0,152.45,148.10001,148.55,24185368.0
2021-12-07 09:15:00,NSE:COALINDIA,150.10001,150.95,149.14999,150.64999,7866368.0
2021-12-08 09:15:00,NSE:COALINDIA,151.25,151.75,150.05,150.89999,7313306.0
2021-12-09 09:15:00,NSE:COALINDIA,151.75,153.5,150.64999,152.64999,9423435.0
2021-12-10 09:15:00,NSE:COALINDIA,152.64999,153.75,150.89999,151.3,7419042.0
2021-12-13 09:15:00,NSE:COALINDIA,152.8,152.8,147.95,149.0,9888293.0
2021-12-14 09:15:00,NSE:COALINDIA,149.0,149.75,146.75,148.89999,8474759.0
2021-12-15 09:15:00,NSE:COALINDIA,149.14999,150.60001,147.95,148.10001,5410912.0
2021-12-16 09:15:00,NSE:COALINDIA,148.10001,150.10001,147.55,149.75,7539061.0
2021-12-17 09:15:00,NSE:COALINDIA,149.10001,149.39999,146.0,146.45,8758284.0
2021-12-20 09:15:00,NSE:COALINDIA,145.35001,145.64999,139.14999,140.7,8858645.0
2021-12-21 09:15:00,NSE:COALINDIA,141.8,146.0,141.39999,144.64999,8097050.0
2021-12-22 09:15:00,NSE:COALINDIA,145.45,149.39999,144.45,145.35001,6798820.0
2021-12-23 09:15:00,NSE:COALINDIA,146.25,147.95,146.0,147.7,4857807.0
2021-12-24 09:15:00,NSE:COALINDIA,148.0,148.14999,145.39999,145.89999,4568316.0
2021-12-27 09:15:00,NSE:COALINDIA,145.0,146.5,144.10001,146.05,3534825.0
2021-12-28 09:15:00,NSE:COALINDIA,146.25,149.25,146.25,148.85001,4907497.0
2021-12-29 09:15:00,NSE:COALINDIA,149.25,149.25,146.3,146.75,4216568.0
2021-12-30 09:15:00,NSE:COALINDIA,146.75,149.0,143.89999,146.2,24782255.0
2021-12-31 09:15:00,NSE:COALINDIA,145.95,147.55,145.35001,146.05,5320232.0
2022-01-03 09:15:00,NSE:COALINDIA,147.25,155.95,147.0,155.3,29486720.0
2022-01-04 09:15:00,NSE:COALINDIA,156.0,156.64999,152.35001,153.0,13744440.0
2022-01-05 09:15:00,NSE:COALINDIA,153.0,154.3,152.10001,153.7,8454060.0
2022-01-06 09:15:00,NSE:COALINDIA,154.5,155.25,153.05,154.64999,12446900.0
2022-01-07 09:15:00,NSE:COALINDIA,155.0,157.45,154.95,156.95,11679683.0
2022-01-10 09:15:00,NSE:COALINDIA,157.8,161.0,157.05,160.7,14655298.0
2022-01-11 09:15:00,NSE:COALINDIA,160.64999,160.64999,158.10001,158.55,7670386.0
2022-01-12 09:15:00,NSE:COALINDIA,160.39999,160.75,158.5,159.35001,6334581.0
2022-01-13 09:15:00,NSE:COALINDIA,159.35001,166.45,159.0,164.75,20271714.0
2022-01-14 09:15:00,NSE:COALINDIA,164.75,166.14999,163.25,164.75,10211720.0
2022-01-17 09:15:00,NSE:COALINDIA,165.60001,166.10001,162.05,163.7,8384625.0
2022-01-18 09:15:00,NSE:COALINDIA,164.0,165.5,160.3,160.8,6574122.0
2022-01-19 09:15:00,NSE:COALINDIA,161.0,164.85001,160.8,163.89999,11503199.0
2022-01-20 09:15:00,NSE:COALINDIA,164.5,168.25,163.85001,165.05,17462235.0
2022-01-21 09:15:00,NSE:COALINDIA,163.3,163.3,157.5,158.75,14466758.0
2022-01-24 09:15:00,NSE:COALINDIA,158.2,160.39999,154.8,156.3,10854431.0
2022-01-25 09:15:00,NSE:COALINDIA,155.0,161.60001,154.3,161.14999,7267866.0
2022-01-27 09:15:00,NSE:COALINDIA,158.89999,161.3,158.0,160.55,9269062.0
2022-01-28 09:15:00,NSE:COALINDIA,160.60001,165.0,160.60001,161.64999,10310726.0
2022-01-31 09:15:00,NSE:COALINDIA,163.39999,163.39999,159.14999,159.8,5811200.0
2022-02-01 09:15:00,NSE:COALINDIA,162.0,163.45,158.60001,163.05,7248713.0
2022-02-02 09:15:00,NSE:COALINDIA,163.0,164.60001,162.25,163.85001,5369074.0
2022-02-03 09:15:00,NSE:COALINDIA,163.10001,164.14999,160.60001,161.3,4654885.0
2022-02-04 09:15:00,NSE:COALINDIA,161.3,162.8,160.0,160.39999,6402287.0
2022-02-07 09:15:00,NSE:COALINDIA,160.64999,163.0,159.64999,160.95,5871041.0
2022-02-08 09:15:00,NSE:COALINDIA,161.85001,162.5,158.35001,159.95,14158927.0
2022-02-09 09:15:00,NSE:COALINDIA,160.5,169.35001,160.0,168.60001,35079516.0
2022-02-10 09:15:00,NSE:COALINDIA,169.0,170.3,165.0,168.05,17724098.0
2022-02-11 09:15:00,NSE:COALINDIA,167.95,169.3,165.2,166.5,10097767.0
2022-02-14 09:15:00,NSE:COALINDIA,166.10001,166.25,161.14999,161.64999,9478670.0
2022-02-15 09:15:00,NSE:COALINDIA,162.75,164.85001,159.85001,163.64999,16850616.0
2022-02-16 09:15:00,NSE:COALINDIA,165.25,166.0,162.8,163.85001,10653203.0
2022-02-17 09:15:00,NSE:COALINDIA,164.7,165.5,162.7,163.05,6906440.0
2022-02-18 09:15:00,NSE:COALINDIA,163.0,168.25,162.60001,167.3,23740696.0
2022-02-21 09:15:00,NSE:COALINDIA,163.14999,163.5,159.85001,161.2,14870901.0
2022-02-22 09:15:00,NSE:COALINDIA,159.5,160.64999,155.5,159.89999,11654816.0
2022-02-23 09:15:00,NSE:COALINDIA,160.35001,162.3,158.2,158.5,7627472.0
2022-02-24 09:15:00,NSE:COALINDIA,154.0,156.8,149.0,150.0,12115340.0
2022-02-25 09:15:00,NSE:COALINDIA,152.25,164.89999,152.25,163.45,17079977.0
2022-02-28 09:15:00,NSE:COALINDIA,162.45,169.95,160.55,169.55,20872239.0
2022-03-02 09:15:00,NSE:COALINDIA,171.0,185.64999,171.0,184.8,72648396.0
2022-03-03 09:15:00,NSE:COALINDIA,189.60001,197.75,186.85001,188.95,74050073.0
2022-03-04 09:15:00,NSE:COALINDIA,188.95,191.0,180.5,181.0,36095156.0
2022-03-07 09:15:00,NSE:COALINDIA,185.95,192.0,181.7,188.7,41642776.0
2022-03-08 09:15:00,NSE:COALINDIA,189.0,191.7,186.60001,189.14999,22940456.0
2022-03-09 09:15:00,NSE:COALINDIA,190.0,190.60001,185.60001,186.64999,13870658.0
2022-03-10 09:15:00,NSE:COALINDIA,184.0,184.0,177.05,178.95,30890343.0
2022-03-11 09:15:00,NSE:COALINDIA,181.0,182.5,179.25,181.75,14663558.0
2022-03-14 09:15:00,NSE:COALINDIA,181.0,182.14999,177.85001,180.35001,8306420.0
2022-03-15 09:15:00,NSE:COALINDIA,179.89999,180.0,171.5,172.89999,14074860.0
2022-03-16 09:15:00,NSE:COALINDIA,173.0,177.8,172.89999,176.89999,11846738.0
2022-03-17 09:15:00,NSE:COALINDIA,179.0,180.0,175.5,176.55,20052773.0
2022-03-21 09:15:00,NSE:COALINDIA,177.85001,186.35001,177.5,182.3,20271556.0
2022-03-22 09:15:00,NSE:COALINDIA,183.64999,185.8,180.5,183.35001,12372751.0
2022-03-23 09:15:00,NSE:COALINDIA,182.60001,184.25,179.3,183.05,13731315.0
2022-03-24 09:15:00,NSE:COALINDIA,183.7,188.5,183.3,187.39999,16323203.0
2022-03-25 09:15:00,NSE:COALINDIA,187.39999,188.89999,184.60001,186.10001,10044811.0
2022-03-28 09:15:00,NSE:COALINDIA,186.10001,193.7,185.5,191.25,19132062.0
2022-03-29 09:15:00,NSE:COALINDIA,192.0,192.2,185.5,186.0,10622472.0
2022-03-30 09:15:00,NSE:COALINDIA,187.95,187.95,182.0,182.89999,10298319.0
2022-03-31 09:15:00,NSE:COALINDIA,184.14999,184.89999,181.64999,183.05,9435203.0
2022-04-01 09:15:00,NSE:COALINDIA,183.8,187.25,183.3,186.14999,13505929.0
2022-04-04 09:15:00,NSE:COALINDIA,185.5,189.0,184.60001,187.75,9490374.0
2022-04-05 09:15:00,NSE:COALINDIA,188.0,188.95,186.85001,187.89999,7637664.0
2022-04-06 09:15:00,NSE:COALINDIA,188.7,197.0,188.3,193.85001,46157039.0
2022-04-07 09:15:00,NSE:COALINDIA,195.0,197.05,189.89999,190.75,21712301.0
2022-04-08 09:15:00,NSE:COALINDIA,194.7,198.8,192.35001,194.55,20151959.0
2022-04-11 09:15:00,NSE:COALINDIA,194.5,198.0,193.35001,196.39999,12393619.0
2022-04-12 09:15:00,NSE:COALINDIA,195.75,195.75,184.3,186.0,18907630.0
2022-04-13 09:15:00,NSE:COALINDIA,188.0,191.3,185.7,186.60001,14216953.0
2022-04-18 09:15:00,NSE:COALINDIA,186.60001,190.89999,184.60001,189.45,13052104.0
2022-04-19 09:15:00,NSE:COALINDIA,191.45,203.25,190.64999,197.75,59341710.0
2022-04-20 09:15:00,NSE:COALINDIA,199.95,205.55,197.10001,199.10001,38356653.0
2022-04-21 09:15:00,NSE:COALINDIA,201.2,207.89999,201.0,206.89999,43683145.0
2022-04-22 09:15:00,NSE:COALINDIA,206.05,209.0,201.25,202.14999,24007670.0
2022-04-25 09:15:00,NSE:COALINDIA,199.64999,202.2,186.75,188.45,26465084.0
2022-04-26 09:15:00,NSE:COALINDIA,192.2,192.3,188.45,191.39999,20819291.0
2022-04-27 09:15:00,NSE:COALINDIA,190.8,191.8,186.60001,187.5,12214126.0
2022-04-28 09:15:00,NSE:COALINDIA,189.0,192.5,187.14999,190.25,12706800.0
2022-04-29 09:15:00,NSE:COALINDIA,192.5,193.0,181.89999,182.85001,21654415.0
2022-05-02 09:15:00,NSE:COALINDIA,182.7,188.89999,178.85001,187.64999,21289439.0
2022-05-04 09:15:00,NSE:COALINDIA,188.75,190.7,186.5,187.35001,18239949.0
2022-05-05 09:15:00,NSE:COALINDIA,189.5,191.95,184.7,185.85001,12651103.0
2022-05-06 09:15:00,NSE:COALINDIA,184.5,188.95,183.05,187.39999,14257553.0
2022-05-09 09:15:00,NSE:COALINDIA,185.95,185.95,181.55,183.05,10549451.0
2022-05-10 09:15:00,NSE:COALINDIA,182.0,183.85001,168.8,170.05,19965511.0
2022-05-11 09:15:00,NSE:COALINDIA,171.7,173.7,165.25,169.85001,20641617.0
2022-05-12 09:15:00,NSE:COALINDIA,167.85001,170.2,164.64999,167.05,10406343.0
2022-05-13 09:15:00,NSE:COALINDIA,170.0,173.64999,168.0,168.7,11590435.0
2022-05-16 09:15:00,NSE:COALINDIA,169.5,172.8,167.85001,171.7,7437937.0
2022-05-17 09:15:00,NSE:COALINDIA,173.39999,185.0,173.14999,184.55,28092052.0
2022-05-18 09:15:00,NSE:COALINDIA,186.35001,187.5,181.8,185.55,15425248.0
2022-05-19 09:15:00,NSE:COALINDIA,181.10001,183.5,180.7,181.2,9396007.0
2022-05-20 09:15:00,NSE:COALINDIA,184.5,186.85001,183.55,185.95,6365038.0
2022-05-23 09:15:00,NSE:COALINDIA,185.95,186.75,182.39999,184.3,7794071.0
2022-05-24 09:15:00,NSE:COALINDIA,183.45,186.75,181.2,182.35001,8572565.0
2022-05-25 09:15:00,NSE:COALINDIA,184.2,185.55,180.05,180.7,7926434.0
2022-05-26 09:15:00,NSE:COALINDIA,183.95,186.0,177.75,183.25,23140556.0
2022-05-27 09:15:00,NSE:COALINDIA,184.5,188.64999,180.5,181.85001,16408080.0
2022-05-30 09:15:00,NSE:COALINDIA,184.0,187.89999,182.55,187.2,10577525.0
2022-05-31 09:15:00,NSE:COALINDIA,186.0,195.25,185.2,192.89999,21380248.0
2022-06-01 09:15:00,NSE:COALINDIA,194.5,197.3,193.2,196.05,30867456.0
2022-06-02 09:15:00,NSE:COALINDIA,196.5,199.2,194.3,198.2,17646759.0
2022-06-03 09:15:00,NSE:COALINDIA,200.0,201.0,196.2,197.0,25335178.0
2022-06-06 09:15:00,NSE:COALINDIA,196.5,196.8,193.2,194.85001,22020642.0
2022-06-07 09:15:00,NSE:COALINDIA,193.64999,199.95,193.60001,197.55,12961285.0
2022-06-08 09:15:00,NSE:COALINDIA,198.0,201.95,196.5,197.64999,13059792.0
2022-06-09 09:15:00,NSE:COALINDIA,196.95,200.39999,196.5,198.75,10562238.0
2022-06-10 09:15:00,NSE:COALINDIA,197.35001,199.3,196.25,198.5,6741014.0
2022-06-13 09:15:00,NSE:COALINDIA,196.64999,197.39999,189.55,191.05,8516696.0
2022-06-14 09:15:00,NSE:COALINDIA,189.10001,194.5,189.10001,192.2,6727598.0
2022-06-15 09:15:00,NSE:COALINDIA,192.14999,193.85001,189.14999,190.05,5805589.0
2022-06-16 09:15:00,NSE:COALINDIA,191.55,192.8,179.10001,179.89999,14490962.0
2022-06-17 09:15:00,NSE:COALINDIA,180.0,184.85001,179.39999,182.64999,15215695.0
2022-06-20 09:15:00,NSE:COALINDIA,181.89999,181.89999,174.75,176.85001,23276003.0
2022-06-21 09:15:00,NSE:COALINDIA,178.0,185.64999,178.0,184.8,7564329.0
2022-06-22 09:15:00,NSE:COALINDIA,184.75,184.75,179.0,179.35001,6560404.0
2022-06-23 09:15:00,NSE:COALINDIA,180.3,182.0,174.85001,177.14999,9304799.0
2022-06-24 09:15:00,NSE:COALINDIA,178.64999,180.39999,174.8,176.55,8171322.0
2022-06-27 09:15:00,NSE:COALINDIA,180.0,182.8,177.45,182.05,7063839.0
2022-06-28 09:15:00,NSE:COALINDIA,181.14999,186.95,180.75,186.39999,9844211.0
2022-06-29 09:15:00,NSE:COALINDIA,186.0,190.25,183.64999,188.75,16856241.0
2022-06-30 09:15:00,NSE:COALINDIA,188.10001,189.0,182.55,185.60001,8693744.0
2022-07-01 09:15:00,NSE:COALINDIA,185.0,186.14999,176.60001,183.25,17248729.0
2022-07-04 09:15:00,NSE:COALINDIA,183.25,185.7,179.10001,182.05,8780396.0
2022-07-05 09:15:00,NSE:COALINDIA,183.0,185.2,181.75,182.45,5313753.0
2022-07-06 09:15:00,NSE:COALINDIA,182.5,182.85001,178.0,181.7,9367397.0
2022-07-07 09:15:00,NSE:COALINDIA,183.95,186.60001,181.45,186.0,6322630.0
2022-07-08 09:15:00,NSE:COALINDIA,187.05,191.89999,187.05,189.8,14647592.0
2022-07-11 09:15:00,NSE:COALINDIA,188.95,194.3,187.8,193.35001,9048841.0
2022-07-12 09:15:00,NSE:COALINDIA,192.8,195.3,192.10001,193.89999,6942704.0
2022-07-13 09:15:00,NSE:COALINDIA,193.89999,196.14999,193.0,193.45,7842930.0
2022-07-14 09:15:00,NSE:COALINDIA,194.0,195.45,190.3,192.0,6795141.0
2022-07-15 09:15:00,NSE:COALINDIA,193.0,193.89999,189.39999,193.39999,5610793.0
2022-07-18 09:15:00,NSE:COALINDIA,194.5,196.89999,193.85001,195.60001,7600779.0
2022-07-19 09:15:00,NSE:COALINDIA,194.95,199.60001,194.0,198.25,9913955.0
2022-07-20 09:15:00,NSE:COALINDIA,199.60001,200.39999,197.39999,197.85001,5519522.0
2022-07-21 09:15:00,NSE:COALINDIA,197.85001,199.45,196.3,198.60001,6167419.0
2022-07-22 09:15:00,NSE:COALINDIA,198.60001,199.85001,196.8,197.10001,4844223.0
2022-07-25 09:15:00,NSE:COALINDIA,197.5,201.7,194.60001,200.89999,10207034.0
2022-07-26 09:15:00,NSE:COALINDIA,201.45,203.3,199.55,202.3,12853314.0
2022-07-27 09:15:00,NSE:COALINDIA,202.39999,204.7,201.8,203.45,7343180.0
2022-07-28 09:15:00,NSE:COALINDIA,204.0,205.0,201.35001,202.85001,5096403.0
2022-07-29 09:15:00,NSE:COALINDIA,203.60001,212.45,203.25,211.25,12477455.0
2022-08-01 09:15:00,NSE:COALINDIA,212.5,213.7,209.8,212.75,7849924.0
2022-08-02 09:15:00,NSE:COALINDIA,213.0,217.25,211.64999,215.25,12615631.0
2022-08-03 09:15:00,NSE:COALINDIA,214.95,214.95,208.8,212.10001,9949919.0
2022-08-04 09:15:00,NSE:COALINDIA,212.14999,213.45,206.14999,207.14999,8058280.0
2022-08-05 09:15:00,NSE:COALINDIA,207.5,210.25,205.75,208.45,31999040.0
2022-08-08 09:15:00,NSE:COALINDIA,209.5,216.14999,207.05,215.39999,16358151.0
2022-08-10 09:15:00,NSE:COALINDIA,215.85001,220.45,215.45,219.85001,14267910.0
2022-08-11 09:15:00,NSE:COALINDIA,226.0,226.8,218.0,218.60001,28800337.0
2022-08-12 09:15:00,NSE:COALINDIA,219.0,222.25,217.75,221.64999,8861089.0
2022-08-16 09:15:00,NSE:COALINDIA,224.39999,224.39999,220.45,222.89999,7844356.0
2022-08-17 09:15:00,NSE:COALINDIA,223.5,223.5,220.14999,221.45,6119157.0
2022-08-18 09:15:00,NSE:COALINDIA,221.45,222.64999,220.60001,221.75,4233196.0
2022-08-19 09:15:00,NSE:COALINDIA,221.64999,221.64999,215.7,217.14999,8783707.0
2022-08-22 09:15:00,NSE:COALINDIA,215.60001,220.95,214.05,218.3,10390480.0
2022-08-23 09:15:00,NSE:COALINDIA,217.0,223.7,216.60001,222.85001,9344364.0
2022-08-24 09:15:00,NSE:COALINDIA,222.75,226.0,222.0,223.64999,10825973.0
2022-08-25 09:15:00,NSE:COALINDIA,223.7,227.14999,223.7,224.89999,13077805.0
2022-08-26 09:15:00,NSE:COALINDIA,227.7,232.0,226.5,229.95,12673156.0
2022-08-29 09:15:00,NSE:COALINDIA,221.39999,231.60001,221.39999,230.60001,8757016.0
2022-08-30 09:15:00,NSE:COALINDIA,231.8,235.5,230.85001,234.8,12991363.0
2022-09-01 09:15:00,NSE:COALINDIA,234.35001,236.8,229.55,230.3,9682321.0
2022-09-02 09:15:00,NSE:COALINDIA,231.0,232.45,228.2,229.3,4599518.0
2022-09-05 09:15:00,NSE:COALINDIA,230.0,232.35001,228.5,231.60001,4909470.0
2022-09-06 09:15:00,NSE:COALINDIA,232.7,234.64999,231.0,232.7,5307321.0
2022-09-07 09:15:00,NSE:COALINDIA,232.95,239.3,232.35001,238.85001,12751679.0
2022-09-08 09:15:00,NSE:COALINDIA,240.5,240.5,235.05,236.45,7677716.0
2022-09-09 09:15:00,NSE:COALINDIA,237.5,238.0,233.35001,237.60001,8436280.0
2022-09-12 09:15:00,NSE:COALINDIA,238.5,239.05,228.0,231.5,19053188.0
2022-09-13 09:15:00,NSE:COALINDIA,232.7,235.3,230.64999,231.3,9884429.0
2022-09-14 09:15:00,NSE:COALINDIA,230.14999,233.8,229.55,231.95,7705022.0
2022-09-15 09:15:00,NSE:COALINDIA,233.10001,234.95,232.25,234.25,5386854.0
2022-09-16 09:15:00,NSE:COALINDIA,233.85001,234.0,229.55,231.05,8750965.0
2022-09-19 09:15:00,NSE:COALINDIA,230.95,232.64999,228.7,229.89999,4011597.0
2022-09-20 09:15:00,NSE:COALINDIA,231.0,233.8,228.7,229.85001,6890375.0
2022-09-21 09:15:00,NSE:COALINDIA,229.85001,232.7,227.14999,231.55,5673523.0
2022-09-22 09:15:00,NSE:COALINDIA,229.95,231.3,225.5,227.05,7677219.0
2022-09-23 09:15:00,NSE:COALINDIA,225.0,226.95,221.0,222.85001,5495315.0
2022-09-26 09:15:00,NSE:COALINDIA,221.0,222.10001,212.5,215.5,7832594.0
2022-09-27 09:15:00,NSE:COALINDIA,216.0,219.7,212.75,213.89999,5795048.0
2022-09-28 09:15:00,NSE:COALINDIA,211.7,213.39999,208.89999,210.8,6134706.0
2022-09-29 09:15:00,NSE:COALINDIA,211.8,215.14999,210.64999,213.89999,8962595.0
2022-09-30 09:15:00,NSE:COALINDIA,213.0,216.0,207.85001,212.25,12875386.0
2022-10-03 09:15:00,NSE:COALINDIA,213.0,218.0,212.3,214.95,11397506.0
2022-10-04 09:15:00,NSE:COALINDIA,218.3,224.0,218.10001,223.25,10862095.0
2022-10-06 09:15:00,NSE:COALINDIA,225.0,234.10001,224.64999,233.5,12795784.0
2022-10-07 09:15:00,NSE:COALINDIA,233.0,233.55,227.8,229.7,14641624.0
2022-10-10 09:15:00,NSE:COALINDIA,227.0,232.0,226.60001,229.85001,10850668.0
2022-10-11 09:15:00,NSE:COALINDIA,230.95,230.95,224.0,225.45,19154740.0
2022-10-12 09:15:00,NSE:COALINDIA,225.55,233.0,225.55,232.10001,9256951.0
2022-10-13 09:15:00,NSE:COALINDIA,232.2,235.60001,231.10001,234.55,7231841.0
2022-10-14 09:15:00,NSE:COALINDIA,238.95,238.95,235.35001,236.35001,6241886.0
2022-10-17 09:15:00,NSE:COALINDIA,236.35001,238.55,232.89999,238.0,5623812.0
2022-10-18 09:15:00,NSE:COALINDIA,238.5,242.14999,236.85001,241.7,6674374.0
2022-10-19 09:15:00,NSE:COALINDIA,242.0,243.0,237.0,238.2,13886387.0
2022-10-20 09:15:00,NSE:COALINDIA,237.0,242.5,233.60001,241.0,10755972.0
2022-10-21 09:15:00,NSE:COALINDIA,241.0,241.35001,238.05,238.7,3285505.0
2022-10-24 18:15:00,NSE:COALINDIA,240.89999,241.7,240.0,240.5,730136.0
2022-10-25 09:15:00,NSE:COALINDIA,240.5,240.95,237.95,239.95,6976548.0
2022-10-27 09:15:00,NSE:COALINDIA,240.95,241.60001,239.0,240.89999,6422639.0
2022-10-28 09:15:00,NSE:COALINDIA,242.0,247.8,240.55,244.39999,14076967.0
2022-10-31 09:15:00,NSE:COALINDIA,246.0,247.5,243.55,245.95,8365329.0
2022-11-01 09:15:00,NSE:COALINDIA,247.0,247.0,243.25,245.64999,8813106.0
2022-11-02 09:15:00,NSE:COALINDIA,245.64999,249.60001,242.14999,245.8,14974441.0
2022-11-03 09:15:00,NSE:COALINDIA,244.0,247.60001,241.0,246.2,6754654.0
2022-11-04 09:15:00,NSE:COALINDIA,246.7,248.7,245.5,246.05,5511411.0
2022-11-07 09:15:00,NSE:COALINDIA,247.3,251.35001,246.75,249.55,10513106.0
2022-11-09 09:15:00,NSE:COALINDIA,255.5,263.39999,254.55,255.8,40391668.0
2022-11-10 09:15:00,NSE:COALINDIA,257.95001,260.5,252.10001,253.60001,20832572.0
2022-11-11 09:15:00,NSE:COALINDIA,258.79999,258.89999,252.39999,253.25,20165337.0
2022-11-14 09:15:00,NSE:COALINDIA,254.55,256.25,246.25,247.2,18762693.0
2022-11-15 09:15:00,NSE:COALINDIA,234.39999,238.85001,230.60001,232.14999,20225373.0
2022-11-16 09:15:00,NSE:COALINDIA,233.35001,235.5,230.39999,234.89999,9764275.0
2022-11-17 09:15:00,NSE:COALINDIA,234.75,234.75,231.0,232.39999,5737884.0
2022-11-18 09:15:00,NSE:COALINDIA,232.45,233.55,228.2,229.55,6413585.0
2022-11-21 09:15:00,NSE:COALINDIA,229.0,230.39999,226.7,229.45,6430876.0
2022-11-22 09:15:00,NSE:COALINDIA,228.55,230.7,227.64999,229.10001,5885877.0
2022-11-23 09:15:00,NSE:COALINDIA,230.0,231.10001,229.0,230.60001,5693274.0
2022-11-24 09:15:00,NSE:COALINDIA,230.75,231.8,227.35001,228.5,8198891.0
2022-11-25 09:15:00,NSE:COALINDIA,229.64999,233.64999,227.8,231.39999,10046363.0
2022-11-28 09:15:00,NSE:COALINDIA,230.55,232.75,228.39999,229.85001,8146840.0
2022-11-29 09:15:00,NSE:COALINDIA,230.2,231.3,226.35001,227.2,6628470.0
2022-11-30 09:15:00,NSE:COALINDIA,227.2,228.85001,226.55,227.25,12154948.0
2022-12-01 09:15:00,NSE:COALINDIA,228.39999,230.39999,224.89999,226.10001,22435771.0
2022-12-02 09:15:00,NSE:COALINDIA,226.10001,228.0,225.3,226.60001,6325649.0
2022-12-05 09:15:00,NSE:COALINDIA,226.60001,231.8,226.5,231.25,8732711.0
2022-12-06 09:15:00,NSE:COALINDIA,232.0,232.5,229.5,231.64999,7394839.0
2022-12-07 09:15:00,NSE:COALINDIA,232.14999,232.14999,228.7,229.75,4519547.0
2022-12-08 09:15:00,NSE:COALINDIA,229.64999,231.25,229.0,230.39999,3135706.0
2022-12-09 09:15:00,NSE:COALINDIA,230.55,232.35001,227.8,228.85001,4197165.0
2022-12-12 09:15:00,NSE:COALINDIA,228.35001,233.7,228.10001,232.39999,7881379.0
2022-12-13 09:15:00,NSE:COALINDIA,233.39999,234.45,231.10001,231.55,4878457.0
2022-12-14 09:15:00,NSE:COALINDIA,231.75,233.2,231.35001,232.14999,4730078.0
2022-12-15 09:15:00,NSE:COALINDIA,231.89999,232.60001,227.7,228.2,5221433.0
2022-12-16 09:15:00,NSE:COALINDIA,228.0,229.89999,223.3,224.64999,7757065.0
2022-12-19 09:15:00,NSE:COALINDIA,224.64999,227.85001,224.5,227.3,4073907.0
2022-12-20 09:15:00,NSE:COALINDIA,226.89999,226.89999,223.35001,226.10001,3784271.0
2022-12-21 09:15:00,NSE:COALINDIA,226.5,227.7,222.05,223.85001,3675466.0
2022-12-22 09:15:00,NSE:COALINDIA,224.10001,225.75,219.10001,222.7,4755089.0
2022-12-23 09:15:00,NSE:COALINDIA,220.0,222.89999,214.2,215.05,6561011.0
2022-12-26 09:15:00,NSE:COALINDIA,215.05,221.60001,214.25,220.75,3116608.0
2022-12-27 09:15:00,NSE:COALINDIA,222.0,222.89999,219.64999,221.25,2961726.0
2022-12-28 09:15:00,NSE:COALINDIA,221.25,224.25,220.55,223.2,3015714.0
2022-12-29 09:15:00,NSE:COALINDIA,220.8,224.35001,220.45,221.64999,4784105.0
2022-12-30 09:15:00,NSE:COALINDIA,222.25,226.45,222.25,225.05,4102247.0
2023-01-02 09:15:00,NSE:COALINDIA,226.75,227.2,224.14999,224.75,4210225.0
2023-01-03 09:15:00,NSE:COALINDIA,225.0,225.75,223.0,224.10001,3643132.0
2023-01-04 09:15:00,NSE:COALINDIA,224.35001,224.5,216.25,217.14999,9550461.0
2023-01-05 09:15:00,NSE:COALINDIA,216.8,218.89999,215.2,218.14999,8815728.0
2023-01-06 09:15:00,NSE:COALINDIA,219.0,219.89999,212.0,214.25,12237065.0
2023-01-09 09:15:00,NSE:COALINDIA,215.35001,217.7,214.0,214.95,6967190.0
2023-01-10 09:15:00,NSE:COALINDIA,215.0,217.3,214.2,216.75,5400260.0
2023-01-11 09:15:00,NSE:COALINDIA,217.3,218.5,212.2,213.39999,7637956.0
2023-01-12 09:15:00,NSE:COALINDIA,215.5,217.0,212.8,213.89999,7161675.0
2023-01-13 09:15:00,NSE:COALINDIA,214.2,215.7,213.55,215.10001,3671193.0
2023-01-16 09:15:00,NSE:COALINDIA,215.5,215.89999,212.45,213.75,3987352.0
2023-01-17 09:15:00,NSE:COALINDIA,213.75,215.14999,211.10001,213.10001,5871758.0
2023-01-18 09:15:00,NSE:COALINDIA,213.85001,217.35001,213.2,216.85001,6441530.0
2023-01-19 09:15:00,NSE:COALINDIA,216.75,224.8,215.14999,223.95,12938871.0
2023-01-20 09:15:00,NSE:COALINDIA,224.85001,229.25,222.75,227.0,13444947.0
2023-01-23 09:15:00,NSE:COALINDIA,228.5,230.39999,227.2,230.10001,8736715.0
2023-01-24 09:15:00,NSE:COALINDIA,230.2,232.0,227.2,227.60001,4252051.0
2023-01-25 09:15:00,NSE:COALINDIA,227.8,228.0,223.75,226.14999,3855827.0
2023-01-27 09:15:00,NSE:COALINDIA,227.0,227.64999,219.3,222.39999,6171667.0
2023-01-30 09:15:00,NSE:COALINDIA,222.39999,226.8,220.75,225.85001,6172517.0
2023-01-31 09:15:00,NSE:COALINDIA,225.0,228.35001,223.89999,224.85001,7424552.0
2023-02-01 09:15:00,NSE:COALINDIA,228.0,228.0,214.14999,220.64999,24008324.0
2023-02-02 09:15:00,NSE:COALINDIA,221.0,221.7,217.0,217.64999,6806578.0
2023-02-03 09:15:00,NSE:COALINDIA,218.0,220.7,214.60001,218.89999,8776614.0
2023-02-06 09:15:00,NSE:COALINDIA,219.2,220.35001,215.64999,219.60001,5742881.0
2023-02-07 09:15:00,NSE:COALINDIA,219.60001,221.14999,217.0,219.7,4907167.0
2023-02-08 09:15:00,NSE:COALINDIA,214.75,217.14999,214.14999,215.5,6316867.0
2023-02-09 09:15:00,NSE:COALINDIA,216.0,216.8,213.2,214.55,4383159.0
2023-02-10 09:15:00,NSE:COALINDIA,214.0,214.39999,210.95,211.5,4954439.0
2023-02-13 09:15:00,NSE:COALINDIA,211.5,213.7,209.14999,213.05,6142208.0
2023-02-14 09:15:00,NSE:COALINDIA,213.05,214.3,211.10001,211.75,6758731.0
2023-02-15 09:15:00,NSE:COALINDIA,211.0,213.8,210.3,212.89999,9612884.0
2023-02-16 09:15:00,NSE:COALINDIA,213.5,216.5,213.10001,215.45,13093683.0
2023-02-17 09:15:00,NSE:COALINDIA,214.85001,218.25,214.2,217.5,7243093.0
2023-02-20 09:15:00,NSE:COALINDIA,217.85001,218.95,215.95,218.3,8479587.0
2023-02-21 09:15:00,NSE:COALINDIA,218.8,219.2,213.35001,214.05,4655766.0
2023-02-22 09:15:00,NSE:COALINDIA,214.55,215.85001,211.60001,211.85001,6003852.0
2023-02-23 09:15:00,NSE:COALINDIA,212.95,215.95,212.45,214.89999,6219715.0
2023-02-24 09:15:00,NSE:COALINDIA,216.0,217.3,214.7,217.05,5154174.0
2023-02-27 09:15:00,NSE:COALINDIA,217.0,218.0,215.10001,216.95,4841279.0
2023-02-28 09:15:00,NSE:COALINDIA,216.60001,216.95,212.0,215.39999,6054079.0
2023-03-01 09:15:00,NSE:COALINDIA,215.39999,219.0,214.5,218.75,4510175.0
2023-03-02 09:15:00,NSE:COALINDIA,218.75,224.45,217.35001,222.85001,11354939.0
2023-03-03 09:15:00,NSE:COALINDIA,223.89999,226.45,222.39999,222.95,7089438.0
2023-03-06 09:15:00,NSE:COALINDIA,222.95,225.5,221.75,224.89999,4771341.0
2023-03-08 09:15:00,NSE:COALINDIA,224.85001,225.14999,222.64999,224.85001,4271464.0
2023-03-09 09:15:00,NSE:COALINDIA,224.85001,226.95,223.64999,224.8,4263468.0
2023-03-10 09:15:00,NSE:COALINDIA,222.95,225.3,221.45,224.35001,3670173.0
2023-03-13 09:15:00,NSE:COALINDIA,224.2,225.75,219.35001,220.8,3877606.0
2023-03-14 09:15:00,NSE:COALINDIA,220.8,222.8,218.85001,221.05,5723922.0
2023-03-15 09:15:00,NSE:COALINDIA,221.95,223.2,219.60001,219.89999,2992144.0
2023-03-16 09:15:00,NSE:COALINDIA,218.55,222.45,216.35001,220.85001,4988245.0
2023-03-17 09:15:00,NSE:COALINDIA,222.0,225.95,220.10001,221.64999,15720256.0
2023-03-20 09:15:00,NSE:COALINDIA,220.0,221.60001,215.7,217.05,4244575.0
2023-03-21 09:15:00,NSE:COALINDIA,218.14999,218.95,215.95,217.05,3998751.0
2023-03-22 09:15:00,NSE:COALINDIA,216.89999,216.89999,213.10001,213.95,9675449.0
2023-03-23 09:15:00,NSE:COALINDIA,213.14999,214.75,212.39999,213.35001,4730918.0
2023-03-24 09:15:00,NSE:COALINDIA,213.25,213.89999,208.0,208.45,6611089.0
2023-03-27 09:15:00,NSE:COALINDIA,208.5,210.2,207.60001,208.39999,4002212.0
2023-03-28 09:15:00,NSE:COALINDIA,209.39999,211.25,208.45,208.89999,6157526.0
2023-03-29 09:15:00,NSE:COALINDIA,209.95,214.89999,208.39999,212.95,16734166.0
2023-03-31 09:15:00,NSE:COALINDIA,212.2,214.3,211.14999,213.64999,5139018.0
2023-04-03 09:15:00,NSE:COALINDIA,214.10001,220.85001,213.8,220.14999,7754066.0
2023-04-05 09:15:00,NSE:COALINDIA,220.3,224.25,220.3,222.5,6491910.0
2023-04-06 09:15:00,NSE:COALINDIA,222.45,223.14999,220.3,221.7,4589598.0
2023-04-10 09:15:00,NSE:COALINDIA,221.45,224.45,221.14999,222.05,3498235.0
2023-04-11 09:15:00,NSE:COALINDIA,222.75,224.3,222.0,223.64999,3995959.0
2023-04-12 09:15:00,NSE:COALINDIA,224.0,228.0,223.64999,227.7,5136012.0
2023-04-13 09:15:00,NSE:COALINDIA,227.89999,229.64999,224.45,225.5,3478451.0
2023-04-17 09:15:00,NSE:COALINDIA,225.5,229.95,225.39999,229.60001,6265943.0
2023-04-18 09:15:00,NSE:COALINDIA,229.60001,232.39999,229.25,232.2,8004952.0
2023-04-19 09:15:00,NSE:COALINDIA,233.60001,234.60001,229.0,230.39999,7424582.0
2023-04-20 09:15:00,NSE:COALINDIA,229.89999,231.5,229.10001,229.55,2589165.0
2023-04-21 09:15:00,NSE:COALINDIA,230.0,230.45,227.45,230.05,2459508.0
2023-04-24 09:15:00,NSE:COALINDIA,229.55,232.0,229.55,231.55,2587030.0
2023-04-25 09:15:00,NSE:COALINDIA,231.14999,232.3,229.89999,230.25,2570946.0
2023-04-26 09:15:00,NSE:COALINDIA,230.0,230.64999,228.0,229.75,3439487.0
2023-04-27 09:15:00,NSE:COALINDIA,229.75,232.5,229.14999,231.75,3349374.0
2023-04-28 09:15:00,NSE:COALINDIA,232.5,234.75,231.60001,233.10001,4771074.0
2023-05-02 09:15:00,NSE:COALINDIA,233.2,237.45,233.10001,236.10001,3773537.0
2023-05-03 09:15:00,NSE:COALINDIA,236.05,238.95,234.60001,236.89999,4523385.0
2023-05-04 09:15:00,NSE:COALINDIA,236.85001,238.0,234.14999,237.45,7248108.0
2023-05-05 09:15:00,NSE:COALINDIA,237.85001,238.0,236.0,237.39999,3043479.0
2023-05-08 09:15:00,NSE:COALINDIA,232.5,233.39999,230.0,232.85001,9711437.0
2023-05-09 09:15:00,NSE:COALINDIA,234.8,238.8,233.5,236.35001,7318928.0
2023-05-10 09:15:00,NSE:COALINDIA,236.95,237.25,234.55,236.55,3650159.0
2023-05-11 09:15:00,NSE:COALINDIA,236.55,238.14999,235.7,236.14999,2675726.0
2023-05-12 09:15:00,NSE:COALINDIA,236.14999,237.25,234.25,235.05,2348435.0
2023-05-15 09:15:00,NSE:COALINDIA,234.60001,239.60001,233.85001,237.7,4217892.0
2023-05-16 09:15:00,NSE:COALINDIA,238.75,241.7,237.45,240.95,6016484.0
2023-05-17 09:15:00,NSE:COALINDIA,240.95,243.7,240.75,241.60001,4968232.0
2023-05-18 09:15:00,NSE:COALINDIA,242.0,242.89999,238.95,239.60001,3512113.0
2023-05-19 09:15:00,NSE:COALINDIA,240.0,241.60001,236.3,239.89999,3810543.0
2023-05-22 09:15:00,NSE:COALINDIA,239.39999,241.2,237.45,238.7,2891415.0
2023-05-23 09:15:00,NSE:COALINDIA,238.95,240.2,236.8,239.3,3213453.0
2023-05-24 09:15:00,NSE:COALINDIA,238.3,241.5,238.0,241.0,2422138.0
2023-05-25 09:15:00,NSE:COALINDIA,241.25,242.2,237.89999,240.05,3810138.0
2023-05-26 09:15:00,NSE:COALINDIA,239.8,242.45,239.10001,241.5,2646742.0
2023-05-29 09:15:00,NSE:COALINDIA,241.55,247.64999,240.8,246.10001,8069985.0
2023-05-30 09:15:00,NSE:COALINDIA,246.25,247.14999,243.3,244.3,4657906.0
2023-05-31 09:15:00,NSE:COALINDIA,247.89999,247.89999,239.3,241.25,15727646.0
2023-06-01 09:15:00,NSE:COALINDIA,230.39999,231.89999,229.14999,230.35001,35509867.0
2023-06-02 09:15:00,NSE:COALINDIA,228.5,233.39999,228.10001,230.89999,36400588.0
2023-06-05 09:15:00,NSE:COALINDIA,230.5,231.2,229.45,229.7,19807347.0
2023-06-06 09:15:00,NSE:COALINDIA,229.8,230.64999,226.75,227.8,13495524.0
2023-06-07 09:15:00,NSE:COALINDIA,228.75,231.5,228.10001,230.7,21853324.0
2023-06-08 09:15:00,NSE:COALINDIA,231.39999,231.39999,227.64999,228.10001,8538256.0
2023-06-09 09:15:00,NSE:COALINDIA,228.95,229.45,227.35001,227.64999,5137982.0
2023-06-12 09:15:00,NSE:COALINDIA,228.25,229.25,226.64999,229.0,4261576.0
2023-06-13 09:15:00,NSE:COALINDIA,230.0,230.3,228.0,228.95,5574798.0
2023-06-14 09:15:00,NSE:COALINDIA,229.89999,229.89999,227.55,228.95,7034468.0
2023-06-15 09:15:00,NSE:COALINDIA,229.2,229.64999,227.89999,228.60001,6363240.0
2023-06-16 09:15:00,NSE:COALINDIA,228.5,229.7,228.0,228.55,8518319.0
2023-06-19 09:15:00,NSE:COALINDIA,228.5,228.8,226.60001,227.14999,8210198.0
2023-06-20 09:15:00,NSE:COALINDIA,227.75,227.75,225.5,227.25,5024593.0
2023-06-21 09:15:00,NSE:COALINDIA,227.8,228.8,226.45,228.45,4705567.0
2023-06-22 09:15:00,NSE:COALINDIA,228.39999,229.60001,226.60001,226.95,6566989.0
2023-06-23 09:15:00,NSE:COALINDIA,227.10001,227.55,224.8,225.89999,3881707.0
2023-06-26 09:15:00,NSE:COALINDIA,226.0,226.45,223.25,224.3,6145625.0
2023-06-27 09:15:00,NSE:COALINDIA,226.35001,226.8,223.89999,225.14999,6282912.0
2023-06-28 09:15:00,NSE:COALINDIA,225.14999,227.64999,224.14999,227.25,19512531.0
2023-06-30 09:15:00,NSE:COALINDIA,227.89999,231.35001,226.75,231.0,7850296.0
2023-07-03 09:15:00,NSE:COALINDIA,231.5,233.75,229.85001,231.64999,7860203.0
2023-07-04 09:15:00,NSE:COALINDIA,232.25,232.8,230.3,231.8,3662791.0
2023-07-05 09:15:00,NSE:COALINDIA,231.8,232.85001,230.10001,231.39999,4859892.0
2023-07-06 09:15:00,NSE:COALINDIA,231.39999,236.0,231.0,234.60001,7254947.0
2023-07-07 09:15:00,NSE:COALINDIA,232.0,235.85001,231.7,234.0,6393850.0
2023-07-10 09:15:00,NSE:COALINDIA,235.0,235.60001,232.85001,233.75,6223180.0
2023-07-11 09:15:00,NSE:COALINDIA,233.8,235.8,233.5,234.0,10775084.0
2023-07-12 09:15:00,NSE:COALINDIA,235.0,237.3,233.64999,234.39999,11313272.0
2023-07-13 09:15:00,NSE:COALINDIA,235.0,235.3,229.0,229.89999,20205328.0
2023-07-14 09:15:00,NSE:COALINDIA,230.0,232.10001,229.75,231.05,7390502.0
2023-07-17 09:15:00,NSE:COALINDIA,231.0,232.64999,229.7,230.2,4963515.0
2023-07-18 09:15:00,NSE:COALINDIA,229.7,232.45,227.55,228.25,6168942.0
2023-07-19 09:15:00,NSE:COALINDIA,229.2,229.89999,228.2,228.60001,5247533.0
2023-07-20 09:15:00,NSE:COALINDIA,228.64999,230.7,227.75,229.75,3195629.0
2023-07-21 09:15:00,NSE:COALINDIA,229.60001,230.5,228.55,229.0,3903407.0
2023-07-24 09:15:00,NSE:COALINDIA,229.0,232.0,228.55,230.95,3456895.0
2023-07-25 09:15:00,NSE:COALINDIA,232.3,232.35001,228.85001,229.95,11024983.0
2023-07-26 09:15:00,NSE:COALINDIA,230.55,231.2,228.89999,230.5,7574284.0
2023-07-27 09:15:00,NSE:COALINDIA,231.0,231.89999,228.14999,229.05,7837850.0
2023-07-28 09:15:00,NSE:COALINDIA,229.60001,229.95,226.85001,227.10001,8817344.0
2023-07-31 09:15:00,NSE:COALINDIA,228.5,229.95,226.85001,229.25,19422170.0
2023-08-01 09:15:00,NSE:COALINDIA,230.0,241.3,228.95,240.35001,22409256.0
2023-08-02 09:15:00,NSE:COALINDIA,241.14999,243.14999,232.3,234.55,25003960.0
2023-08-03 09:15:00,NSE:COALINDIA,234.55,235.10001,229.45,230.05,13949266.0
2023-08-04 09:15:00,NSE:COALINDIA,232.8,236.5,230.5,233.75,6725977.0
2023-08-07 09:15:00,NSE:COALINDIA,234.75,236.0,232.3,232.95,6744074.0
2023-08-08 09:15:00,NSE:COALINDIA,233.0,235.39999,229.3,230.25,13828141.0
2023-08-09 09:15:00,NSE:COALINDIA,233.25,235.7,230.60001,234.75,35271302.0
2023-08-10 09:15:00,NSE:COALINDIA,234.75,236.8,234.45,234.89999,10749822.0
2023-08-11 09:15:00,NSE:COALINDIA,234.0,235.60001,233.75,234.89999,6132454.0
2023-08-14 09:15:00,NSE:COALINDIA,236.0,236.2,230.7,233.89999,6092872.0
2023-08-16 09:15:00,NSE:COALINDIA,234.0,234.8,232.10001,233.05,4576249.0
2023-08-17 09:15:00,NSE:COALINDIA,233.7,233.89999,231.10001,232.3,5602132.0
2023-08-18 09:15:00,NSE:COALINDIA,228.5,228.95,227.0,227.45,6904019.0
2023-08-21 09:15:00,NSE:COALINDIA,227.45,230.8,227.0,230.10001,4955953.0
2023-08-22 09:15:00,NSE:COALINDIA,230.39999,232.05,229.7,230.75,4280368.0
2023-08-23 09:15:00,NSE:COALINDIA,231.25,231.5,230.3,230.89999,2524601.0
2023-08-24 09:15:00,NSE:COALINDIA,231.85001,232.64999,228.5,229.25,6378317.0
2023-08-25 09:15:00,NSE:COALINDIA,229.0,230.10001,227.5,227.7,3890957.0
2023-08-28 09:15:00,NSE:COALINDIA,228.5,230.05,227.5,229.45,3360861.0
2023-08-29 09:15:00,NSE:COALINDIA,229.45,230.39999,228.75,229.95,3112560.0
2023-08-30 09:15:00,NSE:COALINDIA,230.10001,230.75,228.5,228.75,4086281.0
2023-08-31 09:15:00,NSE:COALINDIA,229.0,230.45,228.39999,230.05,10403460.0
2023-09-01 09:15:00,NSE:COALINDIA,230.7,237.25,230.64999,236.89999,14869577.0
2023-09-04 09:15:00,NSE:COALINDIA,238.75,248.95,238.14999,247.8,24785966.0
2023-09-05 09:15:00,NSE:COALINDIA,249.35001,255.89999,247.5,255.35001,19654487.0
2023-09-06 09:15:00,NSE:COALINDIA,255.95,257.79999,252.55,255.8,13346191.0
2023-09-07 09:15:00,NSE:COALINDIA,256.0,274.75,254.8,274.0,72255521.0
2023-09-08 09:15:00,NSE:COALINDIA,274.60001,284.45001,270.89999,282.10001,41855413.0
2023-09-11 09:15:00,NSE:COALINDIA,284.0,284.20001,277.25,278.95001,14505153.0
2023-09-12 09:15:00,NSE:COALINDIA,280.0,280.04999,269.0,270.75,17547706.0
2023-09-13 09:15:00,NSE:COALINDIA,271.5,281.5,269.0,279.64999,17607568.0
2023-09-14 09:15:00,NSE:COALINDIA,281.29999,282.20001,276.70001,277.54999,12033796.0
2023-09-15 09:15:00,NSE:COALINDIA,278.5,284.14999,277.54999,279.29999,13288180.0
2023-09-18 09:15:00,NSE:COALINDIA,279.29999,282.75,274.45001,281.25,8754852.0
2023-09-20 09:15:00,NSE:COALINDIA,279.5,288.0,279.10001,284.29999,18615797.0
2023-09-21 09:15:00,NSE:COALINDIA,284.89999,286.79999,278.60001,280.45001,11071899.0
2023-09-22 09:15:00,NSE:COALINDIA,280.0,286.10001,279.20001,283.35001,8691024.0
2023-09-25 09:15:00,NSE:COALINDIA,284.29999,289.0,281.14999,288.04999,9118957.0
2023-09-26 09:15:00,NSE:COALINDIA,288.45001,291.39999,286.14999,286.75,11256196.0
2023-09-27 09:15:00,NSE:COALINDIA,288.0,293.39999,284.5,291.54999,12805340.0
2023-09-28 09:15:00,NSE:COALINDIA,291.54999,294.14999,289.0,290.20001,12432497.0
2023-09-29 09:15:00,NSE:COALINDIA,292.79999,297.5,291.39999,295.20001,8640829.0
2023-10-03 09:15:00,NSE:COALINDIA,297.04999,297.10001,290.10001,291.89999,9348540.0
2023-10-04 09:15:00,NSE:COALINDIA,290.79999,291.5,285.89999,287.95001,6338888.0
2023-10-05 09:15:00,NSE:COALINDIA,288.79999,290.54999,283.89999,289.35001,8687014.0
2023-10-06 09:15:00,NSE:COALINDIA,290.95001,291.0,287.0,287.79999,3741467.0
2023-10-09 09:15:00,NSE:COALINDIA,286.04999,288.95001,283.04999,287.79999,4647845.0
2023-10-10 09:15:00,NSE:COALINDIA,288.25,303.89999,287.79999,303.25,23283411.0
2023-10-11 09:15:00,NSE:COALINDIA,304.54999,305.0,299.45001,301.85001,12321154.0
2023-10-12 09:15:00,NSE:COALINDIA,302.54999,309.10001,301.89999,307.20001,15375295.0
2023-10-13 09:15:00,NSE:COALINDIA,305.0,310.85001,304.45001,307.95001,9516879.0
2023-10-16 09:15:00,NSE:COALINDIA,307.85001,313.64999,306.54999,312.0,10535107.0
2023-10-17 09:15:00,NSE:COALINDIA,313.0,318.35001,312.10001,317.39999,7760527.0
2023-10-18 09:15:00,NSE:COALINDIA,317.35001,319.75,315.25,316.95001,9662837.0
2023-10-19 09:15:00,NSE:COALINDIA,315.29999,315.70001,308.85001,314.79999,8977527.0
2023-10-20 09:15:00,NSE:COALINDIA,312.5,316.70001,309.60001,312.39999,6009115.0
2023-10-23 09:15:00,NSE:COALINDIA,312.54999,312.85001,305.0,306.10001,8086150.0
2023-10-25 09:15:00,NSE:COALINDIA,306.10001,312.70001,305.0,310.29999,7253336.0
2023-10-26 09:15:00,NSE:COALINDIA,309.14999,309.14999,302.89999,305.25,8329092.0
2023-10-27 09:15:00,NSE:COALINDIA,306.0,317.14999,306.0,313.95001,10503070.0
2023-10-30 09:15:00,NSE:COALINDIA,315.0,315.79999,311.95001,314.54999,6229982.0
2023-10-31 09:15:00,NSE:COALINDIA,316.75,316.79999,310.75,314.25,7446586.0
2023-11-01 09:15:00,NSE:COALINDIA,313.20001,315.79999,305.85001,306.64999,9593653.0
2023-11-02 09:15:00,NSE:COALINDIA,308.95001,312.79999,307.29999,308.85001,7071960.0
2023-11-03 09:15:00,NSE:COALINDIA,310.60001,314.70001,310.29999,312.0,4658440.0
2023-11-06 09:15:00,NSE:COALINDIA,313.20001,319.54999,313.0,316.54999,10340818.0
2023-11-07 09:15:00,NSE:COALINDIA,316.5,318.79999,313.64999,314.25,6826885.0
2023-11-08 09:15:00,NSE:COALINDIA,316.0,318.14999,314.54999,317.39999,6424833.0
2023-11-09 09:15:00,NSE:COALINDIA,318.45001,324.5,315.70001,323.54999,15503280.0
2023-11-10 09:15:00,NSE:COALINDIA,324.45001,326.14999,321.54999,323.39999,8445203.0
2023-11-12 18:15:00,NSE:COALINDIA,330.0,336.7,328.25,331.8,10262641.0
2023-11-13 09:15:00,NSE:COALINDIA,333.0,350.0,330.29999,349.35001,42178783.0
2023-11-15 09:15:00,NSE:COALINDIA,359.0,359.0,348.60001,350.60001,35092206.0
2023-11-16 09:15:00,NSE:COALINDIA,353.0,354.5,344.85001,345.79999,17617280.0
2023-11-17 09:15:00,NSE:COALINDIA,348.0,348.54999,342.29999,345.25,13542916.0
2023-11-20 09:15:00,NSE:COALINDIA,348.0,352.39999,343.95001,347.75,19032608.0
2023-11-21 09:15:00,NSE:COALINDIA,335.0,338.5,328.85001,334.20001,15148068.0
2023-11-22 09:15:00,NSE:COALINDIA,335.79999,337.89999,330.0,332.14999,7599447.0
2023-11-23 09:15:00,NSE:COALINDIA,332.5,336.04999,330.0,334.45001,6186567.0
2023-11-24 09:15:00,NSE:COALINDIA,335.35001,337.45001,332.10001,332.79999,7054445.0
2023-11-28 09:15:00,NSE:COALINDIA,334.79999,342.5,333.29999,341.95001,10791886.0
2023-11-29 09:15:00,NSE:COALINDIA,343.0,345.0,338.10001,342.35001,14149513.0
2023-11-30 09:15:00,NSE:COALINDIA,345.0,345.0,338.04999,342.14999,11959336.0
2023-12-01 09:15:00,NSE:COALINDIA,343.79999,351.10001,342.45001,346.64999,15105221.0
2023-12-04 09:15:00,NSE:COALINDIA,351.10001,360.0,350.64999,354.70001,22705896.0
2023-12-05 09:15:00,NSE:COALINDIA,355.70001,356.45001,350.0,355.54999,15782945.0
2023-12-06 09:15:00,NSE:COALINDIA,355.79999,362.5,349.45001,352.14999,14817158.0
2023-12-07 09:15:00,NSE:COALINDIA,353.79999,353.79999,348.39999,351.95001,8507659.0
2023-12-08 09:15:00,NSE:COALINDIA,352.0,358.39999,346.89999,351.0,13444251.0
2023-12-11 09:15:00,NSE:COALINDIA,351.0,358.60001,351.0,353.64999,11420609.0
2023-12-12 09:15:00,NSE:COALINDIA,354.14999,354.60001,345.14999,347.5,8789103.0
2023-12-13 09:15:00,NSE:COALINDIA,349.39999,349.79999,343.70001,345.20001,8091533.0
2023-12-14 09:15:00,NSE:COALINDIA,349.20001,351.20001,345.79999,347.60001,13142466.0
2023-12-15 09:15:00,NSE:COALINDIA,350.0,354.35001,348.45001,350.0,14331890.0
2023-12-18 09:15:00,NSE:COALINDIA,351.0,351.25,342.29999,347.64999,7959685.0
2023-12-19 09:15:00,NSE:COALINDIA,346.5,369.75,346.5,366.95001,28937243.0
2023-12-20 09:15:00,NSE:COALINDIA,369.0,371.79999,350.0,352.14999,23224408.0
2023-12-21 09:15:00,NSE:COALINDIA,351.10001,356.79999,346.10001,355.5,10028664.0
2023-12-22 09:15:00,NSE:COALINDIA,359.0,367.39999,356.39999,363.25,13916380.0
2023-12-26 09:15:00,NSE:COALINDIA,363.79999,371.79999,362.5,366.04999,11910267.0
2023-12-27 09:15:00,NSE:COALINDIA,367.0,369.20001,362.39999,365.60001,7890042.0
2023-12-28 09:15:00,NSE:COALINDIA,366.79999,382.5,365.79999,380.95001,28310022.0
2023-12-29 09:15:00,NSE:COALINDIA,381.5,381.70001,374.25,376.0,8859317.0
2024-01-01 09:15:00,NSE:COALINDIA,377.79999,386.79999,377.45001,381.79999,11124690.0
2024-01-02 09:15:00,NSE:COALINDIA,387.39999,395.85001,384.25,392.64999,28363847.0
2024-01-03 09:15:00,NSE:COALINDIA,394.79999,394.79999,383.85001,384.54999,12903439.0
2024-01-04 09:15:00,NSE:COALINDIA,387.79999,389.79999,383.89999,384.75,11039940.0
2024-01-05 09:15:00,NSE:COALINDIA,386.79999,388.5,382.5,384.25,8369460.0
2024-01-08 09:15:00,NSE:COALINDIA,386.45001,388.64999,379.25,380.39999,9424716.0
2024-01-09 09:15:00,NSE:COALINDIA,383.64999,387.95001,382.10001,385.35001,9473743.0
2024-01-10 09:15:00,NSE:COALINDIA,385.85001,385.85001,375.85001,382.04999,9670366.0
2024-01-11 09:15:00,NSE:COALINDIA,385.5,388.89999,383.29999,384.35001,9163771.0
2024-01-12 09:15:00,NSE:COALINDIA,385.79999,385.79999,379.54999,381.10001,7471050.0
2024-01-15 09:15:00,NSE:COALINDIA,382.5,387.89999,381.39999,384.64999,7490747.0
2024-01-16 09:15:00,NSE:COALINDIA,385.39999,386.95001,377.04999,381.89999,10165133.0
2024-01-17 09:15:00,NSE:COALINDIA,381.79999,385.35001,377.20001,379.64999,10996538.0
2024-01-18 09:15:00,NSE:COALINDIA,380.79999,382.54999,368.0,375.64999,12493835.0
2024-01-19 09:15:00,NSE:COALINDIA,380.64999,384.89999,379.10001,383.25,15893456.0
2024-01-20 09:15:00,NSE:COALINDIA,386.5,401.5,384.45001,398.79999,26121433.0
2024-01-23 09:15:00,NSE:COALINDIA,403.5,404.79999,373.64999,375.29999,16406737.0
2024-01-24 09:15:00,NSE:COALINDIA,379.79999,387.79999,374.25,382.60001,22938994.0
2024-01-25 09:15:00,NSE:COALINDIA,386.79999,391.70001,385.35001,389.39999,13440949.0
2024-01-29 09:15:00,NSE:COALINDIA,392.89999,414.70001,391.5,412.79999,27149058.0
2024-01-30 09:15:00,NSE:COALINDIA,415.75,415.79999,401.60001,402.54999,14159072.0
2024-01-31 09:15:00,NSE:COALINDIA,405.04999,409.14999,400.39999,406.14999,23750822.0
2024-02-01 09:15:00,NSE:COALINDIA,408.79999,411.89999,402.5,406.70001,8862155.0
2024-02-02 09:15:00,NSE:COALINDIA,410.79999,422.89999,409.64999,419.79999,25177075.0
2024-02-05 09:15:00,NSE:COALINDIA,423.25,450.0,417.10001,440.25,31418925.0
2024-02-06 09:15:00,NSE:COALINDIA,444.79999,451.0,437.25,448.64999,13386526.0
2024-02-07 09:15:00,NSE:COALINDIA,454.0,460.54999,447.79999,452.64999,14430152.0
2024-02-08 09:15:00,NSE:COALINDIA,454.79999,468.60001,450.0,459.20001,18790158.0
2024-02-09 09:15:00,NSE:COALINDIA,462.20001,463.79999,435.64999,456.20001,17472069.0
2024-02-12 09:15:00,NSE:COALINDIA,457.0,457.45001,430.04999,432.79999,19472346.0
2024-02-13 09:15:00,NSE:COALINDIA,443.79999,457.85001,434.0,452.35001,35665854.0
2024-02-14 09:15:00,NSE:COALINDIA,451.64999,468.0,443.0,466.35001,18592696.0
2024-02-15 09:15:00,NSE:COALINDIA,469.0,481.25,467.54999,476.85001,18501875.0
2024-02-16 09:15:00,NSE:COALINDIA,482.39999,487.60001,477.5,480.0,14513583.0
2024-02-19 09:15:00,NSE:COALINDIA,482.79999,487.45001,455.45001,461.0,19798448.0
2024-02-20 09:15:00,NSE:COALINDIA,457.95001,457.95001,441.0,446.5,27899165.0
2024-02-21 09:15:00,NSE:COALINDIA,450.95001,450.95001,431.0,432.95001,19032050.0
2024-02-22 09:15:00,NSE:COALINDIA,438.0,448.0,427.95001,445.14999,22083710.0
2024-02-23 09:15:00,NSE:COALINDIA,448.0,449.60001,441.64999,443.89999,9625544.0
2024-02-26 09:15:00,NSE:COALINDIA,443.89999,447.25,440.54999,442.29999,7570244.0
2024-02-27 09:15:00,NSE:COALINDIA,442.29999,445.29999,435.04999,441.39999,8343526.0
2024-02-28 09:15:00,NSE:COALINDIA,440.29999,442.85001,430.35001,434.20001,8893614.0
2024-02-29 09:15:00,NSE:COALINDIA,444.0,444.0,429.64999,436.70001,11711699.0
2024-03-01 09:15:00,NSE:COALINDIA,438.0,448.79999,438.0,446.35001,8411615.0
2024-03-02 09:15:00,NSE:COALINDIA,447.20001,450.0,446.45001,448.5,1085461.0
2024-03-04 09:15:00,NSE:COALINDIA,451.85001,458.0,448.04999,455.39999,11977226.0
2024-03-05 09:15:00,NSE:COALINDIA,456.0,461.75,453.54999,460.64999,9605493.0
2024-03-06 09:15:00,NSE:COALINDIA,462.45001,464.95001,444.54999,461.60001,14061966.0
2024-03-07 09:15:00,NSE:COALINDIA,461.60001,465.39999,456.04999,458.60001,9680802.0
2024-03-11 09:15:00,NSE:COALINDIA,461.0,462.85001,452.39999,453.89999,7824738.0
2024-03-12 09:15:00,NSE:COALINDIA,453.89999,455.79999,446.70001,449.29999,8409613.0
2024-03-13 09:15:00,NSE:COALINDIA,449.29999,449.89999,410.0,417.04999,17803423.0
2024-03-14 09:15:00,NSE:COALINDIA,419.0,428.85001,412.20001,427.70001,20478918.0
2024-03-15 09:15:00,NSE:COALINDIA,427.70001,428.04999,401.20001,415.25,25435001.0
2024-03-18 09:15:00,NSE:COALINDIA,416.0,423.5,413.54999,421.85001,9803914.0
2024-03-19 09:15:00,NSE:COALINDIA,417.0,424.60001,414.0,419.04999,8373676.0
2024-03-20 09:15:00,NSE:COALINDIA,419.79999,422.79999,412.70001,419.5,6950340.0
2024-03-21 09:15:00,NSE:COALINDIA,424.0,433.54999,423.14999,432.04999,9911230.0
2024-03-22 09:15:00,NSE:COALINDIA,430.89999,436.20001,428.29999,431.95001,9172888.0
2024-03-26 09:15:00,NSE:COALINDIA,433.79999,440.95001,430.89999,435.95001,9389403.0
2024-03-27 09:15:00,NSE:COALINDIA,439.79999,439.79999,426.04999,429.45001,17985246.0
2024-03-28 09:15:00,NSE:COALINDIA,430.0,438.45001,430.0,434.10001,10332853.0
2024-04-01 09:15:00,NSE:COALINDIA,436.70001,443.79999,434.79999,442.04999,7256592.0
2024-04-02 09:15:00,NSE:COALINDIA,442.04999,448.29999,436.04999,443.20001,11530800.0
2024-04-03 09:15:00,NSE:COALINDIA,443.20001,447.0,440.89999,445.5,6972648.0
2024-04-04 09:15:00,NSE:COALINDIA,450.0,453.5,442.54999,448.85001,14743020.0
2024-04-05 09:15:00,NSE:COALINDIA,448.75,448.85001,444.0,446.95001,4820138.0
2024-04-08 09:15:00,NSE:COALINDIA,449.0,450.45001,444.54999,447.39999,3980972.0
2024-04-09 09:15:00,NSE:COALINDIA,448.70001,450.29999,437.25,439.85001,8005012.0
2024-04-10 09:15:00,NSE:COALINDIA,442.54999,458.60001,442.10001,456.35001,15825331.0
2024-04-12 09:15:00,NSE:COALINDIA,455.0,463.45001,452.54999,455.60001,11259294.0
2024-04-15 09:15:00,NSE:COALINDIA,448.95001,455.79999,441.10001,451.0,7680715.0
2024-04-16 09:15:00,NSE:COALINDIA,449.0,456.39999,446.35001,453.20001,4996845.0
2024-04-18 09:15:00,NSE:COALINDIA,454.95001,456.79999,435.14999,438.60001,10945138.0
2024-04-19 09:15:00,NSE:COALINDIA,436.0,438.60001,428.04999,435.29999,7628287.0
2024-04-22 09:15:00,NSE:COALINDIA,440.89999,444.5,438.0,442.95001,6396926.0
2024-04-23 09:15:00,NSE:COALINDIA,445.75,445.75,439.25,440.95001,5390120.0
2024-04-24 09:15:00,NSE:COALINDIA,441.54999,448.70001,441.14999,443.85001,6538090.0
2024-04-25 09:15:00,NSE:COALINDIA,443.0,454.0,441.75,452.45001,10858594.0
2024-04-26 09:15:00,NSE:COALINDIA,454.0,460.45001,452.20001,455.79999,7209435.0
2024-04-29 09:15:00,NSE:COALINDIA,458.70001,458.70001,450.54999,453.25,5305655.0
2024-04-30 09:15:00,NSE:COALINDIA,456.39999,458.39999,452.04999,454.29999,6021793.0
2024-05-02 09:15:00,NSE:COALINDIA,457.54999,459.54999,449.39999,453.89999,14980896.0
2024-05-03 09:15:00,NSE:COALINDIA,457.89999,475.79999,449.39999,474.60001,51071947.0
2024-05-06 09:15:00,NSE:COALINDIA,479.0,481.45001,444.04999,460.60001,36408390.0
2024-05-07 09:15:00,NSE:COALINDIA,463.0,469.5,452.85001,456.0,13728379.0
2024-05-08 09:15:00,NSE:COALINDIA,456.70001,471.39999,455.10001,464.45001,16978094.0
2024-05-09 09:15:00,NSE:COALINDIA,465.35001,467.70001,441.35001,443.5,15601338.0
2024-05-10 09:15:00,NSE:COALINDIA,447.20001,451.14999,440.25,449.39999,9190621.0
2024-05-13 09:15:00,NSE:COALINDIA,451.25,451.79999,434.70001,444.0,11107909.0
2024-05-14 09:15:00,NSE:COALINDIA,446.70001,450.64999,445.10001,448.70001,6592194.0
2024-05-15 09:15:00,NSE:COALINDIA,450.0,470.0,449.5,467.85001,23543942.0
2024-05-16 09:15:00,NSE:COALINDIA,468.64999,475.0,457.85001,468.29999,17232651.0
2024-05-17 09:15:00,NSE:COALINDIA,469.04999,473.70001,466.79999,470.25,10625019.0
2024-05-18 09:15:00,NSE:COALINDIA,472.89999,473.0,468.54999,469.70001,986166.0
2024-05-21 09:15:00,NSE:COALINDIA,469.70001,493.89999,469.70001,490.64999,27356982.0
2024-05-22 09:15:00,NSE:COALINDIA,494.5,507.35001,491.60001,501.70001,28346931.0
2024-05-23 09:15:00,NSE:COALINDIA,503.39999,503.79999,492.10001,497.29999,14378840.0
2024-05-24 09:15:00,NSE:COALINDIA,495.95001,505.39999,489.14999,501.0,12190536.0
2024-05-27 09:15:00,NSE:COALINDIA,502.95001,503.0,490.75,494.45001,8811105.0
2024-05-28 09:15:00,NSE:COALINDIA,496.0,496.20001,484.10001,487.64999,8165238.0
2024-05-29 09:15:00,NSE:COALINDIA,482.10001,491.89999,482.10001,486.45001,8014727.0
2024-05-30 09:15:00,NSE:COALINDIA,486.0,487.95001,479.5,482.14999,7725080.0
2024-05-31 09:15:00,NSE:COALINDIA,484.39999,493.10001,479.0,491.20001,11223848.0
2024-06-03 09:15:00,NSE:COALINDIA,515.0,527.40002,505.54999,512.34998,24416215.0
2024-06-04 09:15:00,NSE:COALINDIA,512.34998,512.40002,410.79999,441.89999,48046493.0
2024-06-05 09:15:00,NSE:COALINDIA,452.0,462.85001,425.10001,460.54999,18966089.0
2024-06-06 09:15:00,NSE:COALINDIA,470.0,484.39999,464.64999,472.95001,21757857.0
2024-06-07 09:15:00,NSE:COALINDIA,473.0,481.29999,467.60001,479.14999,8317343.0
2024-06-10 09:15:00,NSE:COALINDIA,485.0,488.0,475.5,477.70001,10958537.0
2024-06-11 09:15:00,NSE:COALINDIA,482.0,483.5,475.20001,476.35001,11169021.0
2024-06-12 09:15:00,NSE:COALINDIA,481.0,494.29999,479.35001,488.70001,15412796.0
2024-06-13 09:15:00,NSE:COALINDIA,493.89999,493.89999,483.5,487.89999,7438571.0
2024-06-14 09:15:00,NSE:COALINDIA,487.89999,492.39999,485.25,486.95001,5974636.0
2024-06-18 09:15:00,NSE:COALINDIA,492.0,492.89999,485.20001,489.04999,6946544.0
2024-06-19 09:15:00,NSE:COALINDIA,489.39999,491.20001,476.5,477.95001,8962510.0
2024-06-20 09:15:00,NSE:COALINDIA,481.04999,487.39999,471.54999,483.14999,7864157.0
2024-06-21 09:15:00,NSE:COALINDIA,483.14999,491.39999,479.0,480.20001,10340882.0
2024-06-24 09:15:00,NSE:COALINDIA,480.0,480.04999,472.0,473.70001,11124175.0
2024-06-25 09:15:00,NSE:COALINDIA,475.89999,477.95001,465.29999,469.25,7951999.0
2024-06-26 09:15:00,NSE:COALINDIA,470.25,471.85001,465.04999,468.75,6655899.0
2024-06-27 09:15:00,NSE:COALINDIA,468.75,469.0,461.5,467.04999,14857335.0
2024-06-28 09:15:00,NSE:COALINDIA,470.0,476.0,468.0,473.14999,8302706.0
2024-07-01 09:15:00,NSE:COALINDIA,473.35001,476.29999,471.25,474.79999,8579861.0
2024-07-02 09:15:00,NSE:COALINDIA,478.0,485.0,473.35001,479.10001,14629287.0
2024-07-03 09:15:00,NSE:COALINDIA,481.89999,487.64999,479.39999,484.95001,7244652.0
2024-07-04 09:15:00,NSE:COALINDIA,488.75,492.79999,485.29999,489.54999,7796954.0
2024-07-05 09:15:00,NSE:COALINDIA,489.5,493.29999,486.89999,491.5,5754517.0
2024-07-08 09:15:00,NSE:COALINDIA,492.70001,496.0,487.20001,493.29999,7477292.0
2024-07-09 09:15:00,NSE:COALINDIA,496.95001,496.95001,491.10001,493.79999,6444684.0
2024-07-10 09:15:00,NSE:COALINDIA,493.79999,494.89999,480.54999,490.75,5981477.0
2024-07-11 09:15:00,NSE:COALINDIA,492.0,506.0,488.54999,500.04999,20146927.0
2024-07-12 09:15:00,NSE:COALINDIA,504.0,508.60001,495.5,496.20001,8198389.0
2024-07-15 09:15:00,NSE:COALINDIA,500.0,503.60001,492.54999,497.75,7106020.0
2024-07-16 09:15:00,NSE:COALINDIA,498.0,518.40002,498.0,512.75,23169665.0
2024-07-18 09:15:00,NSE:COALINDIA,515.34998,515.79999,501.25,505.25,12540956.0
2024-07-19 09:15:00,NSE:COALINDIA,505.29999,506.39999,486.75,488.0,9971704.0
2024-07-22 09:15:00,NSE:COALINDIA,488.0,496.0,483.54999,491.20001,7281653.0
2024-07-23 09:15:00,NSE:COALINDIA,494.0,495.79999,464.54999,487.0,11311831.0
2024-07-24 09:15:00,NSE:COALINDIA,486.70001,499.39999,485.10001,493.79999,6823248.0
2024-07-25 09:15:00,NSE:COALINDIA,491.0,503.54999,484.0,494.0,10281157.0
2024-07-26 09:15:00,NSE:COALINDIA,498.25,511.70001,498.25,509.85001,20437968.0
2024-07-29 09:15:00,NSE:COALINDIA,514.5,515.70001,507.5,512.15002,7259754.0
2024-07-30 09:15:00,NSE:COALINDIA,512.15002,525.59998,509.95001,519.34998,13197520.0
2024-07-31 09:15:00,NSE:COALINDIA,523.45001,525.40002,510.5,522.20001,11972565.0
2024-08-01 09:15:00,NSE:COALINDIA,535.0,542.25,528.0,540.40002,34763894.0
2024-08-02 09:15:00,NSE:COALINDIA,534.0,537.20001,522.29999,524.5,10985150.0
2024-08-05 09:15:00,NSE:COALINDIA,515.0,515.0,497.54999,506.79999,11835031.0
2024-08-06 09:15:00,NSE:COALINDIA,508.10001,517.20001,498.0,499.60001,7142269.0
2024-08-07 09:15:00,NSE:COALINDIA,507.70001,532.79999,507.70001,531.5,18293730.0
2024-08-08 09:15:00,NSE:COALINDIA,534.0,535.0,521.25,523.45001,13624148.0
2024-08-09 09:15:00,NSE:COALINDIA,530.0,531.34998,521.84998,529.79999,6468264.0
2024-08-12 09:15:00,NSE:COALINDIA,529.0,530.5,523.29999,523.95001,5238736.0
2024-08-13 09:15:00,NSE:COALINDIA,525.0,529.90002,520.0,521.75,5201294.0
2024-08-14 09:15:00,NSE:COALINDIA,522.90002,527.90002,499.04999,504.70001,14766889.0
2024-08-16 09:15:00,NSE:COALINDIA,507.70001,515.75,502.5,512.29999,7313429.0
2024-08-19 09:15:00,NSE:COALINDIA,513.79999,523.45001,513.15002,522.0,10737456.0
2024-08-20 09:15:00,NSE:COALINDIA,524.34998,528.45001,521.04999,524.59998,8191127.0
2024-08-21 09:15:00,NSE:COALINDIA,526.5,535.25,524.40002,532.20001,9067794.0
2024-08-22 09:15:00,NSE:COALINDIA,534.0,535.45001,526.79999,528.84998,8531700.0
2024-08-23 09:15:00,NSE:COALINDIA,528.95001,541.15002,528.84998,538.84998,12566904.0
2024-08-26 09:15:00,NSE:COALINDIA,542.0,543.54999,534.70001,538.09998,7193307.0
2024-08-27 09:15:00,NSE:COALINDIA,539.09998,541.70001,530.0,531.40002,7865530.0
2024-08-28 09:15:00,NSE:COALINDIA,533.90002,535.54999,525.45001,526.34998,6066259.0
2024-08-29 09:15:00,NSE:COALINDIA,526.34998,530.0,516.09998,527.54999,9147836.0
2024-08-30 09:15:00,NSE:COALINDIA,530.0,537.0,522.0,524.95001,30921282.0
2024-09-02 09:15:00,NSE:COALINDIA,527.0,529.0,517.65002,520.84998,6370038.0
2024-09-03 09:15:00,NSE:COALINDIA,521.0,523.59998,518.25,519.59998,5526155.0
2024-09-04 09:15:00,NSE:COALINDIA,516.85,516.85,500.55,503.65,16783593.0
2024-09-05 09:15:00,NSE:COALINDIA,507.5,507.5,495.14999,497.0,10830621.0
2024-09-06 09:15:00,NSE:COALINDIA,499.0,499.0,481.04999,488.54999,13110103.0
2024-09-09 09:15:00,NSE:COALINDIA,488.0,488.5,478.05,484.45,10189742.0
2024-09-10 09:15:00,NSE:COALINDIA,487.3,492.0,481.8,491.1,9809547.0
2024-09-11 09:15:00,NSE:COALINDIA,492.85,493.55,481.95,483.95,8134497.0
2024-09-12 09:15:00,NSE:COALINDIA,487.0,497.25,482.25,495.65,12058489.0
2024-09-13 09:15:00,NSE:COALINDIA,497.0,497.85,489.5,490.25,8093877.0
2024-09-16 09:15:00,NSE:COALINDIA,492.5,494.9,487.35,493.25,5244657.0
2024-09-17 09:15:00,NSE:COALINDIA,493.25,494.8,487.65,488.5,5063902.0
2024-09-18 09:15:00,NSE:COALINDIA,489.8,493.6,486.15,487.1,6527832.0
2024-09-19 09:15:00,NSE:COALINDIA,489.0,491.6,476.25,477.95,10014450.0
2024-09-20 09:15:00,NSE:COALINDIA,480.95,498.0,480.3,490.95,12982128.0
2024-09-23 09:15:00,NSE:COALINDIA,493.5,502.5,490.5,500.6,6123879.0
2024-09-24 09:15:00,NSE:COALINDIA,505.0,506.65,501.55,504.3,7306001.0
2024-09-25 09:15:00,NSE:COALINDIA,506.5,507.0,502.0,505.3,5059851.0
2024-09-26 09:15:00,NSE:COALINDIA,506.0,507.45,500.05,506.55,6877039.0
2024-09-27 09:15:00,NSE:COALINDIA,506.55,517.85,504.9,516.1,15443031.0
2024-09-30 09:15:00,NSE:COALINDIA,513.0,513.45,502.5,510.15,8881502.0
2024-10-01 09:15:00,NSE:COALINDIA,512.0,516.0,506.15,508.5,4743517.0
2024-10-03 09:15:00,NSE:COALINDIA,499.5,509.9,499.5,502.35,11285134.0
2024-10-04 09:15:00,NSE:COALINDIA,499.6,504.65,494.05,497.2,7170285.0
2024-10-07 09:15:00,NSE:COALINDIA,498.1,500.55,475.35,480.45,8940891.0
2024-10-08 09:15:00,NSE:COALINDIA,480.8,492.75,476.45,491.85,6049075.0
2024-10-09 09:15:00,NSE:COALINDIA,492.0,496.0,485.65,486.95,6874313.0
2024-10-10 09:15:00,NSE:COALINDIA,488.7,493.95,486.05,488.1,4700891.0
2024-10-11 09:15:00,NSE:COALINDIA,487.5,493.9,487.45,492.95,4364566.0
2024-10-14 09:15:00,NSE:COALINDIA,494.95,502.45,492.95,498.3,5369297.0
2024-10-15 09:15:00,NSE:COALINDIA,498.3,499.35,490.05,494.45,4279311.0
2024-10-16 09:15:00,NSE:COALINDIA,495.0,499.4,492.9,495.75,8000451.0
2024-10-17 09:15:00,NSE:COALINDIA,495.75,497.25,487.2,489.9,4334990.0
2024-10-18 09:15:00,NSE:COALINDIA,488.0,493.75,483.35,492.2,4573163.0
2024-10-21 09:15:00,NSE:COALINDIA,492.0,494.75,482.35,485.4,4737527.0
2024-10-22 09:15:00,NSE:COALINDIA,485.0,487.5,467.2,468.35,8671135.0
2024-10-23 09:15:00,NSE:COALINDIA,468.35,476.05,458.95,474.1,10686743.0
2024-10-24 09:15:00,NSE:COALINDIA,474.1,483.8,473.05,477.25,5045880.0
2024-10-25 09:15:00,NSE:COALINDIA,478.1,479.05,459.0,461.1,10330954.0
2024-10-28 09:15:00,NSE:COALINDIA,452.0,458.0,435.25,441.65,21378247.0
2024-10-29 09:15:00,NSE:COALINDIA,444.2,446.6,438.8,445.55,7680865.0
2024-10-30 09:15:00,NSE:COALINDIA,448.0,455.8,445.0,449.15,7818123.0
2024-10-31 09:15:00,NSE:COALINDIA,452.0,454.5,443.2,452.05,8475238.0
2024-11-01 18:00:00,NSE:COALINDIA,454.65,459.55,452.35,454.15,3095957.0
2024-11-04 09:15:00,NSE:COALINDIA,458.0,458.15,435.5,443.3,15720990.0
2024-11-05 09:15:00,NSE:COALINDIA,429.1,436.25,427.0,434.9,10186343.0
2024-11-06 09:15:00,NSE:COALINDIA,437.8,438.9,431.2,435.8,9130749.0
2024-11-07 09:15:00,NSE:COALINDIA,437.8,440.35,434.65,435.35,5861077.0
2024-11-08 09:15:00,NSE:COALINDIA,435.35,436.0,421.25,424.05,9934413.0
2024-11-11 09:15:00,NSE:COALINDIA,423.0,425.75,417.35,421.55,7201246.0
2024-11-12 09:15:00,NSE:COALINDIA,422.5,424.8,412.8,414.05,6564348.0
2024-11-13 09:15:00,NSE:COALINDIA,414.0,415.5,405.7,406.9,7170870.0
2024-11-14 09:15:00,NSE:COALINDIA,407.2,413.35,402.6,409.75,8776485.0
2024-11-18 09:15:00,NSE:COALINDIA,413.95,418.5,411.0,413.35,7352509.0
2024-11-19 09:15:00,NSE:COALINDIA,415.95,422.0,410.7,412.25,6291292.0
2024-11-21 09:15:00,NSE:COALINDIA,413.05,413.9,404.15,406.0,14141967.0
2024-11-22 09:15:00,NSE:COALINDIA,407.4,415.75,406.4,414.05,8155453.0
2024-11-25 09:15:00,NSE:COALINDIA,421.0,427.45,415.7,417.45,10903727.0
2024-11-26 09:15:00,NSE:COALINDIA,418.45,420.0,409.7,411.5,5798977.0
2024-11-27 09:15:00,NSE:COALINDIA,420.0,421.0,412.7,417.15,9219932.0
2024-11-28 09:15:00,NSE:COALINDIA,420.0,424.9,413.5,415.2,7788912.0
2024-11-29 09:15:00,NSE:COALINDIA,415.3,418.0,411.0,416.4,7057742.0
2024-12-02 09:15:00,NSE:COALINDIA,418.4,423.4,416.8,421.7,6404844.0
2024-12-03 09:15:00,NSE:COALINDIA,425.0,425.5,419.35,422.1,7928558.0
2024-12-04 09:15:00,NSE:COALINDIA,422.1,425.9,415.0,416.65,6836472.0
2024-12-05 09:15:00,NSE:COALINDIA,418.15,421.25,412.0,418.4,9500273.0
2024-12-06 09:15:00,NSE:COALINDIA,420.0,421.5,416.4,417.15,4252732.0
2024-12-09 09:15:00,NSE:COALINDIA,418.0,420.95,412.5,414.0,6662023.0
2024-12-10 09:15:00,NSE:COALINDIA,415.5,417.2,411.5,414.05,6035289.0
2024-12-11 09:15:00,NSE:COALINDIA,416.0,419.65,415.55,416.95,5353413.0
2024-12-12 09:15:00,NSE:COALINDIA,416.5,417.85,407.1,409.1,9409378.0
2024-12-13 09:15:00,NSE:COALINDIA,409.1,411.25,402.0,410.3,9439175.0
2024-12-16 09:15:00,NSE:COALINDIA,410.5,412.85,406.5,410.45,5434635.0
2024-12-17 09:15:00,NSE:COALINDIA,410.45,410.95,402.0,402.9,5070262.0
2024-12-18 09:15:00,NSE:COALINDIA,403.5,404.8,394.55,395.8,7176597.0
2024-12-19 09:15:00,NSE:COALINDIA,390.95,394.5,387.0,391.95,5745829.0
2024-12-20 09:15:00,NSE:COALINDIA,393.0,393.7,380.5,382.0,7923854.0
2024-12-23 09:15:00,NSE:COALINDIA,386.0,388.6,382.4,382.95,5163415.0
2024-12-24 09:15:00,NSE:COALINDIA,384.85,386.75,381.4,384.5,4242999.0
2024-12-26 09:15:00,NSE:COALINDIA,386.4,390.3,385.05,386.6,4190081.0
2024-12-27 09:15:00,NSE:COALINDIA,387.5,388.45,379.55,380.5,5909271.0
2024-12-30 09:15:00,NSE:COALINDIA,380.5,382.3,375.7,377.9,22328728.0
2024-12-31 09:15:00,NSE:COALINDIA,377.9,384.7,376.1,384.15,7686615.0
2025-01-01 09:15:00,NSE:COALINDIA,383.55,388.15,382.5,386.4,3584876.0
2025-01-02 09:15:00,NSE:COALINDIA,388.4,393.95,384.05,392.95,7538972.0
2025-01-03 09:15:00,NSE:COALINDIA,393.0,399.3,389.5,393.65,7122319.0
2025-01-06 09:15:00,NSE:COALINDIA,394.05,394.05,377.15,378.75,8774141.0
2025-01-07 09:15:00,NSE:COALINDIA,380.55,384.25,376.5,379.8,6542121.0
2025-01-08 09:15:00,NSE:COALINDIA,380.05,382.05,376.0,380.35,7407778.0
2025-01-09 09:15:00,NSE:COALINDIA,381.55,381.55,370.8,372.2,6247612.0
2025-01-10 09:15:00,NSE:COALINDIA,371.4,373.2,364.7,368.5,4893721.0
2025-01-13 09:15:00,NSE:COALINDIA,366.1,370.4,361.25,362.9,8661589.0
2025-01-14 09:15:00,NSE:COALINDIA,365.0,374.0,363.0,369.25,5698113.0
2025-01-15 09:15:00,NSE:COALINDIA,371.9,381.45,369.3,374.6,11117714.0
2025-01-16 09:15:00,NSE:COALINDIA,378.45,381.5,374.8,378.85,6923722.0
2025-01-17 09:15:00,NSE:COALINDIA,380.0,389.3,378.55,387.65,8380692.0
2025-01-20 09:15:00,NSE:COALINDIA,389.6,391.0,382.65,387.05,14597375.0
2025-01-21 09:15:00,NSE:COALINDIA,388.0,389.65,381.0,381.55,20854879.0
2025-01-22 09:15:00,NSE:COALINDIA,381.5,383.9,374.65,379.2,10653690.0
2025-01-23 09:15:00,NSE:COALINDIA,377.5,388.2,376.2,385.8,5844752.0
2025-01-24 09:15:00,NSE:COALINDIA,386.05,392.25,381.7,383.05,5351964.0
2025-01-27 09:15:00,NSE:COALINDIA,380.9,383.0,372.75,375.75,6645109.0
2025-01-28 09:15:00,NSE:COALINDIA,376.0,377.6,367.75,370.65,10866038.0
2025-01-29 09:15:00,NSE:COALINDIA,372.5,385.0,370.8,379.45,6680927.0
2025-01-30 09:15:00,NSE:COALINDIA,381.7,387.35,380.4,385.05,6300164.0
2025-01-31 09:15:00,NSE:COALINDIA,379.5,396.95,374.65,395.9,10339434.0
2025-02-01 09:15:00,NSE:COALINDIA,395.9,399.45,379.05,385.3,7015540.0
2025-02-03 09:15:00,NSE:COALINDIA,384.0,384.15,366.5,374.0,7689700.0
2025-02-04 09:15:00,NSE:COALINDIA,377.5,380.7,374.9,376.55,4649921.0
2025-02-05 09:15:00,NSE:COALINDIA,378.0,385.1,377.9,382.85,5914200.0
2025-02-06 09:15:00,NSE:COALINDIA,382.8,384.65,377.2,379.6,4652107.0
2025-02-07 09:15:00,NSE:COALINDIA,379.5,383.0,376.0,378.25,3006598.0
2025-02-10 09:15:00,NSE:COALINDIA,377.0,379.85,369.0,370.5,3380494.0
2025-02-11 09:15:00,NSE:COALINDIA,370.0,370.5,357.5,359.0,6803431.0
2025-02-12 09:15:00,NSE:COALINDIA,359.9,361.8,351.55,360.35,4565992.0
2025-02-13 09:15:00,NSE:COALINDIA,362.0,367.55,358.6,361.65,3712240.0
2025-02-14 09:15:00,NSE:COALINDIA,363.9,365.0,350.5,354.2,4464446.0
2025-02-17 09:15:00,NSE:COALINDIA,354.2,362.0,349.25,360.1,6017586.0
2025-02-18 09:15:00,NSE:COALINDIA,360.25,362.35,353.8,361.1,3843725.0
2025-02-19 09:15:00,NSE:COALINDIA,360.0,365.3,358.0,362.3,3097726.0
2025-02-20 09:15:00,NSE:COALINDIA,360.0,369.45,360.0,367.95,4624287.0
2025-02-21 09:15:00,NSE:COALINDIA,367.55,371.2,365.3,369.95,5235241.0
2025-02-24 09:15:00,NSE:COALINDIA,368.05,368.5,361.15,364.8,4533486.0
2025-02-25 09:15:00,NSE:COALINDIA,364.0,365.4,358.7,361.15,4525493.0
2025-02-27 09:15:00,NSE:COALINDIA,359.0,367.8,356.15,363.85,6196610.0
2025-02-28 09:15:00,NSE:COALINDIA,366.8,375.75,365.3,369.35,21899478.0
2025-03-03 09:15:00,NSE:COALINDIA,370.0,371.0,352.4,360.35,12675744.0
2025-03-04 09:15:00,NSE:COALINDIA,356.1,366.5,352.6,363.85,5535218.0
2025-03-05 09:15:00,NSE:COALINDIA,362.05,368.9,362.05,368.25,5730797.0
2025-03-06 09:15:00,NSE:COALINDIA,370.05,384.15,368.1,382.6,11247215.0
2025-03-07 09:15:00,NSE:COALINDIA,382.6,389.6,379.4,380.65,8321771.0
2025-03-10 09:15:00,NSE:COALINDIA,380.7,386.6,374.05,375.15,5541001.0
2025-03-11 09:15:00,NSE:COALINDIA,371.0,380.0,368.0,379.05,5340552.0
2025-03-12 09:15:00,NSE:COALINDIA,379.55,382.85,373.8,380.7,3951912.0
2025-03-13 09:15:00,NSE:COALINDIA,381.5,383.0,377.35,378.3,3918004.0
2025-03-17 09:15:00,NSE:COALINDIA,380.2,387.05,379.05,385.75,5456631.0
2025-03-18 09:15:00,NSE:COALINDIA,387.45,393.15,386.45,389.3,6211943.0
2025-03-19 09:15:00,NSE:COALINDIA,390.05,398.05,388.8,395.85,5827114.0
2025-03-20 09:15:00,NSE:COALINDIA,397.7,398.1,392.05,396.4,7025398.0
2025-03-21 09:15:00,NSE:COALINDIA,396.4,411.1,395.1,405.4,16564019.0
2025-03-24 09:15:00,NSE:COALINDIA,407.95,411.8,405.05,406.0,5260300.0
2025-03-25 09:15:00,NSE:COALINDIA,408.0,408.25,397.1,398.3,5636291.0
2025-03-26 09:15:00,NSE:COALINDIA,398.5,402.45,393.15,394.8,5025274.0
2025-03-27 09:15:00,NSE:COALINDIA,393.25,399.65,392.05,396.85,7697174.0
2025-03-28 09:15:00,NSE:COALINDIA,397.0,401.9,393.5,398.2,6923988.0
2025-04-01 09:15:00,NSE:COALINDIA,397.8,402.55,395.05,397.65,4332950.0
2025-04-02 09:15:00,NSE:COALINDIA,401.6,401.6,391.5,397.5,4197123.0
2025-04-03 09:15:00,NSE:COALINDIA,395.0,400.0,393.2,397.05,4970602.0
2025-04-04 09:15:00,NSE:COALINDIA,396.0,396.0,382.6,385.05,6718760.0
2025-04-07 09:15:00,NSE:COALINDIA,358.85,379.4,356.0,377.5,10202400.0
2025-04-08 09:15:00,NSE:COALINDIA,385.0,385.5,376.65,382.85,3577328.0
2025-04-09 09:15:00,NSE:COALINDIA,382.3,382.7,373.1,374.6,5781453.0
2025-04-11 09:15:00,NSE:COALINDIA,389.95,392.8,382.15,392.1,6185984.0
2025-04-15 09:15:00,NSE:COALINDIA,399.0,399.0,393.5,395.25,4371156.0
2025-04-16 09:15:00,NSE:COALINDIA,395.25,400.1,392.5,399.25,4992290.0
2025-04-17 09:15:00,NSE:COALINDIA,396.9,399.55,388.3,398.85,8364450.0
2025-04-21 09:15:00,NSE:COALINDIA,399.25,406.0,395.65,400.5,8987570.0
2025-04-22 09:15:00,NSE:COALINDIA,403.5,405.8,394.3,398.6,7558174.0
2025-04-23 09:15:00,NSE:COALINDIA,400.0,401.6,394.0,398.95,7429142.0
2025-04-24 09:15:00,NSE:COALINDIA,398.9,401.3,396.85,399.85,5762303.0
2025-04-25 09:15:00,NSE:COALINDIA,400.3,404.0,389.65,393.15,7337588.0
2025-04-28 09:15:00,NSE:COALINDIA,393.15,398.8,391.55,397.15,3458518.0
2025-04-29 09:15:00,NSE:COALINDIA,397.15,400.35,388.45,389.1,6274213.0
2025-04-30 09:15:00,NSE:COALINDIA,389.1,390.35,383.1,385.3,4559122.0
2025-05-02 09:15:00,NSE:COALINDIA,385.5,390.95,381.4,384.4,6455015.0
2025-05-05 09:15:00,NSE:COALINDIA,385.95,387.9,381.75,385.6,6395704.0
2025-05-06 09:15:00,NSE:COALINDIA,386.5,387.65,377.4,378.25,5982166.0
2025-05-07 09:15:00,NSE:COALINDIA,370.3,387.3,370.3,383.3,9162368.0
2025-05-08 09:15:00,NSE:COALINDIA,390.0,394.95,382.25,385.45,14258083.0
2025-05-09 09:15:00,NSE:COALINDIA,379.1,383.25,377.05,382.4,3809943.0
2025-05-12 09:15:00,NSE:COALINDIA,391.95,396.1,387.5,395.5,6743279.0
2025-05-13 09:15:00,NSE:COALINDIA,395.5,399.6,394.05,395.15,6307140.0
2025-05-14 09:15:00,NSE:COALINDIA,396.75,404.05,396.45,403.1,6822756.0
2025-05-15 09:15:00,NSE:COALINDIA,403.75,406.4,399.6,404.65,10511989.0
2025-05-16 09:15:00,NSE:COALINDIA,406.0,409.0,403.6,404.8,4702603.0
2025-05-19 09:15:00,NSE:COALINDIA,405.95,407.45,401.05,402.7,5446656.0
2025-05-20 09:15:00,NSE:COALINDIA,405.5,417.25,404.0,408.1,18755291.0
2025-05-21 09:15:00,NSE:COALINDIA,411.65,413.55,404.25,405.35,7393102.0
2025-05-22 09:15:00,NSE:COALINDIA,405.0,406.65,393.2,398.85,7936875.0
2025-05-23 09:15:00,NSE:COALINDIA,400.2,403.0,399.0,401.5,4178408.0
2025-05-26 09:15:00,NSE:COALINDIA,402.55,405.8,401.75,402.7,6067873.0
2025-05-27 09:15:00,NSE:COALINDIA,402.5,403.55,398.3,399.95,6553758.0
2025-05-28 09:15:00,NSE:COALINDIA,401.0,401.85,396.5,398.2,6002200.0
2025-05-29 09:15:00,NSE:COALINDIA,400.0,401.2,397.0,398.2,7724668.0
2025-05-30 09:15:00,NSE:COALINDIA,398.95,404.75,396.35,397.3,6565658.0
2025-06-02 09:15:00,NSE:COALINDIA,398.95,401.4,395.5,399.7,6119571.0
2025-06-03 09:15:00,NSE:COALINDIA,399.7,400.5,390.5,392.85,7360608.0
2025-06-04 09:15:00,NSE:COALINDIA,392.85,395.0,389.6,394.6,3861957.0
2025-06-05 09:15:00,NSE:COALINDIA,394.6,397.8,392.55,394.9,6097293.0
2025-06-06 09:15:00,NSE:COALINDIA,397.85,400.6,396.05,398.95,7633919.0
2025-06-09 09:15:00,NSE:COALINDIA,400.9,406.2,400.0,401.0,9626374.0
2025-06-10 09:15:00,NSE:COALINDIA,403.0,404.5,398.85,399.55,6362912.0
2025-06-11 09:15:00,NSE:COALINDIA,400.1,409.5,398.4,402.1,11946342.0
2025-06-12 09:15:00,NSE:COALINDIA,402.0,402.35,391.5,392.7,11262656.0
2025-06-13 09:15:00,NSE:COALINDIA,390.0,392.35,386.0,391.2,5253032.0
2025-06-16 09:15:00,NSE:COALINDIA,391.0,394.6,386.2,394.35,3706240.0
2025-06-17 09:15:00,NSE:COALINDIA,394.0,395.85,390.1,391.3,3248476.0
2025-06-18 09:15:00,NSE:COALINDIA,391.3,393.4,388.1,390.35,4118145.0
2025-06-19 09:15:00,NSE:COALINDIA,390.35,391.5,383.5,384.25,4416367.0
2025-06-20 09:15:00,NSE:COALINDIA,384.2,391.8,384.15,389.05,6531957.0
2025-06-23 09:15:00,NSE:COALINDIA,387.0,393.1,384.7,392.5,3359491.0
2025-06-24 09:15:00,NSE:COALINDIA,394.45,395.4,390.7,392.65,4606984.0
2025-06-25 09:15:00,NSE:COALINDIA,393.85,395.4,391.0,391.75,4672204.0
2025-06-26 09:15:00,NSE:COALINDIA,392.0,394.7,390.65,394.15,5569101.0
2025-06-27 09:15:00,NSE:COALINDIA,395.0,397.7,392.1,394.15,16253653.0
2025-06-30 09:15:00,NSE:COALINDIA,395.5,397.4,393.1,393.4,1300478.0
