datetime,symbol,open,high,low,close,volume
2000-01-11 09:15:00,NSE:HCLTECH,96.875,107.8125,93.25,97.153125,19075200.0
2000-01-12 09:15:00,NSE:HCLTECH,97.5,104.928125,97.5,104.928125,5517600.0
2000-01-13 09:15:00,NSE:HCLTECH,111.875,113.325,111.3125,113.325,848000.0
2000-01-14 09:15:00,NSE:HCLTECH,122.39375,122.39375,114.6875,122.39375,4335200.0
2000-01-17 09:15:00,NSE:HCLTECH,132.1875,132.1875,112.603125,112.603125,6860800.0
2000-01-18 09:15:00,NSE:HCLTECH,108.159375,113.4375,103.596875,110.90625,5758400.0
2000-01-19 09:15:00,NSE:HCLTECH,113.4375,118.0625,110.0,115.696875,5056800.0
2000-01-20 09:15:00,NSE:HCLTECH,116.5625,116.5625,109.375,109.865625,3275200.0
2000-01-21 09:15:00,NSE:HCLTECH,110.0625,113.4375,106.5625,111.334375,4514400.0
2000-01-24 09:15:00,NSE:HCLTECH,114.68125,120.24375,112.1875,120.24375,5258400.0
2000-01-25 09:15:00,NSE:HCLTECH,124.375,129.86563125,124.375,129.86563125,5016000.0
2000-01-27 09:15:00,NSE:HCLTECH,139.99374375,139.99374375,122.8125,130.03750625,5638400.0
2000-01-28 09:15:00,NSE:HCLTECH,131.25,140.3125,126.2625,137.309375,5772800.0
2000-01-31 09:15:00,NSE:HCLTECH,131.9375,137.5,126.325,126.9,3482400.0
2000-02-01 09:15:00,NSE:HCLTECH,123.825,136.25,123.825,135.140625,4176000.0
2000-02-02 09:15:00,NSE:HCLTECH,141.25,141.25,125.625,126.515625,5224800.0
2000-02-03 09:15:00,NSE:HCLTECH,129.6875,129.6875,119.7,122.28125,2812800.0
2000-02-04 09:15:00,NSE:HCLTECH,124.5625,129.0,122.8125,124.1625,2824000.0
2000-02-07 09:15:00,NSE:HCLTECH,124.0625,132.496875,122.503125,128.934375,4445600.0
2000-02-08 09:15:00,NSE:HCLTECH,128.08749375,128.75,123.125,124.95,3185600.0
2000-02-09 09:15:00,NSE:HCLTECH,131.25,131.25,123.4375,124.9375,2888000.0
2000-02-10 09:15:00,NSE:HCLTECH,123.540625,125.925,122.8125,124.796875,1229600.0
2000-02-11 09:15:00,NSE:HCLTECH,124.875,134.78125,124.5,134.78125,2658400.0
2000-02-14 09:15:00,NSE:HCLTECH,137.4375,145.565625,137.4375,145.29375,4242400.0
2000-02-15 09:15:00,NSE:HCLTECH,146.875,156.91875,138.125,156.77499375,3592000.0
2000-02-16 09:15:00,NSE:HCLTECH,160.0,160.0,144.234375,151.44375625,4173600.0
2000-02-17 09:15:00,NSE:HCLTECH,152.8125,163.559375,148.75,163.41875,4424800.0
2000-02-18 09:15:00,NSE:HCLTECH,175.0,176.49374375,172.53125,173.496875,2774400.0
2000-02-21 09:15:00,NSE:HCLTECH,176.4375,187.375,170.3125,176.19686875,2428800.0
2000-02-22 09:15:00,NSE:HCLTECH,175.0,179.6875,165.75,168.76875,1412000.0
2000-02-23 09:15:00,NSE:HCLTECH,176.5625,179.375,155.26875,159.3,1140000.0
2000-02-24 09:15:00,NSE:HCLTECH,160.625,165.625,152.8125,154.00625625,1077600.0
2000-02-25 09:15:00,NSE:HCLTECH,156.125,158.75,142.5,144.83125,1152800.0
2000-02-28 09:15:00,NSE:HCLTECH,137.5,143.75,133.25,141.421875,1080800.0
2000-02-29 09:15:00,NSE:HCLTECH,145.3125,146.875,130.109375,130.109375,1361600.0
2000-03-01 09:15:00,NSE:HCLTECH,125.0,140.51875,119.703125,140.51875,3478400.0
2000-03-02 09:15:00,NSE:HCLTECH,149.9375,151.7625,146.875,151.7625,1168000.0
2000-03-03 09:15:00,NSE:HCLTECH,163.68124375,163.90625,146.875,152.72500625,2304800.0
2000-03-06 09:15:00,NSE:HCLTECH,156.25,156.25,140.50936875,140.609375,803200.0
2000-03-07 09:15:00,NSE:HCLTECH,139.0625,141.8125,129.3625,129.3625,1184800.0
2000-03-08 09:15:00,NSE:HCLTECH,125.0,134.375,121.25,123.4625,1970400.0
2000-03-09 09:15:00,NSE:HCLTECH,122.0,130.3125,113.5875,119.471875,2256800.0
2000-03-10 09:15:00,NSE:HCLTECH,118.875,121.86875,110.625,112.43125,1120000.0
2000-03-13 09:15:00,NSE:HCLTECH,114.9375,119.6875,103.4375,103.4375,1524000.0
2000-03-14 09:15:00,NSE:HCLTECH,103.125,107.8125,95.1625,104.234375,1963200.0
2000-03-15 09:15:00,NSE:HCLTECH,109.375,112.575,98.628125,112.575,608000.0
2000-03-16 09:15:00,NSE:HCLTECH,121.5625,121.58125,121.5625,121.58125,124000.0
2000-03-21 09:15:00,NSE:HCLTECH,130.5625,131.309375,125.0,131.309375,1075200.0
2000-03-22 09:15:00,NSE:HCLTECH,141.815625,141.815625,141.815625,141.815625,110400.0
2000-03-23 09:15:00,NSE:HCLTECH,149.9375,153.125,130.625,134.27188125,1184800.0
2000-03-24 09:15:00,NSE:HCLTECH,128.4375,136.5625,126.9375,132.70938125,1809600.0
2000-03-27 09:15:00,NSE:HCLTECH,133.75,137.8125,124.6875,131.41250625,1395200.0
2000-03-28 09:15:00,NSE:HCLTECH,130.125,130.75,125.0,125.28125,836000.0
2000-03-29 09:15:00,NSE:HCLTECH,128.125,131.125,125.0,126.446875,1265600.0
2000-03-30 09:15:00,NSE:HCLTECH,121.875,123.125,116.33125,116.571875,668000.0
2000-03-31 09:15:00,NSE:HCLTECH,112.625,112.6875,107.246875,107.628125,1411200.0
2000-04-03 09:15:00,NSE:HCLTECH,112.4375,112.5,99.01875,99.01875,1185600.0
2000-04-04 09:15:00,NSE:HCLTECH,91.1,91.1,91.1,91.1,272000.0
2000-04-05 09:15:00,NSE:HCLTECH,83.8125,96.5,83.8125,93.446875,1916800.0
2000-04-06 09:15:00,NSE:HCLTECH,96.5625,100.925,87.5,99.90625,1692800.0
2000-04-07 09:15:00,NSE:HCLTECH,106.125,107.9,106.125,107.9,308800.0
2000-04-10 09:15:00,NSE:HCLTECH,115.9375,116.534375,115.9375,116.534375,366400.0
2000-04-11 09:15:00,NSE:HCLTECH,116.534375,125.859375,107.5,118.3625,3639200.0
2000-04-12 09:15:00,NSE:HCLTECH,117.125,121.5,108.89375,109.7125,1440000.0
2000-04-13 09:15:00,NSE:HCLTECH,101.075,104.3125,100.9375,100.9375,786400.0
2000-04-17 09:15:00,NSE:HCLTECH,92.8625,92.8625,92.8625,92.8625,13600.0
2000-04-18 09:15:00,NSE:HCLTECH,92.8625,96.875,85.434375,86.096875,2717600.0
2000-04-19 09:15:00,NSE:HCLTECH,90.5625,92.8125,79.209375,79.246875,1909600.0
2000-04-20 09:15:00,NSE:HCLTECH,78.0625,85.5875,72.909375,84.171875,3722400.0
2000-04-24 09:15:00,NSE:HCLTECH,87.5,90.90625,87.5,90.90625,655200.0
2000-04-25 09:15:00,NSE:HCLTECH,83.75,98.18125,83.634375,96.028125,3476800.0
2000-04-26 09:15:00,NSE:HCLTECH,103.0625,103.7125,98.5625,103.7125,379200.0
2000-04-27 09:15:00,NSE:HCLTECH,105.5625,106.8125,95.415625,95.415625,1357600.0
2000-04-28 09:15:00,NSE:HCLTECH,95.90625,101.5625,89.0625,97.375,2810400.0
2000-05-02 09:15:00,NSE:HCLTECH,99.375,99.375,85.690625,85.690625,900800.0
2000-05-03 09:15:00,NSE:HCLTECH,78.875,92.546875,75.409375,89.003125,2612800.0
2000-05-04 09:15:00,NSE:HCLTECH,90.625,99.0625,88.375,95.659375,2393600.0
2000-05-05 09:15:00,NSE:HCLTECH,96.875,107.140625,96.25,106.353125,2628000.0
2000-05-08 09:15:00,NSE:HCLTECH,107.0,113.0625,97.846875,100.2875,2200800.0
2000-05-09 09:15:00,NSE:HCLTECH,98.0125,100.0,92.56875,98.040625,2020000.0
2000-05-10 09:15:00,NSE:HCLTECH,98.74375,101.865625,90.75,92.14375,1304800.0
2000-05-11 09:15:00,NSE:HCLTECH,85.128125,85.3125,81.0875,81.0875,2311200.0
2000-05-12 09:15:00,NSE:HCLTECH,82.8125,82.8125,71.359375,72.275,3496000.0
2000-05-15 09:15:00,NSE:HCLTECH,69.375,80.95,64.5,79.634375,3089600.0
2000-05-16 09:15:00,NSE:HCLTECH,81.1875,86.00625,74.0625,85.065625,2588000.0
2000-05-17 09:15:00,NSE:HCLTECH,88.75,89.625,78.2625,79.93125,7412000.0
2000-05-18 09:15:00,NSE:HCLTECH,78.5625,82.5,77.271875,79.465625,3108000.0
2000-05-19 09:15:00,NSE:HCLTECH,78.1875,85.0,73.8125,75.5125,3732800.0
2000-05-22 09:15:00,NSE:HCLTECH,75.06875,75.9375,66.453125,68.365625,2339200.0
2000-05-23 09:15:00,NSE:HCLTECH,64.0625,67.875,60.3125,62.17499938,4548800.0
2000-05-24 09:15:00,NSE:HCLTECH,59.44687625,67.15,57.875,62.56875,4757600.0
2000-05-25 09:15:00,NSE:HCLTECH,63.4375,67.5625,62.5,63.65625,4733600.0
2000-05-26 09:15:00,NSE:HCLTECH,63.4375,65.625,60.15625,60.88750063,3368800.0
2000-05-29 09:15:00,NSE:HCLTECH,59.375,64.9375,56.375,61.55625125,3487200.0
2000-05-30 09:15:00,NSE:HCLTECH,62.375,68.94375,60.4375,68.60625,3455200.0
2000-05-31 09:15:00,NSE:HCLTECH,74.09375,76.840625,74.09375,76.840625,597600.0
2000-06-01 09:15:00,NSE:HCLTECH,78.125,78.125,68.125,70.134375,5972800.0
2000-06-02 09:15:00,NSE:HCLTECH,72.4375,78.553125,72.1875,78.553125,3943200.0
2000-06-05 09:15:00,NSE:HCLTECH,84.8375,87.98125,84.8375,86.99375,3444000.0
2000-06-06 09:15:00,NSE:HCLTECH,89.375,93.9375,85.0,93.33125,3385600.0
2000-06-07 09:15:00,NSE:HCLTECH,92.1875,96.8125,89.75,92.234375,2580000.0
2000-06-08 09:15:00,NSE:HCLTECH,93.75,94.6875,86.56875,89.9625,2120800.0
2000-06-09 09:15:00,NSE:HCLTECH,90.4375,90.4375,84.375,87.175,1520800.0
2000-06-12 09:15:00,NSE:HCLTECH,88.375,90.0,82.8125,88.25,2030400.0
2000-06-13 09:15:00,NSE:HCLTECH,84.378125,85.3125,79.875,83.496875,2889600.0
2000-06-14 09:15:00,NSE:HCLTECH,85.875,87.0,82.31875,83.690625,1962400.0
2000-06-15 09:15:00,NSE:HCLTECH,81.375,85.3125,81.375,83.603125,1047200.0
2000-06-16 09:15:00,NSE:HCLTECH,83.5,89.0625,83.25,87.89375,2875200.0
2000-06-19 09:15:00,NSE:HCLTECH,89.625,93.6875,88.8125,91.225,1651200.0
2000-06-20 09:15:00,NSE:HCLTECH,91.790625,96.625,90.625,90.9875,3119200.0
2000-06-21 09:15:00,NSE:HCLTECH,93.6875,93.74375,86.56875,87.184375,1139200.0
2000-06-22 09:15:00,NSE:HCLTECH,86.9375,88.4375,85.390625,86.1,2449600.0
2000-06-23 09:15:00,NSE:HCLTECH,83.75,84.684375,80.75625,81.571875,2021600.0
2000-06-26 09:15:00,NSE:HCLTECH,78.1875,88.046875,75.446875,85.38125,1241600.0
2000-06-27 09:15:00,NSE:HCLTECH,89.3125,90.625,83.75,85.265625,1393600.0
2000-06-28 09:15:00,NSE:HCLTECH,82.8125,84.375,80.3125,82.9625,1327200.0
2000-06-29 09:15:00,NSE:HCLTECH,84.9375,86.875,80.9375,83.075,1617600.0
2000-06-30 09:15:00,NSE:HCLTECH,80.0625,82.125,79.625,80.18125,1110400.0
2000-07-03 09:15:00,NSE:HCLTECH,82.6875,84.0625,81.021875,83.23125,973600.0
2000-07-04 09:15:00,NSE:HCLTECH,83.875,87.875,83.31875,83.9125,1726400.0
2000-07-05 09:15:00,NSE:HCLTECH,85.5625,86.5,82.8125,83.340625,948000.0
2000-07-06 09:15:00,NSE:HCLTECH,78.4375,82.9375,78.4375,81.08125,971200.0
2000-07-07 09:15:00,NSE:HCLTECH,80.625,80.675,77.5,78.321875,2320800.0
2000-07-10 09:15:00,NSE:HCLTECH,79.34375,81.5625,77.690625,80.084375,1634400.0
2000-07-11 09:15:00,NSE:HCLTECH,78.25,81.25,77.690625,78.040625,1329600.0
2000-07-12 09:15:00,NSE:HCLTECH,78.5,79.6875,78.125,78.859375,1832800.0
2000-07-13 09:15:00,NSE:HCLTECH,79.609375,81.5625,74.44375,76.434375,3031200.0
2000-07-14 09:15:00,NSE:HCLTECH,76.25,77.4375,74.44375,75.31875,997600.0
2000-07-17 09:15:00,NSE:HCLTECH,75.0,75.9375,69.5625,71.496875,1043200.0
2000-07-18 09:15:00,NSE:HCLTECH,70.6875,71.375,65.83125,69.9375,2416800.0
2000-07-19 09:15:00,NSE:HCLTECH,71.75,72.5,69.6875,70.68125,917088.0
2000-07-20 09:15:00,NSE:HCLTECH,69.75,70.53125,65.9375,69.08125,1451392.0
2000-07-21 09:15:00,NSE:HCLTECH,70.75,72.8125,68.8125,70.525,1641536.0
2000-07-24 09:15:00,NSE:HCLTECH,67.19375,68.125,62.534375,64.14375,794704.0
2000-07-25 09:15:00,NSE:HCLTECH,60.0,71.875,57.84375,66.86875,2767792.0
2000-07-26 09:15:00,NSE:HCLTECH,71.5,71.5,64.4375,66.253125,1547456.0
2000-07-27 09:15:00,NSE:HCLTECH,65.3125,67.875,61.94374875,67.10625,1451952.0
2000-07-28 09:15:00,NSE:HCLTECH,65.625,67.0,62.28125,63.009375,1818688.0
2000-07-31 09:15:00,NSE:HCLTECH,61.875,63.61875,60.8125,62.65625,714992.0
2000-08-01 09:15:00,NSE:HCLTECH,63.75,64.059375,59.0,60.11875125,1343888.0
2000-08-02 09:15:00,NSE:HCLTECH,61.25,62.1875,60.0625,61.77187375,1109184.0
2000-08-03 09:15:00,NSE:HCLTECH,60.9375,61.3125,57.9375,59.08750125,970784.0
2000-08-04 09:15:00,NSE:HCLTECH,59.96562563,60.9375,58.88124875,59.140625,2163824.0
2000-08-07 09:15:00,NSE:HCLTECH,59.375,60.125,56.25,56.72187438,1228336.0
2000-08-08 09:15:00,NSE:HCLTECH,57.0,61.25,56.94062438,59.765625,2025888.0
2000-08-09 09:15:00,NSE:HCLTECH,62.0625,68.4375,60.3125,65.484375,2195920.0
2000-08-10 09:15:00,NSE:HCLTECH,64.690625,67.05,61.3125,61.87812438,1900192.0
2000-08-11 09:15:00,NSE:HCLTECH,64.6875,65.9375,60.75624875,61.90625,2958704.0
2000-08-14 09:15:00,NSE:HCLTECH,62.4375,64.3125,61.5,63.765625,2497072.0
2000-08-16 09:15:00,NSE:HCLTECH,68.5875,68.5875,65.1875,67.025,2139584.0
2000-08-17 09:15:00,NSE:HCLTECH,67.5,68.4375,65.1875,67.096875,1384384.0
2000-08-18 09:15:00,NSE:HCLTECH,67.65625,69.875,65.9375,68.828125,1433008.0
2000-08-21 09:15:00,NSE:HCLTECH,69.55625,71.25,68.875,70.096875,1547488.0
2000-08-22 09:15:00,NSE:HCLTECH,70.4375,71.5625,69.375,69.85,1866192.0
2000-08-23 09:15:00,NSE:HCLTECH,70.0,74.0,69.5,71.7125,2248784.0
2000-08-24 09:15:00,NSE:HCLTECH,70.63125,73.125,70.63125,72.815625,909936.0
2000-08-25 09:15:00,NSE:HCLTECH,73.125,75.24375,72.0,72.546875,1409232.0
2000-08-28 09:15:00,NSE:HCLTECH,73.9375,74.6875,72.190625,72.8875,861728.0
2000-08-29 09:15:00,NSE:HCLTECH,73.375,76.5,72.5,75.31875,2412800.0
2000-08-30 09:15:00,NSE:HCLTECH,76.86875,80.9375,75.009375,79.7625,2428112.0
2000-08-31 09:15:00,NSE:HCLTECH,80.0,81.875,78.75625,81.271875,1923856.0
2000-09-04 09:15:00,NSE:HCLTECH,81.6875,89.0625,81.6875,87.88125,2617600.0
2000-09-05 09:15:00,NSE:HCLTECH,87.5,88.375,85.0625,85.6625,1314384.0
2000-09-06 09:15:00,NSE:HCLTECH,85.625,86.25,78.125,78.95,1973728.0
2000-09-07 09:15:00,NSE:HCLTECH,77.0,81.875,75.0,80.68125,1692576.0
2000-09-08 09:15:00,NSE:HCLTECH,80.75,83.125,80.75,81.88125,1571248.0
2000-09-11 09:15:00,NSE:HCLTECH,81.5625,84.375,80.0,82.421875,1377392.0
2000-09-12 09:15:00,NSE:HCLTECH,81.753125,81.753125,78.1875,78.4875,1093760.0
2000-09-13 09:15:00,NSE:HCLTECH,81.234375,81.234375,73.26875,74.2,1861232.0
2000-09-14 09:15:00,NSE:HCLTECH,74.9375,77.4375,73.4375,75.409375,1202384.0
2000-09-15 09:15:00,NSE:HCLTECH,75.0,75.3125,69.378125,70.6125,1919968.0
2000-09-18 09:15:00,NSE:HCLTECH,68.3125,71.25,66.3125,66.984375,1109056.0
2000-09-19 09:15:00,NSE:HCLTECH,65.0625,73.75,62.5,71.01875,3152336.0
2000-09-20 09:15:00,NSE:HCLTECH,75.625,76.25,70.3125,74.20625,1924848.0
2000-09-21 09:15:00,NSE:HCLTECH,73.125,73.125,66.325,67.015625,1508640.0
2000-09-22 09:15:00,NSE:HCLTECH,65.625,68.125,62.5,64.465625,2217520.0
2000-09-25 09:15:00,NSE:HCLTECH,68.125,71.86875,66.884375,68.89375,2110752.0
2000-09-26 09:15:00,NSE:HCLTECH,68.640625,71.665625,65.8125,67.015625,3591360.0
2000-09-27 09:15:00,NSE:HCLTECH,67.5,71.875,65.6875,69.421875,5003216.0
2000-09-28 09:15:00,NSE:HCLTECH,69.140625,74.625,69.140625,70.559375,7525216.0
2000-09-29 09:15:00,NSE:HCLTECH,71.875,72.5,70.628125,71.853125,3640640.0
2000-10-03 09:15:00,NSE:HCLTECH,71.253125,71.54375,66.875,68.734375,4540672.0
2000-10-04 09:15:00,NSE:HCLTECH,66.6625,69.6875,66.6625,69.103125,2586624.0
2000-10-05 09:15:00,NSE:HCLTECH,69.5,70.25,67.1875,67.459375,2404256.0
2000-10-06 09:15:00,NSE:HCLTECH,66.875,67.765625,63.81875,64.46875,5002784.0
2000-10-09 09:15:00,NSE:HCLTECH,64.1875,64.9375,61.95937375,63.215625,3800064.0
2000-10-10 09:15:00,NSE:HCLTECH,63.30625,64.0625,60.6875,61.66249875,4211072.0
2000-10-11 09:15:00,NSE:HCLTECH,60.62187563,60.62187563,55.06874875,55.61249938,3116432.0
2000-10-12 09:15:00,NSE:HCLTECH,53.5,59.86249938,53.5,59.24375125,4376432.0
2000-10-13 09:15:00,NSE:HCLTECH,58.21250125,58.21250125,54.6875,56.47187438,3354992.0
2000-10-16 09:15:00,NSE:HCLTECH,57.5625,62.3125,57.5625,58.69687625,2223632.0
2000-10-17 09:15:00,NSE:HCLTECH,58.25,63.39375,57.5,61.68125125,4795536.0
2000-10-18 09:15:00,NSE:HCLTECH,59.625,60.9375,58.75,60.24687563,1757168.0
2000-10-19 09:15:00,NSE:HCLTECH,60.0625,65.0625,56.69374875,63.46875,4518544.0
2000-10-20 09:15:00,NSE:HCLTECH,64.9375,71.5625,62.5625,65.240625,6574672.0
2000-10-23 09:15:00,NSE:HCLTECH,67.796875,70.3125,62.75,63.4125,4870272.0
2000-10-24 09:15:00,NSE:HCLTECH,62.5625,68.125,62.5625,67.4,3898048.0
2000-10-25 09:15:00,NSE:HCLTECH,67.8125,74.0,67.50625,73.071875,4535456.0
2000-10-26 09:15:00,NSE:HCLTECH,73.015625,73.015625,71.25,71.925,841808.0
2000-10-27 09:15:00,NSE:HCLTECH,72.5,81.875,71.9375,79.55625,9128592.0
2000-10-30 09:15:00,NSE:HCLTECH,77.63125,81.234375,75.6875,76.8125,2406160.0
2000-10-31 09:15:00,NSE:HCLTECH,76.253125,79.04375,73.440625,74.803125,3855696.0
2000-11-01 09:15:00,NSE:HCLTECH,76.5625,77.5,74.0625,75.0875,2539728.0
2000-11-02 09:15:00,NSE:HCLTECH,74.396875,77.0625,73.0,75.271875,2559872.0
2000-11-03 09:15:00,NSE:HCLTECH,75.90625,77.4375,73.51875,75.596875,3778928.0
2000-11-06 09:15:00,NSE:HCLTECH,76.4375,77.4375,75.06875,76.0,1846592.0
2000-11-07 09:15:00,NSE:HCLTECH,75.375,79.6125,75.3125,78.675,2792752.0
2000-11-08 09:15:00,NSE:HCLTECH,78.50625,81.1875,78.50625,79.496875,3292768.0
2000-11-09 09:15:00,NSE:HCLTECH,79.25,79.625,75.034375,77.496875,1663376.0
2000-11-10 09:15:00,NSE:HCLTECH,77.375,79.0,75.9375,76.45,2216208.0
2000-11-13 09:15:00,NSE:HCLTECH,76.0,76.0,72.953125,73.315625,2144576.0
2000-11-14 09:15:00,NSE:HCLTECH,73.4375,78.125,73.19375,77.634375,2370192.0
2000-11-15 09:15:00,NSE:HCLTECH,79.25,81.1875,77.35,78.065625,2105120.0
2000-11-16 09:15:00,NSE:HCLTECH,78.1875,80.3125,78.1875,79.278125,2192912.0
2000-11-17 09:15:00,NSE:HCLTECH,78.771875,81.8,77.625,81.2125,2924928.0
2000-11-20 09:15:00,NSE:HCLTECH,81.34375,82.1875,78.890625,79.396875,2636320.0
2000-11-21 09:15:00,NSE:HCLTECH,78.784375,85.6875,77.578125,83.359375,5571360.0
2000-11-22 09:15:00,NSE:HCLTECH,83.75,84.875,79.75625,80.515625,4783136.0
2000-11-23 09:15:00,NSE:HCLTECH,79.0625,80.3125,77.5625,79.1,3025360.0
2000-11-24 09:15:00,NSE:HCLTECH,79.0625,80.5,78.56875,79.3875,2712144.0
2000-11-27 09:15:00,NSE:HCLTECH,80.00000051,82.80625053,78.1875005,82.16875052,2143183.98640543
2000-11-28 09:15:00,NSE:HCLTECH,81.63437552,83.12500053,80.50312551,81.67187552,1667367.98942361
2000-11-29 09:15:00,NSE:HCLTECH,79.3750005,81.87500052,78.6250005,80.78125051,2844399.9819575
2000-11-30 09:15:00,NSE:HCLTECH,81.61250302,81.61250302,74.43750047,76.46875049,2832519.98203286
2000-12-01 09:15:00,NSE:HCLTECH,74.00000047,78.1250005,72.12500046,77.38749799,3701015.97652384
2000-12-04 09:15:00,NSE:HCLTECH,78.53749925,80.00000051,76.37500048,76.75000049,4862431.96915679
2000-12-05 09:15:00,NSE:HCLTECH,76.87500049,79.168748,76.87500049,78.6875005,2643223.98323359
2000-12-06 09:15:00,NSE:HCLTECH,81.87500052,81.87500052,79.3750005,79.76249801,4371639.97226997
2000-12-07 09:15:00,NSE:HCLTECH,78.918748,80.62500051,78.2500005,79.362503,1589263.98991904
2000-12-08 09:15:00,NSE:HCLTECH,79.62500051,81.50000052,79.0000005,80.81874926,3091703.98038881
2000-12-11 09:15:00,NSE:HCLTECH,81.23750302,92.37500059,81.00000051,89.94999807,10217023.93519173
2000-12-12 09:15:00,NSE:HCLTECH,90.33125307,95.3125006,90.13749807,91.53749933,7845071.95023741
2000-12-13 09:15:00,NSE:HCLTECH,92.50000059,96.62500061,91.87500058,94.53749935,4249079.97304738
2000-12-14 09:15:00,NSE:HCLTECH,94.00624935,94.8750006,83.82499803,84.73750304,8227743.94781006
2000-12-15 09:15:00,NSE:HCLTECH,85.62500054,88.06250056,80.88124926,81.96250177,7002759.95558034
2000-12-18 09:15:00,NSE:HCLTECH,80.62500051,82.25000052,77.50624924,81.55625177,4813071.96946989
2000-12-19 09:15:00,NSE:HCLTECH,80.00000051,81.12500051,75.29374798,76.35624798,4958511.96854734
2000-12-20 09:15:00,NSE:HCLTECH,74.00000047,74.87500047,70.25000045,72.96250171,6540927.95850981
2000-12-21 09:15:00,NSE:HCLTECH,71.64375295,71.64375295,64.89375291,69.77500169,7071255.95514586
2000-12-22 09:15:00,NSE:HCLTECH,70.87500045,71.75000046,65.62500042,66.95625292,6417183.95929474
2000-12-26 09:15:00,NSE:HCLTECH,70.25000045,71.0999992,62.7500004,65.56874917,4348855.97241449
2000-12-27 09:15:00,NSE:HCLTECH,67.00000042,69.96875044,60.32500163,62.95000165,12752711.91910744
2000-12-28 09:15:00,NSE:HCLTECH,63.7500004,67.43125168,63.5000004,66.35624792,7685887.95124714
2000-12-29 09:15:00,NSE:HCLTECH,65.62500042,68.12500043,64.37500041,67.36875168,7195839.9543556
2001-01-01 09:15:00,NSE:HCLTECH,66.12500042,68.62500044,65.00624916,65.48124792,4394399.97212559
2001-01-02 09:15:00,NSE:HCLTECH,65.87500042,66.06250042,64.00000041,65.73124792,3832399.97569045
2001-01-03 09:15:00,NSE:HCLTECH,64.75000041,65.48750292,62.6250004,64.42500291,3580279.97728969
2001-01-04 09:15:00,NSE:HCLTECH,64.87500041,74.73750297,64.87500041,73.42500297,8577655.94559051
2001-01-05 09:15:00,NSE:HCLTECH,73.37500047,76.75000049,72.75624921,76.18125173,5422735.96560269
2001-01-08 09:15:00,NSE:HCLTECH,74.50000047,75.50000048,70.62500045,71.88749796,4133951.97377766
2001-01-09 09:15:00,NSE:HCLTECH,70.63749795,74.87500047,70.63749795,73.55000297,4323247.97257692
2001-01-10 09:15:00,NSE:HCLTECH,74.73750297,79.362503,74.62500047,75.86250298,5432159.96554291
2001-01-11 09:15:00,NSE:HCLTECH,76.12500048,77.25000049,72.31874921,72.84375046,3719551.97640627
2001-01-12 09:15:00,NSE:HCLTECH,73.87500047,77.12500049,72.62500046,76.12500048,4502287.97144124
2001-01-15 09:15:00,NSE:HCLTECH,76.11250298,80.50000051,75.12500048,76.63749799,6132607.96109985
2001-01-16 09:15:00,NSE:HCLTECH,77.73750299,78.5000005,75.87500048,77.38124924,2763247.98247226
2001-01-17 09:15:00,NSE:HCLTECH,78.1250005,80.25000051,76.12500048,76.84375049,3154967.97998752
2001-01-18 09:15:00,NSE:HCLTECH,78.362503,82.99375178,77.62500049,81.98750302,9278431.94114537
2001-01-19 09:15:00,NSE:HCLTECH,82.80000303,93.62500059,82.75000052,91.43125183,9103007.94225812
2001-01-22 09:15:00,NSE:HCLTECH,93.12500059,94.3750006,84.12500053,84.86875179,10265183.93488624
2001-01-23 09:15:00,NSE:HCLTECH,84.40000179,86.12500055,79.3750005,80.18125176,8879023.94367888
2001-01-24 09:15:00,NSE:HCLTECH,81.25000052,84.62500054,80.62500051,84.05000303,7461351.95267141
2001-01-25 09:15:00,NSE:HCLTECH,84.62500054,86.25000055,82.00000052,82.84999928,6675319.95765734
2001-01-29 09:15:00,NSE:HCLTECH,82.50000052,82.50000052,76.25000048,79.52500175,3258631.97932996
2001-01-30 09:15:00,NSE:HCLTECH,80.00000051,83.12500053,79.70625301,82.10624802,4190679.97341782
2001-01-31 09:15:00,NSE:HCLTECH,83.12500053,83.23750303,80.75000051,81.23124802,2207735.98599597
2001-02-01 09:15:00,NSE:HCLTECH,80.62500051,80.62500051,76.26249798,77.47499924,2769023.98243562
2001-02-02 09:15:00,NSE:HCLTECH,76.62500049,81.12500051,76.06250048,77.41874799,6604759.95810492
2001-02-05 09:15:00,NSE:HCLTECH,76.50000049,78.3125005,75.62500048,76.76249799,2035063.98709125
2001-02-06 09:15:00,NSE:HCLTECH,77.50000049,79.356248,76.55000299,77.31874924,5509775.96505058
2001-02-07 09:15:00,NSE:HCLTECH,78.00000049,80.33125301,76.75000049,77.28125049,4441343.97182782
2001-02-08 09:15:00,NSE:HCLTECH,76.37500048,78.487503,76.25000048,77.69999799,1774023.98874707
2001-02-09 09:15:00,NSE:HCLTECH,77.53125049,79.3750005,74.37500047,75.39375298,4263551.97295558
2001-02-12 09:15:00,NSE:HCLTECH,74.98750298,76.50000049,73.81874922,76.01249798,3097351.98035298
2001-02-13 09:15:00,NSE:HCLTECH,76.25000048,78.00000049,74.77500172,75.05000298,4695879.97021326
2001-02-14 09:15:00,NSE:HCLTECH,75.00000048,77.00000049,74.50000047,76.68750049,1923007.98780204
2001-02-15 09:15:00,NSE:HCLTECH,77.25000049,81.75000052,77.12500049,80.13749801,7489399.9524935
2001-02-16 09:15:00,NSE:HCLTECH,80.62500051,81.87500052,77.25000049,77.78749924,5099639.96765214
2001-02-19 09:15:00,NSE:HCLTECH,77.21250174,78.2500005,76.26249798,77.05000299,2678207.98301168
2001-02-20 09:15:00,NSE:HCLTECH,77.37500049,77.98750299,76.02500173,76.36250298,3652383.97683232
2001-02-21 09:15:00,NSE:HCLTECH,75.61250298,76.43750048,72.62500046,74.01875297,2558567.98377058
2001-02-22 09:15:00,NSE:HCLTECH,73.75000047,73.75000047,65.62500042,71.4000017,5256103.96665966
2001-02-23 09:15:00,NSE:HCLTECH,69.51249794,71.87500046,67.87500043,68.76875294,3348399.97876055
2001-02-26 09:15:00,NSE:HCLTECH,69.25000044,71.21875045,68.26249793,70.65625045,3079743.98046468
2001-02-27 09:15:00,NSE:HCLTECH,70.9937517,76.31250048,70.00000044,72.90000171,8221023.94785269
2001-02-28 09:15:00,NSE:HCLTECH,71.88124921,82.96250178,69.43750044,77.86250299,7624327.95163763
2001-03-01 09:15:00,NSE:HCLTECH,78.34999925,79.3750005,69.06250044,71.07499795,4087919.97406965
2001-03-02 09:15:00,NSE:HCLTECH,72.50000046,72.50000046,59.70624913,60.56250038,6739255.95725179
2001-03-05 09:15:00,NSE:HCLTECH,59.50000038,62.09999914,52.01250158,56.46875036,5540215.96485749
2001-03-07 09:15:00,NSE:HCLTECH,59.50000038,65.50624917,58.95624912,65.01249791,6172407.9608474
2001-03-08 09:15:00,NSE:HCLTECH,66.00000042,66.00000042,57.79375162,59.72499913,4995335.96831376
2001-03-09 09:15:00,NSE:HCLTECH,59.03749912,59.23749913,52.04375158,57.76250162,3898599.97527054
2001-03-12 09:15:00,NSE:HCLTECH,56.25000036,57.37500036,49.26250156,49.96250157,4046415.97433291
2001-03-13 09:15:00,NSE:HCLTECH,46.03749904,53.96250159,43.12500027,48.63750156,8051191.94892996
2001-03-14 09:15:00,NSE:HCLTECH,48.12500031,56.42499911,48.12500031,56.40000161,2995279.98100044
2001-03-15 09:15:00,NSE:HCLTECH,54.75000035,60.87500039,52.87500034,59.78749913,4851399.96922677
2001-03-16 09:15:00,NSE:HCLTECH,58.76250162,67.12500043,57.62500037,62.34999915,5142255.96738182
2001-03-19 09:15:00,NSE:HCLTECH,61.87500039,64.37500041,58.53749912,59.27500163,2269535.98560396
2001-03-20 09:15:00,NSE:HCLTECH,60.00000038,60.50000038,56.46250161,57.36249911,2112255.98660161
2001-03-21 09:15:00,NSE:HCLTECH,54.75000035,56.11249911,52.77500158,55.43750035,2549767.9838264
2001-03-22 09:15:00,NSE:HCLTECH,55.37500035,56.25000036,50.15625032,53.16875159,3810367.97583021
2001-03-23 09:15:00,NSE:HCLTECH,54.12500034,54.9749991,49.25000031,51.04375157,3283239.97917387
2001-03-26 09:15:00,NSE:HCLTECH,50.87500032,52.12500033,46.40625029,50.98749907,4267167.97293265
2001-03-27 09:15:00,NSE:HCLTECH,51.25000033,54.11875159,49.13750156,51.76250158,6203343.96065116
2001-03-28 09:15:00,NSE:HCLTECH,52.73749908,56.25000036,52.73749908,54.5812491,4120951.97386012
2001-03-29 09:15:00,NSE:HCLTECH,53.81250034,53.81250034,50.25000032,51.39374908,4380111.97221623
2001-03-30 09:15:00,NSE:HCLTECH,51.50000033,51.50000033,45.51874904,46.21250154,3599055.97717059
2001-04-02 09:15:00,NSE:HCLTECH,43.50000028,45.00000029,39.37500025,43.58750153,5387127.96582856
2001-04-03 09:15:00,NSE:HCLTECH,42.50000027,46.85625155,41.50624901,45.38124904,5837727.96297033
2001-04-04 09:15:00,NSE:HCLTECH,43.10625152,49.01250156,42.37500027,47.69374905,4400455.97208718
2001-04-06 09:15:00,NSE:HCLTECH,49.00000031,51.51250158,48.12500031,49.39374906,3688543.97660296
2001-04-09 09:15:00,NSE:HCLTECH,48.75000031,49.54999906,45.76250154,46.34999904,2486543.98422744
2001-04-10 09:15:00,NSE:HCLTECH,46.7500003,46.8750003,40.67499901,41.55625151,3698911.97653719
2001-04-11 09:15:00,NSE:HCLTECH,43.12500027,44.36249903,34.91249897,34.91249897,4119959.97386641
2001-04-12 09:15:00,NSE:HCLTECH,32.1250002,32.1250002,29.33124894,29.33124894,8079151.9487526
2001-04-16 09:15:00,NSE:HCLTECH,27.16250017,31.1250002,25.27500016,29.84375019,14151703.9102334
2001-04-17 09:15:00,NSE:HCLTECH,29.43750019,34.00000022,27.81250018,32.71875021,13302119.91562245
2001-04-18 09:15:00,NSE:HCLTECH,33.46250146,37.95624899,33.12500021,37.95624899,1065591.99324077
2001-04-19 09:15:00,NSE:HCLTECH,40.99375151,44.03125028,40.50000026,44.03125028,7865103.95011035
2001-04-20 09:15:00,NSE:HCLTECH,47.55625155,50.81250032,42.66249902,47.66875155,11497815.92706745
2001-04-23 09:15:00,NSE:HCLTECH,48.62500031,50.50000032,45.25000029,48.81250031,8377023.94686315
2001-04-24 09:15:00,NSE:HCLTECH,47.7500003,48.75000031,44.01874903,47.91875155,6934415.95601385
2001-04-25 09:15:00,NSE:HCLTECH,48.37500031,50.85625157,46.9062503,49.04999906,5978207.96207924
2001-04-26 09:15:00,NSE:HCLTECH,49.87500032,51.73125158,46.91249905,48.12500031,9916519.93709788
2001-04-27 09:15:00,NSE:HCLTECH,47.1562503,47.1562503,40.42499901,40.61249901,7007919.95554761
2001-04-30 09:15:00,NSE:HCLTECH,40.42499901,47.11249905,39.00000025,46.84999905,5012015.96820795
2001-05-02 09:15:00,NSE:HCLTECH,50.59999907,53.08750159,48.94374906,50.09375032,10181399.9354177
2001-05-03 09:15:00,NSE:HCLTECH,50.56250032,53.33750159,48.40000156,50.70000157,11918495.92439901
2001-05-04 09:15:00,NSE:HCLTECH,50.62500032,52.00000033,48.32500156,51.41249908,10155231.93558368
2001-05-07 09:15:00,NSE:HCLTECH,50.75000032,55.98125161,50.75000032,54.4874991,10725655.93196539
2001-05-08 09:15:00,NSE:HCLTECH,54.50000035,57.12500036,54.37500034,56.46250161,8264775.94757516
2001-05-09 09:15:00,NSE:HCLTECH,57.75000037,58.10625162,51.44374908,52.33750158,6741367.95723839
2001-05-10 09:15:00,NSE:HCLTECH,51.75000033,53.56250034,50.83750157,52.43125158,7191847.95438092
2001-05-11 09:15:00,NSE:HCLTECH,51.66875158,52.25000033,50.16249907,51.40625033,4683639.9702909
2001-05-14 09:15:00,NSE:HCLTECH,51.25000033,51.75000033,49.40625031,50.08124907,4736279.96995699
2001-05-15 09:15:00,NSE:HCLTECH,49.50000031,50.09999907,46.08750154,49.45000156,4432863.97188161
2001-05-16 09:15:00,NSE:HCLTECH,50.25000032,52.36249908,50.25000032,51.61249908,4810671.96948511
2001-05-17 09:15:00,NSE:HCLTECH,51.62500033,53.62500034,51.38124908,53.20624909,4827807.96937642
2001-05-18 09:15:00,NSE:HCLTECH,53.75000034,55.43750035,53.40000159,54.6937491,6101687.96129599
2001-05-21 09:15:00,NSE:HCLTECH,54.01250159,54.87500035,53.25000034,53.77500159,2789039.98230866
2001-05-22 09:15:00,NSE:HCLTECH,53.87500034,56.25000036,53.87500034,55.8250016,6452719.95906933
2001-05-23 09:15:00,NSE:HCLTECH,56.18750036,57.62500037,55.62500035,57.03749911,6101527.961297
2001-05-24 09:15:00,NSE:HCLTECH,56.37500036,56.83124911,52.47499908,53.66249909,8769631.94437278
2001-05-25 09:15:00,NSE:HCLTECH,53.74375159,54.6187516,51.38750158,52.16875158,6384607.95950138
2001-05-28 09:15:00,NSE:HCLTECH,52.37500033,54.25000034,52.12500033,54.08750159,5178711.96715057
2001-05-29 09:15:00,NSE:HCLTECH,54.02500159,54.7374991,52.27500158,52.96250159,4714447.97009548
2001-05-30 09:15:00,NSE:HCLTECH,52.37500033,53.12500034,50.00000032,50.41875157,7794831.95055609
2001-05-31 09:15:00,NSE:HCLTECH,49.37500031,49.37500031,46.6250003,48.99375156,5523567.9649631
2001-06-01 09:15:00,NSE:HCLTECH,49.25000031,51.06874907,47.8750003,48.20624906,8079583.94874986
2001-06-04 09:15:00,NSE:HCLTECH,48.25000031,48.87500031,44.66249903,45.09375029,5804047.96318397
2001-06-05 09:15:00,NSE:HCLTECH,44.90625028,46.47499904,43.32500152,44.28125028,8372887.94688939
2001-06-06 09:15:00,NSE:HCLTECH,45.25000029,47.17499905,44.89374903,45.36249904,5041023.96802395
2001-06-07 09:15:00,NSE:HCLTECH,45.18750029,48.36249906,43.37500028,47.32500155,12533999.92049477
2001-06-08 09:15:00,NSE:HCLTECH,48.62500031,49.33750156,46.6250003,48.64374906,12372807.92151723
2001-06-11 09:15:00,NSE:HCLTECH,48.37500031,48.37500031,46.50000029,46.78749905,6168519.96087206
2001-06-12 09:15:00,NSE:HCLTECH,46.38124904,46.51250155,45.13750154,45.75000029,6144447.96102475
2001-06-13 09:15:00,NSE:HCLTECH,46.18750029,46.99375155,45.25000029,45.72499904,6844151.95658641
2001-06-14 09:15:00,NSE:HCLTECH,45.15000154,46.25000029,44.37500028,45.52500154,8957319.94318224
2001-06-15 09:15:00,NSE:HCLTECH,45.12500029,45.96250154,43.51250153,45.24375154,13046391.91724458
2001-06-18 09:15:00,NSE:HCLTECH,44.88750153,46.6250003,43.95624903,46.02500154,9810535.93777015
2001-06-19 09:15:00,NSE:HCLTECH,45.81250029,47.8750003,45.47499904,46.08124904,11273991.92848721
2001-06-20 09:15:00,NSE:HCLTECH,46.36249904,46.36249904,44.12500028,45.13750154,5505279.9650791
2001-06-21 09:15:00,NSE:HCLTECH,45.00000029,45.61249904,42.31874902,43.75000028,5434095.96553063
2001-06-22 09:15:00,NSE:HCLTECH,43.09375027,43.11249902,37.78749899,38.7750015,11383543.9277923
2001-06-25 09:15:00,NSE:HCLTECH,38.38750149,38.38750149,32.57500146,32.57500146,8642239.94518084
2001-06-26 09:15:00,NSE:HCLTECH,30.25000019,36.54999898,29.96875019,33.72499896,25421391.83874791
2001-06-27 09:15:00,NSE:HCLTECH,34.00000022,35.92499898,31.45624895,32.59375021,19221759.8780732
2001-06-28 09:15:00,NSE:HCLTECH,32.95624896,34.24375147,31.9375002,33.34999896,11177183.92910128
2001-06-29 09:15:00,NSE:HCLTECH,33.75000021,37.87500024,33.63124896,36.17499898,10779711.93162251
2001-07-02 09:15:00,NSE:HCLTECH,38.12500024,38.12500024,33.90000147,34.72499897,1901967.9879355
2001-07-03 09:15:00,NSE:HCLTECH,33.72499896,34.50000022,32.62500021,33.75000021,2515047.98404664
2001-07-04 09:15:00,NSE:HCLTECH,33.54375146,33.83750146,31.38750145,32.0000002,2396095.98480117
2001-07-05 09:15:00,NSE:HCLTECH,32.50000021,33.56250021,32.16249895,32.73749896,2226527.98587677
2001-07-06 09:15:00,NSE:HCLTECH,31.8750002,34.71250147,31.6250002,33.93125147,3149783.9800204
2001-07-09 09:15:00,NSE:HCLTECH,33.15625021,34.87500022,32.62500021,34.46875022,2178391.9861821
2001-07-10 09:15:00,NSE:HCLTECH,35.62500023,36.67499898,33.75000021,34.14374897,4357871.9723573
2001-07-11 09:15:00,NSE:HCLTECH,33.71875021,34.87500022,33.53749896,34.31874897,1456735.99075968
2001-07-12 09:15:00,NSE:HCLTECH,35.01250147,38.12500024,35.01250147,37.39374899,5825135.9630502
2001-07-13 09:15:00,NSE:HCLTECH,38.75000025,39.37500025,35.19374897,35.59375023,4739399.9699372
2001-07-16 09:15:00,NSE:HCLTECH,35.62500023,37.48749899,34.78125022,35.27500147,2168543.98624457
2001-07-17 09:15:00,NSE:HCLTECH,34.02500147,37.47499899,31.5250002,36.23125148,3498695.97780719
2001-07-18 09:15:00,NSE:HCLTECH,36.75000023,37.48125149,35.50000023,36.90000148,5668511.96404369
2001-07-19 09:15:00,NSE:HCLTECH,35.75000023,36.61249898,34.63124897,36.38124898,4753895.96984525
2001-07-20 09:15:00,NSE:HCLTECH,36.87500023,37.50000024,35.75000023,36.82500148,4791847.96960452
2001-07-23 09:15:00,NSE:HCLTECH,35.38750147,36.25000023,34.87500022,35.85625148,68167.9995676
2001-07-24 09:15:00,NSE:HCLTECH,35.13750147,35.75000023,32.38750146,33.03125021,5992671.96198749
2001-07-25 09:15:00,NSE:HCLTECH,31.3750002,33.85625146,30.12500019,33.33750146,8914815.94345185
2001-07-26 09:15:00,NSE:HCLTECH,32.62500021,33.22499896,31.26874895,31.8750002,5426319.96557996
2001-07-27 09:15:00,NSE:HCLTECH,32.23125145,33.08750146,31.0312502,31.9625002,6396255.95942749
2001-07-30 09:15:00,NSE:HCLTECH,31.7500002,32.36875146,29.38750144,29.94375019,5998463.96195075
2001-07-31 09:15:00,NSE:HCLTECH,29.43750019,31.1250002,28.73125143,30.66875144,9231255.94144462
2001-08-01 09:15:00,NSE:HCLTECH,30.8125002,33.48749896,30.51250144,32.69374896,8044015.94897548
2001-08-02 09:15:00,NSE:HCLTECH,32.59999896,34.62500022,31.9000002,34.06874897,6397663.95941856
2001-08-03 09:15:00,NSE:HCLTECH,35.00000022,37.62500024,34.78125022,35.39374897,12204711.92258349
2001-08-06 09:15:00,NSE:HCLTECH,35.00000022,37.11249899,35.00000022,36.43750023,8300175.94735061
2001-08-07 09:15:00,NSE:HCLTECH,36.86249898,36.87500023,30.19375019,31.89374895,42515631.73031632
2001-08-08 09:15:00,NSE:HCLTECH,31.9375002,33.37500021,29.91875144,30.51874894,47029807.70168216
2001-08-09 09:15:00,NSE:HCLTECH,30.00000019,30.00000019,27.07500142,27.48125142,51873935.67095505
2001-08-10 09:15:00,NSE:HCLTECH,27.51250142,29.72500019,27.50000017,28.54375143,53100695.66317351
2001-08-13 09:15:00,NSE:HCLTECH,29.10000018,29.37500019,27.95000143,28.60625143,22984999.85420234
2001-08-14 09:15:00,NSE:HCLTECH,28.87500018,30.61249894,28.50000018,30.01250144,21307415.86484354
2001-08-16 09:15:00,NSE:HCLTECH,29.75000019,30.58750019,29.00000018,30.05625019,17794055.88712936
2001-08-17 09:15:00,NSE:HCLTECH,31.1875002,31.73125145,28.33124893,28.73749893,34267975.78263257
2001-08-20 09:15:00,NSE:HCLTECH,28.37500018,28.37500018,27.45000142,27.88750143,18231439.88435496
2001-08-21 09:15:00,NSE:HCLTECH,28.21250018,29.25000019,27.92499893,28.88750143,15778247.89991597
2001-08-23 09:15:00,NSE:HCLTECH,29.25000019,30.11249894,29.07500143,29.82500144,14858967.90574711
2001-08-24 09:15:00,NSE:HCLTECH,30.00000019,32.09999895,29.53125019,31.3187502,25744807.83669643
2001-08-27 09:15:00,NSE:HCLTECH,32.50000021,33.37500021,31.38750145,32.85625146,30109183.80901247
2001-08-28 09:15:00,NSE:HCLTECH,33.06250021,33.06250021,30.65625019,30.9625002,25078471.84092311
2001-08-29 09:15:00,NSE:HCLTECH,30.62500019,30.9062502,30.00000019,30.41250019,16183119.89734779
2001-08-30 09:15:00,NSE:HCLTECH,30.12500019,30.67499894,29.13125018,29.44375019,16110423.89780892
2001-08-31 09:15:00,NSE:HCLTECH,29.06250018,29.25000019,27.75000018,28.00000018,15197359.90360063
2001-09-03 09:15:00,NSE:HCLTECH,28.12500018,28.96250018,27.65000018,28.40000018,16154999.89752617
2001-09-04 09:15:00,NSE:HCLTECH,28.75000018,30.23125144,28.20000143,29.31250019,25910415.83564595
2001-09-05 09:15:00,NSE:HCLTECH,26.50000017,29.23749894,26.50000017,28.25625018,15244703.90330032
2001-09-06 09:15:00,NSE:HCLTECH,28.25625018,28.62500018,25.38750141,25.81250016,31112127.80265063
2001-09-07 09:15:00,NSE:HCLTECH,25.37500016,30.8750002,24.76874891,29.79999894,57296959.63655591
2001-09-10 09:15:00,NSE:HCLTECH,29.61249894,30.41250019,28.50000018,29.34375019,24080415.84725394
2001-09-11 09:15:00,NSE:HCLTECH,29.60000019,29.92499894,28.53125018,29.06875018,20515263.86986829
2001-09-12 09:15:00,NSE:HCLTECH,26.25000017,28.04999893,23.31875015,26.25625017,49971839.68302036
2001-09-13 09:15:00,NSE:HCLTECH,27.48749892,28.00000018,25.76250141,26.12500017,28829663.81712868
2001-09-14 09:15:00,NSE:HCLTECH,25.01250141,26.25000017,21.45624889,22.54999889,39107743.75193311
2001-09-17 09:15:00,NSE:HCLTECH,21.25625013,21.75000014,18.38750137,18.70624887,33999831.78433344
2001-09-18 09:15:00,NSE:HCLTECH,18.76250137,22.12500014,16.4687501,21.58750014,45288527.71272738
2001-09-19 09:15:00,NSE:HCLTECH,21.25000013,22.18750014,19.37500012,19.76874888,26478223.83204425
2001-09-20 09:15:00,NSE:HCLTECH,19.04999887,21.87500014,18.08750011,20.47500013,62973879.60054627
2001-09-21 09:15:00,NSE:HCLTECH,20.39374888,20.39374888,17.00000011,17.36875011,36098543.77102097
2001-09-24 09:15:00,NSE:HCLTECH,17.37500011,20.10000013,17.37500011,19.52500012,47206559.70056098
2001-09-25 09:15:00,NSE:HCLTECH,19.75000013,20.25000013,15.6250001,15.8125001,69625335.55835499
2001-09-26 09:15:00,NSE:HCLTECH,15.0187501,16.81250011,12.95000008,13.65000009,115650311.26641096
2001-09-27 09:15:00,NSE:HCLTECH,13.56875009,15.7500001,12.90000008,15.4125001,187635382.80979773
2001-09-28 09:15:00,NSE:HCLTECH,15.3750001,16.85000011,14.87500009,16.1937501,85715879.45629
2001-10-01 09:15:00,NSE:HCLTECH,16.3500001,16.3500001,15.2500001,15.7937501,64475983.59101818
2001-10-03 09:15:00,NSE:HCLTECH,16.0000001,16.71875011,15.7000001,15.8875001,88244695.44024931
2001-10-04 09:15:00,NSE:HCLTECH,16.51874885,17.83750011,16.5000001,17.45000136,109533543.30521062
2001-10-05 09:15:00,NSE:HCLTECH,17.56250011,18.45000137,17.28750011,17.76250136,117825591.2526128
2001-10-08 09:15:00,NSE:HCLTECH,16.84375011,17.75000011,16.5000001,17.44375011,92270887.4147105
2001-10-09 09:15:00,NSE:HCLTECH,17.87500011,20.61249888,17.76250136,19.04999887,194903774.76369312
2001-10-10 09:15:00,NSE:HCLTECH,18.75000012,19.37500012,17.68750011,18.97500012,68655439.5645072
2001-10-11 09:15:00,NSE:HCLTECH,20.21875013,21.00000013,19.44375012,20.18750013,64102455.59338753
2001-10-12 09:15:00,NSE:HCLTECH,20.44375013,21.37500014,18.75625012,19.20000137,77255719.50995418
2001-10-15 09:15:00,NSE:HCLTECH,19.00000012,19.25000012,18.19375012,18.45000137,42818239.72839682
2001-10-16 09:15:00,NSE:HCLTECH,18.60000012,19.57500137,17.92499886,19.15000012,69406015.55974618
2001-10-17 09:15:00,NSE:HCLTECH,19.72500013,21.59375014,19.71250013,20.81250013,73198015.53569289
2001-10-18 09:15:00,NSE:HCLTECH,20.37500013,20.48125138,19.52500012,19.88125013,52364559.66784294
2001-10-19 09:15:00,NSE:HCLTECH,19.87500013,20.65625013,19.75000013,19.93750013,37675103.76102058
2001-10-22 09:15:00,NSE:HCLTECH,20.50000013,22.9249989,20.48749888,21.07500138,75411631.52165155
2001-10-23 09:15:00,NSE:HCLTECH,21.25000013,22.25000014,20.62500013,21.61875014,58273159.63036372
2001-10-24 09:15:00,NSE:HCLTECH,21.50000014,22.00000014,19.62500012,20.26874888,37498935.76213806
2001-10-25 09:15:00,NSE:HCLTECH,20.50625013,20.81250013,19.64374887,20.02500013,38240007.75743731
2001-10-29 09:15:00,NSE:HCLTECH,20.47500013,21.25000013,20.31875013,20.59375013,30295967.80782767
2001-10-30 09:15:00,NSE:HCLTECH,19.88750138,20.36875013,19.60000012,20.13750138,40435175.74351299
2001-10-31 09:15:00,NSE:HCLTECH,19.95624888,20.68750013,19.75000013,20.43125013,25536703.83801646
2001-11-01 09:15:00,NSE:HCLTECH,20.89374888,21.48125139,20.68750013,21.21875013,31753975.79857928
2001-11-02 09:15:00,NSE:HCLTECH,21.70000139,22.47500014,20.65625013,21.18750013,40703159.74181313
2001-11-05 09:15:00,NSE:HCLTECH,21.00000013,21.58750014,20.51874888,20.79375138,16730399.89387631
2001-11-06 09:15:00,NSE:HCLTECH,21.25000013,23.58750015,21.25000013,22.93750015,56482335.64172321
2001-11-07 09:15:00,NSE:HCLTECH,23.62500015,23.9874989,21.14374888,21.54999889,35233199.77650998
2001-11-08 09:15:00,NSE:HCLTECH,21.72500014,22.31250014,21.43125014,22.00000014,22576519.8567934
2001-11-09 09:15:00,NSE:HCLTECH,22.48749889,23.0437514,22.03750014,22.51874889,26722831.83049266
2001-11-12 09:15:00,NSE:HCLTECH,22.67499889,22.9249989,22.25000014,22.52500014,13773215.91263421
2001-11-13 09:15:00,NSE:HCLTECH,22.63750139,22.84375014,22.26250139,22.54999889,12464479.92093574
2001-11-14 09:15:00,NSE:HCLTECH,23.12500015,23.2374989,22.75625014,22.93125015,5082527.96776069
2001-11-15 09:15:00,NSE:HCLTECH,23.00000015,24.56250016,22.9187514,24.09375015,33152503.78970818
2001-11-19 09:15:00,NSE:HCLTECH,24.00000015,26.61249892,24.00000015,26.03750017,37865615.75981214
2001-11-20 09:15:00,NSE:HCLTECH,26.71250017,28.48125143,25.31250016,25.87500016,52215423.66878894
2001-11-21 09:15:00,NSE:HCLTECH,25.62500016,26.62500017,25.25000016,26.36249892,26692671.83068397
2001-11-22 09:15:00,NSE:HCLTECH,26.62500017,30.12500019,26.62500017,29.36249894,53602223.65999223
2001-11-23 09:15:00,NSE:HCLTECH,29.87500019,30.85625145,29.25000019,29.78125019,42190039.73238162
2001-11-26 09:15:00,NSE:HCLTECH,30.65625019,32.1250002,30.26250144,31.64374895,27987191.82247262
2001-11-27 09:15:00,NSE:HCLTECH,32.50000021,32.87500021,30.20000144,30.54375144,22892599.85478846
2001-11-28 09:15:00,NSE:HCLTECH,30.26250144,30.68750019,28.01250143,28.34375018,22529871.8570893
2001-11-29 09:15:00,NSE:HCLTECH,27.25000017,29.75000019,26.66875142,28.63750143,31658079.79918757
2001-12-03 09:15:00,NSE:HCLTECH,29.98125144,30.48125144,29.15000018,29.96250019,18875935.88026682
2001-12-04 09:15:00,NSE:HCLTECH,29.87500019,31.2500002,29.87500019,30.68750019,15221359.9034484
2001-12-05 09:15:00,NSE:HCLTECH,31.8750002,33.30625146,31.6875002,32.92499896,26100951.83443735
2001-12-06 09:15:00,NSE:HCLTECH,33.62500021,37.58750149,33.62500021,35.03125022,50548055.67936533
2001-12-07 09:15:00,NSE:HCLTECH,34.97499897,36.06250023,33.12500021,35.07500147,23095791.85349957
2001-12-10 09:15:00,NSE:HCLTECH,35.59999898,36.22499898,33.37500021,33.75624896,34830983.77906131
2001-12-11 09:15:00,NSE:HCLTECH,33.37500021,35.23749897,32.62500021,33.56250021,24881983.84216946
2001-12-12 09:15:00,NSE:HCLTECH,34.50000022,35.67499898,33.87500021,34.92499897,33294087.7888101
2001-12-13 09:15:00,NSE:HCLTECH,35.00000022,35.68750023,30.01250144,32.96250146,37242615.76376394
2001-12-14 09:15:00,NSE:HCLTECH,32.37500021,32.61249896,30.66250019,32.33750146,15859815.89939857
2001-12-18 09:15:00,NSE:HCLTECH,33.12500021,33.72499896,30.9062502,31.6250002,16893903.89283917
2001-12-19 09:15:00,NSE:HCLTECH,31.67499895,32.2500002,29.69375019,30.15000019,14843463.90584545
2001-12-20 09:15:00,NSE:HCLTECH,30.00000019,33.22499896,28.87500018,32.61875146,47941551.69589881
2001-12-21 09:15:00,NSE:HCLTECH,32.0000002,32.34999896,30.63750144,31.8187502,31403271.80080386
2001-12-24 09:15:00,NSE:HCLTECH,31.2500002,33.03749896,29.71875019,32.30625145,17559335.88861823
2001-12-26 09:15:00,NSE:HCLTECH,32.64374896,34.48749897,30.18750019,31.10625145,23158143.85310407
2001-12-27 09:15:00,NSE:HCLTECH,31.1250002,32.21250145,30.32500144,31.26874895,20247799.87156486
2001-12-28 09:15:00,NSE:HCLTECH,31.5875002,33.75000021,29.70624894,33.00624896,35757503.77318424
2001-12-31 09:15:00,NSE:HCLTECH,33.98125147,35.25000022,33.76874896,34.48125147,26647279.8309719
2002-01-01 09:15:00,NSE:HCLTECH,34.64374897,36.23749898,34.01250147,34.55625147,27103039.82808094
2002-01-02 09:15:00,NSE:HCLTECH,34.86249897,36.67499898,34.66249897,35.58124898,33906927.78492275
2002-01-03 09:15:00,NSE:HCLTECH,35.93750023,36.87500023,35.70000148,36.20000148,24904415.84202717
2002-01-04 09:15:00,NSE:HCLTECH,37.51250149,38.924999,37.01250148,37.60625149,35686967.77363166
2002-01-07 09:15:00,NSE:HCLTECH,38.37500024,39.537499,37.59375024,38.25624899,24079175.8472618
2002-01-08 09:15:00,NSE:HCLTECH,39.00000025,40.61249901,38.768749,39.9625015,37374999.76292418
2002-01-09 09:15:00,NSE:HCLTECH,40.12500025,41.20000151,36.40625023,37.08750149,30368247.80736918
2002-01-10 09:15:00,NSE:HCLTECH,36.79999898,36.79999898,33.38124896,34.00000022,41821583.73471878
2002-01-11 09:15:00,NSE:HCLTECH,34.02500147,34.75000022,31.7500002,33.78749896,54114007.6567459
2002-01-14 09:15:00,NSE:HCLTECH,35.14374897,36.00000023,33.04375146,33.41875146,29295367.81417464
2002-01-15 09:15:00,NSE:HCLTECH,33.75000021,33.75000021,30.7750002,31.67499895,41434023.73717714
2002-01-16 09:15:00,NSE:HCLTECH,31.8750002,32.75000021,31.64374895,32.2500002,18756215.88102622
2002-01-17 09:15:00,NSE:HCLTECH,32.0312502,33.83750146,30.9125002,33.32500146,33361375.78838328
2002-01-18 09:15:00,NSE:HCLTECH,34.00000022,34.31250022,31.0250002,31.6312502,32688327.79265253
2002-01-21 09:15:00,NSE:HCLTECH,32.0000002,32.09999895,30.31875019,31.1187502,26950599.82904789
2002-01-22 09:15:00,NSE:HCLTECH,31.48749895,31.5000002,29.03750018,29.38125019,50145823.68191675
2002-01-23 09:15:00,NSE:HCLTECH,28.98749893,31.8375002,28.98749893,31.4625002,51325471.67443405
2002-01-24 09:15:00,NSE:HCLTECH,31.63750145,32.0000002,29.82500144,30.47500019,49099111.68855622
2002-01-25 09:15:00,NSE:HCLTECH,30.00000019,30.72500019,27.59375018,27.83124893,46317047.70620331
2002-01-28 09:15:00,NSE:HCLTECH,27.50000017,29.49375019,27.12500017,29.24375019,56861383.63931886
2002-01-29 09:15:00,NSE:HCLTECH,29.55625019,29.62500019,28.31250018,28.68125018,26463911.83213503
2002-01-30 09:15:00,NSE:HCLTECH,27.75000018,29.04999893,27.75000018,28.81250018,20102223.87248827
2002-01-31 09:15:00,NSE:HCLTECH,29.43750019,30.62500019,29.19375019,30.45000144,21009063.86673604
2002-02-01 09:15:00,NSE:HCLTECH,31.0000002,31.3500002,29.81250019,30.40625019,15672375.90058753
2002-02-04 09:15:00,NSE:HCLTECH,30.29999894,30.46875019,29.58750019,30.29375144,12242167.9223459
2002-02-05 09:15:00,NSE:HCLTECH,30.00000019,30.56250019,29.38750144,30.20000144,12515967.92060915
2002-02-06 09:15:00,NSE:HCLTECH,30.12500019,33.22499896,30.12500019,33.08750146,22530959.8570824
2002-02-07 09:15:00,NSE:HCLTECH,33.12500021,34.96875022,32.15000145,33.72499896,40961399.74017507
2002-02-08 09:15:00,NSE:HCLTECH,33.01250146,35.62500023,33.01250146,34.61875147,24185743.84658583
2002-02-11 09:15:00,NSE:HCLTECH,36.00624898,37.22499899,34.20000147,34.56874897,22469791.8574704
2002-02-12 09:15:00,NSE:HCLTECH,34.63750147,35.65000148,34.63750147,35.37500022,16492391.89538603
2002-02-13 09:15:00,NSE:HCLTECH,35.73749898,35.75000023,33.62500021,33.85625146,17862167.88669731
2002-02-14 09:15:00,NSE:HCLTECH,34.25624897,34.98749897,34.01250147,34.63750147,12440119.92109026
2002-02-15 09:15:00,NSE:HCLTECH,34.96875022,34.96875022,33.38124896,33.78749896,7286831.95377842
2002-02-18 09:15:00,NSE:HCLTECH,33.50000021,34.48125147,32.93750021,34.15625022,9663959.9386999
2002-02-19 09:15:00,NSE:HCLTECH,34.36249897,35.34999897,33.76250146,34.77500147,17154615.89118544
2002-02-20 09:15:00,NSE:HCLTECH,33.78749896,34.14374897,31.70624895,31.9312502,22036047.86022171
2002-02-21 09:15:00,NSE:HCLTECH,32.71250146,33.21250146,32.0000002,32.26250145,16371687.89615168
2002-02-22 09:15:00,NSE:HCLTECH,32.1250002,32.2500002,31.16875145,31.88750145,8977127.94305659
2002-02-25 09:15:00,NSE:HCLTECH,32.2500002,33.32500146,31.6500002,32.63124896,11608927.92636265
2002-02-26 09:15:00,NSE:HCLTECH,33.00000021,33.87500021,33.00000021,33.54999896,9893087.93724651
2002-02-27 09:15:00,NSE:HCLTECH,34.21250147,35.58750148,34.00000022,35.20624897,22659103.85626956
2002-02-28 09:15:00,NSE:HCLTECH,35.20624897,35.20624897,31.9000002,32.40625021,14960919.90510041
2002-03-01 09:15:00,NSE:HCLTECH,32.37500021,34.12500022,31.63750145,33.68750021,14148215.91025553
2002-03-04 09:15:00,NSE:HCLTECH,34.71250147,34.87500022,33.76250146,34.40000147,13961095.91144246
2002-03-05 09:15:00,NSE:HCLTECH,35.00000022,35.87500023,34.58124897,35.45624897,14970783.90503784
2002-03-06 09:15:00,NSE:HCLTECH,35.50000023,36.25000023,34.90000147,35.90625023,20553615.86962502
2002-03-07 09:15:00,NSE:HCLTECH,36.25000023,37.15000149,35.75624898,36.86875148,25261799.83976023
2002-03-08 09:15:00,NSE:HCLTECH,36.87500023,37.11249899,35.90625023,36.56250023,15735095.90018968
2002-03-11 09:15:00,NSE:HCLTECH,36.87500023,36.98749898,35.31250022,36.56874898,17115783.89143175
2002-03-12 09:15:00,NSE:HCLTECH,36.56250023,36.56250023,34.68750022,35.19374897,10871127.93104264
2002-03-13 09:15:00,NSE:HCLTECH,35.00000022,36.50000023,34.31874897,35.87500023,12890911.91823081
2002-03-14 09:15:00,NSE:HCLTECH,36.00000023,36.00000023,34.63124897,35.16249897,7546711.95212996
2002-03-15 09:15:00,NSE:HCLTECH,35.21875022,35.53749898,34.32500147,34.60625147,11195263.92898659
2002-03-18 09:15:00,NSE:HCLTECH,34.50000022,36.04999898,34.50000022,35.68125148,14813071.90603824
2002-03-19 09:15:00,NSE:HCLTECH,35.87500023,35.87500023,34.37500022,34.71875022,8755727.94446097
2002-03-20 09:15:00,NSE:HCLTECH,34.98749897,35.52500148,34.56250022,35.18750022,9378055.94051344
2002-03-21 09:15:00,NSE:HCLTECH,34.62500022,35.04999897,34.37500022,34.59999897,4718695.97006853
2002-03-22 09:15:00,NSE:HCLTECH,34.81250022,34.97499897,33.68750021,34.11875147,9630079.93891481
2002-03-26 09:15:00,NSE:HCLTECH,34.25000022,34.25000022,33.01250146,33.20624896,3068775.98053425
2002-03-27 09:15:00,NSE:HCLTECH,33.31250021,33.75000021,32.50000021,32.66249896,4623695.97067113
2002-03-28 09:15:00,NSE:HCLTECH,33.28125021,33.28125021,31.9625002,32.28749895,7605415.95175759
2002-04-01 09:15:00,NSE:HCLTECH,32.36249896,32.83750146,31.2750002,31.7125002,6413599.95931748
2002-04-02 09:15:00,NSE:HCLTECH,32.0000002,32.92499896,31.2500002,31.5375002,8139631.94836897
2002-04-03 09:15:00,NSE:HCLTECH,32.75000021,32.75000021,30.7500002,31.4125002,4676799.97033429
2002-04-04 09:15:00,NSE:HCLTECH,31.48749895,32.34999896,31.11249895,31.38750145,5737399.96360672
2002-04-05 09:15:00,NSE:HCLTECH,31.73125145,32.0000002,30.68750019,30.79999895,6293855.96007703
2002-04-08 09:15:00,NSE:HCLTECH,30.8750002,30.9937502,28.75000018,29.16250018,7135175.9547404
2002-04-09 09:15:00,NSE:HCLTECH,29.30625019,30.50000019,29.00000018,30.14374894,7903287.94986814
2002-04-10 09:15:00,NSE:HCLTECH,30.35625144,32.29999895,29.68750019,31.6500002,12279039.92211202
2002-04-11 09:15:00,NSE:HCLTECH,31.9625002,32.83750146,31.6312502,31.9375002,10978119.93036397
2002-04-12 09:15:00,NSE:HCLTECH,31.5000002,32.50000021,31.0000002,31.98749895,6481231.95888847
2002-04-15 09:15:00,NSE:HCLTECH,35.00000022,35.00000022,31.2875002,31.73125145,6389607.95946966
2002-04-16 09:15:00,NSE:HCLTECH,31.6250002,32.04999895,31.0000002,31.4625002,3579543.97729436
2002-04-17 09:15:00,NSE:HCLTECH,32.2500002,33.12500021,31.4750002,31.79375145,6956543.95587349
2002-04-18 09:15:00,NSE:HCLTECH,32.1250002,32.72499896,31.7875002,32.46875021,5629535.96429092
2002-04-19 09:15:00,NSE:HCLTECH,32.50000021,33.37500021,31.08124895,31.3750002,9973455.93673672
2002-04-22 09:15:00,NSE:HCLTECH,31.5000002,31.9375002,30.26250144,31.5000002,5981927.96205564
2002-04-23 09:15:00,NSE:HCLTECH,31.39374895,32.1250002,30.56875019,30.9437502,10144887.9356493
2002-04-24 09:15:00,NSE:HCLTECH,30.8750002,31.1187502,29.64374894,29.89374894,10164559.93552452
2002-04-25 09:15:00,NSE:HCLTECH,30.23749894,30.37500019,28.21250018,28.63750143,12322039.92183926
2002-04-26 09:15:00,NSE:HCLTECH,28.58750018,29.73749894,28.58750018,28.85625143,7916991.94978121
2002-04-29 09:15:00,NSE:HCLTECH,28.75000018,29.03750018,27.26250142,28.71250018,10014567.93647594
2002-04-30 09:15:00,NSE:HCLTECH,28.75000018,30.49375019,28.68750018,30.25000019,12165247.92283382
2002-05-02 09:15:00,NSE:HCLTECH,30.50000019,31.3750002,30.12500019,31.11249895,8289191.94742029
2002-05-03 09:15:00,NSE:HCLTECH,30.7500002,31.0312502,29.75625019,30.18125019,5894551.96260988
2002-05-06 09:15:00,NSE:HCLTECH,28.76874893,30.35625144,28.76874893,30.10000019,3518311.97768277
2002-05-07 09:15:00,NSE:HCLTECH,29.87500019,31.0000002,29.38750144,30.8125002,7243167.95405539
2002-05-08 09:15:00,NSE:HCLTECH,31.1250002,31.8750002,30.51250144,30.8750002,7498735.95243428
2002-05-09 09:15:00,NSE:HCLTECH,31.8750002,32.02500145,31.01250145,31.20000145,6306839.95999467
2002-05-10 09:15:00,NSE:HCLTECH,30.88750145,31.2250002,30.26250144,30.9625002,4603335.97080028
2002-05-13 09:15:00,NSE:HCLTECH,31.26250145,31.4750002,30.38750144,30.8687502,2428567.98459519
2002-05-14 09:15:00,NSE:HCLTECH,31.2500002,31.5562502,30.7750002,31.14374895,4228591.97317734
2002-05-15 09:15:00,NSE:HCLTECH,31.3750002,31.61249895,30.00000019,30.23125144,3911439.97518909
2002-05-16 09:15:00,NSE:HCLTECH,30.37500019,30.50000019,29.38750144,29.48125144,3587567.97724346
2002-05-17 09:15:00,NSE:HCLTECH,29.37500019,29.37500019,28.00000018,29.04999893,5099567.9676526
2002-05-20 09:15:00,NSE:HCLTECH,28.88750143,29.34375019,28.00625018,28.94375018,3573343.97733369
2002-05-21 09:15:00,NSE:HCLTECH,28.75000018,29.10000018,26.70000142,27.92499893,5847087.96291095
2002-05-22 09:15:00,NSE:HCLTECH,27.46875017,27.75000018,25.62500016,26.67499892,9224679.94148633
2002-05-23 09:15:00,NSE:HCLTECH,27.00000017,27.75000018,26.50000017,27.37500017,4774607.96971387
2002-05-24 09:15:00,NSE:HCLTECH,27.68750018,29.36249894,27.68750018,28.96875018,5119511.96752609
2002-05-27 09:15:00,NSE:HCLTECH,29.35000019,29.37500019,28.13750143,28.52500018,2353607.98507068
2002-05-28 09:15:00,NSE:HCLTECH,27.93750018,28.12500018,26.50000017,26.76874892,3976535.97477618
2002-05-29 09:15:00,NSE:HCLTECH,28.00000018,28.75000018,25.86249891,27.66250018,12249135.92230171
2002-05-30 09:15:00,NSE:HCLTECH,27.63125018,29.18750019,27.32500142,27.98749893,11114967.92949592
2002-05-31 09:15:00,NSE:HCLTECH,27.87500018,28.03125018,27.25000017,27.70624893,3788719.97596752
2002-06-03 09:15:00,NSE:HCLTECH,28.50000018,29.62500019,28.12500018,28.56875018,3950431.97494176
2002-06-04 09:15:00,NSE:HCLTECH,28.50000018,28.50000018,27.70000143,27.90625018,3143711.98005892
2002-06-05 09:15:00,NSE:HCLTECH,28.00000018,28.87500018,27.90000018,28.58124893,2146935.98638163
2002-06-06 09:15:00,NSE:HCLTECH,28.75000018,29.12500018,28.18750018,28.37500018,2400959.98477031
2002-06-07 09:15:00,NSE:HCLTECH,27.88750143,28.15000018,27.50000017,27.61875018,1760071.98883557
2002-06-10 09:15:00,NSE:HCLTECH,27.75000018,28.50000018,27.75000018,28.22500018,1041295.99339489
2002-06-11 09:15:00,NSE:HCLTECH,28.87500018,29.23749894,28.53125018,28.77500018,2759335.98249708
2002-06-12 09:15:00,NSE:HCLTECH,28.96875018,28.96875018,27.50000017,27.61875018,3319359.97894475
2002-06-13 09:15:00,NSE:HCLTECH,28.03125018,28.57500143,27.16250017,27.30625017,8364503.94694257
2002-06-14 09:15:00,NSE:HCLTECH,27.43125017,27.90625018,26.88750142,27.11249892,4331071.97252729
2002-06-17 09:15:00,NSE:HCLTECH,27.47500017,27.79999893,27.09375017,27.20624892,1408631.99106481
2002-06-18 09:15:00,NSE:HCLTECH,27.73749893,27.87500018,26.56875017,26.68750017,2212343.98596674
2002-06-19 09:15:00,NSE:HCLTECH,26.62500017,27.03750017,25.32500141,25.61875016,5111839.96757475
2002-06-20 09:15:00,NSE:HCLTECH,25.50000016,26.60000017,25.26250141,26.15000017,4246567.97306332
2002-06-21 09:15:00,NSE:HCLTECH,25.62500016,26.10625142,25.37500016,25.55625016,2996959.98098979
2002-06-24 09:15:00,NSE:HCLTECH,25.52500016,26.17499892,25.37500016,25.75625016,2329847.98522139
2002-06-25 09:15:00,NSE:HCLTECH,26.11249892,26.25000017,25.62500016,25.87500016,2614919.98341313
2002-06-26 09:15:00,NSE:HCLTECH,25.86249891,26.61249892,25.25625016,25.60000016,6799975.95686663
2002-06-27 09:15:00,NSE:HCLTECH,25.81250016,28.25000018,25.63750141,27.96250018,19906895.87372727
2002-06-28 09:15:00,NSE:HCLTECH,28.37500018,28.75000018,27.65625018,27.93125018,8011559.94918135
2002-07-01 09:15:00,NSE:HCLTECH,28.12500018,29.68750019,28.12500018,29.40625019,10753143.93179103
2002-07-02 09:15:00,NSE:HCLTECH,29.36249894,29.36249894,28.31250018,28.58124893,9829383.93765059
2002-07-03 09:15:00,NSE:HCLTECH,28.34375018,29.85000019,28.25000018,29.70624894,10878495.9309959
2002-07-04 09:15:00,NSE:HCLTECH,29.93750019,30.25000019,29.70624894,29.93750019,5094999.96768157
2002-07-05 09:15:00,NSE:HCLTECH,29.70000144,30.86249895,29.31250019,30.67499894,6935783.95600518
2002-07-08 09:15:00,NSE:HCLTECH,30.8750002,31.36249895,30.53750019,31.16875145,5128631.96746824
2002-07-09 09:15:00,NSE:HCLTECH,31.0000002,31.0000002,30.40000019,30.7500002,3317663.97895551
2002-07-10 09:15:00,NSE:HCLTECH,30.7500002,30.8750002,28.51874893,28.68750018,5203303.96699458
2002-07-11 09:15:00,NSE:HCLTECH,28.75000018,28.75000018,27.58750017,28.06250018,4318727.97260559
2002-07-12 09:15:00,NSE:HCLTECH,28.37500018,30.00000019,28.37500018,29.85000019,6982679.95570771
2002-07-15 09:15:00,NSE:HCLTECH,29.37500019,30.60000019,29.06875018,30.26874894,9924303.9370485
2002-07-16 09:15:00,NSE:HCLTECH,30.23749894,30.37500019,28.87500018,29.17499894,4026575.97445876
2002-07-17 09:15:00,NSE:HCLTECH,29.14374893,29.60000019,28.19375018,28.50000018,4418063.97197549
2002-07-18 09:15:00,NSE:HCLTECH,28.76250143,29.37500019,28.40000018,28.80625018,3415647.97833398
2002-07-19 09:15:00,NSE:HCLTECH,29.35000019,29.35000019,28.13750143,28.31875018,2022207.9871728
2002-07-22 09:15:00,NSE:HCLTECH,27.93750018,27.93750018,26.40625017,26.79375142,2766015.9824547
2002-07-23 09:15:00,NSE:HCLTECH,26.37500017,26.75000017,25.62500016,26.61249892,5943575.96229892
2002-07-24 09:15:00,NSE:HCLTECH,26.48749892,26.48749892,25.63125016,25.79999891,3095471.98036491
2002-07-25 09:15:00,NSE:HCLTECH,26.53750017,27.81250018,23.8875014,24.63125016,11936959.92428189
2002-07-26 09:15:00,NSE:HCLTECH,24.56250016,24.56250016,21.76874889,22.24375014,14910399.90542087
2002-07-29 09:15:00,NSE:HCLTECH,22.62500014,23.59375015,21.57500139,22.40000014,10496287.93342031
2002-07-30 09:15:00,NSE:HCLTECH,23.62500015,23.86875015,21.38750139,21.93125014,12140175.92299286
2002-07-31 09:15:00,NSE:HCLTECH,21.75000014,24.87500016,20.37500013,23.40000015,13900863.91182452
2002-08-01 09:15:00,NSE:HCLTECH,23.12500015,24.25000015,22.31875014,23.7999989,11162167.92919652
2002-08-02 09:15:00,NSE:HCLTECH,22.87500015,24.06250015,22.50000014,23.6375014,7476695.95257408
2002-08-05 09:15:00,NSE:HCLTECH,23.62500015,24.54999891,23.46875015,23.96250015,4664111.97041477
2002-08-06 09:15:00,NSE:HCLTECH,23.37500015,23.9874989,23.1375014,23.83750015,3871111.9754449
2002-08-07 09:15:00,NSE:HCLTECH,24.18750015,24.99375016,22.12500014,22.48749889,21317919.86477691
2002-08-08 09:15:00,NSE:HCLTECH,22.37500014,22.9874989,21.66250014,21.91250014,14598439.90739968
2002-08-09 09:15:00,NSE:HCLTECH,22.25000014,22.81250014,21.51250139,22.53750014,11611679.92634519
2002-08-12 09:15:00,NSE:HCLTECH,22.71250014,23.9874989,22.62500014,23.7625014,11239399.92870663
2002-08-13 09:15:00,NSE:HCLTECH,24.25000015,24.25000015,23.15000015,23.3250014,3813143.9758126
2002-08-14 09:15:00,NSE:HCLTECH,23.2374989,23.2374989,22.76874889,23.00625015,3964015.97485559
2002-08-16 09:15:00,NSE:HCLTECH,23.62500015,23.75000015,23.25000015,23.6062514,4848903.9692426
2002-08-19 09:15:00,NSE:HCLTECH,24.00000015,24.54999891,23.91250015,24.38125015,8905447.94351127
2002-08-20 09:15:00,NSE:HCLTECH,24.62500016,26.48125142,24.50625016,26.15000017,18255463.88420257
2002-08-21 09:15:00,NSE:HCLTECH,26.23749892,26.87500017,25.02500016,25.23125141,18690007.88144619
2002-08-22 09:15:00,NSE:HCLTECH,25.37500016,25.73125141,24.4187514,24.63125016,9790959.93789432
2002-08-23 09:15:00,NSE:HCLTECH,24.75000016,25.27500016,24.1749989,24.77500016,12814423.91871599
2002-08-26 09:15:00,NSE:HCLTECH,24.81250016,25.42499891,24.43750016,25.17499891,8253943.94764387
2002-08-27 09:15:00,NSE:HCLTECH,25.47500016,25.74375016,23.63125015,23.7687489,13764543.91268922
2002-08-28 09:15:00,NSE:HCLTECH,23.37500015,24.85000016,23.19375015,24.54375141,18886335.88020085
2002-08-29 09:15:00,NSE:HCLTECH,24.3875014,25.48749891,24.18750015,25.15625016,17584927.88845589
2002-08-30 09:15:00,NSE:HCLTECH,25.31250016,25.75000016,24.03125015,25.43750016,28226143.8209569
2002-09-02 09:15:00,NSE:HCLTECH,25.75625016,28.02500018,25.65625016,27.18750017,39154535.7516363
2002-09-03 09:15:00,NSE:HCLTECH,27.22500017,27.22500017,26.03125017,26.63750142,15785199.89987187
2002-09-04 09:15:00,NSE:HCLTECH,26.00000016,26.71250017,25.31875016,26.41250017,25434151.83866697
2002-09-05 09:15:00,NSE:HCLTECH,26.62500017,26.97500017,25.82500141,26.23749892,14348223.90898684
2002-09-06 09:15:00,NSE:HCLTECH,25.62500016,26.21250017,25.12500016,25.43125016,10984335.93032454
2002-09-09 09:15:00,NSE:HCLTECH,25.69375016,26.87500017,25.52500016,26.51874892,13656183.91337657
2002-09-11 09:15:00,NSE:HCLTECH,27.01250142,27.73125143,26.87500017,27.35000017,11303687.92829884
2002-09-12 09:15:00,NSE:HCLTECH,27.48125142,27.48125142,26.64374892,26.78125017,7920447.94975929
2002-09-13 09:15:00,NSE:HCLTECH,26.47500017,26.53750017,25.08124891,25.35625141,8264519.94757678
2002-09-16 09:15:00,NSE:HCLTECH,25.72500016,25.99375016,25.28125016,25.37500016,7619639.95166736
2002-09-17 09:15:00,NSE:HCLTECH,25.62500016,27.46250017,25.62500016,27.06875017,16517319.89522791
2002-09-18 09:15:00,NSE:HCLTECH,26.73749892,26.86249892,25.83124891,26.11249892,13866807.91204054
2002-09-19 09:15:00,NSE:HCLTECH,26.36249892,26.54999892,25.26250141,25.63125016,14604871.90735888
2002-09-20 09:15:00,NSE:HCLTECH,25.00000016,26.50000017,24.76250141,26.22500017,21109559.86609857
2002-09-23 09:15:00,NSE:HCLTECH,26.50000017,26.70624892,25.56250016,26.00000016,15071735.90439749
2002-09-24 09:15:00,NSE:HCLTECH,25.17499891,25.73749891,25.17499891,25.50625016,8139495.94836983
2002-09-25 09:15:00,NSE:HCLTECH,24.75000016,26.25000017,24.75000016,26.11249892,13057919.91717146
2002-09-26 09:15:00,NSE:HCLTECH,27.35000017,27.35000017,26.36249892,26.84375017,12918455.9180561
2002-09-27 09:15:00,NSE:HCLTECH,27.37500017,28.23749893,27.07500142,27.37500017,20531679.86976416
2002-09-30 09:15:00,NSE:HCLTECH,27.01250142,27.25000017,25.79375141,26.29375142,11870703.92470216
2002-10-01 09:15:00,NSE:HCLTECH,25.63750141,26.50000017,25.40000016,25.75000016,17145983.89124019
2002-10-03 09:15:00,NSE:HCLTECH,26.00000016,26.60000017,25.79999891,26.01874892,15460551.90193116
2002-10-04 09:15:00,NSE:HCLTECH,26.12500017,26.21250017,24.2000014,24.58124891,33943335.78469181
2002-10-07 09:15:00,NSE:HCLTECH,24.75000016,25.29375141,24.41250015,24.68125016,13186407.91635644
2002-10-08 09:15:00,NSE:HCLTECH,24.67499891,25.93125016,24.62500016,25.51250141,17057015.89180453
2002-10-09 09:15:00,NSE:HCLTECH,25.75000016,25.84375016,24.63125016,24.79375141,14124007.91040908
2002-10-10 09:15:00,NSE:HCLTECH,24.75000016,25.17499891,24.15000015,24.99375016,11842287.92488241
2002-10-11 09:15:00,NSE:HCLTECH,25.51250141,25.83750016,24.95000141,25.51250141,12892511.91822067
2002-10-14 09:15:00,NSE:HCLTECH,26.85625142,26.85625142,25.62500016,25.93125016,17501127.88898745
2002-10-16 09:15:00,NSE:HCLTECH,26.45000142,26.75000017,25.32500141,25.53125016,11582551.92652996
2002-10-17 09:15:00,NSE:HCLTECH,25.37500016,26.48749892,25.03750016,26.28125017,17761399.8873365
2002-10-18 09:15:00,NSE:HCLTECH,26.83750017,27.67499893,26.64374892,27.31875017,34027639.78415705
2002-10-21 09:15:00,NSE:HCLTECH,27.31250017,27.37500017,25.64374891,26.78125017,29538287.81263376
2002-10-22 09:15:00,NSE:HCLTECH,25.62500016,25.71250016,21.56250014,21.88750139,125442439.20429787
2002-10-23 09:15:00,NSE:HCLTECH,21.90000014,22.03125014,20.58124888,20.88750138,90007951.42906468
2002-10-24 09:15:00,NSE:HCLTECH,21.26250138,21.63750139,20.01250138,20.26250138,59089791.62518368
2002-10-25 09:15:00,NSE:HCLTECH,20.04999888,20.67499888,19.73125138,20.43125013,49617191.68526995
2002-10-28 09:15:00,NSE:HCLTECH,20.68750013,20.86249888,20.12500013,20.29375138,31907543.79760518
2002-10-29 09:15:00,NSE:HCLTECH,20.08750013,20.70000138,20.06250013,20.53125013,21697615.86236844
2002-10-30 09:15:00,NSE:HCLTECH,20.73125138,20.96250013,19.78125013,20.01874888,26527135.83173399
2002-10-31 09:15:00,NSE:HCLTECH,20.43125013,20.79999888,20.26250138,20.41875138,18102503.88517282
2002-11-01 09:15:00,NSE:HCLTECH,20.51874888,20.59375013,19.16875137,20.00000013,25972519.83525201
2002-11-04 09:15:00,NSE:HCLTECH,20.31875013,20.46875013,20.06250013,20.23749888,4551695.97112784
2002-11-05 09:15:00,NSE:HCLTECH,20.26250138,20.50000013,19.68750012,20.38750138,13458431.91463094
2002-11-07 09:15:00,NSE:HCLTECH,20.43750013,20.73749888,20.24375013,20.42499888,17344631.88998013
2002-11-08 09:15:00,NSE:HCLTECH,20.25000013,20.46250013,20.02500013,20.28750013,8506999.94603869
2002-11-11 09:15:00,NSE:HCLTECH,21.16250013,21.73125139,20.56875013,20.66250013,40565423.74268681
2002-11-12 09:15:00,NSE:HCLTECH,20.56250013,20.56250013,19.78750013,20.20624888,22490015.85734211
2002-11-13 09:15:00,NSE:HCLTECH,20.15625013,20.56250013,19.60625137,20.28125013,28266367.82070176
2002-11-14 09:15:00,NSE:HCLTECH,20.50625013,21.12500013,20.28125013,20.96875013,27433207.82598663
2002-11-15 09:15:00,NSE:HCLTECH,21.26874888,21.50000014,21.00625013,21.32500139,15624543.90089094
2002-11-18 09:15:00,NSE:HCLTECH,21.50000014,21.82500139,21.14374888,21.25000013,17654151.8880168
2002-11-20 09:15:00,NSE:HCLTECH,21.21875013,22.43750014,21.12500013,22.24375014,37062271.76490788
2002-11-21 09:15:00,NSE:HCLTECH,22.75000014,23.50000015,22.70000139,23.03750015,23185295.85293184
2002-11-22 09:15:00,NSE:HCLTECH,23.3875014,23.7374989,22.50000014,22.65625014,21492815.86366752
2002-11-25 09:15:00,NSE:HCLTECH,22.51874889,22.9874989,22.25000014,22.72500014,10388359.93410492
2002-11-26 09:15:00,NSE:HCLTECH,22.75000014,23.4249989,22.75000014,23.2937514,11754607.92543858
2002-11-27 09:15:00,NSE:HCLTECH,23.2374989,23.3624989,22.52500014,22.70000139,8908991.94348879
2002-11-28 09:15:00,NSE:HCLTECH,23.11875015,23.72500015,23.0750014,23.37500015,12495767.92073728
2002-11-29 09:15:00,NSE:HCLTECH,23.62500015,24.08750015,23.1124989,23.8937489,19433871.87672774
2003-01-01 09:15:00,NSE:HCLTECH,23.4874989,23.71875015,23.31875015,23.58750015,3627711.97698882
2003-01-02 09:15:00,NSE:HCLTECH,23.78750015,24.12500015,22.56250014,22.86875015,14027815.91101925
2003-01-03 09:15:00,NSE:HCLTECH,23.25000015,23.46250015,22.82500139,22.9249989,4479263.97158729
2003-01-06 09:15:00,NSE:HCLTECH,23.1749989,23.1749989,22.65000014,22.84375014,3355767.97871381
2003-01-07 09:15:00,NSE:HCLTECH,23.03750015,23.37500015,22.51250139,22.65625014,6081447.96142437
2003-01-08 09:15:00,NSE:HCLTECH,22.8624989,23.00000015,22.40000014,22.70000139,5460783.96536135
2003-01-09 09:15:00,NSE:HCLTECH,22.81250014,22.97500015,22.29999889,22.46875014,5185599.96710688
2003-01-10 09:15:00,NSE:HCLTECH,22.81250014,22.9500014,21.38750139,21.59375014,10310687.9345976
2003-01-13 09:15:00,NSE:HCLTECH,21.45000139,21.65625014,20.83750013,21.49375014,4775727.96970677
2003-01-14 09:15:00,NSE:HCLTECH,18.87500012,22.23749889,18.87500012,21.95000139,5004015.9682587
2003-01-15 09:15:00,NSE:HCLTECH,22.11249889,22.22500014,21.43750014,21.51250139,4617655.97070945
2003-01-16 09:15:00,NSE:HCLTECH,21.48749889,21.62500014,21.19375013,21.40625014,3610911.97709539
2003-01-17 09:15:00,NSE:HCLTECH,21.42499889,21.42499889,20.88750138,21.03125013,4117863.97387971
2003-01-20 09:15:00,NSE:HCLTECH,21.12500013,21.18750013,20.62500013,20.70000138,2579615.98363707
2003-01-21 09:15:00,NSE:HCLTECH,20.75000013,20.93750013,19.88125013,20.28750013,5252215.96668433
2003-01-22 09:15:00,NSE:HCLTECH,20.18750013,21.12500013,19.70000137,20.85625138,18696655.88140402
2003-01-23 09:15:00,NSE:HCLTECH,20.56250013,21.00000013,18.76874887,20.86875013,22032663.86024317
2003-01-24 09:15:00,NSE:HCLTECH,20.85000013,21.16250013,19.35625137,19.71250013,15906655.89910145
2003-01-27 09:15:00,NSE:HCLTECH,19.10625137,19.43750012,18.41875137,18.99375012,13809079.91240672
2003-01-28 09:15:00,NSE:HCLTECH,19.05625012,19.76250138,18.82500137,19.59375012,10229863.93511028
2003-01-29 09:15:00,NSE:HCLTECH,19.87500013,19.87500013,19.01874887,19.28125012,5362399.96598541
2003-01-30 09:15:00,NSE:HCLTECH,19.50000012,20.35000013,19.25000012,19.98125138,9057663.94254574
2003-01-31 09:15:00,NSE:HCLTECH,19.42499887,20.54999888,19.38125012,20.26250138,10856511.93113535
2003-02-03 09:15:00,NSE:HCLTECH,20.38750138,21.43750014,20.31875013,21.25625013,10658239.93239302
2003-02-04 09:15:00,NSE:HCLTECH,21.50000014,21.65000014,20.67499888,20.86249888,7834903.95030191
2003-02-05 09:15:00,NSE:HCLTECH,20.50000013,21.09375013,20.31250013,20.86875013,6688983.95757067
2003-02-06 09:15:00,NSE:HCLTECH,20.86249888,21.12500013,20.58124888,21.02500013,5599767.96447975
2003-02-07 09:15:00,NSE:HCLTECH,21.12500013,21.71250014,21.01874888,21.20000138,11581367.92653747
2003-02-10 09:15:00,NSE:HCLTECH,21.25000013,21.25000013,20.56875013,20.65000013,3618967.97704429
2003-02-11 09:15:00,NSE:HCLTECH,20.75000013,21.00000013,20.51874888,20.83750013,4725855.97002311
2003-02-12 09:15:00,NSE:HCLTECH,21.00000013,21.12500013,20.43750013,20.86875013,5834943.96298799
2003-02-14 09:15:00,NSE:HCLTECH,20.74375013,20.92499888,20.29999888,20.44375013,3853495.97555664
2003-02-17 09:15:00,NSE:HCLTECH,20.91250013,21.54999889,20.91250013,21.42499889,8271735.94753101
2003-02-18 09:15:00,NSE:HCLTECH,21.62500014,21.74375014,20.93750013,21.00000013,5939775.96232302
2003-02-19 09:15:00,NSE:HCLTECH,21.06250013,21.40000014,20.82500138,20.93125013,4463791.97168543
2003-02-20 09:15:00,NSE:HCLTECH,20.63750138,21.18750013,20.50000013,20.99375013,4177967.97349846
2003-02-21 09:15:00,NSE:HCLTECH,20.93750013,21.21250013,20.65000013,20.79375138,3857463.97553147
2003-02-24 09:15:00,NSE:HCLTECH,20.95000138,21.10625138,20.56250013,20.62500013,3111727.9802618
2003-02-25 09:15:00,NSE:HCLTECH,20.47500013,20.74375013,20.31875013,20.52500013,4252175.97302775
2003-02-26 09:15:00,NSE:HCLTECH,19.10625137,20.72500013,19.10625137,20.30625013,2576719.98365544
2003-02-27 09:15:00,NSE:HCLTECH,20.13125013,20.67499888,20.08750013,20.50000013,5098487.96765945
2003-02-28 09:15:00,NSE:HCLTECH,20.75000013,22.15000014,20.62500013,21.95000139,10769167.93168939
2003-03-03 09:15:00,NSE:HCLTECH,22.28750014,22.46250014,21.29375139,21.40000014,5881799.96269077
2003-03-04 09:15:00,NSE:HCLTECH,21.25625013,21.31250014,20.78125013,20.86875013,2689383.98294079
2003-03-05 09:15:00,NSE:HCLTECH,20.87500013,20.96875013,20.12500013,20.71875013,4204647.97332922
2003-03-06 09:15:00,NSE:HCLTECH,20.91250013,20.91250013,20.17499888,20.33750013,3520503.97766886
2003-03-07 09:15:00,NSE:HCLTECH,20.00000013,20.16875138,19.12500012,19.43125012,6221135.96053831
2003-03-10 09:15:00,NSE:HCLTECH,19.37500012,19.37500012,18.40625012,18.51250137,7158431.95459288
2003-03-11 09:15:00,NSE:HCLTECH,18.25000012,19.04375137,18.05625011,18.84375012,8436255.94648743
2003-03-12 09:15:00,NSE:HCLTECH,18.86249887,19.68750012,18.25000012,19.00625012,9195111.94167388
2003-03-13 09:15:00,NSE:HCLTECH,19.03125012,19.43750012,18.62500012,19.28125012,7750367.95083814
2003-03-17 09:15:00,NSE:HCLTECH,19.29999887,19.33750012,18.45624887,18.75625012,6936271.95600208
2003-03-19 09:15:00,NSE:HCLTECH,19.23749887,19.46875012,19.07500137,19.23125137,6154975.96095797
2003-03-20 09:15:00,NSE:HCLTECH,19.18750012,20.18750013,18.81250012,20.04375138,8527607.94590797
2003-03-21 09:15:00,NSE:HCLTECH,20.17499888,20.71250013,19.87500013,20.36875013,7668023.95136046
2003-03-24 09:15:00,NSE:HCLTECH,20.50000013,20.58124888,19.51250137,19.63750137,4721135.97005305
2003-03-25 09:15:00,NSE:HCLTECH,19.22500012,19.85000013,19.03125012,19.64374887,8668119.94501668
2003-03-26 09:15:00,NSE:HCLTECH,19.87500013,20.58124888,19.87500013,20.25000013,9632135.93890177
2003-03-27 09:15:00,NSE:HCLTECH,20.03750013,20.74375013,19.93750013,20.38750138,7397935.95307367
2003-03-28 09:15:00,NSE:HCLTECH,20.47500013,20.85000013,19.75000013,19.91875138,6319127.95991673
2003-03-31 09:15:00,NSE:HCLTECH,19.66250012,19.66875137,18.65625012,18.88125012,5879071.96270808
2003-04-01 09:15:00,NSE:HCLTECH,18.77500012,19.91250013,18.77500012,19.33124887,6805143.95683385
2003-04-02 09:15:00,NSE:HCLTECH,19.65625012,19.95000138,19.40000012,19.85000013,4197095.97337713
2003-04-03 09:15:00,NSE:HCLTECH,20.26250138,20.67499888,19.94375013,20.31875013,10632639.93255541
2003-04-04 09:15:00,NSE:HCLTECH,20.03750013,20.57500138,19.50000012,20.41250013,8943559.94326952
2003-04-07 09:15:00,NSE:HCLTECH,21.12500013,21.90625014,20.60000013,21.78125014,27905111.82299326
2003-04-08 09:15:00,NSE:HCLTECH,21.62500014,22.12500014,20.95624888,21.13750138,29130367.81522126
2003-04-09 09:15:00,NSE:HCLTECH,20.88750138,21.21875013,20.51250138,20.78750013,11666895.92599495
2003-04-10 09:15:00,NSE:HCLTECH,20.62500013,20.62500013,17.37500011,17.51874886,30048327.80939849
2003-04-11 09:15:00,NSE:HCLTECH,17.37500011,18.68750012,15.9000001,18.40625012,22456519.85755458
2003-04-15 09:15:00,NSE:HCLTECH,18.76874887,19.25000012,18.35000012,18.64374887,11396879.92770771
2003-04-16 09:15:00,NSE:HCLTECH,18.79999887,19.00000012,17.90625011,18.14374887,8127263.94844742
2003-04-17 09:15:00,NSE:HCLTECH,18.03125011,18.03125011,17.11249886,17.61875011,7562191.95203177
2003-04-21 09:15:00,NSE:HCLTECH,17.85625136,18.59375012,17.85625136,18.40000012,8170687.94817198
2003-04-22 09:15:00,NSE:HCLTECH,17.63750136,18.48749887,17.63750136,18.17499887,8354887.94700357
2003-04-23 09:15:00,NSE:HCLTECH,18.40625012,18.86249887,17.77500011,17.98125136,10500575.93339311
2003-04-24 09:15:00,NSE:HCLTECH,17.75000011,19.08750012,17.62500011,18.68125012,19617335.875564
2003-04-25 09:15:00,NSE:HCLTECH,18.78125012,19.66250012,18.56250012,19.54999887,34891183.77867945
2003-04-28 09:15:00,NSE:HCLTECH,17.50000011,18.16250012,17.01250136,17.37500011,49334919.68706046
2003-04-29 09:15:00,NSE:HCLTECH,17.62500011,17.81875011,17.03750011,17.15000011,18805239.88071526
2003-04-30 09:15:00,NSE:HCLTECH,17.12500011,17.31250011,16.63750136,16.86875011,9767175.93804519
2003-05-02 09:15:00,NSE:HCLTECH,17.00625011,17.37500011,16.5312501,16.95624886,14223991.90977487
2003-05-05 09:15:00,NSE:HCLTECH,17.34375011,18.00000011,17.21250011,17.80625011,18935591.87988841
2003-05-06 09:15:00,NSE:HCLTECH,17.85000011,18.25000012,17.50625011,17.56875011,15239783.90333153
2003-05-07 09:15:00,NSE:HCLTECH,17.68750011,17.87500011,17.25625011,17.35625136,16879159.8929327
2003-05-08 09:15:00,NSE:HCLTECH,17.25000011,18.28125012,17.18750011,17.70000136,20927671.86725232
2003-05-09 09:15:00,NSE:HCLTECH,17.72500011,17.84375011,17.37500011,17.51250136,7745759.95086736
2003-05-12 09:15:00,NSE:HCLTECH,17.77500011,17.83750011,17.21875011,17.30625011,6106903.9612629
2003-05-13 09:15:00,NSE:HCLTECH,17.42499886,17.65000011,17.33750011,17.57500136,6917743.95611961
2003-05-14 09:15:00,NSE:HCLTECH,17.53750011,17.77500011,17.43750011,17.61875011,7707767.95110835
2003-05-15 09:15:00,NSE:HCLTECH,17.53125011,17.76250136,17.01250136,17.68125011,7745271.95087046
2003-05-16 09:15:00,NSE:HCLTECH,17.81250011,17.95624886,17.45624886,17.68750011,7762751.95075958
2003-05-19 09:15:00,NSE:HCLTECH,17.68750011,17.98749886,17.33124886,17.40625011,15027695.90467684
2003-05-20 09:15:00,NSE:HCLTECH,17.12500011,17.42499886,16.83124886,17.15625011,12345375.92169124
2003-05-21 09:15:00,NSE:HCLTECH,17.23749886,17.29999886,15.9437501,16.0937501,25397375.83890024
2003-05-22 09:15:00,NSE:HCLTECH,16.23749885,16.2437501,15.1562501,15.3812501,15855455.89942622
2003-05-23 09:15:00,NSE:HCLTECH,15.6125001,15.7250001,14.78125009,15.2187501,14942727.90521581
2003-05-26 09:15:00,NSE:HCLTECH,15.2500001,15.2500001,14.70000009,14.93125009,8287847.94742881
2003-05-27 09:15:00,NSE:HCLTECH,14.94375009,15.5437501,14.72500009,14.86250009,9860951.93745035
2003-05-28 09:15:00,NSE:HCLTECH,15.2500001,15.5625001,15.1250001,15.5062501,15859111.89940303
2003-05-29 09:15:00,NSE:HCLTECH,15.6250001,15.8312501,15.3437501,15.5000001,20255455.8715163
2003-05-30 09:15:00,NSE:HCLTECH,15.6375001,15.7687501,15.3625001,15.4312501,6444511.9591214
2003-06-02 09:15:00,NSE:HCLTECH,15.7375001,16.0000001,15.5312501,15.9000001,10381591.93414785
2003-06-03 09:15:00,NSE:HCLTECH,15.9875001,16.2125001,15.6250001,16.01250135,10244215.93501925
2003-06-04 09:15:00,NSE:HCLTECH,16.23749885,17.23125136,16.1812501,16.95000136,19374847.87710214
2003-06-05 09:15:00,NSE:HCLTECH,17.12500011,18.06250011,17.12500011,17.88750136,27247167.82716671
2003-06-06 09:15:00,NSE:HCLTECH,17.87500011,18.45624887,17.75000011,18.11249886,15935511.89891841
2003-06-09 09:15:00,NSE:HCLTECH,18.16875137,18.16875137,17.50000011,17.91875136,6071279.96148887
2003-06-10 09:15:00,NSE:HCLTECH,17.75000011,18.36249887,17.33124886,17.93125011,11548871.9267436
2003-06-11 09:15:00,NSE:HCLTECH,18.12500011,18.61249887,17.91250011,18.38125012,9284343.94110787
2003-06-12 09:15:00,NSE:HCLTECH,18.63750137,18.79375137,18.26874887,18.40000012,7822631.95037975
2003-06-13 09:15:00,NSE:HCLTECH,18.38125012,18.87500012,18.20624887,18.78125012,7419079.95293955
2003-06-16 09:15:00,NSE:HCLTECH,18.62500012,18.66250012,18.09375011,18.25000012,5249607.96670087
2003-06-17 09:15:00,NSE:HCLTECH,18.88750137,19.28750012,18.70624887,19.16250012,9439719.9401223
2003-06-18 09:15:00,NSE:HCLTECH,18.90625012,19.37500012,18.70624887,19.20000137,6605023.95810324
2003-06-19 09:15:00,NSE:HCLTECH,19.20000137,19.31250012,18.78750012,18.91250012,3585927.97725387
2003-06-20 09:15:00,NSE:HCLTECH,18.85625137,18.93750012,18.01874886,18.11249886,11516111.9269514
2003-06-23 09:15:00,NSE:HCLTECH,18.29999887,18.33750012,17.81875011,17.94375011,4935191.96869526
2003-06-24 09:15:00,NSE:HCLTECH,17.62500011,17.79375136,17.18750011,17.34375011,9153631.941937
2003-06-25 09:15:00,NSE:HCLTECH,17.31875011,18.02500011,17.31875011,17.85000011,5607471.96443088
2003-06-26 09:15:00,NSE:HCLTECH,18.25000012,18.45000137,17.87500011,18.38750137,6533943.95855411
2003-06-27 09:15:00,NSE:HCLTECH,18.62500012,19.29999887,18.62500012,18.93125012,16814551.89334252
2003-06-30 09:15:00,NSE:HCLTECH,19.12500012,19.53750012,18.12500011,19.30625012,8276887.94749833
2003-07-01 09:15:00,NSE:HCLTECH,19.37500012,19.45000137,18.81250012,19.01874887,5475735.9652665
2003-07-02 09:15:00,NSE:HCLTECH,19.29999887,19.35000012,18.56250012,18.73125137,3450615.97811217
2003-07-03 09:15:00,NSE:HCLTECH,19.00000012,19.31250012,18.01250136,18.33124887,6139607.96105545
2003-07-04 09:15:00,NSE:HCLTECH,18.19375012,18.48749887,18.00000011,18.29375137,3529759.97761015
2003-07-07 09:15:00,NSE:HCLTECH,18.73749887,18.73749887,18.00625011,18.28750012,3117199.98022709
2003-07-08 09:15:00,NSE:HCLTECH,18.75000012,19.56250012,18.40625012,19.35625137,8965191.94313231
2003-07-09 09:15:00,NSE:HCLTECH,19.81250013,20.23749888,19.14374887,19.47500012,11394951.92771994
2003-07-10 09:15:00,NSE:HCLTECH,20.12500013,22.04999889,20.12500013,21.44375014,34007879.78428239
2003-07-11 09:15:00,NSE:HCLTECH,21.24375013,21.31250014,20.62500013,20.78750013,7729223.95097225
2003-07-14 09:15:00,NSE:HCLTECH,21.12500013,21.29375139,20.77500013,20.92499888,4293559.97276524
2003-07-15 09:15:00,NSE:HCLTECH,20.62500013,20.62500013,18.68750012,19.77500013,16605639.89466768
2003-07-16 09:15:00,NSE:HCLTECH,19.90625013,20.70000138,19.75000013,20.16875138,7577863.95193236
2003-07-17 09:15:00,NSE:HCLTECH,20.12500013,20.98749888,19.88750138,20.12500013,10512839.93331532
2003-07-18 09:15:00,NSE:HCLTECH,19.71250013,20.11249888,19.12500012,19.85625138,4620735.97068991
2003-07-21 09:15:00,NSE:HCLTECH,19.78750013,19.97500013,19.25625012,19.35000012,3254831.97935406
2003-07-22 09:15:00,NSE:HCLTECH,18.94375012,19.50000012,18.78125012,19.23749887,4945455.96863016
2003-07-23 09:15:00,NSE:HCLTECH,19.43750012,20.00000013,19.31250012,19.88750138,5169239.96721066
2003-07-24 09:15:00,NSE:HCLTECH,20.25000013,20.92499888,19.94375013,20.61249888,14485575.9081156
2003-07-25 09:15:00,NSE:HCLTECH,20.87500013,21.42499889,20.68750013,21.03125013,8971783.94309049
2003-07-28 09:15:00,NSE:HCLTECH,21.29375139,21.61249889,20.96875013,21.09375013,7840679.95026527
2003-07-29 09:15:00,NSE:HCLTECH,20.90625013,21.04999888,20.38125013,20.90000013,5018551.9681665
2003-07-30 09:15:00,NSE:HCLTECH,20.94375013,21.48749889,20.94375013,21.10625138,5030807.96808875
2003-07-31 09:15:00,NSE:HCLTECH,21.06250013,21.18750013,20.25000013,20.42499888,6284007.9601395
2003-08-01 09:15:00,NSE:HCLTECH,20.63125013,20.99375013,20.32500138,20.90625013,4555823.97110166
2003-08-04 09:15:00,NSE:HCLTECH,21.25625013,22.02500014,20.92499888,21.83124889,15208655.90352898
2003-08-05 09:15:00,NSE:HCLTECH,22.06875014,22.61249889,21.41250014,21.60625139,14610863.90732087
2003-08-06 09:15:00,NSE:HCLTECH,21.31875014,21.67499889,21.14374888,21.33750014,8936055.94331712
2003-08-07 09:15:00,NSE:HCLTECH,21.48749889,21.67499889,20.70000138,21.38125014,9934879.93698141
2003-08-08 09:15:00,NSE:HCLTECH,21.59375014,22.43750014,21.28125013,22.17499889,12432471.92113877
2003-08-11 09:15:00,NSE:HCLTECH,21.75000014,22.36875014,21.58124889,21.71875014,8642551.94517887
2003-08-12 09:15:00,NSE:HCLTECH,21.87500014,21.87500014,20.96250013,21.15000013,5829575.96302204
2003-08-13 09:15:00,NSE:HCLTECH,21.25000013,21.82500139,20.65625013,21.07500138,9079415.94240776
2003-08-14 09:15:00,NSE:HCLTECH,21.10000013,21.18750013,20.38750138,20.54375138,5585655.96456926
2003-08-18 09:15:00,NSE:HCLTECH,20.62500013,21.00000013,20.25000013,20.57500138,4338303.97248142
2003-08-19 09:15:00,NSE:HCLTECH,20.92499888,21.23749888,20.57500138,20.63125013,4373431.9722586
2003-08-20 09:15:00,NSE:HCLTECH,21.00000013,21.87500014,20.86249888,21.49375014,11737231.9255488
2003-08-21 09:15:00,NSE:HCLTECH,21.82500139,22.22500014,21.63750139,21.75625014,7335327.9534708
2003-08-22 09:15:00,NSE:HCLTECH,21.88125014,22.04999889,20.94375013,21.25625013,6597663.95814993
2003-08-25 09:15:00,NSE:HCLTECH,21.37500014,21.68750014,19.66250012,20.27500013,6654319.95779055
2003-08-26 09:15:00,NSE:HCLTECH,20.48749888,21.00000013,20.13750138,20.78125013,9088135.94235245
2003-08-27 09:15:00,NSE:HCLTECH,21.25000013,21.85000014,21.00000013,21.66250014,9048207.94260572
2003-08-28 09:15:00,NSE:HCLTECH,22.00000014,23.7374989,21.93750014,23.4187514,24021279.84762905
2003-08-29 09:15:00,NSE:HCLTECH,24.00000015,24.61249891,22.50000014,23.13125015,20148631.8721939
2003-09-01 09:15:00,NSE:HCLTECH,23.4249989,23.93125015,23.12500015,23.69375015,14472495.90819857
2003-09-02 09:15:00,NSE:HCLTECH,23.75000015,25.09375016,23.62500015,24.81875016,25460631.838499
2003-09-03 09:15:00,NSE:HCLTECH,25.13750141,25.73749891,24.06250015,24.37500015,15663175.90064589
2003-09-04 09:15:00,NSE:HCLTECH,24.65000016,26.59375017,24.65000016,26.16875142,23686391.8497533
2003-09-05 09:15:00,NSE:HCLTECH,27.12500017,27.12500017,25.90625016,26.50000017,17743063.88745281
2003-09-08 09:15:00,NSE:HCLTECH,26.68750017,28.12500018,26.52500017,27.93750018,21985447.86054267
2003-09-09 09:15:00,NSE:HCLTECH,28.54999893,28.58750018,26.62500017,27.01250142,18330959.88372369
2003-09-10 09:15:00,NSE:HCLTECH,27.06250017,27.06250017,25.90000016,26.65625017,13296463.91565833
2003-09-11 09:15:00,NSE:HCLTECH,26.46250017,26.86249892,25.87500016,26.40000017,19354023.87723423
2003-09-12 09:15:00,NSE:HCLTECH,26.62500017,26.85000017,24.25000015,24.85000016,17948303.88615094
2003-09-15 09:15:00,NSE:HCLTECH,24.81250016,24.81250016,20.01874888,20.34375013,62881503.60113223
2003-09-16 09:15:00,NSE:HCLTECH,20.62500013,20.96875013,19.00000012,20.41875138,41195183.73869214
2003-09-17 09:15:00,NSE:HCLTECH,20.50000013,21.87500014,20.50000013,20.83750013,29510623.81280923
2003-09-18 09:15:00,NSE:HCLTECH,21.25000013,21.25000013,19.95624888,20.13125013,14869415.90568084
2003-09-19 09:15:00,NSE:HCLTECH,20.37500013,21.08750013,20.15000013,20.65625013,19753327.87470138
2003-09-22 09:15:00,NSE:HCLTECH,21.11875013,21.22500013,20.03750013,20.13750138,9897495.93721855
2003-09-23 09:15:00,NSE:HCLTECH,20.25000013,20.33750013,19.27500012,19.81250013,19577551.87581635
2003-09-24 09:15:00,NSE:HCLTECH,20.50000013,20.70000138,19.75000013,20.59375013,22517999.8571646
2003-09-25 09:15:00,NSE:HCLTECH,20.35000013,20.49375013,20.00000013,20.11249888,19937455.87353342
2003-09-26 09:15:00,NSE:HCLTECH,20.21875013,21.23749888,20.13750138,21.13125013,20391511.87065327
2003-09-29 09:15:00,NSE:HCLTECH,21.44375014,21.73749889,20.90000013,21.29999889,16054855.89816139
2003-09-30 09:15:00,NSE:HCLTECH,21.67499889,22.02500014,21.34375014,21.56875014,12119735.92312251
2003-10-01 09:15:00,NSE:HCLTECH,21.39374889,22.43750014,21.27500013,22.17499889,17694607.88776018
2003-10-03 09:15:00,NSE:HCLTECH,22.25000014,22.79999889,21.77500014,22.25625014,17709503.88766569
2003-10-06 09:15:00,NSE:HCLTECH,22.33750014,23.33750015,22.33750014,23.18750015,13843439.91218877
2003-10-07 09:15:00,NSE:HCLTECH,23.47500015,23.47500015,22.56250014,22.78125014,12391671.92139758
2003-10-08 09:15:00,NSE:HCLTECH,22.51874889,23.4249989,22.47500014,23.08750015,16576311.89485371
2003-10-09 09:15:00,NSE:HCLTECH,23.36875015,23.87500015,23.2625014,23.5125014,15364903.90253787
2003-10-10 09:15:00,NSE:HCLTECH,24.2625014,25.87500016,23.91250015,24.34375015,17400095.88962831
2003-10-13 09:15:00,NSE:HCLTECH,24.50000016,24.92499891,24.0125014,24.25000015,14824183.90596775
2003-10-14 09:15:00,NSE:HCLTECH,24.31250015,26.03125017,24.09375015,25.40625016,37850679.75990688
2003-10-15 09:15:00,NSE:HCLTECH,25.75000016,25.75000016,24.45624891,25.28750016,15010695.90478467
2003-10-16 09:15:00,NSE:HCLTECH,25.30625016,25.62500016,24.25625015,24.48125141,12749943.919125
2003-10-17 09:15:00,NSE:HCLTECH,24.75000016,25.79999891,24.63125016,25.69375016,20142383.87223353
2003-10-20 09:15:00,NSE:HCLTECH,25.60000016,25.85625141,25.01250141,25.28125016,12007943.92383163
2003-10-21 09:15:00,NSE:HCLTECH,25.26250141,25.62500016,24.37500015,24.77500016,9508135.93968832
2003-10-22 09:15:00,NSE:HCLTECH,25.00000016,25.25000016,24.18750015,24.72500016,10471151.93357975
2003-10-23 09:15:00,NSE:HCLTECH,24.55625016,25.10625141,24.31250015,24.64374891,9269639.94120114
2003-10-24 09:15:00,NSE:HCLTECH,24.73749891,25.37500016,24.0125014,25.26874891,7788223.95059801
2003-10-27 09:15:00,NSE:HCLTECH,25.12500016,25.17499891,23.8875014,24.06250015,3762007.97613696
2003-10-28 09:15:00,NSE:HCLTECH,24.37500015,24.37500015,23.75000015,24.03125015,5839791.96295723
2003-10-29 09:15:00,NSE:HCLTECH,24.4187514,24.68750016,24.27500015,24.46875016,5728407.96366376
2003-10-30 09:15:00,NSE:HCLTECH,24.52500016,26.00000016,24.30625015,25.70624891,23337631.85196554
2003-10-31 09:15:00,NSE:HCLTECH,25.98749891,27.35000017,25.87500016,27.11875017,21903071.8610652
2003-11-03 09:15:00,NSE:HCLTECH,27.47500017,29.75000019,27.47500017,29.40625019,23125631.8533103
2003-11-04 09:15:00,NSE:HCLTECH,29.72500019,31.11249895,29.25625019,29.81875019,20290823.87129195
2003-11-05 09:15:00,NSE:HCLTECH,30.00000019,32.16249895,29.12500018,31.7437502,33940583.78470927
2003-11-06 09:15:00,NSE:HCLTECH,31.5000002,31.7500002,30.66250019,31.5562502,18519191.8825297
2003-11-07 09:15:00,NSE:HCLTECH,31.63750145,32.50000021,30.33124894,30.69375019,13966647.91140724
2003-11-10 09:15:00,NSE:HCLTECH,30.02500019,30.32500144,29.12500018,30.03125019,3806383.97585548
2003-11-11 09:15:00,NSE:HCLTECH,30.00000019,30.68125019,29.62500019,30.14374894,9853855.93749536
2003-11-12 09:15:00,NSE:HCLTECH,30.42499894,31.8500002,30.28125019,31.4750002,17502855.88897649
2003-11-13 09:15:00,NSE:HCLTECH,31.63750145,31.8750002,28.37500018,29.01874893,19996255.87316044
2003-11-14 09:15:00,NSE:HCLTECH,29.17499894,29.85000019,28.63125018,28.85625143,11189055.92902597
2003-11-17 09:15:00,NSE:HCLTECH,29.61875019,29.86249894,28.57500143,29.70000144,7611679.95171786
2003-11-18 09:15:00,NSE:HCLTECH,29.37500019,29.90625019,29.00625018,29.18750019,8269871.94754284
2003-11-19 09:15:00,NSE:HCLTECH,29.12500018,31.1625002,28.77500018,30.8437502,25132855.84057814
2003-11-20 09:15:00,NSE:HCLTECH,30.8437502,31.4125002,29.88750144,30.16875144,14877311.90563075
2003-11-21 09:15:00,NSE:HCLTECH,30.23749894,31.8750002,29.95000144,31.41875145,14319255.90917059
2003-11-24 09:15:00,NSE:HCLTECH,31.9000002,33.87500021,30.8750002,33.09999896,31749359.79860856
2003-11-25 09:15:00,NSE:HCLTECH,33.75000021,34.68750022,33.50000021,33.71875021,23037663.85386829
2003-11-27 09:15:00,NSE:HCLTECH,33.97499897,34.96875022,33.14374896,34.63750147,21075527.86631444
2003-11-28 09:15:00,NSE:HCLTECH,34.49375147,34.67499897,33.43750021,33.66875146,9243167.94136906
2003-12-01 09:15:00,NSE:HCLTECH,34.25000022,36.72499898,33.98749897,36.31874898,17456655.88926955
2003-12-02 09:15:00,NSE:HCLTECH,36.75000023,37.12500024,34.53125022,35.38124897,15246887.90328647
2003-12-03 09:15:00,NSE:HCLTECH,35.96875023,35.96875023,34.65000147,34.98749897,14163719.91015718
2003-12-04 09:15:00,NSE:HCLTECH,35.00000022,35.49375148,34.51874897,34.71250147,14115319.91046419
2003-12-05 09:15:00,NSE:HCLTECH,35.09999897,35.09999897,33.40625021,33.75000021,10065935.9361501
2003-12-08 09:15:00,NSE:HCLTECH,33.87500021,34.12500022,32.58750146,33.84375021,11459319.92731164
2003-12-09 09:15:00,NSE:HCLTECH,34.11249897,34.37500022,33.31250021,33.96875022,11793855.92518962
2003-12-10 09:15:00,NSE:HCLTECH,33.77500146,34.62500022,33.76250146,34.32500147,11192791.92900227
2003-12-11 09:15:00,NSE:HCLTECH,34.62500022,35.28749897,34.17499897,35.01250147,11773119.92532115
2003-12-12 09:15:00,NSE:HCLTECH,35.37500022,35.75000023,34.90625022,35.26250147,12557135.92034801
2003-12-15 09:15:00,NSE:HCLTECH,35.81250023,35.91249898,35.16249897,35.76874898,6316711.95993205
2003-12-16 09:15:00,NSE:HCLTECH,35.74375148,35.74375148,34.69374897,35.26250147,6832631.95665949
2003-12-17 09:15:00,NSE:HCLTECH,35.31250022,35.40000147,34.53125022,34.90000147,8195071.9480173
2003-12-18 09:15:00,NSE:HCLTECH,34.98749897,35.62500023,34.98749897,35.54375148,6040935.96168135
2003-12-19 09:15:00,NSE:HCLTECH,35.91875148,36.25000023,35.03125022,35.23125147,6777607.95700851
2003-12-22 09:15:00,NSE:HCLTECH,35.69374898,36.91875148,35.00000022,36.53125023,19159719.87846673
2003-12-23 09:15:00,NSE:HCLTECH,36.87500023,36.98749898,35.62500023,35.90000148,11098239.92960203
2003-12-24 09:15:00,NSE:HCLTECH,36.18125148,36.50000023,35.39374897,36.10625148,8644023.94516953
2003-12-26 09:15:00,NSE:HCLTECH,36.53749898,36.57500148,35.92499898,36.18750023,5851479.9628831
2003-12-29 09:15:00,NSE:HCLTECH,36.28749898,38.12500024,36.07500148,37.66875149,13281895.91575074
2003-12-30 09:15:00,NSE:HCLTECH,38.75000025,38.75000025,36.38750148,37.16875149,14325823.90912893
2003-12-31 09:15:00,NSE:HCLTECH,37.36875149,38.47499899,36.93750023,38.18125149,14341799.90902759
2004-01-01 09:15:00,NSE:HCLTECH,38.50000024,39.099999,38.39374899,38.893749,9686887.93855447
2004-01-02 09:15:00,NSE:HCLTECH,39.1187515,39.84375025,38.787499,39.193749,11372023.92786537
2004-01-05 09:15:00,NSE:HCLTECH,39.5562515,40.37500026,38.81250025,40.193749,10579511.93289241
2004-01-06 09:15:00,NSE:HCLTECH,40.62500026,40.86249901,37.51874899,37.91875149,13170583.91645681
2004-01-07 09:15:00,NSE:HCLTECH,38.04999899,38.04999899,36.37500023,37.32500149,15789775.89984284
2004-01-08 09:15:00,NSE:HCLTECH,37.74375149,40.62500026,37.62500024,40.24375151,18076447.8853381
2004-01-09 09:15:00,NSE:HCLTECH,42.25000027,42.50000027,39.4500015,40.93750026,15661543.90065624
2004-01-12 09:15:00,NSE:HCLTECH,43.12500027,43.12500027,39.287499,40.96875026,9465039.93996169
2004-01-13 09:15:00,NSE:HCLTECH,41.25000026,41.25000026,39.8875015,40.86875151,7689887.95122177
2004-01-14 09:15:00,NSE:HCLTECH,41.25000026,42.00000027,40.76874901,41.32500151,7282983.95380283
2004-01-15 09:15:00,NSE:HCLTECH,41.48749901,41.48749901,39.5750015,39.9937515,7023103.95545129
2004-01-16 09:15:00,NSE:HCLTECH,39.81250025,40.34999901,37.14374899,38.18125149,7836871.95028943
2004-01-19 09:15:00,NSE:HCLTECH,38.7125015,40.56250026,38.06250024,40.0750015,7785351.95061623
2004-01-20 09:15:00,NSE:HCLTECH,40.40625026,40.86875151,38.38750149,38.7125015,7573151.95196225
2004-01-21 09:15:00,NSE:HCLTECH,39.37500025,40.23749901,37.66249899,38.47499899,11055063.9298759
2004-01-22 09:15:00,NSE:HCLTECH,38.62500025,39.50000025,34.75000022,38.31250024,18734119.88116638
2004-01-23 09:15:00,NSE:HCLTECH,38.37500024,40.68750026,38.03749899,40.44374901,6131535.96110665
2004-01-27 09:15:00,NSE:HCLTECH,40.62500026,40.86875151,39.25000025,40.61249901,7007839.95554811
2004-01-28 09:15:00,NSE:HCLTECH,40.62500026,40.86249901,37.39374899,39.93750025,10090015.93599736
2004-01-29 09:15:00,NSE:HCLTECH,39.50000025,40.58750151,38.38750149,39.456249,11849911.92483405
2004-01-30 09:15:00,NSE:HCLTECH,38.75000025,40.006249,37.50000024,37.93750024,9001591.94290141
2004-02-03 09:15:00,NSE:HCLTECH,38.12500024,38.37500024,36.57500148,37.56874899,10407823.93398145
2004-02-04 09:15:00,NSE:HCLTECH,37.04999899,37.84999899,36.50000023,37.36249899,11982791.92399117
2004-02-05 09:15:00,NSE:HCLTECH,37.37500024,37.87500024,35.12500022,36.13124898,13567855.91393685
2004-02-06 09:15:00,NSE:HCLTECH,36.50000023,36.50000023,34.99375147,35.52500148,6226623.96050349
2004-02-09 09:15:00,NSE:HCLTECH,36.13750148,37.61875149,35.75000023,37.49375149,8182487.94809713
2004-02-10 09:15:00,NSE:HCLTECH,37.85625149,37.85625149,36.00000023,36.70624898,6060399.96155788
2004-02-11 09:15:00,NSE:HCLTECH,37.09999899,38.00000024,36.88750148,37.51250149,7470023.9526164
2004-02-12 09:15:00,NSE:HCLTECH,37.75000024,38.00000024,36.38750148,36.90000148,7167327.95453645
2004-02-13 09:15:00,NSE:HCLTECH,36.75000023,37.75000024,36.45000148,37.67499899,6696863.95752069
2004-02-16 09:15:00,NSE:HCLTECH,37.87500024,38.47499899,37.32500149,37.91249899,13402767.91498403
2004-02-17 09:15:00,NSE:HCLTECH,38.11249899,39.00000025,37.25000024,38.674999,10185927.93538897
2004-02-18 09:15:00,NSE:HCLTECH,39.00000025,39.724999,37.91249899,38.16875149,9021535.94277491
2004-02-19 09:15:00,NSE:HCLTECH,38.37500024,38.37500024,34.87500022,36.15000148,12453815.92100339
2004-02-20 09:15:00,NSE:HCLTECH,36.25000023,37.11249899,35.43750022,36.62500023,9616231.93900265
2004-02-23 09:15:00,NSE:HCLTECH,36.87500023,36.87500023,34.43125147,34.88124897,7495047.95245767
2004-02-24 09:15:00,NSE:HCLTECH,34.38750147,35.04999897,32.1250002,34.31874897,12871471.91835413
2004-02-25 09:15:00,NSE:HCLTECH,34.33750147,35.16249897,33.82500146,34.09999897,8558815.94571002
2004-02-26 09:15:00,NSE:HCLTECH,34.37500022,35.00000022,32.88750146,33.43125146,7943663.94961203
2004-02-27 09:15:00,NSE:HCLTECH,34.21875022,36.81250023,33.75000021,36.13750148,8163151.94821978
2004-03-01 09:15:00,NSE:HCLTECH,36.22499898,36.60625148,35.25000022,36.01250148,8711735.94474002
2004-03-03 09:15:00,NSE:HCLTECH,36.25000023,37.29999899,35.75624898,36.72499898,10692719.93217431
2004-03-04 09:15:00,NSE:HCLTECH,36.43750023,36.50000023,35.54999898,36.00000023,9115767.94217718
2004-03-05 09:15:00,NSE:HCLTECH,36.25000023,36.36249898,35.54999898,36.13124898,6515919.95866844
2004-03-08 09:15:00,NSE:HCLTECH,36.23749898,36.47499898,35.00000022,35.13750147,7021327.95546256
2004-03-09 09:15:00,NSE:HCLTECH,35.03125022,35.03125022,33.75000021,34.81250022,6990407.95565869
2004-03-10 09:15:00,NSE:HCLTECH,34.50000022,34.75000022,34.14374897,34.50000022,6710463.95743442
2004-03-11 09:15:00,NSE:HCLTECH,34.79999897,35.52500148,33.70000146,33.90000147,11856511.92479219
2004-03-12 09:15:00,NSE:HCLTECH,34.12500022,35.09999897,33.26250146,34.70000147,7351263.95336972
2004-03-15 09:15:00,NSE:HCLTECH,35.25000022,36.09999898,33.64374896,33.79375146,6058391.96157062
2004-03-16 09:15:00,NSE:HCLTECH,33.75000021,34.50000022,33.40000146,33.75000021,7790311.95058476
2004-03-17 09:15:00,NSE:HCLTECH,34.08750147,34.24375147,33.03125021,33.39374896,7262919.9539301
2004-03-18 09:15:00,NSE:HCLTECH,33.62500021,33.81250021,32.66249896,32.88750146,6884551.95633015
2004-03-19 09:15:00,NSE:HCLTECH,32.75000021,33.75000021,32.1875002,33.46875021,6355423.9596865
2004-03-22 09:15:00,NSE:HCLTECH,33.37500021,33.38124896,30.40625019,30.8062502,8770095.94436983
2004-03-23 09:15:00,NSE:HCLTECH,30.46250019,30.8750002,29.19375019,30.56875019,9330615.94081436
2004-03-24 09:15:00,NSE:HCLTECH,30.7750002,30.7750002,29.26874894,29.62500019,11806975.9251064
2004-03-25 09:15:00,NSE:HCLTECH,29.98749894,33.75000021,29.75000019,31.95624895,9464959.93996219
2004-03-26 09:15:00,NSE:HCLTECH,32.26250145,33.86249896,32.2500002,33.45000146,8704535.94478569
2004-03-29 09:15:00,NSE:HCLTECH,33.37500021,33.68750021,32.19374895,32.70624896,3018143.98085541
2004-03-30 09:15:00,NSE:HCLTECH,32.88750146,33.11249896,32.20624895,32.46250146,3781463.97601355
2004-03-31 09:15:00,NSE:HCLTECH,32.50000021,32.59999896,30.37500019,30.9625002,10226127.93513398
2004-04-01 09:15:00,NSE:HCLTECH,31.0000002,31.98749895,31.0000002,31.7187502,6173447.9608408
2004-04-02 09:15:00,NSE:HCLTECH,31.9750002,32.0000002,30.79999895,31.67499895,6285063.9601328
2004-04-05 09:15:00,NSE:HCLTECH,32.1250002,33.37500021,31.8375002,33.16249896,5058103.96791561
2004-04-06 09:15:00,NSE:HCLTECH,33.75000021,35.43750022,33.52500146,34.23749897,17381607.88974559
2004-04-07 09:15:00,NSE:HCLTECH,34.50000022,35.18125147,34.31250022,34.81874897,3821895.97575708
2004-04-08 09:15:00,NSE:HCLTECH,34.37500022,35.25000022,34.37500022,34.77500147,3296519.97908963
2004-04-12 09:15:00,NSE:HCLTECH,34.04999897,35.00000022,32.75000021,33.66249896,4065991.97420874
2004-04-13 09:15:00,NSE:HCLTECH,34.43750022,36.25000023,34.31250022,36.00000023,10848191.93118813
2004-04-15 09:15:00,NSE:HCLTECH,35.62500023,37.92499899,34.38750147,36.94374898,10672879.93230016
2004-04-16 09:15:00,NSE:HCLTECH,37.00000023,37.49375149,36.53125023,37.20624899,3507111.97775381
2004-04-19 09:15:00,NSE:HCLTECH,36.37500023,36.91249898,35.03749897,35.59999898,2156207.98632282
2004-04-20 09:15:00,NSE:HCLTECH,35.65625023,36.41249898,35.65625023,35.92499898,2346447.98511609
2004-04-21 09:15:00,NSE:HCLTECH,35.40000147,36.56250023,35.00000022,36.19374898,1979623.98744292
2004-04-22 09:15:00,NSE:HCLTECH,36.50000023,36.75000023,35.50000023,36.46875023,1744303.98893559
2004-04-23 09:15:00,NSE:HCLTECH,36.62500023,38.18750024,36.37500023,37.68750024,6009047.96188362
2004-04-27 09:15:00,NSE:HCLTECH,37.62500024,37.62500024,35.37500022,36.20000148,5817319.96309978
2004-04-28 09:15:00,NSE:HCLTECH,36.18750023,36.36249898,35.02500147,35.22499897,3363119.97866717
2004-04-29 09:15:00,NSE:HCLTECH,35.00000022,35.47499898,34.37500022,34.48125147,4883999.96901998
2004-04-30 09:15:00,NSE:HCLTECH,34.50000022,35.00624897,34.37500022,34.39374897,2677255.98301772
2004-05-03 09:15:00,NSE:HCLTECH,34.13750147,35.12500022,33.83124896,34.90625022,3347559.97876587
2004-05-04 09:15:00,NSE:HCLTECH,35.00000022,35.74375148,34.66249897,35.43750022,4612631.97074131
2004-05-05 09:15:00,NSE:HCLTECH,35.95000148,36.55625148,35.66249898,36.21875023,5754895.96349574
2004-05-06 09:15:00,NSE:HCLTECH,36.26250148,36.87500023,36.26250148,36.61875148,3176791.97984908
2004-05-07 09:15:00,NSE:HCLTECH,35.87500023,36.50000023,35.50000023,35.68125148,3195479.97973054
2004-05-10 09:15:00,NSE:HCLTECH,35.00000022,35.00000022,30.68125019,34.16249897,2773959.98240431
2004-05-11 09:15:00,NSE:HCLTECH,33.87500021,34.37500022,32.50000021,33.47499896,2015039.98721827
2004-05-12 09:15:00,NSE:HCLTECH,33.75000021,35.61249898,33.01250146,34.95000147,4720335.97005813
2004-05-13 09:15:00,NSE:HCLTECH,33.75000021,37.45000149,31.8750002,36.83750148,5391687.96579963
2004-05-14 09:15:00,NSE:HCLTECH,37.25000024,38.31874899,35.00000022,36.71250148,7134039.95474761
2004-05-17 09:15:00,NSE:HCLTECH,36.76250148,36.76250148,31.33124895,35.31250022,4671079.97037057
2004-05-18 09:15:00,NSE:HCLTECH,35.25000022,38.12500024,32.50000021,37.40000149,4076935.97413932
2004-05-19 09:15:00,NSE:HCLTECH,38.11249899,38.50000024,36.69374898,37.10625149,5766695.96342089
2004-05-20 09:15:00,NSE:HCLTECH,37.37500024,38.23125149,36.57500148,37.64374899,5141007.96738974
2004-05-21 09:15:00,NSE:HCLTECH,37.62500024,38.9625015,37.12500024,38.49375149,7324143.95354174
2004-05-24 09:15:00,NSE:HCLTECH,39.90625025,43.62500028,39.37500025,42.63124902,18058959.88544903
2004-05-25 09:15:00,NSE:HCLTECH,43.12500027,43.12500027,40.1375015,41.37500026,20376431.87074892
2004-05-26 09:15:00,NSE:HCLTECH,41.75000026,42.63124902,41.33124901,41.72499901,9133967.94206173
2004-05-27 09:15:00,NSE:HCLTECH,41.84999902,42.28125027,40.1375015,40.58750151,8182255.9480986
2004-05-28 09:15:00,NSE:HCLTECH,40.62500026,41.09999901,36.65625023,37.38750149,9907439.93715547
2004-05-31 09:15:00,NSE:HCLTECH,36.87500023,38.36249899,36.25000023,37.34999899,10360623.93428085
2004-06-01 09:15:00,NSE:HCLTECH,37.91249899,39.4187515,37.91249899,38.26250149,9468151.93994195
2004-06-02 09:15:00,NSE:HCLTECH,38.37500024,38.93750025,38.00000024,38.37500024,4545647.9711662
2004-06-03 09:15:00,NSE:HCLTECH,38.87500025,39.25000025,35.65625023,36.06874898,6121343.9611713
2004-06-04 09:15:00,NSE:HCLTECH,36.00000023,38.09999899,35.50000023,37.72499899,7178287.95446693
2004-06-07 09:15:00,NSE:HCLTECH,38.37500024,39.006249,38.00000024,38.56874899,5343127.96610766
2004-06-08 09:15:00,NSE:HCLTECH,39.25000025,39.37500025,37.57500149,38.19374899,3892583.9753087
2004-06-09 09:15:00,NSE:HCLTECH,38.23749899,38.46875024,37.19374899,37.72499899,7413687.95297375
2004-06-10 09:15:00,NSE:HCLTECH,37.62500024,39.049999,37.38750149,38.87500025,5751439.96351767
2004-06-11 09:15:00,NSE:HCLTECH,39.06250025,39.37500025,37.50000024,37.57500149,7602071.9517788
2004-06-14 09:15:00,NSE:HCLTECH,37.75000024,37.75000024,35.90625023,36.17499898,4822175.96941214
2004-06-15 09:15:00,NSE:HCLTECH,36.23749898,37.31250024,35.95000148,36.79999898,3744543.97624774
2004-06-16 09:15:00,NSE:HCLTECH,37.12500024,37.26874899,36.12500023,36.76874898,6924431.95607718
2004-06-17 09:15:00,NSE:HCLTECH,36.75000023,36.84999898,35.76874898,36.68125148,7968479.94945461
2004-06-18 09:15:00,NSE:HCLTECH,37.00000023,37.23749899,35.65625023,36.41875148,5585303.96457149
2004-06-21 09:15:00,NSE:HCLTECH,36.57500148,37.04999899,35.87500023,36.00624898,3723127.97638358
2004-06-22 09:15:00,NSE:HCLTECH,36.06250023,36.67499898,35.75000023,36.53125023,4744535.96990462
2004-06-23 09:15:00,NSE:HCLTECH,36.75000023,37.68750024,36.00624898,36.67499898,10478255.93353469
2004-06-24 09:15:00,NSE:HCLTECH,36.96875023,38.31250024,36.29375148,37.81250024,6416143.95930134
2004-06-25 09:15:00,NSE:HCLTECH,38.00000024,38.37500024,37.21875024,37.81874899,6895159.95626286
2004-06-28 09:15:00,NSE:HCLTECH,38.12500024,38.737499,37.76874899,38.60625149,7070311.95515184
2004-06-29 09:15:00,NSE:HCLTECH,38.75000025,39.162499,37.81250024,38.50000024,9697887.93848469
2004-06-30 09:15:00,NSE:HCLTECH,38.75000025,38.75000025,37.13750149,37.31250024,5993367.96198308
2004-07-01 09:15:00,NSE:HCLTECH,37.37500024,38.18125149,36.65000148,38.03125024,4805887.96951546
2004-07-02 09:15:00,NSE:HCLTECH,37.51250149,38.48749899,37.00624898,37.75000024,5474751.96527274
2004-07-05 09:15:00,NSE:HCLTECH,37.95000149,38.26250149,37.03125023,37.34999899,4209839.97329629
2004-07-06 09:15:00,NSE:HCLTECH,37.21250149,37.58750149,36.50000023,37.42499899,5361431.96599155
2004-07-07 09:15:00,NSE:HCLTECH,37.50000024,37.67499899,34.32500147,34.95624897,19098191.87885701
2004-07-08 09:15:00,NSE:HCLTECH,35.43750022,36.84375023,34.37500022,36.44374898,18069391.88538286
2004-07-09 09:15:00,NSE:HCLTECH,35.87500023,36.75000023,33.87500021,36.60625148,4864343.96914466
2004-07-12 09:15:00,NSE:HCLTECH,36.62500023,37.49375149,36.50000023,36.80625148,3468351.97799967
2004-07-13 09:15:00,NSE:HCLTECH,37.06250024,37.98749899,37.00000023,37.21875024,6818751.95674753
2004-07-14 09:15:00,NSE:HCLTECH,37.37500024,38.18750024,37.01874898,37.13750149,7960111.94950769
2004-07-15 09:15:00,NSE:HCLTECH,37.18750024,38.05625149,37.04999899,37.92499899,4646607.9705258
2004-07-16 09:15:00,NSE:HCLTECH,38.12500024,38.54999899,37.63124899,38.30625149,6316831.95993129
2004-07-19 09:15:00,NSE:HCLTECH,37.87500024,38.61875149,37.75000024,37.91875149,4741095.96992645
2004-07-20 09:15:00,NSE:HCLTECH,37.61249899,37.98749899,37.03749898,37.28125024,3155607.97998346
2004-07-21 09:15:00,NSE:HCLTECH,37.73749899,38.13750149,37.13124899,37.66875149,4122743.97384875
2004-07-22 09:15:00,NSE:HCLTECH,38.37500024,38.37500024,37.51250149,37.64374899,3671087.97671368
2004-07-23 09:15:00,NSE:HCLTECH,37.73749899,39.0875015,37.73749899,38.26250149,5705063.96381184
2004-07-26 09:15:00,NSE:HCLTECH,38.12500024,39.2000015,37.79375149,39.00000025,7005799.95556105
2004-07-27 09:15:00,NSE:HCLTECH,39.362499,39.924999,37.90000149,38.14374899,9232575.94143624
2004-07-28 09:15:00,NSE:HCLTECH,38.50000024,39.424999,38.00624899,39.2312515,9136687.94204448
2004-07-29 09:15:00,NSE:HCLTECH,39.50000025,39.5875015,38.756249,39.12500025,7518647.95230797
2004-07-30 09:15:00,NSE:HCLTECH,39.50000025,40.00000025,39.25000025,39.50000025,7250943.95400606
2004-08-02 09:15:00,NSE:HCLTECH,39.93750025,39.93750025,38.8875015,39.068749,3115271.98023932
2004-08-03 09:15:00,NSE:HCLTECH,39.0125015,39.487499,38.47499899,38.662499,4510471.97138933
2004-08-04 09:15:00,NSE:HCLTECH,38.12500024,38.862499,38.01874899,38.31874899,2995887.98099659
2004-08-05 09:15:00,NSE:HCLTECH,37.53749899,39.299999,37.53749899,39.1500015,3988759.97469864
2004-08-06 09:15:00,NSE:HCLTECH,38.75000025,39.9187515,38.75000025,39.75000025,9575879.93925861
2004-08-09 09:15:00,NSE:HCLTECH,39.50000025,40.50000026,39.0750015,40.41875151,6373391.95957252
2004-08-10 09:15:00,NSE:HCLTECH,40.62500026,40.93125151,40.2000015,40.61249901,10154823.93558627
2004-08-11 09:15:00,NSE:HCLTECH,40.62500026,41.54999901,40.33124901,40.50000026,8599343.94545294
2004-08-12 09:15:00,NSE:HCLTECH,39.40625025,40.72499901,39.40625025,39.987499,5172071.96719269
2004-08-13 09:15:00,NSE:HCLTECH,39.412499,40.099999,39.37500025,39.599999,3006103.98093179
2004-08-16 09:15:00,NSE:HCLTECH,39.87500025,40.23749901,39.06250025,39.893749,3132271.98013148
2004-08-17 09:15:00,NSE:HCLTECH,40.18750025,40.48125151,39.50000025,39.81250025,4115047.97389757
2004-08-18 09:15:00,NSE:HCLTECH,39.68750025,39.737499,39.1375015,39.256249,2423167.98462945
2004-08-19 09:15:00,NSE:HCLTECH,39.62500025,40.34999901,39.3875015,39.956249,5540183.9648577
2004-08-20 09:15:00,NSE:HCLTECH,39.62500025,40.00000025,39.3250015,39.581249,2026839.98714342
2004-08-23 09:15:00,NSE:HCLTECH,39.2625015,40.25000026,39.2625015,39.5875015,2812215.98216165
2004-08-24 09:15:00,NSE:HCLTECH,39.56250025,40.15625025,39.56250025,40.037499,2111423.98660689
2004-08-25 09:15:00,NSE:HCLTECH,40.37500026,40.75000026,39.412499,39.787499,4310431.97265822
2004-08-26 09:15:00,NSE:HCLTECH,39.75000025,40.98749901,39.75000025,40.74375151,7446775.95276387
2004-08-27 09:15:00,NSE:HCLTECH,40.62500026,41.09375026,39.7937515,39.943749,4846111.96926031
2004-08-30 09:15:00,NSE:HCLTECH,40.06250025,40.31250026,39.56250025,39.7437515,2215855.98594446
2004-08-31 09:15:00,NSE:HCLTECH,39.8250015,40.0875015,39.62500025,39.81250025,1945439.98765975
2004-09-01 09:15:00,NSE:HCLTECH,40.34999901,40.34999901,39.693749,39.849999,1333775.99153964
2004-09-02 09:15:00,NSE:HCLTECH,39.87500025,40.58750151,39.8250015,40.143749,2458295.98440662
2004-09-03 09:15:00,NSE:HCLTECH,40.37500026,40.50000026,40.018749,40.174999,1516647.99037965
2004-09-06 09:15:00,NSE:HCLTECH,40.48125151,41.00000026,40.18750025,40.67499901,2138775.98643339
2004-09-07 09:15:00,NSE:HCLTECH,40.75000026,41.49375151,40.62500026,41.15000151,3907159.97521624
2004-09-08 09:15:00,NSE:HCLTECH,41.25000026,41.75000026,41.18750026,41.46875026,3357663.97870178
2004-09-09 09:15:00,NSE:HCLTECH,41.62500026,41.90625027,40.91249901,41.09375026,2354631.98506418
2004-09-10 09:15:00,NSE:HCLTECH,41.73749901,42.25000027,41.00000026,42.15000152,4588927.97089167
2004-09-13 09:15:00,NSE:HCLTECH,42.84999902,42.84999902,42.25000027,42.40000152,3147847.98003268
2004-09-14 09:15:00,NSE:HCLTECH,42.92499902,43.72499903,42.33124902,43.46875028,5502423.96509722
2004-09-15 09:15:00,NSE:HCLTECH,43.75000028,45.12500029,42.62500027,43.03749902,21726623.86218443
2004-09-16 09:15:00,NSE:HCLTECH,43.12500027,43.93750028,42.63750152,43.83124903,7046471.95530306
2004-09-17 09:15:00,NSE:HCLTECH,44.12500028,44.22499903,43.41249903,44.01874903,5919023.96245465
2004-09-20 09:15:00,NSE:HCLTECH,44.01874903,44.37500028,43.01250152,43.19374902,5301535.96637148
2004-09-21 09:15:00,NSE:HCLTECH,42.75000027,45.12500029,42.75000027,44.86875153,11084319.92969033
2004-09-22 09:15:00,NSE:HCLTECH,44.77500153,45.00000029,44.01250153,44.66875153,3195383.97973115
2004-09-23 09:15:00,NSE:HCLTECH,44.75000028,44.75000028,43.62500028,43.85625153,4114319.97390219
2004-09-24 09:15:00,NSE:HCLTECH,43.13124902,44.43750028,43.13124902,43.62500028,4398343.97210058
2004-09-27 09:15:00,NSE:HCLTECH,43.40625028,43.86249903,42.90000152,43.45624903,2035271.98708993
2004-09-28 09:15:00,NSE:HCLTECH,43.37500028,43.68125153,42.65625027,42.83124902,2418303.9846603
2004-09-29 09:15:00,NSE:HCLTECH,43.12500027,44.00000028,42.65625027,43.71250153,5079647.96777895
2004-09-30 09:15:00,NSE:HCLTECH,43.76250153,44.75000028,43.76250153,44.52500153,4199407.97336246
2004-10-01 09:15:00,NSE:HCLTECH,44.59375028,46.96250155,44.00000028,46.46250154,7443847.95278244
2004-10-04 09:15:00,NSE:HCLTECH,46.8750003,47.18125155,44.37500028,46.28749904,4761767.96979532
2004-10-05 09:15:00,NSE:HCLTECH,46.6875003,46.84999905,46.01250154,46.51874905,3131143.98013864
2004-10-06 09:15:00,NSE:HCLTECH,46.6250003,46.77500155,45.33750154,46.24375154,7862351.9501278
2004-10-07 09:15:00,NSE:HCLTECH,46.24375154,47.1250003,45.96875029,46.91249905,4598207.97083281
2004-10-08 09:15:00,NSE:HCLTECH,47.26250155,49.06250031,46.25000029,48.59999906,10337935.93442476
2004-10-11 09:15:00,NSE:HCLTECH,48.40000156,49.12500031,48.15625031,48.36249906,4799839.96955382
2004-10-12 09:15:00,NSE:HCLTECH,48.09999906,49.37500031,47.8750003,48.77500156,7213567.95424315
2004-10-14 09:15:00,NSE:HCLTECH,49.37500031,50.43750032,48.28125031,49.99375157,6860823.95648066
2004-10-15 09:15:00,NSE:HCLTECH,50.31250032,50.87500032,49.29999906,49.63124906,7511063.95235608
2004-10-18 09:15:00,NSE:HCLTECH,50.00000032,50.00000032,48.70000156,49.03749906,2486191.98422967
2004-10-19 09:15:00,NSE:HCLTECH,48.75000031,49.59999906,48.75000031,49.42499906,2481127.9842618
2004-10-20 09:15:00,NSE:HCLTECH,49.75000032,49.75000032,45.07500154,48.34999906,4182271.97347116
2004-10-21 09:15:00,NSE:HCLTECH,48.50000031,48.50000031,46.51874905,46.86875155,6798175.95687805
2004-10-25 09:15:00,NSE:HCLTECH,46.8750003,46.98749905,45.13750154,45.87500029,6974911.95575698
2004-10-26 09:15:00,NSE:HCLTECH,45.66249904,46.84999905,42.03749902,46.09375029,7601855.95178017
2004-10-27 09:15:00,NSE:HCLTECH,46.00000029,46.61249905,45.62500029,46.18125154,2788695.98231084
2004-10-28 09:15:00,NSE:HCLTECH,46.54999905,47.10625155,45.77500154,46.26874904,10582519.93287333
2004-10-29 09:15:00,NSE:HCLTECH,46.50000029,47.05625155,45.28125029,45.51874904,6553095.95843263
2004-11-01 09:15:00,NSE:HCLTECH,45.62500029,45.62500029,44.37500028,45.10625154,6582223.95824787
2004-11-02 09:15:00,NSE:HCLTECH,45.25000029,45.53125029,44.75624903,45.00624904,7274135.95385895
2004-11-03 09:15:00,NSE:HCLTECH,45.36249904,46.34999904,45.25624904,46.00000029,5237015.96678074
2004-11-04 09:15:00,NSE:HCLTECH,46.8750003,46.8750003,45.70624904,45.91249904,3228599.97952046
2004-11-05 09:15:00,NSE:HCLTECH,45.37500029,46.22499904,45.15625029,45.58124904,4547991.97115134
2004-11-08 09:15:00,NSE:HCLTECH,45.28125029,45.87500029,44.65625028,44.83750153,9140207.94202215
2004-11-09 09:15:00,NSE:HCLTECH,44.97499904,45.36249904,44.50000028,45.16875154,4440399.97183381
2004-11-10 09:15:00,NSE:HCLTECH,45.37500029,45.59999904,45.03125029,45.22499904,1990215.98737573
2004-11-11 09:15:00,NSE:HCLTECH,45.41249904,45.44374904,44.78749903,45.04999904,2469447.98433588
2004-11-12 09:15:00,NSE:HCLTECH,45.36875154,45.36875154,44.75624903,45.05625154,579103.99632665
2004-11-16 09:15:00,NSE:HCLTECH,45.12500029,45.25000029,43.87500028,45.11875154,1610647.98978339
2004-11-17 09:15:00,NSE:HCLTECH,45.00000029,45.11875154,44.16249903,44.54375153,12492943.92075519
2004-11-18 09:15:00,NSE:HCLTECH,45.11875154,45.97499904,44.66249903,45.81250029,5583263.96458443
2004-11-19 09:15:00,NSE:HCLTECH,46.25000029,46.73749905,45.26250154,45.38750154,5601431.96446919
2004-11-22 09:15:00,NSE:HCLTECH,45.36249904,45.36249904,44.37500028,45.19374904,2884951.98170027
2004-11-23 09:15:00,NSE:HCLTECH,45.07500154,46.25000029,45.07500154,45.86875154,4762135.96979298
2004-11-24 09:15:00,NSE:HCLTECH,46.12500029,46.59999905,45.38750154,45.99375154,6065119.96152794
2004-11-25 09:15:00,NSE:HCLTECH,46.63750155,47.22499905,45.66249904,45.98125154,9350295.94068953
2004-11-29 09:15:00,NSE:HCLTECH,45.63750154,46.94374905,45.63750154,46.5937503,4468207.97165742
2004-11-30 09:15:00,NSE:HCLTECH,46.88750155,47.36249905,46.41249904,46.65000155,3552903.97746334
2004-12-01 09:15:00,NSE:HCLTECH,46.86249905,46.8750003,45.81250029,46.6250003,4656775.9704613
2004-12-02 09:15:00,NSE:HCLTECH,46.8750003,47.23749905,46.03749904,46.38750154,5622279.96433695
2004-12-03 09:15:00,NSE:HCLTECH,46.43750029,46.5625003,45.43750029,45.87500029,8291551.94740532
2004-12-06 09:15:00,NSE:HCLTECH,46.21250154,46.21250154,45.26250154,45.83750154,2685903.98296287
2004-12-07 09:15:00,NSE:HCLTECH,46.6250003,46.6250003,45.31250029,45.57500154,1890679.9880071
2004-12-08 09:15:00,NSE:HCLTECH,45.25000029,45.43750029,43.58750153,43.73125153,4044319.97434621
2004-12-09 09:15:00,NSE:HCLTECH,44.00000028,44.08750153,42.68750027,42.95000152,6679151.95763304
2004-12-10 09:15:00,NSE:HCLTECH,43.36249903,43.86249903,43.21250152,43.60625153,4588551.97089406
2004-12-13 09:15:00,NSE:HCLTECH,43.63124903,44.18750028,43.01250152,43.70624903,7063799.95519315
2004-12-14 09:15:00,NSE:HCLTECH,44.12500028,44.12500028,41.78125027,43.66249903,7303175.95367475
2004-12-15 09:15:00,NSE:HCLTECH,42.77500152,44.42499903,42.77500152,44.10625153,8355143.94700194
2004-12-16 09:15:00,NSE:HCLTECH,44.37500028,44.50000028,43.66249903,43.92499903,3424903.97827527
2004-12-17 09:15:00,NSE:HCLTECH,44.08750153,44.48749903,43.88124903,44.35625153,3327103.97889563
2004-12-20 09:15:00,NSE:HCLTECH,44.36249903,45.00000029,43.65625028,44.84375028,4427559.97191526
2004-12-21 09:15:00,NSE:HCLTECH,44.99375154,45.62500029,44.75000028,45.41249904,4223823.97320759
2004-12-22 09:15:00,NSE:HCLTECH,45.62500029,46.04375154,44.48749903,45.24375154,5424175.96559356
2004-12-23 09:15:00,NSE:HCLTECH,45.02500154,45.61249904,44.75000028,45.08750154,2237295.98580846
2004-12-24 09:15:00,NSE:HCLTECH,45.43750029,45.56250029,44.62500028,45.02500154,1539375.99023548
2004-12-27 09:15:00,NSE:HCLTECH,44.86249903,45.25000029,44.45000153,44.67499903,1685959.98930568
2004-12-28 09:15:00,NSE:HCLTECH,44.75000028,45.11249904,44.15000153,44.33124903,2968719.98116892
2004-12-29 09:15:00,NSE:HCLTECH,44.73749903,44.75000028,43.40000153,43.54999903,4902559.96890225
2004-12-30 09:15:00,NSE:HCLTECH,44.37500028,44.37500028,41.63750151,42.00624902,9053111.94257461
2004-12-31 09:15:00,NSE:HCLTECH,43.12500027,43.29999902,42.37500027,42.99375152,2596047.98353284
2005-01-03 09:15:00,NSE:HCLTECH,43.37500028,43.87500028,42.88124902,43.72499903,2597487.9835237
2005-01-04 09:15:00,NSE:HCLTECH,43.75000028,44.00000028,43.16249902,43.41249903,1814079.98849299
2005-01-05 09:15:00,NSE:HCLTECH,43.26250152,43.50000028,40.62500026,41.85625152,1800951.98857626
2005-01-06 09:15:00,NSE:HCLTECH,42.50000027,42.50000027,39.75000025,40.23125151,3705415.97649593
2005-01-07 09:15:00,NSE:HCLTECH,41.22499901,41.22499901,40.18750025,40.79999901,1883799.98805075
2005-01-10 09:15:00,NSE:HCLTECH,41.23749901,41.25000026,38.6375015,39.018749,4306535.97268293
2005-01-11 09:15:00,NSE:HCLTECH,39.1500015,40.73749901,38.68750025,39.12500025,6827703.95669075
2005-01-12 09:15:00,NSE:HCLTECH,40.59999901,40.59999901,38.43750024,38.924999,5181439.96713327
2005-01-13 09:15:00,NSE:HCLTECH,39.1375015,39.862499,39.00000025,39.3687515,2564463.98373318
2005-01-14 09:15:00,NSE:HCLTECH,39.37500025,39.612499,38.00000024,38.24375149,3680679.97665284
2005-01-17 09:15:00,NSE:HCLTECH,38.26250149,38.50000024,36.81250023,37.77500149,4004127.97460115
2005-01-18 09:15:00,NSE:HCLTECH,37.76250149,39.381249,37.76250149,38.893749,9916679.93709686
2005-01-19 09:15:00,NSE:HCLTECH,39.349999,39.71875025,38.40000149,38.68750025,3081655.98045255
2005-01-20 09:15:00,NSE:HCLTECH,37.63750149,39.8687515,37.63750149,39.3875015,5114567.96755745
2005-01-24 09:15:00,NSE:HCLTECH,39.75000025,40.37500026,39.18750025,40.0750015,6289383.9601054
2005-01-25 09:15:00,NSE:HCLTECH,40.0125015,40.72499901,39.143749,40.45000151,5374935.96590589
2005-01-27 09:15:00,NSE:HCLTECH,40.12500025,41.50000026,39.75000025,40.35625151,14987295.9049331
2005-01-28 09:15:00,NSE:HCLTECH,40.62500026,41.36249901,40.45624901,40.89374901,3743023.97625738
2005-01-31 09:15:00,NSE:HCLTECH,41.25000026,41.62500026,40.87500026,41.33124901,1435839.99089223
2005-02-01 09:15:00,NSE:HCLTECH,41.33750151,41.80625152,40.53749901,41.63124901,3243423.97942643
2005-02-02 09:15:00,NSE:HCLTECH,41.86875152,42.73749902,41.62500026,42.26250152,3769599.9760888
2005-02-03 09:15:00,NSE:HCLTECH,42.26250152,43.37500028,41.31250026,42.63124902,2593311.98355019
2005-02-04 09:15:00,NSE:HCLTECH,42.87500027,43.75000028,42.25000027,43.40625028,3780199.97602157
2005-02-07 09:15:00,NSE:HCLTECH,43.75000028,43.92499903,42.37500027,42.53749902,1962295.98755283
2005-02-08 09:15:00,NSE:HCLTECH,42.75000027,43.12500027,42.00000027,42.77500152,3066999.98054551
2005-02-09 09:15:00,NSE:HCLTECH,43.62500028,44.87500028,42.89374902,43.05625152,3260655.97931712
2005-02-10 09:15:00,NSE:HCLTECH,43.26250152,43.31250027,42.58124902,43.18125152,1470839.99067022
2005-02-11 09:15:00,NSE:HCLTECH,43.50000028,44.11875153,43.09375027,43.88750153,4895607.96894635
2005-02-14 09:15:00,NSE:HCLTECH,44.37500028,45.12500029,43.90625028,44.76250153,9155039.94192807
2005-02-15 09:15:00,NSE:HCLTECH,44.62500028,44.86249903,41.52500151,43.86875153,4504703.97142592
2005-02-16 09:15:00,NSE:HCLTECH,44.34999903,44.34999903,43.39374903,43.81250028,4557231.97109272
2005-02-17 09:15:00,NSE:HCLTECH,43.81250028,43.81250028,42.26250152,42.88124902,2435063.98455399
2005-02-18 09:15:00,NSE:HCLTECH,43.47499903,43.75000028,42.70624902,42.95624902,1598215.98986225
2005-02-21 09:15:00,NSE:HCLTECH,42.56250027,42.90625027,42.25624902,42.53125027,1470487.99067245
2005-02-22 09:15:00,NSE:HCLTECH,42.49375152,42.61249902,41.63750151,42.02500152,2656607.9831487
2005-02-23 09:15:00,NSE:HCLTECH,42.25000027,42.25000027,41.41875151,41.64374901,2779047.98237204
2005-02-24 09:15:00,NSE:HCLTECH,41.63750151,41.93125152,40.46875026,40.76874901,3950079.97494399
2005-02-25 09:15:00,NSE:HCLTECH,41.47499901,41.98749902,40.89374901,41.26250151,2315807.98531045
2005-02-28 09:15:00,NSE:HCLTECH,41.50000026,42.50000027,40.50000026,42.33124902,2133919.98646419
2005-03-01 09:15:00,NSE:HCLTECH,42.46250152,42.46250152,41.00624901,41.20624901,904415.99426314
2005-03-02 09:15:00,NSE:HCLTECH,41.25624901,41.68125151,40.75000026,41.56250026,1963351.98754613
2005-03-03 09:15:00,NSE:HCLTECH,41.62500026,42.31250027,41.32500151,42.16875152,1687279.9892973
2005-03-04 09:15:00,NSE:HCLTECH,41.56874901,43.62500028,41.56874901,43.16875152,3815527.97579748
2005-03-07 09:15:00,NSE:HCLTECH,43.50000028,43.93750028,42.63124902,43.74375153,3808719.97584066
2005-03-08 09:15:00,NSE:HCLTECH,43.75000028,44.92499903,43.37500028,44.59999903,8525647.94592041
2005-03-09 09:15:00,NSE:HCLTECH,44.25000028,45.53749904,44.12500028,44.63750153,5517503.96500156
2005-03-10 09:15:00,NSE:HCLTECH,44.75000028,45.62500029,43.88750153,45.40625029,3917943.97514783
2005-03-11 09:15:00,NSE:HCLTECH,45.62500029,45.86249904,44.77500153,45.09999904,4989687.96834958
2005-03-14 09:15:00,NSE:HCLTECH,41.03749901,46.8125003,41.03749901,46.33124904,11467447.92726008
2005-03-15 09:15:00,NSE:HCLTECH,46.51250155,46.8125003,45.62500029,45.83750154,6829551.95667902
2005-03-16 09:15:00,NSE:HCLTECH,45.74375154,46.52500155,45.68750029,45.88124904,3494535.97783358
2005-03-17 09:15:00,NSE:HCLTECH,45.87500029,46.9687503,45.33750154,45.65625029,4802647.96953601
2005-03-18 09:15:00,NSE:HCLTECH,45.75000029,46.61249905,45.08750154,45.65000154,3453127.97809624
2005-03-21 09:15:00,NSE:HCLTECH,45.87500029,46.43750029,44.75624903,44.93125154,6122047.96116684
2005-03-22 09:15:00,NSE:HCLTECH,45.12500029,45.37500029,43.87500028,44.08750153,3097511.98035197
2005-03-23 09:15:00,NSE:HCLTECH,43.87500028,44.48749903,43.25624902,43.53749903,3025375.98080954
2005-03-24 09:15:00,NSE:HCLTECH,46.11249904,46.11249904,42.06874902,43.69374903,1863111.98818197
2005-03-28 09:15:00,NSE:HCLTECH,43.62500028,44.61875153,43.26874902,43.98749903,2476055.98429397
2005-03-29 09:15:00,NSE:HCLTECH,44.12500028,44.37500028,41.76874901,43.03125027,6881359.9563504
2005-03-30 09:15:00,NSE:HCLTECH,43.37500028,44.86875153,43.00000027,44.61249903,8897279.94356308
2005-03-31 09:15:00,NSE:HCLTECH,45.81250029,47.15000155,44.90625028,46.5625003,9022495.94276882
2005-04-01 09:15:00,NSE:HCLTECH,46.37500029,48.30625156,45.89374904,47.94374905,6029519.96175376
2005-04-04 09:15:00,NSE:HCLTECH,48.0000003,48.0000003,46.25000029,47.20000155,6634039.95791919
2005-04-05 09:15:00,NSE:HCLTECH,46.9062503,48.12500031,46.7500003,47.8437503,6411735.9593293
2005-04-06 09:15:00,NSE:HCLTECH,47.7500003,48.25000031,47.01874905,47.49375155,4561023.97106867
2005-04-07 09:15:00,NSE:HCLTECH,47.84999905,49.09375031,46.9375003,47.23125155,8110751.94855216
2005-04-08 09:15:00,NSE:HCLTECH,47.5000003,47.5625003,46.13124904,46.32500154,4138567.97374838
2005-04-11 09:15:00,NSE:HCLTECH,45.25000029,46.50000029,45.25000029,46.10625154,2976983.9811165
2005-04-12 09:15:00,NSE:HCLTECH,46.25000029,46.48749904,45.12500029,46.26874904,2545175.98385553
2005-04-13 09:15:00,NSE:HCLTECH,46.50000029,47.2500003,46.08750154,47.01874905,4130487.97379963
2005-04-15 09:15:00,NSE:HCLTECH,45.56250029,45.75000029,43.75000028,45.09375029,2619799.98338218
2005-04-18 09:15:00,NSE:HCLTECH,44.76250153,45.98749904,42.62500027,44.74375153,3194375.97973755
2005-04-19 09:15:00,NSE:HCLTECH,45.00000029,45.36249904,41.87500027,42.86249902,2215567.98594629
2005-04-20 09:15:00,NSE:HCLTECH,42.87500027,43.38750153,41.63124901,43.05625152,1741815.98895137
2005-04-21 09:15:00,NSE:HCLTECH,43.25000027,44.43750028,42.46875027,43.78125028,1955839.98759378
2005-04-22 09:15:00,NSE:HCLTECH,44.62500028,47.47499905,44.25000028,46.25624904,6768871.95706393
2005-04-25 09:15:00,NSE:HCLTECH,47.4062503,50.87500032,42.77500152,44.83750153,19409735.87688084
2005-04-26 09:15:00,NSE:HCLTECH,44.84999903,44.84999903,43.15000152,43.42499903,6737071.95726564
2005-04-27 09:15:00,NSE:HCLTECH,43.29999902,43.29999902,42.31250027,42.62500027,3579583.97729411
2005-04-28 09:15:00,NSE:HCLTECH,43.12500027,44.11249903,41.88750152,43.31874902,5186239.96710282
2005-04-29 09:15:00,NSE:HCLTECH,43.61249903,43.61249903,41.31250026,41.85625152,2987303.98105104
2005-05-02 09:15:00,NSE:HCLTECH,42.50000027,42.50000027,41.38750151,42.29375152,1172303.99256388
2005-05-03 09:15:00,NSE:HCLTECH,42.75000027,43.03125027,42.00000027,42.53749902,1904799.98791754
2005-05-04 09:15:00,NSE:HCLTECH,42.62500027,42.98125152,42.18750027,42.65000152,1056247.99330004
2005-05-05 09:15:00,NSE:HCLTECH,43.12500027,43.49375153,42.56874902,42.76874902,2361223.98502237
2005-05-06 09:15:00,NSE:HCLTECH,42.75624902,43.75000028,42.25000027,43.40000153,1078631.99315806
2005-05-09 09:15:00,NSE:HCLTECH,43.56250028,44.25000028,43.56250028,44.04999903,2736247.98264353
2005-05-10 09:15:00,NSE:HCLTECH,44.12500028,44.87500028,42.71875027,44.67499903,2167255.98625274
2005-05-11 09:15:00,NSE:HCLTECH,44.37500028,44.49375153,43.12500027,43.35625153,2416879.98466933
2005-05-12 09:15:00,NSE:HCLTECH,43.14374902,44.87500028,43.14374902,44.41875153,1466055.99070056
2005-05-13 09:15:00,NSE:HCLTECH,44.75000028,44.81250028,43.65000153,44.21875028,1200191.99238698
2005-05-16 09:15:00,NSE:HCLTECH,44.50000028,44.65625028,42.75000027,43.46875028,2287959.98548709
2005-05-17 09:15:00,NSE:HCLTECH,45.87500029,45.87500029,42.69374902,42.93750027,1764231.98880918
2005-05-18 09:15:00,NSE:HCLTECH,43.37500028,43.37500028,41.82500152,42.26250152,1990479.98737406
2005-05-19 09:15:00,NSE:HCLTECH,42.50000027,43.71250153,42.40000152,42.68125152,1349519.99143977
2005-05-20 09:15:00,NSE:HCLTECH,42.87500027,43.12500027,42.42499902,42.91875152,1355551.99140151
2005-05-23 09:15:00,NSE:HCLTECH,43.37500028,44.11249903,42.38750152,43.79999903,2149863.98636306
2005-05-24 09:15:00,NSE:HCLTECH,44.37500028,44.50000028,43.75624903,44.17499903,962175.99389676
2005-05-25 09:15:00,NSE:HCLTECH,44.37500028,45.68750029,44.26250153,45.57500154,4262959.97295934
2005-05-26 09:15:00,NSE:HCLTECH,45.57500154,47.3125003,45.25000029,47.01250155,7659743.95141298
2005-05-27 09:15:00,NSE:HCLTECH,47.01250155,47.51250155,45.41249904,45.88124904,4550535.9711352
2005-05-30 09:15:00,NSE:HCLTECH,45.87500029,46.65000155,44.57500153,44.86875153,1271751.99193307
2005-05-31 09:15:00,NSE:HCLTECH,44.87500028,46.8750003,44.37500028,46.03749904,2088535.98675207
2005-06-01 09:15:00,NSE:HCLTECH,46.25000029,46.50000029,44.68750028,45.01874904,2225727.98588184
2005-06-02 09:15:00,NSE:HCLTECH,45.62500029,46.09375029,45.00624904,45.42499904,2002263.98729931
2005-06-03 09:15:00,NSE:HCLTECH,45.51250154,47.0000003,44.81874903,45.76874904,7520375.95229701
2005-06-06 09:15:00,NSE:HCLTECH,46.12500029,46.86249905,45.90000154,46.28749904,2797487.98225507
2005-06-07 09:15:00,NSE:HCLTECH,46.11875154,46.25000029,45.66249904,46.00624904,1163047.99262259
2005-06-08 09:15:00,NSE:HCLTECH,45.87500029,47.15000155,45.62500029,46.73749905,3389583.97849931
2005-06-09 09:15:00,NSE:HCLTECH,46.7500003,47.29999905,46.12500029,46.26874904,1747567.98891489
2005-06-10 09:15:00,NSE:HCLTECH,46.50000029,47.3750003,45.76874904,46.20624904,1379671.99124851
2005-06-13 09:15:00,NSE:HCLTECH,46.59999905,47.09999905,45.68750029,46.59999905,1967007.98752294
2005-06-14 09:15:00,NSE:HCLTECH,46.98749905,47.2500003,46.50624904,47.14374905,1981695.98742977
2005-06-15 09:15:00,NSE:HCLTECH,47.42499905,47.8750003,46.91249905,47.29999905,2829879.9820496
2005-06-16 09:15:00,NSE:HCLTECH,47.54999905,47.54999905,46.25000029,47.25624905,2217175.98593609
2005-06-17 09:15:00,NSE:HCLTECH,47.1562503,47.5000003,46.66249905,47.20624905,1556727.99012542
2005-06-20 09:15:00,NSE:HCLTECH,47.48749905,49.37500031,47.0000003,48.98125156,4784199.96965303
2005-06-21 09:15:00,NSE:HCLTECH,49.12500031,50.13750157,48.75000031,49.75624907,5616735.96437212
2005-06-22 09:15:00,NSE:HCLTECH,49.38124906,50.23749907,48.18750031,49.10625156,5878487.96271178
2005-06-23 09:15:00,NSE:HCLTECH,49.12500031,49.15000156,48.13750156,48.43125156,1136567.99279056
2005-06-24 09:15:00,NSE:HCLTECH,48.37500031,49.96250157,47.5625003,49.40000156,4168255.97356006
2005-06-27 09:15:00,NSE:HCLTECH,49.50000031,49.62500031,48.25000031,48.70624906,1840615.98832467
2005-06-28 09:15:00,NSE:HCLTECH,48.38124906,48.70624906,47.5000003,47.59999905,2183639.98614881
2005-06-29 09:15:00,NSE:HCLTECH,48.37500031,48.53125031,47.5000003,47.63124905,1941863.98768244
2005-06-30 09:15:00,NSE:HCLTECH,47.76250155,49.48749906,47.76250155,48.68750031,4255823.9730046
2005-07-01 09:15:00,NSE:HCLTECH,49.25000031,49.34999906,47.89374905,48.90625031,2376575.98492499
2005-07-04 09:15:00,NSE:HCLTECH,49.36249906,49.62500031,48.56250031,49.02500156,1796535.98860428
2005-07-05 09:15:00,NSE:HCLTECH,49.02500156,49.37500031,47.20000155,47.5625003,1820487.98845234
2005-07-06 09:15:00,NSE:HCLTECH,48.49375156,48.66875156,47.5000003,48.09999906,2386599.9848614
2005-07-07 09:15:00,NSE:HCLTECH,48.50000031,48.50000031,47.5000003,47.6250003,2069335.98687386
2005-07-08 09:15:00,NSE:HCLTECH,47.6875003,48.61875156,46.76250155,48.08750156,1530719.99029039
2005-07-11 09:15:00,NSE:HCLTECH,48.25000031,48.65625031,47.6250003,48.0312503,2086663.98676395
2005-07-12 09:15:00,NSE:HCLTECH,48.0312503,48.68750031,47.3750003,47.90000155,2606303.98346778
2005-07-13 09:15:00,NSE:HCLTECH,48.11875156,48.13124906,46.88750155,47.3125003,1928119.98776962
2005-07-14 09:15:00,NSE:HCLTECH,47.3750003,47.41875155,46.01250154,46.23749904,1303639.9917308
2005-07-15 09:15:00,NSE:HCLTECH,45.63750154,47.3750003,45.63750154,47.0625003,1761351.98882745
2005-07-18 09:15:00,NSE:HCLTECH,47.3750003,48.48749906,46.76250155,48.20624906,2294271.98544705
2005-07-19 09:15:00,NSE:HCLTECH,48.25000031,49.06250031,47.7500003,48.38750156,3474655.97795968
2005-07-20 09:15:00,NSE:HCLTECH,48.62500031,48.98749906,48.25000031,48.71250156,1282231.99186659
2005-07-21 09:15:00,NSE:HCLTECH,48.98749906,49.68750032,46.8750003,49.06874906,5451639.96541935
2005-07-22 09:15:00,NSE:HCLTECH,48.74375156,49.50000031,48.12500031,49.23749906,2793975.98227735
2005-07-25 09:15:00,NSE:HCLTECH,49.37500031,50.00000032,48.50000031,48.76250156,2160111.98629805
2005-07-26 09:15:00,NSE:HCLTECH,48.87500031,50.00000032,48.25000031,49.71250157,2351255.98508559
2005-07-27 09:15:00,NSE:HCLTECH,49.98125157,50.12500032,49.37500031,49.95000157,1323775.99160307
2005-07-29 09:15:00,NSE:HCLTECH,49.75000032,51.68750033,49.00624906,50.45000157,4496759.97147631
2005-08-01 09:15:00,NSE:HCLTECH,50.00000032,50.27500157,49.12500031,50.08124907,1409199.99106121
2005-08-02 09:15:00,NSE:HCLTECH,49.39374906,53.87500034,49.39374906,53.66249909,7997167.94927264
2005-08-03 09:15:00,NSE:HCLTECH,53.14374909,56.25000036,53.14374909,55.7562491,6507199.95872376
2005-08-04 09:15:00,NSE:HCLTECH,56.00000036,56.50000036,54.87500035,56.15625036,7359935.95331471
2005-08-05 09:15:00,NSE:HCLTECH,55.75000035,55.97499911,53.56874909,54.00000034,2952535.98127158
2005-08-08 09:15:00,NSE:HCLTECH,54.12500034,54.37500034,52.63750158,53.76874909,1901807.98793652
2005-08-09 09:15:00,NSE:HCLTECH,53.93750034,54.11875159,52.91249909,53.14374909,1866207.98816233
2005-08-10 09:15:00,NSE:HCLTECH,54.11875159,54.5999991,53.12500034,54.02500159,2899439.98160837
2005-08-11 09:15:00,NSE:HCLTECH,54.5999991,55.00000035,53.33750159,53.84999909,2287911.9854874
2005-08-12 09:15:00,NSE:HCLTECH,54.87500035,55.68750035,53.20000159,53.74375159,2013319.98722918
2005-08-16 09:15:00,NSE:HCLTECH,53.75000034,56.68750036,53.75000034,56.31874911,5095383.96767914
2005-08-17 09:15:00,NSE:HCLTECH,56.25000036,57.23125161,55.62500035,56.38750161,2999367.98097451
2005-08-18 09:15:00,NSE:HCLTECH,56.68750036,56.99375161,54.5875016,54.9874991,1230495.99219476
2005-08-19 09:15:00,NSE:HCLTECH,55.12500035,55.68750035,54.62500035,54.8312491,1083983.99312411
2005-08-22 09:15:00,NSE:HCLTECH,52.50624908,56.19374911,52.50624908,55.9187516,1433263.99090857
2005-08-23 09:15:00,NSE:HCLTECH,56.12500036,62.20624914,54.26250159,54.7937516,5529935.9649227
2005-08-24 09:15:00,NSE:HCLTECH,54.37500034,54.50000035,50.95624907,53.26874909,2017663.98720162
2005-08-25 09:15:00,NSE:HCLTECH,44.12500028,56.25000036,44.12500028,53.57500159,4568599.97102062
2005-08-26 09:15:00,NSE:HCLTECH,46.25000029,55.1124991,46.25000029,54.8250016,3264567.97929231
2005-08-29 09:15:00,NSE:HCLTECH,54.37500034,54.43750035,51.94374908,53.16249909,832863.99471701
2005-08-30 09:15:00,NSE:HCLTECH,53.96250159,56.85625161,53.50000034,56.48125161,5419047.96562608
2005-08-31 09:15:00,NSE:HCLTECH,56.37500036,57.36249911,55.6624991,57.06250036,3205703.97966569
2005-09-01 09:15:00,NSE:HCLTECH,57.31250036,57.75000037,56.39374911,57.15000161,3985919.97471665
2005-09-02 09:15:00,NSE:HCLTECH,57.48749911,57.48749911,55.90625035,56.31250036,1946079.98765569
2005-09-05 09:15:00,NSE:HCLTECH,57.12500036,57.12500036,55.31250035,55.62500035,1091551.99307611
2005-09-06 09:15:00,NSE:HCLTECH,55.65625035,55.98749911,54.7625016,55.09375035,1132495.99281639
2005-09-08 09:15:00,NSE:HCLTECH,55.7437516,55.7437516,53.90000159,55.21875035,1153615.99268242
2005-09-09 09:15:00,NSE:HCLTECH,54.00000034,56.04999911,54.00000034,54.9249991,1278535.99189003
2005-09-12 09:15:00,NSE:HCLTECH,54.37500034,55.8499991,54.37500034,55.6937491,1015351.99355945
2005-09-13 09:15:00,NSE:HCLTECH,55.8499991,56.87500036,55.6375016,56.73749911,2423487.98462742
2005-09-14 09:15:00,NSE:HCLTECH,56.81250036,57.18750036,55.00000035,56.61249911,2581807.98362317
2005-09-15 09:15:00,NSE:HCLTECH,55.0062491,59.00000037,55.0062491,58.31250037,4206343.97331847
2005-09-16 09:15:00,NSE:HCLTECH,57.00000036,58.37500037,56.25000036,57.28125036,6409751.95934188
2005-09-19 09:15:00,NSE:HCLTECH,57.50000036,57.75000037,56.64374911,57.13750161,1540975.99022533
2005-09-20 09:15:00,NSE:HCLTECH,56.88750161,60.48749913,56.69374911,59.75000038,5960783.96218976
2005-09-21 09:15:00,NSE:HCLTECH,59.75000038,60.00000038,56.91249911,58.68125162,3281767.9791832
2005-09-22 09:15:00,NSE:HCLTECH,58.25000037,59.08750162,53.88750159,57.53125036,4456807.97172973
2005-09-23 09:15:00,NSE:HCLTECH,53.88750159,58.23749912,51.50000033,55.8812491,1123799.99287155
2005-09-26 09:15:00,NSE:HCLTECH,56.50000036,58.25000037,54.62500035,58.03125037,966711.99386799
2005-09-27 09:15:00,NSE:HCLTECH,58.37500037,58.61249912,56.93750036,58.03749912,1127591.9928475
2005-09-28 09:15:00,NSE:HCLTECH,57.62500037,58.25000037,56.62500036,57.10625161,2403295.9847555
2005-09-29 09:15:00,NSE:HCLTECH,56.87500036,57.62500037,56.01250161,56.67499911,4973871.96844991
2005-09-30 09:15:00,NSE:HCLTECH,56.68750036,57.48749911,55.28125035,56.90625036,3359951.97868727
2005-10-03 09:15:00,NSE:HCLTECH,56.87500036,58.98749912,56.87500036,58.76874912,3055935.98061569
2005-10-04 09:15:00,NSE:HCLTECH,59.00000037,61.81250039,58.37500037,61.56250039,7057071.95523583
2005-10-05 09:15:00,NSE:HCLTECH,61.23749914,62.5000004,58.75000037,60.57500163,3745215.97624348
2005-10-06 09:15:00,NSE:HCLTECH,60.25000038,60.50000038,56.77500161,57.51874911,9595079.93913682
2005-10-07 09:15:00,NSE:HCLTECH,57.50000036,58.34999912,56.07500161,56.71250161,6678407.95763775
2005-10-10 09:15:00,NSE:HCLTECH,57.25000036,57.97499912,56.75000036,57.48125161,3130623.98014193
2005-10-11 09:15:00,NSE:HCLTECH,57.97499912,59.37500038,57.75000037,58.51250162,5879559.96270498
2005-10-13 09:15:00,NSE:HCLTECH,58.73749912,58.73749912,56.25000036,56.58124911,5144607.9673669
2005-10-14 09:15:00,NSE:HCLTECH,56.58124911,57.75000037,55.7562491,56.27500161,1949519.98763387
2005-10-17 09:15:00,NSE:HCLTECH,56.27500161,57.00000036,54.28749909,55.4874991,2403991.98475108
2005-10-18 09:15:00,NSE:HCLTECH,55.5125016,57.73749912,55.31250035,57.11875161,3545255.97751186
2005-10-19 09:15:00,NSE:HCLTECH,55.31250035,58.20624912,55.25000035,57.46875036,4087359.9740732
2005-10-20 09:15:00,NSE:HCLTECH,57.75000037,59.62500038,56.38750161,57.55625162,4612071.97074487
2005-10-21 09:15:00,NSE:HCLTECH,57.63750162,58.33750162,56.26250161,56.74375161,3669463.97672398
2005-10-24 09:15:00,NSE:HCLTECH,57.00000036,57.62500037,55.43750035,56.36875161,3608887.97710823
2005-10-25 09:15:00,NSE:HCLTECH,55.43750035,59.86249913,54.4437491,59.16875163,8602615.94543218
2005-10-26 09:15:00,NSE:HCLTECH,59.16875163,59.16875163,56.25000036,56.86875161,5793487.96325095
2005-10-27 09:15:00,NSE:HCLTECH,56.87500036,56.87500036,51.51874908,52.60625158,29695967.81163357
2005-10-28 09:15:00,NSE:HCLTECH,52.50000033,54.56250035,50.28125032,52.35625158,7611135.95172131
2005-10-31 09:15:00,NSE:HCLTECH,52.48749908,53.11249909,51.41875158,52.40000158,2331431.98521134
2005-11-01 09:15:00,NSE:HCLTECH,52.87500034,53.98749909,52.43750033,52.76250158,715079.99546413
2005-11-02 09:15:00,NSE:HCLTECH,52.76250158,54.9749991,51.88750158,54.6437491,4507335.97140922
2005-11-07 09:15:00,NSE:HCLTECH,53.11249909,56.12500036,53.11249909,55.3812491,2688647.98294546
2005-11-08 09:15:00,NSE:HCLTECH,55.7125016,58.56250037,55.50000035,57.90625037,5529911.96492285
2005-11-09 09:15:00,NSE:HCLTECH,57.90625037,58.62500037,56.56250036,57.15000161,2277959.98555052
2005-11-10 09:15:00,NSE:HCLTECH,58.63750162,60.84999914,57.53749911,57.86875162,5194031.9670534
2005-11-11 09:15:00,NSE:HCLTECH,58.42499912,60.62500038,57.88750162,59.86249913,6110743.96123854
2005-11-14 09:15:00,NSE:HCLTECH,60.48749913,60.48749913,58.14374912,58.70624912,2402191.9847625
2005-11-16 09:15:00,NSE:HCLTECH,59.30625163,62.3750004,59.30625163,61.98125164,9096047.94230226
2005-11-17 09:15:00,NSE:HCLTECH,62.00000039,62.25000039,60.63750163,61.95624914,3753671.97618984
2005-11-18 09:15:00,NSE:HCLTECH,63.1250004,63.1250004,60.62500038,60.93125164,4382007.9722042
2005-11-21 09:15:00,NSE:HCLTECH,61.12500039,63.1250004,59.43750038,62.41875165,5238199.96677323
2005-11-22 09:15:00,NSE:HCLTECH,61.62500039,62.49375165,60.62500038,61.96875039,5108015.96759901
2005-11-23 09:15:00,NSE:HCLTECH,60.62500038,63.74375165,60.62500038,62.98125165,8820143.94405237
2005-11-24 09:15:00,NSE:HCLTECH,61.37500039,64.62500041,60.15625038,61.03125039,13787503.91254358
2005-11-25 09:15:00,NSE:HCLTECH,61.12500039,64.61875166,61.12500039,63.7500004,6084903.96140245
2005-11-28 09:15:00,NSE:HCLTECH,62.8125004,64.73750291,61.90625039,63.1250004,3606815.97712137
2005-11-29 09:15:00,NSE:HCLTECH,63.00624915,64.61250291,62.40000165,64.19999791,4472695.97162895
2005-11-30 09:15:00,NSE:HCLTECH,64.25000041,64.73124791,63.13124915,63.57500165,4496135.97148027
2005-12-01 09:15:00,NSE:HCLTECH,64.37500041,64.37500041,62.6250004,64.15625041,2688055.98294922
2005-12-02 09:15:00,NSE:HCLTECH,64.37500041,66.12500042,62.63124915,65.75000042,5887111.96265708
2005-12-05 09:15:00,NSE:HCLTECH,65.75000042,66.25000042,64.44999791,65.61250292,2340775.98515207
2005-12-06 09:15:00,NSE:HCLTECH,65.62500042,66.49375167,64.01249791,65.79374792,2949439.98129121
2005-12-07 09:15:00,NSE:HCLTECH,65.87500042,66.50000042,64.76875291,65.75000042,2649711.98319244
2005-12-08 09:15:00,NSE:HCLTECH,65.37500041,66.00000042,64.12500041,65.02500166,1894695.98798163
2005-12-09 09:15:00,NSE:HCLTECH,64.60624791,66.12500042,64.50000041,65.58125292,1299719.99175566
2005-12-12 09:15:00,NSE:HCLTECH,66.12500042,66.87500042,64.87500041,65.90625042,2062431.98691765
2005-12-13 09:15:00,NSE:HCLTECH,66.25624917,67.47499918,65.75624917,67.05625168,3836327.97566554
2005-12-14 09:15:00,NSE:HCLTECH,67.26249793,68.50000043,67.12500043,68.02500168,3943903.97498317
2005-12-15 09:15:00,NSE:HCLTECH,68.00000043,68.93125169,67.12500043,67.72499918,1996391.98733656
2005-12-16 09:15:00,NSE:HCLTECH,67.72499918,68.43750043,65.93750042,67.51875293,4036007.97439893
2005-12-19 09:15:00,NSE:HCLTECH,67.62500043,69.23750294,67.50000043,68.80625169,914927.99419646
2005-12-20 09:15:00,NSE:HCLTECH,69.12500044,69.25000044,66.62500042,67.55000293,3733535.97631756
2005-12-21 09:15:00,NSE:HCLTECH,67.50000043,68.18750043,66.27500167,66.91249917,3651439.97683831
2005-12-22 09:15:00,NSE:HCLTECH,66.87500042,67.50000043,65.64375292,66.83125292,2777383.98238259
2005-12-23 09:15:00,NSE:HCLTECH,67.50000043,68.09375043,65.02500166,65.70625292,1168055.99259083
2005-12-26 09:15:00,NSE:HCLTECH,65.12500041,66.00000042,64.51249791,65.01875291,1275223.99191104
2005-12-27 09:15:00,NSE:HCLTECH,65.25000041,65.59375042,64.42500291,65.26249791,2779511.9823691
2005-12-28 09:15:00,NSE:HCLTECH,65.59375042,66.61875167,64.62500041,65.46875042,39495871.74947116
2005-12-29 09:15:00,NSE:HCLTECH,65.50000042,67.33750168,65.25000041,66.23750292,18627919.88184002
2005-12-30 09:15:00,NSE:HCLTECH,66.50000042,67.72499918,66.37500042,67.38749793,16431943.89576946
2006-01-02 09:15:00,NSE:HCLTECH,67.50000043,68.09375043,66.75000042,67.35624793,2333111.98520069
2006-01-03 09:15:00,NSE:HCLTECH,67.99375168,69.00000044,67.35624793,68.70625294,3297671.97908232
2006-01-04 09:15:00,NSE:HCLTECH,71.25000045,71.62500045,68.51875293,69.03749919,5174775.96717554
2006-01-05 09:15:00,NSE:HCLTECH,69.76249794,71.25000045,68.78749919,70.34375045,4026631.97445841
2006-01-06 09:15:00,NSE:HCLTECH,71.00000045,74.06250047,69.50000044,73.29374796,9418527.94025672
2006-01-09 09:15:00,NSE:HCLTECH,73.71250172,75.46250173,69.75000044,73.23124796,10652711.93242809
2006-01-10 09:15:00,NSE:HCLTECH,73.75000047,73.75000047,71.88749796,72.78125046,3902143.97524806
2006-01-12 09:15:00,NSE:HCLTECH,72.12500046,75.78749923,70.31250045,73.66874797,6068319.96150764
2006-01-13 09:15:00,NSE:HCLTECH,74.09375047,75.00000048,73.50000047,74.26249797,3184543.97979991
2006-01-16 09:15:00,NSE:HCLTECH,74.01249797,74.01249797,72.87500046,73.16249921,1212695.99230767
2006-01-17 09:15:00,NSE:HCLTECH,72.87500046,74.37500047,72.25000046,72.53125046,1347271.99145403
2006-01-18 09:15:00,NSE:HCLTECH,73.12500046,74.41249922,71.05000295,71.97499921,5879631.96270452
2006-01-19 09:15:00,NSE:HCLTECH,72.36250296,75.62500048,72.36250296,73.59999922,6826863.95669607
2006-01-20 09:15:00,NSE:HCLTECH,74.86250297,77.25000049,74.50000047,75.63124923,13281519.91575312
2006-01-23 09:15:00,NSE:HCLTECH,75.00000048,75.49375173,73.12500046,73.38749797,5068031.96785264
2006-01-24 09:15:00,NSE:HCLTECH,73.80000297,75.23124798,73.13124921,74.45625297,4129695.97380466
2006-01-25 09:15:00,NSE:HCLTECH,74.45625297,77.43750049,74.37500047,76.41874798,7995639.94928233
2006-01-27 09:15:00,NSE:HCLTECH,77.40000174,78.737503,76.50000049,78.01875299,5540823.96485364
2006-01-30 09:15:00,NSE:HCLTECH,78.2500005,78.6250005,76.78125049,77.03749924,995671.99368429
2006-01-31 09:15:00,NSE:HCLTECH,77.03749924,78.6250005,76.87500049,78.300003,1718199.98910117
2006-02-01 09:15:00,NSE:HCLTECH,78.2500005,81.17500301,75.78749923,76.21875048,1982887.98742221
2006-02-02 09:15:00,NSE:HCLTECH,76.87500049,76.87500049,74.50000047,75.03125048,2230535.98585134
2006-02-03 09:15:00,NSE:HCLTECH,76.78125049,76.78125049,73.37500047,74.56250047,3108751.98028067
2006-02-06 09:15:00,NSE:HCLTECH,74.75000047,75.75000048,73.81250047,75.00000048,2447391.98447579
2006-02-07 09:15:00,NSE:HCLTECH,76.25000048,76.25000048,74.37500047,76.11250298,1860511.98819847
2006-02-08 09:15:00,NSE:HCLTECH,75.96250173,77.62500049,75.00000048,76.93125174,4062511.97423081
2006-02-10 09:15:00,NSE:HCLTECH,77.59999924,77.87500049,76.87500049,77.46250174,1225087.99222906
2006-02-13 09:15:00,NSE:HCLTECH,77.80625174,80.62500051,77.43750049,78.03749925,1109983.99295919
2006-02-14 09:15:00,NSE:HCLTECH,78.2500005,78.3750005,75.87500048,76.44374923,4675871.97034017
2006-02-15 09:15:00,NSE:HCLTECH,78.36875175,78.36875175,74.37500047,76.05000298,4099423.97399668
2006-02-16 09:15:00,NSE:HCLTECH,77.36250299,77.51249799,75.63124923,76.46250174,1534847.99026421
2006-02-17 09:15:00,NSE:HCLTECH,77.48750299,77.48750299,75.25000048,76.26875298,7231791.95412755
2006-02-20 09:15:00,NSE:HCLTECH,76.00000048,77.00000049,74.50624922,75.34375048,3202711.97968467
2006-02-21 09:15:00,NSE:HCLTECH,75.25000048,76.35624798,75.18750048,76.09375048,1841919.9883164
2006-02-22 09:15:00,NSE:HCLTECH,75.31250048,77.37500049,75.25000048,77.01249799,1263079.99198807
2006-02-23 09:15:00,NSE:HCLTECH,77.12500049,78.1250005,75.79374798,76.60624799,4236919.97312452
2006-02-24 09:15:00,NSE:HCLTECH,76.83750174,76.83750174,75.80000298,76.27500173,863775.99452093
2006-02-27 09:15:00,NSE:HCLTECH,76.73750299,77.62500049,75.87500048,76.75000049,1490335.99054655
2006-02-28 09:15:00,NSE:HCLTECH,77.00000049,77.37500049,74.36250297,76.24375173,2324887.98525285
2006-03-01 09:15:00,NSE:HCLTECH,75.63124923,78.7500005,75.63124923,78.2500005,3053631.98063031
2006-03-02 09:15:00,NSE:HCLTECH,78.5000005,79.362503,76.66874799,77.63124924,1460511.99073573
2006-03-03 09:15:00,NSE:HCLTECH,77.75624924,78.6875005,76.75000049,77.49375174,2588887.98357826
2006-03-06 09:15:00,NSE:HCLTECH,78.5000005,79.612503,77.25000049,79.324998,1640583.9895935
2006-03-07 09:15:00,NSE:HCLTECH,79.81250051,80.62500051,77.25000049,78.112503,5513063.96502972
2006-03-08 09:15:00,NSE:HCLTECH,78.5000005,78.59999925,74.54374797,75.75624923,3546071.97750668
2006-03-09 09:15:00,NSE:HCLTECH,75.96250173,75.96250173,73.46875047,75.10624798,3231335.9795031
2006-03-10 09:15:00,NSE:HCLTECH,75.50000048,76.93750049,75.50000048,76.20625298,1131687.99282152
2006-03-13 09:15:00,NSE:HCLTECH,77.17500299,77.72499924,75.88124923,76.06874923,1737543.98897847
2006-03-14 09:15:00,NSE:HCLTECH,76.25000048,77.48124799,75.62500048,76.16874798,1688935.9892868
2006-03-16 09:15:00,NSE:HCLTECH,77.23124799,77.23124799,75.00000048,75.25000048,2072127.98685615
2006-03-17 09:15:00,NSE:HCLTECH,75.62500048,75.99375173,75.18750048,75.63124923,1342815.9914823
2006-03-20 09:15:00,NSE:HCLTECH,76.23750298,78.36875175,75.65625048,78.21250175,3514183.97770895
2006-03-21 09:15:00,NSE:HCLTECH,78.11875175,79.0000005,76.75000049,77.43750049,1778479.98871881
2006-03-22 09:15:00,NSE:HCLTECH,77.01249799,77.78125049,76.01249798,76.82499799,2427951.9845991
2006-03-23 09:15:00,NSE:HCLTECH,77.40625049,77.78125049,75.28125048,75.90000173,1552015.99015531
2006-03-24 09:15:00,NSE:HCLTECH,76.50000049,79.3750005,76.25000048,77.15000174,2930687.98141016
2006-03-27 09:15:00,NSE:HCLTECH,78.112503,78.362503,75.38124923,75.72499923,1569607.99004372
2006-03-28 09:15:00,NSE:HCLTECH,75.87500048,77.30000299,75.87500048,76.23750298,1799927.98858276
2006-03-29 09:15:00,NSE:HCLTECH,76.50000049,78.1250005,76.37500048,77.71250174,3408695.97837808
2006-03-30 09:15:00,NSE:HCLTECH,78.1250005,88.50000056,78.1250005,83.40625053,5716391.96373998
2006-03-31 09:15:00,NSE:HCLTECH,78.75624925,82.37500052,78.75624925,81.77500177,5741743.96357917
2006-04-03 09:15:00,NSE:HCLTECH,82.37500052,84.27500178,79.5000005,82.76875303,2934055.9813888
2006-04-04 09:15:00,NSE:HCLTECH,81.87500052,84.36250304,81.13749801,81.60624802,1965591.98753193
2006-04-05 09:15:00,NSE:HCLTECH,81.84375052,82.00000052,79.76875301,80.09375051,2913863.98151688
2006-04-07 09:15:00,NSE:HCLTECH,80.62500051,85.00000054,76.50000049,77.14375299,6211071.96060214
2006-04-10 09:15:00,NSE:HCLTECH,78.606248,78.606248,74.81874922,75.49375173,9039055.94266377
2006-04-12 09:15:00,NSE:HCLTECH,75.62500048,76.62500049,73.25000046,73.88749797,6357023.95967635
2006-04-13 09:15:00,NSE:HCLTECH,73.75000047,74.62500047,68.75000044,73.21875046,4383383.97219547
2006-04-17 09:15:00,NSE:HCLTECH,74.62500047,81.50000052,74.62500047,79.1875005,9521607.93960287
2006-04-18 09:15:00,NSE:HCLTECH,80.60624801,82.11250302,79.75000051,81.34375052,5999439.96194456
2006-04-19 09:15:00,NSE:HCLTECH,82.50000052,84.21250178,74.26249797,75.35624798,14077943.91070127
2006-04-20 09:15:00,NSE:HCLTECH,76.00000048,77.37500049,75.75000048,76.69374924,13676239.91324935
2006-04-21 09:15:00,NSE:HCLTECH,77.47499924,78.74375175,76.68125174,77.41874799,9641567.93884194
2006-04-24 09:15:00,NSE:HCLTECH,77.49375174,78.02500174,75.62500048,77.03125049,5303631.96635819
2006-04-25 09:15:00,NSE:HCLTECH,77.37500049,77.37500049,73.50000047,74.29374797,5797519.96322537
2006-04-26 09:15:00,NSE:HCLTECH,74.99375173,74.99375173,72.50624921,74.25624922,6962839.95583356
2006-04-27 09:15:00,NSE:HCLTECH,74.37500047,76.17500298,70.6312492,71.97499921,7399935.95306098
2006-04-28 09:15:00,NSE:HCLTECH,71.25000045,73.00000046,68.75000044,72.02500171,3484999.97789407
2006-05-02 09:15:00,NSE:HCLTECH,71.88124921,72.48750296,70.12500044,71.2750017,6284295.96013767
2006-05-03 09:15:00,NSE:HCLTECH,72.37500046,73.08125296,70.62500045,72.48750296,7781543.95064038
2006-05-04 09:15:00,NSE:HCLTECH,73.75000047,74.00000047,72.12500046,73.75000047,2499263.98414676
2006-05-05 09:15:00,NSE:HCLTECH,73.76249797,74.93750048,70.62500045,73.16249921,1819863.9884563
2006-05-08 09:15:00,NSE:HCLTECH,73.25000046,74.47499922,72.69374921,74.00000047,2479175.98427418
2006-05-09 09:15:00,NSE:HCLTECH,74.12500047,74.38749797,73.03125046,73.94374922,2815231.98214252
2006-05-10 09:15:00,NSE:HCLTECH,74.38749797,75.62500048,73.88124922,75.21875048,4418847.97197052
2006-05-11 09:15:00,NSE:HCLTECH,75.62500048,75.62500048,70.75000045,71.81250046,5351959.96605163
2006-05-12 09:15:00,NSE:HCLTECH,71.87500046,72.62500046,70.62500045,71.84375046,6693199.95754393
2006-05-15 09:15:00,NSE:HCLTECH,72.25000046,72.25000046,66.90000167,68.97499919,3756023.97617492
2006-05-16 09:15:00,NSE:HCLTECH,69.87500044,69.87500044,66.62500042,67.86875168,4156015.9736377
2006-05-17 09:15:00,NSE:HCLTECH,68.10624793,69.35624794,67.50000043,68.47499918,8248519.94767827
2006-05-18 09:15:00,NSE:HCLTECH,68.20625293,68.20625293,64.82499791,65.98124792,5141823.96738456
2006-05-19 09:15:00,NSE:HCLTECH,66.87500042,67.36250293,59.75000038,62.70624915,2749023.98256249
2006-05-22 09:15:00,NSE:HCLTECH,64.27500166,64.37500041,59.00000037,61.39374914,3482807.97790797
2006-05-23 09:15:00,NSE:HCLTECH,62.5000004,68.00000043,55.1375016,65.30625166,6267823.96024216
2006-05-24 09:15:00,NSE:HCLTECH,65.30625166,68.25000043,54.4562491,64.55000291,3981543.97474441
2006-05-25 09:15:00,NSE:HCLTECH,62.51250165,64.93750041,60.00000038,63.86875166,5203911.96699073
2006-05-26 09:15:00,NSE:HCLTECH,62.5000004,65.43125167,62.5000004,63.54999915,2632175.98330367
2006-05-29 09:15:00,NSE:HCLTECH,64.85624791,65.60624792,63.0000004,63.79375165,1752399.98888424
2006-05-30 09:15:00,NSE:HCLTECH,63.3750004,66.37500042,62.6875004,65.41874791,3571575.9773449
2006-05-31 09:15:00,NSE:HCLTECH,63.93750041,64.50000041,60.12500038,63.02500165,3324167.97891425
2006-06-01 09:15:00,NSE:HCLTECH,63.5000004,64.00000041,60.63750163,62.68125165,5178575.96715144
2006-06-02 09:15:00,NSE:HCLTECH,62.3750004,64.36250291,61.24375164,63.58750165,2729591.98268575
2006-06-05 09:15:00,NSE:HCLTECH,63.5000004,64.37500041,60.87500039,61.65000164,2923559.98145538
2006-06-06 09:15:00,NSE:HCLTECH,60.87500039,61.23749914,56.87500036,58.08124912,5665407.96406338
2006-06-07 09:15:00,NSE:HCLTECH,57.37500036,58.12500037,53.75000034,55.43750035,7655647.95143896
2006-06-08 09:15:00,NSE:HCLTECH,55.00000035,55.00000035,44.78749903,51.50624908,7788663.95059522
2006-06-09 09:15:00,NSE:HCLTECH,51.38750158,56.00000036,51.00000032,55.5125016,3065031.980558
2006-06-12 09:15:00,NSE:HCLTECH,56.00000036,56.75000036,52.75000033,54.16875159,2724647.98271711
2006-06-13 09:15:00,NSE:HCLTECH,52.75000033,55.00000035,47.5000003,51.93125158,2077207.98682393
2006-06-14 09:15:00,NSE:HCLTECH,51.75000033,55.65625035,49.75000032,50.84999907,4838239.96931024
2006-06-15 09:15:00,NSE:HCLTECH,54.75000035,54.75000035,50.70000157,53.41249909,3261255.97931331
2006-06-16 09:15:00,NSE:HCLTECH,54.37500034,55.62500035,52.51874908,54.6062516,7919487.94976538
2006-06-19 09:15:00,NSE:HCLTECH,55.00000035,55.00000035,52.50000033,54.20000159,3163927.97993068
2006-06-20 09:15:00,NSE:HCLTECH,53.75624909,55.50000035,51.50000033,54.4749991,2122247.98653823
2006-06-21 09:15:00,NSE:HCLTECH,53.74375159,60.62500038,53.13124909,59.26874913,5331623.96618063
2006-06-22 09:15:00,NSE:HCLTECH,60.00000038,60.00000038,56.63750161,58.50000037,6948199.95592642
2006-06-23 09:15:00,NSE:HCLTECH,57.75000037,60.00000038,57.08750161,59.42499913,3897839.97527536
2006-06-26 09:15:00,NSE:HCLTECH,57.75000037,59.23749913,57.68750037,58.66875162,4364727.97231381
2006-06-27 09:15:00,NSE:HCLTECH,57.68750037,60.01250163,56.05625161,59.30625163,3175199.97985918
2006-06-28 09:15:00,NSE:HCLTECH,56.25000036,60.06250038,56.25000036,59.23749913,1485631.99057639
2006-06-29 09:15:00,NSE:HCLTECH,60.00000038,62.25000039,59.62500038,61.58750164,5860343.96282687
2006-06-30 09:15:00,NSE:HCLTECH,62.25000039,63.66875165,62.00000039,63.08124915,1347871.99145023
2006-07-03 09:15:00,NSE:HCLTECH,63.14374915,64.34999916,61.25000039,63.57500165,1607831.98980126
2006-07-04 09:15:00,NSE:HCLTECH,64.06250041,64.06250041,61.52500164,61.80625164,979015.99378994
2006-07-05 09:15:00,NSE:HCLTECH,63.1250004,63.7500004,60.57500163,63.48749915,2336767.98517749
2006-07-06 09:15:00,NSE:HCLTECH,63.0000004,63.7500004,61.50000039,63.11875165,2993071.98101445
2006-07-07 09:15:00,NSE:HCLTECH,64.37500041,68.12500043,59.75000038,61.05625164,9143151.94200348
2006-07-10 09:15:00,NSE:HCLTECH,61.50000039,65.21250166,60.03749913,64.77500166,5030719.96808931
2006-07-11 09:15:00,NSE:HCLTECH,65.21250166,65.47499917,63.01874915,63.74375165,3078375.98047335
2006-07-12 09:15:00,NSE:HCLTECH,63.7500004,70.6187517,62.5000004,69.40625044,8899231.9435507
2006-07-13 09:15:00,NSE:HCLTECH,69.25000044,69.75000044,66.88124917,67.79374793,6325607.95987562
2006-07-14 09:15:00,NSE:HCLTECH,67.25000043,70.6312492,66.25000042,69.68750044,8303855.94732727
2006-07-17 09:15:00,NSE:HCLTECH,69.81250044,69.81250044,68.00624918,68.65000169,3447695.97813069
2006-07-18 09:15:00,NSE:HCLTECH,69.81250044,77.12500049,66.12500042,68.42500293,2997503.98098634
2006-07-19 09:15:00,NSE:HCLTECH,68.98750294,69.98750294,65.37500041,67.56874918,3667655.97673545
2006-07-20 09:15:00,NSE:HCLTECH,69.75000044,69.75000044,67.62500043,68.90625044,5223535.96686625
2006-07-21 09:15:00,NSE:HCLTECH,68.37500043,68.68750044,63.1250004,64.31250041,6967255.95580554
2006-07-24 09:15:00,NSE:HCLTECH,62.6250004,64.75000041,61.43750039,64.13749791,6493063.95881342
2006-07-25 09:15:00,NSE:HCLTECH,64.88124916,67.06250043,64.88124916,66.48750292,2549295.98382939
2006-07-26 09:15:00,NSE:HCLTECH,66.62500042,68.36250293,65.14375291,67.89375293,3618431.97704769
2006-07-27 09:15:00,NSE:HCLTECH,67.89375293,70.00000044,66.87500042,67.34375043,5298895.96638823
2006-07-28 09:15:00,NSE:HCLTECH,67.78125043,68.12500043,65.03125041,66.07499792,1564551.99007579
2006-07-31 09:15:00,NSE:HCLTECH,66.87500042,67.43750043,64.40000166,64.98124791,1125015.99286384
2006-08-01 09:15:00,NSE:HCLTECH,64.75000041,65.48124792,63.6250004,64.51249791,1422599.99097621
2006-08-02 09:15:00,NSE:HCLTECH,64.51249791,67.25000043,63.2500004,66.98124792,1745455.98892828
2006-08-03 09:15:00,NSE:HCLTECH,67.25000043,68.12500043,66.25624917,67.86250293,2490399.98420298
2006-08-04 09:15:00,NSE:HCLTECH,68.11875168,69.05625169,67.50000043,68.59999919,2381919.98489109
2006-08-07 09:15:00,NSE:HCLTECH,67.53125043,68.74375169,67.25000043,68.15000168,2552463.9838093
2006-08-08 09:15:00,NSE:HCLTECH,68.24375168,69.12500044,67.90625043,68.84375044,886927.99437407
2006-08-09 09:15:00,NSE:HCLTECH,68.62500044,70.73750295,68.37500043,70.33125295,1378271.99125739
2006-08-10 09:15:00,NSE:HCLTECH,70.46875045,73.50000047,70.46875045,73.13749796,2888023.98168079
2006-08-11 09:15:00,NSE:HCLTECH,73.25624921,74.87500047,71.87500046,73.13749796,3396959.97845252
2006-08-14 09:15:00,NSE:HCLTECH,73.37500047,74.25000047,73.37500047,73.75000047,1996551.98733554
2006-08-16 09:15:00,NSE:HCLTECH,74.37500047,75.23750298,71.90625046,72.71250171,3177327.97984568
2006-08-17 09:15:00,NSE:HCLTECH,74.09375047,74.23750297,72.26249796,73.76249797,2192663.98609157
2006-08-18 09:15:00,NSE:HCLTECH,74.23750297,74.87500047,70.63749795,71.83750171,6547679.95846698
2006-08-21 09:15:00,NSE:HCLTECH,75.53749923,75.53749923,72.65625046,73.01249796,3660127.9767832
2006-08-22 09:15:00,NSE:HCLTECH,74.32499797,74.98124798,72.00000046,72.49375171,3090439.98039683
2006-08-23 09:15:00,NSE:HCLTECH,72.50000046,73.59999922,70.19999795,70.76875295,1551695.99015734
2006-08-24 09:15:00,NSE:HCLTECH,70.00000044,72.46250171,66.00000042,71.51875295,3422895.97828801
2006-08-25 09:15:00,NSE:HCLTECH,71.5250017,72.37500046,70.87500045,71.83125296,1905727.98791165
2006-08-28 09:15:00,NSE:HCLTECH,71.94999796,72.37500046,69.67500294,72.03749921,1947575.9876462
2006-08-29 09:15:00,NSE:HCLTECH,72.37500046,73.06250046,71.76249796,72.57499796,1741847.98895117
2006-08-30 09:15:00,NSE:HCLTECH,73.00000046,73.12500046,71.92500296,72.35624796,1144271.99274169
2006-08-31 09:15:00,NSE:HCLTECH,72.51249796,73.12500046,71.12500045,72.69999796,4248487.97305114
2006-09-01 09:15:00,NSE:HCLTECH,72.65625046,72.93125171,71.87500046,72.41874796,508631.99677366
2006-09-04 09:15:00,NSE:HCLTECH,72.50000046,73.62500047,72.37500046,73.24375171,2637663.98326886
2006-09-05 09:15:00,NSE:HCLTECH,73.62500047,73.62500047,72.86250296,73.04374796,1553287.99014724
2006-09-06 09:15:00,NSE:HCLTECH,73.12500046,73.24375171,71.90625046,72.28125046,1360543.99136984
2006-09-07 09:15:00,NSE:HCLTECH,71.62500045,72.12500046,69.93750044,70.90625045,3170559.97988861
2006-09-08 09:15:00,NSE:HCLTECH,71.86250296,71.86250296,69.76875294,70.36250295,1631535.9896509
2006-09-11 09:15:00,NSE:HCLTECH,71.23750295,72.75000046,67.62500043,68.95625294,4549679.97114063
2006-09-12 09:15:00,NSE:HCLTECH,69.19999794,71.50000045,68.75624919,71.06250045,1682935.98932486
2006-09-13 09:15:00,NSE:HCLTECH,71.26249795,72.48750296,70.15625045,70.84375045,2431911.98457398
2006-09-14 09:15:00,NSE:HCLTECH,72.48124796,72.48124796,69.37500044,70.35624795,3832039.97569274
2006-09-15 09:15:00,NSE:HCLTECH,70.9312517,71.10624795,69.87500044,70.6312492,4203135.97333881
2006-09-18 09:15:00,NSE:HCLTECH,71.00000045,71.10624795,70.00624919,70.19999795,2730855.98267773
2006-09-19 09:15:00,NSE:HCLTECH,70.00000044,70.25000045,68.92500294,69.50624919,3785559.97598757
2006-09-20 09:15:00,NSE:HCLTECH,69.55000294,70.12500044,68.19999793,69.41249919,7491655.95247919
2006-09-21 09:15:00,NSE:HCLTECH,70.00000044,70.87500045,69.52500169,69.94374919,1498391.99049545
2006-09-22 09:15:00,NSE:HCLTECH,69.52500169,70.62500045,69.07499794,69.80625169,2987223.98105154
2006-09-25 09:15:00,NSE:HCLTECH,71.12500045,80.13749801,68.75000044,69.48750294,1897151.98796605
2006-09-26 09:15:00,NSE:HCLTECH,70.62500045,70.62500045,68.63124919,69.67500294,4389423.97215716
2006-09-27 09:15:00,NSE:HCLTECH,70.00000044,70.98750295,68.13749793,69.38124919,2756559.98251468
2006-09-28 09:15:00,NSE:HCLTECH,69.42500294,69.86250294,57.61875162,68.63124919,1738599.98897177
2006-09-29 09:15:00,NSE:HCLTECH,68.90000169,69.28125044,68.75000044,68.77500169,1001391.99364801
2006-10-03 09:15:00,NSE:HCLTECH,69.00000044,69.50000044,68.74375169,69.16249919,1665383.98943619
2006-10-04 09:15:00,NSE:HCLTECH,69.37500044,69.61875169,68.62500044,68.89375294,4048607.97431901
2006-10-05 09:15:00,NSE:HCLTECH,69.30625169,70.61250295,68.39375293,68.83125294,3349087.97875618
2006-10-06 09:15:00,NSE:HCLTECH,69.30000294,69.49375169,68.25000043,69.00000044,5229319.96682956
2006-10-09 09:15:00,NSE:HCLTECH,69.25000044,69.25000044,68.32499793,68.74375169,2058151.9869448
2006-10-10 09:15:00,NSE:HCLTECH,69.18750044,69.91249919,68.76249794,68.91874794,1165007.99261016
2006-10-11 09:15:00,NSE:HCLTECH,69.34999919,71.62500045,69.25624919,69.61250294,3763655.97612651
2006-10-12 09:15:00,NSE:HCLTECH,69.61250294,72.96250171,69.51249794,72.75000046,2945847.981314
2006-10-13 09:15:00,NSE:HCLTECH,73.12500046,74.37500047,72.12500046,73.20625296,7294807.95372783
2006-10-16 09:15:00,NSE:HCLTECH,73.75000047,73.75000047,72.50000046,73.08750171,4489015.97152543
2006-10-17 09:15:00,NSE:HCLTECH,75.00000048,76.37500048,74.37500047,75.84999923,7699303.95116204
2006-10-18 09:15:00,NSE:HCLTECH,75.84999923,76.87500049,75.26249798,76.01875298,6240455.96041576
2006-10-19 09:15:00,NSE:HCLTECH,76.06250048,76.61875174,74.87500047,75.13749798,2840527.98198206
2006-10-20 09:15:00,NSE:HCLTECH,75.13749798,76.12500048,74.18750047,74.88124922,3320967.97893455
2006-10-23 09:15:00,NSE:HCLTECH,74.50000047,77.50000049,73.13124921,76.42500298,4900799.96891342
2006-10-26 09:15:00,NSE:HCLTECH,76.50000049,78.112503,75.56874923,77.21875049,6817487.95675555
2006-10-27 09:15:00,NSE:HCLTECH,77.37500049,80.25000051,77.00624924,79.387498,6880215.95635765
2006-10-30 09:15:00,NSE:HCLTECH,77.55000299,80.12500051,77.55000299,79.78125051,4753495.96984779
2006-10-31 09:15:00,NSE:HCLTECH,79.3750005,79.99375176,77.12500049,77.79374799,3256135.97934579
2006-11-02 09:15:00,NSE:HCLTECH,76.87500049,77.72499924,76.05000298,77.00624924,1224631.99223196
2006-11-03 09:15:00,NSE:HCLTECH,77.12500049,77.50000049,74.62500047,75.43750048,3431751.97823183
2006-11-06 09:15:00,NSE:HCLTECH,75.62500048,76.59999924,75.31250048,76.39375298,1999031.98731981
2006-11-07 09:15:00,NSE:HCLTECH,76.62500049,77.30000299,74.75000047,75.05000298,2242247.98577705
2006-11-08 09:15:00,NSE:HCLTECH,72.50000046,76.25000048,64.67500291,75.40000173,2704447.98284524
2006-11-09 09:15:00,NSE:HCLTECH,75.40000173,76.25000048,74.38749797,75.21250173,896983.99431028
2006-11-10 09:15:00,NSE:HCLTECH,75.21250173,78.300003,74.50624922,77.89375299,3533823.97758437
2006-11-13 09:15:00,NSE:HCLTECH,78.3750005,79.2500005,77.87500049,78.28749925,1969767.98750544
2006-11-14 09:15:00,NSE:HCLTECH,78.1250005,79.80000301,77.50000049,78.737503,2294023.98544863
2006-11-15 09:15:00,NSE:HCLTECH,79.80000301,79.98124801,78.387498,78.71250175,2348391.98510376
2006-11-16 09:15:00,NSE:HCLTECH,78.981248,78.981248,78.981248,78.981248,3688303.97660448
2006-11-17 09:15:00,NSE:HCLTECH,79.33750175,79.512498,77.50000049,77.76875299,3728719.97634811
2006-11-20 09:15:00,NSE:HCLTECH,77.37500049,79.387498,76.37500048,78.6562505,2473359.98431107
2006-11-21 09:15:00,NSE:HCLTECH,78.7500005,81.22499927,78.0937505,80.26875301,2174599.98620615
2006-11-22 09:15:00,NSE:HCLTECH,81.12500051,81.87500052,80.37500051,80.69999801,3068895.98053349
2006-11-23 09:15:00,NSE:HCLTECH,80.63749801,81.37500052,78.3750005,78.6875005,2947615.98130278
2006-11-24 09:15:00,NSE:HCLTECH,78.6250005,79.66874801,78.1250005,78.78749925,1528599.99030384
2006-11-27 09:15:00,NSE:HCLTECH,78.8750005,80.73750301,78.15000175,80.38124926,1280383.99187831
2006-11-28 09:15:00,NSE:HCLTECH,78.7500005,79.87500051,74.86250297,77.47499924,3181151.97982143
2006-11-29 09:15:00,NSE:HCLTECH,77.62500049,78.74375175,77.12500049,78.30625175,1397103.99113794
2006-11-30 09:15:00,NSE:HCLTECH,78.699998,80.75000051,76.75000049,78.8125005,4702399.9701719
2006-12-01 09:15:00,NSE:HCLTECH,79.59999925,80.36250301,78.5000005,79.05625175,0.0
2006-12-04 09:15:00,NSE:HCLTECH,79.2500005,79.2500005,77.47499924,77.71250174,2189295.98611293
2006-12-05 09:15:00,NSE:HCLTECH,78.1250005,79.98750301,77.88124924,79.3750005,6166063.96088764
2006-12-06 09:15:00,NSE:HCLTECH,80.00624926,80.00624926,80.00624926,80.00624926,5632599.96427149
2006-12-07 09:15:00,NSE:HCLTECH,78.97499925,78.97499925,78.97499925,78.97499925,3773367.9760649
2006-12-08 09:15:00,NSE:HCLTECH,78.518753,79.5000005,77.61875174,77.96250174,1920239.9878196
2006-12-11 09:15:00,NSE:HCLTECH,77.75000049,78.5625005,74.25624922,75.61875173,3706383.97648979
2006-12-12 09:15:00,NSE:HCLTECH,74.93125173,75.25000048,72.28125046,73.51249797,5365303.96596699
2006-12-13 09:15:00,NSE:HCLTECH,73.12500046,73.91249922,71.01249795,73.25624921,3924095.97510881
2006-12-14 09:15:00,NSE:HCLTECH,73.50000047,81.12500051,71.62500045,78.0937505,8645575.94515968
2006-12-15 09:15:00,NSE:HCLTECH,90.62500057,90.62500057,77.50000049,77.77500174,5036959.96804973
2006-12-18 09:15:00,NSE:HCLTECH,78.58750175,79.2500005,75.65000173,78.393753,1826631.98841337
2006-12-19 09:15:00,NSE:HCLTECH,78.7500005,78.7812505,74.75000047,75.30625173,6042367.96167226
2006-12-20 09:15:00,NSE:HCLTECH,76.25000048,77.47499924,72.37500046,74.88749798,13556743.91400733
2006-12-21 09:15:00,NSE:HCLTECH,76.50000049,76.50000049,73.00000046,75.59999923,5250351.96669615
2006-12-22 09:15:00,NSE:HCLTECH,76.25000048,77.50000049,75.01875298,75.58750173,1979983.98744063
2006-12-26 09:15:00,NSE:HCLTECH,75.56250048,77.43750049,74.62500047,77.09999924,3339303.97881824
2006-12-27 09:15:00,NSE:HCLTECH,77.43750049,78.2500005,76.89375299,77.75000049,1357167.99139126
2006-12-28 09:15:00,NSE:HCLTECH,78.1250005,79.3750005,76.88124924,79.00624925,20650567.86901004
2006-12-29 09:15:00,NSE:HCLTECH,79.0000005,80.87500051,78.137498,80.18750051,6389015.95947342
2007-01-02 09:15:00,NSE:HCLTECH,80.62500051,81.03749926,79.70625301,79.90625051,2576391.98365752
2007-01-03 09:15:00,NSE:HCLTECH,80.62500051,80.62500051,78.6250005,79.018753,4121767.97385494
2007-01-04 09:15:00,NSE:HCLTECH,79.018753,79.62500051,77.25000049,77.56250049,3647367.97686414
2007-01-05 09:15:00,NSE:HCLTECH,77.56250049,78.7500005,76.86250299,77.09375049,3306895.97902381
2007-01-08 09:15:00,NSE:HCLTECH,76.87500049,78.00000049,75.00000048,75.13749798,3919679.97513682
2007-01-09 09:15:00,NSE:HCLTECH,75.50000048,76.24375173,74.14375297,75.00624923,2822135.98209872
2007-01-10 09:15:00,NSE:HCLTECH,75.00624923,75.00624923,72.25000046,73.61875172,3146143.98004349
2007-01-11 09:15:00,NSE:HCLTECH,73.61875172,76.46250174,72.50000046,76.11250298,2892471.98165257
2007-01-12 09:15:00,NSE:HCLTECH,76.52500174,79.3750005,76.25000048,78.981248,2868247.98180623
2007-01-15 09:15:00,NSE:HCLTECH,79.87500051,80.48750301,78.143753,78.68125175,2151855.98635042
2007-01-16 09:15:00,NSE:HCLTECH,82.62500052,82.62500052,79.62500051,79.92500301,5684591.96394169
2007-01-17 09:15:00,NSE:HCLTECH,80.26249801,81.36875177,80.26249801,80.75624926,3111551.98026291
2007-01-18 09:15:00,NSE:HCLTECH,81.25000052,83.60624803,80.68750051,81.82499802,0.0
2007-01-19 09:15:00,NSE:HCLTECH,81.87500052,83.00000053,79.5625005,82.58125302,3623167.97701765
2007-01-22 09:15:00,NSE:HCLTECH,82.58125302,83.75000053,81.71875052,82.93750053,4187991.97343487
2007-01-23 09:15:00,NSE:HCLTECH,82.93750053,83.25000053,81.86875177,82.48124802,1520751.99035362
2007-01-24 09:15:00,NSE:HCLTECH,82.48124802,83.10624803,81.87500052,82.60624802,12180951.92273421
2007-01-25 09:15:00,NSE:HCLTECH,83.81250053,83.81250053,81.87500052,83.10624803,2853207.98190163
2007-01-29 09:15:00,NSE:HCLTECH,83.10624803,83.48750303,81.87500052,82.66249927,7992655.94930126
2007-01-31 09:15:00,NSE:HCLTECH,82.00000052,82.62500052,80.75000051,81.06250051,1603415.98982927
2007-02-01 09:15:00,NSE:HCLTECH,81.78749927,81.87500052,80.25624926,81.38124927,1201079.99238135
2007-02-02 09:15:00,NSE:HCLTECH,82.26249802,82.50000052,80.56874926,81.78749927,1113183.99293889
2007-02-05 09:15:00,NSE:HCLTECH,81.00000051,82.42500302,80.00000051,81.40000177,1629799.98966191
2007-02-06 09:15:00,NSE:HCLTECH,80.87500051,82.40000177,80.58750176,82.06874927,2952559.98127142
2007-02-07 09:15:00,NSE:HCLTECH,82.25000052,84.40000179,82.25000052,83.52500178,3736975.97629574
2007-02-08 09:15:00,NSE:HCLTECH,83.65625053,84.22499928,82.53125052,82.80625178,1797887.9885957
2007-02-09 09:15:00,NSE:HCLTECH,83.40000178,83.62500053,82.00000052,82.47499927,2911983.9815288
2007-02-12 09:15:00,NSE:HCLTECH,82.75000052,82.75000052,79.262498,80.31250051,1947447.98764702
2007-02-13 09:15:00,NSE:HCLTECH,80.75000051,83.25624928,75.15625048,81.51875302,2278991.98554398
2007-02-14 09:15:00,NSE:HCLTECH,81.25000052,83.12500053,80.93750051,82.78749928,1658583.98947933
2007-02-15 09:15:00,NSE:HCLTECH,83.00000053,85.62500054,81.13124926,84.36875179,5097727.96766427
2007-02-19 09:15:00,NSE:HCLTECH,84.75000054,87.00000055,84.44374929,86.55000305,6467095.95897814
2007-02-20 09:15:00,NSE:HCLTECH,87.37500055,89.34999932,85.68750054,86.69999805,9256407.94128507
2007-02-21 09:15:00,NSE:HCLTECH,87.75000056,89.11250307,84.96875054,87.25000055,9120887.9421447
2007-02-22 09:15:00,NSE:HCLTECH,87.50000056,88.10624806,84.12500053,85.13749804,6696895.95752048
2007-02-23 09:15:00,NSE:HCLTECH,85.85624804,86.75000055,81.25000052,82.60624802,7107295.95491725
2007-02-26 09:15:00,NSE:HCLTECH,83.22499928,84.84999929,81.37500052,83.30000303,7370047.95325057
2007-02-27 09:15:00,NSE:HCLTECH,83.30000303,85.50000054,82.50000052,82.96875053,5346895.96608376
2007-02-28 09:15:00,NSE:HCLTECH,81.87500052,84.06250053,72.25624921,75.10624798,9723639.93832134
2007-03-01 09:15:00,NSE:HCLTECH,75.12500048,79.86250301,72.00000046,79.081253,7254455.95398379
2007-03-02 09:15:00,NSE:HCLTECH,79.231248,80.61250301,77.50000049,78.99375175,5805103.96317727
2007-03-05 09:15:00,NSE:HCLTECH,66.22499917,78.21250175,66.22499917,76.02500173,7298607.95370372
2007-03-06 09:15:00,NSE:HCLTECH,77.50000049,79.2500005,77.25000049,78.199998,9609959.93904244
2007-03-07 09:15:00,NSE:HCLTECH,79.98124801,79.98124801,76.09375048,77.50624924,6077807.96144746
2007-03-08 09:15:00,NSE:HCLTECH,77.50624924,79.2500005,76.62500049,78.893753,7873687.9500559
2007-03-09 09:15:00,NSE:HCLTECH,79.2500005,79.3750005,77.37500049,78.081253,8621839.94531024
2007-03-12 09:15:00,NSE:HCLTECH,78.2500005,80.48750301,78.2500005,79.98750301,13327143.91546372
2007-03-13 09:15:00,NSE:HCLTECH,81.12500051,81.87500052,79.93750051,80.14375301,9625719.93894247
2007-03-14 09:15:00,NSE:HCLTECH,80.00000051,80.00000051,77.50000049,78.824998,10477775.93353773
2007-03-15 09:15:00,NSE:HCLTECH,80.0,80.0,74.75,77.4499975,9996928.0
2007-03-16 09:15:00,NSE:HCLTECH,78.6999975,78.6999975,73.8249975,74.7249975,4165552.0
2007-03-19 09:15:00,NSE:HCLTECH,76.0,76.6125025,74.6500025,75.8375025,3725708.0
2007-03-20 09:15:00,NSE:HCLTECH,76.9499975,76.9499975,74.625,75.4000025,3624028.0
2007-03-21 09:15:00,NSE:HCLTECH,75.5,76.1125025,73.8874975,74.2624975,3537280.0
2007-03-22 09:15:00,NSE:HCLTECH,75.75,76.0,73.7375025,74.0250025,5520168.0
2007-03-23 09:15:00,NSE:HCLTECH,76.5,76.5,74.2750025,75.75,6302832.0
2007-03-26 09:15:00,NSE:HCLTECH,76.4749975,76.4749975,72.25,75.1500025,5725480.0
2007-03-28 09:15:00,NSE:HCLTECH,76.4499975,76.4499975,70.7750025,71.8499975,7028708.0
2007-03-29 09:15:00,NSE:HCLTECH,74.7125025,76.9749975,71.0,75.0999975,18718836.0
2007-03-30 09:15:00,NSE:HCLTECH,75.0999975,75.6999975,71.0,72.8499975,2919636.0
2007-04-02 09:15:00,NSE:HCLTECH,71.375,71.9749975,67.8125,68.125,2080272.0
2007-04-03 09:15:00,NSE:HCLTECH,69.5749975,69.5749975,69.5749975,69.5749975,0.0
2007-04-04 09:15:00,NSE:HCLTECH,70.5749975,72.9250025,70.0,72.0250025,5740044.0
2007-04-05 09:15:00,NSE:HCLTECH,72.5,73.1750025,71.5250025,72.1999975,3020796.0
2007-04-09 09:15:00,NSE:HCLTECH,72.4749975,73.75,71.7750025,73.4625025,2055760.0
2007-04-10 09:15:00,NSE:HCLTECH,68.75,73.9749975,63.675,72.4250025,3469088.0
2007-04-11 09:15:00,NSE:HCLTECH,72.3625025,72.5,70.3249975,71.7624975,3099364.0
2007-04-12 09:15:00,NSE:HCLTECH,71.25,72.9875025,69.6125025,71.9000025,4799100.0
2007-04-13 09:15:00,NSE:HCLTECH,72.6875,77.4749975,72.2874975,77.0500025,9276276.0
2007-04-16 09:15:00,NSE:HCLTECH,78.0,83.75,77.0124975,77.1999975,5631884.0
2007-04-17 09:15:00,NSE:HCLTECH,78.0250025,78.4749975,74.25,75.2874975,3650772.0
2007-04-18 09:15:00,NSE:HCLTECH,77.5,81.25,77.5,80.8249975,13205644.0
2007-04-19 09:15:00,NSE:HCLTECH,78.75,82.0999975,77.9250025,80.5124975,7592500.0
2007-04-20 09:15:00,NSE:HCLTECH,81.2874975,84.75,81.2874975,83.8125,0.0
2007-04-23 09:15:00,NSE:HCLTECH,84.9749975,85.5,81.7624975,82.2375025,6027712.0
2007-04-24 09:15:00,NSE:HCLTECH,82.5,84.3499975,80.0,83.875,5322332.0
2007-04-25 09:15:00,NSE:HCLTECH,82.5,83.75,80.5500025,83.4250025,3259884.0
2007-04-26 09:15:00,NSE:HCLTECH,83.5,83.9625025,80.0,81.3874975,5589004.0
2007-04-27 09:15:00,NSE:HCLTECH,81.9749975,83.0,80.7750025,81.7125025,2563224.0
2007-04-30 09:15:00,NSE:HCLTECH,81.5,83.7624975,77.5,83.5625,4512356.0
2007-05-03 09:15:00,NSE:HCLTECH,83.8125,86.5500025,83.25,85.6500025,8471540.0
2007-05-04 09:15:00,NSE:HCLTECH,85.5250025,86.6999975,83.75,84.7874975,1849708.0
2007-05-07 09:15:00,NSE:HCLTECH,85.0250025,85.9749975,83.25,84.3249975,2197624.0
2007-05-08 09:15:00,NSE:HCLTECH,83.9875025,84.5,80.0,82.9000025,2158856.0
2007-05-09 09:15:00,NSE:HCLTECH,83.5999975,83.5999975,80.2624975,81.6624975,1709812.0
2007-05-10 09:15:00,NSE:HCLTECH,82.0,83.75,81.25,81.2874975,3178040.0
2007-05-11 09:15:00,NSE:HCLTECH,80.7750025,83.5,78.0250025,82.6875,5434308.0
2007-05-14 09:15:00,NSE:HCLTECH,83.5,84.5,82.1500025,82.5374975,1727764.0
2007-05-15 09:15:00,NSE:HCLTECH,81.875,83.0,81.125,82.625,1274560.0
2007-05-16 09:15:00,NSE:HCLTECH,82.5,84.6999975,81.2750025,84.375,2640332.0
2007-05-17 09:15:00,NSE:HCLTECH,85.0,87.5,82.9124975,86.6999975,10271416.0
2007-05-18 09:15:00,NSE:HCLTECH,86.75,88.75,85.25,88.3499975,5580488.0
2007-05-21 09:15:00,NSE:HCLTECH,88.3125,88.8625025,85.0,87.1999975,9287508.0
2007-05-22 09:15:00,NSE:HCLTECH,86.2750025,87.9499975,85.0250025,86.1875,4632836.0
2007-05-23 09:15:00,NSE:HCLTECH,87.0,87.0,82.75,83.4000025,1740232.0
2007-05-24 09:15:00,NSE:HCLTECH,83.75,85.9749975,82.2874975,84.9749975,2327920.0
2007-05-25 09:15:00,NSE:HCLTECH,84.25,88.0,82.0,87.5500025,3437520.0
2007-05-28 09:15:00,NSE:HCLTECH,88.2750025,89.0500025,85.5,86.1999975,3117176.0
2007-05-29 09:15:00,NSE:HCLTECH,85.9499975,85.9499975,83.75,85.6999975,3729080.0
2007-05-30 09:15:00,NSE:HCLTECH,85.9875025,87.75,84.5124975,86.0,8652844.0
2007-05-31 09:15:00,NSE:HCLTECH,86.75,87.2750025,85.125,86.0625,5183568.0
2007-06-01 09:15:00,NSE:HCLTECH,86.2375025,87.7375025,85.7750025,86.2874975,2187716.0
2007-06-04 09:15:00,NSE:HCLTECH,87.2125025,90.5999975,85.0,85.4250025,1773280.0
2007-06-05 09:15:00,NSE:HCLTECH,85.5,86.0,83.9625025,85.5374975,3131072.0
2007-06-06 09:15:00,NSE:HCLTECH,88.0999975,88.0999975,83.9625025,84.5250025,3476580.0
2007-06-07 09:15:00,NSE:HCLTECH,81.5124975,87.7249975,81.5124975,86.9375,4614032.0
2007-06-08 09:15:00,NSE:HCLTECH,85.5500025,88.25,85.0749975,87.3125,4608820.0
2007-06-11 09:15:00,NSE:HCLTECH,88.1875,91.3625025,85.0625,86.3249975,8581456.0
2007-06-12 09:15:00,NSE:HCLTECH,86.5,87.4875025,83.7624975,84.7750025,1834148.0
2007-06-13 09:15:00,NSE:HCLTECH,85.0,85.9250025,84.3249975,84.875,2864256.0
2007-06-14 09:15:00,NSE:HCLTECH,85.0,85.9875025,84.6374975,85.125,2822824.0
2007-06-15 09:15:00,NSE:HCLTECH,85.5500025,85.875,83.625,84.4000025,2172540.0
2007-06-18 09:15:00,NSE:HCLTECH,85.8499975,87.25,82.75,84.25,2293340.0
2007-06-19 09:15:00,NSE:HCLTECH,85.4499975,85.4499975,83.0,84.0,2224868.0
2007-06-20 09:15:00,NSE:HCLTECH,84.9625025,86.5,83.7750025,84.3125,2063228.0
2007-06-21 09:15:00,NSE:HCLTECH,85.0250025,85.7249975,83.25,83.7375025,1212340.0
2007-06-22 09:15:00,NSE:HCLTECH,87.25,87.25,82.25,82.5749975,1462528.0
2007-06-25 09:15:00,NSE:HCLTECH,82.5749975,84.0,80.75,81.1125025,1378436.0
2007-06-26 09:15:00,NSE:HCLTECH,82.4499975,83.8499975,81.5,82.1374975,2828452.0
2007-06-27 09:15:00,NSE:HCLTECH,82.4749975,83.4499975,81.1500025,82.5500025,2583988.0
2007-06-28 09:15:00,NSE:HCLTECH,83.0124975,85.0,82.0,83.7624975,3122580.0
2007-06-29 09:15:00,NSE:HCLTECH,83.75,87.5500025,82.7624975,85.9875025,4098500.0
2007-07-02 09:15:00,NSE:HCLTECH,86.25,87.0,83.875,84.1374975,1125068.0
2007-07-03 09:15:00,NSE:HCLTECH,84.25,85.875,83.2375025,83.7874975,1108912.0
2007-07-04 09:15:00,NSE:HCLTECH,84.5999975,84.5999975,82.4000025,83.1125025,1712888.0
2007-07-05 09:15:00,NSE:HCLTECH,83.3499975,83.5,81.5250025,82.6500025,699036.0
2007-07-06 09:15:00,NSE:HCLTECH,80.5250025,85.375,80.5250025,84.4250025,2916196.0
2007-07-09 09:15:00,NSE:HCLTECH,85.4749975,85.7125025,84.0250025,85.2750025,1951380.0
2007-07-10 09:15:00,NSE:HCLTECH,85.25,86.75,83.5374975,85.4875025,3563332.0
2007-07-11 09:15:00,NSE:HCLTECH,85.0124975,86.625,83.75,84.4250025,3891008.0
2007-07-12 09:15:00,NSE:HCLTECH,85.9749975,86.2249975,83.4000025,83.8125,1590684.0
2007-07-13 09:15:00,NSE:HCLTECH,84.75,85.0,83.0,83.6875,1776028.0
2007-07-16 09:15:00,NSE:HCLTECH,84.3000025,84.625,81.3125,81.75,2337948.0
2007-07-17 09:15:00,NSE:HCLTECH,82.5,84.9499975,81.7624975,84.2249975,3814700.0
2007-07-18 09:15:00,NSE:HCLTECH,84.9250025,84.9250025,82.1374975,83.1500025,1299900.0
2007-07-19 09:15:00,NSE:HCLTECH,83.9875025,83.9875025,81.375,81.5999975,1594300.0
2007-07-20 09:15:00,NSE:HCLTECH,82.0,82.375,80.5,81.5500025,2527016.0
2007-07-23 09:15:00,NSE:HCLTECH,83.7375025,83.7375025,79.8125,80.3499975,2970736.0
2007-07-24 09:15:00,NSE:HCLTECH,80.625,81.7249975,77.4749975,78.8625025,3164868.0
2007-07-25 09:15:00,NSE:HCLTECH,77.5250025,80.5,76.5,79.8625025,4881912.0
2007-07-26 09:15:00,NSE:HCLTECH,80.5,84.1999975,77.25,82.125,4781992.0
2007-07-27 09:15:00,NSE:HCLTECH,80.3249975,80.625,77.5,77.8625025,1986684.0
2007-07-30 09:15:00,NSE:HCLTECH,77.0250025,77.75,76.125,76.8874975,3376260.0
2007-07-31 09:15:00,NSE:HCLTECH,80.0,80.0999975,76.7750025,78.3625025,3078408.0
2007-08-01 09:15:00,NSE:HCLTECH,76.5,78.75,73.3874975,74.5,5791476.0
2007-08-02 09:15:00,NSE:HCLTECH,75.0,76.7375025,74.0,74.5,2236860.0
2007-08-03 09:15:00,NSE:HCLTECH,75.625,75.625,73.6875,74.5875025,1891976.0
2007-08-06 09:15:00,NSE:HCLTECH,74.5,74.75,70.875,74.4000025,2439640.0
2007-08-07 09:15:00,NSE:HCLTECH,75.0,76.125,73.4000025,74.6624975,2229236.0
2007-08-08 09:15:00,NSE:HCLTECH,76.2375025,79.5250025,75.75,79.0875025,3586088.0
2007-08-09 09:15:00,NSE:HCLTECH,79.75,80.875,76.75,77.8499975,3527768.0
2007-08-10 09:15:00,NSE:HCLTECH,74.5,80.75,72.5,79.6750025,5447112.0
2007-08-13 09:15:00,NSE:HCLTECH,80.1500025,81.2375025,79.0,79.3625025,3132356.0
2007-08-14 09:15:00,NSE:HCLTECH,80.0,83.4749975,79.375,79.875,4655704.0
2007-08-16 09:15:00,NSE:HCLTECH,75.8125,77.5,74.0,77.0500025,2298716.0
2007-08-17 09:15:00,NSE:HCLTECH,76.3000025,77.9625025,74.0,75.1999975,3823352.0
2007-08-20 09:15:00,NSE:HCLTECH,77.4875025,81.9749975,76.5,76.6999975,1821924.0
2007-08-21 09:15:00,NSE:HCLTECH,76.75,77.0250025,71.5250025,72.4124975,1717408.0
2007-08-22 09:15:00,NSE:HCLTECH,74.0,74.75,70.125,73.5625,1855400.0
2007-08-23 09:15:00,NSE:HCLTECH,74.875,77.2375025,69.6500025,70.3499975,3208856.0
2007-08-24 09:15:00,NSE:HCLTECH,71.0,73.125,66.2874975,69.1999975,6429272.0
2007-08-27 09:15:00,NSE:HCLTECH,70.25,71.25,69.5625,70.9625025,1975100.0
2007-08-28 09:15:00,NSE:HCLTECH,72.1999975,74.0,70.0250025,72.8125,3170728.0
2007-08-29 09:15:00,NSE:HCLTECH,68.8125,72.75,68.8125,72.5374975,1209512.0
2007-08-30 09:15:00,NSE:HCLTECH,73.75,75.7624975,73.25,74.9749975,2359932.0
2007-08-31 09:15:00,NSE:HCLTECH,75.25,76.25,75.0,76.0625,873308.0
2007-09-03 09:15:00,NSE:HCLTECH,76.5,78.1999975,75.5,77.625,2028968.0
2007-09-04 09:15:00,NSE:HCLTECH,77.5124975,78.125,76.75,77.125,1123016.0
2007-09-05 09:15:00,NSE:HCLTECH,77.25,79.2125025,77.0,78.4250025,2541512.0
2007-09-06 09:15:00,NSE:HCLTECH,78.0,79.375,77.5,78.75,4546204.0
2007-09-07 09:15:00,NSE:HCLTECH,79.25,79.5,77.0,77.2750025,1181424.0
2007-09-10 09:15:00,NSE:HCLTECH,77.25,77.25,73.0124975,73.4875025,5246180.0
2007-09-11 09:15:00,NSE:HCLTECH,73.75,74.4250025,70.9124975,71.1999975,4230992.0
2007-09-12 09:15:00,NSE:HCLTECH,72.4749975,72.4749975,70.2624975,70.4625025,2483620.0
2007-09-13 09:15:00,NSE:HCLTECH,70.75,72.375,70.5,71.0999975,2606264.0
2007-09-14 09:15:00,NSE:HCLTECH,71.7249975,71.875,69.5,69.7750025,3072920.0
2007-09-17 09:15:00,NSE:HCLTECH,70.8249975,70.8249975,69.2249975,69.4875025,1475064.0
2007-09-18 09:15:00,NSE:HCLTECH,69.5,70.5,69.0,70.1875,1473988.0
2007-09-19 09:15:00,NSE:HCLTECH,71.125,72.2249975,70.4250025,71.0374975,3679388.0
2007-09-20 09:15:00,NSE:HCLTECH,71.25,71.25,68.5,68.875,4626540.0
2007-09-21 09:15:00,NSE:HCLTECH,68.875,70.3499975,67.6500025,68.9375,6372496.0
2007-09-24 09:15:00,NSE:HCLTECH,69.75,70.75,67.5875025,69.7249975,8709648.0
2007-09-25 09:15:00,NSE:HCLTECH,69.875,70.5999975,68.7750025,70.1750025,1799732.0
2007-09-26 09:15:00,NSE:HCLTECH,70.75,75.0,70.5,74.6125025,6828800.0
2007-09-27 09:15:00,NSE:HCLTECH,76.25,77.2874975,74.0500025,76.6125025,5454440.0
2007-09-28 09:15:00,NSE:HCLTECH,77.5,78.125,74.25,75.1374975,5133888.0
2007-10-01 09:15:00,NSE:HCLTECH,75.375,76.0,72.5,74.0625,3107524.0
2007-10-03 09:15:00,NSE:HCLTECH,74.25,76.4000025,74.0625,76.1875,3210068.0
2007-10-04 09:15:00,NSE:HCLTECH,76.625,77.4749975,74.25,76.1500025,3117356.0
2007-10-05 09:15:00,NSE:HCLTECH,76.5,77.2375025,75.0374975,76.5124975,4738028.0
2007-10-08 09:15:00,NSE:HCLTECH,77.5,78.0625,75.3375025,77.1125025,6275088.0
2007-10-09 09:15:00,NSE:HCLTECH,77.5,80.5,77.1125025,80.0749975,3859204.0
2007-10-10 09:15:00,NSE:HCLTECH,81.0,83.0,78.125,82.3375025,6389788.0
2007-10-11 09:15:00,NSE:HCLTECH,83.0,83.0,77.0250025,78.1500025,6956476.0
2007-10-12 09:15:00,NSE:HCLTECH,76.875,78.875,75.125,77.9749975,9692504.0
2007-10-15 09:15:00,NSE:HCLTECH,76.3125,78.75,76.25,77.9499975,2169424.0
2007-10-16 09:15:00,NSE:HCLTECH,76.0,78.2249975,75.0374975,75.8249975,2934092.0
2007-10-17 09:15:00,NSE:HCLTECH,67.5,77.75,61.075,77.0749975,2898100.0
2007-10-18 09:15:00,NSE:HCLTECH,78.0,79.25,74.625,76.5500025,5423376.0
2007-10-19 09:15:00,NSE:HCLTECH,77.0,77.5124975,74.5250025,75.6875,2468816.0
2007-10-22 09:15:00,NSE:HCLTECH,75.6875,76.8499975,73.7750025,76.0250025,0.0
2007-10-23 09:15:00,NSE:HCLTECH,76.2624975,77.0,73.9000025,75.1374975,5839532.0
2007-10-24 09:15:00,NSE:HCLTECH,75.625,76.4625025,74.5,74.6624975,818244.0
2007-10-25 09:15:00,NSE:HCLTECH,74.75,80.0,70.6374975,76.6500025,9246972.0
2007-10-26 09:15:00,NSE:HCLTECH,77.0124975,77.625,74.25,76.9499975,1695944.0
2007-10-29 09:15:00,NSE:HCLTECH,77.4749975,78.2249975,75.5374975,77.5374975,8318740.0
2007-10-30 09:15:00,NSE:HCLTECH,77.75,78.75,75.0250025,77.6999975,7435696.0
2007-10-31 09:15:00,NSE:HCLTECH,78.0374975,79.5999975,76.0374975,78.7624975,3333784.0
2007-11-01 09:15:00,NSE:HCLTECH,78.7624975,78.7624975,76.75,77.4875025,1473684.0
2007-11-02 09:15:00,NSE:HCLTECH,76.25,77.0,74.6500025,75.0749975,1532096.0
2007-11-05 09:15:00,NSE:HCLTECH,75.5500025,77.5374975,74.5999975,76.4749975,3684820.0
2007-11-06 09:15:00,NSE:HCLTECH,77.2375025,77.5,76.5124975,77.1125025,3690664.0
2007-11-07 09:15:00,NSE:HCLTECH,76.5,77.4499975,73.1500025,74.0999975,3568972.0
2007-11-08 09:15:00,NSE:HCLTECH,74.0,80.5,73.0,75.1624975,80309532.0
2007-11-09 09:15:00,NSE:HCLTECH,75.5,76.1875,74.75,75.1750025,154684.0
2007-11-12 09:15:00,NSE:HCLTECH,74.4250025,75.2249975,73.2750025,74.3000025,786720.0
2007-11-13 09:15:00,NSE:HCLTECH,74.9749975,74.9749975,73.0124975,73.3625025,557616.0
2007-11-14 09:15:00,NSE:HCLTECH,75.9499975,75.9499975,73.75,75.1624975,1010616.0
2007-11-15 09:15:00,NSE:HCLTECH,75.1624975,76.25,73.75,74.9875025,1339508.0
2007-11-16 09:15:00,NSE:HCLTECH,75.6999975,75.6999975,72.25,72.9000025,975528.0
2007-11-19 09:15:00,NSE:HCLTECH,73.625,74.7624975,73.0374975,74.0500025,631900.0
2007-11-20 09:15:00,NSE:HCLTECH,74.25,74.25,72.0,72.5124975,3027860.0
2007-11-21 09:15:00,NSE:HCLTECH,72.5,73.5999975,72.0,72.5124975,1161220.0
2007-11-22 09:15:00,NSE:HCLTECH,72.5,73.5,71.5,72.5250025,1152184.0
2007-11-23 09:15:00,NSE:HCLTECH,72.75,76.5,71.875,75.6875,2527844.0
2007-11-26 09:15:00,NSE:HCLTECH,75.6875,78.1999975,75.6875,77.5749975,2327460.0
2007-11-27 09:15:00,NSE:HCLTECH,77.7375025,78.0,75.0250025,76.6875,1295328.0
2007-11-28 09:15:00,NSE:HCLTECH,76.6875,77.5,75.4124975,76.2874975,1446872.0
2007-11-29 09:15:00,NSE:HCLTECH,76.2874975,80.0,75.2249975,78.5,0.0
2007-11-30 09:15:00,NSE:HCLTECH,78.5,82.9749975,77.7750025,80.5625,7263512.0
2007-12-03 09:15:00,NSE:HCLTECH,81.0999975,81.0999975,77.75,78.4499975,1449040.0
2007-12-04 09:15:00,NSE:HCLTECH,78.4499975,78.75,77.4000025,77.9250025,1926620.0
2007-12-05 09:15:00,NSE:HCLTECH,77.2874975,78.5,76.4000025,77.9625025,1733528.0
2007-12-06 09:15:00,NSE:HCLTECH,78.25,78.875,77.3249975,77.875,2189044.0
2007-12-07 09:15:00,NSE:HCLTECH,79.1750025,81.125,76.7750025,79.7874975,3954644.0
2007-12-10 09:15:00,NSE:HCLTECH,80.0,80.75,76.875,77.3874975,2826364.0
2007-12-11 09:15:00,NSE:HCLTECH,78.5,79.5,77.0625,79.1624975,6853144.0
2007-12-12 09:15:00,NSE:HCLTECH,78.25,79.9875025,77.4375,79.6500025,2486140.0
2007-12-13 09:15:00,NSE:HCLTECH,79.4749975,79.4749975,76.5,76.8000025,1111476.0
2007-12-14 09:15:00,NSE:HCLTECH,76.7874975,78.2249975,76.5250025,76.9749975,1076332.0
2007-12-17 09:15:00,NSE:HCLTECH,76.75,77.2249975,75.5,75.9875025,1508708.0
2007-12-18 09:15:00,NSE:HCLTECH,77.4749975,77.4749975,74.6624975,74.9499975,1621580.0
2007-12-19 09:15:00,NSE:HCLTECH,76.5,77.25,74.5250025,75.6750025,1273956.0
2007-12-20 09:15:00,NSE:HCLTECH,76.0,78.5,75.3874975,78.0124975,1559304.0
2007-12-24 09:15:00,NSE:HCLTECH,78.5,82.25,77.0124975,81.5999975,3071712.0
2007-12-26 09:15:00,NSE:HCLTECH,82.25,82.5,65.2874975,80.9000025,1216320.0
2007-12-27 09:15:00,NSE:HCLTECH,80.0875025,82.5,77.8125,79.4124975,4046904.0
2007-12-28 09:15:00,NSE:HCLTECH,80.75,83.75,78.125,82.1750025,2289140.0
2007-12-31 09:15:00,NSE:HCLTECH,83.25,83.875,80.0,82.4124975,6910092.0
2008-01-01 09:15:00,NSE:HCLTECH,83.0,83.6125025,80.0749975,80.5124975,730260.0
2008-01-02 09:15:00,NSE:HCLTECH,80.4875025,81.4749975,78.2624975,78.5875025,1896700.0
2008-01-03 09:15:00,NSE:HCLTECH,79.0,79.1875,77.0124975,77.5,2943936.0
2008-01-04 09:15:00,NSE:HCLTECH,77.75,79.2375025,77.0124975,78.7624975,2431480.0
2008-01-07 09:15:00,NSE:HCLTECH,79.0,79.0,74.4000025,74.8249975,5565516.0
2008-01-08 09:15:00,NSE:HCLTECH,73.8125,76.5999975,73.8125,75.2125025,3877976.0
2008-01-09 09:15:00,NSE:HCLTECH,77.0999975,77.0999975,74.75,75.0250025,4305368.0
2008-01-10 09:15:00,NSE:HCLTECH,76.25,76.25,73.7750025,74.0500025,1519052.0
2008-01-11 09:15:00,NSE:HCLTECH,74.5,75.0,71.1500025,72.2249975,3117668.0
2008-01-14 09:15:00,NSE:HCLTECH,72.5124975,73.0,70.0,70.9749975,1338160.0
2008-01-15 09:15:00,NSE:HCLTECH,71.25,72.25,69.0,69.2249975,1828536.0
2008-01-16 09:15:00,NSE:HCLTECH,69.4375,69.4375,66.5250025,67.2624975,3882984.0
2008-01-17 09:15:00,NSE:HCLTECH,68.7249975,68.7249975,66.5,66.9250025,1989320.0
2008-01-18 09:15:00,NSE:HCLTECH,67.2750025,69.75,66.25,66.5875025,3418168.0
2008-01-21 09:15:00,NSE:HCLTECH,66.5875025,66.5875025,60.0374975,62.2874975,22121748.0
2008-01-22 09:15:00,NSE:HCLTECH,60.25,64.9749975,46.2625,57.4625025,2154932.0
2008-01-23 09:15:00,NSE:HCLTECH,59.25,65.0,57.4749975,60.0875025,6945732.0
2008-01-24 09:15:00,NSE:HCLTECH,60.75,63.0125,56.25,57.5625,4556056.0
2008-01-25 09:15:00,NSE:HCLTECH,58.1375,63.0,58.1375,62.425,3240744.0
2008-01-28 09:15:00,NSE:HCLTECH,62.425,62.5,56.2750025,60.325,1372012.0
2008-01-29 09:15:00,NSE:HCLTECH,61.25,64.3000025,60.2625,63.7375,3472712.0
2008-01-30 09:15:00,NSE:HCLTECH,63.75,64.375,60.9375,63.0625,3009264.0
2008-01-31 09:15:00,NSE:HCLTECH,62.5,65.2249975,58.3,60.4124975,8587524.0
2008-02-01 09:15:00,NSE:HCLTECH,60.0,67.25,60.0,66.4875025,1771352.0
2008-02-04 09:15:00,NSE:HCLTECH,66.75,70.5,66.25,69.5250025,2195176.0
2008-02-05 09:15:00,NSE:HCLTECH,70.0374975,71.0,67.0250025,69.25,2879936.0
2008-02-06 09:15:00,NSE:HCLTECH,65.875,68.25,65.0,66.25,1651664.0
2008-02-07 09:15:00,NSE:HCLTECH,66.2624975,66.7249975,60.075,61.05,2356276.0
2008-02-08 09:15:00,NSE:HCLTECH,60.9749975,65.5,60.9749975,64.3375025,2940304.0
2008-02-11 09:15:00,NSE:HCLTECH,64.3375025,64.75,60.6375,64.0500025,1633652.0
2008-02-12 09:15:00,NSE:HCLTECH,64.5,65.9875025,61.5125,62.2249975,1408688.0
2008-02-13 09:15:00,NSE:HCLTECH,62.25,64.4749975,61.05,63.1624975,1716600.0
2008-02-14 09:15:00,NSE:HCLTECH,64.25,66.5999975,63.75,65.7750025,1550696.0
2008-02-15 09:15:00,NSE:HCLTECH,65.0,68.9250025,64.0124975,68.6125025,2031960.0
2008-02-18 09:15:00,NSE:HCLTECH,67.75,69.5,65.625,69.0,815888.0
2008-02-19 09:15:00,NSE:HCLTECH,69.5,71.75,68.7624975,70.7874975,4323608.0
2008-02-20 09:15:00,NSE:HCLTECH,70.4375,71.0749975,65.4499975,66.9000025,1918856.0
2008-02-21 09:15:00,NSE:HCLTECH,70.0,72.4499975,68.25,71.4499975,3734572.0
2008-02-22 09:15:00,NSE:HCLTECH,71.0500025,71.25,67.0500025,67.6500025,1498696.0
2008-02-25 09:15:00,NSE:HCLTECH,68.75,70.75,68.0,70.4124975,964412.0
2008-02-26 09:15:00,NSE:HCLTECH,71.4375,74.25,70.75,73.7249975,3245648.0
2008-02-27 09:15:00,NSE:HCLTECH,74.1624975,75.0,71.25,72.1875,2573380.0
2008-02-28 09:15:00,NSE:HCLTECH,72.0,74.25,70.0250025,72.75,3597504.0
2008-02-29 09:15:00,NSE:HCLTECH,71.3874975,73.2249975,68.3000025,69.4124975,1898520.0
2008-03-03 09:15:00,NSE:HCLTECH,68.75,70.75,66.0625,68.4124975,5421856.0
2008-03-04 09:15:00,NSE:HCLTECH,68.9499975,69.1999975,66.0749975,66.8249975,2136124.0
2008-03-05 09:15:00,NSE:HCLTECH,67.0,70.0,67.0,69.6500025,1705692.0
2008-03-07 09:15:00,NSE:HCLTECH,69.25,69.5,64.5124975,68.3499975,2603712.0
2008-03-10 09:15:00,NSE:HCLTECH,66.5,72.5250025,66.3499975,68.0250025,3032764.0
2008-03-11 09:15:00,NSE:HCLTECH,67.5,68.625,65.0,66.3249975,2306360.0
2008-03-12 09:15:00,NSE:HCLTECH,67.3625025,69.25,66.2750025,67.8125,2484180.0
2008-03-13 09:15:00,NSE:HCLTECH,67.5,67.5,61.75,63.5374975,2401552.0
2008-03-14 09:15:00,NSE:HCLTECH,62.5,66.75,62.1375,66.3625025,1619908.0
2008-03-17 09:15:00,NSE:HCLTECH,62.7750025,67.0,58.5,60.0625,2539120.0
2008-03-18 09:15:00,NSE:HCLTECH,60.0625,63.0374975,57.75,62.425,6005480.0
2008-03-19 09:15:00,NSE:HCLTECH,63.2750025,65.9749975,62.75,63.7249975,3618768.0
2008-03-24 09:15:00,NSE:HCLTECH,63.7625,69.75,63.7625,68.5124975,3559912.0
2008-03-25 09:15:00,NSE:HCLTECH,70.0,72.8000025,69.9875025,71.2125025,4167724.0
2008-03-26 09:15:00,NSE:HCLTECH,72.4749975,73.0,67.5124975,69.0999975,2492844.0
2008-03-27 09:15:00,NSE:HCLTECH,68.1500025,70.2249975,64.75,65.8375025,8553336.0
2008-03-28 09:15:00,NSE:HCLTECH,65.4749975,68.5625,65.0,67.8375025,3844644.0
2008-03-31 09:15:00,NSE:HCLTECH,67.5,68.5,62.7625,63.3125,3888868.0
2008-04-01 09:15:00,NSE:HCLTECH,64.9625025,64.9875025,60.5250025,61.575,2545076.0
2008-04-02 09:15:00,NSE:HCLTECH,64.4749975,64.7125025,61.2750025,61.75,1648708.0
2008-04-03 09:15:00,NSE:HCLTECH,62.375,63.7375,61.5125,62.4625025,3690024.0
2008-04-04 09:15:00,NSE:HCLTECH,62.5,63.25,60.0875025,61.2249975,2415196.0
2008-04-07 09:15:00,NSE:HCLTECH,60.125,62.7249975,60.125,61.1375,2184792.0
2008-04-08 09:15:00,NSE:HCLTECH,61.25,62.0,59.4625025,59.6624975,1933068.0
2008-04-09 09:15:00,NSE:HCLTECH,59.5,60.25,58.875,59.75,2429400.0
2008-04-10 09:15:00,NSE:HCLTECH,59.75,61.2,58.825,59.1500025,1540384.0
2008-04-11 09:15:00,NSE:HCLTECH,60.375,60.375,57.3875,57.5999975,4019400.0
2008-04-15 09:15:00,NSE:HCLTECH,58.25,62.2249975,56.9000025,61.25,17531960.0
2008-04-16 09:15:00,NSE:HCLTECH,62.5,66.2249975,62.3125,65.125,11195368.0
2008-04-17 09:15:00,NSE:HCLTECH,66.5,67.75,65.6500025,67.4000025,4792800.0
2008-04-21 09:15:00,NSE:HCLTECH,68.75,69.5500025,67.5625,68.5749975,15034104.0
2008-04-22 09:15:00,NSE:HCLTECH,68.5,68.5,64.0250025,65.9124975,2027644.0
2008-04-23 09:15:00,NSE:HCLTECH,65.9124975,67.0,64.1374975,65.6125025,1832000.0
2008-04-24 09:15:00,NSE:HCLTECH,67.25,67.25,62.55,63.5250025,4151624.0
2008-04-25 09:15:00,NSE:HCLTECH,64.9749975,66.1999975,64.5,65.1750025,14220752.0
2008-04-28 09:15:00,NSE:HCLTECH,66.5,66.75,64.7624975,66.3499975,1270648.0
2008-04-29 09:15:00,NSE:HCLTECH,66.5,72.5,65.7874975,71.7249975,6082272.0
2008-04-30 09:15:00,NSE:HCLTECH,72.0,73.9375,70.0500025,72.1125025,6188864.0
2008-05-02 09:15:00,NSE:HCLTECH,72.25,74.8625025,72.1125025,74.2624975,3275484.0
2008-05-05 09:15:00,NSE:HCLTECH,74.2624975,74.9875025,71.5124975,72.0124975,1562624.0
2008-05-06 09:15:00,NSE:HCLTECH,71.75,74.0,70.75,73.1624975,1813032.0
2008-05-07 09:15:00,NSE:HCLTECH,74.625,74.8499975,73.0999975,73.4250025,2454188.0
2008-05-08 09:15:00,NSE:HCLTECH,73.4250025,74.2375025,70.9000025,72.1999975,1158448.0
2008-05-09 09:15:00,NSE:HCLTECH,73.5,73.5,70.9499975,71.9375,1195556.0
2008-05-12 09:15:00,NSE:HCLTECH,71.75,73.25,70.2750025,71.9499975,2339036.0
2008-05-13 09:15:00,NSE:HCLTECH,73.0,74.4749975,72.3000025,73.4375,2479308.0
2008-05-14 09:15:00,NSE:HCLTECH,74.25,77.2249975,71.7874975,76.7874975,7412104.0
2008-05-15 09:15:00,NSE:HCLTECH,77.125,78.7249975,75.25,75.8375025,5529576.0
2008-05-16 09:15:00,NSE:HCLTECH,76.2874975,77.1999975,73.5749975,74.0999975,4671612.0
2008-05-20 09:15:00,NSE:HCLTECH,73.6999975,74.75,72.0625,74.1624975,2326008.0
2008-05-21 09:15:00,NSE:HCLTECH,72.5999975,75.375,72.5999975,74.6999975,1029848.0
2008-05-22 09:15:00,NSE:HCLTECH,73.75,74.9625025,71.6500025,72.3499975,2828840.0
2008-05-23 09:15:00,NSE:HCLTECH,73.0,73.9749975,72.5,73.0749975,3067928.0
2008-05-26 09:15:00,NSE:HCLTECH,73.0,74.6999975,71.5250025,74.2375025,2164136.0
2008-05-27 09:15:00,NSE:HCLTECH,74.625,75.25,72.5749975,74.9250025,3008408.0
2008-05-28 09:15:00,NSE:HCLTECH,75.5,77.25,74.7624975,76.9000025,5120688.0
2008-05-29 09:15:00,NSE:HCLTECH,76.75,78.2375025,75.75,77.3249975,5825408.0
2008-05-30 09:15:00,NSE:HCLTECH,75.2624975,81.0749975,75.2624975,78.6500025,8786448.0
2008-06-02 09:15:00,NSE:HCLTECH,79.2750025,79.75,75.2750025,75.9250025,3298920.0
2008-06-03 09:15:00,NSE:HCLTECH,75.0,76.0999975,71.6500025,73.6624975,1751748.0
2008-06-04 09:15:00,NSE:HCLTECH,73.75,74.75,72.1875,72.5,1580656.0
2008-06-05 09:15:00,NSE:HCLTECH,71.75,77.125,71.75,76.4625025,1979064.0
2008-06-06 09:15:00,NSE:HCLTECH,76.25,79.5500025,76.25,78.3125,5323572.0
2008-06-09 09:15:00,NSE:HCLTECH,75.3375025,76.7375025,72.2624975,74.2874975,2937944.0
2008-06-10 09:15:00,NSE:HCLTECH,73.8249975,74.9875025,70.2750025,71.0625,2027144.0
2008-06-11 09:15:00,NSE:HCLTECH,72.4499975,74.375,71.5250025,73.2624975,2556416.0
2008-06-12 09:15:00,NSE:HCLTECH,71.75,74.25,71.25,72.9499975,1606152.0
2008-06-13 09:15:00,NSE:HCLTECH,72.5,73.8000025,70.7624975,72.3499975,1896844.0
2008-06-16 09:15:00,NSE:HCLTECH,73.2375025,74.75,72.875,73.2624975,1018640.0
2008-06-17 09:15:00,NSE:HCLTECH,72.2874975,74.4749975,72.2874975,73.1500025,1397556.0
2008-06-18 09:15:00,NSE:HCLTECH,73.5,73.6999975,69.25,69.875,26591432.0
2008-06-19 09:15:00,NSE:HCLTECH,69.0,70.75,67.5124975,68.3249975,4236464.0
2008-06-20 09:15:00,NSE:HCLTECH,67.7874975,69.875,66.0250025,66.5500025,1281480.0
2008-06-23 09:15:00,NSE:HCLTECH,66.25,69.3625025,65.0,67.6125025,1754472.0
2008-06-24 09:15:00,NSE:HCLTECH,67.5,68.7249975,65.1374975,66.8125,2132620.0
2008-06-25 09:15:00,NSE:HCLTECH,65.125,66.5,63.5,65.3499975,3240916.0
2008-06-26 09:15:00,NSE:HCLTECH,65.75,71.2874975,64.4124975,68.8499975,7416468.0
2008-06-27 09:15:00,NSE:HCLTECH,67.4375,67.4375,62.75,63.325,1869532.0
2008-06-30 09:15:00,NSE:HCLTECH,62.2874975,66.0,60.175,63.1375,10807896.0
2008-07-01 09:15:00,NSE:HCLTECH,62.425,65.9625025,61.5,64.9250025,6742868.0
2008-07-02 09:15:00,NSE:HCLTECH,64.9499975,65.375,62.375,63.4875,4225800.0
2008-07-03 09:15:00,NSE:HCLTECH,63.0,63.0,58.0250025,59.1624975,2161580.0
2008-07-04 09:15:00,NSE:HCLTECH,60.2249975,61.4875,58.5,59.0250025,1430980.0
2008-07-07 09:15:00,NSE:HCLTECH,59.75,61.75,58.75,60.8625,1860996.0
2008-07-08 09:15:00,NSE:HCLTECH,60.0,61.25,58.6125,59.125,1883636.0
2008-07-09 09:15:00,NSE:HCLTECH,60.625,61.7249975,59.7625,60.9000025,2550096.0
2008-07-10 09:15:00,NSE:HCLTECH,60.6500025,62.9749975,60.25,62.3875,1750316.0
2008-07-11 09:15:00,NSE:HCLTECH,65.0,65.0,59.0374975,59.6624975,2628044.0
2008-07-14 09:15:00,NSE:HCLTECH,57.5,58.0,50.6624975,56.2375,6621720.0
2008-07-15 09:15:00,NSE:HCLTECH,56.25,56.25,52.5125,53.075,3276528.0
2008-07-16 09:15:00,NSE:HCLTECH,54.0,54.9875,52.1624975,53.7625,1862304.0
2008-07-17 09:15:00,NSE:HCLTECH,54.9375,56.2249975,52.5250025,53.375,2148004.0
2008-07-18 09:15:00,NSE:HCLTECH,54.5,55.5,49.625,50.5125,4329200.0
2008-07-21 09:15:00,NSE:HCLTECH,51.25,51.9875,47.5125,49.0875025,3931292.0
2008-07-22 09:15:00,NSE:HCLTECH,49.7,51.7874975,49.625,51.175,2108816.0
2008-07-23 09:15:00,NSE:HCLTECH,52.25,54.7375,51.75,53.7125025,4375304.0
2008-07-24 09:15:00,NSE:HCLTECH,54.55,55.1125,52.1500025,52.5,2903060.0
2008-07-25 09:15:00,NSE:HCLTECH,52.25,53.5999975,50.5,50.925,3742580.0
2008-07-28 09:15:00,NSE:HCLTECH,51.5,51.5,50.0,50.4124975,2705596.0
2008-07-29 09:15:00,NSE:HCLTECH,50.0,51.175,49.5,49.875,1466560.0
2008-07-30 09:15:00,NSE:HCLTECH,48.7874975,51.5999975,48.7874975,50.95,3463564.0
2008-07-31 09:15:00,NSE:HCLTECH,51.75,52.5,49.2750025,50.0875025,5895720.0
2008-08-01 09:15:00,NSE:HCLTECH,49.2125025,52.125,48.2874975,51.8125,2645668.0
2008-08-04 09:15:00,NSE:HCLTECH,51.25,55.5625,50.25,54.9749975,5307032.0
2008-08-05 09:15:00,NSE:HCLTECH,55.0,61.75,55.0,60.0250025,4662792.0
2008-08-06 09:15:00,NSE:HCLTECH,60.25,62.425,56.675,57.1875,4817900.0
2008-08-07 09:15:00,NSE:HCLTECH,57.5,59.5,55.3,55.875,4064804.0
2008-08-08 09:15:00,NSE:HCLTECH,55.75,56.7249975,55.0374975,56.3125,1681260.0
2008-08-11 09:15:00,NSE:HCLTECH,57.5,58.75,57.0250025,58.6500025,1840016.0
2008-08-12 09:15:00,NSE:HCLTECH,59.075,59.075,57.0250025,57.7874975,1207188.0
2008-08-13 09:15:00,NSE:HCLTECH,57.7874975,58.4124975,56.3125,57.625,1145328.0
2008-08-14 09:15:00,NSE:HCLTECH,57.7249975,59.5,56.625,59.0250025,2489804.0
2008-08-18 09:15:00,NSE:HCLTECH,58.75,60.1125,56.6375,57.2249975,2593900.0
2008-08-19 09:15:00,NSE:HCLTECH,57.925,57.925,55.7874975,56.3625,1661624.0
2008-08-20 09:15:00,NSE:HCLTECH,56.75,57.5,56.4000025,57.2125025,1012892.0
2008-08-21 09:15:00,NSE:HCLTECH,57.75,57.75,55.25,55.5875025,716464.0
2008-08-22 09:15:00,NSE:HCLTECH,55.75,56.2375,54.8,55.6624975,1273528.0
2008-08-25 09:15:00,NSE:HCLTECH,56.5,58.4375,55.575,56.0250025,773620.0
2008-08-26 09:15:00,NSE:HCLTECH,56.5,57.875,56.25,57.5999975,2126980.0
2008-08-27 09:15:00,NSE:HCLTECH,58.0,58.625,56.55,57.4625025,1187360.0
2008-08-28 09:15:00,NSE:HCLTECH,58.7375,58.75,55.2874975,56.0,4692348.0
2008-08-29 09:15:00,NSE:HCLTECH,57.5250025,59.0,56.5125,58.2874975,1941568.0
2008-09-01 09:15:00,NSE:HCLTECH,58.4749975,60.9749975,57.5250025,60.5999975,2889748.0
2008-09-02 09:15:00,NSE:HCLTECH,60.875,63.5,60.5250025,62.4000025,2421472.0
2008-09-04 09:15:00,NSE:HCLTECH,62.25,63.7375,60.7874975,62.9124975,1862952.0
2008-09-05 09:15:00,NSE:HCLTECH,62.0,62.5,60.3,61.0999975,1329244.0
2008-09-08 09:15:00,NSE:HCLTECH,62.25,65.75,61.75,64.125,2118900.0
2008-09-09 09:15:00,NSE:HCLTECH,64.0,64.1999975,62.5250025,63.675,1920280.0
2008-09-10 09:15:00,NSE:HCLTECH,63.75,65.0,62.0625,62.3125,2633692.0
2008-09-11 09:15:00,NSE:HCLTECH,62.2249975,62.2249975,58.825,59.45,2542096.0
2008-09-15 09:15:00,NSE:HCLTECH,56.2750025,56.2750025,51.75,53.7249975,2684996.0
2008-09-16 09:15:00,NSE:HCLTECH,52.5,55.875,48.6125,55.375,2233728.0
2008-09-17 09:15:00,NSE:HCLTECH,55.925,57.3499975,50.5,52.5999975,2400452.0
2008-09-18 09:15:00,NSE:HCLTECH,51.5125,55.7375,48.3375025,53.1875,3826688.0
2008-09-19 09:15:00,NSE:HCLTECH,55.0,58.6500025,55.0,57.3499975,4683440.0
2008-09-22 09:15:00,NSE:HCLTECH,58.0250025,58.8625,56.2625,58.2750025,1428252.0
2008-09-23 09:15:00,NSE:HCLTECH,57.6875,59.4749975,56.575,58.675,3344820.0
2008-09-24 09:15:00,NSE:HCLTECH,58.0,59.5,57.5625,58.5,4503904.0
2008-09-25 09:15:00,NSE:HCLTECH,58.0125,59.1125,54.7625,56.2125025,9326604.0
2008-09-26 09:15:00,NSE:HCLTECH,56.0999975,56.0999975,52.625,53.2249975,2133980.0
2008-09-29 09:15:00,NSE:HCLTECH,52.75,52.75,47.075,48.8499975,4274964.0
2008-09-30 09:15:00,NSE:HCLTECH,47.25,51.125,46.25,48.6125,2486780.0
2008-10-01 09:15:00,NSE:HCLTECH,49.125,52.4749975,48.0125,51.45,3195792.0
2008-10-03 09:15:00,NSE:HCLTECH,51.75,53.2249975,50.5374975,51.825,3405248.0
2008-10-06 09:15:00,NSE:HCLTECH,51.25,51.4625025,48.0,48.7125025,3306568.0
2008-10-07 09:15:00,NSE:HCLTECH,49.75,51.7249975,45.0,49.4375,2813384.0
2008-10-08 09:15:00,NSE:HCLTECH,49.0,49.0,44.7874975,46.925,4850784.0
2008-10-10 09:15:00,NSE:HCLTECH,44.9749975,49.5,36.575,42.5625,10230296.0
2008-10-13 09:15:00,NSE:HCLTECH,42.9875,46.0,40.5,42.4625025,6853752.0
2008-10-14 09:15:00,NSE:HCLTECH,45.0,45.9749975,40.0,41.0,3919068.0
2008-10-15 09:15:00,NSE:HCLTECH,40.75,40.95,38.5,39.6500025,5131700.0
2008-10-16 09:15:00,NSE:HCLTECH,37.2,41.0,35.625,39.3875,6917296.0
2008-10-17 09:15:00,NSE:HCLTECH,39.7874975,42.25,38.0,39.5,3112088.0
2008-10-20 09:15:00,NSE:HCLTECH,39.925,43.75,38.2625,43.05,2502732.0
2008-10-21 09:15:00,NSE:HCLTECH,43.875,47.45,41.25,46.5625,4467376.0
2008-10-22 09:15:00,NSE:HCLTECH,45.7125025,45.7125025,39.75,40.575,3930720.0
2008-10-23 09:15:00,NSE:HCLTECH,39.45,40.2249975,36.7625,37.7,2812108.0
2008-10-24 09:15:00,NSE:HCLTECH,39.0,39.0,33.2750025,34.4875,4039808.0
2008-10-27 09:15:00,NSE:HCLTECH,32.7625,34.325,28.75,33.4749975,3819508.0
2008-10-28 09:15:00,NSE:HCLTECH,34.875,37.95,34.5,36.5250025,442684.0
2008-10-29 09:15:00,NSE:HCLTECH,38.4749975,39.0125,37.125,37.9124975,6501148.0
2008-10-31 09:15:00,NSE:HCLTECH,38.75,44.0,38.75,43.2249975,3853516.0
2008-11-03 09:15:00,NSE:HCLTECH,44.425,46.175,42.5,43.8375025,2895720.0
2008-11-04 09:15:00,NSE:HCLTECH,43.7249975,45.0,39.8,41.7750025,2783048.0
2008-11-05 09:15:00,NSE:HCLTECH,42.0,43.75,38.375,39.0250025,2576344.0
2008-11-06 09:15:00,NSE:HCLTECH,37.5,42.75,37.0875025,39.7249975,2703452.0
2008-11-07 09:15:00,NSE:HCLTECH,38.5,42.2249975,38.2750025,41.2375,2248408.0
2008-11-10 09:15:00,NSE:HCLTECH,42.2249975,42.5,40.05,42.4875,1384896.0
2008-11-11 09:15:00,NSE:HCLTECH,42.25,43.5,37.8,38.55,2219956.0
2008-11-12 09:15:00,NSE:HCLTECH,38.425,40.95,37.0,38.6500025,2793080.0
2008-11-14 09:15:00,NSE:HCLTECH,39.9625025,40.8625,36.8,37.5875025,2369592.0
2008-11-17 09:15:00,NSE:HCLTECH,37.5875025,39.125,35.125,36.925,3882456.0
2008-11-18 09:15:00,NSE:HCLTECH,36.2750025,36.625,33.2750025,34.0999975,5525472.0
2008-11-19 09:15:00,NSE:HCLTECH,33.75,35.7249975,33.5625,33.95,3003372.0
2008-11-20 09:15:00,NSE:HCLTECH,33.7125025,35.2249975,30.4125,34.3125,2156320.0
2008-11-21 09:15:00,NSE:HCLTECH,34.5,36.325,32.8125,35.95,2412740.0
2008-11-24 09:15:00,NSE:HCLTECH,36.45,38.0,34.5,37.4124975,2534924.0
2008-11-25 09:15:00,NSE:HCLTECH,38.25,41.2,33.75,34.625,2755104.0
2008-11-26 09:15:00,NSE:HCLTECH,35.2,36.2125025,34.5250025,35.7750025,2369472.0
2008-11-28 09:15:00,NSE:HCLTECH,35.0,36.7750025,33.75,34.375,5021240.0
2008-12-01 09:15:00,NSE:HCLTECH,35.0,35.125,33.3125,33.7,5227664.0
2008-12-02 09:15:00,NSE:HCLTECH,33.5,33.5,30.625,31.2625,7091368.0
2008-12-03 09:15:00,NSE:HCLTECH,31.975,32.45,29.25,30.05,12942856.0
2008-12-04 09:15:00,NSE:HCLTECH,31.2,31.2,29.4,30.0125,7035048.0
2008-12-05 09:15:00,NSE:HCLTECH,30.0,30.5,29.5,29.6375,4395368.0
2008-12-08 09:15:00,NSE:HCLTECH,30.25,31.25,28.7,29.2375,3664032.0
2008-12-10 09:15:00,NSE:HCLTECH,29.5,30.225,29.25,29.7,4212700.0
2008-12-11 09:15:00,NSE:HCLTECH,29.9625,30.25,28.6,28.8875,6170864.0
2008-12-12 09:15:00,NSE:HCLTECH,29.225,29.225,26.625,26.8125,7561848.0
2008-12-15 09:15:00,NSE:HCLTECH,27.5,27.975,25.5,25.9625,7662636.0
2008-12-16 09:15:00,NSE:HCLTECH,26.75,31.425,26.325,30.7625,29695796.0
2008-12-17 09:15:00,NSE:HCLTECH,31.25,32.0,29.3125,30.5625,13697048.0
2008-12-18 09:15:00,NSE:HCLTECH,30.5,34.4749975,30.025,33.7874975,10356808.0
2008-12-19 09:15:00,NSE:HCLTECH,34.0,35.375,33.2750025,34.9749975,6556824.0
2008-12-22 09:15:00,NSE:HCLTECH,36.0999975,36.0999975,32.675,33.55,7082632.0
2008-12-23 09:15:00,NSE:HCLTECH,33.625,33.625,30.75,31.1625,6171304.0
2008-12-24 09:15:00,NSE:HCLTECH,31.0,32.4375,28.3125,28.975,8605296.0
2008-12-26 09:15:00,NSE:HCLTECH,29.425,29.675,27.775,28.2375,5787760.0
2008-12-29 09:15:00,NSE:HCLTECH,28.7,28.7,27.35,28.1,3942972.0
2008-12-30 09:15:00,NSE:HCLTECH,28.0,29.4375,26.75,29.05,6094164.0
2008-12-31 09:15:00,NSE:HCLTECH,29.5,30.075,28.625,28.825,6054308.0
2009-01-01 09:15:00,NSE:HCLTECH,29.125,31.125,28.85,30.7,4801620.0
2009-01-02 09:15:00,NSE:HCLTECH,31.0,31.625,30.375,30.575,5048680.0
2009-01-05 09:15:00,NSE:HCLTECH,30.375,32.0999975,30.375,31.5375,3177468.0
2009-01-06 09:15:00,NSE:HCLTECH,30.325,33.2874975,30.325,32.6375,8138004.0
2009-01-07 09:15:00,NSE:HCLTECH,31.625,34.0,25.5,27.5625,14560964.0
2009-01-09 09:15:00,NSE:HCLTECH,27.75,28.25,25.525,26.6625,5084712.0
2009-01-12 09:15:00,NSE:HCLTECH,27.5,28.0,25.775,27.0,4851592.0
2009-01-13 09:15:00,NSE:HCLTECH,27.0,28.475,25.7,27.2125,5904748.0
2009-01-14 09:15:00,NSE:HCLTECH,27.25,30.625,27.25,29.5375,6433352.0
2009-01-15 09:15:00,NSE:HCLTECH,27.525,28.5,26.0375,27.275,4126724.0
2009-01-16 09:15:00,NSE:HCLTECH,28.25,29.8875,27.5125,29.4375,3756176.0
2009-01-19 09:15:00,NSE:HCLTECH,29.725,30.25,28.625,28.9625,1976144.0
2009-01-20 09:15:00,NSE:HCLTECH,28.475,28.5,27.525,27.775,1724504.0
2009-01-21 09:15:00,NSE:HCLTECH,27.25,29.5,26.3,28.9375,4868956.0
2009-01-22 09:15:00,NSE:HCLTECH,29.25,30.1125,25.425,27.9375,5282516.0
2009-01-23 09:15:00,NSE:HCLTECH,26.5,28.75,26.5,26.75,3410532.0
2009-01-27 09:15:00,NSE:HCLTECH,28.0,29.5,27.25,28.1375,0.0
2009-01-28 09:15:00,NSE:HCLTECH,28.25,28.8875,28.025,28.475,2850848.0
2009-01-29 09:15:00,NSE:HCLTECH,28.525,29.175,27.0,27.2875,6323200.0
2009-01-30 09:15:00,NSE:HCLTECH,27.0,29.25,26.7375,29.025,3205712.0
2009-02-02 09:15:00,NSE:HCLTECH,27.7875,29.2375,27.7875,28.325,2795812.0
2009-02-03 09:15:00,NSE:HCLTECH,28.3125,30.125,28.3125,29.4375,5413696.0
2009-02-04 09:15:00,NSE:HCLTECH,29.75,31.4125,29.725,30.525,7026864.0
2009-02-05 09:15:00,NSE:HCLTECH,31.2125,31.225,29.8125,30.3875,3343016.0
2009-02-06 09:15:00,NSE:HCLTECH,30.1625,32.2,30.1625,31.375,4539424.0
2009-02-09 09:15:00,NSE:HCLTECH,31.5,32.3499975,29.6625,29.9375,5598860.0
2009-02-10 09:15:00,NSE:HCLTECH,29.75,30.25,28.75,29.3625,7147796.0
2009-02-11 09:15:00,NSE:HCLTECH,29.25,29.25,28.5,28.75,3129708.0
2009-02-12 09:15:00,NSE:HCLTECH,27.5625,28.8375,27.5625,28.55,2714776.0
2009-02-13 09:15:00,NSE:HCLTECH,28.725,28.9625,28.3125,28.4875,4807976.0
2009-02-16 09:15:00,NSE:HCLTECH,26.75,28.775,26.75,27.6125,3282720.0
2009-02-17 09:15:00,NSE:HCLTECH,26.775,27.575,26.775,27.325,2016780.0
2009-02-18 09:15:00,NSE:HCLTECH,26.8,27.55,26.8,27.1625,3166864.0
2009-02-19 09:15:00,NSE:HCLTECH,27.0,27.5,27.0,27.2625,1970128.0
2009-02-20 09:15:00,NSE:HCLTECH,27.375,27.375,25.65,25.875,5784252.0
2009-02-24 09:15:00,NSE:HCLTECH,26.0,26.0,25.025,25.175,2282928.0
2009-02-25 09:15:00,NSE:HCLTECH,25.2875,26.25,25.0125,25.225,3866036.0
2009-02-26 09:15:00,NSE:HCLTECH,25.25,25.6,24.54999925,24.7749995,5596476.0
2009-02-27 09:15:00,NSE:HCLTECH,24.5625,25.5,24.20000075,25.05,4167792.0
2009-03-02 09:15:00,NSE:HCLTECH,24.5,24.9750005,23.29999925,23.6000005,4117448.0
2009-03-03 09:15:00,NSE:HCLTECH,23.75,24.75,23.25,23.63750075,6392580.0
2009-03-04 09:15:00,NSE:HCLTECH,23.875,24.125,23.5249995,23.76250075,2649340.0
2009-03-05 09:15:00,NSE:HCLTECH,23.82500075,24.0625,22.9750005,23.20000075,1918264.0
2009-03-06 09:15:00,NSE:HCLTECH,22.04999925,23.875,21.6625005,23.5249995,3521976.0
2009-03-09 09:15:00,NSE:HCLTECH,22.75,23.6875,22.6499995,22.7749995,2043612.0
2009-03-12 09:15:00,NSE:HCLTECH,22.95000075,23.75,22.25,22.42499925,4917280.0
2009-03-13 09:15:00,NSE:HCLTECH,21.7749995,24.375,21.7749995,24.04999925,5990144.0
2009-03-16 09:15:00,NSE:HCLTECH,23.76250075,25.625,23.76250075,25.4125,6483452.0
2009-03-17 09:15:00,NSE:HCLTECH,25.525,26.2125,24.7875005,25.275,4460136.0
2009-03-18 09:15:00,NSE:HCLTECH,25.75,26.4875,25.5,25.6875,7707068.0
2009-03-19 09:15:00,NSE:HCLTECH,25.5,26.2875,25.4,26.1375,3642492.0
2009-03-20 09:15:00,NSE:HCLTECH,25.525,26.2875,25.525,26.0625,1701108.0
2009-03-23 09:15:00,NSE:HCLTECH,25.3125,26.4125,25.3125,25.9875,5485608.0
2009-03-24 09:15:00,NSE:HCLTECH,25.7625,26.375,25.7625,26.125,5627024.0
2009-03-25 09:15:00,NSE:HCLTECH,25.5,26.2875,25.5,25.9625,4283216.0
2009-03-26 09:15:00,NSE:HCLTECH,25.85,26.4625,25.0,25.3375,9904404.0
2009-03-27 09:15:00,NSE:HCLTECH,24.7749995,26.3125,24.7749995,26.225,5621616.0
2009-03-30 09:15:00,NSE:HCLTECH,25.3125,26.275,24.75,24.9375,3680368.0
2009-03-31 09:15:00,NSE:HCLTECH,25.0,25.85,24.5249995,25.5125,3176000.0
2009-04-01 09:15:00,NSE:HCLTECH,25.1375,25.75,24.875,25.1875,5233928.0
2009-04-02 09:15:00,NSE:HCLTECH,25.0375,27.35,25.0375,26.7375,12709888.0
2009-04-06 09:15:00,NSE:HCLTECH,27.775,30.6,27.625,27.9625,14416508.0
2009-04-08 09:15:00,NSE:HCLTECH,27.8,31.375,25.775,31.075,23110468.0
2009-04-09 09:15:00,NSE:HCLTECH,29.5,32.0,29.5,30.55,7046748.0
2009-04-13 09:15:00,NSE:HCLTECH,31.75,32.4875,30.35,32.0250025,5519532.0
2009-04-15 09:15:00,NSE:HCLTECH,32.0875025,33.4625025,30.25,32.9375,7545612.0
2009-04-16 09:15:00,NSE:HCLTECH,32.625,33.5999975,30.275,30.5375,4704744.0
2009-04-17 09:15:00,NSE:HCLTECH,29.6625,33.575,29.6625,32.25,8198092.0
2009-04-20 09:15:00,NSE:HCLTECH,32.25,35.875,32.25,34.2249975,16289036.0
2009-04-21 09:15:00,NSE:HCLTECH,33.2375,35.2,32.6375,34.5374975,8430680.0
2009-04-22 09:15:00,NSE:HCLTECH,33.375,34.425,30.95,31.2625,14810136.0
2009-04-23 09:15:00,NSE:HCLTECH,30.0,32.625,29.5125,32.0374975,0.0
2009-04-24 09:15:00,NSE:HCLTECH,33.5,33.5,31.075,31.725,6671740.0
2009-04-27 09:15:00,NSE:HCLTECH,32.2375,32.2375,30.0,31.9,3246684.0
2009-04-28 09:15:00,NSE:HCLTECH,32.925,32.925,30.1625,31.5125,4501948.0
2009-04-29 09:15:00,NSE:HCLTECH,32.2375,32.6875,31.0,32.4625025,7973928.0
2009-05-04 09:15:00,NSE:HCLTECH,32.6375,40.45,32.6375,38.5625,13716812.0
2009-05-05 09:15:00,NSE:HCLTECH,35.25,39.9000025,35.25,37.8875,9286884.0
2009-05-06 09:15:00,NSE:HCLTECH,37.675,38.8499975,36.425,36.875,5822228.0
2009-05-07 09:15:00,NSE:HCLTECH,37.0,38.7249975,34.1375,37.5250025,12784156.0
2009-05-08 09:15:00,NSE:HCLTECH,36.875,38.125,36.0,37.1624975,5395688.0
2009-05-11 09:15:00,NSE:HCLTECH,36.2625,37.25,35.0250025,35.4124975,4020088.0
2009-05-12 09:15:00,NSE:HCLTECH,35.375,36.75,34.625,36.2249975,5856856.0
2009-05-13 09:15:00,NSE:HCLTECH,36.1875,36.4749975,34.0625,34.6875,7900428.0
2009-05-14 09:15:00,NSE:HCLTECH,34.5,35.875,33.25,35.4749975,5156124.0
2009-05-15 09:15:00,NSE:HCLTECH,35.8125,38.3499975,35.8125,36.9375,12511968.0
2009-05-18 09:15:00,NSE:HCLTECH,42.0,47.7,40.25,41.5,12380.0
2009-05-19 09:15:00,NSE:HCLTECH,41.25,43.7249975,35.0,39.75,10479000.0
2009-05-20 09:15:00,NSE:HCLTECH,40.0,42.25,39.5,41.7,6113832.0
2009-05-21 09:15:00,NSE:HCLTECH,42.4875,43.25,40.2874975,40.7750025,3576928.0
2009-05-22 09:15:00,NSE:HCLTECH,41.25,42.2,39.825,41.7249975,4355480.0
2009-05-25 09:15:00,NSE:HCLTECH,42.5,42.5,40.6624975,40.9749975,3057460.0
2009-05-26 09:15:00,NSE:HCLTECH,41.075,42.25,39.25,40.075,3040132.0
2009-05-27 09:15:00,NSE:HCLTECH,40.9749975,44.0,40.675,43.7375,7749952.0
2009-05-28 09:15:00,NSE:HCLTECH,44.25,44.9749975,42.7750025,43.6375,6544316.0
2009-05-29 09:15:00,NSE:HCLTECH,44.3,44.75,41.25,41.7249975,6876748.0
2009-06-01 09:15:00,NSE:HCLTECH,43.0,44.2249975,42.325,42.7,4992988.0
2009-06-02 09:15:00,NSE:HCLTECH,43.25,45.2375,41.2625,44.625,8537508.0
2009-06-03 09:15:00,NSE:HCLTECH,45.675,45.675,42.3875,43.1624975,7132240.0
2009-06-04 09:15:00,NSE:HCLTECH,43.1624975,44.175,42.8125,43.5250025,3862624.0
2009-06-05 09:15:00,NSE:HCLTECH,43.9875,44.4749975,43.0,43.7375,3643360.0
2009-06-08 09:15:00,NSE:HCLTECH,43.7750025,45.3375025,42.5125,43.125,4363588.0
2009-06-09 09:15:00,NSE:HCLTECH,42.175,49.175,41.8,48.5875025,12562636.0
2009-06-10 09:15:00,NSE:HCLTECH,49.0625,53.2375,49.0250025,50.95,12609688.0
2009-06-11 09:15:00,NSE:HCLTECH,51.3,51.9124975,48.7625,49.1624975,5287256.0
2009-06-12 09:15:00,NSE:HCLTECH,49.5999975,51.5374975,47.75,49.2,5743492.0
2009-06-15 09:15:00,NSE:HCLTECH,48.7750025,50.875,47.5250025,50.1375,5712784.0
2009-06-16 09:15:00,NSE:HCLTECH,48.75,52.75,48.5,52.2375,8383456.0
2009-06-17 09:15:00,NSE:HCLTECH,51.75,52.75,48.0125,49.0125,4442428.0
2009-06-18 09:15:00,NSE:HCLTECH,49.0125,51.25,46.4375,47.2125025,4637756.0
2009-06-19 09:15:00,NSE:HCLTECH,48.7,48.7,46.3875,48.0,2648988.0
2009-06-22 09:15:00,NSE:HCLTECH,48.0,49.8625,45.625,46.3375025,3508476.0
2009-06-23 09:15:00,NSE:HCLTECH,46.0,48.25,44.5,47.7,3407152.0
2009-06-24 09:15:00,NSE:HCLTECH,48.0,48.5,46.875,47.7750025,4110800.0
2009-06-25 09:15:00,NSE:HCLTECH,48.875,49.95,45.75,46.5999975,8076164.0
2009-06-26 09:15:00,NSE:HCLTECH,46.95,48.4875,46.3125,47.95,2816356.0
2009-06-29 09:15:00,NSE:HCLTECH,48.75,49.1500025,47.1500025,47.925,2700520.0
2009-06-30 09:15:00,NSE:HCLTECH,48.375,48.6125,46.0875025,46.4875,2288568.0
2009-07-01 09:15:00,NSE:HCLTECH,46.5,48.2,46.125,47.5,2213968.0
2009-07-02 09:15:00,NSE:HCLTECH,47.0250025,48.0250025,46.6500025,47.7625,1959064.0
2009-07-03 09:15:00,NSE:HCLTECH,46.875,48.5,46.875,47.8375025,1734260.0
2009-07-06 09:15:00,NSE:HCLTECH,49.675,49.675,46.25,46.8625,3544428.0
2009-07-07 09:15:00,NSE:HCLTECH,47.5,48.4749975,45.2750025,45.9875,3594444.0
2009-07-08 09:15:00,NSE:HCLTECH,44.3125,46.6125,41.825,42.1500025,4529288.0
2009-07-09 09:15:00,NSE:HCLTECH,40.5625,44.875,40.5625,44.2625,3805888.0
2009-07-10 09:15:00,NSE:HCLTECH,43.3125,47.4000025,43.3125,44.175,7591780.0
2009-07-13 09:15:00,NSE:HCLTECH,42.5250025,46.5,42.5250025,45.675,3073320.0
2009-07-14 09:15:00,NSE:HCLTECH,45.7625,48.625,45.7625,47.6375,2698240.0
2009-07-15 09:15:00,NSE:HCLTECH,48.0625,49.4749975,48.0625,48.7249975,8041864.0
2009-07-16 09:15:00,NSE:HCLTECH,49.9749975,50.7,46.75,48.5625,3312256.0
2009-07-17 09:15:00,NSE:HCLTECH,49.5,54.7,48.7750025,53.8625,8387992.0
2009-07-20 09:15:00,NSE:HCLTECH,56.0,59.7249975,52.75,58.4375,14653692.0
2009-07-21 09:15:00,NSE:HCLTECH,59.9749975,59.9749975,56.675,57.375,5946176.0
2009-07-22 09:15:00,NSE:HCLTECH,59.0,59.0,53.55,54.0374975,3931732.0
2009-07-23 09:15:00,NSE:HCLTECH,56.2,56.55,54.125,56.2125025,3639832.0
2009-07-24 09:15:00,NSE:HCLTECH,57.5,59.5,55.0,58.625,4505396.0
2009-07-27 09:15:00,NSE:HCLTECH,55.1624975,62.125,55.1624975,59.7249975,4887424.0
2009-07-28 09:15:00,NSE:HCLTECH,60.325,61.5,58.4375,60.3875,5321708.0
2009-07-29 09:15:00,NSE:HCLTECH,60.5999975,62.5,58.5,58.9000025,5912216.0
2009-07-30 09:15:00,NSE:HCLTECH,58.5,62.2249975,58.0,61.4875,7090956.0
2009-07-31 09:15:00,NSE:HCLTECH,61.8125,64.25,59.6375,60.25,6463152.0
2009-08-03 09:15:00,NSE:HCLTECH,60.5,64.0,60.5,63.5999975,4354844.0
2009-08-04 09:15:00,NSE:HCLTECH,64.9250025,64.9250025,62.3,63.1125,5040300.0
2009-08-05 09:15:00,NSE:HCLTECH,63.0,64.2249975,61.0,63.8125,5031596.0
2009-08-06 09:15:00,NSE:HCLTECH,64.1750025,64.9000025,59.7750025,61.1375,6147132.0
2009-08-07 09:15:00,NSE:HCLTECH,61.25,63.175,60.0250025,61.0875025,4758956.0
2009-08-10 09:15:00,NSE:HCLTECH,61.5250025,62.9749975,60.5250025,61.3125,3455716.0
2009-08-11 09:15:00,NSE:HCLTECH,62.425,65.4749975,61.625,64.9625025,6098260.0
2009-08-12 09:15:00,NSE:HCLTECH,64.25,66.6750025,61.5125,65.5875025,6373328.0
2009-08-13 09:15:00,NSE:HCLTECH,66.2375025,71.2375025,65.0500025,70.6875,11128040.0
2009-08-14 09:15:00,NSE:HCLTECH,70.7375025,70.7375025,66.8125,67.5250025,8680480.0
2009-08-17 09:15:00,NSE:HCLTECH,67.5500025,68.4749975,64.4375,65.0999975,6432820.0
2009-08-18 09:15:00,NSE:HCLTECH,65.25,66.5,62.75,64.3499975,7413284.0
2009-08-19 09:15:00,NSE:HCLTECH,65.0,65.7249975,61.7375,62.4375,4614964.0
2009-08-20 09:15:00,NSE:HCLTECH,63.2625,64.6624975,62.9000025,63.6875,3443168.0
2009-08-21 09:15:00,NSE:HCLTECH,63.75,70.625,62.5999975,69.875,14961448.0
2009-08-24 09:15:00,NSE:HCLTECH,71.25,73.4499975,70.25,72.5,9718788.0
2009-08-25 09:15:00,NSE:HCLTECH,73.9499975,79.9749975,73.0,76.8000025,22202320.0
2009-08-26 09:15:00,NSE:HCLTECH,77.0,78.75,74.7624975,75.4499975,13101764.0
2009-08-27 09:15:00,NSE:HCLTECH,72.5,78.7375025,72.5,78.2249975,14125844.0
2009-08-28 09:15:00,NSE:HCLTECH,77.5,78.75,76.0,76.6125025,5732464.0
2009-08-31 09:15:00,NSE:HCLTECH,75.0,76.6125025,73.9124975,75.0,4649232.0
2009-09-01 09:15:00,NSE:HCLTECH,74.75,76.25,72.5,74.4000025,5393396.0
2009-09-02 09:15:00,NSE:HCLTECH,73.5,78.2375025,73.4375,77.2750025,9144004.0
2009-09-03 09:15:00,NSE:HCLTECH,76.75,78.0,75.0500025,75.6624975,4892016.0
2009-09-04 09:15:00,NSE:HCLTECH,75.0,77.0,75.0,76.2249975,3664020.0
2009-09-07 09:15:00,NSE:HCLTECH,76.5999975,78.1875,76.5999975,77.6624975,4183804.0
2009-09-08 09:15:00,NSE:HCLTECH,77.5,79.5,76.5749975,76.9124975,4380860.0
2009-09-09 09:15:00,NSE:HCLTECH,77.25,78.3499975,76.5,77.1750025,3013384.0
2009-09-10 09:15:00,NSE:HCLTECH,77.5500025,79.0,77.0374975,77.3625025,4941920.0
2009-09-11 09:15:00,NSE:HCLTECH,78.0,78.75,77.2750025,78.2249975,3099388.0
2009-09-14 09:15:00,NSE:HCLTECH,77.5,79.0,76.75,78.2375025,2694984.0
2009-09-15 09:15:00,NSE:HCLTECH,78.3874975,79.125,78.2874975,78.5625,1873880.0
2009-09-16 09:15:00,NSE:HCLTECH,79.125,81.375,78.8000025,80.3874975,5765176.0
2009-09-17 09:15:00,NSE:HCLTECH,82.4875025,88.0500025,81.1374975,85.6624975,24765740.0
2009-09-18 09:15:00,NSE:HCLTECH,85.875,87.1999975,83.25,84.7624975,7469476.0
2009-09-22 09:15:00,NSE:HCLTECH,83.7624975,86.6999975,83.0,85.7375025,4132592.0
2009-09-23 09:15:00,NSE:HCLTECH,86.25,86.25,82.75,83.3000025,2370688.0
2009-09-24 09:15:00,NSE:HCLTECH,82.25,87.25,80.0,86.7249975,13917048.0
2009-09-25 09:15:00,NSE:HCLTECH,86.0,86.0,83.3000025,83.8625025,3128436.0
2009-09-29 09:15:00,NSE:HCLTECH,86.0,86.2375025,83.5124975,83.7750025,3861924.0
2009-09-30 09:15:00,NSE:HCLTECH,84.5,86.0,83.7874975,85.1999975,3172536.0
2009-10-01 09:15:00,NSE:HCLTECH,85.5,86.4499975,83.75,84.0999975,4667348.0
2009-10-05 09:15:00,NSE:HCLTECH,83.0,85.1624975,82.8000025,83.7249975,3656416.0
2009-10-06 09:15:00,NSE:HCLTECH,84.5,84.7249975,77.5875025,79.2375025,10937168.0
2009-10-07 09:15:00,NSE:HCLTECH,80.6624975,80.75,76.3249975,77.3000025,5659344.0
2009-10-08 09:15:00,NSE:HCLTECH,75.9749975,78.0,74.0,74.5999975,7231536.0
2009-10-09 09:15:00,NSE:HCLTECH,75.5,77.375,73.7874975,74.3000025,7902636.0
2009-10-12 09:15:00,NSE:HCLTECH,72.5124975,76.0,72.5124975,75.5124975,6491716.0
2009-10-14 09:15:00,NSE:HCLTECH,76.25,77.25,75.6500025,76.0999975,3094008.0
2009-10-15 09:15:00,NSE:HCLTECH,76.0,76.8874975,75.0,75.4000025,2541316.0
2009-10-16 09:15:00,NSE:HCLTECH,75.75,76.4875025,74.8249975,75.3000025,2042484.0
2009-10-20 09:15:00,NSE:HCLTECH,76.125,78.7249975,75.375,77.8499975,5753140.0
2009-10-21 09:15:00,NSE:HCLTECH,78.0,81.8625025,78.0,80.3499975,10759608.0
2009-10-22 09:15:00,NSE:HCLTECH,80.75,82.7750025,80.0250025,81.7874975,7901052.0
2009-10-23 09:15:00,NSE:HCLTECH,80.2874975,83.875,80.2874975,81.5500025,3626380.0
2009-10-26 09:15:00,NSE:HCLTECH,82.0,83.2249975,80.2624975,81.9499975,2341724.0
2009-10-27 09:15:00,NSE:HCLTECH,80.5374975,82.4749975,79.5,80.0,2847776.0
2009-10-28 09:15:00,NSE:HCLTECH,79.0,81.4749975,77.5,78.3375025,5327348.0
2009-10-29 09:15:00,NSE:HCLTECH,77.5,82.375,76.0999975,77.5999975,0.0
2009-10-30 09:15:00,NSE:HCLTECH,79.4250025,79.8625025,75.8375025,76.5625,4640940.0
2009-11-03 09:15:00,NSE:HCLTECH,75.625,77.4749975,68.75,70.5749975,5975400.0
2009-11-04 09:15:00,NSE:HCLTECH,72.0,73.625,70.5250025,71.9499975,6988548.0
2009-11-05 09:15:00,NSE:HCLTECH,72.0,76.25,70.0250025,75.3874975,4887032.0
2009-11-06 09:15:00,NSE:HCLTECH,76.0,78.25,75.8874975,76.3125,3391164.0
2009-11-09 09:15:00,NSE:HCLTECH,75.0749975,78.8375025,75.0749975,78.0124975,2927316.0
2009-11-10 09:15:00,NSE:HCLTECH,83.0,83.0,75.7624975,76.3499975,3048056.0
2009-11-11 09:15:00,NSE:HCLTECH,77.0,80.9749975,76.0374975,80.6875,3781292.0
2009-11-12 09:15:00,NSE:HCLTECH,79.875,84.375,79.5,83.3375025,7048844.0
2009-11-13 09:15:00,NSE:HCLTECH,83.9749975,85.7375025,83.75,84.1750025,5504744.0
2009-11-16 09:15:00,NSE:HCLTECH,84.1750025,84.9749975,82.2874975,83.1624975,3111928.0
2009-11-17 09:15:00,NSE:HCLTECH,75.2750025,84.7375025,75.2750025,84.25,3012456.0
2009-11-18 09:15:00,NSE:HCLTECH,84.2249975,86.1500025,83.2874975,84.9375,3603468.0
2009-11-19 09:15:00,NSE:HCLTECH,85.0,86.0,80.0250025,82.0374975,3806712.0
2009-11-20 09:15:00,NSE:HCLTECH,80.2874975,82.4375,80.0,81.5250025,3640296.0
2009-11-23 09:15:00,NSE:HCLTECH,80.875,86.25,80.875,85.9000025,7019460.0
2009-11-24 09:15:00,NSE:HCLTECH,86.875,87.1999975,83.6624975,84.9250025,5470432.0
2009-11-25 09:15:00,NSE:HCLTECH,83.0875025,86.9875025,83.0875025,85.6500025,4426224.0
2009-11-26 09:15:00,NSE:HCLTECH,84.0875025,88.9875025,82.8125,84.1750025,4357576.0
2009-11-27 09:15:00,NSE:HCLTECH,84.4250025,84.4250025,80.0,82.7375025,2192060.0
2009-11-30 09:15:00,NSE:HCLTECH,81.2874975,85.625,81.2874975,84.2750025,2433676.0
2009-12-01 09:15:00,NSE:HCLTECH,84.9875025,86.2249975,84.3000025,85.1500025,2792668.0
2009-12-02 09:15:00,NSE:HCLTECH,83.3249975,85.2249975,81.7750025,82.3625025,4239120.0
2009-12-03 09:15:00,NSE:HCLTECH,81.9749975,84.375,80.8249975,83.8125,3321196.0
2009-12-04 09:15:00,NSE:HCLTECH,82.5374975,85.4250025,82.5374975,84.9749975,4725020.0
2009-12-07 09:15:00,NSE:HCLTECH,83.0749975,86.9499975,83.0749975,86.4875025,5985100.0
2009-12-08 09:15:00,NSE:HCLTECH,86.75,87.5,86.0,87.2624975,6397040.0
2009-12-09 09:15:00,NSE:HCLTECH,88.5,89.5500025,86.5999975,88.8625025,10189720.0
2009-12-10 09:15:00,NSE:HCLTECH,89.625,89.625,86.8000025,87.5374975,5052532.0
2009-12-11 09:15:00,NSE:HCLTECH,88.1999975,88.75,86.5374975,86.875,6302424.0
2009-12-14 09:15:00,NSE:HCLTECH,87.0,87.75,85.1374975,85.6624975,2643576.0
2009-12-15 09:15:00,NSE:HCLTECH,85.5,86.8375025,84.0250025,84.7249975,3329288.0
2009-12-16 09:15:00,NSE:HCLTECH,84.4749975,86.5,83.1875,86.0625,3056560.0
2009-12-17 09:15:00,NSE:HCLTECH,97.0,97.0,85.625,89.5250025,9007472.0
2009-12-18 09:15:00,NSE:HCLTECH,90.0,91.9000025,89.5625,91.3249975,8716788.0
2009-12-21 09:15:00,NSE:HCLTECH,91.5,92.9250025,88.5,89.0500025,5273356.0
2009-12-22 09:15:00,NSE:HCLTECH,89.0,90.3125,87.7125025,89.9000025,3308812.0
2009-12-23 09:15:00,NSE:HCLTECH,90.25,93.4499975,90.25,92.8249975,5432228.0
2009-12-24 09:15:00,NSE:HCLTECH,92.9749975,94.25,92.1500025,93.7249975,4767984.0
2009-12-29 09:15:00,NSE:HCLTECH,93.75,94.25,92.5250025,93.1500025,2451756.0
2009-12-30 09:15:00,NSE:HCLTECH,91.3125,93.8499975,91.3125,92.9124975,2271912.0
2009-12-31 09:15:00,NSE:HCLTECH,93.0,93.7249975,92.5,92.8249975,3645176.0
2010-01-04 09:15:00,NSE:HCLTECH,93.5625,93.75,92.0124975,92.7750025,1632148.0
2010-01-05 09:15:00,NSE:HCLTECH,93.125,95.25,92.6374975,94.8625025,5037896.0
2010-01-06 09:15:00,NSE:HCLTECH,95.0250025,95.7249975,91.25,92.0,3992320.0
2010-01-07 09:15:00,NSE:HCLTECH,92.9749975,92.9749975,89.8000025,90.0374975,3665940.0
2010-01-08 09:15:00,NSE:HCLTECH,90.75,90.75,87.3125,87.9375,6241492.0
2010-01-11 09:15:00,NSE:HCLTECH,87.9499975,90.375,87.9499975,88.8125,5742332.0
2010-01-12 09:15:00,NSE:HCLTECH,89.25,93.4499975,88.75,91.9625025,9051468.0
2010-01-13 09:15:00,NSE:HCLTECH,91.9625025,94.75,90.0250025,94.4875025,8064504.0
2010-01-14 09:15:00,NSE:HCLTECH,94.9749975,95.9375,91.4000025,92.5250025,7763244.0
2010-01-15 09:15:00,NSE:HCLTECH,92.875,93.4749975,91.5374975,92.3499975,2749332.0
2010-01-18 09:15:00,NSE:HCLTECH,91.75,94.5,91.75,94.1374975,3042216.0
2010-01-19 09:15:00,NSE:HCLTECH,94.25,94.9749975,92.5,94.1999975,3261340.0
2010-01-20 09:15:00,NSE:HCLTECH,94.5875025,96.2249975,93.5625,95.25,10776300.0
2010-01-21 09:15:00,NSE:HCLTECH,95.3499975,96.6999975,91.6374975,92.625,4222980.0
2010-01-22 09:15:00,NSE:HCLTECH,92.1875,97.2249975,88.7624975,95.6624975,7577756.0
2010-01-25 09:15:00,NSE:HCLTECH,94.5374975,94.5374975,89.0999975,90.3000025,8465164.0
2010-01-27 09:15:00,NSE:HCLTECH,88.5,90.3000025,81.2874975,82.5500025,6186612.0
2010-01-28 09:15:00,NSE:HCLTECH,83.75,88.25,83.5250025,86.8375025,10141268.0
2010-01-29 09:15:00,NSE:HCLTECH,83.0374975,88.5,79.7249975,86.6999975,7860892.0
2010-02-01 09:15:00,NSE:HCLTECH,86.0,88.5,84.0374975,86.9250025,2949960.0
2010-02-02 09:15:00,NSE:HCLTECH,88.25,89.75,84.25,85.5374975,5268412.0
2010-02-03 09:15:00,NSE:HCLTECH,86.7375025,87.6750025,85.8125,87.2375025,2227660.0
2010-02-04 09:15:00,NSE:HCLTECH,85.1374975,86.9375,83.2874975,84.2874975,3451708.0
2010-02-05 09:15:00,NSE:HCLTECH,79.3874975,85.7249975,79.3874975,84.2874975,4273852.0
2010-02-08 09:15:00,NSE:HCLTECH,85.5,86.3625025,83.2249975,85.4000025,1881576.0
2010-02-09 09:15:00,NSE:HCLTECH,86.0,87.5,85.0,86.6875,3087216.0
2010-02-10 09:15:00,NSE:HCLTECH,86.75,88.1875,86.5124975,87.0250025,3792096.0
2010-02-11 09:15:00,NSE:HCLTECH,87.25,88.5,86.8000025,87.2125025,1640296.0
2010-02-15 09:15:00,NSE:HCLTECH,88.0,91.2249975,88.0,90.3499975,8256392.0
2010-02-16 09:15:00,NSE:HCLTECH,90.6374975,91.2750025,88.75,90.1750025,4087456.0
2010-02-17 09:15:00,NSE:HCLTECH,90.5,91.0,89.5,90.4499975,1608804.0
2010-02-18 09:15:00,NSE:HCLTECH,91.1999975,91.1999975,89.2750025,90.1750025,1747308.0
2010-02-19 09:15:00,NSE:HCLTECH,89.7750025,92.1999975,88.7624975,90.7249975,4792680.0
2010-02-22 09:15:00,NSE:HCLTECH,91.75,92.9375,90.5,91.0374975,3657652.0
2010-02-23 09:15:00,NSE:HCLTECH,90.5,91.9375,90.0,90.7624975,1899780.0
2010-02-24 09:15:00,NSE:HCLTECH,90.0,92.4749975,90.0,91.3625025,2729800.0
2010-02-25 09:15:00,NSE:HCLTECH,91.6750025,92.5,89.8125,91.9250025,3227700.0
2010-02-26 09:15:00,NSE:HCLTECH,91.0250025,92.4749975,89.6750025,91.7750025,4111692.0
2010-03-02 09:15:00,NSE:HCLTECH,91.7750025,92.7375025,90.5124975,91.2125025,2625736.0
2010-03-03 09:15:00,NSE:HCLTECH,91.5,92.7249975,90.7624975,91.0749975,3442980.0
2010-03-04 09:15:00,NSE:HCLTECH,96.25,96.25,89.75,90.5749975,1147552.0
2010-03-05 09:15:00,NSE:HCLTECH,90.75,91.75,89.25,89.8000025,1601164.0
2010-03-08 09:15:00,NSE:HCLTECH,90.0749975,90.8249975,89.5,89.8499975,1520876.0
2010-03-09 09:15:00,NSE:HCLTECH,89.8499975,90.8000025,89.2750025,90.3375025,1622728.0
2010-03-10 09:15:00,NSE:HCLTECH,90.3375025,90.9250025,88.6500025,89.5124975,1840376.0
2010-03-11 09:15:00,NSE:HCLTECH,87.8874975,90.4749975,87.8874975,90.0999975,1722136.0
2010-03-12 09:15:00,NSE:HCLTECH,90.0250025,90.75,89.7750025,90.1374975,1397268.0
2010-03-15 09:15:00,NSE:HCLTECH,89.25,92.6999975,89.25,92.2874975,4347644.0
2010-03-16 09:15:00,NSE:HCLTECH,92.5,94.2249975,92.5,93.2750025,4783784.0
2010-03-17 09:15:00,NSE:HCLTECH,93.8499975,95.8125,93.25,95.4250025,4322856.0
2010-03-18 09:15:00,NSE:HCLTECH,95.4250025,95.75,93.4124975,93.9625025,1492656.0
2010-03-19 09:15:00,NSE:HCLTECH,94.25,94.5,93.0124975,93.5124975,1220236.0
2010-03-22 09:15:00,NSE:HCLTECH,92.9875025,93.4000025,91.75,92.2624975,1303836.0
2010-03-23 09:15:00,NSE:HCLTECH,91.9124975,92.875,91.125,91.7750025,1598484.0
2010-03-25 09:15:00,NSE:HCLTECH,91.7750025,94.25,90.5,93.1374975,5691200.0
2010-03-26 09:15:00,NSE:HCLTECH,93.5374975,93.9124975,92.125,92.6875,1487064.0
2010-03-29 09:15:00,NSE:HCLTECH,92.0250025,93.625,90.4375,92.6374975,1587440.0
2010-03-30 09:15:00,NSE:HCLTECH,93.0,93.0,89.3375025,89.8249975,2303860.0
2010-03-31 09:15:00,NSE:HCLTECH,90.0,91.2375025,87.8249975,89.5999975,3929348.0
2010-04-01 09:15:00,NSE:HCLTECH,90.0,91.0,88.75,89.2375025,3650020.0
2010-04-05 09:15:00,NSE:HCLTECH,90.0,90.4499975,88.8000025,90.1999975,2926064.0
2010-04-06 09:15:00,NSE:HCLTECH,90.3249975,90.6875,86.3625025,86.7249975,6345844.0
2010-04-07 09:15:00,NSE:HCLTECH,85.5,87.5,85.0,86.6374975,4959816.0
2010-04-08 09:15:00,NSE:HCLTECH,86.75,88.2249975,85.8874975,86.2750025,5187916.0
2010-04-09 09:15:00,NSE:HCLTECH,87.5,87.5,85.5250025,85.9000025,5949028.0
2010-04-12 09:15:00,NSE:HCLTECH,87.0,87.125,85.2874975,86.25,3059500.0
2010-04-13 09:15:00,NSE:HCLTECH,87.0,89.75,85.0250025,89.1875,6427252.0
2010-04-15 09:15:00,NSE:HCLTECH,89.5,90.8125,88.5,89.1750025,6326792.0
2010-04-16 09:15:00,NSE:HCLTECH,88.5,89.4749975,87.3874975,87.9250025,2701984.0
2010-04-19 09:15:00,NSE:HCLTECH,87.125,88.0,85.75,87.2249975,2970428.0
2010-04-20 09:15:00,NSE:HCLTECH,88.0,88.375,85.875,86.3375025,3590828.0
2010-04-21 09:15:00,NSE:HCLTECH,87.0,93.75,85.9124975,93.4749975,18467224.0
2010-04-22 09:15:00,NSE:HCLTECH,93.75,96.375,92.2750025,95.6125025,14995168.0
2010-04-23 09:15:00,NSE:HCLTECH,96.25,97.5,93.5625,96.9499975,10315716.0
2010-04-26 09:15:00,NSE:HCLTECH,97.25,98.4375,95.875,97.75,6461292.0
2010-04-27 09:15:00,NSE:HCLTECH,97.6750025,97.75,95.4250025,96.9875025,2942928.0
2010-04-28 09:15:00,NSE:HCLTECH,94.5875025,97.25,94.5875025,96.5374975,2394916.0
2010-04-29 09:15:00,NSE:HCLTECH,96.75,97.0999975,95.5124975,96.3625025,3171036.0
2010-04-30 09:15:00,NSE:HCLTECH,95.3625025,99.5,95.3625025,98.6125025,6177432.0
2010-05-03 09:15:00,NSE:HCLTECH,97.5,98.5500025,96.2874975,97.3499975,3384636.0
2010-05-04 09:15:00,NSE:HCLTECH,97.75,100.5,97.75,99.5875025,7590168.0
2010-05-05 09:15:00,NSE:HCLTECH,98.75,102.125,97.5,101.2624975,8741572.0
2010-05-06 09:15:00,NSE:HCLTECH,101.625,101.9625025,98.3000025,99.9749975,3278216.0
2010-05-07 09:15:00,NSE:HCLTECH,98.5374975,98.75,95.3249975,96.3874975,4836172.0
2010-05-10 09:15:00,NSE:HCLTECH,99.5,100.8125,97.3375025,99.6374975,3456488.0
2010-05-11 09:15:00,NSE:HCLTECH,102.5,102.5,96.5,96.875,2129220.0
2010-05-12 09:15:00,NSE:HCLTECH,97.4625025,98.625,96.25,98.1999975,2544240.0
2010-05-13 09:15:00,NSE:HCLTECH,98.0,100.1999975,98.0,99.6624975,2607520.0
2010-05-14 09:15:00,NSE:HCLTECH,99.125,102.25,98.75,101.3499975,4424652.0
2010-05-17 09:15:00,NSE:HCLTECH,101.0999975,101.0999975,98.0,98.5875025,1680680.0
2010-05-18 09:15:00,NSE:HCLTECH,99.5,100.6500025,98.25,99.0500025,1734936.0
2010-05-19 09:15:00,NSE:HCLTECH,98.5,98.5,90.9875025,92.9625025,4938020.0
2010-05-20 09:15:00,NSE:HCLTECH,94.6750025,94.6750025,89.1999975,90.3499975,2860888.0
2010-05-21 09:15:00,NSE:HCLTECH,89.5999975,93.0749975,87.2750025,91.8625025,4330116.0
2010-05-24 09:15:00,NSE:HCLTECH,91.8625025,93.75,89.4375,92.75,2426668.0
2010-05-25 09:15:00,NSE:HCLTECH,93.0,94.7125025,87.8249975,88.75,2231980.0
2010-05-26 09:15:00,NSE:HCLTECH,90.625,93.25,89.0250025,91.625,2164260.0
2010-05-27 09:15:00,NSE:HCLTECH,94.0,94.0,90.25,92.5374975,1700172.0
2010-05-28 09:15:00,NSE:HCLTECH,93.0,94.875,92.5,94.2750025,2102408.0
2010-05-31 09:15:00,NSE:HCLTECH,93.9749975,96.9625025,91.3249975,95.5875025,3761460.0
2010-06-01 09:15:00,NSE:HCLTECH,95.75,95.75,90.4000025,91.2375025,1299020.0
2010-06-02 09:15:00,NSE:HCLTECH,91.625,93.6999975,91.5,92.4749975,1991792.0
2010-06-03 09:15:00,NSE:HCLTECH,96.0,99.3499975,93.5500025,94.6500025,1413076.0
2010-06-04 09:15:00,NSE:HCLTECH,93.75,97.125,93.75,96.7249975,1959048.0
2010-06-07 09:15:00,NSE:HCLTECH,95.5,95.5,92.5250025,93.4250025,1269104.0
2010-06-08 09:15:00,NSE:HCLTECH,93.75,94.4499975,91.125,91.2624975,2222048.0
2010-06-09 09:15:00,NSE:HCLTECH,91.0,91.9749975,89.7750025,90.9625025,1509960.0
2010-06-10 09:15:00,NSE:HCLTECH,91.4499975,92.1125025,90.0374975,91.7249975,1627448.0
2010-06-11 09:15:00,NSE:HCLTECH,93.5,93.5,91.8249975,92.4000025,904312.0
2010-06-14 09:15:00,NSE:HCLTECH,93.0,95.7375025,92.4749975,95.1374975,3838884.0
2010-06-15 09:15:00,NSE:HCLTECH,95.7375025,97.8499975,94.0625,96.1374975,4427544.0
2010-06-16 09:15:00,NSE:HCLTECH,97.2249975,97.2249975,95.0124975,95.6125025,1505904.0
2010-06-17 09:15:00,NSE:HCLTECH,95.6125025,97.5,93.75,96.4124975,1479160.0
2010-06-18 09:15:00,NSE:HCLTECH,95.0124975,99.5,95.0124975,97.3125,6824788.0
2010-06-21 09:15:00,NSE:HCLTECH,97.5,98.1999975,96.0875025,97.0625,3389428.0
2010-06-22 09:15:00,NSE:HCLTECH,97.0,98.8375025,94.375,95.0124975,3639224.0
2010-06-23 09:15:00,NSE:HCLTECH,94.375,95.4875025,92.5500025,93.1875,3767840.0
2010-06-24 09:15:00,NSE:HCLTECH,92.1999975,92.5,88.25,91.0374975,29461428.0
2010-06-25 09:15:00,NSE:HCLTECH,90.5749975,90.6999975,88.7874975,89.625,7822984.0
2010-06-28 09:15:00,NSE:HCLTECH,90.0,90.6624975,89.3000025,90.5124975,3441680.0
2010-06-29 09:15:00,NSE:HCLTECH,90.0,91.25,89.2750025,90.1500025,4653972.0
2010-06-30 09:15:00,NSE:HCLTECH,89.7249975,91.625,88.9000025,91.0374975,4196660.0
2010-07-01 09:15:00,NSE:HCLTECH,91.0,91.375,89.6624975,90.8499975,2451500.0
2010-07-02 09:15:00,NSE:HCLTECH,90.2750025,91.2375025,87.875,88.2375025,5959000.0
2010-07-05 09:15:00,NSE:HCLTECH,87.75,89.6750025,87.75,88.8125,1603712.0
2010-07-06 09:15:00,NSE:HCLTECH,88.75,90.25,88.4124975,90.0,1845480.0
2010-07-07 09:15:00,NSE:HCLTECH,90.0,90.375,88.75,89.0374975,2143340.0
2010-07-08 09:15:00,NSE:HCLTECH,89.9499975,90.4250025,89.4250025,89.8874975,2582096.0
2010-07-09 09:15:00,NSE:HCLTECH,90.0,91.1750025,89.8125,90.3249975,4019368.0
2010-07-12 09:15:00,NSE:HCLTECH,91.25,92.5,90.6750025,91.2125025,3859896.0
2010-07-13 09:15:00,NSE:HCLTECH,92.0,92.0,89.0500025,90.2125025,3218068.0
2010-07-14 09:15:00,NSE:HCLTECH,90.4749975,91.0,89.0500025,89.25,1972088.0
2010-07-15 09:15:00,NSE:HCLTECH,89.8625025,89.8625025,89.0749975,89.4124975,1816936.0
2010-07-16 09:15:00,NSE:HCLTECH,89.7249975,93.5,89.4000025,93.3249975,8399136.0
2010-07-19 09:15:00,NSE:HCLTECH,92.5,95.0,91.6500025,94.5749975,4732324.0
2010-07-20 09:15:00,NSE:HCLTECH,95.0250025,95.1624975,92.0500025,92.75,2098508.0
2010-07-21 09:15:00,NSE:HCLTECH,93.25,93.5749975,92.0124975,92.8625025,2262252.0
2010-07-22 09:15:00,NSE:HCLTECH,92.4124975,93.4375,92.3874975,92.6999975,2922484.0
2010-07-23 09:15:00,NSE:HCLTECH,93.75,94.4499975,92.9250025,93.1999975,2691788.0
2010-07-26 09:15:00,NSE:HCLTECH,93.2874975,93.8625025,92.5,93.4875025,853800.0
2010-07-27 09:15:00,NSE:HCLTECH,93.75,95.3499975,92.9875025,95.125,3693356.0
2010-07-28 09:15:00,NSE:HCLTECH,95.625,96.0,92.5875025,93.1374975,3258296.0
2010-07-29 09:15:00,NSE:HCLTECH,95.0,98.9625025,93.6624975,94.5124975,15329908.0
2010-07-30 09:15:00,NSE:HCLTECH,94.5,98.5,94.5,98.0500025,10248516.0
2010-08-02 09:15:00,NSE:HCLTECH,99.1374975,99.9499975,97.5500025,98.2125025,2705800.0
2010-08-03 09:15:00,NSE:HCLTECH,98.25,98.8000025,97.0250025,98.1999975,2129332.0
2010-08-04 09:15:00,NSE:HCLTECH,98.0625,102.0,97.5,100.9375,7891700.0
2010-08-05 09:15:00,NSE:HCLTECH,101.5875025,104.2874975,101.25,103.5875025,10054828.0
2010-08-06 09:15:00,NSE:HCLTECH,103.5875025,104.5,102.5875025,103.0124975,3400668.0
2010-08-09 09:15:00,NSE:HCLTECH,102.9499975,104.5,101.6500025,104.0374975,2971760.0
2010-08-10 09:15:00,NSE:HCLTECH,103.8874975,104.1999975,102.6875,103.2125025,1574052.0
2010-08-11 09:15:00,NSE:HCLTECH,102.5,103.4625025,100.9124975,101.6750025,2172020.0
2010-08-12 09:15:00,NSE:HCLTECH,98.75,101.0,98.75,100.3499975,1787124.0
2010-08-13 09:15:00,NSE:HCLTECH,100.3499975,103.8625025,100.3499975,102.7624975,3584140.0
2010-08-16 09:15:00,NSE:HCLTECH,103.0250025,103.875,99.3874975,100.3249975,2284780.0
2010-08-17 09:15:00,NSE:HCLTECH,102.1750025,102.1750025,98.6374975,99.0875025,2298644.0
2010-08-18 09:15:00,NSE:HCLTECH,99.0875025,103.0,98.2249975,102.2874975,2945340.0
2010-08-19 09:15:00,NSE:HCLTECH,102.2874975,103.2375025,101.0,101.5250025,1480288.0
2010-08-20 09:15:00,NSE:HCLTECH,101.9749975,103.25,100.75,101.9375,2230840.0
2010-08-23 09:15:00,NSE:HCLTECH,102.2624975,103.0374975,101.3000025,102.2750025,1205292.0
2010-08-24 09:15:00,NSE:HCLTECH,102.125,102.9499975,101.0124975,102.2874975,1441008.0
2010-08-25 09:15:00,NSE:HCLTECH,102.25,103.6875,100.8125,102.3874975,4007504.0
2010-08-26 09:15:00,NSE:HCLTECH,103.4749975,105.4124975,101.875,103.4749975,12596468.0
2010-08-27 09:15:00,NSE:HCLTECH,103.4749975,103.4749975,100.0,100.8375025,2399616.0
2010-08-30 09:15:00,NSE:HCLTECH,102.4499975,102.4499975,97.5250025,98.3249975,2679856.0
2010-08-31 09:15:00,NSE:HCLTECH,98.25,99.25,94.6125025,95.6374975,5544012.0
2010-09-01 09:15:00,NSE:HCLTECH,96.0374975,97.125,94.1999975,96.5250025,6853124.0
2010-09-02 09:15:00,NSE:HCLTECH,98.5,101.3499975,96.625,100.9749975,5708704.0
2010-09-03 09:15:00,NSE:HCLTECH,101.25,102.0875025,99.7750025,100.5250025,2794504.0
2010-09-06 09:15:00,NSE:HCLTECH,100.75,102.0,100.0999975,101.4625025,2762144.0
2010-09-07 09:15:00,NSE:HCLTECH,101.25,101.9749975,99.75,100.4625025,3199340.0
2010-09-08 09:15:00,NSE:HCLTECH,99.7874975,101.6875,99.5250025,101.4375,3534212.0
2010-09-09 09:15:00,NSE:HCLTECH,101.4875025,102.8499975,100.9000025,102.5250025,3217908.0
2010-09-13 09:15:00,NSE:HCLTECH,103.4375,103.6999975,102.0,102.6374975,1976264.0
2010-09-14 09:15:00,NSE:HCLTECH,103.0,103.75,101.9250025,102.3249975,2007072.0
2010-09-15 09:15:00,NSE:HCLTECH,102.0,106.1750025,94.3625025,105.6999975,6247968.0
2010-09-16 09:15:00,NSE:HCLTECH,106.0500025,106.4625025,103.875,104.375,2061360.0
2010-09-17 09:15:00,NSE:HCLTECH,104.375,105.75,104.3000025,104.8125,2262320.0
2010-09-20 09:15:00,NSE:HCLTECH,104.9499975,106.0,104.2249975,105.5250025,3099464.0
2010-09-21 09:15:00,NSE:HCLTECH,105.75,107.5,104.0,107.0749975,6165932.0
2010-09-22 09:15:00,NSE:HCLTECH,107.5,107.9875025,104.6999975,105.2750025,3836256.0
2010-09-23 09:15:00,NSE:HCLTECH,103.75,106.0,100.2750025,102.875,2292356.0
2010-09-24 09:15:00,NSE:HCLTECH,102.875,105.6999975,102.7624975,105.3625025,2952248.0
2010-09-27 09:15:00,NSE:HCLTECH,105.375,106.5,103.8874975,104.4124975,2101788.0
2010-09-28 09:15:00,NSE:HCLTECH,104.9749975,104.9749975,103.125,103.5124975,2947612.0
2010-09-29 09:15:00,NSE:HCLTECH,104.375,105.375,103.4375,104.3000025,2207600.0
2010-09-30 09:15:00,NSE:HCLTECH,104.9749975,106.7249975,102.9000025,105.1875,3811708.0
2010-10-01 09:15:00,NSE:HCLTECH,105.625,108.2125025,105.1500025,107.7249975,4598816.0
2010-10-04 09:15:00,NSE:HCLTECH,107.5124975,110.375,107.4499975,108.9250025,6559352.0
2010-10-05 09:15:00,NSE:HCLTECH,109.125,110.8499975,107.6500025,108.2624975,3818352.0
2010-10-06 09:15:00,NSE:HCLTECH,109.0,109.9000025,107.6624975,108.4375,2079820.0
2010-10-07 09:15:00,NSE:HCLTECH,108.5,109.4499975,106.8499975,107.4499975,1702752.0
2010-10-08 09:15:00,NSE:HCLTECH,107.5,108.75,106.75,108.2874975,1224764.0
2010-10-11 09:15:00,NSE:HCLTECH,109.0,109.1750025,106.5250025,107.6875,1154308.0
2010-10-12 09:15:00,NSE:HCLTECH,107.75,108.5749975,106.875,107.4124975,1295540.0
2010-10-13 09:15:00,NSE:HCLTECH,107.5,111.75,106.5500025,111.0625,6806636.0
2010-10-14 09:15:00,NSE:HCLTECH,111.375,113.875,109.125,109.7125025,3558520.0
2010-10-15 09:15:00,NSE:HCLTECH,110.5,112.0500025,107.5,107.8499975,2227200.0
2010-10-18 09:15:00,NSE:HCLTECH,107.75,111.9499975,106.2874975,111.6125025,4066656.0
2010-10-19 09:15:00,NSE:HCLTECH,111.75,112.0,108.5374975,109.8125,2721300.0
2010-10-20 09:15:00,NSE:HCLTECH,108.75,111.1875,106.0625,106.5250025,3060488.0
2010-10-21 09:15:00,NSE:HCLTECH,106.5,107.1999975,105.125,105.9000025,4760728.0
2010-10-22 09:15:00,NSE:HCLTECH,106.0,106.4625025,103.3000025,104.2125025,3430336.0
2010-10-25 09:15:00,NSE:HCLTECH,104.6374975,106.375,104.3375025,106.1374975,1424816.0
2010-10-26 09:15:00,NSE:HCLTECH,106.0,106.625,105.0374975,105.7624975,1594576.0
2010-10-27 09:15:00,NSE:HCLTECH,105.0250025,105.875,103.7624975,104.3249975,1776400.0
2010-10-28 09:15:00,NSE:HCLTECH,103.7750025,105.0,99.75,102.5999975,5889116.0
2010-10-29 09:15:00,NSE:HCLTECH,102.1374975,102.25,100.25,100.9499975,3416932.0
2010-11-01 09:15:00,NSE:HCLTECH,101.2874975,102.25,100.0,101.9499975,2884776.0
2010-11-02 09:15:00,NSE:HCLTECH,101.9499975,102.25,100.2750025,101.5124975,2741284.0
2010-11-03 09:15:00,NSE:HCLTECH,100.75,102.6125025,100.75,101.5250025,3960364.0
2010-11-04 09:15:00,NSE:HCLTECH,101.25,104.0,101.25,103.0124975,4074184.0
2010-11-05 09:15:00,NSE:HCLTECH,103.0124975,104.2375025,103.0124975,103.4625025,190944.0
2010-11-08 09:15:00,NSE:HCLTECH,102.0,103.75,101.25,101.4124975,1955936.0
2010-11-09 09:15:00,NSE:HCLTECH,101.75,102.0,100.5625,101.2125025,2139344.0
2010-11-10 09:15:00,NSE:HCLTECH,100.3000025,102.7125025,100.3000025,101.25,2578936.0
2010-11-11 09:15:00,NSE:HCLTECH,102.0,102.0,100.5,100.6624975,1192016.0
2010-11-12 09:15:00,NSE:HCLTECH,100.25,101.5999975,100.0,100.6125025,1358532.0
2010-11-15 09:15:00,NSE:HCLTECH,100.0,101.8499975,98.1374975,101.0875025,2747656.0
2010-11-16 09:15:00,NSE:HCLTECH,101.75,101.875,96.3249975,98.0875025,3156624.0
2010-11-18 09:15:00,NSE:HCLTECH,101.1750025,101.1750025,97.5,98.3625025,1931828.0
2010-11-19 09:15:00,NSE:HCLTECH,98.0,98.375,91.9250025,94.25,2843744.0
2010-11-22 09:15:00,NSE:HCLTECH,94.5250025,98.2375025,92.7624975,97.5625,3014880.0
2010-11-23 09:15:00,NSE:HCLTECH,97.9250025,99.625,96.0749975,99.0,4664804.0
2010-11-24 09:15:00,NSE:HCLTECH,98.0,99.125,97.0124975,97.625,3555456.0
2010-11-25 09:15:00,NSE:HCLTECH,97.0,99.5,94.3625025,96.4375,5205576.0
2010-11-26 09:15:00,NSE:HCLTECH,97.0,99.875,95.7750025,98.0,4427316.0
2010-11-29 09:15:00,NSE:HCLTECH,98.5124975,99.4499975,96.3125,98.3874975,2234448.0
2010-11-30 09:15:00,NSE:HCLTECH,97.0,101.5,96.875,100.9375,2527028.0
2010-12-01 09:15:00,NSE:HCLTECH,101.75,103.5,101.6875,102.7624975,2189460.0
2010-12-02 09:15:00,NSE:HCLTECH,104.375,105.0875025,102.5,104.8125,3386256.0
2010-12-03 09:15:00,NSE:HCLTECH,105.0,106.875,104.5500025,105.9250025,3734464.0
2010-12-06 09:15:00,NSE:HCLTECH,106.25,107.75,105.0,106.5374975,3319000.0
2010-12-07 09:15:00,NSE:HCLTECH,105.3125,109.6875,105.3125,108.9749975,5127824.0
2010-12-08 09:15:00,NSE:HCLTECH,108.25,108.9000025,106.9124975,108.2624975,4011780.0
2010-12-09 09:15:00,NSE:HCLTECH,108.25,108.875,104.875,106.3499975,3422196.0
2010-12-10 09:15:00,NSE:HCLTECH,106.0,109.5,105.0,107.9499975,3147728.0
2010-12-13 09:15:00,NSE:HCLTECH,107.7624975,110.1624975,107.0250025,109.4124975,4003740.0
2010-12-14 09:15:00,NSE:HCLTECH,109.25,111.2375025,105.2750025,110.875,4051028.0
2010-12-15 09:15:00,NSE:HCLTECH,109.7874975,112.5,109.5250025,112.0999975,4830808.0
2010-12-16 09:15:00,NSE:HCLTECH,110.8874975,112.875,110.8874975,112.25,4709040.0
2010-12-20 09:15:00,NSE:HCLTECH,108.3249975,113.0999975,108.3249975,112.2874975,2379776.0
2010-12-21 09:15:00,NSE:HCLTECH,112.9375,113.7249975,112.1374975,113.2249975,2879908.0
2010-12-22 09:15:00,NSE:HCLTECH,113.125,113.25,110.8000025,112.8874975,1977360.0
2010-12-23 09:15:00,NSE:HCLTECH,113.5,114.625,112.2750025,114.4000025,3424088.0
2010-12-24 09:15:00,NSE:HCLTECH,112.8375025,114.5,112.75,113.7624975,2114260.0
2010-12-27 09:15:00,NSE:HCLTECH,114.4250025,114.4250025,112.6999975,113.1500025,938476.0
2010-12-28 09:15:00,NSE:HCLTECH,112.8249975,115.0124975,112.3125,114.875,1948436.0
2010-12-29 09:15:00,NSE:HCLTECH,114.9749975,115.1875,113.4749975,114.3249975,2315432.0
2010-12-30 09:15:00,NSE:HCLTECH,114.375,115.0124975,113.2750025,114.8625025,3912636.0
2010-12-31 09:15:00,NSE:HCLTECH,114.0,114.9749975,113.5625,114.0625,1482424.0
2011-01-03 09:15:00,NSE:HCLTECH,115.0,115.0,112.8125,113.5374975,1763960.0
2011-01-04 09:15:00,NSE:HCLTECH,113.75,115.9875025,112.9749975,115.2874975,2118248.0
2011-01-05 09:15:00,NSE:HCLTECH,115.25,118.75,115.0,118.0875025,5206448.0
2011-01-06 09:15:00,NSE:HCLTECH,118.5875025,120.3625025,118.5124975,119.4250025,3605056.0
2011-01-07 09:15:00,NSE:HCLTECH,119.75,122.25,115.25,116.3125,5623508.0
2011-01-10 09:15:00,NSE:HCLTECH,116.5875025,118.6500025,114.75,116.2249975,2512036.0
2011-01-11 09:15:00,NSE:HCLTECH,116.2249975,123.1750025,115.75,118.8249975,9608028.0
2011-01-12 09:15:00,NSE:HCLTECH,119.25,121.25,116.6875,119.1624975,5377136.0
2011-01-13 09:15:00,NSE:HCLTECH,117.75,120.4499975,114.6875,116.1875,5567776.0
2011-01-14 09:15:00,NSE:HCLTECH,115.75,120.0,115.5875025,117.6500025,3733116.0
2011-01-17 09:15:00,NSE:HCLTECH,116.5250025,119.7125025,115.5999975,119.0999975,2836656.0
2011-01-18 09:15:00,NSE:HCLTECH,119.5,123.75,119.5,122.1875,4606684.0
2011-01-19 09:15:00,NSE:HCLTECH,125.9000025,129.287505,125.7249975,127.0124975,13229200.0
2011-01-20 09:15:00,NSE:HCLTECH,125.5,128.5,123.8000025,127.7125025,9301052.0
2011-01-21 09:15:00,NSE:HCLTECH,126.75,127.6750025,124.375,124.8874975,2748028.0
2011-01-24 09:15:00,NSE:HCLTECH,127.5,128.125,125.5749975,127.0374975,4157024.0
2011-01-25 09:15:00,NSE:HCLTECH,127.0,128.0,124.6875,127.125,4004700.0
2011-01-27 09:15:00,NSE:HCLTECH,127.0,128.5,125.8499975,126.3874975,4323848.0
2011-01-28 09:15:00,NSE:HCLTECH,126.75,128.0,121.6999975,123.3249975,4540688.0
2011-01-31 09:15:00,NSE:HCLTECH,121.1500025,123.4250025,119.5,122.6875,3062924.0
2011-02-01 09:15:00,NSE:HCLTECH,123.5999975,123.875,120.4000025,121.1374975,1960824.0
2011-02-02 09:15:00,NSE:HCLTECH,124.0875025,125.8625025,121.4124975,124.5500025,3296436.0
2011-02-03 09:15:00,NSE:HCLTECH,124.5250025,125.6999975,121.5749975,122.7750025,3492820.0
2011-02-04 09:15:00,NSE:HCLTECH,123.0,123.0,119.5,120.0875025,3796984.0
2011-02-07 09:15:00,NSE:HCLTECH,120.75,121.7375025,117.0500025,119.4250025,2543044.0
2011-02-08 09:15:00,NSE:HCLTECH,119.5,119.9749975,115.5374975,116.3625025,3292400.0
2011-02-09 09:15:00,NSE:HCLTECH,114.7750025,116.75,112.875,115.6750025,3295320.0
2011-02-10 09:15:00,NSE:HCLTECH,115.5,119.6750025,115.2125025,117.4375,3084956.0
2011-02-11 09:15:00,NSE:HCLTECH,113.0,118.5875025,113.0,117.375,3752584.0
2011-02-14 09:15:00,NSE:HCLTECH,117.5500025,122.4749975,116.25,120.5625,4540248.0
2011-02-15 09:15:00,NSE:HCLTECH,120.5,122.4875025,118.0875025,120.75,3449144.0
2011-02-16 09:15:00,NSE:HCLTECH,121.4625025,121.4625025,117.7624975,118.4375,2777548.0
2011-02-17 09:15:00,NSE:HCLTECH,118.25,119.1875,116.25,116.8625025,3841848.0
2011-02-18 09:15:00,NSE:HCLTECH,117.3125,117.5,112.875,114.4000025,10064364.0
2011-02-21 09:15:00,NSE:HCLTECH,113.75,116.875,111.6875,116.2750025,8976980.0
2011-02-22 09:15:00,NSE:HCLTECH,115.25,116.0999975,113.5250025,115.0,4359160.0
2011-02-23 09:15:00,NSE:HCLTECH,114.1125025,116.4749975,113.2750025,114.9124975,3250960.0
2011-02-24 09:15:00,NSE:HCLTECH,114.5,115.875,106.375,110.2249975,16981564.0
2011-02-25 09:15:00,NSE:HCLTECH,110.5,112.1500025,108.5999975,111.4749975,3191652.0
2011-02-28 09:15:00,NSE:HCLTECH,111.8249975,115.5,108.75,110.6125025,2431036.0
2011-03-01 09:15:00,NSE:HCLTECH,111.25,118.1999975,109.1750025,117.1875,5109796.0
2011-03-03 09:15:00,NSE:HCLTECH,115.0500025,116.25,113.2750025,115.1125025,3417636.0
2011-03-04 09:15:00,NSE:HCLTECH,115.2624975,117.1999975,115.2624975,115.7125025,2473024.0
2011-03-07 09:15:00,NSE:HCLTECH,114.375,115.375,111.8125,112.9749975,3284216.0
2011-03-08 09:15:00,NSE:HCLTECH,112.8874975,116.9875025,112.8874975,116.0,3639092.0
2011-03-09 09:15:00,NSE:HCLTECH,115.4375,117.375,114.9000025,116.125,1469756.0
2011-03-10 09:15:00,NSE:HCLTECH,115.75,115.75,113.4000025,114.2375025,1916248.0
2011-03-11 09:15:00,NSE:HCLTECH,113.0250025,114.5,111.875,113.7249975,1678540.0
2011-03-14 09:15:00,NSE:HCLTECH,112.8000025,116.4625025,112.5749975,116.1500025,1579500.0
2011-03-15 09:15:00,NSE:HCLTECH,113.5,115.0,111.1374975,113.875,3762616.0
2011-03-16 09:15:00,NSE:HCLTECH,114.0,116.25,114.0,116.0500025,3145884.0
2011-03-17 09:15:00,NSE:HCLTECH,115.0,116.4375,113.1750025,114.4625025,4237992.0
2011-03-18 09:15:00,NSE:HCLTECH,115.0500025,115.9499975,111.3874975,112.5749975,2974972.0
2011-03-21 09:15:00,NSE:HCLTECH,112.8375025,113.9000025,112.1500025,112.7375025,1934844.0
2011-03-22 09:15:00,NSE:HCLTECH,113.0749975,113.5749975,112.5,113.0124975,2459780.0
2011-03-23 09:15:00,NSE:HCLTECH,112.9625025,114.4499975,112.5500025,113.6125025,3577348.0
2011-03-24 09:15:00,NSE:HCLTECH,113.9375,115.4749975,113.9000025,115.0999975,1647364.0
2011-03-25 09:15:00,NSE:HCLTECH,115.0250025,119.7125025,115.0250025,117.8125,4662664.0
2011-03-28 09:15:00,NSE:HCLTECH,116.9250025,119.9499975,116.5,119.2125025,3615188.0
2011-03-29 09:15:00,NSE:HCLTECH,119.75,120.75,118.5124975,120.0,3917004.0
2011-03-30 09:15:00,NSE:HCLTECH,120.3000025,121.4000025,117.8000025,119.0749975,4872560.0
2011-03-31 09:15:00,NSE:HCLTECH,119.0124975,121.25,116.1999975,119.4875025,6580500.0
2011-04-01 09:15:00,NSE:HCLTECH,119.1125025,119.25,116.0,116.7874975,2213416.0
2011-04-04 09:15:00,NSE:HCLTECH,117.0,122.2249975,117.0,121.3000025,3696084.0
2011-04-05 09:15:00,NSE:HCLTECH,121.7874975,123.0999975,120.0374975,121.6999975,2153052.0
2011-04-06 09:15:00,NSE:HCLTECH,121.75,124.1750025,121.0,122.9250025,5984004.0
2011-04-07 09:15:00,NSE:HCLTECH,122.5124975,125.0,122.25,124.4625025,2383700.0
2011-04-08 09:15:00,NSE:HCLTECH,124.5,125.75,120.9000025,121.1875,1993212.0
2011-04-11 09:15:00,NSE:HCLTECH,121.0124975,123.5999975,120.0124975,122.8249975,2426640.0
2011-04-13 09:15:00,NSE:HCLTECH,121.6374975,125.9375,121.6374975,124.3249975,3776508.0
2011-04-15 09:15:00,NSE:HCLTECH,124.75,124.9625025,119.7750025,120.6750025,4065600.0
2011-04-18 09:15:00,NSE:HCLTECH,120.8249975,123.75,115.0250025,115.7624975,4171144.0
2011-04-19 09:15:00,NSE:HCLTECH,116.25,119.9625025,116.25,119.1374975,2245856.0
2011-04-20 09:15:00,NSE:HCLTECH,125.375,131.5,125.375,130.712495,27525060.0
2011-04-21 09:15:00,NSE:HCLTECH,130.712495,132.0,129.212495,129.75,7735960.0
2011-04-25 09:15:00,NSE:HCLTECH,123.2624975,130.3625025,123.2624975,128.774995,3222984.0
2011-04-26 09:15:00,NSE:HCLTECH,128.0124975,129.5500025,127.1875,129.125,2516028.0
2011-04-27 09:15:00,NSE:HCLTECH,129.9875025,129.9875025,128.462495,129.0124975,1562236.0
2011-04-28 09:15:00,NSE:HCLTECH,129.25,130.975005,127.5124975,128.0749975,3764672.0
2011-04-29 09:15:00,NSE:HCLTECH,128.125,131.100005,128.0,130.3000025,3163448.0
2011-05-02 09:15:00,NSE:HCLTECH,130.75,131.725005,129.837495,130.125,3676200.0
2011-05-03 09:15:00,NSE:HCLTECH,129.125,129.9875025,127.4749975,128.75,3105704.0
2011-05-04 09:15:00,NSE:HCLTECH,127.5250025,128.1875,123.8499975,124.6624975,3550544.0
2011-05-05 09:15:00,NSE:HCLTECH,122.75,124.9375,122.5250025,124.1125025,4233320.0
2011-05-06 09:15:00,NSE:HCLTECH,124.1750025,125.625,124.0,125.0875025,2380036.0
2011-05-09 09:15:00,NSE:HCLTECH,124.375,127.2249975,124.25,124.8499975,2342984.0
2011-05-10 09:15:00,NSE:HCLTECH,125.6125025,127.1750025,124.1999975,125.7750025,1853720.0
2011-05-11 09:15:00,NSE:HCLTECH,125.4000025,126.9499975,125.4000025,126.3375025,856392.0
2011-05-12 09:15:00,NSE:HCLTECH,123.25,127.0500025,123.25,126.2249975,5628568.0
2011-05-13 09:15:00,NSE:HCLTECH,125.2874975,128.0,124.9749975,126.1875,2843012.0
2011-05-16 09:15:00,NSE:HCLTECH,126.0,126.3249975,124.4000025,124.9000025,1220572.0
2011-05-17 09:15:00,NSE:HCLTECH,125.5,126.9124975,124.5250025,125.7750025,1817940.0
2011-05-18 09:15:00,NSE:HCLTECH,126.5,126.5,125.375,126.0250025,3189328.0
2011-05-19 09:15:00,NSE:HCLTECH,126.25,127.3499975,125.9250025,126.7125025,3443972.0
2011-05-20 09:15:00,NSE:HCLTECH,126.875,126.875,125.1750025,126.4875025,901068.0
2011-05-23 09:15:00,NSE:HCLTECH,125.5,125.9875025,122.7750025,123.4124975,874748.0
2011-05-24 09:15:00,NSE:HCLTECH,122.5124975,123.5999975,120.5500025,122.7125025,2368548.0
2011-05-25 09:15:00,NSE:HCLTECH,122.5,123.4375,120.375,122.8375025,1819912.0
2011-05-26 09:15:00,NSE:HCLTECH,122.5124975,125.4124975,122.1500025,124.8125,3789232.0
2011-05-27 09:15:00,NSE:HCLTECH,125.0500025,129.375,125.0500025,127.1875,3230980.0
2011-05-30 09:15:00,NSE:HCLTECH,127.2249975,128.75,126.0875025,127.2125025,1521540.0
2011-05-31 09:15:00,NSE:HCLTECH,127.2249975,129.25,127.2249975,128.6999975,3966884.0
2011-06-01 09:15:00,NSE:HCLTECH,127.8499975,129.0,127.25,128.600005,1150796.0
2011-06-02 09:15:00,NSE:HCLTECH,127.25,128.8125,127.1750025,128.4250025,1230756.0
2011-06-03 09:15:00,NSE:HCLTECH,128.0124975,129.375,127.2249975,128.087495,1516668.0
2011-06-06 09:15:00,NSE:HCLTECH,127.0124975,128.5,126.2624975,127.375,1141176.0
2011-06-07 09:15:00,NSE:HCLTECH,126.0124975,128.7375025,126.0124975,127.9499975,1614776.0
2011-06-08 09:15:00,NSE:HCLTECH,128.0,128.1750025,127.1374975,127.7375025,642400.0
2011-06-09 09:15:00,NSE:HCLTECH,125.9250025,127.2375025,124.4250025,126.9250025,1814400.0
2011-06-10 09:15:00,NSE:HCLTECH,126.0,127.1374975,125.2750025,125.7125025,720624.0
2011-06-13 09:15:00,NSE:HCLTECH,125.25,126.5,124.125,125.0875025,1490548.0
2011-06-14 09:15:00,NSE:HCLTECH,126.0,127.3249975,125.5250025,126.9000025,1209236.0
2011-06-15 09:15:00,NSE:HCLTECH,126.25,127.3499975,124.5250025,124.8000025,1673208.0
2011-06-16 09:15:00,NSE:HCLTECH,124.4499975,124.4499975,121.6875,122.2624975,2491304.0
2011-06-17 09:15:00,NSE:HCLTECH,122.0124975,123.3249975,118.75,119.9875025,3937452.0
2011-06-20 09:15:00,NSE:HCLTECH,120.5,121.0,109.9875025,116.2750025,5147044.0
2011-06-21 09:15:00,NSE:HCLTECH,117.25,117.25,112.9875025,116.2624975,5531680.0
2011-06-22 09:15:00,NSE:HCLTECH,116.3874975,117.5,114.5250025,115.8499975,2097880.0
2011-06-23 09:15:00,NSE:HCLTECH,115.3249975,118.5250025,114.7874975,117.6624975,2605116.0
2011-06-24 09:15:00,NSE:HCLTECH,118.3000025,123.6624975,118.3000025,123.1999975,3968564.0
2011-06-27 09:15:00,NSE:HCLTECH,121.5625,124.125,121.5500025,122.5875025,1810108.0
2011-06-28 09:15:00,NSE:HCLTECH,123.9875025,124.375,120.2125025,122.4625025,3530532.0
2011-06-29 09:15:00,NSE:HCLTECH,123.4250025,123.9749975,121.0374975,122.1999975,2832376.0
2011-06-30 09:15:00,NSE:HCLTECH,122.5,124.9749975,122.375,123.6875,4528380.0
2011-07-01 09:15:00,NSE:HCLTECH,123.9124975,125.875,123.75,124.0500025,1513268.0
2011-07-04 09:15:00,NSE:HCLTECH,125.0,125.25,124.2624975,124.7249975,592820.0
2011-07-05 09:15:00,NSE:HCLTECH,125.0,126.9875025,124.6500025,126.6500025,2149012.0
2011-07-06 09:15:00,NSE:HCLTECH,126.8000025,128.100005,125.5,125.8499975,1725576.0
2011-07-07 09:15:00,NSE:HCLTECH,126.0625,127.75,125.1624975,127.4000025,2041216.0
2011-07-08 09:15:00,NSE:HCLTECH,127.5,128.1125025,125.2624975,125.5625,1521372.0
2011-07-11 09:15:00,NSE:HCLTECH,126.0,126.8499975,122.75,123.3000025,1420352.0
2011-07-12 09:15:00,NSE:HCLTECH,122.25,123.5999975,120.7375025,122.8874975,4389860.0
2011-07-13 09:15:00,NSE:HCLTECH,123.0250025,124.1999975,122.5,123.7125025,1499404.0
2011-07-14 09:15:00,NSE:HCLTECH,122.8000025,124.0,122.3125,123.0500025,1657744.0
2011-07-15 09:15:00,NSE:HCLTECH,124.4749975,124.7375025,122.5749975,124.4124975,2487108.0
2011-07-18 09:15:00,NSE:HCLTECH,125.0,127.0,124.6999975,126.0625,2608212.0
2011-07-19 09:15:00,NSE:HCLTECH,126.5,127.5,126.0875025,126.9875025,1621760.0
2011-07-20 09:15:00,NSE:HCLTECH,127.1374975,127.5,123.0,124.9000025,1685428.0
2011-07-21 09:15:00,NSE:HCLTECH,123.75,126.9250025,123.3249975,125.8499975,2077948.0
2011-07-22 09:15:00,NSE:HCLTECH,125.7874975,126.875,125.4625025,126.2249975,4319188.0
2011-07-25 09:15:00,NSE:HCLTECH,125.5,129.8125,125.3874975,129.149995,3081688.0
2011-07-26 09:15:00,NSE:HCLTECH,128.3874975,130.25,127.5,128.787505,2071188.0
2011-07-27 09:15:00,NSE:HCLTECH,130.0,130.462495,125.3125,126.0,5040528.0
2011-07-28 09:15:00,NSE:HCLTECH,123.25,123.75,121.4499975,122.75,6509136.0
2011-07-29 09:15:00,NSE:HCLTECH,122.25,123.0,119.7624975,121.6999975,3671940.0
2011-08-01 09:15:00,NSE:HCLTECH,121.7750025,123.7125025,120.4250025,121.5124975,3829676.0
2011-08-02 09:15:00,NSE:HCLTECH,121.1374975,121.6875,117.8249975,118.8249975,2993448.0
2011-08-03 09:15:00,NSE:HCLTECH,117.5124975,118.7249975,115.5250025,118.1500025,3584764.0
2011-08-04 09:15:00,NSE:HCLTECH,117.6374975,119.5,116.3000025,117.0,2134896.0
2011-08-05 09:15:00,NSE:HCLTECH,114.5,114.5,106.75,110.8625025,6903112.0
2011-08-08 09:15:00,NSE:HCLTECH,106.25,107.5,101.1999975,104.8125,9761400.0
2011-08-09 09:15:00,NSE:HCLTECH,99.7874975,107.0250025,99.75,103.2874975,8045204.0
2011-08-10 09:15:00,NSE:HCLTECH,106.25,109.1624975,103.6624975,105.5374975,7931996.0
2011-08-11 09:15:00,NSE:HCLTECH,103.25,106.0,102.125,103.1624975,4923744.0
2011-08-12 09:15:00,NSE:HCLTECH,104.0124975,105.125,100.8499975,101.9375,2984700.0
2011-08-16 09:15:00,NSE:HCLTECH,102.4875025,104.25,102.2750025,102.9749975,1761964.0
2011-08-17 09:15:00,NSE:HCLTECH,101.4124975,106.5,101.4124975,105.8000025,2447900.0
2011-08-18 09:15:00,NSE:HCLTECH,105.5,106.1999975,97.875,99.1999975,6360328.0
2011-08-19 09:15:00,NSE:HCLTECH,97.5,98.9749975,91.4250025,98.0,9753844.0
2011-08-22 09:15:00,NSE:HCLTECH,97.5625,98.4499975,94.0124975,96.7874975,4102364.0
2011-08-23 09:15:00,NSE:HCLTECH,97.1624975,99.9250025,94.75,99.25,7282896.0
2011-08-24 09:15:00,NSE:HCLTECH,98.5,99.3874975,96.0250025,96.8000025,2823672.0
2011-08-25 09:15:00,NSE:HCLTECH,96.8249975,97.375,91.8499975,93.0875025,8383976.0
2011-08-26 09:15:00,NSE:HCLTECH,92.25,93.75,90.0,90.6999975,3701356.0
2011-08-29 09:15:00,NSE:HCLTECH,91.5,98.1750025,91.5,97.6125025,4234224.0
2011-08-30 09:15:00,NSE:HCLTECH,99.5,103.75,97.0500025,102.7375025,7429880.0
2011-09-02 09:15:00,NSE:HCLTECH,102.25,102.25,98.0374975,99.25,5385900.0
2011-09-05 09:15:00,NSE:HCLTECH,99.25,99.25,94.5749975,96.0124975,8449072.0
2011-09-06 09:15:00,NSE:HCLTECH,95.9499975,99.25,95.1624975,98.6750025,6434680.0
2011-09-07 09:15:00,NSE:HCLTECH,99.25,102.6624975,98.9625025,101.6374975,7472232.0
2011-09-08 09:15:00,NSE:HCLTECH,102.5,104.6750025,102.2874975,102.8375025,4858472.0
2011-09-09 09:15:00,NSE:HCLTECH,103.7249975,104.8249975,100.3625025,101.5,5014184.0
2011-09-12 09:15:00,NSE:HCLTECH,99.6125025,99.6125025,93.75,94.4124975,5684324.0
2011-09-13 09:15:00,NSE:HCLTECH,95.25,98.0,93.0,94.875,6802736.0
2011-09-14 09:15:00,NSE:HCLTECH,95.75,99.6999975,95.5250025,98.8000025,5868676.0
2011-09-15 09:15:00,NSE:HCLTECH,100.9625025,101.0250025,97.5250025,100.7874975,4276116.0
2011-09-16 09:15:00,NSE:HCLTECH,101.3000025,102.3249975,95.5374975,96.4625025,4990712.0
2011-09-19 09:15:00,NSE:HCLTECH,96.4749975,98.3499975,94.8499975,98.0875025,3016616.0
2011-09-20 09:15:00,NSE:HCLTECH,98.1500025,101.1999975,97.375,100.8000025,3874724.0
2011-09-21 09:15:00,NSE:HCLTECH,101.6875,102.7249975,100.2750025,101.2750025,4344900.0
2011-09-22 09:15:00,NSE:HCLTECH,99.0,99.9749975,94.6750025,95.6875,3468008.0
2011-09-23 09:15:00,NSE:HCLTECH,94.6624975,98.3625025,94.6624975,97.0124975,4613364.0
2011-09-26 09:15:00,NSE:HCLTECH,97.5,97.5374975,95.0999975,96.4250025,2497756.0
2011-09-27 09:15:00,NSE:HCLTECH,97.5,99.2375025,97.5,98.3375025,1864124.0
2011-09-28 09:15:00,NSE:HCLTECH,99.25,102.4250025,99.25,101.75,7975044.0
2011-09-29 09:15:00,NSE:HCLTECH,101.75,103.3125,100.5,102.5374975,8327164.0
2011-09-30 09:15:00,NSE:HCLTECH,102.75,103.9875025,101.5,102.2874975,3949976.0
2011-10-03 09:15:00,NSE:HCLTECH,101.25,102.0,98.2750025,100.1999975,2618240.0
2011-10-04 09:15:00,NSE:HCLTECH,98.8499975,100.0625,96.625,98.0625,3983220.0
2011-10-05 09:15:00,NSE:HCLTECH,98.5250025,100.2125025,97.5124975,98.8375025,3405980.0
2011-10-07 09:15:00,NSE:HCLTECH,101.75,104.0,100.5,101.3375025,4515436.0
2011-10-10 09:15:00,NSE:HCLTECH,101.0250025,103.75,101.0250025,103.4749975,3313680.0
2011-10-11 09:15:00,NSE:HCLTECH,104.9124975,105.6999975,100.2750025,100.8249975,5326780.0
2011-10-12 09:15:00,NSE:HCLTECH,102.5500025,105.9749975,102.5500025,104.8000025,11281516.0
2011-10-13 09:15:00,NSE:HCLTECH,105.9124975,108.5,105.1500025,106.6374975,8133448.0
2011-10-14 09:15:00,NSE:HCLTECH,106.4875025,110.8874975,106.4875025,110.0999975,8689808.0
2011-10-17 09:15:00,NSE:HCLTECH,110.75,111.25,108.0250025,110.0250025,4408396.0
2011-10-18 09:15:00,NSE:HCLTECH,104.6999975,104.6999975,99.8125,100.4000025,12421812.0
2011-10-19 09:15:00,NSE:HCLTECH,102.1750025,103.375,101.0124975,101.875,6470156.0
2011-10-20 09:15:00,NSE:HCLTECH,101.0,103.4875025,100.0,102.9250025,2991184.0
2011-10-21 09:15:00,NSE:HCLTECH,103.25,104.625,102.5749975,103.2874975,4881992.0
2011-10-24 09:15:00,NSE:HCLTECH,104.5,106.3125,104.5,106.2249975,3979896.0
2011-10-25 09:15:00,NSE:HCLTECH,107.4749975,108.0,105.1624975,107.3375025,5946372.0
2011-10-26 09:15:00,NSE:HCLTECH,107.8249975,108.9250025,107.0250025,107.4124975,663160.0
2011-10-28 09:15:00,NSE:HCLTECH,109.3874975,113.75,109.3874975,112.9375,5354148.0
2011-10-31 09:15:00,NSE:HCLTECH,113.4250025,113.4250025,110.25,110.9375,2190480.0
2011-11-01 09:15:00,NSE:HCLTECH,109.25,112.25,106.7874975,107.4749975,2596060.0
2011-11-02 09:15:00,NSE:HCLTECH,106.8874975,110.1999975,105.4375,109.5749975,2450592.0
2011-11-03 09:15:00,NSE:HCLTECH,110.125,111.3125,108.25,109.5250025,3882304.0
2011-11-04 09:15:00,NSE:HCLTECH,111.1500025,111.625,109.0124975,109.6875,2107700.0
2011-11-08 09:15:00,NSE:HCLTECH,109.25,109.6999975,106.7750025,107.1125025,1835820.0
2011-11-09 09:15:00,NSE:HCLTECH,107.9749975,108.7874975,106.0749975,106.6500025,2712668.0
2011-11-11 09:15:00,NSE:HCLTECH,107.2125025,108.4375,105.0250025,106.5374975,2888068.0
2011-11-14 09:15:00,NSE:HCLTECH,107.75,108.5749975,105.8625025,107.3249975,2050028.0
2011-11-15 09:15:00,NSE:HCLTECH,106.2874975,107.375,105.3000025,106.3375025,2908196.0
2011-11-16 09:15:00,NSE:HCLTECH,105.5,105.5,101.0749975,102.7249975,4591792.0
2011-11-17 09:15:00,NSE:HCLTECH,102.0250025,103.2624975,100.6374975,102.1500025,2434412.0
2011-11-18 09:15:00,NSE:HCLTECH,101.25,101.875,100.0749975,101.0625,3215152.0
2011-11-21 09:15:00,NSE:HCLTECH,99.5,99.9875025,97.5500025,98.6374975,3696404.0
2011-11-22 09:15:00,NSE:HCLTECH,98.625,100.75,96.6999975,97.9375,10657552.0
2011-11-23 09:15:00,NSE:HCLTECH,97.9250025,97.9250025,94.5,96.2375025,5112844.0
2011-11-24 09:15:00,NSE:HCLTECH,96.0,99.5,93.1624975,98.3625025,6380708.0
2011-11-25 09:15:00,NSE:HCLTECH,96.8499975,98.25,95.9875025,96.6750025,4300328.0
2011-11-28 09:15:00,NSE:HCLTECH,98.0,99.0,95.75,97.5625,4495988.0
2011-11-29 09:15:00,NSE:HCLTECH,98.0250025,98.6999975,96.25,97.6624975,3711180.0
2011-11-30 09:15:00,NSE:HCLTECH,96.4749975,98.25,95.0124975,95.9499975,23609944.0
2011-12-01 09:15:00,NSE:HCLTECH,98.5,101.6750025,98.5,100.1374975,4883004.0
2011-12-02 09:15:00,NSE:HCLTECH,100.5,105.0,100.0374975,104.1999975,3309884.0
2011-12-05 09:15:00,NSE:HCLTECH,103.7249975,104.3249975,101.0625,101.7249975,3113728.0
2011-12-07 09:15:00,NSE:HCLTECH,102.25,105.5,102.1624975,104.4000025,5956360.0
2011-12-08 09:15:00,NSE:HCLTECH,103.75,106.125,102.5124975,104.4375,4976048.0
2011-12-09 09:15:00,NSE:HCLTECH,102.625,103.7249975,101.0749975,101.9375,3687392.0
2011-12-12 09:15:00,NSE:HCLTECH,102.5,103.8375025,100.5,103.3874975,4378792.0
2011-12-13 09:15:00,NSE:HCLTECH,103.0,106.8499975,102.5250025,104.0749975,9789328.0
2011-12-14 09:15:00,NSE:HCLTECH,104.375,106.1500025,102.1750025,102.9124975,4867412.0
2011-12-15 09:15:00,NSE:HCLTECH,103.1875,104.0625,101.5749975,103.3625025,5419008.0
2011-12-16 09:15:00,NSE:HCLTECH,103.1125025,105.0,101.8499975,103.0875025,6033700.0
2011-12-19 09:15:00,NSE:HCLTECH,105.0,105.0,101.75,102.8625025,8480380.0
2011-12-20 09:15:00,NSE:HCLTECH,103.5,103.75,96.7249975,97.8249975,9013180.0
2011-12-21 09:15:00,NSE:HCLTECH,99.0,99.6999975,96.3375025,97.3125,6148580.0
2011-12-22 09:15:00,NSE:HCLTECH,97.0,97.9499975,95.0999975,97.1125025,3740676.0
2011-12-23 09:15:00,NSE:HCLTECH,97.9499975,98.5124975,96.3499975,97.3625025,2841340.0
2011-12-26 09:15:00,NSE:HCLTECH,97.9875025,99.2750025,96.6374975,97.0500025,2650472.0
2011-12-27 09:15:00,NSE:HCLTECH,97.75,98.4875025,97.0374975,98.0,2340248.0
2011-12-28 09:15:00,NSE:HCLTECH,98.125,98.4749975,95.9000025,97.9625025,2401548.0
2011-12-29 09:15:00,NSE:HCLTECH,97.7375025,99.8375025,95.5500025,96.9625025,5211392.0
2011-12-30 09:15:00,NSE:HCLTECH,97.25,97.8874975,96.25,96.9875025,3024140.0
2012-01-02 09:15:00,NSE:HCLTECH,97.25,98.75,96.5,98.4000025,2099152.0
2012-01-03 09:15:00,NSE:HCLTECH,99.25,101.4250025,99.0,100.8000025,10143220.0
2012-01-04 09:15:00,NSE:HCLTECH,101.6125025,107.0,101.5,104.5999975,9475148.0
2012-01-05 09:15:00,NSE:HCLTECH,104.5999975,106.2249975,103.0625,103.6875,3231968.0
2012-01-06 09:15:00,NSE:HCLTECH,103.5,105.0,102.5,104.3874975,3272260.0
2012-01-09 09:15:00,NSE:HCLTECH,104.25,104.6999975,103.2624975,103.7375025,2156612.0
2012-01-10 09:15:00,NSE:HCLTECH,104.75,105.1624975,104.1999975,104.9749975,6297316.0
2012-01-11 09:15:00,NSE:HCLTECH,105.9499975,106.2249975,103.1999975,103.8249975,2967676.0
2012-01-12 09:15:00,NSE:HCLTECH,103.75,103.8000025,100.5124975,101.4375,4445508.0
2012-01-13 09:15:00,NSE:HCLTECH,101.625,102.0250025,99.0,99.4375,5498304.0
2012-01-16 09:15:00,NSE:HCLTECH,99.25,102.0999975,98.7624975,101.4875025,3312632.0
2012-01-17 09:15:00,NSE:HCLTECH,105.5,108.125,103.6750025,106.3499975,19160384.0
2012-01-18 09:15:00,NSE:HCLTECH,106.6125025,106.6750025,103.3375025,104.3625025,5520804.0
2012-01-19 09:15:00,NSE:HCLTECH,105.25,105.6374975,103.8499975,104.7375025,3026768.0
2012-01-20 09:15:00,NSE:HCLTECH,105.5625,105.5625,102.4499975,104.4124975,3041328.0
2012-01-23 09:15:00,NSE:HCLTECH,105.0,105.9000025,103.6875,105.0625,2915000.0
2012-01-24 09:15:00,NSE:HCLTECH,105.0,107.5,102.75,107.1125025,2002912.0
2012-01-25 09:15:00,NSE:HCLTECH,107.25,107.5,104.25,105.1999975,3440640.0
2012-01-27 09:15:00,NSE:HCLTECH,105.625,107.5250025,104.9499975,107.0,3227024.0
2012-01-30 09:15:00,NSE:HCLTECH,106.25,107.5250025,104.8125,107.2624975,2673028.0
2012-01-31 09:15:00,NSE:HCLTECH,107.75,109.875,107.5250025,109.4124975,4355496.0
2012-02-01 09:15:00,NSE:HCLTECH,109.9499975,110.2249975,107.8874975,109.4749975,2112760.0
2012-02-02 09:15:00,NSE:HCLTECH,110.0,115.9499975,109.875,115.3625025,8703964.0
2012-02-03 09:15:00,NSE:HCLTECH,115.75,115.8625025,112.3249975,113.5,2837152.0
2012-02-06 09:15:00,NSE:HCLTECH,113.8625025,116.9875025,113.8625025,115.6875,5223688.0
2012-02-07 09:15:00,NSE:HCLTECH,115.75,117.125,114.25,115.1500025,2864588.0
2012-02-08 09:15:00,NSE:HCLTECH,115.375,117.0875025,115.0875025,116.8000025,1746136.0
2012-02-09 09:15:00,NSE:HCLTECH,117.0,117.6750025,115.125,115.8625025,2186664.0
2012-02-10 09:15:00,NSE:HCLTECH,115.75,117.5,115.2624975,117.1750025,1772184.0
2012-02-13 09:15:00,NSE:HCLTECH,117.5,118.75,116.5124975,117.0749975,1399924.0
2012-02-14 09:15:00,NSE:HCLTECH,117.5,117.5875025,115.5749975,117.0625,1204780.0
2012-02-15 09:15:00,NSE:HCLTECH,117.5,117.8125,116.5625,117.4250025,1670112.0
2012-02-16 09:15:00,NSE:HCLTECH,117.5749975,119.2750025,117.3499975,119.0124975,3158044.0
2012-02-17 09:15:00,NSE:HCLTECH,119.5,125.7249975,119.5,123.1374975,7489652.0
2012-02-21 09:15:00,NSE:HCLTECH,122.4499975,123.7375025,121.5749975,123.4375,3321024.0
2012-02-22 09:15:00,NSE:HCLTECH,123.75,124.5,121.125,123.0250025,4318952.0
2012-02-23 09:15:00,NSE:HCLTECH,123.0,124.5,122.6125025,123.8499975,5101628.0
2012-02-24 09:15:00,NSE:HCLTECH,122.75,124.9625025,120.5999975,123.2125025,2929116.0
2012-02-27 09:15:00,NSE:HCLTECH,123.5,124.5,120.0625,121.1500025,4858240.0
2012-02-28 09:15:00,NSE:HCLTECH,121.5875025,121.8000025,118.1125025,120.5749975,3498548.0
2012-02-29 09:15:00,NSE:HCLTECH,121.0,121.5250025,120.4875025,121.2375025,2691580.0
2012-03-01 09:15:00,NSE:HCLTECH,120.25,121.25,118.6374975,120.5,1683944.0
2012-03-02 09:15:00,NSE:HCLTECH,121.75,121.75,119.0,120.4124975,1191136.0
2012-03-05 09:15:00,NSE:HCLTECH,119.3000025,120.9875025,117.3874975,120.2125025,1175480.0
2012-03-06 09:15:00,NSE:HCLTECH,120.5,122.875,118.75,120.3499975,2283156.0
2012-03-07 09:15:00,NSE:HCLTECH,119.875,124.1999975,118.625,123.7249975,2902328.0
2012-03-09 09:15:00,NSE:HCLTECH,124.3000025,128.3000025,124.3000025,126.7249975,6700976.0
2012-03-12 09:15:00,NSE:HCLTECH,126.75,128.0,125.0500025,126.7375025,5146680.0
2012-03-13 09:15:00,NSE:HCLTECH,127.0,127.4749975,124.0500025,126.2750025,4438628.0
2012-03-14 09:15:00,NSE:HCLTECH,127.5,129.8000025,125.5374975,126.1999975,3655696.0
2012-03-15 09:15:00,NSE:HCLTECH,125.5999975,126.4375,123.3375025,124.0500025,2046256.0
2012-03-16 09:15:00,NSE:HCLTECH,124.75,126.5,122.6500025,124.2874975,2789108.0
2012-03-19 09:15:00,NSE:HCLTECH,123.5124975,125.6125025,122.0,124.7375025,11628208.0
2012-03-20 09:15:00,NSE:HCLTECH,124.75,125.2375025,121.4250025,123.0,2010852.0
2012-03-21 09:15:00,NSE:HCLTECH,122.375,124.25,121.9875025,122.9625025,2622888.0
2012-03-22 09:15:00,NSE:HCLTECH,123.0,123.9625025,117.375,119.25,5161080.0
2012-03-23 09:15:00,NSE:HCLTECH,120.1999975,122.2249975,118.875,121.2375025,10785640.0
2012-03-26 09:15:00,NSE:HCLTECH,121.9749975,126.125,117.875,119.3375025,11350256.0
2012-03-27 09:15:00,NSE:HCLTECH,120.0,121.2249975,117.0374975,117.6999975,3814424.0
2012-03-28 09:15:00,NSE:HCLTECH,117.7624975,119.4499975,116.4124975,117.6500025,2521068.0
2012-03-29 09:15:00,NSE:HCLTECH,116.25,121.0999975,110.1500025,118.0374975,4696456.0
2012-03-30 09:15:00,NSE:HCLTECH,118.0500025,121.6125025,118.0500025,120.8125,2436200.0
2012-04-02 09:15:00,NSE:HCLTECH,120.9749975,126.1999975,119.375,125.3125,3030536.0
2012-04-03 09:15:00,NSE:HCLTECH,126.5,126.5875025,124.4749975,126.3499975,1730140.0
2012-04-04 09:15:00,NSE:HCLTECH,126.0,128.100005,125.0,127.2624975,2006100.0
2012-04-09 09:15:00,NSE:HCLTECH,126.75,127.8625025,123.7624975,124.5749975,2460700.0
2012-04-10 09:15:00,NSE:HCLTECH,124.1624975,125.5124975,121.8499975,122.75,1837152.0
2012-04-11 09:15:00,NSE:HCLTECH,122.25,123.5999975,121.0374975,122.5,3409644.0
2012-04-12 09:15:00,NSE:HCLTECH,122.8249975,125.8625025,122.5875025,123.5999975,4141292.0
2012-04-13 09:15:00,NSE:HCLTECH,119.9499975,122.5,118.75,119.7375025,5581508.0
2012-04-16 09:15:00,NSE:HCLTECH,118.5,122.0250025,117.75,121.1999975,3347708.0
2012-04-17 09:15:00,NSE:HCLTECH,121.9875025,124.4250025,119.8249975,120.2125025,5020204.0
2012-04-18 09:15:00,NSE:HCLTECH,125.5,127.8375025,123.1125025,123.5749975,21929216.0
2012-04-19 09:15:00,NSE:HCLTECH,124.1500025,126.1875,123.5749975,125.8625025,4754624.0
2012-04-20 09:15:00,NSE:HCLTECH,124.8375025,127.1500025,124.5124975,126.3375025,3921352.0
2012-04-23 09:15:00,NSE:HCLTECH,126.75,126.7624975,123.2750025,123.8874975,2286284.0
2012-04-24 09:15:00,NSE:HCLTECH,124.6999975,129.875,124.5625,127.5500025,7551668.0
2012-04-25 09:15:00,NSE:HCLTECH,127.4499975,128.274995,126.0124975,126.9000025,4149532.0
2012-04-26 09:15:00,NSE:HCLTECH,126.9499975,127.5,124.0625,125.2375025,5816988.0
2012-04-27 09:15:00,NSE:HCLTECH,125.5,128.375,125.25,127.7375025,4363632.0
2012-04-30 09:15:00,NSE:HCLTECH,127.2750025,128.625,126.5,128.0124975,2886084.0
2012-05-02 09:15:00,NSE:HCLTECH,128.25,131.1125025,128.0,129.6125025,3586380.0
2012-05-03 09:15:00,NSE:HCLTECH,128.5749975,130.162505,127.8874975,128.8125,3006780.0
2012-05-04 09:15:00,NSE:HCLTECH,128.8125,130.5,127.125,128.3000025,4723676.0
2012-05-07 09:15:00,NSE:HCLTECH,124.75,127.9000025,124.75,125.4749975,1665664.0
2012-05-08 09:15:00,NSE:HCLTECH,124.25,125.2750025,118.5,119.6750025,4185456.0
2012-05-09 09:15:00,NSE:HCLTECH,118.7750025,122.1999975,118.75,121.6500025,3117456.0
2012-05-10 09:15:00,NSE:HCLTECH,122.5,124.4124975,120.6500025,122.8249975,4664208.0
2012-05-11 09:15:00,NSE:HCLTECH,121.5250025,122.7249975,121.0,122.1374975,4320540.0
2012-05-14 09:15:00,NSE:HCLTECH,121.25,122.4250025,118.2624975,121.2624975,2461360.0
2012-05-15 09:15:00,NSE:HCLTECH,120.0,122.8625025,118.7624975,122.2375025,1892964.0
2012-05-16 09:15:00,NSE:HCLTECH,120.9749975,121.75,119.5,121.4749975,1844248.0
2012-05-17 09:15:00,NSE:HCLTECH,122.0,122.4499975,119.0875025,121.3125,3467600.0
2012-05-18 09:15:00,NSE:HCLTECH,120.2125025,121.8874975,118.8000025,120.8499975,2465052.0
2012-05-21 09:15:00,NSE:HCLTECH,121.25,121.4875025,119.25,119.8625025,3098148.0
2012-05-22 09:15:00,NSE:HCLTECH,120.5250025,123.5,119.7874975,121.9124975,1341912.0
2012-05-23 09:15:00,NSE:HCLTECH,122.75,123.2375025,120.5374975,121.1875,1492984.0
2012-05-24 09:15:00,NSE:HCLTECH,122.3625025,122.3625025,119.875,121.4250025,960808.0
2012-05-25 09:15:00,NSE:HCLTECH,122.1750025,122.25,120.625,121.7750025,1782796.0
2012-05-28 09:15:00,NSE:HCLTECH,121.5749975,123.4250025,120.9000025,122.8874975,1254444.0
2012-05-29 09:15:00,NSE:HCLTECH,123.9499975,126.9749975,123.5124975,126.3375025,4832832.0
2012-05-30 09:15:00,NSE:HCLTECH,126.0124975,127.9749975,126.0124975,127.3000025,3254580.0
2012-05-31 09:15:00,NSE:HCLTECH,126.2750025,126.9875025,123.7874975,126.0124975,5094492.0
2012-06-01 09:15:00,NSE:HCLTECH,126.25,126.8625025,120.125,121.7750025,3612636.0
2012-06-04 09:15:00,NSE:HCLTECH,121.2249975,123.8625025,119.3249975,123.4625025,2007540.0
2012-06-05 09:15:00,NSE:HCLTECH,123.4749975,124.5,122.4749975,123.8375025,3037768.0
2012-06-06 09:15:00,NSE:HCLTECH,124.0124975,126.625,124.0124975,125.5250025,3822576.0
2012-06-07 09:15:00,NSE:HCLTECH,126.25,126.8874975,123.3000025,124.7624975,2928540.0
2012-06-08 09:15:00,NSE:HCLTECH,125.0,125.1624975,122.7874975,123.9000025,1725020.0
2012-06-11 09:15:00,NSE:HCLTECH,124.8499975,124.8499975,119.3499975,120.625,9440728.0
2012-06-12 09:15:00,NSE:HCLTECH,119.5,121.5500025,118.0124975,121.1875,4812836.0
2012-06-13 09:15:00,NSE:HCLTECH,121.6125025,123.5500025,121.25,122.6999975,2805520.0
2012-06-14 09:15:00,NSE:HCLTECH,122.5,123.6624975,119.1125025,119.6875,1938148.0
2012-06-15 09:15:00,NSE:HCLTECH,120.0,122.0,119.8125,121.4875025,2513820.0
2012-06-18 09:15:00,NSE:HCLTECH,121.7125025,122.4749975,114.7624975,117.4499975,9566876.0
2012-06-19 09:15:00,NSE:HCLTECH,117.5250025,119.0875025,116.25,118.2750025,9035916.0
2012-06-20 09:15:00,NSE:HCLTECH,117.7750025,122.4250025,117.7750025,121.6875,5473216.0
2012-06-21 09:15:00,NSE:HCLTECH,120.75,122.25,119.5,120.4625025,3844684.0
2012-06-22 09:15:00,NSE:HCLTECH,119.5250025,120.8125,117.8874975,118.1624975,4842672.0
2012-06-25 09:15:00,NSE:HCLTECH,118.2874975,118.75,115.2750025,116.2125025,5371344.0
2012-06-26 09:15:00,NSE:HCLTECH,116.0124975,116.4250025,113.3125,115.2249975,8198500.0
2012-06-27 09:15:00,NSE:HCLTECH,116.1750025,117.8625025,115.0500025,117.4375,7825664.0
2012-06-28 09:15:00,NSE:HCLTECH,117.5875025,117.6125025,113.7624975,114.7624975,8155704.0
2012-06-29 09:15:00,NSE:HCLTECH,116.25,119.4749975,115.375,119.1125025,6162824.0
2012-07-02 09:15:00,NSE:HCLTECH,119.5,121.4749975,119.1125025,121.1125025,3038188.0
2012-07-03 09:15:00,NSE:HCLTECH,122.25,122.375,120.625,121.1374975,3066012.0
2012-07-04 09:15:00,NSE:HCLTECH,120.375,121.6500025,118.875,120.8625025,2358420.0
2012-07-05 09:15:00,NSE:HCLTECH,120.75,123.25,120.4499975,123.1125025,2854932.0
2012-07-06 09:15:00,NSE:HCLTECH,122.8499975,123.25,120.6125025,122.6125025,2799232.0
2012-07-09 09:15:00,NSE:HCLTECH,121.3249975,122.6750025,120.5749975,121.7249975,2444808.0
2012-07-10 09:15:00,NSE:HCLTECH,122.4499975,124.8000025,121.0,124.5875025,3358784.0
2012-07-11 09:15:00,NSE:HCLTECH,125.0,125.0,122.8874975,123.1999975,3867312.0
2012-07-12 09:15:00,NSE:HCLTECH,120.0,121.25,119.375,120.3000025,4750868.0
2012-07-13 09:15:00,NSE:HCLTECH,121.7249975,122.25,120.6374975,120.9000025,3072376.0
2012-07-16 09:15:00,NSE:HCLTECH,121.25,122.0,119.2750025,120.3375025,2494724.0
2012-07-17 09:15:00,NSE:HCLTECH,120.7249975,121.0999975,118.1875,119.6875,2051012.0
2012-07-18 09:15:00,NSE:HCLTECH,119.5625,120.8125,117.8625025,119.0625,4858332.0
2012-07-19 09:15:00,NSE:HCLTECH,120.5,121.3625025,119.5374975,119.875,2144868.0
2012-07-20 09:15:00,NSE:HCLTECH,119.625,120.9875025,118.0875025,119.9499975,2720100.0
2012-07-23 09:15:00,NSE:HCLTECH,118.5250025,119.6624975,118.5250025,119.4499975,1954268.0
2012-07-24 09:15:00,NSE:HCLTECH,119.5,120.5875025,118.0,120.1999975,1891348.0
2012-07-25 09:15:00,NSE:HCLTECH,126.2750025,129.600005,126.2750025,128.3874975,29765676.0
2012-07-26 09:15:00,NSE:HCLTECH,128.2624975,128.975005,126.375,127.9375,12816148.0
2012-07-27 09:15:00,NSE:HCLTECH,128.25,130.0,128.25,129.4250025,8025584.0
2012-07-30 09:15:00,NSE:HCLTECH,129.4875025,130.1875,128.5124975,129.1999975,3476524.0
2012-07-31 09:15:00,NSE:HCLTECH,129.975005,130.0749975,128.625,129.6374975,4073420.0
2012-08-01 09:15:00,NSE:HCLTECH,129.6750025,130.725005,129.6374975,130.462495,2534068.0
2012-08-02 09:15:00,NSE:HCLTECH,130.1125025,131.274995,129.5,131.225005,3415360.0
2012-08-03 09:15:00,NSE:HCLTECH,129.375,130.875,129.274995,130.600005,1832752.0
2012-08-06 09:15:00,NSE:HCLTECH,131.25,131.25,129.625,130.8000025,1710472.0
2012-08-07 09:15:00,NSE:HCLTECH,131.1999975,134.600005,131.0,132.625,9698000.0
2012-08-08 09:15:00,NSE:HCLTECH,132.5,134.625,132.5,134.337495,4143600.0
2012-08-09 09:15:00,NSE:HCLTECH,134.25,134.850005,133.2624975,134.1750025,2684704.0
2012-08-10 09:15:00,NSE:HCLTECH,133.087495,134.975005,133.087495,134.1999975,2816332.0
2012-08-13 09:15:00,NSE:HCLTECH,133.5124975,135.962495,133.5124975,135.725005,2651068.0
2012-08-14 09:15:00,NSE:HCLTECH,133.375,138.0,133.375,137.6374975,3938596.0
2012-08-16 09:15:00,NSE:HCLTECH,137.5,139.7375025,137.0625,139.5124975,3403952.0
2012-08-17 09:15:00,NSE:HCLTECH,139.5124975,139.9875025,138.774995,139.337495,3252888.0
2012-08-21 09:15:00,NSE:HCLTECH,138.774995,139.75,137.875,139.4375,4398716.0
2012-08-22 09:15:00,NSE:HCLTECH,138.25,139.024995,137.5,138.274995,2612512.0
2012-08-23 09:15:00,NSE:HCLTECH,137.975005,140.5,137.850005,139.837495,4449184.0
2012-08-24 09:15:00,NSE:HCLTECH,139.725005,139.725005,138.625,139.350005,1261504.0
2012-08-27 09:15:00,NSE:HCLTECH,138.8125,140.0,138.662505,139.6374975,1281996.0
2012-08-28 09:15:00,NSE:HCLTECH,140.0,140.4375,138.8125,139.375,2023568.0
2012-08-29 09:15:00,NSE:HCLTECH,139.7375025,139.975005,136.5749975,136.8874975,2358248.0
2012-08-30 09:15:00,NSE:HCLTECH,136.0,138.6125025,135.0625,136.6374975,10861308.0
2012-08-31 09:15:00,NSE:HCLTECH,135.6999975,137.1125025,135.149995,136.100005,3093860.0
2012-09-03 09:15:00,NSE:HCLTECH,135.399995,139.225005,134.75,138.8874975,2429712.0
2012-09-04 09:15:00,NSE:HCLTECH,137.7624975,141.899995,137.1875,140.375,3384972.0
2012-09-05 09:15:00,NSE:HCLTECH,140.25,141.662505,138.524995,140.5124975,3589564.0
2012-09-06 09:15:00,NSE:HCLTECH,139.5124975,142.9875025,139.5124975,142.1374975,5814716.0
2012-09-07 09:15:00,NSE:HCLTECH,143.0,145.1875,142.975005,144.25,8574480.0
2012-09-10 09:15:00,NSE:HCLTECH,144.25,144.25,142.274995,143.4250025,3096752.0
2012-09-11 09:15:00,NSE:HCLTECH,143.475005,144.375,142.587495,144.2375025,2692404.0
2012-09-12 09:15:00,NSE:HCLTECH,144.024995,146.162505,143.9250025,145.5625,4396860.0
2012-09-13 09:15:00,NSE:HCLTECH,144.8249975,147.912505,144.8249975,146.9499975,6785748.0
2012-09-14 09:15:00,NSE:HCLTECH,147.5,148.9499975,144.75,145.712495,5841380.0
2012-09-17 09:15:00,NSE:HCLTECH,146.25,146.625,140.899995,141.912505,5143392.0
2012-09-18 09:15:00,NSE:HCLTECH,142.024995,144.100005,140.725005,143.412505,3237596.0
2012-09-20 09:15:00,NSE:HCLTECH,143.0,147.9250025,141.25,142.024995,6275572.0
2012-09-21 09:15:00,NSE:HCLTECH,143.100005,143.9250025,141.399995,142.462495,3917652.0
2012-09-24 09:15:00,NSE:HCLTECH,143.375,143.375,136.875,139.6750025,7298332.0
2012-09-25 09:15:00,NSE:HCLTECH,140.600005,143.149995,137.25,141.3249975,3540044.0
2012-09-26 09:15:00,NSE:HCLTECH,140.75,142.5,139.5124975,142.212495,2909388.0
2012-09-27 09:15:00,NSE:HCLTECH,141.287505,147.225005,141.287505,145.8625025,17329580.0
2012-09-28 09:15:00,NSE:HCLTECH,146.8625025,146.8625025,143.1374975,144.3625025,3269144.0
2012-10-01 09:15:00,NSE:HCLTECH,143.5,145.787505,143.024995,145.287505,10459796.0
2012-10-03 09:15:00,NSE:HCLTECH,146.100005,148.225005,146.0625,147.837495,19337484.0
2012-10-04 09:15:00,NSE:HCLTECH,148.0,149.399995,146.087495,147.2624975,12359556.0
2012-10-05 09:15:00,NSE:HCLTECH,147.5,148.0,142.5,143.3874975,6983728.0
2012-10-08 09:15:00,NSE:HCLTECH,144.5,144.7624975,139.1875,139.6875,1548440.0
2012-10-09 09:15:00,NSE:HCLTECH,140.037505,141.350005,139.1875,140.1875,3679576.0
2012-10-10 09:15:00,NSE:HCLTECH,140.4499975,143.6875,140.25,141.3249975,4351692.0
2012-10-11 09:15:00,NSE:HCLTECH,142.2375025,145.100005,140.875,144.212495,2735004.0
2012-10-12 09:15:00,NSE:HCLTECH,142.75,146.649995,141.774995,145.412505,6166264.0
2012-10-15 09:15:00,NSE:HCLTECH,146.087495,147.375,145.0,145.9250025,2731356.0
2012-10-16 09:15:00,NSE:HCLTECH,146.25,147.725005,144.712495,146.125,3000956.0
2012-10-17 09:15:00,NSE:HCLTECH,149.75,151.725005,144.3874975,145.1374975,16696820.0
2012-10-18 09:15:00,NSE:HCLTECH,145.5,151.0,145.4250025,150.25,10292964.0
2012-10-19 09:15:00,NSE:HCLTECH,149.5,152.087495,147.3125,151.337495,7644600.0
2012-10-22 09:15:00,NSE:HCLTECH,151.25,153.3625025,149.9875025,152.787505,4317840.0
2012-10-23 09:15:00,NSE:HCLTECH,153.25,153.25,150.6875,152.1750025,2231456.0
2012-10-25 09:15:00,NSE:HCLTECH,152.725005,154.8874975,151.25,152.3125,4855128.0
2012-10-26 09:15:00,NSE:HCLTECH,151.25,153.8000025,151.25,152.3000025,2399108.0
2012-10-29 09:15:00,NSE:HCLTECH,151.5,153.5,151.5,152.5,2121740.0
2012-10-30 09:15:00,NSE:HCLTECH,152.4875025,154.0,150.600005,151.600005,2750208.0
2012-10-31 09:15:00,NSE:HCLTECH,151.5124975,152.975005,150.75,151.287505,2039356.0
2012-11-01 09:15:00,NSE:HCLTECH,153.0,153.3625025,151.3125,152.024995,2205924.0
2012-11-02 09:15:00,NSE:HCLTECH,152.75,155.225005,152.75,153.5500025,3303096.0
2012-11-05 09:15:00,NSE:HCLTECH,153.5749975,154.1999975,152.8000025,153.462495,1584520.0
2012-11-06 09:15:00,NSE:HCLTECH,153.2624975,154.212495,151.6750025,152.100005,2746680.0
2012-11-07 09:15:00,NSE:HCLTECH,151.7624975,155.1125025,151.7624975,154.037505,1995328.0
2012-11-08 09:15:00,NSE:HCLTECH,153.024995,154.975005,153.0,154.625,1321904.0
2012-11-09 09:15:00,NSE:HCLTECH,154.0,154.475005,152.8249975,153.6750025,871504.0
2012-11-12 09:15:00,NSE:HCLTECH,153.6875,155.712495,152.8125,155.0,1743544.0
2012-11-13 09:15:00,NSE:HCLTECH,155.0,155.25,153.5749975,153.9499975,143812.0
2012-11-15 09:15:00,NSE:HCLTECH,153.5,158.1125025,153.0124975,155.162505,9559376.0
2012-11-16 09:15:00,NSE:HCLTECH,156.0,156.0,151.2624975,151.9375,3965184.0
2012-11-19 09:15:00,NSE:HCLTECH,152.25,154.524995,150.5,153.962495,2888672.0
2012-11-20 09:15:00,NSE:HCLTECH,153.962495,154.975005,151.537505,153.412505,2682316.0
2012-11-21 09:15:00,NSE:HCLTECH,154.625,154.75,152.037505,154.375,4760092.0
2012-11-22 09:15:00,NSE:HCLTECH,153.9499975,157.25,153.9499975,156.8249975,3519308.0
2012-11-23 09:15:00,NSE:HCLTECH,157.5,159.9375,157.225005,159.1125025,6985368.0
2012-11-26 09:15:00,NSE:HCLTECH,159.962495,161.524995,158.787505,159.9875025,5736628.0
2012-11-27 09:15:00,NSE:HCLTECH,160.3000025,161.6999975,159.7624975,160.725005,4319516.0
2012-11-29 09:15:00,NSE:HCLTECH,160.375,162.5,158.9499975,159.6999975,7209576.0
2012-11-30 09:15:00,NSE:HCLTECH,160.0,165.2375025,157.8874975,164.125,41511120.0
2012-12-03 09:15:00,NSE:HCLTECH,163.725005,164.0,161.6374975,161.962495,3987088.0
2012-12-04 09:15:00,NSE:HCLTECH,162.0749975,162.5,159.9375,162.0500025,3278872.0
2012-12-05 09:15:00,NSE:HCLTECH,162.5500025,163.0,158.75,159.75,3775256.0
2012-12-06 09:15:00,NSE:HCLTECH,160.0,160.5,154.0500025,156.3625025,3547056.0
2012-12-07 09:15:00,NSE:HCLTECH,156.25,156.9875025,152.75,153.5124975,5140800.0
2012-12-10 09:15:00,NSE:HCLTECH,152.75,156.25,152.75,155.337495,2307172.0
2012-12-11 09:15:00,NSE:HCLTECH,154.537505,156.6875,152.0124975,153.587495,3263172.0
2012-12-12 09:15:00,NSE:HCLTECH,153.8000025,157.5,153.2624975,154.0749975,5707108.0
2012-12-13 09:15:00,NSE:HCLTECH,155.5,156.6750025,154.3874975,155.287505,3549052.0
2012-12-14 09:15:00,NSE:HCLTECH,155.5,158.4875025,155.5,157.725005,3260060.0
2012-12-17 09:15:00,NSE:HCLTECH,156.875,159.1750025,156.875,158.2375025,4187352.0
2012-12-18 09:15:00,NSE:HCLTECH,158.5625,159.375,155.962495,158.1875,2110896.0
2012-12-19 09:15:00,NSE:HCLTECH,158.7624975,160.75,158.225005,160.3625025,4167592.0
2012-12-20 09:15:00,NSE:HCLTECH,161.1750025,161.8625025,158.899995,159.875,1721692.0
2012-12-21 09:15:00,NSE:HCLTECH,159.625,159.625,156.5625,157.4875025,1795100.0
2012-12-24 09:15:00,NSE:HCLTECH,158.125,160.375,156.837495,159.1125025,1200440.0
2012-12-26 09:15:00,NSE:HCLTECH,159.25,160.475005,158.25,158.6125025,1297916.0
2012-12-27 09:15:00,NSE:HCLTECH,159.375,159.375,155.287505,156.3249975,3306052.0
2012-12-28 09:15:00,NSE:HCLTECH,156.75,158.6999975,155.5,156.5749975,1438688.0
2012-12-31 09:15:00,NSE:HCLTECH,156.475005,157.225005,154.0,154.6750025,2061996.0
2013-01-01 09:15:00,NSE:HCLTECH,156.225005,156.975005,154.962495,155.537505,1223180.0
2013-01-02 09:15:00,NSE:HCLTECH,156.5,156.712495,155.212495,156.3125,2322316.0
2013-01-03 09:15:00,NSE:HCLTECH,157.5,158.0,156.0124975,156.4875025,4041084.0
2013-01-04 09:15:00,NSE:HCLTECH,157.0625,159.100005,156.75,158.5124975,4405880.0
2013-01-07 09:15:00,NSE:HCLTECH,159.75,159.75,156.524995,156.975005,1205952.0
2013-01-08 09:15:00,NSE:HCLTECH,156.7375025,158.8874975,156.1750025,158.6750025,2580932.0
2013-01-09 09:15:00,NSE:HCLTECH,158.5,160.712495,158.162505,158.962495,2559260.0
2013-01-10 09:15:00,NSE:HCLTECH,159.625,162.9250025,159.274995,160.399995,3364128.0
2013-01-11 09:15:00,NSE:HCLTECH,163.5,164.3625025,160.774995,161.212495,6828592.0
2013-01-14 09:15:00,NSE:HCLTECH,162.5,169.0,162.100005,168.1999975,12102412.0
2013-01-15 09:15:00,NSE:HCLTECH,169.25,170.3000025,165.5625,166.024995,4186764.0
2013-01-16 09:15:00,NSE:HCLTECH,166.625,170.2375025,164.600005,168.4499975,10660852.0
2013-01-17 09:15:00,NSE:HCLTECH,175.5,180.3249975,172.399995,176.0,29586880.0
2013-01-18 09:15:00,NSE:HCLTECH,175.25,179.1875,175.125,176.412505,8911400.0
2013-01-21 09:15:00,NSE:HCLTECH,175.037505,179.5124975,174.375,178.8000025,4523228.0
2013-01-22 09:15:00,NSE:HCLTECH,179.0,179.0,173.662505,174.412505,2742436.0
2013-01-23 09:15:00,NSE:HCLTECH,175.0,175.9875025,166.0625,169.100005,11598412.0
2013-01-24 09:15:00,NSE:HCLTECH,169.225005,170.75,165.875,166.587495,4735396.0
2013-01-25 09:15:00,NSE:HCLTECH,167.9250025,171.125,166.0625,170.2624975,5296860.0
2013-01-28 09:15:00,NSE:HCLTECH,169.75,176.0,169.75,174.149995,7459896.0
2013-01-29 09:15:00,NSE:HCLTECH,174.125,175.725005,171.9250025,172.975005,5634676.0
2013-01-30 09:15:00,NSE:HCLTECH,173.6999975,174.975005,171.3125,172.25,4817056.0
2013-01-31 09:15:00,NSE:HCLTECH,172.4250025,175.6750025,170.024995,172.0,9893804.0
2013-02-01 09:15:00,NSE:HCLTECH,172.4875025,174.225005,170.537505,171.9875025,2876756.0
2013-02-04 09:15:00,NSE:HCLTECH,171.9875025,173.125,170.0,170.5500025,2509300.0
2013-02-05 09:15:00,NSE:HCLTECH,169.0625,170.375,167.125,167.774995,3933688.0
2013-02-06 09:15:00,NSE:HCLTECH,169.1750025,169.3249975,167.3249975,167.5124975,11367776.0
2013-02-07 09:15:00,NSE:HCLTECH,167.1125025,167.975005,166.399995,167.1875,4135276.0
2013-02-08 09:15:00,NSE:HCLTECH,167.5,169.0625,166.5749975,167.5500025,6208728.0
2013-02-11 09:15:00,NSE:HCLTECH,168.5,168.5,163.0,164.875,17760612.0
2013-02-12 09:15:00,NSE:HCLTECH,165.0,170.087495,163.4875025,169.625,4948684.0
2013-02-13 09:15:00,NSE:HCLTECH,170.5,178.5749975,170.4875025,177.337495,11434616.0
2013-02-14 09:15:00,NSE:HCLTECH,177.5,179.75,175.3625025,177.0625,9397740.0
2013-02-15 09:15:00,NSE:HCLTECH,176.625,177.0,173.1374975,174.25,5011932.0
2013-02-18 09:15:00,NSE:HCLTECH,174.375,175.8625025,172.0625,172.8000025,3825096.0
2013-02-19 09:15:00,NSE:HCLTECH,173.0,177.1750025,172.3125,176.375,2620520.0
2013-02-20 09:15:00,NSE:HCLTECH,175.5,181.6750025,174.9250025,180.712495,15294124.0
2013-02-21 09:15:00,NSE:HCLTECH,179.3249975,183.1125025,179.3125,180.0500025,8070544.0
2013-02-22 09:15:00,NSE:HCLTECH,179.3874975,182.0,178.75,180.0625,4848304.0
2013-02-25 09:15:00,NSE:HCLTECH,180.375,183.7375025,179.287505,183.3874975,3427332.0
2013-02-26 09:15:00,NSE:HCLTECH,183.75,184.149995,181.1374975,181.6750025,4070164.0
2013-02-27 09:15:00,NSE:HCLTECH,182.0,182.75,177.8249975,179.9499975,2711884.0
2013-02-28 09:15:00,NSE:HCLTECH,180.3125,182.8000025,179.975005,180.850005,5751912.0
2013-03-01 09:15:00,NSE:HCLTECH,180.524995,182.3874975,179.0500025,180.6125025,4185324.0
2013-03-04 09:15:00,NSE:HCLTECH,179.087495,182.25,177.899995,178.8625025,3710256.0
2013-03-05 09:15:00,NSE:HCLTECH,178.7624975,187.1999975,178.7624975,186.412505,7964048.0
2013-03-06 09:15:00,NSE:HCLTECH,187.0,189.4875025,186.649995,189.0749975,4185976.0
2013-03-07 09:15:00,NSE:HCLTECH,188.8874975,193.4875025,188.8874975,192.850005,7889252.0
2013-03-08 09:15:00,NSE:HCLTECH,193.2624975,195.7375025,191.899995,193.287505,12723888.0
2013-03-11 09:15:00,NSE:HCLTECH,192.7624975,196.475005,192.7624975,195.725005,10133052.0
2013-03-12 09:15:00,NSE:HCLTECH,195.100005,195.375,191.6750025,193.3625025,4722176.0
2013-03-13 09:15:00,NSE:HCLTECH,192.5,195.899995,192.337495,194.649995,6109100.0
2013-03-14 09:15:00,NSE:HCLTECH,195.0,199.024995,193.287505,197.8874975,5563356.0
2013-03-15 09:15:00,NSE:HCLTECH,198.25,200.850005,197.5749975,197.9875025,5285708.0
2013-03-18 09:15:00,NSE:HCLTECH,196.8000025,201.375,196.5124975,200.5124975,5934792.0
2013-03-19 09:15:00,NSE:HCLTECH,200.162505,200.475005,195.087495,195.3874975,6497364.0
2013-03-20 09:15:00,NSE:HCLTECH,195.274995,196.0749975,192.274995,193.5500025,10002516.0
2013-03-21 09:15:00,NSE:HCLTECH,193.625,196.024995,192.75,193.274995,4612020.0
2013-03-22 09:15:00,NSE:HCLTECH,192.0749975,193.975005,190.787505,191.9875025,4516588.0
2013-03-25 09:15:00,NSE:HCLTECH,192.75,193.1374975,190.0,191.774995,5216056.0
2013-03-26 09:15:00,NSE:HCLTECH,192.412505,194.725005,192.024995,193.850005,3586592.0
2013-03-28 09:15:00,NSE:HCLTECH,197.625,201.25,195.0,198.75,24468836.0
2013-04-01 09:15:00,NSE:HCLTECH,198.7624975,200.0,195.5625,197.125,1620592.0
2013-04-02 09:15:00,NSE:HCLTECH,198.1875,199.6999975,196.850005,199.587495,2992776.0
2013-04-03 09:15:00,NSE:HCLTECH,200.25,201.8125,194.149995,194.25,4182904.0
2013-04-04 09:15:00,NSE:HCLTECH,193.725005,194.149995,184.8249975,186.375,6575544.0
2013-04-05 09:15:00,NSE:HCLTECH,185.5625,191.1999975,185.5625,189.524995,5343432.0
2013-04-08 09:15:00,NSE:HCLTECH,189.2375025,191.75,185.274995,187.25,3010860.0
2013-04-09 09:15:00,NSE:HCLTECH,187.8125,188.6999975,184.649995,184.9875025,4507564.0
2013-04-10 09:15:00,NSE:HCLTECH,185.5,192.9375,184.125,192.024995,3796480.0
2013-04-11 09:15:00,NSE:HCLTECH,192.4499975,198.4250025,191.75,197.75,5232548.0
2013-04-12 09:15:00,NSE:HCLTECH,189.75,195.3249975,189.6875,194.25,9597216.0
2013-04-15 09:15:00,NSE:HCLTECH,193.75,196.0,190.8125,191.25,9824632.0
2013-04-16 09:15:00,NSE:HCLTECH,189.975005,192.6125025,189.4250025,190.600005,7339540.0
2013-04-17 09:15:00,NSE:HCLTECH,201.3000025,202.5,186.2624975,187.75,28222348.0
2013-04-18 09:15:00,NSE:HCLTECH,189.1999975,192.0,182.662505,184.125,9565588.0
2013-04-22 09:15:00,NSE:HCLTECH,185.0,186.0,179.0625,180.100005,11641000.0
2013-04-23 09:15:00,NSE:HCLTECH,181.1999975,184.4375,180.399995,183.0,8919768.0
2013-04-25 09:15:00,NSE:HCLTECH,183.75,183.75,178.587495,178.850005,7982256.0
2013-04-26 09:15:00,NSE:HCLTECH,179.3249975,179.3249975,169.412505,170.399995,14659260.0
2013-04-29 09:15:00,NSE:HCLTECH,170.7624975,175.712495,168.2375025,175.337495,7340976.0
2013-04-30 09:15:00,NSE:HCLTECH,174.8125,181.100005,174.8125,180.0,7386976.0
2013-05-02 09:15:00,NSE:HCLTECH,180.3625025,187.8000025,180.350005,186.524995,13483624.0
2013-05-03 09:15:00,NSE:HCLTECH,185.25,189.1750025,185.0,188.0,9582080.0
2013-05-06 09:15:00,NSE:HCLTECH,188.25,192.25,187.0,187.475005,6847016.0
2013-05-07 09:15:00,NSE:HCLTECH,188.75,190.0,185.850005,187.9375,7104564.0
2013-05-08 09:15:00,NSE:HCLTECH,188.75,189.850005,187.3125,187.725005,4520876.0
2013-05-09 09:15:00,NSE:HCLTECH,188.625,195.899995,188.25,192.5,8729028.0
2013-05-10 09:15:00,NSE:HCLTECH,193.375,195.225005,192.75,193.5,5857196.0
2013-05-13 09:15:00,NSE:HCLTECH,194.125,194.1750025,188.462495,189.962495,3741036.0
2013-05-14 09:15:00,NSE:HCLTECH,190.5,191.125,184.024995,185.962495,5783876.0
2013-05-15 09:15:00,NSE:HCLTECH,186.5124975,188.75,184.75,186.337495,6634336.0
2013-05-16 09:15:00,NSE:HCLTECH,186.9499975,187.287505,183.75,184.850005,3496504.0
2013-05-17 09:15:00,NSE:HCLTECH,184.850005,187.350005,179.162505,180.25,6403588.0
2013-05-20 09:15:00,NSE:HCLTECH,180.524995,183.725005,180.0625,182.399995,3265484.0
2013-05-21 09:15:00,NSE:HCLTECH,183.0,185.8625025,182.5749975,184.3874975,4222380.0
2013-05-22 09:15:00,NSE:HCLTECH,184.75,188.25,184.5,186.25,4347576.0
2013-05-23 09:15:00,NSE:HCLTECH,187.0,187.7375025,182.75,184.5,4821008.0
2013-05-24 09:15:00,NSE:HCLTECH,184.5749975,186.9875025,182.75,185.0124975,2910452.0
2013-05-27 09:15:00,NSE:HCLTECH,184.0625,187.350005,183.037505,185.25,2576904.0
2013-05-28 09:15:00,NSE:HCLTECH,186.4375,186.75,184.0500025,186.3125,2901148.0
2013-05-29 09:15:00,NSE:HCLTECH,186.875,189.9499975,186.162505,186.375,4270132.0
2013-05-30 09:15:00,NSE:HCLTECH,186.4875025,187.8249975,183.8249975,186.350005,4277368.0
2013-05-31 09:15:00,NSE:HCLTECH,186.5,187.850005,185.0124975,186.6999975,5051248.0
2013-06-03 09:15:00,NSE:HCLTECH,187.9250025,187.9250025,183.774995,185.537505,2848988.0
2013-06-04 09:15:00,NSE:HCLTECH,186.5,186.5,182.875,183.524995,1948328.0
2013-06-05 09:15:00,NSE:HCLTECH,184.712495,184.712495,180.3000025,181.9499975,1839204.0
2013-06-06 09:15:00,NSE:HCLTECH,180.75,187.375,180.25,186.625,3382144.0
2013-06-07 09:15:00,NSE:HCLTECH,185.25,188.475005,185.25,185.774995,3713360.0
2013-06-10 09:15:00,NSE:HCLTECH,187.25,189.1125025,186.3125,189.1125025,7422292.0
2013-06-11 09:15:00,NSE:HCLTECH,189.0500025,193.1750025,187.5,187.837495,6363000.0
2013-06-12 09:15:00,NSE:HCLTECH,188.475005,192.4250025,188.125,191.0,4490080.0
2013-06-13 09:15:00,NSE:HCLTECH,191.225005,191.6875,188.1875,189.3125,6391744.0
2013-06-14 09:15:00,NSE:HCLTECH,191.1999975,191.6125025,187.2624975,191.3000025,3832808.0
2013-06-17 09:15:00,NSE:HCLTECH,190.5,194.725005,189.1374975,193.6750025,4248740.0
2013-06-18 09:15:00,NSE:HCLTECH,194.1750025,195.399995,192.8625025,194.524995,3965100.0
2013-06-19 09:15:00,NSE:HCLTECH,195.0,195.6875,194.024995,195.0,4030392.0
2013-06-20 09:15:00,NSE:HCLTECH,194.25,194.25,189.625,190.0,3152420.0
2013-06-21 09:15:00,NSE:HCLTECH,190.0,191.600005,187.5,189.8625025,2996392.0
2013-06-24 09:15:00,NSE:HCLTECH,190.25,191.8249975,188.587495,189.75,3464660.0
2013-06-25 09:15:00,NSE:HCLTECH,189.5,191.75,186.25,188.037505,3422596.0
2013-06-26 09:15:00,NSE:HCLTECH,188.25,193.0,186.25,192.8125,3512944.0
2013-06-27 09:15:00,NSE:HCLTECH,193.7375025,200.0,193.149995,198.5,7696940.0
2013-06-28 09:15:00,NSE:HCLTECH,200.0,200.0,192.475005,193.2624975,6568320.0
2013-07-01 09:15:00,NSE:HCLTECH,194.975005,194.975005,188.9499975,190.25,2742568.0
2013-07-02 09:15:00,NSE:HCLTECH,190.5,193.1750025,190.0,191.7375025,2463896.0
2013-07-03 09:15:00,NSE:HCLTECH,190.5124975,194.0,189.162505,192.5,3266880.0
2013-07-04 09:15:00,NSE:HCLTECH,191.5124975,200.5,191.5124975,199.5,6883720.0
2013-07-05 09:15:00,NSE:HCLTECH,200.274995,201.75,198.0500025,198.149995,2890504.0
2013-07-08 09:15:00,NSE:HCLTECH,200.6750025,205.399995,199.7624975,205.0124975,4591276.0
2013-07-09 09:15:00,NSE:HCLTECH,204.125,207.037505,203.75,205.625,3513816.0
2013-07-10 09:15:00,NSE:HCLTECH,205.6875,211.0,205.5,210.375,4127192.0
2013-07-11 09:15:00,NSE:HCLTECH,210.5,212.25,208.100005,210.2624975,3493012.0
2013-07-12 09:15:00,NSE:HCLTECH,212.5,216.3125,211.837495,216.149995,4853628.0
2013-07-15 09:15:00,NSE:HCLTECH,215.125,220.7375025,215.125,218.75,3786484.0
2013-07-16 09:15:00,NSE:HCLTECH,216.0,221.225005,215.625,219.0,3098124.0
2013-07-17 09:15:00,NSE:HCLTECH,218.350005,222.1750025,218.3249975,218.524995,3321512.0
2013-07-18 09:15:00,NSE:HCLTECH,219.725005,219.725005,213.875,214.975005,4242288.0
2013-07-19 09:15:00,NSE:HCLTECH,216.6999975,226.725005,216.6999975,222.087495,9537080.0
2013-07-22 09:15:00,NSE:HCLTECH,223.75,224.875,219.212495,222.5,3851664.0
2013-07-23 09:15:00,NSE:HCLTECH,222.8125,226.462495,222.8125,223.8125,4931300.0
2013-07-24 09:15:00,NSE:HCLTECH,223.649995,226.9875025,222.5124975,224.0,3090068.0
2013-07-25 09:15:00,NSE:HCLTECH,225.0,228.225005,223.25,225.75,4243444.0
2013-07-26 09:15:00,NSE:HCLTECH,227.399995,229.725005,225.4499975,225.7624975,5295436.0
2013-07-29 09:15:00,NSE:HCLTECH,226.25,226.9250025,223.087495,224.5,3827536.0
2013-07-30 09:15:00,NSE:HCLTECH,226.75,228.7375025,225.5,227.75,6222296.0
2013-07-31 09:15:00,NSE:HCLTECH,229.5,237.475005,219.25,234.875,16167372.0
2013-08-01 09:15:00,NSE:HCLTECH,237.75,237.875,231.6374975,232.5,6363796.0
2013-08-02 09:15:00,NSE:HCLTECH,233.25,237.3625025,231.600005,233.75,5528720.0
2013-08-05 09:15:00,NSE:HCLTECH,234.0625,240.25,234.0625,237.125,4003976.0
2013-08-06 09:15:00,NSE:HCLTECH,237.25,240.0,235.0124975,236.25,3769488.0
2013-08-07 09:15:00,NSE:HCLTECH,238.0,239.0,224.712495,225.0749975,5661036.0
2013-08-08 09:15:00,NSE:HCLTECH,224.5,227.587495,220.875,226.4250025,5307584.0
2013-08-12 09:15:00,NSE:HCLTECH,228.5,234.0,225.7624975,233.25,4591444.0
2013-08-13 09:15:00,NSE:HCLTECH,234.5,237.9250025,233.75,235.4375,3725304.0
2013-08-14 09:15:00,NSE:HCLTECH,236.2375025,236.725005,228.212495,230.0,5897512.0
2013-08-16 09:15:00,NSE:HCLTECH,229.75,235.2375025,226.5,230.5124975,8401384.0
2013-08-19 09:15:00,NSE:HCLTECH,232.25,234.3625025,228.6875,233.75,5959248.0
2013-08-20 09:15:00,NSE:HCLTECH,233.600005,233.600005,223.162505,223.5124975,5191016.0
2013-08-21 09:15:00,NSE:HCLTECH,223.412505,228.4499975,220.3249975,220.587495,5213524.0
2013-08-22 09:15:00,NSE:HCLTECH,220.524995,226.662505,217.9250025,224.75,4733996.0
2013-08-23 09:15:00,NSE:HCLTECH,225.2624975,238.25,224.649995,237.0,7902228.0
2013-08-26 09:15:00,NSE:HCLTECH,235.162505,241.625,234.649995,236.2375025,5192304.0
2013-08-27 09:15:00,NSE:HCLTECH,235.0,240.2375025,235.0,236.25,3159176.0
2013-08-28 09:15:00,NSE:HCLTECH,235.75,246.225005,235.712495,245.4875025,6561592.0
2013-08-29 09:15:00,NSE:HCLTECH,245.25,256.5375,242.587495,253.5,9258668.0
2013-08-30 09:15:00,NSE:HCLTECH,252.9,261.225,252.475,261.225,6049048.0
2013-09-02 09:15:00,NSE:HCLTECH,257.5,262.5,257.5,259.75,3931360.0
2013-09-03 09:15:00,NSE:HCLTECH,260.0,261.7,255.0,255.5,4718252.0
2013-09-04 09:15:00,NSE:HCLTECH,256.2,262.7125,253.75,260.75,6988140.0
2013-09-05 09:15:00,NSE:HCLTECH,260.55,261.175,252.775,254.7375,5768332.0
2013-09-06 09:15:00,NSE:HCLTECH,254.0,260.3375,250.775,253.3625,5481388.0
2013-09-10 09:15:00,NSE:HCLTECH,253.5,268.2375,252.8,265.0,8011760.0
2013-09-11 09:15:00,NSE:HCLTECH,267.4875,270.3125,262.875,265.4625,4176852.0
2013-09-12 09:15:00,NSE:HCLTECH,268.875,270.4625,263.775,268.25,5773264.0
2013-09-13 09:15:00,NSE:HCLTECH,268.5875,270.025,259.5875,261.5,6290308.0
2013-09-16 09:15:00,NSE:HCLTECH,263.2125,263.5,246.0625,248.5,10046268.0
2013-09-17 09:15:00,NSE:HCLTECH,250.3125,259.95,250.25,259.55,3625604.0
2013-09-18 09:15:00,NSE:HCLTECH,262.5,262.5,254.5875,258.25,3725976.0
2013-09-19 09:15:00,NSE:HCLTECH,257.25,259.4625,249.024995,255.5,5247480.0
2013-09-20 09:15:00,NSE:HCLTECH,259.95,266.9,257.4,265.35,4133648.0
2013-09-23 09:15:00,NSE:HCLTECH,264.125,274.8125,264.125,273.0125,5997308.0
2013-09-24 09:15:00,NSE:HCLTECH,271.15,275.9875,267.1375,267.9375,5725484.0
2013-09-25 09:15:00,NSE:HCLTECH,268.7625,270.2375,263.4,264.775,5015716.0
2013-09-26 09:15:00,NSE:HCLTECH,266.3875,267.35,261.05,263.25,6380440.0
2013-09-27 09:15:00,NSE:HCLTECH,262.35,271.0,261.25,269.375,4014632.0
2013-09-30 09:15:00,NSE:HCLTECH,268.975,276.0,268.0,270.4875,5254356.0
2013-10-01 09:15:00,NSE:HCLTECH,271.375,272.5,265.9625,268.075,2051744.0
2013-10-03 09:15:00,NSE:HCLTECH,270.0,278.9375,268.75,276.5,8287912.0
2013-10-04 09:15:00,NSE:HCLTECH,275.3125,279.875,273.1,274.0625,5397444.0
2013-10-07 09:15:00,NSE:HCLTECH,275.075,282.3875,275.0,279.5,5895704.0
2013-10-08 09:15:00,NSE:HCLTECH,279.9875,279.9875,275.85,276.25,2544784.0
2013-10-09 09:15:00,NSE:HCLTECH,276.525,281.0,275.1375,277.7625,5126556.0
2013-10-10 09:15:00,NSE:HCLTECH,277.95,282.5,277.95,279.625,5806820.0
2013-10-11 09:15:00,NSE:HCLTECH,283.75,292.1,279.625,289.25,10934984.0
2013-10-14 09:15:00,NSE:HCLTECH,291.25,292.0,288.8,290.0,6419404.0
2013-10-15 09:15:00,NSE:HCLTECH,294.0,294.6125,289.1875,289.5,5579340.0
2013-10-17 09:15:00,NSE:HCLTECH,291.25,292.075,269.2625,269.7125,16121608.0
2013-10-18 09:15:00,NSE:HCLTECH,270.75,277.35,267.775,275.15,7820096.0
2013-10-21 09:15:00,NSE:HCLTECH,276.5,278.55,263.075,271.0125,8981476.0
2013-10-22 09:15:00,NSE:HCLTECH,274.125,279.125,271.325,278.4,5073020.0
2013-10-23 09:15:00,NSE:HCLTECH,279.95,279.975,268.775,275.75,4021456.0
2013-10-24 09:15:00,NSE:HCLTECH,275.25,277.5,262.25,263.85,7210448.0
2013-10-25 09:15:00,NSE:HCLTECH,261.225,271.975,260.5875,270.2,6109920.0
2013-10-28 09:15:00,NSE:HCLTECH,267.75,271.075,264.5,266.025,3539636.0
2013-10-29 09:15:00,NSE:HCLTECH,266.275,271.2,266.2,271.0,4523612.0
2013-10-30 09:15:00,NSE:HCLTECH,271.0,273.6,266.025,271.25,3709464.0
2013-10-31 09:15:00,NSE:HCLTECH,274.0,277.9,271.5375,273.25,7494488.0
2013-11-01 09:15:00,NSE:HCLTECH,274.1875,279.975,274.025,274.5,5212456.0
2013-11-05 09:15:00,NSE:HCLTECH,273.025,277.45,270.5125,275.25,3171148.0
2013-11-06 09:15:00,NSE:HCLTECH,275.25,277.925,269.725,271.2625,4078512.0
2013-11-07 09:15:00,NSE:HCLTECH,273.475,280.85,272.6,276.25,3972848.0
2013-11-08 09:15:00,NSE:HCLTECH,275.625,283.125,275.0625,277.5,4594308.0
2013-11-11 09:15:00,NSE:HCLTECH,278.75,284.475,274.175,276.15,3360592.0
2013-11-12 09:15:00,NSE:HCLTECH,276.5,280.125,273.325,273.7375,4512768.0
2013-11-13 09:15:00,NSE:HCLTECH,272.5,278.0,272.5,274.0,3054692.0
2013-11-14 09:15:00,NSE:HCLTECH,272.3375,275.9375,269.3875,272.225,2580632.0
2013-11-18 09:15:00,NSE:HCLTECH,268.4375,278.5875,267.175,273.95,3925068.0
2013-11-19 09:15:00,NSE:HCLTECH,275.875,278.5,274.625,275.0,3945228.0
2013-11-20 09:15:00,NSE:HCLTECH,277.375,278.8875,270.6375,272.0,2153208.0
2013-11-21 09:15:00,NSE:HCLTECH,273.1,274.375,264.4375,265.3,3041036.0
2013-11-22 09:15:00,NSE:HCLTECH,265.025,266.8375,262.1,262.5,4398836.0
2013-11-25 09:15:00,NSE:HCLTECH,260.75,267.375,260.75,262.75,3398352.0
2013-11-26 09:15:00,NSE:HCLTECH,261.75,267.1125,261.0,265.475,6000408.0
2013-11-27 09:15:00,NSE:HCLTECH,265.025,268.0,263.875,264.25,2826432.0
2013-11-28 09:15:00,NSE:HCLTECH,266.25,268.6,264.4,265.5,3658696.0
2013-11-29 09:15:00,NSE:HCLTECH,265.625,273.5625,265.625,270.3125,3602484.0
2013-12-02 09:15:00,NSE:HCLTECH,270.6,285.0,270.6,282.375,4515568.0
2013-12-03 09:15:00,NSE:HCLTECH,282.5,285.0,277.775,279.45,3753980.0
2013-12-04 09:15:00,NSE:HCLTECH,280.05,283.5,277.825,279.125,2375652.0
2013-12-05 09:15:00,NSE:HCLTECH,282.5,283.0,275.3375,276.7,3172604.0
2013-12-06 09:15:00,NSE:HCLTECH,276.0,283.25,276.0,282.0,2035128.0
2013-12-09 09:15:00,NSE:HCLTECH,282.95,287.5,280.675,286.25,4063508.0
2013-12-10 09:15:00,NSE:HCLTECH,284.5125,291.4625,284.5,289.0,12426016.0
2013-12-11 09:15:00,NSE:HCLTECH,288.7625,296.5,288.7625,293.75,9236796.0
2013-12-12 09:15:00,NSE:HCLTECH,292.8,297.0,289.25,294.85,3782148.0
2013-12-13 09:15:00,NSE:HCLTECH,293.4,297.0,292.0125,296.125,11441044.0
2013-12-16 09:15:00,NSE:HCLTECH,294.875,298.0,292.05,297.25,8242520.0
2013-12-17 09:15:00,NSE:HCLTECH,299.25,299.5,291.975,292.9875,7373060.0
2013-12-18 09:15:00,NSE:HCLTECH,293.0,299.925,292.2,298.95,3504008.0
2013-12-19 09:15:00,NSE:HCLTECH,299.3875,314.6625,299.3625,311.1375,6543352.0
2013-12-20 09:15:00,NSE:HCLTECH,309.925,312.975,307.8,309.0,11683408.0
2013-12-23 09:15:00,NSE:HCLTECH,310.6,314.9875,309.2625,311.0,4224696.0
2013-12-24 09:15:00,NSE:HCLTECH,311.2,313.375,308.5,308.75,2197664.0
2013-12-26 09:15:00,NSE:HCLTECH,310.0,311.5,308.75,311.5,2933928.0
2013-12-27 09:15:00,NSE:HCLTECH,312.0,315.475,310.0,314.7125,3104892.0
2013-12-30 09:15:00,NSE:HCLTECH,314.75,317.5,308.525,313.0,1578700.0
2013-12-31 09:15:00,NSE:HCLTECH,312.95,317.0,309.5375,316.425,1495972.0
2014-01-01 09:15:00,NSE:HCLTECH,317.2,317.475,313.075,314.25,737988.0
2014-01-02 09:15:00,NSE:HCLTECH,315.0,316.25,310.0375,312.75,1030976.0
2014-01-03 09:15:00,NSE:HCLTECH,311.275,316.5,310.8625,315.7625,2725944.0
2014-01-06 09:15:00,NSE:HCLTECH,316.25,316.5,311.075,312.625,1392104.0
2014-01-07 09:15:00,NSE:HCLTECH,314.0,316.875,310.5375,315.4125,3879316.0
2014-01-08 09:15:00,NSE:HCLTECH,314.5,319.125,310.55,311.95,2576776.0
2014-01-09 09:15:00,NSE:HCLTECH,312.625,322.6125,310.775,321.5625,3250300.0
2014-01-10 09:15:00,NSE:HCLTECH,324.7,329.65,317.5,324.75,5292496.0
2014-01-13 09:15:00,NSE:HCLTECH,326.175,338.25,325.75,337.5,4611212.0
2014-01-14 09:15:00,NSE:HCLTECH,335.625,335.625,328.75,331.0125,2560164.0
2014-01-15 09:15:00,NSE:HCLTECH,332.575,336.85,330.775,334.5,3919128.0
2014-01-16 09:15:00,NSE:HCLTECH,337.75,349.5,335.0625,348.0,13027348.0
2014-01-17 09:15:00,NSE:HCLTECH,347.25,349.75,342.45,348.25,7473896.0
2014-01-20 09:15:00,NSE:HCLTECH,346.375,359.25,343.9125,357.7125,7594044.0
2014-01-21 09:15:00,NSE:HCLTECH,358.0375,364.6375,357.7375,360.75,7940204.0
2014-01-22 09:15:00,NSE:HCLTECH,360.0,362.45,353.2875,361.5,7216076.0
2014-01-23 09:15:00,NSE:HCLTECH,361.1875,361.1875,349.65,354.125,6043544.0
2014-01-24 09:15:00,NSE:HCLTECH,353.3125,357.7625,350.1,353.55,4416224.0
2014-01-27 09:15:00,NSE:HCLTECH,352.5,357.3875,349.15,356.2375,6256364.0
2014-01-28 09:15:00,NSE:HCLTECH,354.75,356.5125,349.525,354.0,3914664.0
2014-01-29 09:15:00,NSE:HCLTECH,352.75,358.75,351.525,356.25,2616276.0
2014-01-30 09:15:00,NSE:HCLTECH,355.725,361.25,351.95,360.0,5446576.0
2014-01-31 09:15:00,NSE:HCLTECH,359.025,367.475,357.525,365.325,3797684.0
2014-02-03 09:15:00,NSE:HCLTECH,363.5,367.7875,362.1625,362.775,2420852.0
2014-02-04 09:15:00,NSE:HCLTECH,358.625,359.5,343.775,350.6375,5091952.0
2014-02-05 09:15:00,NSE:HCLTECH,353.0,353.5,343.875,347.725,6655344.0
2014-02-06 09:15:00,NSE:HCLTECH,350.0,352.8875,341.0,351.875,5371304.0
2014-02-07 09:15:00,NSE:HCLTECH,354.925,355.725,346.4,348.5125,4448856.0
2014-02-10 09:15:00,NSE:HCLTECH,351.1,355.625,349.15,354.9875,3536760.0
2014-02-11 09:15:00,NSE:HCLTECH,353.75,369.8,353.75,369.425,7607308.0
2014-02-12 09:15:00,NSE:HCLTECH,370.0,377.625,369.4375,372.7,7410744.0
2014-02-13 09:15:00,NSE:HCLTECH,374.75,375.5875,370.1375,372.3,5433888.0
2014-02-14 09:15:00,NSE:HCLTECH,373.5,378.4375,369.65,374.3375,4833648.0
2014-02-17 09:15:00,NSE:HCLTECH,375.0,380.5,374.5,375.6,2792108.0
2014-02-18 09:15:00,NSE:HCLTECH,377.0,378.7,370.8125,371.6625,2802144.0
2014-02-19 09:15:00,NSE:HCLTECH,373.0,375.0,368.85,373.5875,2796248.0
2014-02-20 09:15:00,NSE:HCLTECH,373.75,374.475,366.8375,368.225,3687320.0
2014-02-21 09:15:00,NSE:HCLTECH,367.75,386.6,367.75,384.55,5888384.0
2014-02-24 09:15:00,NSE:HCLTECH,385.25,385.25,380.15,382.55,2819804.0
2014-02-25 09:15:00,NSE:HCLTECH,384.7375,388.7125,383.75,387.2375,2798184.0
2014-02-26 09:15:00,NSE:HCLTECH,387.25,395.5375,385.2875,393.1625,5771220.0
2014-02-28 09:15:00,NSE:HCLTECH,382.5,397.5,382.5,393.8875,16188144.0
2014-03-03 09:15:00,NSE:HCLTECH,394.0,394.0,372.95,376.1625,8926652.0
2014-03-04 09:15:00,NSE:HCLTECH,378.0,381.25,368.7625,370.35,6936724.0
2014-03-05 09:15:00,NSE:HCLTECH,371.725,373.6,363.3375,365.6125,8011076.0
2014-03-06 09:15:00,NSE:HCLTECH,367.35,374.875,367.25,372.9625,7490368.0
2014-03-07 09:15:00,NSE:HCLTECH,373.0,376.25,364.0625,371.975,8818956.0
2014-03-10 09:15:00,NSE:HCLTECH,369.5,370.9,359.375,360.2625,9844140.0
2014-03-11 09:15:00,NSE:HCLTECH,360.2625,366.775,359.4625,363.6375,7583096.0
2014-03-12 09:15:00,NSE:HCLTECH,361.65,367.1125,360.0,365.0625,4396776.0
2014-03-13 09:15:00,NSE:HCLTECH,361.25,369.75,359.325,364.8,5891488.0
2014-03-14 09:15:00,NSE:HCLTECH,361.15,361.25,351.3625,354.2125,5609800.0
2014-03-18 09:15:00,NSE:HCLTECH,356.25,356.7125,352.0,353.2625,4530072.0
2014-03-19 09:15:00,NSE:HCLTECH,351.0,355.0,342.8125,350.9,6437264.0
2014-03-20 09:15:00,NSE:HCLTECH,349.0,356.475,349.0,351.8375,4944164.0
2014-03-21 09:15:00,NSE:HCLTECH,352.75,364.175,349.375,356.575,7872676.0
2014-03-24 09:15:00,NSE:HCLTECH,360.0,362.5,352.2125,353.5875,3845692.0
2014-03-25 09:15:00,NSE:HCLTECH,352.775,357.375,348.35,349.425,5035292.0
2014-03-26 09:15:00,NSE:HCLTECH,351.25,352.0,346.25,349.275,4753584.0
2014-03-27 09:15:00,NSE:HCLTECH,351.25,351.25,345.6875,347.2875,7130636.0
2014-03-28 09:15:00,NSE:HCLTECH,350.25,355.5,348.825,351.45,4330940.0
2014-03-31 09:15:00,NSE:HCLTECH,351.25,351.25,345.25,347.675,3926028.0
2014-04-01 09:15:00,NSE:HCLTECH,352.5,357.375,350.0,354.6125,5962896.0
2014-04-02 09:15:00,NSE:HCLTECH,358.0,359.2,355.55,356.425,4831084.0
2014-04-03 09:15:00,NSE:HCLTECH,359.525,360.0,353.25,356.075,5065728.0
2014-04-04 09:15:00,NSE:HCLTECH,360.075,360.075,348.75,349.475,4219764.0
2014-04-07 09:15:00,NSE:HCLTECH,349.375,352.925,345.9125,351.6125,3937144.0
2014-04-09 09:15:00,NSE:HCLTECH,348.875,351.25,341.8,345.0625,7069268.0
2014-04-10 09:15:00,NSE:HCLTECH,345.0,347.25,337.4875,339.35,5669992.0
2014-04-11 09:15:00,NSE:HCLTECH,335.575,351.25,333.75,350.1625,7490088.0
2014-04-15 09:15:00,NSE:HCLTECH,351.75,359.3125,349.475,356.2,6943812.0
2014-04-16 09:15:00,NSE:HCLTECH,359.625,359.625,350.5,353.125,4719656.0
2014-04-17 09:15:00,NSE:HCLTECH,362.75,363.2,353.75,356.1875,6078460.0
2014-04-21 09:15:00,NSE:HCLTECH,359.5,360.825,355.3,359.925,3760100.0
2014-04-22 09:15:00,NSE:HCLTECH,357.775,365.0,357.775,363.1625,3949268.0
2014-04-23 09:15:00,NSE:HCLTECH,363.25,365.0,358.5,359.6125,6748472.0
2014-04-25 09:15:00,NSE:HCLTECH,362.0125,365.95,358.2375,362.35,4847132.0
2014-04-28 09:15:00,NSE:HCLTECH,362.5,363.75,353.9,354.9,4263628.0
2014-04-29 09:15:00,NSE:HCLTECH,355.25,358.4,351.95,353.6125,2714904.0
2014-04-30 09:15:00,NSE:HCLTECH,352.6375,357.175,348.8625,350.725,2430288.0
2014-05-02 09:15:00,NSE:HCLTECH,350.75,358.175,346.5,356.1875,2547248.0
2014-05-05 09:15:00,NSE:HCLTECH,357.5,359.6,343.25,345.45,3030128.0
2014-05-06 09:15:00,NSE:HCLTECH,345.2875,348.25,342.2625,345.6375,2567100.0
2014-05-07 09:15:00,NSE:HCLTECH,348.0,350.875,329.0375,330.2,5386704.0
2014-05-08 09:15:00,NSE:HCLTECH,333.75,336.5875,328.025,334.95,3806532.0
2014-05-09 09:15:00,NSE:HCLTECH,334.75,344.5,333.7875,342.675,4030548.0
2014-05-12 09:15:00,NSE:HCLTECH,340.5,350.3,335.675,348.6,4273256.0
2014-05-13 09:15:00,NSE:HCLTECH,349.1625,361.3,349.1625,358.225,2679708.0
2014-05-14 09:15:00,NSE:HCLTECH,358.5,361.9875,349.0,352.85,3872396.0
2014-05-15 09:15:00,NSE:HCLTECH,350.15,356.7375,348.025,351.45,2618476.0
2014-05-16 09:15:00,NSE:HCLTECH,351.25,361.45,339.7,341.2875,6331776.0
2014-05-19 09:15:00,NSE:HCLTECH,344.45,344.45,314.0,326.8,7669000.0
2014-05-20 09:15:00,NSE:HCLTECH,325.0,335.75,315.8625,327.125,8200708.0
2014-05-21 09:15:00,NSE:HCLTECH,327.575,335.75,327.525,334.0125,4006508.0
2014-05-22 09:15:00,NSE:HCLTECH,334.0125,334.975,328.25,330.9625,4503816.0
2014-05-23 09:15:00,NSE:HCLTECH,329.2875,337.9625,329.2875,335.2625,4848756.0
2014-05-26 09:15:00,NSE:HCLTECH,335.25,349.75,333.15,346.55,4342600.0
2014-05-27 09:15:00,NSE:HCLTECH,348.0,356.1125,341.8875,345.875,3412420.0
2014-05-28 09:15:00,NSE:HCLTECH,346.2625,363.1875,344.5,360.1125,5542120.0
2014-05-29 09:15:00,NSE:HCLTECH,363.75,363.75,346.2625,349.9375,4595600.0
2014-05-30 09:15:00,NSE:HCLTECH,350.0,358.0,344.1875,354.6375,3531480.0
2014-06-02 09:15:00,NSE:HCLTECH,355.0125,356.1875,344.1875,345.7,2573924.0
2014-06-03 09:15:00,NSE:HCLTECH,346.25,347.5,335.25,337.075,4747996.0
2014-06-04 09:15:00,NSE:HCLTECH,335.525,338.75,325.4,327.0625,5684584.0
2014-06-05 09:15:00,NSE:HCLTECH,329.7,334.875,326.75,333.225,4592304.0
2014-06-06 09:15:00,NSE:HCLTECH,331.5625,333.5875,328.625,331.925,5101056.0
2014-06-09 09:15:00,NSE:HCLTECH,332.0125,342.7625,332.0,341.925,4353352.0
2014-06-10 09:15:00,NSE:HCLTECH,343.0,350.5,341.075,349.5625,3781152.0
2014-06-11 09:15:00,NSE:HCLTECH,350.75,354.5,346.8,351.45,3514840.0
2014-06-12 09:15:00,NSE:HCLTECH,350.825,355.475,345.35,351.6875,4033532.0
2014-06-13 09:15:00,NSE:HCLTECH,351.9875,361.25,346.5,359.7375,4694564.0
2014-06-16 09:15:00,NSE:HCLTECH,360.725,362.0,352.9875,355.6125,4908220.0
2014-06-17 09:15:00,NSE:HCLTECH,359.0,368.5,358.875,363.6125,7930660.0
2014-06-18 09:15:00,NSE:HCLTECH,361.75,364.2875,356.5,359.2125,4956524.0
2014-06-19 09:15:00,NSE:HCLTECH,356.5,365.95,352.4,364.65,5159952.0
2014-06-20 09:15:00,NSE:HCLTECH,366.75,367.225,358.6375,360.9875,5725620.0
2014-06-23 09:15:00,NSE:HCLTECH,357.1625,360.85,352.5,354.7625,2225304.0
2014-06-24 09:15:00,NSE:HCLTECH,353.75,355.7125,351.0,353.9875,2555768.0
2014-06-25 09:15:00,NSE:HCLTECH,353.9875,359.6,352.225,354.725,1952040.0
2014-06-26 09:15:00,NSE:HCLTECH,355.0,361.6125,352.725,358.525,4119512.0
2014-06-27 09:15:00,NSE:HCLTECH,358.25,371.4375,356.4625,370.3625,7069016.0
2014-06-30 09:15:00,NSE:HCLTECH,373.225,377.0,371.25,375.0375,4008964.0
2014-07-01 09:15:00,NSE:HCLTECH,373.75,375.7375,369.5,374.3875,3690944.0
2014-07-02 09:15:00,NSE:HCLTECH,373.45,374.05,368.025,370.075,2509572.0
2014-07-03 09:15:00,NSE:HCLTECH,365.0,372.75,365.0,366.6125,5190000.0
2014-07-04 09:15:00,NSE:HCLTECH,368.4625,371.15,367.175,370.0875,1332268.0
2014-07-07 09:15:00,NSE:HCLTECH,372.5,378.0,368.7625,377.125,4390260.0
2014-07-08 09:15:00,NSE:HCLTECH,380.8375,380.8375,367.5,369.5375,5588164.0
2014-07-09 09:15:00,NSE:HCLTECH,373.75,373.75,363.85,368.3,7289728.0
2014-07-10 09:15:00,NSE:HCLTECH,368.0,374.475,365.15,368.1,2593028.0
2014-07-11 09:15:00,NSE:HCLTECH,373.5,377.25,370.0875,375.35,3741516.0
2014-07-14 09:15:00,NSE:HCLTECH,373.85,375.5,360.0,362.2375,6545688.0
2014-07-15 09:15:00,NSE:HCLTECH,362.5,368.325,362.5,365.625,2453024.0
2014-07-16 09:15:00,NSE:HCLTECH,367.0,369.2875,362.75,367.4125,2416688.0
2014-07-17 09:15:00,NSE:HCLTECH,368.0125,370.8375,364.75,366.7,1463300.0
2014-07-18 09:15:00,NSE:HCLTECH,371.25,377.0625,370.025,375.0625,2523740.0
2014-07-21 09:15:00,NSE:HCLTECH,377.5,379.75,375.025,377.0125,3082780.0
2014-07-22 09:15:00,NSE:HCLTECH,375.5,383.35,374.0,382.225,3525144.0
2014-07-23 09:15:00,NSE:HCLTECH,383.75,387.5,379.725,385.525,3461904.0
2014-07-24 09:15:00,NSE:HCLTECH,387.1625,397.1125,386.25,395.625,3779220.0
2014-07-25 09:15:00,NSE:HCLTECH,396.5,396.5,389.6125,395.5875,4394592.0
2014-07-28 09:15:00,NSE:HCLTECH,395.5875,406.25,392.775,403.5875,7546896.0
2014-07-30 09:15:00,NSE:HCLTECH,402.5,404.1375,397.775,399.3875,4575384.0
2014-07-31 09:15:00,NSE:HCLTECH,398.5125,398.75,385.275,388.775,9427436.0
2014-08-01 09:15:00,NSE:HCLTECH,386.3125,387.5,376.75,378.8125,7734044.0
2014-08-04 09:15:00,NSE:HCLTECH,380.0,391.0,380.0,388.75,5132232.0
2014-08-05 09:15:00,NSE:HCLTECH,388.0,390.0375,382.0375,386.1125,2896968.0
2014-08-06 09:15:00,NSE:HCLTECH,386.25,389.725,383.8375,386.9125,2478928.0
2014-08-07 09:15:00,NSE:HCLTECH,383.0,385.3375,377.5,379.5625,3065656.0
2014-08-08 09:15:00,NSE:HCLTECH,378.7375,385.175,378.025,383.2,2715936.0
2014-08-11 09:15:00,NSE:HCLTECH,383.5,385.7125,375.55,378.825,2854212.0
2014-08-12 09:15:00,NSE:HCLTECH,379.5,380.5125,375.675,379.2875,2328568.0
2014-08-13 09:15:00,NSE:HCLTECH,382.5,391.9,377.8,390.0375,3841344.0
2014-08-14 09:15:00,NSE:HCLTECH,393.6875,394.25,380.5,384.5,2531680.0
2014-08-18 09:15:00,NSE:HCLTECH,387.65,388.4875,379.5,380.7625,2279596.0
2014-08-19 09:15:00,NSE:HCLTECH,383.25,385.5,381.4125,384.6875,1789556.0
2014-08-20 09:15:00,NSE:HCLTECH,387.225,391.2375,384.6625,389.6375,3005680.0
2014-08-21 09:15:00,NSE:HCLTECH,390.75,396.35,385.05,388.8875,4270200.0
2014-08-22 09:15:00,NSE:HCLTECH,387.8,403.7375,387.8,398.6875,4872620.0
2014-08-25 09:15:00,NSE:HCLTECH,400.0,404.5,396.125,399.425,2884572.0
2014-08-26 09:15:00,NSE:HCLTECH,399.975,404.375,392.125,400.4,3685648.0
2014-08-27 09:15:00,NSE:HCLTECH,401.225,413.925,401.225,412.475,4965876.0
2014-08-28 09:15:00,NSE:HCLTECH,412.75,416.4375,406.2,407.6875,5173812.0
2014-09-01 09:15:00,NSE:HCLTECH,414.75,414.75,408.375,409.35,1488544.0
2014-09-02 09:15:00,NSE:HCLTECH,410.625,414.25,406.0625,412.0,1692040.0
2014-09-03 09:15:00,NSE:HCLTECH,412.5,418.0,410.6875,414.5,5052412.0
2014-09-04 09:15:00,NSE:HCLTECH,417.1875,418.4625,413.1375,415.2625,2324000.0
2014-09-05 09:15:00,NSE:HCLTECH,416.475,417.9875,412.75,416.075,2265920.0
2014-09-08 09:15:00,NSE:HCLTECH,418.7125,420.7625,413.35,416.5625,2090484.0
2014-09-09 09:15:00,NSE:HCLTECH,417.5,418.0,409.025,410.2,2050352.0
2014-09-10 09:15:00,NSE:HCLTECH,408.75,413.975,407.075,408.75,1732968.0
2014-09-11 09:15:00,NSE:HCLTECH,411.2,413.7,405.3375,409.425,2561660.0
2014-09-12 09:15:00,NSE:HCLTECH,408.5,409.5,403.175,405.25,3091296.0
2014-09-15 09:15:00,NSE:HCLTECH,405.5125,406.25,401.35,402.425,2725728.0
2014-09-16 09:15:00,NSE:HCLTECH,401.275,409.45,398.725,401.3875,2231668.0
2014-09-17 09:15:00,NSE:HCLTECH,400.2125,408.75,400.2,406.6375,2415480.0
2014-09-18 09:15:00,NSE:HCLTECH,406.5,413.075,402.575,409.225,2857328.0
2014-09-19 09:15:00,NSE:HCLTECH,410.0,427.75,408.5125,418.3875,8784152.0
2014-09-22 09:15:00,NSE:HCLTECH,417.7125,425.7125,413.75,424.8375,1930320.0
2014-09-23 09:15:00,NSE:HCLTECH,425.0,433.75,424.2,431.1125,6775140.0
2014-09-24 09:15:00,NSE:HCLTECH,431.25,433.75,425.9375,427.35,2213248.0
2014-09-25 09:15:00,NSE:HCLTECH,427.6,432.5,423.6625,427.1125,3119252.0
2014-09-26 09:15:00,NSE:HCLTECH,429.95,431.25,422.8,428.5,3100920.0
2014-09-29 09:15:00,NSE:HCLTECH,428.9625,431.8625,425.1,426.5,2720028.0
2014-09-30 09:15:00,NSE:HCLTECH,428.5,431.0,426.5125,428.6875,3400592.0
2014-10-01 09:15:00,NSE:HCLTECH,430.0,438.875,428.3375,435.0375,6437036.0
2014-10-07 09:15:00,NSE:HCLTECH,429.125,444.0625,429.125,432.3,4816416.0
2014-10-08 09:15:00,NSE:HCLTECH,431.275,436.1375,416.25,418.275,4308300.0
2014-10-09 09:15:00,NSE:HCLTECH,420.25,427.5,417.75,423.875,2169268.0
2014-10-10 09:15:00,NSE:HCLTECH,425.025,435.75,421.7375,434.375,4150172.0
2014-10-13 09:15:00,NSE:HCLTECH,435.475,442.0625,430.375,438.95,3618772.0
2014-10-14 09:15:00,NSE:HCLTECH,433.175,438.6,429.15,430.75,2849840.0
2014-10-16 09:15:00,NSE:HCLTECH,430.675,435.125,412.0125,413.9625,5132920.0
2014-10-17 09:15:00,NSE:HCLTECH,396.25,398.2875,374.325,376.375,17284108.0
2014-10-20 09:15:00,NSE:HCLTECH,382.5,383.75,370.0,374.0875,8686504.0
2014-10-21 09:15:00,NSE:HCLTECH,374.25,378.5,371.2625,376.275,5980376.0
2014-10-22 09:15:00,NSE:HCLTECH,380.075,380.9875,375.5,378.3125,2648100.0
2014-10-23 09:15:00,NSE:HCLTECH,382.5,383.75,379.7875,381.4125,484744.0
2014-10-27 09:15:00,NSE:HCLTECH,384.5,384.5,371.75,374.1875,7635320.0
2014-10-28 09:15:00,NSE:HCLTECH,372.7625,377.75,370.0,375.2875,4554792.0
2014-10-29 09:15:00,NSE:HCLTECH,373.8375,379.75,373.8375,378.0,5262128.0
2014-10-30 09:15:00,NSE:HCLTECH,379.4875,396.9,379.4875,394.1875,7462896.0
2014-10-31 09:15:00,NSE:HCLTECH,397.0,406.1625,395.9625,402.1,3381084.0
2014-11-03 09:15:00,NSE:HCLTECH,403.75,407.075,391.525,392.7,4489700.0
2014-11-05 09:15:00,NSE:HCLTECH,392.75,402.75,388.0,401.25,4521552.0
2014-11-07 09:15:00,NSE:HCLTECH,400.3125,406.2375,400.3125,404.6625,4924336.0
2014-11-10 09:15:00,NSE:HCLTECH,404.6625,406.5,396.25,404.3875,2880496.0
2014-11-11 09:15:00,NSE:HCLTECH,401.75,406.75,401.25,403.875,2249508.0
2014-11-12 09:15:00,NSE:HCLTECH,404.95,404.95,397.85,400.125,4119820.0
2014-11-13 09:15:00,NSE:HCLTECH,401.2375,411.75,397.0375,409.875,3344836.0
2014-11-14 09:15:00,NSE:HCLTECH,405.525,412.5,401.5,402.675,3885944.0
2014-11-17 09:15:00,NSE:HCLTECH,403.975,405.975,399.5875,404.9125,3151992.0
2014-11-18 09:15:00,NSE:HCLTECH,406.25,406.25,399.5,400.175,2493496.0
2014-11-19 09:15:00,NSE:HCLTECH,400.0125,408.75,400.0125,407.7875,2264496.0
2014-11-20 09:15:00,NSE:HCLTECH,410.0,413.0,405.55,412.25,2598452.0
2014-11-21 09:15:00,NSE:HCLTECH,414.0,414.0,407.525,410.6625,2194876.0
2014-11-24 09:15:00,NSE:HCLTECH,410.75,422.375,409.5875,418.3125,3043364.0
2014-11-25 09:15:00,NSE:HCLTECH,420.0,424.25,405.025,414.3875,3713920.0
2014-11-26 09:15:00,NSE:HCLTECH,410.4,412.7625,404.0,408.2875,3226832.0
2014-11-27 09:15:00,NSE:HCLTECH,408.75,418.6875,405.75,416.0875,3862052.0
2014-11-28 09:15:00,NSE:HCLTECH,417.5,419.6,411.175,415.5875,1872272.0
2014-12-01 09:15:00,NSE:HCLTECH,416.25,422.45,412.5,417.7875,2494504.0
2014-12-02 09:15:00,NSE:HCLTECH,415.0,418.75,409.5125,410.325,1474592.0
2014-12-03 09:15:00,NSE:HCLTECH,414.375,415.25,407.8375,413.65,2619556.0
2014-12-04 09:15:00,NSE:HCLTECH,412.15,414.9625,404.15,405.9625,2789168.0
2014-12-05 09:15:00,NSE:HCLTECH,406.9875,407.0,398.0,399.2,5571848.0
2014-12-08 09:15:00,NSE:HCLTECH,397.775,398.5,385.0,389.875,5132660.0
2014-12-09 09:15:00,NSE:HCLTECH,390.7,394.0375,386.575,390.175,4783444.0
2014-12-10 09:15:00,NSE:HCLTECH,391.25,395.0,386.675,393.1375,2574040.0
2014-12-11 09:15:00,NSE:HCLTECH,390.25,394.9625,385.8,388.0125,3030856.0
2014-12-12 09:15:00,NSE:HCLTECH,387.525,391.4625,376.5,378.125,4364788.0
2014-12-15 09:15:00,NSE:HCLTECH,374.975,376.675,362.5,371.325,4641384.0
2014-12-16 09:15:00,NSE:HCLTECH,368.0,391.6125,368.0,389.725,4342056.0
2014-12-17 09:15:00,NSE:HCLTECH,389.975,390.0,377.5,384.85,4354888.0
2014-12-18 09:15:00,NSE:HCLTECH,386.25,390.5,380.025,388.5625,3485132.0
2014-12-19 09:15:00,NSE:HCLTECH,391.075,400.25,386.3875,397.3,4051596.0
2014-12-22 09:15:00,NSE:HCLTECH,396.0125,398.725,391.2,397.125,1639088.0
2014-12-23 09:15:00,NSE:HCLTECH,394.625,396.0375,380.5,384.3375,4030532.0
2014-12-24 09:15:00,NSE:HCLTECH,384.875,390.95,353.75,384.925,8100376.0
2014-12-26 09:15:00,NSE:HCLTECH,385.3875,391.95,380.5,391.1625,2106668.0
2014-12-29 09:15:00,NSE:HCLTECH,394.0,396.875,392.5125,395.0125,1203840.0
2014-12-30 09:15:00,NSE:HCLTECH,394.0,398.9625,392.6125,397.275,1301668.0
2014-12-31 09:15:00,NSE:HCLTECH,397.25,402.45,390.95,399.225,2909288.0
2015-01-01 09:15:00,NSE:HCLTECH,399.75,402.9125,396.4,401.7,1336492.0
2015-01-02 09:15:00,NSE:HCLTECH,400.5125,404.7375,400.0125,401.3125,933372.0
2015-01-05 09:15:00,NSE:HCLTECH,403.75,403.75,392.175,394.5625,2012624.0
2015-01-06 09:15:00,NSE:HCLTECH,393.5,393.6,380.6625,384.025,3470408.0
2015-01-07 09:15:00,NSE:HCLTECH,384.875,387.0,373.175,374.9,3540560.0
2015-01-08 09:15:00,NSE:HCLTECH,379.25,385.0,373.75,383.575,3906036.0
2015-01-09 09:15:00,NSE:HCLTECH,384.1625,395.9125,380.725,386.3875,6164448.0
2015-01-12 09:15:00,NSE:HCLTECH,388.775,394.75,385.175,393.8875,2661684.0
2015-01-13 09:15:00,NSE:HCLTECH,393.8875,398.7375,390.8375,395.9,2916072.0
2015-01-14 09:15:00,NSE:HCLTECH,398.975,399.7,387.575,394.7,4133276.0
2015-01-15 09:15:00,NSE:HCLTECH,398.7375,404.6125,388.1125,398.3125,3658976.0
2015-01-16 09:15:00,NSE:HCLTECH,398.5,411.025,393.8875,409.75,3185348.0
2015-01-19 09:15:00,NSE:HCLTECH,412.5,432.5,409.95,411.1625,3335832.0
2015-01-20 09:15:00,NSE:HCLTECH,415.625,419.8125,412.425,418.0375,3099268.0
2015-01-21 09:15:00,NSE:HCLTECH,415.3,423.0,410.25,421.8125,7541032.0
2015-01-22 09:15:00,NSE:HCLTECH,422.0,423.2625,414.25,416.425,3769104.0
2015-01-23 09:15:00,NSE:HCLTECH,415.775,417.225,407.825,411.6625,4683076.0
2015-01-27 09:15:00,NSE:HCLTECH,412.225,412.225,401.8875,404.0875,4461772.0
2015-01-28 09:15:00,NSE:HCLTECH,402.5,416.4375,402.5,414.85,4173388.0
2015-01-29 09:15:00,NSE:HCLTECH,414.5,415.675,402.225,412.2375,4751440.0
2015-01-30 09:15:00,NSE:HCLTECH,452.5,455.0,438.2875,447.9375,21415344.0
2015-02-02 09:15:00,NSE:HCLTECH,450.0,475.0,449.5125,472.75,10089756.0
2015-02-03 09:15:00,NSE:HCLTECH,477.5,478.75,467.75,475.0625,8442272.0
2015-02-04 09:15:00,NSE:HCLTECH,475.0,477.5,471.3875,475.0875,4939900.0
2015-02-05 09:15:00,NSE:HCLTECH,475.0,495.2125,471.7375,493.1625,8494896.0
2015-02-06 09:15:00,NSE:HCLTECH,492.5,499.25,486.325,488.675,4023848.0
2015-02-09 09:15:00,NSE:HCLTECH,485.25,502.375,482.825,498.575,4670508.0
2015-02-10 09:15:00,NSE:HCLTECH,496.25,496.9625,481.25,483.3375,5786408.0
2015-02-11 09:15:00,NSE:HCLTECH,484.925,491.75,480.3,488.925,2142516.0
2015-02-12 09:15:00,NSE:HCLTECH,487.5,497.5,487.25,496.1,4365376.0
2015-02-13 09:15:00,NSE:HCLTECH,497.5,501.0,494.2,498.2375,3286008.0
2015-02-16 09:15:00,NSE:HCLTECH,498.7625,502.0,495.15,496.2125,3024868.0
2015-02-18 09:15:00,NSE:HCLTECH,497.8875,510.0,496.8875,508.2875,6327804.0
2015-02-19 09:15:00,NSE:HCLTECH,507.5,513.675,505.0,512.037475,4136952.0
2015-02-20 09:15:00,NSE:HCLTECH,512.5,513.75,499.025,500.1875,2668572.0
2015-02-23 09:15:00,NSE:HCLTECH,500.0,506.925,489.6125,492.75,2666340.0
2015-02-24 09:15:00,NSE:HCLTECH,492.75,499.7,488.9125,494.0125,3643048.0
2015-02-25 09:15:00,NSE:HCLTECH,497.375,498.4,492.95,495.8,2276348.0
2015-02-26 09:15:00,NSE:HCLTECH,495.75,502.0,491.2375,493.8625,4156644.0
2015-02-27 09:15:00,NSE:HCLTECH,497.25,506.4125,493.8625,505.5,4808820.0
2015-02-28 09:15:00,NSE:HCLTECH,506.3875,507.4625,496.8,505.175,1584520.0
2015-03-02 09:15:00,NSE:HCLTECH,510.225,510.225,500.0875,506.2125,4098336.0
2015-03-03 09:15:00,NSE:HCLTECH,507.75,511.225,496.2625,507.8,4306688.0
2015-03-04 09:15:00,NSE:HCLTECH,509.25,512.925,505.0,509.0,3430308.0
2015-03-05 09:15:00,NSE:HCLTECH,509.0,518.724975,508.9875,516.25,3448716.0
2015-03-09 09:15:00,NSE:HCLTECH,514.1875,518.724975,502.75,516.425,6555768.0
2015-03-10 09:15:00,NSE:HCLTECH,513.75,517.25,507.0,511.0375,5425488.0
2015-03-11 09:15:00,NSE:HCLTECH,515.0,529.224975,508.8875,514.7625,10074260.0
2015-03-12 09:15:00,NSE:HCLTECH,516.25,519.825,510.5625,513.175,4880440.0
2015-03-13 09:15:00,NSE:HCLTECH,514.7,514.75,495.2625,503.15,6368968.0
2015-03-16 09:15:00,NSE:HCLTECH,505.0,516.5,503.5,514.25,7937836.0
2015-03-17 09:15:00,NSE:HCLTECH,516.7,517.224975,508.25,509.775,10007444.0
2015-03-18 09:15:00,NSE:HCLTECH,510.0,513.1875,498.7625,501.6375,18927840.0
2015-03-19 09:15:00,NSE:HCLTECH,495.0,503.2,486.0,489.82501,10163240.0
2015-03-20 09:15:00,NSE:HCLTECH,489.975005,492.5,482.875,489.95001,6271108.0
2015-03-23 09:15:00,NSE:HCLTECH,490.274995,493.79999,480.875,484.20001,3897136.0
2015-03-24 09:15:00,NSE:HCLTECH,484.5,489.5,480.17499,485.17499,5298696.0
2015-03-25 09:15:00,NSE:HCLTECH,486.0,508.9,484.54999,503.575,7518574.0
2015-03-26 09:15:00,NSE:HCLTECH,503.0,505.0,489.04999,493.70001,7048128.0
2015-03-27 09:15:00,NSE:HCLTECH,491.70001,501.5,477.45001,481.42499,4280330.0
2015-03-30 09:15:00,NSE:HCLTECH,483.0,493.100005,478.25,490.225005,3275064.0
2015-03-31 09:15:00,NSE:HCLTECH,490.0,492.024995,483.5,490.20001,3726676.0
2015-04-01 09:15:00,NSE:HCLTECH,473.5,481.5,467.5,470.42499,8281168.0
2015-04-06 09:15:00,NSE:HCLTECH,466.5,469.5,456.07501,466.024995,7728748.0
2015-04-07 09:15:00,NSE:HCLTECH,469.899995,478.0,463.725005,467.274995,4348138.0
2015-04-08 09:15:00,NSE:HCLTECH,472.475005,484.5,470.0,479.42499,3587334.0
2015-04-09 09:15:00,NSE:HCLTECH,484.5,484.5,470.5,482.07501,2674132.0
2015-04-10 09:15:00,NSE:HCLTECH,479.649995,488.850005,478.0,483.625,2837478.0
2015-04-13 09:15:00,NSE:HCLTECH,483.95001,489.25,477.5,488.024995,3099142.0
2015-04-15 09:15:00,NSE:HCLTECH,489.0,489.0,469.375,472.25,3098572.0
2015-04-16 09:15:00,NSE:HCLTECH,474.5,478.95001,466.75,477.125,2057382.0
2015-04-17 09:15:00,NSE:HCLTECH,474.0,475.350005,467.225005,470.04999,3138232.0
2015-04-20 09:15:00,NSE:HCLTECH,472.5,473.850005,456.274995,462.149995,3223104.0
2015-04-21 09:15:00,NSE:HCLTECH,420.399995,460.0,417.54999,445.32501,14596284.0
2015-04-22 09:15:00,NSE:HCLTECH,442.25,445.95001,431.54999,438.649995,7934682.0
2015-04-23 09:15:00,NSE:HCLTECH,441.399995,453.5,441.125,447.5,6391380.0
2015-04-24 09:15:00,NSE:HCLTECH,445.5,456.399995,443.70001,448.475005,6406490.0
2015-04-27 09:15:00,NSE:HCLTECH,448.024995,452.975005,437.0,441.600005,3789232.0
2015-04-28 09:15:00,NSE:HCLTECH,439.32501,441.875,427.17499,435.25,5803656.0
2015-04-29 09:15:00,NSE:HCLTECH,435.25,446.600005,429.225005,443.600005,4076096.0
2015-04-30 09:15:00,NSE:HCLTECH,441.04999,444.0,431.25,440.274995,7338470.0
2015-05-04 09:15:00,NSE:HCLTECH,440.274995,463.375,432.899995,459.899995,3352524.0
2015-05-05 09:15:00,NSE:HCLTECH,461.5,464.5,452.57501,455.975005,3459534.0
2015-05-06 09:15:00,NSE:HCLTECH,453.524995,462.899995,440.100005,445.57501,4595278.0
2015-05-07 09:15:00,NSE:HCLTECH,448.04999,462.475005,440.04999,460.375,3639964.0
2015-05-08 09:15:00,NSE:HCLTECH,463.725005,474.375,457.975005,462.75,3579368.0
2015-05-11 09:15:00,NSE:HCLTECH,467.25,474.75,461.70001,470.95001,3592212.0
2015-05-12 09:15:00,NSE:HCLTECH,471.0,471.725005,455.25,457.82501,2464630.0
2015-05-13 09:15:00,NSE:HCLTECH,458.0,472.0,458.0,468.649995,2774824.0
2015-05-14 09:15:00,NSE:HCLTECH,469.399995,471.0,459.0,462.649995,2252426.0
2015-05-15 09:15:00,NSE:HCLTECH,462.5,467.399995,453.75,456.95001,3405608.0
2015-05-18 09:15:00,NSE:HCLTECH,458.75,466.75,450.95001,465.274995,3014132.0
2015-05-19 09:15:00,NSE:HCLTECH,465.0,468.375,460.0,467.07501,2588934.0
2015-05-20 09:15:00,NSE:HCLTECH,470.5,481.875,469.625,480.04999,3073544.0
2015-05-21 09:15:00,NSE:HCLTECH,481.975005,486.975005,480.0,485.125,2092768.0
2015-05-22 09:15:00,NSE:HCLTECH,481.625,494.0,478.725005,492.07501,2995660.0
2015-05-25 09:15:00,NSE:HCLTECH,492.5,505.0,486.625,499.57501,3291366.0
2015-05-26 09:15:00,NSE:HCLTECH,499.875,503.5,492.75,496.75,2462108.0
2015-05-27 09:15:00,NSE:HCLTECH,495.0,502.475,492.149995,495.75,2945442.0
2015-05-28 09:15:00,NSE:HCLTECH,493.04999,498.32501,479.25,490.04999,3337232.0
2015-05-29 09:15:00,NSE:HCLTECH,488.0,522.475,481.0,505.375,11358676.0
2015-06-01 09:15:00,NSE:HCLTECH,496.399995,499.25,484.625,486.649995,2304588.0
2015-06-02 09:15:00,NSE:HCLTECH,488.5,493.45001,473.350005,476.350005,2331440.0
2015-06-03 09:15:00,NSE:HCLTECH,477.625,483.0,466.225005,476.149995,3619974.0
2015-06-04 09:15:00,NSE:HCLTECH,471.04999,474.399995,467.149995,470.32501,3107452.0
2015-06-05 09:15:00,NSE:HCLTECH,470.5,474.45001,462.75,464.5,3000646.0
2015-06-08 09:15:00,NSE:HCLTECH,459.5,464.0,456.475005,459.475005,2978860.0
2015-06-09 09:15:00,NSE:HCLTECH,457.524995,462.5,450.625,455.70001,2442408.0
2015-06-10 09:15:00,NSE:HCLTECH,457.5,473.0,454.875,471.274995,5172246.0
2015-06-11 09:15:00,NSE:HCLTECH,470.024995,472.475005,455.25,457.399995,3641272.0
2015-06-12 09:15:00,NSE:HCLTECH,456.95001,456.95001,441.375,448.17499,3693056.0
2015-06-15 09:15:00,NSE:HCLTECH,449.5,461.42499,445.5,454.024995,1717342.0
2015-06-16 09:15:00,NSE:HCLTECH,454.850005,455.82501,449.20001,453.149995,1778324.0
2015-06-17 09:15:00,NSE:HCLTECH,455.07501,459.29999,449.79999,453.149995,2501764.0
2015-06-18 09:15:00,NSE:HCLTECH,457.70001,460.274995,452.100005,456.875,2637416.0
2015-06-19 09:15:00,NSE:HCLTECH,457.524995,468.75,456.875,459.100005,3563616.0
2015-06-22 09:15:00,NSE:HCLTECH,459.600005,467.75,456.0,465.774995,1651062.0
2015-06-23 09:15:00,NSE:HCLTECH,469.850005,474.67499,462.625,463.725005,2200268.0
2015-06-24 09:15:00,NSE:HCLTECH,464.5,471.95001,464.25,469.04999,2617310.0
2015-06-25 09:15:00,NSE:HCLTECH,465.0,466.524995,456.899995,463.04999,3102502.0
2015-06-26 09:15:00,NSE:HCLTECH,463.5,480.0,463.5,478.625,3170238.0
2015-06-29 09:15:00,NSE:HCLTECH,466.0,474.725005,459.70001,464.20001,2336726.0
2015-06-30 09:15:00,NSE:HCLTECH,463.774995,464.774995,455.5,459.875,3974968.0
2015-07-01 09:15:00,NSE:HCLTECH,458.625,474.5,458.54999,472.024995,2148066.0
2015-07-02 09:15:00,NSE:HCLTECH,472.600005,479.975005,470.25,477.25,1977048.0
2015-07-03 09:15:00,NSE:HCLTECH,473.5,484.5,470.0,482.45001,1725652.0
2015-07-06 09:15:00,NSE:HCLTECH,472.54999,487.75,471.75,484.975005,1624082.0
2015-07-07 09:15:00,NSE:HCLTECH,482.5,483.899995,466.5,468.149995,2544644.0
2015-07-08 09:15:00,NSE:HCLTECH,462.5,473.5,462.5,466.5,2349626.0
2015-07-09 09:15:00,NSE:HCLTECH,469.5,469.5,456.125,458.725005,2299680.0
2015-07-10 09:15:00,NSE:HCLTECH,465.0,465.0,458.524995,462.82501,2360456.0
2015-07-13 09:15:00,NSE:HCLTECH,467.45001,481.5,467.29999,480.42499,2415516.0
2015-07-14 09:15:00,NSE:HCLTECH,481.5,484.0,474.0,477.475005,2424140.0
2015-07-15 09:15:00,NSE:HCLTECH,475.975005,478.725005,471.5,474.07501,2391962.0
2015-07-16 09:15:00,NSE:HCLTECH,479.399995,481.79999,472.524995,478.274995,1770108.0
2015-07-17 09:15:00,NSE:HCLTECH,481.5,486.5,476.274995,477.70001,2073870.0
2015-07-20 09:15:00,NSE:HCLTECH,478.350005,479.899995,471.5,473.32501,1413184.0
2015-07-21 09:15:00,NSE:HCLTECH,474.20001,495.0,473.95001,487.399995,3963108.0
2015-07-22 09:15:00,NSE:HCLTECH,487.399995,492.975005,483.649995,491.524995,1401298.0
2015-07-23 09:15:00,NSE:HCLTECH,492.0,497.475005,482.79999,485.024995,1595332.0
2015-07-24 09:15:00,NSE:HCLTECH,490.350005,490.350005,475.274995,476.32501,2367716.0
2015-07-27 09:15:00,NSE:HCLTECH,475.92499,479.125,461.625,468.54999,3351408.0
2015-07-28 09:15:00,NSE:HCLTECH,468.850005,474.475005,460.07501,461.67499,2392180.0
2015-07-29 09:15:00,NSE:HCLTECH,467.0,477.0,462.649995,475.67499,2906782.0
2015-07-30 09:15:00,NSE:HCLTECH,479.95001,486.5,476.524995,478.95001,3093446.0
2015-07-31 09:15:00,NSE:HCLTECH,478.0,503.0,478.0,499.125,3933792.0
2015-08-03 09:15:00,NSE:HCLTECH,476.225005,481.725005,467.149995,469.42499,7071618.0
2015-08-04 09:15:00,NSE:HCLTECH,471.29999,475.0,465.0,466.45001,3809446.0
2015-08-05 09:15:00,NSE:HCLTECH,469.45001,472.5,465.600005,468.70001,2358616.0
2015-08-06 09:15:00,NSE:HCLTECH,473.100005,475.0,470.82501,473.0,1869728.0
2015-08-07 09:15:00,NSE:HCLTECH,473.0,473.625,467.75,469.67499,1818186.0
2015-08-10 09:15:00,NSE:HCLTECH,469.625,475.0,465.04999,468.225005,2216746.0
2015-08-11 09:15:00,NSE:HCLTECH,470.600005,473.0,468.5,470.20001,1718378.0
2015-08-12 09:15:00,NSE:HCLTECH,470.899995,486.79999,470.350005,485.399995,4219772.0
2015-08-13 09:15:00,NSE:HCLTECH,488.899995,494.45001,478.04999,482.774995,3156994.0
2015-08-14 09:15:00,NSE:HCLTECH,483.54999,491.95001,480.92499,486.850005,1578496.0
2015-08-17 09:15:00,NSE:HCLTECH,488.20001,490.100005,481.0,484.225005,1681246.0
2015-08-18 09:15:00,NSE:HCLTECH,486.975005,492.975005,482.5,484.79999,3223016.0
2015-08-19 09:15:00,NSE:HCLTECH,487.524995,498.850005,485.75,494.07501,3291464.0
2015-08-20 09:15:00,NSE:HCLTECH,496.225005,496.225005,478.25,480.625,2518670.0
2015-08-21 09:15:00,NSE:HCLTECH,478.5,488.75,470.0,482.45001,3595260.0
2015-08-24 09:15:00,NSE:HCLTECH,472.0,474.399995,459.524995,463.95001,4216894.0
2015-08-25 09:15:00,NSE:HCLTECH,465.0,466.850005,444.95001,457.024995,5470038.0
2015-08-26 09:15:00,NSE:HCLTECH,456.04999,467.45001,442.0,451.225005,4809020.0
2015-08-27 09:15:00,NSE:HCLTECH,454.04999,463.975005,452.70001,456.54999,4055770.0
2015-08-28 09:15:00,NSE:HCLTECH,462.29999,477.45001,462.25,476.100005,3081798.0
2015-08-31 09:15:00,NSE:HCLTECH,479.100005,490.0,479.100005,485.524995,5442574.0
2015-09-01 09:15:00,NSE:HCLTECH,483.5,488.25,463.0,473.79999,2847846.0
2015-09-02 09:15:00,NSE:HCLTECH,475.0,484.475005,472.04999,474.45001,4090120.0
2015-09-03 09:15:00,NSE:HCLTECH,481.0,483.375,475.25,480.5,2251964.0
2015-09-04 09:15:00,NSE:HCLTECH,479.125,482.17499,468.0,470.149995,2665780.0
2015-09-07 09:15:00,NSE:HCLTECH,470.0,472.475005,457.5,460.42499,1340504.0
2015-09-08 09:15:00,NSE:HCLTECH,459.0,472.024995,459.0,468.17499,2376662.0
2015-09-09 09:15:00,NSE:HCLTECH,471.5,478.0,469.0,471.600005,2106428.0
2015-09-10 09:15:00,NSE:HCLTECH,466.5,468.0,454.5,457.95001,4118846.0
2015-09-11 09:15:00,NSE:HCLTECH,460.5,462.475005,453.225005,460.100005,2202750.0
2015-09-14 09:15:00,NSE:HCLTECH,460.600005,465.5,458.600005,464.274995,1539742.0
2015-09-15 09:15:00,NSE:HCLTECH,465.0,465.79999,460.5,464.399995,2451676.0
2015-09-16 09:15:00,NSE:HCLTECH,469.0,473.82501,465.07501,469.45001,1801066.0
2015-09-18 09:15:00,NSE:HCLTECH,477.0,477.95001,468.79999,475.274995,2847952.0
2015-09-21 09:15:00,NSE:HCLTECH,471.024995,484.625,470.850005,472.0,1972562.0
2015-09-22 09:15:00,NSE:HCLTECH,473.5,482.75,465.5,471.600005,3214618.0
2015-09-23 09:15:00,NSE:HCLTECH,467.5,467.5,456.375,463.54999,2276518.0
2015-09-24 09:15:00,NSE:HCLTECH,464.0,479.25,463.79999,477.475005,3062620.0
2015-09-28 09:15:00,NSE:HCLTECH,478.0,482.225005,472.5,475.25,1557438.0
2015-09-29 09:15:00,NSE:HCLTECH,470.0,480.25,470.0,476.850005,2818428.0
2015-09-30 09:15:00,NSE:HCLTECH,481.0,494.850005,476.92499,491.07501,3516284.0
2015-10-01 09:15:00,NSE:HCLTECH,445.0,457.399995,417.42499,428.524995,26766420.0
2015-10-05 09:15:00,NSE:HCLTECH,422.850005,435.399995,419.024995,429.95001,13383762.0
2015-10-06 09:15:00,NSE:HCLTECH,431.5,434.0,424.350005,426.79999,5909462.0
2015-10-07 09:15:00,NSE:HCLTECH,422.5,424.375,405.54999,408.600005,13752674.0
2015-10-08 09:15:00,NSE:HCLTECH,414.399995,418.70001,406.25,414.100005,17216848.0
2015-10-09 09:15:00,NSE:HCLTECH,417.75,425.399995,416.75,424.600005,9468336.0
2015-10-12 09:15:00,NSE:HCLTECH,429.5,430.475005,414.82501,427.54999,4835846.0
2015-10-13 09:15:00,NSE:HCLTECH,426.0,426.5,413.17499,414.95001,5837378.0
2015-10-14 09:15:00,NSE:HCLTECH,414.5,419.475005,412.5,416.774995,2702158.0
2015-10-15 09:15:00,NSE:HCLTECH,417.5,419.45001,414.0,417.5,3644676.0
2015-10-16 09:15:00,NSE:HCLTECH,418.024995,422.875,417.5,420.57501,2270164.0
2015-10-19 09:15:00,NSE:HCLTECH,415.0,430.5,409.350005,428.875,10051980.0
2015-10-20 09:15:00,NSE:HCLTECH,429.5,434.25,424.225005,432.149995,5670558.0
2015-10-21 09:15:00,NSE:HCLTECH,433.399995,434.475005,426.04999,431.524995,2594696.0
2015-10-23 09:15:00,NSE:HCLTECH,433.5,434.95001,424.0,426.475005,3064858.0
2015-10-26 09:15:00,NSE:HCLTECH,429.67499,434.32501,428.54999,431.774995,4157440.0
2015-10-27 09:15:00,NSE:HCLTECH,431.5,437.0,427.29999,433.82501,3081400.0
2015-10-28 09:15:00,NSE:HCLTECH,433.5,440.0,427.0,438.774995,3351280.0
2015-10-29 09:15:00,NSE:HCLTECH,438.850005,442.600005,436.625,437.95001,4243554.0
2015-10-30 09:15:00,NSE:HCLTECH,438.0,438.5,433.774995,435.850005,2655794.0
2015-11-02 09:15:00,NSE:HCLTECH,437.5,440.45001,435.04999,438.149995,2020104.0
2015-11-03 09:15:00,NSE:HCLTECH,438.125,440.95001,437.125,438.04999,2115610.0
2015-11-04 09:15:00,NSE:HCLTECH,439.5,442.20001,437.5,440.79999,1683688.0
2015-11-05 09:15:00,NSE:HCLTECH,440.79999,441.899995,437.024995,438.75,2370498.0
2015-11-06 09:15:00,NSE:HCLTECH,438.75,444.75,437.29999,442.725005,2653852.0
2015-11-09 09:15:00,NSE:HCLTECH,439.45001,442.5,435.04999,441.25,3043880.0
2015-11-10 09:15:00,NSE:HCLTECH,438.125,439.92499,423.600005,425.649995,1678382.0
2015-11-11 09:15:00,NSE:HCLTECH,427.45001,430.0,421.0,426.17499,227958.0
2015-11-13 09:15:00,NSE:HCLTECH,412.5,428.399995,411.600005,421.70001,2950796.0
2015-11-16 09:15:00,NSE:HCLTECH,414.04999,421.20001,412.5,419.29999,2876114.0
2015-11-17 09:15:00,NSE:HCLTECH,422.25,429.95001,417.875,428.375,3405776.0
2015-11-18 09:15:00,NSE:HCLTECH,426.975005,426.975005,417.625,422.82501,3046948.0
2015-11-19 09:15:00,NSE:HCLTECH,425.0,438.42499,423.024995,436.975005,3528336.0
2015-11-20 09:15:00,NSE:HCLTECH,436.0,437.20001,427.75,433.274995,3386922.0
2015-11-23 09:15:00,NSE:HCLTECH,431.0,433.975005,429.29999,431.875,1179312.0
2015-11-24 09:15:00,NSE:HCLTECH,431.04999,436.25,428.29999,433.100005,2248674.0
2015-11-26 09:15:00,NSE:HCLTECH,430.600005,434.5,428.42499,431.45001,2081658.0
2015-11-27 09:15:00,NSE:HCLTECH,432.0,437.5,431.600005,436.274995,1580942.0
2015-11-30 09:15:00,NSE:HCLTECH,436.07501,440.875,431.32501,435.475005,5165146.0
2015-12-01 09:15:00,NSE:HCLTECH,435.475005,442.850005,434.524995,438.850005,2547178.0
2015-12-02 09:15:00,NSE:HCLTECH,441.0,441.0,428.0,429.82501,2575382.0
2015-12-03 09:15:00,NSE:HCLTECH,428.0,428.0,424.625,425.57501,3836614.0
2015-12-04 09:15:00,NSE:HCLTECH,424.625,425.0,415.57501,418.0,3778328.0
2015-12-07 09:15:00,NSE:HCLTECH,420.100005,426.42499,417.0,421.149995,2622184.0
2015-12-08 09:15:00,NSE:HCLTECH,420.82501,433.95001,420.82501,429.024995,3176258.0
2015-12-09 09:15:00,NSE:HCLTECH,428.5,428.5,419.850005,422.125,2604402.0
2015-12-10 09:15:00,NSE:HCLTECH,422.0,425.0,418.5,422.850005,1837816.0
2015-12-11 09:15:00,NSE:HCLTECH,424.95001,424.95001,418.125,420.29999,1062294.0
2015-12-14 09:15:00,NSE:HCLTECH,421.5,426.32501,413.0,420.42499,1536460.0
2015-12-15 09:15:00,NSE:HCLTECH,424.850005,424.850005,420.45001,422.600005,1609352.0
2015-12-16 09:15:00,NSE:HCLTECH,424.649995,429.899995,421.350005,423.524995,1630720.0
2015-12-17 09:15:00,NSE:HCLTECH,425.725005,432.149995,423.625,430.225005,1939764.0
2015-12-18 09:15:00,NSE:HCLTECH,430.0,432.5,422.45001,423.07501,2838258.0
2015-12-21 09:15:00,NSE:HCLTECH,422.5,428.975005,421.57501,427.725005,917704.0
2015-12-22 09:15:00,NSE:HCLTECH,427.5,427.725005,422.92499,424.625,1436920.0
2015-12-23 09:15:00,NSE:HCLTECH,425.0,432.725005,424.75,431.899995,1346418.0
2015-12-24 09:15:00,NSE:HCLTECH,430.350005,433.0,427.774995,430.149995,741556.0
2015-12-28 09:15:00,NSE:HCLTECH,429.25,437.0,426.92499,433.850005,1803666.0
2015-12-29 09:15:00,NSE:HCLTECH,432.475005,433.0,423.274995,427.25,2285528.0
2015-12-30 09:15:00,NSE:HCLTECH,427.42499,429.25,419.0,420.25,1752074.0
2015-12-31 09:15:00,NSE:HCLTECH,418.5,430.0,418.475005,427.54999,1747706.0
2016-01-01 09:15:00,NSE:HCLTECH,427.54999,427.54999,421.75,422.92499,970392.0
2016-01-04 09:15:00,NSE:HCLTECH,420.5,427.475005,418.725005,422.975005,2172072.0
2016-01-05 09:15:00,NSE:HCLTECH,424.475005,425.524995,418.20001,421.399995,1465382.0
2016-01-06 09:15:00,NSE:HCLTECH,426.850005,426.850005,418.5,420.70001,2797870.0
2016-01-07 09:15:00,NSE:HCLTECH,418.04999,418.95001,409.5,412.524995,2901314.0
2016-01-08 09:15:00,NSE:HCLTECH,414.0,418.375,406.899995,414.17499,3376870.0
2016-01-11 09:15:00,NSE:HCLTECH,407.5,416.5,405.54999,407.274995,2535276.0
2016-01-12 09:15:00,NSE:HCLTECH,409.0,409.5,399.024995,405.024995,2315328.0
2016-01-13 09:15:00,NSE:HCLTECH,407.399995,414.92499,402.149995,413.20001,3158468.0
2016-01-14 09:15:00,NSE:HCLTECH,405.024995,420.899995,405.024995,414.42499,5081220.0
2016-01-15 09:15:00,NSE:HCLTECH,414.25,421.0,408.0,419.024995,4571182.0
2016-01-18 09:15:00,NSE:HCLTECH,415.54999,426.975005,415.54999,421.17499,3774136.0
2016-01-19 09:15:00,NSE:HCLTECH,433.5,435.0,400.0,419.125,10618998.0
2016-01-20 09:15:00,NSE:HCLTECH,415.524995,423.0,411.5,420.95001,3976018.0
2016-01-21 09:15:00,NSE:HCLTECH,422.0,425.07501,415.625,417.625,3348430.0
2016-01-22 09:15:00,NSE:HCLTECH,419.0,425.475005,415.95001,419.625,2018478.0
2016-01-25 09:15:00,NSE:HCLTECH,423.75,429.45001,418.42499,419.350005,2190134.0
2016-01-27 09:15:00,NSE:HCLTECH,419.0,420.45001,415.100005,418.0,2201518.0
2016-01-28 09:15:00,NSE:HCLTECH,416.5,424.899995,414.850005,422.25,3201306.0
2016-01-29 09:15:00,NSE:HCLTECH,422.625,435.0,421.149995,432.875,3835114.0
2016-02-01 09:15:00,NSE:HCLTECH,432.899995,444.95001,432.899995,440.149995,2594492.0
2016-02-02 09:15:00,NSE:HCLTECH,440.0,442.5,433.524995,436.32501,2225464.0
2016-02-03 09:15:00,NSE:HCLTECH,433.17499,435.0,424.42499,426.04999,1956090.0
2016-02-04 09:15:00,NSE:HCLTECH,427.54999,437.399995,424.475005,433.67499,2634614.0
2016-02-05 09:15:00,NSE:HCLTECH,438.5,438.5,429.17499,434.82501,1967702.0
2016-02-08 09:15:00,NSE:HCLTECH,433.04999,434.475005,423.0,424.875,1610434.0
2016-02-09 09:15:00,NSE:HCLTECH,421.5,422.0,402.975005,405.225005,3334436.0
2016-02-10 09:15:00,NSE:HCLTECH,407.75,416.5,403.79999,413.70001,2265394.0
2016-02-11 09:15:00,NSE:HCLTECH,413.70001,413.70001,400.79999,404.0,3238414.0
2016-02-12 09:15:00,NSE:HCLTECH,407.0,412.92499,392.475005,399.125,2784934.0
2016-02-15 09:15:00,NSE:HCLTECH,406.5,416.25,405.17499,413.54999,2761612.0
2016-02-16 09:15:00,NSE:HCLTECH,412.54999,418.95001,409.625,412.149995,2104598.0
2016-02-17 09:15:00,NSE:HCLTECH,414.975005,417.5,408.17499,412.399995,2720362.0
2016-02-18 09:15:00,NSE:HCLTECH,414.524995,423.5,413.67499,421.975005,2129164.0
2016-02-19 09:15:00,NSE:HCLTECH,421.0,428.5,414.20001,425.774995,2366136.0
2016-02-22 09:15:00,NSE:HCLTECH,424.899995,424.899995,420.04999,422.975005,1847550.0
2016-02-23 09:15:00,NSE:HCLTECH,422.5,424.5,413.5,414.475005,1260954.0
2016-02-24 09:15:00,NSE:HCLTECH,414.79999,419.5,404.5,405.524995,1722248.0
2016-02-25 09:15:00,NSE:HCLTECH,403.5,407.5,399.850005,404.375,1619632.0
2016-02-26 09:15:00,NSE:HCLTECH,407.17499,416.0,407.0,412.32501,2047824.0
2016-02-29 09:15:00,NSE:HCLTECH,411.0,415.82501,397.5,406.625,3094060.0
2016-03-01 09:15:00,NSE:HCLTECH,406.95001,420.70001,404.5,416.07501,2114472.0
2016-03-02 09:15:00,NSE:HCLTECH,418.5,432.5,414.67499,427.42499,3279278.0
2016-03-03 09:15:00,NSE:HCLTECH,432.5,433.17499,425.79999,429.649995,2015842.0
2016-03-04 09:15:00,NSE:HCLTECH,430.100005,430.54999,415.17499,417.70001,3554776.0
2016-03-08 09:15:00,NSE:HCLTECH,414.0,415.975005,404.725005,407.625,6490012.0
2016-03-09 09:15:00,NSE:HCLTECH,406.975005,409.0,400.67499,407.82501,12221478.0
2016-03-10 09:15:00,NSE:HCLTECH,410.899995,411.45001,403.20001,408.92499,5015794.0
2016-03-11 09:15:00,NSE:HCLTECH,408.5,412.5,406.25,411.524995,4241030.0
2016-03-14 09:15:00,NSE:HCLTECH,411.92499,415.20001,411.0,413.95001,2852722.0
2016-03-15 09:15:00,NSE:HCLTECH,413.0,413.475005,405.25,405.92499,2711290.0
2016-03-16 09:15:00,NSE:HCLTECH,406.725005,408.25,403.75,407.45001,2436508.0
2016-03-17 09:15:00,NSE:HCLTECH,410.0,414.5,405.274995,407.649995,3429634.0
2016-03-18 09:15:00,NSE:HCLTECH,408.0,414.399995,407.5,412.07501,3323064.0
2016-03-21 09:15:00,NSE:HCLTECH,414.0,414.0,407.600005,411.274995,3316402.0
2016-03-22 09:15:00,NSE:HCLTECH,410.375,415.5,408.5,414.225005,5466422.0
2016-03-23 09:15:00,NSE:HCLTECH,414.0,415.0,406.70001,408.850005,5018640.0
2016-03-28 09:15:00,NSE:HCLTECH,409.95001,413.25,403.225005,405.32501,5914488.0
2016-03-29 09:15:00,NSE:HCLTECH,407.29999,408.100005,399.95001,403.399995,5063370.0
2016-03-30 09:15:00,NSE:HCLTECH,402.725005,411.0,402.725005,410.29999,4604684.0
2016-03-31 09:15:00,NSE:HCLTECH,407.5,412.25,404.95001,407.04999,9173934.0
2016-04-01 09:15:00,NSE:HCLTECH,410.0,412.0,403.5,410.20001,5329616.0
2016-04-04 09:15:00,NSE:HCLTECH,407.5,420.975005,407.5,419.92499,5661970.0
2016-04-05 09:15:00,NSE:HCLTECH,419.92499,424.45001,416.274995,421.625,4999776.0
2016-04-06 09:15:00,NSE:HCLTECH,423.5,423.975005,413.04999,419.375,2165840.0
2016-04-07 09:15:00,NSE:HCLTECH,423.45001,423.45001,413.5,414.225005,1881660.0
2016-04-08 09:15:00,NSE:HCLTECH,415.92499,418.0,412.79999,416.54999,1445784.0
2016-04-11 09:15:00,NSE:HCLTECH,418.225005,420.975005,412.20001,419.649995,1940546.0
2016-04-12 09:15:00,NSE:HCLTECH,421.5,422.5,415.625,419.82501,1419372.0
2016-04-13 09:15:00,NSE:HCLTECH,422.475005,423.25,417.57501,418.774995,2636408.0
2016-04-18 09:15:00,NSE:HCLTECH,422.524995,430.32501,422.5,426.649995,5853044.0
2016-04-20 09:15:00,NSE:HCLTECH,431.25,431.25,417.75,420.600005,2778022.0
2016-04-21 09:15:00,NSE:HCLTECH,422.0,427.67499,419.25,423.125,2235054.0
2016-04-22 09:15:00,NSE:HCLTECH,419.17499,426.45001,419.17499,422.57501,2221718.0
2016-04-25 09:15:00,NSE:HCLTECH,420.625,425.0,420.625,422.54999,1662860.0
2016-04-26 09:15:00,NSE:HCLTECH,419.524995,427.70001,416.57501,424.899995,2257126.0
2016-04-27 09:15:00,NSE:HCLTECH,424.75,427.95001,415.524995,418.774995,4550172.0
2016-04-28 09:15:00,NSE:HCLTECH,402.5,411.5,398.32501,399.95001,17843912.0
2016-04-29 09:15:00,NSE:HCLTECH,397.0,397.0,373.600005,375.149995,17978662.0
2016-05-02 09:15:00,NSE:HCLTECH,375.0,378.149995,370.04999,371.100005,5021166.0
2016-05-03 09:15:00,NSE:HCLTECH,373.5,373.774995,363.024995,364.20001,6999808.0
2016-05-04 09:15:00,NSE:HCLTECH,363.5,370.25,363.125,368.54999,6404110.0
2016-05-05 09:15:00,NSE:HCLTECH,368.399995,369.899995,362.75,366.45001,5077866.0
2016-05-06 09:15:00,NSE:HCLTECH,366.475005,366.475005,360.5,361.29999,6136478.0
2016-05-09 09:15:00,NSE:HCLTECH,362.0,366.5,359.125,360.70001,7384902.0
2016-05-10 09:15:00,NSE:HCLTECH,361.75,362.100005,358.04999,359.399995,5401936.0
2016-05-11 09:15:00,NSE:HCLTECH,355.5,358.399995,353.20001,354.375,8421688.0
2016-05-12 09:15:00,NSE:HCLTECH,355.5,359.45001,354.75,357.350005,3558646.0
2016-05-13 09:15:00,NSE:HCLTECH,359.0,363.5,356.5,361.57501,7150908.0
2016-05-16 09:15:00,NSE:HCLTECH,362.774995,362.79999,358.07501,359.475005,3233028.0
2016-05-17 09:15:00,NSE:HCLTECH,360.0,369.5,360.0,366.149995,7834720.0
2016-05-18 09:15:00,NSE:HCLTECH,366.0,372.29999,363.5,371.125,4249196.0
2016-05-19 09:15:00,NSE:HCLTECH,369.0,372.0,363.75,365.04999,3490682.0
2016-05-20 09:15:00,NSE:HCLTECH,364.5,370.0,364.5,368.32501,3846760.0
2016-05-23 09:15:00,NSE:HCLTECH,369.17499,369.92499,366.0,366.774995,2076592.0
2016-05-24 09:15:00,NSE:HCLTECH,367.5,370.725005,365.024995,369.625,2790030.0
2016-05-25 09:15:00,NSE:HCLTECH,371.0,375.20001,370.07501,374.67499,3373494.0
2016-05-26 09:15:00,NSE:HCLTECH,375.524995,376.0,368.32501,370.45001,6462218.0
2016-05-27 09:15:00,NSE:HCLTECH,371.29999,379.850005,371.29999,378.79999,6090190.0
2016-05-30 09:15:00,NSE:HCLTECH,380.54999,381.850005,372.600005,373.774995,3186652.0
2016-05-31 09:15:00,NSE:HCLTECH,374.0,376.67499,368.17499,369.899995,30096220.0
2016-06-01 09:15:00,NSE:HCLTECH,372.0,372.17499,365.850005,367.274995,4493556.0
2016-06-02 09:15:00,NSE:HCLTECH,367.5,369.79999,357.75,360.67499,8587656.0
2016-06-03 09:15:00,NSE:HCLTECH,362.649995,363.225005,360.350005,360.95001,3006706.0
2016-06-06 09:15:00,NSE:HCLTECH,361.0,364.350005,357.79999,362.29999,4081070.0
2016-06-07 09:15:00,NSE:HCLTECH,364.0,365.725005,360.79999,363.350005,4984376.0
2016-06-08 09:15:00,NSE:HCLTECH,364.5,372.5,364.17499,371.75,3800608.0
2016-06-09 09:15:00,NSE:HCLTECH,374.350005,377.95001,372.0,376.524995,5557702.0
2016-06-10 09:15:00,NSE:HCLTECH,375.0,379.0,372.975005,375.524995,11571664.0
2016-06-13 09:15:00,NSE:HCLTECH,372.5,378.0,370.850005,376.82501,4130226.0
2016-06-14 09:15:00,NSE:HCLTECH,377.5,382.475005,372.024995,376.20001,3292742.0
2016-06-15 09:15:00,NSE:HCLTECH,375.5,378.649995,374.975005,377.600005,1958544.0
2016-06-16 09:15:00,NSE:HCLTECH,376.274995,377.0,371.25,375.850005,2266304.0
2016-06-17 09:15:00,NSE:HCLTECH,375.0,377.5,373.92499,376.82501,5434012.0
2016-06-20 09:15:00,NSE:HCLTECH,374.975005,390.725005,373.92499,385.32501,8265372.0
2016-06-21 09:15:00,NSE:HCLTECH,384.25,387.899995,383.100005,385.04999,2932940.0
2016-06-22 09:15:00,NSE:HCLTECH,387.0,387.0,383.149995,385.225005,3134118.0
2016-06-23 09:15:00,NSE:HCLTECH,385.0,386.0,381.0,384.899995,2584436.0
2016-06-24 09:15:00,NSE:HCLTECH,371.975005,373.350005,361.649995,370.92499,6163378.0
2016-06-27 09:15:00,NSE:HCLTECH,365.100005,374.5,360.5,367.524995,2887506.0
2016-06-28 09:15:00,NSE:HCLTECH,364.5,368.75,355.57501,356.600005,5685362.0
2016-06-29 09:15:00,NSE:HCLTECH,357.850005,364.975005,354.0,364.225005,4966468.0
2016-06-30 09:15:00,NSE:HCLTECH,364.600005,367.725005,363.20001,365.225005,4793986.0
2016-07-01 09:15:00,NSE:HCLTECH,367.5,368.399995,365.0,365.850005,2023766.0
2016-07-04 09:15:00,NSE:HCLTECH,367.5,375.0,367.024995,374.17499,3263618.0
2016-07-05 09:15:00,NSE:HCLTECH,374.0,374.0,366.100005,369.20001,3735640.0
2016-07-07 09:15:00,NSE:HCLTECH,370.5,370.5,357.875,358.54999,6865136.0
2016-07-08 09:15:00,NSE:HCLTECH,357.5,362.875,357.5,360.92499,1702632.0
2016-07-11 09:15:00,NSE:HCLTECH,361.0,363.29999,357.524995,358.399995,4248750.0
2016-07-12 09:15:00,NSE:HCLTECH,359.0,361.649995,358.024995,360.67499,3229836.0
2016-07-13 09:15:00,NSE:HCLTECH,361.25,362.0,358.29999,360.0,6713100.0
2016-07-14 09:15:00,NSE:HCLTECH,360.75,364.95001,359.79999,364.125,2168772.0
2016-07-15 09:15:00,NSE:HCLTECH,366.45001,370.0,355.125,358.75,5935062.0
2016-07-18 09:15:00,NSE:HCLTECH,361.100005,362.350005,357.5,361.25,1857346.0
2016-07-19 09:15:00,NSE:HCLTECH,358.875,365.850005,358.875,365.07501,3469512.0
2016-07-20 09:15:00,NSE:HCLTECH,362.45001,365.95001,358.29999,365.0,2444450.0
2016-07-21 09:15:00,NSE:HCLTECH,365.0,365.45001,360.07501,361.774995,1770048.0
2016-07-22 09:15:00,NSE:HCLTECH,362.5,365.0,360.79999,364.600005,1828628.0
2016-07-25 09:15:00,NSE:HCLTECH,364.75,370.5,362.5,370.20001,2976604.0
2016-07-26 09:15:00,NSE:HCLTECH,369.45001,373.70001,368.125,372.625,2698330.0
2016-07-27 09:15:00,NSE:HCLTECH,373.5,377.45001,371.25,376.75,3354578.0
2016-07-28 09:15:00,NSE:HCLTECH,378.75,379.475005,373.04999,375.399995,4554068.0
2016-07-29 09:15:00,NSE:HCLTECH,374.5,379.0,372.75,376.475005,1694656.0
2016-08-01 09:15:00,NSE:HCLTECH,376.5,395.5,376.25,390.225005,6053078.0
2016-08-02 09:15:00,NSE:HCLTECH,392.92499,402.45001,390.57501,400.375,9400178.0
2016-08-03 09:15:00,NSE:HCLTECH,428.5,429.25,408.17499,413.07501,19105090.0
2016-08-04 09:15:00,NSE:HCLTECH,416.5,418.0,410.04999,411.92499,2971674.0
2016-08-05 09:15:00,NSE:HCLTECH,412.399995,415.725005,408.649995,410.875,2600712.0
2016-08-08 09:15:00,NSE:HCLTECH,411.0,414.70001,405.79999,409.54999,3029132.0
2016-08-09 09:15:00,NSE:HCLTECH,410.5,412.29999,405.524995,408.42499,2480738.0
2016-08-10 09:15:00,NSE:HCLTECH,408.375,410.0,402.774995,409.07501,2305396.0
2016-08-11 09:15:00,NSE:HCLTECH,410.0,413.725005,406.899995,412.274995,3479246.0
2016-08-12 09:15:00,NSE:HCLTECH,413.024995,417.75,403.5,407.100005,3303140.0
2016-08-16 09:15:00,NSE:HCLTECH,406.600005,411.899995,392.774995,396.17499,4489542.0
2016-08-17 09:15:00,NSE:HCLTECH,395.0,400.42499,391.0,392.274995,4735658.0
2016-08-18 09:15:00,NSE:HCLTECH,394.899995,396.20001,390.04999,392.899995,3083444.0
2016-08-19 09:15:00,NSE:HCLTECH,392.5,397.20001,389.79999,390.92499,2618344.0
2016-08-22 09:15:00,NSE:HCLTECH,392.475005,393.67499,382.5,386.125,2693530.0
2016-08-23 09:15:00,NSE:HCLTECH,388.0,397.92499,385.79999,395.5,3415382.0
2016-08-24 09:15:00,NSE:HCLTECH,397.5,399.17499,390.54999,395.17499,2417448.0
2016-08-25 09:15:00,NSE:HCLTECH,399.0,402.5,397.024995,399.024995,4425822.0
2016-08-26 09:15:00,NSE:HCLTECH,399.0,400.225005,386.399995,389.375,3324064.0
2016-08-29 09:15:00,NSE:HCLTECH,391.475005,391.475005,375.54999,377.54999,3060904.0
2016-08-30 09:15:00,NSE:HCLTECH,378.0,387.875,376.95001,386.95001,4320538.0
2016-08-31 09:15:00,NSE:HCLTECH,387.0,396.725005,386.524995,389.274995,5584352.0
2016-09-01 09:15:00,NSE:HCLTECH,390.649995,394.774995,389.54999,391.899995,2597516.0
2016-09-02 09:15:00,NSE:HCLTECH,393.475005,393.75,389.54999,392.274995,2263652.0
2016-09-06 09:15:00,NSE:HCLTECH,390.125,394.149995,387.350005,392.79999,3044598.0
2016-09-07 09:15:00,NSE:HCLTECH,395.95001,403.5,391.5,393.54999,3579364.0
2016-09-08 09:15:00,NSE:HCLTECH,390.75,390.95001,375.25,386.975005,5158732.0
2016-09-09 09:15:00,NSE:HCLTECH,387.0,394.75,386.5,390.274995,2934120.0
2016-09-12 09:15:00,NSE:HCLTECH,386.0,396.04999,385.0,391.350005,4770494.0
2016-09-14 09:15:00,NSE:HCLTECH,392.32501,397.32501,387.5,388.17499,3247132.0
2016-09-15 09:15:00,NSE:HCLTECH,391.475005,392.25,387.5,389.5,1906998.0
2016-09-16 09:15:00,NSE:HCLTECH,391.0,395.475005,387.0,393.17499,4318854.0
2016-09-19 09:15:00,NSE:HCLTECH,395.0,399.100005,390.95001,394.524995,3766566.0
2016-09-20 09:15:00,NSE:HCLTECH,397.475005,397.875,392.25,396.024995,3031210.0
2016-09-21 09:15:00,NSE:HCLTECH,396.975005,399.0,394.25,396.29999,2806130.0
2016-09-22 09:15:00,NSE:HCLTECH,399.5,399.975005,391.899995,394.42499,2234722.0
2016-09-23 09:15:00,NSE:HCLTECH,397.32501,402.0,396.20001,398.625,5211570.0
2016-09-26 09:15:00,NSE:HCLTECH,397.524995,398.475005,392.82501,394.475005,3651990.0
2016-09-27 09:15:00,NSE:HCLTECH,394.475005,399.899995,392.0,397.92499,3263196.0
2016-09-28 09:15:00,NSE:HCLTECH,399.0,400.95001,395.0,398.149995,3066374.0
2016-09-29 09:15:00,NSE:HCLTECH,399.5,402.29999,390.649995,395.524995,5692688.0
2016-09-30 09:15:00,NSE:HCLTECH,398.5,402.0,393.5,399.95001,3662600.0
2016-10-03 09:15:00,NSE:HCLTECH,402.5,406.0,397.20001,404.29999,3033736.0
2016-10-04 09:15:00,NSE:HCLTECH,406.25,410.5,405.0,409.07501,3013374.0
2016-10-05 09:15:00,NSE:HCLTECH,409.125,411.625,403.125,408.0,1596940.0
2016-10-06 09:15:00,NSE:HCLTECH,408.0,408.375,398.600005,400.774995,3177462.0
2016-10-07 09:15:00,NSE:HCLTECH,401.07501,404.725005,392.649995,403.274995,1535854.0
2016-10-10 09:15:00,NSE:HCLTECH,401.0,407.92499,401.0,406.5,1538488.0
2016-10-13 09:15:00,NSE:HCLTECH,404.899995,412.54999,395.32501,401.649995,4152022.0
2016-10-14 09:15:00,NSE:HCLTECH,402.0,411.25,399.92499,406.350005,2752386.0
2016-10-17 09:15:00,NSE:HCLTECH,408.79999,409.0,401.5,404.20001,1480186.0
2016-10-18 09:15:00,NSE:HCLTECH,406.0,418.20001,406.0,417.399995,2653938.0
2016-10-19 09:15:00,NSE:HCLTECH,417.29999,420.82501,413.0,415.274995,4278520.0
2016-10-20 09:15:00,NSE:HCLTECH,414.774995,416.5,406.024995,407.774995,4977454.0
2016-10-21 09:15:00,NSE:HCLTECH,411.5,424.350005,410.625,415.875,10282518.0
2016-10-24 09:15:00,NSE:HCLTECH,415.625,418.45001,404.32501,405.32501,3414444.0
2016-10-25 09:15:00,NSE:HCLTECH,403.375,405.75,401.25,402.274995,3469130.0
2016-10-26 09:15:00,NSE:HCLTECH,400.850005,401.92499,393.79999,395.42499,3223550.0
2016-10-27 09:15:00,NSE:HCLTECH,392.399995,393.32501,385.649995,387.149995,4050632.0
2016-10-28 09:15:00,NSE:HCLTECH,387.07501,390.600005,380.0,381.57501,5422932.0
2016-11-01 09:15:00,NSE:HCLTECH,385.899995,388.20001,383.5,386.45001,2196342.0
2016-11-02 09:15:00,NSE:HCLTECH,382.5,386.5,381.5,382.149995,2054166.0
2016-11-03 09:15:00,NSE:HCLTECH,382.95001,384.625,380.25,381.54999,2406676.0
2016-11-04 09:15:00,NSE:HCLTECH,381.5,399.5,381.5,397.375,5683326.0
2016-11-07 09:15:00,NSE:HCLTECH,400.0,413.75,397.45001,408.600005,5987574.0
2016-11-08 09:15:00,NSE:HCLTECH,405.5,407.95001,395.625,404.5,2514742.0
2016-11-09 09:15:00,NSE:HCLTECH,382.5,398.875,381.57501,392.42499,5296796.0
2016-11-10 09:15:00,NSE:HCLTECH,395.024995,402.899995,388.0,394.82501,3644546.0
2016-11-11 09:15:00,NSE:HCLTECH,392.42499,396.5,377.5,382.04999,5043522.0
2016-11-15 09:15:00,NSE:HCLTECH,382.5,393.5,368.0,385.375,5257576.0
2016-11-16 09:15:00,NSE:HCLTECH,388.0,393.975005,382.125,386.92499,4562692.0
2016-11-17 09:15:00,NSE:HCLTECH,383.0,388.0,378.0,380.07501,5376838.0
2016-11-18 09:15:00,NSE:HCLTECH,378.79999,389.475005,378.79999,381.92499,3682234.0
2016-11-21 09:15:00,NSE:HCLTECH,382.5,389.75,377.600005,379.17499,2155720.0
2016-11-22 09:15:00,NSE:HCLTECH,382.5,383.75,377.524995,381.04999,2063646.0
2016-11-23 09:15:00,NSE:HCLTECH,381.5,384.350005,378.225005,381.725005,1801756.0
2016-11-24 09:15:00,NSE:HCLTECH,382.5,386.32501,376.5,383.899995,4187488.0
2016-11-25 09:15:00,NSE:HCLTECH,385.975005,406.0,385.024995,400.975005,5477332.0
2016-11-28 09:15:00,NSE:HCLTECH,403.0,405.57501,395.17499,403.024995,3033048.0
2016-11-29 09:15:00,NSE:HCLTECH,403.0,406.850005,399.649995,402.649995,1647360.0
2016-11-30 09:15:00,NSE:HCLTECH,405.0,405.225005,399.0,401.899995,3063460.0
2016-12-01 09:15:00,NSE:HCLTECH,401.95001,403.25,396.0,401.54999,2512750.0
2016-12-02 09:15:00,NSE:HCLTECH,400.850005,408.45001,395.0,396.79999,2103394.0
2016-12-05 09:15:00,NSE:HCLTECH,394.774995,400.725005,391.100005,396.70001,1507316.0
2016-12-06 09:15:00,NSE:HCLTECH,399.0,400.75,389.20001,390.45001,1557628.0
2016-12-07 09:15:00,NSE:HCLTECH,393.350005,394.54999,385.54999,392.67499,1621702.0
2016-12-08 09:15:00,NSE:HCLTECH,394.5,398.5,391.5,397.42499,2063636.0
2016-12-09 09:15:00,NSE:HCLTECH,398.5,402.95001,391.625,401.649995,2699554.0
2016-12-12 09:15:00,NSE:HCLTECH,398.0,401.774995,395.32501,399.899995,3011062.0
2016-12-13 09:15:00,NSE:HCLTECH,400.524995,401.95001,395.600005,400.475005,1877952.0
2016-12-14 09:15:00,NSE:HCLTECH,403.04999,412.149995,398.125,410.399995,3721154.0
2016-12-15 09:15:00,NSE:HCLTECH,411.0,420.0,411.0,416.07501,5601630.0
2016-12-16 09:15:00,NSE:HCLTECH,417.899995,417.899995,407.600005,410.29999,2632882.0
2016-12-19 09:15:00,NSE:HCLTECH,410.29999,413.45001,407.5,412.350005,2148158.0
2016-12-20 09:15:00,NSE:HCLTECH,412.5,417.07501,412.17499,415.07501,2804568.0
2016-12-21 09:15:00,NSE:HCLTECH,417.5,418.399995,408.149995,410.399995,2063788.0
2016-12-22 09:15:00,NSE:HCLTECH,409.149995,411.45001,403.0,408.54999,1582514.0
2016-12-23 09:15:00,NSE:HCLTECH,408.0,408.0,395.5,396.875,2905268.0
2016-12-26 09:15:00,NSE:HCLTECH,395.95001,398.899995,391.649995,395.20001,1117150.0
2016-12-27 09:15:00,NSE:HCLTECH,394.45001,404.95001,393.5,402.42499,1011418.0
2016-12-28 09:15:00,NSE:HCLTECH,405.0,408.875,402.07501,403.524995,1434432.0
2016-12-29 09:15:00,NSE:HCLTECH,403.54999,412.45001,402.649995,409.67499,3560002.0
2016-12-30 09:15:00,NSE:HCLTECH,411.0,415.0,407.45001,413.975005,2051884.0
2017-01-02 09:15:00,NSE:HCLTECH,411.5,417.0,411.149995,414.25,842486.0
2017-01-03 09:15:00,NSE:HCLTECH,415.5,418.5,411.75,417.57501,1437066.0
2017-01-04 09:15:00,NSE:HCLTECH,417.774995,430.0,416.524995,428.475005,4233756.0
2017-01-05 09:15:00,NSE:HCLTECH,430.0,434.875,420.04999,422.32501,4157614.0
2017-01-06 09:15:00,NSE:HCLTECH,417.5,420.149995,403.375,407.20001,5591598.0
2017-01-09 09:15:00,NSE:HCLTECH,403.25,420.07501,402.975005,419.149995,3839588.0
2017-01-10 09:15:00,NSE:HCLTECH,421.350005,422.0,417.25,418.92499,2613934.0
2017-01-11 09:15:00,NSE:HCLTECH,419.75,422.25,413.375,416.625,2766112.0
2017-01-12 09:15:00,NSE:HCLTECH,415.024995,424.95001,415.024995,423.850005,3290556.0
2017-01-13 09:15:00,NSE:HCLTECH,425.100005,428.975005,419.29999,425.125,4573998.0
2017-01-16 09:15:00,NSE:HCLTECH,423.95001,423.95001,413.399995,415.274995,2429338.0
2017-01-17 09:15:00,NSE:HCLTECH,413.5,421.75,413.5,418.875,4099262.0
2017-01-18 09:15:00,NSE:HCLTECH,418.75,422.774995,418.125,422.024995,2168782.0
2017-01-19 09:15:00,NSE:HCLTECH,422.0,425.725005,418.79999,422.07501,2112076.0
2017-01-20 09:15:00,NSE:HCLTECH,420.0,422.5,416.850005,419.375,2219790.0
2017-01-23 09:15:00,NSE:HCLTECH,417.0,430.25,414.0,428.649995,3969016.0
2017-01-24 09:15:00,NSE:HCLTECH,421.0,427.0,413.45001,424.399995,7390624.0
2017-01-25 09:15:00,NSE:HCLTECH,426.5,428.649995,418.774995,420.625,3855738.0
2017-01-27 09:15:00,NSE:HCLTECH,422.0,424.95001,420.32501,422.100005,2699128.0
2017-01-30 09:15:00,NSE:HCLTECH,415.54999,421.20001,414.04999,420.125,1899068.0
2017-01-31 09:15:00,NSE:HCLTECH,417.625,418.649995,393.54999,405.57501,9645094.0
2017-02-01 09:15:00,NSE:HCLTECH,402.5,409.75,389.32501,406.975005,9033230.0
2017-02-02 09:15:00,NSE:HCLTECH,407.0,417.04999,405.07501,413.57501,3760086.0
2017-02-03 09:15:00,NSE:HCLTECH,412.5,417.850005,408.42499,415.375,2257058.0
2017-02-06 09:15:00,NSE:HCLTECH,417.5,418.25,408.29999,412.04999,2185076.0
2017-02-07 09:15:00,NSE:HCLTECH,412.0,413.850005,406.0,407.850005,2605080.0
2017-02-08 09:15:00,NSE:HCLTECH,409.5,409.524995,402.375,404.25,2824810.0
2017-02-09 09:15:00,NSE:HCLTECH,405.475005,411.149995,401.024995,409.850005,3130268.0
2017-02-10 09:15:00,NSE:HCLTECH,411.04999,415.0,406.149995,414.20001,3550994.0
2017-02-13 09:15:00,NSE:HCLTECH,415.5,416.82501,410.5,413.649995,1209256.0
2017-02-14 09:15:00,NSE:HCLTECH,414.600005,417.225005,412.25,416.0,2246504.0
2017-02-15 09:15:00,NSE:HCLTECH,416.0,419.29999,411.29999,415.149995,1995766.0
2017-02-16 09:15:00,NSE:HCLTECH,413.625,423.45001,413.625,422.5,3441322.0
2017-02-17 09:15:00,NSE:HCLTECH,425.0,425.0,415.54999,419.625,2079702.0
2017-02-20 09:15:00,NSE:HCLTECH,421.0,423.5,418.625,422.0,1331008.0
2017-02-21 09:15:00,NSE:HCLTECH,422.04999,431.25,422.04999,425.649995,3074096.0
2017-02-22 09:15:00,NSE:HCLTECH,426.149995,432.5,415.274995,417.100005,3487340.0
2017-02-23 09:15:00,NSE:HCLTECH,417.5,425.5,417.5,421.42499,6776184.0
2017-02-27 09:15:00,NSE:HCLTECH,422.45001,425.67499,418.024995,419.975005,2385238.0
2017-02-28 09:15:00,NSE:HCLTECH,422.0,423.0,417.92499,420.04999,2286110.0
2017-03-01 09:15:00,NSE:HCLTECH,421.5,425.5,419.774995,424.54999,2193694.0
2017-03-02 09:15:00,NSE:HCLTECH,425.0,426.75,419.649995,421.875,1735692.0
2017-03-03 09:15:00,NSE:HCLTECH,422.0,427.399995,417.57501,426.45001,1712464.0
2017-03-06 09:15:00,NSE:HCLTECH,425.350005,433.850005,423.04999,427.774995,3084616.0
2017-03-07 09:15:00,NSE:HCLTECH,430.850005,430.850005,426.100005,428.67499,1494044.0
2017-03-08 09:15:00,NSE:HCLTECH,428.5,429.0,422.125,423.850005,1458528.0
2017-03-09 09:15:00,NSE:HCLTECH,427.0,427.0,421.17499,422.17499,1533834.0
2017-03-10 09:15:00,NSE:HCLTECH,424.67499,429.0,420.45001,423.17499,1412616.0
2017-03-14 09:15:00,NSE:HCLTECH,432.5,432.5,425.0,426.79999,3171728.0
2017-03-15 09:15:00,NSE:HCLTECH,425.25,427.95001,418.625,421.45001,2478532.0
2017-03-16 09:15:00,NSE:HCLTECH,430.399995,431.95001,424.79999,427.70001,3690466.0
2017-03-17 09:15:00,NSE:HCLTECH,428.625,435.5,426.5,432.875,3987020.0
2017-03-20 09:15:00,NSE:HCLTECH,435.975005,439.5,430.57501,432.17499,3392968.0
2017-03-21 09:15:00,NSE:HCLTECH,432.5,437.20001,425.975005,429.649995,7366514.0
2017-03-22 09:15:00,NSE:HCLTECH,425.350005,437.350005,424.25,436.375,3364236.0
2017-03-23 09:15:00,NSE:HCLTECH,435.524995,440.0,434.475005,438.32501,2848278.0
2017-03-24 09:15:00,NSE:HCLTECH,436.149995,438.25,435.57501,436.524995,1751020.0
2017-03-27 09:15:00,NSE:HCLTECH,434.0,436.600005,423.524995,426.07501,2353860.0
2017-03-28 09:15:00,NSE:HCLTECH,427.774995,435.375,426.07501,429.95001,1796222.0
2017-03-29 09:15:00,NSE:HCLTECH,432.70001,439.75,429.79999,438.79999,4242538.0
2017-03-30 09:15:00,NSE:HCLTECH,435.0,440.850005,432.524995,437.92499,2927478.0
2017-03-31 09:15:00,NSE:HCLTECH,442.0,445.07501,433.5,437.375,4314580.0
2017-04-03 09:15:00,NSE:HCLTECH,437.04999,439.125,429.25,433.125,1874754.0
2017-04-05 09:15:00,NSE:HCLTECH,434.5,434.5,423.20001,425.25,3578706.0
2017-04-06 09:15:00,NSE:HCLTECH,424.0,428.274995,423.5,426.75,2089810.0
2017-04-07 09:15:00,NSE:HCLTECH,426.95001,429.29999,423.45001,424.649995,2059774.0
2017-04-10 09:15:00,NSE:HCLTECH,424.5,428.75,415.5,416.524995,1485086.0
2017-04-11 09:15:00,NSE:HCLTECH,417.5,419.0,413.0,416.899995,2620546.0
2017-04-12 09:15:00,NSE:HCLTECH,415.67499,417.475005,413.5,415.82501,1311888.0
2017-04-13 09:15:00,NSE:HCLTECH,416.25,416.25,402.70001,404.54999,2293364.0
2017-04-17 09:15:00,NSE:HCLTECH,400.07501,408.75,400.07501,405.399995,1404094.0
2017-04-18 09:15:00,NSE:HCLTECH,406.0,409.975005,402.0,404.024995,2028564.0
2017-04-19 09:15:00,NSE:HCLTECH,403.25,409.774995,401.975005,404.29999,2636200.0
2017-04-20 09:15:00,NSE:HCLTECH,405.375,407.95001,404.29999,407.45001,1079608.0
2017-04-21 09:15:00,NSE:HCLTECH,408.5,410.725005,403.899995,406.375,1780310.0
2017-04-24 09:15:00,NSE:HCLTECH,406.5,412.0,404.625,409.774995,1373968.0
2017-04-25 09:15:00,NSE:HCLTECH,412.0,412.92499,406.79999,409.975005,2194602.0
2017-04-26 09:15:00,NSE:HCLTECH,410.95001,411.0,398.274995,400.125,1918248.0
2017-04-27 09:15:00,NSE:HCLTECH,398.5,410.0,398.100005,404.850005,5640334.0
2017-04-28 09:15:00,NSE:HCLTECH,406.45001,410.0,399.875,407.04999,2794138.0
2017-05-02 09:15:00,NSE:HCLTECH,408.07501,412.725005,405.850005,411.024995,1722732.0
2017-05-03 09:15:00,NSE:HCLTECH,412.475005,418.75,410.5,417.54999,1989864.0
2017-05-04 09:15:00,NSE:HCLTECH,418.04999,421.29999,404.07501,409.0,2758496.0
2017-05-05 09:15:00,NSE:HCLTECH,410.475005,416.0,407.149995,414.79999,1856816.0
2017-05-08 09:15:00,NSE:HCLTECH,414.92499,422.5,412.850005,420.100005,1581634.0
2017-05-09 09:15:00,NSE:HCLTECH,422.5,427.42499,419.975005,424.875,1814522.0
2017-05-10 09:15:00,NSE:HCLTECH,424.375,425.45001,419.04999,421.79999,1515412.0
2017-05-11 09:15:00,NSE:HCLTECH,428.899995,429.399995,417.79999,419.350005,7029834.0
2017-05-12 09:15:00,NSE:HCLTECH,420.0,424.100005,419.524995,423.82501,3295402.0
2017-05-15 09:15:00,NSE:HCLTECH,424.25,425.0,422.5,424.274995,1375146.0
2017-05-16 09:15:00,NSE:HCLTECH,425.0,428.04999,424.024995,424.79999,5948804.0
2017-05-17 09:15:00,NSE:HCLTECH,426.0,427.649995,421.100005,426.774995,2747118.0
2017-05-18 09:15:00,NSE:HCLTECH,425.42499,436.125,422.125,424.20001,7317362.0
2017-05-19 09:15:00,NSE:HCLTECH,426.5,427.25,422.04999,422.350005,2896062.0
2017-05-22 09:15:00,NSE:HCLTECH,425.0,431.125,424.0,428.725005,5784538.0
2017-05-23 09:15:00,NSE:HCLTECH,431.5,435.399995,429.57501,432.45001,6427042.0
2017-05-24 09:15:00,NSE:HCLTECH,427.45001,428.975005,420.0,427.42499,4033036.0
2017-05-25 09:15:00,NSE:HCLTECH,430.125,433.75,426.29999,429.79999,5896078.0
2017-05-26 09:15:00,NSE:HCLTECH,428.850005,433.0,427.725005,429.54999,2604830.0
2017-05-29 09:15:00,NSE:HCLTECH,429.45001,436.0,425.725005,432.225005,3686630.0
2017-05-30 09:15:00,NSE:HCLTECH,432.225005,435.975005,426.475005,434.07501,2826830.0
2017-05-31 09:15:00,NSE:HCLTECH,432.04999,434.649995,429.125,432.125,5747114.0
2017-06-01 09:15:00,NSE:HCLTECH,431.5,435.5,429.57501,431.125,1843166.0
2017-06-02 09:15:00,NSE:HCLTECH,431.399995,434.850005,426.850005,428.95001,2223574.0
2017-06-05 09:15:00,NSE:HCLTECH,428.0,433.45001,428.0,429.350005,2816618.0
2017-06-06 09:15:00,NSE:HCLTECH,437.75,454.79999,433.04999,444.725005,13253770.0
2017-06-07 09:15:00,NSE:HCLTECH,446.67499,447.45001,432.274995,440.25,6733948.0
2017-06-08 09:15:00,NSE:HCLTECH,440.0,440.20001,432.5,434.17499,2830620.0
2017-06-09 09:15:00,NSE:HCLTECH,433.274995,436.45001,428.29999,430.375,2701028.0
2017-06-12 09:15:00,NSE:HCLTECH,431.399995,434.32501,426.024995,432.774995,2065426.0
2017-06-13 09:15:00,NSE:HCLTECH,431.0,432.45001,421.149995,423.57501,2487790.0
2017-06-14 09:15:00,NSE:HCLTECH,424.75,428.024995,420.5,426.82501,1801536.0
2017-06-15 09:15:00,NSE:HCLTECH,426.5,426.5,420.75,422.20001,3547290.0
2017-06-16 09:15:00,NSE:HCLTECH,421.0,423.5,417.5,419.5,3824660.0
2017-06-19 09:15:00,NSE:HCLTECH,419.75,422.95001,415.149995,421.25,1690856.0
2017-06-20 09:15:00,NSE:HCLTECH,422.5,427.524995,421.5,427.125,2082258.0
2017-06-21 09:15:00,NSE:HCLTECH,427.0,427.0,419.04999,421.725005,1819308.0
2017-06-22 09:15:00,NSE:HCLTECH,424.5,427.0,418.100005,424.57501,2895584.0
2017-06-23 09:15:00,NSE:HCLTECH,425.0,429.0,421.17499,425.92499,2161888.0
2017-06-27 09:15:00,NSE:HCLTECH,426.0,429.5,416.600005,420.100005,2184790.0
2017-06-28 09:15:00,NSE:HCLTECH,419.25,428.625,416.649995,424.20001,2476764.0
2017-06-29 09:15:00,NSE:HCLTECH,425.95001,428.5,421.25,423.79999,2984220.0
2017-06-30 09:15:00,NSE:HCLTECH,424.225005,427.975005,419.20001,425.45001,2257114.0
2017-07-03 09:15:00,NSE:HCLTECH,426.0,426.975005,416.149995,419.07501,3953676.0
2017-07-04 09:15:00,NSE:HCLTECH,424.20001,424.975005,419.0,420.774995,1981500.0
2017-07-05 09:15:00,NSE:HCLTECH,419.5,420.600005,417.54999,418.75,2420508.0
2017-07-06 09:15:00,NSE:HCLTECH,420.0,421.20001,417.850005,420.32501,1373060.0
2017-07-07 09:15:00,NSE:HCLTECH,420.25,420.25,414.399995,415.95001,2303234.0
2017-07-10 09:15:00,NSE:HCLTECH,419.20001,426.899995,419.0,424.274995,390438.0
2017-07-11 09:15:00,NSE:HCLTECH,422.82501,434.5,422.82501,425.32501,2993400.0
2017-07-12 09:15:00,NSE:HCLTECH,425.04999,429.25,423.024995,427.0,1205956.0
2017-07-13 09:15:00,NSE:HCLTECH,428.04999,431.95001,427.75,429.29999,1912818.0
2017-07-14 09:15:00,NSE:HCLTECH,430.0,430.20001,422.524995,425.17499,1288116.0
2017-07-17 09:15:00,NSE:HCLTECH,424.5,435.0,421.95001,434.04999,1818014.0
2017-07-18 09:15:00,NSE:HCLTECH,434.54999,442.149995,434.17499,440.350005,1977378.0
2017-07-19 09:15:00,NSE:HCLTECH,442.5,449.79999,442.5,447.70001,2912888.0
2017-07-20 09:15:00,NSE:HCLTECH,449.5,449.5,441.20001,442.82501,1613768.0
2017-07-21 09:15:00,NSE:HCLTECH,442.0,454.0,442.0,452.475005,2483620.0
2017-07-24 09:15:00,NSE:HCLTECH,452.475005,456.0,450.600005,453.70001,3004440.0
2017-07-25 09:15:00,NSE:HCLTECH,451.0,452.45001,443.0,447.524995,3584666.0
2017-07-26 09:15:00,NSE:HCLTECH,446.5,451.75,442.0,446.350005,3023714.0
2017-07-27 09:15:00,NSE:HCLTECH,451.5,464.0,442.67499,445.125,9319652.0
2017-07-28 09:15:00,NSE:HCLTECH,444.0,448.45001,420.5,446.54999,3042762.0
2017-07-31 09:15:00,NSE:HCLTECH,444.0,449.0,439.225005,446.45001,1894566.0
2017-08-01 09:15:00,NSE:HCLTECH,444.5,449.0,439.0,442.100005,2664554.0
2017-08-02 09:15:00,NSE:HCLTECH,444.0,446.5,438.45001,441.0,1658180.0
2017-08-03 09:15:00,NSE:HCLTECH,441.100005,442.20001,435.475005,437.875,2544010.0
2017-08-04 09:15:00,NSE:HCLTECH,437.5,447.25,436.54999,445.32501,1141420.0
2017-08-07 09:15:00,NSE:HCLTECH,445.0,447.350005,440.70001,443.0,1646970.0
2017-08-08 09:15:00,NSE:HCLTECH,441.29999,442.70001,438.04999,441.0,1731896.0
2017-08-09 09:15:00,NSE:HCLTECH,435.5,442.32501,435.5,439.375,1071692.0
2017-08-10 09:15:00,NSE:HCLTECH,436.524995,443.0,435.399995,441.45001,1693074.0
2017-08-11 09:15:00,NSE:HCLTECH,439.04999,444.600005,432.274995,436.149995,3384860.0
2017-08-14 09:15:00,NSE:HCLTECH,436.5,439.20001,428.024995,430.04999,808098.0
2017-08-16 09:15:00,NSE:HCLTECH,432.0,434.32501,425.5,432.25,2250010.0
2017-08-17 09:15:00,NSE:HCLTECH,436.20001,437.54999,430.375,435.70001,1602350.0
2017-08-18 09:15:00,NSE:HCLTECH,436.92499,442.350005,431.774995,438.125,2129910.0
2017-08-21 09:15:00,NSE:HCLTECH,438.875,442.5,435.100005,437.024995,1339674.0
2017-08-22 09:15:00,NSE:HCLTECH,440.5,443.125,436.649995,437.92499,1506462.0
2017-08-23 09:15:00,NSE:HCLTECH,438.95001,441.475005,431.5,440.0,1509778.0
2017-08-24 09:15:00,NSE:HCLTECH,442.0,442.0,433.0,433.75,1624246.0
2017-08-28 09:15:00,NSE:HCLTECH,434.149995,437.274995,428.92499,433.82501,1792508.0
2017-08-29 09:15:00,NSE:HCLTECH,434.0,434.79999,425.0,426.274995,1945588.0
2017-08-30 09:15:00,NSE:HCLTECH,428.5,429.0,421.625,424.600005,3387850.0
2017-08-31 09:15:00,NSE:HCLTECH,425.0,435.20001,420.100005,432.649995,5019082.0
2017-09-01 09:15:00,NSE:HCLTECH,431.79999,442.5,427.5,432.875,1600518.0
2017-09-04 09:15:00,NSE:HCLTECH,436.95001,436.95001,428.5,430.29999,1149942.0
2017-09-05 09:15:00,NSE:HCLTECH,429.0,431.25,424.20001,429.95001,1095614.0
2017-09-06 09:15:00,NSE:HCLTECH,431.5,436.0,423.100005,425.524995,1658772.0
2017-09-07 09:15:00,NSE:HCLTECH,428.70001,431.850005,425.625,429.649995,2949318.0
2017-09-08 09:15:00,NSE:HCLTECH,433.45001,434.75,428.04999,429.75,2320104.0
2017-09-11 09:15:00,NSE:HCLTECH,431.0,433.649995,426.0,430.350005,1439608.0
2017-09-12 09:15:00,NSE:HCLTECH,433.5,433.5,428.07501,432.024995,1698738.0
2017-09-13 09:15:00,NSE:HCLTECH,432.0,437.5,430.850005,435.649995,2237308.0
2017-09-14 09:15:00,NSE:HCLTECH,438.0,441.024995,435.649995,440.399995,2327652.0
2017-09-15 09:15:00,NSE:HCLTECH,440.899995,446.67499,434.149995,443.524995,3502380.0
2017-09-18 09:15:00,NSE:HCLTECH,445.0,449.25,444.5,448.67499,1361938.0
2017-09-19 09:15:00,NSE:HCLTECH,449.0,449.0,444.625,446.82501,1095726.0
2017-09-20 09:15:00,NSE:HCLTECH,447.5,448.32501,442.5,444.725005,1792966.0
2017-09-21 09:15:00,NSE:HCLTECH,445.399995,447.0,434.524995,435.149995,5197522.0
2017-09-22 09:15:00,NSE:HCLTECH,435.0,445.0,434.79999,442.225005,6281534.0
2017-09-25 09:15:00,NSE:HCLTECH,440.0,442.0,435.04999,437.024995,3550896.0
2017-09-26 09:15:00,NSE:HCLTECH,439.45001,443.45001,432.149995,436.82501,3446850.0
2017-09-27 09:15:00,NSE:HCLTECH,437.975005,440.475005,436.04999,437.32501,2541882.0
2017-09-28 09:15:00,NSE:HCLTECH,437.32501,440.375,430.82501,437.600005,6193068.0
2017-09-29 09:15:00,NSE:HCLTECH,438.5,443.125,433.350005,437.399995,2360270.0
2017-10-03 09:15:00,NSE:HCLTECH,439.225005,443.725005,438.375,441.274995,2684244.0
2017-10-04 09:15:00,NSE:HCLTECH,441.95001,444.225005,439.0,443.29999,1240900.0
2017-10-05 09:15:00,NSE:HCLTECH,444.0,450.850005,442.57501,446.57501,3552176.0
2017-10-06 09:15:00,NSE:HCLTECH,443.899995,454.5,443.899995,453.95001,3640948.0
2017-10-09 09:15:00,NSE:HCLTECH,453.875,453.875,448.725005,451.399995,1206462.0
2017-10-10 09:15:00,NSE:HCLTECH,452.5,458.5,448.54999,449.79999,3423160.0
2017-10-11 09:15:00,NSE:HCLTECH,449.75,458.0,449.75,454.475005,4337494.0
2017-10-12 09:15:00,NSE:HCLTECH,456.0,460.0,453.149995,458.0,2076624.0
2017-10-13 09:15:00,NSE:HCLTECH,459.875,468.0,456.95001,463.25,2210684.0
2017-10-16 09:15:00,NSE:HCLTECH,463.25,466.45001,460.0,461.5,1651154.0
2017-10-17 09:15:00,NSE:HCLTECH,459.149995,466.92499,459.149995,461.649995,960424.0
2017-10-18 09:15:00,NSE:HCLTECH,463.0,465.5,458.899995,461.850005,1160686.0
2017-10-19 09:15:00,NSE:HCLTECH,458.29999,463.0,458.29999,461.149995,58388.0
2017-10-23 09:15:00,NSE:HCLTECH,461.399995,471.899995,461.04999,468.625,3597394.0
2017-10-24 09:15:00,NSE:HCLTECH,469.5,469.75,454.024995,457.274995,3155652.0
2017-10-25 09:15:00,NSE:HCLTECH,447.20001,462.0,438.0,453.524995,6147680.0
2017-10-26 09:15:00,NSE:HCLTECH,453.375,455.0,429.0,434.524995,11565142.0
2017-10-27 09:15:00,NSE:HCLTECH,435.024995,435.899995,426.125,427.475005,4592368.0
2017-10-30 09:15:00,NSE:HCLTECH,430.0,431.725005,416.0,418.17499,7251452.0
2017-10-31 09:15:00,NSE:HCLTECH,420.0,430.32501,418.5,427.899995,2958728.0
2017-11-01 09:15:00,NSE:HCLTECH,430.0,430.32501,419.0,420.32501,3257662.0
2017-11-02 09:15:00,NSE:HCLTECH,422.20001,430.0,420.57501,428.95001,2965682.0
2017-11-03 09:15:00,NSE:HCLTECH,430.0,430.0,422.475005,423.57501,2761172.0
2017-11-06 09:15:00,NSE:HCLTECH,426.0,427.625,418.79999,422.524995,2273368.0
2017-11-07 09:15:00,NSE:HCLTECH,425.0,440.0,422.149995,438.375,5960612.0
2017-11-08 09:15:00,NSE:HCLTECH,441.0,442.375,432.67499,439.29999,3821814.0
2017-11-09 09:15:00,NSE:HCLTECH,439.75,444.225005,436.225005,437.975005,1600452.0
2017-11-10 09:15:00,NSE:HCLTECH,440.475005,440.475005,431.350005,433.524995,3070800.0
2017-11-13 09:15:00,NSE:HCLTECH,432.25,439.20001,432.25,434.75,5322040.0
2017-11-14 09:15:00,NSE:HCLTECH,434.0,442.42499,433.04999,434.899995,2012894.0
2017-11-15 09:15:00,NSE:HCLTECH,438.5,438.5,423.0,424.17499,3122146.0
2017-11-16 09:15:00,NSE:HCLTECH,424.850005,429.350005,419.350005,425.95001,2181070.0
2017-11-17 09:15:00,NSE:HCLTECH,424.45001,428.100005,419.25,420.0,3096988.0
2017-11-20 09:15:00,NSE:HCLTECH,421.5,424.225005,418.45001,421.07501,2260478.0
2017-11-21 09:15:00,NSE:HCLTECH,421.54999,423.100005,417.54999,418.850005,2987142.0
2017-11-22 09:15:00,NSE:HCLTECH,419.274995,422.149995,417.20001,421.07501,2269436.0
2017-11-23 09:15:00,NSE:HCLTECH,424.0,428.0,421.100005,426.850005,2332448.0
2017-11-24 09:15:00,NSE:HCLTECH,427.5,431.75,427.5,429.20001,1646756.0
2017-11-27 09:15:00,NSE:HCLTECH,428.75,431.5,426.54999,430.350005,1592740.0
2017-11-28 09:15:00,NSE:HCLTECH,430.5,432.024995,428.399995,429.625,2108650.0
2017-11-29 09:15:00,NSE:HCLTECH,430.0,431.475005,423.07501,426.57501,1523670.0
2017-11-30 09:15:00,NSE:HCLTECH,425.0,428.95001,421.149995,424.0,6822606.0
2017-12-01 09:15:00,NSE:HCLTECH,423.5,424.975005,413.54999,415.0,2768524.0
2017-12-04 09:15:00,NSE:HCLTECH,418.0,424.850005,412.42499,423.975005,1793768.0
2017-12-05 09:15:00,NSE:HCLTECH,423.95001,426.45001,419.54999,424.0,1980098.0
2017-12-06 09:15:00,NSE:HCLTECH,422.75,430.07501,422.5,429.29999,3179456.0
2017-12-07 09:15:00,NSE:HCLTECH,430.07501,433.5,426.79999,431.75,2450146.0
2017-12-08 09:15:00,NSE:HCLTECH,434.850005,436.399995,431.70001,435.225005,1739846.0
2017-12-11 09:15:00,NSE:HCLTECH,437.25,441.0,435.875,440.0,1597008.0
2017-12-12 09:15:00,NSE:HCLTECH,440.5,440.899995,435.125,437.600005,2921624.0
2017-12-13 09:15:00,NSE:HCLTECH,435.0,436.774995,431.524995,433.17499,8609940.0
2017-12-14 09:15:00,NSE:HCLTECH,431.5,442.524995,431.100005,441.42499,6365040.0
2017-12-15 09:15:00,NSE:HCLTECH,444.45001,448.225005,442.5,445.899995,4469222.0
2017-12-18 09:15:00,NSE:HCLTECH,444.04999,445.875,437.875,442.5,2615662.0
2017-12-19 09:15:00,NSE:HCLTECH,444.5,444.5,432.5,434.725005,3971188.0
2017-12-20 09:15:00,NSE:HCLTECH,435.0,437.5,432.0,434.92499,2109744.0
2017-12-21 09:15:00,NSE:HCLTECH,437.0,446.0,435.725005,445.125,2859366.0
2017-12-22 09:15:00,NSE:HCLTECH,445.5,446.45001,439.04999,443.45001,2104074.0
2017-12-26 09:15:00,NSE:HCLTECH,441.04999,446.649995,441.024995,444.225005,2127136.0
2017-12-27 09:15:00,NSE:HCLTECH,443.0,445.79999,440.274995,441.82501,801620.0
2017-12-28 09:15:00,NSE:HCLTECH,441.0,445.42499,437.79999,439.149995,2319726.0
2017-12-29 09:15:00,NSE:HCLTECH,439.149995,450.875,437.5,445.25,3093850.0
2018-01-01 09:15:00,NSE:HCLTECH,444.5,445.350005,437.975005,439.350005,1286288.0
2018-01-02 09:15:00,NSE:HCLTECH,438.45001,447.5,438.42499,446.399995,1906518.0
2018-01-03 09:15:00,NSE:HCLTECH,446.5,453.899995,446.5,448.649995,2583906.0
2018-01-04 09:15:00,NSE:HCLTECH,448.0,449.725005,441.524995,446.54999,1193460.0
2018-01-05 09:15:00,NSE:HCLTECH,444.125,451.5,441.149995,450.024995,1492292.0
2018-01-08 09:15:00,NSE:HCLTECH,450.07501,451.70001,447.54999,450.25,2353168.0
2018-01-09 09:15:00,NSE:HCLTECH,450.25,451.42499,442.5,446.92499,2504270.0
2018-01-10 09:15:00,NSE:HCLTECH,446.0,459.0,445.54999,457.92499,3400572.0
2018-01-11 09:15:00,NSE:HCLTECH,459.5,462.45001,455.024995,458.45001,4243446.0
2018-01-12 09:15:00,NSE:HCLTECH,459.25,464.0,456.125,462.95001,1980698.0
2018-01-15 09:15:00,NSE:HCLTECH,462.5,465.54999,452.75,454.625,2536486.0
2018-01-16 09:15:00,NSE:HCLTECH,457.04999,477.5,455.0,474.625,8963404.0
2018-01-17 09:15:00,NSE:HCLTECH,475.0,481.79999,471.649995,476.42499,5498922.0
2018-01-18 09:15:00,NSE:HCLTECH,476.5,479.82501,470.25,477.125,1869500.0
2018-01-19 09:15:00,NSE:HCLTECH,478.5,483.5,473.07501,479.149995,4748438.0
2018-01-22 09:15:00,NSE:HCLTECH,480.0,487.45001,472.5,483.17499,4431318.0
2018-01-23 09:15:00,NSE:HCLTECH,484.975005,500.0,484.274995,497.67499,5015202.0
2018-01-24 09:15:00,NSE:HCLTECH,497.0,520.35,496.0,509.225,9269776.0
2018-01-25 09:15:00,NSE:HCLTECH,509.4,510.0,495.024995,504.775,5307454.0
2018-01-29 09:15:00,NSE:HCLTECH,505.0,510.5,502.525,506.025,4013296.0
2018-01-30 09:15:00,NSE:HCLTECH,508.75,508.75,499.0,500.2,2711352.0
2018-01-31 09:15:00,NSE:HCLTECH,499.975005,508.95,490.850005,493.274995,3221144.0
2018-02-01 09:15:00,NSE:HCLTECH,491.04999,507.475,484.5,492.45001,3055658.0
2018-02-02 09:15:00,NSE:HCLTECH,490.0,503.85,488.92499,495.45001,3345056.0
2018-02-05 09:15:00,NSE:HCLTECH,495.0,500.9,490.0,496.57501,2177578.0
2018-02-06 09:15:00,NSE:HCLTECH,482.475005,484.375,474.024995,476.92499,3310994.0
2018-02-07 09:15:00,NSE:HCLTECH,479.100005,479.5,461.0,469.274995,4051696.0
2018-02-08 09:15:00,NSE:HCLTECH,472.875,481.5,468.75,472.17499,2896536.0
2018-02-09 09:15:00,NSE:HCLTECH,467.5,485.29999,461.274995,482.0,3456506.0
2018-02-12 09:15:00,NSE:HCLTECH,482.75,486.375,468.67499,469.57501,2975588.0
2018-02-14 09:15:00,NSE:HCLTECH,469.899995,479.899995,465.149995,468.899995,2889532.0
2018-02-15 09:15:00,NSE:HCLTECH,472.0,474.82501,466.0,469.850005,2281842.0
2018-02-16 09:15:00,NSE:HCLTECH,472.5,485.475005,465.5,468.54999,5698140.0
2018-02-19 09:15:00,NSE:HCLTECH,468.92499,469.850005,450.04999,457.100005,2925546.0
2018-02-20 09:15:00,NSE:HCLTECH,458.0,462.600005,452.5,453.725005,2462802.0
2018-02-21 09:15:00,NSE:HCLTECH,459.0,473.899995,456.0,471.45001,5569512.0
2018-02-22 09:15:00,NSE:HCLTECH,471.5,481.5,465.774995,470.5,8186574.0
2018-02-23 09:15:00,NSE:HCLTECH,474.45001,483.95001,471.45001,477.79999,5675166.0
2018-02-26 09:15:00,NSE:HCLTECH,477.95001,482.54999,471.524995,473.024995,2112112.0
2018-02-27 09:15:00,NSE:HCLTECH,476.5,479.29999,472.0,474.95001,2879428.0
2018-02-28 09:15:00,NSE:HCLTECH,477.45001,479.17499,467.899995,470.149995,5119548.0
2018-03-01 09:15:00,NSE:HCLTECH,471.899995,476.225005,469.0,471.399995,2772230.0
2018-03-05 09:15:00,NSE:HCLTECH,471.399995,472.32501,458.899995,466.04999,3747704.0
2018-03-06 09:15:00,NSE:HCLTECH,469.0,476.5,463.25,466.399995,2929756.0
2018-03-07 09:15:00,NSE:HCLTECH,469.0,476.399995,466.899995,474.774995,5695220.0
2018-03-08 09:15:00,NSE:HCLTECH,476.5,482.0,472.774995,475.32501,4238350.0
2018-03-09 09:15:00,NSE:HCLTECH,475.0,477.92499,470.0,471.5,1464728.0
2018-03-12 09:15:00,NSE:HCLTECH,475.0,488.0,474.5,483.82501,4946236.0
2018-03-13 09:15:00,NSE:HCLTECH,483.82501,484.5,472.79999,478.5,2513508.0
2018-03-14 09:15:00,NSE:HCLTECH,481.0,484.07501,480.0,482.524995,2354082.0
2018-03-15 09:15:00,NSE:HCLTECH,484.0,486.29999,477.625,479.57501,2590154.0
2018-03-16 09:15:00,NSE:HCLTECH,480.0,489.774995,473.524995,483.79999,9482072.0
2018-03-19 09:15:00,NSE:HCLTECH,481.350005,481.79999,460.5,463.25,3318748.0
2018-03-20 09:15:00,NSE:HCLTECH,462.5,473.875,457.79999,468.600005,3707786.0
2018-03-21 09:15:00,NSE:HCLTECH,472.5,474.95001,463.225005,468.67499,3818980.0
2018-03-22 09:15:00,NSE:HCLTECH,470.5,474.45001,462.5,465.274995,3095286.0
2018-03-23 09:15:00,NSE:HCLTECH,452.5,480.274995,451.774995,478.70001,5478072.0
2018-03-26 09:15:00,NSE:HCLTECH,478.600005,485.5,472.5,483.524995,3571336.0
2018-03-27 09:15:00,NSE:HCLTECH,487.5,489.45001,477.25,486.024995,2495200.0
2018-03-28 09:15:00,NSE:HCLTECH,480.774995,490.79999,477.524995,484.29999,4620172.0
2018-04-02 09:15:00,NSE:HCLTECH,483.149995,492.45001,482.399995,489.75,1295646.0
2018-04-03 09:15:00,NSE:HCLTECH,486.25,494.5,481.524995,484.625,2036000.0
2018-04-04 09:15:00,NSE:HCLTECH,490.5,490.625,474.75,479.625,1804780.0
2018-04-05 09:15:00,NSE:HCLTECH,485.0,492.100005,478.274995,481.024995,2805104.0
2018-04-06 09:15:00,NSE:HCLTECH,486.0,486.0,475.29999,476.32501,2515810.0
2018-04-09 09:15:00,NSE:HCLTECH,477.149995,481.32501,474.0,476.625,1708072.0
2018-04-10 09:15:00,NSE:HCLTECH,476.54999,480.975005,471.774995,474.225005,2431772.0
2018-04-11 09:15:00,NSE:HCLTECH,477.5,488.850005,475.67499,483.649995,3716964.0
2018-04-12 09:15:00,NSE:HCLTECH,483.975005,506.5,483.649995,505.025,8182766.0
2018-04-13 09:15:00,NSE:HCLTECH,507.25,510.0,494.125,495.625,6361110.0
2018-04-16 09:15:00,NSE:HCLTECH,489.5,503.375,488.04999,499.95001,3824528.0
2018-04-17 09:15:00,NSE:HCLTECH,498.524995,508.0,498.524995,505.5,3729906.0
2018-04-18 09:15:00,NSE:HCLTECH,507.45,507.9,496.5,498.42499,2008262.0
2018-04-19 09:15:00,NSE:HCLTECH,502.5,510.75,499.5,509.275,2301628.0
2018-04-20 09:15:00,NSE:HCLTECH,510.0,537.1,509.95,531.175,9490598.0
2018-04-23 09:15:00,NSE:HCLTECH,531.0,554.0,527.5,544.0,9086924.0
2018-04-24 09:15:00,NSE:HCLTECH,542.45,549.875,529.05,530.975,3993618.0
2018-04-25 09:15:00,NSE:HCLTECH,530.925,540.75,523.0,534.4,3002280.0
2018-04-26 09:15:00,NSE:HCLTECH,528.0,544.175,525.825,538.65,6052212.0
2018-04-27 09:15:00,NSE:HCLTECH,538.5,545.325,517.5,520.825,4764608.0
2018-04-30 09:15:00,NSE:HCLTECH,524.45,539.5,522.525,526.375,3147666.0
2018-05-02 09:15:00,NSE:HCLTECH,525.0,525.975,497.75,500.25,15014958.0
2018-05-03 09:15:00,NSE:HCLTECH,498.5,498.5,460.0,462.850005,15276024.0
2018-05-04 09:15:00,NSE:HCLTECH,461.475005,472.0,453.850005,464.92499,8365006.0
2018-05-07 09:15:00,NSE:HCLTECH,468.399995,470.32501,460.524995,464.100005,2576842.0
2018-05-08 09:15:00,NSE:HCLTECH,465.100005,466.5,453.54999,460.04999,4080268.0
2018-05-09 09:15:00,NSE:HCLTECH,462.0,468.32501,460.399995,463.75,2757280.0
2018-05-10 09:15:00,NSE:HCLTECH,466.45001,468.95001,463.04999,465.100005,3741482.0
2018-05-11 09:15:00,NSE:HCLTECH,465.600005,469.125,465.54999,466.42499,2117402.0
2018-05-14 09:15:00,NSE:HCLTECH,468.70001,468.70001,460.225005,462.649995,3132296.0
2018-05-15 09:15:00,NSE:HCLTECH,460.149995,466.350005,455.774995,462.5,4239330.0
2018-05-16 09:15:00,NSE:HCLTECH,461.25,465.45001,458.25,460.125,1963972.0
2018-05-17 09:15:00,NSE:HCLTECH,463.45001,463.45001,452.350005,454.875,2899904.0
2018-05-18 09:15:00,NSE:HCLTECH,452.5,459.0,443.54999,445.350005,3517726.0
2018-05-21 09:15:00,NSE:HCLTECH,446.0,450.274995,443.5,447.975005,2942476.0
2018-05-22 09:15:00,NSE:HCLTECH,445.17499,455.850005,444.774995,452.45001,2485094.0
2018-05-23 09:15:00,NSE:HCLTECH,452.5,459.20001,445.92499,447.17499,3734828.0
2018-05-24 09:15:00,NSE:HCLTECH,452.975005,458.95001,450.100005,455.850005,6309330.0
2018-05-25 09:15:00,NSE:HCLTECH,458.95001,461.92499,456.0,458.0,2089082.0
2018-05-28 09:15:00,NSE:HCLTECH,458.0,458.5,445.5,447.25,2651764.0
2018-05-29 09:15:00,NSE:HCLTECH,449.5,454.75,447.5,452.54999,1985832.0
2018-05-30 09:15:00,NSE:HCLTECH,453.5,455.899995,448.79999,453.67499,2374048.0
2018-05-31 09:15:00,NSE:HCLTECH,454.0,457.399995,450.524995,455.17499,5618644.0
2018-06-01 09:15:00,NSE:HCLTECH,455.0,461.95001,450.0,452.42499,1939062.0
2018-06-04 09:15:00,NSE:HCLTECH,453.5,458.45001,449.57501,450.350005,1505886.0
2018-06-05 09:15:00,NSE:HCLTECH,452.975005,455.100005,440.024995,442.524995,2547736.0
2018-06-06 09:15:00,NSE:HCLTECH,445.975005,458.899995,445.0,454.475005,2337712.0
2018-06-07 09:15:00,NSE:HCLTECH,452.5,463.0,452.5,460.67499,2137298.0
2018-06-08 09:15:00,NSE:HCLTECH,460.5,467.95001,458.92499,464.350005,2268428.0
2018-06-11 09:15:00,NSE:HCLTECH,466.5,471.25,453.875,455.79999,4105194.0
2018-06-12 09:15:00,NSE:HCLTECH,456.475005,462.0,455.82501,457.399995,2961048.0
2018-06-13 09:15:00,NSE:HCLTECH,460.0,462.899995,457.024995,461.850005,2113706.0
2018-06-14 09:15:00,NSE:HCLTECH,464.0,470.0,460.524995,468.475005,3755080.0
2018-06-15 09:15:00,NSE:HCLTECH,468.475005,477.0,465.524995,474.149995,6186584.0
2018-06-18 09:15:00,NSE:HCLTECH,477.25,478.67499,465.625,466.600005,2653666.0
2018-06-19 09:15:00,NSE:HCLTECH,466.45001,470.274995,457.70001,460.225005,2812474.0
2018-06-20 09:15:00,NSE:HCLTECH,460.5,464.375,453.20001,455.475005,2820262.0
2018-06-21 09:15:00,NSE:HCLTECH,456.04999,458.5,449.54999,451.274995,3208902.0
2018-06-22 09:15:00,NSE:HCLTECH,453.524995,460.899995,450.92499,452.399995,4036700.0
2018-06-25 09:15:00,NSE:HCLTECH,452.45001,458.75,452.0,454.45001,4255720.0
2018-06-26 09:15:00,NSE:HCLTECH,454.5,457.75,453.29999,455.20001,3249236.0
2018-06-27 09:15:00,NSE:HCLTECH,456.100005,462.5,455.149995,460.524995,5751028.0
2018-06-28 09:15:00,NSE:HCLTECH,463.225005,464.975005,452.45001,454.79999,13566568.0
2018-06-29 09:15:00,NSE:HCLTECH,457.04999,464.375,456.67499,463.125,6059554.0
2018-07-02 09:15:00,NSE:HCLTECH,463.5,466.225005,460.42499,463.04999,1776396.0
2018-07-03 09:15:00,NSE:HCLTECH,465.0,469.95001,458.57501,468.75,2054476.0
2018-07-04 09:15:00,NSE:HCLTECH,468.475005,469.25,462.0,462.82501,1547894.0
2018-07-05 09:15:00,NSE:HCLTECH,464.04999,467.75,460.5,465.524995,3416140.0
2018-07-06 09:15:00,NSE:HCLTECH,467.5,474.774995,461.5,471.95001,5055508.0
2018-07-09 09:15:00,NSE:HCLTECH,474.5,482.5,472.95001,480.774995,3711984.0
2018-07-10 09:15:00,NSE:HCLTECH,497.5,497.5,487.524995,489.774995,11042854.0
2018-07-11 09:15:00,NSE:HCLTECH,491.850005,500.55,489.57501,496.725005,10209714.0
2018-07-12 09:15:00,NSE:HCLTECH,502.975,509.9,501.0,503.025,10093442.0
2018-07-13 09:15:00,NSE:HCLTECH,498.5,498.899995,488.0,491.54999,11524056.0
2018-07-16 09:15:00,NSE:HCLTECH,492.5,495.45001,485.100005,486.04999,3404444.0
2018-07-17 09:15:00,NSE:HCLTECH,488.600005,492.0,484.5,490.149995,3241946.0
2018-07-18 09:15:00,NSE:HCLTECH,492.95001,498.399995,492.024995,494.95001,3784400.0
2018-07-19 09:15:00,NSE:HCLTECH,495.0,497.25,488.25,490.850005,1501536.0
2018-07-20 09:15:00,NSE:HCLTECH,491.79999,502.25,490.274995,499.600005,4379550.0
2018-07-23 09:15:00,NSE:HCLTECH,501.5,505.475,495.54999,502.425,3296730.0
2018-07-24 09:15:00,NSE:HCLTECH,500.75,504.5,494.57501,495.79999,2925630.0
2018-07-25 09:15:00,NSE:HCLTECH,496.5,496.75,480.0,482.149995,5643672.0
2018-07-26 09:15:00,NSE:HCLTECH,482.149995,483.975005,472.524995,476.29999,7970088.0
2018-07-27 09:15:00,NSE:HCLTECH,479.5,484.850005,475.25,481.725005,4929768.0
2018-07-30 09:15:00,NSE:HCLTECH,486.5,490.57501,471.54999,473.57501,6447110.0
2018-07-31 09:15:00,NSE:HCLTECH,475.17499,483.25,473.67499,482.54999,4771570.0
2018-08-01 09:15:00,NSE:HCLTECH,484.0,490.0,482.5,489.32501,3568096.0
2018-08-02 09:15:00,NSE:HCLTECH,488.0,492.0,479.274995,480.25,3200706.0
2018-08-03 09:15:00,NSE:HCLTECH,483.024995,484.95001,478.725005,481.82501,2289018.0
2018-08-06 09:15:00,NSE:HCLTECH,484.0,484.274995,476.5,478.25,2165794.0
2018-08-07 09:15:00,NSE:HCLTECH,480.45001,485.475005,479.54999,484.399995,2235882.0
2018-08-08 09:15:00,NSE:HCLTECH,484.5,484.899995,478.625,482.274995,1517966.0
2018-08-09 09:15:00,NSE:HCLTECH,483.975005,483.975005,477.54999,478.32501,2005458.0
2018-08-10 09:15:00,NSE:HCLTECH,480.649995,483.899995,478.149995,483.0,2417448.0
2018-08-13 09:15:00,NSE:HCLTECH,482.975005,492.125,482.75,491.5,2885640.0
2018-08-14 09:15:00,NSE:HCLTECH,494.07501,501.0,489.5,499.850005,4962034.0
2018-08-16 09:15:00,NSE:HCLTECH,498.899995,507.4,496.149995,498.625,5908118.0
2018-08-17 09:15:00,NSE:HCLTECH,500.0,503.9,497.524995,501.525,2960410.0
2018-08-20 09:15:00,NSE:HCLTECH,502.5,503.25,493.5,494.125,2829604.0
2018-08-21 09:15:00,NSE:HCLTECH,500.9,507.0,499.17499,502.3,9839198.0
2018-08-23 09:15:00,NSE:HCLTECH,505.0,514.05,505.0,512.825,5537558.0
2018-08-24 09:15:00,NSE:HCLTECH,515.225,519.525,510.075,511.675,4540390.0
2018-08-27 09:15:00,NSE:HCLTECH,513.0,520.15,512.5,519.5,2488450.0
2018-08-28 09:15:00,NSE:HCLTECH,520.0,523.375,518.45,520.375,2626156.0
2018-08-29 09:15:00,NSE:HCLTECH,519.15,520.575,513.5,516.425,4063384.0
2018-08-30 09:15:00,NSE:HCLTECH,514.5,516.45,506.775,508.275,4883942.0
2018-08-31 09:15:00,NSE:HCLTECH,510.5,527.5,509.75,523.225,6558672.0
2018-09-03 09:15:00,NSE:HCLTECH,526.5,530.5,522.3,524.575,4454306.0
2018-09-04 09:15:00,NSE:HCLTECH,525.575,539.5,525.5,538.175,5584742.0
2018-09-05 09:15:00,NSE:HCLTECH,537.9,543.5,534.0,539.475,5701112.0
2018-09-06 09:15:00,NSE:HCLTECH,537.5,544.9,532.7,544.4,5991810.0
2018-09-07 09:15:00,NSE:HCLTECH,543.475,543.475,532.675,536.975,4379878.0
2018-09-10 09:15:00,NSE:HCLTECH,538.5,548.45,538.5,544.35,8205078.0
2018-09-11 09:15:00,NSE:HCLTECH,545.0,549.5,541.0,542.55,8472420.0
2018-09-12 09:15:00,NSE:HCLTECH,546.0,549.5,541.05,543.4,4139134.0
2018-09-14 09:15:00,NSE:HCLTECH,542.0,544.225,532.6,535.35,7290574.0
2018-09-17 09:15:00,NSE:HCLTECH,535.025,542.2,535.025,539.2,3018112.0
2018-09-18 09:15:00,NSE:HCLTECH,540.0,545.5,539.2,541.95,2745526.0
2018-09-19 09:15:00,NSE:HCLTECH,541.5,549.225,540.55,543.65,4439812.0
2018-09-21 09:15:00,NSE:HCLTECH,545.5,546.0,539.275,542.45,6595630.0
2018-09-24 09:15:00,NSE:HCLTECH,542.95,553.0,540.275,548.15,4432578.0
2018-09-25 09:15:00,NSE:HCLTECH,551.0,562.525,547.15,558.175,5664544.0
2018-09-26 09:15:00,NSE:HCLTECH,560.05,560.425,542.575,545.075,2870394.0
2018-09-27 09:15:00,NSE:HCLTECH,546.975,552.225,544.25,546.1,5731064.0
2018-09-28 09:15:00,NSE:HCLTECH,546.05,549.875,542.75,543.9,4445086.0
2018-10-01 09:15:00,NSE:HCLTECH,542.6,550.5,540.5,549.2,3406600.0
2018-10-03 09:15:00,NSE:HCLTECH,549.95,550.85,536.9,545.65,4730720.0
2018-10-04 09:15:00,NSE:HCLTECH,542.425,546.425,530.5,538.55,3891118.0
2018-10-05 09:15:00,NSE:HCLTECH,536.0,549.0,535.05,542.0,2895914.0
2018-10-08 09:15:00,NSE:HCLTECH,535.0,542.275,524.0,536.05,2311830.0
2018-10-09 09:15:00,NSE:HCLTECH,533.25,539.525,521.725,534.2,2694524.0
2018-10-10 09:15:00,NSE:HCLTECH,529.5,531.525,519.275,525.9,4523678.0
2018-10-11 09:15:00,NSE:HCLTECH,512.75,512.75,499.0,504.5,6266576.0
2018-10-12 09:15:00,NSE:HCLTECH,501.65,503.5,487.25,492.57501,4651748.0
2018-10-15 09:15:00,NSE:HCLTECH,490.0,503.075,490.0,501.475,3614908.0
2018-10-16 09:15:00,NSE:HCLTECH,500.0,506.25,494.524995,501.7,3003220.0
2018-10-17 09:15:00,NSE:HCLTECH,503.5,518.0,503.5,512.125,3253970.0
2018-10-19 09:15:00,NSE:HCLTECH,508.0,509.7,476.649995,479.25,6869592.0
2018-10-22 09:15:00,NSE:HCLTECH,482.0,493.95001,478.57501,490.024995,3774108.0
2018-10-23 09:15:00,NSE:HCLTECH,485.0,491.79999,473.79999,475.774995,2948962.0
2018-10-24 09:15:00,NSE:HCLTECH,487.5,495.274995,472.899995,490.350005,8442982.0
2018-10-25 09:15:00,NSE:HCLTECH,489.399995,505.725,484.0,502.425,6176258.0
2018-10-26 09:15:00,NSE:HCLTECH,499.975005,499.975005,481.0,483.29999,3615756.0
2018-10-29 09:15:00,NSE:HCLTECH,482.600005,495.975005,476.875,492.82501,2786080.0
2018-10-30 09:15:00,NSE:HCLTECH,493.649995,508.475,488.350005,502.425,6121068.0
2018-10-31 09:15:00,NSE:HCLTECH,502.65,532.85,501.0,527.8,6582228.0
2018-11-01 09:15:00,NSE:HCLTECH,527.5,528.725,501.75,507.75,3946070.0
2018-11-02 09:15:00,NSE:HCLTECH,508.0,514.75,497.57501,502.3,5575206.0
2018-11-05 09:15:00,NSE:HCLTECH,502.75,512.075,501.9,510.75,1938928.0
2018-11-06 09:15:00,NSE:HCLTECH,511.375,521.0,506.8,514.45,2921884.0
2018-11-07 09:15:00,NSE:HCLTECH,514.5,517.425,513.375,515.775,139254.0
2018-11-09 09:15:00,NSE:HCLTECH,521.5,523.5,506.75,513.95,7343566.0
2018-11-12 09:15:00,NSE:HCLTECH,516.225,529.5,516.025,518.4,4782454.0
2018-11-13 09:15:00,NSE:HCLTECH,519.925,527.425,514.675,516.6,2737474.0
2018-11-14 09:15:00,NSE:HCLTECH,515.5,515.7,481.5,498.54999,3033632.0
2018-11-15 09:15:00,NSE:HCLTECH,499.95001,514.5,490.899995,494.375,3582306.0
2018-11-16 09:15:00,NSE:HCLTECH,498.5,518.9,496.875,511.1,6698234.0
2018-11-19 09:15:00,NSE:HCLTECH,511.1,521.4,507.125,520.05,4180070.0
2018-11-20 09:15:00,NSE:HCLTECH,517.5,517.5,501.65,504.475,2628564.0
2018-11-21 09:15:00,NSE:HCLTECH,501.525,507.0,489.774995,492.57501,2503064.0
2018-11-22 09:15:00,NSE:HCLTECH,494.0,501.0,487.70001,489.524995,3129880.0
2018-11-26 09:15:00,NSE:HCLTECH,492.25,502.95,481.5,500.25,4758562.0
2018-11-27 09:15:00,NSE:HCLTECH,499.350005,514.5,496.5,511.575,4103018.0
2018-11-28 09:15:00,NSE:HCLTECH,511.6,523.875,506.175,521.55,2460574.0
2018-11-29 09:15:00,NSE:HCLTECH,521.65,522.675,504.25,506.725,3260512.0
2018-11-30 09:15:00,NSE:HCLTECH,509.0,513.15,502.125,507.5,4219388.0
2018-12-03 09:15:00,NSE:HCLTECH,510.55,512.85,502.35,509.1,2908898.0
2018-12-04 09:15:00,NSE:HCLTECH,509.05,521.5,508.525,518.125,2836286.0
2018-12-05 09:15:00,NSE:HCLTECH,518.225,529.0,511.0,525.525,3873412.0
2018-12-06 09:15:00,NSE:HCLTECH,524.675,532.75,504.5,506.25,4051262.0
2018-12-07 09:15:00,NSE:HCLTECH,500.0,500.0,467.225005,480.975005,21093670.0
2018-12-10 09:15:00,NSE:HCLTECH,479.975005,485.350005,468.54999,471.0,6182964.0
2018-12-11 09:15:00,NSE:HCLTECH,470.5,482.57501,465.350005,478.42499,5605848.0
2018-12-12 09:15:00,NSE:HCLTECH,482.5,487.0,471.649995,485.625,3653708.0
2018-12-13 09:15:00,NSE:HCLTECH,485.024995,491.274995,481.725005,489.024995,2756644.0
2018-12-14 09:15:00,NSE:HCLTECH,483.0,484.399995,475.0,480.600005,4611032.0
2018-12-17 09:15:00,NSE:HCLTECH,482.54999,487.0,476.95001,485.82501,2792580.0
2018-12-18 09:15:00,NSE:HCLTECH,484.975005,494.399995,479.70001,492.600005,3874502.0
2018-12-19 09:15:00,NSE:HCLTECH,490.0,491.79999,477.0,478.57501,6117266.0
2018-12-20 09:15:00,NSE:HCLTECH,474.149995,482.350005,474.0,479.75,4527954.0
2018-12-21 09:15:00,NSE:HCLTECH,478.524995,482.0,472.5,477.225005,10439250.0
2018-12-24 09:15:00,NSE:HCLTECH,477.5,477.95001,467.57501,468.92499,2941564.0
2018-12-26 09:15:00,NSE:HCLTECH,469.0,473.850005,465.5,471.399995,2434064.0
2018-12-27 09:15:00,NSE:HCLTECH,474.5,480.0,471.32501,474.399995,5096808.0
2018-12-28 09:15:00,NSE:HCLTECH,476.04999,481.5,475.0,479.17499,1556666.0
2018-12-31 09:15:00,NSE:HCLTECH,481.225005,483.29999,477.79999,482.17499,1437004.0
2019-01-01 09:15:00,NSE:HCLTECH,481.0,482.5,476.42499,479.92499,717468.0
2019-01-02 09:15:00,NSE:HCLTECH,479.5,481.0,469.57501,473.17499,2270096.0
2019-01-03 09:15:00,NSE:HCLTECH,475.0,480.0,472.5,474.17499,2809224.0
2019-01-04 09:15:00,NSE:HCLTECH,473.0,475.274995,462.5,466.17499,3077278.0
2019-01-07 09:15:00,NSE:HCLTECH,469.95001,475.0,467.95001,470.774995,2344752.0
2019-01-08 09:15:00,NSE:HCLTECH,474.0,474.0,466.54999,472.57501,3031576.0
2019-01-09 09:15:00,NSE:HCLTECH,473.5,474.274995,466.149995,469.20001,2471720.0
2019-01-10 09:15:00,NSE:HCLTECH,471.5,471.5,466.0,467.92499,1832096.0
2019-01-11 09:15:00,NSE:HCLTECH,467.5,470.5,460.0,470.024995,4331368.0
2019-01-14 09:15:00,NSE:HCLTECH,470.5,472.0,464.0,468.600005,1956808.0
2019-01-15 09:15:00,NSE:HCLTECH,464.5,477.95001,464.5,473.850005,3693892.0
2019-01-16 09:15:00,NSE:HCLTECH,474.0,477.100005,468.375,469.125,1701242.0
2019-01-17 09:15:00,NSE:HCLTECH,467.54999,478.5,466.54999,477.350005,3690234.0
2019-01-18 09:15:00,NSE:HCLTECH,474.29999,484.375,473.17499,483.149995,4685056.0
2019-01-21 09:15:00,NSE:HCLTECH,484.524995,490.75,481.024995,482.875,3265418.0
2019-01-22 09:15:00,NSE:HCLTECH,481.0,482.274995,468.5,470.375,4791592.0
2019-01-23 09:15:00,NSE:HCLTECH,473.75,474.975005,469.350005,472.225005,5641586.0
2019-01-24 09:15:00,NSE:HCLTECH,472.45001,476.850005,469.625,473.225005,2954782.0
2019-01-25 09:15:00,NSE:HCLTECH,474.5,487.850005,473.04999,484.70001,4310008.0
2019-01-28 09:15:00,NSE:HCLTECH,486.5,490.0,481.95001,488.899995,3029930.0
2019-01-29 09:15:00,NSE:HCLTECH,489.0,497.42499,480.54999,494.225005,4733138.0
2019-01-30 09:15:00,NSE:HCLTECH,509.0,517.5,500.75,509.2,14053348.0
2019-01-31 09:15:00,NSE:HCLTECH,509.8,511.575,493.375,502.6,9058428.0
2019-02-01 09:15:00,NSE:HCLTECH,505.3,525.0,505.25,521.925,6460222.0
2019-02-04 09:15:00,NSE:HCLTECH,522.5,528.9,520.15,522.4,4133944.0
2019-02-05 09:15:00,NSE:HCLTECH,523.25,527.5,520.75,523.875,2368564.0
2019-02-06 09:15:00,NSE:HCLTECH,525.5,532.475,522.55,527.6,2331000.0
2019-02-07 09:15:00,NSE:HCLTECH,528.0,538.9,528.0,531.45,3251088.0
2019-02-08 09:15:00,NSE:HCLTECH,530.0,538.0,529.025,534.225,3733802.0
2019-02-11 09:15:00,NSE:HCLTECH,534.05,542.0,531.5,539.675,3157886.0
2019-02-12 09:15:00,NSE:HCLTECH,538.0,539.2,526.375,529.4,2788882.0
2019-02-13 09:15:00,NSE:HCLTECH,530.0,536.5,523.525,535.075,2643776.0
2019-02-14 09:15:00,NSE:HCLTECH,535.0,535.0,528.525,530.65,1970720.0
2019-02-15 09:15:00,NSE:HCLTECH,533.1,533.675,520.75,528.625,2492120.0
2019-02-18 09:15:00,NSE:HCLTECH,530.4,536.0,516.25,523.15,2550698.0
2019-02-19 09:15:00,NSE:HCLTECH,524.0,525.6,518.175,519.525,1837440.0
2019-02-20 09:15:00,NSE:HCLTECH,521.175,530.75,513.0,528.975,2558354.0
2019-02-21 09:15:00,NSE:HCLTECH,530.0,530.75,521.3,526.7,2603154.0
2019-02-22 09:15:00,NSE:HCLTECH,522.1,535.25,522.0,533.075,2844492.0
2019-02-25 09:15:00,NSE:HCLTECH,535.3,542.5,531.475,541.125,2340940.0
2019-02-26 09:15:00,NSE:HCLTECH,540.3,547.975,527.475,529.425,3726370.0
2019-02-27 09:15:00,NSE:HCLTECH,530.0,533.0,519.0,530.175,3325110.0
2019-02-28 09:15:00,NSE:HCLTECH,534.975,534.975,523.85,526.95,6661660.0
2019-03-01 09:15:00,NSE:HCLTECH,527.5,530.7,521.875,526.3,2295910.0
2019-03-05 09:15:00,NSE:HCLTECH,528.85,529.9,522.6,526.275,2117558.0
2019-03-06 09:15:00,NSE:HCLTECH,530.3,531.0,519.3,521.625,2807252.0
2019-03-07 09:15:00,NSE:HCLTECH,523.8,525.25,516.0,517.275,2073614.0
2019-03-08 09:15:00,NSE:HCLTECH,514.7,514.975,503.0,504.525,3176094.0
2019-03-11 09:15:00,NSE:HCLTECH,503.5,510.875,500.5,502.2,4547588.0
2019-03-12 09:15:00,NSE:HCLTECH,503.55,509.75,500.025,506.675,4902188.0
2019-03-13 09:15:00,NSE:HCLTECH,509.35,521.5,507.05,514.175,6803340.0
2019-03-14 09:15:00,NSE:HCLTECH,517.5,520.275,502.05,503.375,3793832.0
2019-03-15 09:15:00,NSE:HCLTECH,506.0,516.925,504.4,514.65,5207688.0
2019-03-18 09:15:00,NSE:HCLTECH,516.05,519.975,504.175,506.0,2350054.0
2019-03-19 09:15:00,NSE:HCLTECH,510.05,521.0,506.55,518.1,3242552.0
2019-03-20 09:15:00,NSE:HCLTECH,521.0,527.25,515.75,518.975,4408802.0
2019-03-22 09:15:00,NSE:HCLTECH,519.0,524.0,509.0,512.425,5237090.0
2019-03-25 09:15:00,NSE:HCLTECH,514.5,514.5,505.925,508.825,3055910.0
2019-03-26 09:15:00,NSE:HCLTECH,506.675,521.9,505.75,517.3,3311446.0
2019-03-27 09:15:00,NSE:HCLTECH,510.0,528.175,510.0,521.575,2911690.0
2019-03-28 09:15:00,NSE:HCLTECH,525.7,544.175,525.0,541.45,8627614.0
2019-03-29 09:15:00,NSE:HCLTECH,545.0,549.225,533.825,543.725,5654440.0
2019-04-01 09:15:00,NSE:HCLTECH,545.0,560.0,541.025,555.375,4617730.0
2019-04-02 09:15:00,NSE:HCLTECH,555.0,560.0,546.25,551.3,2787844.0
2019-04-03 09:15:00,NSE:HCLTECH,551.3,566.65,545.775,560.3,5296628.0
2019-04-04 09:15:00,NSE:HCLTECH,559.0,559.025,540.75,549.025,8444208.0
2019-04-05 09:15:00,NSE:HCLTECH,545.175,552.325,542.75,546.4,3409044.0
2019-04-08 09:15:00,NSE:HCLTECH,547.5,550.5,540.475,548.175,4027848.0
2019-04-09 09:15:00,NSE:HCLTECH,548.175,564.425,548.1,559.075,6500982.0
2019-04-10 09:15:00,NSE:HCLTECH,560.0,562.65,548.1,549.35,4826866.0
2019-04-11 09:15:00,NSE:HCLTECH,546.15,550.55,542.5,544.425,3035580.0
2019-04-12 09:15:00,NSE:HCLTECH,544.4,550.425,538.3,541.725,2839484.0
2019-04-15 09:15:00,NSE:HCLTECH,544.5,554.0,542.5,551.625,3868302.0
2019-04-16 09:15:00,NSE:HCLTECH,554.75,558.125,551.175,553.525,2401182.0
2019-04-18 09:15:00,NSE:HCLTECH,554.0,561.95,545.25,551.325,4055238.0
2019-04-22 09:15:00,NSE:HCLTECH,551.75,557.15,547.5,550.55,2230516.0
2019-04-23 09:15:00,NSE:HCLTECH,551.3,555.975,548.3,551.0,2135528.0
2019-04-24 09:15:00,NSE:HCLTECH,551.5,571.05,548.425,569.475,5681646.0
2019-04-25 09:15:00,NSE:HCLTECH,570.5,575.7,564.525,566.85,5361098.0
2019-04-26 09:15:00,NSE:HCLTECH,570.0,584.925,567.5,569.875,3465934.0
2019-04-30 09:15:00,NSE:HCLTECH,570.025,593.8,570.0,591.675,8310400.0
2019-05-02 09:15:00,NSE:HCLTECH,585.0,590.25,578.25,580.025,4226194.0
2019-05-03 09:15:00,NSE:HCLTECH,572.0,574.575,563.125,571.525,5710316.0
2019-05-06 09:15:00,NSE:HCLTECH,569.95,572.2,564.025,568.025,2827130.0
2019-05-07 09:15:00,NSE:HCLTECH,568.675,575.0,558.0,565.875,4689204.0
2019-05-08 09:15:00,NSE:HCLTECH,566.0,570.0,561.2,566.3,2987822.0
2019-05-09 09:15:00,NSE:HCLTECH,562.25,572.5,555.05,568.3,4962690.0
2019-05-10 09:15:00,NSE:HCLTECH,555.5,555.5,536.4,543.325,15535450.0
2019-05-13 09:15:00,NSE:HCLTECH,544.15,550.375,539.0,541.825,3368062.0
2019-05-14 09:15:00,NSE:HCLTECH,541.825,541.825,528.5,533.925,4388014.0
2019-05-15 09:15:00,NSE:HCLTECH,536.475,543.25,531.425,533.725,3240598.0
2019-05-16 09:15:00,NSE:HCLTECH,539.95,540.225,528.025,536.125,2226902.0
2019-05-17 09:15:00,NSE:HCLTECH,537.525,538.5,529.875,531.35,2780046.0
2019-05-20 09:15:00,NSE:HCLTECH,532.5,541.9,525.625,536.775,2380474.0
2019-05-21 09:15:00,NSE:HCLTECH,535.7,537.0,526.325,528.05,1613426.0
2019-05-22 09:15:00,NSE:HCLTECH,528.5,537.5,526.85,530.5,3424864.0
2019-05-23 09:15:00,NSE:HCLTECH,532.0,535.5,525.125,533.2,3884200.0
2019-05-24 09:15:00,NSE:HCLTECH,535.5,537.0,527.05,532.975,4340468.0
2019-05-27 09:15:00,NSE:HCLTECH,536.0,540.5,529.1,532.1,3164414.0
2019-05-28 09:15:00,NSE:HCLTECH,535.5,544.975,527.625,535.65,10631688.0
2019-05-29 09:15:00,NSE:HCLTECH,535.7,547.5,534.1,542.5,4354812.0
2019-05-30 09:15:00,NSE:HCLTECH,544.0,549.175,534.0,539.1,4745448.0
2019-05-31 09:15:00,NSE:HCLTECH,542.5,549.7,540.025,546.275,4255094.0
2019-06-03 09:15:00,NSE:HCLTECH,549.425,559.5,543.575,557.6,3400394.0
2019-06-04 09:15:00,NSE:HCLTECH,556.2,556.7,540.5,542.925,4128970.0
2019-06-06 09:15:00,NSE:HCLTECH,545.0,550.575,537.775,539.6,4701806.0
2019-06-07 09:15:00,NSE:HCLTECH,541.5,543.6,535.625,539.8,3272806.0
2019-06-10 09:15:00,NSE:HCLTECH,543.45,550.9,540.7,545.6,2056008.0
2019-06-11 09:15:00,NSE:HCLTECH,550.0,558.475,546.95,553.95,6485078.0
2019-06-12 09:15:00,NSE:HCLTECH,553.5,555.0,545.65,554.05,3136202.0
2019-06-13 09:15:00,NSE:HCLTECH,551.5,553.05,546.5,550.45,3951850.0
2019-06-14 09:15:00,NSE:HCLTECH,546.55,551.175,542.0,543.5,3467872.0
2019-06-17 09:15:00,NSE:HCLTECH,542.0,543.85,535.75,537.45,2487348.0
2019-06-18 09:15:00,NSE:HCLTECH,537.45,547.075,537.325,544.8,1412162.0
2019-06-19 09:15:00,NSE:HCLTECH,545.05,548.3,538.9,542.05,2437878.0
2019-06-20 09:15:00,NSE:HCLTECH,535.0,545.5,532.825,543.675,1895088.0
2019-06-21 09:15:00,NSE:HCLTECH,546.25,546.325,535.575,538.125,4695110.0
2019-06-24 09:15:00,NSE:HCLTECH,539.5,542.025,534.05,538.95,1350104.0
2019-06-25 09:15:00,NSE:HCLTECH,538.95,540.55,530.075,539.5,2203934.0
2019-06-26 09:15:00,NSE:HCLTECH,536.1,546.325,536.1,539.375,3277734.0
2019-06-27 09:15:00,NSE:HCLTECH,537.15,542.025,529.975,531.375,2776050.0
2019-06-28 09:15:00,NSE:HCLTECH,535.35,537.975,529.35,532.325,2829874.0
2019-07-01 09:15:00,NSE:HCLTECH,533.625,534.95,523.675,524.55,2467696.0
2019-07-02 09:15:00,NSE:HCLTECH,526.5,532.325,521.5,530.0,2014050.0
2019-07-03 09:15:00,NSE:HCLTECH,530.5,532.375,523.8,525.6,1213340.0
2019-07-04 09:15:00,NSE:HCLTECH,524.35,525.6,516.9,520.375,2553038.0
2019-07-05 09:15:00,NSE:HCLTECH,521.95,524.5,506.325,508.2,2514352.0
2019-07-08 09:15:00,NSE:HCLTECH,505.5,522.9,505.025,519.525,4008224.0
2019-07-09 09:15:00,NSE:HCLTECH,516.725,523.9,504.0,510.375,3205934.0
2019-07-10 09:15:00,NSE:HCLTECH,507.0,517.5,506.55,509.45,1731600.0
2019-07-11 09:15:00,NSE:HCLTECH,513.9,513.9,507.525,510.4,1550706.0
2019-07-12 09:15:00,NSE:HCLTECH,508.025,514.85,504.5,511.95,2903286.0
2019-07-15 09:15:00,NSE:HCLTECH,517.225,519.0,510.0,513.75,2633206.0
2019-07-16 09:15:00,NSE:HCLTECH,515.95,516.075,506.725,509.825,3450502.0
2019-07-17 09:15:00,NSE:HCLTECH,512.2,521.5,510.45,520.375,2291110.0
2019-07-18 09:15:00,NSE:HCLTECH,516.7,518.5,508.0,509.275,2608300.0
2019-07-19 09:15:00,NSE:HCLTECH,512.0,515.4,504.6,507.8,2139624.0
2019-07-22 09:15:00,NSE:HCLTECH,507.8,513.625,501.625,509.475,1902156.0
2019-07-23 09:15:00,NSE:HCLTECH,510.325,512.975,503.575,505.475,2011658.0
2019-07-24 09:15:00,NSE:HCLTECH,504.975,512.425,500.75,510.65,2384560.0
2019-07-25 09:15:00,NSE:HCLTECH,510.55,513.825,501.5,505.65,6042040.0
2019-07-26 09:15:00,NSE:HCLTECH,503.85,506.05,498.70001,500.725,2332384.0
2019-07-29 09:15:00,NSE:HCLTECH,502.5,512.0,502.0,507.725,1825826.0
2019-07-30 09:15:00,NSE:HCLTECH,507.5,513.675,505.4,511.8,2134474.0
2019-07-31 09:15:00,NSE:HCLTECH,511.25,518.95,501.475,517.275,3714036.0
2019-08-01 09:15:00,NSE:HCLTECH,514.575,521.225,507.55,510.775,3490012.0
2019-08-02 09:15:00,NSE:HCLTECH,508.5,508.95,496.5,505.25,3544858.0
2019-08-05 09:15:00,NSE:HCLTECH,501.7,508.5,498.54999,505.55,2687280.0
2019-08-06 09:15:00,NSE:HCLTECH,505.55,518.5,501.6,512.1,3174832.0
2019-08-07 09:15:00,NSE:HCLTECH,512.575,522.95,508.225,511.325,3967844.0
2019-08-08 09:15:00,NSE:HCLTECH,517.975,547.5,514.025,544.125,12493298.0
2019-08-09 09:15:00,NSE:HCLTECH,542.4,551.225,538.9,543.15,5645698.0
2019-08-13 09:15:00,NSE:HCLTECH,545.95,545.95,533.675,536.25,2507610.0
2019-08-14 09:15:00,NSE:HCLTECH,534.575,541.7,528.725,538.075,2803920.0
2019-08-16 09:15:00,NSE:HCLTECH,538.45,538.45,525.25,531.375,3108220.0
2019-08-19 09:15:00,NSE:HCLTECH,532.8,538.975,528.825,532.025,1682212.0
2019-08-20 09:15:00,NSE:HCLTECH,533.95,545.4,532.55,542.0,4282308.0
2019-08-21 09:15:00,NSE:HCLTECH,541.475,541.775,533.025,535.075,2555246.0
2019-08-22 09:15:00,NSE:HCLTECH,535.25,543.175,528.025,539.45,2580980.0
2019-08-23 09:15:00,NSE:HCLTECH,539.5,548.725,538.8,543.5,3319154.0
2019-08-26 09:15:00,NSE:HCLTECH,545.8,548.0,531.825,546.425,2314884.0
2019-08-27 09:15:00,NSE:HCLTECH,549.5,550.0,531.9,546.55,6604388.0
2019-08-28 09:15:00,NSE:HCLTECH,548.5,565.0,546.15,561.975,6985284.0
2019-08-29 09:15:00,NSE:HCLTECH,556.5,562.85,555.0,558.875,2948038.0
2019-08-30 09:15:00,NSE:HCLTECH,557.85,557.9,541.6,550.175,6738070.0
2019-09-03 09:15:00,NSE:HCLTECH,553.5,565.3,551.425,554.175,4086894.0
2019-09-04 09:15:00,NSE:HCLTECH,556.175,564.25,551.95,562.825,2425690.0
2019-09-05 09:15:00,NSE:HCLTECH,562.725,562.725,551.875,555.975,2775294.0
2019-09-06 09:15:00,NSE:HCLTECH,557.75,560.575,548.475,550.2,2075686.0
2019-09-09 09:15:00,NSE:HCLTECH,551.0,551.0,540.5,542.2,3521728.0
2019-09-11 09:15:00,NSE:HCLTECH,544.0,547.0,526.3,528.85,5325506.0
2019-09-12 09:15:00,NSE:HCLTECH,528.5,532.225,524.0,527.45,4064734.0
2019-09-13 09:15:00,NSE:HCLTECH,527.45,535.0,526.95,534.25,3091588.0
2019-09-16 09:15:00,NSE:HCLTECH,535.0,539.475,528.5,534.95,3888868.0
2019-09-17 09:15:00,NSE:HCLTECH,534.5,534.5,523.275,527.925,3815108.0
2019-09-18 09:15:00,NSE:HCLTECH,529.825,533.475,525.325,529.225,2572672.0
2019-09-19 09:15:00,NSE:HCLTECH,529.0,529.0,516.125,524.775,3762272.0
2019-09-20 09:15:00,NSE:HCLTECH,526.0,531.775,518.65,524.55,5736082.0
2019-09-23 09:15:00,NSE:HCLTECH,531.5,531.5,508.5,516.45,4733492.0
2019-09-24 09:15:00,NSE:HCLTECH,511.6,525.85,511.5,523.7,5614452.0
2019-09-25 09:15:00,NSE:HCLTECH,524.75,531.0,522.1,526.925,4312820.0
2019-09-26 09:15:00,NSE:HCLTECH,527.0,527.775,516.625,522.575,6062076.0
2019-09-27 09:15:00,NSE:HCLTECH,522.75,526.8,517.05,520.525,4458334.0
2019-09-30 09:15:00,NSE:HCLTECH,522.0,548.25,521.525,540.3,8559586.0
2019-10-01 09:15:00,NSE:HCLTECH,540.5,540.5,526.6,529.775,4190696.0
2019-10-03 09:15:00,NSE:HCLTECH,529.0,545.0,527.075,538.4,3435302.0
2019-10-04 09:15:00,NSE:HCLTECH,538.0,540.9,532.325,539.55,2694188.0
2019-10-07 09:15:00,NSE:HCLTECH,542.875,545.5,534.45,537.2,1910498.0
2019-10-09 09:15:00,NSE:HCLTECH,535.025,536.975,520.075,525.55,3750540.0
2019-10-10 09:15:00,NSE:HCLTECH,525.525,533.05,520.7,531.75,2707552.0
2019-10-11 09:15:00,NSE:HCLTECH,525.0,545.0,524.0,539.75,4312780.0
2019-10-14 09:15:00,NSE:HCLTECH,541.2,549.9,537.0,543.4,2781204.0
2019-10-15 09:15:00,NSE:HCLTECH,544.55,549.575,539.725,542.25,3002070.0
2019-10-16 09:15:00,NSE:HCLTECH,544.5,553.5,541.55,550.45,3018788.0
2019-10-17 09:15:00,NSE:HCLTECH,550.0,551.1,542.275,546.525,1552278.0
2019-10-18 09:15:00,NSE:HCLTECH,547.475,552.725,544.2,547.75,1647630.0
2019-10-22 09:15:00,NSE:HCLTECH,545.1,547.95,525.75,532.225,5502486.0
2019-10-23 09:15:00,NSE:HCLTECH,535.0,551.975,534.0,547.575,7829074.0
2019-10-24 09:15:00,NSE:HCLTECH,577.55,579.5,555.25,559.525,13502160.0
2019-10-25 09:15:00,NSE:HCLTECH,560.5,569.825,549.05,565.25,4891140.0
2019-10-29 09:15:00,NSE:HCLTECH,565.45,572.925,563.975,569.875,3218206.0
2019-10-30 09:15:00,NSE:HCLTECH,575.0,575.0,569.1,573.375,2441752.0
2019-10-31 09:15:00,NSE:HCLTECH,572.875,585.0,569.275,581.375,5848998.0
2019-11-01 09:15:00,NSE:HCLTECH,579.45,583.5,571.7,576.0,2131710.0
2019-11-04 09:15:00,NSE:HCLTECH,580.025,583.15,576.025,577.95,3022168.0
2019-11-05 09:15:00,NSE:HCLTECH,578.05,580.3,571.675,579.35,2878100.0
2019-11-06 09:15:00,NSE:HCLTECH,580.0,580.025,570.6,574.175,4576658.0
2019-11-07 09:15:00,NSE:HCLTECH,574.5,577.1,568.05,574.225,2538638.0
2019-11-08 09:15:00,NSE:HCLTECH,574.175,582.2,573.05,575.05,4026580.0
2019-11-11 09:15:00,NSE:HCLTECH,575.0,576.85,565.1,572.975,1906640.0
2019-11-13 09:15:00,NSE:HCLTECH,575.0,578.05,567.35,569.3,3378350.0
2019-11-14 09:15:00,NSE:HCLTECH,570.75,578.7,567.55,573.9,2540924.0
2019-11-15 09:15:00,NSE:HCLTECH,575.475,579.9,570.0,571.15,3061712.0
2019-11-18 09:15:00,NSE:HCLTECH,574.0,574.85,569.4,570.55,2484314.0
2019-11-19 09:15:00,NSE:HCLTECH,569.5,571.75,564.325,567.325,2365020.0
2019-11-20 09:15:00,NSE:HCLTECH,567.5,568.85,562.75,566.4,2225036.0
2019-11-21 09:15:00,NSE:HCLTECH,569.3,574.25,565.775,568.3,3876184.0
2019-11-22 09:15:00,NSE:HCLTECH,565.225,567.475,554.475,557.375,2597928.0
2019-11-25 09:15:00,NSE:HCLTECH,558.5,563.05,553.025,562.375,1693202.0
2019-11-26 09:15:00,NSE:HCLTECH,563.25,567.25,549.225,554.025,6459924.0
2019-11-27 09:15:00,NSE:HCLTECH,554.5,567.2,554.5,564.125,3354312.0
2019-11-28 09:15:00,NSE:HCLTECH,569.5,571.7,562.75,566.325,2413116.0
2019-11-29 09:15:00,NSE:HCLTECH,568.0,568.425,562.55,563.825,2387702.0
2019-12-02 09:15:00,NSE:HCLTECH,569.5,569.5,561.75,562.65,2995916.0
2019-12-03 09:15:00,NSE:HCLTECH,564.975,565.5,560.5,562.275,3567662.0
2019-12-04 09:15:00,NSE:HCLTECH,563.5,565.0,558.225,562.75,5903136.0
2019-12-05 09:15:00,NSE:HCLTECH,563.79999,567.65002,557.15002,560.90002,2683884.0
2019-12-06 09:15:00,NSE:HCLTECH,563.90002,567.04999,558.65002,560.29999,1659752.0
2019-12-09 09:15:00,NSE:HCLTECH,562.54999,563.20001,547.0,552.04999,2192234.0
2019-12-10 09:15:00,NSE:HCLTECH,552.04999,554.90002,541.79999,544.45001,1628853.0
2019-12-11 09:15:00,NSE:HCLTECH,545.0,549.90002,539.45001,543.79999,2387958.0
2019-12-12 09:15:00,NSE:HCLTECH,547.29999,547.79999,535.04999,536.34998,2061911.0
2019-12-13 09:15:00,NSE:HCLTECH,538.0,545.0,536.79999,543.15002,2889796.0
2019-12-16 09:15:00,NSE:HCLTECH,546.0,554.95001,545.04999,552.20001,4590144.0
2019-12-17 09:15:00,NSE:HCLTECH,555.5,559.0,552.5,557.75,3852266.0
2019-12-18 09:15:00,NSE:HCLTECH,560.0,566.95001,559.0,564.70001,4618387.0
2019-12-19 09:15:00,NSE:HCLTECH,565.5,574.0,564.75,569.5,3465644.0
2019-12-20 09:15:00,NSE:HCLTECH,573.5,573.75,565.5,569.90002,3135806.0
2019-12-23 09:15:00,NSE:HCLTECH,567.5,575.54999,566.54999,570.95001,1591463.0
2019-12-24 09:15:00,NSE:HCLTECH,572.0,572.65002,559.29999,560.54999,2354963.0
2019-12-26 09:15:00,NSE:HCLTECH,561.65002,565.0,559.54999,560.5,1848547.0
2019-12-27 09:15:00,NSE:HCLTECH,562.95001,569.0,557.0,567.54999,2786795.0
2019-12-30 09:15:00,NSE:HCLTECH,567.0,577.5,564.25,569.29999,1800754.0
2019-12-31 09:15:00,NSE:HCLTECH,569.09998,571.5,565.04999,568.09998,1838808.0
2020-01-01 09:15:00,NSE:HCLTECH,569.40002,572.90002,566.84998,571.95001,918373.0
2020-01-02 09:15:00,NSE:HCLTECH,572.54999,575.0,570.5,573.54999,1075642.0
2020-01-03 09:15:00,NSE:HCLTECH,574.0,588.5,572.84998,585.04999,3269446.0
2020-01-06 09:15:00,NSE:HCLTECH,585.0,592.20001,579.45001,582.0,3589985.0
2020-01-07 09:15:00,NSE:HCLTECH,582.0,587.75,579.04999,584.25,3179728.0
2020-01-08 09:15:00,NSE:HCLTECH,583.0,593.0,578.0,585.75,3593096.0
2020-01-09 09:15:00,NSE:HCLTECH,586.0,588.15002,579.25,580.29999,2313648.0
2020-01-10 09:15:00,NSE:HCLTECH,582.0,589.79999,577.40002,580.34998,2049636.0
2020-01-13 09:15:00,NSE:HCLTECH,583.95001,590.0,581.0,586.5,4096054.0
2020-01-14 09:15:00,NSE:HCLTECH,587.20001,597.40002,587.15002,594.29999,3395378.0
2020-01-15 09:15:00,NSE:HCLTECH,597.0,598.29999,591.70001,595.75,2348102.0
2020-01-16 09:15:00,NSE:HCLTECH,597.0,598.29999,586.75,593.25,2107442.0
2020-01-17 09:15:00,NSE:HCLTECH,585.0,602.0,585.0,598.79999,4555694.0
2020-01-20 09:15:00,NSE:HCLTECH,618.0,618.0,584.09998,589.25,10272118.0
2020-01-21 09:15:00,NSE:HCLTECH,589.29999,593.25,582.34998,584.04999,2640668.0
2020-01-22 09:15:00,NSE:HCLTECH,585.20001,595.0,581.5,590.65002,4402650.0
2020-01-23 09:15:00,NSE:HCLTECH,590.09998,599.95001,587.0,598.95001,6089397.0
2020-01-24 09:15:00,NSE:HCLTECH,599.0,609.0,595.5,607.70001,3551260.0
2020-01-27 09:15:00,NSE:HCLTECH,607.70001,608.0,601.75,604.34998,2450421.0
2020-01-28 09:15:00,NSE:HCLTECH,607.29999,607.34998,592.59998,601.45001,5330709.0
2020-01-29 09:15:00,NSE:HCLTECH,605.0,611.5,602.20001,608.84998,4281329.0
2020-01-30 09:15:00,NSE:HCLTECH,612.0,613.84998,603.65002,607.84998,3334901.0
2020-01-31 09:15:00,NSE:HCLTECH,607.84998,608.90002,589.59998,591.40002,3590768.0
2020-02-01 09:15:00,NSE:HCLTECH,591.40002,597.70001,580.75,590.90002,941425.0
2020-02-03 09:15:00,NSE:HCLTECH,591.40002,593.65002,577.5,579.09998,4024193.0
2020-02-04 09:15:00,NSE:HCLTECH,583.0,589.25,582.5,586.5,3246094.0
2020-02-05 09:15:00,NSE:HCLTECH,589.40002,598.5,586.0,595.59998,3006324.0
2020-02-06 09:15:00,NSE:HCLTECH,598.95001,613.0,598.0,599.70001,4704968.0
2020-02-07 09:15:00,NSE:HCLTECH,601.65002,609.20001,599.15002,607.70001,2865379.0
2020-02-10 09:15:00,NSE:HCLTECH,608.90002,611.54999,601.65002,604.90002,2286213.0
2020-02-11 09:15:00,NSE:HCLTECH,606.0,613.75,605.70001,610.65002,2458748.0
2020-02-12 09:15:00,NSE:HCLTECH,613.0,620.5,610.29999,614.09998,4873027.0
2020-02-13 09:15:00,NSE:HCLTECH,612.0,613.95001,604.04999,612.45001,2090363.0
2020-02-14 09:15:00,NSE:HCLTECH,612.45001,623.25,612.25,621.65002,3650630.0
2020-02-17 09:15:00,NSE:HCLTECH,623.0,623.5,612.34998,613.45001,2190578.0
2020-02-18 09:15:00,NSE:HCLTECH,613.45001,615.79999,605.15002,607.04999,5237465.0
2020-02-19 09:15:00,NSE:HCLTECH,614.45001,618.25,604.0,605.75,3799862.0
2020-02-20 09:15:00,NSE:HCLTECH,611.0,612.95001,605.15002,608.04999,4820313.0
2020-02-24 09:15:00,NSE:HCLTECH,608.0,609.0,591.5,595.15002,4070143.0
2020-02-25 09:15:00,NSE:HCLTECH,595.5,595.70001,575.0,582.45001,5525575.0
2020-02-26 09:15:00,NSE:HCLTECH,576.90002,589.04999,575.5,583.59998,5460070.0
2020-02-27 09:15:00,NSE:HCLTECH,582.09998,582.40002,568.0,573.04999,4078174.0
2020-02-28 09:15:00,NSE:HCLTECH,560.0,564.0,531.20001,534.34998,7894806.0
2020-03-02 09:15:00,NSE:HCLTECH,541.04999,565.84998,537.84998,549.70001,8175982.0
2020-03-03 09:15:00,NSE:HCLTECH,556.0,568.75,555.0,565.04999,4682284.0
2020-03-04 09:15:00,NSE:HCLTECH,569.0,575.40002,561.0,563.09998,5175180.0
2020-03-05 09:15:00,NSE:HCLTECH,568.0,581.90002,563.15002,576.40002,6061347.0
2020-03-06 09:15:00,NSE:HCLTECH,570.0,573.95001,559.54999,566.20001,3288548.0
2020-03-09 09:15:00,NSE:HCLTECH,555.0,558.0,536.45001,540.45001,3699831.0
2020-03-11 09:15:00,NSE:HCLTECH,526.75,542.65002,514.0,536.79999,4850036.0
2020-03-12 09:15:00,NSE:HCLTECH,521.0,527.79999,486.35001,493.35001,5321420.0
2020-03-13 09:15:00,NSE:HCLTECH,460.0,517.25,395.95001,492.89999,6859998.0
2020-03-16 09:15:00,NSE:HCLTECH,469.0,479.79999,446.85001,450.70001,5281596.0
2020-03-17 09:15:00,NSE:HCLTECH,450.0,478.60001,443.35001,450.64999,5148569.0
2020-03-18 09:15:00,NSE:HCLTECH,455.0,464.79999,429.04999,434.25,4936460.0
2020-03-19 09:15:00,NSE:HCLTECH,418.89999,434.60001,375.25,413.45001,9270054.0
2020-03-20 09:15:00,NSE:HCLTECH,413.5,461.95001,411.85001,444.89999,11916337.0
2020-03-23 09:15:00,NSE:HCLTECH,415.0,444.0,400.45001,417.14999,9525670.0
2020-03-24 09:15:00,NSE:HCLTECH,413.0,458.85001,411.85001,442.04999,9915954.0
2020-03-25 09:15:00,NSE:HCLTECH,432.0,468.0,417.75,457.60001,11976272.0
2020-03-26 09:15:00,NSE:HCLTECH,461.10001,466.75,441.10001,447.70001,9504717.0
2020-03-27 09:15:00,NSE:HCLTECH,450.25,457.45001,420.5,430.64999,9151132.0
2020-03-30 09:15:00,NSE:HCLTECH,410.0,438.64999,410.0,419.0,6325701.0
2020-03-31 09:15:00,NSE:HCLTECH,433.20001,449.39999,425.29999,436.39999,6381824.0
2020-04-01 09:15:00,NSE:HCLTECH,433.0,433.20001,408.20001,413.54999,8136746.0
2020-04-03 09:15:00,NSE:HCLTECH,418.89999,428.60001,399.29999,405.79999,8166456.0
2020-04-07 09:15:00,NSE:HCLTECH,425.0,457.95001,425.0,451.14999,5972948.0
2020-04-08 09:15:00,NSE:HCLTECH,451.0,476.79999,449.0,463.10001,7991062.0
2020-04-09 09:15:00,NSE:HCLTECH,480.70001,481.0,462.0,469.04999,5069246.0
2020-04-13 09:15:00,NSE:HCLTECH,470.0,471.0,454.0,458.25,2236731.0
2020-04-15 09:15:00,NSE:HCLTECH,470.0,482.0,462.70001,478.75,6333192.0
2020-04-16 09:15:00,NSE:HCLTECH,473.0,476.0,456.70001,459.75,10484847.0
2020-04-17 09:15:00,NSE:HCLTECH,470.0,475.0,453.64999,455.25,4706460.0
2020-04-20 09:15:00,NSE:HCLTECH,458.0,473.60001,453.5,470.0,4801120.0
2020-04-21 09:15:00,NSE:HCLTECH,458.0,464.95001,447.85001,455.70001,3405204.0
2020-04-22 09:15:00,NSE:HCLTECH,453.0,469.45001,450.0,462.39999,3768051.0
2020-04-23 09:15:00,NSE:HCLTECH,465.0,480.75,462.39999,477.70001,3054988.0
2020-04-24 09:15:00,NSE:HCLTECH,480.0,496.89999,465.14999,468.10001,6738441.0
2020-04-27 09:15:00,NSE:HCLTECH,473.10001,485.70001,467.25,483.10001,2914600.0
2020-04-28 09:15:00,NSE:HCLTECH,489.0,489.0,469.45001,471.10001,4262239.0
2020-04-29 09:15:00,NSE:HCLTECH,474.79999,501.0,470.20001,491.75,3849156.0
2020-04-30 09:15:00,NSE:HCLTECH,506.5,565.5,501.0,543.54999,8035698.0
2020-05-04 09:15:00,NSE:HCLTECH,527.5,527.5,508.20001,514.25,7032553.0
2020-05-05 09:15:00,NSE:HCLTECH,526.0,529.90002,515.65002,520.40002,4592833.0
2020-05-06 09:15:00,NSE:HCLTECH,512.20001,526.70001,506.20001,519.09998,6921536.0
2020-05-07 09:15:00,NSE:HCLTECH,530.0,541.79999,507.54999,511.75,19998942.0
2020-05-08 09:15:00,NSE:HCLTECH,520.84998,522.5,502.39999,518.40002,10120968.0
2020-05-11 09:15:00,NSE:HCLTECH,526.0,534.90002,521.20001,527.54999,4425560.0
2020-05-12 09:15:00,NSE:HCLTECH,525.45001,540.0,520.0,527.40002,6440027.0
2020-05-13 09:15:00,NSE:HCLTECH,539.84998,539.84998,521.54999,528.75,3503019.0
2020-05-14 09:15:00,NSE:HCLTECH,519.40002,527.54999,514.34998,517.45001,3741679.0
2020-05-15 09:15:00,NSE:HCLTECH,517.95001,517.95001,505.25,511.25,4895771.0
2020-05-18 09:15:00,NSE:HCLTECH,514.70001,518.65002,507.5,510.75,5159670.0
2020-05-19 09:15:00,NSE:HCLTECH,512.0,520.5,506.20001,518.25,3967055.0
2020-05-20 09:15:00,NSE:HCLTECH,515.04999,528.65002,515.0,526.75,3138733.0
2020-05-21 09:15:00,NSE:HCLTECH,529.79999,537.5,523.40002,534.84998,4523685.0
2020-05-22 09:15:00,NSE:HCLTECH,533.65002,535.0,523.0,530.40002,6410485.0
2020-05-26 09:15:00,NSE:HCLTECH,530.0,536.5,520.25,524.0,4055697.0
2020-05-27 09:15:00,NSE:HCLTECH,529.70001,533.90002,516.0,530.95001,4828848.0
2020-05-28 09:15:00,NSE:HCLTECH,531.0,546.0,523.0,542.65002,4492817.0
2020-05-29 09:15:00,NSE:HCLTECH,540.0,555.0,536.70001,550.25,7853814.0
2020-06-01 09:15:00,NSE:HCLTECH,557.0,573.40002,555.5,559.75,4503607.0
2020-06-02 09:15:00,NSE:HCLTECH,559.29999,567.75,550.0,560.20001,2930073.0
2020-06-03 09:15:00,NSE:HCLTECH,564.0,568.40002,557.0,562.79999,4202273.0
2020-06-04 09:15:00,NSE:HCLTECH,565.0,583.70001,559.0,578.95001,5315354.0
2020-06-05 09:15:00,NSE:HCLTECH,585.0,587.15002,572.5,575.95001,3995825.0
2020-06-08 09:15:00,NSE:HCLTECH,579.15002,583.5,571.04999,578.25,3772143.0
2020-06-09 09:15:00,NSE:HCLTECH,574.15002,583.59998,570.0,572.84998,3812757.0
2020-06-10 09:15:00,NSE:HCLTECH,575.0,587.5,573.59998,578.70001,6491758.0
2020-06-11 09:15:00,NSE:HCLTECH,580.0,584.90002,574.09998,578.04999,4975680.0
2020-06-12 09:15:00,NSE:HCLTECH,555.20001,578.70001,555.20001,570.75,6624056.0
2020-06-15 09:15:00,NSE:HCLTECH,574.79999,581.0,563.70001,578.95001,3787100.0
2020-06-16 09:15:00,NSE:HCLTECH,585.0,593.5,578.40002,580.90002,4728409.0
2020-06-17 09:15:00,NSE:HCLTECH,580.0,581.84998,573.0,575.84998,3572362.0
2020-06-18 09:15:00,NSE:HCLTECH,571.20001,583.79999,570.09998,578.95001,1918329.0
2020-06-19 09:15:00,NSE:HCLTECH,574.0,578.0,567.20001,569.59998,6182630.0
2020-06-22 09:15:00,NSE:HCLTECH,575.0,576.65002,565.40002,569.59998,2666303.0
2020-06-23 09:15:00,NSE:HCLTECH,569.70001,583.5,563.75,580.25,4522086.0
2020-06-24 09:15:00,NSE:HCLTECH,575.0,579.79999,554.40002,559.59998,5339903.0
2020-06-25 09:15:00,NSE:HCLTECH,557.59998,560.70001,548.0,550.04999,6353508.0
2020-06-26 09:15:00,NSE:HCLTECH,550.04999,573.90002,545.0,562.40002,7034881.0
2020-06-29 09:15:00,NSE:HCLTECH,562.0,565.90002,550.29999,553.70001,3857756.0
2020-06-30 09:15:00,NSE:HCLTECH,558.0,560.79999,553.25,556.84998,3110587.0
2020-07-01 09:15:00,NSE:HCLTECH,557.95001,559.59998,551.0,551.75,3004728.0
2020-07-02 09:15:00,NSE:HCLTECH,555.0,572.40002,552.90002,569.20001,5243654.0
2020-07-03 09:15:00,NSE:HCLTECH,572.0,580.54999,570.59998,579.15002,3735600.0
2020-07-06 09:15:00,NSE:HCLTECH,579.15002,589.0,577.25,578.70001,3288423.0
2020-07-07 09:15:00,NSE:HCLTECH,582.0,594.45001,575.15002,592.04999,7255520.0
2020-07-08 09:15:00,NSE:HCLTECH,594.75,594.75,573.0,574.90002,4625061.0
2020-07-09 09:15:00,NSE:HCLTECH,575.65002,591.59998,575.0,588.25,4807935.0
2020-07-10 09:15:00,NSE:HCLTECH,588.25,588.54999,579.84998,582.25,2376908.0
2020-07-13 09:15:00,NSE:HCLTECH,585.0,605.0,583.34998,602.59998,5443995.0
2020-07-14 09:15:00,NSE:HCLTECH,604.59998,613.75,588.09998,591.34998,6212718.0
2020-07-15 09:15:00,NSE:HCLTECH,593.65002,627.95001,592.5,615.20001,9928037.0
2020-07-16 09:15:00,NSE:HCLTECH,630.0,652.20001,607.15002,627.75,20771278.0
2020-07-17 09:15:00,NSE:HCLTECH,629.5,644.65002,613.40002,623.15002,26830689.0
2020-07-20 09:15:00,NSE:HCLTECH,633.0,652.0,626.84998,648.59998,10543170.0
2020-07-21 09:15:00,NSE:HCLTECH,652.0,662.34998,643.29999,652.34998,8801064.0
2020-07-22 09:15:00,NSE:HCLTECH,657.0,658.0,643.09998,650.15002,3837969.0
2020-07-23 09:15:00,NSE:HCLTECH,650.0,656.95001,643.54999,652.84998,3173126.0
2020-07-24 09:15:00,NSE:HCLTECH,641.0,684.79999,640.90002,679.95001,12365729.0
2020-07-27 09:15:00,NSE:HCLTECH,684.0,704.40002,676.5,701.09998,11349061.0
2020-07-28 09:15:00,NSE:HCLTECH,702.0,716.04999,695.70001,712.45001,8469643.0
2020-07-29 09:15:00,NSE:HCLTECH,710.0,710.75,692.5,694.40002,7142688.0
2020-07-30 09:15:00,NSE:HCLTECH,698.0,712.54999,692.65002,695.45001,7966921.0
2020-07-31 09:15:00,NSE:HCLTECH,701.84998,716.70001,696.0,705.20001,6322672.0
2020-08-03 09:15:00,NSE:HCLTECH,709.09998,718.0,700.54999,705.95001,5546348.0
2020-08-04 09:15:00,NSE:HCLTECH,709.5,711.0,687.04999,692.65002,6683186.0
2020-08-05 09:15:00,NSE:HCLTECH,692.65002,702.40002,681.0,688.40002,6052234.0
2020-08-06 09:15:00,NSE:HCLTECH,692.0,707.59998,686.40002,704.90002,5133012.0
2020-08-07 09:15:00,NSE:HCLTECH,699.90002,699.90002,685.0,690.29999,7371589.0
2020-08-10 09:15:00,NSE:HCLTECH,694.95001,694.95001,685.09998,692.04999,3769575.0
2020-08-11 09:15:00,NSE:HCLTECH,694.0,700.95001,681.5,683.79999,3956472.0
2020-08-12 09:15:00,NSE:HCLTECH,680.59998,719.0,677.04999,717.09998,13085422.0
2020-08-13 09:15:00,NSE:HCLTECH,717.0,729.0,713.04999,724.59998,8850424.0
2020-08-14 09:15:00,NSE:HCLTECH,727.90002,727.90002,707.25,709.09998,3887303.0
2020-08-17 09:15:00,NSE:HCLTECH,711.09998,720.79999,709.25,718.84998,3344102.0
2020-08-18 09:15:00,NSE:HCLTECH,718.95001,721.70001,712.40002,714.45001,3634311.0
2020-08-19 09:15:00,NSE:HCLTECH,713.79999,714.20001,705.0,709.84998,4858027.0
2020-08-20 09:15:00,NSE:HCLTECH,708.5,715.84998,706.04999,710.09998,3025769.0
2020-08-21 09:15:00,NSE:HCLTECH,715.0,715.0,702.70001,705.90002,4164686.0
2020-08-24 09:15:00,NSE:HCLTECH,706.04999,708.45001,695.59998,705.70001,4066936.0
2020-08-25 09:15:00,NSE:HCLTECH,705.0,711.54999,694.70001,701.59998,3982510.0
2020-08-26 09:15:00,NSE:HCLTECH,704.70001,717.75,697.0,712.79999,4511551.0
2020-08-27 09:15:00,NSE:HCLTECH,713.54999,720.0,706.5,710.15002,3917059.0
2020-08-28 09:15:00,NSE:HCLTECH,713.70001,716.65002,703.20001,706.45001,5416682.0
2020-08-31 09:15:00,NSE:HCLTECH,705.0,725.0,686.0,694.40002,7787176.0
2020-09-01 09:15:00,NSE:HCLTECH,695.0,704.0,682.40002,689.59998,6377322.0
2020-09-02 09:15:00,NSE:HCLTECH,689.90002,704.79999,689.09998,701.95001,4090511.0
2020-09-03 09:15:00,NSE:HCLTECH,704.79999,716.40002,697.59998,706.75,5468161.0
2020-09-04 09:15:00,NSE:HCLTECH,695.15002,704.5,692.04999,700.79999,3354844.0
2020-09-07 09:15:00,NSE:HCLTECH,696.34998,712.40002,689.04999,708.79999,4238823.0
2020-09-08 09:15:00,NSE:HCLTECH,708.79999,738.90002,703.20001,725.90002,11522742.0
2020-09-09 09:15:00,NSE:HCLTECH,712.09998,730.90002,710.20001,721.95001,5514179.0
2020-09-10 09:15:00,NSE:HCLTECH,728.65002,728.95001,713.79999,722.40002,3366359.0
2020-09-11 09:15:00,NSE:HCLTECH,712.0,734.0,710.15002,721.65002,7221687.0
2020-09-14 09:15:00,NSE:HCLTECH,745.0,825.09998,744.15002,794.95001,32312531.0
2020-09-15 09:15:00,NSE:HCLTECH,791.04999,809.84998,783.04999,792.70001,14024787.0
2020-09-16 09:15:00,NSE:HCLTECH,790.04999,796.29999,779.25,789.25,7471542.0
2020-09-17 09:15:00,NSE:HCLTECH,794.95001,817.5,789.5,808.29999,19972987.0
2020-09-18 09:15:00,NSE:HCLTECH,808.29999,824.0,804.0,810.59998,8847758.0
2020-09-21 09:15:00,NSE:HCLTECH,823.0,849.90002,793.45001,802.59998,24911675.0
2020-09-22 09:15:00,NSE:HCLTECH,813.95001,831.5,790.54999,821.0,21882919.0
2020-09-23 09:15:00,NSE:HCLTECH,832.0,844.79999,810.15002,814.09998,18070371.0
2020-09-24 09:15:00,NSE:HCLTECH,811.0,811.45001,784.0,788.29999,10553632.0
2020-09-25 09:15:00,NSE:HCLTECH,795.25,836.0,792.59998,827.70001,19813372.0
2020-09-28 09:15:00,NSE:HCLTECH,838.40002,844.75,820.79999,835.25,11146342.0
2020-09-29 09:15:00,NSE:HCLTECH,837.40002,841.09998,810.20001,812.75,10554255.0
2020-09-30 09:15:00,NSE:HCLTECH,818.0,820.5,807.09998,811.59998,9470277.0
2020-10-01 09:15:00,NSE:HCLTECH,819.90002,820.95001,811.20001,812.95001,4321350.0
2020-10-05 09:15:00,NSE:HCLTECH,828.79999,839.20001,815.09998,824.20001,11890211.0
2020-10-06 09:15:00,NSE:HCLTECH,830.0,834.5,822.70001,829.15002,7848520.0
2020-10-07 09:15:00,NSE:HCLTECH,830.0,830.59998,823.0,828.04999,6980002.0
2020-10-08 09:15:00,NSE:HCLTECH,857.5,879.0,844.5,849.54999,25860578.0
2020-10-09 09:15:00,NSE:HCLTECH,852.90002,862.5,849.29999,855.75,7286954.0
2020-10-12 09:15:00,NSE:HCLTECH,860.79999,871.95001,857.15002,865.79999,8717565.0
2020-10-13 09:15:00,NSE:HCLTECH,866.29999,906.59998,863.29999,900.40002,18948688.0
2020-10-14 09:15:00,NSE:HCLTECH,904.0,910.70001,882.0,890.45001,15441223.0
2020-10-15 09:15:00,NSE:HCLTECH,899.95001,903.70001,833.45001,860.0,15648849.0
2020-10-16 09:15:00,NSE:HCLTECH,859.0,877.0,820.59998,827.15002,28983265.0
2020-10-19 09:15:00,NSE:HCLTECH,839.79999,861.70001,833.0,844.75,15671737.0
2020-10-20 09:15:00,NSE:HCLTECH,846.95001,886.0,843.59998,879.65002,21564064.0
2020-10-21 09:15:00,NSE:HCLTECH,881.0,891.65002,860.0,871.04999,11162084.0
2020-10-22 09:15:00,NSE:HCLTECH,858.90002,878.0,851.54999,866.25,9607800.0
2020-10-23 09:15:00,NSE:HCLTECH,871.0,875.45001,850.59998,852.45001,5447502.0
2020-10-26 09:15:00,NSE:HCLTECH,853.0,860.90002,842.04999,847.79999,6614014.0
2020-10-27 09:15:00,NSE:HCLTECH,848.95001,857.45001,838.70001,847.25,5807905.0
2020-10-28 09:15:00,NSE:HCLTECH,852.0,852.0,821.59998,829.59998,6853043.0
2020-10-29 09:15:00,NSE:HCLTECH,825.0,842.5,818.95001,840.04999,6691023.0
2020-10-30 09:15:00,NSE:HCLTECH,842.79999,859.70001,833.0,841.95001,8727295.0
2020-11-02 09:15:00,NSE:HCLTECH,841.95001,843.84998,819.20001,822.40002,5953172.0
2020-11-03 09:15:00,NSE:HCLTECH,828.0,832.0,812.34998,814.04999,7011687.0
2020-11-04 09:15:00,NSE:HCLTECH,812.20001,841.75,810.59998,815.15002,10077502.0
2020-11-05 09:15:00,NSE:HCLTECH,834.0,851.09998,830.04999,842.90002,8903859.0
2020-11-06 09:15:00,NSE:HCLTECH,846.0,855.79999,836.40002,850.09998,5871913.0
2020-11-09 09:15:00,NSE:HCLTECH,866.79999,872.79999,847.09998,855.0,7505062.0
2020-11-10 09:15:00,NSE:HCLTECH,848.5,848.5,805.75,809.70001,10397497.0
2020-11-11 09:15:00,NSE:HCLTECH,813.0,829.0,805.34998,826.04999,9779484.0
2020-11-12 09:15:00,NSE:HCLTECH,827.15002,837.0,822.0,824.70001,4699639.0
2020-11-13 09:15:00,NSE:HCLTECH,822.90002,831.45001,818.15002,828.09998,3918289.0
2020-11-14 18:00:00,NSE:HCLTECH,834.0,834.0,829.0,830.5,475390.0
2020-11-17 09:15:00,NSE:HCLTECH,837.95001,837.95001,814.0,815.0,5977903.0
2020-11-18 09:15:00,NSE:HCLTECH,819.0,819.90002,800.25,814.29999,5816221.0
2020-11-19 09:15:00,NSE:HCLTECH,815.0,820.45001,803.0,804.54999,7170339.0
2020-11-20 09:15:00,NSE:HCLTECH,813.95001,823.5,804.0,819.25,7455575.0
2020-11-23 09:15:00,NSE:HCLTECH,825.0,842.0,816.25,839.20001,7116516.0
2020-11-24 09:15:00,NSE:HCLTECH,843.90002,857.40002,835.34998,840.5,8465615.0
2020-11-25 09:15:00,NSE:HCLTECH,840.5,846.0,822.5,824.70001,5610232.0
2020-11-26 09:15:00,NSE:HCLTECH,824.09998,845.0,819.59998,842.04999,8414555.0
2020-11-27 09:15:00,NSE:HCLTECH,842.0,847.79999,814.34998,822.09998,11723771.0
2020-12-01 09:15:00,NSE:HCLTECH,824.0,835.70001,815.09998,834.09998,8078785.0
2020-12-02 09:15:00,NSE:HCLTECH,836.15002,847.45001,831.29999,843.15002,7062229.0
2020-12-03 09:15:00,NSE:HCLTECH,848.5,864.0,843.29999,862.20001,9633229.0
2020-12-04 09:15:00,NSE:HCLTECH,866.0,867.84998,854.45001,858.5,5577388.0
2020-12-07 09:15:00,NSE:HCLTECH,858.0,859.95001,850.40002,855.29999,5314265.0
2020-12-08 09:15:00,NSE:HCLTECH,859.0,875.70001,856.0,863.79999,8722526.0
2020-12-09 09:15:00,NSE:HCLTECH,866.09998,880.0,864.09998,870.54999,5952003.0
2020-12-10 09:15:00,NSE:HCLTECH,870.54999,877.79999,865.0,866.75,4641898.0
2020-12-11 09:15:00,NSE:HCLTECH,871.0,881.79999,855.20001,862.25,5637035.0
2020-12-14 09:15:00,NSE:HCLTECH,866.09998,875.65002,858.09998,873.0,5143894.0
2020-12-15 09:15:00,NSE:HCLTECH,874.70001,889.0,870.0,886.0,7527270.0
2020-12-16 09:15:00,NSE:HCLTECH,886.25,892.0,878.45001,885.04999,4378179.0
2020-12-17 09:15:00,NSE:HCLTECH,887.0,887.0,877.0,879.34998,4863371.0
2020-12-18 09:15:00,NSE:HCLTECH,894.75,905.0,886.65002,890.65002,11568187.0
2020-12-21 09:15:00,NSE:HCLTECH,886.65002,910.5,850.0,870.45001,8875855.0
2020-12-22 09:15:00,NSE:HCLTECH,879.15002,919.25,872.0,913.79999,10251896.0
2020-12-23 09:15:00,NSE:HCLTECH,920.0,935.0,914.79999,922.59998,10723068.0
2020-12-24 09:15:00,NSE:HCLTECH,927.95001,928.25,910.70001,919.34998,4390561.0
2020-12-28 09:15:00,NSE:HCLTECH,925.0,927.5,913.5,921.79999,3884750.0
2020-12-29 09:15:00,NSE:HCLTECH,929.0,945.0,925.25,935.90002,6760167.0
2020-12-30 09:15:00,NSE:HCLTECH,938.0,950.0,931.0,940.70001,6382809.0
2020-12-31 09:15:00,NSE:HCLTECH,939.04999,949.84998,935.0,946.15002,3468390.0
2021-01-01 09:15:00,NSE:HCLTECH,942.0,955.5,942.0,950.5,3142822.0
2021-01-04 09:15:00,NSE:HCLTECH,959.0,984.70001,952.65002,980.40002,5259092.0
2021-01-05 09:15:00,NSE:HCLTECH,967.20001,995.79999,967.20001,991.34998,7150252.0
2021-01-06 09:15:00,NSE:HCLTECH,997.90002,998.0,966.09998,978.20001,5995748.0
2021-01-07 09:15:00,NSE:HCLTECH,988.0,988.20001,959.40002,962.54999,5261000.0
2021-01-08 09:15:00,NSE:HCLTECH,974.90002,1003.5,970.0,994.65002,8034775.0
2021-01-11 09:15:00,NSE:HCLTECH,1015.0,1059.05,1008.0,1055.1,13384331.0
2021-01-12 09:15:00,NSE:HCLTECH,1052.0,1065.05,1038.7,1062.1,6700542.0
2021-01-13 09:15:00,NSE:HCLTECH,1064.0,1067.0,1041.0,1055.95,6691409.0
2021-01-14 09:15:00,NSE:HCLTECH,1049.0,1049.0,1006.6,1027.7,15021108.0
2021-01-15 09:15:00,NSE:HCLTECH,1047.65,1052.85,984.0,989.79999,23769415.0
2021-01-18 09:15:00,NSE:HCLTECH,1000.0,1004.95,976.90002,981.5,12947569.0
2021-01-19 09:15:00,NSE:HCLTECH,988.0,997.0,979.34998,983.84998,6387923.0
2021-01-20 09:15:00,NSE:HCLTECH,991.75,1009.65,987.54999,999.25,7444118.0
2021-01-21 09:15:00,NSE:HCLTECH,1009.0,1020.0,982.95001,993.29999,8857975.0
2021-01-22 09:15:00,NSE:HCLTECH,991.70001,1004.0,981.40002,985.79999,5379466.0
2021-01-25 09:15:00,NSE:HCLTECH,997.0,997.0,941.0,947.5,7731883.0
2021-01-27 09:15:00,NSE:HCLTECH,952.09998,963.25,942.5,955.5,7531736.0
2021-01-28 09:15:00,NSE:HCLTECH,948.79999,952.40002,930.09998,933.95001,6960905.0
2021-01-29 09:15:00,NSE:HCLTECH,941.0,949.5,909.5,914.0,7692663.0
2021-02-01 09:15:00,NSE:HCLTECH,919.0,933.75,896.34998,928.34998,8651478.0
2021-02-02 09:15:00,NSE:HCLTECH,947.0,963.0,935.54999,954.65002,7690178.0
2021-02-03 09:15:00,NSE:HCLTECH,966.0,973.29999,952.54999,959.90002,6354619.0
2021-02-04 09:15:00,NSE:HCLTECH,964.70001,970.45001,950.15002,957.65002,4623148.0
2021-02-05 09:15:00,NSE:HCLTECH,960.79999,963.90002,940.04999,946.15002,4631703.0
2021-02-08 09:15:00,NSE:HCLTECH,955.0,964.40002,941.34998,957.75,6509526.0
2021-02-09 09:15:00,NSE:HCLTECH,965.0,981.90002,946.59998,951.59998,7557977.0
2021-02-10 09:15:00,NSE:HCLTECH,955.04999,965.09998,946.15002,959.45001,4896963.0
2021-02-11 09:15:00,NSE:HCLTECH,959.45001,972.5,953.04999,970.40002,3745595.0
2021-02-12 09:15:00,NSE:HCLTECH,975.0,986.5,957.59998,960.40002,8045740.0
2021-02-15 09:15:00,NSE:HCLTECH,970.0,971.25,950.09998,954.65002,4643228.0
2021-02-16 09:15:00,NSE:HCLTECH,957.0,962.25,944.09998,952.29999,3277086.0
2021-02-17 09:15:00,NSE:HCLTECH,952.0,958.40002,941.0,943.20001,3643176.0
2021-02-18 09:15:00,NSE:HCLTECH,944.0,956.75,938.34998,948.09998,5133094.0
2021-02-19 09:15:00,NSE:HCLTECH,950.0,958.0,944.45001,950.15002,5494816.0
2021-02-22 09:15:00,NSE:HCLTECH,949.5,951.45001,916.04999,920.15002,5043203.0
2021-02-23 09:15:00,NSE:HCLTECH,924.0,930.0,906.54999,909.95001,5916942.0
2021-02-24 09:15:00,NSE:HCLTECH,918.0,919.45001,905.5,916.95001,3292428.0
2021-02-25 09:15:00,NSE:HCLTECH,925.90002,934.04999,922.15002,929.25,6234947.0
2021-02-26 09:15:00,NSE:HCLTECH,908.0,925.0,905.09998,909.45001,9198218.0
2021-03-01 09:15:00,NSE:HCLTECH,916.0,934.45001,915.65002,930.34998,5397960.0
2021-03-02 09:15:00,NSE:HCLTECH,933.84998,957.90002,928.59998,953.75,6715548.0
2021-03-03 09:15:00,NSE:HCLTECH,965.0,968.0,947.0,965.25,5742015.0
2021-03-04 09:15:00,NSE:HCLTECH,952.0,969.90002,951.34998,958.0,6268541.0
2021-03-05 09:15:00,NSE:HCLTECH,956.09998,972.0,936.29999,941.5,5992152.0
2021-03-08 09:15:00,NSE:HCLTECH,952.5,973.0,944.0,961.90002,5621823.0
2021-03-09 09:15:00,NSE:HCLTECH,964.09998,976.90002,949.09998,973.15002,5440319.0
2021-03-10 09:15:00,NSE:HCLTECH,985.70001,995.09998,979.70001,988.5,7694950.0
2021-03-12 09:15:00,NSE:HCLTECH,988.5,1002.8,973.59998,979.25,6447010.0
2021-03-15 09:15:00,NSE:HCLTECH,977.5,994.34998,967.34998,992.34998,5321081.0
2021-03-16 09:15:00,NSE:HCLTECH,993.0,1018.8,990.45001,1007.25,8094575.0
2021-03-17 09:15:00,NSE:HCLTECH,1012.0,1023.9,982.70001,987.45001,6758901.0
2021-03-18 09:15:00,NSE:HCLTECH,995.0,999.75,932.40002,947.75,8269566.0
2021-03-19 09:15:00,NSE:HCLTECH,950.0,969.0,937.70001,960.45001,9004154.0
2021-03-22 09:15:00,NSE:HCLTECH,960.45001,982.45001,944.59998,978.75,4745254.0
2021-03-23 09:15:00,NSE:HCLTECH,983.65002,992.90002,971.79999,980.84998,5158305.0
2021-03-24 09:15:00,NSE:HCLTECH,971.04999,984.75,965.79999,975.65002,3874331.0
2021-03-25 09:15:00,NSE:HCLTECH,970.0,974.5,950.0,957.04999,4879437.0
2021-03-26 09:15:00,NSE:HCLTECH,965.0,975.0,953.79999,958.54999,4271178.0
2021-03-30 09:15:00,NSE:HCLTECH,965.0,1000.8,964.45001,995.79999,5475051.0
2021-03-31 09:15:00,NSE:HCLTECH,1000.0,1000.0,978.65002,982.65002,4445140.0
2021-04-01 09:15:00,NSE:HCLTECH,992.0,1013.5,990.59998,1002.6,5269079.0
2021-04-05 09:15:00,NSE:HCLTECH,1007.0,1040.0,1002.6,1033.5,9452833.0
2021-04-06 09:15:00,NSE:HCLTECH,1039.0,1040.6,1020.25,1028.4,4260257.0
2021-04-07 09:15:00,NSE:HCLTECH,1031.0,1045.0,1024.7,1037.2,3551106.0
2021-04-08 09:15:00,NSE:HCLTECH,1044.0,1054.4,1031.65,1037.5,4852068.0
2021-04-09 09:15:00,NSE:HCLTECH,1042.1,1054.8,1034.15,1045.4,3708082.0
2021-04-12 09:15:00,NSE:HCLTECH,1042.95,1042.95,1001.2,1009.4,5976427.0
2021-04-13 09:15:00,NSE:HCLTECH,1012.5,1020.8,972.20001,983.40002,7773994.0
2021-04-15 09:15:00,NSE:HCLTECH,968.0,994.70001,958.75,991.90002,7430279.0
2021-04-16 09:15:00,NSE:HCLTECH,1000.0,1016.8,994.5,1012.75,4677808.0
2021-04-19 09:15:00,NSE:HCLTECH,996.0,1028.45,987.84998,994.59998,6239343.0
2021-04-20 09:15:00,NSE:HCLTECH,1006.0,1006.0,957.0,961.29999,9742418.0
2021-04-22 09:15:00,NSE:HCLTECH,966.0,971.90002,955.29999,961.90002,4970596.0
2021-04-23 09:15:00,NSE:HCLTECH,964.0,974.84998,950.20001,955.65002,6023490.0
2021-04-26 09:15:00,NSE:HCLTECH,940.0,954.5,923.04999,928.79999,19619972.0
2021-04-27 09:15:00,NSE:HCLTECH,931.0,938.54999,923.40002,928.84998,6406825.0
2021-04-28 09:15:00,NSE:HCLTECH,931.20001,935.84998,921.75,923.79999,6845677.0
2021-04-29 09:15:00,NSE:HCLTECH,929.70001,929.70001,907.09998,909.54999,8588734.0
2021-04-30 09:15:00,NSE:HCLTECH,905.0,915.0,895.40002,898.95001,10921664.0
2021-05-03 09:15:00,NSE:HCLTECH,898.75,910.45001,891.0,907.70001,6871176.0
2021-05-04 09:15:00,NSE:HCLTECH,910.0,915.0,899.25,900.95001,6217026.0
2021-05-05 09:15:00,NSE:HCLTECH,903.95001,910.79999,900.59998,909.40002,2696835.0
2021-05-06 09:15:00,NSE:HCLTECH,912.0,923.90002,901.25,916.0,6319104.0
2021-05-07 09:15:00,NSE:HCLTECH,918.0,921.40002,913.70001,916.40002,3651558.0
2021-05-10 09:15:00,NSE:HCLTECH,918.04999,921.59998,910.20001,913.95001,4029147.0
2021-05-11 09:15:00,NSE:HCLTECH,908.5,912.45001,905.09998,907.29999,3818154.0
2021-05-12 09:15:00,NSE:HCLTECH,906.15002,908.95001,895.0,906.09998,4076940.0
2021-05-14 09:15:00,NSE:HCLTECH,909.0,912.0,896.5,910.34998,5184569.0
2021-05-17 09:15:00,NSE:HCLTECH,914.59998,927.20001,910.09998,922.15002,7956551.0
2021-05-18 09:15:00,NSE:HCLTECH,928.0,939.5,924.5,931.59998,5913426.0
2021-05-19 09:15:00,NSE:HCLTECH,928.0,941.0,925.15002,931.40002,4178834.0
2021-05-20 09:15:00,NSE:HCLTECH,932.0,934.79999,922.04999,924.40002,4753782.0
2021-05-21 09:15:00,NSE:HCLTECH,925.5,934.65002,923.0,930.65002,4161547.0
2021-05-24 09:15:00,NSE:HCLTECH,931.5,939.0,927.70001,932.79999,4191877.0
2021-05-25 09:15:00,NSE:HCLTECH,938.0,943.79999,935.15002,940.59998,5032874.0
2021-05-26 09:15:00,NSE:HCLTECH,940.0,948.95001,932.54999,945.79999,5017674.0
2021-05-27 09:15:00,NSE:HCLTECH,949.0,956.90002,938.09998,942.40002,9078274.0
2021-05-28 09:15:00,NSE:HCLTECH,940.04999,949.75,937.40002,942.54999,4098094.0
2021-05-31 09:15:00,NSE:HCLTECH,941.54999,947.84998,932.59998,945.20001,4171524.0
2021-06-01 09:15:00,NSE:HCLTECH,948.0,952.0,942.04999,950.70001,2944472.0
2021-06-02 09:15:00,NSE:HCLTECH,947.0,950.70001,937.59998,943.75,3657189.0
2021-06-03 09:15:00,NSE:HCLTECH,945.0,949.79999,937.0,939.45001,4164240.0
2021-06-04 09:15:00,NSE:HCLTECH,940.09998,944.20001,934.75,936.54999,3550303.0
2021-06-07 09:15:00,NSE:HCLTECH,939.0,951.95001,937.09998,949.59998,3282517.0
2021-06-08 09:15:00,NSE:HCLTECH,952.0,972.0,951.45001,967.20001,6385642.0
2021-06-09 09:15:00,NSE:HCLTECH,973.90002,985.0,965.09998,971.29999,5521459.0
2021-06-10 09:15:00,NSE:HCLTECH,979.5,981.65002,966.54999,968.54999,3878256.0
2021-06-11 09:15:00,NSE:HCLTECH,976.0,990.0,970.5,983.34998,4777035.0
2021-06-14 09:15:00,NSE:HCLTECH,983.0,988.45001,976.0,984.20001,2236373.0
2021-06-15 09:15:00,NSE:HCLTECH,985.09998,993.0,983.20001,985.45001,2559001.0
2021-06-16 09:15:00,NSE:HCLTECH,984.04999,986.0,974.0,979.40002,3138753.0
2021-06-17 09:15:00,NSE:HCLTECH,980.0,988.95001,978.54999,986.40002,3609989.0
2021-06-18 09:15:00,NSE:HCLTECH,990.0,996.70001,970.09998,975.25,5622783.0
2021-06-21 09:15:00,NSE:HCLTECH,968.0,983.45001,961.25,982.0,1639495.0
2021-06-22 09:15:00,NSE:HCLTECH,982.09998,988.20001,976.25,980.09998,2529648.0
2021-06-23 09:15:00,NSE:HCLTECH,985.0,985.0,971.0,972.90002,2395543.0
2021-06-24 09:15:00,NSE:HCLTECH,972.0,994.59998,969.09998,989.70001,4686567.0
2021-06-25 09:15:00,NSE:HCLTECH,995.0,1010.0,989.25,995.65002,5196000.0
2021-06-28 09:15:00,NSE:HCLTECH,1000.0,1000.0,984.20001,985.29999,1844159.0
2021-06-29 09:15:00,NSE:HCLTECH,986.95001,993.90002,980.5,983.59998,1895170.0
2021-06-30 09:15:00,NSE:HCLTECH,981.0,991.45001,981.0,983.5,2682591.0
2021-07-01 09:15:00,NSE:HCLTECH,987.0,988.0,975.15002,985.5,2861509.0
2021-07-02 09:15:00,NSE:HCLTECH,983.54999,987.59998,977.25,984.65002,1646631.0
2021-07-05 09:15:00,NSE:HCLTECH,991.70001,995.90002,978.0,979.75,2598033.0
2021-07-06 09:15:00,NSE:HCLTECH,980.0,982.20001,970.20001,972.04999,2486069.0
2021-07-07 09:15:00,NSE:HCLTECH,970.0,977.59998,960.29999,975.34998,3014899.0
2021-07-08 09:15:00,NSE:HCLTECH,975.0,982.0,970.0,976.79999,2555624.0
2021-07-09 09:15:00,NSE:HCLTECH,972.0,979.5,966.59998,976.84998,3218471.0
2021-07-12 09:15:00,NSE:HCLTECH,980.0,983.04999,975.0,979.45001,2037878.0
2021-07-13 09:15:00,NSE:HCLTECH,983.0,983.0,964.0,967.95001,2997764.0
2021-07-14 09:15:00,NSE:HCLTECH,968.25,992.95001,968.09998,989.45001,4371180.0
2021-07-15 09:15:00,NSE:HCLTECH,993.0,1052.5,990.79999,1039.75,12701032.0
2021-07-16 09:15:00,NSE:HCLTECH,1044.9,1048.75,998.04999,1005.0,8665827.0
2021-07-19 09:15:00,NSE:HCLTECH,1005.0,1018.3,992.5,1000.2,4644600.0
2021-07-20 09:15:00,NSE:HCLTECH,999.0,1012.2,969.34998,977.20001,10216774.0
2021-07-22 09:15:00,NSE:HCLTECH,970.0,981.5,970.0,978.59998,6156400.0
2021-07-23 09:15:00,NSE:HCLTECH,984.70001,1003.9,982.59998,994.0,5265839.0
2021-07-26 09:15:00,NSE:HCLTECH,994.0,1004.0,987.25,1000.3,2477027.0
2021-07-27 09:15:00,NSE:HCLTECH,1000.0,1002.2,983.84998,992.0,2883514.0
2021-07-28 09:15:00,NSE:HCLTECH,995.0,995.95001,977.29999,983.09998,2952249.0
2021-07-29 09:15:00,NSE:HCLTECH,985.54999,1009.0,985.54999,1007.6,4732101.0
2021-07-30 09:15:00,NSE:HCLTECH,1013.0,1049.95,1009.9,1024.95,9330054.0
2021-08-02 09:15:00,NSE:HCLTECH,1034.0,1039.0,1023.05,1035.4,2536478.0
2021-08-03 09:15:00,NSE:HCLTECH,1030.0,1042.95,1024.0,1039.45,3359006.0
2021-08-04 09:15:00,NSE:HCLTECH,1041.1,1047.75,1034.6,1039.95,3122161.0
2021-08-05 09:15:00,NSE:HCLTECH,1040.0,1073.0,1033.7,1061.15,7896314.0
2021-08-06 09:15:00,NSE:HCLTECH,1061.15,1070.0,1043.0,1049.95,11584782.0
2021-08-09 09:15:00,NSE:HCLTECH,1057.8,1066.75,1043.5,1050.55,6321578.0
2021-08-10 09:15:00,NSE:HCLTECH,1052.5,1072.3,1048.0,1063.7,5871606.0
2021-08-11 09:15:00,NSE:HCLTECH,1070.95,1079.0,1057.15,1066.95,5011239.0
2021-08-12 09:15:00,NSE:HCLTECH,1071.0,1101.15,1068.0,1096.5,6540144.0
2021-08-13 09:15:00,NSE:HCLTECH,1099.0,1123.95,1090.2,1119.45,7270809.0
2021-08-16 09:15:00,NSE:HCLTECH,1120.95,1129.35,1114.35,1123.65,3159376.0
2021-08-17 09:15:00,NSE:HCLTECH,1119.25,1151.95,1112.55,1142.95,5295838.0
2021-08-18 09:15:00,NSE:HCLTECH,1157.9,1157.9,1131.6,1134.25,4871006.0
2021-08-20 09:15:00,NSE:HCLTECH,1107.5,1140.75,1107.2,1117.35,3467046.0
2021-08-23 09:15:00,NSE:HCLTECH,1129.0,1178.2,1126.05,1163.1,9383780.0
2021-08-24 09:15:00,NSE:HCLTECH,1167.95,1173.0,1150.0,1152.9,3947317.0
2021-08-25 09:15:00,NSE:HCLTECH,1159.9,1169.9,1140.3,1154.35,3447912.0
2021-08-26 09:15:00,NSE:HCLTECH,1159.9,1172.0,1155.0,1167.45,4654833.0
2021-08-27 09:15:00,NSE:HCLTECH,1167.45,1169.75,1159.5,1162.95,3050466.0
2021-08-30 09:15:00,NSE:HCLTECH,1164.0,1170.35,1154.55,1163.4,2956868.0
2021-08-31 09:15:00,NSE:HCLTECH,1166.0,1193.4,1162.05,1182.3,7199002.0
2021-09-01 09:15:00,NSE:HCLTECH,1190.0,1190.5,1161.75,1164.65,3200410.0
2021-09-02 09:15:00,NSE:HCLTECH,1172.0,1182.0,1154.0,1172.75,5224479.0
2021-09-03 09:15:00,NSE:HCLTECH,1173.5,1180.6,1158.25,1174.75,4533364.0
2021-09-06 09:15:00,NSE:HCLTECH,1175.0,1210.1,1174.0,1200.15,4331916.0
2021-09-07 09:15:00,NSE:HCLTECH,1214.0,1214.95,1180.1,1182.2,3721585.0
2021-09-08 09:15:00,NSE:HCLTECH,1185.0,1191.15,1167.05,1188.8,3118518.0
2021-09-09 09:15:00,NSE:HCLTECH,1192.0,1204.95,1183.0,1198.55,3388292.0
2021-09-13 09:15:00,NSE:HCLTECH,1192.0,1215.0,1176.45,1208.4,3723138.0
2021-09-14 09:15:00,NSE:HCLTECH,1216.0,1240.6,1207.0,1238.65,5593286.0
2021-09-15 09:15:00,NSE:HCLTECH,1238.65,1288.95,1230.25,1273.25,6063895.0
2021-09-16 09:15:00,NSE:HCLTECH,1287.2,1295.3,1255.2,1263.1,3616292.0
2021-09-17 09:15:00,NSE:HCLTECH,1265.0,1281.0,1258.5,1263.3,4817180.0
2021-09-20 09:15:00,NSE:HCLTECH,1258.0,1298.8,1250.0,1276.15,5453683.0
2021-09-21 09:15:00,NSE:HCLTECH,1289.0,1315.0,1277.0,1299.5,4645597.0
2021-09-22 09:15:00,NSE:HCLTECH,1300.0,1328.65,1299.6,1315.5,5367303.0
2021-09-23 09:15:00,NSE:HCLTECH,1326.85,1336.45,1313.9,1328.3,3037295.0
2021-09-24 09:15:00,NSE:HCLTECH,1340.0,1377.75,1337.0,1358.2,7951730.0
2021-09-27 09:15:00,NSE:HCLTECH,1366.0,1367.95,1290.05,1295.2,7653504.0
2021-09-28 09:15:00,NSE:HCLTECH,1304.95,1304.95,1254.0,1269.0,8572321.0
2021-09-29 09:15:00,NSE:HCLTECH,1270.0,1301.45,1258.8,1281.2,4639821.0
2021-09-30 09:15:00,NSE:HCLTECH,1291.45,1291.45,1268.85,1279.55,3589722.0
2021-10-01 09:15:00,NSE:HCLTECH,1274.0,1284.0,1260.65,1273.75,3372796.0
2021-10-04 09:15:00,NSE:HCLTECH,1281.5,1293.6,1273.75,1278.65,2706626.0
2021-10-05 09:15:00,NSE:HCLTECH,1270.0,1313.6,1262.2,1305.15,3710314.0
2021-10-06 09:15:00,NSE:HCLTECH,1312.0,1319.85,1271.8,1275.45,2861608.0
2021-10-07 09:15:00,NSE:HCLTECH,1284.05,1317.85,1284.05,1306.3,2421641.0
2021-10-08 09:15:00,NSE:HCLTECH,1306.3,1338.0,1294.05,1322.15,5197831.0
2021-10-11 09:15:00,NSE:HCLTECH,1300.0,1324.9,1235.65,1302.9,5264998.0
2021-10-12 09:15:00,NSE:HCLTECH,1306.95,1309.0,1236.3,1250.35,12811641.0
2021-10-13 09:15:00,NSE:HCLTECH,1263.0,1270.8,1243.45,1265.35,5705730.0
2021-10-14 09:15:00,NSE:HCLTECH,1289.4,1293.25,1244.05,1251.15,10360519.0
2021-10-18 09:15:00,NSE:HCLTECH,1240.0,1272.5,1215.0,1221.4,23861603.0
2021-10-19 09:15:00,NSE:HCLTECH,1230.0,1253.0,1225.0,1232.1,10189780.0
2021-10-20 09:15:00,NSE:HCLTECH,1239.0,1263.4,1220.4,1232.9,8222562.0
2021-10-21 09:15:00,NSE:HCLTECH,1238.9,1238.9,1189.0,1210.7,5998795.0
2021-10-22 09:15:00,NSE:HCLTECH,1203.25,1223.35,1186.0,1194.0,3812305.0
2021-10-25 09:15:00,NSE:HCLTECH,1184.05,1190.0,1157.15,1165.4,6690819.0
2021-10-26 09:15:00,NSE:HCLTECH,1170.0,1182.0,1153.25,1166.8,5126660.0
2021-10-27 09:15:00,NSE:HCLTECH,1170.0,1181.35,1161.5,1177.15,3536653.0
2021-10-28 09:15:00,NSE:HCLTECH,1183.3,1185.0,1146.8,1152.0,4096585.0
2021-10-29 09:15:00,NSE:HCLTECH,1152.0,1173.0,1138.0,1143.75,3558520.0
2021-11-01 09:15:00,NSE:HCLTECH,1143.5,1191.45,1143.5,1189.2,4511112.0
2021-11-02 09:15:00,NSE:HCLTECH,1191.0,1195.1,1168.85,1170.65,3016082.0
2021-11-03 09:15:00,NSE:HCLTECH,1175.0,1187.7,1171.7,1176.35,2063067.0
2021-11-04 18:00:00,NSE:HCLTECH,1185.0,1187.15,1178.0,1183.1,256369.0
2021-11-08 09:15:00,NSE:HCLTECH,1187.45,1192.8,1168.55,1182.85,3808317.0
2021-11-09 09:15:00,NSE:HCLTECH,1188.0,1191.0,1170.45,1172.8,3565461.0
2021-11-10 09:15:00,NSE:HCLTECH,1164.0,1175.0,1162.1,1169.15,2401325.0
2021-11-11 09:15:00,NSE:HCLTECH,1166.0,1167.8,1152.25,1160.7,2861259.0
2021-11-12 09:15:00,NSE:HCLTECH,1168.9,1178.15,1163.0,1172.35,3812518.0
2021-11-15 09:15:00,NSE:HCLTECH,1171.0,1181.6,1163.5,1170.85,3619915.0
2021-11-16 09:15:00,NSE:HCLTECH,1170.9,1175.5,1160.45,1163.4,3141207.0
2021-11-17 09:15:00,NSE:HCLTECH,1160.5,1164.75,1150.0,1152.45,3172985.0
2021-11-18 09:15:00,NSE:HCLTECH,1148.0,1155.0,1113.5,1120.2,5384530.0
2021-11-22 09:15:00,NSE:HCLTECH,1120.2,1125.85,1102.0,1110.1,3961223.0
2021-11-23 09:15:00,NSE:HCLTECH,1105.0,1120.0,1090.0,1112.6,4545069.0
2021-11-24 09:15:00,NSE:HCLTECH,1120.0,1132.65,1112.95,1119.45,2675632.0
2021-11-25 09:15:00,NSE:HCLTECH,1116.5,1131.0,1111.0,1124.8,3106454.0
2021-11-26 09:15:00,NSE:HCLTECH,1120.0,1126.0,1103.3,1110.05,2207274.0
2021-11-29 09:15:00,NSE:HCLTECH,1101.1,1145.0,1100.1,1133.15,3661152.0
2021-11-30 09:15:00,NSE:HCLTECH,1133.0,1157.9,1133.0,1138.65,7421904.0
2021-12-01 09:15:00,NSE:HCLTECH,1146.0,1163.0,1145.2,1156.7,2918586.0
2021-12-02 09:15:00,NSE:HCLTECH,1161.9,1186.4,1153.0,1184.7,4011279.0
2021-12-03 09:15:00,NSE:HCLTECH,1188.0,1189.7,1169.65,1171.4,2571036.0
2021-12-06 09:15:00,NSE:HCLTECH,1169.9,1172.65,1134.85,1136.55,2493755.0
2021-12-07 09:15:00,NSE:HCLTECH,1150.0,1155.0,1131.4,1149.65,2299958.0
2021-12-08 09:15:00,NSE:HCLTECH,1157.4,1181.6,1157.05,1171.6,2525711.0
2021-12-09 09:15:00,NSE:HCLTECH,1179.8,1179.8,1155.0,1168.55,1734844.0
2021-12-10 09:15:00,NSE:HCLTECH,1155.2,1167.0,1155.2,1162.2,957733.0
2021-12-13 09:15:00,NSE:HCLTECH,1166.0,1173.45,1153.25,1159.1,2225682.0
2021-12-14 09:15:00,NSE:HCLTECH,1156.0,1165.9,1145.5,1162.35,1972685.0
2021-12-15 09:15:00,NSE:HCLTECH,1158.25,1161.95,1142.3,1148.9,1604301.0
2021-12-16 09:15:00,NSE:HCLTECH,1156.0,1167.9,1149.55,1159.75,2121810.0
2021-12-17 09:15:00,NSE:HCLTECH,1172.0,1182.9,1165.0,1171.4,6373455.0
2021-12-20 09:15:00,NSE:HCLTECH,1160.0,1172.35,1145.5,1159.9,3091768.0
2021-12-21 09:15:00,NSE:HCLTECH,1168.9,1214.95,1165.05,1205.0,6217986.0
2021-12-22 09:15:00,NSE:HCLTECH,1218.0,1226.0,1210.1,1222.8,3809814.0
2021-12-23 09:15:00,NSE:HCLTECH,1229.9,1230.7,1215.6,1227.45,2814281.0
2021-12-24 09:15:00,NSE:HCLTECH,1262.15,1283.8,1246.15,1265.2,15952929.0
2021-12-27 09:15:00,NSE:HCLTECH,1268.0,1277.0,1254.05,1267.2,3372907.0
2021-12-28 09:15:00,NSE:HCLTECH,1270.0,1289.0,1270.0,1283.9,3446067.0
2021-12-29 09:15:00,NSE:HCLTECH,1283.0,1299.0,1277.1,1291.9,2254162.0
2021-12-30 09:15:00,NSE:HCLTECH,1291.9,1326.45,1282.7,1317.05,4518139.0
2021-12-31 09:15:00,NSE:HCLTECH,1320.0,1329.45,1308.95,1319.1,2231508.0
2022-01-03 09:15:00,NSE:HCLTECH,1316.35,1339.9,1314.1,1326.15,2661272.0
2022-01-04 09:15:00,NSE:HCLTECH,1329.5,1336.7,1307.25,1333.45,3367100.0
2022-01-05 09:15:00,NSE:HCLTECH,1329.0,1330.0,1302.0,1310.75,3510253.0
2022-01-06 09:15:00,NSE:HCLTECH,1290.0,1297.8,1277.0,1284.9,4409632.0
2022-01-07 09:15:00,NSE:HCLTECH,1297.55,1298.5,1282.2,1290.55,3898684.0
2022-01-10 09:15:00,NSE:HCLTECH,1304.85,1304.85,1280.0,1288.1,2529949.0
2022-01-11 09:15:00,NSE:HCLTECH,1288.65,1348.0,1280.0,1343.65,6772189.0
2022-01-12 09:15:00,NSE:HCLTECH,1354.0,1357.1,1331.4,1352.15,3162044.0
2022-01-13 09:15:00,NSE:HCLTECH,1340.0,1359.4,1321.15,1334.25,4598005.0
2022-01-14 09:15:00,NSE:HCLTECH,1320.0,1342.95,1293.0,1337.2,5636243.0
2022-01-17 09:15:00,NSE:HCLTECH,1273.0,1273.0,1243.4,1258.75,11973283.0
2022-01-18 09:15:00,NSE:HCLTECH,1269.95,1269.95,1217.0,1219.75,7799487.0
2022-01-19 09:15:00,NSE:HCLTECH,1220.0,1220.5,1191.0,1199.2,8464215.0
2022-01-20 09:15:00,NSE:HCLTECH,1200.0,1201.4,1170.0,1175.35,6172404.0
2022-01-21 09:15:00,NSE:HCLTECH,1175.35,1179.85,1155.0,1167.95,5514748.0
2022-01-24 09:15:00,NSE:HCLTECH,1162.5,1164.5,1111.0,1124.9,5878438.0
2022-01-25 09:15:00,NSE:HCLTECH,1115.0,1139.65,1088.4,1123.7,4725254.0
2022-01-27 09:15:00,NSE:HCLTECH,1115.0,1115.95,1070.2,1077.75,8304735.0
2022-01-28 09:15:00,NSE:HCLTECH,1079.0,1102.2,1077.25,1080.45,7654724.0
2022-01-31 09:15:00,NSE:HCLTECH,1100.65,1113.95,1092.85,1099.4,7572995.0
2022-02-01 09:15:00,NSE:HCLTECH,1116.7,1136.5,1101.25,1132.8,6783774.0
2022-02-02 09:15:00,NSE:HCLTECH,1142.9,1173.85,1133.3,1170.95,6982539.0
2022-02-03 09:15:00,NSE:HCLTECH,1162.0,1170.85,1151.0,1156.75,4169794.0
2022-02-04 09:15:00,NSE:HCLTECH,1160.0,1167.1,1137.35,1163.8,3625482.0
2022-02-07 09:15:00,NSE:HCLTECH,1157.0,1171.35,1146.0,1157.35,3824483.0
2022-02-08 09:15:00,NSE:HCLTECH,1158.95,1169.85,1148.55,1161.95,3267641.0
2022-02-09 09:15:00,NSE:HCLTECH,1172.0,1189.0,1166.0,1180.9,3772972.0
2022-02-10 09:15:00,NSE:HCLTECH,1184.95,1191.9,1174.1,1190.35,2053245.0
2022-02-11 09:15:00,NSE:HCLTECH,1179.0,1179.0,1158.05,1163.7,3912397.0
2022-02-14 09:15:00,NSE:HCLTECH,1135.35,1164.35,1133.6,1146.45,3243813.0
2022-02-15 09:15:00,NSE:HCLTECH,1153.5,1174.0,1148.1,1168.55,3000492.0
2022-02-16 09:15:00,NSE:HCLTECH,1178.0,1182.65,1160.0,1167.8,1885868.0
2022-02-17 09:15:00,NSE:HCLTECH,1174.0,1174.0,1160.0,1163.05,1644055.0
2022-02-18 09:15:00,NSE:HCLTECH,1152.85,1170.1,1150.1,1165.0,2166690.0
2022-02-21 09:15:00,NSE:HCLTECH,1153.1,1169.5,1150.2,1164.75,1706058.0
2022-02-22 09:15:00,NSE:HCLTECH,1132.0,1154.15,1132.0,1149.55,3254855.0
2022-02-23 09:15:00,NSE:HCLTECH,1156.0,1159.0,1148.05,1153.0,1937649.0
2022-02-24 09:15:00,NSE:HCLTECH,1106.0,1134.95,1092.0,1098.55,5469084.0
2022-02-25 09:15:00,NSE:HCLTECH,1115.6,1141.0,1115.0,1129.7,3213276.0
2022-02-28 09:15:00,NSE:HCLTECH,1119.6,1133.3,1107.0,1126.95,4571884.0
2022-03-02 09:15:00,NSE:HCLTECH,1124.65,1124.65,1109.0,1115.55,3867328.0
2022-03-03 09:15:00,NSE:HCLTECH,1125.0,1152.0,1120.5,1139.7,3969380.0
2022-03-04 09:15:00,NSE:HCLTECH,1128.0,1154.85,1122.65,1138.45,3522375.0
2022-03-07 09:15:00,NSE:HCLTECH,1111.0,1161.4,1110.5,1154.2,5249845.0
2022-03-08 09:15:00,NSE:HCLTECH,1156.0,1179.6,1155.0,1175.3,3805165.0
2022-03-09 09:15:00,NSE:HCLTECH,1180.0,1195.0,1161.1,1182.7,3781326.0
2022-03-10 09:15:00,NSE:HCLTECH,1198.2,1198.2,1175.0,1192.15,3834327.0
2022-03-11 09:15:00,NSE:HCLTECH,1180.0,1207.15,1176.3,1193.45,2770879.0
2022-03-14 09:15:00,NSE:HCLTECH,1193.45,1214.8,1177.65,1202.85,5740660.0
2022-03-15 09:15:00,NSE:HCLTECH,1207.0,1214.3,1168.1,1176.85,3003066.0
2022-03-16 09:15:00,NSE:HCLTECH,1190.15,1202.95,1185.0,1199.5,1894018.0
2022-03-17 09:15:00,NSE:HCLTECH,1215.0,1215.0,1190.8,1196.9,6987787.0
2022-03-21 09:15:00,NSE:HCLTECH,1199.9,1209.9,1165.1,1168.05,4046440.0
2022-03-22 09:15:00,NSE:HCLTECH,1170.0,1181.75,1162.3,1176.4,4516870.0
2022-03-23 09:15:00,NSE:HCLTECH,1190.0,1190.85,1170.0,1180.7,2338886.0
2022-03-24 09:15:00,NSE:HCLTECH,1169.0,1194.0,1169.0,1192.1,2351703.0
2022-03-25 09:15:00,NSE:HCLTECH,1199.0,1199.0,1175.4,1179.35,2489854.0
2022-03-28 09:15:00,NSE:HCLTECH,1184.9,1187.6,1158.2,1163.95,3406258.0
2022-03-29 09:15:00,NSE:HCLTECH,1167.0,1175.0,1163.65,1167.7,2443230.0
2022-03-30 09:15:00,NSE:HCLTECH,1177.35,1181.95,1162.1,1165.2,3073672.0
2022-03-31 09:15:00,NSE:HCLTECH,1174.8,1174.8,1161.0,1163.75,3006639.0
2022-04-01 09:15:00,NSE:HCLTECH,1161.0,1174.0,1152.05,1169.65,2479745.0
2022-04-04 09:15:00,NSE:HCLTECH,1173.2,1188.95,1168.0,1187.05,2282137.0
2022-04-05 09:15:00,NSE:HCLTECH,1190.0,1203.0,1184.1,1195.45,2634464.0
2022-04-06 09:15:00,NSE:HCLTECH,1190.0,1194.9,1167.5,1170.5,2838968.0
2022-04-07 09:15:00,NSE:HCLTECH,1165.6,1180.75,1163.0,1173.3,3391918.0
2022-04-08 09:15:00,NSE:HCLTECH,1179.0,1180.0,1162.55,1165.35,2656091.0
2022-04-11 09:15:00,NSE:HCLTECH,1164.0,1164.0,1131.75,1133.5,5679058.0
2022-04-12 09:15:00,NSE:HCLTECH,1129.8,1141.7,1119.55,1131.15,2906617.0
2022-04-13 09:15:00,NSE:HCLTECH,1135.0,1143.1,1123.0,1125.1,1971580.0
2022-04-18 09:15:00,NSE:HCLTECH,1110.0,1112.75,1084.6,1101.75,4391701.0
2022-04-19 09:15:00,NSE:HCLTECH,1115.9,1115.95,1058.75,1070.25,3422431.0
2022-04-20 09:15:00,NSE:HCLTECH,1075.0,1094.8,1064.7,1089.4,2573318.0
2022-04-21 09:15:00,NSE:HCLTECH,1095.0,1105.05,1081.1,1099.2,2547848.0
2022-04-22 09:15:00,NSE:HCLTECH,1086.6,1134.95,1081.1,1102.05,9567571.0
2022-04-25 09:15:00,NSE:HCLTECH,1096.9,1098.0,1077.3,1089.85,3565801.0
2022-04-26 09:15:00,NSE:HCLTECH,1104.0,1107.0,1085.05,1094.3,3213714.0
2022-04-27 09:15:00,NSE:HCLTECH,1087.0,1099.9,1074.6,1095.6,3288792.0
2022-04-28 09:15:00,NSE:HCLTECH,1092.0,1102.3,1073.3,1092.5,5202061.0
2022-04-29 09:15:00,NSE:HCLTECH,1094.0,1100.5,1074.35,1079.25,2988180.0
2022-05-02 09:15:00,NSE:HCLTECH,1073.0,1082.0,1062.0,1066.9,2584604.0
2022-05-04 09:15:00,NSE:HCLTECH,1075.9,1076.0,1035.8,1044.95,3385725.0
2022-05-05 09:15:00,NSE:HCLTECH,1059.0,1075.2,1047.1,1072.05,2982126.0
2022-05-06 09:15:00,NSE:HCLTECH,1049.9,1056.65,1028.95,1050.2,4075606.0
2022-05-09 09:15:00,NSE:HCLTECH,1044.0,1082.9,1034.1,1076.1,4207192.0
2022-05-10 09:15:00,NSE:HCLTECH,1073.0,1085.0,1066.6,1072.55,2473518.0
2022-05-11 09:15:00,NSE:HCLTECH,1069.0,1079.3,1054.05,1060.9,2895668.0
2022-05-12 09:15:00,NSE:HCLTECH,1050.1,1070.95,1043.75,1059.4,3195189.0
2022-05-13 09:15:00,NSE:HCLTECH,1070.0,1078.0,1045.1,1052.15,2496626.0
2022-05-16 09:15:00,NSE:HCLTECH,1054.0,1066.95,1040.2,1044.55,1415370.0
2022-05-17 09:15:00,NSE:HCLTECH,1058.2,1086.0,1045.35,1082.9,2620776.0
2022-05-18 09:15:00,NSE:HCLTECH,1083.55,1097.35,1070.8,1073.7,2865869.0
2022-05-19 09:15:00,NSE:HCLTECH,1055.1,1058.3,1004.6,1009.4,4729354.0
2022-05-20 09:15:00,NSE:HCLTECH,1029.0,1034.5,1016.8,1028.85,2005622.0
2022-05-23 09:15:00,NSE:HCLTECH,1023.0,1037.0,1014.75,1018.3,2285466.0
2022-05-24 09:15:00,NSE:HCLTECH,1022.05,1022.4,987.0,991.75,3418456.0
2022-05-25 09:15:00,NSE:HCLTECH,992.0,992.79999,963.0,974.45001,3904551.0
2022-05-26 09:15:00,NSE:HCLTECH,977.0,986.0,969.04999,980.70001,4278059.0
2022-05-27 09:15:00,NSE:HCLTECH,989.0,1010.45,989.0,1003.9,2795530.0
2022-05-30 09:15:00,NSE:HCLTECH,1019.0,1053.35,1015.65,1039.9,3562969.0
2022-05-31 09:15:00,NSE:HCLTECH,1045.0,1045.8,1020.45,1040.75,5185485.0
2022-06-01 09:15:00,NSE:HCLTECH,1040.75,1045.45,1011.55,1017.9,2554081.0
2022-06-02 09:15:00,NSE:HCLTECH,1011.4,1048.9,1007.3,1039.7,3560227.0
2022-06-03 09:15:00,NSE:HCLTECH,1053.95,1069.65,1040.2,1043.0,3556955.0
2022-06-06 09:15:00,NSE:HCLTECH,1038.0,1047.35,1021.15,1037.3,1997494.0
2022-06-07 09:15:00,NSE:HCLTECH,1030.0,1033.75,1013.15,1022.9,1839248.0
2022-06-08 09:15:00,NSE:HCLTECH,1023.1,1033.8,1016.0,1030.2,1665512.0
2022-06-09 09:15:00,NSE:HCLTECH,1024.95,1031.7,1011.7,1028.65,1654005.0
2022-06-10 09:15:00,NSE:HCLTECH,1012.0,1023.75,1008.2,1015.35,2260855.0
2022-06-13 09:15:00,NSE:HCLTECH,996.0,1002.0,982.5,991.79999,1738804.0
2022-06-14 09:15:00,NSE:HCLTECH,988.0,1000.95,978.15002,996.90002,2461791.0
2022-06-15 09:15:00,NSE:HCLTECH,989.0,1007.0,988.0,989.90002,2408630.0
2022-06-16 09:15:00,NSE:HCLTECH,1007.0,1007.0,961.65002,964.95001,3198618.0
2022-06-17 09:15:00,NSE:HCLTECH,952.40002,963.15002,944.04999,958.75,4302066.0
2022-06-20 09:15:00,NSE:HCLTECH,965.0,966.0,952.09998,960.04999,1305407.0
2022-06-21 09:15:00,NSE:HCLTECH,971.70001,999.90002,963.65002,986.59998,2128325.0
2022-06-22 09:15:00,NSE:HCLTECH,977.95001,979.0,959.15002,961.29999,2575065.0
2022-06-23 09:15:00,NSE:HCLTECH,962.09998,977.5,958.59998,971.25,2169033.0
2022-06-24 09:15:00,NSE:HCLTECH,984.0,984.54999,960.0,966.70001,1922313.0
2022-06-27 09:15:00,NSE:HCLTECH,986.15002,1006.8,984.20001,992.34998,3626024.0
2022-06-28 09:15:00,NSE:HCLTECH,989.90002,1007.0,983.25,1001.95,2702471.0
2022-06-29 09:15:00,NSE:HCLTECH,985.09998,1000.25,985.0,987.54999,3150015.0
2022-06-30 09:15:00,NSE:HCLTECH,990.0,996.54999,969.95001,973.25,3741119.0
2022-07-01 09:15:00,NSE:HCLTECH,964.5,981.45001,964.20001,975.34998,2827579.0
2022-07-04 09:15:00,NSE:HCLTECH,975.34998,989.5,973.45001,984.59998,2738846.0
2022-07-05 09:15:00,NSE:HCLTECH,987.40002,1002.65,978.45001,982.15002,2476050.0
2022-07-06 09:15:00,NSE:HCLTECH,982.0,999.0,980.04999,986.59998,2998254.0
2022-07-07 09:15:00,NSE:HCLTECH,997.0,1000.9,984.95001,989.84998,2985141.0
2022-07-08 09:15:00,NSE:HCLTECH,999.0,999.0,979.15002,983.54999,3141642.0
2022-07-11 09:15:00,NSE:HCLTECH,975.0,979.15002,940.0,943.54999,5787815.0
2022-07-12 09:15:00,NSE:HCLTECH,935.0,948.54999,924.40002,927.79999,5305354.0
2022-07-13 09:15:00,NSE:HCLTECH,930.0,936.0,905.0,917.75,12874342.0
2022-07-14 09:15:00,NSE:HCLTECH,926.15002,927.54999,892.29999,903.0,4916497.0
2022-07-15 09:15:00,NSE:HCLTECH,896.0,905.0,877.34998,883.15002,5591590.0
2022-07-18 09:15:00,NSE:HCLTECH,895.0,907.5,888.84998,900.29999,5156225.0
2022-07-19 09:15:00,NSE:HCLTECH,890.0,897.5,885.0,889.70001,4636293.0
2022-07-20 09:15:00,NSE:HCLTECH,904.59998,918.79999,895.09998,917.40002,4827089.0
2022-07-21 09:15:00,NSE:HCLTECH,921.0,926.95001,913.54999,924.45001,3498709.0
2022-07-22 09:15:00,NSE:HCLTECH,929.40002,931.90002,909.0,920.25,3514659.0
2022-07-25 09:15:00,NSE:HCLTECH,920.25,932.0,914.0,930.65002,2120224.0
2022-07-26 09:15:00,NSE:HCLTECH,928.5,929.65002,911.09998,913.5,2780103.0
2022-07-27 09:15:00,NSE:HCLTECH,912.09998,929.34998,911.09998,928.45001,1742497.0
2022-07-28 09:15:00,NSE:HCLTECH,935.90002,949.0,932.70001,946.09998,2843497.0
2022-07-29 09:15:00,NSE:HCLTECH,957.0,965.70001,947.15002,948.40002,3617725.0
2022-08-01 09:15:00,NSE:HCLTECH,954.0,956.5,945.20001,952.15002,2489519.0
2022-08-02 09:15:00,NSE:HCLTECH,952.15002,953.84998,941.04999,951.04999,2545241.0
2022-08-03 09:15:00,NSE:HCLTECH,951.0,961.79999,950.04999,957.20001,4119614.0
2022-08-04 09:15:00,NSE:HCLTECH,965.0,969.95001,945.79999,958.09998,3513266.0
2022-08-05 09:15:00,NSE:HCLTECH,962.90002,964.95001,955.0,957.75,2565683.0
2022-08-08 09:15:00,NSE:HCLTECH,957.75,968.0,950.04999,966.04999,1746911.0
2022-08-10 09:15:00,NSE:HCLTECH,966.04999,967.0,948.09998,952.04999,3271939.0
2022-08-11 09:15:00,NSE:HCLTECH,965.0,968.5,958.75,962.34998,3594584.0
2022-08-12 09:15:00,NSE:HCLTECH,964.0,964.0,954.0,956.40002,3022304.0
2022-08-16 09:15:00,NSE:HCLTECH,969.0,969.0,952.65002,958.20001,2784861.0
2022-08-17 09:15:00,NSE:HCLTECH,963.0,982.90002,955.0,980.59998,4649125.0
2022-08-18 09:15:00,NSE:HCLTECH,983.45001,983.45001,968.09998,973.5,2829269.0
2022-08-19 09:15:00,NSE:HCLTECH,974.5,987.04999,966.79999,970.04999,2880969.0
2022-08-22 09:15:00,NSE:HCLTECH,965.0,970.0,955.20001,959.45001,3616799.0
2022-08-23 09:15:00,NSE:HCLTECH,949.95001,951.0,939.0,946.90002,3753715.0
2022-08-24 09:15:00,NSE:HCLTECH,949.90002,953.79999,944.15002,949.15002,1494361.0
2022-08-25 09:15:00,NSE:HCLTECH,953.90002,953.90002,942.65002,943.79999,3316314.0
2022-08-26 09:15:00,NSE:HCLTECH,948.54999,956.0,943.75,945.65002,2195046.0
2022-08-29 09:15:00,NSE:HCLTECH,912.59998,922.0,900.09998,917.5,4974880.0
2022-08-30 09:15:00,NSE:HCLTECH,926.90002,945.25,923.70001,938.95001,2998417.0
2022-09-01 09:15:00,NSE:HCLTECH,917.29999,931.0,916.25,926.04999,2953921.0
2022-09-02 09:15:00,NSE:HCLTECH,931.20001,937.0,919.0,924.45001,1750283.0
2022-09-05 09:15:00,NSE:HCLTECH,926.0,942.29999,922.5,936.0,2279812.0
2022-09-06 09:15:00,NSE:HCLTECH,936.0,942.90002,927.04999,937.79999,2108615.0
2022-09-07 09:15:00,NSE:HCLTECH,927.0,932.54999,923.09998,931.70001,2709547.0
2022-09-08 09:15:00,NSE:HCLTECH,936.40002,940.90002,928.0,931.04999,3214686.0
2022-09-09 09:15:00,NSE:HCLTECH,939.0,953.0,934.29999,948.5,2206526.0
2022-09-12 09:15:00,NSE:HCLTECH,955.15002,963.5,953.5,955.54999,2517615.0
2022-09-13 09:15:00,NSE:HCLTECH,955.0,959.79999,950.45001,955.40002,2442828.0
2022-09-14 09:15:00,NSE:HCLTECH,933.29999,938.45001,926.54999,932.0,6761712.0
2022-09-15 09:15:00,NSE:HCLTECH,936.5,936.70001,916.29999,919.90002,2995215.0
2022-09-16 09:15:00,NSE:HCLTECH,915.09998,918.0,893.40002,896.90002,5095937.0
2022-09-19 09:15:00,NSE:HCLTECH,897.95001,907.15002,887.5,897.79999,2686561.0
2022-09-20 09:15:00,NSE:HCLTECH,902.29999,920.84998,902.0,914.0,1836721.0
2022-09-21 09:15:00,NSE:HCLTECH,909.0,913.75,898.84998,900.95001,1819649.0
2022-09-22 09:15:00,NSE:HCLTECH,897.59998,904.90002,889.75,897.65002,2315711.0
2022-09-23 09:15:00,NSE:HCLTECH,896.5,912.59998,892.0,895.84998,2569608.0
2022-09-26 09:15:00,NSE:HCLTECH,891.25,917.40002,882.0,906.70001,4182702.0
2022-09-27 09:15:00,NSE:HCLTECH,911.25,921.45001,907.59998,918.75,3545337.0
2022-09-28 09:15:00,NSE:HCLTECH,913.0,926.95001,911.84998,920.79999,4154139.0
2022-09-29 09:15:00,NSE:HCLTECH,927.0,931.0,916.59998,923.04999,2928360.0
2022-09-30 09:15:00,NSE:HCLTECH,921.90002,935.54999,910.04999,932.34998,3229901.0
2022-10-03 09:15:00,NSE:HCLTECH,932.34998,932.84998,916.0,930.25,1598950.0
2022-10-04 09:15:00,NSE:HCLTECH,942.5,951.0,937.04999,946.0,2331351.0
2022-10-06 09:15:00,NSE:HCLTECH,955.5,967.95001,955.5,964.54999,3713623.0
2022-10-07 09:15:00,NSE:HCLTECH,965.0,972.95001,955.0,957.70001,2174327.0
2022-10-10 09:15:00,NSE:HCLTECH,942.20001,967.15002,942.20001,963.25,2758812.0
2022-10-11 09:15:00,NSE:HCLTECH,968.09998,972.0,936.0,938.59998,3134969.0
2022-10-12 09:15:00,NSE:HCLTECH,943.29999,963.90002,943.29999,952.0,3502390.0
2022-10-13 09:15:00,NSE:HCLTECH,972.04999,989.04999,969.29999,982.09998,9698562.0
2022-10-14 09:15:00,NSE:HCLTECH,1005.0,1023.0,994.0,1002.55,7424383.0
2022-10-17 09:15:00,NSE:HCLTECH,1005.7,1006.8,991.09998,994.59998,2136170.0
2022-10-18 09:15:00,NSE:HCLTECH,1000.0,1013.65,999.09998,1009.2,2487826.0
2022-10-19 09:15:00,NSE:HCLTECH,1006.5,1006.5,994.0,995.65002,2517099.0
2022-10-20 09:15:00,NSE:HCLTECH,990.0,1019.3,988.0,1017.4,3931399.0
2022-10-21 09:15:00,NSE:HCLTECH,1022.5,1029.9,1011.6,1027.2,2071897.0
2022-10-24 18:15:00,NSE:HCLTECH,1035.0,1038.85,1030.0,1031.6,398105.0
2022-10-25 09:15:00,NSE:HCLTECH,1036.0,1037.25,1020.9,1026.5,3068136.0
2022-10-27 09:15:00,NSE:HCLTECH,1031.0,1037.45,1019.6,1032.05,3313674.0
2022-10-28 09:15:00,NSE:HCLTECH,1031.95,1039.75,1025.5,1030.0,2423629.0
2022-10-31 09:15:00,NSE:HCLTECH,1039.0,1052.5,1036.4,1041.15,2418565.0
2022-11-01 09:15:00,NSE:HCLTECH,1049.0,1061.85,1045.0,1060.05,2275488.0
2022-11-02 09:15:00,NSE:HCLTECH,1064.95,1066.35,1042.5,1045.2,2799322.0
2022-11-03 09:15:00,NSE:HCLTECH,1034.0,1049.2,1033.1,1045.15,2396164.0
2022-11-04 09:15:00,NSE:HCLTECH,1045.15,1049.0,1033.45,1045.35,1709158.0
2022-11-07 09:15:00,NSE:HCLTECH,1048.1,1055.7,1038.65,1047.15,2213508.0
2022-11-09 09:15:00,NSE:HCLTECH,1060.9,1061.45,1049.2,1053.45,2307691.0
2022-11-10 09:15:00,NSE:HCLTECH,1050.0,1062.4,1047.05,1052.45,2321667.0
2022-11-11 09:15:00,NSE:HCLTECH,1071.0,1098.7,1069.1,1090.65,3923101.0
2022-11-14 09:15:00,NSE:HCLTECH,1095.0,1102.95,1090.05,1099.0,2170007.0
2022-11-15 09:15:00,NSE:HCLTECH,1093.5,1106.1,1088.9,1103.9,2172420.0
2022-11-16 09:15:00,NSE:HCLTECH,1107.5,1112.45,1099.35,1105.2,2213697.0
2022-11-17 09:15:00,NSE:HCLTECH,1095.1,1100.6,1089.1,1092.55,2460883.0
2022-11-18 09:15:00,NSE:HCLTECH,1098.05,1106.0,1084.0,1103.15,2623894.0
2022-11-21 09:15:00,NSE:HCLTECH,1098.9,1106.35,1092.6,1095.5,1733741.0
2022-11-22 09:15:00,NSE:HCLTECH,1091.1,1105.9,1088.0,1103.4,2529146.0
2022-11-23 09:15:00,NSE:HCLTECH,1108.95,1111.5,1099.75,1103.4,2217599.0
2022-11-24 09:15:00,NSE:HCLTECH,1106.0,1135.0,1103.5,1129.6,3295202.0
2022-11-25 09:15:00,NSE:HCLTECH,1135.2,1137.55,1120.65,1128.2,1977441.0
2022-11-28 09:15:00,NSE:HCLTECH,1125.0,1132.75,1117.0,1118.8,2368293.0
2022-11-29 09:15:00,NSE:HCLTECH,1118.8,1138.75,1118.05,1128.95,1785948.0
2022-11-30 09:15:00,NSE:HCLTECH,1127.0,1129.9,1117.0,1120.8,6053488.0
2022-12-01 09:15:00,NSE:HCLTECH,1130.0,1150.65,1128.4,1136.4,3919684.0
2022-12-02 09:15:00,NSE:HCLTECH,1136.4,1140.4,1123.85,1135.55,2944923.0
2022-12-05 09:15:00,NSE:HCLTECH,1133.25,1141.95,1127.2,1130.85,2646466.0
2022-12-06 09:15:00,NSE:HCLTECH,1121.6,1125.0,1107.0,1120.95,2807894.0
2022-12-07 09:15:00,NSE:HCLTECH,1114.0,1116.6,1102.0,1105.9,2399879.0
2022-12-08 09:15:00,NSE:HCLTECH,1113.75,1113.75,1098.8,1101.35,1752350.0
2022-12-09 09:15:00,NSE:HCLTECH,1075.0,1075.0,1020.7,1027.5,12415478.0
2022-12-12 09:15:00,NSE:HCLTECH,1025.0,1039.15,1012.45,1028.4,4275785.0
2022-12-13 09:15:00,NSE:HCLTECH,1032.1,1046.9,1031.1,1044.7,2284909.0
2022-12-14 09:15:00,NSE:HCLTECH,1045.0,1057.3,1045.0,1056.2,2425507.0
2022-12-15 09:15:00,NSE:HCLTECH,1051.55,1051.8,1037.1,1042.35,1906369.0
2022-12-16 09:15:00,NSE:HCLTECH,1030.0,1046.45,1022.35,1029.65,5159215.0
2022-12-19 09:15:00,NSE:HCLTECH,1029.65,1037.5,1023.35,1033.25,3328172.0
2022-12-20 09:15:00,NSE:HCLTECH,1027.0,1033.35,1011.5,1029.7,2629849.0
2022-12-21 09:15:00,NSE:HCLTECH,1035.0,1053.25,1035.0,1040.35,2878658.0
2022-12-22 09:15:00,NSE:HCLTECH,1046.0,1054.65,1033.6,1039.1,2623451.0
2022-12-23 09:15:00,NSE:HCLTECH,1029.5,1044.1,1027.1,1030.6,2177675.0
2022-12-26 09:15:00,NSE:HCLTECH,1031.0,1041.75,1029.0,1031.7,1680715.0
2022-12-27 09:15:00,NSE:HCLTECH,1039.0,1040.75,1030.35,1036.35,554319.0
2022-12-28 09:15:00,NSE:HCLTECH,1030.0,1038.3,1026.5,1035.45,1397806.0
2022-12-29 09:15:00,NSE:HCLTECH,1030.0,1046.0,1028.1,1044.45,1277244.0
2022-12-30 09:15:00,NSE:HCLTECH,1050.0,1055.25,1034.3,1039.3,1860560.0
2023-01-02 09:15:00,NSE:HCLTECH,1039.1,1042.5,1031.5,1039.45,701880.0
2023-01-03 09:15:00,NSE:HCLTECH,1039.0,1045.8,1033.5,1041.35,2484372.0
2023-01-04 09:15:00,NSE:HCLTECH,1036.2,1042.0,1031.5,1036.6,1219170.0
2023-01-05 09:15:00,NSE:HCLTECH,1041.8,1049.8,1033.1,1044.1,2294943.0
2023-01-06 09:15:00,NSE:HCLTECH,1044.0,1047.9,1025.25,1032.8,1887689.0
2023-01-09 09:15:00,NSE:HCLTECH,1044.95,1071.0,1040.05,1067.45,4562242.0
2023-01-10 09:15:00,NSE:HCLTECH,1061.0,1072.6,1056.3,1063.85,2297082.0
2023-01-11 09:15:00,NSE:HCLTECH,1069.0,1079.6,1050.55,1054.8,3594167.0
2023-01-12 09:15:00,NSE:HCLTECH,1061.0,1074.5,1061.0,1071.65,4748542.0
2023-01-13 09:15:00,NSE:HCLTECH,1043.9,1084.0,1041.0,1077.8,8253765.0
2023-01-16 09:15:00,NSE:HCLTECH,1087.0,1100.45,1078.55,1093.7,4508538.0
2023-01-17 09:15:00,NSE:HCLTECH,1097.9,1113.95,1095.0,1111.05,4390338.0
2023-01-18 09:15:00,NSE:HCLTECH,1118.95,1125.85,1114.1,1115.15,6905092.0
2023-01-19 09:15:00,NSE:HCLTECH,1102.35,1113.35,1098.75,1111.4,2298287.0
2023-01-20 09:15:00,NSE:HCLTECH,1111.05,1121.4,1107.05,1107.8,4747128.0
2023-01-23 09:15:00,NSE:HCLTECH,1111.0,1122.9,1108.15,1121.2,1696834.0
2023-01-24 09:15:00,NSE:HCLTECH,1125.9,1143.7,1121.2,1137.85,4861107.0
2023-01-25 09:15:00,NSE:HCLTECH,1134.85,1134.85,1116.75,1122.75,2692236.0
2023-01-27 09:15:00,NSE:HCLTECH,1122.75,1134.3,1105.0,1115.6,3864525.0
2023-01-30 09:15:00,NSE:HCLTECH,1115.6,1139.95,1105.8,1134.75,3508427.0
2023-01-31 09:15:00,NSE:HCLTECH,1136.0,1137.7,1113.0,1122.2,4582858.0
2023-02-01 09:15:00,NSE:HCLTECH,1137.0,1137.0,1114.45,1132.1,2393911.0
2023-02-02 09:15:00,NSE:HCLTECH,1137.8,1155.5,1135.0,1149.6,3048359.0
2023-02-03 09:15:00,NSE:HCLTECH,1154.0,1156.65,1138.6,1146.15,1814055.0
2023-02-06 09:15:00,NSE:HCLTECH,1135.2,1149.85,1128.0,1145.7,2070175.0
2023-02-07 09:15:00,NSE:HCLTECH,1147.85,1153.0,1125.9,1128.25,1931191.0
2023-02-08 09:15:00,NSE:HCLTECH,1133.9,1149.0,1132.7,1145.0,2848255.0
2023-02-09 09:15:00,NSE:HCLTECH,1144.0,1152.0,1138.0,1146.35,1501083.0
2023-02-10 09:15:00,NSE:HCLTECH,1125.8,1130.0,1100.0,1115.65,3185163.0
2023-02-13 09:15:00,NSE:HCLTECH,1121.25,1121.25,1105.0,1113.0,2009185.0
2023-02-14 09:15:00,NSE:HCLTECH,1121.0,1142.4,1118.0,1125.45,3938046.0
2023-02-15 09:15:00,NSE:HCLTECH,1125.0,1134.6,1119.6,1132.9,1648954.0
2023-02-16 09:15:00,NSE:HCLTECH,1138.6,1152.15,1124.0,1128.15,2369355.0
2023-02-17 09:15:00,NSE:HCLTECH,1121.7,1121.7,1107.55,1109.55,1958807.0
2023-02-20 09:15:00,NSE:HCLTECH,1109.55,1134.7,1107.6,1115.7,1706036.0
2023-02-21 09:15:00,NSE:HCLTECH,1121.0,1122.05,1103.1,1105.2,1313278.0
2023-02-22 09:15:00,NSE:HCLTECH,1095.0,1105.55,1090.05,1092.6,2212194.0
2023-02-23 09:15:00,NSE:HCLTECH,1104.8,1111.95,1092.5,1094.35,2139983.0
2023-02-24 09:15:00,NSE:HCLTECH,1097.0,1104.5,1082.0,1094.85,1684570.0
2023-02-27 09:15:00,NSE:HCLTECH,1090.0,1090.0,1076.0,1083.95,1834553.0
2023-02-28 09:15:00,NSE:HCLTECH,1083.5,1096.9,1068.1,1077.6,20793703.0
2023-03-01 09:15:00,NSE:HCLTECH,1077.35,1104.0,1077.35,1101.1,1655100.0
2023-03-02 09:15:00,NSE:HCLTECH,1090.3,1117.0,1090.3,1105.95,4074162.0
2023-03-03 09:15:00,NSE:HCLTECH,1115.0,1129.7,1111.05,1119.0,3253621.0
2023-03-06 09:15:00,NSE:HCLTECH,1129.0,1148.0,1123.3,1126.7,4091674.0
2023-03-08 09:15:00,NSE:HCLTECH,1112.0,1124.0,1107.3,1120.65,3209393.0
2023-03-09 09:15:00,NSE:HCLTECH,1121.95,1126.7,1114.05,1116.65,1834324.0
2023-03-10 09:15:00,NSE:HCLTECH,1105.0,1118.15,1105.0,1116.3,1193681.0
2023-03-13 09:15:00,NSE:HCLTECH,1120.95,1133.6,1095.0,1098.6,3028387.0
2023-03-14 09:15:00,NSE:HCLTECH,1098.55,1103.4,1066.0,1084.05,3683544.0
2023-03-15 09:15:00,NSE:HCLTECH,1095.05,1097.9,1075.5,1079.65,1528510.0
2023-03-16 09:15:00,NSE:HCLTECH,1083.95,1087.55,1069.65,1072.4,1812907.0
2023-03-17 09:15:00,NSE:HCLTECH,1088.2,1117.1,1084.05,1108.45,5350523.0
2023-03-20 09:15:00,NSE:HCLTECH,1105.0,1108.3,1086.25,1090.85,2066169.0
2023-03-21 09:15:00,NSE:HCLTECH,1099.0,1102.4,1077.1,1083.9,2421127.0
2023-03-22 09:15:00,NSE:HCLTECH,1091.95,1105.75,1079.05,1081.45,1382329.0
2023-03-23 09:15:00,NSE:HCLTECH,1077.0,1080.4,1061.0,1065.9,2178855.0
2023-03-24 09:15:00,NSE:HCLTECH,1073.0,1090.0,1047.05,1051.75,2688253.0
2023-03-27 09:15:00,NSE:HCLTECH,1053.3,1065.5,1044.8,1051.5,1459887.0
2023-03-28 09:15:00,NSE:HCLTECH,1056.8,1063.8,1039.35,1041.1,2965015.0
2023-03-29 09:15:00,NSE:HCLTECH,1046.0,1070.0,1042.1,1067.5,2478745.0
2023-03-31 09:15:00,NSE:HCLTECH,1083.4,1096.9,1069.4,1085.25,3131614.0
2023-04-03 09:15:00,NSE:HCLTECH,1089.95,1099.25,1088.0,1098.15,1540702.0
2023-04-05 09:15:00,NSE:HCLTECH,1085.35,1113.0,1066.15,1111.2,3342291.0
2023-04-06 09:15:00,NSE:HCLTECH,1109.05,1109.05,1085.45,1091.85,2378264.0
2023-04-10 09:15:00,NSE:HCLTECH,1091.85,1105.0,1091.5,1103.1,711625.0
2023-04-11 09:15:00,NSE:HCLTECH,1104.0,1109.9,1085.0,1087.0,2318905.0
2023-04-12 09:15:00,NSE:HCLTECH,1092.0,1097.45,1080.1,1094.5,2715967.0
2023-04-13 09:15:00,NSE:HCLTECH,1089.0,1089.0,1063.0,1071.85,3071057.0
2023-04-17 09:15:00,NSE:HCLTECH,1055.0,1055.0,1016.25,1042.2,9509446.0
2023-04-18 09:15:00,NSE:HCLTECH,1049.55,1066.4,1045.2,1063.85,3686404.0
2023-04-19 09:15:00,NSE:HCLTECH,1073.95,1073.95,1036.45,1038.7,4322881.0
2023-04-20 09:15:00,NSE:HCLTECH,1040.0,1047.2,1031.85,1037.5,3057560.0
2023-04-21 09:15:00,NSE:HCLTECH,1054.0,1074.0,1037.75,1048.95,7708194.0
2023-04-24 09:15:00,NSE:HCLTECH,1057.0,1058.9,1046.0,1054.05,2033625.0
2023-04-25 09:15:00,NSE:HCLTECH,1050.45,1058.8,1044.4,1053.45,1237595.0
2023-04-26 09:15:00,NSE:HCLTECH,1055.0,1067.0,1048.0,1065.55,1647101.0
2023-04-27 09:15:00,NSE:HCLTECH,1065.55,1075.0,1061.0,1071.25,1654910.0
2023-04-28 09:15:00,NSE:HCLTECH,1059.95,1068.75,1053.75,1064.1,2629188.0
2023-05-02 09:15:00,NSE:HCLTECH,1064.1,1074.8,1064.0,1067.55,1905168.0
2023-05-03 09:15:00,NSE:HCLTECH,1062.0,1064.0,1055.0,1058.95,1649820.0
2023-05-04 09:15:00,NSE:HCLTECH,1056.05,1067.95,1048.3,1066.8,1403672.0
2023-05-05 09:15:00,NSE:HCLTECH,1066.8,1069.95,1052.1,1055.55,1641673.0
2023-05-08 09:15:00,NSE:HCLTECH,1058.0,1077.5,1055.0,1075.75,1389075.0
2023-05-09 09:15:00,NSE:HCLTECH,1071.0,1082.6,1066.05,1079.0,2981949.0
2023-05-10 09:15:00,NSE:HCLTECH,1084.15,1088.8,1072.1,1078.3,2091411.0
2023-05-11 09:15:00,NSE:HCLTECH,1082.15,1092.6,1080.05,1088.1,2653108.0
2023-05-12 09:15:00,NSE:HCLTECH,1086.0,1103.4,1077.45,1095.5,1585037.0
2023-05-15 09:15:00,NSE:HCLTECH,1098.95,1105.95,1092.8,1099.75,1523466.0
2023-05-16 09:15:00,NSE:HCLTECH,1100.2,1105.3,1088.1,1090.7,1166324.0
2023-05-17 09:15:00,NSE:HCLTECH,1090.5,1093.95,1062.7,1074.55,3602382.0
2023-05-18 09:15:00,NSE:HCLTECH,1081.95,1085.0,1073.0,1079.9,1515743.0
2023-05-19 09:15:00,NSE:HCLTECH,1088.6,1104.0,1082.45,1095.35,1984436.0
2023-05-22 09:15:00,NSE:HCLTECH,1095.35,1121.9,1088.95,1119.85,1864932.0
2023-05-23 09:15:00,NSE:HCLTECH,1120.0,1131.35,1104.0,1107.35,2138096.0
2023-05-24 09:15:00,NSE:HCLTECH,1099.05,1115.0,1098.0,1111.95,1302744.0
2023-05-25 09:15:00,NSE:HCLTECH,1109.2,1118.25,1103.05,1116.0,1124803.0
2023-05-26 09:15:00,NSE:HCLTECH,1115.0,1140.35,1114.0,1139.2,1635167.0
2023-05-29 09:15:00,NSE:HCLTECH,1146.0,1147.95,1124.4,1126.2,1288914.0
2023-05-30 09:15:00,NSE:HCLTECH,1129.0,1144.0,1128.05,1135.85,1983735.0
2023-05-31 09:15:00,NSE:HCLTECH,1134.8,1153.35,1132.1,1145.1,5967930.0
2023-06-01 09:15:00,NSE:HCLTECH,1148.0,1155.15,1137.65,1141.9,1445692.0
2023-06-02 09:15:00,NSE:HCLTECH,1148.0,1151.1,1131.6,1137.05,1336554.0
2023-06-05 09:15:00,NSE:HCLTECH,1144.0,1148.5,1136.0,1138.3,1435758.0
2023-06-06 09:15:00,NSE:HCLTECH,1130.0,1132.3,1113.75,1128.6,1943605.0
2023-06-07 09:15:00,NSE:HCLTECH,1133.8,1133.8,1116.2,1129.05,2459039.0
2023-06-08 09:15:00,NSE:HCLTECH,1129.05,1131.25,1118.3,1126.75,1385218.0
2023-06-09 09:15:00,NSE:HCLTECH,1129.1,1131.0,1105.95,1109.75,1824218.0
2023-06-12 09:15:00,NSE:HCLTECH,1112.95,1140.95,1111.5,1139.65,1670970.0
2023-06-13 09:15:00,NSE:HCLTECH,1144.95,1144.95,1129.3,1131.3,2014656.0
2023-06-14 09:15:00,NSE:HCLTECH,1138.0,1138.4,1126.05,1135.85,836964.0
2023-06-15 09:15:00,NSE:HCLTECH,1140.0,1147.0,1136.55,1143.6,2109652.0
2023-06-16 09:15:00,NSE:HCLTECH,1150.0,1154.25,1132.45,1148.2,2909817.0
2023-06-19 09:15:00,NSE:HCLTECH,1148.2,1153.9,1135.45,1137.55,1278608.0
2023-06-20 09:15:00,NSE:HCLTECH,1133.0,1170.75,1132.5,1168.65,3504867.0
2023-06-21 09:15:00,NSE:HCLTECH,1175.0,1175.7,1161.65,1170.45,2019683.0
2023-06-22 09:15:00,NSE:HCLTECH,1170.15,1170.45,1158.85,1163.4,972005.0
2023-06-23 09:15:00,NSE:HCLTECH,1161.9,1170.55,1151.0,1165.15,1699790.0
2023-06-26 09:15:00,NSE:HCLTECH,1167.25,1175.95,1163.05,1167.5,1190307.0
2023-06-27 09:15:00,NSE:HCLTECH,1167.0,1174.45,1160.2,1170.0,1504039.0
2023-06-28 09:15:00,NSE:HCLTECH,1173.45,1173.95,1166.5,1170.25,1424076.0
2023-06-30 09:15:00,NSE:HCLTECH,1170.35,1194.0,1165.0,1187.95,3036648.0
2023-07-03 09:15:00,NSE:HCLTECH,1190.0,1195.0,1174.5,1181.6,1749952.0
2023-07-04 09:15:00,NSE:HCLTECH,1182.0,1193.0,1178.55,1190.6,1094468.0
2023-07-05 09:15:00,NSE:HCLTECH,1194.0,1202.6,1187.6,1194.8,1653610.0
2023-07-06 09:15:00,NSE:HCLTECH,1194.8,1198.0,1174.95,1180.65,2334220.0
2023-07-07 09:15:00,NSE:HCLTECH,1178.15,1182.95,1153.8,1157.6,2159585.0
2023-07-10 09:15:00,NSE:HCLTECH,1160.0,1161.9,1120.0,1124.5,3960400.0
2023-07-11 09:15:00,NSE:HCLTECH,1131.75,1131.75,1112.0,1114.9,4982603.0
2023-07-12 09:15:00,NSE:HCLTECH,1119.7,1124.5,1102.45,1110.55,3824027.0
2023-07-13 09:15:00,NSE:HCLTECH,1100.0,1124.4,1087.05,1108.8,12294227.0
2023-07-14 09:15:00,NSE:HCLTECH,1114.2,1157.1,1111.55,1150.95,6605038.0
2023-07-17 09:15:00,NSE:HCLTECH,1151.95,1172.0,1143.65,1153.75,3159479.0
2023-07-18 09:15:00,NSE:HCLTECH,1158.95,1170.0,1146.4,1167.2,2431478.0
2023-07-19 09:15:00,NSE:HCLTECH,1165.0,1174.9,1157.0,1169.05,2242397.0
2023-07-20 09:15:00,NSE:HCLTECH,1160.0,1162.8,1148.0,1155.8,1990001.0
2023-07-21 09:15:00,NSE:HCLTECH,1110.0,1139.9,1095.0,1115.45,5259150.0
2023-07-24 09:15:00,NSE:HCLTECH,1120.0,1127.7,1111.0,1112.9,2672505.0
2023-07-25 09:15:00,NSE:HCLTECH,1118.5,1119.0,1105.1,1111.55,2506726.0
2023-07-26 09:15:00,NSE:HCLTECH,1110.2,1120.85,1110.1,1115.0,1969964.0
2023-07-27 09:15:00,NSE:HCLTECH,1115.0,1122.7,1108.95,1117.35,1769815.0
2023-07-28 09:15:00,NSE:HCLTECH,1114.05,1118.5,1097.45,1103.55,2031899.0
2023-07-31 09:15:00,NSE:HCLTECH,1108.0,1119.5,1096.0,1116.7,2526624.0
2023-08-01 09:15:00,NSE:HCLTECH,1120.0,1142.0,1111.9,1138.5,2710536.0
2023-08-02 09:15:00,NSE:HCLTECH,1137.0,1137.0,1121.5,1130.9,2701150.0
2023-08-03 09:15:00,NSE:HCLTECH,1126.0,1135.55,1115.05,1125.5,1608187.0
2023-08-04 09:15:00,NSE:HCLTECH,1130.45,1152.35,1126.0,1144.35,3315303.0
2023-08-07 09:15:00,NSE:HCLTECH,1154.55,1155.75,1143.15,1150.8,1655404.0
2023-08-08 09:15:00,NSE:HCLTECH,1154.9,1156.9,1137.0,1141.35,1667697.0
2023-08-09 09:15:00,NSE:HCLTECH,1140.95,1146.0,1125.0,1144.15,1559337.0
2023-08-10 09:15:00,NSE:HCLTECH,1140.0,1144.8,1128.65,1134.3,1676669.0
2023-08-11 09:15:00,NSE:HCLTECH,1160.0,1186.95,1154.3,1171.45,7391806.0
2023-08-14 09:15:00,NSE:HCLTECH,1170.65,1177.0,1154.0,1171.0,1720940.0
2023-08-16 09:15:00,NSE:HCLTECH,1175.75,1186.25,1170.1,1177.15,2567226.0
2023-08-17 09:15:00,NSE:HCLTECH,1176.85,1180.95,1163.95,1176.7,2331256.0
2023-08-18 09:15:00,NSE:HCLTECH,1173.0,1177.85,1158.65,1173.7,3406088.0
2023-08-21 09:15:00,NSE:HCLTECH,1172.95,1188.9,1168.95,1179.25,1661946.0
2023-08-22 09:15:00,NSE:HCLTECH,1182.0,1187.0,1176.15,1179.5,1805887.0
2023-08-23 09:15:00,NSE:HCLTECH,1192.95,1195.0,1178.65,1182.5,2347850.0
2023-08-24 09:15:00,NSE:HCLTECH,1188.95,1189.0,1169.0,1171.25,2464221.0
2023-08-25 09:15:00,NSE:HCLTECH,1165.0,1170.8,1150.0,1153.95,2105159.0
2023-08-28 09:15:00,NSE:HCLTECH,1155.0,1159.7,1139.3,1146.45,2571967.0
2023-08-29 09:15:00,NSE:HCLTECH,1153.9,1163.3,1148.3,1157.55,1794652.0
2023-08-30 09:15:00,NSE:HCLTECH,1166.0,1175.15,1161.65,1170.5,1497356.0
2023-08-31 09:15:00,NSE:HCLTECH,1179.5,1188.1,1165.9,1172.15,4483967.0
2023-09-01 09:15:00,NSE:HCLTECH,1173.0,1188.0,1171.1,1185.8,1669640.0
2023-09-04 09:15:00,NSE:HCLTECH,1186.0,1235.0,1185.0,1232.5,4517935.0
2023-09-05 09:15:00,NSE:HCLTECH,1236.75,1241.7,1225.2,1235.55,2842400.0
2023-09-06 09:15:00,NSE:HCLTECH,1239.85,1242.4,1222.7,1235.85,1767709.0
2023-09-07 09:15:00,NSE:HCLTECH,1238.0,1257.0,1230.3,1254.0,2582004.0
2023-09-08 09:15:00,NSE:HCLTECH,1259.0,1269.55,1254.3,1262.05,2280777.0
2023-09-11 09:15:00,NSE:HCLTECH,1276.55,1284.3,1270.4,1281.55,2691836.0
2023-09-12 09:15:00,NSE:HCLTECH,1285.0,1291.75,1265.5,1282.4,2140769.0
2023-09-13 09:15:00,NSE:HCLTECH,1282.0,1282.4,1266.1,1275.25,2275523.0
2023-09-14 09:15:00,NSE:HCLTECH,1280.85,1290.7,1275.6,1283.6,2655172.0
2023-09-15 09:15:00,NSE:HCLTECH,1294.0,1310.0,1291.05,1304.6,4286280.0
2023-09-18 09:15:00,NSE:HCLTECH,1302.0,1311.3,1289.7,1305.0,2761885.0
2023-09-20 09:15:00,NSE:HCLTECH,1281.5,1304.0,1281.5,1293.4,2220756.0
2023-09-21 09:15:00,NSE:HCLTECH,1284.0,1285.0,1259.3,1278.0,3112700.0
2023-09-22 09:15:00,NSE:HCLTECH,1272.45,1283.6,1265.1,1273.7,1321467.0
2023-09-25 09:15:00,NSE:HCLTECH,1270.0,1280.0,1256.6,1263.45,1246703.0
2023-09-26 09:15:00,NSE:HCLTECH,1264.0,1268.95,1257.1,1261.45,903152.0
2023-09-27 09:15:00,NSE:HCLTECH,1258.5,1267.65,1253.3,1261.1,1670373.0
2023-09-28 09:15:00,NSE:HCLTECH,1261.1,1266.0,1238.55,1241.9,1807072.0
2023-09-29 09:15:00,NSE:HCLTECH,1235.1,1249.7,1227.25,1234.8,2338327.0
2023-10-03 09:15:00,NSE:HCLTECH,1232.5,1256.7,1222.7,1238.7,2162636.0
2023-10-04 09:15:00,NSE:HCLTECH,1234.0,1244.8,1225.0,1239.55,2253785.0
2023-10-05 09:15:00,NSE:HCLTECH,1249.0,1253.95,1227.8,1235.45,2995200.0
2023-10-06 09:15:00,NSE:HCLTECH,1252.0,1256.0,1230.1,1237.7,2497711.0
2023-10-09 09:15:00,NSE:HCLTECH,1236.0,1266.65,1231.15,1249.6,3430211.0
2023-10-10 09:15:00,NSE:HCLTECH,1255.55,1264.75,1248.2,1261.8,1532394.0
2023-10-11 09:15:00,NSE:HCLTECH,1266.0,1274.45,1241.0,1245.6,2186131.0
2023-10-12 09:15:00,NSE:HCLTECH,1245.0,1248.55,1215.15,1223.75,3921609.0
2023-10-13 09:15:00,NSE:HCLTECH,1211.0,1266.5,1208.55,1255.9,5740821.0
2023-10-16 09:15:00,NSE:HCLTECH,1263.0,1279.3,1260.3,1270.65,2527113.0
2023-10-17 09:15:00,NSE:HCLTECH,1278.9,1279.0,1271.0,1277.15,1687345.0
2023-10-18 09:15:00,NSE:HCLTECH,1278.0,1281.5,1267.4,1269.45,1743126.0
2023-10-19 09:15:00,NSE:HCLTECH,1266.8,1274.75,1264.9,1267.35,2279726.0
2023-10-20 09:15:00,NSE:HCLTECH,1252.0,1261.35,1245.45,1258.6,1625449.0
2023-10-23 09:15:00,NSE:HCLTECH,1248.0,1260.5,1232.3,1236.65,1646367.0
2023-10-25 09:15:00,NSE:HCLTECH,1231.2,1252.9,1225.3,1229.0,1420065.0
2023-10-26 09:15:00,NSE:HCLTECH,1215.0,1238.2,1212.05,1231.8,4617424.0
2023-10-27 09:15:00,NSE:HCLTECH,1237.0,1270.0,1233.45,1268.7,2675348.0
2023-10-30 09:15:00,NSE:HCLTECH,1270.0,1274.8,1256.0,1264.75,1158770.0
2023-10-31 09:15:00,NSE:HCLTECH,1272.0,1279.85,1256.7,1276.0,2525870.0
2023-11-01 09:15:00,NSE:HCLTECH,1280.0,1285.95,1255.3,1258.95,1572719.0
2023-11-02 09:15:00,NSE:HCLTECH,1266.0,1275.0,1265.0,1273.4,1368604.0
2023-11-03 09:15:00,NSE:HCLTECH,1282.6,1287.3,1263.0,1266.25,2052536.0
2023-11-06 09:15:00,NSE:HCLTECH,1276.25,1279.5,1265.15,1269.7,1175823.0
2023-11-07 09:15:00,NSE:HCLTECH,1269.0,1277.7,1267.1,1273.95,1385282.0
2023-11-08 09:15:00,NSE:HCLTECH,1280.0,1280.8,1265.9,1267.65,937671.0
2023-11-09 09:15:00,NSE:HCLTECH,1267.65,1275.8,1261.8,1267.5,1483749.0
2023-11-10 09:15:00,NSE:HCLTECH,1262.3,1271.0,1250.65,1255.45,1469902.0
2023-11-12 18:15:00,NSE:HCLTECH,1265.0,1265.45,1256.35,1260.2,132559.0
2023-11-13 09:15:00,NSE:HCLTECH,1260.0,1263.6,1253.3,1261.0,730991.0
2023-11-15 09:15:00,NSE:HCLTECH,1275.0,1283.0,1268.4,1276.65,2410620.0
2023-11-16 09:15:00,NSE:HCLTECH,1283.8,1317.95,1278.0,1311.05,3936945.0
2023-11-17 09:15:00,NSE:HCLTECH,1313.4,1325.75,1306.4,1309.15,2882039.0
2023-11-20 09:15:00,NSE:HCLTECH,1314.95,1331.7,1314.0,1325.4,2831858.0
2023-11-21 09:15:00,NSE:HCLTECH,1335.6,1336.0,1321.8,1326.6,1514256.0
2023-11-22 09:15:00,NSE:HCLTECH,1326.6,1335.75,1320.4,1329.7,1535630.0
2023-11-23 09:15:00,NSE:HCLTECH,1333.95,1335.25,1325.7,1329.0,1307344.0
2023-11-24 09:15:00,NSE:HCLTECH,1328.9,1332.65,1305.65,1309.15,1795933.0
2023-11-28 09:15:00,NSE:HCLTECH,1309.15,1319.9,1295.3,1316.65,2152951.0
2023-11-29 09:15:00,NSE:HCLTECH,1324.0,1338.8,1321.5,1333.95,1835524.0
2023-11-30 09:15:00,NSE:HCLTECH,1337.0,1346.8,1329.7,1340.9,4104385.0
2023-12-01 09:15:00,NSE:HCLTECH,1346.0,1349.0,1328.0,1336.7,1854324.0
2023-12-04 09:15:00,NSE:HCLTECH,1350.0,1350.0,1331.0,1337.95,1547057.0
2023-12-05 09:15:00,NSE:HCLTECH,1347.0,1347.0,1308.3,1317.55,3932040.0
2023-12-06 09:15:00,NSE:HCLTECH,1325.0,1339.95,1319.55,1329.55,2077245.0
2023-12-07 09:15:00,NSE:HCLTECH,1331.0,1337.0,1325.35,1328.0,1985003.0
2023-12-08 09:15:00,NSE:HCLTECH,1333.0,1369.95,1329.0,1364.1,4509751.0
2023-12-11 09:15:00,NSE:HCLTECH,1370.1,1383.0,1366.05,1375.3,2824656.0
2023-12-12 09:15:00,NSE:HCLTECH,1377.0,1387.0,1370.0,1375.3,2730422.0
2023-12-13 09:15:00,NSE:HCLTECH,1379.35,1382.8,1357.05,1369.2,1896931.0
2023-12-14 09:15:00,NSE:HCLTECH,1391.0,1419.25,1382.0,1414.6,5145574.0
2023-12-15 09:15:00,NSE:HCLTECH,1422.0,1497.0,1422.0,1491.3,7374290.0
2023-12-18 09:15:00,NSE:HCLTECH,1489.85,1509.9,1481.0,1504.3,3075527.0
2023-12-19 09:15:00,NSE:HCLTECH,1501.5,1504.65,1477.7,1488.3,2590417.0
2023-12-20 09:15:00,NSE:HCLTECH,1485.0,1503.05,1435.0,1439.95,4368383.0
2023-12-21 09:15:00,NSE:HCLTECH,1421.15,1447.05,1420.1,1422.05,2841508.0
2023-12-22 09:15:00,NSE:HCLTECH,1431.0,1467.35,1423.0,1462.7,2303438.0
2023-12-26 09:15:00,NSE:HCLTECH,1462.7,1467.35,1442.15,1458.15,1363265.0
2023-12-27 09:15:00,NSE:HCLTECH,1465.45,1476.0,1457.55,1472.05,1402329.0
2023-12-28 09:15:00,NSE:HCLTECH,1470.6,1482.7,1468.45,1472.45,1928616.0
2023-12-29 09:15:00,NSE:HCLTECH,1473.95,1481.85,1457.55,1466.1,1481617.0
2024-01-01 09:15:00,NSE:HCLTECH,1460.0,1495.75,1455.05,1483.75,1222315.0
2024-01-02 09:15:00,NSE:HCLTECH,1484.05,1488.8,1461.35,1469.55,1440888.0
2024-01-03 09:15:00,NSE:HCLTECH,1460.0,1465.0,1435.5,1437.75,1651716.0
2024-01-04 09:15:00,NSE:HCLTECH,1437.0,1444.8,1417.15,1419.95,3392241.0
2024-01-05 09:15:00,NSE:HCLTECH,1425.0,1438.85,1421.9,1432.8,1776925.0
2024-01-08 09:15:00,NSE:HCLTECH,1435.0,1452.6,1430.55,1447.9,2025264.0
2024-01-09 09:15:00,NSE:HCLTECH,1460.6,1480.95,1452.35,1460.4,3119270.0
2024-01-10 09:15:00,NSE:HCLTECH,1474.9,1508.0,1466.05,1492.1,4368914.0
2024-01-11 09:15:00,NSE:HCLTECH,1500.0,1500.0,1474.0,1484.8,2271368.0
2024-01-12 09:15:00,NSE:HCLTECH,1505.0,1555.0,1498.5,1540.8,5862043.0
2024-01-15 09:15:00,NSE:HCLTECH,1610.0,1619.6,1575.5,1588.2,9712071.0
2024-01-16 09:15:00,NSE:HCLTECH,1587.0,1587.0,1538.0,1555.45,4459799.0
2024-01-17 09:15:00,NSE:HCLTECH,1520.0,1585.0,1516.55,1575.9,3846289.0
2024-01-18 09:15:00,NSE:HCLTECH,1577.0,1584.2,1537.05,1567.55,3205598.0
2024-01-19 09:15:00,NSE:HCLTECH,1570.0,1590.0,1558.05,1567.95,2374099.0
2024-01-20 09:15:00,NSE:HCLTECH,1580.0,1580.0,1537.05,1544.0,961332.0
2024-01-23 09:15:00,NSE:HCLTECH,1558.9,1567.9,1517.05,1523.65,3196630.0
2024-01-24 09:15:00,NSE:HCLTECH,1530.1,1581.2,1523.7,1576.4,2136023.0
2024-01-25 09:15:00,NSE:HCLTECH,1570.0,1570.0,1536.75,1550.25,2641656.0
2024-01-29 09:15:00,NSE:HCLTECH,1565.0,1588.6,1550.25,1574.55,2521598.0
2024-01-30 09:15:00,NSE:HCLTECH,1580.0,1592.45,1555.0,1559.3,1939386.0
2024-01-31 09:15:00,NSE:HCLTECH,1559.3,1581.3,1546.35,1576.0,7025931.0
2024-02-01 09:15:00,NSE:HCLTECH,1576.0,1597.0,1566.35,1577.4,2845408.0
2024-02-02 09:15:00,NSE:HCLTECH,1584.8,1613.9,1575.0,1583.75,2337374.0
2024-02-05 09:15:00,NSE:HCLTECH,1584.95,1588.5,1551.45,1555.35,1452864.0
2024-02-06 09:15:00,NSE:HCLTECH,1566.0,1627.0,1558.05,1623.75,4988311.0
2024-02-07 09:15:00,NSE:HCLTECH,1628.0,1629.9,1598.95,1615.35,3320199.0
2024-02-08 09:15:00,NSE:HCLTECH,1626.0,1647.7,1617.3,1633.8,3496692.0
2024-02-09 09:15:00,NSE:HCLTECH,1640.0,1646.75,1614.65,1630.6,3341297.0
2024-02-12 09:15:00,NSE:HCLTECH,1639.0,1685.0,1639.0,1666.95,4885445.0
2024-02-13 09:15:00,NSE:HCLTECH,1675.0,1675.0,1648.6,1665.6,3129897.0
2024-02-14 09:15:00,NSE:HCLTECH,1649.75,1676.9,1625.45,1671.5,1386643.0
2024-02-15 09:15:00,NSE:HCLTECH,1678.0,1696.5,1650.1,1662.55,2555162.0
2024-02-16 09:15:00,NSE:HCLTECH,1675.0,1677.0,1650.05,1667.45,1776881.0
2024-02-19 09:15:00,NSE:HCLTECH,1670.0,1682.95,1659.65,1675.25,762624.0
2024-02-20 09:15:00,NSE:HCLTECH,1661.0,1672.75,1645.0,1663.05,2240414.0
2024-02-21 09:15:00,NSE:HCLTECH,1655.55,1664.8,1632.05,1636.3,2890991.0
2024-02-22 09:15:00,NSE:HCLTECH,1644.0,1691.4,1639.0,1686.4,3820901.0
2024-02-23 09:15:00,NSE:HCLTECH,1697.0,1697.35,1663.45,1665.75,2191549.0
2024-02-26 09:15:00,NSE:HCLTECH,1665.75,1668.85,1639.5,1649.8,1844253.0
2024-02-27 09:15:00,NSE:HCLTECH,1649.0,1673.4,1648.0,1658.8,2049420.0
2024-02-28 09:15:00,NSE:HCLTECH,1664.7,1672.0,1644.2,1651.9,936575.0
2024-02-29 09:15:00,NSE:HCLTECH,1642.15,1677.75,1636.65,1663.85,3532888.0
2024-03-01 09:15:00,NSE:HCLTECH,1675.45,1679.2,1639.1,1644.1,2371138.0
2024-03-02 09:15:00,NSE:HCLTECH,1656.0,1663.0,1643.0,1646.3,74513.0
2024-03-04 09:15:00,NSE:HCLTECH,1649.0,1654.0,1635.0,1637.95,1788071.0
2024-03-05 09:15:00,NSE:HCLTECH,1624.0,1629.95,1607.05,1619.35,3339546.0
2024-03-06 09:15:00,NSE:HCLTECH,1613.0,1650.0,1603.85,1644.2,2366177.0
2024-03-07 09:15:00,NSE:HCLTECH,1650.0,1654.55,1630.1,1637.65,3181239.0
2024-03-11 09:15:00,NSE:HCLTECH,1655.0,1659.8,1632.05,1638.65,2970902.0
2024-03-12 09:15:00,NSE:HCLTECH,1635.9,1665.0,1633.05,1635.6,2414182.0
2024-03-13 09:15:00,NSE:HCLTECH,1638.75,1651.25,1610.35,1631.5,2564135.0
2024-03-14 09:15:00,NSE:HCLTECH,1634.0,1683.0,1610.0,1679.25,3513306.0
2024-03-15 09:15:00,NSE:HCLTECH,1677.0,1677.0,1642.85,1647.3,3931561.0
2024-03-18 09:15:00,NSE:HCLTECH,1649.9,1663.3,1634.25,1643.4,1183544.0
2024-03-19 09:15:00,NSE:HCLTECH,1641.55,1641.55,1594.1,1599.15,1915379.0
2024-03-20 09:15:00,NSE:HCLTECH,1604.75,1619.1,1578.1,1587.1,1815178.0
2024-03-21 09:15:00,NSE:HCLTECH,1608.0,1619.95,1583.35,1595.8,2684744.0
2024-03-22 09:15:00,NSE:HCLTECH,1560.0,1571.45,1508.2,1557.85,7468824.0
2024-03-26 09:15:00,NSE:HCLTECH,1562.25,1592.55,1555.55,1562.25,4496344.0
2024-03-27 09:15:00,NSE:HCLTECH,1569.0,1576.85,1540.0,1546.2,2589697.0
2024-03-28 09:15:00,NSE:HCLTECH,1549.0,1561.05,1531.0,1543.55,5301493.0
2024-04-01 09:15:00,NSE:HCLTECH,1549.0,1569.0,1548.0,1556.7,1014857.0
2024-04-02 09:15:00,NSE:HCLTECH,1559.0,1565.0,1525.1,1528.3,2031775.0
2024-04-03 09:15:00,NSE:HCLTECH,1525.35,1558.45,1518.0,1535.85,3343884.0
2024-04-04 09:15:00,NSE:HCLTECH,1540.8,1552.5,1518.7,1539.65,3388449.0
2024-04-05 09:15:00,NSE:HCLTECH,1542.45,1547.7,1523.8,1545.25,2773570.0
2024-04-08 09:15:00,NSE:HCLTECH,1554.0,1554.0,1537.65,1540.05,1820136.0
2024-04-09 09:15:00,NSE:HCLTECH,1540.0,1561.8,1534.55,1540.5,2432095.0
2024-04-10 09:15:00,NSE:HCLTECH,1541.05,1552.15,1536.2,1539.15,1829986.0
2024-04-12 09:15:00,NSE:HCLTECH,1537.0,1542.95,1516.2,1521.5,4319991.0
2024-04-15 09:15:00,NSE:HCLTECH,1507.1,1530.5,1494.0,1505.05,3295684.0
2024-04-16 09:15:00,NSE:HCLTECH,1486.35,1501.6,1467.3,1477.3,2446933.0
2024-04-18 09:15:00,NSE:HCLTECH,1477.05,1480.9,1452.1,1466.85,5180223.0
2024-04-19 09:15:00,NSE:HCLTECH,1442.0,1455.5,1435.0,1447.5,5219506.0
2024-04-22 09:15:00,NSE:HCLTECH,1452.2,1473.3,1450.5,1465.9,1939632.0
2024-04-23 09:15:00,NSE:HCLTECH,1474.9,1501.45,1471.1,1486.65,2783858.0
2024-04-24 09:15:00,NSE:HCLTECH,1490.0,1496.95,1476.3,1479.25,1321471.0
2024-04-25 09:15:00,NSE:HCLTECH,1479.95,1515.05,1479.95,1504.15,4558032.0
2024-04-26 09:15:00,NSE:HCLTECH,1516.85,1531.45,1464.95,1473.85,4328477.0
2024-04-29 09:15:00,NSE:HCLTECH,1415.0,1436.0,1381.0,1387.4,11493223.0
2024-04-30 09:15:00,NSE:HCLTECH,1376.4,1397.9,1362.45,1366.6,7606726.0
2024-05-02 09:15:00,NSE:HCLTECH,1358.0,1377.9,1358.0,1360.7,6555505.0
2024-05-03 09:15:00,NSE:HCLTECH,1370.0,1370.0,1333.55,1348.05,5964228.0
2024-05-06 09:15:00,NSE:HCLTECH,1358.0,1365.0,1348.5,1358.8,2504082.0
2024-05-07 09:15:00,NSE:HCLTECH,1347.95,1348.9,1326.15,1330.95,5096525.0
2024-05-08 09:15:00,NSE:HCLTECH,1330.95,1334.0,1307.3,1313.65,6832455.0
2024-05-09 09:15:00,NSE:HCLTECH,1315.0,1339.0,1314.5,1320.05,5653762.0
2024-05-10 09:15:00,NSE:HCLTECH,1320.1,1322.9,1303.6,1316.2,3357203.0
2024-05-13 09:15:00,NSE:HCLTECH,1316.2,1321.9,1301.65,1312.9,2316566.0
2024-05-14 09:15:00,NSE:HCLTECH,1322.0,1326.95,1308.7,1321.05,3200462.0
2024-05-15 09:15:00,NSE:HCLTECH,1319.25,1340.3,1318.25,1332.9,2975965.0
2024-05-16 09:15:00,NSE:HCLTECH,1345.0,1357.8,1328.5,1348.15,5055915.0
2024-05-17 09:15:00,NSE:HCLTECH,1351.0,1351.0,1330.2,1333.2,2487831.0
2024-05-18 09:15:00,NSE:HCLTECH,1335.05,1340.0,1333.05,1338.9,107491.0
2024-05-21 09:15:00,NSE:HCLTECH,1314.0,1349.85,1314.0,1341.9,4966721.0
2024-05-22 09:15:00,NSE:HCLTECH,1348.95,1352.9,1340.0,1343.05,2390777.0
2024-05-23 09:15:00,NSE:HCLTECH,1346.65,1358.45,1338.0,1353.55,3326149.0
2024-05-24 09:15:00,NSE:HCLTECH,1360.0,1360.0,1340.85,1345.2,1769966.0
2024-05-27 09:15:00,NSE:HCLTECH,1351.0,1359.6,1338.0,1353.3,1942325.0
2024-05-28 09:15:00,NSE:HCLTECH,1357.85,1363.3,1345.6,1358.4,2147233.0
2024-05-29 09:15:00,NSE:HCLTECH,1366.0,1366.6,1346.95,1353.1,3845920.0
2024-05-30 09:15:00,NSE:HCLTECH,1346.0,1351.55,1325.1,1331.85,4150461.0
2024-05-31 09:15:00,NSE:HCLTECH,1331.85,1340.9,1315.75,1324.1,10319045.0
2024-06-03 09:15:00,NSE:HCLTECH,1350.55,1354.75,1309.85,1314.45,5384064.0
2024-06-04 09:15:00,NSE:HCLTECH,1325.0,1325.0,1235.0,1303.55,5447244.0
2024-06-05 09:15:00,NSE:HCLTECH,1320.0,1356.9,1316.1,1343.7,3005139.0
2024-06-06 09:15:00,NSE:HCLTECH,1354.0,1399.8,1350.9,1397.5,5936709.0
2024-06-07 09:15:00,NSE:HCLTECH,1407.0,1438.65,1398.0,1431.5,5884025.0
2024-06-10 09:15:00,NSE:HCLTECH,1440.0,1442.0,1397.5,1418.75,3293739.0
2024-06-11 09:15:00,NSE:HCLTECH,1425.0,1437.95,1415.4,1428.8,2269082.0
2024-06-12 09:15:00,NSE:HCLTECH,1472.0,1472.0,1434.5,1438.75,5990861.0
2024-06-13 09:15:00,NSE:HCLTECH,1447.75,1457.7,1437.1,1444.15,4232861.0
2024-06-14 09:15:00,NSE:HCLTECH,1444.15,1446.0,1424.4,1431.05,3065114.0
2024-06-18 09:15:00,NSE:HCLTECH,1431.05,1439.75,1427.05,1437.2,2223029.0
2024-06-19 09:15:00,NSE:HCLTECH,1440.05,1451.9,1430.3,1445.85,3117522.0
2024-06-20 09:15:00,NSE:HCLTECH,1448.95,1448.95,1429.55,1443.45,3163919.0
2024-06-21 09:15:00,NSE:HCLTECH,1462.0,1481.95,1439.2,1447.85,6489262.0
2024-06-24 09:15:00,NSE:HCLTECH,1437.85,1443.95,1426.6,1440.85,1988692.0
2024-06-25 09:15:00,NSE:HCLTECH,1440.95,1450.1,1426.45,1447.95,2079037.0
2024-06-26 09:15:00,NSE:HCLTECH,1447.95,1453.3,1438.2,1443.7,1917424.0
2024-06-27 09:15:00,NSE:HCLTECH,1435.0,1460.55,1423.5,1454.9,6613193.0
2024-06-28 09:15:00,NSE:HCLTECH,1468.0,1468.7,1442.0,1459.6,4943575.0
2024-07-01 09:15:00,NSE:HCLTECH,1465.0,1478.6,1455.0,1468.85,3723295.0
2024-07-02 09:15:00,NSE:HCLTECH,1475.0,1492.45,1473.0,1480.8,3811366.0
2024-07-03 09:15:00,NSE:HCLTECH,1489.0,1489.0,1471.2,1481.0,2070876.0
2024-07-04 09:15:00,NSE:HCLTECH,1485.0,1534.55,1485.0,1522.35,6822557.0
2024-07-05 09:15:00,NSE:HCLTECH,1523.0,1529.25,1505.55,1519.4,3061687.0
2024-07-08 09:15:00,NSE:HCLTECH,1528.0,1540.0,1506.2,1533.4,2939620.0
2024-07-09 09:15:00,NSE:HCLTECH,1533.4,1546.3,1525.0,1531.1,2658608.0
2024-07-10 09:15:00,NSE:HCLTECH,1531.1,1532.6,1487.85,1509.95,3507096.0
2024-07-11 09:15:00,NSE:HCLTECH,1515.0,1534.0,1508.05,1511.9,3304053.0
2024-07-12 09:15:00,NSE:HCLTECH,1530.0,1566.0,1510.5,1560.2,6430647.0
2024-07-15 09:15:00,NSE:HCLTECH,1580.0,1636.4,1567.4,1569.6,10337489.0
2024-07-16 09:15:00,NSE:HCLTECH,1565.0,1583.0,1555.0,1569.55,3540650.0
2024-07-18 09:15:00,NSE:HCLTECH,1558.05,1599.25,1557.0,1594.55,4399468.0
2024-07-19 09:15:00,NSE:HCLTECH,1610.5,1616.45,1588.6,1594.55,5633838.0
2024-07-22 09:15:00,NSE:HCLTECH,1588.6,1594.5,1570.9,1577.1,2704495.0
2024-07-23 09:15:00,NSE:HCLTECH,1574.0,1600.8,1551.1,1598.35,2907674.0
2024-07-24 09:15:00,NSE:HCLTECH,1594.0,1598.0,1576.85,1583.7,2484299.0
2024-07-25 09:15:00,NSE:HCLTECH,1570.0,1594.0,1562.85,1587.6,2934731.0
2024-07-26 09:15:00,NSE:HCLTECH,1602.8,1640.0,1594.0,1635.35,2814159.0
2024-07-29 09:15:00,NSE:HCLTECH,1640.2,1645.0,1620.0,1632.35,1639491.0
2024-07-30 09:15:00,NSE:HCLTECH,1629.0,1633.0,1618.0,1630.25,1783877.0
2024-07-31 09:15:00,NSE:HCLTECH,1621.0,1645.0,1619.2,1642.6,1984986.0
2024-08-01 09:15:00,NSE:HCLTECH,1640.05,1655.5,1636.1,1640.55,1785188.0
2024-08-02 09:15:00,NSE:HCLTECH,1620.05,1639.0,1601.15,1609.3,1692851.0
2024-08-05 09:15:00,NSE:HCLTECH,1575.0,1595.7,1537.0,1562.4,3279717.0
2024-08-06 09:15:00,NSE:HCLTECH,1563.0,1605.0,1563.0,1582.75,2138704.0
2024-08-07 09:15:00,NSE:HCLTECH,1605.0,1615.0,1590.0,1594.6,1897787.0
2024-08-08 09:15:00,NSE:HCLTECH,1597.0,1602.0,1554.55,1557.85,2373805.0
2024-08-09 09:15:00,NSE:HCLTECH,1584.9,1602.0,1575.85,1589.95,2021762.0
2024-08-12 09:15:00,NSE:HCLTECH,1590.0,1600.5,1573.85,1585.25,1273739.0
2024-08-13 09:15:00,NSE:HCLTECH,1578.0,1608.4,1577.65,1592.65,1973825.0
2024-08-14 09:15:00,NSE:HCLTECH,1600.1,1629.75,1598.25,1626.15,3932148.0
2024-08-16 09:15:00,NSE:HCLTECH,1635.0,1674.0,1632.7,1668.25,3101056.0
2024-08-19 09:15:00,NSE:HCLTECH,1665.0,1685.0,1659.05,1678.5,1631947.0
2024-08-20 09:15:00,NSE:HCLTECH,1680.0,1695.05,1669.2,1686.75,2786109.0
2024-08-21 09:15:00,NSE:HCLTECH,1686.0,1688.85,1673.75,1677.25,1410370.0
2024-08-22 09:15:00,NSE:HCLTECH,1687.0,1687.0,1673.0,1676.15,1749127.0
2024-08-23 09:15:00,NSE:HCLTECH,1676.05,1685.95,1657.15,1661.45,2158185.0
2024-08-26 09:15:00,NSE:HCLTECH,1671.0,1734.0,1667.1,1719.45,2672708.0
2024-08-27 09:15:00,NSE:HCLTECH,1725.85,1756.85,1705.1,1711.6,3556487.0
2024-08-28 09:15:00,NSE:HCLTECH,1712.55,1737.75,1693.05,1719.45,2516461.0
2024-08-29 09:15:00,NSE:HCLTECH,1714.0,1756.0,1697.25,1751.85,5112407.0
2024-08-30 09:15:00,NSE:HCLTECH,1751.85,1766.3,1742.2,1753.25,4792561.0
2024-09-02 09:15:00,NSE:HCLTECH,1764.2,1812.0,1760.0,1806.65,4445349.0
2024-09-03 09:15:00,NSE:HCLTECH,1806.0,1817.15,1787.05,1790.45,2553290.0
2024-09-04 09:15:00,NSE:HCLTECH,1765.1,1795.65,1765.0,1785.25,2644961.0
2024-09-05 09:15:00,NSE:HCLTECH,1792.0,1797.7,1767.3,1790.55,2878565.0
2024-09-06 09:15:00,NSE:HCLTECH,1788.0,1795.75,1740.05,1756.1,3351716.0
2024-09-09 09:15:00,NSE:HCLTECH,1758.35,1766.3,1741.15,1746.75,1418238.0
2024-09-10 09:15:00,NSE:HCLTECH,1749.45,1789.3,1747.15,1779.1,2307528.0
2024-09-11 09:15:00,NSE:HCLTECH,1778.2,1796.85,1773.7,1778.75,2303930.0
2024-09-12 09:15:00,NSE:HCLTECH,1800.0,1814.2,1777.1,1807.6,3349489.0
2024-09-13 09:15:00,NSE:HCLTECH,1805.0,1820.0,1795.65,1812.8,1599349.0
2024-09-16 09:15:00,NSE:HCLTECH,1819.0,1824.25,1808.2,1811.85,836199.0
2024-09-17 09:15:00,NSE:HCLTECH,1811.95,1828.0,1807.2,1813.75,830317.0
2024-09-18 09:15:00,NSE:HCLTECH,1808.1,1808.1,1740.1,1756.5,2629136.0
2024-09-19 09:15:00,NSE:HCLTECH,1776.0,1776.0,1721.5,1736.5,4167373.0
2024-09-20 09:15:00,NSE:HCLTECH,1748.0,1766.1,1721.4,1760.05,4644317.0
2024-09-23 09:15:00,NSE:HCLTECH,1764.0,1764.0,1732.5,1752.8,1541597.0
2024-09-24 09:15:00,NSE:HCLTECH,1750.0,1783.5,1738.35,1775.6,1907389.0
2024-09-25 09:15:00,NSE:HCLTECH,1778.8,1784.05,1755.0,1782.4,2240579.0
2024-09-26 09:15:00,NSE:HCLTECH,1782.25,1808.4,1778.9,1783.85,4303250.0
2024-09-27 09:15:00,NSE:HCLTECH,1810.0,1828.55,1796.55,1808.4,4099016.0
2024-09-30 09:15:00,NSE:HCLTECH,1808.0,1820.7,1789.15,1796.1,2117894.0
2024-10-01 09:15:00,NSE:HCLTECH,1790.0,1822.45,1790.0,1816.5,1642542.0
2024-10-03 09:15:00,NSE:HCLTECH,1778.0,1809.3,1770.0,1778.55,3552386.0
2024-10-04 09:15:00,NSE:HCLTECH,1778.0,1807.9,1767.25,1776.6,2982759.0
2024-10-07 09:15:00,NSE:HCLTECH,1784.95,1804.2,1767.9,1776.95,3419048.0
2024-10-08 09:15:00,NSE:HCLTECH,1774.0,1794.0,1743.0,1789.45,2353030.0
2024-10-09 09:15:00,NSE:HCLTECH,1793.05,1825.0,1790.15,1809.7,2499596.0
2024-10-10 09:15:00,NSE:HCLTECH,1820.0,1839.95,1797.0,1808.65,3753869.0
2024-10-11 09:15:00,NSE:HCLTECH,1804.0,1852.8,1800.65,1839.65,2977110.0
2024-10-14 09:15:00,NSE:HCLTECH,1846.05,1865.5,1832.4,1855.9,1751092.0
2024-10-15 09:15:00,NSE:HCLTECH,1830.0,1882.75,1829.95,1870.1,5696544.0
2024-10-16 09:15:00,NSE:HCLTECH,1869.0,1885.0,1854.05,1865.25,2144442.0
2024-10-17 09:15:00,NSE:HCLTECH,1869.9,1877.05,1851.45,1867.8,2399099.0
2024-10-18 09:15:00,NSE:HCLTECH,1867.0,1873.9,1843.0,1857.7,2366406.0
2024-10-21 09:15:00,NSE:HCLTECH,1875.3,1888.5,1840.0,1843.6,1284980.0
2024-10-22 09:15:00,NSE:HCLTECH,1829.8,1852.0,1819.5,1822.75,2089660.0
2024-10-23 09:15:00,NSE:HCLTECH,1793.5,1865.0,1793.5,1845.75,2522186.0
2024-10-24 09:15:00,NSE:HCLTECH,1845.0,1862.95,1837.7,1844.9,1621637.0
2024-10-25 09:15:00,NSE:HCLTECH,1860.0,1871.55,1840.2,1852.35,4078295.0
2024-10-28 09:15:00,NSE:HCLTECH,1845.1,1876.8,1845.1,1871.75,2418907.0
2024-10-29 09:15:00,NSE:HCLTECH,1871.75,1875.9,1851.2,1871.75,1719955.0
2024-10-30 09:15:00,NSE:HCLTECH,1861.0,1869.45,1835.3,1838.8,1732047.0
2024-10-31 09:15:00,NSE:HCLTECH,1840.0,1843.9,1756.55,1766.05,3616088.0
2024-11-01 18:00:00,NSE:HCLTECH,1777.0,1781.3,1751.0,1757.4,242223.0
2024-11-04 09:15:00,NSE:HCLTECH,1763.0,1782.1,1745.0,1762.95,2843690.0
2024-11-05 09:15:00,NSE:HCLTECH,1769.0,1783.35,1761.5,1773.55,1818350.0
2024-11-06 09:15:00,NSE:HCLTECH,1791.1,1853.0,1783.0,1838.4,3477029.0
2024-11-07 09:15:00,NSE:HCLTECH,1850.05,1862.55,1814.2,1831.95,2173869.0
2024-11-08 09:15:00,NSE:HCLTECH,1838.95,1854.15,1828.05,1837.5,1521324.0
2024-11-11 09:15:00,NSE:HCLTECH,1846.7,1874.0,1834.0,1867.3,1679869.0
2024-11-12 09:15:00,NSE:HCLTECH,1891.0,1892.95,1864.45,1872.85,2711052.0
2024-11-13 09:15:00,NSE:HCLTECH,1866.0,1879.6,1859.1,1864.75,1254074.0
2024-11-14 09:15:00,NSE:HCLTECH,1872.0,1897.0,1846.35,1858.95,2462563.0
2024-11-18 09:15:00,NSE:HCLTECH,1858.95,1865.05,1815.0,1835.0,2483933.0
2024-11-19 09:15:00,NSE:HCLTECH,1837.0,1865.0,1817.3,1820.55,2354204.0
2024-11-21 09:15:00,NSE:HCLTECH,1835.0,1839.55,1820.2,1836.35,1841245.0
2024-11-22 09:15:00,NSE:HCLTECH,1846.35,1902.0,1836.5,1898.4,2765950.0
2024-11-25 09:15:00,NSE:HCLTECH,1919.0,1919.95,1878.5,1891.7,6531524.0
2024-11-26 09:15:00,NSE:HCLTECH,1890.1,1914.95,1889.15,1899.55,2079873.0
2024-11-27 09:15:00,NSE:HCLTECH,1896.75,1917.0,1887.1,1891.05,1631975.0
2024-11-28 09:15:00,NSE:HCLTECH,1885.1,1900.5,1835.0,1840.9,3631255.0
2024-11-29 09:15:00,NSE:HCLTECH,1842.0,1872.3,1833.95,1848.05,2482280.0
2024-12-02 09:15:00,NSE:HCLTECH,1848.05,1878.55,1835.45,1871.5,2014744.0
2024-12-03 09:15:00,NSE:HCLTECH,1884.0,1896.3,1872.05,1890.75,2954648.0
2024-12-04 09:15:00,NSE:HCLTECH,1882.0,1911.0,1877.6,1897.65,3730643.0
2024-12-05 09:15:00,NSE:HCLTECH,1885.0,1938.1,1884.0,1924.0,3881814.0
2024-12-06 09:15:00,NSE:HCLTECH,1926.0,1939.35,1915.3,1922.7,2250408.0
2024-12-09 09:15:00,NSE:HCLTECH,1915.0,1926.05,1901.0,1909.9,1379520.0
2024-12-10 09:15:00,NSE:HCLTECH,1916.45,1942.8,1912.2,1936.35,2695207.0
2024-12-11 09:15:00,NSE:HCLTECH,1926.25,1934.8,1916.0,1930.9,1387117.0
2024-12-12 09:15:00,NSE:HCLTECH,1924.95,1949.0,1921.5,1936.2,2306173.0
2024-12-13 09:15:00,NSE:HCLTECH,1939.0,1975.0,1912.35,1968.8,2569918.0
2024-12-16 09:15:00,NSE:HCLTECH,1970.85,1980.0,1950.25,1954.4,1371189.0
2024-12-17 09:15:00,NSE:HCLTECH,1945.3,1963.2,1938.0,1950.6,1987909.0
2024-12-18 09:15:00,NSE:HCLTECH,1949.0,1971.95,1946.75,1960.35,3460812.0
2024-12-19 09:15:00,NSE:HCLTECH,1910.0,1946.2,1910.0,1934.25,1916115.0
2024-12-20 09:15:00,NSE:HCLTECH,1954.6,1957.65,1896.4,1911.35,3786921.0
2024-12-23 09:15:00,NSE:HCLTECH,1918.5,1939.4,1899.15,1903.0,2058339.0
2024-12-24 09:15:00,NSE:HCLTECH,1908.6,1923.65,1889.25,1896.95,1310301.0
2024-12-26 09:15:00,NSE:HCLTECH,1905.6,1908.9,1886.3,1900.75,1065107.0
2024-12-27 09:15:00,NSE:HCLTECH,1900.0,1902.9,1882.7,1892.0,1328546.0
2024-12-30 09:15:00,NSE:HCLTECH,1888.0,1968.95,1865.65,1928.95,6262203.0
2024-12-31 09:15:00,NSE:HCLTECH,1915.2,1927.8,1878.55,1917.4,1968650.0
2025-01-01 09:15:00,NSE:HCLTECH,1917.4,1936.95,1907.9,1911.95,880695.0
2025-01-02 09:15:00,NSE:HCLTECH,1911.95,1976.3,1910.05,1972.2,3487645.0
2025-01-03 09:15:00,NSE:HCLTECH,1980.0,1992.1,1941.0,1946.65,2853344.0
2025-01-06 09:15:00,NSE:HCLTECH,1951.25,1973.4,1930.0,1953.05,1789037.0
2025-01-07 09:15:00,NSE:HCLTECH,1960.0,1981.0,1908.9,1915.9,2494547.0
2025-01-08 09:15:00,NSE:HCLTECH,1906.3,1938.5,1894.55,1932.25,2372138.0
2025-01-09 09:15:00,NSE:HCLTECH,1926.8,1944.45,1920.0,1934.8,2742139.0
2025-01-10 09:15:00,NSE:HCLTECH,1936.0,2002.35,1935.25,1995.1,4802079.0
2025-01-13 09:15:00,NSE:HCLTECH,1994.9,2012.2,1965.4,1989.4,5694121.0
2025-01-14 09:15:00,NSE:HCLTECH,1936.1,1939.0,1797.75,1813.55,15819311.0
2025-01-15 09:15:00,NSE:HCLTECH,1836.0,1843.55,1812.55,1825.7,3350594.0
2025-01-16 09:15:00,NSE:HCLTECH,1833.0,1837.95,1785.3,1792.25,5362008.0
2025-01-17 09:15:00,NSE:HCLTECH,1773.0,1793.1,1750.05,1788.9,2424374.0
2025-01-20 09:15:00,NSE:HCLTECH,1790.1,1799.0,1762.6,1796.2,3401004.0
2025-01-21 09:15:00,NSE:HCLTECH,1791.4,1820.75,1791.4,1802.4,4005357.0
2025-01-22 09:15:00,NSE:HCLTECH,1808.2,1831.45,1804.05,1827.7,3009261.0
2025-01-23 09:15:00,NSE:HCLTECH,1817.05,1828.95,1804.2,1807.0,3750930.0
2025-01-24 09:15:00,NSE:HCLTECH,1800.0,1829.4,1791.1,1792.85,3171259.0
2025-01-27 09:15:00,NSE:HCLTECH,1775.0,1779.75,1707.3,1711.95,4174844.0
2025-01-28 09:15:00,NSE:HCLTECH,1711.95,1730.5,1691.0,1693.25,5079829.0
2025-01-29 09:15:00,NSE:HCLTECH,1696.0,1724.1,1696.0,1719.0,3733620.0
2025-01-30 09:15:00,NSE:HCLTECH,1722.0,1732.95,1697.85,1713.1,2543744.0
2025-01-31 09:15:00,NSE:HCLTECH,1709.05,1738.2,1709.05,1725.45,2033832.0
2025-02-01 09:15:00,NSE:HCLTECH,1726.0,1731.95,1688.0,1694.0,569018.0
2025-02-03 09:15:00,NSE:HCLTECH,1665.0,1700.6,1661.5,1692.0,2659929.0
2025-02-04 09:15:00,NSE:HCLTECH,1695.1,1735.9,1692.05,1732.55,3647768.0
2025-02-05 09:15:00,NSE:HCLTECH,1730.0,1746.8,1710.0,1712.85,2681942.0
2025-02-06 09:15:00,NSE:HCLTECH,1723.85,1728.45,1712.85,1723.5,2057798.0
2025-02-07 09:15:00,NSE:HCLTECH,1723.15,1731.0,1700.65,1725.65,2428098.0
2025-02-10 09:15:00,NSE:HCLTECH,1723.95,1740.0,1712.1,1733.85,1823071.0
2025-02-11 09:15:00,NSE:HCLTECH,1742.8,1749.0,1715.0,1723.2,1702553.0
2025-02-12 09:15:00,NSE:HCLTECH,1723.9,1742.4,1699.15,1717.3,2214307.0
2025-02-13 09:15:00,NSE:HCLTECH,1712.0,1729.95,1700.25,1703.1,1838463.0
2025-02-14 09:15:00,NSE:HCLTECH,1711.0,1723.4,1699.95,1711.25,1460459.0
2025-02-17 09:15:00,NSE:HCLTECH,1711.25,1720.15,1694.1,1709.9,1127023.0
2025-02-18 09:15:00,NSE:HCLTECH,1706.0,1728.5,1701.25,1725.5,1511900.0
2025-02-19 09:15:00,NSE:HCLTECH,1723.2,1731.6,1703.45,1712.3,1294110.0
2025-02-20 09:15:00,NSE:HCLTECH,1705.2,1714.55,1683.55,1687.55,1681532.0
2025-02-21 09:15:00,NSE:HCLTECH,1690.0,1704.15,1685.15,1700.7,1222563.0
2025-02-24 09:15:00,NSE:HCLTECH,1685.0,1690.0,1637.6,1644.05,4455420.0
2025-02-25 09:15:00,NSE:HCLTECH,1636.0,1651.95,1631.25,1636.1,1951519.0
2025-02-27 09:15:00,NSE:HCLTECH,1620.0,1660.0,1615.2,1629.2,2266866.0
2025-02-28 09:15:00,NSE:HCLTECH,1612.0,1614.95,1562.45,1575.05,4910121.0
2025-03-03 09:15:00,NSE:HCLTECH,1575.05,1603.4,1568.45,1572.4,1784684.0
2025-03-04 09:15:00,NSE:HCLTECH,1560.0,1560.0,1523.0,1535.5,3246644.0
2025-03-05 09:15:00,NSE:HCLTECH,1532.0,1581.4,1531.05,1572.95,3112003.0
2025-03-06 09:15:00,NSE:HCLTECH,1580.0,1594.7,1575.15,1585.45,2011489.0
2025-03-07 09:15:00,NSE:HCLTECH,1582.65,1587.0,1555.6,1557.95,2091986.0
2025-03-10 09:15:00,NSE:HCLTECH,1557.0,1572.45,1547.0,1549.3,1855766.0
2025-03-11 09:15:00,NSE:HCLTECH,1529.95,1573.95,1522.6,1567.85,1846190.0
2025-03-12 09:15:00,NSE:HCLTECH,1556.0,1565.0,1507.1,1540.6,3113860.0
2025-03-13 09:15:00,NSE:HCLTECH,1540.6,1547.95,1529.15,1534.75,1983351.0
2025-03-17 09:15:00,NSE:HCLTECH,1528.0,1547.55,1519.05,1545.15,2029100.0
2025-03-18 09:15:00,NSE:HCLTECH,1545.15,1560.95,1530.65,1558.2,2930865.0
2025-03-19 09:15:00,NSE:HCLTECH,1558.5,1561.35,1525.1,1544.45,4522829.0
2025-03-20 09:15:00,NSE:HCLTECH,1547.85,1582.1,1547.05,1562.0,4608677.0
2025-03-21 09:15:00,NSE:HCLTECH,1535.1,1592.05,1521.5,1566.7,8109210.0
2025-03-24 09:15:00,NSE:HCLTECH,1591.0,1610.9,1560.0,1604.15,2487843.0
2025-03-25 09:15:00,NSE:HCLTECH,1622.0,1658.95,1618.95,1624.9,4906013.0
2025-03-26 09:15:00,NSE:HCLTECH,1624.9,1644.95,1622.0,1633.4,3096513.0
2025-03-27 09:15:00,NSE:HCLTECH,1625.65,1645.0,1613.55,1630.15,3383080.0
2025-03-28 09:15:00,NSE:HCLTECH,1616.1,1625.55,1581.6,1592.5,2211077.0
2025-04-01 09:15:00,NSE:HCLTECH,1577.0,1585.0,1526.1,1530.35,4126827.0
2025-04-02 09:15:00,NSE:HCLTECH,1515.0,1538.55,1506.4,1527.55,3167863.0
2025-04-03 09:15:00,NSE:HCLTECH,1500.0,1500.0,1465.0,1470.1,3966161.0
2025-04-04 09:15:00,NSE:HCLTECH,1449.0,1456.2,1419.1,1422.1,4421312.0
2025-04-07 09:15:00,NSE:HCLTECH,1345.0,1383.75,1302.75,1374.1,6484139.0
2025-04-08 09:15:00,NSE:HCLTECH,1380.0,1424.25,1372.0,1403.35,3938359.0
2025-04-09 09:15:00,NSE:HCLTECH,1380.65,1388.7,1357.05,1380.0,3306801.0
2025-04-11 09:15:00,NSE:HCLTECH,1360.0,1425.0,1360.0,1390.55,4859622.0
2025-04-15 09:15:00,NSE:HCLTECH,1420.0,1428.8,1406.0,1426.5,3265147.0
2025-04-16 09:15:00,NSE:HCLTECH,1415.0,1436.1,1405.5,1431.7,2553111.0
2025-04-17 09:15:00,NSE:HCLTECH,1420.0,1442.1,1384.0,1438.0,3549969.0
2025-04-21 09:15:00,NSE:HCLTECH,1435.0,1499.0,1430.0,1482.0,2840104.0
2025-04-22 09:15:00,NSE:HCLTECH,1490.0,1499.9,1464.5,1479.9,2608145.0
2025-04-23 09:15:00,NSE:HCLTECH,1555.0,1600.0,1543.7,1594.0,13293318.0
2025-04-24 09:15:00,NSE:HCLTECH,1595.0,1603.3,1576.1,1586.7,3193118.0
2025-04-25 09:15:00,NSE:HCLTECH,1590.0,1618.0,1568.1,1578.2,3800415.0
2025-04-28 09:15:00,NSE:HCLTECH,1565.0,1569.4,1537.1,1549.3,2618810.0
2025-04-29 09:15:00,NSE:HCLTECH,1555.0,1580.8,1548.1,1569.0,2231069.0
2025-04-30 09:15:00,NSE:HCLTECH,1571.0,1587.9,1554.0,1567.5,3682256.0
2025-05-02 09:15:00,NSE:HCLTECH,1567.0,1581.0,1557.1,1576.5,1895904.0
2025-05-05 09:15:00,NSE:HCLTECH,1580.0,1597.7,1563.3,1568.6,1012225.0
2025-05-06 09:15:00,NSE:HCLTECH,1576.8,1583.8,1565.1,1579.1,2055057.0
2025-05-07 09:15:00,NSE:HCLTECH,1552.0,1578.4,1545.0,1563.3,5469936.0
2025-05-08 09:15:00,NSE:HCLTECH,1561.9,1598.0,1555.8,1580.7,2789018.0
2025-05-09 09:15:00,NSE:HCLTECH,1566.0,1577.7,1557.3,1569.4,2035161.0
2025-05-12 09:15:00,NSE:HCLTECH,1598.8,1675.0,1594.0,1670.3,4028207.0
2025-05-13 09:15:00,NSE:HCLTECH,1685.0,1688.1,1615.2,1619.6,3118470.0
2025-05-14 09:15:00,NSE:HCLTECH,1630.0,1642.3,1617.0,1637.7,1569126.0
2025-05-15 09:15:00,NSE:HCLTECH,1650.0,1702.6,1625.0,1696.0,4961582.0
2025-05-16 09:15:00,NSE:HCLTECH,1691.9,1693.5,1658.0,1659.9,2586263.0
2025-05-19 09:15:00,NSE:HCLTECH,1661.0,1664.0,1638.1,1649.6,1642018.0
2025-05-20 09:15:00,NSE:HCLTECH,1660.8,1666.0,1636.4,1638.3,2421580.0
2025-05-21 09:15:00,NSE:HCLTECH,1645.0,1657.5,1628.4,1652.0,1420835.0
2025-05-22 09:15:00,NSE:HCLTECH,1638.4,1640.7,1614.0,1633.0,2202093.0
2025-05-23 09:15:00,NSE:HCLTECH,1633.0,1670.8,1622.5,1648.2,1459454.0
2025-05-26 09:15:00,NSE:HCLTECH,1652.4,1675.8,1645.6,1673.6,1078813.0
2025-05-27 09:15:00,NSE:HCLTECH,1673.8,1675.5,1641.5,1652.1,2740015.0
2025-05-28 09:15:00,NSE:HCLTECH,1664.0,1666.8,1647.0,1657.3,1775441.0
2025-05-29 09:15:00,NSE:HCLTECH,1670.0,1675.5,1655.6,1664.7,2374051.0
2025-05-30 09:15:00,NSE:HCLTECH,1664.7,1664.7,1627.3,1636.6,4408910.0
2025-06-02 09:15:00,NSE:HCLTECH,1625.1,1635.2,1605.7,1631.5,1883100.0
2025-06-03 09:15:00,NSE:HCLTECH,1646.9,1651.7,1617.0,1630.4,2380133.0
2025-06-04 09:15:00,NSE:HCLTECH,1631.0,1644.6,1622.2,1626.1,1659720.0
2025-06-05 09:15:00,NSE:HCLTECH,1634.9,1653.9,1624.6,1632.4,1409322.0
2025-06-06 09:15:00,NSE:HCLTECH,1631.2,1639.8,1622.0,1637.7,1261281.0
2025-06-09 09:15:00,NSE:HCLTECH,1648.0,1658.0,1639.0,1648.3,1299786.0
2025-06-10 09:15:00,NSE:HCLTECH,1653.3,1684.9,1649.0,1668.1,3055223.0
2025-06-11 09:15:00,NSE:HCLTECH,1676.0,1725.4,1666.0,1721.9,5085821.0
2025-06-12 09:15:00,NSE:HCLTECH,1725.0,1726.0,1695.0,1701.2,3607962.0
2025-06-13 09:15:00,NSE:HCLTECH,1666.0,1711.0,1664.6,1695.3,1988422.0
2025-06-16 09:15:00,NSE:HCLTECH,1692.0,1729.4,1683.4,1723.0,2116100.0
2025-06-17 09:15:00,NSE:HCLTECH,1728.0,1738.8,1720.0,1729.6,1777245.0
2025-06-18 09:15:00,NSE:HCLTECH,1727.9,1745.0,1710.0,1715.9,1794428.0
2025-06-19 09:15:00,NSE:HCLTECH,1719.7,1719.7,1697.2,1713.9,2514527.0
2025-06-20 09:15:00,NSE:HCLTECH,1713.9,1742.6,1709.1,1739.9,2719770.0
2025-06-23 09:15:00,NSE:HCLTECH,1729.2,1729.8,1699.2,1703.2,2221446.0
2025-06-24 09:15:00,NSE:HCLTECH,1719.9,1732.6,1689.2,1691.8,3601071.0
2025-06-25 09:15:00,NSE:HCLTECH,1702.0,1720.7,1701.0,1717.1,1307518.0
2025-06-26 09:15:00,NSE:HCLTECH,1710.0,1726.9,1702.7,1724.1,2971055.0
2025-06-27 09:15:00,NSE:HCLTECH,1735.0,1752.5,1710.8,1723.3,6478283.0
2025-06-30 09:15:00,NSE:HCLTECH,1725.0,1732.7,1713.3,1718.0,264679.0
