datetime,symbol,open,high,low,close,volume
2004-06-23 09:15:00,NSE:LT,55.5557777,82.77810878,16.66673331,70.66139477,24293539.85774038
2004-06-24 09:15:00,NSE:LT,70.00027991,70.00027991,67.60027253,68.44471813,8222142.122228
2004-06-25 09:15:00,NSE:LT,68.7780528,75.44474612,68.45582707,74.25585137,14736388.07379804
2004-06-28 09:15:00,NSE:LT,73.33362657,74.6558563,71.13361888,72.93362719,8220108.13036129
2004-06-29 09:15:00,NSE:LT,72.88918035,75.93363919,72.55584568,74.63363288,6687540.25862037
2004-06-30 09:15:00,NSE:LT,74.66696524,77.77808879,74.44474212,77.23919997,6500044.00835916
2004-07-01 09:15:00,NSE:LT,78.0003119,85.00033989,76.67808217,82.8003322,14243109.04626642
2004-07-02 09:15:00,NSE:LT,82.77810878,86.66701322,80.51699085,81.16699123,26900397.43373314
2004-07-05 09:15:00,NSE:LT,80.91143576,82.61144145,79.01142483,79.89476281,11449646.21644965
2004-07-06 09:15:00,NSE:LT,80.20031958,82.00032789,79.47809447,81.0669886,9733623.07828889
2004-07-07 09:15:00,NSE:LT,81.44477012,82.11143945,80.57810109,80.85587998,5434538.26898301
2004-07-08 09:15:00,NSE:LT,81.11143545,82.44477411,77.30031021,79.10587299,5240427.04517302
2004-07-09 09:15:00,NSE:LT,77.22253101,83.11144345,69.44472213,82.75033089,5083944.67089704
2004-07-12 09:15:00,NSE:LT,82.66699722,83.55588967,79.72254101,80.47254401,3096455.61824348
2004-07-13 09:15:00,NSE:LT,80.85587998,82.21144207,80.00031989,81.23921596,2126808.49555873
2004-07-14 09:15:00,NSE:LT,82.00032789,82.222551,79.12809641,79.64476181,2416760.3361321
2004-07-15 09:15:00,NSE:LT,80.55587767,81.33365856,79.44476212,80.48921296,1831069.67812566
2004-07-16 09:15:00,NSE:LT,80.86698892,84.8781194,80.77810078,83.99478142,7386351.46429315
2004-07-19 09:15:00,NSE:LT,84.31144713,86.33367855,83.11144345,85.01700884,6984764.0701154
2004-07-20 09:15:00,NSE:LT,84.66700522,88.77813277,84.00033589,88.08924002,14619703.54038295
2004-07-21 09:15:00,NSE:LT,88.33368655,89.57813708,86.23923595,88.47813046,10050763.8101424
2004-07-22 09:15:00,NSE:LT,88.31146313,89.63369286,86.13923333,87.13368286,6068945.7321862
2004-07-23 09:15:00,NSE:LT,87.11145944,87.66701722,85.02256331,86.18368018,5094384.62915091
2004-07-26 09:15:00,NSE:LT,84.44478211,87.07812709,83.88922433,86.10034651,6109166.57135565
2004-07-27 09:15:00,NSE:LT,86.66145875,88.55590966,83.91144776,87.82813008,3618219.53187295
2004-07-28 09:15:00,NSE:LT,89.4448021,92.77814877,85.55589767,85.74478842,3075809.70080004
2004-07-29 09:15:00,NSE:LT,86.11145544,87.01145682,85.8003442,86.30590066,2602807.59218738
2004-07-30 09:15:00,NSE:LT,87.00034789,87.74479642,85.42811715,86.07812309,3135182.46338695
2004-08-02 09:15:00,NSE:LT,86.83368055,87.21146206,83.38922233,84.45033658,3904742.38615777
2004-08-03 09:15:00,NSE:LT,84.88922833,86.222567,84.722561,85.40033927,3079670.68536117
2004-08-04 09:15:00,NSE:LT,85.33367455,89.33369055,85.11145144,88.67813015,6343660.63368732
2004-08-05 09:15:00,NSE:LT,87.00034789,90.50036188,87.00034789,90.07258462,5666827.34013174
2004-08-06 09:15:00,NSE:LT,91.37814539,91.37814539,88.58368755,89.80036019,5487620.05672556
2004-08-09 09:15:00,NSE:LT,88.88924433,91.33369855,88.88924433,90.11147144,4017151.93666717
2004-08-10 09:15:00,NSE:LT,90.22258299,90.76703184,89.02257931,89.51146682,1761274.9572129
2004-08-11 09:15:00,NSE:LT,89.55035919,90.22258299,85.00033989,86.03923071,2528107.89088809
2004-08-12 09:15:00,NSE:LT,86.66701322,88.33368655,85.33922902,85.90590129,3531729.877718
2004-08-13 09:15:00,NSE:LT,86.88923633,86.98923895,84.6281184,85.15033827,2869368.52629366
2004-08-16 09:15:00,NSE:LT,85.83367655,86.8947908,84.45589104,86.63368086,3295219.82344765
2004-08-17 09:15:00,NSE:LT,86.33367855,88.04479873,86.33367855,87.3947928,1693973.22633145
2004-08-18 09:15:00,NSE:LT,87.44479411,87.44479411,85.55589767,85.82812209,751307.99575456
2004-08-19 09:15:00,NSE:LT,86.10034651,90.11147144,86.10034651,89.93369517,5856627.58118001
2004-08-20 09:15:00,NSE:LT,90.55591766,90.55591766,88.03368424,88.65591228,2636683.4567284
2004-08-23 09:15:00,NSE:LT,89.43369317,89.98925095,87.44479411,89.00035588,3763676.95023428
2004-08-24 09:15:00,NSE:LT,89.41146975,92.1003705,89.11146744,91.67258768,6971876.12165028
2004-08-25 09:15:00,NSE:LT,92.11147943,93.30037419,91.11147544,92.73370192,3643554.43056662
2004-08-26 09:15:00,NSE:LT,93.88926432,93.88926432,89.6948031,90.32814008,3411499.3584822
2004-08-27 09:15:00,NSE:LT,90.66702921,91.65036426,90.22258299,90.79480973,1843192.62964977
2004-08-30 09:15:00,NSE:LT,92.22259099,92.22259099,90.56702659,91.17258568,1364097.54540101
2004-08-31 09:15:00,NSE:LT,91.6003685,92.77814877,90.77814077,92.57259461,2001150.99802372
2004-09-01 09:15:00,NSE:LT,91.22814146,97.72261298,88.88924433,97.11149943,9941378.24754102
2004-09-02 09:15:00,NSE:LT,96.11149543,99.81150911,95.01148881,95.57260661,10644257.43694722
2004-09-03 09:15:00,NSE:LT,95.33371454,97.31705358,94.4448221,95.62260236,7218988.13352671
2004-09-06 09:15:00,NSE:LT,96.33371854,97.33372254,94.81148912,95.01704883,4453173.19315468
2004-09-07 09:15:00,NSE:LT,96.00038387,96.4448301,94.68926863,95.15037825,3133832.46878516
2004-09-08 09:15:00,NSE:LT,96.18927463,96.18927463,94.32260161,94.87259936,2672935.31176858
2004-09-09 09:15:00,NSE:LT,95.55593765,96.00038387,93.88926432,94.25593134,3709893.16529879
2004-09-10 09:15:00,NSE:LT,94.85593596,94.85593596,93.77815277,94.40037525,2503033.99115077
2004-09-13 09:15:00,NSE:LT,94.4448221,94.4448221,93.01148081,93.41704021,5378522.49297256
2004-09-14 09:15:00,NSE:LT,92.77814877,94.74482441,91.7892537,93.82259961,5970459.1260033
2004-09-15 09:15:00,NSE:LT,94.4448221,95.00037988,92.37258937,93.24481841,3951812.19794033
2004-09-16 09:15:00,NSE:LT,93.22259499,94.38926632,92.88926032,94.05593165,2160036.36269089
2004-09-17 09:15:00,NSE:LT,94.31148712,96.43372116,93.55592965,94.89482279,3516564.93835784
2004-09-20 09:15:00,NSE:LT,95.16704721,96.11149543,95.00037988,95.67815814,1731233.07734097
2004-09-21 09:15:00,NSE:LT,96.33371854,96.33371854,94.4448221,95.02815776,1688339.24885996
2004-09-22 09:15:00,NSE:LT,95.98927494,98.00039187,95.23927194,96.8503895,4096855.6179571
2004-09-23 09:15:00,NSE:LT,96.11149543,97.77816876,94.46149105,95.32260561,1842886.63087337
2004-09-24 09:15:00,NSE:LT,96.66705321,97.53927669,95.77816076,97.17260967,2620285.5222986
2004-09-27 09:15:00,NSE:LT,98.3226176,98.88928431,96.68372216,97.15594627,3859904.56545017
2004-09-28 09:15:00,NSE:LT,97.77816876,97.77816876,94.3503795,95.2892677,2111931.55504695
2004-09-29 09:15:00,NSE:LT,95.00037988,96.11149543,94.2892637,94.52815576,1997389.01306672
2004-09-30 09:15:00,NSE:LT,95.33371454,95.88927232,94.66704521,95.09482248,1407333.37251448
2004-10-01 09:15:00,NSE:LT,95.22260299,97.66705721,95.22260299,97.25038887,2231100.07852934
2004-10-04 09:15:00,NSE:LT,97.77816876,99.42817314,96.80594265,97.46150305,2086218.65786478
2004-10-05 09:15:00,NSE:LT,97.22261098,97.88928032,95.56704659,95.82816207,1477083.09360718
2004-10-06 09:15:00,NSE:LT,96.55594165,97.11149943,93.88926432,94.17815214,2168091.3304816
2004-10-07 09:15:00,NSE:LT,95.00037988,95.4448261,93.50037388,94.30593265,2532778.8722103
2004-10-08 09:15:00,NSE:LT,94.42259868,94.77815676,93.33370654,93.57259861,2526010.8992733
2004-10-11 09:15:00,NSE:LT,94.98927094,94.98927094,93.88926432,94.12259637,1298739.80674615
2004-10-12 09:15:00,NSE:LT,94.4448221,94.4448221,92.77814877,92.91148374,1054768.78230989
2004-10-14 09:15:00,NSE:LT,93.76704383,95.55593765,93.22259499,94.80593465,2036214.85781432
2004-10-15 09:15:00,NSE:LT,95.31149112,97.05594365,93.11148343,93.4448181,3990125.04473925
2004-10-18 09:15:00,NSE:LT,94.11148743,94.4448221,92.80592666,93.11148343,1615484.54018313
2004-10-19 09:15:00,NSE:LT,93.8670409,94.05593165,92.90036926,93.63926332,2171970.31497075
2004-10-20 09:15:00,NSE:LT,94.05593165,94.05593165,92.88926032,93.16148474,871628.51463048
2004-10-21 09:15:00,NSE:LT,93.11148343,93.11148343,90.70591604,91.1948091,3494767.02552087
2004-10-25 09:15:00,NSE:LT,91.63370086,92.97814846,90.27813877,92.26147781,3756107.98050022
2004-10-26 09:15:00,NSE:LT,92.77814877,92.77814877,88.33368655,89.3670229,6624216.5118322
2004-10-27 09:15:00,NSE:LT,89.97813646,90.93925364,87.8170156,88.3947968,2209446.16511656
2004-10-28 09:15:00,NSE:LT,88.86146644,91.27814277,88.66702122,90.0392467,2533552.86911533
2004-10-29 09:15:00,NSE:LT,90.82814208,92.83370454,89.4448021,92.25036888,1919107.32609067
2004-11-01 09:15:00,NSE:LT,91.88925632,92.92814714,90.66702921,92.66148274,1451271.19682088
2004-11-02 09:15:00,NSE:LT,93.31703759,93.31703759,90.70036157,91.18370017,2193858.22744784
2004-11-03 09:15:00,NSE:LT,91.33369855,92.4448141,91.22258699,92.35592597,1437195.25310617
2004-11-04 09:15:00,NSE:LT,92.33370255,92.75592534,91.33369855,91.67258768,808781.76593495
2004-11-05 09:15:00,NSE:LT,91.88925632,94.11148743,91.66703321,93.57815308,1446510.21585855
2004-11-08 09:15:00,NSE:LT,93.66704121,95.55593765,93.33370654,94.65037625,2178216.28999505
2004-11-09 09:15:00,NSE:LT,94.00037588,95.33371454,93.36148443,94.90593728,2133234.46986327
2004-11-10 09:15:00,NSE:LT,95.55593765,95.55593765,93.83926301,94.6948231,1441659.2352561
2004-11-11 09:15:00,NSE:LT,95.11149143,95.55593765,93.33370654,95.05038119,1918657.32789007
2004-11-12 09:15:00,NSE:LT,95.54482872,96.55594165,95.11149143,95.37260136,483307.06740636
2004-11-16 09:15:00,NSE:LT,95.4448261,96.93927763,94.91149174,95.42260267,2734108.06715788
2004-11-17 09:15:00,NSE:LT,93.45037257,96.33371854,93.45037257,94.27815477,1463556.1476972
2004-11-18 09:15:00,NSE:LT,95.11149143,96.11149543,94.33371054,95.67260367,957425.17155651
2004-11-19 09:15:00,NSE:LT,96.31704958,96.31704958,93.77815277,94.2892637,1186294.2563807
2004-11-22 09:15:00,NSE:LT,95.5226053,95.5226053,92.37258937,94.0392627,468133.12808219
2004-11-23 09:15:00,NSE:LT,94.4448221,94.99482541,93.12259237,94.5226013,1165882.33800157
2004-11-24 09:15:00,NSE:LT,94.92815514,96.03371623,93.89481879,95.65038025,1392141.43326229
2004-11-25 09:15:00,NSE:LT,95.66704921,97.55594565,95.22260299,97.26705783,2408813.36790954
2004-11-29 09:15:00,NSE:LT,96.66705321,98.55594965,94.88926832,97.86150243,2351717.59621765
2004-11-30 09:15:00,NSE:LT,98.44483809,101.52262929,96.77816476,100.43373716,4653026.39400431
2004-12-01 09:15:00,NSE:LT,100.02262329,104.10041849,98.90595327,102.50040987,6529149.89197385
2004-12-02 09:15:00,NSE:LT,102.22263098,109.33377052,102.22263098,106.00597833,9026702.90504133
2004-12-03 09:15:00,NSE:LT,106.13931331,111.65600203,106.13931331,110.81710757,14227647.10809387
2004-12-06 09:15:00,NSE:LT,111.11155541,112.21155981,105.56153211,106.4670935,5617282.53824589
2004-12-07 09:15:00,NSE:LT,108.87821537,108.87821537,100.73929393,101.70596002,5125560.50448835
2004-12-08 09:15:00,NSE:LT,102.22263098,105.11153142,101.14484778,101.52818376,4299525.80754247
2004-12-09 09:15:00,NSE:LT,102.42263067,103.77819275,100.00039987,100.55040318,4436865.25836501
2004-12-10 09:15:00,NSE:LT,101.75596133,102.78929769,100.11151142,100.68373816,3845729.62213133
2004-12-13 09:15:00,NSE:LT,101.11151542,102.22263098,100.68373816,100.90596127,2593870.6279235
2004-12-14 09:15:00,NSE:LT,101.11151542,102.00040787,100.79484971,101.11151542,2208996.16691596
2004-12-15 09:15:00,NSE:LT,102.10041049,107.11153941,101.11151542,104.98375091,6437557.25822411
2004-12-16 09:15:00,NSE:LT,105.33375453,110.66155472,105.33375453,110.03377221,10943911.23872548
2004-12-17 09:15:00,NSE:LT,110.00043986,110.55599763,103.46708151,104.53930468,6157343.37871168
2004-12-20 09:15:00,NSE:LT,106.11153542,110.00043986,104.44486209,108.86710088,6500044.00835916
2004-12-21 09:15:00,NSE:LT,110.44488608,110.44488608,106.55598164,108.76710381,5978199.09505358
2004-12-22 09:15:00,NSE:LT,109.44488208,109.55599363,106.66709319,108.18376815,3562428.7549628
2004-12-23 09:15:00,NSE:LT,109.3115471,109.43932761,108.11154341,108.92265666,1659125.36567713
2004-12-24 09:15:00,NSE:LT,109.43377315,111.00044385,108.11709788,108.64487777,3192800.23299153
2004-12-27 09:15:00,NSE:LT,108.33376652,110.66710919,108.00043186,110.17266166,2766786.93648532
2004-12-28 09:15:00,NSE:LT,109.11154741,112.22267096,109.11154741,111.57822394,3724356.10746602
2004-12-29 09:15:00,NSE:LT,111.55600163,113.44489807,109.44488208,109.8893283,2259215.96610271
2004-12-30 09:15:00,NSE:LT,110.43933161,111.11155541,107.44487408,110.0615501,3131114.47965354
2004-12-31 09:15:00,NSE:LT,110.11155141,111.08377752,108.8893243,109.39488077,1213096.14920832
2005-01-03 09:15:00,NSE:LT,111.00044385,111.00044385,107.2948757,108.53376621,3338950.64858178
2005-01-04 09:15:00,NSE:LT,108.8893243,109.8893283,108.00043186,108.24487839,1394544.42365348
2005-01-05 09:15:00,NSE:LT,108.33376652,110.44488608,105.20041955,106.58375953,3575055.70447158
2005-01-06 09:15:00,NSE:LT,106.65598426,106.66709319,104.05597164,104.43930762,1900747.39950627
2005-01-07 09:15:00,NSE:LT,104.55597364,108.8893243,104.55597364,108.27821075,2619538.52528561
2005-01-10 09:15:00,NSE:LT,108.44487808,109.9837709,107.80043217,108.07821106,1226731.09468644
2005-01-11 09:15:00,NSE:LT,107.77820875,108.77821275,104.1670832,104.33375053,2063358.7492744
2005-01-12 09:15:00,NSE:LT,104.44486209,106.77820475,100.58929,102.53929669,2825097.70331882
2005-01-13 09:15:00,NSE:LT,103.33374653,103.88930431,101.10040649,102.14485178,3798569.81070865
2005-01-14 09:15:00,NSE:LT,100.69484709,103.33374653,100.56706658,100.96707151,2631130.47893302
2005-01-17 09:15:00,NSE:LT,101.87262736,102.54485671,100.6670692,102.11707389,2853735.58880488
2005-01-18 09:15:00,NSE:LT,102.33374253,102.62263035,100.93373916,102.26707782,3880154.48447709
2005-01-19 09:15:00,NSE:LT,102.34485147,103.58374753,102.00040787,102.89485478,1309359.76428026
2005-01-20 09:15:00,NSE:LT,102.77818875,106.33375853,101.11151542,105.85597995,1862623.5519516
2005-01-24 09:15:00,NSE:LT,107.11153941,107.11153941,101.1670712,101.84484947,2969331.12657452
2005-01-25 09:15:00,NSE:LT,102.22263098,102.6670772,100.17817614,101.04485071,2442410.23356619
2005-01-27 09:15:00,NSE:LT,98.88928431,102.50040987,98.88928431,101.41151773,3166457.33832852
2005-01-28 09:15:00,NSE:LT,102.21152204,109.37265735,101.79485371,107.25598333,4850998.60237543
2005-01-31 09:15:00,NSE:LT,107.77820875,112.22267096,107.31709357,111.69489108,6053942.79217826
2005-02-01 09:15:00,NSE:LT,111.66711319,111.66711319,107.87821137,109.77821674,3283051.87210348
2005-02-02 09:15:00,NSE:LT,109.3893263,111.11155541,108.33376652,108.8115451,1363917.54612077
2005-02-03 09:15:00,NSE:LT,108.8893243,112.11155941,108.8893243,109.98933092,3577206.69587044
2005-02-04 09:15:00,NSE:LT,110.44488608,111.22266697,108.00598632,110.05044117,3479809.08533299
2005-02-07 09:15:00,NSE:LT,110.22266297,110.75599732,108.12821237,108.68932461,993767.02623681
2005-02-08 09:15:00,NSE:LT,108.66710119,108.66710119,106.90598526,107.47265197,3235199.06345188
2005-02-09 09:15:00,NSE:LT,107.83931899,111.33377852,107.55598564,110.7171105,3320725.72145756
2005-02-10 09:15:00,NSE:LT,110.55599763,111.10600094,109.45043655,110.82822205,1441569.23561598
2005-02-11 09:15:00,NSE:LT,111.10044648,111.66711319,110.33377452,110.5615521,2235258.06190287
2005-02-14 09:15:00,NSE:LT,114.98934869,114.98934869,110.25044086,111.26711159,1989379.04509607
2005-02-15 09:15:00,NSE:LT,111.65600203,115.00045985,109.44488208,111.47266796,4917427.33674772
2005-02-16 09:15:00,NSE:LT,112.22822654,114.30045705,111.7893359,112.56711679,2766021.9395443
2005-02-17 09:15:00,NSE:LT,112.22267096,113.88934429,111.25044485,113.40600903,3490186.04383878
2005-02-18 09:15:00,NSE:LT,113.88934429,115.16712718,113.1393413,113.91712218,2147139.41426175
2005-02-21 09:15:00,NSE:LT,112.33378252,114.88934829,112.22267096,113.30600863,1631810.47490083
2005-02-22 09:15:00,NSE:LT,113.82267736,119.43936649,112.77822874,118.63380771,6581493.68266742
2005-02-23 09:15:00,NSE:LT,118.88936429,122.66160159,117.33380251,121.14492886,5887416.45806493
2005-02-24 09:15:00,NSE:LT,121.63381971,121.64493086,117.1115794,117.75047085,2883606.46936058
2005-02-25 09:15:00,NSE:LT,118.33380651,121.30048504,116.88935629,120.261592,3166700.33735684
2005-02-28 09:15:00,NSE:LT,120.00047984,124.88938828,119.78936789,120.91715017,5251587.00054785
2005-03-01 09:15:00,NSE:LT,124.98938868,127.75051083,120.55603762,126.26161599,6088322.65470395
2005-03-02 09:15:00,NSE:LT,127.55606561,127.55606561,123.1838259,123.75605042,3720729.1219692
2005-03-03 09:15:00,NSE:LT,124.44494206,126.21161579,121.90048744,122.40604502,2851044.5995653
2005-03-04 09:15:00,NSE:LT,123.77827273,125.66716917,123.00049184,124.17827433,3552384.79512545
2005-03-07 09:15:00,NSE:LT,125.88939228,126.00050383,121.25048484,122.13382171,2184075.26656684
2005-03-08 09:15:00,NSE:LT,122.77826873,124.66716517,121.66715317,123.04493646,2559166.76669337
2005-03-09 09:15:00,NSE:LT,123.90049544,124.21716337,121.22270695,121.93937648,1541963.83416941
2005-03-10 09:15:00,NSE:LT,122.22271095,122.66715717,120.55603762,121.2115958,1305057.78148254
2005-03-11 09:15:00,NSE:LT,122.20604422,122.22271095,121.1115954,121.53937488,1196347.21618206
2005-03-14 09:15:00,NSE:LT,121.1115954,123.3338265,121.1115954,121.83937608,1162120.35304457
2005-03-15 09:15:00,NSE:LT,122.69493506,122.69493506,118.36713998,120.68381591,1418727.32695362
2005-03-16 09:15:00,NSE:LT,122.22271095,123.3338265,117.77824873,118.32825093,2399480.40522913
2005-03-17 09:15:00,NSE:LT,121.1115954,121.1115954,115.90046345,116.5615772,1357662.57113246
2005-03-18 09:15:00,NSE:LT,114.50601343,117.10046825,114.16712318,114.74490327,2438243.25022865
2005-03-21 09:15:00,NSE:LT,114.67823634,116.33379851,113.33378652,113.68378792,1328493.68776969
2005-03-22 09:15:00,NSE:LT,114.18934549,114.88934829,111.22266697,112.01155901,1336503.65574034
2005-03-23 09:15:00,NSE:LT,111.77822474,113.55600963,108.8893243,109.45599101,2464577.14492765
2005-03-24 09:15:00,NSE:LT,110.00043986,111.87822514,107.25042886,107.95598501,2517955.9314826
2005-03-28 09:15:00,NSE:LT,114.11156741,114.11156741,108.8893243,111.78378032,1231411.07597266
2005-03-29 09:15:00,NSE:LT,111.77822474,112.77822874,108.22265497,109.11154741,2358449.5692986
2005-03-30 09:15:00,NSE:LT,110.11155141,111.11155541,107.55598564,108.7337659,1680950.27840614
2005-03-31 09:15:00,NSE:LT,110.0448867,111.8893363,108.68932461,111.05599963,2288411.84935751
2005-04-01 09:15:00,NSE:LT,111.42266776,113.88934429,109.44488208,113.45600923,1660790.35901935
2005-04-04 09:15:00,NSE:LT,113.33378652,116.20602023,112.22267096,114.9115706,1750888.9987431
2005-04-05 09:15:00,NSE:LT,115.87824114,116.43379891,113.44489807,114.20601223,1988479.04869487
2005-04-06 09:15:00,NSE:LT,114.65601403,117.22269096,113.45045365,113.88934429,2365667.54043619
2005-04-07 09:15:00,NSE:LT,116.66713318,116.66713318,110.55599763,111.53377932,2419127.32666725
2005-04-08 09:15:00,NSE:LT,112.50044985,112.50044985,108.33376652,109.28376921,3147782.4130037
2005-04-11 09:15:00,NSE:LT,109.66710519,110.3115511,105.57264659,106.39486877,3226451.09843226
2005-04-12 09:15:00,NSE:LT,107.26153779,108.11154341,106.00042386,107.55598564,2161350.35743664
2005-04-13 09:15:00,NSE:LT,108.2337639,109.33377052,106.87264735,107.2948757,1998712.00777648
2005-04-15 09:15:00,NSE:LT,107.22265097,108.57821306,104.34485946,105.80042417,2701519.19747057
2005-04-18 09:15:00,NSE:LT,105.22264297,108.33376652,103.12819238,106.8115371,2978079.09159415
2005-04-19 09:15:00,NSE:LT,108.18932261,109.98933092,103.22263498,104.6670852,2778342.89027668
2005-04-20 09:15:00,NSE:LT,107.21154204,107.21154204,104.06152611,105.62820237,1995625.02012037
2005-04-21 09:15:00,NSE:LT,108.8893243,108.8893243,104.6670852,108.11154341,1769464.92446378
2005-04-22 09:15:00,NSE:LT,110.27821874,110.8893323,108.11154341,110.27266428,1422552.3116587
2005-04-25 09:15:00,NSE:LT,111.07822305,111.07822305,102.22263098,110.57822105,1110991.55749261
2005-04-26 09:15:00,NSE:LT,110.77822074,110.77822074,107.45042855,108.40043124,1578683.68733822
2005-04-27 09:15:00,NSE:LT,110.00043986,110.00043986,106.77820475,107.53376221,942377.23172851
2005-04-28 09:15:00,NSE:LT,109.00043586,109.00043586,107.66709719,107.91709819,762449.95120137
2005-04-29 09:15:00,NSE:LT,109.3115471,109.3115471,106.8893163,107.40042724,967379.13175374
2005-05-02 09:15:00,NSE:LT,108.63376884,108.63376884,106.8893163,107.58931799,506823.97336962
2005-05-03 09:15:00,NSE:LT,108.32265759,108.8893243,107.00042786,107.72265297,396268.41544668
2005-05-04 09:15:00,NSE:LT,107.76709981,111.05599963,107.75598533,110.76711181,1557713.77119035
2005-05-05 09:15:00,NSE:LT,110.7948897,116.00046385,110.33377452,114.76712558,2923494.3098616
2005-05-06 09:15:00,NSE:LT,113.32267536,115.2115718,111.55600163,112.40600503,1920430.32080043
2005-05-09 09:15:00,NSE:LT,113.22267496,114.43379092,111.00044385,113.63378772,2325059.70281422
2005-05-10 09:15:00,NSE:LT,114.33379052,114.33379052,112.11155941,112.95045165,2098818.60748153
2005-05-11 09:15:00,NSE:LT,112.22267096,112.8893403,111.05599963,111.32266736,2537404.85371245
2005-05-12 09:15:00,NSE:LT,111.66711319,113.34489767,111.44489008,112.77822874,856904.57350691
2005-05-13 09:15:00,NSE:LT,112.44489407,113.88934429,111.68377992,113.45600923,950432.19951921
2005-05-16 09:15:00,NSE:LT,113.33378652,115.77824074,113.33378652,114.54490247,1212349.15219533
2005-05-17 09:15:00,NSE:LT,115.27823874,115.55601763,113.44489807,114.02267816,1291539.83553658
2005-05-18 09:15:00,NSE:LT,113.00045185,115.44490607,112.56156121,114.51156901,1338978.64584363
2005-05-19 09:15:00,NSE:LT,115.20046065,117.04491247,114.22267896,116.01713058,3558306.77144532
2005-05-20 09:15:00,NSE:LT,116.88935629,120.77270515,116.33379851,119.66714518,3076412.69838884
2005-05-23 09:15:00,NSE:LT,119.44492207,123.11160339,118.90047544,120.10603582,2250117.00248662
2005-05-24 09:15:00,NSE:LT,121.10603982,121.54493046,118.92269775,120.1115914,1266942.93389189
2005-05-25 09:15:00,NSE:LT,120.54492646,120.55603762,119.03380931,119.9615908,998618.00683926
2005-05-26 09:15:00,NSE:LT,120.22270295,123.55604962,120.22270295,122.77271315,3404452.38666084
2005-05-27 09:15:00,NSE:LT,124.66716517,126.10050423,120.61714897,121.73937568,3807137.77644804
2005-05-30 09:15:00,NSE:LT,120.44492606,122.19493306,117.00046785,117.57269236,3343486.63044381
2005-05-31 09:15:00,NSE:LT,116.68379991,119.1615876,114.83379252,116.44491007,4203550.19131891
2005-06-01 09:15:00,NSE:LT,116.65046645,117.6615816,114.33379052,116.80046705,1210972.15770149
2005-06-02 09:15:00,NSE:LT,117.7115818,121.6115974,117.22269096,120.46714838,2861475.55785517
2005-06-03 09:15:00,NSE:LT,120.00047984,124.3338305,119.44492207,123.62827213,3543213.83179726
2005-06-06 09:15:00,NSE:LT,122.1115994,124.22271895,121.67826433,122.28937788,2453633.18868911
2005-06-07 09:15:00,NSE:LT,123.31715977,123.95605122,122.33382251,123.02826973,1394733.42289773
2005-06-08 09:15:00,NSE:LT,123.44493806,124.44494206,122.22271095,122.75604642,906368.37571665
2005-06-09 09:15:00,NSE:LT,122.88938028,127.77828872,122.88938028,126.00050383,5766969.93969284
2005-06-10 09:15:00,NSE:LT,124.77827673,126.66717317,122.22271095,122.33937808,2470364.12178734
2005-06-13 09:15:00,NSE:LT,122.98938068,128.3338465,122.23937768,127.76162199,3212177.15550928
2005-06-14 09:15:00,NSE:LT,127.7338441,128.22273494,125.35605681,126.78939588,3768311.93170044
2005-06-15 09:15:00,NSE:LT,126.78939588,127.77828872,125.77828072,126.85050723,1699571.20394689
2005-06-16 09:15:00,NSE:LT,126.2838383,127.00050783,124.41716417,125.19494506,1341732.63483129
2005-06-17 09:15:00,NSE:LT,126.09494866,127.44495405,122.55604562,123.92827333,2667553.33328943
2005-06-20 09:15:00,NSE:LT,124.44494206,126.04494846,122.22271095,122.26715557,1452216.19304213
2005-06-21 09:15:00,NSE:LT,122.43382291,124.55605361,122.28937788,122.65604602,1416459.33602261
2005-06-22 09:15:00,NSE:LT,123.22271495,126.66717317,123.00049184,126.07272635,3412183.35574711
2005-06-23 09:15:00,NSE:LT,125.88939228,126.11161539,123.22271495,124.07827393,2725819.10030287
2005-06-24 09:15:00,NSE:LT,124.11716297,127.11161939,122.32271135,126.31161619,2776956.89581883
2005-06-27 09:15:00,NSE:LT,125.11161139,130.11163138,123.77827273,127.56717677,6784847.8695177
2005-06-28 09:15:00,NSE:LT,126.66717317,127.55606561,123.66716117,124.87272155,2323610.7086083
2005-06-29 09:15:00,NSE:LT,125.77272515,127.07828592,123.91716217,126.20606021,1310511.75967379
2005-06-30 09:15:00,NSE:LT,127.11161939,127.77828872,125.3338345,125.80605861,1514153.94537245
2005-07-01 09:15:00,NSE:LT,125.78939188,132.44497405,125.78939188,131.42274774,4668335.33278865
2005-07-04 09:15:00,NSE:LT,131.11163538,131.11163538,129.56162919,129.96718636,2294306.82578535
2005-07-05 09:15:00,NSE:LT,129.88940827,132.22275094,129.67829632,131.50052583,2409830.36384289
2005-07-06 09:15:00,NSE:LT,128.88940428,134.5560936,128.88940428,133.99498025,2161755.35581718
2005-07-07 09:15:00,NSE:LT,133.88942427,136.11165538,131.44497005,133.26719956,3018038.93180726
2005-07-08 09:15:00,NSE:LT,133.33942207,137.11165938,133.00053183,136.0560996,1658855.36675677
2005-07-11 09:15:00,NSE:LT,135.66720916,138.88944426,135.13387369,138.5561096,2123253.509774
2005-07-12 09:15:00,NSE:LT,137.77832871,140.54500644,133.33386649,138.94500004,2316131.73851436
2005-07-13 09:15:00,NSE:LT,137.92277373,140.93945246,136.5561016,140.36167237,1809298.76518073
2005-07-14 09:15:00,NSE:LT,140.44500604,140.44500604,137.22277093,137.72277293,1522676.91129178
2005-07-15 09:15:00,NSE:LT,138.33388649,140.54500644,137.77832871,140.13389368,875840.49778807
2005-07-18 09:15:00,NSE:LT,140.44500604,144.44502203,139.55611359,143.21723935,2131191.47803255
2005-07-19 09:15:00,NSE:LT,142.7783487,144.22279892,141.80612259,143.11168337,2374622.5046281
2005-07-20 09:15:00,NSE:LT,143.33390648,145.38947025,142.44501404,143.95613119,1769725.92342013
2005-07-21 09:15:00,NSE:LT,144.00613139,144.7783567,138.33388649,138.65055442,1138828.44618161
2005-07-22 09:15:00,NSE:LT,139.86722595,141.04500844,138.67277673,139.70055862,1411428.35613992
2005-07-25 09:15:00,NSE:LT,140.22278293,140.22278293,136.25054482,138.17833031,3519723.92572604
2005-07-26 09:15:00,NSE:LT,138.32277533,138.32277533,136.1561,136.82832491,1754236.98535554
2005-07-27 09:15:00,NSE:LT,137.22277093,137.22277093,135.5560976,136.55054602,534633.86216658
2005-07-29 09:15:00,NSE:LT,136.66721315,142.44501404,136.22276693,140.88945226,4967764.13546662
2005-08-01 09:15:00,NSE:LT,141.11167537,141.55612159,138.12277453,139.08944506,880916.47749082
2005-08-02 09:15:00,NSE:LT,140.00055982,142.22279092,137.90055142,138.77833271,1084549.66322547
2005-08-03 09:15:00,NSE:LT,139.45611319,145.00057981,138.88944426,143.48390708,2414636.34462528
2005-08-04 09:15:00,NSE:LT,143.30612859,152.66727713,143.30612859,151.47838349,3518922.92892898
2005-08-05 09:15:00,NSE:LT,151.66727313,152.22283091,147.22281092,148.21725934,2275604.90056849
2005-08-08 09:15:00,NSE:LT,149.52282011,149.52282011,142.03945686,145.66169356,2246670.01627003
2005-08-09 09:15:00,NSE:LT,145.66169356,147.77836869,144.55613359,147.27281112,1402032.39371143
2005-08-10 09:15:00,NSE:LT,147.22281092,149.38948625,146.66725314,147.11169936,1617401.53251768
2005-08-11 09:15:00,NSE:LT,147.66725714,150.33393447,146.7783647,149.59504263,1575290.70090571
2005-08-12 09:15:00,NSE:LT,148.77837269,148.77837269,146.11169536,146.96725434,911309.35595922
2005-08-16 09:15:00,NSE:LT,148.31170416,149.33393047,145.66724914,147.49503423,1091425.63573061
2005-08-17 09:15:00,NSE:LT,147.22281092,147.76725754,144.88946825,146.26169596,2155050.38262826
2005-08-18 09:15:00,NSE:LT,148.00059181,153.32283531,145.55613759,146.15058441,2014794.94346585
2005-08-19 09:15:00,NSE:LT,146.66725314,148.77837269,146.66725314,148.08948105,1062562.75114425
2005-08-22 09:15:00,NSE:LT,149.43393087,151.42282771,146.78947585,147.23392207,1279938.88192516
2005-08-23 09:15:00,NSE:LT,148.11170336,148.6505944,141.12278653,141.90612299,1697843.21085659
2005-08-24 09:15:00,NSE:LT,141.88945626,144.7783567,141.66723315,143.3783511,2983893.06834587
2005-08-25 09:15:00,NSE:LT,143.66724114,149.33393047,143.33390648,147.46170076,2144160.42617379
2005-08-26 09:15:00,NSE:LT,147.77836869,148.66726114,136.656102,147.38947825,1643348.42876416
2005-08-29 09:15:00,NSE:LT,148.66726114,149.44504203,146.66725314,148.03392527,1718957.12642865
2005-08-30 09:15:00,NSE:LT,149.43393087,152.43394287,147.77836869,149.17837429,2232063.07467862
2005-08-31 09:15:00,NSE:LT,148.33392647,149.11170736,146.00058381,148.23392607,1761805.95508961
2005-09-01 09:15:00,NSE:LT,148.77837269,150.22282291,147.66725714,148.52281612,2692555.23331466
2005-09-02 09:15:00,NSE:LT,148.66726114,149.44504203,145.40613699,145.81724974,3258103.97186232
2005-09-05 09:15:00,NSE:LT,147.63392367,148.27837069,146.01169496,147.35614478,1121098.51707804
2005-09-06 09:15:00,NSE:LT,147.55614558,148.10059221,144.61168937,145.76724954,798494.80706927
2005-09-08 09:15:00,NSE:LT,146.66725314,148.07836989,145.66724914,147.58392347,1425837.29852307
2005-09-09 09:15:00,NSE:LT,147.77836869,149.88948825,147.22281092,148.52837169,1648172.40947457
2005-09-12 09:15:00,NSE:LT,148.52837169,150.54504642,147.00058781,147.90614698,1395957.41800336
2005-09-13 09:15:00,NSE:LT,148.88948425,148.88948425,146.28391827,147.10058821,1764397.94472505
2005-09-14 09:15:00,NSE:LT,148.88948425,148.88948425,146.16725114,146.80058701,902039.39302689
2005-09-15 09:15:00,NSE:LT,147.21725534,147.22281092,146.11725094,146.7283645,1030297.88016136
2005-09-16 09:15:00,NSE:LT,147.22281092,151.66727313,147.00058781,151.1506044,2419289.32601946
2005-09-19 09:15:00,NSE:LT,151.66727313,155.55617757,151.66727313,153.46172475,1195402.2199608
2005-09-20 09:15:00,NSE:LT,154.44506202,158.00063179,153.33394647,156.45062559,2494025.02717479
2005-09-21 09:15:00,NSE:LT,156.11173535,156.44507002,152.800611,155.28395426,2145762.41976792
2005-09-22 09:15:00,NSE:LT,155.88951224,158.33396646,149.68393187,152.11727493,2304197.78623449
2005-09-23 09:15:00,NSE:LT,154.38395066,155.48951064,149.66726514,152.52838769,1974691.10382855
2005-09-26 09:15:00,NSE:LT,155.0006198,159.3228593,153.27839069,157.7728531,1769941.92255642
2005-09-27 09:15:00,NSE:LT,159.2228589,161.10619977,157.78396426,160.26175195,1764901.94270972
2005-09-28 09:15:00,NSE:LT,161.11175534,165.51732852,159.11174735,163.9728779,1641539.43599776
2005-09-29 09:15:00,NSE:LT,161.34508961,175.20070057,161.34508961,171.52846366,5385101.4666653
2005-09-30 09:15:00,NSE:LT,177.6673771,177.6673771,167.77844867,168.77289709,2342483.63314138
2005-10-03 09:15:00,NSE:LT,168.77845267,171.38957422,168.77845267,169.2451212,1175647.29895455
2005-10-04 09:15:00,NSE:LT,169.2451212,175.00069977,169.2451212,171.00623935,2360645.56051752
2005-10-05 09:15:00,NSE:LT,172.0451324,173.11180333,170.00067978,171.10068418,1677233.2932692
2005-10-06 09:15:00,NSE:LT,170.88957222,170.88957222,167.00066778,168.2451172,1355844.57840204
2005-10-07 09:15:00,NSE:LT,168.00067178,169.00067578,163.77843267,166.33399845,2078046.69054192
2005-10-10 09:15:00,NSE:LT,168.22289489,168.33400645,164.11732292,165.10621576,1266717.93479159
2005-10-11 09:15:00,NSE:LT,165.77844067,166.6451108,163.88954423,165.91177454,796991.81307928
2005-10-13 09:15:00,NSE:LT,165.55621756,165.90066338,163.55620956,164.23954563,1163875.3460269
2005-10-14 09:15:00,NSE:LT,164.44510201,164.44510201,156.11173535,157.37840708,2742811.03235745
2005-10-17 09:15:00,NSE:LT,156.88951624,158.88952424,154.23395006,156.48951464,2054079.78637806
2005-10-18 09:15:00,NSE:LT,157.33396246,162.00064779,156.22840248,159.0728583,2449331.20589139
2005-10-19 09:15:00,NSE:LT,158.77841268,158.88952424,152.90616698,153.48950264,1650413.40051355
2005-10-20 09:15:00,NSE:LT,157.00062779,157.66729713,144.22279892,150.07837789,3079634.68550512
2005-10-21 09:15:00,NSE:LT,149.44504203,151.88949624,145.00057981,147.38392267,2322998.71105548
2005-10-24 09:15:00,NSE:LT,149.44504203,150.0005998,142.86723795,144.40613299,1903249.3895016
2005-10-25 09:15:00,NSE:LT,145.55613759,151.11171536,145.55613759,149.60615378,2247768.01187949
2005-10-26 09:15:00,NSE:LT,150.44504602,152.11171936,148.94504003,150.87838109,1024465.90348161
2005-10-27 09:15:00,NSE:LT,150.77838069,154.22283891,148.44503803,149.87837709,2872140.51520934
2005-10-28 09:15:00,NSE:LT,151.11171536,152.21727533,147.11169936,149.37837509,4160827.36215413
2005-10-31 09:15:00,NSE:LT,149.96726634,158.88952424,147.22281092,155.41728813,2421692.31641066
2005-11-01 09:15:00,NSE:LT,155.55617757,158.77841268,155.55617757,157.55062999,272059.91211759
2005-11-02 09:15:00,NSE:LT,158.85619077,168.33400645,156.66729313,167.52844767,3280072.88401552
2005-11-07 09:15:00,NSE:LT,157.77840868,168.88956422,157.77840868,168.70067458,2464577.14492765
2005-11-08 09:15:00,NSE:LT,168.33400645,172.22291088,167.22844647,171.78402024,4463973.14996904
2005-11-09 09:15:00,NSE:LT,172.11179933,173.87847306,167.90622696,171.21179573,2594941.62364092
2005-11-10 09:15:00,NSE:LT,169.55623356,171.66735311,168.88956422,170.45068158,1749746.00331358
2005-11-11 09:15:00,NSE:LT,170.55623755,177.63959921,169.17289869,175.03958881,4775389.90471094
2005-11-14 09:15:00,NSE:LT,176.00070377,176.44514999,170.77846066,172.37846706,1555031.78191478
2005-11-16 09:15:00,NSE:LT,173.00069177,175.00069977,171.55624155,173.72847246,1117714.53060955
2005-11-17 09:15:00,NSE:LT,174.04514039,175.6673691,172.33402244,174.55625355,1175071.30125778
2005-11-18 09:15:00,NSE:LT,174.55625355,176.63403963,172.00624335,173.29513739,1240474.03973271
2005-11-21 09:15:00,NSE:LT,174.33403044,174.44514199,169.00067578,172.18957742,1231825.07431721
2005-11-22 09:15:00,NSE:LT,173.33402644,177.65626594,171.22290689,174.52292008,2606110.57897976
2005-11-23 09:15:00,NSE:LT,174.94514399,176.58403943,173.55624955,176.18403784,1977787.09144866
2005-11-24 09:15:00,NSE:LT,176.22292688,178.71182572,175.88959221,177.65626594,2492585.03293288
2005-11-25 09:15:00,NSE:LT,177.91182252,183.33406643,176.55626155,182.13406163,2990400.04232652
2005-11-28 09:15:00,NSE:LT,188.33408642,194.3118881,188.33408642,190.35631673,3591516.63864946
2005-11-29 09:15:00,NSE:LT,190.44520597,192.22299086,183.68406783,190.31187211,3077780.69291866
2005-11-30 09:15:00,NSE:LT,191.66743308,196.97856543,186.11185531,187.2396376,4127896.49383436
2005-12-01 09:15:00,NSE:LT,188.86742189,198.71746127,188.44519797,196.13967319,6611967.56081192
2005-12-02 09:15:00,NSE:LT,196.66745308,201.11191529,194.44522197,196.02300605,4697621.21568358
2005-12-05 09:15:00,NSE:LT,197.55634552,197.77856863,190.01742648,191.06743068,1676180.2974798
2005-12-06 09:15:00,NSE:LT,192.98410501,195.44522597,190.88965219,192.23410201,1917496.33253253
2005-12-07 09:15:00,NSE:LT,193.22299486,195.38967019,188.46186471,190.42298366,2099457.60492638
2005-12-08 09:15:00,NSE:LT,192.18410181,192.18410181,185.00073976,188.03408522,3219557.12599909
2005-12-09 09:15:00,NSE:LT,188.00075175,190.88965219,187.77852864,189.60631373,1503965.98611091
2005-12-12 09:15:00,NSE:LT,190.00075975,195.57855983,190.00075975,194.02299806,2948334.21053461
2005-12-13 09:15:00,NSE:LT,194.44522197,198.05079194,189.8896482,197.02856563,5536759.86023087
2005-12-14 09:15:00,NSE:LT,194.68411181,199.66746507,190.9118745,192.20076855,2565268.74229348
2005-12-15 09:15:00,NSE:LT,193.75633032,195.49522617,192.22299086,192.79521537,1240483.03969672
2005-12-16 09:15:00,NSE:LT,193.87855303,194.30077694,188.66742109,190.01742648,2886117.45931992
2005-12-19 09:15:00,NSE:LT,193.33410641,197.1118993,190.66742908,192.15076835,3755846.98154387
2005-12-20 09:15:00,NSE:LT,193.1118833,195.22300285,192.34521357,194.2618879,1522442.91222747
2005-12-21 09:15:00,NSE:LT,194.88966819,195.77856063,193.33410641,194.83411241,1479666.08327861
2005-12-22 09:15:00,NSE:LT,195.1118913,195.32300325,191.66743308,192.50076975,1131349.47608767
2005-12-23 09:15:00,NSE:LT,194.4118885,195.54522637,193.1118833,194.63411161,1316685.734986
2005-12-26 09:15:00,NSE:LT,193.1118833,195.55633752,190.33409442,194.58966699,1278057.88944666
2005-12-27 09:15:00,NSE:LT,194.68966739,199.77857663,194.67855623,199.02301805,2169018.32677483
2005-12-28 09:15:00,NSE:LT,199.44524196,199.98968858,196.80078694,197.65634592,1292160.8330534
2005-12-29 09:15:00,NSE:LT,198.22301485,202.31747567,197.22301085,200.98969258,2536711.85648353
2005-12-30 09:15:00,NSE:LT,200.5341352,205.55637751,198.55634952,205.01748646,2529295.88613767
2006-01-02 09:15:00,NSE:LT,205.55637751,206.42304764,202.3341424,202.85081113,980438.07953509
2006-01-03 09:15:00,NSE:LT,203.88970418,204.98970858,202.72303284,203.56748067,1052698.79058713
2006-01-04 09:15:00,NSE:LT,203.88970418,207.22305084,203.88970418,205.72304484,1227181.09288704
2006-01-05 09:15:00,NSE:LT,205.72304484,208.87305744,204.88970818,205.50082173,1992970.03073684
2006-01-06 09:15:00,NSE:LT,205.47859942,206.22304684,201.3341384,204.5341512,4256757.97855763
2006-01-09 09:15:00,NSE:LT,205.69526695,207.11193928,201.66747307,203.11747887,1990963.03876218
2006-01-10 09:15:00,NSE:LT,202.75636631,204.44526195,198.88968418,200.30635651,1483383.06841555
2006-01-12 09:15:00,NSE:LT,200.65635791,202.22303085,189.00075575,198.43412681,2792337.83431528
2006-01-13 09:15:00,NSE:LT,199.77857663,202.22303085,198.33412641,200.70080254,1395345.42045054
2006-01-16 09:15:00,NSE:LT,200.3341344,206.07860182,200.3341344,205.06748666,1428348.28848241
2006-01-17 09:15:00,NSE:LT,205.06748666,208.33416639,203.3341464,206.36193628,2147886.41127474
2006-01-18 09:15:00,NSE:LT,203.3341464,208.88972417,200.88969218,203.61192529,2003247.9896385
2006-01-19 09:15:00,NSE:LT,204.30081693,212.53418319,202.44525396,211.46751226,5931462.28193947
2006-01-20 09:15:00,NSE:LT,212.77862861,213.88974416,206.88971617,207.66194148,4161988.35751167
2006-01-23 09:15:00,NSE:LT,208.74527915,212.77862861,206.12860202,207.33416239,3872612.51463506
2006-01-24 09:15:00,NSE:LT,209.22305884,216.93420078,208.11194328,215.71752925,4105855.58196907
2006-01-25 09:15:00,NSE:LT,216.93420078,228.88980414,216.11197527,226.92868519,7801618.80376908
2006-01-27 09:15:00,NSE:LT,228.88980414,239.55651346,228.88980414,237.27872658,5805957.78379266
2006-01-30 09:15:00,NSE:LT,239.55651346,257.11213922,231.11203525,233.97871338,2825322.70241912
2006-01-31 09:15:00,NSE:LT,235.00093969,246.10097297,233.46203354,241.34542062,2633758.46842451
2006-02-01 09:15:00,NSE:LT,242.22319079,265.00105965,242.22319079,253.70101447,13482756.08667984
2006-02-02 09:15:00,NSE:LT,246.10097297,258.55658944,246.10097297,247.85097996,5144748.42776185
2006-02-03 09:15:00,NSE:LT,247.77876856,250.07877776,241.23984242,244.73985641,4757479.97632714
2006-02-06 09:15:00,NSE:LT,246.07876177,257.66769699,244.4454219,250.70656916,6094676.62929639
2006-02-07 09:15:00,NSE:LT,251.11211523,253.88990411,249.40100838,252.92880027,3301168.79965956
2006-02-08 09:15:00,NSE:LT,252.77878856,253.33434633,242.66763701,244.92320159,5376587.50070999
2006-02-10 09:15:00,NSE:LT,249.74544309,257.77880855,247.22321079,256.87326048,7431207.28492877
2006-02-13 09:15:00,NSE:LT,257.77880855,280.00111963,256.11213522,277.6344435,10589366.65643826
2006-02-14 09:15:00,NSE:LT,278.89000408,278.89000408,263.8899441,266.77328896,7804507.79221692
2006-02-15 09:15:00,NSE:LT,269.77885653,275.00109964,257.47880735,263.12328548,7527272.90079245
2006-02-16 09:15:00,NSE:LT,266.66773298,268.09552758,258.36214422,259.53993781,4140514.44337913
2006-02-17 09:15:00,NSE:LT,262.11215921,263.31216401,251.667673,254.15656073,5914326.35046069
2006-02-20 09:15:00,NSE:LT,256.08991291,256.11213522,246.11209523,249.98987741,4932736.27553207
2006-02-21 09:15:00,NSE:LT,251.60656165,261.66771299,250.55655745,259.52325997,6702426.19909615
2006-02-22 09:15:00,NSE:LT,258.63436753,268.88996409,253.88990411,255.91213442,8063769.7555095
2006-02-23 09:15:00,NSE:LT,260.53437512,262.96771819,253.88990411,255.28992082,4696361.2207219
2006-02-24 09:15:00,NSE:LT,263.10660763,263.10660763,255.56769971,260.4399303,4380138.48519761
2006-02-27 09:15:00,NSE:LT,261.66771299,265.48993938,259.44548188,263.57883174,5346680.62029824
2006-02-28 09:15:00,NSE:LT,265.48993938,270.88997209,261.72882435,266.32884274,8323679.71621095
2006-03-01 09:15:00,NSE:LT,268.33440631,275.37886782,267.22329076,272.17331055,5453879.19164471
2006-03-02 09:15:00,NSE:LT,274.44554186,283.22335474,273.34554857,274.80665442,7698416.21644392
2006-03-03 09:15:00,NSE:LT,275.22332275,278.77889252,266.80662243,267.71773718,5839050.65146464
2006-03-06 09:15:00,NSE:LT,274.21776317,274.22331875,266.66773298,268.24551707,4177387.29593614
2006-03-07 09:15:00,NSE:LT,268.22329476,280.55667741,268.22329476,277.75111064,6144716.4292029
2006-03-08 09:15:00,NSE:LT,280.55667741,283.85669061,269.47329976,271.00108364,8067324.74129423
2006-03-09 09:15:00,NSE:LT,271.00108364,273.86776177,264.68438061,271.68997529,5047593.81625272
2006-03-10 09:15:00,NSE:LT,275.22332275,281.11223519,272.33442231,279.60667361,4112785.55425828
2006-03-13 09:15:00,NSE:LT,279.44556186,286.10113291,279.44556186,281.84001587,4429449.28801915
2006-03-14 09:15:00,NSE:LT,283.33446629,284.22335874,278.22333475,282.46222947,3305254.78332099
2006-03-16 09:15:00,NSE:LT,283.33446629,290.5567174,276.29553815,278.41777997,5297225.81805251
2006-03-17 09:15:00,NSE:LT,279.12334946,283.33446629,272.77886853,274.19554086,3931580.27884144
2006-03-20 09:15:00,NSE:LT,277.77888852,277.77888852,269.55663342,271.88442051,3571248.71969452
2006-03-21 09:15:00,NSE:LT,275.33443431,279.44556186,271.66775298,273.66776097,5416151.34250657
2006-03-22 09:15:00,NSE:LT,273.44553786,274.44554186,263.8899441,265.35661663,4736060.06197867
2006-03-23 09:15:00,NSE:LT,272.00108764,272.00108764,264.84551459,266.80662243,3224516.10616968
2006-03-24 09:15:00,NSE:LT,267.77884854,273.07886973,266.11217521,271.83442031,2938389.25030139
2006-03-27 09:15:00,NSE:LT,276.55666141,276.55666141,271.83442031,273.37332646,2051325.7973904
2006-03-28 09:15:00,NSE:LT,274.00109564,275.00109964,266.66773298,268.92886425,2990751.04092299
2006-03-29 09:15:00,NSE:LT,269.1121872,271.1121952,266.12329747,268.29550616,2801013.79962281
2006-03-30 09:15:00,NSE:LT,270.44552587,278.34556857,266.95106745,275.04553315,2630662.4808044
2006-03-31 09:15:00,NSE:LT,269.38441051,275.52332395,268.57328505,270.30108085,2954742.18491113
2006-04-03 09:15:00,NSE:LT,273.18998129,278.89000408,270.55663742,277.5122319,3542106.83622379
2006-04-04 09:15:00,NSE:LT,277.77888852,286.65669069,277.77888852,281.61223719,3491185.03984411
2006-04-05 09:15:00,NSE:LT,283.33446629,294.33451028,281.44556985,293.54007377,7346733.6227125
2006-04-07 09:15:00,NSE:LT,294.44562184,305.0012196,281.11223519,293.31228397,8381981.48308044
2006-04-10 09:15:00,NSE:LT,294.11228717,297.22341072,290.00115962,295.00673519,3687294.25566476
2006-04-12 09:15:00,NSE:LT,296.66785294,297.16229937,281.69557085,284.15668069,4843168.63368502
2006-04-13 09:15:00,NSE:LT,285.52336394,286.61781276,269.22329876,276.98445201,5269685.9281759
2006-04-17 09:15:00,NSE:LT,279.55667341,284.3066924,276.66777297,282.10668361,2126403.49717819
2006-04-18 09:15:00,NSE:LT,284.3066924,294.33451028,284.22335874,292.63450348,5472077.1188769
2006-04-19 09:15:00,NSE:LT,293.7789525,295.61229317,286.77892451,294.19562084,2427929.29147094
2006-04-20 09:15:00,NSE:LT,294.89006806,296.65673068,291.13449748,294.81785666,1847341.61305929
2006-04-21 09:15:00,NSE:LT,291.11227517,302.77898849,291.11227517,300.65121332,3340894.64080836
2006-04-24 09:15:00,NSE:LT,302.77898849,309.86235015,297.7789685,306.99567202,3675162.30417663
2006-04-25 09:15:00,NSE:LT,307.55678537,307.55678537,297.7789685,298.73453899,2300417.80134947
2006-04-26 09:15:00,NSE:LT,297.7789685,300.44564583,292.89006006,295.6011709,4652144.39753113
2006-04-27 09:15:00,NSE:LT,298.33452627,304.64566262,297.7789685,301.22898229,2485250.06226313
2006-04-28 09:15:00,NSE:LT,294.61784475,304.26787222,272.77886853,299.42341952,2963499.14989477
2006-05-02 09:15:00,NSE:LT,302.77898849,308.0012316,300.59009085,302.76786622,1778914.88667634
2006-05-03 09:15:00,NSE:LT,304.41232836,306.41233635,295.44562583,298.51231587,1954090.18620517
2006-05-04 09:15:00,NSE:LT,299.7789765,303.22343471,291.90117833,293.11783875,2826312.69846043
2006-05-05 09:15:00,NSE:LT,294.44562184,305.26787622,294.44562184,303.77899249,3150005.40411465
2006-05-08 09:15:00,NSE:LT,305.22344271,306.10121289,299.44564183,302.17343051,1617689.53136606
2006-05-09 09:15:00,NSE:LT,304.66788493,310.99012132,300.89009205,308.65124531,3167591.33379402
2006-05-10 09:15:00,NSE:LT,308.89012404,315.00125959,308.89012404,312.66791692,2545774.82024357
2006-05-11 09:15:00,NSE:LT,308.89012404,313.21235243,304.06789365,307.12899477,932729.27030768
2006-05-12 09:15:00,NSE:LT,305.33455427,323.22351469,301.28453807,315.2956941,4718141.13363085
2006-05-15 09:15:00,NSE:LT,311.11235515,315.55681736,296.11229517,300.70120241,3475561.10231935
2006-05-16 09:15:00,NSE:LT,303.19010125,303.19010125,275.55665742,292.41783595,5198145.21424482
2006-05-17 09:15:00,NSE:LT,299.99564403,302.99565602,294.44562184,298.3511819,2701690.1967868
2006-05-18 09:15:00,NSE:LT,296.67897521,296.67897521,278.3344463,282.48447401,4586588.659668
2006-05-19 09:15:00,NSE:LT,285.5566974,294.44562184,254.4676842,275.60109093,4828210.69349714
2006-05-22 09:15:00,NSE:LT,284.61224918,284.61224918,220.48421498,258.40104437,4801660.79966186
2006-05-23 09:15:00,NSE:LT,266.11217521,269.44552187,242.22319079,259.40658173,4900651.40382942
2006-05-24 09:15:00,NSE:LT,261.11215521,263.8899441,247.77876856,252.22323078,5487629.05668957
2006-05-25 09:15:00,NSE:LT,251.00100367,268.66774098,241.67318859,254.57879575,10783927.87844885
2006-05-26 09:15:00,NSE:LT,266.66773298,275.55665742,258.33436633,261.3399339,7141435.44363564
2006-05-29 09:15:00,NSE:LT,262.22327077,273.88998408,262.22327077,271.65109735,4541948.83816867
2006-05-30 09:15:00,NSE:LT,273.88998408,277.77888852,270.7899828,272.32886673,4328172.69299255
2006-05-31 09:15:00,NSE:LT,266.66773298,268.88996409,255.55657744,257.5954856,4227328.09623851
2006-06-01 09:15:00,NSE:LT,258.34548859,264.66772499,240.55651746,242.55096988,5663470.35355528
2006-06-02 09:15:00,NSE:LT,245.55653746,255.44546589,236.82315809,243.58986292,4212946.1537474
2006-06-05 09:15:00,NSE:LT,247.77876856,258.33436633,244.77875657,252.02878556,5675998.30345993
2006-06-06 09:15:00,NSE:LT,247.77876856,250.00099967,234.55649347,236.56205704,6504183.99180467
2006-06-07 09:15:00,NSE:LT,243.33430635,246.55654145,215.55641749,221.27310702,9492289.04330814
2006-06-08 09:15:00,NSE:LT,221.11199527,227.22313081,206.12304644,209.1063917,11078460.70070431
2006-06-09 09:15:00,NSE:LT,210.00083972,234.99538411,210.00083972,224.98423297,7563623.75543676
2006-06-12 09:15:00,NSE:LT,229.88980814,232.0009277,216.33419838,219.05087591,5839482.64973722
2006-06-13 09:15:00,NSE:LT,216.33419838,216.33419838,201.63969518,205.46748826,4793974.83039564
2006-06-14 09:15:00,NSE:LT,204.3841506,215.22308283,202.22303085,204.00081573,4697756.21514376
2006-06-15 09:15:00,NSE:LT,208.88972417,235.33427436,207.71749726,227.56758775,7724318.11287034
2006-06-16 09:15:00,NSE:LT,234.08426936,246.4454299,227.88980015,233.03983185,10826443.70844135
2006-06-19 09:15:00,NSE:LT,227.88980015,235.56761974,218.33420638,228.12314552,4962130.15799514
2006-06-20 09:15:00,NSE:LT,230.55647748,230.55647748,214.02307803,217.88420458,4653917.39044149
2006-06-21 09:15:00,NSE:LT,216.66753305,226.44534992,215.55641749,225.12312242,4211659.15889369
2006-06-22 09:15:00,NSE:LT,228.0009117,244.4454219,228.0009117,243.4954181,6280993.88427203
2006-06-23 09:15:00,NSE:LT,240.00095968,243.22319479,230.0009197,241.31764273,4602671.59535738
2006-06-26 09:15:00,NSE:LT,242.77874857,243.77875257,229.57869579,231.20649119,3986516.05917045
2006-06-27 09:15:00,NSE:LT,237.55650547,237.77872858,229.50647328,231.58425936,3683046.27265111
2006-06-28 09:15:00,NSE:LT,225.77868059,230.66758903,223.88978415,229.98979743,1955962.17871966
2006-06-29 09:15:00,NSE:LT,230.66758903,238.33428635,230.66758903,235.95651018,2639833.44413259
2006-06-30 09:15:00,NSE:LT,243.00097168,249.91211043,242.22319079,249.11210723,3655776.38169487
2006-07-03 09:15:00,NSE:LT,249.91211043,254.31212802,246.66765301,252.35656465,1938619.24806861
2006-07-04 09:15:00,NSE:LT,253.6176808,257.77880855,242.77874857,243.53430715,3477829.09325036
2006-07-05 09:15:00,NSE:LT,244.4454219,261.22326677,235.55649747,252.90102238,3812879.75348767
2006-07-06 09:15:00,NSE:LT,250.00099967,251.11211523,243.4454179,246.00098368,3797840.81362369
2006-07-07 09:15:00,NSE:LT,247.22321079,251.77878456,237.88984013,241.39540971,3199667.20553266
2006-07-10 09:15:00,NSE:LT,241.55652146,243.27319499,237.2231708,242.05096788,2651011.39943544
2006-07-11 09:15:00,NSE:LT,241.53986584,242.55652546,239.44540191,241.26208695,1266789.93450368
2006-07-12 09:15:00,NSE:LT,239.44540191,252.11211922,234.57314909,251.07878176,3762353.95552452
2006-07-13 09:15:00,NSE:LT,249.87876585,251.667673,244.4454219,250.31767872,3462178.15583356
2006-07-14 09:15:00,NSE:LT,248.7676503,248.7676503,240.00095968,243.88430855,2396996.41516183
2006-07-17 09:15:00,NSE:LT,243.82318608,243.82318608,235.02871758,236.61205724,2489192.04650037
2006-07-18 09:15:00,NSE:LT,238.30095289,241.00096368,227.88980015,230.03981985,3244064.02800366
2006-07-19 09:15:00,NSE:LT,233.21759923,235.21204054,224.44534193,227.63424357,3433099.27211091
2006-07-20 09:15:00,NSE:LT,234.55649347,238.2231748,232.77870858,237.13983713,1997308.01339061
2006-07-21 09:15:00,NSE:LT,235.55649747,236.11205525,223.00089171,224.82312122,3351883.59686697
2006-07-24 09:15:00,NSE:LT,223.45644908,232.87869787,217.23420198,229.59537363,5546875.81978032
2006-07-25 09:15:00,NSE:LT,232.87869787,236.55650147,230.01204196,234.95650618,3174971.30428383
2006-07-26 09:15:00,NSE:LT,235.66760902,241.11207524,232.23980643,239.76208095,2538313.85007766
2006-07-27 09:15:00,NSE:LT,240.66762902,245.33431434,240.66762902,244.37874386,2243250.02994549
2006-07-28 09:15:00,NSE:LT,246.55654145,246.55654145,240.2231828,242.75652626,1374582.50347495
2006-07-31 09:15:00,NSE:LT,246.08987292,247.11209923,243.58430735,245.50653726,1814842.7430121
2006-08-01 09:15:00,NSE:LT,244.43986632,251.667673,242.33985793,249.87323249,5266976.9390083
2006-08-02 09:15:00,NSE:LT,251.667673,265.55661743,246.77876456,252.22878636,2846436.61799118
2006-08-03 09:15:00,NSE:LT,251.88989611,258.55658944,250.00099967,252.04544118,3629190.48800353
2006-08-04 09:15:00,NSE:LT,252.22323078,256.11213522,245.61209323,248.41766001,2633281.47033188
2006-08-07 09:15:00,NSE:LT,248.88432854,252.18989731,242.11763482,246.07319508,3438985.24857473
2006-08-08 09:15:00,NSE:LT,245.62874886,255.33435433,245.55653746,253.67880327,2129859.48335878
2006-08-09 09:15:00,NSE:LT,253.32322407,258.66770099,251.44544989,257.74547508,4215358.14410261
2006-08-10 09:15:00,NSE:LT,255.55657744,261.11215521,252.77878856,257.81770871,2660317.36222381
2006-08-11 09:15:00,NSE:LT,258.11214322,266.55662143,254.22323878,257.83991991,3846656.61842457
2006-08-14 09:15:00,NSE:LT,257.55658544,258.21213251,253.95101547,256.40103637,2051478.79677861
2006-08-16 09:15:00,NSE:LT,258.45660015,266.11217521,257.38991811,264.62329147,3310285.76320368
2006-08-17 09:15:00,NSE:LT,265.03995981,268.33440631,262.92327357,266.15107536,3508932.9688757
2006-08-18 09:15:00,NSE:LT,266.48994338,268.66774098,260.35102995,262.16771499,1659602.36376977
2006-08-21 09:15:00,NSE:LT,264.55661343,264.83439232,261.6899353,263.22883034,1569845.72267847
2006-08-22 09:15:00,NSE:LT,262.4621495,269.44552187,262.4621495,266.22884234,3077339.69468207
2006-08-23 09:15:00,NSE:LT,265.77884054,266.55662143,261.34550059,262.23439303,1081966.67355403
2006-08-24 09:15:00,NSE:LT,261.10659963,263.32326405,258.12326548,262.6399391,2052522.79260399
2006-08-25 09:15:00,NSE:LT,261.91215841,265.55661743,259.00103566,261.02882155,1913482.3485832
2006-08-28 09:15:00,NSE:LT,262.66771699,268.88996409,260.17326257,268.37883983,2705461.18170781
2006-08-29 09:15:00,NSE:LT,283.33446629,283.33446629,268.67886325,270.43997029,2700961.19970183
2006-08-30 09:15:00,NSE:LT,271.77886453,272.00108764,268.33440631,270.05663542,1678439.2884468
2006-08-31 09:15:00,NSE:LT,270.77886053,272.22331075,265.77884054,267.08440132,1740179.04156886
2006-09-01 09:15:00,NSE:LT,267.78440412,271.00108364,266.33439832,269.89552367,2225205.10210151
2006-09-04 09:15:00,NSE:LT,271.88997609,276.66777297,271.00108364,276.13999308,3128369.4906299
2006-09-05 09:15:00,NSE:LT,276.13999308,276.6566507,273.33442631,273.96219548,2134242.46583261
2006-09-06 09:15:00,NSE:LT,274.44554186,286.11225518,273.33442631,284.0066912,6196286.22299144
2006-09-07 09:15:00,NSE:LT,283.21223247,291.55116582,278.3344463,285.31225198,6806762.78188682
2006-09-08 09:15:00,NSE:LT,286.11781076,290.44560584,281.11223519,283.59002287,3551511.79861629
2006-09-11 09:15:00,NSE:LT,284.44558185,288.33448629,273.33442631,274.11776277,5852415.59802241
2006-09-12 09:15:00,NSE:LT,276.41221639,276.60666161,270.77886053,273.23443702,4407723.37489428
2006-09-13 09:15:00,NSE:LT,274.61776477,282.77890852,274.61776477,280.48446601,3628020.49268198
2006-09-14 09:15:00,NSE:LT,283.32334403,284.44558185,278.3344463,281.82333803,3851336.59971079
2006-09-15 09:15:00,NSE:LT,284.44558185,295.54561512,279.57332903,293.45117341,11304485.79690072
2006-09-18 09:15:00,NSE:LT,293.88450848,301.59566154,293.39006206,299.36786374,8340266.64988499
2006-09-19 09:15:00,NSE:LT,301.11231516,302.66787694,291.66783295,293.92339753,6889211.45220041
2006-09-20 09:15:00,NSE:LT,288.89004407,300.44564583,288.89004407,299.48454198,7469376.1323035
2006-09-21 09:15:00,NSE:LT,301.11231516,303.22343471,296.59564154,298.55119381,6910631.36654887
2006-09-22 09:15:00,NSE:LT,299.90121032,299.90121032,293.67339653,295.42340352,7348596.61526297
2006-09-25 09:15:00,NSE:LT,296.1011729,296.54561912,289.06783366,290.14560464,5699902.2078757
2006-09-26 09:15:00,NSE:LT,292.79007077,294.23452099,290.44560584,291.03449708,7028323.8959333
2006-09-27 09:15:00,NSE:LT,293.34006186,294.30117681,287.03448109,287.734495,7589633.65143133
2006-09-28 09:15:00,NSE:LT,299.31230847,299.31230847,279.77889699,280.67890059,6826175.69278485
2006-09-29 09:15:00,NSE:LT,285.42336402,285.42336402,280.5011221,282.76779784,1946300.71408081
2006-10-03 09:15:00,NSE:LT,284.44558233,301.55676189,277.44555432,278.3011133,2416256.33408536
2006-10-04 09:15:00,NSE:LT,280.44556633,282.22335121,272.66775743,273.8010953,2145748.91621459
2006-10-05 09:15:00,NSE:LT,274.44554232,281.55668188,274.44554232,280.91223486,2175381.29767416
2006-10-06 09:15:00,NSE:LT,283.33446677,284.4011377,280.92334601,281.55668188,1468600.62505698
2006-10-09 09:15:00,NSE:LT,280.0011201,288.76782184,276.06777103,286.93448117,2451356.193673
2006-10-10 09:15:00,NSE:LT,288.89004455,289.89004855,282.92335402,284.89002855,1466179.63474183
2006-10-11 09:15:00,NSE:LT,285.77892099,288.15670828,277.83444477,280.26778784,2265304.4379485
2006-10-12 09:15:00,NSE:LT,278.0011121,283.26779984,276.27888299,282.56779704,2001650.49266132
2006-10-13 09:15:00,NSE:LT,284.44558233,286.60114651,280.46778864,281.99001695,3225366.59734651
2006-10-16 09:15:00,NSE:LT,285.55669788,292.44561433,282.73446437,291.12338682,4535743.35535719
2006-10-17 09:15:00,NSE:LT,291.55672189,293.05672789,285.34558593,286.99003695,2864679.54022749
2006-10-18 09:15:00,NSE:LT,287.11225966,292.278947,285.33447477,290.0789382,4955870.67469329
2006-10-19 09:15:00,NSE:LT,291.80116731,293.04561673,281.11223566,283.75669068,5211928.65036714
2006-10-20 09:15:00,NSE:LT,285.55669788,287.22337122,283.11224366,284.36780424,3250908.49516952
2006-10-23 09:15:00,NSE:LT,287.75670668,287.75670668,282.22335121,283.17891059,1703360.18593233
2006-10-26 09:15:00,NSE:LT,286.66781344,286.66781344,279.77889699,282.12335081,4744668.51957964
2006-10-27 09:15:00,NSE:LT,282.44557433,286.22336722,279.16778344,281.96779464,3058759.26383716
2006-10-30 09:15:00,NSE:LT,282.27890699,290.54560673,281.77890499,289.15671228,3649453.90084121
2006-10-31 09:15:00,NSE:LT,289.49004695,293.89006455,288.00115211,291.60116651,3407534.86860638
2006-11-02 09:15:00,NSE:LT,296.00118411,299.778977,295.11229166,297.50119011,3097733.60792545
2006-11-03 09:15:00,NSE:LT,298.22341522,298.89008455,295.36784824,297.92341402,3945827.21523887
2006-11-06 09:15:00,NSE:LT,297.55674589,300.89009256,297.33452278,298.56786104,2468501.12508697
2006-11-07 09:15:00,NSE:LT,300.44564633,300.44564633,292.44561433,293.81228646,2533953.36325392
2006-11-08 09:15:00,NSE:LT,294.44562233,295.55673789,286.66781344,291.65672229,2276725.39226048
2006-11-09 09:15:00,NSE:LT,292.22339122,294.40117771,289.14560113,291.29005415,1864585.54097157
2006-11-10 09:15:00,NSE:LT,291.11227566,297.89008055,290.0789382,296.79007615,2002028.49114919
2006-11-13 09:15:00,NSE:LT,297.02341042,299.49008695,294.94562433,297.20118891,1930109.77885051
2006-11-14 09:15:00,NSE:LT,297.778969,301.64565113,295.56784904,299.13452998,3223409.1051772
2006-11-15 09:15:00,NSE:LT,300.00120011,302.22343122,296.46785264,299.83453278,3298338.30543282
2006-11-16 09:15:00,NSE:LT,300.41231287,300.41231287,300.41231287,300.41231287,3179435.28108868
2006-11-17 09:15:00,NSE:LT,303.31232447,310.00124011,299.59008735,300.84564793,5719981.11797028
2006-11-20 09:15:00,NSE:LT,302.22343122,302.22343122,286.12336682,294.9789578,5087774.14703085
2006-11-21 09:15:00,NSE:LT,297.778969,300.89009256,292.89006055,299.40119771,3731925.07092618
2006-11-22 09:15:00,NSE:LT,304.44566233,306.66789345,299.40119771,305.32344362,3824413.20093962
2006-11-23 09:15:00,NSE:LT,307.55678589,316.21237607,307.00122811,311.46791265,6401278.39253043
2006-11-24 09:15:00,NSE:LT,312.44569434,313.33458678,305.44566633,308.06789905,2772335.409638
2006-11-27 09:15:00,NSE:LT,307.779009,312.66791745,306.72344922,310.12346283,1226083.09521636
2006-11-28 09:15:00,NSE:LT,306.72344922,309.9790178,300.02342242,307.06789505,2354152.08252522
2006-11-29 09:15:00,NSE:LT,307.779009,311.11235567,305.56788905,306.79011616,1432879.76795356
2006-11-30 09:15:00,NSE:LT,310.82346563,310.82346563,302.1789866,303.23454638,2807111.27052176
2006-12-01 09:15:00,NSE:LT,308.04567674,309.779017,304.42344002,306.54567074,1781272.8742529
2006-12-04 09:15:00,NSE:LT,306.89011656,317.51238127,306.89011656,316.31237647,3737518.54855021
2006-12-05 09:15:00,NSE:LT,317.77904901,326.3568611,317.11237967,325.00130012,5482386.56843593
2006-12-06 09:15:00,NSE:LT,325.0568559,325.0568559,325.0568559,325.0568559,3358651.56415759
2006-12-07 09:15:00,NSE:LT,326.59019536,326.59019536,326.59019536,326.59019536,2854401.58134311
2006-12-08 09:15:00,NSE:LT,326.59019536,328.89020457,321.11239567,322.39017856,1433964.26361517
2006-12-11 09:15:00,NSE:LT,323.11240367,324.66796545,312.66791745,319.22349923,4579663.17966173
2006-12-12 09:15:00,NSE:LT,320.00128012,330.82354563,300.00120011,309.46790465,8375942.49314725
2006-12-13 09:15:00,NSE:LT,310.22346323,320.11239167,300.51231327,315.34570594,4639953.93847651
2006-12-14 09:15:00,NSE:LT,315.56792905,324.19018576,314.72348123,322.69017976,2493975.52318
2006-12-15 09:15:00,NSE:LT,324.89018856,327.5568659,323.33462679,324.60129852,2124207.50238817
2006-12-18 09:15:00,NSE:LT,326.44575034,328.00131212,319.47905581,327.10130852,2309975.75924677
2006-12-19 09:15:00,NSE:LT,327.77908901,328.82353763,310.66790945,314.72348123,4920383.81665378
2006-12-20 09:15:00,NSE:LT,314.26792385,320.37905941,304.44566233,313.29014216,4592960.62646705
2006-12-21 09:15:00,NSE:LT,313.33458678,314.89014856,306.66789345,311.83458078,2306866.27168587
2006-12-22 09:15:00,NSE:LT,310.66790945,321.11239567,310.66790945,318.61238567,1721688.61261188
2006-12-26 09:15:00,NSE:LT,319.77905701,323.5568499,316.73460038,322.71240207,1662756.84836063
2006-12-27 09:15:00,NSE:LT,327.5568659,327.5568659,320.22350323,322.50129012,1484589.06109735
2006-12-28 09:15:00,NSE:LT,322.89018056,325.11241168,317.31238047,319.1568323,1982404.0696541
2006-12-29 09:15:00,NSE:LT,320.00128012,322.64573514,319.14572114,321.31239647,895829.41635262
2007-01-02 09:15:00,NSE:LT,321.5568419,327.11241968,320.49017096,324.47907581,782299.37051459
2007-01-03 09:15:00,NSE:LT,324.00129612,330.43465519,315.55681789,328.07909021,3066143.73429657
2007-01-04 09:15:00,NSE:LT,331.04576874,334.22355923,329.33465079,331.8568831,2979681.080179
2007-01-05 09:15:00,NSE:LT,333.33466679,333.33466679,325.11241168,326.84575194,1553474.7855291
2007-01-08 09:15:00,NSE:LT,326.89019656,326.89019656,319.22349923,324.82352163,1603829.58409137
2007-01-09 09:15:00,NSE:LT,325.92352603,326.60130652,315.81237447,317.99016096,2013917.443589
2007-01-10 09:15:00,NSE:LT,318.22349523,322.22351123,311.55680189,313.34569794,2252722.48828093
2007-01-11 09:15:00,NSE:LT,322.69017976,322.69017976,311.33457878,319.84572394,1209982.15962603
2007-01-12 09:15:00,NSE:LT,325.1568563,330.00132012,320.44572634,325.82352563,2665528.3369056
2007-01-15 09:15:00,NSE:LT,326.70130692,335.5568979,326.70130692,333.47911181,2060006.25921678
2007-01-16 09:15:00,NSE:LT,335.5568979,339.60135852,333.11244368,338.1569083,2417718.82823484
2007-01-17 09:15:00,NSE:LT,340.00136013,348.86806226,334.66800546,345.59027137,3014654.94027069
2007-01-18 09:15:00,NSE:LT,345.5569379,355.55697791,342.50137013,353.42363604,3447904.20711417
2007-01-19 09:15:00,NSE:LT,346.93472119,355.29031018,344.02359844,348.72361724,1627449.98960106
2007-01-22 09:15:00,NSE:LT,351.04584875,352.84585595,342.49025897,344.83471279,1676549.29318577
2007-01-23 09:15:00,NSE:LT,344.66804546,347.11249968,339.19024577,341.7569227,1925663.79663607
2007-01-24 09:15:00,NSE:LT,342.22359124,353.22363524,340.00136013,351.86807426,2022908.40762184
2007-01-25 09:15:00,NSE:LT,352.89030057,360.66810947,350.00140013,358.92365804,3964565.14028028
2007-01-29 09:15:00,NSE:LT,357.77920902,362.19033778,351.57918422,358.22365524,2071449.71343875
2007-01-31 09:15:00,NSE:LT,358.26809987,361.11255569,347.77916902,353.11252369,2883264.46588095
2007-02-01 09:15:00,NSE:LT,355.51253329,358.22365524,347.82361364,356.01253529,1489885.53990949
2007-02-02 09:15:00,NSE:LT,355.55697791,376.00150414,355.55697791,373.40149374,4208468.66457641
2007-02-05 09:15:00,NSE:LT,375.11261169,378.44595836,368.44591836,376.17928263,1955350.17787962
2007-02-06 09:15:00,NSE:LT,377.77928903,380.66818947,373.59038338,378.00151214,2292925.32745478
2007-02-07 09:15:00,NSE:LT,378.66818147,392.16823548,376.00150414,387.19043779,4206812.67120099
2007-02-08 09:15:00,NSE:LT,388.66822148,392.84601597,378.25706872,390.39045059,3013934.94315095
2007-02-09 09:15:00,NSE:LT,390.89045259,394.64602317,379.22373925,381.36819227,4596191.61354191
2007-02-12 09:15:00,NSE:LT,381.73486041,383.3126445,364.91257089,369.02369845,3510809.45547002
2007-02-13 09:15:00,NSE:LT,366.44591036,374.89038858,355.55697791,358.70143493,4927066.28992143
2007-02-14 09:15:00,NSE:LT,358.70143493,360.89033258,349.77917702,358.67921262,3250206.49797777
2007-02-15 09:15:00,NSE:LT,359.77921702,378.11262369,359.77921702,376.71261809,3797107.31017323
2007-02-19 09:15:00,NSE:LT,369.37925542,384.15709232,369.37925542,376.35706112,2285927.85544724
2007-02-20 09:15:00,NSE:LT,376.66817347,380.44596636,368.89036458,370.9348172,1905962.87544701
2007-02-21 09:15:00,NSE:LT,370.89037258,379.1126277,366.66813347,368.50147414,2917783.8277908
2007-02-22 09:15:00,NSE:LT,368.50147414,376.66817347,364.89034858,367.46813667,4780497.37625103
2007-02-23 09:15:00,NSE:LT,369.3348108,370.00148014,354.75697471,358.0347656,3639927.43895056
2007-02-26 09:15:00,NSE:LT,359.55699391,361.77922502,351.134738,354.11252769,3410756.85571724
2007-02-27 09:15:00,NSE:LT,356.00142413,356.44587035,344.4569335,347.56805706,4238317.0451719
2007-02-28 09:15:00,NSE:LT,340.00136013,346.33471879,314.44570234,331.07910221,7514596.43884849
2007-03-01 09:15:00,NSE:LT,333.33466679,347.77916902,325.91241488,343.07915022,4850949.09441822
2007-03-02 09:15:00,NSE:LT,341.5569219,341.5569219,322.22351123,324.96796665,5177431.78836729
2007-03-05 09:15:00,NSE:LT,324.96796665,324.96796665,305.55677789,307.40122971,5647094.90954194
2007-03-06 09:15:00,NSE:LT,324.22351923,324.22351923,308.89012456,317.99016096,3247772.00771662
2007-03-07 09:15:00,NSE:LT,320.00128012,329.29020617,313.39014256,323.26795985,4555079.77800439
2007-03-08 09:15:00,NSE:LT,323.26795985,342.00136813,323.26795985,338.52357644,2672791.30785105
2007-03-09 09:15:00,NSE:LT,342.22359124,355.5347556,326.66797345,329.80131932,3282826.86748428
2007-03-12 09:15:00,NSE:LT,333.29022217,338.64579915,330.02354243,333.04577674,2810148.75837069
2007-03-13 09:15:00,NSE:LT,334.44578235,341.11247568,333.33466679,340.32358364,1568005.22740198
2007-03-14 09:15:00,NSE:LT,331.11243568,334.44578235,311.36791225,330.37909941,3048521.80479077
2007-03-15 09:15:00,NSE:LT,332.22355123,340.29025017,329.33465079,330.6568783,2634775.45992843
2007-03-16 09:15:00,NSE:LT,332.22355123,335.11245168,314.24570154,321.62350883,4221658.11181377
2007-03-19 09:15:00,NSE:LT,328.89020457,329.11242768,318.26793985,326.16797145,1725738.59641045
2007-03-20 09:15:00,NSE:LT,328.89020457,332.86799826,326.00130412,327.84575594,1833027.16721668
2007-03-21 09:15:00,NSE:LT,330.66798946,335.5568979,326.70130692,334.59022737,1802800.78813332
2007-03-22 09:15:00,NSE:LT,337.77912901,352.00140813,337.77912901,349.7347324,3484678.06000522
2007-03-23 09:15:00,NSE:LT,349.77917702,364.66812547,346.00138413,361.36811227,5103164.08546543
2007-03-26 09:15:00,NSE:LT,364.89034858,364.89034858,354.74586355,359.62366084,0.0
2007-03-28 09:15:00,NSE:LT,355.55697791,358.66810147,344.44582235,348.22361524,3829849.1791937
2007-03-29 09:15:00,NSE:LT,347.77916902,363.3347868,347.77916902,359.17921462,3846895.1110037
2007-03-30 09:15:00,NSE:LT,361.11255569,363.55700991,355.82364564,360.02366244,3256929.4710834
2007-04-02 09:15:00,NSE:LT,353.3347468,353.3347468,336.79023617,338.93468919,3907109.3701245
2007-04-03 09:15:00,NSE:LT,339.76802586,339.76802586,339.76802586,339.76802586,0.0
2007-04-04 09:15:00,NSE:LT,342.22359124,348.42361604,342.20136893,344.29026617,2985153.05828908
2007-04-05 09:15:00,NSE:LT,345.11249168,346.66805346,341.16803146,344.12359884,2390907.93548828
2007-04-09 09:15:00,NSE:LT,344.89026857,357.79032018,344.40137773,354.97919782,2594118.12257274
2007-04-10 09:15:00,NSE:LT,358.89032458,359.55699391,349.15695231,351.35696111,3222927.60710337
2007-04-11 09:15:00,NSE:LT,351.55696191,357.77920902,349.39028657,352.17918662,3129935.47910611
2007-04-12 09:15:00,NSE:LT,349.3347308,349.97917782,344.66804546,348.13472599,3420971.81485365
2007-04-13 09:15:00,NSE:LT,350.00140013,359.64588315,347.77916902,358.69032378,2336584.15280341
2007-04-16 09:15:00,NSE:LT,361.11255569,370.97926183,346.94583235,369.14592116,4321220.21352872
2007-04-17 09:15:00,NSE:LT,371.3348188,374.55705392,368.89036458,370.92370605,3976571.09225205
2007-04-18 09:15:00,NSE:LT,372.22371125,375.55705792,366.92369005,369.06814307,1430796.27628829
2007-04-19 09:15:00,NSE:LT,364.44590236,371.10148454,357.86809827,364.20145693,2692793.727834
2007-04-20 09:15:00,NSE:LT,371.11259569,377.76817787,371.11259569,377.31262049,1813753.74431747
2007-04-23 09:15:00,NSE:LT,383.33486681,383.33486681,376.77928503,377.93484521,1340526.63740007
2007-04-24 09:15:00,NSE:LT,378.00151214,382.22375125,372.2348224,379.06818307,1883624.96480687
2007-04-25 09:15:00,NSE:LT,377.74595556,381.77930503,373.3348268,375.49039098,1883422.46561694
2007-04-26 09:15:00,NSE:LT,378.00151214,382.55708592,376.66817347,381.43485921,2750955.99516353
2007-04-27 09:15:00,NSE:LT,380.84596796,381.09041338,372.50149014,374.20149694,1556008.27539421
2007-04-30 09:15:00,NSE:LT,370.22370325,379.53485161,365.3347948,377.42373205,2143741.9242433
2007-05-03 09:15:00,NSE:LT,342.00136813,389.63489201,342.00136813,387.37932743,2725706.59617042
2007-05-04 09:15:00,NSE:LT,387.1126597,390.90156374,376.06817107,377.27928703,2436893.25153009
2007-05-07 09:15:00,NSE:LT,377.77928903,384.36820427,376.26817187,377.23484241,1293348.82612868
2007-05-08 09:15:00,NSE:LT,377.77928903,382.33486281,375.56816907,377.66817747,1242508.02951058
2007-05-09 09:15:00,NSE:LT,381.77930503,382.22375125,372.66815747,380.70152294,1401631.89295656
2007-05-10 09:15:00,NSE:LT,382.44597436,384.89042859,373.81260649,375.65705832,1085130.15907998
2007-05-11 09:15:00,NSE:LT,371.20148494,377.33484281,367.14591316,375.11261169,1814136.24278733
2007-05-14 09:15:00,NSE:LT,376.00150414,382.44597436,372.29037818,375.10150054,1413003.34746655
2007-05-15 09:15:00,NSE:LT,375.55705792,379.77929703,370.66814947,371.91259889,1993604.52484815
2007-05-16 09:15:00,NSE:LT,373.11260369,381.97930583,369.37925542,380.9126349,1554131.78290087
2007-05-17 09:15:00,NSE:LT,385.55709792,386.66821348,381.55708192,383.23486641,1874215.50244818
2007-05-18 09:15:00,NSE:LT,382.22375125,386.89043659,374.69038778,384.83487281,1549132.30290063
2007-05-21 09:15:00,NSE:LT,387.77932903,387.77932903,378.89040458,385.80154334,1169923.31987613
2007-05-22 09:15:00,NSE:LT,384.53487161,394.44602237,377.33484281,385.29043019,2496432.51335113
2007-05-23 09:15:00,NSE:LT,385.55709792,394.66824548,381.1126357,383.07931023,2591823.13175355
2007-05-24 09:15:00,NSE:LT,383.33486681,384.89042859,376.66817347,378.65707032,1840276.63821613
2007-05-25 09:15:00,NSE:LT,374.44594236,387.54599476,371.12370685,386.4126569,2545851.31565774
2007-05-28 09:15:00,NSE:LT,386.89043659,398.22381526,386.89043659,396.36825228,2486006.0550608
2007-05-29 09:15:00,NSE:LT,398.89048459,415.42388406,393.82379766,412.47942784,6959874.65793978
2007-05-30 09:15:00,NSE:LT,410.44608637,446.6684535,410.44608637,443.30177336,15251640.48782467
2007-05-31 09:15:00,NSE:LT,444.44622239,457.77960906,436.41285692,446.64623119,7620197.51640531
2007-06-01 09:15:00,NSE:LT,445.55733794,450.64624719,441.14620918,444.43511123,3367165.53009859
2007-06-04 09:15:00,NSE:LT,450.00180017,451.11291572,436.89063661,438.19064181,2655142.37845326
2007-06-05 09:15:00,NSE:LT,439.77953705,439.77953705,430.36838829,432.16839549,3614376.54116356
2007-06-06 09:15:00,NSE:LT,427.85726714,442.22399127,425.61281371,426.92393007,3677034.2905095
2007-06-07 09:15:00,NSE:LT,422.44613438,431.11283571,417.55722593,421.54613078,3036943.35110885
2007-06-08 09:15:00,NSE:LT,422.46835669,426.66837349,414.53499162,418.81278651,3687231.24971791
2007-06-11 09:15:00,NSE:LT,422.22391127,428.66838149,418.00167215,420.36834829,3988158.54589797
2007-06-12 09:15:00,NSE:LT,428.22393527,428.66838149,418.00167215,423.72391727,4234379.56092329
2007-06-13 09:15:00,NSE:LT,424.44614238,426.8905966,413.33498682,415.21277211,4728743.08328725
2007-06-14 09:15:00,NSE:LT,436.66841349,436.66841349,417.77944904,427.33504282,5226612.09162797
2007-06-15 09:15:00,NSE:LT,429.55727394,436.89063661,428.8906046,432.82395367,4406769.3713006
2007-06-18 09:15:00,NSE:LT,433.11284371,437.51286132,426.44615038,428.20171296,2885901.45533202
2007-06-19 09:15:00,NSE:LT,431.55728194,445.09066941,427.55726594,443.53510763,3811277.75348624
2007-06-20 09:15:00,NSE:LT,445.11289172,452.20180897,445.11289172,450.3684683,3873877.0030662
2007-06-21 09:15:00,NSE:LT,445.55733794,477.77968906,445.55733794,467.87964946,9143063.42438119
2007-06-22 09:15:00,NSE:LT,467.87964946,472.19080004,463.77963306,468.33520684,3624591.50029996
2007-06-25 09:15:00,NSE:LT,468.44631839,488.62417689,456.79071621,483.12415489,4637834.44695525
2007-06-26 09:15:00,NSE:LT,484.50193818,484.50193818,476.00190418,480.0463648,3060379.25735659
2007-06-27 09:15:00,NSE:LT,481.06859111,481.06859111,474.4463424,476.40190578,1924538.80113647
2007-06-28 09:15:00,NSE:LT,477.11301973,481.33525884,472.66855751,478.55746995,2078951.18343011
2007-06-29 09:15:00,NSE:LT,480.66858951,490.41309516,480.00192018,488.4463984,3297496.80879912
2007-07-02 09:15:00,NSE:LT,495.55753796,506.17980268,490.45751756,496.76865392,3057103.27046175
2007-07-03 09:15:00,NSE:LT,503.33534685,510.64646499,498.00199218,502.44645441,4416448.83257919
2007-07-04 09:15:00,NSE:LT,507.33536285,515.55761797,498.91312916,509.61314974,3151283.39370659
2007-07-05 09:15:00,NSE:LT,511.14646699,525.31319033,511.14646699,518.03538344,4685817.75500436
2007-07-06 09:15:00,NSE:LT,518.89096464,530.66878953,517.77984908,525.47985766,3963665.14388059
2007-07-09 09:15:00,NSE:LT,525.55765797,539.55771398,525.55765797,536.87992549,4275387.89687485
2007-07-10 09:15:00,NSE:LT,541.11327575,541.11327575,528.89100464,530.93545726,3658696.86386596
2007-07-11 09:15:00,NSE:LT,528.66878153,536.66881353,525.13545628,529.20209477,2891175.43423416
2007-07-12 09:15:00,NSE:LT,533.33546686,537.11325975,526.03541544,528.41324717,2323984.20320784
2007-07-13 09:15:00,NSE:LT,533.33546686,544.44662242,531.77990508,533.25766655,4819390.72066334
2007-07-16 09:15:00,NSE:LT,533.33546686,540.89105264,530.67990068,536.74661384,0.0
2007-07-17 09:15:00,NSE:LT,542.0021682,542.0021682,528.07991251,531.61323775,2811066.75469837
2007-07-18 09:15:00,NSE:LT,532.22435131,532.22435131,510.26870792,517.77984908,4035871.85502717
2007-07-19 09:15:00,NSE:LT,520.2243033,537.55770598,519.55763397,528.79100424,6727212.08867569
2007-07-20 09:15:00,NSE:LT,535.55769797,555.55777798,532.22435131,550.87998149,8236042.5527985
2007-07-23 09:15:00,NSE:LT,551.11331576,593.11348377,543.77995309,583.33566688,5965612.63535381
2007-07-24 09:15:00,NSE:LT,598.84684004,607.11353978,581.48008168,593.39126266,6586088.15322337
2007-07-25 09:15:00,NSE:LT,592.44681444,592.44681444,564.46894696,570.86892812,5567859.22651384
2007-07-26 09:15:00,NSE:LT,571.14670701,585.55789799,556.92442789,565.48001767,6904061.38121343
2007-07-27 09:15:00,NSE:LT,555.55777798,562.22447132,533.33546686,537.82437371,10150366.39479857
2007-07-30 09:15:00,NSE:LT,537.77992909,555.55777798,526.75764055,542.95772758,6187461.74787571
2007-07-31 09:15:00,NSE:LT,546.89107665,584.44678244,546.89107665,579.51342937,7794607.81869991
2007-08-01 09:15:00,NSE:LT,575.55785799,575.55785799,550.0022002,552.25774256,6834077.66117406
2007-08-02 09:15:00,NSE:LT,553.71332616,566.66893354,550.02444474,553.0022122,6052313.78851729
2007-08-03 09:15:00,NSE:LT,562.00224821,567.11337976,557.79112025,560.03555145,3656802.37144462
2007-08-06 09:15:00,NSE:LT,547.77996909,551.11331576,537.86879611,544.09104322,4820466.21636096
2007-08-07 09:15:00,NSE:LT,555.55777798,560.96893296,541.11327575,545.43551527,4470547.61616415
2007-08-08 09:15:00,NSE:LT,549.77997709,557.10222861,548.5021942,553.89110465,4182328.26914761
2007-08-09 09:15:00,NSE:LT,558.22445532,562.89114065,541.16883153,544.49106704,3249693.50002995
2007-08-10 09:15:00,NSE:LT,533.33546686,542.22439131,522.46877895,539.71327015,4473324.10505717
2007-08-13 09:15:00,NSE:LT,544.44662242,548.0021922,539.57995851,541.34661002,0.0
2007-08-14 09:15:00,NSE:LT,546.32440771,546.66885353,536.69105806,537.97990766,2221083.11485007
2007-08-16 09:15:00,NSE:LT,522.2243113,527.77988908,511.33537885,515.66872952,6135833.45440788
2007-08-17 09:15:00,NSE:LT,515.66872952,521.92428788,498.00199218,512.90205179,7942918.2254037
2007-08-20 09:15:00,NSE:LT,529.77989708,536.44659042,519.37985548,522.16875553,3997905.50690654
2007-08-21 09:15:00,NSE:LT,527.73544446,527.73544446,511.11315574,512.56871712,4393102.92597141
2007-08-22 09:15:00,NSE:LT,521.11319575,533.11324375,507.5798305,529.54656282,4127239.48952301
2007-08-23 09:15:00,NSE:LT,533.33546686,548.44663842,524.44654242,532.55768597,5978599.58340124
2007-08-24 09:15:00,NSE:LT,535.55769797,546.05773998,525.20207877,543.32439571,3038968.34300813
2007-08-27 09:15:00,NSE:LT,548.89108465,564.35783541,544.44662242,563.04669683,3044462.8210282
2007-08-28 09:15:00,NSE:LT,562.22447132,571.11339577,556.97998367,567.35784741,3314002.74276931
2007-08-29 09:15:00,NSE:LT,560.89113265,577.55786599,551.20218278,575.93563728,3239622.54031749
2007-08-30 09:15:00,NSE:LT,577.81340035,584.22455933,569.14669901,575.25783457,4873800.00300618
2007-08-31 09:15:00,NSE:LT,576.89119666,579.98007568,573.33562688,573.52453874,1444543.72129345
2007-09-03 09:15:00,NSE:LT,577.69122208,583.33566688,572.89118066,574.83563288,2678798.78381893
2007-09-04 09:15:00,NSE:LT,577.33564288,586.66901355,575.55785799,583.30235564,3604580.08035301
2007-09-05 09:15:00,NSE:LT,586.66901355,588.44679844,573.22451532,575.40230181,2788499.34497631
2007-09-06 09:15:00,NSE:LT,574.44674243,579.7800971,571.1356403,577.61342177,1804425.28163475
2007-09-07 09:15:00,NSE:LT,580.00232021,582.22455133,573.56896114,575.74676986,2363071.04684608
2007-09-10 09:15:00,NSE:LT,568.89116465,577.55786599,566.93560128,572.71340217,1648361.40594769
2007-09-11 09:15:00,NSE:LT,577.55786599,584.66900555,573.33562688,575.45785759,2569935.21931326
2007-09-12 09:15:00,NSE:LT,581.11343577,581.11343577,568.00227221,570.06894714,1966370.63379374
2007-09-13 09:15:00,NSE:LT,572.22451132,575.22452332,567.19118008,570.53559345,2231041.57501256
2007-09-14 09:15:00,NSE:LT,574.66896554,584.4245379,573.36893812,575.83563688,3048098.80648292
2007-09-17 09:15:00,NSE:LT,578.00231221,579.7800971,572.24675586,575.71341417,1505086.47910014
2007-09-18 09:15:00,NSE:LT,575.55785799,584.4245379,574.22451932,581.90232781,2931481.77299397
2007-09-19 09:15:00,NSE:LT,588.89124466,597.78016911,584.9245399,593.32459573,4781140.8736768
2007-09-20 09:15:00,NSE:LT,596.66905355,622.00248823,594.53568946,610.9579996,6294318.32041009
2007-09-21 09:15:00,NSE:LT,612.22467134,624.44694245,608.4579896,619.21358818,2783108.36654221
2007-09-24 09:15:00,NSE:LT,620.00248023,649.93593331,612.22467134,644.56924517,5416569.8317271
2007-09-25 09:15:00,NSE:LT,645.55813802,655.55817802,624.66916556,637.26921597,4757407.96861716
2007-09-26 09:15:00,NSE:LT,637.26921597,643.11368379,630.66918957,632.00252823,2047865.30778505
2007-09-27 09:15:00,NSE:LT,638.44699846,643.3359069,625.3358349,629.81360837,6868732.02254386
2007-09-28 09:15:00,NSE:LT,612.33578289,637.78032912,612.33578289,623.99138507,3032533.3687504
2007-10-01 09:15:00,NSE:LT,623.99138507,634.42473792,618.06913916,626.39139467,2947357.70948438
2007-10-03 09:15:00,NSE:LT,633.3358669,648.66926157,626.66917356,645.24704788,5272228.40914591
2007-10-04 09:15:00,NSE:LT,644.42477793,654.44706246,638.90255584,644.89146868,3385448.95695815
2007-10-05 09:15:00,NSE:LT,647.78036913,710.89173271,646.66925357,686.59161327,10093797.12109648
2007-10-08 09:15:00,NSE:LT,699.95835564,699.95835564,662.23598251,671.2137962,4497309.00910872
2007-10-09 09:15:00,NSE:LT,675.29159029,705.55837804,662.22487135,702.98056773,4698318.70499596
2007-10-10 09:15:00,NSE:LT,711.11395582,755.55857806,706.69173813,749.19190814,8113031.04488981
2007-10-11 09:15:00,NSE:LT,751.11411583,779.55867406,751.11411583,774.24756393,5134839.45875228
2007-10-12 09:15:00,NSE:LT,773.33642695,779.33645095,735.33627494,745.99187312,6861014.55341658
2007-10-15 09:15:00,NSE:LT,746.66965361,764.4475025,746.66965361,759.75857264,3992195.02975055
2007-10-16 09:15:00,NSE:LT,764.4475025,767.35864748,734.91407325,743.62519698,3772069.41033404
2007-10-17 09:15:00,NSE:LT,722.22511138,749.0474409,661.1137558,732.22515138,8317883.72540369
2007-10-18 09:15:00,NSE:LT,735.55849805,766.18084277,675.78048114,706.30284768,8135449.95520592
2007-10-19 09:15:00,NSE:LT,711.11395582,715.55841804,660.33597491,669.79156829,4217531.62832122
2007-10-22 09:15:00,NSE:LT,644.6914901,697.78056915,644.6914901,690.68054074,5466978.63007335
2007-10-23 09:15:00,NSE:LT,700.00280026,761.33637895,696.22500737,741.28074316,5836917.65018112
2007-10-24 09:15:00,NSE:LT,766.4475105,766.4475105,739.11406783,756.39191472,4049596.80012234
2007-10-25 09:15:00,NSE:LT,765.55861806,780.00312029,750.02524481,765.82528579,5146561.91185815
2007-10-26 09:15:00,NSE:LT,773.33642695,865.5590181,766.66973362,860.62566503,13980571.07257014
2007-10-29 09:15:00,NSE:LT,887.64797313,955.55937813,877.78128921,948.39268279,12322921.70377772
2007-10-30 09:15:00,NSE:LT,953.09267937,988.89284481,939.23704617,959.31492649,7703024.18506815
2007-10-31 09:15:00,NSE:LT,966.69277822,969.00387636,933.33706701,942.94821657,4303013.28636313
2007-11-01 09:15:00,NSE:LT,950.00380035,1042.22639149,950.00380035,983.1705997,10439233.73922287
2007-11-02 09:15:00,NSE:LT,977.51497707,1020.00408038,955.55937813,991.20394294,7730645.07457443
2007-11-05 09:15:00,NSE:LT,993.33730703,1015.04854944,946.28156324,951.82607431,9156923.36893631
2007-11-06 09:15:00,NSE:LT,973.29273796,982.78170925,933.55929012,934.67040568,5044484.32020609
2007-11-07 09:15:00,NSE:LT,924.44814256,955.25935471,902.44805455,913.77036651,7735199.05635683
2007-11-08 09:15:00,NSE:LT,906.67029367,932.89262079,890.00356033,916.68140038,7016646.43083179
2007-11-09 09:15:00,NSE:LT,928.89260479,955.33715502,908.89252478,917.21482474,810766.25663657
2007-11-12 09:15:00,NSE:LT,900.00360033,933.33706701,882.35910752,926.43708385,7177777.28624907
2007-11-13 09:15:00,NSE:LT,930.89261279,982.22615147,927.01477505,971.75942071,5605965.07407642
2007-11-14 09:15:00,NSE:LT,988.89284481,1013.33738704,984.44838258,1001.49293966,4747643.00768059
2007-11-15 09:15:00,NSE:LT,1002.22623148,1011.11515593,978.22613547,1000.98175983,3426470.79285571
2007-11-16 09:15:00,NSE:LT,995.55953814,1000.00400037,964.48161382,972.59275738,3676305.29342576
2007-11-19 09:15:00,NSE:LT,990.80398579,991.11507592,965.58166267,970.78166125,3627336.489319
2007-11-20 09:15:00,NSE:LT,966.67053369,979.98167583,955.78160124,963.25938671,4441720.73148229
2007-11-21 09:15:00,NSE:LT,963.44829858,963.44829858,900.22582344,912.78142922,4239370.04095953
2007-11-22 09:15:00,NSE:LT,912.89254078,922.22591145,856.69233818,879.02576086,7598269.10412703
2007-11-23 09:15:00,NSE:LT,896.67025366,926.89259679,893.336907,910.89253278,3219183.62208069
2007-11-26 09:15:00,NSE:LT,923.33702701,939.33709101,923.33702701,928.78149323,2775516.89691088
2007-11-27 09:15:00,NSE:LT,922.22591145,931.1148359,916.67033367,927.58151065,2018570.42497536
2007-11-28 09:15:00,NSE:LT,933.33706701,944.00377635,906.67029367,914.37030225,2825574.69666126
2007-11-29 09:15:00,NSE:LT,933.33706701,1024.0929634,900.11471189,908.4369674,4490887.53479698
2007-11-30 09:15:00,NSE:LT,918.9814318,924.35927554,895.67024966,917.50367034,3494587.02036573
2007-12-03 09:15:00,NSE:LT,920.89257278,935.33707501,917.78144923,928.67038168,2043113.32679472
2007-12-04 09:15:00,NSE:LT,951.11491591,951.11491591,926.42590603,940.99269764,1795974.31544173
2007-12-05 09:15:00,NSE:LT,944.44822257,966.81495649,940.09262737,960.07046284,2634406.46140456
2007-12-06 09:15:00,NSE:LT,979.5372296,979.5372296,946.7593207,956.14824715,2142540.42904972
2007-12-07 09:15:00,NSE:LT,966.67053369,966.67053369,938.89264479,947.73708017,2477550.58888578
2007-12-10 09:15:00,NSE:LT,951.11491591,965.49279564,935.55929812,940.02600488,2263180.44644525
2007-12-11 09:15:00,NSE:LT,955.248288,958.8927248,944.92598004,953.51488106,1620740.51644142
2007-12-12 09:15:00,NSE:LT,945.55933813,957.78160924,934.50373834,952.77052253,2395785.91597456
2007-12-13 09:15:00,NSE:LT,959.78161724,963.11496391,938.00375235,942.04825741,1910543.85712139
2007-12-14 09:15:00,NSE:LT,943.33710701,948.89268479,923.34809372,927.60375519,3171038.31467964
2007-12-17 09:15:00,NSE:LT,923.33702701,943.55933013,900.00360033,906.24809198,3565808.23545466
2007-12-18 09:15:00,NSE:LT,917.337003,917.337003,873.58129463,880.77019006,5572386.20840424
2007-12-19 09:15:00,NSE:LT,891.78134522,899.87024424,878.12573503,886.6591025,2736466.05312863
2007-12-20 09:15:00,NSE:LT,895.11469189,897.55914611,878.89240477,886.30356775,2261825.95186373
2007-12-24 09:15:00,NSE:LT,900.00360033,911.11475589,894.6924902,909.04808096,2264818.43989267
2007-12-26 09:15:00,NSE:LT,914.44810256,940.67042968,910.44808656,932.02597288,2478018.58701361
2007-12-27 09:15:00,NSE:LT,941.1148759,943.60381919,920.04816941,923.84809572,2852718.5880757
2007-12-28 09:15:00,NSE:LT,928.84811572,932.1148399,911.39253478,923.50369434,1691079.73505866
2007-12-31 09:15:00,NSE:LT,925.55925812,937.78152923,922.80371376,926.09257136,935393.2580827
2008-01-01 09:15:00,NSE:LT,929.55927412,931.1148359,916.71482274,921.39257478,927617.28918943
2008-01-02 09:15:00,NSE:LT,921.39257478,927.64813314,906.78140522,919.63703443,1753287.48620476
2008-01-03 09:15:00,NSE:LT,919.63703443,919.63703443,897.78136922,901.08140464,3060473.75697856
2008-01-04 09:15:00,NSE:LT,906.22584744,951.11491591,903.55917011,944.19268821,4535176.35762539
2008-01-07 09:15:00,NSE:LT,935.78152123,959.07045884,931.1148359,951.77051853,3975531.59641042
2008-01-08 09:15:00,NSE:LT,957.78160924,972.22611147,947.78156924,963.8927448,4898311.40495155
2008-01-09 09:15:00,NSE:LT,962.22607147,980.00392036,953.55937013,965.05941613,2577085.69070874
2008-01-10 09:15:00,NSE:LT,966.94831258,975.51496907,930.00372034,935.83707701,2562046.75087003
2008-01-11 09:15:00,NSE:LT,940.00376035,946.67045368,921.17035167,928.20369092,2624506.50100804
2008-01-14 09:15:00,NSE:LT,931.1148359,938.83708901,923.13704843,926.49263963,2186374.75369629
2008-01-15 09:15:00,NSE:LT,933.33706701,950.00380035,899.9369334,902.63696642,3104749.07986097
2008-01-16 09:15:00,NSE:LT,905.51473349,905.51473349,872.22571143,883.85911353,3096131.61433401
2008-01-17 09:15:00,NSE:LT,893.336907,920.67034967,885.5590981,907.13698442,2916073.8346314
2008-01-18 09:15:00,NSE:LT,898.02583686,903.336947,867.78124921,875.37014623,3451580.69240687
2008-01-21 09:15:00,NSE:LT,873.33682699,875.37014623,771.11419584,821.45884168,7394842.91790665
2008-01-22 09:15:00,NSE:LT,800.00320029,833.29222235,657.16929558,814.4032579,6955352.17603137
2008-01-23 09:15:00,NSE:LT,833.33666697,863.33678698,811.33657897,833.62555702,6757532.96738101
2008-01-24 09:15:00,NSE:LT,847.89228076,854.44786254,775.78088117,784.28091518,5467685.1272471
2008-01-25 09:15:00,NSE:LT,791.14758709,867.78124921,791.14758709,865.03677156,2927454.28910539
2008-01-28 09:15:00,NSE:LT,853.33674698,858.00343232,808.0032323,853.87006023,3052616.78840933
2008-01-29 09:15:00,NSE:LT,855.55897809,877.78128921,830.14774311,838.71446626,2663827.3437102
2008-01-30 09:15:00,NSE:LT,840.00336031,851.11451587,820.02552484,823.88107359,2632678.46831717
2008-01-31 09:15:00,NSE:LT,831.11443586,834.22555942,800.01431145,810.41437528,5582538.16779267
2008-02-01 09:15:00,NSE:LT,815.55881808,830.73665657,798.89208474,827.09217533,3262477.94888745
2008-02-04 09:15:00,NSE:LT,838.44779853,850.00340031,831.11443586,847.11449987,2160346.85781745
2008-02-05 09:15:00,NSE:LT,841.11447587,861.33677898,835.55889809,856.95898369,1977229.09035592
2008-02-06 09:15:00,NSE:LT,844.44782253,845.55893809,822.22551141,840.6811408,1688181.74665168
2008-02-07 09:15:00,NSE:LT,844.40337791,844.40337791,801.11431585,807.61434185,2389809.93988067
2008-02-08 09:15:00,NSE:LT,811.11435585,815.55881808,770.22530339,784.05869207,3806998.27060575
2008-02-11 09:15:00,NSE:LT,799.73653256,799.73653256,728.89180471,737.21406023,5826504.69183678
2008-02-12 09:15:00,NSE:LT,745.55853805,748.66966161,711.33617893,726.0695712,4791022.83414532
2008-02-13 09:15:00,NSE:LT,733.33626694,748.66966161,711.33617893,728.32513578,2714690.64023829
2008-02-14 09:15:00,NSE:LT,747.55854605,791.11427585,740.66962961,778.0809126,5615811.03468896
2008-02-15 09:15:00,NSE:LT,760.00304028,789.78093718,755.55857806,786.25867864,3126429.99312934
2008-02-18 09:15:00,NSE:LT,788.89204473,799.64762109,757.78080917,779.73645255,1407414.36982452
2008-02-19 09:15:00,NSE:LT,794.44762251,794.44762251,782.2253514,789.81424842,1909319.86201782
2008-02-20 09:15:00,NSE:LT,783.33646695,786.66981362,762.38082757,769.46976704,1982975.56736789
2008-02-21 09:15:00,NSE:LT,782.2253514,788.89204473,755.55857806,767.0475129,1995791.51609938
2008-02-22 09:15:00,NSE:LT,752.66967761,775.33643495,752.66967761,761.90304788,1790857.83590953
2008-02-25 09:15:00,NSE:LT,765.91419726,780.85870149,755.55857806,774.24756393,2013260.44621723
2008-02-26 09:15:00,NSE:LT,776.66977362,785.5809426,772.44753451,783.52537882,1857327.07000813
2008-02-27 09:15:00,NSE:LT,788.89204473,819.32549981,788.89204473,809.22545941,3538646.34411222
2008-02-28 09:15:00,NSE:LT,810.0032403,811.11435585,795.55873807,809.23657056,2925532.79679207
2008-02-29 09:15:00,NSE:LT,813.33658697,821.78106519,773.33642695,782.50313029,3430430.77701432
2008-03-03 09:15:00,NSE:LT,766.22528739,768.84752011,728.90291587,742.81406041,2442329.22978418
2008-03-04 09:15:00,NSE:LT,744.4474225,744.4474225,711.11395582,715.92506395,4068078.22618983
2008-03-05 09:15:00,NSE:LT,718.89176471,727.11401982,705.78060115,711.35842346,2956699.6721131
2008-03-07 09:15:00,NSE:LT,707.55838604,707.55838604,651.1137158,663.53596549,8293201.32414238
2008-03-10 09:15:00,NSE:LT,646.78036513,655.55817802,580.00232021,606.26909196,15562692.74350116
2008-03-11 09:15:00,NSE:LT,603.33574689,655.55817802,588.89124466,648.21370419,6518124.9251013
2008-03-12 09:15:00,NSE:LT,666.66933358,706.00282426,649.13595233,653.91374922,4976215.09330813
2008-03-13 09:15:00,NSE:LT,654.44706246,654.44706246,611.35802343,624.12471894,4567063.23006617
2008-03-14 09:15:00,NSE:LT,633.3358669,652.66927757,616.89135667,646.08038455,3820646.71600694
2008-03-17 09:15:00,NSE:LT,644.44702246,644.44702246,580.00232021,601.76907395,4349088.60204491
2008-03-18 09:15:00,NSE:LT,604.44686244,623.78027312,596.75792058,614.51356938,4767447.42845562
2008-03-19 09:15:00,NSE:LT,637.55810601,647.78036913,626.89139668,631.3358589,4963691.64340654
2008-03-24 09:15:00,NSE:LT,640.00256024,661.38042353,633.3358669,652.68038873,4898288.90504156
2008-03-25 09:15:00,NSE:LT,662.469339,683.33606692,660.12486295,679.30273967,3700578.19632521
2008-03-26 09:15:00,NSE:LT,684.44718247,688.42495394,673.33602691,679.05827203,2675756.795988
2008-03-27 09:15:00,NSE:LT,677.76937798,677.76937798,653.33594691,657.76929798,4246016.51437119
2008-03-28 09:15:00,NSE:LT,664.44710247,706.75836062,655.64704504,700.16946759,3662476.84874463
2008-03-31 09:15:00,NSE:LT,696.66945359,696.66945359,663.79154429,674.65825443,3800621.79611399
2008-04-01 09:15:00,NSE:LT,680.44716647,686.22496736,631.3358589,643.88035353,5699447.70011151
2008-04-02 09:15:00,NSE:LT,657.7137422,682.19164012,633.3358669,637.66921757,4846795.61103369
2008-04-03 09:15:00,NSE:LT,633.35811143,646.66925357,623.3358269,632.34697405,5629238.98097223
2008-04-04 09:15:00,NSE:LT,637.78032912,637.78032912,589.46904697,596.89127666,9055723.27377393
2008-04-07 09:15:00,NSE:LT,600.00240022,610.89133267,577.7800891,604.22463933,6785207.85667127
2008-04-08 09:15:00,NSE:LT,600.00240022,602.66907756,571.12450692,574.25783057,11021945.40816173
2008-04-09 09:15:00,NSE:LT,575.55785799,589.78013711,566.89115665,585.94678844,6152568.88745999
2008-04-10 09:15:00,NSE:LT,584.44678244,609.33577089,582.32455173,597.33572289,5588320.64466063
2008-04-11 09:15:00,NSE:LT,599.557954,624.44694245,596.66905355,617.12469094,5390847.93462415
2008-04-15 09:15:00,NSE:LT,613.33578689,629.32473974,602.22463133,623.6914061,4111327.55317661
2008-04-16 09:15:00,NSE:LT,627.78028912,639.78033712,618.33580689,622.95804761,3627246.48967903
2008-04-17 09:15:00,NSE:LT,630.00252023,635.55809801,611.34689005,616.34691005,3113623.04436185
2008-04-21 09:15:00,NSE:LT,622.22471134,637.78032912,621.11359578,633.31362237,4302320.28913537
2008-04-22 09:15:00,NSE:LT,628.00251223,651.1137158,625.55805801,649.39148668,3503982.98277842
2008-04-23 09:15:00,NSE:LT,655.54706686,664.53596949,636.04698886,645.42478193,4448790.20320181
2008-04-24 09:15:00,NSE:LT,649.11370779,660.00264024,646.70256482,652.63596633,4132607.96804712
2008-04-25 09:15:00,NSE:LT,655.54706686,664.44710247,645.55813802,662.63600633,4517567.92806559
2008-04-28 09:15:00,NSE:LT,666.66933358,669.1137878,650.00260024,655.22484335,2421156.81448163
2008-04-29 09:15:00,NSE:LT,655.55817802,675.55825803,653.33594691,668.6137858,4012786.9473753
2008-04-30 09:15:00,NSE:LT,655.55817802,677.7582446,655.55817802,667.39155869,3494330.52139182
2008-05-02 09:15:00,NSE:LT,678.08051256,700.00280026,673.55825003,696.68056475,3894693.91979087
2008-05-05 09:15:00,NSE:LT,689.36940216,726.44735049,689.36940216,696.40278586,4846737.11126771
2008-05-06 09:15:00,NSE:LT,698.63615035,701.08060457,678.00271225,680.68050074,4209485.66050805
2008-05-07 09:15:00,NSE:LT,667.90267185,682.21384021,654.89150869,665.02490478,4258409.46479483
2008-05-08 09:15:00,NSE:LT,661.1137558,661.1137558,638.00255223,642.39145868,3987614.04807616
2008-05-09 09:15:00,NSE:LT,638.89144468,655.33595491,625.58030254,630.25805459,3403592.88437577
2008-05-12 09:15:00,NSE:LT,632.22475134,637.6914621,612.84689605,631.68030472,3924767.29948629
2008-05-13 09:15:00,NSE:LT,638.00255223,651.04704886,617.78024912,625.56916916,3985634.05599686
2008-05-14 09:15:00,NSE:LT,621.95804361,633.3358669,617.78024912,628.4802697,3275041.89862702
2008-05-15 09:15:00,NSE:LT,633.3358669,664.00265624,633.3358669,659.80266167,4916068.3339173
2008-05-16 09:15:00,NSE:LT,665.64708504,675.33603492,661.16931158,666.39155469,4036821.35122884
2008-05-20 09:15:00,NSE:LT,662.22487135,665.65821842,651.1137158,660.68042073,2506489.97311759
2008-05-21 09:15:00,NSE:LT,654.66928557,673.32491576,651.55816202,665.04710487,2743976.52308398
2008-05-22 09:15:00,NSE:LT,660.00264024,660.00264024,644.70255681,648.52483877,3406369.37326879
2008-05-23 09:15:00,NSE:LT,650.22482335,656.65818242,627.78028912,631.9802837,3577679.18796648
2008-05-26 09:15:00,NSE:LT,623.62471694,627.78028912,607.79132027,610.63579831,3874682.49984392
2008-05-27 09:15:00,NSE:LT,612.00244823,631.11363579,606.02466876,609.79132827,2776655.39235648
2008-05-28 09:15:00,NSE:LT,619.55803401,619.55803401,591.58016653,601.83574089,3200936.19507711
2008-05-29 09:15:00,NSE:LT,610.66910956,655.1137318,603.33574689,640.50256224,17930808.27016747
2008-05-30 09:15:00,NSE:LT,655.55817802,677.73604452,650.89149268,662.81374038,10305399.77460799
2008-06-02 09:15:00,NSE:LT,658.89152469,675.42490194,641.11367579,648.85817344,5488623.54348573
2008-06-03 09:15:00,NSE:LT,644.40257784,644.40257784,623.31358236,632.6914421,7815510.23508255
2008-06-04 09:15:00,NSE:LT,632.44697445,637.78032912,607.90243182,612.48020569,5795270.31678578
2008-06-05 09:15:00,NSE:LT,611.11355578,617.76913796,588.89124466,603.6579704,8997732.00576035
2008-06-06 09:15:00,NSE:LT,608.89132467,615.28023912,593.81346435,595.73571649,6461618.65114719
2008-06-09 09:15:00,NSE:LT,593.33570689,594.89126866,570.70226079,577.64673301,6555078.77727229
2008-06-10 09:15:00,NSE:LT,573.33562688,588.62457693,558.39112265,574.52454274,5763644.44330091
2008-06-11 09:15:00,NSE:LT,577.7800891,596.76905395,577.7800891,589.64678102,3644053.92244311
2008-06-12 09:15:00,NSE:LT,586.62456893,604.22463933,571.11339577,600.98015969,4876526.99209722
2008-06-13 09:15:00,NSE:LT,605.557978,610.88022151,596.68016471,602.92461191,4271418.91275225
2008-06-16 09:15:00,NSE:LT,608.66910156,617.78024912,604.9579756,607.33576289,3453826.18342408
2008-06-17 09:15:00,NSE:LT,607.78020911,636.89143668,604.44686244,631.66919357,7583864.6617501
2008-06-18 09:15:00,NSE:LT,633.3358669,636.44699046,604.66908556,611.34689005,3442756.22770798
2008-06-19 09:15:00,NSE:LT,604.4579736,605.51353338,579.33565088,582.00232821,4613719.04342574
2008-06-20 09:15:00,NSE:LT,584.44678244,588.89124466,564.94670443,569.82450172,6204044.18153987
2008-06-23 09:15:00,NSE:LT,567.7800491,567.7800491,529.11322775,532.72435331,7286541.85115078
2008-06-24 09:15:00,NSE:LT,533.33546686,542.66883753,505.55757796,511.90204779,7336293.65212526
2008-06-25 09:15:00,NSE:LT,500.00200018,523.26875993,497.81308032,514.05761197,7585205.65638563
2008-06-26 09:15:00,NSE:LT,522.2243113,527.66877753,518.66874152,523.92429588,6594638.11902036
2008-06-27 09:15:00,NSE:LT,513.33538686,514.00205619,491.11307574,503.51312534,9308649.26197689
2008-06-30 09:15:00,NSE:LT,501.11311574,513.11316374,480.89081262,485.49083102,6847789.10632324
2008-07-01 09:15:00,NSE:LT,482.52417471,494.89086863,473.33522684,476.07970449,5754108.98144627
2008-07-02 09:15:00,NSE:LT,474.4463424,518.89096464,466.89075662,510.23537445,9164042.3404578
2008-07-03 09:15:00,NSE:LT,508.89092463,510.00204019,487.17972667,495.97973965,7461541.65108717
2008-07-04 09:15:00,NSE:LT,500.00200018,532.22435131,491.20194276,529.21322815,7767967.92526929
2008-07-07 09:15:00,NSE:LT,533.33546686,550.0022002,518.01318335,524.84654402,5714072.64160636
2008-07-08 09:15:00,NSE:LT,517.77984908,544.22439931,501.33533885,532.69104206,6963519.6433585
2008-07-09 09:15:00,NSE:LT,543.33550687,566.66893354,542.22439131,560.71335416,6078769.18268597
2008-07-10 09:15:00,NSE:LT,558.14665501,572.22451132,546.66885353,562.75778456,6471410.61197574
2008-07-11 09:15:00,NSE:LT,562.22447132,574.44674243,520.00208019,523.14651499,6472423.10792539
2008-07-14 09:15:00,NSE:LT,514.44650241,544.22439931,511.70202477,530.4021218,5285872.35456511
2008-07-15 09:15:00,NSE:LT,522.2243113,526.66877353,504.49090703,506.51313734,3498394.00513639
2008-07-16 09:15:00,NSE:LT,505.00202019,521.11319575,498.22421529,503.09087921,4983923.56247141
2008-07-17 09:15:00,NSE:LT,531.11323575,546.66885353,515.55761797,542.87994949,7365359.03585303
2008-07-18 09:15:00,NSE:LT,549.11330776,571.11339577,537.16881553,566.12448692,7099239.10043072
2008-07-21 09:15:00,NSE:LT,573.31338234,581.00232421,548.91332918,558.21334416,9073547.70246966
2008-07-22 09:15:00,NSE:LT,553.34665803,575.54674683,542.22439131,571.53559745,7436454.251446
2008-07-23 09:15:00,NSE:LT,599.78017711,622.66915756,589.78013711,616.2024428,12484034.559267
2008-07-24 09:15:00,NSE:LT,623.3358269,625.49139107,589.00235622,603.26907996,7481089.57288829
2008-07-25 09:15:00,NSE:LT,593.33570689,605.31351036,578.49120306,583.44677844,7321511.21126047
2008-07-28 09:15:00,NSE:LT,586.66901355,622.22471134,578.25784657,604.48017369,11294770.31676168
2008-07-29 09:15:00,NSE:LT,591.09123124,598.66906155,561.14666701,565.9244639,11531046.3715705
2008-07-30 09:15:00,NSE:LT,571.33561888,583.29122226,563.40225381,575.58010252,12224925.59579822
2008-07-31 09:15:00,NSE:LT,584.44678244,584.44678244,566.66893354,579.01342737,6207216.66884875
2008-08-01 09:15:00,NSE:LT,566.66893354,600.00240022,564.72448132,597.75792458,7343934.62155857
2008-08-04 09:15:00,NSE:LT,591.12458693,604.44686244,588.66902155,590.54680684,5368276.0249201
2008-08-05 09:15:00,NSE:LT,588.66902155,601.557962,584.44678244,599.61350978,6441944.72985011
2008-08-06 09:15:00,NSE:LT,605.557978,626.89139668,605.557978,613.60245463,11431268.27071963
2008-08-07 09:15:00,NSE:LT,604.44686244,622.00248823,604.44686244,613.02469676,4520492.91636456
2008-08-08 09:15:00,NSE:LT,608.42463391,633.3358669,601.32462773,630.30254365,7316673.73061217
2008-08-11 09:15:00,NSE:LT,639.78033712,644.44702246,634.11364779,642.79146028,6025633.39524868
2008-08-12 09:15:00,NSE:LT,644.44702246,646.89147668,628.22473534,632.38030752,7966529.63094939
2008-08-13 09:15:00,NSE:LT,622.44693445,638.75808859,617.79136027,619.54692285,6064283.74063307
2008-08-14 09:15:00,NSE:LT,622.22471134,622.22471134,589.01346737,591.36901013,6219785.11857033
2008-08-18 09:15:00,NSE:LT,591.12458693,606.00242422,585.80236564,598.90239582,4197547.20826625
2008-08-19 09:15:00,NSE:LT,589.22457933,599.78017711,586.95790359,594.46906697,4111233.05355464
2008-08-20 09:15:00,NSE:LT,599.49128707,605.78020111,597.11349978,603.36905813,3400073.898453
2008-08-21 09:15:00,NSE:LT,600.00240022,603.92461591,581.3801035,584.02458075,4387824.44708727
2008-08-22 09:15:00,NSE:LT,579.7800971,583.33566688,571.58008652,578.8800935,6484757.55858304
2008-08-25 09:15:00,NSE:LT,583.39122266,594.66904555,577.33564288,579.53562946,3773108.90617568
2008-08-26 09:15:00,NSE:LT,573.55784999,583.33566688,569.33561088,581.91346119,3443057.72650187
2008-08-27 09:15:00,NSE:LT,588.42455391,588.42455391,571.41341919,572.75782457,3246840.51144295
2008-08-28 09:15:00,NSE:LT,571.11339577,577.55786599,550.22442331,555.73555647,7150129.3968508
2008-08-29 09:15:00,NSE:LT,563.33558687,579.55787399,563.33558687,576.39119466,4602757.0872776
2008-09-01 09:15:00,NSE:LT,574.22451932,574.22451932,561.11335576,570.24674785,3650434.89691687
2008-09-02 09:15:00,NSE:LT,575.33563488,601.40240582,572.22451132,597.29127826,7498018.50516633
2008-09-04 09:15:00,NSE:LT,592.18014671,596.00238422,582.89122066,593.52461875,4437949.74656762
2008-09-05 09:15:00,NSE:LT,585.55789799,588.66902155,578.22453532,581.34677004,4491144.03377089
2008-09-08 09:15:00,NSE:LT,608.89132467,641.95812361,600.00240022,608.33576689,8295293.81577165
2008-09-09 09:15:00,NSE:LT,604.22463933,612.82467374,598.00239222,608.6579904,4540378.33681556
2008-09-10 09:15:00,NSE:LT,603.33574689,612.42464991,598.93572929,603.56908116,4854171.08152909
2008-09-11 09:15:00,NSE:LT,598.00239222,602.78018911,589.38013551,592.1579244,5366354.53260678
2008-09-15 09:15:00,NSE:LT,572.45784559,577.33564288,554.0022162,564.80228163,6903651.88285157
2008-09-16 09:15:00,NSE:LT,551.33553887,563.7800331,544.55773398,561.20222278,6295924.81398352
2008-09-17 09:15:00,NSE:LT,566.66893354,568.83560888,551.33553887,556.33555887,5365868.53455095
2008-09-18 09:15:00,NSE:LT,542.22439131,570.00228021,522.27986708,567.41340319,8031117.87257265
2008-09-19 09:15:00,NSE:LT,588.89124466,600.23573449,574.3800755,587.59121724,6332203.66885475
2008-09-22 09:15:00,NSE:LT,595.33571489,597.86903613,566.66893354,571.24675185,6271953.40987796
2008-09-23 09:15:00,NSE:LT,566.3800435,576.8800855,559.01334736,562.55780598,5700199.19710525
2008-09-24 09:15:00,NSE:LT,566.44671043,577.7800891,562.89114065,566.79115625,5623942.50216009
2008-09-25 09:15:00,NSE:LT,568.89116465,574.44674243,561.55780198,570.11339177,6397079.90932591
2008-09-26 09:15:00,NSE:LT,569.99116905,569.99116905,546.66885353,548.6021946,6717154.62890923
2008-09-29 09:15:00,NSE:LT,555.55777798,555.55777798,516.89095663,521.61319775,9195551.21441071
2008-09-30 09:15:00,NSE:LT,522.15764437,550.0022002,432.22395127,543.646597,12589064.13911002
2008-10-01 09:15:00,NSE:LT,555.51333316,568.89116444,512.26871573,540.49105084,6017668.42932628
2008-10-03 09:15:00,NSE:LT,537.33548267,554.66888533,513.77983289,515.11317156,6355916.32633469
2008-10-06 09:15:00,NSE:LT,497.77976889,506.66869333,474.66856533,481.75748258,5806900.52239791
2008-10-07 09:15:00,NSE:LT,488.89084444,500.002,442.22399111,448.02401431,12960287.90884836
2008-10-08 09:15:00,NSE:LT,431.11283556,453.77959289,415.11277156,429.55727378,9189071.24371503
2008-10-10 09:15:00,NSE:LT,400.0016,413.29055093,377.77928889,395.71268507,9614911.29035484
2008-10-13 09:15:00,NSE:LT,400.04603573,444.44622222,400.04603573,438.26841084,6620994.51602194
2008-10-14 09:15:00,NSE:LT,453.33514667,479.11302756,442.13509742,446.71289796,7046238.31504674
2008-10-15 09:15:00,NSE:LT,444.44622222,444.44622222,392.93489618,398.04602773,12120411.26835493
2008-10-16 09:15:00,NSE:LT,359.15698329,384.44598222,355.55697778,366.001464,11078573.18570726
2008-10-17 09:15:00,NSE:LT,373.33482667,382.22375111,351.13473342,355.42364836,8917904.57838169
2008-10-20 09:15:00,NSE:LT,373.33482667,391.11267556,348.001392,360.75700302,8605270.57891768
2008-10-21 09:15:00,NSE:LT,366.66813333,402.09050169,362.26810684,382.04596373,9397242.66102936
2008-10-22 09:15:00,NSE:LT,373.35704453,376.44595022,359.11254756,362.51257004,6532491.12003552
2008-10-23 09:15:00,NSE:LT,351.11251556,376.95707227,343.55692978,370.00148,8990352.03859185
2008-10-24 09:15:00,NSE:LT,357.77920889,366.22368711,333.93466018,341.53470391,8120701.26719493
2008-10-27 09:15:00,NSE:LT,337.77912889,342.22359111,302.22343111,321.55684178,6776061.64575342
2008-10-28 09:15:00,NSE:LT,346.66805333,352.66807733,336.53468391,341.73470916,1716376.38449446
2008-10-29 09:15:00,NSE:LT,351.55696178,360.00144,332.001328,337.6902352,6724408.60236559
2008-10-31 09:15:00,NSE:LT,351.09029769,364.89034844,345.35693253,358.6903192,10454517.93192827
2008-11-03 09:15:00,NSE:LT,368.89036444,404.44606222,368.89036444,398.84604871,9222407.11037156
2008-11-04 09:15:00,NSE:LT,393.35712453,412.89054044,384.02375387,410.26829884,6685245.25901896
2008-11-05 09:15:00,NSE:LT,426.66837333,426.66837333,382.22375111,384.77931689,6177633.78946484
2008-11-06 09:15:00,NSE:LT,371.11259556,399.80159476,364.44590222,381.91263431,6470272.11891152
2008-11-07 09:15:00,NSE:LT,382.22375111,394.77935689,372.44593422,386.82376062,5657982.61806953
2008-11-10 09:15:00,NSE:LT,396.001584,417.06834382,389.17934338,410.13496942,7730267.07893168
2008-11-11 09:15:00,NSE:LT,395.55713778,408.75719502,381.77930489,384.02375387,5983920.81431674
2008-11-12 09:15:00,NSE:LT,386.89043644,391.11267556,360.49032196,366.44591022,8129752.98098808
2008-11-14 09:15:00,NSE:LT,376.44595022,382.22375111,348.001392,351.97919013,8814598.49160603
2008-11-17 09:15:00,NSE:LT,357.77920889,357.77920889,335.60133351,351.20140924,8342570.62971748
2008-11-18 09:15:00,NSE:LT,346.64583547,354.53475591,335.55689778,339.3124728,4966740.38303847
2008-11-19 09:15:00,NSE:LT,344.44582222,351.11251556,322.26794684,325.40131049,6836228.65508538
2008-11-20 09:15:00,NSE:LT,320.00128,320.00128,309.06791182,316.42349236,6369506.27197491
2008-11-21 09:15:00,NSE:LT,311.11235556,346.66805333,311.11235556,336.53468391,7797217.81112876
2008-11-24 09:15:00,NSE:LT,344.3124928,351.11251556,331.26798284,337.20135324,7567693.97922408
2008-11-25 09:15:00,NSE:LT,344.44582222,348.44583822,324.89018844,327.46797209,5227444.59022164
2008-11-26 09:15:00,NSE:LT,333.33466667,336.40135449,320.44572622,333.84578871,6253325.73669705
2008-11-28 09:15:00,NSE:LT,328.89020444,335.49022196,314.22347911,323.22351511,7458967.66412934
2008-12-01 09:15:00,NSE:LT,337.77912889,339.77913689,311.11235556,312.42347636,6645096.41961432
2008-12-02 09:15:00,NSE:LT,305.6901072,308.89012444,297.77896889,302.13453742,9534573.11170755
2008-12-03 09:15:00,NSE:LT,315.49014196,315.49014196,301.11231556,307.09012169,7124279.25288299
2008-12-04 09:15:00,NSE:LT,309.77901689,339.06803182,306.73456916,332.53466791,9660651.35739457
2008-12-05 09:15:00,NSE:LT,330.66798933,338.66802133,321.24572498,324.04573173,6060224.75910096
2008-12-08 09:15:00,NSE:LT,326.93463218,345.64583147,324.86797058,328.51243404,7404349.13260347
2008-12-10 09:15:00,NSE:LT,331.55688178,348.75695502,329.77909689,346.57915964,8402901.88839245
2008-12-11 09:15:00,NSE:LT,351.11251556,352.35696053,337.33468267,347.55694578,7188257.74696901
2008-12-12 09:15:00,NSE:LT,340.00136,357.33476267,330.22354311,350.29029893,9927799.53880185
2008-12-15 09:15:00,NSE:LT,357.75699102,369.64592747,354.04585173,365.44590622,9881946.97221211
2008-12-16 09:15:00,NSE:LT,368.89036444,375.11261156,356.001424,360.24588098,7739336.79265283
2008-12-17 09:15:00,NSE:LT,362.46811209,368.44591822,345.82359662,348.89028444,6449522.70190919
2008-12-18 09:15:00,NSE:LT,346.6902712,361.77922489,337.77912889,360.40145049,7368574.2757029
2008-12-19 09:15:00,NSE:LT,351.11251556,368.66814133,351.11251556,364.13478542,5566306.73477306
2008-12-22 09:15:00,NSE:LT,364.97924213,371.55704178,359.11254756,362.22367111,4334157.66336935
2008-12-23 09:15:00,NSE:LT,357.77920889,358.29033093,340.89025244,344.26803484,6719330.37267851
2008-12-24 09:15:00,NSE:LT,337.77912889,344.44582222,333.86800658,340.20136524,5200833.94666421
2008-12-26 09:15:00,NSE:LT,342.17915538,349.33473067,328.89020444,330.93464818,3310774.00690397
2008-12-29 09:15:00,NSE:LT,329.77909689,334.22355911,320.55683778,329.86799058,4496469.76412094
2008-12-30 09:15:00,NSE:LT,330.13464942,345.24582098,330.13464942,343.06804782,4614898.04040784
2008-12-31 09:15:00,NSE:LT,346.66805333,352.66807733,338.3124688,343.89026444,4132475.22009912
2009-01-01 09:15:00,NSE:LT,348.89028444,366.66813333,344.44582222,365.22368311,5645303.91878433
2009-01-02 09:15:00,NSE:LT,362.46811209,372.75705102,362.3792184,366.82368062,5061523.50390598
2009-01-05 09:15:00,NSE:LT,376.89039644,383.09042569,369.86815058,381.02374187,5645949.66620134
2009-01-06 09:15:00,NSE:LT,375.55705778,386.6237776,370.57925564,377.86818258,7650921.14631541
2009-01-07 09:15:00,NSE:LT,382.22375111,382.97931413,337.64579947,344.29027493,8478596.08561566
2009-01-09 09:15:00,NSE:LT,341.20136924,341.20136924,289.86783058,320.3790504,14629144.48342207
2009-01-12 09:15:00,NSE:LT,311.11235556,324.44574222,302.22343111,305.91233031,10397631.40947436
2009-01-13 09:15:00,NSE:LT,304.44566222,317.6901552,302.22343111,311.04567973,3816580.98367607
2009-01-14 09:15:00,NSE:LT,315.55681778,319.73462116,310.09013369,315.20126524,4125729.74708101
2009-01-15 09:15:00,NSE:LT,306.66789333,319.97906213,297.77896889,314.17904338,5900110.8995564
2009-01-16 09:15:00,NSE:LT,316.001264,324.40130649,311.26790284,318.73461716,5162084.60166159
2009-01-19 09:15:00,NSE:LT,320.89017244,327.33464267,317.77904889,323.40130249,4500096.749613
2009-01-20 09:15:00,NSE:LT,314.24569698,319.11238756,312.09014169,314.97904213,4352724.58910164
2009-01-21 09:15:00,NSE:LT,308.89012444,313.33458667,302.33454267,304.51233804,4640529.93788025
2009-01-22 09:15:00,NSE:LT,309.77901689,312.89014044,289.3789264,295.40119049,7262939.44824221
2009-01-23 09:15:00,NSE:LT,293.33450667,297.001188,283.11224356,284.91224631,6345971.36611454
2009-01-27 09:15:00,NSE:LT,284.49001796,293.33450667,269.13440542,283.44557822,8124330.50267799
2009-01-28 09:15:00,NSE:LT,286.66781333,301.24564498,284.09002969,298.53453191,10259981.46007416
2009-01-29 09:15:00,NSE:LT,302.82342462,308.75679502,289.77893689,293.80117076,8641794.68282127
2009-01-30 09:15:00,NSE:LT,290.57893564,308.89012444,287.29004693,306.77900489,13529481.63207347
2009-02-02 09:15:00,NSE:LT,301.77898489,310.22346311,291.11227556,293.57894764,7096946.36221455
2009-02-03 09:15:00,NSE:LT,297.77896889,301.77898489,287.33448267,292.26782684,7514198.19320723
2009-02-04 09:15:00,NSE:LT,295.6234136,299.95676427,288.97893813,291.24560498,7324415.95233619
2009-02-05 09:15:00,NSE:LT,292.89006044,294.97896213,280.89001244,282.93445618,6124864.750541
2009-02-06 09:15:00,NSE:LT,284.44558222,288.80115076,282.26778684,283.95670027,5069969.97012012
2009-02-09 09:15:00,NSE:LT,288.89004444,301.33453867,284.11224756,299.73454116,7300404.04838381
2009-02-10 09:15:00,NSE:LT,297.77896889,313.11236356,297.77896889,310.46790409,8320061.71975312
2009-02-11 09:15:00,NSE:LT,302.71231307,309.97902213,299.49007796,306.42345236,6146916.91233235
2009-02-12 09:15:00,NSE:LT,302.22343111,307.91233831,300.6234336,303.3123288,4093338.87664449
2009-02-13 09:15:00,NSE:LT,305.77900089,315.75682302,304.44566222,312.09014169,5804632.53146987
2009-02-16 09:15:00,NSE:LT,311.09013769,315.55681778,293.80117076,296.35673653,6058386.51645393
2009-02-17 09:15:00,NSE:LT,292.42339636,295.49006196,289.33449067,292.6234016,5156621.62351351
2009-02-18 09:15:00,NSE:LT,291.11227556,294.89006844,287.20115324,289.75671902,4687820.24871901
2009-02-19 09:15:00,NSE:LT,292.89006044,294.53451591,283.60112551,284.60112951,5990470.53811785
2009-02-20 09:15:00,NSE:LT,282.22335111,282.66779733,273.3788624,276.20110924,5595792.86682853
2009-02-24 09:15:00,NSE:LT,273.33442667,280.44556622,268.97885813,277.55666578,5589906.89037244
2009-02-25 09:15:00,NSE:LT,288.001152,288.001152,270.86775458,271.95665227,6715478.38808645
2009-02-26 09:15:00,NSE:LT,275.11221156,279.33445067,269.40108649,271.06775982,9112760.5489578
2009-02-27 09:15:00,NSE:LT,280.00112,280.00112,265.95662827,272.77886889,8016587.43365027
2009-03-02 09:15:00,NSE:LT,264.46772009,270.22330311,258.3788024,259.64548747,5660457.60816957
2009-03-03 09:15:00,NSE:LT,259.55659378,263.33438667,253.33434667,254.22323911,6417809.07876369
2009-03-04 09:15:00,NSE:LT,255.55657778,260.40105049,254.6899032,257.97881413,5352404.59038164
2009-03-05 09:15:00,NSE:LT,260.00104,260.88993244,251.33433867,252.77878889,5519596.92161231
2009-03-06 09:15:00,NSE:LT,252.44545422,260.80103876,247.11209956,258.15657929,6585593.15762737
2009-03-09 09:15:00,NSE:LT,254.66768533,259.77881689,247.15653529,249.80099476,4425984.29606282
2009-03-12 09:15:00,NSE:LT,257.77880889,259.28993493,253.33434667,256.04545973,4060212.25915096
2009-03-13 09:15:00,NSE:LT,263.11216356,275.11221156,258.66770133,273.42332036,7093749.1250035
2009-03-16 09:15:00,NSE:LT,275.06777582,281.11223556,270.33441467,278.6233456,4788820.09471962
2009-03-17 09:15:00,NSE:LT,274.22331911,279.55667378,271.11219556,274.48997796,4717317.63072948
2009-03-18 09:15:00,NSE:LT,276.57887964,287.11225956,275.55665778,282.55668578,7764955.19017924
2009-03-19 09:15:00,NSE:LT,284.42336436,288.44559822,269.3788464,270.84553671,7903212.63714945
2009-03-20 09:15:00,NSE:LT,268.88996444,271.95665227,257.86770258,260.04547573,10652906.38837445
2009-03-23 09:15:00,NSE:LT,262.66771733,271.33441867,261.46770809,268.77885289,7009682.71126915
2009-03-24 09:15:00,NSE:LT,272.66775733,279.55667378,268.02328987,270.15662729,7690680.73727705
2009-03-25 09:15:00,NSE:LT,272.44553422,279.33445067,268.08996569,277.15665529,7555694.77722089
2009-03-26 09:15:00,NSE:LT,279.55667378,297.77896889,279.55667378,294.29007493,13953330.43667825
2009-03-27 09:15:00,NSE:LT,297.64563947,307.73457316,294.66784533,302.40121849,6607463.07014772
2009-03-30 09:15:00,NSE:LT,295.55673778,300.40121049,287.04558373,289.6233896,6225788.09684761
2009-03-31 09:15:00,NSE:LT,290.66782933,306.66789333,290.22338311,298.40120249,7538131.34747461
2009-04-01 09:15:00,NSE:LT,301.77898489,304.40122649,293.91228231,298.86786658,5407317.87072852
2009-04-02 09:15:00,NSE:LT,304.44566222,326.93463218,304.44566222,319.001276,11436855.00257999
2009-04-06 09:15:00,NSE:LT,326.66797333,345.33471467,322.49016996,342.35692053,11550954.29618281
2009-04-08 09:15:00,NSE:LT,332.44577422,360.89033244,329.04575173,358.64588347,13743467.0261319
2009-04-09 09:15:00,NSE:LT,373.24593298,378.66818133,357.93475618,369.97926213,10567134.48146207
2009-04-13 09:15:00,NSE:LT,374.42372436,382.22375111,349.02361387,367.29036693,20619972.77010892
2009-04-15 09:15:00,NSE:LT,364.44590222,398.22381511,356.44587022,390.33489467,11543871.3245147
2009-04-16 09:15:00,NSE:LT,400.0016,400.44604622,362.93477618,369.80147476,14644214.92314031
2009-04-17 09:15:00,NSE:LT,375.55705778,400.89049244,370.00148,386.33487867,14387711.4491542
2009-04-20 09:15:00,NSE:LT,395.80157876,399.55715378,384.49041796,393.001572,6806499.52400191
2009-04-21 09:15:00,NSE:LT,382.22375111,390.17934738,376.49038596,379.24595698,5741347.03461186
2009-04-22 09:15:00,NSE:LT,385.00154,388.44599822,365.02367787,367.26812684,5426145.79541682
2009-04-23 09:15:00,NSE:LT,369.95704427,388.80155076,362.22367111,383.77931289,6322726.70909316
2009-04-24 09:15:00,NSE:LT,391.11267556,397.77936889,382.35708053,394.02379387,5528716.13513546
2009-04-27 09:15:00,NSE:LT,387.17933538,406.66829333,385.86821458,403.40162249,8708268.41692633
2009-04-28 09:15:00,NSE:LT,401.33493867,410.89053244,385.89043244,388.06822782,9193145.97741609
2009-04-29 09:15:00,NSE:LT,381.13485342,395.11269156,378.66818133,390.82377662,7548425.05629977
2009-05-04 09:15:00,NSE:LT,400.0016,426.49058596,397.77936889,423.49057396,8165066.58973364
2009-05-05 09:15:00,NSE:LT,426.57947964,441.20176924,424.44614222,436.20174924,7809284.51286195
2009-05-06 09:15:00,NSE:LT,440.00176,445.77956089,427.11281956,431.53506391,7292502.07999168
2009-05-07 09:15:00,NSE:LT,433.33506667,444.001776,432.001728,438.93508018,4476091.59563362
2009-05-08 09:15:00,NSE:LT,438.22397511,448.89068444,426.71280907,440.6239936,7600156.8493726
2009-05-11 09:15:00,NSE:LT,442.66843733,451.42402791,423.55724978,428.35726453,5489892.54042984
2009-05-12 09:15:00,NSE:LT,431.11283556,438.6239856,415.55721778,436.6239776,6959849.91060036
2009-05-13 09:15:00,NSE:LT,440.00176,444.44622222,427.11281956,433.93506018,6420599.06760373
2009-05-14 09:15:00,NSE:LT,422.22391111,428.44615822,403.001612,420.6239136,5205750.17699929
2009-05-15 09:15:00,NSE:LT,438.66842133,443.11288356,424.44614222,439.55731378,5925144.2994228
2009-05-18 09:15:00,NSE:LT,506.84647182,571.11339556,488.89084444,547.4021896,68467.2261311
2009-05-19 09:15:00,NSE:LT,577.78008889,656.44707022,563.55780978,596.95794338,23310548.00780797
2009-05-20 09:15:00,NSE:LT,595.55793778,639.55811378,591.15792018,605.02464231,14970663.86734453
2009-05-21 09:15:00,NSE:LT,600.0024,604.44686222,542.57994809,550.35775698,8622172.51130995
2009-05-22 09:15:00,NSE:LT,546.64663102,581.91343876,542.24661342,578.11342356,8190356.48857405
2009-05-25 09:15:00,NSE:LT,586.66901333,592.89126044,573.38007129,579.98009769,4805110.02955988
2009-05-26 09:15:00,NSE:LT,584.44678222,587.91346276,553.44665822,556.8022272,4124760.00096
2009-05-27 09:15:00,NSE:LT,567.55782578,585.15789618,566.66893333,583.2023328,4623866.50453398
2009-05-28 09:15:00,NSE:LT,586.66901333,611.11355556,569.02449831,598.09128124,11480797.32681069
2009-05-29 09:15:00,NSE:LT,607.11353956,630.22474311,602.22463111,623.2024928,7212384.4004624
2009-06-01 09:15:00,NSE:LT,628.91362676,637.2025488,612.44689422,622.51360116,6410141.10943556
2009-06-02 09:15:00,NSE:LT,627.55806578,634.66920533,613.93578907,628.11362356,7677464.29014284
2009-06-03 09:15:00,NSE:LT,631.11363556,638.22477511,615.78024089,624.6024984,6108311.56675373
2009-06-04 09:15:00,NSE:LT,617.78024889,651.51371716,608.89132444,646.84703182,6116008.78596486
2009-06-05 09:15:00,NSE:LT,655.55817778,688.89164444,650.06926693,676.71381796,8260889.20644317
2009-06-08 09:15:00,NSE:LT,677.78048889,698.98057369,646.73592027,657.91374276,10661906.35237459
2009-06-09 09:15:00,NSE:LT,653.33594667,705.29171004,653.33594667,699.02501831,8605248.07900768
2009-06-10 09:15:00,NSE:LT,711.62506871,746.58076409,711.62506871,723.89178444,10878389.23644305
2009-06-11 09:15:00,NSE:LT,728.93624907,735.11405156,704.93615307,724.002896,9711341.40463438
2009-06-12 09:15:00,NSE:LT,744.89186844,754.98079769,690.66942933,703.02503431,7893731.1750753
2009-06-15 09:15:00,NSE:LT,700.0028,704.93615307,664.46932453,669.46934453,6220631.11747553
2009-06-16 09:15:00,NSE:LT,660.00264,686.22496711,649.46926453,678.002712,6641001.43599426
2009-06-17 09:15:00,NSE:LT,675.55825778,677.24715342,646.66925333,652.82483351,8521514.66394134
2009-06-18 09:15:00,NSE:LT,647.13592187,657.78040889,623.29138204,629.22473911,6450226.9490922
2009-06-19 09:15:00,NSE:LT,637.75810658,671.91379876,635.55809778,665.35821698,5325454.19818321
2009-06-22 09:15:00,NSE:LT,673.31380436,686.22496711,662.29153804,672.51380116,5315650.98739605
2009-06-23 09:15:00,NSE:LT,660.00264,664.44710222,640.00256,660.62486471,7336194.65522138
2009-06-24 09:15:00,NSE:LT,666.22488711,677.33604267,660.93597707,670.49157084,5615212.53914984
2009-06-25 09:15:00,NSE:LT,674.04714062,688.002752,668.89156444,679.71382996,6988942.29423082
2009-06-26 09:15:00,NSE:LT,684.55829378,719.42509991,684.55829378,715.73619627,8213562.89574842
2009-06-29 09:15:00,NSE:LT,702.78058889,732.89182044,702.78058889,720.8028832,5011317.20473118
2009-06-30 09:15:00,NSE:LT,732.44737422,737.78072889,689.04720062,696.8027872,9098747.60500958
2009-07-01 09:15:00,NSE:LT,708.86950213,713.15840818,687.55830578,699.44724222,5039536.59185363
2009-07-02 09:15:00,NSE:LT,701.78058489,706.6028264,683.2027328,696.46945253,5237094.80162079
2009-07-03 09:15:00,NSE:LT,688.89164444,720.00288,684.44718222,714.46952453,4331016.6759333
2009-07-06 09:15:00,NSE:LT,718.66954133,738.62517671,642.22479111,650.73593627,10162064.10174359
2009-07-07 09:15:00,NSE:LT,658.66930133,677.24715342,653.78039289,666.73600027,7719212.87314851
2009-07-08 09:15:00,NSE:LT,661.78042489,661.78042489,623.22471511,628.62473671,7845516.11793553
2009-07-09 09:15:00,NSE:LT,635.55809778,640.00256,607.64687502,617.33580267,5950017.9499282
2009-07-10 09:15:00,NSE:LT,622.22471111,632.73586427,595.55793778,602.91352276,6619358.77256491
2009-07-13 09:15:00,NSE:LT,594.002376,602.04685262,580.18009849,591.15792018,4871509.51396194
2009-07-14 09:15:00,NSE:LT,600.69129164,616.44691022,597.06905493,607.82465351,6078040.18783925
2009-07-15 09:15:00,NSE:LT,615.55801778,639.11366756,613.38023129,635.84698782,5571355.71457714
2009-07-16 09:15:00,NSE:LT,639.95811538,660.89153244,608.89132444,612.93578507,11484516.56193375
2009-07-17 09:15:00,NSE:LT,613.33578667,636.4025456,613.33578667,630.86919013,6598604.85558058
2009-07-20 09:15:00,NSE:LT,636.44699022,652.22483111,635.55809778,647.95814738,4977148.84140463
2009-07-21 09:15:00,NSE:LT,648.89148444,661.33597867,636.44699022,654.46928453,4781282.6248695
2009-07-22 09:15:00,NSE:LT,656.44707022,666.64711102,637.002548,643.86924213,4959691.16123535
2009-07-23 09:15:00,NSE:LT,653.33594667,666.22488711,647.55814578,662.13598187,4396666.91333235
2009-07-24 09:15:00,NSE:LT,667.26933573,675.06936693,657.78040889,666.49155484,4724310.60275759
2009-07-27 09:15:00,NSE:LT,669.33601067,675.55825778,657.24707342,666.8026672,3701169.94532022
2009-07-28 09:15:00,NSE:LT,667.11377956,675.55825778,660.64708702,663.93598907,3919848.82060472
2009-07-29 09:15:00,NSE:LT,657.78040889,672.89158044,644.89146844,651.58038409,5016413.43434626
2009-07-30 09:15:00,NSE:LT,648.75815058,670.66934933,637.35810498,663.49154284,5201722.69310923
2009-07-31 09:15:00,NSE:LT,671.11379556,682.62495271,661.33597867,669.49156684,4799478.30208679
2009-08-03 09:15:00,NSE:LT,666.22488711,683.95829138,663.35820898,675.44714622,3155119.62952148
2009-08-04 09:15:00,NSE:LT,679.55827378,686.09163324,668.98045369,675.26936773,4661445.85421658
2009-08-05 09:15:00,NSE:LT,675.42492391,680.2027208,660.00264,673.86936213,3735061.55975376
2009-08-06 09:15:00,NSE:LT,669.95823538,683.06939893,654.22483911,660.91375476,4821915.21233915
2009-08-07 09:15:00,NSE:LT,657.78040889,661.33597867,648.89148444,651.73594027,3708336.16665533
2009-08-10 09:15:00,NSE:LT,660.4026416,663.86932213,623.73582827,638.29144204,3840628.88748445
2009-08-11 09:15:00,NSE:LT,631.11363556,648.44703822,622.66915733,642.09145724,4153330.38667845
2009-08-12 09:15:00,NSE:LT,635.42476391,636.84699182,617.78024889,632.04697262,4901663.89334443
2009-08-13 09:15:00,NSE:LT,643.55812978,666.66933333,640.04700462,664.64710302,3799375.30249879
2009-08-14 09:15:00,NSE:LT,664.44710222,674.66936533,655.55817778,660.64708702,3326746.69301323
2009-08-17 09:15:00,NSE:LT,653.78039289,653.78039289,623.55804978,627.95806738,0.0
2009-08-18 09:15:00,NSE:LT,628.42473591,660.00264,622.22471111,657.11373956,5838285.64685741
2009-08-19 09:15:00,NSE:LT,656.89151644,667.71378196,640.49145084,658.66930133,5537853.34858661
2009-08-20 09:15:00,NSE:LT,664.44710222,675.11381156,656.49151484,659.09152524,4613566.04573582
2009-08-21 09:15:00,NSE:LT,659.55819378,661.78042489,644.51368916,659.24708142,4656383.3744665
2009-08-24 09:15:00,NSE:LT,666.66933333,692.002768,664.44710222,689.02497831,5436385.50445798
2009-08-25 09:15:00,NSE:LT,682.22495111,707.55838578,676.02492631,699.33613067,5066169.73532106
2009-08-26 09:15:00,NSE:LT,700.89169244,704.13614987,695.42500391,700.2028008,2628628.48548606
2009-08-27 09:15:00,NSE:LT,693.78055289,714.84730382,686.66941333,711.31395636,4000540.24783901
2009-08-28 09:15:00,NSE:LT,708.44727822,722.22511111,707.18060649,719.26954373,4893183.67726529
2009-08-31 09:15:00,NSE:LT,712.44729422,715.55841778,693.33610667,696.64723102,4075392.94842821
2009-09-01 09:15:00,NSE:LT,691.55832178,708.66950133,684.002736,689.13608987,3373519.50592198
2009-09-02 09:15:00,NSE:LT,677.78048889,690.98054169,675.75825858,680.98050169,2260070.95971616
2009-09-03 09:15:00,NSE:LT,684.44718222,689.24720142,668.22489511,673.22491511,2420963.31614674
2009-09-04 09:15:00,NSE:LT,704.71392996,704.71392996,670.49157084,696.62500871,3368092.52762989
2009-09-07 09:15:00,NSE:LT,706.22504711,712.002848,700.0028,710.4028416,2779278.88288447
2009-09-08 09:15:00,NSE:LT,717.89176044,727.06957493,709.58061609,718.95843138,3927708.03916784
2009-09-09 09:15:00,NSE:LT,717.64731502,723.86956213,709.33617067,712.02507031,3116023.78590486
2009-09-10 09:15:00,NSE:LT,720.00288,723.55844978,702.66947733,711.53617947,3630007.22997108
2009-09-11 09:15:00,NSE:LT,712.002848,725.33623467,711.11395556,723.53622747,3518850.9245963
2009-09-14 09:15:00,NSE:LT,720.00288,721.78066489,708.98061369,713.26951973,1897502.90998836
2009-09-15 09:15:00,NSE:LT,716.002864,732.33626267,715.55841778,724.22511911,3343558.6257655
2009-09-16 09:15:00,NSE:LT,728.44735822,735.55849778,720.09176924,724.91401076,3451009.19596322
2009-09-17 09:15:00,NSE:LT,726.66957333,739.42517991,720.31399236,731.38070329,2901205.89517642
2009-09-18 09:15:00,NSE:LT,727.55846578,737.78072889,726.22512711,735.6029424,2544391.07243571
2009-09-22 09:15:00,NSE:LT,737.78072889,745.31409236,731.11403556,741.6029664,2794482.07207171
2009-09-23 09:15:00,NSE:LT,742.22519111,746.09187324,722.95844738,726.71401796,2959921.66031336
2009-09-24 09:15:00,NSE:LT,720.00288,742.22519111,718.26953973,737.04739262,4296661.56335375
2009-09-25 09:15:00,NSE:LT,734.22515911,743.6029744,727.55846578,731.71403796,2222016.86193255
2009-09-29 09:15:00,NSE:LT,733.33626667,741.06963093,728.89180444,733.13626587,2215217.38913044
2009-09-30 09:15:00,NSE:LT,733.24737742,754.44746222,729.73625227,750.75855858,3439027.99388802
2009-10-01 09:15:00,NSE:LT,750.09188924,750.75855858,734.89182844,740.09184924,2496155.76537694
2009-10-05 09:15:00,NSE:LT,732.75848658,741.78074489,727.11401956,735.33627467,2522215.16113936
2009-10-06 09:15:00,NSE:LT,737.33628267,750.22522311,720.44732622,746.93632107,3003229.48708205
2009-10-07 09:15:00,NSE:LT,748.89188444,768.62529671,741.33629867,745.44742622,5869151.02339591
2009-10-08 09:15:00,NSE:LT,753.33634667,754.66968533,724.44734222,733.69182364,5536505.60397758
2009-10-09 09:15:00,NSE:LT,737.78072889,737.78072889,722.24733342,725.91401476,3073033.20786717
2009-10-12 09:15:00,NSE:LT,735.55849778,738.22517511,724.44734222,736.44739022,2437363.500546
2009-10-14 09:15:00,NSE:LT,740.89185244,755.11413156,740.00296,751.13633787,2253167.98732805
2009-10-15 09:15:00,NSE:LT,757.78080889,759.11414756,740.26962773,752.38078729,3148086.15765537
2009-10-16 09:15:00,NSE:LT,754.66968533,759.38081529,740.11407156,753.42523591,3894644.42142231
2009-10-20 09:15:00,NSE:LT,759.11414756,759.86970613,740.55851778,743.91408676,3988385.79645681
2009-10-21 09:15:00,NSE:LT,743.91408676,753.78079289,740.00296,743.62519671,4934716.26113495
2009-10-22 09:15:00,NSE:LT,747.15854418,747.15854418,708.53616747,715.46952853,7450784.44686221
2009-10-23 09:15:00,NSE:LT,719.55843378,723.55844978,693.38055129,697.95834738,10039048.09380762
2009-10-26 09:15:00,NSE:LT,702.11391956,717.33620267,690.22498311,702.29169804,4979254.83298067
2009-10-27 09:15:00,NSE:LT,694.66944533,713.24729742,686.53607947,692.02499031,4334922.66030936
2009-10-28 09:15:00,NSE:LT,688.89164444,714.53619147,685.89163244,707.18060649,4424704.05118379
2009-10-29 09:15:00,NSE:LT,689.55831378,705.86949013,689.55831378,698.71390596,7504613.23154707
2009-10-30 09:15:00,NSE:LT,706.66949333,715.55841778,685.02496231,696.89167644,4443509.4759621
2009-11-03 09:15:00,NSE:LT,688.89164444,711.13617787,673.4026936,678.22493511,4550708.04716781
2009-11-04 09:15:00,NSE:LT,685.11385156,692.002768,675.55825778,687.4027496,4093113.87754449
2009-11-05 09:15:00,NSE:LT,685.84718782,688.002752,660.13597387,685.46940853,5514876.44049424
2009-11-06 09:15:00,NSE:LT,693.33610667,707.55838578,688.89164444,702.02503031,3759732.71106916
2009-11-09 09:15:00,NSE:LT,711.04728862,713.55840978,693.78055289,711.75840258,3031329.6246815
2009-11-10 09:15:00,NSE:LT,721.06955093,721.06955093,700.0028,709.98061769,3266417.68432926
2009-11-11 09:15:00,NSE:LT,710.02506231,730.66958933,703.2028128,728.46958053,3685930.75627697
2009-11-12 09:15:00,NSE:LT,728.89180444,737.33628267,720.98066169,729.06958293,3748017.00793197
2009-11-13 09:15:00,NSE:LT,730.66958933,740.8029632,726.89179644,730.84736782,2348648.60540558
2009-11-16 09:15:00,NSE:LT,737.78072889,742.22519111,732.84737582,734.64738302,2395756.66697333
2009-11-17 09:15:00,NSE:LT,736.44739022,739.55851378,727.62513271,736.13627787,2265590.18763925
2009-11-18 09:15:00,NSE:LT,737.02517031,737.02517031,721.04732862,723.49178284,2753212.73714905
2009-11-19 09:15:00,NSE:LT,720.04732462,726.64735102,713.78063289,717.66953733,2079695.93121628
2009-11-20 09:15:00,NSE:LT,712.002848,730.00292,711.11395556,726.11401556,3093976.1240955
2009-11-23 09:15:00,NSE:LT,726.11401556,733.29182204,723.66956133,726.89179644,1458421.66631333
2009-11-24 09:15:00,NSE:LT,726.66957333,736.35850098,720.02510231,733.02515431,2516151.43539426
2009-11-25 09:15:00,NSE:LT,731.55848178,737.33628267,727.86957813,733.69182364,2006805.22277911
2009-11-26 09:15:00,NSE:LT,733.33626667,735.66960933,717.8028712,724.93623307,3446736.46305415
2009-11-27 09:15:00,NSE:LT,705.04726462,714.66952533,680.00272,706.42504791,5987610.7995568
2009-11-30 09:15:00,NSE:LT,716.44731022,724.44734222,711.11395556,717.6028704,2256628.47348611
2009-12-01 09:15:00,NSE:LT,719.86954613,727.11401956,716.69175564,724.09178524,2338939.89424042
2009-12-02 09:15:00,NSE:LT,726.66957333,728.89180444,716.11397556,722.93622507,2488670.04531982
2009-12-03 09:15:00,NSE:LT,725.33623467,727.09179724,717.82509351,721.98066569,2369204.52318191
2009-12-04 09:15:00,NSE:LT,719.55843378,728.84735982,714.49174684,721.29177404,1357352.07059172
2009-12-07 09:15:00,NSE:LT,722.22511111,729.33625067,717.33620267,727.66957733,1553501.78599286
2009-12-08 09:15:00,NSE:LT,727.55846578,737.69183964,724.89178844,736.18072249,2058514.51594194
2009-12-09 09:15:00,NSE:LT,733.33626667,743.95853138,730.66958933,736.35850098,2154148.13340747
2009-12-10 09:15:00,NSE:LT,736.46961253,751.82522951,730.73625627,750.06966693,3212111.90155239
2009-12-11 09:15:00,NSE:LT,755.06968693,756.66969333,740.2029608,751.4030056,3578198.93720425
2009-12-14 09:15:00,NSE:LT,746.66965333,761.75860258,743.6029744,755.53635547,2939500.74199703
2009-12-15 09:15:00,NSE:LT,756.003024,764.44750222,744.44742222,747.51410116,3126175.74529702
2009-12-16 09:15:00,NSE:LT,750.66966933,754.66968533,736.15850018,748.02521431,2825399.19840321
2009-12-17 09:15:00,NSE:LT,744.44742222,749.33633067,732.44737422,737.73628427,1617662.52934988
2009-12-18 09:15:00,NSE:LT,735.55849778,739.55851378,730.22514311,733.35848898,1648017.15793137
2009-12-21 09:15:00,NSE:LT,733.33626667,734.22515911,714.02507831,715.58064009,2306436.5242539
2009-12-22 09:15:00,NSE:LT,722.22511111,722.31400036,715.6028624,718.62509671,1548648.55540578
2009-12-23 09:15:00,NSE:LT,720.00288,744.44742222,715.55841778,743.11408356,2902447.89020844
2009-12-24 09:15:00,NSE:LT,751.55856178,751.55856178,735.2029408,747.62521271,2358235.81705673
2009-12-29 09:15:00,NSE:LT,748.93632907,755.55857778,744.26964373,748.22521511,1888921.44431422
2009-12-30 09:15:00,NSE:LT,748.89188444,748.89188444,737.86961813,739.33629067,1241286.28485486
2009-12-31 09:15:00,NSE:LT,740.00296,752.35856498,740.00296,745.6029824,2847849.60860157
2010-01-04 09:15:00,NSE:LT,748.002992,754.15857218,748.002992,751.73634027,1060020.25991896
2010-01-05 09:15:00,NSE:LT,757.78080889,760.18081849,748.51410516,753.06967893,2683978.26408694
2010-01-06 09:15:00,NSE:LT,736.82516951,758.62525671,736.82516951,744.73631227,3076196.69521322
2010-01-07 09:15:00,NSE:LT,743.98075369,750.44744622,737.8029512,741.15852018,2033013.11794753
2010-01-08 09:15:00,NSE:LT,742.44741422,754.15857218,742.44741422,745.84742782,2940967.73612906
2010-01-11 09:15:00,NSE:LT,751.55856178,755.55857778,743.64741902,745.46964853,2235546.05781577
2010-01-12 09:15:00,NSE:LT,747.55854578,754.18079449,739.11406756,746.33631867,3121039.01584394
2010-01-13 09:15:00,NSE:LT,742.22519111,750.66966933,738.53628747,743.64741902,1822794.20882316
2010-01-14 09:15:00,NSE:LT,746.75854258,746.75854258,734.66960533,741.51407716,3908324.36670253
2010-01-15 09:15:00,NSE:LT,744.02519831,744.02519831,731.11403556,733.86960213,3226779.59288163
2010-01-18 09:15:00,NSE:LT,735.46960853,743.55852978,728.89180444,735.44738622,1598535.35585858
2010-01-19 09:15:00,NSE:LT,737.78072889,740.8029632,726.91401876,730.00292,2303966.03413586
2010-01-20 09:15:00,NSE:LT,733.78071289,734.18071449,724.66956533,727.09179724,2281214.1251435
2010-01-21 09:15:00,NSE:LT,726.58068409,728.002912,674.75825458,677.38048729,11137246.20101519
2010-01-22 09:15:00,NSE:LT,677.4027096,677.4027096,638.38033129,654.09150524,12968509.37596249
2010-01-25 09:15:00,NSE:LT,654.66928533,666.22488711,647.11369956,662.42487191,3983730.56507774
2010-01-27 09:15:00,NSE:LT,656.84707182,661.78042489,639.11366756,648.02481431,5295801.56679373
2010-01-28 09:15:00,NSE:LT,653.33594667,660.71375396,626.66917333,636.22476711,9322443.96022416
2010-01-29 09:15:00,NSE:LT,633.33586667,645.11369156,622.66915733,632.82475351,8075154.6993812
2010-02-01 09:15:00,NSE:LT,642.09145724,642.09145724,625.78028089,629.89140844,5986375.55449778
2010-02-02 09:15:00,NSE:LT,635.55809778,639.11366756,617.78024889,620.62470471,5351209.84516062
2010-02-03 09:15:00,NSE:LT,622.82471351,647.55814578,617.78024889,644.51368916,6031098.6256055
2010-02-04 09:15:00,NSE:LT,640.00256,647.51370116,633.6025344,642.13590187,3639259.19296323
2010-02-05 09:15:00,NSE:LT,628.89140444,641.15812018,617.73580427,632.89142044,4964951.64019344
2010-02-08 09:15:00,NSE:LT,640.00256,649.78037689,628.22473511,641.98034569,3517253.43098628
2010-02-09 09:15:00,NSE:LT,644.002576,651.04704862,637.002548,649.71370996,3634045.96381615
2010-02-10 09:15:00,NSE:LT,653.78039289,656.44707022,636.002544,638.31366436,2548528.80588478
2010-02-11 09:15:00,NSE:LT,640.44700622,648.89148444,640.44700622,643.6025744,1173269.05692377
2010-02-15 09:15:00,NSE:LT,648.002592,648.31370436,632.89142044,636.91365876,1660452.85818857
2010-02-16 09:15:00,NSE:LT,628.62473671,650.22482311,626.66917333,642.53590347,1971349.86460054
2010-02-17 09:15:00,NSE:LT,649.002596,659.55819378,648.4025936,655.24706542,1994547.27181091
2010-02-18 09:15:00,NSE:LT,659.35819298,659.35819298,650.22482311,656.11373556,1557187.27125092
2010-02-19 09:15:00,NSE:LT,653.24705742,664.002656,641.46923253,657.09151724,2128075.23769905
2010-02-22 09:15:00,NSE:LT,662.22487111,667.51378116,656.75818258,662.91376276,1523511.65595338
2010-02-23 09:15:00,NSE:LT,660.00264,664.38043529,651.35816098,662.04709262,2109407.06237175
2010-02-24 09:15:00,NSE:LT,660.00264,673.78047289,653.78039289,667.18044649,3990584.03766385
2010-02-25 09:15:00,NSE:LT,671.11379556,685.78052089,668.24711742,682.49161884,5460786.65685337
2010-02-26 09:15:00,NSE:LT,682.22495111,703.55836978,679.55827378,695.24722542,4210259.65896136
2010-03-02 09:15:00,NSE:LT,723.86956213,723.86956213,698.22501511,704.62504071,2401381.64447342
2010-03-03 09:15:00,NSE:LT,702.33614267,706.66949333,696.22500711,701.4028056,1871326.51469394
2010-03-04 09:15:00,NSE:LT,699.91391076,707.71394196,694.4027776,706.24726942,1820166.21933512
2010-03-05 09:15:00,NSE:LT,708.002832,717.73620427,703.26947973,705.55837778,2443951.4741941
2010-03-08 09:15:00,NSE:LT,713.33618667,717.64731502,706.22504711,712.53618347,2874863.000548
2010-03-09 09:15:00,NSE:LT,713.78063289,717.89176044,703.4028136,706.18060249,2392021.68191327
2010-03-10 09:15:00,NSE:LT,706.22504711,711.11395556,696.13611787,700.51391316,1706309.9247603
2010-03-11 09:15:00,NSE:LT,701.55836178,704.4028176,693.58055209,698.93612907,1944037.2238511
2010-03-12 09:15:00,NSE:LT,700.11391156,704.33615067,691.86943413,695.44722622,3276083.64566542
2010-03-15 09:15:00,NSE:LT,695.11389156,701.98058569,685.78052089,690.58054009,2918458.8261647
2010-03-16 09:15:00,NSE:LT,691.11387556,715.8028632,689.86942613,710.75839858,2171034.31586274
2010-03-17 09:15:00,NSE:LT,711.71395796,724.84734382,707.4028296,723.09178124,3615521.78791285
2010-03-18 09:15:00,NSE:LT,721.78066489,726.66957333,711.55840178,718.13620587,2314113.49354603
2010-03-19 09:15:00,NSE:LT,718.26953973,724.4028976,713.58063209,720.58066009,2263821.69471322
2010-03-22 09:15:00,NSE:LT,715.55841778,721.35844098,705.13615387,717.49175884,2033199.86720053
2010-03-23 09:15:00,NSE:LT,720.00288,722.66955733,712.26951573,717.84731582,1728173.08730765
2010-03-25 09:15:00,NSE:LT,717.33620267,734.13626987,711.11395556,729.58069609,3721773.11290755
2010-03-26 09:15:00,NSE:LT,728.44735822,733.18071049,723.44733822,725.73623627,1978734.33506266
2010-03-29 09:15:00,NSE:LT,728.35846898,742.22519111,722.26955573,739.53629147,2884724.71110116
2010-03-30 09:15:00,NSE:LT,742.22519111,742.22519111,722.91400276,727.69179964,1500982.49607002
2010-03-31 09:15:00,NSE:LT,728.44735822,731.11403556,718.33620667,724.82512151,3110612.55754977
2010-04-01 09:15:00,NSE:LT,729.82514151,736.22516711,725.35845698,733.64737902,1565471.73811305
2010-04-05 09:15:00,NSE:LT,736.55850178,737.33628267,728.02513431,731.71403796,1798530.30587878
2010-04-06 09:15:00,NSE:LT,733.33626667,738.6029544,727.55846578,734.24738142,3518407.67636929
2010-04-07 09:15:00,NSE:LT,735.55849778,737.33628267,729.46958453,731.55848178,3612720.5491178
2010-04-08 09:15:00,NSE:LT,730.98070169,732.35848498,718.53620747,722.62511271,2082285.67085732
2010-04-09 09:15:00,NSE:LT,723.11400356,733.33626667,718.33620667,729.22513911,2930458.02816789
2010-04-12 09:15:00,NSE:LT,731.11403556,731.11403556,709.78061689,713.51396516,3428626.28549486
2010-04-13 09:15:00,NSE:LT,714.66952533,717.2028688,707.26949573,710.33617467,2510938.20624718
2010-04-15 09:15:00,NSE:LT,715.55841778,719.49176684,695.64722702,698.66946133,3426592.29363083
2010-04-16 09:15:00,NSE:LT,697.78056889,702.66947733,693.33610667,699.55835378,2464399.39240243
2010-04-19 09:15:00,NSE:LT,696.15834018,703.73614827,687.51386116,700.6028024,2127872.73850905
2010-04-20 09:15:00,NSE:LT,700.0028,712.91396276,696.22500711,706.18060249,2659079.86368055
2010-04-21 09:15:00,NSE:LT,709.78061689,710.71395396,695.55833778,701.24724942,2041596.83361267
2010-04-22 09:15:00,NSE:LT,697.33612267,713.78063289,692.51388116,698.8027952,3432091.27163491
2010-04-23 09:15:00,NSE:LT,702.22503111,720.89177244,700.02502231,718.93620907,3712309.6507614
2010-04-26 09:15:00,NSE:LT,722.22511111,727.31402036,716.49175484,720.00288,1145558.16776733
2010-04-27 09:15:00,NSE:LT,719.11398756,728.75847058,716.09175324,724.24734142,1749143.00342799
2010-04-28 09:15:00,NSE:LT,713.33618667,722.22511111,703.33614667,707.84727582,2194967.47013012
2010-04-29 09:15:00,NSE:LT,707.55838578,717.78064889,704.44726222,710.91395476,2317708.97916408
2010-04-30 09:15:00,NSE:LT,715.55841778,722.22511111,712.002848,717.8028712,1467282.13087148
2010-05-03 09:15:00,NSE:LT,712.44729422,712.89174044,700.4028016,707.51394116,1266994.68202127
2010-05-04 09:15:00,NSE:LT,708.44727822,715.55841778,681.51383716,688.6027544,2654386.38245447
2010-05-05 09:15:00,NSE:LT,684.44718222,685.98052169,673.29158204,683.93606907,2211412.65434938
2010-05-06 09:15:00,NSE:LT,680.58050009,684.002736,667.55822578,678.62493671,2816095.48561806
2010-05-07 09:15:00,NSE:LT,673.33602667,681.78050489,659.55819378,674.38047529,3154271.38291447
2010-05-10 09:15:00,NSE:LT,686.22496711,734.91405076,676.002704,687.46941653,2772555.90977636
2010-05-11 09:15:00,NSE:LT,686.78052489,693.29166204,682.71384196,686.33607867,1915295.83881665
2010-05-12 09:15:00,NSE:LT,691.11387556,697.33612267,686.22496711,695.06944693,2177343.29062684
2010-05-13 09:15:00,NSE:LT,697.78056889,703.11392356,689.49164684,698.22501511,1618004.52798189
2010-05-14 09:15:00,NSE:LT,693.86944213,704.44726222,676.002704,679.71382996,1718936.8742525
2010-05-17 09:15:00,NSE:LT,677.8027112,719.89176844,655.6026224,714.18063449,8069376.72249311
2010-05-18 09:15:00,NSE:LT,717.78064889,748.75855058,717.78064889,738.24739742,10550331.5486738
2010-05-19 09:15:00,NSE:LT,733.33626667,743.49186284,717.78064889,726.04734862,8234809.56076176
2010-05-20 09:15:00,NSE:LT,726.66957333,740.00296,718.66954133,729.82514151,4416077.58568966
2010-05-21 09:15:00,NSE:LT,724.44734222,724.44734222,707.78060889,714.91397076,3020878.41648633
2010-05-24 09:15:00,NSE:LT,724.44734222,732.89182044,718.35842898,725.06956693,2727677.58928964
2010-05-25 09:15:00,NSE:LT,723.55844978,723.55844978,691.22498711,692.66943733,4179810.53075788
2010-05-26 09:15:00,NSE:LT,702.22503111,720.00288,698.35834898,714.55841378,2481947.07221171
2010-05-27 09:15:00,NSE:LT,715.55841778,728.33624667,713.33618667,723.93622907,3673945.05421978
2010-05-28 09:15:00,NSE:LT,726.66957333,731.11403556,718.38065129,722.91400276,1934816.76073296
2010-05-31 09:15:00,NSE:LT,722.66955733,728.84735982,720.00288,725.04734462,1919471.82211271
2010-06-01 09:15:00,NSE:LT,723.51400516,723.51400516,706.58060409,708.26949973,1810867.00653197
2010-06-02 09:15:00,NSE:LT,713.33618667,728.002912,704.44726222,725.13623387,2664155.84337663
2010-06-03 09:15:00,NSE:LT,725.13623387,742.22519111,725.13623387,740.78074089,2846639.11344355
2010-06-04 09:15:00,NSE:LT,744.89186844,744.89186844,730.75847858,743.11408356,1538847.59460962
2010-06-07 09:15:00,NSE:LT,728.89180444,735.55849778,721.69177564,728.98069369,1230922.82630869
2010-06-08 09:15:00,NSE:LT,731.11403556,734.89182844,719.55843378,723.29178204,2037283.6008656
2010-06-09 09:15:00,NSE:LT,727.11401956,733.33626667,718.002872,730.11403156,2243988.0240479
2010-06-10 09:15:00,NSE:LT,732.09181724,744.44742222,732.002928,743.29186204,3062186.00125599
2010-06-11 09:15:00,NSE:LT,747.55854578,748.89188444,742.66963733,745.35853698,2269403.92238431
2010-06-14 09:15:00,NSE:LT,747.55854578,759.91415076,746.18076249,757.29191804,3002194.49122204
2010-06-15 09:15:00,NSE:LT,766.06973093,768.22529511,755.55857778,766.42528791,3101664.34334263
2010-06-16 09:15:00,NSE:LT,773.33642667,773.33642667,760.02526231,764.98083769,1983826.06469574
2010-06-17 09:15:00,NSE:LT,764.44750222,792.003168,760.44748622,789.78093689,6239148.54340583
2010-06-18 09:15:00,NSE:LT,791.11427556,807.78100889,791.11427556,799.33653067,5589535.64185743
2010-06-21 09:15:00,NSE:LT,802.46987653,819.11438756,800.55875778,816.15882018,3011018.95592418
2010-06-22 09:15:00,NSE:LT,814.22547911,817.78104889,802.82543351,811.18102249,3265060.93975624
2010-06-23 09:15:00,NSE:LT,810.66990933,811.18102249,780.91423476,784.46980453,5630784.72686109
2010-06-24 09:15:00,NSE:LT,790.22538311,799.003196,784.69202764,796.29207404,3753803.98478406
2010-06-25 09:15:00,NSE:LT,795.55873778,797.75874658,778.82533751,781.82534951,1729565.83173667
2010-06-28 09:15:00,NSE:LT,781.78090489,798.46986053,781.15868018,796.84763182,1676337.79464882
2010-06-29 09:15:00,NSE:LT,795.4031816,802.98098969,791.11427556,798.58097209,3149989.6500414
2010-06-30 09:15:00,NSE:LT,791.11427556,807.55878578,789.42537991,803.98099369,2708732.66506934
2010-07-01 09:15:00,NSE:LT,799.82542151,802.64765502,793.78095289,797.4031896,1386574.95370019
2010-07-02 09:15:00,NSE:LT,799.2031968,805.33655467,791.11427556,793.78095289,1035805.85677657
2010-07-05 09:15:00,NSE:LT,793.78095289,802.84765582,791.18094249,795.93651707,955359.67856129
2010-07-06 09:15:00,NSE:LT,796.89207644,802.33654267,794.22539911,799.86986613,1142774.92890028
2010-07-07 09:15:00,NSE:LT,801.33653867,802.09209724,791.11427556,794.15873218,1253078.48768605
2010-07-08 09:15:00,NSE:LT,800.0032,812.89214044,799.95875538,808.84767982,2338237.89704841
2010-07-09 09:15:00,NSE:LT,813.33658667,816.93660107,808.003232,809.84768382,1404475.88209647
2010-07-12 09:15:00,NSE:LT,804.44766222,816.42548791,802.22543111,811.62546871,2396157.16537134
2010-07-13 09:15:00,NSE:LT,813.33658667,821.29217404,808.003232,817.26993573,2688151.99739201
2010-07-14 09:15:00,NSE:LT,815.62548471,842.62559271,815.62548471,837.27001573,4515853.43658625
2010-07-15 09:15:00,NSE:LT,841.78114489,843.47004053,830.35887698,832.82555351,2694037.9738481
2010-07-16 09:15:00,NSE:LT,833.33666667,837.78112889,827.38108729,831.38110329,2488557.54576982
2010-07-19 09:15:00,NSE:LT,829.2033168,843.95893138,825.04774462,841.91447876,2349231.35307459
2010-07-20 09:15:00,NSE:LT,841.91447876,852.89230044,840.13669387,846.22560711,2295067.31973072
2010-07-21 09:15:00,NSE:LT,846.62560871,853.33674667,843.27003973,851.35896098,2049825.0506998
2010-07-22 09:15:00,NSE:LT,852.89230044,858.62565671,842.53670347,856.58120409,2340928.88628445
2010-07-23 09:15:00,NSE:LT,862.13678187,864.47012453,857.78120889,861.27011173,2851661.09335563
2010-07-26 09:15:00,NSE:LT,862.22567111,866.98124569,851.11451556,853.31452436,1649018.40392638
2010-07-27 09:15:00,NSE:LT,857.78120889,857.78120889,820.04772462,828.29220204,10142696.17921528
2010-07-28 09:15:00,NSE:LT,826.66997333,835.55889778,808.4032336,810.51435316,3784577.11169155
2010-07-29 09:15:00,NSE:LT,804.53655147,816.24770942,796.44763022,807.98100969,4492278.03088788
2010-07-30 09:15:00,NSE:LT,819.98105769,819.98105769,796.04762862,797.46985653,2407942.61822953
2010-08-02 09:15:00,NSE:LT,800.44764622,810.93657707,800.44764622,805.46988853,1354559.83176067
2010-08-03 09:15:00,NSE:LT,808.89212444,810.62546471,789.4031576,793.4031736,2674532.80186879
2010-08-04 09:15:00,NSE:LT,794.66984533,807.55878578,789.29204604,802.66987733,2379772.73090908
2010-08-05 09:15:00,NSE:LT,808.84767982,810.29213004,801.78098489,803.86988213,2221580.36367855
2010-08-06 09:15:00,NSE:LT,806.66989333,813.2032528,797.84763582,800.66986933,1769080.1736793
2010-08-09 09:15:00,NSE:LT,803.86988213,807.55878578,798.6031944,805.73655627,1381048.9758041
2010-08-10 09:15:00,NSE:LT,805.73655627,815.38103929,800.69209164,812.15880418,2302919.78832085
2010-08-11 09:15:00,NSE:LT,808.89212444,817.31438036,802.22543111,806.003224,2323261.95695217
2010-08-12 09:15:00,NSE:LT,806.003224,808.003232,798.24763742,801.15876018,1762935.44825821
2010-08-13 09:15:00,NSE:LT,804.003216,810.22546311,800.04764462,803.86988213,1214560.89175643
2010-08-16 09:15:00,NSE:LT,796.44763022,814.22547911,792.04761262,795.51429316,1765000.93999624
2010-08-17 09:15:00,NSE:LT,796.003184,799.42541991,786.15870018,788.24759742,1806868.77252491
2010-08-18 09:15:00,NSE:LT,789.11426756,800.0032,783.11424356,796.49207484,2044395.82241671
2010-08-19 09:15:00,NSE:LT,800.0032,809.78101689,800.0032,808.18101049,1500892.49643001
2010-08-20 09:15:00,NSE:LT,811.11435556,833.29222204,804.44766222,830.58110009,4259970.96011616
2010-08-23 09:15:00,NSE:LT,831.11443556,838.44779822,821.78106489,834.84778382,2872208.01116796
2010-08-24 09:15:00,NSE:LT,833.33666667,836.73668027,822.71440196,826.93664107,1041073.08570766
2010-08-25 09:15:00,NSE:LT,827.55886578,832.26999573,818.22549511,822.73662427,1543347.57660969
2010-08-26 09:15:00,NSE:LT,823.55884978,832.89222044,818.66994133,828.78109289,2526661.14335543
2010-08-27 09:15:00,NSE:LT,831.15888018,833.31444436,808.09212124,817.62549271,1126493.99402402
2010-08-30 09:15:00,NSE:LT,822.13662187,828.89220444,804.44766222,808.33656667,1018053.42778629
2010-08-31 09:15:00,NSE:LT,811.55880178,811.55880178,795.55873778,806.06989093,1978723.08510766
2010-09-01 09:15:00,NSE:LT,808.89212444,816.89215644,800.89209244,814.98103769,1221295.11481954
2010-09-02 09:15:00,NSE:LT,819.55883378,825.33663467,813.38103129,818.38105129,1309940.26023896
2010-09-03 09:15:00,NSE:LT,833.2033328,833.2033328,811.11435556,815.58104009,818978.7240851
2010-09-06 09:15:00,NSE:LT,822.22551111,825.33663467,812.44769422,815.06992693,1504638.73144507
2010-09-07 09:15:00,NSE:LT,821.78106489,839.42557991,820.09216924,833.89222444,2665069.33972264
2010-09-08 09:15:00,NSE:LT,832.62555271,836.93668107,823.33662667,829.58109609,1481560.57375771
2010-09-09 09:15:00,NSE:LT,831.55888178,837.78112889,825.82552551,836.22556711,1592415.38033848
2010-09-13 09:15:00,NSE:LT,844.44782222,853.33674667,842.22559111,846.44783022,2837222.9011084
2010-09-14 09:15:00,NSE:LT,852.003408,855.55897778,844.84782382,853.42563591,1916335.33465866
2010-09-15 09:15:00,NSE:LT,855.38119929,861.73678027,850.38117929,852.42563191,2247952.50818997
2010-09-16 09:15:00,NSE:LT,852.44785422,865.33679467,847.55894578,859.55899378,2209720.66111736
2010-09-17 09:15:00,NSE:LT,863.11456356,875.55905778,863.11456356,872.51460116,2239929.04028384
2010-09-20 09:15:00,NSE:LT,872.51460116,893.33690667,871.11459556,888.91466676,3409778.11088756
2010-09-21 09:15:00,NSE:LT,892.003568,922.22591111,889.93689307,906.62584871,6131022.9759081
2010-09-22 09:15:00,NSE:LT,906.62584871,914.38147973,874.84794382,885.18131849,4561492.25403098
2010-09-23 09:15:00,NSE:LT,888.003552,895.55913778,873.33682667,888.13688587,2538093.34762661
2010-09-24 09:15:00,NSE:LT,889.44800222,899.42581991,882.27019573,897.4035896,2791298.33480666
2010-09-27 09:15:00,NSE:LT,913.2036528,913.2036528,898.003592,900.8036032,2639102.19359123
2010-09-28 09:15:00,NSE:LT,902.27027573,912.2036488,897.78136889,909.93697307,2439464.99214003
2010-09-29 09:15:00,NSE:LT,911.11475556,913.64809902,901.33693867,906.8036272,2400576.14769541
2010-09-30 09:15:00,NSE:LT,905.78140089,920.00368,894.67024533,912.51471671,2514461.69215323
2010-10-01 09:15:00,NSE:LT,916.003664,936.8037472,911.11475556,932.73701982,3206032.4258703
2010-10-04 09:15:00,NSE:LT,936.89263644,942.18150204,913.42587591,918.89256444,2183281.01687593
2010-10-05 09:15:00,NSE:LT,918.89256444,926.67037333,908.22585511,912.60369484,1689297.74280903
2010-10-06 09:15:00,NSE:LT,919.95919093,926.38152773,917.93704951,921.07030649,1010394.45842217
2010-10-07 09:15:00,NSE:LT,924.44814222,924.44814222,900.44804622,905.22584311,1826225.44509822
2010-10-08 09:15:00,NSE:LT,907.33696267,919.58145609,900.04804462,908.15918818,1945065.46973812
2010-10-11 09:15:00,NSE:LT,898.22581511,917.78144889,863.31456436,905.78140089,1192128.48148607
2010-10-12 09:15:00,NSE:LT,906.73696027,906.73696027,882.22575111,888.67022133,2013496.69601322
2010-10-13 09:15:00,NSE:LT,884.44798222,929.64816302,882.35908498,923.60373884,3789002.84398862
2010-10-14 09:15:00,NSE:LT,925.78148089,928.44815822,890.67022933,894.24802142,3678910.78435686
2010-10-15 09:15:00,NSE:LT,899.33693067,899.93693307,878.67018133,883.82575751,2230814.32674269
2010-10-18 09:15:00,NSE:LT,883.82575751,898.58137209,856.93676107,895.73691627,6507950.46819813
2010-10-19 09:15:00,NSE:LT,905.78140089,905.78140089,882.78130889,887.02577031,2547815.55873777
2010-10-20 09:15:00,NSE:LT,883.55908978,901.78138489,882.58130809,891.11467556,1966267.13493146
2010-10-21 09:15:00,NSE:LT,893.33690667,910.67030933,891.11467556,908.09252124,1909679.86128055
2010-10-22 09:15:00,NSE:LT,904.91473076,907.69251964,888.95911138,897.49247884,995290.26883892
2010-10-25 09:15:00,NSE:LT,902.22583111,908.89252444,896.89247644,904.29250604,2130480.47807809
2010-10-26 09:15:00,NSE:LT,903.55916978,910.98142169,895.55913778,906.91473876,1435406.50837397
2010-10-27 09:15:00,NSE:LT,905.75917858,905.75917858,890.13689387,894.84802382,1282760.36895852
2010-10-28 09:15:00,NSE:LT,897.33692267,906.89251644,882.82575351,889.13688987,4552294.29082284
2010-10-29 09:15:00,NSE:LT,890.22578311,905.31473236,888.93688907,901.24804942,2605154.32938268
2010-11-01 09:15:00,NSE:LT,908.44807822,930.22594311,908.44807822,926.24814942,3896327.41469034
2010-11-02 09:15:00,NSE:LT,926.18143804,950.84820338,925.15930062,948.09268124,4719036.62385351
2010-11-03 09:15:00,NSE:LT,950.82606996,957.78160889,940.89265244,955.07044249,2535640.85743657
2010-11-04 09:15:00,NSE:LT,957.89272044,983.42615591,957.78160889,965.31497236,2436724.50310199
2010-11-05 09:15:00,NSE:LT,969.18161004,974.003896,960.13717387,965.18159404,228250.33699865
2010-11-08 09:15:00,NSE:LT,965.33719467,972.89278044,948.44823822,960.24828542,1887706.4491742
2010-11-09 09:15:00,NSE:LT,960.89273244,968.89276444,950.0038,965.7150184,1232421.32031472
2010-11-10 09:15:00,NSE:LT,965.78164089,966.67053333,953.38163573,961.53717947,1012522.9499082
2010-11-11 09:15:00,NSE:LT,957.82609796,963.8038552,943.78155289,945.95929493,1658304.11678353
2010-11-12 09:15:00,NSE:LT,940.00376,944.003776,921.35924098,924.55925378,2681645.02341991
2010-11-15 09:15:00,NSE:LT,924.003696,929.33705067,908.89252444,926.58148409,1468362.12655149
2010-11-16 09:15:00,NSE:LT,928.003712,928.003712,888.89244444,891.35912098,3144058.67376531
2010-11-18 09:15:00,NSE:LT,893.33690667,911.11475556,886.89243644,905.93695707,2716756.13297547
2010-11-19 09:15:00,NSE:LT,908.4036336,923.91480676,902.33694267,910.49257529,3840770.63691745
2010-11-22 09:15:00,NSE:LT,912.44809422,917.78144889,904.67028533,908.6036344,1380587.72764909
2010-11-23 09:15:00,NSE:LT,902.22583111,914.02587831,884.44798222,910.67030933,2276754.64298143
2010-11-24 09:15:00,NSE:LT,905.38139929,906.67029333,889.38133529,896.4035856,2580231.17907528
2010-11-25 09:15:00,NSE:LT,897.78136889,898.67026133,842.11447956,859.62566071,4548964.30414278
2010-11-26 09:15:00,NSE:LT,867.11457956,876.89239644,848.89228444,860.95899938,2993077.52768989
2010-11-29 09:15:00,NSE:LT,864.44790222,879.91463076,862.22567111,873.29238204,1327339.44064224
2010-11-30 09:15:00,NSE:LT,873.29238204,873.29238204,852.003408,866.69235564,2439361.49255403
2010-12-01 09:15:00,NSE:LT,867.55902578,908.89252444,864.27012373,901.91471876,2268058.42776629
2010-12-02 09:15:00,NSE:LT,907.69251964,917.33700267,891.11467556,895.58136009,2625494.24802301
2010-12-03 09:15:00,NSE:LT,895.55913778,904.31472836,887.11465956,898.38137129,1680270.77891688
2010-12-06 09:15:00,NSE:LT,897.78136889,911.55920178,888.44799822,893.07023893,1496592.76362895
2010-12-07 09:15:00,NSE:LT,893.33690667,901.24804942,878.73684827,896.22580711,1552520.78991684
2010-12-08 09:15:00,NSE:LT,898.44803822,898.44803822,882.22575111,886.29243404,2058190.51723793
2010-12-09 09:15:00,NSE:LT,892.89246044,894.04802062,858.22565511,862.38122729,2073011.20795517
2010-12-10 09:15:00,NSE:LT,862.13678187,880.89241244,853.33674667,863.89234444,3772395.66041736
2010-12-13 09:15:00,NSE:LT,871.11459556,877.78128889,852.69229964,872.15904418,2777501.38999444
2010-12-14 09:15:00,NSE:LT,876.44795022,892.003568,875.55905778,888.82577751,1793056.07777569
2010-12-15 09:15:00,NSE:LT,887.55910578,897.78136889,881.4035256,888.6035544,2239238.29304683
2010-12-16 09:15:00,NSE:LT,891.11467556,891.11467556,876.49239484,881.47019253,1933475.76609694
2010-12-20 09:15:00,NSE:LT,884.89242844,894.15913218,875.55905778,879.22573911,2291847.58260967
2010-12-21 09:15:00,NSE:LT,880.89241244,886.67021333,872.44793422,877.91462276,1393939.1742433
2010-12-22 09:15:00,NSE:LT,880.44796622,884.13686987,864.51456916,868.98125369,1472371.61051356
2010-12-23 09:15:00,NSE:LT,869.78125689,875.31461236,856.49231484,860.07010693,1899053.15378739
2010-12-24 09:15:00,NSE:LT,857.78120889,873.2034928,857.73676427,871.2034848,1392825.42869829
2010-12-27 09:15:00,NSE:LT,872.75904658,882.67019733,863.38123129,866.67013333,1314822.74070904
2010-12-28 09:15:00,NSE:LT,871.55904178,871.55904178,860.00344,862.11455956,1326830.94267623
2010-12-29 09:15:00,NSE:LT,865.78124089,871.82570951,860.13677387,869.64792302,923610.05555978
2010-12-30 09:15:00,NSE:LT,864.89234844,879.95907538,864.89234844,877.98128969,1954522.18191127
2010-12-31 09:15:00,NSE:LT,883.11464356,890.22578311,877.78128889,879.67018533,1729923.58030568
2011-01-03 09:15:00,NSE:LT,882.38130729,885.91465476,875.55905778,880.22574311,1478529.83588066
2011-01-04 09:15:00,NSE:LT,884.44798222,885.47020853,870.89237244,878.04795662,1810293.25882696
2011-01-05 09:15:00,NSE:LT,880.93685707,888.003552,851.2034048,857.11453956,3261438.45424618
2011-01-06 09:15:00,NSE:LT,864.44790222,864.44790222,832.89222044,834.62556071,4125446.24821501
2011-01-07 09:15:00,NSE:LT,831.11443556,834.13666987,812.44769422,820.55883778,2917212.33115068
2011-01-10 09:15:00,NSE:LT,817.78104889,818.98105369,783.26979973,791.44761022,4401731.64307343
2011-01-11 09:15:00,NSE:LT,792.89206044,801.95876338,781.35868098,791.31427636,5237115.05153979
2011-01-12 09:15:00,NSE:LT,800.0032,800.0032,768.09196124,782.29201804,7337785.3988584
2011-01-13 09:15:00,NSE:LT,786.66981333,793.33650667,768.89196444,777.003108,4601584.84366063
2011-01-14 09:15:00,NSE:LT,780.00312,781.64757102,752.84745582,760.02526231,6219749.12100352
2011-01-17 09:15:00,NSE:LT,762.66971733,770.09196924,737.78072889,746.53631947,7212523.8999044
2011-01-18 09:15:00,NSE:LT,750.04744462,754.33635067,740.00296,748.44743822,3374752.50099
2011-01-19 09:15:00,NSE:LT,751.11411556,753.2030128,729.46958453,734.002936,4831394.4244223
2011-01-20 09:15:00,NSE:LT,732.66959733,741.93630107,729.38069529,736.06961093,3892326.93069228
2011-01-21 09:15:00,NSE:LT,738.66962133,742.22519111,727.55846578,733.09182124,3417720.57911768
2011-01-24 09:15:00,NSE:LT,740.00296,742.22519111,731.86959413,737.26961573,3100586.59765361
2011-01-25 09:15:00,NSE:LT,749.33633067,755.55857778,737.78072889,740.75851858,5373082.00767197
2011-01-27 09:15:00,NSE:LT,747.55854578,748.44743822,726.22512711,731.26959173,4441203.23518706
2011-01-28 09:15:00,NSE:LT,731.11403556,733.33626667,708.18061049,714.35841298,4194518.72192511
2011-01-31 09:15:00,NSE:LT,711.06951093,732.6029304,698.95835138,729.38069529,3201181.44527422
2011-02-01 09:15:00,NSE:LT,733.33626667,738.84739982,696.55834178,701.55836178,6206282.9248683
2011-02-02 09:15:00,NSE:LT,710.22506311,711.42506791,695.55833778,699.33613067,3391715.18313927
2011-02-03 09:15:00,NSE:LT,696.002784,728.84735982,693.33610667,724.71400996,5758665.21533914
2011-02-04 09:15:00,NSE:LT,726.22512711,726.22512711,692.44721422,697.8027912,3790078.33968664
2011-02-07 09:15:00,NSE:LT,702.22503111,704.44726222,682.53606347,684.11384756,3455376.42849429
2011-02-08 09:15:00,NSE:LT,687.26941573,687.95830738,668.44711822,669.73601227,3494609.52156191
2011-02-09 09:15:00,NSE:LT,669.73601227,683.55828978,653.8026152,658.6026344,5214831.14067544
2011-02-10 09:15:00,NSE:LT,655.71373396,672.44713422,649.33593067,662.98042969,6364092.79362883
2011-02-11 09:15:00,NSE:LT,664.44710222,697.2027888,664.44710222,691.6027664,3785891.10643557
2011-02-14 09:15:00,NSE:LT,694.38055529,742.22519111,694.38055529,737.84739582,6076584.44366222
2011-02-15 09:15:00,NSE:LT,742.22519111,750.64744702,718.22509511,722.11399956,3955630.42747829
2011-02-16 09:15:00,NSE:LT,726.66957333,737.69183964,724.93623307,735.33627467,2497780.25887896
2011-02-17 09:15:00,NSE:LT,740.84740782,755.55857778,727.53624347,753.53634747,3822968.70812517
2011-02-18 09:15:00,NSE:LT,756.02524631,766.66973333,725.4029016,728.51402516,3901306.64477342
2011-02-21 09:15:00,NSE:LT,734.53627147,746.002984,715.82508551,734.38071529,3571388.21444714
2011-02-22 09:15:00,NSE:LT,728.89180444,728.89180444,710.26950773,713.71396596,2874698.75120499
2011-02-23 09:15:00,NSE:LT,711.26951173,722.89178044,709.78061689,711.53617947,2230872.82650869
2011-02-24 09:15:00,NSE:LT,711.11395556,711.11395556,671.11379556,673.95825138,6143278.67688529
2011-02-25 09:15:00,NSE:LT,683.75829058,687.11385956,657.91374276,672.86935813,5492288.78084488
2011-02-28 09:15:00,NSE:LT,680.89161244,708.44727822,674.82492151,679.09160524,6935055.00977996
2011-03-01 09:15:00,NSE:LT,685.86941013,721.33621867,684.44718222,716.11397556,4832769.16892332
2011-03-03 09:15:00,NSE:LT,713.13618587,745.2029808,704.42503991,739.89184844,6411513.60394559
2011-03-04 09:15:00,NSE:LT,746.66965333,747.78076889,713.78063289,715.91397476,5027958.13816745
2011-03-07 09:15:00,NSE:LT,710.98062169,710.98062169,686.82496951,697.8027912,4015583.68766525
2011-03-08 09:15:00,NSE:LT,700.04724462,710.22506311,689.11386756,695.62500471,4105369.57852169
2011-03-09 09:15:00,NSE:LT,702.22503111,704.84726382,692.26943573,697.98056969,2121212.76514894
2011-03-10 09:15:00,NSE:LT,696.89167644,696.89167644,686.66941333,690.75831858,2059990.51003796
2011-03-11 09:15:00,NSE:LT,684.46940453,698.58057209,681.38050329,685.15829618,2587008.15196739
2011-03-14 09:15:00,NSE:LT,684.44718222,695.55833778,680.51383316,694.29166604,2048731.55507378
2011-03-15 09:15:00,NSE:LT,684.44718222,690.62498471,669.75823458,677.33604267,3840694.13722345
2011-03-16 09:15:00,NSE:LT,679.42493991,691.06943093,679.42493991,685.66940933,3242999.77800089
2011-03-17 09:15:00,NSE:LT,675.55825778,691.09165324,675.55825778,676.95826338,2149004.65398138
2011-03-18 09:15:00,NSE:LT,680.58050009,684.04718062,671.11379556,673.86936213,2309948.76020496
2011-03-21 09:15:00,NSE:LT,678.66938133,680.26938773,667.64711502,669.46934453,2223807.85476858
2011-03-22 09:15:00,NSE:LT,675.11381156,679.95827538,672.44713422,675.98048169,1504249.48300207
2011-03-23 09:15:00,NSE:LT,676.75826258,684.26940373,673.93602907,680.29161004,2625467.24813101
2011-03-24 09:15:00,NSE:LT,685.33607467,691.78054489,684.44718222,688.78053289,2654883.63046548
2011-03-25 09:15:00,NSE:LT,693.33610667,714.58063609,693.33610667,710.4028416,4286689.60324159
2011-03-28 09:15:00,NSE:LT,711.55840178,737.78072889,711.55840178,728.15846818,6824875.2004992
2011-03-29 09:15:00,NSE:LT,730.02514231,746.66965333,724.93623307,731.95848338,5168314.82674069
2011-03-30 09:15:00,NSE:LT,735.15849618,751.53633947,733.35848898,736.29183404,6342762.87894849
2011-03-31 09:15:00,NSE:LT,740.00296,754.02523831,731.6029264,734.18071449,9210713.90714437
2011-04-01 09:15:00,NSE:LT,741.55852178,744.8029792,729.89180844,732.02515031,3182360.27055892
2011-04-04 09:15:00,NSE:LT,737.73628427,753.33634667,730.38069929,750.8030032,3494485.77205691
2011-04-05 09:15:00,NSE:LT,754.22523911,757.78080889,736.93628107,741.11407556,3508822.71470914
2011-04-06 09:15:00,NSE:LT,737.78072889,745.29187004,732.002928,735.8029432,3454179.43328227
2011-04-07 09:15:00,NSE:LT,736.93628107,745.11409156,732.002928,742.002968,3520997.41601034
2011-04-08 09:15:00,NSE:LT,744.44742222,752.89190044,734.66960533,745.98076169,4908182.11727153
2011-04-11 09:15:00,NSE:LT,736.58072409,751.06967093,736.58072409,741.38074329,2400900.14639941
2011-04-13 09:15:00,NSE:LT,733.93626907,889.64800302,731.15848018,763.46972053,5485932.55626977
2011-04-15 09:15:00,NSE:LT,761.04748862,785.78092089,758.26969973,767.84751582,6036273.60490558
2011-04-18 09:15:00,NSE:LT,773.33642667,785.26980773,740.62518471,745.84742782,5653127.13749145
2011-04-19 09:15:00,NSE:LT,739.11406756,760.00304,738.22517511,757.4030296,3598316.10673557
2011-04-20 09:15:00,NSE:LT,764.49194684,767.38084729,747.06965493,758.29192204,3265974.43610226
2011-04-21 09:15:00,NSE:LT,764.44750222,768.89196444,752.26967573,758.78081289,2849253.60298559
2011-04-25 09:15:00,NSE:LT,754.71412996,771.11419556,753.46968053,765.91417476,2182225.77109692
2011-04-26 09:15:00,NSE:LT,766.95862338,768.66974133,747.22521111,761.49193484,2296968.56212575
2011-04-27 09:15:00,NSE:LT,762.22527111,766.64751102,748.89188444,749.93633307,1890635.93745625
2011-04-28 09:15:00,NSE:LT,754.66968533,757.18080649,734.49182684,737.84739582,3009542.96182815
2011-04-29 09:15:00,NSE:LT,739.86962613,742.98074969,706.66949333,709.13616987,4104478.58208567
2011-05-02 09:15:00,NSE:LT,715.55841778,716.75842258,692.93610507,713.2028528,2658884.11446354
2011-05-03 09:15:00,NSE:LT,711.33617867,712.86951813,680.18049849,683.29162204,4947185.71125715
2011-05-04 09:15:00,NSE:LT,685.2027408,689.95831538,678.46938053,685.29163004,3056585.77365691
2011-05-05 09:15:00,NSE:LT,688.44719822,696.89167644,677.8027112,681.13605787,2940522.23791105
2011-05-06 09:15:00,NSE:LT,688.31386436,697.29167804,683.55828978,687.15830418,2961442.65422938
2011-05-09 09:15:00,NSE:LT,688.89164444,693.62499671,680.22494311,689.26942373,2071177.46529014
2011-05-10 09:15:00,NSE:LT,688.44719822,695.51389316,681.78050489,685.31385236,1498766.25493498
2011-05-11 09:15:00,NSE:LT,684.93607307,687.4027496,674.89158844,676.73604027,2003250.23699905
2011-05-12 09:15:00,NSE:LT,676.8027072,682.98050969,666.66933333,667.22489111,3766068.68572526
2011-05-13 09:15:00,NSE:LT,670.44712622,688.84719982,662.24709342,679.33605067,3839974.14010344
2011-05-16 09:15:00,NSE:LT,679.55827378,683.95829138,671.64713102,674.15825218,2306051.7757929
2011-05-17 09:15:00,NSE:LT,674.75825458,683.33606667,666.66933333,669.13600987,2714371.14251543
2011-05-18 09:15:00,NSE:LT,672.13602187,678.002712,667.38044729,669.78045689,2534983.86006456
2011-05-19 09:15:00,NSE:LT,673.33602667,715.55841778,655.33595467,708.82505751,18927293.29082684
2011-05-20 09:15:00,NSE:LT,716.002864,742.22519111,716.002864,734.33627067,11148082.15767137
2011-05-23 09:15:00,NSE:LT,731.6029264,731.6029264,715.6028624,716.66953333,3812420.750317
2011-05-24 09:15:00,NSE:LT,712.49173884,735.42516391,712.49173884,730.00292,4869471.02211591
2011-05-25 09:15:00,NSE:LT,729.11402756,730.00292,703.42503591,713.11396356,4163979.59408162
2011-05-26 09:15:00,NSE:LT,715.6028624,732.8029312,708.75839058,728.15846818,4982611.81955272
2011-05-27 09:15:00,NSE:LT,726.75846258,740.00296,723.55844978,728.13624587,2230128.07948768
2011-05-30 09:15:00,NSE:LT,733.31404436,735.42516391,721.55844178,724.86956613,2061356.25457498
2011-05-31 09:15:00,NSE:LT,727.33624267,736.11405556,725.98068169,729.93625307,3108880.06447974
2011-06-01 09:15:00,NSE:LT,729.78069689,750.66966933,729.58069609,748.86966213,4219682.62126952
2011-06-02 09:15:00,NSE:LT,740.09184924,745.66964933,735.22516311,743.15852818,3224484.60206159
2011-06-03 09:15:00,NSE:LT,747.11409956,764.31416836,746.89187644,761.22526711,6236963.80214479
2011-06-06 09:15:00,NSE:LT,755.55857778,771.58086409,755.15857618,767.91418276,2770537.66784933
2011-06-07 09:15:00,NSE:LT,765.09194924,767.29195804,754.44746222,758.04747662,2802714.78914084
2011-06-08 09:15:00,NSE:LT,756.8030272,763.11416356,752.69189964,756.75858258,1610471.55811377
2011-06-09 09:15:00,NSE:LT,755.46968853,770.53641547,752.44745422,767.09195724,2912062.10175159
2011-06-10 09:15:00,NSE:LT,764.46972453,769.29196604,745.8029832,752.91412276,3212008.40196639
2011-06-13 09:15:00,NSE:LT,751.06967093,761.29193404,745.18075849,759.06970293,1973503.10598758
2011-06-14 09:15:00,NSE:LT,760.06970693,770.53641547,760.06970693,767.75862658,1774504.90198039
2011-06-15 09:15:00,NSE:LT,768.26973973,769.46974453,759.38081529,763.51416516,1409160.36335855
2011-06-16 09:15:00,NSE:LT,755.55857778,759.31414836,743.26963973,745.82520551,2299549.30180279
2011-06-17 09:15:00,NSE:LT,747.26965573,753.02523431,738.66962133,746.62520871,1702055.19177923
2011-06-20 09:15:00,NSE:LT,745.78076089,754.49190684,730.95847938,738.13628587,2854712.08115168
2011-06-21 09:15:00,NSE:LT,738.75851058,746.64743102,724.66956533,730.02514231,2035130.35947856
2011-06-22 09:15:00,NSE:LT,734.71404996,743.89186444,732.44737422,734.93627307,2015944.68622126
2011-06-23 09:15:00,NSE:LT,735.55849778,745.22520311,728.89180444,741.38074329,1817688.97924408
2011-06-24 09:15:00,NSE:LT,746.66965333,775.55865778,745.8029832,773.09198124,4067596.72961308
2011-06-27 09:15:00,NSE:LT,764.003056,795.55873778,764.003056,794.003176,4865958.78616486
2011-06-28 09:15:00,NSE:LT,795.84762782,801.95876338,788.91426676,800.4032016,5150371.14851541
2011-06-29 09:15:00,NSE:LT,802.22543111,804.44766222,794.29206604,800.09208924,3296542.81382874
2011-06-30 09:15:00,NSE:LT,808.44767822,815.49215084,798.71430596,810.55879778,4361283.55486578
2011-07-01 09:15:00,NSE:LT,821.66995333,821.78106489,800.98098169,803.33654667,1984838.56064576
2011-07-04 09:15:00,NSE:LT,810.09212924,811.11435556,791.11427556,795.64762702,2675057.0497718
2011-07-05 09:15:00,NSE:LT,799.55875378,804.73655227,791.75872258,796.26985173,1991437.78424886
2011-07-06 09:15:00,NSE:LT,793.89206444,808.84767982,793.89206444,802.93654507,2167157.58136967
2011-07-07 09:15:00,NSE:LT,804.44766222,830.22554311,803.13654587,828.2033128,3999390.50243799
2011-07-08 09:15:00,NSE:LT,828.44775822,830.42554391,810.55879778,816.26993173,2738959.04416382
2011-07-11 09:15:00,NSE:LT,813.29214204,821.91439876,810.04768462,814.58103609,1775040.3998384
2011-07-12 09:15:00,NSE:LT,805.46988853,810.55879778,785.78092089,790.73649627,3227281.34087464
2011-07-13 09:15:00,NSE:LT,795.62540471,803.02543431,793.33650667,800.22542311,1931774.77290091
2011-07-14 09:15:00,NSE:LT,798.66986133,818.82549751,791.58094409,808.2032328,3232177.32129071
2011-07-15 09:15:00,NSE:LT,808.003232,813.29214204,800.55875778,810.24768542,2054192.28323087
2011-07-18 09:15:00,NSE:LT,811.11435556,811.11435556,794.22539911,796.69207564,2100076.3496946
2011-07-19 09:15:00,NSE:LT,795.95873938,809.33657067,791.66983333,806.51433716,2144511.42195431
2011-07-20 09:15:00,NSE:LT,808.89212444,812.89214044,797.78096889,801.11431556,2066645.98341607
2011-07-21 09:15:00,NSE:LT,800.0032,806.44767022,793.93650907,795.35873698,3153186.88725245
2011-07-22 09:15:00,NSE:LT,801.58098409,813.33658667,798.75875058,812.11435956,1879568.23172707
2011-07-25 09:15:00,NSE:LT,808.11434356,825.91441476,808.06989893,823.26995973,1897788.65884536
2011-07-26 09:15:00,NSE:LT,824.003296,828.66998133,788.2031528,790.35871698,4202636.68945324
2011-07-27 09:15:00,NSE:LT,792.09205724,797.93652507,771.15864018,781.69201564,3477545.58981764
2011-07-28 09:15:00,NSE:LT,777.33644267,779.42533991,767.6030704,773.44753822,2498369.75652097
2011-07-29 09:15:00,NSE:LT,771.55864178,778.22533511,763.62527671,766.91417876,2020500.91799633
2011-08-01 09:15:00,NSE:LT,771.55864178,785.44758622,771.55864178,784.003136,1771915.16233935
2011-08-02 09:15:00,NSE:LT,781.33645867,783.06979893,764.44750222,770.69197164,1774567.90172839
2011-08-03 09:15:00,NSE:LT,763.55860978,763.55860978,733.78071289,737.22517111,6375504.74798101
2011-08-04 09:15:00,NSE:LT,741.33629867,743.22519511,730.00292,732.71404196,2753896.73441306
2011-08-05 09:15:00,NSE:LT,719.49176684,731.11403556,698.35834898,728.29180204,4570694.71722113
2011-08-08 09:15:00,NSE:LT,706.66949333,744.04742062,704.44726222,725.0029,7153522.38591046
2011-08-09 09:15:00,NSE:LT,696.22500711,736.44739022,696.22500711,716.44731022,6592181.13127547
2011-08-10 09:15:00,NSE:LT,733.33626667,739.02517831,723.78067289,736.62516871,3323313.20674717
2011-08-11 09:15:00,NSE:LT,733.33626667,737.78072889,725.33623467,729.06958293,2138197.94720821
2011-08-12 09:15:00,NSE:LT,738.66962133,741.33629867,722.6028904,731.93626107,2999364.00254399
2011-08-16 09:15:00,NSE:LT,738.75851058,741.78074489,715.55841778,722.22511111,2738349.29660281
2011-08-17 09:15:00,NSE:LT,720.58066009,735.11405156,712.95840738,730.4029216,3086686.15325539
2011-08-18 09:15:00,NSE:LT,732.44737422,733.04737662,720.46954853,723.55844978,2878233.48706605
2011-08-19 09:15:00,NSE:LT,711.11395556,712.44729422,684.44718222,686.91385876,6431043.5258259
2011-08-22 09:15:00,NSE:LT,688.04719662,699.55835378,674.73603227,694.22499911,3630162.47935008
2011-08-23 09:15:00,NSE:LT,700.15835618,711.02506631,694.58055609,707.93616507,2935171.75931296
2011-08-24 09:15:00,NSE:LT,708.44727822,715.42508391,684.89162844,692.46943653,2945598.21760713
2011-08-25 09:15:00,NSE:LT,692.09165724,697.29167804,677.38048729,687.33608267,4280511.12795549
2011-08-26 09:15:00,NSE:LT,689.55831378,697.33612267,677.78048889,680.6027224,4128701.98519206
2011-08-29 09:15:00,NSE:LT,692.002768,727.75846658,685.6027424,717.44731422,4091361.13455546
2011-08-30 09:15:00,NSE:LT,723.33622667,732.002928,698.4027936,715.09174924,4570231.21907512
2011-09-02 09:15:00,NSE:LT,722.09177724,722.22511111,705.53615547,715.24730542,3198461.20615518
2011-09-05 09:15:00,NSE:LT,704.002816,726.22512711,702.22503111,722.33622267,3969762.62094952
2011-09-06 09:15:00,NSE:LT,720.04732462,732.89182044,711.93618107,730.8029232,3606830.07267971
2011-09-07 09:15:00,NSE:LT,730.73625627,752.84745582,730.73625627,746.69187564,4741455.53417786
2011-09-08 09:15:00,NSE:LT,750.66966933,765.78084089,735.6029424,760.55859778,5243741.2750349
2011-09-09 09:15:00,NSE:LT,757.8030312,761.78082489,746.06965093,752.24745342,4400827.14669141
2011-09-12 09:15:00,NSE:LT,740.00296,742.22519111,722.66955733,731.31403636,3986223.55510578
2011-09-13 09:15:00,NSE:LT,731.11403556,743.58075209,721.78066489,726.6029064,1956243.4250263
2011-09-14 09:15:00,NSE:LT,727.64735502,728.89180444,709.38061529,714.95841538,4403029.88788045
2011-09-15 09:15:00,NSE:LT,720.4028816,720.4028816,700.06946693,706.95838338,4613469.29612282
2011-09-16 09:15:00,NSE:LT,712.06951493,725.51401316,709.82506151,715.02508231,4003647.48541006
2011-09-19 09:15:00,NSE:LT,710.22506311,710.22506311,693.31388436,693.89166444,4533979.36408254
2011-09-20 09:15:00,NSE:LT,695.11389156,698.93612907,689.33609067,694.62500071,5632184.22126312
2011-09-21 09:15:00,NSE:LT,696.31389636,706.22504711,690.29165004,692.89166044,3408425.86629654
2011-09-22 09:15:00,NSE:LT,685.6027424,685.6027424,657.82485351,662.91376276,7750465.24813901
2011-09-23 09:15:00,NSE:LT,657.78040889,657.78040889,640.04700462,645.00258,6487412.5503498
2011-09-26 09:15:00,NSE:LT,646.22480711,647.55814578,626.66917333,634.02475831,4349484.60206159
2011-09-27 09:15:00,NSE:LT,646.71369796,649.78037689,640.89145244,642.51368116,2792261.33095468
2011-09-28 09:15:00,NSE:LT,646.13591787,646.38036329,622.24693342,623.86916213,4059859.01056396
2011-09-29 09:15:00,NSE:LT,623.02471431,623.02471431,599.4023976,608.66910133,9596652.61338955
2011-09-30 09:15:00,NSE:LT,609.33577067,621.51359716,600.35795698,603.38019129,6847687.85924856
2011-10-03 09:15:00,NSE:LT,597.2023888,597.22461111,578.95787138,586.31345636,5427637.53944984
2011-10-04 09:15:00,NSE:LT,584.89122844,606.002424,582.73566427,594.98015769,6583853.91458434
2011-10-05 09:15:00,NSE:LT,600.0024,607.78020889,595.18015849,596.91349876,3468748.1250075
2011-10-07 09:15:00,NSE:LT,613.78023289,621.55804178,611.11355556,619.18025449,3980560.32775869
2011-10-10 09:15:00,NSE:LT,619.11358756,622.55804578,608.06909893,615.69135164,3331860.92255631
2011-10-11 09:15:00,NSE:LT,622.66915733,633.29142204,622.66915733,626.58028409,3042032.83186867
2011-10-12 09:15:00,NSE:LT,631.11363556,643.24701742,623.73582827,641.6025664,3873568.75572498
2011-10-13 09:15:00,NSE:LT,643.55812978,644.44702222,628.002512,630.71363396,2629654.48138207
2011-10-14 09:15:00,NSE:LT,628.44695822,635.04698462,621.78026489,625.58028009,3309757.01097196
2011-10-17 09:15:00,NSE:LT,630.00252,630.62474471,611.26911173,613.4024536,2715491.63803345
2011-10-18 09:15:00,NSE:LT,605.78020089,606.89131644,595.15793618,599.42461991,3575458.44816621
2011-10-19 09:15:00,NSE:LT,604.44686222,624.35805298,602.93574507,622.24693342,4050690.29723881
2011-10-20 09:15:00,NSE:LT,614.58023609,617.33580267,609.42465991,615.64690702,3491072.53570986
2011-10-21 09:15:00,NSE:LT,615.55801778,630.18029849,588.89124444,593.46904053,13013887.19445122
2011-10-24 09:15:00,NSE:LT,599.95795538,600.0024,573.78007289,575.22452311,9524299.65280139
2011-10-25 09:15:00,NSE:LT,574.82452151,596.002384,563.4022536,594.24682142,10888410.69635721
2011-10-26 09:15:00,NSE:LT,599.55795378,602.2024088,595.55793778,600.33573467,1245129.26948292
2011-10-28 09:15:00,NSE:LT,615.51357316,632.002528,613.84689982,629.78029689,6231242.0750317
2011-10-31 09:15:00,NSE:LT,629.78029689,635.11365156,623.29138204,628.06917893,3296122.06551174
2011-11-01 09:15:00,NSE:LT,620.00248,620.44692622,612.44689422,617.8024712,4145450.91819633
2011-11-02 09:15:00,NSE:LT,611.11355556,622.002488,607.42465191,617.75802658,4977803.58878564
2011-11-03 09:15:00,NSE:LT,615.15801618,617.33580267,605.06908693,613.44689822,4186265.75493698
2011-11-04 09:15:00,NSE:LT,622.11359956,624.84694382,616.26913173,619.42469991,3629800.23079908
2011-11-08 09:15:00,NSE:LT,622.66915733,624.44694222,612.69133964,618.93580907,3537006.10197559
2011-11-09 09:15:00,NSE:LT,622.66915733,622.66915733,608.46910053,610.78022089,3021067.41573034
2011-11-11 09:15:00,NSE:LT,607.55798578,608.35798898,587.78012889,591.29125404,4496235.76505694
2011-11-14 09:15:00,NSE:LT,599.55795378,599.95795538,586.66901333,589.71346996,3099821.6007136
2011-11-15 09:15:00,NSE:LT,589.33569067,595.46904853,566.89115644,572.62451271,3474296.60281359
2011-11-16 09:15:00,NSE:LT,567.51338116,567.51338116,544.002176,549.55775378,7832083.67166531
2011-11-17 09:15:00,NSE:LT,548.002192,557.69111964,542.37994729,547.89108044,5588730.14507942
2011-11-18 09:15:00,NSE:LT,546.22440711,556.86889413,533.82435751,553.15776818,6318548.4758061
2011-11-21 09:15:00,NSE:LT,555.11333156,561.6022464,542.22439111,545.53551547,5830946.1762153
2011-11-22 09:15:00,NSE:LT,546.66885333,552.75776658,542.8021712,545.37995929,3818666.7253331
2011-11-23 09:15:00,NSE:LT,541.33549867,546.66885333,525.55765778,528.55766978,5963389.64644141
2011-11-24 09:15:00,NSE:LT,528.89100444,546.57996409,521.89097644,544.002176,8078750.18499926
2011-11-25 09:15:00,NSE:LT,540.89105244,571.46895253,537.77992889,562.64669502,8496494.76402094
2011-11-28 09:15:00,NSE:LT,570.66894933,575.91341476,560.09112924,568.73560827,4008160.96735613
2011-11-29 09:15:00,NSE:LT,568.89116444,573.09118124,559.18001449,567.6022704,4488990.79403682
2011-11-30 09:15:00,NSE:LT,562.66891733,567.78004889,555.6022224,565.4022616,4421135.56545774
2011-12-01 09:15:00,NSE:LT,580.44676622,589.29124604,571.78006489,575.38007929,5102239.34104264
2011-12-02 09:15:00,NSE:LT,576.8023072,584.09122524,568.11338356,582.35788498,3821996.71201315
2011-12-05 09:15:00,NSE:LT,579.11342756,588.42457591,575.11341156,584.73567227,3181818.02272791
2011-12-07 09:15:00,NSE:LT,584.44678222,593.33570667,581.24676942,591.93570107,3292240.83103668
2011-12-08 09:15:00,NSE:LT,588.89124444,591.11347556,556.31333636,560.13557387,5225181.0992756
2011-12-09 09:15:00,NSE:LT,553.24665742,557.46889653,541.46883253,545.26884773,5142109.18156327
2011-12-12 09:15:00,NSE:LT,551.17998249,552.04665262,527.64655502,531.35768098,5178995.53401786
2011-12-13 09:15:00,NSE:LT,526.75766258,527.44655422,512.89094044,520.29097004,5621753.26298695
2011-12-14 09:15:00,NSE:LT,517.15762418,530.62434471,513.77983289,515.46872853,5109302.06279175
2011-12-15 09:15:00,NSE:LT,511.95760338,514.02427831,494.49086684,503.6020144,6545505.06797973
2011-12-16 09:15:00,NSE:LT,509.6020384,512.89094044,471.11299556,476.73524027,9478642.83542866
2011-12-19 09:15:00,NSE:LT,474.22411911,474.22411911,455.6018224,459.06850293,7771534.16386334
2011-12-20 09:15:00,NSE:LT,457.02405031,458.97961369,431.33505867,434.53507591,12356046.0758157
2011-12-21 09:15:00,NSE:LT,444.001776,449.33513067,430.73506516,444.3128928,14205394.67842129
2011-12-22 09:15:00,NSE:LT,443.11288356,452.2018088,434.71284107,446.57956409,9982107.57156971
2011-12-23 09:15:00,NSE:LT,453.29070204,463.86852213,444.001776,448.37957129,8273068.40772637
2011-12-26 09:15:00,NSE:LT,451.44625022,459.44628222,450.66846933,455.97960169,2640620.93751625
2011-12-27 09:15:00,NSE:LT,457.06849493,466.44631022,453.33514667,457.77960889,5180197.02921188
2011-12-28 09:15:00,NSE:LT,455.11293156,459.69072764,447.6017904,457.49071884,3220259.11896352
2011-12-29 09:15:00,NSE:LT,455.51293316,456.77960489,441.82398062,444.22399911,4525872.64650941
2011-12-30 09:15:00,NSE:LT,446.66845333,449.77957689,440.22398311,442.06844382,5552122.79150883
2012-01-02 09:15:00,NSE:LT,445.33511467,451.11291556,440.3128768,448.46846053,3307948.01820793
2012-01-03 09:15:00,NSE:LT,454.17959449,473.2018928,453.33514667,471.49077484,5295392.06843173
2012-01-04 09:15:00,NSE:LT,473.06855893,479.06858293,467.11297956,475.49079084,5843982.6240695
2012-01-05 09:15:00,NSE:LT,475.55745778,486.66861333,473.37967129,483.46860053,5903994.38402246
2012-01-06 09:15:00,NSE:LT,479.55747378,485.55749778,471.57966409,480.66858933,3931542.02383191
2012-01-09 09:15:00,NSE:LT,479.91303076,485.6019424,465.02408231,483.6019344,3845630.61747753
2012-01-10 09:15:00,NSE:LT,486.77972489,506.75758258,486.77972489,503.91312676,6069071.72371311
2012-01-11 09:15:00,NSE:LT,505.77980089,511.55760178,498.31310436,509.82426151,4396158.41536634
2012-01-12 09:15:00,NSE:LT,508.002032,521.17986249,499.75755458,503.02423431,5464987.39005044
2012-01-13 09:15:00,NSE:LT,506.22424711,523.53542747,503.11312356,521.11319556,5014055.44377823
2012-01-16 09:15:00,NSE:LT,517.77984889,537.11325956,509.42425991,534.11324756,4925662.29735081
2012-01-17 09:15:00,NSE:LT,537.77992889,566.66893333,537.77992889,563.29114204,6813879.49448202
2012-01-18 09:15:00,NSE:LT,562.22447111,571.98006569,548.46886053,551.37998329,7361232.55506978
2012-01-19 09:15:00,NSE:LT,557.78000889,569.53561147,553.77999289,567.62449271,4449388.70244519
2012-01-20 09:15:00,NSE:LT,570.62450471,574.66896533,558.55778978,566.4022656,5514372.44251023
2012-01-23 09:15:00,NSE:LT,564.002256,576.44675022,544.91329076,567.69115964,11460830.90667637
2012-01-24 09:15:00,NSE:LT,573.24673742,607.31354036,571.84673182,600.82462551,12254836.98065208
2012-01-25 09:15:00,NSE:LT,600.89129244,607.69131964,584.98011769,591.42458791,6968309.87676049
2012-01-27 09:15:00,NSE:LT,597.78016889,616.89135644,589.84680382,614.002456,6681976.02209591
2012-01-30 09:15:00,NSE:LT,608.44687822,610.46910853,576.24674942,580.13565387,4611093.30562678
2012-01-31 09:15:00,NSE:LT,585.33567467,587.11345956,568.002272,582.58010809,9500483.49806601
2012-02-01 09:15:00,NSE:LT,581.78010489,599.04684062,575.11341156,597.64683502,7372637.75944896
2012-02-02 09:15:00,NSE:LT,604.35797298,611.98022569,596.44683022,605.38019929,6649679.6512814
2012-02-03 09:15:00,NSE:LT,604.44686222,606.66909333,593.71348596,602.04685262,3953144.18742325
2012-02-06 09:15:00,NSE:LT,610.66910933,621.06915093,605.51353316,615.53579547,5029377.88248847
2012-02-07 09:15:00,NSE:LT,620.00248,620.00248,599.13572987,602.002408,4848453.85618458
2012-02-08 09:15:00,NSE:LT,602.22463111,613.29134204,600.0024,607.78020889,3747684.00926396
2012-02-09 09:15:00,NSE:LT,605.6024224,609.55799378,595.64682702,602.33574267,4724933.8502646
2012-02-10 09:15:00,NSE:LT,597.78016889,611.11355556,594.002376,600.44684622,3808184.01726393
2012-02-13 09:15:00,NSE:LT,602.18018649,602.18018649,585.24678542,590.33569467,5562717.999128
2012-02-14 09:15:00,NSE:LT,588.89124444,621.78026489,585.84678782,613.11356356,4569225.47309811
2012-02-15 09:15:00,NSE:LT,622.73582427,650.22482311,622.73582427,646.71369796,8671478.81408474
2012-02-16 09:15:00,NSE:LT,640.44700622,652.73594427,637.02477031,643.8025752,5016525.93389626
2012-02-17 09:15:00,NSE:LT,647.84703582,680.8027232,639.69144764,643.18035049,9588395.14641941
2012-02-21 09:15:00,NSE:LT,644.44702222,657.22485111,639.11366756,643.002572,4853160.83735665
2012-02-22 09:15:00,NSE:LT,644.89146844,650.93593707,628.46918053,632.44697422,6779409.63236147
2012-02-23 09:15:00,NSE:LT,629.02473831,635.11365156,615.55801778,621.98026569,5664752.84098864
2012-02-24 09:15:00,NSE:LT,624.89138844,629.98029769,595.84682782,599.38017529,5436745.50301799
2012-02-27 09:15:00,NSE:LT,593.49126284,599.91351076,572.8022912,578.62453671,5668154.82738069
2012-02-28 09:15:00,NSE:LT,584.78011689,604.18019449,568.002272,599.46906453,9477108.34156663
2012-02-29 09:15:00,NSE:LT,606.71353796,612.89134044,576.44675022,581.35788098,9253103.73758505
2012-03-01 09:15:00,NSE:LT,579.71342996,579.71342996,560.91335476,567.95782738,7183508.01596794
2012-03-02 09:15:00,NSE:LT,573.33562667,587.09123724,564.95781538,577.62453271,5530291.12883548
2012-03-05 09:15:00,NSE:LT,572.89118044,573.002292,559.33557067,563.002252,3785855.10657957
2012-03-06 09:15:00,NSE:LT,559.55779378,581.33565867,547.11329956,548.91330676,6304612.03155187
2012-03-07 09:15:00,NSE:LT,547.11329956,556.42444791,537.77992889,550.02442231,5709239.66304135
2012-03-09 09:15:00,NSE:LT,561.33557867,582.22455111,560.15779618,578.82453751,6192330.73067708
2012-03-12 09:15:00,NSE:LT,587.55790578,604.35797298,587.55790578,599.55795378,6440018.73992504
2012-03-13 09:15:00,NSE:LT,605.38019929,611.11355556,602.66907733,605.2024208,3485528.55788577
2012-03-14 09:15:00,NSE:LT,615.55801778,625.66916933,614.44690222,620.71359396,6052259.79096084
2012-03-15 09:15:00,NSE:LT,617.98024969,619.91359076,599.4023976,605.11353156,4040619.33752265
2012-03-16 09:15:00,NSE:LT,609.69132764,614.15801218,584.09122524,586.66901333,7069059.97376011
2012-03-19 09:15:00,NSE:LT,588.44679822,589.95791538,571.69117564,576.24674942,3823870.95451618
2012-03-20 09:15:00,NSE:LT,576.89119644,584.89122844,568.89116444,572.04673262,3823697.70520918
2012-03-21 09:15:00,NSE:LT,571.22450711,603.4024136,567.73560427,598.4023936,6648703.15518738
2012-03-22 09:15:00,NSE:LT,595.58016009,606.18020249,573.002292,576.4023056,5477625.58949764
2012-03-23 09:15:00,NSE:LT,580.44676622,588.44679822,571.95784338,578.09120124,3590785.38685845
2012-03-26 09:15:00,NSE:LT,576.8023072,576.8023072,566.22448711,568.78005289,2872889.75844097
2012-03-27 09:15:00,NSE:LT,575.55785778,587.55790578,568.11338356,579.2023168,3973130.85747657
2012-03-28 09:15:00,NSE:LT,575.91341476,588.002352,574.51340916,581.24676942,4141439.18424326
2012-03-29 09:15:00,NSE:LT,573.24673742,576.78008489,566.26893173,569.13560987,4393471.9261123
2012-03-30 09:15:00,NSE:LT,573.2022928,584.44678222,570.11339156,581.78010489,4765591.18763525
2012-04-02 09:15:00,NSE:LT,580.44676622,594.18015449,576.29119404,592.2023688,2958576.16569534
2012-04-03 09:15:00,NSE:LT,597.38016729,607.64687502,596.44683022,605.38019929,3980839.32664269
2012-04-04 09:15:00,NSE:LT,600.49129084,601.46907253,593.06903893,597.91350276,1984147.81340875
2012-04-09 09:15:00,NSE:LT,590.69125164,591.98014569,575.22452311,577.04675262,2730285.32885868
2012-04-10 09:15:00,NSE:LT,580.44676622,582.95788738,567.11337956,571.24672942,3511263.95494418
2012-04-11 09:15:00,NSE:LT,566.66893333,575.55785778,562.66891733,570.58006009,2918078.57768569
2012-04-12 09:15:00,NSE:LT,573.42451591,580.75787858,572.49117884,573.95785138,2826638.94344423
2012-04-13 09:15:00,NSE:LT,579.22453911,589.55791378,566.69115564,569.91339076,2981148.0754077
2012-04-16 09:15:00,NSE:LT,568.89116444,580.44676622,567.13560187,578.44675822,2931907.02237191
2012-04-17 09:15:00,NSE:LT,584.31344836,594.22459911,573.55784978,592.35792498,5570986.71605314
2012-04-18 09:15:00,NSE:LT,596.002384,600.42462391,585.95789938,588.73568827,3300626.54749381
2012-04-19 09:15:00,NSE:LT,589.93569307,591.04680862,580.22454311,585.69123164,2114525.79189683
2012-04-20 09:15:00,NSE:LT,581.33565867,584.89122844,566.71337796,573.93562907,2760430.70827717
2012-04-23 09:15:00,NSE:LT,570.58006009,580.31343236,555.55777778,557.24667342,3341808.13276747
2012-04-24 09:15:00,NSE:LT,557.33556267,559.78001689,540.15771618,541.57994409,6388115.94753621
2012-04-25 09:15:00,NSE:LT,543.11328356,550.13553387,529.77989689,547.33552267,6283711.86515254
2012-04-26 09:15:00,NSE:LT,548.89108444,550.53553547,540.66882933,545.17995849,3780164.87934048
2012-04-27 09:15:00,NSE:LT,544.89106844,550.66886933,534.84658382,542.33550267,2763328.69668521
2012-04-30 09:15:00,NSE:LT,542.22439111,550.22442311,542.22439111,545.26884773,1956819.42272231
2012-05-02 09:15:00,NSE:LT,544.44662222,549.77997689,538.22437511,539.71326996,2470258.36896652
2012-05-03 09:15:00,NSE:LT,534.8021392,539.57993609,530.66878933,533.02435431,2898202.15719137
2012-05-04 09:15:00,NSE:LT,530.53545547,530.53545547,503.13534587,509.84648382,6363845.29461882
2012-05-07 09:15:00,NSE:LT,503.46868053,539.95771538,494.15753218,534.62436071,7239044.54382183
2012-05-08 09:15:00,NSE:LT,534.91325076,537.33548267,512.89094044,515.00206,4396333.91466434
2012-05-09 09:15:00,NSE:LT,510.66870933,527.91322276,507.64647502,514.2020568,4351833.59266563
2012-05-10 09:15:00,NSE:LT,515.8020632,527.53544347,511.6020464,513.31316436,3143406.17637529
2012-05-11 09:15:00,NSE:LT,508.002032,518.2020728,499.42421991,505.77980089,4564140.49343803
2012-05-14 09:15:00,NSE:LT,509.73537227,532.44657422,493.09086124,515.29095004,14932672.76930892
2012-05-15 09:15:00,NSE:LT,510.22426311,548.44663822,508.11314356,543.22439511,11236837.55264979
2012-05-16 09:15:00,NSE:LT,535.06880693,542.62439271,531.33545867,535.93547707,6503481.98607206
2012-05-17 09:15:00,NSE:LT,540.04660462,544.44662222,512.91316276,517.13540187,7619371.77251291
2012-05-18 09:15:00,NSE:LT,506.66869333,520.8020832,504.49090684,516.06873093,5787487.6000496
2012-05-21 09:15:00,NSE:LT,517.77984889,534.66880533,516.44651022,529.89100844,4134295.46281815
2012-05-22 09:15:00,NSE:LT,536.13547787,537.77992889,512.89094044,515.44650622,4457567.41973032
2012-05-23 09:15:00,NSE:LT,511.11315556,519.33541067,507.71314196,510.82426551,3707566.66973332
2012-05-24 09:15:00,NSE:LT,514.71316996,522.22431111,507.24647342,519.31318836,3454003.93398426
2012-05-25 09:15:00,NSE:LT,516.44651022,529.91323076,514.8020592,528.002112,2922223.06110775
2012-05-28 09:15:00,NSE:LT,527.2021088,537.73548427,526.24654942,535.37991929,4012156.95137219
2012-05-29 09:15:00,NSE:LT,538.75771058,541.26883173,532.71324196,534.29102604,2939550.24179903
2012-05-30 09:15:00,NSE:LT,529.91323076,532.17990649,523.64653902,527.82433351,2751644.49342203
2012-05-31 09:15:00,NSE:LT,522.35764498,530.66878933,516.002064,521.15764018,3397898.15840737
2012-06-01 09:15:00,NSE:LT,518.002072,520.77986089,502.24645342,504.4020176,3349415.35233859
2012-06-04 09:15:00,NSE:LT,496.09087324,524.002096,491.57974409,521.55764178,5481578.8236847
2012-06-05 09:15:00,NSE:LT,524.44654222,540.42438391,518.31318436,538.29104204,7028517.38593046
2012-06-06 09:15:00,NSE:LT,541.11327556,565.33559467,539.33549067,563.18003049,7566107.73556906
2012-06-07 09:15:00,NSE:LT,566.78004489,573.62451671,557.44667422,566.66893333,5720714.61714153
2012-06-08 09:15:00,NSE:LT,568.82449751,586.66901333,561.09113324,581.98010569,5932607.51956992
2012-06-11 09:15:00,NSE:LT,586.66901333,591.95792338,566.73560027,570.33561467,5815479.73808105
2012-06-12 09:15:00,NSE:LT,566.22448711,587.42457191,564.13558987,584.73567227,5188762.74494902
2012-06-13 09:15:00,NSE:LT,584.44678222,609.6024384,578.33564667,599.95795538,9055923.5263059
2012-06-14 09:15:00,NSE:LT,596.002384,599.71350996,572.78006889,576.4023056,6869785.02085992
2012-06-15 09:15:00,NSE:LT,578.22453511,593.31348436,572.06895493,588.33568667,10299230.30307879
2012-06-18 09:15:00,NSE:LT,592.44681422,603.89130444,576.002304,586.64679102,7539850.34059864
2012-06-19 09:15:00,NSE:LT,583.02455431,595.51349316,579.55787378,591.24680942,6246195.51521794
2012-06-20 09:15:00,NSE:LT,593.55792978,600.89129244,591.98014569,596.78016489,4667046.08181567
2012-06-21 09:15:00,NSE:LT,593.73570827,612.8024512,593.15792818,610.15799618,5802704.28918284
2012-06-22 09:15:00,NSE:LT,600.0024,609.33577067,596.49127484,605.31353236,4618561.0257559
2012-06-25 09:15:00,NSE:LT,604.55797378,614.55801378,600.44684622,602.42463191,3390315.68873724
2012-06-26 09:15:00,NSE:LT,602.84685582,608.09132124,594.86904613,599.38017529,3446324.71470114
2012-06-27 09:15:00,NSE:LT,604.64686302,606.66909333,597.33572267,598.91350676,3260695.95721617
2012-06-28 09:15:00,NSE:LT,601.44685022,605.11353156,594.31348836,597.04683262,4081776.17289531
2012-06-29 09:15:00,NSE:LT,604.002416,622.66915733,603.13574587,621.24692942,5414769.84092064
2012-07-02 09:15:00,NSE:LT,622.55804578,628.86918213,618.31358436,622.02471031,3378377.23649105
2012-07-03 09:15:00,NSE:LT,625.0025,630.91363476,620.89137244,623.98027369,2687582.749669
2012-07-04 09:15:00,NSE:LT,626.13583787,632.35808498,620.89137244,630.58030009,3753043.48782605
2012-07-05 09:15:00,NSE:LT,628.89140444,637.66921733,625.78028089,634.86920613,3198692.95522818
2012-07-06 09:15:00,NSE:LT,631.69141564,634.13586987,621.33581867,624.44694222,2555236.02905588
2012-07-09 09:15:00,NSE:LT,620.53581547,622.91360276,613.33578667,617.24691342,2607075.82169671
2012-07-10 09:15:00,NSE:LT,619.55803378,631.53585947,617.11357956,629.78029689,3033284.86686053
2012-07-11 09:15:00,NSE:LT,624.6024984,640.89145244,624.002496,638.18033049,3760445.95821617
2012-07-12 09:15:00,NSE:LT,631.58030409,636.64699102,624.002496,625.6025024,3059542.26183095
2012-07-13 09:15:00,NSE:LT,628.002512,632.4025296,622.91360276,624.33583067,1711574.90370039
2012-07-16 09:15:00,NSE:LT,626.66917333,628.84695982,612.93578507,614.78023689,2996479.51408194
2012-07-17 09:15:00,NSE:LT,620.09136924,622.09137724,610.51355316,612.64689502,2564172.99330803
2012-07-18 09:15:00,NSE:LT,613.35800898,624.44694222,606.04686862,622.89138044,3184119.76352095
2012-07-19 09:15:00,NSE:LT,630.24696542,631.58030409,622.24693342,625.15805618,1640306.43877424
2012-07-20 09:15:00,NSE:LT,629.33585067,630.75807858,615.15801618,617.95802738,2144151.42339431
2012-07-23 09:15:00,NSE:LT,612.66911733,618.15802818,598.22461511,612.49133884,9061395.50441798
2012-07-24 09:15:00,NSE:LT,614.66912533,618.58025209,600.55795778,602.09129724,4014278.69288523
2012-07-25 09:15:00,NSE:LT,600.0024,601.91351876,591.6023664,596.38016329,2753592.98562806
2012-07-26 09:15:00,NSE:LT,597.78016889,599.09128524,584.44678222,585.84678782,3932199.02120392
2012-07-27 09:15:00,NSE:LT,592.29125804,600.6024024,581.29121404,586.58012409,3398318.90672437
2012-07-30 09:15:00,NSE:LT,591.26903173,608.89132444,589.89124844,607.24687342,2987254.5509818
2012-07-31 09:15:00,NSE:LT,609.002436,613.02467431,595.18015849,608.62465671,3081594.42362231
2012-08-01 09:15:00,NSE:LT,606.93576107,615.8024632,604.4024176,614.26912373,2091722.13311147
2012-08-02 09:15:00,NSE:LT,611.71355796,620.73581627,608.22465511,618.2024728,2932624.76950092
2012-08-03 09:15:00,NSE:LT,613.2024528,619.93581307,601.35796098,614.38023529,3000900.74639701
2012-08-06 09:15:00,NSE:LT,622.22471111,628.66918133,620.00248,624.98027769,2442902.97838809
2012-08-07 09:15:00,NSE:LT,626.26917173,631.55808178,622.75804658,630.09140924,1996513.76394494
2012-08-08 09:15:00,NSE:LT,631.15808018,635.06920693,622.55804578,624.49138684,2109103.31358675
2012-08-09 09:15:00,NSE:LT,626.66917333,633.31364436,618.66914133,630.38029929,2869096.27361491
2012-08-10 09:15:00,NSE:LT,632.44697422,635.11365156,624.49138684,632.86919813,2133688.96524414
2012-08-13 09:15:00,NSE:LT,631.91363876,640.89145244,628.09140124,640.11367156,2059610.26155895
2012-08-14 09:15:00,NSE:LT,637.33588267,648.35814898,633.33586667,646.49147484,3715992.88602846
2012-08-16 09:15:00,NSE:LT,647.55814578,658.53596747,644.91369076,656.62484871,3476069.59572162
2012-08-17 09:15:00,NSE:LT,655.55817778,658.42485591,642.46923653,645.26924773,2852129.09148363
2012-08-21 09:15:00,NSE:LT,645.33591467,654.24706142,635.55809778,651.89149644,2794389.82244071
2012-08-22 09:15:00,NSE:LT,646.66925333,651.73594027,643.82479751,647.66925733,1943555.7257771
2012-08-23 09:15:00,NSE:LT,648.98037369,651.62482871,635.2025408,636.51365716,3005159.97936008
2012-08-24 09:15:00,NSE:LT,634.55809378,636.22476711,625.49139084,631.46919253,2935300.00879997
2012-08-27 09:15:00,NSE:LT,628.04695662,631.11363556,617.02469031,620.71359396,2594858.37056652
2012-08-28 09:15:00,NSE:LT,619.49136684,621.38026329,602.44685422,605.2024208,2949175.70329719
2012-08-29 09:15:00,NSE:LT,611.46911253,611.46911253,598.15794818,599.71350996,2465996.88601246
2012-08-30 09:15:00,NSE:LT,598.66906133,611.11355556,588.6023544,602.06907493,5589542.39183043
2012-08-31 09:15:00,NSE:LT,599.11350756,603.06907893,590.02458231,596.84683182,3766631.18347527
2012-09-03 09:15:00,NSE:LT,602.84685582,604.91353076,592.44681422,600.93573707,2290691.08723565
2012-09-04 09:15:00,NSE:LT,600.13573387,608.82465751,596.26905173,607.04687262,2074725.7010972
2012-09-05 09:15:00,NSE:LT,599.6023984,601.69129564,586.75790258,588.58013209,2469965.87013652
2012-09-06 09:15:00,NSE:LT,586.62456871,592.44681422,581.8023272,584.4023376,2362420.8003168
2012-09-07 09:15:00,NSE:LT,593.38015129,610.53577547,593.38015129,608.09132124,3860563.80774477
2012-09-10 09:15:00,NSE:LT,611.55800178,616.82468951,604.89130844,612.75800658,2305734.52706189
2012-09-11 09:15:00,NSE:LT,606.66909333,611.11355556,602.71352196,608.49132284,2163595.84561662
2012-09-12 09:15:00,NSE:LT,610.22466311,630.66918933,610.22466311,626.4025056,3310414.00834397
2012-09-13 09:15:00,NSE:LT,627.64695502,634.69142764,627.64695502,630.35807698,2661739.35304259
2012-09-14 09:15:00,NSE:LT,642.22479111,663.55820978,641.2025648,662.22487111,5950341.94863221
2012-09-17 09:15:00,NSE:LT,667.24711342,709.78061689,667.24711342,691.31387636,7289275.59289763
2012-09-18 09:15:00,NSE:LT,687.11385956,694.4027776,681.78050489,690.51387316,3646157.66536934
2012-09-20 09:15:00,NSE:LT,675.55825778,683.29162204,671.15824018,676.26937173,3619461.52215391
2012-09-21 09:15:00,NSE:LT,679.55827378,709.6028384,679.55827378,704.55837378,6232603.31958672
2012-09-24 09:15:00,NSE:LT,701.78058489,718.62509671,693.24721742,701.44725022,4303326.03669585
2012-09-25 09:15:00,NSE:LT,702.22503111,711.89173644,697.46945653,699.75835458,3666727.08309167
2012-09-26 09:15:00,NSE:LT,695.55833778,698.66946133,689.46942453,694.4027776,3299103.30358679
2012-09-27 09:15:00,NSE:LT,696.22500711,712.95840738,696.22500711,710.29173004,4454534.43186227
2012-09-28 09:15:00,NSE:LT,713.46952053,719.91399076,705.64726702,709.69172764,3004523.23190707
2012-10-01 09:15:00,NSE:LT,707.8028312,715.55841778,702.71392196,714.09174524,1982316.32073472
2012-10-03 09:15:00,NSE:LT,715.8028632,719.95843538,708.44727822,715.13619387,2941408.73436506
2012-10-04 09:15:00,NSE:LT,718.33620667,727.46957653,717.62509271,726.24734942,3029111.13355547
2012-10-05 09:15:00,NSE:LT,730.04736462,736.62516871,716.002864,733.29182204,6693117.97752809
2012-10-08 09:15:00,NSE:LT,731.55848178,731.95848338,707.33616267,709.22505911,2771194.66522134
2012-10-09 09:15:00,NSE:LT,715.2028608,729.55847378,715.2028608,725.69179164,4255194.22922308
2012-10-10 09:15:00,NSE:LT,717.78064889,722.71400196,711.58062409,718.44731822,2265221.18911524
2012-10-11 09:15:00,NSE:LT,720.24732542,737.55850578,709.33617067,734.73627227,3877492.74002904
2012-10-12 09:15:00,NSE:LT,731.11403556,739.95851538,724.98067769,733.33626667,2871654.51338195
2012-10-15 09:15:00,NSE:LT,733.78071289,735.91405476,724.71400996,727.13624187,2385566.45773417
2012-10-16 09:15:00,NSE:LT,730.33625467,732.89182044,711.69173564,713.69174364,2023290.90683637
2012-10-17 09:15:00,NSE:LT,721.33621867,726.62512871,713.33618667,722.78066889,2804269.53292187
2012-10-18 09:15:00,NSE:LT,725.91401476,737.69183964,720.13621387,734.26960373,2749108.75356499
2012-10-19 09:15:00,NSE:LT,729.82514151,734.22515911,720.51399316,725.8029032,1883739.71504114
2012-10-22 09:15:00,NSE:LT,722.66955733,744.4029776,718.22509511,742.66963733,7509878.21048716
2012-10-23 09:15:00,NSE:LT,744.89186844,757.78080889,744.89186844,756.15858018,6734580.81167675
2012-10-25 09:15:00,NSE:LT,755.55857778,764.29194604,752.003008,761.06971093,4807396.02041592
2012-10-26 09:15:00,NSE:LT,756.44747022,761.33637867,750.31411236,759.69192764,3339119.39352243
2012-10-29 09:15:00,NSE:LT,759.69192764,764.44750222,748.15854818,750.06966693,2718097.12761149
2012-10-30 09:15:00,NSE:LT,749.33633067,752.66967733,724.89178844,728.35846898,3702481.69007324
2012-10-31 09:15:00,NSE:LT,729.51402916,733.73626827,715.78064089,723.04733662,3839598.39160643
2012-11-01 09:15:00,NSE:LT,724.98067769,730.18069849,719.6028784,725.04734462,2708847.41461034
2012-11-02 09:15:00,NSE:LT,734.2029368,747.46965653,730.93625707,744.62520071,4270998.16600734
2012-11-05 09:15:00,NSE:LT,743.64741902,751.11411556,739.13628987,744.95853538,2214819.14072344
2012-11-06 09:15:00,NSE:LT,747.11409956,747.86965813,735.2029408,740.24740542,2187254.500982
2012-11-07 09:15:00,NSE:LT,737.78072889,748.44743822,733.78071289,741.98074569,2410262.35895056
2012-11-08 09:15:00,NSE:LT,732.24737342,737.33628267,723.4028936,726.82512951,3092383.13046748
2012-11-09 09:15:00,NSE:LT,728.89180444,730.33625467,715.2028608,720.49177084,2760968.45612618
2012-11-12 09:15:00,NSE:LT,723.11400356,724.89178844,710.00284,713.95841138,2372377.01049196
2012-11-13 09:15:00,NSE:LT,714.71396996,717.22509111,711.86951413,714.04730062,526009.64596142
2012-11-15 09:15:00,NSE:LT,713.42507591,722.2028888,704.95837538,713.31396436,4255212.22915108
2012-11-16 09:15:00,NSE:LT,710.42506391,720.44732622,698.55834978,701.49169484,2771835.91265635
2012-11-19 09:15:00,NSE:LT,703.22503511,707.06949493,689.8027592,692.64721502,2543684.5752617
2012-11-20 09:15:00,NSE:LT,697.78056889,699.35835298,682.71384196,688.62497671,1554467.03213187
2012-11-21 09:15:00,NSE:LT,691.11387556,696.89167644,684.38051529,695.84722782,2347924.10830357
2012-11-22 09:15:00,NSE:LT,697.89168044,711.11395556,694.51388916,707.002828,2223357.85656857
2012-11-23 09:15:00,NSE:LT,710.22506311,710.66950933,698.44723822,705.49171084,1344842.12063152
2012-11-26 09:15:00,NSE:LT,706.91393876,717.44731422,706.04726862,715.84730782,1710854.90658037
2012-11-27 09:15:00,NSE:LT,716.89175644,724.4028976,716.89175644,721.51399716,1671331.56467374
2012-11-29 09:15:00,NSE:LT,724.82512151,741.15852018,720.51399316,739.06962293,4426868.54252583
2012-11-30 09:15:00,NSE:LT,741.46963253,745.31409236,735.66960933,741.29185404,2942875.72849709
2012-12-03 09:15:00,NSE:LT,744.29186604,748.89188444,734.24738142,741.04740862,1919467.32213071
2012-12-04 09:15:00,NSE:LT,740.29185004,740.89185244,730.75847858,737.29183804,1902065.89173643
2012-12-05 09:15:00,NSE:LT,740.62518471,747.26965573,737.78072889,740.73629627,2418560.3257587
2012-12-06 09:15:00,NSE:LT,747.11409956,748.002992,729.58069609,744.22519911,3161435.35425858
2012-12-07 09:15:00,NSE:LT,747.11409956,755.11413156,741.33629867,744.64742302,3069399.47240211
2012-12-10 09:15:00,NSE:LT,745.89187244,747.8029912,737.78072889,739.89184844,1198095.45761817
2012-12-11 09:15:00,NSE:LT,742.22519111,746.62520871,733.78071289,741.18074249,2317015.98193607
2012-12-12 09:15:00,NSE:LT,743.15852818,744.66964533,729.38069529,732.26959573,2670883.31646673
2012-12-13 09:15:00,NSE:LT,733.44737822,735.33627467,720.46954853,722.98066969,2170622.56750973
2012-12-14 09:15:00,NSE:LT,725.11401156,732.89182044,722.82511351,728.51402516,2176054.04578382
2012-12-17 09:15:00,NSE:LT,726.58068409,731.11403556,720.53621547,726.4029056,1283597.36561054
2012-12-18 09:15:00,NSE:LT,728.89180444,738.84739982,726.22512711,736.42516791,2879947.98020808
2012-12-19 09:15:00,NSE:LT,741.78074489,743.78075289,723.13622587,726.002904,2853303.58678565
2012-12-20 09:15:00,NSE:LT,726.66957333,730.02514231,715.78064089,718.89176444,4081141.6754333
2012-12-21 09:15:00,NSE:LT,713.11396356,719.44732222,703.11392356,706.71393796,2939383.74246503
2012-12-24 09:15:00,NSE:LT,712.89174044,712.89174044,698.93612907,704.58059609,2381957.47217011
2012-12-26 09:15:00,NSE:LT,707.11393956,722.002888,704.66948533,721.04732862,2145319.16872333
2012-12-27 09:15:00,NSE:LT,723.84733982,725.66956933,714.89174844,716.82508951,2741287.78484886
2012-12-28 09:15:00,NSE:LT,720.00288,724.22511911,715.29175004,719.98065769,1510562.95774817
2012-12-31 09:15:00,NSE:LT,720.51399316,721.64733102,712.06951493,714.29174604,1331216.1751353
2013-01-01 09:15:00,NSE:LT,718.31398436,725.66956933,718.06953893,722.18066649,1721663.86334455
2013-01-02 09:15:00,NSE:LT,728.62513671,735.55849778,725.13623387,733.13626587,2631389.2244431
2013-01-03 09:15:00,NSE:LT,735.55849778,738.35850898,724.44734222,727.49179884,2839391.89243243
2013-01-04 09:15:00,NSE:LT,724.89178844,727.06957493,719.51398916,723.55844978,2227378.59048564
2013-01-07 09:15:00,NSE:LT,725.42512391,725.78068089,704.44726222,705.84726782,4125596.99761201
2013-01-08 09:15:00,NSE:LT,705.33615467,705.66948933,692.75832658,696.4027856,5971030.61587754
2013-01-09 09:15:00,NSE:LT,693.78055289,703.46948053,686.89163644,688.75831058,5481412.3243507
2013-01-10 09:15:00,NSE:LT,692.44721422,693.95833138,680.11383156,687.38052729,4787431.8502726
2013-01-11 09:15:00,NSE:LT,687.55830578,688.6027544,677.78048889,680.86939013,3456472.1741113
2013-01-14 09:15:00,NSE:LT,682.66939733,692.44721422,680.00272,691.02498631,2511212.70514918
2013-01-15 09:15:00,NSE:LT,691.42498791,700.31391236,688.73608827,693.33610667,4279293.88282447
2013-01-16 09:15:00,NSE:LT,688.98053369,697.33612267,683.11384356,686.31385636,2080357.42857029
2013-01-17 09:15:00,NSE:LT,683.55828978,688.55830978,676.06937093,678.98049369,2456636.92345231
2013-01-18 09:15:00,NSE:LT,680.6027224,691.78054489,680.24716542,683.2027328,2414616.09153563
2013-01-21 09:15:00,NSE:LT,684.44718222,697.78056889,682.38050729,696.6027864,2002865.48853805
2013-01-22 09:15:00,NSE:LT,696.49167484,700.29169004,688.09164124,690.4027616,2733178.81728473
2013-01-23 09:15:00,NSE:LT,691.78054489,697.71390196,686.84719182,693.82499751,2191956.98217207
2013-01-24 09:15:00,NSE:LT,694.22499911,712.44729422,666.22488711,704.44726222,14036915.35233859
2013-01-25 09:15:00,NSE:LT,706.64727102,718.49176284,701.15836018,716.13619787,5253965.23413906
2013-01-28 09:15:00,NSE:LT,716.44731022,717.53620347,706.89171644,709.78061689,2286371.10451558
2013-01-29 09:15:00,NSE:LT,709.33617067,714.62508071,704.44726222,708.71394596,2225556.09777561
2013-01-30 09:15:00,NSE:LT,708.89172444,713.78063289,692.93610507,695.00278,2282645.11941952
2013-01-31 09:15:00,NSE:LT,691.71387796,694.13610987,683.86940213,685.26940773,2437730.249079
2013-02-01 09:15:00,NSE:LT,687.95830738,691.31387636,679.13604987,681.49161484,2228355.08657965
2013-02-04 09:15:00,NSE:LT,681.49161484,688.8027552,678.66938133,682.2027288,2350734.34706261
2013-02-05 09:15:00,NSE:LT,680.55827778,684.44718222,676.09159324,681.89161644,2281592.12363151
2013-02-06 09:15:00,NSE:LT,686.6027464,686.6027464,668.66934133,672.44713422,2099302.35279059
2013-02-07 09:15:00,NSE:LT,667.11377956,671.53601947,660.46930853,665.06932693,2380265.47893808
2013-02-08 09:15:00,NSE:LT,662.22487111,678.62493671,662.22487111,671.6026864,2011962.20215119
2013-02-11 09:15:00,NSE:LT,672.84713582,673.35824898,660.44708622,662.15820418,1560589.25764297
2013-02-12 09:15:00,NSE:LT,660.44708622,668.002672,656.69151564,664.44710222,1741963.28214687
2013-02-13 09:15:00,NSE:LT,662.89154044,671.11379556,656.89151644,658.69152364,1381082.7256691
2013-02-14 09:15:00,NSE:LT,658.82485751,661.78042489,637.002548,640.49145084,3035469.60812157
2013-02-15 09:15:00,NSE:LT,638.4025536,646.51369716,634.46920453,641.78034489,2598352.60658957
2013-02-18 09:15:00,NSE:LT,640.49145084,654.84706382,640.44700622,652.86927813,2023081.65767337
2013-02-19 09:15:00,NSE:LT,652.89150044,656.33595867,643.62479671,650.18037849,1894694.92122032
2013-02-20 09:15:00,NSE:LT,653.33594667,655.55817778,646.35814098,647.64703502,1772401.16039536
2013-02-21 09:15:00,NSE:LT,642.66923733,644.002576,631.62474871,633.71364596,3276727.14309143
2013-02-22 09:15:00,NSE:LT,633.91364676,640.89145244,629.33585067,637.91366276,2206813.67274531
2013-02-25 09:15:00,NSE:LT,638.38033129,641.26923173,621.42470791,623.04693662,2709396.41241435
2013-02-26 09:15:00,NSE:LT,621.33581867,621.33581867,604.46908453,606.98020569,3774737.9010484
2013-02-27 09:15:00,NSE:LT,613.33578667,631.73586027,610.66910933,626.51361716,4357971.56811373
2013-02-28 09:15:00,NSE:LT,636.002544,643.22479511,600.55795778,607.91354276,8570607.21757113
2013-03-01 09:15:00,NSE:LT,609.78021689,626.62472871,608.04687662,622.42471191,4172201.06119575
2013-03-04 09:15:00,NSE:LT,617.78024889,618.33580667,604.44686222,606.55798178,2519854.92058032
2013-03-05 09:15:00,NSE:LT,612.29133804,621.69137564,603.58019209,620.26914773,3606344.0746237
2013-03-06 09:15:00,NSE:LT,624.44694222,640.42478391,624.44694222,636.58032409,3393400.42639829
2013-03-07 09:15:00,NSE:LT,637.06921493,652.8026112,636.29143404,650.58038009,3992431.28027488
2013-03-08 09:15:00,NSE:LT,652.44705422,670.64712702,649.04704062,665.58044009,5020101.16959532
2013-03-11 09:15:00,NSE:LT,648.89148444,674.78047689,647.22481111,671.2026848,8683037.01785193
2013-03-12 09:15:00,NSE:LT,671.35824098,676.22492711,660.98042169,666.98044569,6524096.40361439
2013-03-13 09:15:00,NSE:LT,662.22487111,672.002688,659.51374916,664.64710302,3694017.2239311
2013-03-14 09:15:00,NSE:LT,661.89153644,680.8027232,656.98040569,676.46937253,5284812.61074956
2013-03-15 09:15:00,NSE:LT,678.98049369,681.02494631,666.18044249,670.29157004,4192727.72908908
2013-03-18 09:15:00,NSE:LT,661.78042489,676.26937173,656.86929413,671.26935173,3248267.00693197
2013-03-19 09:15:00,NSE:LT,672.13602187,674.44714222,649.78037689,653.62483671,5333821.91471234
2013-03-20 09:15:00,NSE:LT,652.44705422,657.46929653,627.11361956,638.26921973,4225998.34600662
2013-03-21 09:15:00,NSE:LT,641.02478631,646.66925333,616.44691022,619.73581227,3304080.28367887
2013-03-22 09:15:00,NSE:LT,620.00248,628.22473511,615.6024624,621.84693182,2869919.77032092
2013-03-25 09:15:00,NSE:LT,631.09141324,631.49141484,604.98019769,607.31354036,2853400.33639865
2013-03-26 09:15:00,NSE:LT,604.35797298,610.62466471,592.66903733,594.42459991,2805097.52960988
2013-03-28 09:15:00,NSE:LT,595.26904773,609.42465991,595.26904773,607.2024288,3910214.35914256
2013-04-01 09:15:00,NSE:LT,611.11355556,624.4024976,608.89132444,620.64692702,2719010.6239575
2013-04-02 09:15:00,NSE:LT,621.62470871,636.44699022,620.00248,632.02475031,2553091.78763285
2013-04-03 09:15:00,NSE:LT,628.89140444,634.42475991,607.4024296,616.44691022,4509877.46049016
2013-04-04 09:15:00,NSE:LT,612.22467111,616.04690862,601.4024056,603.55796978,3572825.95869616
2013-04-05 09:15:00,NSE:LT,604.89130844,609.75799458,596.22460711,601.11351556,3272769.40892236
2013-04-08 09:15:00,NSE:LT,599.11350756,599.11350756,586.66901333,589.33569067,2725328.59868561
2013-04-09 09:15:00,NSE:LT,593.33570667,606.42464791,583.55788978,586.75790258,3731106.0755757
2013-04-10 09:15:00,NSE:LT,591.24680942,604.44686222,587.11345956,597.78016889,4089016.64393342
2013-04-11 09:15:00,NSE:LT,608.89132444,616.44691022,601.26907173,612.44689422,3671346.31461474
2013-04-12 09:15:00,NSE:LT,607.11353956,614.22467911,601.42462791,605.33575467,1853169.08732365
2013-04-15 09:15:00,NSE:LT,601.13573787,618.09136124,596.53571947,611.46911253,2290319.83872065
2013-04-16 09:15:00,NSE:LT,613.29134204,635.55809778,611.46911253,635.11365156,2749914.250343
2013-04-17 09:15:00,NSE:LT,635.55809778,643.38035129,625.78028089,633.78031289,2613632.29547082
2013-04-18 09:15:00,NSE:LT,633.33586667,659.93597307,631.31363636,656.44707022,3434264.76294095
2013-04-22 09:15:00,NSE:LT,657.78040889,684.002736,656.95818338,683.55828978,3710052.90978836
2013-04-23 09:15:00,NSE:LT,681.02494631,681.38050329,661.8026472,670.22490311,3519955.67017732
2013-04-25 09:15:00,NSE:LT,671.55824178,679.11382756,667.11377956,672.002688,3983728.31508674
2013-04-26 09:15:00,NSE:LT,673.78047289,687.002748,668.98045369,683.13606587,2805914.27634289
2013-04-29 09:15:00,NSE:LT,683.64717902,687.55830578,676.04714862,679.55827378,1658488.61604554
2013-04-30 09:15:00,NSE:LT,682.22495111,684.44718222,658.24707742,672.89158044,2767398.93040428
2013-05-02 09:15:00,NSE:LT,668.93600907,693.78055289,667.11377956,690.02498231,4134061.46375414
2013-05-03 09:15:00,NSE:LT,687.75830658,704.002816,680.75827858,697.33612267,3290384.58846165
2013-05-06 09:15:00,NSE:LT,694.66944533,699.89168844,688.04719662,693.002772,1968566.6257335
2013-05-07 09:15:00,NSE:LT,695.55833778,704.44726222,693.33610667,700.91391476,2863811.04475582
2013-05-08 09:15:00,NSE:LT,702.26947573,703.98059369,685.66940933,694.86944613,2067431.23027508
2013-05-09 09:15:00,NSE:LT,692.44721422,700.0028,684.44718222,694.66944533,1721479.36408254
2013-05-10 09:15:00,NSE:LT,690.51387316,700.0028,689.002756,692.22499111,2204748.18100728
2013-05-13 09:15:00,NSE:LT,691.22498711,694.66944533,672.06935493,673.71380596,2508962.71414914
2013-05-14 09:15:00,NSE:LT,675.55825778,679.71382996,667.49155884,676.15826018,2167630.07947968
2013-05-15 09:15:00,NSE:LT,680.00272,703.98059369,678.22493511,703.55836978,3513435.19625921
2013-05-16 09:15:00,NSE:LT,700.49169084,713.29174204,696.86945413,709.78061689,4613820.29471882
2013-05-17 09:15:00,NSE:LT,710.66950933,724.78067689,702.51392116,724.04734062,3439959.49016204
2013-05-20 09:15:00,NSE:LT,721.51399716,730.04736462,716.66953333,720.89177244,3103063.83774465
2013-05-21 09:15:00,NSE:LT,717.04731262,722.66955733,707.02505031,714.66952533,2417667.07933168
2013-05-22 09:15:00,NSE:LT,717.22509111,734.22515911,666.71377796,670.4026816,15881545.7238171
2013-05-23 09:15:00,NSE:LT,666.66933333,667.8026712,624.44694222,633.73586827,9395597.91760833
2013-05-24 09:15:00,NSE:LT,641.71367796,652.38038729,631.55808178,648.58037209,6528495.13601946
2013-05-27 09:15:00,NSE:LT,649.78037689,655.09150924,640.89145244,649.55815378,2487929.79828081
2013-05-28 09:15:00,NSE:LT,653.78039289,656.98040569,641.58034409,645.33591467,3034232.11307155
2013-05-29 09:15:00,NSE:LT,644.6025784,646.2025848,637.78032889,643.11368356,2239767.04093184
2013-05-30 09:15:00,NSE:LT,640.98034169,646.09147324,630.22474311,632.04697262,3493473.2761069
2013-05-31 09:15:00,NSE:LT,629.78029689,632.38030729,621.33581867,624.44694222,3592052.13179147
2013-06-03 09:15:00,NSE:LT,619.11358756,623.71360596,611.22466711,617.78024889,2594984.37006252
2013-06-04 09:15:00,NSE:LT,617.09135724,636.44699022,617.09135724,627.58028809,4358486.81605274
2013-06-05 09:15:00,NSE:LT,624.44694222,633.69142364,620.44692622,631.11363556,3244860.52055792
2013-06-06 09:15:00,NSE:LT,627.55806578,642.2025688,625.6025024,634.09142524,3316482.23407106
2013-06-07 09:15:00,NSE:LT,632.66919733,639.91367076,625.38027929,627.11361956,3320860.71655713
2013-06-10 09:15:00,NSE:LT,631.11363556,636.22476711,622.22471111,625.86917013,2648714.15514338
2013-06-11 09:15:00,NSE:LT,621.64693102,631.11363556,617.33580267,624.44694222,3793896.5744137
2013-06-12 09:15:00,NSE:LT,622.22471111,626.6025064,615.55801778,621.02470631,3626191.24523502
2013-06-13 09:15:00,NSE:LT,614.66912533,624.89138844,614.66912533,618.002472,2492038.28184687
2013-06-14 09:15:00,NSE:LT,625.58028009,642.22479111,625.15805618,640.15811618,2805088.52964588
2013-06-17 09:15:00,NSE:LT,640.00256,648.78037289,634.22475911,648.002592,2701721.69311323
2013-06-18 09:15:00,NSE:LT,646.22480711,650.66926933,636.002544,636.44699022,2511757.20297119
2013-06-19 09:15:00,NSE:LT,637.78032889,640.00256,632.13586187,638.66922133,2169279.32288271
2013-06-20 09:15:00,NSE:LT,630.13585387,630.13585387,616.002464,618.93580907,3549210.05315979
2013-06-21 09:15:00,NSE:LT,618.22469511,627.95806738,613.33578667,618.18025049,3393803.1747873
2013-06-24 09:15:00,NSE:LT,616.44691022,619.53581147,597.78016889,604.002416,3094221.37311451
2013-06-25 09:15:00,NSE:LT,604.35797298,616.29135404,595.8023832,609.78021689,3526521.14391542
2013-06-26 09:15:00,NSE:LT,610.86911013,619.82470151,594.66904533,594.75793458,3969668.12132752
2013-06-27 09:15:00,NSE:LT,608.89132444,609.86910613,593.33570667,601.78018489,6115057.03977184
2013-06-28 09:15:00,NSE:LT,609.33577067,626.66917333,609.33577067,625.64694702,3598156.35737457
2013-07-01 09:15:00,NSE:LT,625.33583467,647.55814578,625.33583467,645.38035929,3219536.87185251
2013-07-02 09:15:00,NSE:LT,644.31368836,644.31368836,631.11363556,632.89142044,2048292.80682877
2013-07-03 09:15:00,NSE:LT,630.13585387,630.13585387,616.89135644,620.44692622,2235546.05781577
2013-07-04 09:15:00,NSE:LT,628.44695822,636.002544,618.4024736,622.22471111,2970246.86901252
2013-07-05 09:15:00,NSE:LT,633.11364356,635.55809778,623.82471751,626.66917333,1762141.20143519
2013-07-08 09:15:00,NSE:LT,624.18027449,627.91362276,616.44691022,623.55804978,2306254.2749829
2013-07-09 09:15:00,NSE:LT,630.66918933,636.75810258,626.55806178,635.24698542,2004510.23195907
2013-07-10 09:15:00,NSE:LT,637.33588267,639.86922613,625.0025,628.002512,2369355.27257891
2013-07-11 09:15:00,NSE:LT,646.53267997,653.33267983,638.33269483,643.4660297,2623679.62435834
2013-07-12 09:15:00,NSE:LT,649.99934983,665.99933383,640.33269283,665.06598809,3020896.52167799
2013-07-15 09:15:00,NSE:LT,663.33266983,673.93265923,661.33267183,669.66599683,2322482.32308312
2013-07-16 09:15:00,NSE:LT,657.53266896,657.53266896,639.36602047,648.33268483,2565176.56584015
2013-07-17 09:15:00,NSE:LT,656.66600983,657.86600196,639.99935983,644.66602183,3068148.06894176
2013-07-18 09:15:00,NSE:LT,646.69934647,659.16600733,645.49935433,657.19933596,2181915.68248012
2013-07-19 09:15:00,NSE:LT,656.86600296,659.69933346,643.83268933,649.59936357,1872307.87279222
2013-07-22 09:15:00,NSE:LT,651.93269456,658.53266796,599.69939348,599.99939984,12103006.6061375
2013-07-23 09:15:00,NSE:LT,602.03272448,615.16605134,591.86606798,599.76608008,9307077.30948493
2013-07-24 09:15:00,NSE:LT,599.99939984,600.66606584,572.89941362,578.73274112,8819582.82186434
2013-07-25 09:15:00,NSE:LT,573.49942635,579.56607362,566.73275312,569.36609049,5297969.29933982
2013-07-26 09:15:00,NSE:LT,573.33275985,582.33275085,562.06609112,563.33276985,3707049.70800868
2013-07-29 09:15:00,NSE:LT,563.99943585,574.13276572,557.33277586,559.29944722,3961695.9627208
2013-07-30 09:15:00,NSE:LT,566.63277322,575.29943122,563.49943635,566.66609985,5122902.62422786
2013-07-31 09:15:00,NSE:LT,567.33276585,569.66609685,556.66610986,564.33276885,3893295.89430304
2013-08-01 09:15:00,NSE:LT,563.99943585,576.59943658,551.99944786,562.66610385,3165394.66621351
2013-08-02 09:15:00,NSE:LT,563.49943635,567.96610522,551.09946209,552.53277399,2316701.31730062
2013-08-05 09:15:00,NSE:LT,554.66611186,558.46611472,540.06611313,541.96613123,3464779.96567626
2013-08-06 09:15:00,NSE:LT,539.79946673,539.79946673,521.79948473,531.99946786,4088924.58998234
2013-08-07 09:15:00,NSE:LT,524.66614186,529.2661506,514.199479,519.06613413,5682082.18355207
2013-08-08 09:15:00,NSE:LT,521.33281187,525.33280786,518.29948823,519.99947987,3485577.48647916
2013-08-12 09:15:00,NSE:LT,526.63281323,537.59947559,521.33281187,527.5994856,4671439.67264812
2013-08-13 09:15:00,NSE:LT,526.66613986,541.06611213,519.99947987,535.33279786,5736392.73787667
2013-08-14 09:15:00,NSE:LT,537.33279586,539.93280659,526.9328196,532.99946686,2667427.1681172
2013-08-16 09:15:00,NSE:LT,527.0327995,529.99946986,503.3661565,506.13283374,5721764.72324487
2013-08-19 09:15:00,NSE:LT,505.99949387,505.99949387,472.23284764,493.33283987,4197311.69839749
2013-08-20 09:15:00,NSE:LT,485.33284787,496.66616987,477.33285588,487.66617887,5477960.47937756
2013-08-21 09:15:00,NSE:LT,495.99950387,513.96615923,469.99952988,476.66618988,5652484.15394638
2013-08-22 09:15:00,NSE:LT,469.99952988,487.29951924,465.23285465,481.89950464,6076087.57765939
2013-08-23 09:15:00,NSE:LT,485.03284151,495.29951124,480.76619911,490.66617587,5540474.54190779
2013-08-26 09:15:00,NSE:LT,496.13284374,506.2661736,489.99950987,494.59951861,3226626.22746092
2013-08-27 09:15:00,NSE:LT,492.26618761,493.33283987,464.99953488,468.73285115,6005878.50743215
2013-08-28 09:15:00,NSE:LT,465.26621461,476.66618988,451.43289512,471.03285551,6160435.66202929
2013-08-29 09:15:00,NSE:LT,477.46619574,488.86617101,476.53285001,479.79952674,7195919.69778119
2013-08-30 09:15:00,NSE:LT,481.93286461,488.66617787,474.16619238,481.33285188,4706269.70748716
2013-09-02 09:15:00,NSE:LT,483.33284987,489.33284387,482.66618388,483.33284987,3400774.90165464
2013-09-03 09:15:00,NSE:LT,488.83284437,491.29951524,460.69953251,462.26621761,3911595.91260779
2013-09-04 09:15:00,NSE:LT,465.33286788,475.49952438,458.26622161,464.43288211,5312427.81380207
2013-09-05 09:15:00,NSE:LT,480.19951301,486.66617987,477.99952188,485.13285474,4638232.63943249
2013-09-06 09:15:00,NSE:LT,488.89949764,507.5995056,485.99951387,500.6994925,5137647.63897669
2013-09-10 09:15:00,NSE:LT,513.33281987,540.43280609,513.33281987,537.89944863,7192492.1943528
2013-09-11 09:15:00,NSE:LT,538.66612786,554.79945172,529.99946986,543.93280259,4813333.81457896
2013-09-12 09:15:00,NSE:LT,549.99944986,553.13278672,538.43280809,543.69944949,3541311.54222764
2013-09-13 09:15:00,NSE:LT,541.96613123,559.33277386,540.66612586,556.86610299,3311872.81272955
2013-09-16 09:15:00,NSE:LT,565.33276785,575.16609135,549.99944986,552.66611386,3746246.24721535
2013-09-17 09:15:00,NSE:LT,551.99944786,555.93279059,543.39944313,548.96612422,1891098.3915876
2013-09-18 09:15:00,NSE:LT,548.79945772,563.33276985,546.13279373,562.66610385,1848909.34938764
2013-09-19 09:15:00,NSE:LT,574.66609185,599.09941408,571.23274862,593.16607335,5395244.39664008
2013-09-20 09:15:00,NSE:LT,591.46608171,591.46608171,555.19943799,566.33276685,4464217.4653723
2013-09-23 09:15:00,NSE:LT,554.66611186,566.66609985,537.99946186,541.16612536,2826308.82703996
2013-09-24 09:15:00,NSE:LT,538.43280809,555.19943799,535.99946386,551.99944786,3117543.11834959
2013-09-25 09:15:00,NSE:LT,551.59946159,560.53276599,544.66612186,555.13278472,2794285.29500814
2013-09-26 09:15:00,NSE:LT,551.89943462,562.66610385,550.33278286,552.83278036,3691581.69253666
2013-09-27 09:15:00,NSE:LT,558.66610786,562.39942412,542.19945099,542.99945686,1913721.41421647
2013-09-30 09:15:00,NSE:LT,540.13279973,541.93280459,522.33281086,524.4328221,3285603.28645323
2013-10-01 09:15:00,NSE:LT,526.866133,535.99946386,517.6994755,534.66613186,3170178.17099826
2013-10-03 09:15:00,NSE:LT,539.99945986,554.26612559,536.69945649,552.99944686,2881165.3819107
2013-10-04 09:15:00,NSE:LT,549.99944986,556.66610986,544.06610913,545.33278786,1934353.93485433
2013-10-07 09:15:00,NSE:LT,548.53277799,548.53277799,534.06611913,539.66612686,2332349.33295268
2013-10-08 09:15:00,NSE:LT,546.66611986,556.66610986,543.46612973,551.33278186,2997118.49789382
2013-10-09 09:15:00,NSE:LT,545.99945386,565.99943385,544.79946173,563.99943585,2702968.20366743
2013-10-10 09:15:00,NSE:LT,563.46610972,569.99942985,560.13277972,563.23275662,2064201.56473555
2013-10-11 09:15:00,NSE:LT,570.66609585,589.93275658,566.66609985,589.93275658,4685211.18642319
2013-10-14 09:15:00,NSE:LT,587.19940598,596.09941708,583.33274985,583.96608922,2546869.04752789
2013-10-15 09:15:00,NSE:LT,589.13275071,593.13274671,572.99942685,578.66608785,2601647.60232062
2013-10-17 09:15:00,NSE:LT,575.99942385,577.89940862,555.66611086,557.26612259,2502421.00306835
2013-10-18 09:15:00,NSE:LT,558.06609512,586.53273998,551.83278136,580.99941885,7851900.35393154
2013-10-21 09:15:00,NSE:LT,589.99940985,619.66604684,589.99940985,617.39936911,10203481.20612072
2013-10-22 09:15:00,NSE:LT,616.66604984,625.99937384,610.76606908,625.8993606,3992481.9935148
2013-10-23 09:15:00,NSE:LT,623.99937584,634.6327052,616.83271634,632.16603434,3742665.74363392
2013-10-24 09:15:00,NSE:LT,630.49936934,648.99935083,628.83270434,642.2326776,5472929.47434525
2013-10-25 09:15:00,NSE:LT,637.99936183,639.83269333,623.79938271,631.83270134,3323962.82482269
2013-10-28 09:15:00,NSE:LT,632.26604757,650.5660026,632.19936097,643.6326962,3632247.63318725
2013-10-29 09:15:00,NSE:LT,643.26603657,653.26602656,627.33270584,651.93269456,4114277.61534193
2013-10-30 09:15:00,NSE:LT,649.4660237,653.33267983,643.99935583,646.6326932,2948911.4496743
2013-10-31 09:15:00,NSE:LT,643.19934997,656.6326832,642.66602383,649.2993572,4199713.20079961
2013-11-01 09:15:00,NSE:LT,648.66601783,657.33267583,646.66601983,653.36600646,3469189.97008741
2013-11-05 09:15:00,NSE:LT,645.99935383,653.7993527,642.7993637,643.99935583,3314160.31501765
2013-11-06 09:15:00,NSE:LT,644.99935483,652.83268033,641.03268547,642.33269083,1842013.84249035
2013-11-07 09:15:00,NSE:LT,641.99935783,656.9660162,636.7326831,638.6327012,2947052.94781531
2013-11-08 09:15:00,NSE:LT,636.53268997,652.66601383,630.0660231,648.66601783,3992888.49392141
2013-11-11 09:15:00,NSE:LT,641.53268497,647.93269857,625.26605457,629.66603684,3367302.36817345
2013-11-12 09:15:00,NSE:LT,629.99936984,639.83269333,615.56603761,620.13271971,2945375.94613788
2013-11-13 09:15:00,NSE:LT,616.29939021,622.33271084,608.06604511,613.16605334,4307627.80874214
2013-11-14 09:15:00,NSE:LT,619.99937984,640.8993456,618.49938134,625.99937384,2848780.34951729
2013-11-18 09:15:00,NSE:LT,634.19935897,653.93269256,634.19935897,653.33267983,3619896.62083304
2013-11-19 09:15:00,NSE:LT,653.33267983,665.33266783,652.66601383,662.66600383,3666791.16773972
2013-11-20 09:15:00,NSE:LT,661.7993447,662.26601756,648.93269757,650.69934247,2002278.50279647
2013-11-21 09:15:00,NSE:LT,646.53267997,651.33268183,630.66603584,632.1327077,3509823.51073146
2013-11-22 09:15:00,NSE:LT,633.33269984,647.2993592,632.2993742,646.19934697,2229486.73006347
2013-11-25 09:15:00,NSE:LT,646.76603307,669.83266333,646.76603307,668.96599753,4170091.17116992
2013-11-26 09:15:00,NSE:LT,665.86599396,677.59932222,664.66600183,670.43266273,4268603.76970801
2013-11-27 09:15:00,NSE:LT,669.33266383,673.33265983,659.33267383,671.33266183,2749063.2497744
2013-11-28 09:15:00,NSE:LT,673.33265983,685.66598082,672.86599363,681.23265192,3786029.28700869
2013-11-29 09:15:00,NSE:LT,682.23265092,699.19930062,677.56598892,698.43263472,3379234.88010905
2013-12-02 09:15:00,NSE:LT,694.66597182,715.99928381,693.46597302,715.33261781,3499139.00004418
2013-12-03 09:15:00,NSE:LT,709.99928982,722.66594381,701.86596462,704.33262882,3915416.41642929
2013-12-04 09:15:00,NSE:LT,697.39930242,702.43263072,688.43264472,694.23263892,3999610.00064465
2013-12-05 09:15:00,NSE:LT,710.16595632,726.59927321,710.16595632,724.73260841,5140785.6421155
2013-12-06 09:15:00,NSE:LT,721.06594541,733.33259981,721.06594541,733.23259991,4490942.99210474
2013-12-09 09:15:00,NSE:LT,749.33258381,769.5992302,749.33258381,759.6992401,10249003.25165454
2013-12-10 09:15:00,NSE:LT,761.9992378,761.9992378,728.69927111,733.16593331,5716009.21748788
2013-12-11 09:15:00,NSE:LT,725.99927381,727.73260541,717.36594911,722.66594381,3671112.67206234
2013-12-12 09:15:00,NSE:LT,713.33261982,719.19928061,705.96596052,709.99928982,2607296.60797108
2013-12-13 09:15:00,NSE:LT,700.03263312,705.43262772,695.89930392,701.33263182,2455013.45564854
2013-12-16 09:15:00,NSE:LT,700.99929882,713.26595322,697.73263542,704.66596182,2871386.87212966
2013-12-17 09:15:00,NSE:LT,712.73262042,715.99928381,705.06596142,708.39929142,1781412.28187311
2013-12-18 09:15:00,NSE:LT,709.03262412,733.29926651,709.03262412,729.99926981,3677760.67871207
2013-12-19 09:15:00,NSE:LT,735.99926381,737.79926201,704.69929512,708.53262462,3006415.50719323
2013-12-20 09:15:00,NSE:LT,704.19929562,709.33262382,695.43263772,708.66595782,3290517.29136851
2013-12-23 09:15:00,NSE:LT,710.36595612,719.96594651,709.43262372,711.99928782,1976617.9771293
2013-12-24 09:15:00,NSE:LT,714.86595162,723.73260941,714.29928552,717.13261601,1472158.4725393
2013-12-26 09:15:00,NSE:LT,716.66594981,722.96594351,710.53262262,713.66595282,3320449.82130878
2013-12-27 09:15:00,NSE:LT,714.59928522,725.99927381,713.33261982,718.26594821,1130764.13105665
2013-12-30 09:15:00,NSE:LT,718.33261481,721.33261181,705.46596102,709.33262382,1315139.81548003
2013-12-31 09:15:00,NSE:LT,709.33262382,715.43261771,708.66595782,713.76595272,807740.30794926
2014-01-01 09:15:00,NSE:LT,716.76594971,719.93261321,710.93262222,711.33262182,694319.19449881
2014-01-02 09:15:00,NSE:LT,711.49928832,719.93261321,685.53264762,689.33264382,2322503.32310413
2014-01-03 09:15:00,NSE:LT,679.99931982,688.63264452,672.03266113,676.16599033,3701606.20256376
2014-01-06 09:15:00,NSE:LT,674.73265843,683.96598252,666.69933313,673.26599323,2579620.0802874
2014-01-07 09:15:00,NSE:LT,676.66598982,685.69931412,672.06599443,679.33265382,2833415.8341488
2014-01-08 09:15:00,NSE:LT,681.33265182,683.93264922,664.49933533,665.86599396,3084268.58506645
2014-01-09 09:15:00,NSE:LT,665.89932059,669.33266383,646.66601983,648.16601833,4402969.4041084
2014-01-10 09:15:00,NSE:LT,648.49935133,655.99934383,634.33269884,637.99936183,4818328.81957526
2014-01-13 09:15:00,NSE:LT,636.7326831,658.59935456,636.7326831,657.99934183,3526032.52694467
2014-01-14 09:15:00,NSE:LT,652.03267446,664.53266196,645.33268783,648.7993577,2725888.22659338
2014-01-15 09:15:00,NSE:LT,650.19934297,668.99933083,650.19934297,664.99933483,2702494.20319331
2014-01-16 09:15:00,NSE:LT,670.39932943,675.29932453,660.86599896,668.23266493,2767078.26779408
2014-01-17 09:15:00,NSE:LT,666.19932696,674.43265873,663.76601606,668.69933113,2133015.63356742
2014-01-20 09:15:00,NSE:LT,667.99933183,673.26599323,659.49934033,667.76599873,2311658.31225631
2014-01-21 09:15:00,NSE:LT,670.86599563,678.36598812,670.03266313,675.66599083,1709857.71030003
2014-01-22 09:15:00,NSE:LT,675.93265723,678.19932162,664.36599546,672.23266093,3245712.24655187
2014-01-23 09:15:00,NSE:LT,673.39932643,695.59930422,673.39932643,687.66597882,6787541.28929714
2014-01-24 09:15:00,NSE:LT,685.99931382,686.29931352,669.43266373,670.96599553,3782709.78368832
2014-01-27 09:15:00,NSE:LT,659.1326807,661.6326782,648.69934447,654.99934483,3345745.84661135
2014-01-28 09:15:00,NSE:LT,652.66601383,664.36599546,649.33268383,655.7326641,3471946.97284512
2014-01-29 09:15:00,NSE:LT,660.69933246,670.66599583,659.09935406,663.26601656,2601382.10205505
2014-01-30 09:15:00,NSE:LT,652.6326872,658.2993482,649.59936357,652.66601383,2887873.38862045
2014-01-31 09:15:00,NSE:LT,656.8993296,663.73265609,650.43269607,657.53266896,2014067.01458803
2014-02-03 09:15:00,NSE:LT,653.99934583,659.7993467,650.26602957,652.33268083,1745136.24558769
2014-02-04 09:15:00,NSE:LT,645.76603407,659.2326606,643.3993431,656.53266996,1948260.44876444
2014-02-05 09:15:00,NSE:LT,653.33267983,658.99934083,649.9660232,656.33267683,2288966.28955842
2014-02-06 09:15:00,NSE:LT,657.33267583,659.33267383,645.99935383,649.19934397,2699860.20055862
2014-02-07 09:15:00,NSE:LT,655.53267096,658.59935456,650.7993557,655.3993311,2114171.11471802
2014-02-10 09:15:00,NSE:LT,657.49934233,667.29933253,652.66601383,665.09934806,2414274.91489946
2014-02-11 09:15:00,NSE:LT,664.26601556,671.33266183,658.2326616,661.49933833,1820485.82095676
2014-02-12 09:15:00,NSE:LT,666.66599983,678.63265452,662.6326772,673.66599283,2079209.07974695
2014-02-13 09:15:00,NSE:LT,675.33265783,677.29932252,656.93268956,657.9660152,1827123.32759598
2014-02-14 09:15:00,NSE:LT,661.69933146,665.33266783,650.66601583,661.83267133,1588462.5888735
2014-02-17 09:15:00,NSE:LT,664.09934906,669.73266343,658.99934083,665.53266096,1273682.77401226
2014-02-18 09:15:00,NSE:LT,665.36599446,681.19931862,660.26601956,678.26598822,3418381.91926621
2014-02-19 09:15:00,NSE:LT,677.99932182,689.16597732,675.83265733,687.53264562,2676046.17673844
2014-02-20 09:15:00,NSE:LT,681.86598462,692.63264052,677.63265552,689.76597672,2632168.13284904
2014-02-21 09:15:00,NSE:LT,691.33264182,704.66596182,691.13264202,703.43262972,2793136.29385884
2014-02-24 09:15:00,NSE:LT,701.06596542,725.99927381,700.06596642,723.09927671,3940518.94153831
2014-02-25 09:15:00,NSE:LT,724.36594211,726.59927321,714.99928482,725.26594121,2892158.89290706
2014-02-26 09:15:00,NSE:LT,722.46594401,733.29926651,721.43261171,731.09926871,3813252.81423926
2014-02-28 09:15:00,NSE:LT,727.46593901,743.13259001,727.46593901,739.76592671,3390915.39179258
2014-03-03 09:15:00,NSE:LT,733.69926611,735.16593131,724.43260871,731.69926811,1801498.80196483
2014-03-04 09:15:00,NSE:LT,728.66593781,747.39925241,726.33260681,744.46592201,2621675.62235382
2014-03-05 09:15:00,NSE:LT,749.19925061,754.132579,742.79925701,748.89925091,2453525.45416015
2014-03-06 09:15:00,NSE:LT,749.49925031,763.6659028,745.89925391,761.6659048,2598482.59915479
2014-03-07 09:15:00,NSE:LT,761.9992378,815.33251779,761.9992378,799.09920069,9813329.3158679
2014-03-10 09:15:00,NSE:LT,792.83254029,827.99917179,792.83254029,824.59917519,6267508.7691301
2014-03-11 09:15:00,NSE:LT,821.23251189,837.23249588,812.43252069,820.03251309,4450603.45175477
2014-03-12 09:15:00,NSE:LT,816.66584979,819.99917979,804.66586179,812.16585429,3076798.57759451
2014-03-13 09:15:00,NSE:LT,812.66585379,825.23250789,812.66585379,816.79918299,2942420.94318211
2014-03-14 09:15:00,NSE:LT,811.66585479,842.29915748,801.13253199,836.63249648,4093330.09438899
2014-03-18 09:15:00,NSE:LT,835.99916378,845.69915408,821.99917779,827.03250609,3189528.19035328
2014-03-19 09:15:00,NSE:LT,826.26584019,836.19916358,819.46584699,830.66583579,2946184.44694659
2014-03-20 09:15:00,NSE:LT,819.99917979,829.23250389,810.66585579,812.69918709,2957195.95796095
2014-03-21 09:15:00,NSE:LT,816.09918369,823.33250979,806.99919279,811.06585539,3006927.00770486
2014-03-24 09:15:00,NSE:LT,818.99918079,825.63250749,811.23252189,820.23251289,4826052.32730077
2014-03-25 09:15:00,NSE:LT,819.99917979,833.33249978,815.06585139,832.29916748,3608034.60896796
2014-03-26 09:15:00,NSE:LT,834.66583178,852.46581398,834.29916548,850.53248258,4239247.24034388
2014-03-27 09:15:00,NSE:LT,849.96581648,864.06580238,845.69915408,855.73247738,6435504.43716922
2014-03-28 09:15:00,NSE:LT,859.99913978,861.59913818,840.23249288,858.76580768,2952046.45281011
2014-03-31 09:15:00,NSE:LT,859.99913978,868.16579828,843.23248988,847.93248518,3946086.94710775
2014-04-01 09:15:00,NSE:LT,848.73248438,859.99913978,835.99916378,852.69914708,2856472.35721129
2014-04-02 09:15:00,NSE:LT,859.99913978,873.33245977,850.03248308,866.96579948,3237924.23876185
2014-04-03 09:15:00,NSE:LT,863.39913638,865.29913448,836.39916338,860.06580638,4524078.02524835
2014-04-04 09:15:00,NSE:LT,859.26580718,859.26580718,844.53248858,851.39914838,3040356.04114254
2014-04-07 09:15:00,NSE:LT,850.86581558,863.16580328,844.79915498,856.23247688,2376561.87717666
2014-04-09 09:15:00,NSE:LT,859.33247378,872.53246057,851.63248148,865.36580108,4062908.56395959
2014-04-10 09:15:00,NSE:LT,864.16580228,884.83244827,862.69913708,876.16579027,4725342.22656461
2014-04-11 09:15:00,NSE:LT,870.76579567,872.26579417,860.03247308,865.66580078,2806798.30752439
2014-04-15 09:15:00,NSE:LT,860.43247268,874.39912537,850.66581578,865.23246788,2215815.71638892
2014-04-16 09:15:00,NSE:LT,860.89913888,863.26580318,837.33249578,839.93249318,2713375.21407713
2014-04-17 09:15:00,NSE:LT,840.36582608,851.26581518,827.99917179,845.96582048,4721802.2230237
2014-04-21 09:15:00,NSE:LT,847.99915178,883.33244977,847.99915178,881.69911807,3254263.75510559
2014-04-22 09:15:00,NSE:LT,883.33244977,903.33242977,878.03245507,897.69910207,4476650.97780903
2014-04-23 09:15:00,NSE:LT,909.99908976,925.66574076,900.79909897,917.56574886,4769427.27066106
2014-04-25 09:15:00,NSE:LT,916.59908316,918.76574766,896.66576977,899.93243317,4510087.51125422
2014-04-28 09:15:00,NSE:LT,899.99909977,909.26575716,883.33244977,885.66578077,4266416.76752044
2014-04-29 09:15:00,NSE:LT,889.99910977,894.49910527,871.69912807,880.93245217,3339328.84019268
2014-04-30 09:15:00,NSE:LT,887.33244577,889.86577657,854.29914548,862.73247038,3469717.97061554
2014-05-02 09:15:00,NSE:LT,867.29913248,873.33245977,840.03249308,842.36582408,2832490.33322306
2014-05-05 09:15:00,NSE:LT,842.73249038,863.33246978,834.13249898,855.96581048,2194437.69500537
2014-05-06 09:15:00,NSE:LT,861.03247208,869.79912997,859.26580718,866.66579978,1984608.48512188
2014-05-07 09:15:00,NSE:LT,865.13246798,875.33245777,859.36580708,863.73246938,2302160.30275584
2014-05-08 09:15:00,NSE:LT,868.33246478,871.86579457,850.66581578,866.09913368,3285171.28602112
2014-05-09 09:15:00,NSE:LT,864.33246878,899.29910047,858.79914098,895.13243797,4375514.87664677
2014-05-12 09:15:00,NSE:LT,899.99909977,927.33240576,898.43243467,924.83240826,3919364.42037831
2014-05-13 09:15:00,NSE:LT,933.33239976,960.66570575,933.33239976,939.53239356,5188623.68996592
2014-05-14 09:15:00,NSE:LT,943.33238976,949.99904975,920.29907946,929.66573676,3231379.73221565
2014-05-15 09:15:00,NSE:LT,929.46573696,933.33239976,913.99908576,918.93241416,3786323.28730276
2014-05-16 09:15:00,NSE:LT,966.66569975,996.66566974,925.69907406,951.79904795,11804342.80739645
2014-05-19 09:15:00,NSE:LT,960.13237295,1022.59897714,960.13237295,1016.36565004,5544806.54624092
2014-05-20 09:15:00,NSE:LT,1022.66564374,1025.26564113,998.19900154,1006.23232684,3532727.03364091
2014-05-21 09:15:00,NSE:LT,1007.39899234,1008.29899144,980.16568625,984.03234905,3201145.7019738
2014-05-22 09:15:00,NSE:LT,993.33233974,1004.59899514,983.33234975,987.09901264,3015096.01587598
2014-05-23 09:15:00,NSE:LT,989.33234374,1014.26565214,989.19901054,1009.33232374,2387223.88784143
2014-05-26 09:15:00,NSE:LT,1025.33230773,1084.89891482,1002.19899754,1032.16563423,7535443.53739286
2014-05-27 09:15:00,NSE:LT,1033.33229973,1051.76561463,1014.96565144,1044.03228903,3261097.76194137
2014-05-28 09:15:00,NSE:LT,1046.83228623,1068.79893092,1046.09895363,1051.39894833,3189789.19061435
2014-05-29 09:15:00,NSE:LT,1051.79894793,1059.96560643,1021.33231174,1033.09896663,3391971.39284885
2014-05-30 09:15:00,NSE:LT,1038.99896073,1055.99894373,1026.19897353,1030.33230273,2490954.99159937
2014-06-02 09:15:00,NSE:LT,1076.59892312,1103.33222971,1069.33226372,1097.33223572,6711378.71311486
2014-06-03 09:15:00,NSE:LT,1100.66556572,1116.33221671,1095.29890442,1102.23223081,4200803.7018904
2014-06-04 09:15:00,NSE:LT,1107.99889171,1119.96554641,1097.33223572,1116.43221661,2499421.00006757
2014-06-05 09:15:00,NSE:LT,1119.83221321,1129.33220371,1108.89889081,1121.23221181,3696324.69728089
2014-06-06 09:15:00,NSE:LT,1129.99886971,1133.33219971,1115.43221761,1127.36553901,3277182.27803004
2014-06-09 09:15:00,NSE:LT,1133.33219971,1184.39881529,1025.99897373,1168.0988316,5893858.39538306
2014-06-10 09:15:00,NSE:LT,1170.5321625,1171.9988277,1146.4655199,1159.2988404,3124299.12510734
2014-06-11 09:15:00,NSE:LT,1161.3321717,1163.3321697,1139.33219371,1144.9655214,4316728.317845
2014-06-12 09:15:00,NSE:LT,1147.698852,1155.1988445,1139.99885971,1148.2655181,1378805.87916256
2014-06-13 09:15:00,NSE:LT,1149.3321837,1165.9988337,1113.53221951,1123.96554241,2794631.79535473
2014-06-16 09:15:00,NSE:LT,1122.66554371,1123.33220971,1091.83224122,1100.33223272,2210660.21123208
2014-06-17 09:15:00,NSE:LT,1090.66557572,1129.79886991,1090.66557572,1123.03221001,2791133.79185582
2014-06-18 09:15:00,NSE:LT,1122.66554371,1138.66552771,1100.66556572,1114.23221881,2892598.39334667
2014-06-19 09:15:00,NSE:LT,1120.99887871,1130.83220221,1099.99889972,1104.46556191,1613634.11405154
2014-06-20 09:15:00,NSE:LT,1112.53222051,1114.13221891,1093.73223932,1098.63223442,1485904.48628887
2014-06-23 09:15:00,NSE:LT,1101.33223172,1111.26555511,1084.96558142,1104.76556161,2017128.51765032
2014-06-24 09:15:00,NSE:LT,1109.06555731,1132.99886671,1103.53222951,1113.63221941,2484654.98529774
2014-06-25 09:15:00,NSE:LT,1116.46554991,1119.59888011,1096.53223652,1100.03223302,1570333.5707398
2014-06-26 09:15:00,NSE:LT,1107.53222551,1125.19887451,1100.66556572,1115.69888401,2534930.53558629
2014-06-27 09:15:00,NSE:LT,1117.46554891,1125.33220771,1108.06555831,1111.53222151,1327366.3277097
2014-06-30 09:15:00,NSE:LT,1116.66554971,1143.3321897,1114.66555171,1134.46553191,2685539.6862344
2014-07-01 09:15:00,NSE:LT,1141.3321917,1154.5988451,1138.43219461,1150.8988488,1997302.99781968
2014-07-02 09:15:00,NSE:LT,1163.2988364,1173.3321597,1154.4655119,1169.2988304,2128131.62868215
2014-07-03 09:15:00,NSE:LT,1173.3321597,1177.2654891,1163.3988363,1168.2321648,2313725.31432385
2014-07-04 09:15:00,NSE:LT,1174.6654917,1174.6654917,1150.3321827,1161.7988379,1657804.65823351
2014-07-07 09:15:00,NSE:LT,1166.6654997,1169.9988297,1159.1655072,1166.2321668,1767927.26838461
2014-07-08 09:15:00,NSE:LT,1169.9988297,1174.5321585,1108.16555821,1115.03221801,4277099.77820621
2014-07-09 09:15:00,NSE:LT,1126.66553971,1131.06553531,1084.39891532,1101.09889862,3643761.64470424
2014-07-10 09:15:00,NSE:LT,1107.39889231,1144.9655214,1073.99892572,1103.16556321,5212545.71389413
2014-07-11 09:15:00,NSE:LT,1103.99889571,1115.63221741,1033.33229973,1049.56561683,4338269.8393921
2014-07-14 09:15:00,NSE:LT,1049.99894973,1071.33226172,1033.73229933,1064.96560142,2333919.83452359
2014-07-15 09:15:00,NSE:LT,1079.99891972,1094.03223902,1069.99892972,1089.09891062,2732495.7332026
2014-07-16 09:15:00,NSE:LT,1097.53223552,1115.99888371,1079.19892052,1106.03222701,2329226.32982887
2014-07-17 09:15:00,NSE:LT,1100.66556572,1116.66554971,1098.86556752,1112.63222041,1217438.71775365
2014-07-18 09:15:00,NSE:LT,1106.66555971,1130.56553581,1097.86556852,1124.33220871,1997388.4979052
2014-07-21 09:15:00,NSE:LT,1123.69887601,1132.53220051,1110.19888951,1113.49888621,1887468.38795665
2014-07-22 09:15:00,NSE:LT,1115.33221771,1122.79887691,1089.53224352,1103.29889641,1536591.03698853
2014-07-23 09:15:00,NSE:LT,1109.23222381,1117.99888171,1100.16556622,1102.36556401,1801549.80201584
2014-07-24 09:15:00,NSE:LT,1103.43222961,1112.99888671,1091.76557462,1108.96555741,1650942.15136923
2014-07-25 09:15:00,NSE:LT,1111.33222171,1112.99888671,1092.13224092,1105.33222771,1344508.34485615
2014-07-28 09:15:00,NSE:LT,1108.96555741,1112.93222011,1090.09890962,1094.06557232,2294472.79506635
2014-07-30 09:15:00,NSE:LT,1058.59894113,1058.59894113,1007.99899174,1016.06565034,13149242.6526442
2014-07-31 09:15:00,NSE:LT,1018.66564774,1027.33230573,999.53233354,1001.93233114,7753995.25600112
2014-08-01 09:15:00,NSE:LT,991.93234114,1001.86566454,975.39902435,979.13235395,6859367.36114179
2014-08-04 09:15:00,NSE:LT,984.06568235,998.63233444,984.06568235,995.96567044,4058348.5593984
2014-08-05 09:15:00,NSE:LT,999.99899974,1001.03233204,983.39901635,993.36567304,2510003.51065282
2014-08-06 09:15:00,NSE:LT,989.33234374,1007.19899254,986.69901304,988.86567754,3269773.77061962
2014-08-07 09:15:00,NSE:LT,994.99900474,997.29900244,984.36568205,987.93234514,1772377.77283627
2014-08-08 09:15:00,NSE:LT,978.89902085,983.33234975,959.99903975,961.86570455,3253363.75420536
2014-08-11 09:15:00,NSE:LT,966.79903295,979.96568645,966.79903295,975.16569125,2653019.65370596
2014-08-12 09:15:00,NSE:LT,978.16568825,995.33233774,978.16568825,992.73234034,2213151.71372423
2014-08-13 09:15:00,NSE:LT,985.19901455,985.33234775,961.13237195,969.06569735,2688091.18878657
2014-08-14 09:15:00,NSE:LT,975.43235765,993.16567324,971.99902775,989.39901034,2250749.25133149
2014-08-18 09:15:00,NSE:LT,990.06567634,1016.59898314,989.19901054,1010.66565574,3954629.45565247
2014-08-19 09:15:00,NSE:LT,1018.73231434,1029.86563653,1014.66565174,1021.76564464,3303579.3044339
2014-08-20 09:15:00,NSE:LT,1023.33230974,1026.43230663,1007.69899204,1011.93232114,1420567.4209349
2014-08-21 09:15:00,NSE:LT,1013.13231994,1025.33230773,1004.36566204,1022.29897744,2482076.48271857
2014-08-22 09:15:00,NSE:LT,1025.53230753,1038.59896113,1020.66564574,1026.66563973,2614007.61468383
2014-08-25 09:15:00,NSE:LT,1029.99896973,1033.33229973,1013.33231974,1018.29898144,1714195.71463916
2014-08-26 09:15:00,NSE:LT,1013.33231974,1015.16565124,993.33233974,1004.13232894,2759890.26060421
2014-08-27 09:15:00,NSE:LT,1010.66565574,1013.16565324,996.79900294,1002.43233064,2603059.10373248
2014-08-28 09:15:00,NSE:LT,1005.53232754,1023.33230974,1005.53232754,1017.66564874,3008886.00966437
2014-09-01 09:15:00,NSE:LT,1023.33230974,1053.93227913,1023.33230974,1051.56561483,3557885.05880544
2014-09-02 09:15:00,NSE:LT,1053.33227973,1064.73226832,1037.83229523,1052.89894683,2650213.15089873
2014-09-03 09:15:00,NSE:LT,1055.63227743,1071.99892772,1052.13228093,1065.46560092,3937875.93889462
2014-09-04 09:15:00,NSE:LT,1069.89892982,1069.89892982,1048.66561773,1059.96560643,1717582.71802704
2014-09-05 09:15:00,NSE:LT,1059.99893973,1080.83225222,1054.66561173,1075.06559132,2508049.00869781
2014-09-08 09:15:00,NSE:LT,1081.46558492,1088.46557792,1077.99892172,1086.26558012,2037936.53846373
2014-09-09 09:15:00,NSE:LT,1086.26558012,1086.26558012,1067.49893222,1070.16559622,1648012.64843897
2014-09-10 09:15:00,NSE:LT,1064.66560172,1065.93226712,1053.33227973,1056.73227633,1970535.47104522
2014-09-11 09:15:00,NSE:LT,1063.33226972,1072.66559372,1057.16560923,1063.43226962,1703542.70398339
2014-09-12 09:15:00,NSE:LT,1064.26560212,1071.06559532,1049.99894973,1052.46561393,1810774.81124324
2014-09-15 09:15:00,NSE:LT,1046.03228703,1048.99895073,1036.73229633,1040.36562603,1171499.67180272
2014-09-16 09:15:00,NSE:LT,1042.99895673,1045.59895413,1005.36566104,1010.43232264,2086848.58738843
2014-09-17 09:15:00,NSE:LT,1019.99897974,1021.99897774,1000.13233294,1012.76565364,2430666.93129572
2014-09-18 09:15:00,NSE:LT,1007.73232534,1054.66561173,1007.73232534,1049.46561693,2263373.26395877
2014-09-19 09:15:00,NSE:LT,1052.13228093,1059.63227343,1018.66564774,1021.63231144,2851130.8518684
2014-09-22 09:15:00,NSE:LT,1015.93231714,1028.66563773,1010.86565554,1022.13231094,1744294.74474597
2014-09-23 09:15:00,NSE:LT,1013.33231974,1017.36564904,993.49900624,997.16566924,2434548.93517872
2014-09-24 09:15:00,NSE:LT,999.99899974,1004.46566194,958.63237445,975.99902375,3623156.12409339
2014-09-25 09:15:00,NSE:LT,979.99901975,984.33234875,954.43237865,964.73236835,2664184.16487336
2014-09-26 09:15:00,NSE:LT,955.69904405,986.63234644,955.69904405,983.99901575,2586991.08766031
2014-09-29 09:15:00,NSE:LT,983.89901585,990.53234254,964.56570185,979.06568735,1763740.76419702
2014-09-30 09:15:00,NSE:LT,973.36569305,999.86566654,967.33236575,972.16569425,2474360.47500056
2014-10-01 09:15:00,NSE:LT,972.16569425,978.59902115,961.59903815,964.56570185,1696512.19695106
2014-10-07 09:15:00,NSE:LT,956.66570975,972.36569405,936.66572976,943.19905656,3002661.00343775
2014-10-08 09:15:00,NSE:LT,933.99906576,968.46569795,933.99906576,964.83236825,2570923.07158814
2014-10-09 09:15:00,NSE:LT,970.66569575,994.99900474,970.66569575,991.26567514,2460470.46110695
2014-10-10 09:15:00,NSE:LT,981.19901855,985.06568135,962.66570375,974.46569195,2465219.46585719
2014-10-13 09:15:00,NSE:LT,964.93236815,969.33236375,955.43237765,963.86570255,2268108.7686955
2014-10-14 09:15:00,NSE:LT,970.16569625,973.93235915,957.59904215,959.93237315,2222280.7228556
2014-10-16 09:15:00,NSE:LT,951.09904865,959.99903975,946.33238676,949.13238395,2213429.2140018
2014-10-17 09:15:00,NSE:LT,954.09904565,974.86569155,951.43238165,968.59903115,3123664.62447268
2014-10-20 09:15:00,NSE:LT,988.19901154,1001.99899774,984.79901495,996.83233624,2714396.7150989
2014-10-21 09:15:00,NSE:LT,998.33233474,1010.63232244,994.96567144,1007.99899174,1853869.85434943
2014-10-22 09:15:00,NSE:LT,1019.99897974,1039.99895973,1017.06564934,1035.83229723,3645717.64666075
2014-10-23 09:15:00,NSE:LT,1041.73229133,1043.33228973,1035.29896443,1038.96562743,472308.47243065
2014-10-27 09:15:00,NSE:LT,1043.99895573,1053.89894583,1040.59895913,1044.89895483,3198231.19905854
2014-10-28 09:15:00,NSE:LT,1053.33227973,1061.19893853,1048.33228473,1050.99894873,1867965.36844859
2014-10-29 09:15:00,NSE:LT,1059.99893973,1059.99893973,1044.39895533,1051.46561493,1314041.81438174
2014-10-30 09:15:00,NSE:LT,1047.99895173,1067.26559912,1047.99895173,1065.13226792,2742092.74280209
2014-10-31 09:15:00,NSE:LT,1068.36559802,1108.99889071,1068.36559802,1103.63222941,3781299.78227796
2014-11-03 09:15:00,NSE:LT,1107.33222571,1117.06554931,1099.03223402,1105.19889451,2578882.0795492
2014-11-05 09:15:00,NSE:LT,1106.66555971,1117.26554911,1103.13222991,1110.59888911,2419616.42024235
2014-11-07 09:15:00,NSE:LT,1114.79888491,1128.59887111,1086.66557972,1102.53223051,3786603.78758333
2014-11-10 09:15:00,NSE:LT,1076.66558972,1097.19890252,1062.33227073,1079.59892012,4498920.00008382
2014-11-11 09:15:00,NSE:LT,1083.99891572,1093.26557312,1077.69892202,1091.46557492,1984458.48497184
2014-11-12 09:15:00,NSE:LT,1093.99890572,1095.99890372,1072.19892752,1075.66559072,1937982.43848377
2014-11-13 09:15:00,NSE:LT,1079.99891972,1092.66557372,1072.96559342,1077.59892212,1714053.21449662
2014-11-14 09:15:00,NSE:LT,1080.33225272,1088.59891112,1072.66559372,1081.09891862,1522413.02280685
2014-11-17 09:15:00,NSE:LT,1080.66558572,1085.33224772,1065.33226772,1077.23225582,1502211.00259961
2014-11-18 09:15:00,NSE:LT,1077.73225532,1100.39889932,1077.66558872,1096.39890332,2021487.52201046
2014-11-19 09:15:00,NSE:LT,1099.79889992,1116.59888311,1098.66556772,1105.73222731,2530607.53126217
2014-11-20 09:15:00,NSE:LT,1108.73222431,1111.29888841,1086.69891302,1096.63223642,1216286.71660136
2014-11-21 09:15:00,NSE:LT,1093.33223972,1115.83221721,1086.66557972,1110.86555551,1920030.42052711
2014-11-24 09:15:00,NSE:LT,1113.99888571,1121.29887841,1099.53223352,1113.23221981,2035973.03649972
2014-11-25 09:15:00,NSE:LT,1113.33221971,1113.99888571,1081.79891792,1091.19890852,2391168.89178746
2014-11-26 09:15:00,NSE:LT,1091.99890772,1097.86556852,1082.76558362,1087.33224572,2177280.67784391
2014-11-27 09:15:00,NSE:LT,1090.03224302,1093.99890572,1073.99892572,1079.43225362,2207177.20774818
2014-11-28 09:15:00,NSE:LT,1084.86558152,1104.36556201,1084.86558152,1092.89890682,2598370.09904227
2014-12-01 09:15:00,NSE:LT,1087.46557892,1093.83223922,1068.29893142,1081.33225172,1493084.99347124
2014-12-02 09:15:00,NSE:LT,1079.06558732,1103.33222971,1077.33225572,1093.09890662,1361465.86181806
2014-12-03 09:15:00,NSE:LT,1093.99890572,1102.49889721,1088.66557772,1096.09890362,1616704.61712284
2014-12-04 09:15:00,NSE:LT,1097.26556912,1103.33222971,1083.33224972,1086.19891352,1773840.27429914
2014-12-05 09:15:00,NSE:LT,1089.46557692,1103.33222971,1079.53225352,1085.66558072,2146857.64741301
2014-12-08 09:15:00,NSE:LT,1086.66557972,1090.76557562,1062.86560353,1067.86559852,1585638.08604827
2014-12-09 09:15:00,NSE:LT,1064.76560162,1067.33226572,1033.99896573,1039.73229333,2569561.07022578
2014-12-10 09:15:00,NSE:LT,1033.33229973,1043.43228963,1025.83230723,1029.53230353,3034129.53491443
2014-12-11 09:15:00,NSE:LT,1026.66563973,1038.93229413,1001.93233114,1025.39897433,4328839.32995915
2014-12-12 09:15:00,NSE:LT,1028.66563773,1034.83229823,1003.33232974,1007.29899244,3774429.77540617
2014-12-15 09:15:00,NSE:LT,999.99899974,1011.99898774,996.16567024,1000.79899894,2593511.5941825
2014-12-16 09:15:00,NSE:LT,993.33233974,1007.33232574,985.79901394,988.89901084,2809618.31034512
2014-12-17 09:15:00,NSE:LT,985.03234805,996.13233694,966.79903295,978.99902075,5619428.6208823
2014-12-18 09:15:00,NSE:LT,996.83233624,1005.99899374,986.23234684,1004.26566214,2815367.81609612
2014-12-19 09:15:00,NSE:LT,1015.76565064,1031.13230193,1011.99898774,1023.43230964,3407028.40790976
2014-12-22 09:15:00,NSE:LT,1025.33230773,1029.26563713,1009.69899004,1016.13231694,1321837.32217927
2014-12-23 09:15:00,NSE:LT,1016.66564974,1026.26564013,994.93233814,998.53233454,1721755.72220112
2014-12-24 09:15:00,NSE:LT,998.73233434,1004.96566144,980.36568605,985.23234785,4556035.55721415
2014-12-26 09:15:00,NSE:LT,988.79901094,998.59900114,984.66568175,993.46567294,1010930.51119203
2014-12-29 09:15:00,NSE:LT,996.76566964,1003.99899574,990.79900894,993.53233954,1193695.19400399
2014-12-30 09:15:00,NSE:LT,1002.79899694,1007.33232574,995.53233754,998.83233424,1373810.87416626
2014-12-31 09:15:00,NSE:LT,995.49900424,1003.86566254,994.66567174,996.43233664,1255717.25604209
2015-01-01 09:15:00,NSE:LT,995.86567054,1004.59899514,994.66567174,1001.96566444,674298.67447311
2015-01-02 09:15:00,NSE:LT,1000.99899874,1025.99897373,1000.99899874,1023.09897664,1936585.93708691
2015-01-05 09:15:00,NSE:LT,1030.23230283,1047.33228573,1030.23230283,1037.33229573,2176529.17709222
2015-01-06 09:15:00,NSE:LT,1027.33230573,1029.83230323,997.36566904,1002.73233034,3048028.54881704
2015-01-07 09:15:00,NSE:LT,999.16566724,1006.66565974,990.36567604,1000.33233274,2063637.5641714
2015-01-08 09:15:00,NSE:LT,1012.99898674,1015.66565074,1002.76566364,1006.69899304,1455955.45633209
2015-01-09 09:15:00,NSE:LT,1014.66565174,1015.99898374,991.99900774,1000.16566624,1735731.23618025
2015-01-12 09:15:00,NSE:LT,1002.59899714,1024.66564173,996.73233634,1022.79897694,1535322.0357192
2015-01-13 09:15:00,NSE:LT,1029.96563643,1031.43230163,1010.79898894,1012.99898674,1318349.81869086
2015-01-14 09:15:00,NSE:LT,1014.99898474,1022.73231034,999.99899974,1011.99898774,1476892.47727453
2015-01-15 09:15:00,NSE:LT,1029.99896973,1057.46560893,1023.66564274,1049.13228393,3419094.4199789
2015-01-16 09:15:00,NSE:LT,1054.99894473,1074.66559172,1039.99895973,1061.16560523,4195031.6961169
2015-01-19 09:15:00,NSE:LT,1068.66559772,1081.99891772,1067.93226512,1076.56558982,2087949.58848972
2015-01-20 09:15:00,NSE:LT,1081.26558512,1089.33224372,1067.33226572,1086.36558002,2088780.58932093
2015-01-21 09:15:00,NSE:LT,1089.19891052,1112.13222091,1087.16557922,1103.03223001,3705240.70619921
2015-01-22 09:15:00,NSE:LT,1103.99889571,1112.66555371,1102.23223081,1108.86555751,1811175.31164384
2015-01-23 09:15:00,NSE:LT,1116.66554971,1143.9655224,1116.66554971,1140.8655255,4374215.87534743
2015-01-27 09:15:00,NSE:LT,1146.6655197,1166.6654997,1145.3321877,1161.3321717,3390612.3914895
2015-01-28 09:15:00,NSE:LT,1156.7988429,1160.3321727,1123.33220971,1132.23220081,3463527.46442344
2015-01-29 09:15:00,NSE:LT,1128.23220481,1155.7988439,1125.49887421,1149.2655171,3460015.96091102
2015-01-30 09:15:00,NSE:LT,1152.3988473,1160.5321725,1122.23221081,1133.69886601,2282496.78308724
2015-02-02 09:15:00,NSE:LT,1130.66553571,1159.8988398,1130.66553571,1156.7321763,2125709.12625902
2015-02-03 09:15:00,NSE:LT,1161.3321717,1166.5988331,1138.23219481,1148.3321847,2930725.43148357
2015-02-04 09:15:00,NSE:LT,1153.03218,1154.7988449,1121.59887811,1125.59887411,1846014.34649189
2015-02-05 09:15:00,NSE:LT,1127.29887241,1137.33219571,1116.06555031,1121.59887811,2015949.51647102
2015-02-06 09:15:00,NSE:LT,1121.33221171,1129.33220371,1108.66555771,1122.36554401,2210622.71119457
2015-02-09 09:15:00,NSE:LT,1108.86555751,1112.66555371,1033.33229973,1048.29895143,5339828.34120969
2015-02-10 09:15:00,NSE:LT,1030.06563633,1073.99892572,1021.43231164,1047.79895193,10472057.97476697
2015-02-11 09:15:00,NSE:LT,1057.99894173,1082.46558392,1055.79894393,1075.13225792,4675651.67686121
2015-02-12 09:15:00,NSE:LT,1078.66558772,1105.99889371,1070.13226292,1100.03223302,3162286.66310471
2015-02-13 09:15:00,NSE:LT,1106.66555971,1115.99888371,1099.99889972,1108.09889161,2363570.36418179
2015-02-16 09:15:00,NSE:LT,1109.99888971,1118.66554771,1093.39890632,1098.96556742,1676533.67696738
2015-02-18 09:15:00,NSE:LT,1103.19889651,1116.59888311,1102.66556371,1108.89889081,2187794.18836014
2015-02-19 09:15:00,NSE:LT,1112.53222051,1139.99885971,1108.26555811,1132.36553401,2808874.30960093
2015-02-20 09:15:00,NSE:LT,1133.33219971,1143.1988565,1114.33221871,1118.39888131,5372571.87396169
2015-02-23 09:15:00,NSE:LT,1124.29887541,1141.2655251,1119.56554681,1124.66554171,3558917.05983771
2015-02-24 09:15:00,NSE:LT,1127.63220541,1149.6655167,1126.69887301,1147.3988523,3186510.1873345
2015-02-25 09:15:00,NSE:LT,1149.9988497,1156.5321765,1123.99887571,1131.93220111,2760178.26089228
2015-02-26 09:15:00,NSE:LT,1132.66553371,1133.83219921,1113.33221971,1118.69888101,2867678.8684207
2015-02-27 09:15:00,NSE:LT,1135.19886451,1176.6654897,1133.33219971,1172.6321604,6404560.90621769
2015-02-28 09:15:00,NSE:LT,1186.66547969,1199.93213309,1143.9988557,1178.7321543,7092577.09441186
2015-03-02 09:15:00,NSE:LT,1187.99881169,1233.33209968,1187.99881169,1230.73210228,7277000.77888325
2015-03-03 09:15:00,NSE:LT,1233.33209968,1239.33209368,1218.73211428,1234.43209858,3566708.06763073
2015-03-04 09:15:00,NSE:LT,1246.66541968,1262.53207047,1211.33212169,1225.26544108,4957000.95828327
2015-03-05 09:15:00,NSE:LT,1228.16543818,1230.96543538,1196.66546969,1217.36544899,2831552.83228532
2015-03-09 09:15:00,NSE:LT,1211.46545489,1214.39878529,1169.9988297,1174.8654915,2366517.86713006
2015-03-10 09:15:00,NSE:LT,1179.33215369,1193.06547329,1149.365517,1168.2988314,2668432.16912246
2015-03-11 09:15:00,NSE:LT,1176.5654898,1176.9988227,1154.7988449,1159.7988399,2817526.31825518
2015-03-12 09:15:00,NSE:LT,1166.6654997,1176.6654897,1160.0988396,1164.9321681,2488368.9890127
2015-03-13 09:15:00,NSE:LT,1177.5321555,1179.56548679,1122.13221091,1128.09887161,3480127.98102825
2015-03-16 09:15:00,NSE:LT,1131.99886771,1139.93219311,1114.19888551,1119.86554651,1994880.49539655
2015-03-17 09:15:00,NSE:LT,1130.66553571,1148.6655177,1122.13221091,1143.7655226,2178093.67865712
2015-03-18 09:15:00,NSE:LT,1150.032183,1151.6655147,1128.46553791,1132.69886701,1931080.93158048
2015-03-19 09:15:00,NSE:LT,1147.365519,1159.2988404,1113.33221971,1121.59887811,3146065.6468795
2015-03-20 09:15:00,NSE:LT,1122.13221091,1131.63220141,1102.03223101,1113.56555281,2528513.52916762
2015-03-23 09:15:00,NSE:LT,1121.53221151,1126.66553971,1108.66555771,1115.23221781,1682383.68281889
2015-03-24 09:15:00,NSE:LT,1115.69888401,1125.86554051,1103.99889571,1114.76555161,2093750.09429172
2015-03-25 09:15:00,NSE:LT,1115.33221771,1117.89888181,1084.23224882,1088.49891122,2524264.02491702
2015-03-26 09:15:00,NSE:LT,1081.33225172,1109.99888971,1075.63225742,1089.63224342,5232293.23364676
2015-03-27 09:15:00,NSE:LT,1100.06556632,1123.73220931,1094.66557172,1118.49888121,4774846.77608197
2015-03-30 09:15:00,NSE:LT,1126.66553971,1155.9988437,1122.33221071,1152.4988472,3359011.8598808
2015-03-31 09:15:00,NSE:LT,1156.698843,1164.6655017,1140.8321922,1146.4321866,2813585.81431365
2015-04-01 09:15:00,NSE:LT,1147.7655186,1159.3988403,1145.3321877,1156.1655102,1500331.50071962
2015-04-06 09:15:00,NSE:LT,1157.698842,1176.1988235,1148.1321849,1171.9321611,2732081.73278849
2015-04-07 09:15:00,NSE:LT,1180.16548619,1188.46547789,1165.4988342,1179.79881989,2142485.14303938
2015-04-08 09:15:00,NSE:LT,1183.26548309,1191.49880819,1174.1321589,1186.29881339,2066945.06747976
2015-04-09 09:15:00,NSE:LT,1189.99880969,1191.99880769,1170.3988293,1180.53215249,1702881.20332172
2015-04-10 09:15:00,NSE:LT,1179.99881969,1185.33214769,1166.6654997,1175.9988237,1415593.41595961
2015-04-13 09:15:00,NSE:LT,1186.83214619,1204.66546169,1180.83215219,1202.33213069,2358315.85892593
2015-04-15 09:15:00,NSE:LT,1202.66546369,1213.29878639,1178.5988211,1191.76547459,2280495.78108572
2015-04-16 09:15:00,NSE:LT,1191.99880769,1191.99880769,1159.9988397,1169.5321635,2251884.75246729
2015-04-17 09:15:00,NSE:LT,1173.3988263,1177.5988221,1153.3988463,1159.8321732,1497998.99838651
2015-04-20 09:15:00,NSE:LT,1161.2655051,1161.2655051,1112.66555371,1132.29886741,2375333.37594785
2015-04-21 09:15:00,NSE:LT,1131.99886771,1146.9321861,1119.99887971,1125.83220721,2067293.06782785
2015-04-22 09:15:00,NSE:LT,1129.86553651,1167.9988317,1123.83220921,1163.7321693,2776151.77686993
2015-04-23 09:15:00,NSE:LT,1169.9988297,1174.9321581,1142.032191,1149.3988503,2547235.04789399
2015-04-24 09:15:00,NSE:LT,1147.9988517,1150.5321825,1113.33221971,1119.06554731,2187254.18782
2015-04-27 09:15:00,NSE:LT,1119.96554641,1130.56553581,1104.99889471,1111.79888791,2775023.77574164
2015-04-28 09:15:00,NSE:LT,1122.99887671,1122.99887671,1090.66557572,1110.29888941,3310888.8117453
2015-04-29 09:15:00,NSE:LT,1107.73222531,1114.83221821,1097.33223572,1103.49889621,2125137.62568737
2015-04-30 09:15:00,NSE:LT,1103.86556251,1104.46556191,1083.73224932,1087.53224552,3737531.23849809
2015-05-04 09:15:00,NSE:LT,1093.83223922,1100.29889942,1078.73225432,1086.19891352,2455550.45618568
2015-05-05 09:15:00,NSE:LT,1089.99890972,1109.99888971,1084.49891522,1094.93223812,2135424.63597704
2015-05-06 09:15:00,NSE:LT,1094.99890472,1095.93223712,1038.79896093,1043.09895663,4843740.34499336
2015-05-07 09:15:00,NSE:LT,1039.99895973,1056.66560973,1029.06563733,1045.93228713,3978023.47905254
2015-05-08 09:15:00,NSE:LT,1059.33227373,1076.66558972,1054.36561203,1067.49893222,3842289.8432838
2015-05-11 09:15:00,NSE:LT,1074.19892552,1087.99891172,1071.83226122,1076.86558952,3087802.58860137
2015-05-12 09:15:00,NSE:LT,1076.59892312,1076.59892312,1036.66562973,1039.59896013,3287788.7886393
2015-05-13 09:15:00,NSE:LT,1046.69895303,1063.33226972,1040.53229253,1059.79893993,2439561.94019302
2015-05-14 09:15:00,NSE:LT,1057.43227563,1061.26560513,1046.93228613,1051.23228183,1777147.7776075
2015-05-15 09:15:00,NSE:LT,1057.89894183,1067.99893172,1050.33228273,1061.29893843,2762063.76277827
2015-05-18 09:15:00,NSE:LT,1064.93226812,1077.53225552,1059.33227373,1074.89892482,1792156.7926204
2015-05-19 09:15:00,NSE:LT,1076.63225642,1089.99890972,1072.66559372,1080.46558592,2281799.28238956
2015-05-20 09:15:00,NSE:LT,1085.29891442,1090.29890942,1071.99892772,1075.03225802,1442644.44301764
2015-05-21 09:15:00,NSE:LT,1079.99891972,1093.99890572,1072.89892682,1092.19890752,2451281.45191557
2015-05-22 09:15:00,NSE:LT,1093.33223972,1107.99889171,1088.53224452,1102.29889741,2647667.64835257
2015-05-25 09:15:00,NSE:LT,1099.86556652,1099.86556652,1083.33224972,1086.83224622,1397435.8977974
2015-05-26 09:15:00,NSE:LT,1091.13224192,1091.13224192,1072.33226072,1078.93225412,2059532.06006484
2015-05-27 09:15:00,NSE:LT,1079.99891972,1097.26556912,1072.83226022,1090.26557612,1575589.57599716
2015-05-28 09:15:00,NSE:LT,1091.39890832,1093.89890582,1069.99892972,1084.49891522,2633248.13392932
2015-05-29 09:15:00,NSE:LT,1086.99891272,1113.16555321,1083.79891592,1102.96556341,4191572.692657
2015-06-01 09:15:00,NSE:LT,1115.99888371,1139.33219371,1095.33223772,1137.03219601,5386812.88820639
2015-06-02 09:15:00,NSE:LT,1140.6655257,1145.1988545,1111.33222171,1115.69888401,4373608.37473977
2015-06-03 09:15:00,NSE:LT,1116.66554971,1125.03220801,1095.99890372,1102.43223061,3210000.2108306
2015-06-04 09:15:00,NSE:LT,1105.33222771,1119.99887971,1097.03223602,1108.29889141,1967172.46768135
2015-06-05 09:15:00,NSE:LT,1106.66555971,1135.99886371,1105.83222721,1122.39887731,2404832.40545451
2015-06-08 09:15:00,NSE:LT,1122.46554391,1137.33219571,1114.06555231,1119.16554721,2129534.13008501
2015-06-09 09:15:00,NSE:LT,1117.29888241,1123.86554251,1103.99889571,1111.26555511,1416731.91709841
2015-06-10 09:15:00,NSE:LT,1113.99888571,1145.2655211,1113.33221971,1137.36552901,2389310.38992848
2015-06-11 09:15:00,NSE:LT,1143.2655231,1149.6321834,1113.49888621,1117.43221561,2981297.98206921
2015-06-12 09:15:00,NSE:LT,1116.39888331,1122.13221091,1099.99889972,1104.96556141,1835110.83558556
2015-06-15 09:15:00,NSE:LT,1110.13222291,1129.59887011,1101.33223172,1112.26555411,1700773.70121367
2015-06-16 09:15:00,NSE:LT,1113.33221971,1123.33220971,1103.89889581,1118.26554811,2043632.04416071
2015-06-17 09:15:00,NSE:LT,1123.99887571,1148.3321847,1117.33221571,1140.5655258,3984111.98514263
2015-06-18 09:15:00,NSE:LT,1143.3321897,1152.9988467,1139.16552721,1144.7655216,2842162.34289758
2015-06-19 09:15:00,NSE:LT,1149.9988497,1161.3988383,1138.16552821,1144.0655223,2126234.12678416
2015-06-22 09:15:00,NSE:LT,1149.9988497,1159.3321737,1144.365522,1154.9988447,1613482.6139
2015-06-23 09:15:00,NSE:LT,1160.6655057,1181.33215169,1158.3321747,1177.698822,2350730.35133846
2015-06-24 09:15:00,NSE:LT,1178.6654877,1183.13214989,1163.3321697,1168.8321642,1816594.81706475
2015-06-25 09:15:00,NSE:LT,1160.0655063,1211.33212169,1160.0655063,1206.49879319,4201750.20283714
2015-06-26 09:15:00,NSE:LT,1202.39879729,1202.66546369,1183.33214969,1187.13214589,1818055.81852613
2015-06-29 09:15:00,NSE:LT,1164.6655017,1196.66546969,1145.9988537,1193.69880599,3110305.61111021
2015-06-30 09:15:00,NSE:LT,1190.39880929,1205.93212709,1178.6654877,1188.53214449,3076680.07747598
2015-07-01 09:15:00,NSE:LT,1188.63214439,1212.66545369,1188.63214439,1207.79879189,2471294.47193377
2015-07-02 09:15:00,NSE:LT,1207.99879169,1211.99878769,1194.66547169,1200.23213279,1335758.83610438
2015-07-03 09:15:00,NSE:LT,1199.99879969,1216.66544969,1194.99880469,1204.86546149,1830952.83142648
2015-07-06 09:15:00,NSE:LT,1183.36548299,1214.33211869,1183.33214969,1210.69878899,2029514.03003904
2015-07-07 09:15:00,NSE:LT,1211.29878839,1215.99878369,1196.79880289,1207.56545879,1728984.2294315
2015-07-08 09:15:00,NSE:LT,1193.33213969,1209.79878989,1179.99881969,1204.29879539,2385893.38651059
2015-07-09 09:15:00,NSE:LT,1210.16545619,1233.99876568,1210.16545619,1232.59876708,2888311.38905856
2015-07-10 09:15:00,NSE:LT,1233.33209968,1253.33207968,1233.03209998,1250.93208208,2696912.69761036
2015-07-13 09:15:00,NSE:LT,1250.93208208,1253.33207968,1229.33210368,1238.46542788,2160399.66095853
2015-07-14 09:15:00,NSE:LT,1239.79875988,1247.96541838,1234.06543228,1238.36542798,1669579.67001157
2015-07-15 09:15:00,NSE:LT,1243.33208968,1253.33207968,1241.63209138,1246.26542008,1757512.75796741
2015-07-16 09:15:00,NSE:LT,1246.66541968,1251.33208168,1237.99876168,1245.36542098,2124408.62495818
2015-07-17 09:15:00,NSE:LT,1247.26541908,1258.66540767,1242.69875698,1247.73208528,2513531.51418173
2015-07-20 09:15:00,NSE:LT,1248.66541768,1253.26541308,1233.33209968,1244.86542148,1654726.65515471
2015-07-21 09:15:00,NSE:LT,1246.59875308,1255.33207768,1225.39877428,1229.96543638,1305583.30592104
2015-07-22 09:15:00,NSE:LT,1229.06543728,1245.33208768,1220.69877898,1236.29876338,1643226.14365123
2015-07-23 09:15:00,NSE:LT,1239.99875968,1243.03208998,1215.33211769,1220.69877898,2011397.01191734
2015-07-24 09:15:00,NSE:LT,1223.33210968,1224.63210838,1198.03213499,1201.56546479,1986280.98679481
2015-07-27 09:15:00,NSE:LT,1198.06546829,1198.66546769,1158.5655078,1162.2321708,3556784.05770415
2015-07-28 09:15:00,NSE:LT,1166.6654997,1181.33215169,1162.4321706,1172.6321604,1856448.3569286
2015-07-29 09:15:00,NSE:LT,1177.8654885,1198.96546739,1166.698833,1193.53213949,1687713.18814978
2015-07-30 09:15:00,NSE:LT,1203.33212969,1206.66545969,1178.9654874,1182.49881719,2621206.1218842
2015-07-31 09:15:00,NSE:LT,1189.66547669,1210.56545579,1177.3321557,1194.16547219,2882675.8834216
2015-08-03 09:15:00,NSE:LT,1140.03219301,1189.33214369,1136.03219701,1186.26548009,4953316.95459832
2015-08-04 09:15:00,NSE:LT,1186.66547969,1196.53213649,1172.6654937,1183.16548319,2105220.6057652
2015-08-05 09:15:00,NSE:LT,1183.16548319,1194.59880509,1179.39882029,1186.39881329,1552153.55255508
2015-08-06 09:15:00,NSE:LT,1184.73214829,1224.53210848,1183.33214969,1220.49877918,2809793.81052067
2015-08-07 09:15:00,NSE:LT,1219.99877968,1229.33210368,1210.73212229,1222.29877738,2368352.36896503
2015-08-10 09:15:00,NSE:LT,1221.03211198,1229.46543688,1204.06546229,1213.83211919,2166977.16753774
2015-08-11 09:15:00,NSE:LT,1214.79878489,1216.59878309,1187.99881169,1200.76546559,1658854.65928378
2015-08-12 09:15:00,NSE:LT,1195.03213799,1195.13213789,1167.9988317,1174.9988247,2478815.47945672
2015-08-13 09:15:00,NSE:LT,1174.9988247,1195.96547039,1165.3321677,1173.4321596,3626174.12711217
2015-08-14 09:15:00,NSE:LT,1185.83214719,1203.16546319,1166.698833,1199.66546669,1955959.95646594
2015-08-17 09:15:00,NSE:LT,1195.26547109,1199.99879969,1177.032156,1186.89881279,1508727.0091173
2015-08-18 09:15:00,NSE:LT,1195.46547089,1209.96545639,1188.73214429,1200.09879959,2073875.07441156
2015-08-19 09:15:00,NSE:LT,1199.93213309,1213.33211969,1190.66547569,1209.79878989,1626093.12651378
2015-08-20 09:15:00,NSE:LT,1196.66546969,1212.66545369,1175.9988237,1187.89881179,2032940.03346593
2015-08-21 09:15:00,NSE:LT,1169.9988297,1169.9988297,1149.9988497,1159.9988397,3087907.58870639
2015-08-24 09:15:00,NSE:LT,1131.99886771,1131.99886771,1069.99892972,1087.69891202,4809897.31114157
2015-08-25 09:15:00,NSE:LT,1099.96556642,1110.33222271,1049.99894973,1083.09891662,5436570.93797731
2015-08-26 09:15:00,NSE:LT,1085.26558112,1094.99890472,1056.39894333,1061.46560493,3418870.91975534
2015-08-27 09:15:00,NSE:LT,1086.66557972,1091.99890772,1060.06560633,1080.03225302,6486772.98845104
2015-08-28 09:15:00,NSE:LT,1093.26557312,1103.33222971,1070.13226292,1077.63225542,3557334.5582548
2015-08-31 09:15:00,NSE:LT,1077.99892172,1086.66557972,1065.99893372,1068.59893112,2546176.04683471
2015-09-01 09:15:00,NSE:LT,1053.33227973,1057.99894173,1025.66564073,1038.59896113,4791093.29233269
2015-09-02 09:15:00,NSE:LT,1055.99894373,1055.99894373,1013.29898644,1018.43231464,4657155.15835991
2015-09-03 09:15:00,NSE:LT,1028.19897153,1047.99895173,1025.06564133,1045.86562053,3510203.01111106
2015-09-04 09:15:00,NSE:LT,1039.26562713,1043.13228993,1013.33231974,1022.56564384,3262711.76355579
2015-09-07 09:15:00,NSE:LT,1026.36564003,1033.99896573,1002.66566374,1006.33232674,1831633.83210765
2015-09-08 09:15:00,NSE:LT,1009.99898974,1045.99895373,993.33233974,1042.99895673,2772256.27297342
2015-09-09 09:15:00,NSE:LT,1056.99894273,1064.99893472,1039.99895973,1061.66560473,3469867.97076558
2015-09-10 09:15:00,NSE:LT,1047.59895213,1083.33224972,1036.96562943,1076.89892282,2940455.9412166
2015-09-11 09:15:00,NSE:LT,1083.33224972,1086.39891332,1061.69893803,1068.63226442,2370707.37132064
2015-09-14 09:15:00,NSE:LT,1071.09892862,1079.33225372,1058.66560773,1070.63226242,1564113.06451768
2015-09-15 09:15:00,NSE:LT,1070.66559572,1076.26559012,1033.33229973,1038.76562763,4171900.17297939
2015-09-16 09:15:00,NSE:LT,1047.99895173,1048.39895133,1023.46564294,1032.46563393,3774326.27530265
2015-09-18 09:15:00,NSE:LT,1040.66562573,1055.99894373,1023.36564304,1027.06563933,3023725.52450772
2015-09-21 09:15:00,NSE:LT,1019.99897974,1038.23229483,1018.33231474,1033.49896623,2421047.42167372
2015-09-22 09:15:00,NSE:LT,1040.19895953,1041.26562513,986.83234624,989.96567644,4925391.42666556
2015-09-23 09:15:00,NSE:LT,981.99901775,1002.66566374,964.83236825,996.86566954,4148467.14954031
2015-09-24 09:15:00,NSE:LT,991.59900814,991.59900814,973.33235975,974.96569145,3337756.83862027
2015-09-28 09:15:00,NSE:LT,975.99902375,979.36568705,950.39904935,953.36571305,3741881.24284922
2015-09-29 09:15:00,NSE:LT,946.66571976,976.66568975,941.56572486,964.16570225,4576870.57805456
2015-09-30 09:15:00,NSE:LT,976.53235655,979.33235375,964.26570215,977.49902225,3287631.28848176
2015-10-01 09:15:00,NSE:LT,988.66567774,996.43233664,974.73235835,993.39900634,2706874.20757444
2015-10-05 09:15:00,NSE:LT,1002.73233034,1035.99896373,1002.73233034,1033.76563263,3955773.95679727
2015-10-06 09:15:00,NSE:LT,1042.46562393,1042.46562393,1026.33230673,1036.56562983,3646415.14735843
2015-10-07 09:15:00,NSE:LT,1033.33229973,1037.26562913,1026.66563973,1029.83230323,1399030.39939231
2015-10-08 09:15:00,NSE:LT,1028.66563773,1032.59896713,1013.63231944,1022.46564394,1634404.63482744
2015-10-09 09:15:00,NSE:LT,1031.53230153,1043.29895643,1025.33230773,1030.93230213,2046473.04700244
2015-10-12 09:15:00,NSE:LT,1036.66562973,1044.16562223,1032.99896673,1035.99896373,1188326.68863409
2015-10-13 09:15:00,NSE:LT,1039.99895973,1044.46562193,1021.66564474,1030.53230253,1813897.81436705
2015-10-14 09:15:00,NSE:LT,1025.93230713,1035.93229713,1023.36564304,1026.89897283,1693612.69405081
2015-10-15 09:15:00,NSE:LT,1033.43229963,1042.33229073,1030.06563633,1040.33229273,1884303.38479083
2015-10-16 09:15:00,NSE:LT,1043.66562273,1072.59892712,1035.03229803,1069.96559642,2580715.08138268
2015-10-19 09:15:00,NSE:LT,1071.93226112,1073.33225972,1050.19894953,1053.86561253,1893250.89374065
2015-10-20 09:15:00,NSE:LT,1057.13227593,1064.53226852,1045.39895433,1049.03228403,2194298.19486583
2015-10-21 09:15:00,NSE:LT,1050.63228243,1051.69894803,1030.69896903,1033.63229943,2086110.58665024
2015-10-23 09:15:00,NSE:LT,1041.36562503,1046.56561983,1004.16566224,1006.86565954,4297072.2981839
2015-10-26 09:15:00,NSE:LT,1013.36565304,1019.99897974,1002.66566374,1005.63232744,2636012.63669454
2015-10-27 09:15:00,NSE:LT,1003.39899634,1015.33231774,993.39900634,996.49900324,3801233.30221663
2015-10-28 09:15:00,NSE:LT,993.26567314,999.33233374,988.66567774,995.16567124,2522213.52286599
2015-10-29 09:15:00,NSE:LT,996.66566974,997.29900244,977.73235535,980.49901925,2901604.40235501
2015-10-30 09:15:00,NSE:LT,981.99901775,998.46566794,933.33239976,940.49905926,11414444.41739719
2015-11-02 09:15:00,NSE:LT,933.33239976,935.99906376,916.16575026,925.76574066,7422965.92488616
2015-11-03 09:15:00,NSE:LT,931.26573516,931.26573516,911.73242136,915.53241756,5215920.71727001
2015-11-04 09:15:00,NSE:LT,925.33240776,925.33240776,909.99908976,912.06575436,3886508.38751378
2015-11-05 09:15:00,NSE:LT,913.33241976,919.69908006,909.33242376,912.63242046,3723431.22439443
2015-11-06 09:15:00,NSE:LT,915.33241776,924.33240876,914.73241836,918.16574826,2817824.81855376
2015-11-09 09:15:00,NSE:LT,899.99909977,909.33242376,887.39911237,906.03242707,3894884.39589195
2015-11-10 09:15:00,NSE:LT,903.36576307,911.66575476,895.33243777,898.93243417,3552920.05383915
2015-11-11 09:15:00,NSE:LT,909.33242376,912.59908716,904.66576177,910.56575586,636501.63666629
2015-11-13 09:15:00,NSE:LT,905.99909377,905.99909377,886.66577977,887.46577897,2728918.22962417
2015-11-16 09:15:00,NSE:LT,886.33244677,908.53242456,883.99911577,904.76576167,3453012.45390571
2015-11-17 09:15:00,NSE:LT,912.33242076,914.99908476,896.66576977,901.16576527,2795230.29595339
2015-11-18 09:15:00,NSE:LT,902.66576377,912.66575376,893.99910577,896.29910347,2537500.03815646
2015-11-19 09:15:00,NSE:LT,905.33242777,909.99908976,900.06576637,905.96576047,1806706.80717418
2015-11-20 09:15:00,NSE:LT,908.26575817,915.59908416,896.33243677,911.23242186,2543668.04432606
2015-11-23 09:15:00,NSE:LT,913.33241976,922.59907716,910.03242306,912.59908716,2178066.67863012
2015-11-24 09:15:00,NSE:LT,908.66575776,912.59908716,891.66577477,894.36577207,2611856.61253227
2015-11-26 09:15:00,NSE:LT,899.83243327,902.86576357,886.76577967,888.43244467,4076962.07801674
2015-11-27 09:15:00,NSE:LT,890.93244217,911.66575476,890.66577577,909.99908976,3462972.46386829
2015-11-30 09:15:00,NSE:LT,909.89908986,922.63241046,909.33242376,916.39908336,3613394.11432885
2015-12-01 09:15:00,NSE:LT,916.66574976,921.93241116,907.03242607,909.89908986,1377125.87748212
2015-12-02 09:15:00,NSE:LT,911.99908776,915.99908376,901.23243187,902.66576377,1781223.28168406
2015-12-03 09:15:00,NSE:LT,900.33243277,909.93242316,896.16577027,898.56576787,1776232.77669227
2015-12-04 09:15:00,NSE:LT,893.69910607,900.86576557,891.99910777,893.23243987,2201157.70172711
2015-12-07 09:15:00,NSE:LT,896.96576947,900.99909877,890.73244237,894.09910567,1649016.14944273
2015-12-08 09:15:00,NSE:LT,891.96577447,893.33243977,875.99912377,881.39911837,2217840.71841445
2015-12-09 09:15:00,NSE:LT,880.06578637,883.29911647,865.59913418,867.13246598,3327685.82854666
2015-12-10 09:15:00,NSE:LT,873.06579337,878.49912127,867.33246578,873.96579247,2893313.89406236
2015-12-11 09:15:00,NSE:LT,874.06579237,875.83245727,851.03248208,857.16580928,4114022.61508686
2015-12-14 09:15:00,NSE:LT,856.26581018,861.56580488,842.99915678,849.59915018,4010260.01129742
2015-12-15 09:15:00,NSE:LT,849.99914978,859.53247358,843.39915638,855.46581098,3333249.3341116
2015-12-16 09:15:00,NSE:LT,860.49913928,865.99913378,850.66581578,853.93247918,3351055.85192273
2015-12-17 09:15:00,NSE:LT,859.33247378,866.46579998,854.36581208,864.13246898,3764289.76526354
2015-12-18 09:15:00,NSE:LT,861.23247188,872.39912737,856.06581038,858.26580818,3934998.93601687
2015-12-21 09:15:00,NSE:LT,857.63247548,865.13246798,856.33247678,860.19913958,1760170.7606261
2015-12-22 09:15:00,NSE:LT,860.66580578,864.59913518,850.66581578,853.46581298,2622502.12318053
2015-12-23 09:15:00,NSE:LT,858.66580778,865.99913378,855.33247778,860.66580578,2420181.92080799
2015-12-24 09:15:00,NSE:LT,864.53246858,867.66579878,857.53247558,862.99913678,2227449.72802594
2015-12-28 09:15:00,NSE:LT,864.76580168,866.79913298,858.76580768,863.43246968,2357765.35837528
2015-12-29 09:15:00,NSE:LT,866.66579978,867.33246578,856.86580958,859.69914008,2280093.78068361
2015-12-30 09:15:00,NSE:LT,862.33247078,865.33246778,854.33247878,855.66581078,1811728.81219748
2015-12-31 09:15:00,NSE:LT,857.33247578,857.69914208,848.09915168,850.29914948,2324870.32547174
2016-01-01 09:15:00,NSE:LT,852.66581378,860.66580578,848.36581808,859.46580698,1127734.12802586
2016-01-04 09:15:00,NSE:LT,857.33247578,859.96580648,835.53249758,837.29916248,2767265.76798163
2016-01-05 09:15:00,NSE:LT,841.86582458,845.99915378,834.99916478,837.93249518,2470136.47077546
2016-01-06 09:15:00,NSE:LT,839.33249378,839.86582658,823.33250979,824.56584189,2728637.72934359
2016-01-07 09:15:00,NSE:LT,818.76584769,818.89918089,799.99919979,804.26586219,4689765.19097838
2016-01-08 09:15:00,NSE:LT,810.06585639,811.26585519,783.3325498,786.0658804,5356017.85740339
2016-01-11 09:15:00,NSE:LT,774.6658918,789.9325432,763.3659031,782.2325509,4304287.30540077
2016-01-12 09:15:00,NSE:LT,790.8992089,799.99919979,782.1658843,786.0992137,4095199.09625847
2016-01-13 09:15:00,NSE:LT,795.99920379,795.99920379,752.06591441,771.1658953,5619944.62139843
2016-01-14 09:15:00,NSE:LT,756.2659102,769.9992298,740.06592641,756.4325767,5099723.10104234
2016-01-15 09:15:00,NSE:LT,759.9325732,760.9992388,733.33259981,738.59926121,3987870.9889026
2016-01-18 09:15:00,NSE:LT,737.33259581,739.99925981,715.99928381,722.36594411,4166636.66771452
2016-01-19 09:15:00,NSE:LT,722.86594361,754.9992448,712.73262042,748.63258451,4372540.3736715
2016-01-20 09:15:00,NSE:LT,733.96593251,748.33258481,718.23261491,744.06592241,5856760.35827543
2016-01-21 09:15:00,NSE:LT,753.33257981,758.3992414,727.39927241,735.13259801,3802065.80304935
2016-01-22 09:15:00,NSE:LT,743.93258921,763.3325698,740.19925961,761.465905,3694872.69582851
2016-01-25 09:15:00,NSE:LT,767.3325658,771.8992279,739.26592721,742.76592371,2472818.47345816
2016-01-27 09:15:00,NSE:LT,747.99925181,747.99925181,731.76593471,738.53259461,2618147.6188249
2016-01-28 09:15:00,NSE:LT,733.99926581,735.66593081,713.33261982,716.33261681,5794732.29623132
2016-01-29 09:15:00,NSE:LT,715.99928381,739.33259381,713.46595302,734.43259871,4848991.85024623
2016-02-01 09:15:00,NSE:LT,749.99924981,772.6325605,740.06592641,748.03258511,7053958.05578283
2016-02-02 09:15:00,NSE:LT,749.33258381,763.3325698,740.66592581,747.93258521,4505647.50681306
2016-02-03 09:15:00,NSE:LT,737.86592861,746.66591981,728.19927161,739.19926061,3731598.73256405
2016-02-04 09:15:00,NSE:LT,745.99925381,766.5658999,745.46592101,757.132576,5956555.45809635
2016-02-05 09:15:00,NSE:LT,761.1992386,767.9992318,751.03258211,759.9325732,4000883.50191848
2016-02-08 09:15:00,NSE:LT,760.6659058,771.8992279,746.93258621,753.53257961,2539249.03990591
2016-02-09 09:15:00,NSE:LT,743.33258981,751.96591451,734.93259821,742.79925701,2523127.02377973
2016-02-10 09:15:00,NSE:LT,738.46592801,753.33257981,735.33259781,747.06591941,3203880.20470901
2016-02-11 09:15:00,NSE:LT,745.79925401,750.16591631,719.33261381,728.26593821,4395025.39616234
2016-02-12 09:15:00,NSE:LT,733.06593341,734.99926481,677.36598912,702.43263072,6160246.66184024
2016-02-15 09:15:00,NSE:LT,714.86595162,769.79923,709.69929012,766.2659002,5939231.94076835
2016-02-16 09:15:00,NSE:LT,771.9325612,771.9325612,732.86593361,735.99926381,3548744.04966207
2016-02-17 09:15:00,NSE:LT,737.06592941,755.799244,721.43261171,748.29925151,3479415.48031556
2016-02-18 09:15:00,NSE:LT,756.2659102,783.2992165,755.3325778,766.4325667,5457173.45858516
2016-02-19 09:15:00,NSE:LT,764.0992357,779.2658872,754.2659122,766.9992328,3036897.03768265
2016-02-22 09:15:00,NSE:LT,766.6658998,778.8325543,760.132573,766.4992333,2054483.05501452
2016-02-23 09:15:00,NSE:LT,770.1658963,770.6658958,750.06591641,753.43257971,2045681.04621024
2016-02-24 09:15:00,NSE:LT,747.99925181,753.33257981,739.99925981,741.93259121,1816152.31662213
2016-02-25 09:15:00,NSE:LT,745.33258781,746.66591981,721.33261181,724.29927551,2655284.65597155
2016-02-26 09:15:00,NSE:LT,728.33260481,744.99925481,728.19927161,740.43259271,2277974.27856356
2016-02-29 09:15:00,NSE:LT,742.66592381,748.99925081,702.03263112,717.33261581,5500999.00242204
2016-03-01 09:15:00,NSE:LT,724.66594181,752.66591381,720.66594581,749.29925051,3647117.14806061
2016-03-02 09:15:00,NSE:LT,761.9992378,767.2658992,755.465911,758.5992412,3652206.65315143
2016-03-03 09:15:00,NSE:LT,765.9325672,807.46585899,756.2992435,804.73252839,5552963.55440004
2016-03-04 09:15:00,NSE:LT,809.99918979,815.96585049,791.3325418,795.46587099,3438972.43986206
2016-03-08 09:15:00,NSE:LT,800.66586579,807.99919179,782.132551,791.6325415,3022785.02356698
2016-03-09 09:15:00,NSE:LT,788.2658782,813.33251979,785.3325478,808.56585789,3121144.62195202
2016-03-10 09:15:00,NSE:LT,809.33252379,814.33251879,787.4992123,790.7658757,2932769.93352861
2016-03-11 09:15:00,NSE:LT,792.63254049,801.33253179,780.8658856,790.4325427,2996380.49715562
2016-03-14 09:15:00,NSE:LT,797.99920179,804.43252869,785.132548,789.465877,2726303.72700899
2016-03-15 09:15:00,NSE:LT,792.46587399,798.56586789,783.6992161,787.1658793,2444160.94479322
2016-03-16 09:15:00,NSE:LT,791.3325418,794.46587199,776.5992232,788.799211,2704714.20541388
2016-03-17 09:15:00,NSE:LT,798.66586779,803.33252979,789.6325435,795.49920429,3872657.37365918
2016-03-18 09:15:00,NSE:LT,799.33253379,801.99919779,793.39920639,799.53253359,2566832.56749658
2016-03-21 09:15:00,NSE:LT,800.66586579,821.69917809,796.23253689,818.76584769,3575450.076375
2016-03-22 09:15:00,NSE:LT,822.66584379,829.99916979,814.66585179,824.86584159,2979818.98058982
2016-03-23 09:15:00,NSE:LT,826.66583979,832.66583378,820.19917959,828.36583809,2438138.43876916
2016-03-28 09:15:00,NSE:LT,827.33250579,830.79916899,798.69920109,804.23252889,3717459.71842138
2016-03-29 09:15:00,NSE:LT,805.33252779,810.69918909,793.33253979,795.96587049,2703181.20388048
2016-03-30 09:15:00,NSE:LT,805.33252779,821.26584519,800.99919879,818.69918109,2874002.87474634
2016-03-31 09:15:00,NSE:LT,817.29918249,819.99917979,807.66585879,811.13252199,4945968.44724791
2016-04-01 09:15:00,NSE:LT,807.99919179,832.19916758,807.99919179,825.26584119,2539946.54060359
2016-04-04 09:15:00,NSE:LT,826.59917319,833.33249978,814.39918539,823.89917589,1740163.7406139
2016-04-05 09:15:00,NSE:LT,818.93251419,823.16584329,793.36587309,796.76586969,3151116.15193131
2016-04-06 09:15:00,NSE:LT,799.39920039,809.99918979,788.3325448,807.89919189,2583836.58450499
2016-04-07 09:15:00,NSE:LT,805.33252779,806.63252649,785.1992146,788.5992112,2707582.20828263
2016-04-08 09:15:00,NSE:LT,789.3325438,797.99920179,787.3325458,794.83253829,1565040.06544492
2016-04-11 09:15:00,NSE:LT,797.33253579,810.59918919,790.3992094,808.89919089,2529937.03059149
2016-04-12 09:15:00,NSE:LT,809.99918979,823.26584319,804.69919509,814.93251819,2837054.83778875
2016-04-13 09:15:00,NSE:LT,823.99917579,835.33249778,819.39918039,823.26584319,4955910.45719249
2016-04-18 09:15:00,NSE:LT,822.06584439,837.96582848,806.03252709,835.33249778,2644517.64520175
2016-04-20 09:15:00,NSE:LT,837.99916178,845.29915448,831.99916778,843.96582248,2522851.02350365
2016-04-21 09:15:00,NSE:LT,846.46581998,849.99914978,830.69916909,834.63249848,1723545.22399108
2016-04-22 09:15:00,NSE:LT,833.33249978,845.99915378,827.66583879,843.39915638,2008376.00889555
2016-04-25 09:15:00,NSE:LT,846.66581978,851.73248138,838.06582838,843.66582278,2128691.1292418
2016-04-26 09:15:00,NSE:LT,840.73249238,855.63247748,840.23249288,853.99914578,1877686.87817261
2016-04-27 09:15:00,NSE:LT,853.99914578,859.16580728,847.36581908,850.96581548,1557687.05809001
2016-04-28 09:15:00,NSE:LT,851.33248178,855.26581118,835.59916418,839.69916008,2789972.79069452
2016-04-29 09:15:00,NSE:LT,840.09915968,844.06582238,830.33250279,836.39916338,1689375.18981221
2016-05-02 09:15:00,NSE:LT,830.66583579,837.33249578,823.99917579,833.83249928,1344316.3446641
2016-05-03 09:15:00,NSE:LT,837.33249578,855.43247768,829.99916979,834.26583218,2525152.02580525
2016-05-04 09:15:00,NSE:LT,831.36583508,838.59916118,826.66583979,831.19916858,1644346.64477202
2016-05-05 09:15:00,NSE:LT,829.66583679,854.99914478,829.46583699,849.23248388,2821258.32198815
2016-05-06 09:15:00,NSE:LT,847.33248578,848.26581818,835.99916378,840.29915948,1610383.6108002
2016-05-09 09:15:00,NSE:LT,842.66582378,864.59913518,842.13249098,863.03247008,2788516.28923764
2016-05-10 09:15:00,NSE:LT,863.33246978,881.79911797,858.66580778,880.03245307,3676149.67710065
2016-05-11 09:15:00,NSE:LT,866.56579988,889.33244377,863.33246978,885.16578127,4603561.60475249
2016-05-12 09:15:00,NSE:LT,883.39911637,893.26577317,874.16579227,877.39912237,1553275.55367737
2016-05-13 09:15:00,NSE:LT,873.33245977,876.66578977,853.63247948,857.66580878,2103744.60428882
2016-05-16 09:15:00,NSE:LT,861.19913858,863.99913578,845.83248728,855.49914428,2410953.9115776
2016-05-17 09:15:00,NSE:LT,859.33247378,872.66579377,856.43247668,860.73247238,2223567.72414293
2016-05-18 09:15:00,NSE:LT,856.93247618,874.79912497,851.36581508,873.23245987,2603510.6041841
2016-05-19 09:15:00,NSE:LT,869.33246378,871.99912777,840.03249308,844.06582238,2005085.0056037
2016-05-20 09:15:00,NSE:LT,847.99915178,853.13247998,834.06583238,836.73249638,1672560.17299284
2016-05-23 09:15:00,NSE:LT,842.43249068,843.89915588,825.33250779,827.46583899,2198762.19933099
2016-05-24 09:15:00,NSE:LT,827.46583899,832.39916738,815.53251759,828.09917169,1858492.85897363
2016-05-25 09:15:00,NSE:LT,839.99915978,865.76580068,834.03249908,861.06580538,3721574.22253695
2016-05-26 09:15:00,NSE:LT,935.99906376,989.93234314,926.66573976,982.76568365,20691935.69728845
2016-05-27 09:15:00,NSE:LT,982.66568375,991.56567484,967.99903175,983.26568315,5885746.38726896
2016-05-30 09:15:00,NSE:LT,979.93235315,997.63233544,977.43235565,991.39900834,3487942.98884528
2016-05-31 09:15:00,NSE:LT,990.79900894,991.39900834,978.13235495,982.36568405,3809609.31059481
2016-06-01 09:15:00,NSE:LT,980.03235305,989.43234364,974.06569235,976.69902305,2486297.48694066
2016-06-02 09:15:00,NSE:LT,973.33235975,988.46567794,961.09903865,984.83234825,3103590.10439297
2016-06-03 09:15:00,NSE:LT,984.66568175,990.63234244,970.66569575,973.73235935,2250342.75092489
2016-06-06 09:15:00,NSE:LT,975.19902455,982.23235085,974.03235905,978.79902095,1901932.90242491
2016-06-07 09:15:00,NSE:LT,983.33234975,999.99899974,974.19902555,991.93234114,3348538.84940508
2016-06-08 09:15:00,NSE:LT,996.79900294,1009.79898994,993.43233964,1007.46565894,3325266.32612653
2016-06-09 09:15:00,NSE:LT,1007.53232554,1009.13232394,991.39900834,994.29900544,1813731.3142005
2016-06-10 09:15:00,NSE:LT,988.19901154,1003.33232974,984.19901555,991.79900794,2152998.65355561
2016-06-13 09:15:00,NSE:LT,979.99901975,982.59901715,970.19902955,977.43235565,2209359.70993124
2016-06-14 09:15:00,NSE:LT,978.66568775,982.16568425,970.06569635,973.69902605,1689318.1897552
2016-06-15 09:15:00,NSE:LT,975.99902375,1011.33232174,975.66569075,1009.19899054,2960618.96138484
2016-06-16 09:15:00,NSE:LT,1005.99899374,1005.99899374,985.33234775,996.13233694,2447027.44766046
2016-06-17 09:15:00,NSE:LT,996.33233674,1001.89899784,981.93235115,986.83234624,2653946.6546332
2016-06-20 09:15:00,NSE:LT,975.59902415,1006.66565974,973.53235955,1004.69899504,2975369.97613967
2016-06-21 09:15:00,NSE:LT,1006.66565974,1007.26565914,993.66567274,996.53233654,1195079.69538885
2016-06-22 09:15:00,NSE:LT,997.33233574,1001.99899774,986.79901294,994.36567204,1813927.81439706
2016-06-23 09:15:00,NSE:LT,991.39900834,1005.29899444,982.26568415,999.06566734,2053994.0545254
2016-06-24 09:15:00,NSE:LT,965.66570075,978.66568775,933.99906576,953.73237935,6840809.34257898
2016-06-27 09:15:00,NSE:LT,952.63238045,979.59902015,951.99904775,977.83235525,2560094.56075683
2016-06-28 09:15:00,NSE:LT,979.13235395,994.33233874,978.66568775,982.69901705,2342136.84274272
2016-06-29 09:15:00,NSE:LT,990.79900894,995.33233774,984.83234825,988.79901094,2000547.50106502
2016-06-30 09:15:00,NSE:LT,992.13234094,1003.26566314,989.93234314,997.66566874,3960572.46159701
2016-07-01 09:15:00,NSE:LT,1003.19899654,1029.99896973,1000.46566594,1028.43230463,3497926.99883187
2016-07-04 09:15:00,NSE:LT,1033.33229973,1051.33228173,1032.23230083,1045.39895433,2718055.21875835
2016-07-05 09:15:00,NSE:LT,1044.19895553,1054.66561173,1034.66563173,1050.73228233,2636762.63744474
2016-07-07 09:15:00,NSE:LT,1050.66561573,1054.63227843,1033.76563263,1036.33229673,2084573.08511234
2016-07-08 09:15:00,NSE:LT,1036.63229643,1037.43229563,1014.69898504,1021.76564464,1915602.41609796
2016-07-11 09:15:00,NSE:LT,1038.66562773,1047.46561893,1036.36563003,1039.86562653,1815519.31598897
2016-07-12 09:15:00,NSE:LT,1045.19895453,1047.83228523,1031.29896843,1045.33228773,2383050.88366735
2016-07-13 09:15:00,NSE:LT,1045.39895433,1046.53228653,1028.73230433,1034.26563213,2036057.03658374
2016-07-14 09:15:00,NSE:LT,1039.29896043,1047.29895243,1028.66563773,1042.96562343,1909638.41013241
2016-07-15 09:15:00,NSE:LT,1044.06562233,1063.33226972,1038.09896163,1057.23227583,2428460.42908864
2016-07-18 09:15:00,NSE:LT,1058.66560773,1069.09893062,1043.33228973,1049.59895013,1855423.85590383
2016-07-19 09:15:00,NSE:LT,1047.99895173,1055.66561073,1041.06562533,1048.53228453,1926169.9266682
2016-07-20 09:15:00,NSE:LT,1048.66561773,1057.33227573,1045.69895403,1047.23228583,1790913.29137658
2016-07-21 09:15:00,NSE:LT,1049.99894973,1049.99894973,1034.66563173,1038.36562803,1678213.67864781
2016-07-22 09:15:00,NSE:LT,1040.06562633,1051.93228113,1035.03229803,1049.33228373,1877208.37769399
2016-07-25 09:15:00,NSE:LT,1047.99895173,1059.19894053,1041.99895773,1057.26560913,2209776.71034835
2016-07-26 09:15:00,NSE:LT,1058.99894073,1065.33226772,1054.06561233,1061.79893793,1729185.22963255
2016-07-27 09:15:00,NSE:LT,1064.19893552,1076.66558972,1057.76560863,1068.09893162,2467014.96765315
2016-07-28 09:15:00,NSE:LT,1069.33226372,1071.06559532,1040.93229213,1051.49894823,2811583.31231063
2016-07-29 09:15:00,NSE:LT,1059.99893973,1062.29893743,1033.33229973,1039.23229383,4228015.22910896
2016-08-01 09:15:00,NSE:LT,1039.36562703,1057.33227573,993.33233974,995.79900394,9155458.65782706
2016-08-02 09:15:00,NSE:LT,997.33233574,1009.19899054,993.49900624,1002.23233084,2410916.41154009
2016-08-03 09:15:00,NSE:LT,1005.33232774,1011.43232164,980.33235275,985.73234735,2619661.12033879
2016-08-04 09:15:00,NSE:LT,997.33233574,997.33233574,973.59902615,979.43235365,2254338.75492192
2016-08-05 09:15:00,NSE:LT,986.89901284,1011.16565524,985.33234775,1008.13232494,2805631.30635709
2016-08-08 09:15:00,NSE:LT,1013.33231974,1016.43231664,998.06566834,1004.76566164,1403924.90428808
2016-08-09 09:15:00,NSE:LT,1006.59899314,1006.66565974,991.59900814,1000.63233244,1865401.86588442
2016-08-10 09:15:00,NSE:LT,1000.89899884,1002.66566374,984.23234885,988.79901094,1683262.68369812
2016-08-11 09:15:00,NSE:LT,983.36568305,985.99901374,975.23235785,983.13234995,2240373.7409533
2016-08-12 09:15:00,NSE:LT,985.99901374,1003.79899594,985.66568075,994.59900514,1659133.65956286
2016-08-16 09:15:00,NSE:LT,995.96567044,1008.43232464,981.33235175,1004.23232884,2610845.611521
2016-08-17 09:15:00,NSE:LT,1002.49899724,1009.49899024,993.99900574,1001.66566474,1384654.38501258
2016-08-18 09:15:00,NSE:LT,993.99900574,999.13233394,986.66567974,988.06567834,1780734.28119494
2016-08-19 09:15:00,NSE:LT,991.99900774,997.99900174,986.43234664,996.23233684,1392251.89261205
2016-08-22 09:15:00,NSE:LT,996.66566974,1002.66566374,985.99901374,995.09900464,1837996.83847231
2016-08-23 09:15:00,NSE:LT,995.09900464,996.46566994,975.46569095,984.76568165,1273490.77382021
2016-08-24 09:15:00,NSE:LT,983.33234975,992.29900744,976.69902305,982.33235075,1230628.23094658
2016-08-25 09:15:00,NSE:LT,984.06568235,988.86567754,966.99903275,969.76569665,2616157.11683388
2016-08-26 09:15:00,NSE:LT,969.99902975,973.29902645,946.93238616,951.46571495,2788652.78937418
2016-08-29 09:15:00,NSE:LT,954.66571175,975.83235725,946.13238696,972.99902675,2094231.59477335
2016-08-30 09:15:00,NSE:LT,978.66568775,985.19901455,971.89902785,983.76568265,2598311.59898375
2016-08-31 09:15:00,NSE:LT,983.33234975,1011.96565444,980.19901955,1008.63232444,4152244.15331829
2016-09-01 09:15:00,NSE:LT,1008.66565774,1011.69898804,1001.36566504,1004.73232834,1905768.40626141
2016-09-02 09:15:00,NSE:LT,1004.73232834,1008.33232474,991.19900854,1003.36566304,1755507.25596138
2016-09-06 09:15:00,NSE:LT,1008.13232494,1016.16565024,1002.09899764,1010.93232214,1960861.96136921
2016-09-07 09:15:00,NSE:LT,1015.13231794,1027.63230543,1006.66565974,1012.16565424,2648266.14895122
2016-09-08 09:15:00,NSE:LT,1017.03231604,1030.63230243,1014.09898564,1026.33230673,1692186.19262394
2016-09-09 09:15:00,NSE:LT,1026.66563973,1027.39897233,1006.66565974,1011.79898794,2262935.26352066
2016-09-12 09:15:00,NSE:LT,991.99900774,994.39900534,973.26569315,975.46569095,1953573.45407882
2016-09-14 09:15:00,NSE:LT,975.46569095,987.99901174,970.73236235,983.53234955,1718755.71920034
2016-09-15 09:15:00,NSE:LT,983.39901635,984.69901505,971.43236165,980.16568625,1126283.62657498
2016-09-16 09:15:00,NSE:LT,984.73234835,999.33233374,978.99902075,982.13235095,2112273.61282003
2016-09-19 09:15:00,NSE:LT,983.99901575,993.33233974,975.99902375,986.53234654,942540.94278477
2016-09-20 09:15:00,NSE:LT,985.33234775,989.56567684,979.03235405,983.96568245,1097206.09748993
2016-09-21 09:15:00,NSE:LT,986.66567974,991.93234114,977.53235555,981.39901835,1337072.83741872
2016-09-22 09:15:00,NSE:LT,993.33233974,1002.66566374,984.66568175,999.96566644,1952952.45345766
2016-09-23 09:15:00,NSE:LT,1003.33232974,1011.66565474,993.73233934,997.99900174,3121783.62259119
2016-09-26 09:15:00,NSE:LT,994.66567174,1007.96565844,974.39902535,977.13235595,2122146.6226956
2016-09-27 09:15:00,NSE:LT,980.03235305,984.19901555,954.29904545,957.59904215,2819212.31994162
2016-09-28 09:15:00,NSE:LT,961.33237175,977.99902175,958.96570745,970.59902915,2393220.89383999
2016-09-29 09:15:00,NSE:LT,974.39902535,979.33235375,946.96571946,958.39904135,3040348.54113504
2016-09-30 09:15:00,NSE:LT,956.66570975,960.36570605,940.99905876,955.43237765,3497868.49877335
2016-10-03 09:15:00,NSE:LT,958.69904105,983.16568325,956.79904295,980.46568595,2181720.68228507
2016-10-04 09:15:00,NSE:LT,984.53234855,986.36568004,962.23237085,966.09903365,2289639.79023209
2016-10-05 09:15:00,NSE:LT,973.33235975,974.59902515,960.76570565,969.29903045,2059850.06038292
2016-10-06 09:15:00,NSE:LT,975.99902375,978.29902145,963.99903575,969.66569675,1627377.12779811
2016-10-07 09:15:00,NSE:LT,968.66569775,973.26569315,960.66570575,971.29902845,1098752.59903683
2016-10-10 09:15:00,NSE:LT,973.96569245,976.93235615,964.69903505,966.66569975,875912.37613896
2016-10-13 09:15:00,NSE:LT,959.26570715,964.99903475,954.19904555,958.93237415,2659997.66068577
2016-10-14 09:15:00,NSE:LT,962.66570375,984.93234815,959.06570735,983.23234985,2632325.63300658
2016-10-17 09:15:00,NSE:LT,983.26568315,984.66568175,960.66570575,965.29903445,2140922.14147597
2016-10-18 09:15:00,NSE:LT,971.79902795,994.59900514,967.36569905,992.16567424,1983015.48352847
2016-10-19 09:15:00,NSE:LT,992.16567424,1000.66566574,984.03234905,994.03233904,2146898.14745352
2016-10-20 09:15:00,NSE:LT,997.33233574,1004.99899474,988.36567804,1002.43233064,1502341.50273014
2016-10-21 09:15:00,NSE:LT,1002.66566374,1009.39899034,995.39900434,1007.23232584,1670800.67123289
2016-10-24 09:15:00,NSE:LT,1011.09898864,1013.33231974,991.19900854,995.09900464,1517037.01742946
2016-10-25 09:15:00,NSE:LT,996.66566974,999.56566684,985.79901394,989.39901034,838206.83842367
2016-10-26 09:15:00,NSE:LT,986.46567994,992.66567374,980.36568605,988.19901154,867620.36784481
2016-10-27 09:15:00,NSE:LT,986.49901324,988.59901114,971.39902835,983.53234955,2440680.94131232
2016-10-28 09:15:00,NSE:LT,980.66568575,989.93234314,975.33235775,987.13234594,1212982.213296
2016-11-01 09:15:00,NSE:LT,987.33234574,987.36567904,973.33235975,975.43235765,947159.44740447
2016-11-02 09:15:00,NSE:LT,965.19903455,969.99902975,957.66570875,965.76570065,1493444.99383133
2016-11-03 09:15:00,NSE:LT,961.43237165,977.76568865,961.33237175,962.79903695,1411943.91230916
2016-11-04 09:15:00,NSE:LT,951.26571515,956.26571015,931.26573516,946.53238656,18639018.64384033
2016-11-07 09:15:00,NSE:LT,949.99904975,954.46571195,928.23240486,931.99906776,2158655.15921358
2016-11-08 09:15:00,NSE:LT,936.99906276,937.33239576,922.66574376,931.46573496,1881727.88221466
2016-11-09 09:15:00,NSE:LT,879.99911977,939.39906036,863.39913638,926.96573946,4757403.25863394
2016-11-10 09:15:00,NSE:LT,933.69906606,951.33238175,933.69906606,941.39905836,2766434.76715041
2016-11-11 09:15:00,NSE:LT,931.26573516,939.33239376,923.99907576,925.86574056,2518288.01893947
2016-11-15 09:15:00,NSE:LT,919.33241376,938.33239476,908.83242426,913.53241956,3958056.95908086
2016-11-16 09:15:00,NSE:LT,924.86574156,925.53240756,900.66576577,917.03241606,3299713.8005674
2016-11-17 09:15:00,NSE:LT,918.79908096,922.66574376,906.66575977,913.99908576,1377643.37799976
2016-11-18 09:15:00,NSE:LT,914.66575176,921.56574486,907.33242577,913.63241946,1654948.65537677
2016-11-21 09:15:00,NSE:LT,919.13241396,919.13241396,893.33243977,898.59910117,1962841.96334973
2016-11-22 09:15:00,NSE:LT,905.49909427,906.66575977,869.66579678,886.36578007,3084873.0856711
2016-11-23 09:15:00,NSE:LT,904.66576177,923.33240976,898.66576777,904.83242827,7493146.49508488
2016-11-24 09:15:00,NSE:LT,902.59909717,910.59908916,893.33243977,899.76576667,4315373.81649015
2016-11-25 09:15:00,NSE:LT,905.19909457,916.79908296,890.93244217,913.79908596,3065827.56662066
2016-11-28 09:15:00,NSE:LT,913.63241946,914.79908496,899.99909977,904.63242847,1777819.77827968
2016-11-29 09:15:00,NSE:LT,904.66576177,913.13241996,899.36576707,901.63243147,1741329.2417797
2016-11-30 09:15:00,NSE:LT,909.99908976,927.49907226,899.99909977,921.83241126,4335635.83675741
2016-12-01 09:15:00,NSE:LT,924.26574216,934.99906476,915.19908456,925.56574086,2151999.65255635
2016-12-02 09:15:00,NSE:LT,918.66574776,919.73241336,905.99909377,907.89909187,1217828.71814376
2016-12-05 09:15:00,NSE:LT,906.79909297,909.86575656,899.39910037,904.09909567,1062823.063098
2016-12-06 09:15:00,NSE:LT,905.43242767,915.99908376,905.19909457,908.09909167,1771911.27236964
2016-12-07 09:15:00,NSE:LT,911.99908776,916.73241636,899.99909977,902.53243057,1557766.55816953
2016-12-08 09:15:00,NSE:LT,910.09908966,917.16574926,907.86575857,911.29908846,1388843.88920317
2016-12-09 09:15:00,NSE:LT,915.26575116,915.53241756,904.66576177,908.13242497,1211255.71156905
2016-12-12 09:15:00,NSE:LT,906.66575977,916.59908316,904.06576237,909.96575646,1636281.13670442
2016-12-13 09:15:00,NSE:LT,910.66575576,919.26574716,910.13242296,917.13241596,2168127.66868854
2016-12-14 09:15:00,NSE:LT,921.26574516,921.26574516,904.73242837,906.63242647,1360939.36129142
2016-12-15 09:15:00,NSE:LT,899.83243327,911.39908836,899.33243377,904.56576187,900524.40075736
2016-12-16 09:15:00,NSE:LT,904.19909557,909.66575676,901.36576507,907.06575937,1577427.07783514
2016-12-19 09:15:00,NSE:LT,904.99909477,905.99909377,894.36577207,896.63243647,1148170.14846717
2016-12-20 09:15:00,NSE:LT,896.66576977,907.46575897,896.09910367,903.66576277,1177780.17808486
2016-12-21 09:15:00,NSE:LT,905.46576097,907.03242607,893.33243977,894.66577177,950225.45047126
2016-12-22 09:15:00,NSE:LT,893.83243927,895.99910377,874.69912507,876.43245667,1357564.35791554
2016-12-23 09:15:00,NSE:LT,877.16578927,894.66577177,868.33246478,891.63244147,2136650.13720286
2016-12-26 09:15:00,NSE:LT,890.39910937,896.66576977,878.89912087,891.73244137,1198729.1990393
2016-12-27 09:15:00,NSE:LT,893.33243977,906.33242677,886.06578037,903.73242937,1222357.22267343
2016-12-28 09:15:00,NSE:LT,904.66576177,908.83242426,897.33243577,899.96576647,1294265.79460061
2016-12-29 09:15:00,NSE:LT,894.36577207,902.66576377,886.93244617,892.79910697,2010629.01114914
2016-12-30 09:15:00,NSE:LT,896.66576977,903.66576277,895.99910377,899.39910037,1280980.28131166
2017-01-02 09:15:00,NSE:LT,904.03242907,912.66575376,899.43243367,906.39909337,1476812.97719501
2017-01-03 09:15:00,NSE:LT,906.66575977,916.66574976,901.46576497,911.46575496,1363399.36375206
2017-01-04 09:15:00,NSE:LT,916.66574976,920.89907886,913.66575276,917.73241536,2144741.14529596
2017-01-05 09:15:00,NSE:LT,921.49907826,929.99906976,918.66574776,928.19907156,2781500.78222032
2017-01-06 09:15:00,NSE:LT,929.99906976,935.79906396,925.06574136,927.29907246,1462913.9632924
2017-01-09 09:15:00,NSE:LT,927.99907176,931.96573446,917.79908196,920.43241266,819485.31969731
2017-01-10 09:15:00,NSE:LT,920.16574626,929.99906976,918.36574806,924.99907476,1359730.36008211
2017-01-11 09:15:00,NSE:LT,931.99906776,945.23238786,929.99906976,940.66572576,1514452.51484428
2017-01-12 09:15:00,NSE:LT,943.26572316,969.53236355,942.66572376,966.23236685,2707457.70815809
2017-01-13 09:15:00,NSE:LT,973.33235975,973.33235975,954.79904495,959.16570725,1400771.90113426
2017-01-16 09:15:00,NSE:LT,956.66570975,966.66569975,954.86571155,961.86570455,1052803.0530754
2017-01-17 09:15:00,NSE:LT,959.99903975,973.29902645,959.99903975,963.83236925,1423841.92421025
2017-01-18 09:15:00,NSE:LT,963.99903575,979.33235375,963.99903575,968.29903145,1538179.53857745
2017-01-19 09:15:00,NSE:LT,968.66569775,975.33235775,963.36570305,966.29903345,1019915.52017936
2017-01-20 09:15:00,NSE:LT,966.29903345,969.26569715,940.66572576,943.16572326,2177487.67805097
2017-01-23 09:15:00,NSE:LT,941.33239176,941.99905776,921.26574516,929.03240406,3534072.53498676
2017-01-24 09:15:00,NSE:LT,932.16573426,949.33238375,931.99906776,946.53238656,1879689.38017563
2017-01-25 09:15:00,NSE:LT,949.86571655,969.33236375,946.93238616,966.49903325,2294775.79536943
2017-01-27 09:15:00,NSE:LT,967.36569905,980.16568625,955.56571085,959.93237315,1871127.37161141
2017-01-30 09:15:00,NSE:LT,961.99903775,977.99902175,958.66570775,961.86570455,2601587.6022606
2017-01-31 09:15:00,NSE:LT,959.99903975,969.99902975,951.33238175,964.16570225,1894155.39464539
2017-02-01 09:15:00,NSE:LT,965.29903445,996.56566984,964.19903555,993.49900624,3577637.07856257
2017-02-02 09:15:00,NSE:LT,994.39900534,995.99900374,980.19901955,984.33234875,2257916.25850035
2017-02-03 09:15:00,NSE:LT,984.33234875,991.99900774,971.33236175,987.13234594,1650460.6508876
2017-02-06 09:15:00,NSE:LT,989.99900974,999.99899974,986.26568014,989.19901054,1526716.52711147
2017-02-07 09:15:00,NSE:LT,986.79901294,1003.19899654,981.43235165,1000.19899954,2499548.5001951
2017-02-08 09:15:00,NSE:LT,1003.19899654,1007.33232574,992.83234024,1004.56566184,1689793.69023082
2017-02-09 09:15:00,NSE:LT,1005.33232774,1007.23232584,984.26568215,993.79900594,1529257.52965313
2017-02-10 09:15:00,NSE:LT,996.83233624,1005.43232764,994.83233824,1001.29899844,1300987.30132385
2017-02-13 09:15:00,NSE:LT,1003.69899604,1005.99899374,987.69901204,1000.09899964,930047.43028802
2017-02-14 09:15:00,NSE:LT,1003.33232974,1004.63232844,990.66567574,995.06567134,926546.42678611
2017-02-15 09:15:00,NSE:LT,995.13233794,1003.79899594,984.09901565,986.66567974,1952470.95297603
2017-02-16 09:15:00,NSE:LT,989.26567714,989.99900974,974.03235905,980.16568625,2071949.07248506
2017-02-17 09:15:00,NSE:LT,980.69901905,989.99900974,976.66568975,985.33234775,1028692.02895814
2017-02-20 09:15:00,NSE:LT,988.56567784,994.66567174,983.36568305,988.43234464,1105372.10565805
2017-02-21 09:15:00,NSE:LT,983.99901575,993.39900634,983.99901575,988.86567754,970616.47086756
2017-02-22 09:15:00,NSE:LT,988.66567774,992.49900724,981.86568455,984.63234845,1291318.29165234
2017-02-23 09:15:00,NSE:LT,986.66567974,1003.99899574,978.79902095,991.06567534,2175399.67596242
2017-02-27 09:15:00,NSE:LT,996.46566994,999.99899974,973.39902635,977.23235585,1553901.05430303
2017-02-28 09:15:00,NSE:LT,981.33235175,991.96567444,977.43235565,979.46568695,1773559.77401857
2017-03-01 09:15:00,NSE:LT,981.33235175,989.89900984,980.76568565,984.09901565,1219412.71972817
2017-03-02 09:15:00,NSE:LT,988.03234504,996.89900284,979.99901975,982.63235045,1920217.92071466
2017-03-03 09:15:00,NSE:LT,980.89901885,985.56568085,973.33235975,980.23235285,1205020.20533193
2017-03-06 09:15:00,NSE:LT,978.66568775,992.66567374,978.66568775,990.39900934,821987.32219996
2017-03-07 09:15:00,NSE:LT,989.33234374,994.36567204,986.29901344,990.93234214,991566.9918235
2017-03-08 09:15:00,NSE:LT,989.59901014,996.33233674,979.23235385,984.19901555,1424363.92473239
2017-03-09 09:15:00,NSE:LT,981.93235115,988.53234454,976.66568975,984.59901515,1111051.11133853
2017-03-10 09:15:00,NSE:LT,987.26567914,998.33233474,986.69901304,994.39900534,1836265.83674086
2017-03-14 09:15:00,NSE:LT,1011.33232174,1045.79895393,1011.33232174,1038.73229433,7224817.2266862
2017-03-15 09:15:00,NSE:LT,1037.99896173,1039.99895973,1026.79897293,1032.59896713,2408868.90949205
2017-03-16 09:15:00,NSE:LT,1039.33229373,1049.99894973,1038.66562773,1047.36561903,2396148.89676875
2017-03-17 09:15:00,NSE:LT,1047.36561903,1048.59895113,1029.43230363,1035.03229803,1927984.92848367
2017-03-20 09:15:00,NSE:LT,1035.99896373,1036.93229613,1023.49897624,1025.09897463,1442108.942482
2017-03-21 09:15:00,NSE:LT,1033.33229973,1043.06562333,1028.66563773,1032.69896703,2415215.4158402
2017-03-22 09:15:00,NSE:LT,1025.23230783,1034.49896523,1016.93231614,1019.89897984,3371404.87227701
2017-03-23 09:15:00,NSE:LT,1024.66564173,1038.93229413,1012.69898704,1029.26563713,2511773.51242328
2017-03-24 09:15:00,NSE:LT,1031.99896773,1038.66562773,1027.66563873,1034.13229893,1347656.84800547
2017-03-27 09:15:00,NSE:LT,1033.26563313,1036.66562973,1025.33230773,1029.26563713,1583551.58396123
2017-03-28 09:15:00,NSE:LT,1031.99896773,1038.53229453,1027.39897233,1029.49897023,2628961.12964121
2017-03-29 09:15:00,NSE:LT,1035.99896373,1045.06562133,1033.33229973,1037.69896203,2280359.28094918
2017-03-30 09:15:00,NSE:LT,1041.99895773,1046.66561973,1034.83229823,1038.29896143,2288328.78892075
2017-03-31 09:15:00,NSE:LT,1034.73229833,1062.43227063,1034.73229833,1049.93228313,3543104.0440206
2017-04-03 09:15:00,NSE:LT,1054.59894513,1110.66555571,1051.06561533,1107.33222571,6576891.57859294
2017-04-05 09:15:00,NSE:LT,1107.33222571,1133.29886641,1098.56556782,1130.96553541,5179803.68114363
2017-04-06 09:15:00,NSE:LT,1123.33220971,1134.89886481,1112.66555371,1122.13221091,2740819.24152826
2017-04-07 09:15:00,NSE:LT,1116.66554971,1146.6321864,1114.06555231,1123.66554271,4096643.59770335
2017-04-10 09:15:00,NSE:LT,1125.33220771,1139.39886031,1108.66555771,1116.03221701,2406432.90705542
2017-04-11 09:15:00,NSE:LT,1116.03221701,1139.33219371,1113.99888571,1136.59886311,1974127.97463866
2017-04-12 09:15:00,NSE:LT,1129.99886971,1140.9988587,1117.53221551,1135.19886451,2135066.13561845
2017-04-13 09:15:00,NSE:LT,1129.66553671,1129.66553671,1114.96555141,1119.03221401,1975485.47599651
2017-04-17 09:15:00,NSE:LT,1119.99887971,1126.39887331,1113.93221911,1120.89887881,1135261.13555481
2017-04-18 09:15:00,NSE:LT,1122.66554371,1132.63220041,1108.79889091,1112.99888671,1839490.83996669
2017-04-19 09:15:00,NSE:LT,1113.33221971,1116.66554971,1107.89889181,1113.69888601,1158163.15846276
2017-04-20 09:15:00,NSE:LT,1115.93221711,1124.39887531,1108.79889091,1120.79887891,1044190.04446016
2017-04-21 09:15:00,NSE:LT,1129.99886971,1134.46553191,1119.99887971,1124.99887471,2415933.91655889
2017-04-24 09:15:00,NSE:LT,1128.66553771,1157.5988421,1127.33220571,1155.1321779,3238533.23937101
2017-04-25 09:15:00,NSE:LT,1159.9988397,1166.6654997,1157.3321757,1164.0655023,2879797.38054235
2017-04-26 09:15:00,NSE:LT,1163.9988357,1175.9988237,1159.9988397,1167.5321655,2885725.38647189
2017-04-27 09:15:00,NSE:LT,1165.2321678,1182.66548369,1162.6655037,1177.8321552,2126129.12667913
2017-04-28 09:15:00,NSE:LT,1175.365491,1177.1654892,1160.1321729,1166.5321665,1637740.6381643
2017-05-02 09:15:00,NSE:LT,1166.7321663,1177.9988217,1149.9988497,1154.698845,1861143.36162482
2017-05-03 09:15:00,NSE:LT,1157.3321757,1163.4988362,1143.9988557,1146.7988529,1296283.29661863
2017-05-04 09:15:00,NSE:LT,1149.3321837,1161.2988384,1147.9988517,1154.4321786,1255337.7556625
2017-05-05 09:15:00,NSE:LT,1153.3321797,1154.0655123,1135.46553091,1149.5988501,1555143.05554535
2017-05-08 09:15:00,NSE:LT,1151.9988477,1159.1988405,1136.73219631,1139.73219331,1246117.2464396
2017-05-09 09:15:00,NSE:LT,1141.3321917,1171.2988284,1136.66552971,1163.0988366,1836463.83693891
2017-05-10 09:15:00,NSE:LT,1169.7988299,1176.6654897,1154.0655123,1159.4988402,2010129.51064951
2017-05-11 09:15:00,NSE:LT,1166.6654997,1169.6654967,1146.3988533,1157.8988418,1270447.27077592
2017-05-12 09:15:00,NSE:LT,1158.2988414,1171.3321617,1151.0655153,1160.3988393,1803769.80423642
2017-05-15 09:15:00,NSE:LT,1165.7321673,1167.698832,1157.6655087,1161.5988381,1195702.19601151
2017-05-16 09:15:00,NSE:LT,1164.6655017,1165.4988342,1151.698848,1160.4655059,1654390.65481863
2017-05-17 09:15:00,NSE:LT,1162.5988371,1175.9988237,1153.6655127,1170.2988294,2502881.50352897
2017-05-18 09:15:00,NSE:LT,1159.7655066,1166.7321663,1144.2655221,1148.3988513,2155832.15638984
2017-05-19 09:15:00,NSE:LT,1152.6655137,1155.9988437,1131.69886801,1149.69885,2268143.26873001
2017-05-22 09:15:00,NSE:LT,1155.3321777,1172.6654937,1152.6655137,1167.9654984,2839226.83996131
2017-05-23 09:15:00,NSE:LT,1169.9988297,1176.5988231,1151.5988481,1160.4988392,1463806.46418513
2017-05-24 09:15:00,NSE:LT,1161.3988383,1171.2654951,1118.39888131,1122.96554341,2173071.67363382
2017-05-25 09:15:00,NSE:LT,1127.99887171,1183.33214969,1127.99887171,1179.23215379,5404776.90617506
2017-05-26 09:15:00,NSE:LT,1179.99881969,1199.33213369,1169.2321638,1191.73214129,3066084.06687723
2017-05-29 09:15:00,NSE:LT,1189.26547709,1206.63212639,1177.3321557,1188.26547809,3033661.53444631
2017-05-30 09:15:00,NSE:LT,1210.66545569,1222.63211038,1169.3321637,1178.365488,6550446.55214107
2017-05-31 09:15:00,NSE:LT,1181.66548469,1189.99880969,1167.1321659,1173.7988259,3000735.00151125
2017-06-01 09:15:00,NSE:LT,1173.3321597,1198.66546769,1165.3321677,1195.19880449,2898187.39893712
2017-06-02 09:15:00,NSE:LT,1199.99879969,1203.33212969,1185.39881429,1189.33214369,1425322.42569114
2017-06-05 09:15:00,NSE:LT,1196.66546969,1206.26546009,1188.99881069,1203.26546309,1906420.90691407
2017-06-06 09:15:00,NSE:LT,1205.13212789,1205.36546099,1181.43215159,1183.43214959,1431070.43144063
2017-06-07 09:15:00,NSE:LT,1182.66548369,1196.33213669,1181.99881769,1192.39880729,1327541.82788525
2017-06-08 09:15:00,NSE:LT,1192.66547369,1199.33213369,1180.99881869,1182.83215019,1428980.92935059
2017-06-09 09:15:00,NSE:LT,1184.66548169,1189.26547709,1174.3988253,1185.46548089,1632208.63263086
2017-06-12 09:15:00,NSE:LT,1185.19881449,1185.33214769,1139.26552711,1157.7321753,4068961.07001366
2017-06-13 09:15:00,NSE:LT,1163.03217,1169.7988299,1157.698842,1159.3321737,1412275.41264075
2017-06-14 09:15:00,NSE:LT,1161.3321717,1180.89881879,1156.5321765,1176.2988234,2079659.08019706
2017-06-15 09:15:00,NSE:LT,1171.4321616,1174.5988251,1153.3321797,1156.8988428,1481093.98147712
2017-06-16 09:15:00,NSE:LT,1156.5655098,1167.3321657,1147.1321859,1151.1321819,2243154.74373502
2017-06-19 09:15:00,NSE:LT,1157.3321757,1173.3321597,1154.7988449,1170.5321625,1781058.28151902
2017-06-20 09:15:00,NSE:LT,1172.4654939,1179.29882039,1160.1321729,1166.9988327,1565473.56587853
2017-06-21 09:15:00,NSE:LT,1172.3321607,1187.99881169,1167.3321657,1169.4654969,3556931.05785119
2017-06-22 09:15:00,NSE:LT,1173.3321597,1177.0654893,1154.8655115,1157.5988421,1761760.76221651
2017-06-23 09:15:00,NSE:LT,1159.9988397,1162.1655042,1145.9988537,1148.4655179,1716826.71727084
2017-06-27 09:15:00,NSE:LT,1145.032188,1158.6321744,1123.93220911,1134.46553191,2317047.81764721
2017-06-28 09:15:00,NSE:LT,1132.56553381,1138.66552771,1120.89887881,1135.49886421,1578526.57893492
2017-06-29 09:15:00,NSE:LT,1136.06553031,1148.7655176,1130.36553601,1135.76553061,2709554.71025564
2017-06-30 09:15:00,NSE:LT,1132.66553371,1132.66553371,1107.53222551,1125.06554131,3251538.25237939
2017-07-03 09:15:00,NSE:LT,1125.33220771,1140.33219271,1115.59888411,1124.83220821,2170098.67066005
2017-07-04 09:15:00,NSE:LT,1133.33219971,1133.33219971,1113.99888571,1122.23221081,1640040.1404644
2017-07-05 09:15:00,NSE:LT,1122.66554371,1132.66553371,1120.06554631,1130.19886951,1034441.53470913
2017-07-06 09:15:00,NSE:LT,1132.79886691,1137.96552841,1126.86553951,1131.73220131,1417582.41794913
2017-07-07 09:15:00,NSE:LT,1131.33220171,1145.2655211,1126.79887291,1136.26553011,1845100.84557815
2017-07-10 09:15:00,NSE:LT,1141.3321917,1159.3321737,1141.3321917,1154.7655116,324259.82434371
2017-07-11 09:15:00,NSE:LT,1159.5988401,1166.5988331,1153.3321797,1160.7321723,2123949.62449906
2017-07-12 09:15:00,NSE:LT,1165.3321677,1171.1321619,1157.1321759,1159.69884,2036906.03743296
2017-07-13 09:15:00,NSE:LT,1165.1,1182.5,1160.0,1175.1,1643754.0
2017-07-14 09:15:00,NSE:LT,1183.0,1183.0,1159.55,1171.2,1401864.0
2017-07-17 09:15:00,NSE:LT,1178.0,1182.0,1162.4,1171.25,1646087.0
2017-07-18 09:15:00,NSE:LT,1169.9,1187.0,1168.1,1177.9,2375324.0
2017-07-19 09:15:00,NSE:LT,1184.0,1187.0,1170.1,1181.3,1827242.0
2017-07-20 09:15:00,NSE:LT,1182.0,1194.45,1176.0,1185.65,1845852.0
2017-07-21 09:15:00,NSE:LT,1190.0,1190.0,1170.2,1179.25,1912305.0
2017-07-24 09:15:00,NSE:LT,1177.0,1182.65,1171.1,1178.0,1313657.0
2017-07-25 09:15:00,NSE:LT,1178.0,1179.95,1165.5,1170.85,2182162.0
2017-07-26 09:15:00,NSE:LT,1169.9,1184.0,1166.0,1180.25,1161591.0
2017-07-27 09:15:00,NSE:LT,1180.8,1194.9,1173.0,1182.05,3881208.0
2017-07-28 09:15:00,NSE:LT,1184.0,1190.4,1153.5,1161.4,3278658.0
2017-07-31 09:15:00,NSE:LT,1193.7,1207.5,1180.1,1193.95,5000536.0
2017-08-01 09:15:00,NSE:LT,1198.25,1198.25,1171.7,1190.05,2721660.0
2017-08-02 09:15:00,NSE:LT,1191.0,1191.85,1172.5,1176.8,2154488.0
2017-08-03 09:15:00,NSE:LT,1179.9,1184.65,1167.65,1174.75,1426006.0
2017-08-04 09:15:00,NSE:LT,1174.0,1181.95,1169.7,1175.85,1082867.0
2017-08-07 09:15:00,NSE:LT,1176.7,1184.6,1172.0,1179.95,1035670.0
2017-08-08 09:15:00,NSE:LT,1180.0,1186.0,1164.0,1171.2,1531255.0
2017-08-09 09:15:00,NSE:LT,1171.0,1171.0,1148.0,1153.9,1439328.0
2017-08-10 09:15:00,NSE:LT,1151.0,1166.9,1140.0,1157.7,1713614.0
2017-08-11 09:15:00,NSE:LT,1138.0,1144.05,1125.2,1131.95,2001103.0
2017-08-14 09:15:00,NSE:LT,1143.25,1153.0,1119.0,1146.9,1866838.0
2017-08-16 09:15:00,NSE:LT,1149.0,1152.4,1123.25,1142.25,2143899.0
2017-08-17 09:15:00,NSE:LT,1145.0,1157.0,1131.05,1134.0,1508949.0
2017-08-18 09:15:00,NSE:LT,1124.0,1137.65,1123.0,1130.6,1230709.0
2017-08-21 09:15:00,NSE:LT,1133.45,1140.0,1124.6,1127.1,1651344.0
2017-08-22 09:15:00,NSE:LT,1132.0,1135.0,1113.05,1117.7,1361351.0
2017-08-23 09:15:00,NSE:LT,1120.0,1128.85,1114.4,1124.15,1710949.0
2017-08-24 09:15:00,NSE:LT,1130.0,1135.8,1126.0,1131.7,1316100.0
2017-08-28 09:15:00,NSE:LT,1134.7,1155.0,1128.8,1138.9,1884734.0
2017-08-29 09:15:00,NSE:LT,1135.65,1138.75,1123.35,1130.05,1045267.0
2017-08-30 09:15:00,NSE:LT,1140.0,1145.9,1133.0,1139.65,895791.0
2017-08-31 09:15:00,NSE:LT,1144.0,1145.0,1130.5,1136.3,1926054.0
2017-09-01 09:15:00,NSE:LT,1134.95,1144.4,1131.55,1139.2,976551.0
2017-09-04 09:15:00,NSE:LT,1127.95,1138.95,1122.0,1130.65,1006945.0
2017-09-05 09:15:00,NSE:LT,1131.15,1139.0,1122.3,1126.65,1110437.0
2017-09-06 09:15:00,NSE:LT,1122.0,1126.1,1115.9,1117.6,891224.0
2017-09-07 09:15:00,NSE:LT,1121.1,1130.95,1118.25,1129.1,1038623.0
2017-09-08 09:15:00,NSE:LT,1137.5,1182.0,1134.05,1172.4,4947759.0
2017-09-11 09:15:00,NSE:LT,1180.0,1225.0,1152.55,1217.85,4364705.0
2017-09-12 09:15:00,NSE:LT,1219.5,1234.0,1219.5,1230.25,2451814.0
2017-09-13 09:15:00,NSE:LT,1222.0,1229.0,1207.5,1223.35,2233311.0
2017-09-14 09:15:00,NSE:LT,1223.55,1234.0,1211.5,1214.2,1440488.0
2017-09-15 09:15:00,NSE:LT,1214.0,1221.65,1202.05,1212.4,1723247.0
2017-09-18 09:15:00,NSE:LT,1218.55,1246.0,1218.55,1237.95,3005809.0
2017-09-19 09:15:00,NSE:LT,1235.0,1237.8,1220.5,1225.9,900287.0
2017-09-20 09:15:00,NSE:LT,1228.15,1250.5,1228.15,1235.95,2347635.0
2017-09-21 09:15:00,NSE:LT,1236.9,1240.0,1208.75,1228.05,2216227.0
2017-09-22 09:15:00,NSE:LT,1228.05,1229.15,1176.05,1184.8,2968531.0
2017-09-25 09:15:00,NSE:LT,1187.0,1187.0,1145.0,1165.2,2720490.0
2017-09-26 09:15:00,NSE:LT,1151.0,1170.0,1151.0,1162.9,1809036.0
2017-09-27 09:15:00,NSE:LT,1172.9,1172.9,1131.5,1137.2,2317721.0
2017-09-28 09:15:00,NSE:LT,1140.35,1143.7,1128.0,1133.35,3474398.0
2017-09-29 09:15:00,NSE:LT,1139.95,1154.05,1131.05,1142.05,3193745.0
2017-10-03 09:15:00,NSE:LT,1155.55,1157.75,1128.05,1134.9,1413186.0
2017-10-04 09:15:00,NSE:LT,1135.0,1143.85,1133.35,1138.3,1155472.0
2017-10-05 09:15:00,NSE:LT,1142.0,1145.8,1128.5,1132.05,1303081.0
2017-10-06 09:15:00,NSE:LT,1135.0,1144.95,1135.0,1141.8,1814990.0
2017-10-09 09:15:00,NSE:LT,1142.0,1158.25,1138.85,1140.95,1737288.0
2017-10-10 09:15:00,NSE:LT,1154.0,1155.25,1138.25,1142.7,2347406.0
2017-10-11 09:15:00,NSE:LT,1147.4,1151.5,1127.35,1133.85,1638071.0
2017-10-12 09:15:00,NSE:LT,1142.0,1146.1,1134.25,1143.65,1151274.0
2017-10-13 09:15:00,NSE:LT,1143.65,1150.0,1136.15,1138.65,1762307.0
2017-10-16 09:15:00,NSE:LT,1143.0,1150.95,1140.65,1144.7,1189499.0
2017-10-17 09:15:00,NSE:LT,1142.0,1155.0,1140.0,1148.75,1123634.0
2017-10-18 09:15:00,NSE:LT,1150.0,1156.9,1138.1,1141.4,1263098.0
2017-10-19 09:15:00,NSE:LT,1143.0,1147.05,1137.0,1139.75,264888.0
2017-10-23 09:15:00,NSE:LT,1143.0,1152.0,1123.2,1135.75,1077546.0
2017-10-24 09:15:00,NSE:LT,1139.0,1145.4,1126.1,1142.55,1281327.0
2017-10-25 09:15:00,NSE:LT,1150.1,1215.0,1150.1,1204.2,6377478.0
2017-10-26 09:15:00,NSE:LT,1209.95,1243.5,1209.15,1223.5,5486055.0
2017-10-27 09:15:00,NSE:LT,1232.95,1242.0,1220.4,1224.65,2036609.0
2017-10-30 09:15:00,NSE:LT,1228.0,1239.9,1224.15,1236.95,1808153.0
2017-10-31 09:15:00,NSE:LT,1237.0,1238.2,1210.8,1222.3,1815888.0
2017-11-01 09:15:00,NSE:LT,1226.1,1236.65,1213.3,1215.3,1929731.0
2017-11-02 09:15:00,NSE:LT,1215.5,1216.0,1203.75,1210.95,1183382.0
2017-11-03 09:15:00,NSE:LT,1211.0,1247.15,1211.0,1235.0,1797145.0
2017-11-06 09:15:00,NSE:LT,1225.0,1241.5,1218.5,1224.7,1691967.0
2017-11-07 09:15:00,NSE:LT,1225.55,1233.6,1203.1,1211.05,1658527.0
2017-11-08 09:15:00,NSE:LT,1212.0,1225.0,1208.2,1218.2,1905789.0
2017-11-09 09:15:00,NSE:LT,1220.15,1231.1,1205.9,1215.9,1733475.0
2017-11-10 09:15:00,NSE:LT,1217.65,1274.95,1217.0,1264.95,5671395.0
2017-11-13 09:15:00,NSE:LT,1229.8,1259.95,1208.2,1240.55,5216845.0
2017-11-14 09:15:00,NSE:LT,1235.0,1238.0,1207.05,1210.2,2519826.0
2017-11-15 09:15:00,NSE:LT,1210.5,1225.0,1206.05,1209.5,1801470.0
2017-11-16 09:15:00,NSE:LT,1211.1,1223.9,1209.0,1219.3,2003168.0
2017-11-17 09:15:00,NSE:LT,1230.0,1239.45,1215.0,1222.8,2261694.0
2017-11-20 09:15:00,NSE:LT,1240.0,1248.0,1224.0,1229.8,2799314.0
2017-11-21 09:15:00,NSE:LT,1235.5,1235.5,1212.25,1222.65,2192795.0
2017-11-22 09:15:00,NSE:LT,1225.0,1232.0,1215.15,1222.7,2266995.0
2017-11-23 09:15:00,NSE:LT,1222.0,1229.2,1211.3,1215.95,1654930.0
2017-11-24 09:15:00,NSE:LT,1216.0,1224.0,1213.5,1218.5,1637839.0
2017-11-27 09:15:00,NSE:LT,1215.0,1234.0,1215.0,1224.75,1464649.0
2017-11-28 09:15:00,NSE:LT,1228.0,1228.0,1209.0,1211.7,4940494.0
2017-11-29 09:15:00,NSE:LT,1215.45,1223.0,1212.0,1217.85,2046078.0
2017-11-30 09:15:00,NSE:LT,1215.0,1223.9,1209.0,1216.55,3419336.0
2017-12-01 09:15:00,NSE:LT,1216.15,1235.0,1208.0,1211.65,1772981.0
2017-12-04 09:15:00,NSE:LT,1217.0,1225.1,1201.8,1217.5,1796642.0
2017-12-05 09:15:00,NSE:LT,1214.5,1214.5,1191.35,1209.9,2139688.0
2017-12-06 09:15:00,NSE:LT,1205.9,1212.0,1189.0,1191.25,1696890.0
2017-12-07 09:15:00,NSE:LT,1196.0,1228.45,1196.0,1218.4,2476888.0
2017-12-08 09:15:00,NSE:LT,1225.0,1227.0,1217.7,1220.35,2316890.0
2017-12-11 09:15:00,NSE:LT,1224.0,1229.0,1215.25,1221.85,2227028.0
2017-12-12 09:15:00,NSE:LT,1221.2,1221.5,1200.5,1202.9,2009798.0
2017-12-13 09:15:00,NSE:LT,1204.5,1210.0,1185.0,1189.25,2262858.0
2017-12-14 09:15:00,NSE:LT,1196.5,1200.0,1176.1,1188.8,1709762.0
2017-12-15 09:15:00,NSE:LT,1202.0,1216.25,1201.0,1203.55,2161729.0
2017-12-18 09:15:00,NSE:LT,1195.0,1224.0,1175.0,1217.9,2851823.0
2017-12-19 09:15:00,NSE:LT,1222.0,1222.0,1213.35,1219.9,2878543.0
2017-12-20 09:15:00,NSE:LT,1217.2,1240.45,1209.0,1232.5,3293207.0
2017-12-21 09:15:00,NSE:LT,1239.0,1265.0,1237.0,1258.8,3664052.0
2017-12-22 09:15:00,NSE:LT,1260.4,1270.0,1253.0,1266.15,2490561.0
2017-12-26 09:15:00,NSE:LT,1271.8,1275.0,1257.3,1269.7,2493302.0
2017-12-27 09:15:00,NSE:LT,1268.9,1275.95,1251.3,1257.85,1675081.0
2017-12-28 09:15:00,NSE:LT,1257.5,1264.95,1249.45,1252.75,2850194.0
2017-12-29 09:15:00,NSE:LT,1262.0,1270.0,1247.95,1258.25,1819413.0
2018-01-01 09:15:00,NSE:LT,1261.0,1274.0,1255.9,1260.7,2048058.0
2018-01-02 09:15:00,NSE:LT,1267.0,1269.9,1242.85,1249.75,1512324.0
2018-01-03 09:15:00,NSE:LT,1255.9,1283.95,1251.5,1275.3,2720736.0
2018-01-04 09:15:00,NSE:LT,1284.95,1320.0,1280.1,1315.7,4546456.0
2018-01-05 09:15:00,NSE:LT,1325.0,1328.95,1308.0,1314.9,2418902.0
2018-01-08 09:15:00,NSE:LT,1316.5,1345.95,1316.5,1338.25,3513256.0
2018-01-09 09:15:00,NSE:LT,1340.0,1343.0,1326.4,1332.75,1703294.0
2018-01-10 09:15:00,NSE:LT,1332.2,1336.5,1317.65,1323.75,1098019.0
2018-01-11 09:15:00,NSE:LT,1320.2,1326.8,1313.05,1323.55,1232290.0
2018-01-12 09:15:00,NSE:LT,1325.5,1332.3,1309.75,1329.15,1825056.0
2018-01-15 09:15:00,NSE:LT,1334.85,1351.2,1323.6,1325.95,2386631.0
2018-01-16 09:15:00,NSE:LT,1331.05,1339.65,1323.35,1326.2,3139385.0
2018-01-17 09:15:00,NSE:LT,1323.0,1357.0,1320.25,1353.35,2724814.0
2018-01-18 09:15:00,NSE:LT,1360.0,1385.0,1350.45,1360.8,4966982.0
2018-01-19 09:15:00,NSE:LT,1362.0,1378.65,1353.5,1371.45,2127776.0
2018-01-22 09:15:00,NSE:LT,1289.2,1403.65,1289.2,1398.85,3067658.0
2018-01-23 09:15:00,NSE:LT,1406.0,1415.0,1393.1,1410.7,4804202.0
2018-01-24 09:15:00,NSE:LT,1407.1,1409.8,1389.8,1401.2,2147973.0
2018-01-25 09:15:00,NSE:LT,1392.0,1427.05,1392.0,1416.5,6113475.0
2018-01-29 09:15:00,NSE:LT,1418.0,1441.65,1418.0,1431.95,2945415.0
2018-01-30 09:15:00,NSE:LT,1429.95,1436.7,1406.75,1429.9,1988140.0
2018-01-31 09:15:00,NSE:LT,1431.9,1439.7,1412.0,1416.5,2614515.0
2018-02-01 09:15:00,NSE:LT,1458.9,1470.0,1405.2,1455.6,8187730.0
2018-02-02 09:15:00,NSE:LT,1448.0,1448.0,1410.05,1415.45,3621563.0
2018-02-05 09:15:00,NSE:LT,1380.0,1400.0,1355.1,1363.65,3060688.0
2018-02-06 09:15:00,NSE:LT,1319.95,1372.35,1294.25,1353.05,4230633.0
2018-02-07 09:15:00,NSE:LT,1370.0,1370.0,1330.0,1333.75,2927403.0
2018-02-08 09:15:00,NSE:LT,1345.0,1359.5,1333.0,1347.4,1932082.0
2018-02-09 09:15:00,NSE:LT,1324.8,1343.0,1318.1,1329.25,2029257.0
2018-02-12 09:15:00,NSE:LT,1334.55,1355.0,1334.55,1350.5,1543603.0
2018-02-14 09:15:00,NSE:LT,1354.7,1372.5,1345.6,1361.2,2310144.0
2018-02-15 09:15:00,NSE:LT,1364.4,1370.0,1346.4,1350.35,1861841.0
2018-02-16 09:15:00,NSE:LT,1358.0,1364.0,1320.45,1328.4,1424576.0
2018-02-19 09:15:00,NSE:LT,1328.0,1330.95,1287.0,1295.5,4275673.0
2018-02-20 09:15:00,NSE:LT,1300.0,1309.6,1287.25,1290.6,2063972.0
2018-02-21 09:15:00,NSE:LT,1299.0,1299.6,1279.0,1282.8,1584305.0
2018-02-22 09:15:00,NSE:LT,1278.0,1298.0,1276.0,1292.0,3028574.0
2018-02-23 09:15:00,NSE:LT,1292.6,1305.0,1280.4,1301.7,2176017.0
2018-02-26 09:15:00,NSE:LT,1306.0,1347.7,1306.0,1344.25,2239306.0
2018-02-27 09:15:00,NSE:LT,1347.5,1355.8,1331.3,1338.1,2243499.0
2018-02-28 09:15:00,NSE:LT,1328.0,1331.6,1310.6,1318.15,2439968.0
2018-03-01 09:15:00,NSE:LT,1319.0,1332.9,1313.1,1315.2,1927606.0
2018-03-05 09:15:00,NSE:LT,1312.7,1312.7,1297.95,1300.7,1302005.0
2018-03-06 09:15:00,NSE:LT,1308.7,1318.9,1275.0,1283.4,2381856.0
2018-03-07 09:15:00,NSE:LT,1284.0,1293.9,1260.0,1263.3,2156582.0
2018-03-08 09:15:00,NSE:LT,1271.9,1289.8,1259.25,1283.8,3588828.0
2018-03-09 09:15:00,NSE:LT,1285.2,1296.05,1280.0,1290.5,2508919.0
2018-03-12 09:15:00,NSE:LT,1300.0,1312.0,1297.0,1310.05,2267260.0
2018-03-13 09:15:00,NSE:LT,1311.4,1322.95,1294.05,1302.75,1915199.0
2018-03-14 09:15:00,NSE:LT,1303.0,1313.0,1292.0,1303.25,1714051.0
2018-03-15 09:15:00,NSE:LT,1304.9,1309.6,1292.1,1295.1,1178352.0
2018-03-16 09:15:00,NSE:LT,1299.9,1303.9,1260.4,1269.3,5152611.0
2018-03-19 09:15:00,NSE:LT,1280.0,1292.0,1265.85,1279.55,4452882.0
2018-03-20 09:15:00,NSE:LT,1275.0,1300.0,1275.0,1293.5,2831066.0
2018-03-21 09:15:00,NSE:LT,1295.0,1313.6,1295.0,1309.35,2835466.0
2018-03-22 09:15:00,NSE:LT,1314.8,1321.4,1289.0,1296.25,1834024.0
2018-03-23 09:15:00,NSE:LT,1278.6,1283.3,1261.5,1267.9,2280525.0
2018-03-26 09:15:00,NSE:LT,1268.0,1300.1,1268.0,1297.4,1697069.0
2018-03-27 09:15:00,NSE:LT,1307.0,1314.0,1301.0,1307.55,2003736.0
2018-03-28 09:15:00,NSE:LT,1301.1,1325.0,1292.4,1310.9,3989865.0
2018-04-02 09:15:00,NSE:LT,1313.0,1339.5,1312.05,1335.95,1302024.0
2018-04-03 09:15:00,NSE:LT,1332.75,1339.0,1318.05,1330.4,1123582.0
2018-04-04 09:15:00,NSE:LT,1331.0,1332.7,1290.2,1296.15,1285513.0
2018-04-05 09:15:00,NSE:LT,1314.0,1335.05,1311.0,1328.8,1758313.0
2018-04-06 09:15:00,NSE:LT,1305.2,1323.0,1305.2,1316.55,1492796.0
2018-04-09 09:15:00,NSE:LT,1318.0,1333.0,1317.85,1327.9,1118116.0
2018-04-10 09:15:00,NSE:LT,1328.0,1355.45,1328.0,1349.9,2177789.0
2018-04-11 09:15:00,NSE:LT,1358.4,1359.4,1340.0,1352.75,1536552.0
2018-04-12 09:15:00,NSE:LT,1356.3,1361.4,1345.55,1357.45,1695410.0
2018-04-13 09:15:00,NSE:LT,1362.0,1364.35,1340.6,1354.85,1320241.0
2018-04-16 09:15:00,NSE:LT,1347.9,1372.0,1346.15,1368.1,1304778.0
2018-04-17 09:15:00,NSE:LT,1370.5,1377.9,1355.2,1359.55,1058589.0
2018-04-18 09:15:00,NSE:LT,1363.1,1371.45,1351.0,1360.1,1459202.0
2018-04-19 09:15:00,NSE:LT,1365.1,1388.1,1361.8,1385.0,2229317.0
2018-04-20 09:15:00,NSE:LT,1385.0,1385.0,1359.0,1365.05,1091415.0
2018-04-23 09:15:00,NSE:LT,1370.0,1378.0,1355.5,1360.0,1364935.0
2018-04-24 09:15:00,NSE:LT,1355.7,1382.2,1352.0,1378.0,1002866.0
2018-04-25 09:15:00,NSE:LT,1375.9,1376.75,1356.95,1362.9,1536003.0
2018-04-26 09:15:00,NSE:LT,1365.5,1366.25,1330.1,1347.2,4513014.0
2018-04-27 09:15:00,NSE:LT,1353.5,1383.0,1353.5,1377.75,1746280.0
2018-04-30 09:15:00,NSE:LT,1381.3,1405.0,1381.3,1400.9,1309980.0
2018-05-02 09:15:00,NSE:LT,1420.0,1423.75,1390.1,1403.15,3975516.0
2018-05-03 09:15:00,NSE:LT,1405.7,1406.55,1374.6,1377.75,1278892.0
2018-05-04 09:15:00,NSE:LT,1380.0,1386.75,1362.0,1368.7,1274703.0
2018-05-07 09:15:00,NSE:LT,1374.0,1393.9,1366.3,1389.15,1250082.0
2018-05-08 09:15:00,NSE:LT,1391.3,1393.0,1356.15,1364.9,1604486.0
2018-05-09 09:15:00,NSE:LT,1362.2,1382.6,1361.25,1375.65,1270004.0
2018-05-10 09:15:00,NSE:LT,1380.1,1385.2,1355.15,1362.2,1262157.0
2018-05-11 09:15:00,NSE:LT,1367.5,1389.5,1364.3,1387.4,1033691.0
2018-05-14 09:15:00,NSE:LT,1381.55,1399.0,1377.0,1381.75,1265158.0
2018-05-15 09:15:00,NSE:LT,1381.0,1403.0,1368.9,1374.2,1824434.0
2018-05-16 09:15:00,NSE:LT,1364.9,1374.05,1358.7,1362.35,1491335.0
2018-05-17 09:15:00,NSE:LT,1368.0,1375.0,1350.0,1355.95,1833028.0
2018-05-18 09:15:00,NSE:LT,1350.0,1360.6,1312.0,1315.55,2070654.0
2018-05-21 09:15:00,NSE:LT,1311.0,1336.85,1311.0,1313.25,2047129.0
2018-05-22 09:15:00,NSE:LT,1317.9,1340.9,1316.1,1320.15,1375132.0
2018-05-23 09:15:00,NSE:LT,1317.0,1350.0,1315.0,1326.9,1851368.0
2018-05-24 09:15:00,NSE:LT,1336.0,1347.5,1326.4,1338.05,1482329.0
2018-05-25 09:15:00,NSE:LT,1340.95,1347.6,1331.75,1342.0,1696915.0
2018-05-28 09:15:00,NSE:LT,1346.0,1384.95,1344.1,1376.45,2127978.0
2018-05-29 09:15:00,NSE:LT,1393.7,1424.95,1375.4,1380.6,6814062.0
2018-05-30 09:15:00,NSE:LT,1380.0,1380.0,1357.15,1365.65,2286366.0
2018-05-31 09:15:00,NSE:LT,1370.95,1377.45,1356.0,1370.4,2930988.0
2018-06-01 09:15:00,NSE:LT,1375.8,1396.0,1362.6,1372.4,2234018.0
2018-06-04 09:15:00,NSE:LT,1375.95,1385.0,1354.0,1357.85,1346919.0
2018-06-05 09:15:00,NSE:LT,1361.8,1361.8,1326.6,1333.75,1905926.0
2018-06-06 09:15:00,NSE:LT,1331.0,1355.0,1331.0,1350.55,1581905.0
2018-06-07 09:15:00,NSE:LT,1360.4,1366.0,1348.95,1355.15,2272271.0
2018-06-08 09:15:00,NSE:LT,1349.05,1355.0,1331.1,1343.95,2483519.0
2018-06-11 09:15:00,NSE:LT,1343.0,1355.0,1337.0,1343.25,1417401.0
2018-06-12 09:15:00,NSE:LT,1348.0,1368.45,1344.6,1366.4,1853562.0
2018-06-13 09:15:00,NSE:LT,1366.8,1368.25,1353.0,1358.75,1253808.0
2018-06-14 09:15:00,NSE:LT,1354.0,1359.45,1340.0,1343.0,1325652.0
2018-06-15 09:15:00,NSE:LT,1341.0,1343.0,1323.25,1329.9,2660969.0
2018-06-18 09:15:00,NSE:LT,1331.25,1337.4,1321.05,1323.2,951701.0
2018-06-19 09:15:00,NSE:LT,1318.85,1327.5,1307.05,1310.4,1607343.0
2018-06-20 09:15:00,NSE:LT,1311.05,1319.2,1300.0,1306.75,2207289.0
2018-06-21 09:15:00,NSE:LT,1310.0,1316.0,1286.0,1289.8,2161971.0
2018-06-22 09:15:00,NSE:LT,1288.7,1305.0,1283.5,1299.85,3364048.0
2018-06-25 09:15:00,NSE:LT,1301.0,1303.75,1264.25,1268.15,1622133.0
2018-06-26 09:15:00,NSE:LT,1268.8,1283.5,1261.1,1270.05,2003243.0
2018-06-27 09:15:00,NSE:LT,1273.0,1275.0,1229.0,1232.75,2332129.0
2018-06-28 09:15:00,NSE:LT,1228.0,1240.0,1206.0,1234.95,4677061.0
2018-06-29 09:15:00,NSE:LT,1235.95,1277.95,1233.05,1275.1,2324572.0
2018-07-02 09:15:00,NSE:LT,1277.9,1277.95,1242.9,1255.95,3832519.0
2018-07-03 09:15:00,NSE:LT,1259.25,1264.0,1246.05,1251.5,2096700.0
2018-07-04 09:15:00,NSE:LT,1251.9,1261.4,1243.2,1259.5,1842579.0
2018-07-05 09:15:00,NSE:LT,1265.0,1265.0,1245.6,1254.45,2006459.0
2018-07-06 09:15:00,NSE:LT,1251.0,1278.25,1244.9,1266.3,2064484.0
2018-07-09 09:15:00,NSE:LT,1271.8,1291.45,1263.2,1288.0,2021357.0
2018-07-10 09:15:00,NSE:LT,1294.45,1298.0,1272.75,1284.6,1923397.0
2018-07-11 09:15:00,NSE:LT,1283.55,1285.95,1271.6,1274.75,1326221.0
2018-07-12 09:15:00,NSE:LT,1280.1,1304.5,1275.0,1299.75,2777124.0
2018-07-13 09:15:00,NSE:LT,1307.0,1319.0,1287.25,1295.0,2360493.0
2018-07-16 09:15:00,NSE:LT,1300.0,1301.15,1277.9,1283.1,1593400.0
2018-07-17 09:15:00,NSE:LT,1285.05,1291.0,1268.8,1286.85,1598278.0
2018-07-18 09:15:00,NSE:LT,1295.0,1308.0,1283.0,1292.25,1855985.0
2018-07-19 09:15:00,NSE:LT,1294.3,1296.65,1253.0,1261.0,1468552.0
2018-07-20 09:15:00,NSE:LT,1257.5,1289.0,1255.55,1270.35,1937969.0
2018-07-23 09:15:00,NSE:LT,1270.5,1283.0,1262.2,1279.15,1229445.0
2018-07-24 09:15:00,NSE:LT,1285.0,1328.0,1281.0,1324.0,4071039.0
2018-07-25 09:15:00,NSE:LT,1331.45,1335.95,1313.65,1320.7,2254936.0
2018-07-26 09:15:00,NSE:LT,1331.8,1346.9,1293.25,1305.95,7489743.0
2018-07-27 09:15:00,NSE:LT,1313.7,1319.5,1300.5,1311.45,1785314.0
2018-07-30 09:15:00,NSE:LT,1312.5,1316.5,1291.2,1295.35,3090391.0
2018-07-31 09:15:00,NSE:LT,1299.95,1310.45,1285.0,1302.3,2304148.0
2018-08-01 09:15:00,NSE:LT,1306.0,1308.85,1292.95,1298.0,1924210.0
2018-08-02 09:15:00,NSE:LT,1294.4,1296.95,1280.0,1282.4,1415162.0
2018-08-03 09:15:00,NSE:LT,1285.2,1297.7,1283.05,1290.0,1279774.0
2018-08-06 09:15:00,NSE:LT,1294.0,1299.8,1285.8,1290.45,842106.0
2018-08-07 09:15:00,NSE:LT,1296.7,1308.0,1292.35,1295.3,1458197.0
2018-08-08 09:15:00,NSE:LT,1297.65,1308.8,1290.15,1298.25,1308818.0
2018-08-09 09:15:00,NSE:LT,1299.95,1303.9,1282.75,1284.7,1035908.0
2018-08-10 09:15:00,NSE:LT,1282.35,1295.4,1262.0,1264.65,1784956.0
2018-08-13 09:15:00,NSE:LT,1264.5,1278.8,1252.0,1269.05,1627092.0
2018-08-14 09:15:00,NSE:LT,1264.15,1266.7,1250.1,1253.25,2146242.0
2018-08-16 09:15:00,NSE:LT,1247.9,1262.65,1226.0,1231.65,2292161.0
2018-08-17 09:15:00,NSE:LT,1239.0,1247.8,1231.45,1240.15,1750983.0
2018-08-20 09:15:00,NSE:LT,1300.0,1331.9,1282.0,1323.7,11227838.0
2018-08-21 09:15:00,NSE:LT,1335.0,1335.0,1315.0,1322.55,3057182.0
2018-08-23 09:15:00,NSE:LT,1329.2,1363.9,1318.7,1352.05,8248115.0
2018-08-24 09:15:00,NSE:LT,1353.7,1363.0,1341.0,1342.9,3506532.0
2018-08-27 09:15:00,NSE:LT,1355.0,1366.0,1345.4,1356.1,2595682.0
2018-08-28 09:15:00,NSE:LT,1362.35,1366.0,1352.0,1355.6,1889337.0
2018-08-29 09:15:00,NSE:LT,1356.8,1356.8,1344.7,1351.55,1435495.0
2018-08-30 09:15:00,NSE:LT,1351.15,1362.9,1344.0,1346.55,2288925.0
2018-08-31 09:15:00,NSE:LT,1348.95,1374.0,1348.95,1369.55,3549583.0
2018-09-03 09:15:00,NSE:LT,1375.0,1390.0,1360.1,1363.0,2347852.0
2018-09-04 09:15:00,NSE:LT,1365.0,1371.6,1354.1,1359.3,1517216.0
2018-09-05 09:15:00,NSE:LT,1357.9,1363.9,1341.4,1348.0,2413590.0
2018-09-06 09:15:00,NSE:LT,1349.8,1355.6,1338.8,1347.1,1586350.0
2018-09-07 09:15:00,NSE:LT,1349.0,1357.0,1341.0,1347.5,1307928.0
2018-09-10 09:15:00,NSE:LT,1347.75,1352.0,1335.0,1336.8,1228247.0
2018-09-11 09:15:00,NSE:LT,1341.55,1347.75,1326.8,1329.65,1617176.0
2018-09-12 09:15:00,NSE:LT,1335.0,1355.95,1320.5,1352.25,1319469.0
2018-09-14 09:15:00,NSE:LT,1356.0,1367.2,1350.55,1358.85,1462192.0
2018-09-17 09:15:00,NSE:LT,1351.55,1353.8,1339.6,1344.75,912431.0
2018-09-18 09:15:00,NSE:LT,1343.8,1350.15,1325.25,1327.9,1501479.0
2018-09-19 09:15:00,NSE:LT,1332.95,1343.0,1326.0,1332.9,867001.0
2018-09-21 09:15:00,NSE:LT,1342.2,1352.45,1309.55,1329.7,2309530.0
2018-09-24 09:15:00,NSE:LT,1333.3,1338.8,1302.3,1318.35,2425415.0
2018-09-25 09:15:00,NSE:LT,1316.0,1332.7,1308.0,1319.05,2684511.0
2018-09-26 09:15:00,NSE:LT,1329.0,1336.8,1309.0,1332.65,2846089.0
2018-09-27 09:15:00,NSE:LT,1336.85,1337.0,1296.5,1309.9,3847372.0
2018-09-28 09:15:00,NSE:LT,1314.5,1316.7,1250.15,1272.1,4301355.0
2018-10-01 09:15:00,NSE:LT,1274.0,1274.0,1217.55,1248.1,4955435.0
2018-10-03 09:15:00,NSE:LT,1247.1,1262.0,1226.65,1245.45,4302314.0
2018-10-04 09:15:00,NSE:LT,1258.0,1292.9,1251.25,1257.9,7398229.0
2018-10-05 09:15:00,NSE:LT,1258.0,1267.7,1215.85,1227.4,4206887.0
2018-10-08 09:15:00,NSE:LT,1230.0,1244.0,1203.1,1215.35,3957900.0
2018-10-09 09:15:00,NSE:LT,1222.8,1236.05,1215.45,1221.05,2559815.0
2018-10-10 09:15:00,NSE:LT,1227.0,1265.9,1223.7,1250.65,4134413.0
2018-10-11 09:15:00,NSE:LT,1230.0,1237.0,1220.1,1225.85,3942878.0
2018-10-12 09:15:00,NSE:LT,1224.8,1245.0,1218.75,1235.25,2773440.0
2018-10-15 09:15:00,NSE:LT,1230.0,1236.8,1208.4,1216.4,2945137.0
2018-10-16 09:15:00,NSE:LT,1220.0,1228.95,1215.55,1224.65,2336499.0
2018-10-17 09:15:00,NSE:LT,1236.65,1238.0,1208.7,1211.9,1746801.0
2018-10-19 09:15:00,NSE:LT,1200.0,1211.9,1186.0,1206.05,2006965.0
2018-10-22 09:15:00,NSE:LT,1214.0,1218.65,1200.1,1206.6,1452784.0
2018-10-23 09:15:00,NSE:LT,1195.9,1209.05,1182.5,1200.7,2109820.0
2018-10-24 09:15:00,NSE:LT,1211.2,1222.3,1204.1,1218.9,1484693.0
2018-10-25 09:15:00,NSE:LT,1208.0,1212.05,1195.15,1201.55,3063065.0
2018-10-26 09:15:00,NSE:LT,1200.6,1213.0,1191.3,1197.45,1101325.0
2018-10-29 09:15:00,NSE:LT,1201.0,1264.5,1198.25,1261.3,2140956.0
2018-10-30 09:15:00,NSE:LT,1258.4,1278.65,1248.25,1271.25,1957735.0
2018-10-31 09:15:00,NSE:LT,1266.0,1304.0,1249.2,1297.5,3117499.0
2018-11-01 09:15:00,NSE:LT,1337.45,1384.0,1321.6,1331.1,8903105.0
2018-11-02 09:15:00,NSE:LT,1340.0,1369.85,1340.0,1357.5,2665756.0
2018-11-05 09:15:00,NSE:LT,1358.3,1365.0,1343.55,1350.15,1457946.0
2018-11-06 09:15:00,NSE:LT,1350.15,1369.8,1350.05,1365.2,1616734.0
2018-11-07 09:15:00,NSE:LT,1370.0,1370.0,1363.65,1365.95,255086.0
2018-11-09 09:15:00,NSE:LT,1365.95,1379.0,1360.0,1368.6,1247358.0
2018-11-12 09:15:00,NSE:LT,1372.9,1384.5,1362.0,1367.2,2174698.0
2018-11-13 09:15:00,NSE:LT,1364.0,1395.0,1358.2,1391.1,2068670.0
2018-11-14 09:15:00,NSE:LT,1394.0,1398.0,1379.0,1384.7,1364551.0
2018-11-15 09:15:00,NSE:LT,1388.0,1408.0,1386.1,1398.5,2890196.0
2018-11-16 09:15:00,NSE:LT,1402.75,1414.0,1391.5,1399.05,1732865.0
2018-11-19 09:15:00,NSE:LT,1400.0,1419.85,1395.05,1417.2,1932311.0
2018-11-20 09:15:00,NSE:LT,1410.25,1423.1,1407.7,1413.1,1889461.0
2018-11-21 09:15:00,NSE:LT,1410.0,1413.75,1393.25,1402.1,1320423.0
2018-11-22 09:15:00,NSE:LT,1405.0,1419.5,1396.2,1410.15,1723570.0
2018-11-26 09:15:00,NSE:LT,1410.2,1430.0,1410.2,1422.0,2630117.0
2018-11-27 09:15:00,NSE:LT,1419.45,1434.0,1415.35,1431.6,1956946.0
2018-11-28 09:15:00,NSE:LT,1431.6,1434.0,1399.0,1403.4,1390580.0
2018-11-29 09:15:00,NSE:LT,1413.65,1435.5,1407.5,1422.45,2816724.0
2018-11-30 09:15:00,NSE:LT,1425.15,1438.15,1410.0,1432.5,2018571.0
2018-12-03 09:15:00,NSE:LT,1435.05,1439.95,1412.0,1427.5,1115862.0
2018-12-04 09:15:00,NSE:LT,1423.05,1429.75,1415.0,1419.9,1061729.0
2018-12-05 09:15:00,NSE:LT,1412.0,1419.0,1389.15,1394.8,1582751.0
2018-12-06 09:15:00,NSE:LT,1387.8,1397.05,1372.05,1379.5,1574405.0
2018-12-07 09:15:00,NSE:LT,1387.0,1404.0,1372.1,1399.9,1185686.0
2018-12-10 09:15:00,NSE:LT,1374.7,1386.4,1358.2,1367.75,1657418.0
2018-12-11 09:15:00,NSE:LT,1358.0,1369.85,1343.65,1361.4,2302505.0
2018-12-12 09:15:00,NSE:LT,1368.6,1407.65,1365.5,1400.3,1751549.0
2018-12-13 09:15:00,NSE:LT,1413.7,1429.0,1406.0,1426.45,1863210.0
2018-12-14 09:15:00,NSE:LT,1423.45,1428.55,1405.05,1411.4,2189734.0
2018-12-17 09:15:00,NSE:LT,1395.4,1424.4,1395.05,1408.0,1610515.0
2018-12-18 09:15:00,NSE:LT,1405.0,1430.0,1405.0,1428.5,1568498.0
2018-12-19 09:15:00,NSE:LT,1431.0,1438.0,1426.4,1434.75,2073536.0
2018-12-20 09:15:00,NSE:LT,1430.6,1453.0,1423.25,1450.8,2782410.0
2018-12-21 09:15:00,NSE:LT,1450.8,1459.7,1415.2,1420.0,1975704.0
2018-12-24 09:15:00,NSE:LT,1427.6,1428.7,1400.0,1404.8,1390194.0
2018-12-26 09:15:00,NSE:LT,1398.8,1432.0,1384.3,1422.65,1712084.0
2018-12-27 09:15:00,NSE:LT,1429.2,1434.35,1408.5,1425.05,1872745.0
2018-12-28 09:15:00,NSE:LT,1426.55,1448.0,1426.3,1439.4,1918767.0
2018-12-31 09:15:00,NSE:LT,1445.0,1450.0,1431.2,1437.55,1487860.0
2019-01-01 09:15:00,NSE:LT,1445.0,1445.0,1425.2,1441.9,786846.0
2019-01-02 09:15:00,NSE:LT,1441.0,1444.9,1417.1,1425.5,2058504.0
2019-01-03 09:15:00,NSE:LT,1426.0,1429.0,1391.0,1395.0,2290756.0
2019-01-04 09:15:00,NSE:LT,1401.9,1407.6,1373.55,1388.05,2711485.0
2019-01-07 09:15:00,NSE:LT,1397.0,1408.6,1379.05,1383.8,1851513.0
2019-01-08 09:15:00,NSE:LT,1387.5,1393.85,1375.0,1382.2,1437271.0
2019-01-09 09:15:00,NSE:LT,1389.5,1393.55,1372.0,1386.05,1413005.0
2019-01-10 09:15:00,NSE:LT,1388.0,1398.9,1383.25,1392.6,1063647.0
2019-01-11 09:15:00,NSE:LT,1393.0,1393.9,1361.05,1369.6,2489197.0
2019-01-14 09:15:00,NSE:LT,1367.2,1367.2,1331.0,1333.9,3080984.0
2019-01-15 09:15:00,NSE:LT,1340.0,1348.0,1330.0,1340.9,3079248.0
2019-01-16 09:15:00,NSE:LT,1342.9,1361.5,1336.0,1342.15,2454470.0
2019-01-17 09:15:00,NSE:LT,1345.1,1351.8,1336.95,1346.05,1610419.0
2019-01-18 09:15:00,NSE:LT,1350.85,1352.0,1313.0,1317.9,2135781.0
2019-01-21 09:15:00,NSE:LT,1279.0,1337.25,1273.45,1314.55,8813681.0
2019-01-22 09:15:00,NSE:LT,1316.9,1321.5,1298.1,1301.15,2544978.0
2019-01-23 09:15:00,NSE:LT,1301.0,1306.9,1293.55,1301.45,1821323.0
2019-01-24 09:15:00,NSE:LT,1305.0,1305.55,1287.0,1295.35,1654706.0
2019-01-25 09:15:00,NSE:LT,1300.0,1314.1,1281.5,1285.45,3136788.0
2019-01-28 09:15:00,NSE:LT,1295.45,1337.9,1291.65,1300.45,8004136.0
2019-01-29 09:15:00,NSE:LT,1304.0,1308.8,1268.2,1278.05,3685535.0
2019-01-30 09:15:00,NSE:LT,1284.3,1309.0,1281.0,1294.45,2385425.0
2019-01-31 09:15:00,NSE:LT,1304.0,1321.7,1296.55,1314.3,5852257.0
2019-02-01 09:15:00,NSE:LT,1315.5,1334.55,1313.0,1324.6,2515736.0
2019-02-04 09:15:00,NSE:LT,1326.85,1326.85,1302.6,1307.4,2308931.0
2019-02-05 09:15:00,NSE:LT,1310.7,1323.0,1300.0,1304.6,1447400.0
2019-02-06 09:15:00,NSE:LT,1308.0,1322.0,1293.05,1314.4,2034886.0
2019-02-07 09:15:00,NSE:LT,1314.0,1320.85,1289.2,1296.05,1556295.0
2019-02-08 09:15:00,NSE:LT,1295.0,1298.9,1255.55,1261.75,2993525.0
2019-02-11 09:15:00,NSE:LT,1259.0,1259.0,1221.0,1246.5,2981408.0
2019-02-12 09:15:00,NSE:LT,1244.5,1264.9,1241.55,1246.85,1571390.0
2019-02-13 09:15:00,NSE:LT,1248.2,1254.85,1211.9,1216.65,2527941.0
2019-02-14 09:15:00,NSE:LT,1219.0,1231.75,1201.1,1227.6,6974738.0
2019-02-15 09:15:00,NSE:LT,1244.0,1253.9,1230.9,1243.1,3620228.0
2019-02-18 09:15:00,NSE:LT,1245.0,1259.55,1240.0,1244.5,2186849.0
2019-02-19 09:15:00,NSE:LT,1245.0,1270.0,1245.0,1258.3,2389086.0
2019-02-20 09:15:00,NSE:LT,1265.0,1282.65,1264.2,1276.55,2433082.0
2019-02-21 09:15:00,NSE:LT,1282.0,1291.5,1265.1,1284.1,2392129.0
2019-02-22 09:15:00,NSE:LT,1282.0,1283.4,1265.5,1280.35,2390188.0
2019-02-25 09:15:00,NSE:LT,1280.35,1286.45,1264.0,1275.85,5873730.0
2019-02-26 09:15:00,NSE:LT,1263.8,1275.0,1253.0,1265.85,2417931.0
2019-02-27 09:15:00,NSE:LT,1270.55,1295.0,1268.0,1284.7,3555914.0
2019-02-28 09:15:00,NSE:LT,1293.0,1302.95,1273.3,1292.95,9321535.0
2019-03-01 09:15:00,NSE:LT,1300.3,1311.95,1297.25,1308.55,2831577.0
2019-03-05 09:15:00,NSE:LT,1302.0,1310.4,1277.05,1305.8,3948051.0
2019-03-06 09:15:00,NSE:LT,1310.5,1327.55,1310.5,1317.0,2776738.0
2019-03-07 09:15:00,NSE:LT,1323.85,1357.3,1310.0,1352.4,6207580.0
2019-03-08 09:15:00,NSE:LT,1350.0,1363.0,1337.0,1339.4,4868283.0
2019-03-11 09:15:00,NSE:LT,1343.55,1351.0,1340.0,1346.55,2661353.0
2019-03-12 09:15:00,NSE:LT,1355.0,1403.0,1355.0,1388.9,6631152.0
2019-03-13 09:15:00,NSE:LT,1395.7,1397.55,1372.85,1378.6,2241672.0
2019-03-14 09:15:00,NSE:LT,1384.7,1396.0,1377.0,1379.75,1838850.0
2019-03-15 09:15:00,NSE:LT,1386.0,1410.8,1378.6,1396.5,5723980.0
2019-03-18 09:15:00,NSE:LT,1397.0,1411.7,1370.35,1378.9,2450686.0
2019-03-19 09:15:00,NSE:LT,1371.0,1374.95,1346.5,1357.95,4053209.0
2019-03-20 09:15:00,NSE:LT,1362.0,1382.0,1361.0,1370.9,3871744.0
2019-03-22 09:15:00,NSE:LT,1379.0,1415.0,1376.2,1394.7,3788604.0
2019-03-25 09:15:00,NSE:LT,1387.0,1389.0,1370.1,1376.75,1666203.0
2019-03-26 09:15:00,NSE:LT,1379.8,1388.8,1367.75,1372.8,2021089.0
2019-03-27 09:15:00,NSE:LT,1379.0,1391.1,1363.15,1366.45,2558997.0
2019-03-28 09:15:00,NSE:LT,1371.0,1392.5,1364.0,1386.7,3184285.0
2019-03-29 09:15:00,NSE:LT,1394.9,1405.0,1380.5,1385.3,2917356.0
2019-04-01 09:15:00,NSE:LT,1390.1,1424.0,1390.1,1412.2,3842703.0
2019-04-02 09:15:00,NSE:LT,1415.1,1426.95,1403.5,1409.75,2737093.0
2019-04-03 09:15:00,NSE:LT,1409.4,1415.0,1375.0,1378.05,2366304.0
2019-04-04 09:15:00,NSE:LT,1384.9,1393.9,1365.7,1368.7,1980318.0
2019-04-05 09:15:00,NSE:LT,1373.75,1392.75,1370.3,1373.8,2037782.0
2019-04-08 09:15:00,NSE:LT,1379.7,1386.8,1365.45,1373.65,1013017.0
2019-04-09 09:15:00,NSE:LT,1375.9,1387.0,1366.0,1375.2,2209945.0
2019-04-10 09:15:00,NSE:LT,1370.0,1382.0,1365.0,1371.55,2014958.0
2019-04-11 09:15:00,NSE:LT,1371.65,1387.95,1371.65,1378.0,3110225.0
2019-04-12 09:15:00,NSE:LT,1380.0,1381.85,1358.3,1360.9,2751659.0
2019-04-15 09:15:00,NSE:LT,1365.0,1368.0,1354.0,1356.9,1933204.0
2019-04-16 09:15:00,NSE:LT,1360.0,1390.9,1360.0,1381.4,3217456.0
2019-04-18 09:15:00,NSE:LT,1387.0,1387.6,1357.4,1360.7,2594906.0
2019-04-22 09:15:00,NSE:LT,1362.0,1370.9,1352.5,1360.15,3101477.0
2019-04-23 09:15:00,NSE:LT,1361.7,1365.0,1336.6,1348.2,2016454.0
2019-04-24 09:15:00,NSE:LT,1353.0,1363.45,1350.0,1360.65,1753395.0
2019-04-25 09:15:00,NSE:LT,1366.85,1380.55,1352.15,1355.15,2886022.0
2019-04-26 09:15:00,NSE:LT,1358.2,1367.0,1351.0,1358.2,1767153.0
2019-04-30 09:15:00,NSE:LT,1365.0,1366.5,1340.0,1348.55,1905624.0
2019-05-02 09:15:00,NSE:LT,1349.45,1376.5,1342.0,1358.75,1985540.0
2019-05-03 09:15:00,NSE:LT,1362.0,1373.2,1360.0,1363.6,1239667.0
2019-05-06 09:15:00,NSE:LT,1353.3,1364.85,1349.9,1352.7,1515052.0
2019-05-07 09:15:00,NSE:LT,1357.4,1374.35,1350.0,1366.6,2596385.0
2019-05-08 09:15:00,NSE:LT,1363.9,1371.0,1355.0,1360.35,1601700.0
2019-05-09 09:15:00,NSE:LT,1357.0,1368.8,1337.6,1356.45,2464425.0
2019-05-10 09:15:00,NSE:LT,1359.65,1362.5,1345.1,1355.5,1466154.0
2019-05-13 09:15:00,NSE:LT,1345.0,1355.0,1312.0,1317.65,3422913.0
2019-05-14 09:15:00,NSE:LT,1309.0,1347.65,1285.3,1341.8,3132767.0
2019-05-15 09:15:00,NSE:LT,1347.5,1355.0,1320.5,1325.8,2054728.0
2019-05-16 09:15:00,NSE:LT,1326.0,1348.0,1308.3,1337.15,2058450.0
2019-05-17 09:15:00,NSE:LT,1335.0,1371.5,1332.55,1361.9,2776586.0
2019-05-20 09:15:00,NSE:LT,1400.0,1455.0,1400.0,1451.45,6210427.0
2019-05-21 09:15:00,NSE:LT,1455.0,1462.05,1437.85,1449.1,2961180.0
2019-05-22 09:15:00,NSE:LT,1450.1,1473.4,1441.6,1461.1,3304912.0
2019-05-23 09:15:00,NSE:LT,1476.2,1562.4,1466.0,1476.1,10485813.0
2019-05-24 09:15:00,NSE:LT,1493.0,1549.2,1490.35,1544.15,5626500.0
2019-05-27 09:15:00,NSE:LT,1543.7,1600.0,1532.1,1596.0,6730594.0
2019-05-28 09:15:00,NSE:LT,1596.0,1607.0,1563.3,1574.5,4987068.0
2019-05-29 09:15:00,NSE:LT,1570.2,1596.95,1546.2,1552.45,3070738.0
2019-05-30 09:15:00,NSE:LT,1550.0,1569.35,1540.0,1558.6,2675199.0
2019-05-31 09:15:00,NSE:LT,1569.95,1581.5,1534.8,1557.55,3945900.0
2019-06-03 09:15:00,NSE:LT,1563.7,1570.0,1546.4,1559.4,2617068.0
2019-06-04 09:15:00,NSE:LT,1561.0,1585.0,1558.0,1569.8,3854101.0
2019-06-06 09:15:00,NSE:LT,1569.65,1571.8,1511.6,1515.9,3268594.0
2019-06-07 09:15:00,NSE:LT,1518.55,1533.7,1495.5,1513.85,2572146.0
2019-06-10 09:15:00,NSE:LT,1525.0,1542.0,1521.3,1532.1,1608705.0
2019-06-11 09:15:00,NSE:LT,1540.2,1540.2,1522.0,1524.3,1745105.0
2019-06-12 09:15:00,NSE:LT,1524.1,1525.9,1503.7,1509.25,1495586.0
2019-06-13 09:15:00,NSE:LT,1509.0,1529.0,1504.6,1517.55,1828211.0
2019-06-14 09:15:00,NSE:LT,1521.0,1539.9,1513.05,1526.3,1854211.0
2019-06-17 09:15:00,NSE:LT,1530.0,1537.0,1495.25,1498.75,2048759.0
2019-06-18 09:15:00,NSE:LT,1500.0,1519.95,1497.8,1505.3,2098714.0
2019-06-19 09:15:00,NSE:LT,1513.95,1530.0,1497.0,1505.15,2140698.0
2019-06-20 09:15:00,NSE:LT,1509.25,1563.0,1507.05,1557.1,3483179.0
2019-06-21 09:15:00,NSE:LT,1560.0,1569.95,1530.0,1539.75,3028524.0
2019-06-24 09:15:00,NSE:LT,1545.5,1563.45,1537.15,1541.0,1941777.0
2019-06-25 09:15:00,NSE:LT,1545.8,1552.0,1521.1,1535.0,2384122.0
2019-06-26 09:15:00,NSE:LT,1533.0,1563.75,1529.0,1551.2,2789166.0
2019-06-27 09:15:00,NSE:LT,1560.0,1568.95,1540.65,1550.9,3763146.0
2019-06-28 09:15:00,NSE:LT,1556.2,1573.9,1547.65,1553.2,3002811.0
2019-07-01 09:15:00,NSE:LT,1563.45,1569.0,1552.25,1556.65,1537022.0
2019-07-02 09:15:00,NSE:LT,1560.0,1565.95,1553.0,1563.85,1294135.0
2019-07-03 09:15:00,NSE:LT,1565.0,1583.9,1560.2,1578.05,2800104.0
2019-07-04 09:15:00,NSE:LT,1582.95,1590.6,1568.25,1571.7,1981745.0
2019-07-05 09:15:00,NSE:LT,1581.0,1591.65,1545.55,1558.35,3693134.0
2019-07-08 09:15:00,NSE:LT,1549.9,1551.25,1461.55,1490.35,4697122.0
2019-07-09 09:15:00,NSE:LT,1486.6,1538.4,1485.35,1526.6,4329323.0
2019-07-10 09:15:00,NSE:LT,1523.8,1529.6,1482.7,1499.55,2823544.0
2019-07-11 09:15:00,NSE:LT,1512.0,1512.95,1490.1,1495.2,2156264.0
2019-07-12 09:15:00,NSE:LT,1499.0,1499.0,1462.0,1466.85,3495971.0
2019-07-15 09:15:00,NSE:LT,1471.0,1473.95,1431.9,1440.6,3950399.0
2019-07-16 09:15:00,NSE:LT,1442.0,1464.0,1426.9,1461.2,3654380.0
2019-07-17 09:15:00,NSE:LT,1461.0,1470.55,1452.0,1455.45,2225647.0
2019-07-18 09:15:00,NSE:LT,1444.8,1454.95,1432.0,1435.2,2342881.0
2019-07-19 09:15:00,NSE:LT,1446.4,1446.8,1402.1,1411.55,3199700.0
2019-07-22 09:15:00,NSE:LT,1409.6,1419.0,1394.0,1403.7,2646126.0
2019-07-23 09:15:00,NSE:LT,1414.8,1414.8,1386.2,1409.5,4013444.0
2019-07-24 09:15:00,NSE:LT,1410.25,1420.2,1376.15,1387.35,5434450.0
2019-07-25 09:15:00,NSE:LT,1395.1,1402.9,1369.0,1372.4,4181824.0
2019-07-26 09:15:00,NSE:LT,1370.9,1397.25,1363.1,1392.15,3019850.0
2019-07-29 09:15:00,NSE:LT,1393.45,1398.0,1360.5,1371.5,1987927.0
2019-07-30 09:15:00,NSE:LT,1376.0,1393.15,1372.3,1376.35,2714475.0
2019-07-31 09:15:00,NSE:LT,1371.65,1397.95,1367.1,1387.3,2693653.0
2019-08-01 09:15:00,NSE:LT,1380.0,1386.0,1339.0,1358.05,2774996.0
2019-08-02 09:15:00,NSE:LT,1352.6,1376.9,1340.0,1370.25,2776965.0
2019-08-05 09:15:00,NSE:LT,1355.0,1358.8,1325.0,1345.8,2287548.0
2019-08-06 09:15:00,NSE:LT,1342.7,1399.4,1340.05,1377.5,4152548.0
2019-08-07 09:15:00,NSE:LT,1380.0,1389.9,1352.85,1360.05,2247223.0
2019-08-08 09:15:00,NSE:LT,1370.0,1372.0,1340.1,1360.65,2788577.0
2019-08-09 09:15:00,NSE:LT,1372.0,1392.5,1361.1,1364.6,2419380.0
2019-08-13 09:15:00,NSE:LT,1370.0,1370.0,1307.0,1313.25,3135817.0
2019-08-14 09:15:00,NSE:LT,1320.0,1340.95,1316.0,1333.7,2798429.0
2019-08-16 09:15:00,NSE:LT,1335.0,1339.9,1320.5,1335.25,2654524.0
2019-08-19 09:15:00,NSE:LT,1339.0,1360.95,1339.0,1352.2,2509331.0
2019-08-20 09:15:00,NSE:LT,1352.95,1355.55,1334.0,1342.5,2145169.0
2019-08-21 09:15:00,NSE:LT,1341.2,1341.9,1302.55,1310.65,2361165.0
2019-08-22 09:15:00,NSE:LT,1302.0,1327.45,1283.15,1294.25,3780476.0
2019-08-23 09:15:00,NSE:LT,1290.0,1297.45,1274.0,1286.5,5252370.0
2019-08-26 09:15:00,NSE:LT,1310.0,1343.2,1276.55,1333.65,3759248.0
2019-08-27 09:15:00,NSE:LT,1344.85,1379.95,1343.65,1356.95,5431422.0
2019-08-28 09:15:00,NSE:LT,1362.1,1370.0,1336.1,1344.65,2272465.0
2019-08-29 09:15:00,NSE:LT,1339.9,1355.0,1332.25,1342.45,2421312.0
2019-08-30 09:15:00,NSE:LT,1344.95,1356.9,1302.9,1328.25,3715119.0
2019-09-03 09:15:00,NSE:LT,1327.0,1327.0,1290.0,1294.4,3617815.0
2019-09-04 09:15:00,NSE:LT,1296.0,1314.3,1292.4,1308.05,2786181.0
2019-09-05 09:15:00,NSE:LT,1312.85,1338.0,1308.65,1320.3,2758679.0
2019-09-06 09:15:00,NSE:LT,1328.45,1334.0,1320.35,1328.65,1694661.0
2019-09-09 09:15:00,NSE:LT,1330.0,1361.8,1323.05,1357.0,3508361.0
2019-09-11 09:15:00,NSE:LT,1364.0,1383.8,1356.0,1363.65,2545642.0
2019-09-12 09:15:00,NSE:LT,1370.1,1379.75,1355.35,1362.4,2249695.0
2019-09-13 09:15:00,NSE:LT,1362.0,1366.95,1344.1,1363.45,1771658.0
2019-09-16 09:15:00,NSE:LT,1354.0,1356.95,1338.6,1343.6,1835805.0
2019-09-17 09:15:00,NSE:LT,1344.0,1345.0,1310.2,1313.7,2210178.0
2019-09-18 09:15:00,NSE:LT,1320.1,1328.4,1313.3,1318.0,2081625.0
2019-09-19 09:15:00,NSE:LT,1320.0,1320.2,1298.0,1300.7,1808736.0
2019-09-20 09:15:00,NSE:LT,1305.0,1416.45,1289.1,1411.5,9975807.0
2019-09-23 09:15:00,NSE:LT,1452.0,1551.0,1451.0,1528.5,12082820.0
2019-09-24 09:15:00,NSE:LT,1524.0,1524.0,1475.55,1481.3,3831602.0
2019-09-25 09:15:00,NSE:LT,1480.9,1481.7,1446.65,1450.1,2746428.0
2019-09-26 09:15:00,NSE:LT,1456.3,1495.0,1456.3,1489.85,3560962.0
2019-09-27 09:15:00,NSE:LT,1484.05,1491.7,1462.0,1472.65,2167976.0
2019-09-30 09:15:00,NSE:LT,1473.0,1484.0,1448.2,1474.25,2961398.0
2019-10-01 09:15:00,NSE:LT,1480.0,1496.45,1439.15,1464.05,2578275.0
2019-10-03 09:15:00,NSE:LT,1445.45,1475.5,1422.25,1458.05,1966976.0
2019-10-04 09:15:00,NSE:LT,1463.8,1474.0,1420.1,1424.9,3266487.0
2019-10-07 09:15:00,NSE:LT,1420.0,1429.0,1381.05,1397.85,2192329.0
2019-10-09 09:15:00,NSE:LT,1401.0,1433.4,1399.1,1426.25,1818865.0
2019-10-10 09:15:00,NSE:LT,1423.0,1432.0,1407.05,1425.1,1626821.0
2019-10-11 09:15:00,NSE:LT,1431.0,1450.0,1420.2,1427.7,2024214.0
2019-10-14 09:15:00,NSE:LT,1435.0,1439.9,1418.35,1423.95,2220364.0
2019-10-15 09:15:00,NSE:LT,1429.1,1444.8,1420.65,1432.25,1797471.0
2019-10-16 09:15:00,NSE:LT,1440.0,1441.8,1416.25,1424.2,2446615.0
2019-10-17 09:15:00,NSE:LT,1428.0,1438.6,1420.2,1424.35,2304434.0
2019-10-18 09:15:00,NSE:LT,1428.0,1457.0,1425.4,1447.8,3516394.0
2019-10-22 09:15:00,NSE:LT,1448.5,1467.8,1439.15,1442.55,2858390.0
2019-10-23 09:15:00,NSE:LT,1445.0,1448.9,1418.6,1431.8,2410781.0
2019-10-24 09:15:00,NSE:LT,1460.0,1467.0,1426.35,1432.25,3646005.0
2019-10-25 09:15:00,NSE:LT,1439.95,1441.7,1420.1,1434.4,2412061.0
2019-10-29 09:15:00,NSE:LT,1435.5,1464.8,1431.0,1461.1,3351491.0
2019-10-30 09:15:00,NSE:LT,1469.95,1491.95,1465.0,1474.25,3722066.0
2019-10-31 09:15:00,NSE:LT,1481.0,1486.5,1467.25,1473.05,2210277.0
2019-11-01 09:15:00,NSE:LT,1476.7,1481.05,1445.0,1449.4,2287220.0
2019-11-04 09:15:00,NSE:LT,1457.8,1468.0,1450.0,1452.2,1459894.0
2019-11-05 09:15:00,NSE:LT,1455.0,1459.6,1432.0,1439.8,2401916.0
2019-11-06 09:15:00,NSE:LT,1440.0,1466.95,1437.75,1453.05,2434431.0
2019-11-07 09:15:00,NSE:LT,1459.95,1459.95,1431.0,1435.05,1999085.0
2019-11-08 09:15:00,NSE:LT,1429.95,1448.0,1420.0,1423.0,2217408.0
2019-11-11 09:15:00,NSE:LT,1419.2,1430.75,1408.05,1417.0,2097492.0
2019-11-13 09:15:00,NSE:LT,1418.45,1419.85,1389.05,1393.0,2929404.0
2019-11-14 09:15:00,NSE:LT,1397.0,1405.95,1376.95,1380.45,3000518.0
2019-11-15 09:15:00,NSE:LT,1383.6,1392.7,1366.2,1377.65,3409434.0
2019-11-18 09:15:00,NSE:LT,1388.0,1393.8,1361.25,1364.5,2733161.0
2019-11-19 09:15:00,NSE:LT,1364.5,1378.2,1361.5,1365.75,2396206.0
2019-11-20 09:15:00,NSE:LT,1372.0,1393.35,1365.35,1380.8,3914075.0
2019-11-21 09:15:00,NSE:LT,1405.0,1417.9,1385.0,1392.7,5719318.0
2019-11-22 09:15:00,NSE:LT,1393.75,1398.95,1371.0,1378.65,2363205.0
2019-11-25 09:15:00,NSE:LT,1378.5,1389.0,1371.1,1380.85,2956576.0
2019-11-26 09:15:00,NSE:LT,1379.35,1380.0,1359.55,1363.0,4853977.0
2019-11-27 09:15:00,NSE:LT,1365.0,1370.0,1314.15,1335.5,7904745.0
2019-11-28 09:15:00,NSE:LT,1344.0,1354.0,1327.2,1349.9,4503913.0
2019-11-29 09:15:00,NSE:LT,1350.0,1350.2,1328.0,1330.55,2515083.0
2019-12-02 09:15:00,NSE:LT,1330.55,1342.9,1320.35,1333.35,3044008.0
2019-12-03 09:15:00,NSE:LT,1333.45,1333.45,1310.0,1313.2,3068849.0
2019-12-04 09:15:00,NSE:LT,1310.0,1312.0,1282.15,1285.1,10230371.0
2019-12-05 09:15:00,NSE:LT,1294.0,1313.0,1285.15,1302.2,6644324.0
2019-12-06 09:15:00,NSE:LT,1308.85,1309.0,1283.1,1290.8,3302384.0
2019-12-09 09:15:00,NSE:LT,1294.0,1298.9,1271.8,1276.0,3038475.0
2019-12-10 09:15:00,NSE:LT,1277.0,1284.0,1267.15,1279.0,2759100.0
2019-12-11 09:15:00,NSE:LT,1282.95,1288.75,1255.0,1264.3,3949135.0
2019-12-12 09:15:00,NSE:LT,1270.0,1282.85,1268.2,1279.7,3264836.0
2019-12-13 09:15:00,NSE:LT,1287.95,1308.0,1285.3,1305.3,3655956.0
2019-12-16 09:15:00,NSE:LT,1314.45,1318.0,1300.0,1303.0,3969819.0
2019-12-17 09:15:00,NSE:LT,1309.2,1325.0,1303.8,1317.95,3719446.0
2019-12-18 09:15:00,NSE:LT,1324.75,1325.95,1314.6,1319.35,2961222.0
2019-12-19 09:15:00,NSE:LT,1316.75,1321.0,1307.1,1311.75,1936623.0
2019-12-20 09:15:00,NSE:LT,1313.0,1327.9,1307.3,1311.55,3297390.0
2019-12-23 09:15:00,NSE:LT,1307.9,1322.0,1305.0,1311.25,3394916.0
2019-12-24 09:15:00,NSE:LT,1314.65,1319.0,1298.0,1301.0,1803814.0
2019-12-26 09:15:00,NSE:LT,1299.65,1306.7,1277.0,1279.3,3723801.0
2019-12-27 09:15:00,NSE:LT,1281.55,1301.85,1280.15,1299.6,2459664.0
2019-12-30 09:15:00,NSE:LT,1301.9,1307.2,1296.5,1302.3,2072838.0
2019-12-31 09:15:00,NSE:LT,1300.0,1310.0,1291.15,1298.2,3043254.0
2020-01-01 09:15:00,NSE:LT,1308.4,1318.9,1303.0,1309.95,3123998.0
2020-01-02 09:15:00,NSE:LT,1312.0,1348.0,1311.0,1345.3,4335359.0
2020-01-03 09:15:00,NSE:LT,1344.95,1344.95,1330.15,1335.05,2059871.0
2020-01-06 09:15:00,NSE:LT,1331.0,1332.0,1314.1,1316.75,2646905.0
2020-01-07 09:15:00,NSE:LT,1328.0,1339.5,1313.75,1320.5,2077893.0
2020-01-08 09:15:00,NSE:LT,1302.0,1308.7,1283.35,1291.55,4147568.0
2020-01-09 09:15:00,NSE:LT,1311.0,1319.9,1305.1,1316.15,2067779.0
2020-01-10 09:15:00,NSE:LT,1319.0,1335.95,1319.0,1324.6,2360798.0
2020-01-13 09:15:00,NSE:LT,1329.0,1339.4,1328.7,1334.7,1825244.0
2020-01-14 09:15:00,NSE:LT,1329.8,1331.0,1315.1,1326.1,2046500.0
2020-01-15 09:15:00,NSE:LT,1325.6,1336.15,1320.0,1323.6,2127677.0
2020-01-16 09:15:00,NSE:LT,1327.7,1332.9,1317.4,1319.3,1773135.0
2020-01-17 09:15:00,NSE:LT,1320.6,1325.95,1302.0,1304.2,2941837.0
2020-01-20 09:15:00,NSE:LT,1313.95,1319.9,1306.5,1309.6,2542477.0
2020-01-21 09:15:00,NSE:LT,1304.75,1313.9,1300.45,1302.35,1361576.0
2020-01-22 09:15:00,NSE:LT,1311.0,1312.0,1292.0,1294.2,2449753.0
2020-01-23 09:15:00,NSE:LT,1307.0,1339.85,1306.0,1332.3,10056067.0
2020-01-24 09:15:00,NSE:LT,1332.0,1367.85,1332.0,1359.2,5837319.0
2020-01-27 09:15:00,NSE:LT,1340.0,1364.9,1340.0,1348.6,2510013.0
2020-01-28 09:15:00,NSE:LT,1350.9,1355.0,1338.0,1346.65,2352852.0
2020-01-29 09:15:00,NSE:LT,1353.1,1374.95,1352.1,1365.7,3678474.0
2020-01-30 09:15:00,NSE:LT,1365.95,1376.8,1353.0,1370.2,2743506.0
2020-01-31 09:15:00,NSE:LT,1375.95,1377.0,1360.45,1369.3,3939306.0
2020-02-01 09:15:00,NSE:LT,1372.6,1383.7,1280.0,1287.4,8300700.0
2020-02-03 09:15:00,NSE:LT,1290.0,1303.9,1272.0,1286.65,5767353.0
2020-02-04 09:15:00,NSE:LT,1296.0,1307.3,1287.55,1291.75,3604309.0
2020-02-05 09:15:00,NSE:LT,1297.9,1325.0,1295.0,1310.05,4220104.0
2020-02-06 09:15:00,NSE:LT,1322.9,1325.0,1309.05,1317.6,2354458.0
2020-02-07 09:15:00,NSE:LT,1313.05,1314.4,1296.0,1299.0,3053804.0
2020-02-10 09:15:00,NSE:LT,1300.0,1302.45,1273.1,1285.3,3039992.0
2020-02-11 09:15:00,NSE:LT,1292.0,1298.95,1284.0,1286.9,2200796.0
2020-02-12 09:15:00,NSE:LT,1289.1,1299.85,1280.0,1297.3,2568696.0
2020-02-13 09:15:00,NSE:LT,1299.0,1299.85,1285.0,1292.25,1545536.0
2020-02-14 09:15:00,NSE:LT,1295.0,1304.95,1290.6,1295.15,1780119.0
2020-02-17 09:15:00,NSE:LT,1297.0,1297.85,1277.0,1280.2,2155085.0
2020-02-18 09:15:00,NSE:LT,1281.5,1289.8,1266.45,1286.35,2347917.0
2020-02-19 09:15:00,NSE:LT,1298.0,1299.0,1276.6,1281.4,1820353.0
2020-02-20 09:15:00,NSE:LT,1279.9,1288.9,1275.3,1280.6,3034681.0
2020-02-24 09:15:00,NSE:LT,1271.9,1271.9,1252.65,1259.7,3414064.0
2020-02-25 09:15:00,NSE:LT,1262.2,1265.65,1240.15,1242.05,3133077.0
2020-02-26 09:15:00,NSE:LT,1235.0,1238.0,1206.0,1211.15,5721483.0
2020-02-27 09:15:00,NSE:LT,1212.35,1216.95,1200.0,1210.35,4003149.0
2020-02-28 09:15:00,NSE:LT,1189.65,1196.45,1162.0,1187.55,6286647.0
2020-03-02 09:15:00,NSE:LT,1205.0,1212.35,1150.55,1160.9,3177486.0
2020-03-03 09:15:00,NSE:LT,1166.0,1186.8,1162.05,1181.3,3134527.0
2020-03-04 09:15:00,NSE:LT,1185.0,1187.85,1158.0,1176.65,3135151.0
2020-03-05 09:15:00,NSE:LT,1180.1,1187.25,1166.2,1182.45,2625152.0
2020-03-06 09:15:00,NSE:LT,1148.0,1164.0,1130.85,1158.9,3956575.0
2020-03-09 09:15:00,NSE:LT,1135.8,1135.8,1067.3,1101.95,8038432.0
2020-03-11 09:15:00,NSE:LT,1090.0,1120.95,1085.8,1116.95,5628178.0
2020-03-12 09:15:00,NSE:LT,1070.0,1070.05,1004.1,1016.55,9200492.0
2020-03-13 09:15:00,NSE:LT,950.0,1060.45,890.0,1051.45,8117968.0
2020-03-16 09:15:00,NSE:LT,1014.25,1042.0,961.90002,968.70001,6672579.0
2020-03-17 09:15:00,NSE:LT,972.0,1005.0,940.15002,956.75,4720357.0
2020-03-18 09:15:00,NSE:LT,968.0,974.75,900.0,904.54999,5586629.0
2020-03-19 09:15:00,NSE:LT,873.90002,884.0,837.70001,843.09998,7252149.0
2020-03-20 09:15:00,NSE:LT,849.0,877.79999,831.29999,864.70001,6130498.0
2020-03-23 09:15:00,NSE:LT,809.0,809.95001,706.0,724.04999,7310033.0
2020-03-24 09:15:00,NSE:LT,755.0,755.75,672.0,707.90002,7113438.0
2020-03-25 09:15:00,NSE:LT,697.20001,775.0,661.0,765.75,16122626.0
2020-03-26 09:15:00,NSE:LT,787.75,842.29999,754.15002,838.0,9028697.0
2020-03-27 09:15:00,NSE:LT,867.90002,890.0,812.0,837.04999,6573602.0
2020-03-30 09:15:00,NSE:LT,801.0,815.0,791.0,798.65002,4474168.0
2020-03-31 09:15:00,NSE:LT,820.0,823.0,791.20001,808.5,8045539.0
2020-04-01 09:15:00,NSE:LT,806.84998,812.40002,766.54999,774.34998,4104461.0
2020-04-03 09:15:00,NSE:LT,791.09998,791.09998,762.79999,774.65002,4268501.0
2020-04-07 09:15:00,NSE:LT,805.0,813.0,791.0,801.65002,5769216.0
2020-04-08 09:15:00,NSE:LT,804.0,832.0,797.70001,807.09998,6151093.0
2020-04-09 09:15:00,NSE:LT,834.34998,834.34998,804.40002,812.79999,6410629.0
2020-04-13 09:15:00,NSE:LT,812.79999,872.40002,807.95001,865.45001,9462929.0
2020-04-15 09:15:00,NSE:LT,890.95001,926.59998,869.0,880.15002,10435586.0
2020-04-16 09:15:00,NSE:LT,875.95001,919.79999,870.15002,911.65002,6980628.0
2020-04-17 09:15:00,NSE:LT,930.0,940.0,916.0,932.90002,5827735.0
2020-04-20 09:15:00,NSE:LT,940.79999,943.0,911.0,915.59998,4958437.0
2020-04-21 09:15:00,NSE:LT,897.0,906.59998,863.0,870.34998,5122597.0
2020-04-22 09:15:00,NSE:LT,873.0,885.5,850.0,852.59998,6090177.0
2020-04-23 09:15:00,NSE:LT,860.0,869.5,835.0,840.59998,6322048.0
2020-04-24 09:15:00,NSE:LT,838.0,869.0,834.15002,851.20001,7960660.0
2020-04-27 09:15:00,NSE:LT,861.95001,874.90002,852.25,855.25,4224467.0
2020-04-28 09:15:00,NSE:LT,863.79999,867.70001,852.09998,857.15002,3773038.0
2020-04-29 09:15:00,NSE:LT,862.0,883.04999,854.0,875.34998,4841417.0
2020-04-30 09:15:00,NSE:LT,890.20001,916.79999,884.09998,897.54999,6333023.0
2020-05-04 09:15:00,NSE:LT,880.0,880.0,845.0,850.65002,4678679.0
2020-05-05 09:15:00,NSE:LT,861.0,869.79999,835.0,836.90002,4296534.0
2020-05-06 09:15:00,NSE:LT,838.0,848.0,817.59998,837.29999,5081614.0
2020-05-07 09:15:00,NSE:LT,833.0,836.04999,820.09998,822.84998,3529156.0
2020-05-08 09:15:00,NSE:LT,833.0,834.84998,810.0,815.95001,4394534.0
2020-05-11 09:15:00,NSE:LT,821.20001,827.5,816.34998,821.59998,2882960.0
2020-05-12 09:15:00,NSE:LT,817.0,819.25,804.0,814.79999,3024386.0
2020-05-13 09:15:00,NSE:LT,863.70001,871.95001,850.5,862.90002,8625530.0
2020-05-14 09:15:00,NSE:LT,858.90002,879.59998,841.5,871.65002,6778688.0
2020-05-15 09:15:00,NSE:LT,881.95001,885.0,854.0,864.40002,5654025.0
2020-05-18 09:15:00,NSE:LT,869.90002,870.0,810.0,813.34998,6211450.0
2020-05-19 09:15:00,NSE:LT,827.09998,833.79999,791.70001,796.34998,5533176.0
2020-05-20 09:15:00,NSE:LT,800.0,841.0,800.0,835.0,5950015.0
2020-05-21 09:15:00,NSE:LT,835.95001,845.0,818.09998,820.5,4701980.0
2020-05-22 09:15:00,NSE:LT,815.0,826.5,810.09998,815.70001,4609134.0
2020-05-26 09:15:00,NSE:LT,821.90002,842.70001,821.0,825.54999,4335430.0
2020-05-27 09:15:00,NSE:LT,831.95001,857.20001,827.0,850.84998,5159303.0
2020-05-28 09:15:00,NSE:LT,855.0,912.0,855.0,905.5,11481632.0
2020-05-29 09:15:00,NSE:LT,893.20001,937.5,891.0,932.25,10166680.0
2020-06-01 09:15:00,NSE:LT,944.65002,974.15002,924.0,928.15002,7617393.0
2020-06-02 09:15:00,NSE:LT,935.0,953.0,913.04999,945.45001,7325689.0
2020-06-03 09:15:00,NSE:LT,955.95001,972.84998,955.0,961.29999,4651583.0
2020-06-04 09:15:00,NSE:LT,961.04999,968.0,928.59998,930.70001,5355971.0
2020-06-05 09:15:00,NSE:LT,940.0,959.90002,936.59998,955.25,6071134.0
2020-06-08 09:15:00,NSE:LT,979.5,995.0,949.0,961.34998,9859059.0
2020-06-09 09:15:00,NSE:LT,964.5,970.25,949.70001,953.29999,5118269.0
2020-06-10 09:15:00,NSE:LT,957.0,959.5,935.70001,946.54999,5176121.0
2020-06-11 09:15:00,NSE:LT,944.0,952.0,928.20001,930.45001,3603243.0
2020-06-12 09:15:00,NSE:LT,890.0,929.90002,890.0,926.40002,5411426.0
2020-06-15 09:15:00,NSE:LT,921.79999,929.45001,894.09998,899.90002,4982534.0
2020-06-16 09:15:00,NSE:LT,920.0,924.70001,891.15002,895.04999,4661880.0
2020-06-17 09:15:00,NSE:LT,892.70001,899.75,881.09998,884.79999,4681399.0
2020-06-18 09:15:00,NSE:LT,876.0,900.0,874.0,896.65002,5870459.0
2020-06-19 09:15:00,NSE:LT,902.0,915.90002,895.09998,898.20001,5410276.0
2020-06-22 09:15:00,NSE:LT,905.0,916.0,896.0,907.45001,6841671.0
2020-06-23 09:15:00,NSE:LT,910.0,970.0,909.0,967.59998,14580386.0
2020-06-24 09:15:00,NSE:LT,979.0,989.90002,952.0,955.54999,11985144.0
2020-06-25 09:15:00,NSE:LT,949.90002,964.79999,936.25,943.09998,7508089.0
2020-06-26 09:15:00,NSE:LT,955.0,976.09998,940.5,962.20001,6554208.0
2020-06-29 09:15:00,NSE:LT,950.0,956.09998,930.0,936.59998,4575981.0
2020-06-30 09:15:00,NSE:LT,948.70001,952.15002,931.40002,943.65002,3656535.0
2020-07-01 09:15:00,NSE:LT,941.0,941.0,917.0,924.29999,6426447.0
2020-07-02 09:15:00,NSE:LT,936.0,950.70001,926.0,941.29999,6542838.0
2020-07-03 09:15:00,NSE:LT,948.0,955.40002,941.59998,944.25,3928373.0
2020-07-06 09:15:00,NSE:LT,953.09998,959.5,946.65002,951.20001,3901314.0
2020-07-07 09:15:00,NSE:LT,955.0,961.90002,940.0,943.59998,4051823.0
2020-07-08 09:15:00,NSE:LT,944.95001,964.40002,938.0,941.25,5227150.0
2020-07-09 09:15:00,NSE:LT,945.0,952.0,940.0,944.95001,3777810.0
2020-07-10 09:15:00,NSE:LT,940.0,952.0,930.54999,932.15002,4537693.0
2020-07-13 09:15:00,NSE:LT,940.0,944.79999,925.0,928.15002,3821343.0
2020-07-14 09:15:00,NSE:LT,928.0,934.95001,905.84998,912.90002,3646381.0
2020-07-15 09:15:00,NSE:LT,918.04999,925.0,909.29999,912.20001,3229981.0
2020-07-16 09:15:00,NSE:LT,913.0,924.0,898.45001,921.15002,3134583.0
2020-07-17 09:15:00,NSE:LT,922.09998,929.95001,918.0,925.54999,2040652.0
2020-07-20 09:15:00,NSE:LT,929.0,931.90002,915.0,919.59998,3036076.0
2020-07-21 09:15:00,NSE:LT,927.0,942.29999,920.59998,938.04999,4759427.0
2020-07-22 09:15:00,NSE:LT,939.20001,941.0,910.0,920.90002,4977538.0
2020-07-23 09:15:00,NSE:LT,912.0,937.95001,911.34998,916.54999,9075111.0
2020-07-24 09:15:00,NSE:LT,914.40002,914.5,898.04999,904.40002,6059497.0
2020-07-27 09:15:00,NSE:LT,908.0,915.0,896.29999,903.79999,3615980.0
2020-07-28 09:15:00,NSE:LT,908.79999,917.0,899.0,913.5,3793771.0
2020-07-29 09:15:00,NSE:LT,919.59998,940.84998,917.25,921.95001,7245293.0
2020-07-30 09:15:00,NSE:LT,929.0,932.70001,904.20001,908.25,3364418.0
2020-07-31 09:15:00,NSE:LT,913.90002,922.90002,907.04999,913.45001,2944063.0
2020-08-03 09:15:00,NSE:LT,913.0,919.75,903.54999,915.90002,3583271.0
2020-08-04 09:15:00,NSE:LT,918.0,930.0,916.59998,924.25,3860457.0
2020-08-05 09:15:00,NSE:LT,923.95001,934.5,920.79999,925.75,3008672.0
2020-08-06 09:15:00,NSE:LT,926.04999,933.70001,920.25,922.15002,2188238.0
2020-08-07 09:15:00,NSE:LT,922.54999,926.84998,914.09998,915.65002,2461159.0
2020-08-10 09:15:00,NSE:LT,925.0,970.0,925.0,960.04999,11861752.0
2020-08-11 09:15:00,NSE:LT,969.59998,979.70001,957.09998,961.90002,5427537.0
2020-08-12 09:15:00,NSE:LT,952.0,956.0,945.0,949.75,3673009.0
2020-08-13 09:15:00,NSE:LT,957.0,993.65002,951.54999,990.70001,8816753.0
2020-08-14 09:15:00,NSE:LT,999.95001,1017.0,973.40002,982.79999,13444105.0
2020-08-17 09:15:00,NSE:LT,1002.0,1007.0,987.70001,1000.8,4735275.0
2020-08-18 09:15:00,NSE:LT,1005.95,1008.0,995.40002,1004.55,4362052.0
2020-08-19 09:15:00,NSE:LT,1017.25,1024.95,1005.4,1009.1,4914253.0
2020-08-20 09:15:00,NSE:LT,986.0,1005.0,981.0,995.75,4791067.0
2020-08-21 09:15:00,NSE:LT,1010.0,1010.0,992.0,994.15002,2806880.0
2020-08-24 09:15:00,NSE:LT,996.0,1001.4,990.0,991.34998,2026316.0
2020-08-25 09:15:00,NSE:LT,993.0,999.90002,977.79999,980.40002,2914757.0
2020-08-26 09:15:00,NSE:LT,987.0,988.0,965.0,968.95001,4482342.0
2020-08-27 09:15:00,NSE:LT,975.25,980.0,965.29999,975.59998,4466694.0
2020-08-28 09:15:00,NSE:LT,988.0,1004.7,978.20001,981.84998,7821217.0
2020-08-31 09:15:00,NSE:LT,988.09998,995.40002,940.40002,944.95001,8490694.0
2020-09-01 09:15:00,NSE:LT,964.95001,966.0,943.29999,955.20001,5100024.0
2020-09-02 09:15:00,NSE:LT,956.45001,959.79999,948.0,955.54999,2107726.0
2020-09-03 09:15:00,NSE:LT,960.0,971.0,953.29999,961.15002,3279009.0
2020-09-04 09:15:00,NSE:LT,948.0,956.15002,940.0,942.5,3130771.0
2020-09-07 09:15:00,NSE:LT,947.15002,950.75,916.25,932.15002,3470842.0
2020-09-08 09:15:00,NSE:LT,936.0,936.0,912.95001,916.70001,3739099.0
2020-09-09 09:15:00,NSE:LT,907.54999,928.0,901.0,909.5,5656608.0
2020-09-10 09:15:00,NSE:LT,917.70001,923.0,912.0,920.95001,2948624.0
2020-09-11 09:15:00,NSE:LT,920.0,921.54999,912.0,917.40002,2632367.0
2020-09-14 09:15:00,NSE:LT,922.40002,923.34998,901.0,902.09998,5006822.0
2020-09-15 09:15:00,NSE:LT,910.0,915.20001,900.0,909.95001,4488940.0
2020-09-16 09:15:00,NSE:LT,915.0,924.0,911.34998,921.79999,3596210.0
2020-09-17 09:15:00,NSE:LT,915.0,917.95001,905.04999,906.29999,4512699.0
2020-09-18 09:15:00,NSE:LT,911.20001,914.09998,897.0,900.70001,7496745.0
2020-09-21 09:15:00,NSE:LT,901.0,903.79999,874.29999,881.84998,4598553.0
2020-09-22 09:15:00,NSE:LT,887.95001,887.95001,852.0,856.5,5089088.0
2020-09-23 09:15:00,NSE:LT,866.20001,873.70001,854.54999,860.59998,3709625.0
2020-09-24 09:15:00,NSE:LT,856.0,859.90002,843.0,850.70001,11609455.0
2020-09-25 09:15:00,NSE:LT,860.09998,895.40002,852.0,889.25,4961986.0
2020-09-28 09:15:00,NSE:LT,898.0,917.5,893.0,902.84998,3853608.0
2020-09-29 09:15:00,NSE:LT,909.95001,912.84998,892.40002,895.45001,3362403.0
2020-09-30 09:15:00,NSE:LT,897.79999,904.5,884.09998,901.59998,3582799.0
2020-10-01 09:15:00,NSE:LT,909.95001,913.59998,900.70001,902.79999,2506559.0
2020-10-05 09:15:00,NSE:LT,907.95001,908.54999,895.04999,896.95001,2788003.0
2020-10-06 09:15:00,NSE:LT,901.04999,904.54999,888.25,892.59998,3497327.0
2020-10-07 09:15:00,NSE:LT,895.0,895.0,876.04999,887.90002,5074140.0
2020-10-08 09:15:00,NSE:LT,890.29999,894.0,879.04999,881.04999,3918967.0
2020-10-09 09:15:00,NSE:LT,887.40002,914.95001,885.59998,908.45001,9668658.0
2020-10-12 09:15:00,NSE:LT,916.95001,925.75,902.04999,905.75,6188907.0
2020-10-13 09:15:00,NSE:LT,907.95001,915.70001,888.84998,896.45001,4548652.0
2020-10-14 09:15:00,NSE:LT,897.0,917.0,887.20001,915.20001,5287050.0
2020-10-15 09:15:00,NSE:LT,913.0,919.0,885.40002,888.79999,4927842.0
2020-10-16 09:15:00,NSE:LT,894.0,903.5,889.5,894.09998,2373465.0
2020-10-19 09:15:00,NSE:LT,899.0,906.0,884.0,902.90002,5800528.0
2020-10-20 09:15:00,NSE:LT,919.0,935.5,913.0,917.29999,13188768.0
2020-10-21 09:15:00,NSE:LT,924.95001,931.0,908.65002,924.45001,6391002.0
2020-10-22 09:15:00,NSE:LT,922.0,939.0,920.15002,936.29999,6151489.0
2020-10-23 09:15:00,NSE:LT,940.0,948.5,928.0,941.25,5102393.0
2020-10-26 09:15:00,NSE:LT,949.84998,959.25,943.0,951.75,6976099.0
2020-10-27 09:15:00,NSE:LT,960.0,986.0,955.15002,981.95001,9638582.0
2020-10-28 09:15:00,NSE:LT,989.95001,994.65002,974.20001,982.84998,7369226.0
2020-10-29 09:15:00,NSE:LT,951.09998,958.79999,926.0,934.5,11853447.0
2020-10-30 09:15:00,NSE:LT,941.0,946.79999,924.20001,929.5,4797494.0
2020-11-02 09:15:00,NSE:LT,930.0,937.95001,920.65002,929.29999,3682174.0
2020-11-03 09:15:00,NSE:LT,944.90002,952.90002,932.5,947.75,4049112.0
2020-11-04 09:15:00,NSE:LT,934.25,950.65002,930.0,939.84998,3369408.0
2020-11-05 09:15:00,NSE:LT,952.0,959.79999,944.29999,958.09998,2889134.0
2020-11-06 09:15:00,NSE:LT,959.0,967.5,950.09998,960.75,3419233.0
2020-11-09 09:15:00,NSE:LT,971.0,974.59998,962.40002,965.84998,3040456.0
2020-11-10 09:15:00,NSE:LT,975.0,1036.9,971.59998,1033.7,12149416.0
2020-11-11 09:15:00,NSE:LT,1040.0,1062.8,1021.25,1059.45,10254627.0
2020-11-12 09:15:00,NSE:LT,1054.9,1075.85,1052.45,1073.2,6743163.0
2020-11-13 09:15:00,NSE:LT,1065.05,1068.15,1038.1,1051.5,5025096.0
2020-11-14 18:00:00,NSE:LT,1060.05,1067.8,1054.0,1059.2,911852.0
2020-11-17 09:15:00,NSE:LT,1063.0,1096.85,1061.05,1080.9,7611327.0
2020-11-18 09:15:00,NSE:LT,1080.9,1154.25,1079.15,1148.15,13436421.0
2020-11-19 09:15:00,NSE:LT,1125.05,1177.0,1107.7,1134.25,10841151.0
2020-11-20 09:15:00,NSE:LT,1140.0,1161.0,1118.5,1132.3,7009257.0
2020-11-23 09:15:00,NSE:LT,1138.8,1147.85,1122.85,1125.85,4998877.0
2020-11-24 09:15:00,NSE:LT,1135.0,1144.0,1128.3,1135.5,4623887.0
2020-11-25 09:15:00,NSE:LT,1141.5,1147.8,1112.45,1116.0,4651911.0
2020-11-26 09:15:00,NSE:LT,1130.0,1134.95,1101.55,1118.85,7360928.0
2020-11-27 09:15:00,NSE:LT,1129.0,1139.8,1092.0,1122.4,18995549.0
2020-12-01 09:15:00,NSE:LT,1140.0,1140.0,1111.2,1115.95,3551604.0
2020-12-02 09:15:00,NSE:LT,1120.05,1132.05,1104.1,1113.75,4434968.0
2020-12-03 09:15:00,NSE:LT,1135.0,1137.45,1120.3,1125.15,4087608.0
2020-12-04 09:15:00,NSE:LT,1130.0,1162.0,1128.75,1149.5,6542918.0
2020-12-07 09:15:00,NSE:LT,1154.8,1171.9,1144.0,1169.7,5484461.0
2020-12-08 09:15:00,NSE:LT,1174.95,1182.5,1148.05,1171.4,4982626.0
2020-12-09 09:15:00,NSE:LT,1178.0,1185.0,1166.35,1181.0,4304573.0
2020-12-10 09:15:00,NSE:LT,1182.0,1193.75,1170.05,1190.35,4921373.0
2020-12-11 09:15:00,NSE:LT,1188.0,1216.8,1182.0,1194.3,6689415.0
2020-12-14 09:15:00,NSE:LT,1198.1,1263.9,1198.1,1249.65,9723233.0
2020-12-15 09:15:00,NSE:LT,1250.0,1252.0,1216.1,1246.25,6953407.0
2020-12-16 09:15:00,NSE:LT,1256.25,1278.0,1247.05,1268.25,5729223.0
2020-12-17 09:15:00,NSE:LT,1270.0,1284.0,1254.05,1278.8,5345257.0
2020-12-18 09:15:00,NSE:LT,1283.95,1301.0,1270.0,1281.55,10315248.0
2020-12-21 09:15:00,NSE:LT,1276.25,1338.5,1154.0,1234.85,21153346.0
2020-12-22 09:15:00,NSE:LT,1235.25,1268.0,1213.55,1262.7,7998730.0
2020-12-23 09:15:00,NSE:LT,1268.0,1271.3,1248.35,1264.8,4057070.0
2020-12-24 09:15:00,NSE:LT,1275.0,1281.0,1253.5,1262.2,3277840.0
2020-12-28 09:15:00,NSE:LT,1275.0,1291.0,1266.5,1289.4,3405825.0
2020-12-29 09:15:00,NSE:LT,1294.95,1295.05,1267.7,1284.85,3778319.0
2020-12-30 09:15:00,NSE:LT,1288.2,1296.35,1271.0,1292.05,2866392.0
2020-12-31 09:15:00,NSE:LT,1293.0,1304.0,1282.0,1287.6,3889877.0
2021-01-01 09:15:00,NSE:LT,1283.0,1299.95,1283.0,1297.0,2058419.0
2021-01-04 09:15:00,NSE:LT,1305.0,1322.55,1302.0,1314.6,4014636.0
2021-01-05 09:15:00,NSE:LT,1307.0,1313.0,1295.05,1306.3,2833637.0
2021-01-06 09:15:00,NSE:LT,1308.0,1330.0,1300.0,1314.0,4615963.0
2021-01-07 09:15:00,NSE:LT,1330.0,1346.8,1325.0,1338.95,4270598.0
2021-01-08 09:15:00,NSE:LT,1349.8,1382.95,1347.0,1373.4,4984995.0
2021-01-11 09:15:00,NSE:LT,1382.0,1384.95,1345.0,1350.0,3252470.0
2021-01-12 09:15:00,NSE:LT,1354.0,1366.85,1344.05,1349.8,2836161.0
2021-01-13 09:15:00,NSE:LT,1354.0,1373.0,1344.3,1352.5,4389762.0
2021-01-14 09:15:00,NSE:LT,1358.0,1389.7,1356.25,1376.6,5168591.0
2021-01-15 09:15:00,NSE:LT,1376.7,1384.5,1345.05,1354.15,2587576.0
2021-01-18 09:15:00,NSE:LT,1345.2,1353.85,1326.15,1336.05,3185998.0
2021-01-19 09:15:00,NSE:LT,1340.05,1382.0,1337.0,1369.85,3885798.0
2021-01-20 09:15:00,NSE:LT,1369.0,1393.05,1362.55,1382.65,3957992.0
2021-01-21 09:15:00,NSE:LT,1395.0,1396.0,1361.05,1371.3,2985423.0
2021-01-22 09:15:00,NSE:LT,1362.0,1375.0,1348.5,1362.1,3282665.0
2021-01-25 09:15:00,NSE:LT,1370.0,1396.4,1342.0,1361.3,4847989.0
2021-01-27 09:15:00,NSE:LT,1368.8,1392.7,1330.1,1359.85,8896211.0
2021-01-28 09:15:00,NSE:LT,1344.7,1365.1,1340.0,1345.35,2962948.0
2021-01-29 09:15:00,NSE:LT,1362.0,1369.0,1325.1,1334.7,5130876.0
2021-02-01 09:15:00,NSE:LT,1345.75,1462.0,1337.2,1448.85,11317043.0
2021-02-02 09:15:00,NSE:LT,1474.0,1593.0,1474.0,1520.2,14349665.0
2021-02-03 09:15:00,NSE:LT,1530.0,1558.0,1505.0,1528.55,6197782.0
2021-02-04 09:15:00,NSE:LT,1525.0,1550.0,1510.0,1529.8,3957579.0
2021-02-05 09:15:00,NSE:LT,1534.4,1547.0,1511.1,1516.5,3270494.0
2021-02-08 09:15:00,NSE:LT,1521.15,1570.0,1520.0,1551.8,5223019.0
2021-02-09 09:15:00,NSE:LT,1557.0,1574.5,1545.0,1566.45,3825206.0
2021-02-10 09:15:00,NSE:LT,1560.0,1564.0,1528.7,1552.85,2578777.0
2021-02-11 09:15:00,NSE:LT,1549.4,1559.9,1526.55,1530.5,2720190.0
2021-02-12 09:15:00,NSE:LT,1535.0,1544.0,1516.1,1521.35,1867284.0
2021-02-15 09:15:00,NSE:LT,1527.0,1544.0,1521.35,1537.65,1917477.0
2021-02-16 09:15:00,NSE:LT,1540.0,1574.0,1539.0,1549.45,3838556.0
2021-02-17 09:15:00,NSE:LT,1544.0,1567.0,1533.0,1548.35,2340184.0
2021-02-18 09:15:00,NSE:LT,1542.2,1551.2,1515.15,1524.6,2446843.0
2021-02-19 09:15:00,NSE:LT,1523.85,1547.0,1498.85,1508.8,3044240.0
2021-02-22 09:15:00,NSE:LT,1510.9,1511.95,1447.1,1452.2,6168108.0
2021-02-23 09:15:00,NSE:LT,1462.0,1498.0,1460.0,1486.3,3733776.0
2021-02-24 09:15:00,NSE:LT,1486.7,1530.75,1486.7,1528.0,2205233.0
2021-02-25 09:15:00,NSE:LT,1534.0,1540.6,1502.0,1506.45,3168105.0
2021-02-26 09:15:00,NSE:LT,1482.0,1493.5,1435.15,1442.5,5579058.0
2021-03-01 09:15:00,NSE:LT,1456.0,1486.0,1438.2,1472.85,2494481.0
2021-03-02 09:15:00,NSE:LT,1479.3,1489.65,1458.15,1485.65,2089473.0
2021-03-03 09:15:00,NSE:LT,1493.5,1510.0,1481.35,1496.9,2184001.0
2021-03-04 09:15:00,NSE:LT,1473.0,1494.35,1458.0,1462.6,3530366.0
2021-03-05 09:15:00,NSE:LT,1453.6,1477.2,1439.1,1463.55,3306902.0
2021-03-08 09:15:00,NSE:LT,1478.0,1525.0,1470.0,1515.2,4150049.0
2021-03-09 09:15:00,NSE:LT,1525.0,1532.3,1491.8,1508.3,3779948.0
2021-03-10 09:15:00,NSE:LT,1523.0,1534.75,1507.5,1524.2,2210547.0
2021-03-12 09:15:00,NSE:LT,1526.3,1565.0,1503.15,1514.0,4885349.0
2021-03-15 09:15:00,NSE:LT,1520.0,1528.1,1463.3,1483.75,3181524.0
2021-03-16 09:15:00,NSE:LT,1488.3,1497.0,1457.0,1461.8,3233903.0
2021-03-17 09:15:00,NSE:LT,1476.0,1492.95,1431.75,1437.65,5178384.0
2021-03-18 09:15:00,NSE:LT,1455.55,1469.7,1420.0,1428.1,3381940.0
2021-03-19 09:15:00,NSE:LT,1415.0,1421.85,1378.6,1411.25,9920812.0
2021-03-22 09:15:00,NSE:LT,1409.0,1417.4,1392.25,1400.05,2964175.0
2021-03-23 09:15:00,NSE:LT,1401.9,1416.5,1398.1,1404.35,2564844.0
2021-03-24 09:15:00,NSE:LT,1400.0,1407.0,1360.05,1369.15,4237815.0
2021-03-25 09:15:00,NSE:LT,1361.0,1389.0,1361.0,1371.1,3894604.0
2021-03-26 09:15:00,NSE:LT,1386.3,1408.0,1382.0,1398.3,3093766.0
2021-03-30 09:15:00,NSE:LT,1408.0,1428.2,1395.55,1423.55,2801283.0
2021-03-31 09:15:00,NSE:LT,1423.6,1431.6,1410.4,1418.9,2400871.0
2021-04-01 09:15:00,NSE:LT,1432.0,1447.85,1420.5,1444.6,1380763.0
2021-04-05 09:15:00,NSE:LT,1439.0,1439.0,1381.4,1403.8,2548649.0
2021-04-06 09:15:00,NSE:LT,1405.9,1416.3,1393.3,1401.0,1824079.0
2021-04-07 09:15:00,NSE:LT,1402.0,1417.2,1389.25,1404.15,1841308.0
2021-04-08 09:15:00,NSE:LT,1410.0,1434.8,1410.0,1419.15,1644834.0
2021-04-09 09:15:00,NSE:LT,1414.0,1417.0,1397.1,1404.1,2015002.0
2021-04-12 09:15:00,NSE:LT,1393.95,1393.95,1332.0,1345.15,3755497.0
2021-04-13 09:15:00,NSE:LT,1347.25,1382.0,1347.25,1373.7,2063654.0
2021-04-15 09:15:00,NSE:LT,1378.95,1391.1,1358.1,1374.65,2625838.0
2021-04-16 09:15:00,NSE:LT,1360.5,1393.3,1355.3,1359.15,3752588.0
2021-04-19 09:15:00,NSE:LT,1340.0,1346.2,1306.0,1310.45,4157065.0
2021-04-20 09:15:00,NSE:LT,1320.0,1339.45,1317.7,1331.5,2989204.0
2021-04-22 09:15:00,NSE:LT,1310.0,1339.5,1307.25,1336.8,2398100.0
2021-04-23 09:15:00,NSE:LT,1330.0,1344.65,1314.45,1322.9,2062964.0
2021-04-26 09:15:00,NSE:LT,1330.05,1341.2,1323.0,1335.9,1431562.0
2021-04-27 09:15:00,NSE:LT,1339.0,1388.45,1335.9,1380.65,4303909.0
2021-04-28 09:15:00,NSE:LT,1384.85,1399.95,1372.5,1375.9,3220346.0
2021-04-29 09:15:00,NSE:LT,1383.95,1389.55,1353.5,1358.65,2221346.0
2021-04-30 09:15:00,NSE:LT,1350.0,1365.0,1336.1,1340.45,1968093.0
2021-05-03 09:15:00,NSE:LT,1325.5,1351.3,1319.15,1342.5,1653245.0
2021-05-04 09:15:00,NSE:LT,1350.0,1350.9,1331.0,1337.6,2029558.0
2021-05-05 09:15:00,NSE:LT,1342.2,1346.75,1324.0,1338.65,1813150.0
2021-05-06 09:15:00,NSE:LT,1344.0,1356.55,1335.75,1339.9,2333882.0
2021-05-07 09:15:00,NSE:LT,1347.0,1359.9,1339.0,1342.7,2362325.0
2021-05-10 09:15:00,NSE:LT,1347.0,1398.85,1347.0,1395.0,3929224.0
2021-05-11 09:15:00,NSE:LT,1380.0,1399.9,1376.1,1383.6,1975828.0
2021-05-12 09:15:00,NSE:LT,1380.0,1425.0,1377.0,1385.3,4283174.0
2021-05-14 09:15:00,NSE:LT,1394.0,1423.9,1374.05,1415.5,4558155.0
2021-05-17 09:15:00,NSE:LT,1433.0,1441.0,1368.2,1386.75,9620003.0
2021-05-18 09:15:00,NSE:LT,1405.0,1422.0,1397.0,1417.3,3312380.0
2021-05-19 09:15:00,NSE:LT,1414.0,1435.0,1400.0,1403.45,3215258.0
2021-05-20 09:15:00,NSE:LT,1410.8,1426.95,1401.65,1409.75,1996254.0
2021-05-21 09:15:00,NSE:LT,1415.0,1424.7,1407.1,1418.05,2185322.0
2021-05-24 09:15:00,NSE:LT,1420.0,1458.0,1410.0,1443.25,5035538.0
2021-05-25 09:15:00,NSE:LT,1460.0,1461.95,1442.1,1450.95,2892219.0
2021-05-26 09:15:00,NSE:LT,1458.9,1476.6,1452.8,1472.9,3230579.0
2021-05-27 09:15:00,NSE:LT,1475.95,1485.0,1461.75,1482.85,3747221.0
2021-05-28 09:15:00,NSE:LT,1487.1,1499.65,1473.9,1478.1,2315923.0
2021-05-31 09:15:00,NSE:LT,1472.3,1476.0,1457.55,1467.7,2405318.0
2021-06-01 09:15:00,NSE:LT,1465.95,1492.5,1463.0,1474.65,2077742.0
2021-06-02 09:15:00,NSE:LT,1468.3,1474.6,1455.05,1471.05,2469417.0
2021-06-03 09:15:00,NSE:LT,1480.1,1515.0,1473.2,1510.85,3025466.0
2021-06-04 09:15:00,NSE:LT,1518.95,1547.25,1516.9,1537.55,5677538.0
2021-06-07 09:15:00,NSE:LT,1545.45,1569.5,1540.75,1557.8,3131245.0
2021-06-08 09:15:00,NSE:LT,1561.0,1583.0,1546.05,1549.15,3945382.0
2021-06-09 09:15:00,NSE:LT,1550.0,1555.0,1513.3,1519.3,3025732.0
2021-06-10 09:15:00,NSE:LT,1525.0,1534.0,1515.0,1519.7,1584311.0
2021-06-11 09:15:00,NSE:LT,1521.0,1527.15,1498.65,1503.45,1909384.0
2021-06-14 09:15:00,NSE:LT,1503.45,1519.5,1478.0,1515.75,2005404.0
2021-06-15 09:15:00,NSE:LT,1520.0,1523.7,1505.85,1510.8,1831871.0
2021-06-16 09:15:00,NSE:LT,1505.85,1516.0,1488.0,1490.9,1504791.0
2021-06-17 09:15:00,NSE:LT,1481.0,1499.85,1480.25,1487.55,1675778.0
2021-06-18 09:15:00,NSE:LT,1487.55,1490.95,1460.1,1476.0,4649835.0
2021-06-21 09:15:00,NSE:LT,1460.0,1469.4,1447.25,1467.05,1970012.0
2021-06-22 09:15:00,NSE:LT,1470.1,1504.8,1469.55,1499.2,3862264.0
2021-06-23 09:15:00,NSE:LT,1505.0,1507.0,1476.1,1479.25,1818874.0
2021-06-24 09:15:00,NSE:LT,1490.0,1513.2,1482.0,1504.05,2762042.0
2021-06-25 09:15:00,NSE:LT,1510.5,1529.3,1507.5,1523.85,2099002.0
2021-06-28 09:15:00,NSE:LT,1526.0,1527.95,1510.35,1514.45,1173658.0
2021-06-29 09:15:00,NSE:LT,1513.0,1529.8,1503.9,1510.9,2174022.0
2021-06-30 09:15:00,NSE:LT,1516.0,1523.4,1495.5,1500.55,2139362.0
2021-07-01 09:15:00,NSE:LT,1497.1,1503.0,1480.15,1492.3,2060651.0
2021-07-02 09:15:00,NSE:LT,1500.0,1500.65,1475.5,1485.65,1814564.0
2021-07-05 09:15:00,NSE:LT,1490.0,1514.0,1488.0,1507.95,1605396.0
2021-07-06 09:15:00,NSE:LT,1506.0,1519.0,1500.0,1505.5,1072506.0
2021-07-07 09:15:00,NSE:LT,1495.0,1519.7,1495.0,1516.45,1096808.0
2021-07-08 09:15:00,NSE:LT,1503.0,1524.0,1497.0,1500.7,1456033.0
2021-07-09 09:15:00,NSE:LT,1497.9,1502.85,1485.5,1499.6,1248405.0
2021-07-12 09:15:00,NSE:LT,1504.4,1516.0,1491.6,1500.75,865284.0
2021-07-13 09:15:00,NSE:LT,1515.0,1515.0,1501.35,1513.6,995833.0
2021-07-14 09:15:00,NSE:LT,1513.55,1549.9,1508.0,1544.7,4010254.0
2021-07-15 09:15:00,NSE:LT,1550.0,1625.0,1549.95,1609.35,9066480.0
2021-07-16 09:15:00,NSE:LT,1609.35,1622.8,1595.1,1618.75,4157388.0
2021-07-19 09:15:00,NSE:LT,1600.0,1639.4,1597.6,1609.6,3027093.0
2021-07-20 09:15:00,NSE:LT,1609.85,1622.65,1582.0,1590.35,1847026.0
2021-07-22 09:15:00,NSE:LT,1610.0,1647.15,1591.55,1642.15,3231269.0
2021-07-23 09:15:00,NSE:LT,1644.0,1645.95,1606.85,1611.75,2259058.0
2021-07-26 09:15:00,NSE:LT,1611.75,1627.3,1592.8,1597.6,2219416.0
2021-07-27 09:15:00,NSE:LT,1610.15,1619.0,1584.25,1608.25,3984778.0
2021-07-28 09:15:00,NSE:LT,1592.45,1601.3,1553.0,1594.2,4119892.0
2021-07-29 09:15:00,NSE:LT,1594.0,1607.35,1586.0,1596.0,1672177.0
2021-07-30 09:15:00,NSE:LT,1598.0,1624.9,1585.0,1601.45,2536568.0
2021-08-02 09:15:00,NSE:LT,1606.3,1618.0,1602.05,1613.95,1083353.0
2021-08-03 09:15:00,NSE:LT,1625.0,1638.7,1610.3,1634.35,1777140.0
2021-08-04 09:15:00,NSE:LT,1640.0,1644.3,1613.6,1623.2,2067087.0
2021-08-05 09:15:00,NSE:LT,1620.0,1632.85,1608.8,1627.4,1831728.0
2021-08-06 09:15:00,NSE:LT,1627.0,1639.0,1608.3,1610.35,1192143.0
2021-08-09 09:15:00,NSE:LT,1620.0,1624.0,1590.0,1597.45,1223794.0
2021-08-10 09:15:00,NSE:LT,1606.0,1609.9,1572.0,1588.45,1429931.0
2021-08-11 09:15:00,NSE:LT,1590.2,1597.9,1562.75,1583.3,1370930.0
2021-08-12 09:15:00,NSE:LT,1590.0,1627.0,1582.0,1623.45,1645811.0
2021-08-13 09:15:00,NSE:LT,1626.0,1676.8,1625.0,1668.4,5439442.0
2021-08-16 09:15:00,NSE:LT,1674.0,1677.05,1653.35,1656.1,1794407.0
2021-08-17 09:15:00,NSE:LT,1658.0,1665.0,1625.05,1638.75,1838525.0
2021-08-18 09:15:00,NSE:LT,1647.0,1661.1,1627.1,1632.85,1570228.0
2021-08-20 09:15:00,NSE:LT,1618.9,1623.0,1590.0,1593.6,2416059.0
2021-08-23 09:15:00,NSE:LT,1600.1,1619.0,1567.9,1580.75,1973841.0
2021-08-24 09:15:00,NSE:LT,1590.0,1613.35,1582.8,1605.8,1580003.0
2021-08-25 09:15:00,NSE:LT,1614.95,1626.0,1590.0,1593.8,1795313.0
2021-08-26 09:15:00,NSE:LT,1593.8,1602.95,1585.0,1595.75,2051262.0
2021-08-27 09:15:00,NSE:LT,1604.0,1666.7,1598.05,1638.1,4903187.0
2021-08-30 09:15:00,NSE:LT,1646.7,1684.95,1645.1,1660.1,3345934.0
2021-08-31 09:15:00,NSE:LT,1660.05,1676.0,1645.0,1672.2,3264644.0
2021-09-01 09:15:00,NSE:LT,1672.25,1718.0,1672.2,1686.4,3530101.0
2021-09-02 09:15:00,NSE:LT,1687.9,1710.0,1682.0,1686.2,2400278.0
2021-09-03 09:15:00,NSE:LT,1697.0,1704.3,1672.1,1691.5,2336258.0
2021-09-06 09:15:00,NSE:LT,1700.0,1716.0,1690.2,1694.2,1850835.0
2021-09-07 09:15:00,NSE:LT,1694.2,1705.0,1679.45,1681.7,1734879.0
2021-09-08 09:15:00,NSE:LT,1682.0,1694.7,1658.0,1666.55,1644392.0
2021-09-09 09:15:00,NSE:LT,1655.2,1680.6,1655.2,1670.05,1225239.0
2021-09-13 09:15:00,NSE:LT,1662.05,1675.65,1660.5,1671.7,1578773.0
2021-09-14 09:15:00,NSE:LT,1676.0,1698.8,1675.4,1696.45,1407269.0
2021-09-15 09:15:00,NSE:LT,1700.0,1724.6,1697.0,1717.0,2757989.0
2021-09-16 09:15:00,NSE:LT,1709.6,1728.5,1709.25,1721.25,2128381.0
2021-09-17 09:15:00,NSE:LT,1724.0,1741.7,1706.1,1716.2,3473932.0
2021-09-20 09:15:00,NSE:LT,1700.2,1735.0,1699.95,1704.35,1820374.0
2021-09-21 09:15:00,NSE:LT,1698.6,1730.75,1692.4,1720.9,2029747.0
2021-09-22 09:15:00,NSE:LT,1720.9,1730.0,1706.0,1710.9,1487933.0
2021-09-23 09:15:00,NSE:LT,1718.3,1775.0,1715.05,1769.7,3702946.0
2021-09-24 09:15:00,NSE:LT,1780.0,1810.0,1750.0,1768.75,3612494.0
2021-09-27 09:15:00,NSE:LT,1772.0,1782.75,1737.0,1739.6,1650711.0
2021-09-28 09:15:00,NSE:LT,1745.3,1759.05,1719.0,1737.15,1442615.0
2021-09-29 09:15:00,NSE:LT,1732.0,1742.0,1716.6,1721.0,1698747.0
2021-09-30 09:15:00,NSE:LT,1719.95,1734.25,1697.0,1702.95,1792078.0
2021-10-01 09:15:00,NSE:LT,1697.5,1712.5,1687.5,1696.9,1563937.0
2021-10-04 09:15:00,NSE:LT,1696.5,1723.95,1684.05,1715.25,1588493.0
2021-10-05 09:15:00,NSE:LT,1714.5,1740.0,1706.0,1716.7,1705242.0
2021-10-06 09:15:00,NSE:LT,1716.7,1735.9,1690.0,1695.05,1845661.0
2021-10-07 09:15:00,NSE:LT,1710.0,1729.3,1700.0,1712.45,1378863.0
2021-10-08 09:15:00,NSE:LT,1740.0,1741.0,1720.0,1726.9,1755402.0
2021-10-11 09:15:00,NSE:LT,1733.75,1746.85,1715.0,1716.9,1528151.0
2021-10-12 09:15:00,NSE:LT,1710.5,1725.55,1700.0,1718.2,1671988.0
2021-10-13 09:15:00,NSE:LT,1727.0,1763.9,1724.05,1752.05,2105025.0
2021-10-14 09:15:00,NSE:LT,1775.0,1817.9,1767.45,1789.3,4440909.0
2021-10-18 09:15:00,NSE:LT,1807.15,1810.5,1782.0,1788.45,1918546.0
2021-10-19 09:15:00,NSE:LT,1809.8,1885.0,1802.05,1846.05,6639827.0
2021-10-20 09:15:00,NSE:LT,1855.0,1868.65,1796.3,1806.7,3295376.0
2021-10-21 09:15:00,NSE:LT,1815.0,1826.5,1791.05,1805.75,2774633.0
2021-10-22 09:15:00,NSE:LT,1816.0,1831.5,1781.35,1792.25,1520637.0
2021-10-25 09:15:00,NSE:LT,1792.25,1812.8,1760.35,1784.15,2488386.0
2021-10-26 09:15:00,NSE:LT,1785.0,1811.9,1781.55,1796.25,1930107.0
2021-10-27 09:15:00,NSE:LT,1801.0,1814.0,1775.1,1784.55,1408879.0
2021-10-28 09:15:00,NSE:LT,1799.55,1862.0,1791.0,1814.25,6379424.0
2021-10-29 09:15:00,NSE:LT,1822.0,1824.9,1735.8,1766.65,3984689.0
2021-11-01 09:15:00,NSE:LT,1776.0,1805.0,1751.2,1795.35,2316925.0
2021-11-02 09:15:00,NSE:LT,1800.0,1824.45,1795.4,1815.65,1687119.0
2021-11-03 09:15:00,NSE:LT,1818.0,1915.0,1818.0,1889.5,11580233.0
2021-11-04 18:00:00,NSE:LT,1900.0,1920.85,1900.0,1908.95,764191.0
2021-11-08 09:15:00,NSE:LT,1944.55,1953.9,1912.2,1924.55,3674523.0
2021-11-09 09:15:00,NSE:LT,1933.5,1964.1,1930.3,1943.6,3550645.0
2021-11-10 09:15:00,NSE:LT,1932.7,1954.0,1932.0,1950.15,3208195.0
2021-11-11 09:15:00,NSE:LT,1947.85,1981.75,1925.65,1931.7,7061537.0
2021-11-12 09:15:00,NSE:LT,1940.0,1965.0,1928.1,1959.95,2026320.0
2021-11-15 09:15:00,NSE:LT,1961.25,1974.5,1943.0,1947.05,1127678.0
2021-11-16 09:15:00,NSE:LT,1950.0,1979.95,1944.0,1955.3,2279531.0
2021-11-17 09:15:00,NSE:LT,1949.0,1978.9,1943.55,1952.9,2166686.0
2021-11-18 09:15:00,NSE:LT,1952.9,1954.0,1893.0,1897.0,1883794.0
2021-11-22 09:15:00,NSE:LT,1898.25,1900.0,1837.85,1864.5,2407464.0
2021-11-23 09:15:00,NSE:LT,1850.0,1895.6,1844.5,1886.35,2028470.0
2021-11-24 09:15:00,NSE:LT,1894.0,1902.4,1845.95,1862.5,1361828.0
2021-11-25 09:15:00,NSE:LT,1855.0,1866.85,1838.2,1849.9,1930012.0
2021-11-26 09:15:00,NSE:LT,1820.0,1841.75,1768.6,1778.15,2796595.0
2021-11-29 09:15:00,NSE:LT,1778.0,1790.05,1735.15,1767.25,2111420.0
2021-11-30 09:15:00,NSE:LT,1767.25,1798.9,1751.3,1764.75,3385628.0
2021-12-01 09:15:00,NSE:LT,1764.0,1794.0,1762.05,1786.0,1359786.0
2021-12-02 09:15:00,NSE:LT,1785.95,1794.0,1763.0,1789.2,2813690.0
2021-12-03 09:15:00,NSE:LT,1799.95,1844.8,1796.55,1801.25,3612772.0
2021-12-06 09:15:00,NSE:LT,1799.0,1821.0,1778.0,1782.65,1566109.0
2021-12-07 09:15:00,NSE:LT,1790.2,1810.0,1772.1,1798.1,2097201.0
2021-12-08 09:15:00,NSE:LT,1802.0,1841.0,1802.0,1825.05,3433206.0
2021-12-09 09:15:00,NSE:LT,1835.0,1884.15,1827.95,1879.8,3791595.0
2021-12-10 09:15:00,NSE:LT,1879.8,1890.85,1861.05,1873.4,1771926.0
2021-12-13 09:15:00,NSE:LT,1893.7,1896.25,1855.05,1861.5,1857829.0
2021-12-14 09:15:00,NSE:LT,1850.0,1874.0,1846.2,1865.7,1685243.0
2021-12-15 09:15:00,NSE:LT,1866.0,1898.75,1863.65,1880.8,2176709.0
2021-12-16 09:15:00,NSE:LT,1892.0,1908.0,1866.3,1873.9,2469902.0
2021-12-17 09:15:00,NSE:LT,1866.5,1874.7,1831.7,1847.1,2352938.0
2021-12-20 09:15:00,NSE:LT,1821.0,1829.65,1771.5,1799.35,2488158.0
2021-12-21 09:15:00,NSE:LT,1817.9,1852.2,1812.5,1827.55,2077840.0
2021-12-22 09:15:00,NSE:LT,1827.55,1879.55,1827.55,1871.0,1692505.0
2021-12-23 09:15:00,NSE:LT,1883.0,1887.85,1862.1,1878.45,1677127.0
2021-12-24 09:15:00,NSE:LT,1888.75,1888.75,1850.0,1859.4,1203991.0
2021-12-27 09:15:00,NSE:LT,1859.4,1875.65,1845.8,1866.2,1139744.0
2021-12-28 09:15:00,NSE:LT,1872.1,1909.0,1872.1,1899.5,1916098.0
2021-12-29 09:15:00,NSE:LT,1895.0,1908.95,1890.05,1894.85,1287946.0
2021-12-30 09:15:00,NSE:LT,1892.3,1901.7,1880.9,1885.7,1805349.0
2021-12-31 09:15:00,NSE:LT,1887.35,1907.1,1887.3,1895.9,1145546.0
2022-01-03 09:15:00,NSE:LT,1895.0,1937.45,1893.65,1922.85,1906676.0
2022-01-04 09:15:00,NSE:LT,1922.85,1943.0,1914.55,1937.55,1643920.0
2022-01-05 09:15:00,NSE:LT,1940.7,1951.0,1927.65,1948.6,1711667.0
2022-01-06 09:15:00,NSE:LT,1944.5,1953.0,1919.6,1924.5,1372015.0
2022-01-07 09:15:00,NSE:LT,1929.05,1934.95,1897.15,1904.9,1447123.0
2022-01-10 09:15:00,NSE:LT,1910.0,1959.95,1907.25,1953.1,2397846.0
2022-01-11 09:15:00,NSE:LT,1949.0,1970.0,1937.65,1961.15,2232435.0
2022-01-12 09:15:00,NSE:LT,1978.5,1984.0,1960.3,1974.2,1585970.0
2022-01-13 09:15:00,NSE:LT,1975.55,2029.0,1975.55,2018.4,2373324.0
2022-01-14 09:15:00,NSE:LT,2014.0,2049.95,2007.0,2044.75,3124945.0
2022-01-17 09:15:00,NSE:LT,2044.75,2071.95,2042.0,2069.3999,1858651.0
2022-01-18 09:15:00,NSE:LT,2075.6499,2078.55,2010.55,2022.2,1460676.0
2022-01-19 09:15:00,NSE:LT,2019.9,2027.0,1987.0,2020.9,2336679.0
2022-01-20 09:15:00,NSE:LT,2020.0,2035.0,1984.1,2003.5,2031107.0
2022-01-21 09:15:00,NSE:LT,1982.15,1994.8,1943.05,1956.05,2209132.0
2022-01-24 09:15:00,NSE:LT,1955.0,1959.0,1881.55,1899.9,2307120.0
2022-01-25 09:15:00,NSE:LT,1895.0,1931.3,1850.1,1925.3,2998042.0
2022-01-27 09:15:00,NSE:LT,1914.55,1922.0,1867.0,1910.85,2932713.0
2022-01-28 09:15:00,NSE:LT,1916.1,1948.0,1891.3,1897.55,2233620.0
2022-01-31 09:15:00,NSE:LT,1890.2,1924.0,1850.45,1909.2,3161064.0
2022-02-01 09:15:00,NSE:LT,1928.65,1999.9,1917.0,1990.5,5392787.0
2022-02-02 09:15:00,NSE:LT,1995.1,2008.0,1970.6,1982.7,3579380.0
2022-02-03 09:15:00,NSE:LT,1981.5,1985.0,1930.0,1933.65,2262217.0
2022-02-04 09:15:00,NSE:LT,1948.0,1957.8,1923.3,1947.95,1440816.0
2022-02-07 09:15:00,NSE:LT,1932.5,1947.5,1874.55,1884.5,2641464.0
2022-02-08 09:15:00,NSE:LT,1890.0,1896.95,1848.0,1875.6,2040523.0
2022-02-09 09:15:00,NSE:LT,1884.5,1899.9,1875.6,1888.8,1390810.0
2022-02-10 09:15:00,NSE:LT,1892.0,1911.0,1881.0,1901.0,1288856.0
2022-02-11 09:15:00,NSE:LT,1889.0,1889.0,1850.0,1871.25,1744894.0
2022-02-14 09:15:00,NSE:LT,1843.25,1846.95,1795.0,1799.0,2290199.0
2022-02-15 09:15:00,NSE:LT,1810.0,1882.0,1806.15,1876.05,2602134.0
2022-02-16 09:15:00,NSE:LT,1876.05,1887.3,1842.15,1860.7,1898439.0
2022-02-17 09:15:00,NSE:LT,1869.0,1884.9,1854.1,1868.7,1459905.0
2022-02-18 09:15:00,NSE:LT,1870.0,1896.0,1865.15,1883.1,1912482.0
2022-02-21 09:15:00,NSE:LT,1874.95,1883.9,1848.85,1863.95,1262585.0
2022-02-22 09:15:00,NSE:LT,1813.0,1855.0,1800.5,1844.45,2288298.0
2022-02-23 09:15:00,NSE:LT,1849.0,1852.0,1816.15,1820.3,1583872.0
2022-02-24 09:15:00,NSE:LT,1783.25,1800.0,1751.0,1757.35,3616355.0
2022-02-25 09:15:00,NSE:LT,1782.0,1798.7,1765.0,1777.05,2476882.0
2022-02-28 09:15:00,NSE:LT,1764.9,1822.25,1752.8,1816.75,2553662.0
2022-03-02 09:15:00,NSE:LT,1800.0,1826.95,1768.5,1784.5,3152628.0
2022-03-03 09:15:00,NSE:LT,1810.0,1813.55,1745.55,1752.3,2259979.0
2022-03-04 09:15:00,NSE:LT,1740.0,1754.05,1703.0,1711.75,3906819.0
2022-03-07 09:15:00,NSE:LT,1658.25,1666.8,1605.55,1634.45,6318251.0
2022-03-08 09:15:00,NSE:LT,1627.9,1666.0,1595.0,1658.5,4421730.0
2022-03-09 09:15:00,NSE:LT,1676.5,1699.8,1650.05,1690.95,3306502.0
2022-03-10 09:15:00,NSE:LT,1740.0,1758.0,1707.0,1728.2,2776325.0
2022-03-11 09:15:00,NSE:LT,1720.0,1735.45,1705.8,1728.65,1577597.0
2022-03-14 09:15:00,NSE:LT,1735.0,1754.0,1715.5,1746.75,1558334.0
2022-03-15 09:15:00,NSE:LT,1748.0,1765.0,1726.6,1743.45,2062332.0
2022-03-16 09:15:00,NSE:LT,1761.0,1770.65,1746.2,1756.2,2101909.0
2022-03-17 09:15:00,NSE:LT,1781.15,1804.6,1768.45,1787.9,3383036.0
2022-03-21 09:15:00,NSE:LT,1805.0,1805.0,1745.0,1756.3,2301462.0
2022-03-22 09:15:00,NSE:LT,1756.3,1777.0,1721.15,1774.05,3986030.0
2022-03-23 09:15:00,NSE:LT,1780.0,1791.55,1759.15,1767.25,1574226.0
2022-03-24 09:15:00,NSE:LT,1755.0,1779.7,1751.0,1771.55,1580887.0
2022-03-25 09:15:00,NSE:LT,1775.6,1777.9,1739.0,1751.1,1483897.0
2022-03-28 09:15:00,NSE:LT,1752.0,1755.0,1725.1,1741.6,1799629.0
2022-03-29 09:15:00,NSE:LT,1748.7,1754.1,1733.0,1746.65,2071779.0
2022-03-30 09:15:00,NSE:LT,1766.9,1777.05,1754.1,1773.6,1712835.0
2022-03-31 09:15:00,NSE:LT,1779.95,1781.35,1758.0,1767.65,1401916.0
2022-04-01 09:15:00,NSE:LT,1759.0,1794.0,1759.0,1790.1,2050573.0
2022-04-04 09:15:00,NSE:LT,1784.0,1829.85,1776.6,1826.35,1955281.0
2022-04-05 09:15:00,NSE:LT,1840.0,1845.0,1827.0,1836.05,1718581.0
2022-04-06 09:15:00,NSE:LT,1833.0,1858.0,1827.7,1852.8,2245496.0
2022-04-07 09:15:00,NSE:LT,1849.9,1855.85,1810.15,1826.3,2003954.0
2022-04-08 09:15:00,NSE:LT,1835.4,1838.9,1818.05,1830.75,1903321.0
2022-04-11 09:15:00,NSE:LT,1820.25,1829.75,1779.0,1781.5,2262446.0
2022-04-12 09:15:00,NSE:LT,1780.0,1781.5,1733.6,1747.7,4215141.0
2022-04-13 09:15:00,NSE:LT,1754.2,1772.85,1747.1,1760.8,1673417.0
2022-04-18 09:15:00,NSE:LT,1746.3,1749.95,1715.0,1738.35,1808707.0
2022-04-19 09:15:00,NSE:LT,1748.3,1760.75,1687.0,1705.75,2737766.0
2022-04-20 09:15:00,NSE:LT,1709.95,1712.4,1671.35,1691.6,3832617.0
2022-04-21 09:15:00,NSE:LT,1702.95,1725.8,1700.0,1714.5,1797489.0
2022-04-22 09:15:00,NSE:LT,1701.0,1716.4,1690.4,1694.35,1474689.0
2022-04-25 09:15:00,NSE:LT,1675.0,1675.0,1652.0,1657.35,1964344.0
2022-04-26 09:15:00,NSE:LT,1680.0,1703.1,1664.0,1699.95,2440990.0
2022-04-27 09:15:00,NSE:LT,1675.0,1691.6,1666.7,1677.05,1346726.0
2022-04-28 09:15:00,NSE:LT,1690.0,1731.0,1680.0,1719.25,3117433.0
2022-04-29 09:15:00,NSE:LT,1731.0,1739.0,1687.15,1694.35,2404830.0
2022-05-02 09:15:00,NSE:LT,1668.6,1685.95,1655.05,1679.45,1399802.0
2022-05-04 09:15:00,NSE:LT,1679.5,1681.9,1625.05,1633.95,1777673.0
2022-05-05 09:15:00,NSE:LT,1650.7,1671.2,1633.0,1637.65,1707752.0
2022-05-06 09:15:00,NSE:LT,1616.0,1633.0,1612.1,1622.45,1439520.0
2022-05-09 09:15:00,NSE:LT,1607.55,1629.85,1591.25,1616.15,1400010.0
2022-05-10 09:15:00,NSE:LT,1611.0,1629.6,1601.0,1607.95,1176030.0
2022-05-11 09:15:00,NSE:LT,1600.5,1609.0,1557.35,1570.8,2988788.0
2022-05-12 09:15:00,NSE:LT,1550.0,1554.95,1513.1,1526.15,3407191.0
2022-05-13 09:15:00,NSE:LT,1530.0,1574.9,1502.0,1534.5,4328846.0
2022-05-16 09:15:00,NSE:LT,1550.0,1567.5,1539.45,1542.9,1775914.0
2022-05-17 09:15:00,NSE:LT,1545.0,1607.9,1545.0,1604.1,1608711.0
2022-05-18 09:15:00,NSE:LT,1623.0,1623.0,1565.0,1572.5,2984009.0
2022-05-19 09:15:00,NSE:LT,1550.0,1562.75,1540.35,1547.95,1798843.0
2022-05-20 09:15:00,NSE:LT,1569.4,1613.45,1561.05,1610.1,2175224.0
2022-05-23 09:15:00,NSE:LT,1629.0,1660.0,1605.6,1644.15,4177811.0
2022-05-24 09:15:00,NSE:LT,1644.8,1653.7,1610.1,1626.3,1970395.0
2022-05-25 09:15:00,NSE:LT,1633.0,1639.7,1571.1,1574.75,1417130.0
2022-05-26 09:15:00,NSE:LT,1575.0,1588.9,1536.65,1564.55,3578710.0
2022-05-27 09:15:00,NSE:LT,1575.2,1606.0,1574.0,1600.3,1279218.0
2022-05-30 09:15:00,NSE:LT,1620.0,1663.7,1613.6,1660.85,2119326.0
2022-05-31 09:15:00,NSE:LT,1660.5,1674.4,1645.0,1654.5,3534742.0
2022-06-01 09:15:00,NSE:LT,1653.55,1661.0,1638.45,1648.0,1425466.0
2022-06-02 09:15:00,NSE:LT,1632.0,1649.45,1623.7,1637.15,1852251.0
2022-06-03 09:15:00,NSE:LT,1657.95,1673.7,1644.95,1652.05,2928263.0
2022-06-06 09:15:00,NSE:LT,1652.15,1662.3,1634.1,1640.2,1538005.0
2022-06-07 09:15:00,NSE:LT,1630.0,1638.4,1586.1,1589.45,2157491.0
2022-06-08 09:15:00,NSE:LT,1595.0,1607.8,1570.1,1584.55,2122442.0
2022-06-09 09:15:00,NSE:LT,1556.2,1600.0,1556.2,1595.1,1361104.0
2022-06-10 09:15:00,NSE:LT,1570.0,1594.5,1569.05,1585.1,1337799.0
2022-06-13 09:15:00,NSE:LT,1560.15,1565.95,1518.3,1532.05,2460367.0
2022-06-14 09:15:00,NSE:LT,1532.05,1554.3,1525.2,1544.65,1983405.0
2022-06-15 09:15:00,NSE:LT,1547.95,1567.0,1539.05,1560.35,1461683.0
2022-06-16 09:15:00,NSE:LT,1568.4,1575.0,1516.75,1527.4,2329325.0
2022-06-17 09:15:00,NSE:LT,1522.0,1529.95,1481.4,1489.95,4548572.0
2022-06-20 09:15:00,NSE:LT,1490.0,1497.85,1456.35,1471.8,1837431.0
2022-06-21 09:15:00,NSE:LT,1480.0,1515.2,1476.9,1500.3,1458922.0
2022-06-22 09:15:00,NSE:LT,1490.0,1490.95,1468.0,1478.75,1906619.0
2022-06-23 09:15:00,NSE:LT,1481.5,1511.75,1481.5,1494.3,1828491.0
2022-06-24 09:15:00,NSE:LT,1501.75,1512.0,1489.0,1494.85,1731440.0
2022-06-27 09:15:00,NSE:LT,1524.0,1544.7,1509.75,1535.8,2389778.0
2022-06-28 09:15:00,NSE:LT,1530.0,1557.5,1524.1,1551.5,2072405.0
2022-06-29 09:15:00,NSE:LT,1531.25,1554.0,1525.4,1547.9,1480197.0
2022-06-30 09:15:00,NSE:LT,1549.05,1566.9,1542.1,1558.25,3308971.0
2022-07-01 09:15:00,NSE:LT,1560.95,1576.0,1534.6,1572.15,1294305.0
2022-07-04 09:15:00,NSE:LT,1572.1,1587.45,1550.2,1581.7,1269969.0
2022-07-05 09:15:00,NSE:LT,1584.0,1597.25,1561.6,1564.9,1445200.0
2022-07-06 09:15:00,NSE:LT,1565.55,1590.5,1551.8,1556.15,2422594.0
2022-07-07 09:15:00,NSE:LT,1565.9,1614.15,1565.65,1611.1,1697912.0
2022-07-08 09:15:00,NSE:LT,1621.0,1702.0,1618.0,1687.45,6516138.0
2022-07-11 09:15:00,NSE:LT,1684.95,1688.85,1653.4,1663.0,1316037.0
2022-07-12 09:15:00,NSE:LT,1655.0,1672.9,1649.05,1653.75,781516.0
2022-07-13 09:15:00,NSE:LT,1664.0,1683.25,1644.4,1647.25,1914814.0
2022-07-14 09:15:00,NSE:LT,1651.85,1667.35,1634.6,1646.15,1170472.0
2022-07-15 09:15:00,NSE:LT,1653.9,1687.85,1649.2,1684.85,1345141.0
2022-07-18 09:15:00,NSE:LT,1696.05,1734.6,1690.0,1727.65,3200640.0
2022-07-19 09:15:00,NSE:LT,1719.95,1734.95,1714.0,1729.8,1351783.0
2022-07-20 09:15:00,NSE:LT,1740.35,1746.85,1727.95,1739.95,1509911.0
2022-07-21 09:15:00,NSE:LT,1726.9,1768.95,1715.1,1765.15,2827327.0
2022-07-22 09:15:00,NSE:LT,1765.5,1779.55,1752.55,1767.75,1495629.0
2022-07-25 09:15:00,NSE:LT,1765.0,1785.5,1760.05,1782.45,1916615.0
2022-07-26 09:15:00,NSE:LT,1780.75,1780.75,1741.9,1751.25,1585897.0
2022-07-27 09:15:00,NSE:LT,1754.0,1819.5,1750.0,1796.65,5369460.0
2022-07-28 09:15:00,NSE:LT,1805.0,1816.0,1786.95,1801.25,1831059.0
2022-07-29 09:15:00,NSE:LT,1814.95,1832.5,1794.0,1808.05,1747781.0
2022-08-01 09:15:00,NSE:LT,1808.0,1817.85,1790.3,1814.7,1341943.0
2022-08-02 09:15:00,NSE:LT,1809.0,1811.65,1775.7,1793.05,1749346.0
2022-08-03 09:15:00,NSE:LT,1793.05,1804.0,1773.0,1789.8,1264299.0
2022-08-04 09:15:00,NSE:LT,1793.8,1814.8,1775.0,1780.1,1856927.0
2022-08-05 09:15:00,NSE:LT,1782.95,1807.0,1775.3,1787.45,1430542.0
2022-08-08 09:15:00,NSE:LT,1796.4,1832.05,1790.25,1829.65,2625195.0
2022-08-10 09:15:00,NSE:LT,1830.0,1867.0,1822.25,1855.15,3422074.0
2022-08-11 09:15:00,NSE:LT,1870.05,1878.8,1855.2,1867.15,1918049.0
2022-08-12 09:15:00,NSE:LT,1865.0,1869.0,1838.0,1846.45,1041383.0
2022-08-16 09:15:00,NSE:LT,1860.0,1864.0,1842.0,1848.9,1426893.0
2022-08-17 09:15:00,NSE:LT,1861.45,1867.35,1850.05,1855.7,1748371.0
2022-08-18 09:15:00,NSE:LT,1857.0,1898.55,1850.0,1894.55,2519639.0
2022-08-19 09:15:00,NSE:LT,1894.1,1942.0,1892.75,1936.05,4134598.0
2022-08-22 09:15:00,NSE:LT,1937.1,1944.0,1875.0,1880.65,3175874.0
2022-08-23 09:15:00,NSE:LT,1870.0,1911.95,1865.7,1877.05,1811509.0
2022-08-24 09:15:00,NSE:LT,1876.0,1898.0,1851.6,1893.35,1534933.0
2022-08-25 09:15:00,NSE:LT,1900.0,1918.0,1873.0,1877.9,1121363.0
2022-08-26 09:15:00,NSE:LT,1890.2,1912.0,1887.2,1905.4,1119310.0
2022-08-29 09:15:00,NSE:LT,1870.0,1890.0,1861.0,1881.5,1183546.0
2022-08-30 09:15:00,NSE:LT,1893.9,1928.0,1889.15,1922.5,1394462.0
2022-09-01 09:15:00,NSE:LT,1905.0,1930.5,1892.1,1912.95,2014905.0
2022-09-02 09:15:00,NSE:LT,1900.5,1958.8,1900.25,1940.5,3201140.0
2022-09-05 09:15:00,NSE:LT,1947.95,1972.75,1942.1,1968.35,2474746.0
2022-09-06 09:15:00,NSE:LT,1973.8,1985.1,1951.3,1962.3,1172733.0
2022-09-07 09:15:00,NSE:LT,1941.1,1961.35,1934.0,1958.1,1238549.0
2022-09-08 09:15:00,NSE:LT,1967.9,1977.0,1947.55,1974.4,1632797.0
2022-09-09 09:15:00,NSE:LT,1977.35,1987.4,1944.0,1949.75,980869.0
2022-09-12 09:15:00,NSE:LT,1949.75,1967.0,1947.9,1961.9,791708.0
2022-09-13 09:15:00,NSE:LT,1968.9,1995.0,1963.1,1991.35,1761021.0
2022-09-14 09:15:00,NSE:LT,1964.65,1972.95,1949.4,1953.9,2322752.0
2022-09-15 09:15:00,NSE:LT,1959.1,1984.7,1954.8,1957.5,1566565.0
2022-09-16 09:15:00,NSE:LT,1947.0,1956.9,1915.0,1920.0,3881617.0
2022-09-19 09:15:00,NSE:LT,1921.1,1931.95,1905.0,1910.7,1755456.0
2022-09-20 09:15:00,NSE:LT,1931.0,1955.8,1925.0,1932.7,1666658.0
2022-09-21 09:15:00,NSE:LT,1921.1,1946.3,1891.6,1895.65,1618385.0
2022-09-22 09:15:00,NSE:LT,1882.0,1905.6,1873.0,1888.2,1875115.0
2022-09-23 09:15:00,NSE:LT,1890.0,1895.45,1852.55,1856.85,1948766.0
2022-09-26 09:15:00,NSE:LT,1849.0,1876.8,1818.0,1851.45,1529101.0
2022-09-27 09:15:00,NSE:LT,1856.0,1864.0,1832.5,1841.2,1443698.0
2022-09-28 09:15:00,NSE:LT,1829.7,1856.0,1825.6,1835.45,1853503.0
2022-09-29 09:15:00,NSE:LT,1844.65,1857.4,1797.4,1815.5,2377718.0
2022-09-30 09:15:00,NSE:LT,1823.95,1882.95,1816.05,1847.7,2339518.0
2022-10-03 09:15:00,NSE:LT,1852.0,1852.0,1814.0,1819.3,1850414.0
2022-10-04 09:15:00,NSE:LT,1835.3,1880.95,1835.3,1871.55,1637532.0
2022-10-06 09:15:00,NSE:LT,1882.0,1919.0,1878.1,1912.95,2771898.0
2022-10-07 09:15:00,NSE:LT,1905.0,1928.95,1903.05,1924.55,1469264.0
2022-10-10 09:15:00,NSE:LT,1905.0,1917.0,1883.5,1909.65,1656954.0
2022-10-11 09:15:00,NSE:LT,1923.8,1923.8,1871.25,1878.95,1047963.0
2022-10-12 09:15:00,NSE:LT,1880.0,1916.0,1858.05,1911.25,1907748.0
2022-10-13 09:15:00,NSE:LT,1901.0,1912.0,1868.25,1876.15,1303645.0
2022-10-14 09:15:00,NSE:LT,1900.0,1936.75,1898.45,1911.6,1819114.0
2022-10-17 09:15:00,NSE:LT,1902.9,1914.0,1878.4,1883.2,2588147.0
2022-10-18 09:15:00,NSE:LT,1893.1,1931.2,1893.1,1918.1,1401849.0
2022-10-19 09:15:00,NSE:LT,1920.0,1947.0,1901.65,1904.9,1636141.0
2022-10-20 09:15:00,NSE:LT,1898.65,1917.8,1886.3,1904.15,1374019.0
2022-10-21 09:15:00,NSE:LT,1913.7,1925.0,1867.1,1876.75,2225676.0
2022-10-24 18:15:00,NSE:LT,1906.0,1919.9,1900.0,1909.75,269400.0
2022-10-25 09:15:00,NSE:LT,1915.0,1954.65,1891.55,1949.1,2136147.0
2022-10-27 09:15:00,NSE:LT,1952.1,1971.85,1949.9,1964.05,2245395.0
2022-10-28 09:15:00,NSE:LT,1972.0,1986.0,1963.8,1975.05,2013794.0
2022-10-31 09:15:00,NSE:LT,1986.0,2034.65,1978.2,2023.1,3176507.0
2022-11-01 09:15:00,NSE:LT,2032.0,2056.0,1990.05,2024.45,4464211.0
2022-11-02 09:15:00,NSE:LT,2036.5,2042.0,2000.0,2013.3,1889651.0
2022-11-03 09:15:00,NSE:LT,2006.0,2022.5,1993.0,2008.7,1052241.0
2022-11-04 09:15:00,NSE:LT,2010.0,2029.35,2004.75,2015.1,2312753.0
2022-11-07 09:15:00,NSE:LT,2021.4,2032.0,1993.0,2017.65,1395070.0
2022-11-09 09:15:00,NSE:LT,2025.05,2036.95,1996.25,2003.5,1301233.0
2022-11-10 09:15:00,NSE:LT,1995.0,2001.85,1970.2,1977.65,1261210.0
2022-11-11 09:15:00,NSE:LT,2003.6,2018.8,1991.95,2011.1,1203125.0
2022-11-14 09:15:00,NSE:LT,2013.05,2021.9,1995.25,1999.8,1175155.0
2022-11-15 09:15:00,NSE:LT,2003.0,2017.0,1978.1,1996.55,1450841.0
2022-11-16 09:15:00,NSE:LT,1986.0,2009.85,1985.05,2003.6,1195832.0
2022-11-17 09:15:00,NSE:LT,2002.0,2059.0,2001.1,2029.55,3786182.0
2022-11-18 09:15:00,NSE:LT,2039.0,2050.95,2006.85,2024.45,1248459.0
2022-11-21 09:15:00,NSE:LT,2019.0,2033.0,2007.0,2011.45,714687.0
2022-11-22 09:15:00,NSE:LT,2021.55,2033.15,2019.6,2029.8,1337869.0
2022-11-23 09:15:00,NSE:LT,2038.95,2044.0,2018.0,2025.0,1046988.0
2022-11-24 09:15:00,NSE:LT,2030.5,2060.0,2028.4,2052.2,1611889.0
2022-11-25 09:15:00,NSE:LT,2061.0,2095.8,2058.45,2062.75,2652761.0
2022-11-28 09:15:00,NSE:LT,2064.3501,2072.0,2052.0,2064.45,1105372.0
2022-11-29 09:15:00,NSE:LT,2070.0,2072.0,2038.6,2050.55,1413764.0
2022-11-30 09:15:00,NSE:LT,2053.0,2086.0,2045.0,2074.8501,2104550.0
2022-12-01 09:15:00,NSE:LT,2085.25,2110.0,2079.45,2104.25,2614357.0
2022-12-02 09:15:00,NSE:LT,2096.1001,2098.8999,2069.1499,2085.5,1957264.0
2022-12-05 09:15:00,NSE:LT,2095.95,2096.8,2068.8501,2085.6001,1767537.0
2022-12-06 09:15:00,NSE:LT,2081.0,2100.0,2067.0,2093.5,1530731.0
2022-12-07 09:15:00,NSE:LT,2096.3,2144.0,2096.3,2124.0,3438327.0
2022-12-08 09:15:00,NSE:LT,2120.0,2175.0,2120.0,2167.7,3743754.0
2022-12-09 09:15:00,NSE:LT,2168.0,2194.3501,2137.5,2154.05,2573609.0
2022-12-12 09:15:00,NSE:LT,2148.8999,2169.0,2134.55,2163.7,1536090.0
2022-12-13 09:15:00,NSE:LT,2170.0,2175.7,2152.5,2172.8999,1233124.0
2022-12-14 09:15:00,NSE:LT,2176.95,2210.0,2175.05,2195.45,1516631.0
2022-12-15 09:15:00,NSE:LT,2196.7,2209.0,2173.6001,2177.55,1323412.0
2022-12-16 09:15:00,NSE:LT,2161.0,2211.6001,2161.0,2175.0,2822390.0
2022-12-19 09:15:00,NSE:LT,2171.0,2187.45,2155.05,2184.0,1592779.0
2022-12-20 09:15:00,NSE:LT,2179.8999,2179.8999,2138.0,2163.25,1747181.0
2022-12-21 09:15:00,NSE:LT,2153.1001,2174.95,2142.8501,2146.3,1979681.0
2022-12-22 09:15:00,NSE:LT,2144.0,2148.3501,2096.8999,2109.95,1993744.0
2022-12-23 09:15:00,NSE:LT,2094.5,2104.1499,2050.1001,2062.75,2026125.0
2022-12-26 09:15:00,NSE:LT,2052.75,2108.0,2051.0,2091.05,1154610.0
2022-12-27 09:15:00,NSE:LT,2101.55,2128.0,2085.0,2124.1001,1059351.0
2022-12-28 09:15:00,NSE:LT,2129.0,2136.0,2113.6499,2121.1001,1153883.0
2022-12-29 09:15:00,NSE:LT,2109.6499,2120.55,2094.1499,2110.8999,1517150.0
2022-12-30 09:15:00,NSE:LT,2115.0,2133.0,2081.1001,2085.8,1189427.0
2023-01-02 09:15:00,NSE:LT,2092.8999,2097.6001,2075.05,2089.45,807344.0
2023-01-03 09:15:00,NSE:LT,2088.0,2096.8,2067.95,2088.95,1260225.0
2023-01-04 09:15:00,NSE:LT,2090.95,2101.45,2058.0,2070.55,1015547.0
2023-01-05 09:15:00,NSE:LT,2080.0,2099.2,2068.5,2087.3501,1881403.0
2023-01-06 09:15:00,NSE:LT,2090.2,2121.7,2071.8501,2086.55,1877917.0
2023-01-09 09:15:00,NSE:LT,2108.0,2127.3,2100.75,2121.7,1844365.0
2023-01-10 09:15:00,NSE:LT,2131.8999,2131.8999,2097.2,2106.6499,1425414.0
2023-01-11 09:15:00,NSE:LT,2106.1001,2140.0,2097.1001,2125.3501,1455621.0
2023-01-12 09:15:00,NSE:LT,2118.1001,2164.6499,2118.1001,2159.75,2726901.0
2023-01-13 09:15:00,NSE:LT,2161.8999,2164.8501,2117.2,2153.3999,2180210.0
2023-01-16 09:15:00,NSE:LT,2147.0,2161.0,2132.3,2137.2,1009649.0
2023-01-17 09:15:00,NSE:LT,2139.8999,2217.8,2136.3999,2213.1001,4645453.0
2023-01-18 09:15:00,NSE:LT,2221.0,2274.8,2200.0,2266.5,4090049.0
2023-01-19 09:15:00,NSE:LT,2259.8501,2283.8,2241.0,2273.1001,2176835.0
2023-01-20 09:15:00,NSE:LT,2282.45,2297.6499,2238.45,2249.95,1962410.0
2023-01-23 09:15:00,NSE:LT,2255.0,2273.3,2227.0,2233.5,1466706.0
2023-01-24 09:15:00,NSE:LT,2244.7,2252.3,2200.0,2207.5,1036962.0
2023-01-25 09:15:00,NSE:LT,2201.0,2205.0,2155.0,2174.7,2134447.0
2023-01-27 09:15:00,NSE:LT,2174.7,2195.0,2127.1001,2159.8501,1647900.0
2023-01-30 09:15:00,NSE:LT,2129.3999,2173.25,2083.8,2112.8999,3441304.0
2023-01-31 09:15:00,NSE:LT,2119.95,2132.75,2072.6499,2124.3999,4516463.0
2023-02-01 09:15:00,NSE:LT,2133.0,2215.95,2080.3,2145.55,6868872.0
2023-02-02 09:15:00,NSE:LT,2135.6001,2166.95,2107.8501,2144.8999,3488506.0
2023-02-03 09:15:00,NSE:LT,2176.95,2181.8501,2131.05,2166.55,2045634.0
2023-02-06 09:15:00,NSE:LT,2164.25,2181.6001,2142.3,2156.1001,1332484.0
2023-02-07 09:15:00,NSE:LT,2162.25,2172.0,2150.05,2165.3,1089248.0
2023-02-08 09:15:00,NSE:LT,2160.55,2175.25,2125.55,2130.8501,1452145.0
2023-02-09 09:15:00,NSE:LT,2150.0,2151.95,2135.7,2147.3999,1563181.0
2023-02-10 09:15:00,NSE:LT,2140.2,2169.95,2137.55,2163.8501,1454665.0
2023-02-13 09:15:00,NSE:LT,2173.0,2210.3999,2160.2,2203.3,2978938.0
2023-02-14 09:15:00,NSE:LT,2215.0,2216.0,2182.1499,2191.6499,1874906.0
2023-02-15 09:15:00,NSE:LT,2186.0,2187.8501,2157.25,2175.05,1946344.0
2023-02-16 09:15:00,NSE:LT,2186.8,2202.3,2171.7,2178.3,2464602.0
2023-02-17 09:15:00,NSE:LT,2169.8,2249.0,2160.0,2226.3501,3753179.0
2023-02-20 09:15:00,NSE:LT,2233.7,2252.0,2215.0,2225.5,1779752.0
2023-02-21 09:15:00,NSE:LT,2239.0,2262.0,2222.7,2229.45,1882604.0
2023-02-22 09:15:00,NSE:LT,2229.0,2241.0,2182.05,2194.75,2103097.0
2023-02-23 09:15:00,NSE:LT,2204.0,2208.2,2153.5,2159.1499,2000556.0
2023-02-24 09:15:00,NSE:LT,2160.0,2172.3,2118.75,2134.05,1479060.0
2023-02-27 09:15:00,NSE:LT,2134.05,2139.8999,2082.1001,2113.7,1398112.0
2023-02-28 09:15:00,NSE:LT,2115.0,2138.3,2085.0,2109.1499,2108587.0
2023-03-01 09:15:00,NSE:LT,2100.0,2130.0,2100.0,2115.3,1389077.0
2023-03-02 09:15:00,NSE:LT,2129.95,2149.0,2107.55,2121.6001,1727640.0
2023-03-03 09:15:00,NSE:LT,2140.0,2159.8999,2132.25,2152.05,1821066.0
2023-03-06 09:15:00,NSE:LT,2158.25,2184.8501,2139.8,2141.1499,1821012.0
2023-03-08 09:15:00,NSE:LT,2152.0,2189.6001,2140.6001,2170.8,2965342.0
2023-03-09 09:15:00,NSE:LT,2174.95,2199.0,2171.5,2193.2,1873933.0
2023-03-10 09:15:00,NSE:LT,2171.5,2182.0,2133.0,2157.8501,1900535.0
2023-03-13 09:15:00,NSE:LT,2164.05,2178.95,2107.0,2133.8501,2334468.0
2023-03-14 09:15:00,NSE:LT,2144.3501,2171.0,2134.3999,2144.2,2871343.0
2023-03-15 09:15:00,NSE:LT,2164.2,2212.45,2160.0,2176.6499,3044201.0
2023-03-16 09:15:00,NSE:LT,2184.8999,2187.0,2132.0,2173.6001,2946792.0
2023-03-17 09:15:00,NSE:LT,2186.7,2228.8999,2186.7,2195.75,3286473.0
2023-03-20 09:15:00,NSE:LT,2191.1001,2205.0,2152.0,2177.55,1996773.0
2023-03-21 09:15:00,NSE:LT,2182.7,2227.0,2182.0,2208.45,3178680.0
2023-03-22 09:15:00,NSE:LT,2219.5,2246.25,2207.8999,2213.95,1956033.0
2023-03-23 09:15:00,NSE:LT,2214.0,2242.0,2200.55,2206.6499,2455799.0
2023-03-24 09:15:00,NSE:LT,2206.0,2219.3501,2153.05,2166.1499,1449544.0
2023-03-27 09:15:00,NSE:LT,2175.05,2190.0,2150.0,2154.0,1540581.0
2023-03-28 09:15:00,NSE:LT,2167.75,2169.8,2122.45,2133.6001,1627243.0
2023-03-29 09:15:00,NSE:LT,2137.6499,2159.3,2121.0,2147.45,2372385.0
2023-03-31 09:15:00,NSE:LT,2156.5,2176.95,2150.55,2164.2,1489542.0
2023-04-03 09:15:00,NSE:LT,2180.0,2183.5,2155.0,2170.1499,1231654.0
2023-04-05 09:15:00,NSE:LT,2170.0,2262.5,2165.0,2257.75,2763363.0
2023-04-06 09:15:00,NSE:LT,2257.75,2291.6499,2254.45,2274.25,2389899.0
2023-04-10 09:15:00,NSE:LT,2284.8999,2319.8999,2278.05,2309.7,1955914.0
2023-04-11 09:15:00,NSE:LT,2320.0,2330.0,2287.3,2301.5,1342440.0
2023-04-12 09:15:00,NSE:LT,2304.0,2312.7,2281.95,2288.5,1165839.0
2023-04-13 09:15:00,NSE:LT,2294.8,2295.0,2242.45,2258.75,1956668.0
2023-04-17 09:15:00,NSE:LT,2258.75,2273.8,2201.1499,2214.0,4125850.0
2023-04-18 09:15:00,NSE:LT,2220.0,2230.0,2188.0,2216.6001,2848601.0
2023-04-19 09:15:00,NSE:LT,2208.1001,2235.0,2208.1001,2219.6001,1970015.0
2023-04-20 09:15:00,NSE:LT,2225.0,2251.45,2222.25,2232.75,1898996.0
2023-04-21 09:15:00,NSE:LT,2240.1499,2243.0,2202.0,2215.2,1009316.0
2023-04-24 09:15:00,NSE:LT,2220.0,2232.7,2186.55,2228.8999,1239073.0
2023-04-25 09:15:00,NSE:LT,2231.05,2254.0,2218.1001,2247.95,1350118.0
2023-04-26 09:15:00,NSE:LT,2247.8501,2287.3,2244.05,2276.1499,1894812.0
2023-04-27 09:15:00,NSE:LT,2275.75,2310.0,2267.1001,2305.6001,1252989.0
2023-04-28 09:15:00,NSE:LT,2312.3,2369.0,2312.3,2364.3999,2884961.0
2023-05-02 09:15:00,NSE:LT,2373.2,2416.3501,2373.2,2384.45,1840153.0
2023-05-03 09:15:00,NSE:LT,2384.1001,2390.0,2348.5,2356.3,998235.0
2023-05-04 09:15:00,NSE:LT,2361.8,2381.6499,2342.8501,2356.8999,1230912.0
2023-05-05 09:15:00,NSE:LT,2357.0,2406.95,2357.0,2377.5,2425866.0
2023-05-08 09:15:00,NSE:LT,2377.45,2385.0,2354.05,2365.3999,1583576.0
2023-05-09 09:15:00,NSE:LT,2367.6499,2401.8999,2367.6499,2374.3501,1417301.0
2023-05-10 09:15:00,NSE:LT,2387.0,2388.95,2350.0,2364.45,1675409.0
2023-05-11 09:15:00,NSE:LT,2300.0,2314.05,2237.3501,2242.1499,9470848.0
2023-05-12 09:15:00,NSE:LT,2222.6499,2235.0,2197.3501,2221.1001,5367292.0
2023-05-15 09:15:00,NSE:LT,2220.8999,2260.0,2215.0,2246.8501,2662740.0
2023-05-16 09:15:00,NSE:LT,2254.6001,2255.0,2223.1001,2227.2,2528855.0
2023-05-17 09:15:00,NSE:LT,2224.3501,2244.0,2210.2,2219.6001,1961004.0
2023-05-18 09:15:00,NSE:LT,2230.0,2233.55,2181.0,2188.2,2290757.0
2023-05-19 09:15:00,NSE:LT,2192.0,2199.05,2168.5,2190.05,1729803.0
2023-05-22 09:15:00,NSE:LT,2190.0,2222.0,2178.3999,2216.6001,1112099.0
2023-05-23 09:15:00,NSE:LT,2225.6001,2228.6001,2194.0,2197.6499,2265389.0
2023-05-24 09:15:00,NSE:LT,2200.0,2208.5,2176.0,2185.1499,2648479.0
2023-05-25 09:15:00,NSE:LT,2190.0,2207.3,2178.0,2204.7,1689521.0
2023-05-26 09:15:00,NSE:LT,2209.0,2220.75,2201.0,2218.45,1249128.0
2023-05-29 09:15:00,NSE:LT,2225.0,2241.8,2220.2,2224.55,1369656.0
2023-05-30 09:15:00,NSE:LT,2230.0,2237.0,2207.2,2210.8,1716729.0
2023-05-31 09:15:00,NSE:LT,2201.1001,2224.0,2200.0,2205.6499,2809284.0
2023-06-01 09:15:00,NSE:LT,2217.0,2222.0,2202.1499,2207.8,1049488.0
2023-06-02 09:15:00,NSE:LT,2221.0,2237.3,2212.1499,2234.55,1399950.0
2023-06-05 09:15:00,NSE:LT,2245.0,2272.8,2240.0,2268.3,2344944.0
2023-06-06 09:15:00,NSE:LT,2269.0,2280.7,2263.7,2277.95,1677680.0
2023-06-07 09:15:00,NSE:LT,2278.0,2318.0,2278.0,2315.5,2128603.0
2023-06-08 09:15:00,NSE:LT,2316.95,2345.05,2312.75,2340.3,2556995.0
2023-06-09 09:15:00,NSE:LT,2345.0,2368.8501,2338.25,2363.0,2501720.0
2023-06-12 09:15:00,NSE:LT,2365.0,2370.0,2333.1001,2339.95,1172382.0
2023-06-13 09:15:00,NSE:LT,2345.8501,2357.8999,2327.1001,2354.3999,1688768.0
2023-06-14 09:15:00,NSE:LT,2352.8999,2360.0,2340.0,2355.05,1013564.0
2023-06-15 09:15:00,NSE:LT,2355.0,2369.5,2349.0,2361.3,2561534.0
2023-06-16 09:15:00,NSE:LT,2363.75,2380.0,2352.25,2366.8,1794542.0
2023-06-19 09:15:00,NSE:LT,2379.0,2419.8999,2361.0,2366.3501,3111256.0
2023-06-20 09:15:00,NSE:LT,2364.95,2389.6499,2354.45,2382.0,1771306.0
2023-06-21 09:15:00,NSE:LT,2382.0,2412.0,2382.0,2394.45,1607299.0
2023-06-22 09:15:00,NSE:LT,2394.6001,2424.0,2380.0,2416.25,1741775.0
2023-06-23 09:15:00,NSE:LT,2418.95,2427.0,2383.25,2389.55,1212955.0
2023-06-26 09:15:00,NSE:LT,2398.1001,2403.8501,2367.95,2377.55,793572.0
2023-06-27 09:15:00,NSE:LT,2387.45,2396.95,2371.55,2388.05,1012317.0
2023-06-28 09:15:00,NSE:LT,2400.0,2432.8999,2390.05,2421.45,1734938.0
2023-06-30 09:15:00,NSE:LT,2420.0,2483.5,2415.05,2475.55,2690699.0
2023-07-03 09:15:00,NSE:LT,2478.2,2492.3999,2448.0,2454.05,1078456.0
2023-07-04 09:15:00,NSE:LT,2458.2,2484.3999,2458.2,2461.8501,1441581.0
2023-07-05 09:15:00,NSE:LT,2461.0,2484.95,2454.3501,2470.8,1191896.0
2023-07-06 09:15:00,NSE:LT,2468.1001,2499.95,2467.55,2488.6001,1796824.0
2023-07-07 09:15:00,NSE:LT,2482.75,2504.0,2444.6001,2449.3501,1837661.0
2023-07-10 09:15:00,NSE:LT,2450.0,2463.3501,2420.0,2438.75,1178479.0
2023-07-11 09:15:00,NSE:LT,2447.2,2479.0,2447.2,2474.55,1219658.0
2023-07-12 09:15:00,NSE:LT,2480.3,2485.95,2447.8,2454.95,1822435.0
2023-07-13 09:15:00,NSE:LT,2466.0,2484.8999,2446.25,2450.1499,1141663.0
2023-07-14 09:15:00,NSE:LT,2450.25,2477.05,2448.6499,2472.25,845623.0
2023-07-17 09:15:00,NSE:LT,2475.0,2494.0,2465.0,2468.8,878697.0
2023-07-18 09:15:00,NSE:LT,2469.0,2489.95,2468.1001,2474.7,720865.0
2023-07-19 09:15:00,NSE:LT,2474.6001,2502.95,2466.3999,2494.1499,1431080.0
2023-07-20 09:15:00,NSE:LT,2494.0,2495.7,2469.05,2489.7,1045704.0
2023-07-21 09:15:00,NSE:LT,2522.0,2595.0,2521.1001,2586.25,4610417.0
2023-07-24 09:15:00,NSE:LT,2637.6499,2638.0,2583.8999,2605.25,2155297.0
2023-07-25 09:15:00,NSE:LT,2616.0,2617.75,2553.0,2560.8999,2068876.0
2023-07-26 09:15:00,NSE:LT,2591.0,2673.8501,2585.0,2646.25,5820099.0
2023-07-27 09:15:00,NSE:LT,2668.95,2676.3501,2646.45,2660.2,2117794.0
2023-07-28 09:15:00,NSE:LT,2660.1499,2668.1499,2625.0,2649.55,1325724.0
2023-07-31 09:15:00,NSE:LT,2655.0,2690.0,2631.1001,2681.3501,1284981.0
2023-08-01 09:15:00,NSE:LT,2681.3501,2689.0,2655.3501,2666.6499,1298745.0
2023-08-02 09:15:00,NSE:LT,2638.0,2644.95,2602.7,2622.1499,1479486.0
2023-08-03 09:15:00,NSE:LT,2615.0,2642.75,2586.3,2598.1001,1612618.0
2023-08-04 09:15:00,NSE:LT,2605.0,2635.0,2598.5,2626.8999,1101278.0
2023-08-07 09:15:00,NSE:LT,2628.0,2654.0,2623.1001,2635.8999,1163125.0
2023-08-08 09:15:00,NSE:LT,2639.05,2649.5,2628.3,2632.2,767310.0
2023-08-09 09:15:00,NSE:LT,2635.0,2655.0,2615.25,2651.6001,906865.0
2023-08-10 09:15:00,NSE:LT,2640.1001,2661.6001,2621.6499,2643.5,1040041.0
2023-08-11 09:15:00,NSE:LT,2642.05,2656.8999,2631.25,2638.5,1320121.0
2023-08-14 09:15:00,NSE:LT,2637.0,2663.55,2616.0,2659.8999,1364413.0
2023-08-16 09:15:00,NSE:LT,2669.0,2695.0,2652.05,2691.05,1703875.0
2023-08-17 09:15:00,NSE:LT,2691.05,2691.05,2642.0,2652.5,1629067.0
2023-08-18 09:15:00,NSE:LT,2650.0,2674.7,2632.75,2641.95,1898966.0
2023-08-21 09:15:00,NSE:LT,2641.8501,2666.6001,2623.45,2662.25,1376318.0
2023-08-22 09:15:00,NSE:LT,2668.0,2685.6499,2662.0,2678.8,1497180.0
2023-08-23 09:15:00,NSE:LT,2689.55,2726.0,2682.45,2717.6001,1990672.0
2023-08-24 09:15:00,NSE:LT,2747.5,2766.8,2680.6001,2688.1499,2619182.0
2023-08-25 09:15:00,NSE:LT,2677.45,2682.7,2631.0,2638.3999,1408427.0
2023-08-28 09:15:00,NSE:LT,2653.55,2700.0,2650.05,2695.3501,1551734.0
2023-08-29 09:15:00,NSE:LT,2710.0,2722.1001,2696.3,2718.95,1101830.0
2023-08-30 09:15:00,NSE:LT,2722.95,2737.6499,2707.0,2709.0,1920079.0
2023-08-31 09:15:00,NSE:LT,2720.0,2724.6001,2678.3501,2702.7,2439625.0
2023-09-01 09:15:00,NSE:LT,2710.0,2715.95,2688.3,2702.1001,1263430.0
2023-09-04 09:15:00,NSE:LT,2733.0,2742.0,2705.0,2711.1001,1548282.0
2023-09-05 09:15:00,NSE:LT,2720.5,2739.0,2720.0,2732.95,1066447.0
2023-09-06 09:15:00,NSE:LT,2740.0,2742.8,2712.0,2730.45,1747425.0
2023-09-07 09:15:00,NSE:LT,2733.0,2855.95,2730.0,2846.3999,4100519.0
2023-09-08 09:15:00,NSE:LT,2888.0,2928.7,2872.45,2901.6001,3638510.0
2023-09-11 09:15:00,NSE:LT,2905.0,2926.0,2890.05,2894.2,1545803.0
2023-09-12 09:15:00,NSE:LT,2951.6001,3009.0,2932.45,2944.1001,7788759.0
2023-09-13 09:15:00,NSE:LT,2943.5,2943.7,2888.45,2906.75,2458417.0
2023-09-14 09:15:00,NSE:LT,2924.8999,2931.6499,2906.0,2918.6001,1910041.0
2023-09-15 09:15:00,NSE:LT,2933.0,2934.95,2900.0,2908.55,1655275.0
2023-09-18 09:15:00,NSE:LT,2910.0,2930.0,2907.0,2919.8501,736631.0
2023-09-20 09:15:00,NSE:LT,2926.95,2944.95,2886.05,2890.0,1399240.0
2023-09-21 09:15:00,NSE:LT,2885.05,2905.1001,2846.05,2899.3501,2444711.0
2023-09-22 09:15:00,NSE:LT,2908.7,2936.45,2902.25,2918.5,1965569.0
2023-09-25 09:15:00,NSE:LT,2917.95,2923.8,2871.0,2902.5,1049532.0
2023-09-26 09:15:00,NSE:LT,2915.0,2944.0,2910.0,2912.55,953456.0
2023-09-27 09:15:00,NSE:LT,2922.0,2994.8999,2911.6499,2965.05,2903693.0
2023-09-28 09:15:00,NSE:LT,2989.0,3050.5,2978.25,3010.0,4081102.0
2023-09-29 09:15:00,NSE:LT,3040.0,3058.3501,3005.25,3023.55,2698016.0
2023-10-03 09:15:00,NSE:LT,3040.5,3077.45,2995.1001,3073.25,3254492.0
2023-10-04 09:15:00,NSE:LT,3064.1001,3064.1001,2990.05,3027.75,3100946.0
2023-10-05 09:15:00,NSE:LT,3032.55,3114.8999,3032.55,3096.05,3413447.0
2023-10-06 09:15:00,NSE:LT,3114.95,3114.95,3073.1499,3093.7,1898118.0
2023-10-09 09:15:00,NSE:LT,3075.0,3085.0,3055.55,3074.7,1181760.0
2023-10-10 09:15:00,NSE:LT,3073.8501,3099.0,3072.1499,3076.0,1551789.0
2023-10-11 09:15:00,NSE:LT,3090.0,3110.0,3084.3999,3088.7,2066921.0
2023-10-12 09:15:00,NSE:LT,3094.0,3105.05,3067.05,3081.75,1870280.0
2023-10-13 09:15:00,NSE:LT,3067.75,3099.0,3063.5,3089.6001,1437808.0
2023-10-16 09:15:00,NSE:LT,3098.95,3113.25,3074.7,3101.8999,818794.0
2023-10-17 09:15:00,NSE:LT,3109.8999,3114.2,3063.0,3066.3,1847182.0
2023-10-18 09:15:00,NSE:LT,3068.6499,3079.1499,3037.1499,3045.6001,1350839.0
2023-10-19 09:15:00,NSE:LT,3025.6001,3069.8999,3007.1499,3054.3999,1599104.0
2023-10-20 09:15:00,NSE:LT,3039.95,3056.25,2977.3,3012.3501,1667471.0
2023-10-23 09:15:00,NSE:LT,3003.0,3006.8999,2949.0,2958.3,1614030.0
2023-10-25 09:15:00,NSE:LT,2959.0,2965.5,2910.3,2916.1001,2108353.0
2023-10-26 09:15:00,NSE:LT,2906.0,2916.1499,2857.05,2864.6001,3286109.0
2023-10-27 09:15:00,NSE:LT,2864.6499,2910.55,2857.6499,2901.8999,2399538.0
2023-10-30 09:15:00,NSE:LT,2899.2,2932.0,2856.1499,2926.3501,1693052.0
2023-10-31 09:15:00,NSE:LT,2929.95,2951.55,2907.95,2929.05,1556467.0
2023-11-01 09:15:00,NSE:LT,2947.45,2983.1499,2871.05,2895.3,3875595.0
2023-11-02 09:15:00,NSE:LT,2935.0,2937.8501,2903.2,2918.1001,1451606.0
2023-11-03 09:15:00,NSE:LT,2934.0,2948.05,2905.0,2911.25,1136175.0
2023-11-06 09:15:00,NSE:LT,2933.0,2979.0,2927.25,2975.45,1235499.0
2023-11-07 09:15:00,NSE:LT,2970.0,2983.6001,2956.1001,2961.3,1112206.0
2023-11-08 09:15:00,NSE:LT,2974.7,3002.75,2961.0,2996.45,1013438.0
2023-11-09 09:15:00,NSE:LT,3003.0,3028.7,2997.0,3024.8501,1719911.0
2023-11-10 09:15:00,NSE:LT,3021.05,3044.0,3005.25,3033.25,947753.0
2023-11-12 18:15:00,NSE:LT,3054.95,3060.0,3044.0,3052.0,256276.0
2023-11-13 09:15:00,NSE:LT,3050.0,3054.3501,3031.6499,3048.5,531769.0
2023-11-15 09:15:00,NSE:LT,3062.3501,3071.05,3055.0,3064.95,1160184.0
2023-11-16 09:15:00,NSE:LT,3057.95,3082.1001,3045.0,3051.1499,1597607.0
2023-11-17 09:15:00,NSE:LT,3050.0,3115.45,3045.1499,3109.0,1325050.0
2023-11-20 09:15:00,NSE:LT,3095.1001,3111.95,3076.2,3088.8,1231164.0
2023-11-21 09:15:00,NSE:LT,3088.5,3099.0,3062.45,3074.8501,1884782.0
2023-11-22 09:15:00,NSE:LT,3074.8501,3088.6499,3062.5,3082.3,1104208.0
2023-11-23 09:15:00,NSE:LT,3080.0,3088.0,3031.05,3045.6499,1514688.0
2023-11-24 09:15:00,NSE:LT,3050.0,3067.0,3039.6001,3054.25,915121.0
2023-11-28 09:15:00,NSE:LT,3054.0,3059.1499,3035.0,3050.0,1210508.0
2023-11-29 09:15:00,NSE:LT,3050.0,3089.8999,3049.0,3083.75,1801107.0
2023-11-30 09:15:00,NSE:LT,3076.3,3124.55,3058.7,3109.2,3131624.0
2023-12-01 09:15:00,NSE:LT,3129.95,3197.95,3121.05,3190.6499,2112908.0
2023-12-04 09:15:00,NSE:LT,3285.0,3347.55,3250.0,3313.55,3095974.0
2023-12-05 09:15:00,NSE:LT,3319.05,3325.0,3279.05,3315.45,1659309.0
2023-12-06 09:15:00,NSE:LT,3330.0,3401.0,3321.0,3392.3,2057233.0
2023-12-07 09:15:00,NSE:LT,3392.3,3409.8999,3337.05,3355.6001,2128823.0
2023-12-08 09:15:00,NSE:LT,3377.0,3430.0,3366.0,3378.45,2428891.0
2023-12-11 09:15:00,NSE:LT,3377.95,3405.0,3360.0,3385.8,1534238.0
2023-12-12 09:15:00,NSE:LT,3375.0,3375.0,3332.0,3342.3999,1888423.0
2023-12-13 09:15:00,NSE:LT,3352.95,3410.0,3346.2,3399.8,1509107.0
2023-12-14 09:15:00,NSE:LT,3425.95,3440.0,3400.1001,3433.1001,2425646.0
2023-12-15 09:15:00,NSE:LT,3435.1499,3498.8999,3432.8501,3488.0,2632935.0
2023-12-18 09:15:00,NSE:LT,3496.0,3506.0,3466.0,3491.6001,1767429.0
2023-12-19 09:15:00,NSE:LT,3488.95,3525.0,3476.05,3498.95,1311700.0
2023-12-20 09:15:00,NSE:LT,3505.0,3514.6001,3412.55,3418.5,1876048.0
2023-12-21 09:15:00,NSE:LT,3390.05,3439.95,3333.0,3424.1499,2292802.0
2023-12-22 09:15:00,NSE:LT,3424.0,3496.0,3408.6001,3477.95,1681707.0
2023-12-26 09:15:00,NSE:LT,3477.95,3508.3501,3477.95,3490.05,1072263.0
2023-12-27 09:15:00,NSE:LT,3510.0,3549.0,3504.1499,3544.0,1389266.0
2023-12-28 09:15:00,NSE:LT,3545.0,3559.95,3500.5,3518.05,3371121.0
2023-12-29 09:15:00,NSE:LT,3531.0,3540.0,3495.0,3526.0,968577.0
2024-01-01 09:15:00,NSE:LT,3538.0,3538.0,3496.05,3525.45,777080.0
2024-01-02 09:15:00,NSE:LT,3525.05,3525.45,3432.0,3438.1001,1511464.0
2024-01-03 09:15:00,NSE:LT,3433.0,3465.8501,3411.6001,3440.3501,1283859.0
2024-01-04 09:15:00,NSE:LT,3441.05,3480.1001,3423.0,3458.7,1651616.0
2024-01-05 09:15:00,NSE:LT,3464.95,3555.0,3460.0,3521.8999,2069018.0
2024-01-08 09:15:00,NSE:LT,3540.0,3559.95,3490.0,3501.1001,1993855.0
2024-01-09 09:15:00,NSE:LT,3527.45,3593.75,3520.1001,3555.95,1807271.0
2024-01-10 09:15:00,NSE:LT,3549.95,3558.95,3520.0,3545.5,1534821.0
2024-01-11 09:15:00,NSE:LT,3545.5,3559.55,3500.55,3504.8501,1105348.0
2024-01-12 09:15:00,NSE:LT,3505.05,3578.6499,3494.05,3568.8,1782631.0
2024-01-15 09:15:00,NSE:LT,3576.1001,3605.7,3538.05,3543.05,1783518.0
2024-01-16 09:15:00,NSE:LT,3548.0,3589.0,3538.0,3573.5,1791818.0
2024-01-17 09:15:00,NSE:LT,3555.0,3614.45,3547.7,3570.95,2699076.0
2024-01-18 09:15:00,NSE:LT,3570.8,3616.95,3525.0,3596.0,2148898.0
2024-01-19 09:15:00,NSE:LT,3603.0,3655.8501,3603.0,3646.0,1913923.0
2024-01-20 09:15:00,NSE:LT,3667.0,3670.0,3621.05,3634.5,468514.0
2024-01-23 09:15:00,NSE:LT,3637.6001,3661.3501,3536.2,3551.0,1742142.0
2024-01-24 09:15:00,NSE:LT,3570.0,3617.95,3521.7,3589.2,3711521.0
2024-01-25 09:15:00,NSE:LT,3599.8999,3618.25,3564.8,3593.45,2206540.0
2024-01-29 09:15:00,NSE:LT,3604.0,3733.8501,3600.1001,3708.0,2072982.0
2024-01-30 09:15:00,NSE:LT,3715.95,3737.8999,3624.8999,3633.3,1454989.0
2024-01-31 09:15:00,NSE:LT,3520.0,3538.0,3387.05,3479.75,9637606.0
2024-02-01 09:15:00,NSE:LT,3480.0,3493.75,3371.0,3398.0,6149780.0
2024-02-02 09:15:00,NSE:LT,3402.7,3436.3501,3361.0,3376.05,7579802.0
2024-02-05 09:15:00,NSE:LT,3375.5,3407.95,3318.45,3341.75,2954238.0
2024-02-06 09:15:00,NSE:LT,3346.0,3427.75,3337.55,3424.25,2545192.0
2024-02-07 09:15:00,NSE:LT,3445.0,3447.0,3389.0,3394.7,2099940.0
2024-02-08 09:15:00,NSE:LT,3413.0,3417.8,3293.8501,3335.5,3471727.0
2024-02-09 09:15:00,NSE:LT,3336.25,3390.0,3308.95,3324.55,3121873.0
2024-02-12 09:15:00,NSE:LT,3330.0,3339.1499,3287.0,3299.55,1922273.0
2024-02-13 09:15:00,NSE:LT,3312.0,3338.55,3284.1001,3321.5,2151493.0
2024-02-14 09:15:00,NSE:LT,3290.05,3316.95,3263.05,3309.0,2502138.0
2024-02-15 09:15:00,NSE:LT,3309.0,3321.95,3290.2,3300.3,1999189.0
2024-02-16 09:15:00,NSE:LT,3304.95,3398.0,3304.05,3386.75,2768329.0
2024-02-19 09:15:00,NSE:LT,3400.55,3408.0,3335.5,3339.8501,1216447.0
2024-02-20 09:15:00,NSE:LT,3339.8501,3367.75,3328.45,3356.75,1578162.0
2024-02-21 09:15:00,NSE:LT,3356.8999,3356.8999,3290.05,3296.3999,2430672.0
2024-02-22 09:15:00,NSE:LT,3310.0,3369.0,3276.95,3363.75,2521388.0
2024-02-23 09:15:00,NSE:LT,3363.75,3399.8999,3340.75,3387.95,2107176.0
2024-02-26 09:15:00,NSE:LT,3400.0,3491.6499,3393.0,3470.1499,4122419.0
2024-02-27 09:15:00,NSE:LT,3475.0,3512.0,3451.8999,3506.45,2122286.0
2024-02-28 09:15:00,NSE:LT,3505.0,3513.0,3446.1499,3470.2,1666903.0
2024-02-29 09:15:00,NSE:LT,3485.0,3496.0,3436.45,3477.55,2119512.0
2024-03-01 09:15:00,NSE:LT,3501.6499,3658.3501,3500.0,3633.5,4407803.0
2024-03-02 09:15:00,NSE:LT,3647.8999,3690.0,3646.2,3655.25,246957.0
2024-03-04 09:15:00,NSE:LT,3670.0,3679.8,3622.05,3644.45,1307501.0
2024-03-05 09:15:00,NSE:LT,3631.2,3644.45,3590.3,3612.6001,1981370.0
2024-03-06 09:15:00,NSE:LT,3618.0,3652.45,3586.05,3642.2,1500196.0
2024-03-07 09:15:00,NSE:LT,3660.75,3705.1499,3643.25,3676.95,2344401.0
2024-03-11 09:15:00,NSE:LT,3700.0,3700.0,3631.45,3640.6001,1748541.0
2024-03-12 09:15:00,NSE:LT,3639.05,3672.0,3613.1499,3621.6499,1470377.0
2024-03-13 09:15:00,NSE:LT,3634.8999,3636.8,3511.8999,3538.55,2503293.0
2024-03-14 09:15:00,NSE:LT,3527.05,3636.0,3522.0,3608.2,4528490.0
2024-03-15 09:15:00,NSE:LT,3598.0,3603.0,3524.05,3537.1499,4054210.0
2024-03-18 09:15:00,NSE:LT,3537.1499,3572.2,3526.7,3561.2,1354787.0
2024-03-19 09:15:00,NSE:LT,3541.0,3549.5,3481.0,3501.7,1447405.0
2024-03-20 09:15:00,NSE:LT,3502.75,3524.95,3487.75,3509.7,1442811.0
2024-03-21 09:15:00,NSE:LT,3525.1499,3596.0,3525.1499,3560.0,2504962.0
2024-03-22 09:15:00,NSE:LT,3546.2,3647.3,3546.2,3617.8,3020545.0
2024-03-26 09:15:00,NSE:LT,3605.0,3676.8999,3600.0,3670.1001,2320963.0
2024-03-27 09:15:00,NSE:LT,3683.0,3727.2,3670.1001,3706.3999,2387693.0
2024-03-28 09:15:00,NSE:LT,3706.55,3813.3501,3697.55,3763.8999,4278668.0
2024-04-01 09:15:00,NSE:LT,3780.8501,3851.8501,3780.8501,3838.0,1905190.0
2024-04-02 09:15:00,NSE:LT,3849.8,3860.0,3771.25,3807.3999,3608162.0
2024-04-03 09:15:00,NSE:LT,3799.7,3799.7,3770.1499,3782.45,1684618.0
2024-04-04 09:15:00,NSE:LT,3804.8999,3819.75,3731.05,3797.8501,2339529.0
2024-04-05 09:15:00,NSE:LT,3770.1001,3790.0,3716.25,3743.1001,1645597.0
2024-04-08 09:15:00,NSE:LT,3745.0,3819.8,3743.1001,3807.8501,1083395.0
2024-04-09 09:15:00,NSE:LT,3820.0,3827.95,3775.0,3785.25,1997057.0
2024-04-10 09:15:00,NSE:LT,3800.0,3800.0,3750.1001,3753.2,1951581.0
2024-04-12 09:15:00,NSE:LT,3749.95,3802.1001,3663.5,3679.25,3437544.0
2024-04-15 09:15:00,NSE:LT,3626.05,3679.8501,3586.2,3600.8,1719910.0
2024-04-16 09:15:00,NSE:LT,3580.05,3598.1499,3529.45,3543.45,2291042.0
2024-04-18 09:15:00,NSE:LT,3561.95,3617.6499,3539.7,3550.95,3273257.0
2024-04-19 09:15:00,NSE:LT,3525.0,3542.8999,3472.3999,3518.3501,2759031.0
2024-04-22 09:15:00,NSE:LT,3568.75,3620.0,3540.95,3612.7,2605754.0
2024-04-23 09:15:00,NSE:LT,3632.75,3632.75,3588.0,3610.1499,1434580.0
2024-04-24 09:15:00,NSE:LT,3616.55,3654.95,3601.1001,3634.8501,1501234.0
2024-04-25 09:15:00,NSE:LT,3616.1001,3666.0,3611.6001,3652.3,2420380.0
2024-04-26 09:15:00,NSE:LT,3652.0,3660.8999,3585.0,3605.2,1973113.0
2024-04-29 09:15:00,NSE:LT,3606.1001,3649.8999,3605.2,3634.3,1396979.0
2024-04-30 09:15:00,NSE:LT,3639.0,3648.95,3584.05,3594.3,1571996.0
2024-05-02 09:15:00,NSE:LT,3590.05,3634.1499,3576.05,3599.5,3748847.0
2024-05-03 09:15:00,NSE:LT,3610.0,3622.0,3488.45,3499.8,4079696.0
2024-05-06 09:15:00,NSE:LT,3522.8,3527.0,3441.1001,3463.3,2614667.0
2024-05-07 09:15:00,NSE:LT,3479.3999,3496.0,3425.0,3427.75,3376013.0
2024-05-08 09:15:00,NSE:LT,3429.0,3497.3999,3367.8,3486.8501,4116670.0
2024-05-09 09:15:00,NSE:LT,3312.75,3377.0,3266.6499,3275.45,12120574.0
2024-05-10 09:15:00,NSE:LT,3281.6001,3306.1499,3234.6001,3271.45,4132191.0
2024-05-13 09:15:00,NSE:LT,3267.05,3315.0,3225.2,3293.8501,3557067.0
2024-05-14 09:15:00,NSE:LT,3300.0,3384.8999,3293.3999,3379.45,2870328.0
2024-05-15 09:15:00,NSE:LT,3390.0,3417.3999,3353.1499,3411.3,2718682.0
2024-05-16 09:15:00,NSE:LT,3428.95,3468.5,3378.7,3460.6001,3398714.0
2024-05-17 09:15:00,NSE:LT,3475.95,3475.95,3412.1499,3450.75,2676919.0
2024-05-18 09:15:00,NSE:LT,3452.0,3468.0,3445.8,3464.2,141462.0
2024-05-21 09:15:00,NSE:LT,3458.0,3470.3,3434.0,3440.95,2100848.0
2024-05-22 09:15:00,NSE:LT,3450.05,3472.7,3435.05,3460.8501,1409992.0
2024-05-23 09:15:00,NSE:LT,3460.8999,3601.6499,3455.0,3585.3999,4525637.0
2024-05-24 09:15:00,NSE:LT,3586.0,3659.0,3582.3,3625.8999,2740360.0
2024-05-27 09:15:00,NSE:LT,3644.8999,3695.0,3600.0,3652.0,2570708.0
2024-05-28 09:15:00,NSE:LT,3652.0,3685.25,3646.05,3658.2,1440187.0
2024-05-29 09:15:00,NSE:LT,3611.0,3661.8501,3610.3501,3634.8,1506146.0
2024-05-30 09:15:00,NSE:LT,3626.05,3643.95,3607.75,3634.7,2701849.0
2024-05-31 09:15:00,NSE:LT,3636.3999,3744.8,3636.3999,3669.3,6432341.0
2024-06-03 09:15:00,NSE:LT,3855.3999,3919.8999,3801.1001,3897.1499,5767666.0
2024-06-04 09:15:00,NSE:LT,3852.0,3898.0,3320.0,3403.2,9920882.0
2024-06-05 09:15:00,NSE:LT,3441.5,3441.5,3175.05,3409.0,10372458.0
2024-06-06 09:15:00,NSE:LT,3438.0,3538.2,3385.3,3482.55,8374602.0
2024-06-07 09:15:00,NSE:LT,3465.05,3548.0,3446.0,3532.5,5879660.0
2024-06-10 09:15:00,NSE:LT,3521.05,3585.0,3521.05,3543.75,3151257.0
2024-06-11 09:15:00,NSE:LT,3570.0,3639.0,3551.2,3598.7,2548176.0
2024-06-12 09:15:00,NSE:LT,3615.0,3648.95,3578.0,3630.3,2242274.0
2024-06-13 09:15:00,NSE:LT,3665.5,3715.8999,3635.0,3703.6499,2965500.0
2024-06-14 09:15:00,NSE:LT,3718.0,3720.0,3675.0,3687.8,1746508.0
2024-06-18 09:15:00,NSE:LT,3708.0,3710.0,3675.0,3689.2,1936792.0
2024-06-19 09:15:00,NSE:LT,3690.0,3699.0,3575.0,3589.95,2936151.0
2024-06-20 09:15:00,NSE:LT,3584.95,3613.3,3564.6001,3594.45,2618715.0
2024-06-21 09:15:00,NSE:LT,3604.05,3610.0,3516.0,3535.0,4508508.0
2024-06-24 09:15:00,NSE:LT,3520.3501,3567.0,3505.0,3531.6001,2330559.0
2024-06-25 09:15:00,NSE:LT,3556.5,3591.95,3528.0,3587.8,2158039.0
2024-06-26 09:15:00,NSE:LT,3601.0,3624.8999,3592.25,3602.95,2480187.0
2024-06-27 09:15:00,NSE:LT,3597.45,3601.3,3550.0,3564.3999,5519875.0
2024-06-28 09:15:00,NSE:LT,3540.0,3575.95,3538.1001,3548.45,3141514.0
2024-07-01 09:15:00,NSE:LT,3535.2,3541.3999,3514.0,3526.55,2961120.0
2024-07-02 09:15:00,NSE:LT,3535.05,3634.0,3535.05,3626.5,5087748.0
2024-07-03 09:15:00,NSE:LT,3650.3501,3650.5,3605.0,3614.3501,1923801.0
2024-07-04 09:15:00,NSE:LT,3616.1001,3644.0,3565.8,3573.3,1851947.0
2024-07-05 09:15:00,NSE:LT,3573.3,3638.0,3568.0,3627.1499,1635209.0
2024-07-08 09:15:00,NSE:LT,3640.1001,3645.7,3594.0,3632.0,1706210.0
2024-07-09 09:15:00,NSE:LT,3650.0,3685.0,3646.1001,3666.1001,2425176.0
2024-07-10 09:15:00,NSE:LT,3685.05,3694.0,3601.0,3650.05,2231438.0
2024-07-11 09:15:00,NSE:LT,3660.0,3684.6001,3603.0,3621.1001,2942924.0
2024-07-12 09:15:00,NSE:LT,3630.0,3667.7,3612.7,3649.3501,2001185.0
2024-07-15 09:15:00,NSE:LT,3670.0,3674.0,3637.0,3651.6001,943302.0
2024-07-16 09:15:00,NSE:LT,3646.1001,3651.6001,3621.0,3636.55,2220953.0
2024-07-18 09:15:00,NSE:LT,3640.0,3679.25,3598.6499,3656.2,3240772.0
2024-07-19 09:15:00,NSE:LT,3651.0,3658.95,3610.0,3618.5,2432533.0
2024-07-22 09:15:00,NSE:LT,3617.8999,3661.8501,3567.6001,3651.45,3639057.0
2024-07-23 09:15:00,NSE:LT,3669.6001,3714.0,3460.0,3538.05,6957691.0
2024-07-24 09:15:00,NSE:LT,3549.0,3557.95,3501.0,3519.45,3184060.0
2024-07-25 09:15:00,NSE:LT,3539.0,3630.8999,3532.05,3619.1499,4691483.0
2024-07-26 09:15:00,NSE:LT,3629.0,3701.0,3596.1001,3679.8999,2617659.0
2024-07-29 09:15:00,NSE:LT,3701.0,3790.0,3686.6001,3774.95,4159919.0
2024-07-30 09:15:00,NSE:LT,3774.8501,3795.0,3738.6001,3784.6499,1979989.0
2024-07-31 09:15:00,NSE:LT,3777.05,3822.0,3763.1001,3815.0,2703636.0
2024-08-01 09:15:00,NSE:LT,3810.0,3838.95,3765.8501,3779.3,1998663.0
2024-08-02 09:15:00,NSE:LT,3730.3501,3748.8999,3657.1001,3665.7,2512525.0
2024-08-05 09:15:00,NSE:LT,3597.0,3607.8999,3511.5,3528.0,2900685.0
2024-08-06 09:15:00,NSE:LT,3548.0,3634.8999,3546.0,3576.2,2125532.0
2024-08-07 09:15:00,NSE:LT,3630.0,3655.75,3610.3501,3638.25,1613097.0
2024-08-08 09:15:00,NSE:LT,3621.0,3628.75,3547.45,3553.55,2038088.0
2024-08-09 09:15:00,NSE:LT,3600.0,3605.55,3575.7,3592.05,848232.0
2024-08-12 09:15:00,NSE:LT,3579.0,3611.0,3563.0,3571.95,1965035.0
2024-08-13 09:15:00,NSE:LT,3580.0,3607.0,3545.2,3551.8,1316218.0
2024-08-14 09:15:00,NSE:LT,3558.95,3578.7,3536.5,3545.2,1584372.0
2024-08-16 09:15:00,NSE:LT,3578.0,3580.8999,3533.0,3568.3501,2808865.0
2024-08-19 09:15:00,NSE:LT,3599.8501,3599.8999,3547.0,3555.05,1898535.0
2024-08-20 09:15:00,NSE:LT,3562.0,3580.0,3548.0,3572.7,1285569.0
2024-08-21 09:15:00,NSE:LT,3590.0,3615.3,3581.8999,3596.05,1714248.0
2024-08-22 09:15:00,NSE:LT,3607.05,3612.1499,3583.95,3606.5,1734927.0
2024-08-23 09:15:00,NSE:LT,3606.5,3622.0,3587.05,3598.55,1825180.0
2024-08-26 09:15:00,NSE:LT,3611.0,3648.0,3594.7,3641.8999,1606911.0
2024-08-27 09:15:00,NSE:LT,3642.6499,3737.0,3636.0,3702.7,3315435.0
2024-08-28 09:15:00,NSE:LT,3705.0,3724.3999,3685.0,3689.05,1278175.0
2024-08-29 09:15:00,NSE:LT,3690.5,3710.0,3651.55,3683.45,2165489.0
2024-08-30 09:15:00,NSE:LT,3718.3501,3745.0,3666.3999,3704.6499,2592912.0
2024-09-02 09:15:00,NSE:LT,3706.0,3721.95,3666.3501,3683.1001,1277813.0
2024-09-03 09:15:00,NSE:LT,3693.95,3713.95,3666.8999,3690.1499,1211993.0
2024-09-04 09:15:00,NSE:LT,3650.0,3681.0,3631.1,3650.8,1930121.0
2024-09-05 09:15:00,NSE:LT,3668.0,3668.0,3608.3999,3624.1499,2958770.0
2024-09-06 09:15:00,NSE:LT,3615.1001,3623.8,3536.2,3574.75,3096557.0
2024-09-09 09:15:00,NSE:LT,3584.0,3594.0,3553.85,3578.3,1454589.0
2024-09-10 09:15:00,NSE:LT,3585.0,3625.0,3571.0,3596.15,1203483.0
2024-09-11 09:15:00,NSE:LT,3595.0,3603.95,3516.4,3536.95,1865165.0
2024-09-12 09:15:00,NSE:LT,3558.0,3638.05,3534.0,3622.0,3751523.0
2024-09-13 09:15:00,NSE:LT,3622.0,3634.75,3600.05,3613.0,1752455.0
2024-09-16 09:15:00,NSE:LT,3619.15,3670.0,3613.0,3662.25,1045964.0
2024-09-17 09:15:00,NSE:LT,3668.0,3705.0,3659.7,3695.2,1289060.0
2024-09-18 09:15:00,NSE:LT,3689.0,3757.95,3684.2,3730.45,2249929.0
2024-09-19 09:15:00,NSE:LT,3750.0,3750.4,3674.0,3683.7,1711564.0
2024-09-20 09:15:00,NSE:LT,3700.0,3809.9,3680.25,3793.9,5401701.0
2024-09-23 09:15:00,NSE:LT,3800.0,3838.8,3749.0,3787.7,1937874.0
2024-09-24 09:15:00,NSE:LT,3787.7,3831.8,3775.0,3791.6,2676546.0
2024-09-25 09:15:00,NSE:LT,3787.55,3813.2,3778.0,3793.85,2113862.0
2024-09-26 09:15:00,NSE:LT,3801.0,3802.95,3736.4,3762.15,2750597.0
2024-09-27 09:15:00,NSE:LT,3738.0,3738.0,3651.0,3705.65,4095425.0
2024-09-30 09:15:00,NSE:LT,3699.0,3715.65,3665.0,3675.55,1837697.0
2024-10-01 09:15:00,NSE:LT,3667.0,3724.0,3639.35,3653.5,1674100.0
2024-10-03 09:15:00,NSE:LT,3582.5,3617.0,3485.4,3497.65,5315877.0
2024-10-04 09:15:00,NSE:LT,3515.0,3553.55,3468.5,3493.95,3445879.0
2024-10-07 09:15:00,NSE:LT,3505.0,3512.95,3429.0,3468.35,2304227.0
2024-10-08 09:15:00,NSE:LT,3492.95,3538.5,3469.0,3532.4,2249452.0
2024-10-09 09:15:00,NSE:LT,3542.05,3557.7,3481.0,3487.1,1645791.0
2024-10-10 09:15:00,NSE:LT,3515.0,3554.9,3455.5,3460.35,2686116.0
2024-10-11 09:15:00,NSE:LT,3469.4,3497.1,3447.0,3482.55,1280465.0
2024-10-14 09:15:00,NSE:LT,3510.0,3573.85,3501.3,3555.05,1974378.0
2024-10-15 09:15:00,NSE:LT,3570.0,3570.0,3520.15,3551.9,1231552.0
2024-10-16 09:15:00,NSE:LT,3550.0,3581.9,3513.55,3532.6,1961835.0
2024-10-17 09:15:00,NSE:LT,3549.9,3583.0,3521.8,3570.3,2968537.0
2024-10-18 09:15:00,NSE:LT,3569.95,3592.45,3540.25,3577.8,2102609.0
2024-10-21 09:15:00,NSE:LT,3580.0,3621.95,3571.3,3585.6,1750549.0
2024-10-22 09:15:00,NSE:LT,3585.0,3591.65,3500.0,3511.9,1363574.0
2024-10-23 09:15:00,NSE:LT,3501.05,3513.95,3443.0,3455.4,2125268.0
2024-10-24 09:15:00,NSE:LT,3444.0,3474.6,3416.75,3442.65,1924421.0
2024-10-25 09:15:00,NSE:LT,3425.0,3435.0,3315.05,3326.4,3236774.0
2024-10-28 09:15:00,NSE:LT,3316.0,3373.0,3262.55,3340.8,2991674.0
2024-10-29 09:15:00,NSE:LT,3316.0,3384.4,3316.0,3380.9,2253467.0
2024-10-30 09:15:00,NSE:LT,3379.95,3438.4,3353.0,3408.35,1785128.0
2024-10-31 09:15:00,NSE:LT,3530.0,3654.95,3508.35,3622.3,7637083.0
2024-11-01 18:00:00,NSE:LT,3624.95,3641.9,3620.0,3626.35,212796.0
2024-11-04 09:15:00,NSE:LT,3624.95,3624.95,3530.9,3574.45,1724189.0
2024-11-05 09:15:00,NSE:LT,3556.0,3585.0,3541.9,3574.8,1251506.0
2024-11-06 09:15:00,NSE:LT,3594.0,3659.9,3557.4,3645.45,1819732.0
2024-11-07 09:15:00,NSE:LT,3647.35,3663.0,3620.0,3646.55,1581009.0
2024-11-08 09:15:00,NSE:LT,3640.4,3667.0,3620.65,3660.3,1622142.0
2024-11-11 09:15:00,NSE:LT,3646.0,3661.0,3606.0,3628.85,926127.0
2024-11-12 09:15:00,NSE:LT,3650.0,3651.0,3580.0,3591.35,1116206.0
2024-11-13 09:15:00,NSE:LT,3585.0,3604.85,3535.65,3547.95,1568694.0
2024-11-14 09:15:00,NSE:LT,3558.0,3565.75,3500.15,3526.25,1291765.0
2024-11-18 09:15:00,NSE:LT,3521.1,3568.3,3510.85,3542.15,1233217.0
2024-11-19 09:15:00,NSE:LT,3559.9,3607.0,3495.0,3505.9,1826460.0
2024-11-21 09:15:00,NSE:LT,3530.0,3530.55,3452.45,3483.5,1510581.0
2024-11-22 09:15:00,NSE:LT,3500.0,3613.5,3473.1,3603.5,2534018.0
2024-11-25 09:15:00,NSE:LT,3660.0,3761.0,3654.0,3753.0,4753829.0
2024-11-26 09:15:00,NSE:LT,3754.9,3754.9,3690.0,3702.6,1141534.0
2024-11-27 09:15:00,NSE:LT,3704.0,3720.0,3685.0,3698.7,971816.0
2024-11-28 09:15:00,NSE:LT,3700.0,3720.5,3648.0,3666.05,2124283.0
2024-11-29 09:15:00,NSE:LT,3635.1,3750.0,3635.1,3724.8,2094305.0
2024-12-02 09:15:00,NSE:LT,3706.85,3717.85,3672.9,3704.05,1158369.0
2024-12-03 09:15:00,NSE:LT,3721.0,3798.85,3701.5,3787.05,3252670.0
2024-12-04 09:15:00,NSE:LT,3775.0,3835.0,3758.05,3789.9,2510166.0
2024-12-05 09:15:00,NSE:LT,3810.0,3884.0,3760.0,3831.55,2765170.0
2024-12-06 09:15:00,NSE:LT,3832.0,3883.95,3800.0,3866.7,1856562.0
2024-12-09 09:15:00,NSE:LT,3867.5,3959.0,3867.5,3947.3,3332753.0
2024-12-10 09:15:00,NSE:LT,3955.0,3963.5,3901.3,3923.15,2349493.0
2024-12-11 09:15:00,NSE:LT,3923.15,3947.65,3902.0,3916.75,1237958.0
2024-12-12 09:15:00,NSE:LT,3930.0,3959.0,3846.95,3859.9,1899867.0
2024-12-13 09:15:00,NSE:LT,3859.0,3898.0,3794.2,3887.0,2300361.0
2024-12-16 09:15:00,NSE:LT,3882.0,3914.4,3857.25,3877.85,918660.0
2024-12-17 09:15:00,NSE:LT,3863.05,3875.4,3797.0,3807.2,1690180.0
2024-12-18 09:15:00,NSE:LT,3807.2,3819.0,3745.0,3758.15,1318341.0
2024-12-19 09:15:00,NSE:LT,3702.15,3762.2,3700.0,3716.35,1856838.0
2024-12-20 09:15:00,NSE:LT,3716.35,3725.0,3607.1,3629.85,2796593.0
2024-12-23 09:15:00,NSE:LT,3670.0,3700.0,3617.05,3640.5,1217612.0
2024-12-24 09:15:00,NSE:LT,3647.95,3679.0,3632.4,3639.75,627922.0
2024-12-26 09:15:00,NSE:LT,3658.0,3665.15,3610.35,3629.5,1124705.0
2024-12-27 09:15:00,NSE:LT,3632.4,3643.65,3603.5,3608.1,1309122.0
2024-12-30 09:15:00,NSE:LT,3607.9,3623.0,3566.0,3578.95,1591690.0
2024-12-31 09:15:00,NSE:LT,3562.55,3620.6,3550.0,3607.65,1267628.0
2025-01-01 09:15:00,NSE:LT,3600.0,3689.0,3599.95,3667.5,1202029.0
2025-01-02 09:15:00,NSE:LT,3676.6,3724.1,3650.05,3713.5,1882900.0
2025-01-03 09:15:00,NSE:LT,3708.0,3719.9,3651.45,3659.9,1290107.0
2025-01-06 09:15:00,NSE:LT,3684.75,3692.25,3585.5,3603.2,1212012.0
2025-01-07 09:15:00,NSE:LT,3607.1,3649.85,3595.7,3643.3,1453540.0
2025-01-08 09:15:00,NSE:LT,3662.0,3663.85,3590.0,3596.35,1813201.0
2025-01-09 09:15:00,NSE:LT,3599.9,3606.3,3486.0,3527.9,2921681.0
2025-01-10 09:15:00,NSE:LT,3499.95,3552.2,3492.3,3536.15,1794238.0
2025-01-13 09:15:00,NSE:LT,3505.55,3534.5,3448.6,3464.3,2137212.0
2025-01-14 09:15:00,NSE:LT,3465.85,3491.95,3448.6,3462.6,2924491.0
2025-01-15 09:15:00,NSE:LT,3471.3,3526.15,3471.3,3501.4,1155446.0
2025-01-16 09:15:00,NSE:LT,3535.0,3543.45,3483.75,3507.9,2305460.0
2025-01-17 09:15:00,NSE:LT,3524.0,3579.85,3511.95,3568.65,1600246.0
2025-01-20 09:15:00,NSE:LT,3574.9,3617.15,3556.5,3593.0,1593334.0
2025-01-21 09:15:00,NSE:LT,3612.75,3643.3,3528.1,3541.1,2576596.0
2025-01-22 09:15:00,NSE:LT,3563.0,3582.35,3490.1,3518.2,1626055.0
2025-01-23 09:15:00,NSE:LT,3492.0,3527.8,3460.6,3503.25,1993204.0
2025-01-24 09:15:00,NSE:LT,3514.5,3521.1,3446.05,3458.2,1206454.0
2025-01-27 09:15:00,NSE:LT,3447.2,3493.9,3401.15,3457.65,1552938.0
2025-01-28 09:15:00,NSE:LT,3464.95,3482.15,3404.05,3413.9,1657689.0
2025-01-29 09:15:00,NSE:LT,3431.0,3455.0,3412.0,3449.7,1238704.0
2025-01-30 09:15:00,NSE:LT,3455.0,3517.8,3395.0,3420.95,2717740.0
2025-01-31 09:15:00,NSE:LT,3501.05,3590.0,3481.05,3567.4,3995513.0
2025-02-01 09:15:00,NSE:LT,3578.0,3629.2,3402.0,3447.5,4752505.0
2025-02-03 09:15:00,NSE:LT,3420.0,3420.0,3270.0,3289.2,6077580.0
2025-02-04 09:15:00,NSE:LT,3316.0,3449.0,3307.25,3439.15,4742516.0
2025-02-05 09:15:00,NSE:LT,3444.65,3450.95,3379.45,3383.2,2670316.0
2025-02-06 09:15:00,NSE:LT,3404.0,3404.0,3342.7,3352.75,2874856.0
2025-02-07 09:15:00,NSE:LT,3367.0,3369.95,3311.1,3336.9,1722789.0
2025-02-10 09:15:00,NSE:LT,3347.8,3349.0,3294.05,3328.65,1236663.0
2025-02-11 09:15:00,NSE:LT,3360.95,3361.0,3231.0,3239.65,2593537.0
2025-02-12 09:15:00,NSE:LT,3259.0,3300.0,3222.25,3289.65,1632415.0
2025-02-13 09:15:00,NSE:LT,3289.65,3314.9,3252.95,3263.65,2127644.0
2025-02-14 09:15:00,NSE:LT,3275.05,3285.8,3221.55,3237.65,1378340.0
2025-02-17 09:15:00,NSE:LT,3213.55,3239.4,3194.55,3221.85,1966689.0
2025-02-18 09:15:00,NSE:LT,3227.0,3241.0,3183.0,3220.15,2428215.0
2025-02-19 09:15:00,NSE:LT,3220.15,3302.85,3211.6,3275.9,1677978.0
2025-02-20 09:15:00,NSE:LT,3260.05,3285.45,3247.75,3275.8,1236693.0
2025-02-21 09:15:00,NSE:LT,3275.8,3324.9,3270.9,3315.1,1706850.0
2025-02-24 09:15:00,NSE:LT,3289.7,3325.5,3250.0,3257.7,1512844.0
2025-02-25 09:15:00,NSE:LT,3233.0,3248.95,3206.4,3225.9,2529084.0
2025-02-27 09:15:00,NSE:LT,3238.0,3258.5,3184.0,3209.5,2572065.0
2025-02-28 09:15:00,NSE:LT,3199.8,3199.8,3141.0,3163.85,2494680.0
2025-03-03 09:15:00,NSE:LT,3165.95,3227.0,3160.0,3197.3,1352460.0
2025-03-04 09:15:00,NSE:LT,3171.05,3221.0,3167.8,3213.0,1442098.0
2025-03-05 09:15:00,NSE:LT,3213.0,3245.0,3187.85,3239.65,1945855.0
2025-03-06 09:15:00,NSE:LT,3250.1,3266.45,3215.0,3259.9,1854837.0
2025-03-07 09:15:00,NSE:LT,3259.9,3289.0,3240.1,3244.7,930240.0
2025-03-10 09:15:00,NSE:LT,3246.0,3246.3,3169.05,3177.7,1777752.0
2025-03-11 09:15:00,NSE:LT,3170.3,3204.4,3161.1,3195.45,1274649.0
2025-03-12 09:15:00,NSE:LT,3205.0,3221.95,3153.05,3193.65,1360149.0
2025-03-13 09:15:00,NSE:LT,3202.25,3233.15,3178.05,3187.3,1414376.0
2025-03-17 09:15:00,NSE:LT,3190.0,3240.05,3159.0,3173.45,2805790.0
2025-03-18 09:15:00,NSE:LT,3194.0,3278.65,3189.3,3270.7,2029984.0
2025-03-19 09:15:00,NSE:LT,3275.0,3326.6,3268.5,3319.55,1616312.0
2025-03-20 09:15:00,NSE:LT,3335.25,3358.9,3276.9,3351.05,2434722.0
2025-03-21 09:15:00,NSE:LT,3357.0,3455.0,3332.75,3415.95,3042073.0
2025-03-24 09:15:00,NSE:LT,3449.0,3517.0,3446.0,3481.85,1955564.0
2025-03-25 09:15:00,NSE:LT,3505.0,3525.0,3435.35,3469.6,4235900.0
2025-03-26 09:15:00,NSE:LT,3473.0,3496.8,3418.5,3444.8,2315715.0
2025-03-27 09:15:00,NSE:LT,3460.0,3528.0,3451.0,3501.6,3467864.0
2025-03-28 09:15:00,NSE:LT,3509.9,3514.0,3472.55,3492.3,1348143.0
2025-04-01 09:15:00,NSE:LT,3480.0,3501.6,3430.0,3436.8,1935147.0
2025-04-02 09:15:00,NSE:LT,3433.0,3457.75,3408.0,3419.9,1338839.0
2025-04-03 09:15:00,NSE:LT,3400.0,3463.0,3393.0,3420.15,1200631.0
2025-04-04 09:15:00,NSE:LT,3400.0,3403.8,3237.3,3260.15,2366979.0
2025-04-07 09:15:00,NSE:LT,3049.05,3090.6,2965.3,3068.5,4953864.0
2025-04-08 09:15:00,NSE:LT,3124.95,3193.9,3092.7,3161.1,2877816.0
2025-04-09 09:15:00,NSE:LT,3158.8,3158.8,3048.0,3054.15,4451381.0
2025-04-11 09:15:00,NSE:LT,3114.0,3157.0,3100.15,3115.95,3979116.0
2025-04-15 09:15:00,NSE:LT,3180.0,3272.0,3176.1,3257.6,2161492.0
2025-04-16 09:15:00,NSE:LT,3270.0,3276.8,3224.1,3227.7,1578260.0
2025-04-17 09:15:00,NSE:LT,3214.1,3249.9,3162.4,3247.3,3209331.0
2025-04-21 09:15:00,NSE:LT,3249.5,3290.0,3225.1,3280.5,1643003.0
2025-04-22 09:15:00,NSE:LT,3280.0,3285.0,3248.0,3257.8,2060322.0
2025-04-23 09:15:00,NSE:LT,3275.4,3315.0,3266.7,3301.0,2381699.0
2025-04-24 09:15:00,NSE:LT,3307.0,3307.0,3280.0,3300.6,1993448.0
2025-04-25 09:15:00,NSE:LT,3310.0,3335.7,3230.1,3272.1,2004819.0
2025-04-28 09:15:00,NSE:LT,3260.0,3350.8,3254.8,3327.3,1689485.0
2025-04-29 09:15:00,NSE:LT,3335.0,3376.4,3315.0,3322.3,1843861.0
2025-04-30 09:15:00,NSE:LT,3324.0,3355.0,3303.3,3341.0,1930714.0
2025-05-02 09:15:00,NSE:LT,3325.0,3374.9,3321.5,3329.8,1665574.0
2025-05-05 09:15:00,NSE:LT,3350.0,3350.0,3300.7,3330.2,1947332.0
2025-05-06 09:15:00,NSE:LT,3346.0,3353.0,3302.8,3334.0,1695516.0
2025-05-07 09:15:00,NSE:LT,3332.0,3339.8,3284.1,3321.4,2422707.0
2025-05-08 09:15:00,NSE:LT,3310.1,3366.0,3299.8,3323.9,3204333.0
2025-05-09 09:15:00,NSE:LT,3331.0,3477.0,3331.0,3443.9,5637694.0
2025-05-12 09:15:00,NSE:LT,3513.0,3602.8,3490.0,3587.2,3147384.0
2025-05-13 09:15:00,NSE:LT,3587.2,3606.0,3545.0,3567.0,2374439.0
2025-05-14 09:15:00,NSE:LT,3587.0,3617.0,3567.0,3573.1,2440116.0
2025-05-15 09:15:00,NSE:LT,3594.0,3648.7,3543.0,3618.2,3720879.0
2025-05-16 09:15:00,NSE:LT,3642.0,3642.0,3600.0,3604.7,1278520.0
2025-05-19 09:15:00,NSE:LT,3604.7,3619.9,3587.0,3600.2,1519244.0
2025-05-20 09:15:00,NSE:LT,3630.0,3634.0,3556.0,3567.8,1532347.0
2025-05-21 09:15:00,NSE:LT,3565.7,3610.5,3555.0,3589.0,1563885.0
2025-05-22 09:15:00,NSE:LT,3585.0,3592.0,3536.9,3551.4,1597159.0
2025-05-23 09:15:00,NSE:LT,3570.0,3631.6,3551.2,3599.9,1119217.0
2025-05-26 09:15:00,NSE:LT,3615.8,3672.5,3608.4,3648.7,1678934.0
2025-05-27 09:15:00,NSE:LT,3648.7,3665.0,3603.0,3640.0,2013954.0
2025-05-28 09:15:00,NSE:LT,3660.0,3663.0,3620.0,3646.3,1293244.0
2025-05-29 09:15:00,NSE:LT,3663.9,3668.9,3618.0,3655.3,1972248.0
2025-05-30 09:15:00,NSE:LT,3655.3,3695.3,3654.5,3675.1,2571304.0
2025-06-02 09:15:00,NSE:LT,3675.1,3697.3,3605.6,3679.6,1954517.0
2025-06-03 09:15:00,NSE:LT,3655.0,3669.2,3615.3,3644.8,2472483.0
2025-06-04 09:15:00,NSE:LT,3645.0,3661.7,3615.3,3626.5,1086783.0
2025-06-05 09:15:00,NSE:LT,3629.9,3677.4,3612.0,3642.6,1466416.0
2025-06-06 09:15:00,NSE:LT,3645.0,3667.0,3623.0,3656.3,1172711.0
2025-06-09 09:15:00,NSE:LT,3664.0,3708.9,3662.2,3678.9,898170.0
2025-06-10 09:15:00,NSE:LT,3704.0,3704.0,3667.2,3679.8,1454535.0
2025-06-11 09:15:00,NSE:LT,3689.9,3692.0,3656.1,3684.8,1265737.0
2025-06-12 09:15:00,NSE:LT,3684.8,3708.0,3585.0,3603.9,2335718.0
2025-06-13 09:15:00,NSE:LT,3501.2,3596.0,3485.9,3587.4,1981445.0
2025-06-16 09:15:00,NSE:LT,3575.5,3653.7,3561.8,3628.7,1322630.0
2025-06-17 09:15:00,NSE:LT,3622.0,3627.6,3602.0,3622.3,930603.0
2025-06-18 09:15:00,NSE:LT,3622.0,3639.1,3587.2,3601.5,743311.0
2025-06-19 09:15:00,NSE:LT,3607.0,3643.0,3591.1,3621.1,1580819.0
2025-06-20 09:15:00,NSE:LT,3614.0,3669.9,3614.0,3662.0,2575277.0
2025-06-23 09:15:00,NSE:LT,3645.0,3660.0,3574.6,3583.7,1867977.0
2025-06-24 09:15:00,NSE:LT,3637.1,3684.0,3597.0,3604.8,2751637.0
2025-06-25 09:15:00,NSE:LT,3640.0,3642.0,3608.9,3619.8,1405262.0
2025-06-26 09:15:00,NSE:LT,3620.1,3669.0,3620.1,3659.6,2578926.0
2025-06-27 09:15:00,NSE:LT,3665.0,3731.4,3665.0,3679.2,2720600.0
2025-06-30 09:15:00,NSE:LT,3682.0,3717.5,3682.0,3696.8,414361.0
