datetime,symbol,open,high,low,close,volume
1994-11-03 09:15:00,NSE:RELIANCE,15.96214999,17.02629499,15.96214999,16.85603499,688893.51050519
1994-11-07 09:15:00,NSE:RELIANCE,16.85603499,16.95180499,16.72833499,16.83474999,948137.14107251
1994-11-08 09:15:00,NSE:RELIANCE,16.94116499,16.97308999,16.72833499,16.85603499,792267.91770798
1994-11-09 09:15:00,NSE:RELIANCE,16.98372999,16.98372999,16.41973499,16.47293999,928754.43972449
1994-11-10 09:15:00,NSE:RELIANCE,16.47293999,16.60063999,16.17497999,16.19626499,1086238.88820968
1994-11-11 09:15:00,NSE:RELIANCE,15.79188999,16.11112999,15.72803999,15.86637999,1049896.32317464
1994-11-14 09:15:00,NSE:RELIANCE,15.87701999,15.87701999,15.23853499,15.38751499,491836.04678361
1994-11-15 09:15:00,NSE:RELIANCE,15.32366499,15.49392999,15.18532999,15.37687499,1080585.60030734
1994-11-16 09:15:00,NSE:RELIANCE,15.50456999,16.04728499,15.45136499,15.90894499,1175883.88194679
1994-11-17 09:15:00,NSE:RELIANCE,16.04728499,16.60063999,15.90894499,16.49422499,1435127.51251412
1994-11-21 09:15:00,NSE:RELIANCE,16.38780999,16.47293999,16.06856499,16.10048999,490220.82166294
1994-11-22 09:15:00,NSE:RELIANCE,16.21754499,16.22818999,15.74932499,15.79188999,447417.35618522
1994-11-23 09:15:00,NSE:RELIANCE,15.96214999,15.96214999,15.62162499,15.63226999,408651.95348917
1994-11-24 09:15:00,NSE:RELIANCE,15.74932499,16.13241499,15.70675999,16.08984999,880297.68634443
1994-11-25 09:15:00,NSE:RELIANCE,16.21754499,16.34524499,16.08984999,16.15369999,596018.06654674
1994-11-28 09:15:00,NSE:RELIANCE,16.06856499,16.38780999,15.91958499,16.30267999,96913.50676012
1994-11-29 09:15:00,NSE:RELIANCE,16.38780999,16.47293999,16.17497999,16.19626499,1250184.23713755
1994-11-30 09:15:00,NSE:RELIANCE,16.26011499,16.26011499,16.13241499,16.18561999,354541.91220677
1994-12-01 09:15:00,NSE:RELIANCE,16.11112999,16.24946999,16.08984999,16.13241499,691316.34818619
1994-12-02 09:15:00,NSE:RELIANCE,16.03663999,16.04728499,15.85573999,15.93022999,172829.08705155
1994-12-05 09:15:00,NSE:RELIANCE,15.89830499,16.28139499,15.72803999,16.18561999,901295.61281312
1994-12-06 09:15:00,NSE:RELIANCE,16.08984999,16.17497999,15.79188999,15.85573999,772077.60381963
1994-12-07 09:15:00,NSE:RELIANCE,15.87701999,15.87701999,15.49392999,15.58969999,661434.68359382
1994-12-08 09:15:00,NSE:RELIANCE,15.47264499,15.47264499,15.28109999,15.36622999,482952.30865993
1994-12-09 09:15:00,NSE:RELIANCE,15.32366499,15.53649499,15.25981999,15.45136499,784999.40470498
1994-12-12 09:15:00,NSE:RELIANCE,15.11083999,15.13211999,14.64261499,14.77030999,884335.7491261
1994-12-13 09:15:00,NSE:RELIANCE,14.68517999,14.72774499,14.00412999,14.16374999,901295.61281312
1994-12-14 09:15:00,NSE:RELIANCE,14.17438999,14.57876499,14.14246499,14.32336999,1729906.09557615
1994-12-15 09:15:00,NSE:RELIANCE,14.30208999,14.77030999,14.30208999,14.67453999,1356789.09456169
1994-12-16 09:15:00,NSE:RELIANCE,14.68517999,14.89800999,14.58940499,14.64261499,1062010.51151965
1994-12-19 09:15:00,NSE:RELIANCE,14.68517999,14.68517999,14.38721999,14.40850499,423188.97949519
1994-12-20 09:15:00,NSE:RELIANCE,14.55748499,14.55748499,14.36593499,14.45106999,427227.04227686
1994-12-21 09:15:00,NSE:RELIANCE,14.34465499,14.64261499,14.34465499,14.60004999,550791.76338802
1994-12-22 09:15:00,NSE:RELIANCE,14.55748499,14.55748499,14.42978499,14.47234999,253590.34266498
1994-12-23 09:15:00,NSE:RELIANCE,14.42978499,14.70646499,14.40850499,14.67453999,567751.62707504
1994-12-26 09:15:00,NSE:RELIANCE,14.42978499,14.67453999,14.41062999,14.42978499,598440.90420774
1994-12-27 09:15:00,NSE:RELIANCE,14.47234999,14.47234999,14.31698499,14.37657999,120334.27088982
1994-12-28 09:15:00,NSE:RELIANCE,14.49363499,14.49363499,14.44042499,14.44042499,123564.72111115
1994-12-29 09:15:00,NSE:RELIANCE,14.45106999,14.46170999,14.41914499,14.43829999,50879.59104106
1994-12-30 09:15:00,NSE:RELIANCE,14.42978499,14.53619999,14.42978499,14.52342999,238245.70409863
1995-01-02 09:15:00,NSE:RELIANCE,14.51491499,14.60004999,14.49363499,14.52342999,219670.61531094
1995-01-03 09:15:00,NSE:RELIANCE,14.57876499,14.57876499,14.30634499,14.31059999,184943.27539656
1995-01-04 09:15:00,NSE:RELIANCE,14.47022499,14.49363499,14.05946499,14.13182499,1011130.92047859
1995-01-05 09:15:00,NSE:RELIANCE,14.13182499,14.17438999,13.63167999,13.67636999,956213.26663585
1995-01-06 09:15:00,NSE:RELIANCE,13.74873499,13.77001499,13.40820999,13.48269999,1430281.83719211
1995-01-09 09:15:00,NSE:RELIANCE,13.58910999,13.58910999,12.72715499,12.86974999,4277116.09809065
1995-01-10 09:15:00,NSE:RELIANCE,12.89741999,12.89741999,12.046105,12.23126499,5681554.33347206
1995-01-11 09:15:00,NSE:RELIANCE,12.34406499,12.76971999,11.918405,12.56753499,2713578.18912337
1995-01-12 09:15:00,NSE:RELIANCE,12.51432499,12.66330999,11.811995,11.843915,6070823.58561321
1995-01-13 09:15:00,NSE:RELIANCE,11.918405,12.28021499,11.87584,12.18656999,2741037.01603474
1995-01-16 09:15:00,NSE:RELIANCE,12.25893499,12.51432499,12.00354,12.09292499,2419607.21864167
1995-01-17 09:15:00,NSE:RELIANCE,12.13123499,12.17379999,11.707705,11.80348,4134168.67563147
1995-01-18 09:15:00,NSE:RELIANCE,11.886485,12.11846499,11.833275,12.061,1429474.22463178
1995-01-19 09:15:00,NSE:RELIANCE,12.00354,12.23764999,12.00354,12.08653999,1039397.35995029
1995-01-20 09:15:00,NSE:RELIANCE,12.08866999,12.15038999,11.535315,11.599165,2671582.33620599
1995-01-23 09:15:00,NSE:RELIANCE,11.684295,11.684295,10.654205,10.713795,2827451.55955051
1995-01-24 09:15:00,NSE:RELIANCE,10.641435,10.715925,10.009335,10.4882,4642156.97354177
1995-01-25 09:15:00,NSE:RELIANCE,10.428605,10.641435,10.130645,10.32219,6015098.31923014
1995-01-27 09:15:00,NSE:RELIANCE,10.428605,11.10966,10.30091,10.90534,5108149.41851468
1995-01-30 09:15:00,NSE:RELIANCE,10.641435,11.450185,10.556305,11.40549,6874398.07910587
1995-01-31 09:15:00,NSE:RELIANCE,11.27992,11.77581,11.237355,11.597035,4861827.58885271
1995-02-01 09:15:00,NSE:RELIANCE,11.70558,11.87584,10.94365,11.111785,6254959.24844944
1995-02-02 09:15:00,NSE:RELIANCE,11.024525,11.74389,10.8117,11.694935,7100529.59487949
1995-02-03 09:15:00,NSE:RELIANCE,11.663015,12.02695,11.4289,11.87797,6609501.16065621
1995-02-06 09:15:00,NSE:RELIANCE,11.918405,11.960975,11.34377,11.484235,4458021.31070554
1995-02-07 09:15:00,NSE:RELIANCE,11.49275,11.49275,11.152225,11.399105,5230098.91450517
1995-02-08 09:15:00,NSE:RELIANCE,11.396975,11.437415,11.237355,11.348025,2266160.83293815
1995-02-09 09:15:00,NSE:RELIANCE,11.36505,11.811995,11.237355,11.758785,5801080.99180154
1995-02-10 09:15:00,NSE:RELIANCE,11.87584,11.960975,11.40762,11.486365,4030794.26842868
1995-02-13 09:15:00,NSE:RELIANCE,11.49275,11.49275,11.152225,11.435285,3403279.3121889
1995-02-14 09:15:00,NSE:RELIANCE,11.484235,11.663015,11.28418,11.49488,3236911.12560002
1995-02-15 09:15:00,NSE:RELIANCE,11.535315,11.69281,11.173505,11.277795,4007373.50429898
1995-02-16 09:15:00,NSE:RELIANCE,11.27992,11.31823,10.875545,10.915985,3262754.72739072
1995-02-17 09:15:00,NSE:RELIANCE,10.939395,11.139455,10.641435,10.87342,4086519.53481174
1995-02-20 09:15:00,NSE:RELIANCE,10.854265,10.98196,10.726565,10.779775,1929386.39697873
1995-02-21 09:15:00,NSE:RELIANCE,10.89683,10.89683,10.228545,10.32219,4710804.04083019
1995-02-22 09:15:00,NSE:RELIANCE,10.36476,10.428605,10.09872,10.2477,4029986.65586834
1995-02-23 09:15:00,NSE:RELIANCE,10.641435,11.4289,10.641435,11.348025,10108886.36704489
1995-02-24 09:15:00,NSE:RELIANCE,11.57788,12.00354,11.27992,11.352285,10089503.66569687
1995-02-28 09:15:00,NSE:RELIANCE,11.21607,12.21636499,10.98196,11.56724,9071104.23221527
1995-03-01 09:15:00,NSE:RELIANCE,11.70558,12.020565,11.70558,11.98651,10805856.00311343
1995-03-02 09:15:00,NSE:RELIANCE,12.21636499,12.40791499,11.79071,11.84179,10183186.72221565
1995-03-03 09:15:00,NSE:RELIANCE,11.907765,12.21636499,11.748145,12.15251999,9080795.58287928
1995-03-06 09:15:00,NSE:RELIANCE,12.17379999,12.19508499,11.897125,12.09079999,4777028.2704376
1995-03-07 09:15:00,NSE:RELIANCE,11.96523,12.046105,11.535315,11.61619,7179675.62539225
1995-03-08 09:15:00,NSE:RELIANCE,11.68855,12.01418,11.59278,11.897125,7333929.62363611
1995-03-09 09:15:00,NSE:RELIANCE,11.960975,12.33980999,11.897125,12.31639499,7969520.70543924
1995-03-10 09:15:00,NSE:RELIANCE,12.42919499,12.64202499,12.08866999,12.19295499,7148986.34825955
1995-03-13 09:15:00,NSE:RELIANCE,12.00354,12.00354,10.641435,11.36718,15166156.19451851
1995-03-14 09:15:00,NSE:RELIANCE,11.322485,11.87584,11.322485,11.67791,9327117.41256126
1995-03-15 09:15:00,NSE:RELIANCE,12.13123499,12.34406499,11.06709,11.45444,31151231.52109604
1995-03-16 09:15:00,NSE:RELIANCE,11.28205,11.49275,10.726565,11.362925,16568171.59221892
1995-03-20 09:15:00,NSE:RELIANCE,10.854265,11.375695,10.854265,11.08412,6990694.28721402
1995-03-21 09:15:00,NSE:RELIANCE,10.8117,11.126685,10.641435,10.72018,11926822.23123749
1995-03-22 09:15:00,NSE:RELIANCE,11.152225,11.152225,10.913855,10.98409,4807717.54757031
1995-03-23 09:15:00,NSE:RELIANCE,11.06709,11.25864,10.928755,11.013885,3633448.89072418
1995-03-24 09:15:00,NSE:RELIANCE,10.89683,11.147965,10.84575,11.05645,5481266.41950914
1995-03-27 09:15:00,NSE:RELIANCE,11.26928,11.26928,10.98196,11.126685,4970047.67139751
1995-03-28 09:15:00,NSE:RELIANCE,11.23097,11.682165,11.20543,11.399105,9034761.66718023
1995-03-29 09:15:00,NSE:RELIANCE,11.4289,11.52893,11.313975,11.460825,4357877.35372408
1995-03-30 09:15:00,NSE:RELIANCE,11.40762,11.53106,11.350155,11.388465,4029179.04330801
1995-03-31 09:15:00,NSE:RELIANCE,11.386335,11.396975,11.152225,11.299075,6591733.68440886
1995-04-03 09:15:00,NSE:RELIANCE,11.36505,11.448055,11.152225,11.414005,4616313.37173107
1995-04-04 09:15:00,NSE:RELIANCE,11.49275,11.85456,11.4289,11.79284,7609325.50533012
1995-04-05 09:15:00,NSE:RELIANCE,11.843915,12.08866999,11.843915,11.984385,7358158.00032614
1995-04-06 09:15:00,NSE:RELIANCE,12.046105,12.26105999,12.00354,12.11633999,6452016.71217102
1995-04-07 09:15:00,NSE:RELIANCE,12.13123499,12.23339499,12.01418,12.035465,5288247.01856924
1995-04-10 09:15:00,NSE:RELIANCE,12.00354,12.01418,11.79071,11.907765,4558972.88024733
1995-04-11 09:15:00,NSE:RELIANCE,11.8652,11.918405,11.70558,11.73963,5261595.80419821
1995-04-12 09:15:00,NSE:RELIANCE,11.8652,11.960975,11.833275,11.948205,3775588.70064302
1995-04-17 09:15:00,NSE:RELIANCE,12.08866999,12.17379999,11.99928,12.01631,4244003.98327694
1995-04-18 09:15:00,NSE:RELIANCE,11.907765,12.00141,11.733245,11.833275,4655078.77442712
1995-04-19 09:15:00,NSE:RELIANCE,11.748145,12.00354,11.673655,11.782195,6149969.61612597
1995-04-20 09:15:00,NSE:RELIANCE,11.82902,11.897125,11.79071,11.87584,4239158.30795493
1995-04-21 09:15:00,NSE:RELIANCE,11.918405,11.992895,11.856685,11.899255,5142876.75842906
1995-04-24 09:15:00,NSE:RELIANCE,11.918405,11.92692,11.65237,11.71409,2679658.46176933
1995-04-25 09:15:00,NSE:RELIANCE,11.831145,11.831145,11.450185,11.50552,4537167.34121831
1995-04-26 09:15:00,NSE:RELIANCE,11.663015,11.684295,11.535315,11.620445,4047754.1321157
1995-04-27 09:15:00,NSE:RELIANCE,11.635345,11.648115,11.024525,11.17138,8573614.89754932
1995-04-28 09:15:00,NSE:RELIANCE,11.152225,11.21607,10.492455,10.63718,14237401.75477402
1995-05-02 09:15:00,NSE:RELIANCE,10.62015,10.62015,9.79012,9.83056,12736050.01263249
1995-05-03 09:15:00,NSE:RELIANCE,9.79225,10.38604,9.600705,10.31155,16069067.0324323
1995-05-04 09:15:00,NSE:RELIANCE,10.428605,10.62015,10.17321,10.520125,15993959.06470121
1995-05-05 09:15:00,NSE:RELIANCE,10.641435,10.76913,10.46053,10.50948,13705185.08019369
1995-05-08 09:15:00,NSE:RELIANCE,10.46053,10.641435,10.258345,10.541405,11779029.1334363
1995-05-09 09:15:00,NSE:RELIANCE,10.615895,10.752105,10.44563,10.577585,13561430.04517418
1995-05-10 09:15:00,NSE:RELIANCE,10.641435,10.75849,10.428605,10.47543,7849186.43454942
1995-05-12 09:15:00,NSE:RELIANCE,10.32219,10.354115,10.109365,10.330705,11963972.40883286
1995-05-15 09:15:00,NSE:RELIANCE,10.279625,10.30091,10.134905,10.16257,5928683.77569437
1995-05-16 09:15:00,NSE:RELIANCE,10.21365,10.254085,10.01359,10.12852,9346500.11390928
1995-05-17 09:15:00,NSE:RELIANCE,10.67336,11.128815,10.641435,11.099015,26433158.96726284
1995-05-18 09:15:00,NSE:RELIANCE,11.173505,11.663015,11.173505,11.611935,23632358.62206336
1995-05-19 09:15:00,NSE:RELIANCE,11.70558,11.918405,10.66272,11.71835,25275850.17410374
1995-05-22 09:15:00,NSE:RELIANCE,11.27992,11.56724,11.27992,11.362925,17609991.78983022
1995-05-23 09:15:00,NSE:RELIANCE,11.27992,11.424645,11.199045,11.29056,22106778.5032318
1995-05-24 09:15:00,NSE:RELIANCE,11.535315,11.57788,11.15435,11.21607,20414830.19781136
1995-05-25 09:15:00,NSE:RELIANCE,11.173505,11.27992,10.92237,11.103275,18677655.5892522
1995-05-26 09:15:00,NSE:RELIANCE,11.322485,11.49275,11.13094,11.175635,18561359.38114406
1995-05-29 09:15:00,NSE:RELIANCE,11.162865,11.339515,11.10966,11.299075,12695669.38483577
1995-05-30 09:15:00,NSE:RELIANCE,11.40762,11.471465,11.301205,11.45231,15779941.7372926
1995-05-31 09:15:00,NSE:RELIANCE,11.663015,11.737505,11.4289,11.571495,23491834.03726518
1995-06-01 09:15:00,NSE:RELIANCE,11.70345,11.8503,11.57788,11.82689,30082760.10913371
1995-06-02 09:15:00,NSE:RELIANCE,11.87584,12.08866999,11.70558,11.773685,45833627.79439429
1995-06-05 09:15:00,NSE:RELIANCE,11.70558,11.822635,11.624705,11.699195,25517326.3284437
1995-06-06 09:15:00,NSE:RELIANCE,11.70558,11.918405,11.684295,11.87584,27210082.24640447
1995-06-07 09:15:00,NSE:RELIANCE,12.02482,12.046105,11.79071,11.82476,28048384.07983152
1995-06-08 09:15:00,NSE:RELIANCE,11.620445,11.794965,11.450185,11.71409,26291826.76992434
1995-06-09 09:15:00,NSE:RELIANCE,11.79071,11.833275,11.57788,11.635345,29976962.86424991
1995-06-12 09:15:00,NSE:RELIANCE,11.63109,11.6545,11.475725,11.64173,26236101.50354126
1995-06-13 09:15:00,NSE:RELIANCE,11.63109,11.79071,11.36505,11.40762,33572453.96483838
1995-06-14 09:15:00,NSE:RELIANCE,11.57788,11.637475,11.37782,11.445925,18250428.54697534
1995-06-15 09:15:00,NSE:RELIANCE,11.386335,11.426775,11.25864,11.36931,11652233.96210381
1995-06-16 09:15:00,NSE:RELIANCE,11.49275,11.68004,11.49275,11.607675,20554547.1700492
1995-06-19 09:15:00,NSE:RELIANCE,11.70558,11.70558,11.548085,11.588525,10527229.67119808
1995-06-20 09:15:00,NSE:RELIANCE,11.545955,11.673655,11.545955,11.599165,14006424.5636784
1995-06-21 09:15:00,NSE:RELIANCE,11.737505,11.760915,11.611935,11.61832,11512516.98986597
1995-06-22 09:15:00,NSE:RELIANCE,11.5566,11.635345,11.499135,11.57788,9648547.20995432
1995-06-23 09:15:00,NSE:RELIANCE,11.588525,11.588525,11.4289,11.439545,8688295.8805368
1995-06-26 09:15:00,NSE:RELIANCE,11.40762,11.40762,11.13094,11.22884,7597211.31698511
1995-06-27 09:15:00,NSE:RELIANCE,11.19479,11.25651,11.08412,11.090505,15137082.14248648
1995-06-28 09:15:00,NSE:RELIANCE,11.173505,11.471465,11.11817,11.4289,13719722.10619971
1995-06-29 09:15:00,NSE:RELIANCE,11.535315,11.56724,11.36505,11.40762,13083323.41183626
1995-06-30 09:15:00,NSE:RELIANCE,11.301205,11.322485,11.18415,11.237355,11576318.38181238
1995-07-03 09:15:00,NSE:RELIANCE,11.162865,11.162865,10.90747,10.937265,8459741.52710218
1995-07-04 09:15:00,NSE:RELIANCE,10.76913,11.026655,10.76913,10.928755,16740193.06671013
1995-07-05 09:15:00,NSE:RELIANCE,11.237355,11.237355,10.89683,10.90747,21416269.76760594
1995-07-06 09:15:00,NSE:RELIANCE,10.854265,11.028785,10.801055,11.013885,13679341.478383
1995-07-07 09:15:00,NSE:RELIANCE,11.04581,11.13094,10.99686,11.08199,13088169.08717826
1995-07-10 09:15:00,NSE:RELIANCE,11.139455,11.173505,11.003245,11.00537,8763403.84826789
1995-07-11 09:15:00,NSE:RELIANCE,10.99473,11.05645,10.928755,10.98196,15560271.12198167
1995-07-12 09:15:00,NSE:RELIANCE,11.06709,11.21607,9.634755,11.20543,8899082.75772406
1995-07-13 09:15:00,NSE:RELIANCE,11.27992,11.29056,11.18415,11.226715,5730011.08685212
1995-07-14 09:15:00,NSE:RELIANCE,11.237355,11.313975,11.19479,11.26928,7031074.91503074
1995-07-17 09:15:00,NSE:RELIANCE,11.33313,11.41826,11.239485,11.36505,12379892.87532505
1995-07-18 09:15:00,NSE:RELIANCE,11.450185,11.450185,11.30759,11.348025,12120649.24475773
1995-07-19 09:15:00,NSE:RELIANCE,11.27992,11.497005,11.27992,11.49275,18173705.35412358
1995-07-20 09:15:00,NSE:RELIANCE,11.57788,11.807735,11.497005,11.69281,20864670.39167759
1995-07-21 09:15:00,NSE:RELIANCE,11.620445,11.843915,11.620445,11.84179,25327537.37770514
1995-07-24 09:15:00,NSE:RELIANCE,11.918405,12.10569499,11.918405,12.035465,27476594.3899948
1995-07-25 09:15:00,NSE:RELIANCE,12.00354,12.51432499,11.971615,12.51006999,30183711.6786555
1995-07-26 09:15:00,NSE:RELIANCE,12.68458999,12.89741999,12.42919499,12.42919499,51403731.5951002
1995-07-27 09:15:00,NSE:RELIANCE,12.49304499,12.53135499,12.32277999,12.46324999,39091678.17450324
1995-07-28 09:15:00,NSE:RELIANCE,12.13123499,12.13123499,11.63109,11.769425,43634498.80362386
1995-07-31 09:15:00,NSE:RELIANCE,11.70558,11.70558,11.36505,11.38208,35919376.05340997
1995-08-01 09:15:00,NSE:RELIANCE,11.322485,11.49275,11.25864,11.331,38049857.97689194
1995-08-02 09:15:00,NSE:RELIANCE,11.684295,11.860945,11.57788,11.82902,32604126.5098575
1995-08-03 09:15:00,NSE:RELIANCE,11.87584,11.918405,11.21607,11.360795,69961052.91344258
1995-08-04 09:15:00,NSE:RELIANCE,11.19479,11.460825,11.10966,11.439545,46885139.34266958
1995-08-07 09:15:00,NSE:RELIANCE,11.535315,11.599165,11.324615,11.34164,39628740.52442556
1995-08-08 09:15:00,NSE:RELIANCE,11.29056,11.33313,11.14158,11.19479,49345934.80166832
1995-08-09 09:15:00,NSE:RELIANCE,11.322485,11.34377,11.211815,11.25438,21602828.26812317
1995-08-11 09:15:00,NSE:RELIANCE,11.27992,11.27992,11.175635,11.19266,14262437.74402439
1995-08-14 09:15:00,NSE:RELIANCE,11.162865,11.18415,11.050065,11.18415,18636467.34887515
1995-08-16 09:15:00,NSE:RELIANCE,11.20543,11.350155,11.19479,11.322485,19964182.39140481
1995-08-17 09:15:00,NSE:RELIANCE,11.322485,11.4289,11.28205,11.348025,21285436.53349178
1995-08-18 09:15:00,NSE:RELIANCE,11.4289,11.439545,11.331,11.41613,9478140.96058378
1995-08-21 09:15:00,NSE:RELIANCE,11.4289,11.484235,11.360795,11.360795,19507073.68455557
1995-08-22 09:15:00,NSE:RELIANCE,11.322485,11.57788,11.322485,11.571495,17362862.34760791
1995-08-23 09:15:00,NSE:RELIANCE,11.663015,11.684295,11.36505,11.524675,17378206.98617426
1995-08-24 09:15:00,NSE:RELIANCE,11.50552,11.524675,11.331,11.331,19805890.33037927
1995-08-25 09:15:00,NSE:RELIANCE,11.24161,11.322485,11.19266,11.21607,16147405.45040473
1995-08-28 09:15:00,NSE:RELIANCE,11.19479,11.19479,10.99473,11.00537,20742720.8956671
1995-08-30 09:15:00,NSE:RELIANCE,11.06709,11.139455,10.91811,11.10966,17229606.27581274
1995-08-31 09:15:00,NSE:RELIANCE,11.152225,11.226715,11.1203,11.14584,15101547.19001176
1995-09-01 09:15:00,NSE:RELIANCE,11.10966,11.25651,11.10966,11.22884,12777238.25300954
1995-09-04 09:15:00,NSE:RELIANCE,11.237355,11.299075,11.09263,11.1054,14628286.23201584
1995-09-05 09:15:00,NSE:RELIANCE,11.099015,11.177765,11.016015,11.088375,19903611.44967973
1995-09-06 09:15:00,NSE:RELIANCE,11.06709,11.33313,10.939395,11.33313,45431436.74134778
1995-09-07 09:15:00,NSE:RELIANCE,11.40762,11.471465,11.21607,11.222455,41017026.5087003
1995-09-08 09:15:00,NSE:RELIANCE,11.21607,11.324615,11.20543,11.29056,15849396.41712136
1995-09-11 09:15:00,NSE:RELIANCE,11.322485,11.348025,11.247995,11.322485,12036657.53890296
1995-09-12 09:15:00,NSE:RELIANCE,11.324615,11.360795,11.08412,11.09263,25183782.34268562
1995-09-13 09:15:00,NSE:RELIANCE,11.024525,11.18415,11.013885,11.111785,20252500.07400416
1995-09-14 09:15:00,NSE:RELIANCE,11.128815,11.2331,11.099015,11.147965,9801993.59565785
1995-09-15 09:15:00,NSE:RELIANCE,11.175635,11.188405,11.10966,11.137325,4713226.87849119
1995-09-18 09:15:00,NSE:RELIANCE,11.152225,11.211815,11.113915,11.18202,7634361.49458048
1995-09-19 09:15:00,NSE:RELIANCE,11.162865,11.226715,11.14371,11.224585,9766458.64318313
1995-09-20 09:15:00,NSE:RELIANCE,11.27992,11.386335,11.23097,11.260765,8926541.58463542
1995-09-21 09:15:00,NSE:RELIANCE,11.260765,11.335255,11.260765,11.31823,4059868.32046071
1995-09-22 09:15:00,NSE:RELIANCE,11.36505,11.422515,11.322485,11.386335,6651497.0135736
1995-09-25 09:15:00,NSE:RELIANCE,11.27992,11.55234,11.27992,11.535315,10131499.51861425
1995-09-26 09:15:00,NSE:RELIANCE,11.620445,11.833275,11.560855,11.769425,11725726.70473424
1995-09-27 09:15:00,NSE:RELIANCE,11.620445,11.68004,11.450185,11.46721,12547068.67447426
1995-09-28 09:15:00,NSE:RELIANCE,11.450185,11.599165,11.396975,11.524675,8655991.37828342
1995-09-29 09:15:00,NSE:RELIANCE,11.49275,11.722605,11.49275,11.70558,10989184.05338932
1995-10-04 09:15:00,NSE:RELIANCE,11.833275,12.09930999,11.833275,12.0759,11285577.86155202
1995-10-05 09:15:00,NSE:RELIANCE,12.21636499,12.34406499,11.833275,12.17379999,47863158.14833447
1995-10-06 09:15:00,NSE:RELIANCE,12.23977999,12.34193499,12.046105,12.10995499,36193964.32254363
1995-10-09 09:15:00,NSE:RELIANCE,12.10569499,12.12272499,11.856685,11.909895,17645526.74230492
1995-10-10 09:15:00,NSE:RELIANCE,11.899255,11.91628,11.588525,11.663015,30219246.63113021
1995-10-11 09:15:00,NSE:RELIANCE,11.686425,11.831145,11.599165,11.78007,49352395.70213099
1995-10-12 09:15:00,NSE:RELIANCE,11.771555,11.960975,11.63109,11.65663,34447905.9758608
1995-10-13 09:15:00,NSE:RELIANCE,11.684295,11.737505,11.588525,11.684295,23855259.68759564
1995-10-16 09:15:00,NSE:RELIANCE,11.70345,11.70345,11.624705,11.67791,9358614.30225429
1995-10-17 09:15:00,NSE:RELIANCE,11.66727,11.79071,11.599165,11.620445,27990235.97578744
1995-10-18 09:15:00,NSE:RELIANCE,11.624705,11.72686,11.33313,11.388465,36110780.22924918
1995-10-19 09:15:00,NSE:RELIANCE,11.396975,11.396975,11.15435,11.24161,23411072.78163176
1995-10-20 09:15:00,NSE:RELIANCE,11.22884,11.237355,11.003245,11.099015,28874571.72491354
1995-10-23 09:15:00,NSE:RELIANCE,11.026655,11.04581,10.82234,10.837235,19616101.3796407
1995-10-24 09:15:00,NSE:RELIANCE,10.88619,10.89683,10.515865,10.577585,27936933.54706537
1995-10-25 09:15:00,NSE:RELIANCE,10.566945,10.80744,10.556305,10.679745,16980861.60848976
1995-10-26 09:15:00,NSE:RELIANCE,10.66059,10.74785,10.22429,10.30091,47879310.39946114
1995-10-27 09:15:00,NSE:RELIANCE,10.317935,10.428605,9.971025,10.407325,85328304.63448435
1995-10-30 09:15:00,NSE:RELIANCE,10.517995,10.59887,10.17321,10.196625,70782394.88320263
1995-10-31 09:15:00,NSE:RELIANCE,10.15193,10.428605,10.10085,10.38604,73126894.13409318
1995-11-01 09:15:00,NSE:RELIANCE,10.38604,11.060705,10.354115,10.979835,134530484.40113315
1995-11-02 09:15:00,NSE:RELIANCE,11.147965,11.40762,10.89896,10.913855,177885549.26028135
1995-11-03 09:15:00,NSE:RELIANCE,10.8117,11.190535,10.73721,11.160735,170617843.8662527
1995-11-06 09:15:00,NSE:RELIANCE,11.19692,11.362925,11.075605,11.101145,128884465.0201358
1995-11-07 09:15:00,NSE:RELIANCE,11.04581,11.188405,10.89683,10.98196,139488417.88418564
1995-11-08 09:15:00,NSE:RELIANCE,10.852135,10.852135,10.515865,10.556305,82033245.40482026
1995-11-09 09:15:00,NSE:RELIANCE,10.428605,10.98196,10.30091,10.34773,84728248.50515594
1995-11-10 09:15:00,NSE:RELIANCE,10.30091,10.4882,10.22642,10.44776,76665852.35573827
1995-11-13 09:15:00,NSE:RELIANCE,10.44989,10.54566,10.16044,10.17321,94826635.90895648
1995-11-14 09:15:00,NSE:RELIANCE,10.21578,10.29878,9.807145,9.87525,133816554.9013776
1995-11-15 09:15:00,NSE:RELIANCE,9.917815,10.641435,9.843325,10.32219,98981802.51105665
1995-11-16 09:15:00,NSE:RELIANCE,10.38604,10.407325,9.898665,10.01572,113109368.95818518
1995-11-17 09:15:00,NSE:RELIANCE,9.70499,9.981665,9.5177,9.971025,131946124.22102328
1995-11-20 09:15:00,NSE:RELIANCE,9.834815,9.992305,9.749685,9.907175,68608301.88166258
1995-11-21 09:15:00,NSE:RELIANCE,9.919945,9.94974,9.151635,9.38149,110789905.69652498
1995-11-22 09:15:00,NSE:RELIANCE,9.449595,9.575165,9.313385,9.526215,92738149.8384119
1995-11-23 09:15:00,NSE:RELIANCE,9.27933,9.41767,9.21761,9.35595,70044237.00675702
1995-11-24 09:15:00,NSE:RELIANCE,9.40703,9.662425,9.385745,9.5177,81147294.4305735
1995-11-27 09:15:00,NSE:RELIANCE,9.619855,9.65391,9.28359,9.298485,75288872.9472682
1995-11-28 09:15:00,NSE:RELIANCE,9.023935,9.147375,8.493995,8.59828,105696293.3040363
1995-11-29 09:15:00,NSE:RELIANCE,8.66213,8.89624,8.30245,8.853675,141967788.43197206
1995-11-30 09:15:00,NSE:RELIANCE,8.51315,9.683705,8.491865,9.662425,242975890.84676751
1995-12-01 09:15:00,NSE:RELIANCE,9.843325,10.556305,9.843325,10.08595,308034735.54356074
1995-12-04 09:15:00,NSE:RELIANCE,10.045515,10.38604,9.7135,9.79012,253071855.41290706
1995-12-05 09:15:00,NSE:RELIANCE,9.64114,9.662425,8.62382,8.764285,311526852.23694634
1995-12-06 09:15:00,NSE:RELIANCE,8.97073,9.23251,8.740875,9.11758,254443989.14603516
1995-12-07 09:15:00,NSE:RELIANCE,9.364465,9.44534,9.151635,9.338925,191665034.6956458
1995-12-08 09:15:00,NSE:RELIANCE,9.4049,9.487905,8.83239,8.89411,198983619.68071556
1995-12-11 09:15:00,NSE:RELIANCE,8.66213,8.78557,8.4493,8.666385,248053350.98812953
1995-12-12 09:15:00,NSE:RELIANCE,8.53656,8.704695,8.440785,8.58551,189301152.7433872
1995-12-13 09:15:00,NSE:RELIANCE,8.689795,8.98137,8.689795,8.98137,168889552.9957972
1995-12-14 09:15:00,NSE:RELIANCE,9.10694,9.10694,8.704695,8.73449,198432827.91732752
1995-12-15 09:15:00,NSE:RELIANCE,8.59828,8.66213,8.40035,8.63446,179121196.47139293
1995-12-18 09:15:00,NSE:RELIANCE,8.576995,8.704695,8.52379,8.57487,115418333.25660107
1995-12-19 09:15:00,NSE:RELIANCE,8.54507,8.58338,8.430145,8.481225,121787165.87547764
1995-12-20 09:15:00,NSE:RELIANCE,8.576995,8.938805,8.515275,8.555715,84343017.31579646
1995-12-21 09:15:00,NSE:RELIANCE,8.73662,9.064375,8.69405,9.038835,190758085.7949303
1995-12-22 09:15:00,NSE:RELIANCE,9.066505,9.234635,8.800465,8.80898,233916093.19033694
1995-12-26 09:15:00,NSE:RELIANCE,8.7728,8.789825,8.581255,8.642975,167208911.2661614
1995-12-27 09:15:00,NSE:RELIANCE,8.76854,9.013295,8.76854,8.98137,140697413.88094616
1995-12-28 09:15:00,NSE:RELIANCE,8.98137,9.023935,8.74939,8.826005,154531816.9701333
1995-12-29 09:15:00,NSE:RELIANCE,8.76854,8.80685,8.664255,8.715335,121494002.51755628
1996-01-01 09:15:00,NSE:RELIANCE,8.725975,8.7728,8.668515,8.764285,60045185.94735758
1996-01-02 09:15:00,NSE:RELIANCE,8.73662,8.779185,8.625945,8.725975,97311659.74466524
1996-01-03 09:15:00,NSE:RELIANCE,8.83239,9.234635,8.73662,8.7579,120713848.78817329
1996-01-04 09:15:00,NSE:RELIANCE,8.67277,8.700435,8.55784,8.689795,125083032.7176821
1996-01-05 09:15:00,NSE:RELIANCE,8.640845,8.640845,8.540815,8.61956,96138198.70037945
1996-01-08 09:15:00,NSE:RELIANCE,8.59828,8.604665,8.18539,8.20242,107825160.00239766
1996-01-09 09:15:00,NSE:RELIANCE,8.02577,8.17262,7.757605,8.130055,224195668.46287286
1996-01-10 09:15:00,NSE:RELIANCE,7.87466,8.06408,7.78953,7.819325,159514786.4424162
1996-01-11 09:15:00,NSE:RELIANCE,7.746965,8.108775,7.736325,8.09813,236236364.06455743
1996-01-12 09:15:00,NSE:RELIANCE,8.130055,8.191775,7.932125,7.98959,216076739.43451178
1996-01-15 09:15:00,NSE:RELIANCE,7.96192,8.00236,7.857635,7.908715,115326265.42518295
1996-01-16 09:15:00,NSE:RELIANCE,7.87466,7.959795,7.84912,7.92787,125283320.63164502
1996-01-17 09:15:00,NSE:RELIANCE,7.87466,7.885305,7.536265,7.546905,172791936.8677727
1996-01-18 09:15:00,NSE:RELIANCE,7.408565,7.52988,7.312795,7.3809,217700040.67266384
1996-01-19 09:15:00,NSE:RELIANCE,7.289385,7.3809,7.212765,7.2681,187154518.56877849
1996-01-22 09:15:00,NSE:RELIANCE,7.285125,7.48093,7.27874,7.39154,195273447.59711966
1996-01-23 09:15:00,NSE:RELIANCE,7.410695,7.44262,6.68282,7.097835,204676480.58997235
1996-01-24 09:15:00,NSE:RELIANCE,7.010575,7.053145,6.725385,6.802005,202523385.514921
1996-01-25 09:15:00,NSE:RELIANCE,6.814775,6.84457,6.501915,6.563635,208099950.21606955
1996-01-29 09:15:00,NSE:RELIANCE,6.51256,7.11912,6.47212,7.102095,376518665.0915518
1996-01-30 09:15:00,NSE:RELIANCE,7.27874,8.044925,7.172325,8.03641,612402102.4690032
1996-01-31 09:15:00,NSE:RELIANCE,7.619265,7.906585,7.33195,7.48093,421879839.5405105
1996-02-01 09:15:00,NSE:RELIANCE,7.449005,7.87466,7.42772,7.810815,369322029.60249245
1996-02-02 09:15:00,NSE:RELIANCE,8.034285,8.76854,8.034285,8.72172,472146452.6563599
1996-02-05 09:15:00,NSE:RELIANCE,9.151635,9.585805,8.877085,9.313385,704986805.9217116
1996-02-06 09:15:00,NSE:RELIANCE,9.621985,9.79012,8.41099,8.41099,716424214.9438463
1996-02-07 09:15:00,NSE:RELIANCE,8.132185,8.853675,8.047055,8.7579,516387468.4897549
1996-02-08 09:15:00,NSE:RELIANCE,8.85793,9.69009,8.76854,9.609215,473835170.51155907
1996-02-09 09:15:00,NSE:RELIANCE,9.87525,10.30091,9.53898,9.958255,573478407.7062094
1996-02-12 09:15:00,NSE:RELIANCE,9.832685,10.00295,9.321895,9.524085,560306246.9131765
1996-02-13 09:15:00,NSE:RELIANCE,9.364465,10.392425,9.28359,10.21578,587661699.4197212
1996-02-14 09:15:00,NSE:RELIANCE,10.279625,10.42648,9.954,9.992305,358962783.343004
1996-02-15 09:15:00,NSE:RELIANCE,9.79012,10.109365,9.70499,9.870995,403181186.02480966
1996-02-16 09:15:00,NSE:RELIANCE,9.70499,9.80076,9.621985,9.694345,285831851.1461091
1996-02-19 09:15:00,NSE:RELIANCE,9.87525,10.01146,9.736915,9.760325,298856218.841361
1996-02-20 09:15:00,NSE:RELIANCE,9.79012,9.83056,9.151635,9.20484,368577410.8255843
1996-02-22 09:15:00,NSE:RELIANCE,9.49216,9.832685,9.409155,9.7284,353829597.935239
1996-02-23 09:15:00,NSE:RELIANCE,9.747555,9.768835,9.500675,9.67732,314924478.2612329
1996-02-26 09:15:00,NSE:RELIANCE,9.768835,9.971025,9.621985,9.66881,314270312.0906421
1996-02-27 09:15:00,NSE:RELIANCE,9.73904,9.79012,9.409155,9.598575,312846491.15391266
1996-02-28 09:15:00,NSE:RELIANCE,9.758195,9.86674,9.598575,9.6156,246720790.2702579
1996-02-29 09:15:00,NSE:RELIANCE,9.534725,9.56878,8.96009,9.026065,402467256.52505404
1996-03-01 09:15:00,NSE:RELIANCE,9.087785,9.202715,8.877085,9.12184,417042240.32834786
1996-03-04 09:15:00,NSE:RELIANCE,9.10907,9.151635,8.8707,9.00478,388343728.14070725
1996-03-06 09:15:00,NSE:RELIANCE,9.13035,9.35595,9.049475,9.34531,313633105.7837384
1996-03-07 09:15:00,NSE:RELIANCE,9.424055,9.587935,9.33254,9.372975,492725228.2030992
1996-03-08 09:15:00,NSE:RELIANCE,9.25805,9.364465,9.140995,9.364465,373015241.8223815
1996-03-11 09:15:00,NSE:RELIANCE,9.1942,9.385745,9.15802,9.324025,363940907.1399449
1996-03-12 09:15:00,NSE:RELIANCE,9.34318,10.130645,9.300615,9.960385,463084232.1622684
1996-03-13 09:15:00,NSE:RELIANCE,9.57729,9.71563,9.460235,9.632625,333159562.1696419
1996-03-14 09:15:00,NSE:RELIANCE,9.662425,9.76458,9.598575,9.611345,344633313.7567919
1996-03-15 09:15:00,NSE:RELIANCE,9.61773,9.647525,9.27933,9.31764,358953899.6048804
1996-03-18 09:15:00,NSE:RELIANCE,9.25592,9.27933,8.891985,8.91114,384833036.3585338
1996-03-19 09:15:00,NSE:RELIANCE,8.89624,9.05799,8.193905,8.342885,598190544.3160198
1996-03-21 09:15:00,NSE:RELIANCE,8.725975,9.07076,8.725975,8.95583,386643703.7097235
1996-03-22 09:15:00,NSE:RELIANCE,8.80898,8.80898,8.4493,8.63659,389161032.04766554
1996-03-25 09:15:00,NSE:RELIANCE,8.72385,8.7728,8.43866,8.5472,263641080.9370226
1996-03-26 09:15:00,NSE:RELIANCE,8.51315,8.68341,8.23647,8.640845,307015528.4975187
1996-03-27 09:15:00,NSE:RELIANCE,8.81111,8.936675,8.77067,8.800465,217542556.22417858
1996-03-28 09:15:00,NSE:RELIANCE,8.83239,8.9686,8.802595,8.93455,207265686.44542423
1996-03-29 09:15:00,NSE:RELIANCE,8.913265,8.97073,8.777055,8.802595,187975052.92595822
1996-04-01 09:15:00,NSE:RELIANCE,8.84303,8.91752,8.76854,8.891985,142735020.36044967
1996-04-02 09:15:00,NSE:RELIANCE,8.90688,9.023935,8.82175,8.902625,211888460.71761793
1996-04-03 09:15:00,NSE:RELIANCE,9.111195,9.211225,8.964345,8.98137,171293815.5758525
1996-04-04 09:15:00,NSE:RELIANCE,8.89624,8.90901,8.78557,8.8856,139465804.73259628
1996-04-08 09:15:00,NSE:RELIANCE,8.99201,9.075015,8.93455,9.062245,131547163.61821808
1996-04-09 09:15:00,NSE:RELIANCE,9.140995,9.24528,8.99201,9.066505,184645266.35639974
1996-04-10 09:15:00,NSE:RELIANCE,9.151635,9.19207,8.998395,9.00691,164414571.8214046
1996-04-11 09:15:00,NSE:RELIANCE,8.949445,9.002655,8.889855,8.96009,124843171.78848276
1996-04-12 09:15:00,NSE:RELIANCE,8.940935,9.25805,8.900495,9.238895,196711805.55987507
1996-04-15 09:15:00,NSE:RELIANCE,9.364465,9.609215,9.34531,9.364465,274854781.28106487
1996-04-16 09:15:00,NSE:RELIANCE,9.449595,9.56665,9.364465,9.449595,224294197.19473362
1996-04-17 09:15:00,NSE:RELIANCE,9.70499,9.94974,9.61347,9.947615,236445535.7166241
1996-04-18 09:15:00,NSE:RELIANCE,10.15193,10.43925,10.07318,10.403065,395743881.9939707
1996-04-19 09:15:00,NSE:RELIANCE,10.47117,10.66272,10.366885,10.505225,379417186.5560717
1996-04-22 09:15:00,NSE:RELIANCE,10.556305,10.577585,10.066795,10.079565,333241131.0378157
1996-04-23 09:15:00,NSE:RELIANCE,10.02636,10.16257,9.896535,10.08808,328858217.6948413
1996-04-24 09:15:00,NSE:RELIANCE,10.517995,10.986215,10.479685,10.939395,308468423.4862803
1996-04-25 09:15:00,NSE:RELIANCE,10.939395,11.173505,10.130645,10.15193,357671410.8654894
1996-04-26 09:15:00,NSE:RELIANCE,10.30091,10.53289,10.045515,10.38604,364771940.46036893
1996-04-29 09:15:00,NSE:RELIANCE,10.30091,10.354115,10.120005,10.32219,242832943.42430836
1996-04-30 09:15:00,NSE:RELIANCE,10.30091,10.641435,10.23706,10.577585,247605933.63194424
1996-05-01 09:15:00,NSE:RELIANCE,11.36505,11.488495,11.247995,11.352285,285730091.964027
1996-05-02 09:15:00,NSE:RELIANCE,11.237355,11.39059,11.06709,11.331,292360591.05113196
1996-05-03 09:15:00,NSE:RELIANCE,11.235225,11.301205,11.024525,11.05645,284609933.3484633
1996-05-06 09:15:00,NSE:RELIANCE,10.8117,10.87129,10.39881,10.432865,340856917.4436086
1996-05-07 09:15:00,NSE:RELIANCE,10.43925,10.66059,10.39881,10.581845,316374142.7997731
1996-05-08 09:15:00,NSE:RELIANCE,10.38604,10.790415,10.258345,10.64569,453077912.58986586
1996-05-09 09:15:00,NSE:RELIANCE,10.43925,10.65846,10.32219,10.34773,351430181.0305057
1996-05-10 09:15:00,NSE:RELIANCE,10.130645,10.328575,10.068925,10.279625,349637281.1555434
1996-05-13 09:15:00,NSE:RELIANCE,10.407325,10.552045,10.34773,10.53502,229734275.37388578
1996-05-14 09:15:00,NSE:RELIANCE,10.47117,10.850005,10.417965,10.8117,375430810.9782414
1996-05-15 09:15:00,NSE:RELIANCE,10.60951,10.89683,10.38817,10.78403,528959573.1534596
1996-05-16 09:15:00,NSE:RELIANCE,10.928755,11.088375,10.792545,10.8117,397072404.64906067
1996-05-17 09:15:00,NSE:RELIANCE,10.641435,10.76913,10.590355,10.67336,325993615.9576954
1996-05-20 09:15:00,NSE:RELIANCE,10.51374,10.530765,10.283885,10.31155,188065505.53227565
1996-05-21 09:15:00,NSE:RELIANCE,10.254085,10.38604,10.194495,10.294525,263107249.03732163
1996-05-22 09:15:00,NSE:RELIANCE,10.38604,10.43712,10.303035,10.328575,184156660.75983748
1996-05-23 09:15:00,NSE:RELIANCE,10.266855,10.30942,10.19875,10.279625,169941872.1566328
1996-05-24 09:15:00,NSE:RELIANCE,10.34773,10.377525,10.292395,10.35199,136547092.954188
1996-05-27 09:15:00,NSE:RELIANCE,10.258345,10.258345,10.02423,10.04126,222522295.24624014
1996-05-28 09:15:00,NSE:RELIANCE,9.832685,9.832685,9.600705,9.719885,314608701.7517222
1996-05-29 09:15:00,NSE:RELIANCE,9.919945,10.407325,9.919945,10.407325,296787115.4721444
1996-05-30 09:15:00,NSE:RELIANCE,10.343475,10.37327,10.01572,10.081695,304549079.75061774
1996-05-31 09:15:00,NSE:RELIANCE,10.22642,10.23706,10.04977,10.145545,257172104.36116448
1996-06-03 09:15:00,NSE:RELIANCE,10.343475,10.492455,10.279625,10.456275,281977116.41495335
1996-06-04 09:15:00,NSE:RELIANCE,10.639305,10.703155,10.120005,10.307295,414752658.73128
1996-06-05 09:15:00,NSE:RELIANCE,10.428605,10.428605,10.1498,10.279625,192497683.24117053
1996-06-06 09:15:00,NSE:RELIANCE,10.38391,10.59887,10.343475,10.381785,190905071.2801712
1996-06-07 09:15:00,NSE:RELIANCE,10.2626,10.44989,10.2477,10.41371,129155015.22648782
1996-06-10 09:15:00,NSE:RELIANCE,10.36476,10.407325,10.258345,10.30091,104687585.22121872
1996-06-11 09:15:00,NSE:RELIANCE,10.258345,10.32219,10.168955,10.22642,141688354.48749638
1996-06-12 09:15:00,NSE:RELIANCE,10.38604,10.490325,10.305165,10.379655,115541897.9777122
1996-06-13 09:15:00,NSE:RELIANCE,10.36476,10.42222,10.307295,10.36476,67441301.73783946
1996-06-14 09:15:00,NSE:RELIANCE,10.38604,10.47117,10.35199,10.47117,70742014.2553859
1996-06-17 09:15:00,NSE:RELIANCE,10.481815,10.481815,10.281755,10.29027,62191820.12196626
1996-06-18 09:15:00,NSE:RELIANCE,10.258345,10.258345,9.922075,9.981665,110233460.6452546
1996-06-19 09:15:00,NSE:RELIANCE,10.045515,10.08808,9.66455,9.67945,137965260.6030151
1996-06-20 09:15:00,NSE:RELIANCE,9.662425,9.80076,9.55601,9.760325,164149674.902955
1996-06-21 09:15:00,NSE:RELIANCE,9.70073,9.76458,9.43257,9.500675,203605586.340349
1996-06-24 09:15:00,NSE:RELIANCE,9.411285,9.49216,9.262305,9.449595,177385637.08793437
1996-06-25 09:15:00,NSE:RELIANCE,9.449595,9.49216,9.023935,9.128225,201378190.91010684
1996-06-26 09:15:00,NSE:RELIANCE,9.26656,9.26656,8.987755,9.00691,170769675.02683556
1996-06-27 09:15:00,NSE:RELIANCE,8.949445,9.27933,8.838775,9.260175,310716816.84299105
1996-06-28 09:15:00,NSE:RELIANCE,9.27933,9.438955,9.00478,9.0963,437977173.0124146
1996-07-01 09:15:00,NSE:RELIANCE,8.9835,9.26656,8.789825,8.851545,319195941.07144123
1996-07-02 09:15:00,NSE:RELIANCE,8.891985,8.977115,8.640845,8.664255,327601572.557261
1996-07-03 09:15:00,NSE:RELIANCE,8.576995,8.59615,8.02364,8.06195,372238318.54323983
1996-07-04 09:15:00,NSE:RELIANCE,7.970435,8.33437,7.84061,8.104515,465255094.713567
1996-07-05 09:15:00,NSE:RELIANCE,8.16198,8.23647,7.855505,8.013,343292676.9133569
1996-07-08 09:15:00,NSE:RELIANCE,8.12793,8.81111,7.94064,8.04067,200609343.7565086
1996-07-09 09:15:00,NSE:RELIANCE,7.96192,8.81111,7.321305,7.49157,312467720.8650159
1996-07-10 09:15:00,NSE:RELIANCE,7.363875,7.659705,7.325565,7.5767,276789013.3533656
1996-07-11 09:15:00,NSE:RELIANCE,7.597985,7.768245,7.472415,7.512855,264262942.60536
1996-07-12 09:15:00,NSE:RELIANCE,7.470285,7.48944,7.174455,7.22128,397321956.928944
1996-07-15 09:15:00,NSE:RELIANCE,7.19361,8.00236,7.07017,8.00236,835551912.6714829
1996-07-16 09:15:00,NSE:RELIANCE,8.51315,9.24315,8.51315,9.24315,495148065.8719622
1996-07-17 09:15:00,NSE:RELIANCE,8.89624,9.747555,8.751515,9.449595,643268246.7577213
1996-07-18 09:15:00,NSE:RELIANCE,9.532595,9.86461,9.532595,9.86461,489371213.2568507
1996-07-19 09:15:00,NSE:RELIANCE,9.93697,10.341345,9.93697,10.341345,226956895.79281598
1996-07-22 09:15:00,NSE:RELIANCE,10.00295,10.543535,9.55175,10.543535,233920938.86567894
1996-07-23 09:15:00,NSE:RELIANCE,10.556305,10.692515,10.060415,10.130645,281423901.8139043
1996-07-24 09:15:00,NSE:RELIANCE,10.005075,10.005075,9.24315,9.24315,258224423.52202022
1996-07-25 09:15:00,NSE:RELIANCE,9.185685,9.321895,8.80685,8.81111,342332425.5839394
1996-07-26 09:15:00,NSE:RELIANCE,8.81111,8.998395,8.615305,8.96009,307995162.52830434
1996-07-29 09:15:00,NSE:RELIANCE,8.974985,9.289975,8.92178,8.951575,255105423.82962897
1996-07-30 09:15:00,NSE:RELIANCE,8.900495,8.938805,8.581255,8.76854,237558425.8191848
1996-07-31 09:15:00,NSE:RELIANCE,8.853675,9.226125,8.419505,9.20484,241985757.85275766
1996-08-01 09:15:00,NSE:RELIANCE,9.277205,9.364465,8.879215,8.96009,330865942.5097723
1996-08-02 09:15:00,NSE:RELIANCE,8.904755,9.000525,8.74726,8.853675,209904964.2793768
1996-08-05 09:15:00,NSE:RELIANCE,8.79408,8.849415,8.642975,8.6749,132349122.88661008
1996-08-06 09:15:00,NSE:RELIANCE,8.640845,8.91752,8.5621,8.900495,190703168.14110756
1996-08-07 09:15:00,NSE:RELIANCE,8.800465,9.002655,8.74726,9.000525,176401157.38182688
1996-08-08 09:15:00,NSE:RELIANCE,9.01968,9.075015,8.74726,8.800465,165516962.96074098
1996-08-09 09:15:00,NSE:RELIANCE,8.802595,8.913265,8.725975,8.853675,137249715.87815887
1996-08-12 09:15:00,NSE:RELIANCE,8.89624,8.962215,8.815365,8.84516,111529678.79809125
1996-08-13 09:15:00,NSE:RELIANCE,8.83239,8.979245,8.802595,8.938805,113282198.04523675
1996-08-14 09:15:00,NSE:RELIANCE,8.753645,8.91752,8.753645,8.789825,99204703.57658894
1996-08-16 09:15:00,NSE:RELIANCE,8.789825,8.849415,8.70682,8.777055,87182583.06371199
1996-08-19 09:15:00,NSE:RELIANCE,8.74726,8.76854,8.34714,8.34714,129712267.89031848
1996-08-20 09:15:00,NSE:RELIANCE,8.31096,8.66213,8.26414,8.640845,203058832.63974258
1996-08-21 09:15:00,NSE:RELIANCE,8.717465,8.913265,8.66213,8.913265,178090682.84956628
1996-08-22 09:15:00,NSE:RELIANCE,9.1942,9.25592,8.923905,8.97286,270874058.9911369
1996-08-23 09:15:00,NSE:RELIANCE,8.98137,9.18356,8.938805,9.023935,201941904.47438022
1996-08-26 09:15:00,NSE:RELIANCE,9.002655,9.08353,8.8707,8.928165,161122743.04198185
1996-08-27 09:15:00,NSE:RELIANCE,8.89624,8.949445,8.76854,8.800465,174045351.55513158
1996-08-28 09:15:00,NSE:RELIANCE,8.853675,9.098425,8.853675,9.0814,99131210.8339785
1996-08-29 09:15:00,NSE:RELIANCE,9.10694,9.128225,8.977115,9.002655,100460541.10162881
1996-08-30 09:15:00,NSE:RELIANCE,8.98563,9.03245,8.94306,9.00691,70513459.90195127
1996-09-02 09:15:00,NSE:RELIANCE,9.028195,9.085655,8.98563,9.077145,68110004.9344363
1996-09-03 09:15:00,NSE:RELIANCE,9.085655,9.147375,8.7728,8.81111,159227276.37237716
1996-09-04 09:15:00,NSE:RELIANCE,8.779185,8.85793,8.730235,8.853675,78243927.29073153
1996-09-05 09:15:00,NSE:RELIANCE,8.87283,8.99201,8.87283,8.98137,82769788.05616517
1996-09-06 09:15:00,NSE:RELIANCE,9.00478,9.01755,8.85793,8.874955,64503207.25806315
1996-09-09 09:15:00,NSE:RELIANCE,8.891985,8.89624,8.789825,8.83239,62312962.00541642
1996-09-10 09:15:00,NSE:RELIANCE,8.817495,8.817495,8.69405,8.789825,83373074.63571493
1996-09-11 09:15:00,NSE:RELIANCE,8.730235,8.849415,8.602535,8.606795,71927589.4880167
1996-09-12 09:15:00,NSE:RELIANCE,8.59828,8.64936,8.4493,8.630205,156676028.30708104
1996-09-13 09:15:00,NSE:RELIANCE,8.638715,8.655745,8.493995,8.52592,104924215.70021671
1996-09-16 09:15:00,NSE:RELIANCE,8.47271,8.47271,8.147085,8.2237,120647624.55856588
1996-09-17 09:15:00,NSE:RELIANCE,8.217315,8.428015,8.206675,8.36417,102210637.51109332
1996-09-18 09:15:00,NSE:RELIANCE,8.30032,8.83239,8.28968,8.81111,117556083.69310607
1996-09-19 09:15:00,NSE:RELIANCE,8.766415,8.83452,8.38545,8.46207,141761847.23012683
1996-09-20 09:15:00,NSE:RELIANCE,8.41099,8.553585,8.342885,8.38545,91731864.59327531
1996-09-23 09:15:00,NSE:RELIANCE,8.345015,8.38545,8.179005,8.29819,94048097.40469418
1996-09-24 09:15:00,NSE:RELIANCE,8.30032,8.42376,8.279035,8.342885,76189360.94754098
1996-09-25 09:15:00,NSE:RELIANCE,8.42376,8.555715,8.36417,8.389705,85438139.94212982
1996-09-26 09:15:00,NSE:RELIANCE,8.3514,8.381195,8.193905,8.253495,75864700.69990659
1996-09-27 09:15:00,NSE:RELIANCE,8.255625,8.255625,7.96618,7.993845,148872068.1756703
1996-09-30 09:15:00,NSE:RELIANCE,7.959795,8.168365,7.89169,8.166235,143447334.63510457
1996-10-01 09:15:00,NSE:RELIANCE,8.17262,8.208805,8.02577,8.168365,107393087.28477879
1996-10-03 09:15:00,NSE:RELIANCE,8.193905,8.296065,8.01513,8.07472,88039459.98592672
1996-10-04 09:15:00,NSE:RELIANCE,8.119415,8.183265,7.92787,8.155595,103855744.28825432
1996-10-07 09:15:00,NSE:RELIANCE,8.13644,8.13644,7.683115,7.96192,156932041.48740694
1996-10-08 09:15:00,NSE:RELIANCE,7.921485,8.08749,7.72781,8.06621,113438067.26860128
1996-10-09 09:15:00,NSE:RELIANCE,8.08749,8.17262,7.970435,8.08749,101126013.84800433
1996-10-10 09:15:00,NSE:RELIANCE,8.07472,8.342885,8.03641,8.32373,112141041.50320432
1996-10-11 09:15:00,NSE:RELIANCE,8.353525,8.4493,8.219445,8.266265,125888222.43631539
1996-10-14 09:15:00,NSE:RELIANCE,8.22583,8.257755,8.02577,8.05131,93234831.56051749
1996-10-15 09:15:00,NSE:RELIANCE,8.008745,8.15134,7.906585,7.970435,93540916.71936423
1996-10-16 09:15:00,NSE:RELIANCE,8.17475,8.21306,7.995975,8.019385,80332413.36129616
1996-10-17 09:15:00,NSE:RELIANCE,7.983205,8.30032,7.910845,8.25988,161860900.91842744
1996-10-18 09:15:00,NSE:RELIANCE,8.279035,8.428015,8.16411,8.29819,259177406.3384347
1996-10-22 09:15:00,NSE:RELIANCE,8.353525,8.74726,8.353525,8.725975,233331381.69959497
1996-10-23 09:15:00,NSE:RELIANCE,9.03245,9.138865,8.89624,9.138865,185351927.34315228
1996-10-24 09:15:00,NSE:RELIANCE,9.149505,9.40277,8.879215,8.879215,383321185.65316796
1996-10-25 09:15:00,NSE:RELIANCE,8.936675,9.162275,8.91965,9.087785,177149006.6089364
1996-10-28 09:15:00,NSE:RELIANCE,9.151635,9.1942,8.96009,9.01755,114709249.43218754
1996-10-29 09:15:00,NSE:RELIANCE,8.962215,9.1942,8.77067,8.864315,147277840.98957032
1996-10-31 09:15:00,NSE:RELIANCE,8.70682,8.70682,8.49612,8.630205,100896651.88200937
1996-11-01 09:15:00,NSE:RELIANCE,8.66,9.1942,8.319475,8.3514,101831059.60963619
1996-11-04 09:15:00,NSE:RELIANCE,8.30032,8.30032,7.95128,8.055565,126787095.21144754
1996-11-05 09:15:00,NSE:RELIANCE,8.008745,8.11516,7.832095,7.84274,98984225.34873766
1996-11-06 09:15:00,NSE:RELIANCE,7.710785,7.885305,7.497955,7.872535,216322253.6516334
1996-11-07 09:15:00,NSE:RELIANCE,7.89169,7.932125,7.78953,7.90446,114009856.958438
1996-11-08 09:15:00,NSE:RELIANCE,7.93851,8.006615,7.683115,7.981075,90218398.66278875
1996-11-11 09:15:00,NSE:RELIANCE,7.77889,7.9151,7.695885,7.84912,92566128.36392067
1996-11-13 09:15:00,NSE:RELIANCE,7.746965,7.99172,7.746965,7.929995,52811400.28070296
1996-11-14 09:15:00,NSE:RELIANCE,7.91723,7.959795,7.80443,7.836355,45566308.03826362
1996-11-15 09:15:00,NSE:RELIANCE,7.8172,7.9981,7.79166,7.96405,51673474.18889185
1996-11-18 09:15:00,NSE:RELIANCE,7.981075,8.181135,7.981075,8.155595,92583088.22760768
1996-11-19 09:15:00,NSE:RELIANCE,8.179005,8.21306,7.97895,8.130055,85096519.8308284
1996-11-20 09:15:00,NSE:RELIANCE,8.06621,8.06621,7.75122,7.761865,67080298.92517001
1996-11-21 09:15:00,NSE:RELIANCE,7.770375,7.857635,7.570315,7.59373,120922212.82769957
1996-11-22 09:15:00,NSE:RELIANCE,7.56393,7.69163,7.51924,7.587345,133832707.15250428
1996-11-25 09:15:00,NSE:RELIANCE,7.544775,8.10026,7.395795,8.08749,206034077.2970944
1996-11-26 09:15:00,NSE:RELIANCE,8.070465,8.28542,7.79166,7.80017,229643822.76758835
1996-11-27 09:15:00,NSE:RELIANCE,7.78953,7.78953,7.544775,7.72781,128285216.5033677
1996-11-28 09:15:00,NSE:RELIANCE,7.746965,7.82997,7.64055,7.67886,74981172.56332082
1996-11-29 09:15:00,NSE:RELIANCE,7.74271,7.8023,7.674605,7.706525,58092378.78626918
1996-12-02 09:15:00,NSE:RELIANCE,7.672475,7.7874,7.62565,7.7044,42195333.2283081
1996-12-03 09:15:00,NSE:RELIANCE,7.661835,7.934255,7.649065,7.66609,115444176.85841176
1996-12-04 09:15:00,NSE:RELIANCE,7.7044,7.7044,7.53839,7.59373,77833660.1121417
1996-12-05 09:15:00,NSE:RELIANCE,7.58096,7.870405,7.523495,7.806555,109072921.40185416
1996-12-06 09:15:00,NSE:RELIANCE,7.821455,7.872535,7.746965,7.810815,64289997.54321488
1996-12-09 09:15:00,NSE:RELIANCE,7.746965,7.855505,7.74058,7.768245,46932788.48348931
1996-12-10 09:15:00,NSE:RELIANCE,7.746965,7.76399,7.600115,7.657575,63368511.61647341
1996-12-11 09:15:00,NSE:RELIANCE,7.68099,8.18539,7.68099,8.18539,117956659.52101189
1996-12-12 09:15:00,NSE:RELIANCE,8.257755,8.315215,7.972565,7.99172,140085243.5632727
1996-12-13 09:15:00,NSE:RELIANCE,7.96405,8.044925,7.88743,7.981075,72971832.523289
1996-12-16 09:15:00,NSE:RELIANCE,8.057695,8.342885,8.057695,8.257755,114539650.7953773
1996-12-17 09:15:00,NSE:RELIANCE,8.279035,8.34714,8.096005,8.21093,97361731.72314598
1996-12-18 09:15:00,NSE:RELIANCE,8.30032,8.45994,8.242855,8.279035,114032470.11002734
1996-12-19 09:15:00,NSE:RELIANCE,8.279035,8.406735,8.204545,8.391835,77097925.07335714
1996-12-20 09:15:00,NSE:RELIANCE,8.41099,8.74726,8.41099,8.68341,207043592.9924523
1996-12-23 09:15:00,NSE:RELIANCE,8.72385,8.72385,8.49612,8.553585,120022532.44000715
1996-12-24 09:15:00,NSE:RELIANCE,8.530175,8.59828,8.4493,8.555715,88136373.49268682
1996-12-31 09:15:00,NSE:RELIANCE,8.97073,8.98137,8.730235,8.76854,60190556.20749779
1997-01-01 09:15:00,NSE:RELIANCE,8.91752,9.385745,8.91752,9.300615,163110277.5430047
1997-01-02 09:15:00,NSE:RELIANCE,9.362335,9.364465,9.09204,9.102685,120293890.25891946
1997-01-03 09:15:00,NSE:RELIANCE,9.04735,9.247405,9.04735,9.23251,113325809.12327482
1997-01-06 09:15:00,NSE:RELIANCE,9.27933,9.321895,9.13035,9.151635,75862277.8622456
1997-01-07 09:15:00,NSE:RELIANCE,9.15589,9.298485,9.100555,9.211225,111219555.57646282
1997-01-08 09:15:00,NSE:RELIANCE,9.447465,9.575165,9.300615,9.321895,156150272.53292334
1997-01-09 09:15:00,NSE:RELIANCE,9.311255,9.44534,9.251665,9.41767,116281671.07927847
1997-01-10 09:15:00,NSE:RELIANCE,9.513445,9.55175,9.41767,9.438955,117139355.61405353
1997-01-13 09:15:00,NSE:RELIANCE,9.364465,9.49216,9.300615,9.47939,96469319.84845653
1997-01-14 09:15:00,NSE:RELIANCE,9.534725,10.02423,9.43257,10.02423,124069478.95954248
1997-01-15 09:15:00,NSE:RELIANCE,10.00295,10.526505,9.94123,10.526505,211884422.6548362
1997-01-16 09:15:00,NSE:RELIANCE,11.265025,11.265025,10.109365,10.11149,245780729.2547487
1997-01-17 09:15:00,NSE:RELIANCE,9.917815,10.51374,9.917815,10.32219,210250622.4534599
1997-01-20 09:15:00,NSE:RELIANCE,10.38604,10.407325,9.930585,10.005075,124143779.31473322
1997-01-21 09:15:00,NSE:RELIANCE,9.9391,10.08808,9.709245,9.896535,131053712.34631385
1997-01-22 09:15:00,NSE:RELIANCE,10.08808,10.492455,10.08808,10.492455,168593159.18763444
1997-01-24 09:15:00,NSE:RELIANCE,10.726565,11.116045,10.726565,11.024525,300059561.5502192
1997-01-27 09:15:00,NSE:RELIANCE,11.27992,11.70558,11.21607,11.514035,297948462.3280852
1997-01-28 09:15:00,NSE:RELIANCE,11.65237,11.75453,11.39272,11.75453,193206767.06558403
1997-01-29 09:15:00,NSE:RELIANCE,12.25893499,12.25893499,11.42039,11.445925,290377094.6128908
1997-01-30 09:15:00,NSE:RELIANCE,11.450185,11.85456,11.4289,11.771555,341809092.6474627
1997-01-31 09:15:00,NSE:RELIANCE,11.43103,11.620445,11.237355,11.35654,295439210.11570644
1997-02-03 09:15:00,NSE:RELIANCE,11.04581,11.26928,10.641435,10.72231,222626477.26600328
1997-02-04 09:15:00,NSE:RELIANCE,10.752105,11.40336,10.70954,11.21607,281073397.9644792
1997-02-05 09:15:00,NSE:RELIANCE,11.5566,11.658755,11.12243,11.15435,211995873.18760234
1997-02-06 09:15:00,NSE:RELIANCE,11.19692,11.50552,11.04794,11.49275,256857943.07677445
1997-02-07 09:15:00,NSE:RELIANCE,11.4289,11.724735,11.322485,11.620445,261868371.3759687
1997-02-10 09:15:00,NSE:RELIANCE,11.65237,11.684295,11.40336,11.607675,186266144.75687075
1997-02-11 09:15:00,NSE:RELIANCE,11.533185,11.78858,11.49275,11.77794,146362815.9632915
1997-02-12 09:15:00,NSE:RELIANCE,11.70558,11.843915,11.560855,11.59278,145195008.20690814
1997-02-13 09:15:00,NSE:RELIANCE,11.588525,11.70345,11.51829,11.558725,116758970.10003604
1997-02-14 09:15:00,NSE:RELIANCE,11.57788,11.70558,11.56724,11.684295,83265662.16571043
1997-02-17 09:15:00,NSE:RELIANCE,11.811995,11.918405,11.64173,11.74176,134825262.98417518
1997-02-18 09:15:00,NSE:RELIANCE,11.72686,11.72686,11.33313,11.471465,144619180.45426968
1997-02-19 09:15:00,NSE:RELIANCE,11.497005,11.645985,11.34164,11.60129,167459271.15860507
1997-02-20 09:15:00,NSE:RELIANCE,11.57788,11.64173,11.435285,11.460825,120717886.85095498
1997-02-21 09:15:00,NSE:RELIANCE,11.40762,11.46508,11.296945,11.311845,115557242.61629856
1997-02-24 09:15:00,NSE:RELIANCE,11.250125,11.25864,10.85639,10.88193,138039560.95820582
1997-02-25 09:15:00,NSE:RELIANCE,10.854265,11.4438,10.77126,11.024525,295995655.16697675
1997-02-26 09:15:00,NSE:RELIANCE,11.062835,11.301205,10.998985,11.27992,148484414.1486498
1997-02-27 09:15:00,NSE:RELIANCE,11.28418,11.524675,11.275665,11.51616,161103360.34063384
1997-02-28 09:15:00,NSE:RELIANCE,12.39726999,12.72715499,12.17379999,12.50368499,95219943.22387931
1997-03-03 09:15:00,NSE:RELIANCE,13.07193999,13.34435999,12.91869999,12.99957499,193277029.35799316
1997-03-04 09:15:00,NSE:RELIANCE,13.04639999,13.19324999,12.87400999,13.09960499,168887937.7706765
1997-03-05 09:15:00,NSE:RELIANCE,13.53590499,13.61890999,12.69310499,12.93785499,361608522.07739925
1997-03-06 09:15:00,NSE:RELIANCE,12.73141499,12.89741999,12.62073999,12.79951999,240804220.68290848
1997-03-10 09:15:00,NSE:RELIANCE,12.53135499,12.53135499,12.11420999,12.18231499,221413443.20646107
1997-03-11 09:15:00,NSE:RELIANCE,12.08866999,12.21636499,11.40762,11.533185,327371402.9787258
1997-03-12 09:15:00,NSE:RELIANCE,11.956715,12.08228499,11.68855,11.8652,251660956.27706307
1997-03-13 09:15:00,NSE:RELIANCE,11.980125,11.997155,11.637475,11.709835,160366010.0767486
1997-03-14 09:15:00,NSE:RELIANCE,11.57788,12.13123499,11.5268,11.946075,391590330.61697125
1997-03-17 09:15:00,NSE:RELIANCE,12.00141,12.17379999,11.858815,12.11207999,273893722.339087
1997-03-18 09:15:00,NSE:RELIANCE,12.10995499,12.46750499,12.071645,12.27170499,267205882.76047832
1997-03-19 09:15:00,NSE:RELIANCE,12.51219999,12.56753499,11.960975,12.018435,204817005.17477044
1997-03-20 09:15:00,NSE:RELIANCE,11.93969,12.25680499,11.80135,12.09930999,248089693.55316454
1997-03-21 09:15:00,NSE:RELIANCE,12.25893499,12.38237499,12.18444499,12.28234499,171544983.0808765
1997-03-25 09:15:00,NSE:RELIANCE,12.37598999,12.42919499,12.17592999,12.28234499,183748816.41890863
1997-03-26 09:15:00,NSE:RELIANCE,12.41855499,12.59519999,12.36747499,12.41642499,240732343.16539872
1997-03-27 09:15:00,NSE:RELIANCE,12.36534499,12.45898999,12.28021499,12.41216999,128886887.8577968
1997-03-31 09:15:00,NSE:RELIANCE,11.54383,11.54383,11.17138,11.186275,2103023.09657061
1997-04-01 09:15:00,NSE:RELIANCE,11.19479,11.32036,10.21578,11.113915,276355325.410646
1997-04-02 09:15:00,NSE:RELIANCE,11.488495,11.571495,11.162865,11.29056,213276746.70187265
1997-04-03 09:15:00,NSE:RELIANCE,11.32036,11.48211,11.203305,11.40336,168085170.8897442
1997-04-04 09:15:00,NSE:RELIANCE,11.2331,11.396975,11.15435,11.39059,112761287.94642109
1997-04-07 09:15:00,NSE:RELIANCE,11.311845,11.32036,11.164995,11.237355,102377005.6976822
1997-04-09 09:15:00,NSE:RELIANCE,11.573625,11.711965,11.499135,11.663015,203522402.24703452
1997-04-10 09:15:00,NSE:RELIANCE,11.514035,11.56724,10.90747,11.352285,198405369.09041622
1997-04-11 09:15:00,NSE:RELIANCE,10.939395,11.533185,10.92024,11.396975,163229804.20133415
1997-04-15 09:15:00,NSE:RELIANCE,11.396975,11.46721,11.22033,11.36931,109457344.97865336
1997-04-17 09:15:00,NSE:RELIANCE,11.450185,11.95459,11.399105,11.92905,207873818.7003159
1997-04-21 09:15:00,NSE:RELIANCE,11.982255,12.73992499,11.96523,12.73992499,234869076.00675145
1997-04-22 09:15:00,NSE:RELIANCE,13.02511499,13.53590499,12.64415499,12.76971999,419066117.39440566
1997-04-23 09:15:00,NSE:RELIANCE,13.19537999,13.23794499,13.00383499,13.05916999,220806926.17668998
1997-04-24 09:15:00,NSE:RELIANCE,13.10386499,13.14216999,12.90167499,12.95275499,161989311.31488058
1997-04-25 09:15:00,NSE:RELIANCE,12.89528999,13.02937499,12.86762499,13.02937499,139856689.2098381
1997-04-28 09:15:00,NSE:RELIANCE,12.98254999,13.09321999,12.91869999,12.98254999,100040582.57235497
1997-04-29 09:15:00,NSE:RELIANCE,12.94211499,13.01234499,12.90167499,12.98680499,90251510.77760246
1997-04-30 09:15:00,NSE:RELIANCE,13.30179499,13.39756499,13.15281499,13.19112499,196055216.55162323
1997-05-02 09:15:00,NSE:RELIANCE,13.06767999,13.10811999,12.97190999,12.99957499,94202351.40295804
1997-05-05 09:15:00,NSE:RELIANCE,12.82079999,12.87613499,12.69735999,12.71651499,148686317.28773338
1997-05-06 09:15:00,NSE:RELIANCE,12.76971999,12.93998499,12.72928499,12.91869999,114497654.94243991
1997-05-07 09:15:00,NSE:RELIANCE,12.93998499,12.93998499,12.77823499,12.79313499,79706513.63015704
1997-05-08 09:15:00,NSE:RELIANCE,12.80802999,12.87187999,12.74417999,12.84420999,57310609.83178554
1997-05-09 09:15:00,NSE:RELIANCE,12.87613499,12.89316499,12.79100499,12.80377499,49176336.16485811
1997-05-12 09:15:00,NSE:RELIANCE,12.81228999,12.84420999,12.43345499,12.44621999,157709772.3791289
1997-05-13 09:15:00,NSE:RELIANCE,12.45047999,12.53560999,12.41216999,12.46750499,95885415.97025478
1997-05-14 09:15:00,NSE:RELIANCE,12.46324999,12.63776999,12.26531999,12.62073999,206349046.19404474
1997-05-15 09:15:00,NSE:RELIANCE,12.52496999,12.62073999,12.48240499,12.49091499,112922002.84512764
1997-05-16 09:15:00,NSE:RELIANCE,12.49304499,12.57817499,12.47601999,12.54624999,67107757.75208137
1997-05-19 09:15:00,NSE:RELIANCE,12.68458999,12.81654499,12.58455999,12.63563999,92931976.85191214
1997-05-20 09:15:00,NSE:RELIANCE,12.65266499,12.71864499,12.60796999,12.64627999,37264858.57218696
1997-05-21 09:15:00,NSE:RELIANCE,12.64202499,12.64202499,12.41003999,12.43770999,88477993.60398825
1997-05-22 09:15:00,NSE:RELIANCE,12.47601999,12.49304499,12.23764999,12.36534499,141987978.74588037
1997-05-23 09:15:00,NSE:RELIANCE,12.30149999,12.53347999,12.19933999,12.29085499,192222287.35947648
1997-05-26 09:15:00,NSE:RELIANCE,12.31213999,12.39514499,12.23764999,12.27170499,82201228.81652981
1997-05-27 09:15:00,NSE:RELIANCE,12.31426999,12.44621999,12.01205,12.069515,195040047.568363
1997-05-28 09:15:00,NSE:RELIANCE,12.17379999,12.25254999,11.997155,12.043975,83656546.64297228
1997-05-29 09:15:00,NSE:RELIANCE,11.99928,12.60796999,11.956715,12.59945999,292551187.61443084
1997-05-30 09:15:00,NSE:RELIANCE,12.60158499,12.87187999,12.52496999,12.75056499,276667871.4699355
1997-06-02 09:15:00,NSE:RELIANCE,12.91869999,13.02298999,12.79313499,12.98041999,189028179.6993542
1997-06-03 09:15:00,NSE:RELIANCE,12.98254999,13.23368999,12.81228999,12.89316499,208336580.69506755
1997-06-04 09:15:00,NSE:RELIANCE,13.02511499,13.08257999,12.87826499,12.95700999,100780355.67390124
1997-06-05 09:15:00,NSE:RELIANCE,13.04214499,13.41884999,12.99531999,13.23794499,342812955.0549383
1997-06-06 09:15:00,NSE:RELIANCE,13.28050999,13.33371999,13.08896499,13.11875999,156537118.94738355
1997-06-09 09:15:00,NSE:RELIANCE,13.02511499,13.27412499,12.96126999,13.18686499,186912234.80189818
1997-06-10 09:15:00,NSE:RELIANCE,13.28050999,13.40820999,13.18686499,13.36563999,176633749.79802313
1997-06-11 09:15:00,NSE:RELIANCE,13.51461999,13.64231999,13.45289999,13.51461999,163548003.54852584
1997-06-12 09:15:00,NSE:RELIANCE,13.51036499,13.83173499,13.49333999,13.82747999,236913143.38671765
1997-06-13 09:15:00,NSE:RELIANCE,13.87642999,13.98284499,13.64231999,13.68913999,178561520.96988118
1997-06-16 09:15:00,NSE:RELIANCE,13.65934499,13.70616999,13.33371999,13.46141499,155386271.05468705
1997-06-17 09:15:00,NSE:RELIANCE,13.57846999,13.74873499,13.54228999,13.59975499,156856933.51967585
1997-06-18 09:15:00,NSE:RELIANCE,13.87642999,14.02328499,13.72106499,13.72744999,137853810.0702489
1997-06-19 09:15:00,NSE:RELIANCE,13.66359999,14.64261499,13.60187999,14.55748499,334170693.0901005
1997-06-20 09:15:00,NSE:RELIANCE,14.72987499,15.55777999,14.70646499,15.33430999,410985953.7687607
1997-06-23 09:15:00,NSE:RELIANCE,15.47264499,15.82168499,15.46200499,15.53862499,215827187.1546285
1997-06-24 09:15:00,NSE:RELIANCE,15.53649499,15.83445499,15.45987499,15.79188999,176692705.51464754
1997-06-25 09:15:00,NSE:RELIANCE,16.13241499,16.34098499,15.57905999,15.60246999,405751009.17891353
1997-06-26 09:15:00,NSE:RELIANCE,15.67483499,16.60063999,14.98739499,16.12389999,678220910.5812709
1997-06-27 09:15:00,NSE:RELIANCE,16.03876999,16.11112999,15.68547499,15.74932499,230302027.00096086
1997-06-30 09:15:00,NSE:RELIANCE,15.53649499,15.74506499,15.38964499,15.71101499,232661870.89041778
1997-07-01 09:15:00,NSE:RELIANCE,15.83445499,15.91107499,15.40879999,15.49392999,254973782.98295444
1997-07-02 09:15:00,NSE:RELIANCE,15.76847999,16.04302499,15.66418999,15.70675999,203358456.89810666
1997-07-03 09:15:00,NSE:RELIANCE,15.67483499,15.81316999,15.49818499,15.59395999,130296171.76852024
1997-07-04 09:15:00,NSE:RELIANCE,15.58969999,15.63226999,15.18319999,15.23427999,178722235.86858773
1997-07-07 09:15:00,NSE:RELIANCE,15.23853499,15.54713499,15.21086499,15.32366499,158668408.4834258
1997-07-08 09:15:00,NSE:RELIANCE,15.30450999,15.39815499,15.06826999,15.30238499,178148023.34107
1997-07-09 09:15:00,NSE:RELIANCE,15.49392999,15.61311499,15.45136499,15.55777999,124034751.6196281
1997-07-10 09:15:00,NSE:RELIANCE,15.66418999,15.83445499,15.51520999,15.51946999,199093454.98836106
1997-07-11 09:15:00,NSE:RELIANCE,15.42582499,15.45136499,15.20873999,15.27045999,139733932.1012873
1997-07-14 09:15:00,NSE:RELIANCE,15.15765999,15.23853499,14.64261499,14.69581999,182811178.24106053
1997-07-15 09:15:00,NSE:RELIANCE,14.84479999,14.95759999,14.70646499,14.83415999,155835303.63597295
1997-07-16 09:15:00,NSE:RELIANCE,15.02570499,15.14914499,14.85969999,14.94057499,170228574.6141115
1997-07-17 09:15:00,NSE:RELIANCE,14.94057499,15.00442499,14.79372499,14.91503499,112882429.82987125
1997-07-21 09:15:00,NSE:RELIANCE,14.68517999,14.72348999,14.56812499,14.69369499,64922358.17477666
1997-07-22 09:15:00,NSE:RELIANCE,14.77030999,14.78733999,14.58940499,14.64261499,94508436.56178474
1997-07-23 09:15:00,NSE:RELIANCE,14.81287499,15.38751499,14.80223499,15.35771999,234285172.12856978
1997-07-24 09:15:00,NSE:RELIANCE,15.45136499,15.53223999,15.02570499,15.04698999,189200201.17384538
1997-07-25 09:15:00,NSE:RELIANCE,15.02570499,15.08529999,14.72987499,14.94482999,174602604.21896225
1997-07-28 09:15:00,NSE:RELIANCE,14.98313999,15.06826999,14.85544499,15.00016499,89272684.35937725
1997-07-29 09:15:00,NSE:RELIANCE,14.94057499,15.11083999,14.90013499,15.08529999,139046653.81588277
1997-07-30 09:15:00,NSE:RELIANCE,15.18958499,15.27045999,15.00654999,15.06826999,78696997.93479912
1997-07-31 09:15:00,NSE:RELIANCE,15.07891499,15.36197499,15.01293499,15.32792499,141314429.87394154
1997-08-01 09:15:00,NSE:RELIANCE,15.36410499,15.52372499,15.30238499,15.45136499,174579183.45483258
1997-08-04 09:15:00,NSE:RELIANCE,15.53649499,15.59821499,15.40028499,15.46200499,119983767.03729106
1997-08-05 09:15:00,NSE:RELIANCE,15.49392999,15.87701999,15.41943999,15.86424999,153104765.5831626
1997-08-06 09:15:00,NSE:RELIANCE,15.91958499,15.96214999,15.75357999,15.91958499,24517501.9837498
1997-08-07 09:15:00,NSE:RELIANCE,15.41518499,16.08984999,15.41518499,15.80252999,280841613.1608233
1997-08-08 09:15:00,NSE:RELIANCE,15.75357999,15.92809999,15.74932499,15.85573999,110565389.40587203
1997-08-11 09:15:00,NSE:RELIANCE,15.83445499,16.14731499,15.75996499,16.13241499,162460957.04775587
1997-08-12 09:15:00,NSE:RELIANCE,16.14731499,16.40909499,15.96214999,16.04302499,203462638.91786984
1997-08-13 09:15:00,NSE:RELIANCE,15.91532999,16.03025999,15.83445499,15.92596999,98131386.48928459
1997-08-14 09:15:00,NSE:RELIANCE,15.89830499,15.99833499,15.83658499,15.84509499,85920284.63822939
1997-08-18 09:15:00,NSE:RELIANCE,15.83232499,15.83232499,15.50031499,15.55777999,74664588.44126976
1997-08-19 09:15:00,NSE:RELIANCE,15.57692999,15.65354999,15.32366499,15.41943999,100075309.91226934
1997-08-20 09:15:00,NSE:RELIANCE,15.43007999,15.59821499,15.33856499,15.55564999,91441124.07301496
1997-08-21 09:15:00,NSE:RELIANCE,15.61949999,15.66418999,15.25130499,15.28109999,76864525.04460049
1997-08-22 09:15:00,NSE:RELIANCE,15.25981999,15.32366499,14.79159499,14.79584999,156732561.1860044
1997-08-25 09:15:00,NSE:RELIANCE,14.71497499,14.71497499,14.30208999,14.50640499,166299539.52778497
1997-08-26 09:15:00,NSE:RELIANCE,14.51491499,14.74476999,14.44468499,14.72774499,159794220.38689184
1997-08-27 09:15:00,NSE:RELIANCE,14.97888499,15.31940999,14.74902999,14.79584999,102712972.52110125
1997-08-28 09:15:00,NSE:RELIANCE,14.70007999,14.77030999,14.38934999,14.43616999,124691340.62789996
1997-08-29 09:15:00,NSE:RELIANCE,14.39147499,14.42552999,13.95730499,14.08074499,169932180.8059688
1997-09-01 09:15:00,NSE:RELIANCE,14.07861999,14.46809499,14.04669499,14.46809499,159407373.97243172
1997-09-02 09:15:00,NSE:RELIANCE,14.47234999,14.58727999,14.15310999,14.49363499,176183909.60417685
1997-09-03 09:15:00,NSE:RELIANCE,14.66389499,14.74689999,14.40850499,14.47234999,155500144.42511418
1997-09-04 09:15:00,NSE:RELIANCE,14.43403999,14.70646499,14.34465499,14.67666499,154414713.14946485
1997-09-05 09:15:00,NSE:RELIANCE,14.70646499,14.78520999,14.56173999,14.65325499,136604433.44567174
1997-09-08 09:15:00,NSE:RELIANCE,14.55748499,14.70646499,14.47234999,14.70433499,76619818.4400392
1997-09-09 09:15:00,NSE:RELIANCE,14.71923499,14.78733999,14.60855999,14.73625999,89488316.91190654
1997-09-10 09:15:00,NSE:RELIANCE,14.56386999,14.64261499,14.47447999,14.55748499,80472130.33351398
1997-09-11 09:15:00,NSE:RELIANCE,14.62132999,14.95547499,14.59153499,14.75328499,172464046.16991696
1997-09-12 09:15:00,NSE:RELIANCE,14.70220499,14.76179999,14.63409999,14.70220499,80812135.21971478
1997-09-15 09:15:00,NSE:RELIANCE,14.67027999,14.75966999,14.62345999,14.67453999,48972010.1881135
1997-09-16 09:15:00,NSE:RELIANCE,14.69156499,15.07678499,14.69156499,14.98313999,136562437.59275436
1997-09-17 09:15:00,NSE:RELIANCE,14.98952499,15.06826999,14.96185499,15.00442499,11220161.24448494
1997-09-18 09:15:00,NSE:RELIANCE,14.81287499,14.85544499,14.66389499,14.77669499,92545130.43745197
1997-09-19 09:15:00,NSE:RELIANCE,14.81074999,14.96185499,14.74902999,14.76605499,84757322.55718797
1997-09-22 09:15:00,NSE:RELIANCE,14.74051499,14.74051499,14.30634499,14.32124499,98431010.74766862
1997-09-23 09:15:00,NSE:RELIANCE,14.30634499,14.45106999,14.25952499,14.38508999,78621082.35450768
1997-09-24 09:15:00,NSE:RELIANCE,14.60004999,14.72348999,14.45319499,14.50001999,63164185.63974881
1997-09-25 09:15:00,NSE:RELIANCE,14.42978499,14.83415999,14.38721999,14.81287499,162979444.30889046
1997-09-26 09:15:00,NSE:RELIANCE,14.85544499,15.10232499,14.85544499,14.98313999,146989523.30697092
1997-09-29 09:15:00,NSE:RELIANCE,15.15340499,15.41305499,15.11296499,15.22789499,139010311.25084773
1997-09-30 09:15:00,NSE:RELIANCE,15.23214999,15.44923499,15.18532999,15.40879999,114661600.2913678
1997-10-01 09:15:00,NSE:RELIANCE,15.36622999,15.47264499,15.10657999,15.46413499,139117723.72083217
1997-10-09 09:15:00,NSE:RELIANCE,15.50456999,16.42611999,15.46200499,16.42611999,329764358.98299634
1997-10-10 09:15:00,NSE:RELIANCE,16.46016999,17.94996999,16.46016999,17.94996999,486073731.1895256
1997-10-13 09:15:00,NSE:RELIANCE,18.29900999,18.76297999,18.10746499,18.23941999,473549275.6666206
1997-10-14 09:15:00,NSE:RELIANCE,18.21813499,18.43734999,16.64320499,16.77089999,478471674.1971986
1997-10-15 09:15:00,NSE:RELIANCE,17.09865999,17.35404999,16.82410999,17.19655999,234933685.01125824
1997-10-16 09:15:00,NSE:RELIANCE,17.23699499,17.59241999,17.00926999,17.28168999,261399148.4807744
1997-10-17 09:15:00,NSE:RELIANCE,17.28168999,17.60731999,17.18804499,17.26253499,241841195.2051778
1997-10-20 09:15:00,NSE:RELIANCE,17.24125499,17.50515999,17.02629499,17.46259499,151408779.21496046
1997-10-21 09:15:00,NSE:RELIANCE,17.49451999,17.86909499,17.23912499,17.49451999,283875813.5347994
1997-10-22 09:15:00,NSE:RELIANCE,17.62221499,17.82652999,17.48387999,17.55836999,188894116.0150187
1997-10-23 09:15:00,NSE:RELIANCE,17.57964999,17.68606499,17.07524499,17.26040499,226285769.7585382
1997-10-24 09:15:00,NSE:RELIANCE,17.23912499,17.23912499,16.61340999,16.86667499,260016515.78442207
1997-10-27 09:15:00,NSE:RELIANCE,16.21328999,16.73897749,16.03238499,16.11113249,50280948.23871538
1997-10-28 09:15:00,NSE:RELIANCE,16.05153999,16.05153999,14.49788999,14.49788999,59837225.71412151
1997-10-29 09:15:00,NSE:RELIANCE,14.84905749,15.96640999,14.84905749,15.85573749,68759527.33283518
1997-10-30 09:15:00,NSE:RELIANCE,15.83658249,15.83658249,15.22150749,15.43007999,24604320.33355574
1997-11-03 09:15:00,NSE:RELIANCE,15.45349249,15.82594249,15.02783499,15.40028499,39906761.14694066
1997-11-04 09:15:00,NSE:RELIANCE,15.40879749,15.70675749,14.92993249,15.18532749,41760635.76988814
1997-11-05 09:15:00,NSE:RELIANCE,15.66418999,15.94086999,15.46413499,15.55351999,55310961.1424177
1997-11-06 09:15:00,NSE:RELIANCE,15.49392999,15.49392999,15.08955499,15.34920499,57889264.2283651
1997-11-07 09:15:00,NSE:RELIANCE,15.15765999,15.31515499,15.07678499,15.19596999,29436266.25782606
1997-11-10 09:15:00,NSE:RELIANCE,15.11934999,15.11934999,14.82990499,14.83841499,35279746.90882517
1997-11-11 09:15:00,NSE:RELIANCE,14.82138999,15.09806999,14.77456999,14.95334499,35457421.67121872
1997-11-12 09:15:00,NSE:RELIANCE,14.89374999,15.01719499,14.34890999,14.41275999,87805656.15088993
1997-11-13 09:15:00,NSE:RELIANCE,14.31911499,14.34465499,13.77001499,13.99135999,88826478.42203254
1997-11-17 09:15:00,NSE:RELIANCE,14.07648999,14.32336999,13.91048499,14.21695499,68239222.9434498
1997-11-18 09:15:00,NSE:RELIANCE,14.17438999,14.21695499,13.83811999,13.89345499,54983474.25084214
1997-11-19 09:15:00,NSE:RELIANCE,13.85940499,13.85940499,13.33158999,13.36563999,93037774.09679595
1997-11-20 09:15:00,NSE:RELIANCE,13.28476499,13.51461999,12.88039499,13.22517499,76448604.57810833
1997-11-21 09:15:00,NSE:RELIANCE,13.11875999,13.44225999,13.02511499,13.28050999,57988600.57278622
1997-11-24 09:15:00,NSE:RELIANCE,13.11024999,13.34435999,12.56966499,12.63776999,77396337.91290067
1997-11-25 09:15:00,NSE:RELIANCE,12.55689499,13.65508999,12.52283999,13.38692499,127759056.9229499
1997-11-26 09:15:00,NSE:RELIANCE,13.53590499,14.21695499,13.53590499,13.93176499,111538966.34247507
1997-11-27 09:15:00,NSE:RELIANCE,13.87642999,14.25952499,13.54441999,14.19567499,104305584.4821006
1997-11-28 09:15:00,NSE:RELIANCE,14.14033999,14.14033999,13.34010499,13.53590499,107549764.12070362
1997-12-01 09:15:00,NSE:RELIANCE,13.37415499,13.78704499,13.21665999,13.67211499,60034686.98413326
1997-12-02 09:15:00,NSE:RELIANCE,13.64657499,13.79129999,13.36989999,13.41671999,62456313.23415577
1997-12-03 09:15:00,NSE:RELIANCE,13.52738999,13.72744999,13.38266999,13.52738999,60935174.98438602
1997-12-04 09:15:00,NSE:RELIANCE,13.42948999,14.60004999,13.06767999,13.58272999,212158203.3114096
1997-12-05 09:15:00,NSE:RELIANCE,13.62954999,14.51065999,13.62954999,13.94879499,149954672.80737844
1997-12-08 09:15:00,NSE:RELIANCE,13.97007499,14.38296499,13.96156499,14.26377999,79273633.2999978
1997-12-09 09:15:00,NSE:RELIANCE,14.30208999,14.43403999,12.94849999,13.28050999,142392188.83030775
1997-12-10 09:15:00,NSE:RELIANCE,13.11875999,13.35712999,12.90167499,13.13152999,64766085.14513198
1997-12-11 09:15:00,NSE:RELIANCE,13.11450499,13.40394999,12.73992499,13.40394999,88675858.68029018
1997-12-12 09:15:00,NSE:RELIANCE,13.35712999,13.35712999,12.75269499,12.83356999,109062422.43862982
1997-12-15 09:15:00,NSE:RELIANCE,12.78248999,13.22942999,12.56966499,13.13152999,102505819.90041552
1997-12-16 09:15:00,NSE:RELIANCE,13.19537999,13.42097999,12.96552499,13.37415499,81195347.37767339
1997-12-17 09:15:00,NSE:RELIANCE,13.45077499,13.61252499,13.20814999,13.38692499,42755816.34238013
1997-12-18 09:15:00,NSE:RELIANCE,13.42523499,13.86791999,13.28902499,13.34861499,78348109.31049469
1997-12-19 09:15:00,NSE:RELIANCE,13.31030499,13.73170999,13.23794499,13.67211499,73465283.79517329
1997-12-22 09:15:00,NSE:RELIANCE,13.78704499,13.99135999,13.71467999,13.84237999,52327640.35948268
1997-12-23 09:15:00,NSE:RELIANCE,13.91048499,14.07648999,13.86791999,14.00838499,48668347.8669478
1997-12-24 09:15:00,NSE:RELIANCE,13.89771499,13.89771499,13.59975499,13.79129999,41951434.2363071
1997-12-26 09:15:00,NSE:RELIANCE,13.87642999,14.23823999,13.83386499,14.19141999,55584741.79899107
1997-12-29 09:15:00,NSE:RELIANCE,14.17438999,14.49363499,14.17438999,14.43403999,47149632.4548591
1997-12-30 09:15:00,NSE:RELIANCE,14.51491499,14.51491499,13.98284499,14.11054499,41218929.6477639
1997-12-31 09:15:00,NSE:RELIANCE,14.04669499,14.42552999,14.04669499,14.29357499,35524453.51338648
1998-01-01 09:15:00,NSE:RELIANCE,14.20418499,14.57876499,14.12756999,14.38721999,49568835.86722058
1998-01-02 09:15:00,NSE:RELIANCE,14.47234999,14.57025499,14.36593499,14.45106999,26507055.51617343
1998-01-05 09:15:00,NSE:RELIANCE,14.48511999,14.85544499,14.48511999,14.66389499,52916389.9130264
1998-01-06 09:15:00,NSE:RELIANCE,14.58301999,14.68517999,14.37019499,14.64686999,39595628.40963186
1998-01-07 09:15:00,NSE:RELIANCE,14.71071999,14.74902999,14.40424499,14.66815499,58049575.32077146
1998-01-08 09:15:00,NSE:RELIANCE,14.65963999,14.70220499,14.23823999,14.23823999,65059248.50307334
1998-01-09 09:15:00,NSE:RELIANCE,14.22972499,14.22972499,13.88068999,13.94879499,60149771.7734009
1998-01-12 09:15:00,NSE:RELIANCE,13.88494499,13.88494499,13.20388999,13.25496999,67599997.60514516
1998-01-13 09:15:00,NSE:RELIANCE,13.30179499,13.69765499,13.30179499,13.40820999,49106073.872469
1998-01-14 09:15:00,NSE:RELIANCE,13.83386499,13.83386499,13.06767999,13.17409499,57729760.74849906
1998-01-15 09:15:00,NSE:RELIANCE,13.09321999,13.37415499,13.02511499,13.34435999,39984897.66175301
1998-01-16 09:15:00,NSE:RELIANCE,13.39117999,13.45077499,13.24219999,13.37840999,27941375.41612721
1998-01-19 09:15:00,NSE:RELIANCE,13.32307499,13.78278499,13.19963499,13.74873499,49047925.76840494
1998-01-20 09:15:00,NSE:RELIANCE,13.77427499,13.97432999,13.36989999,13.41671999,43651458.6672909
1998-01-21 09:15:00,NSE:RELIANCE,13.53590499,13.62103499,13.45928499,13.50185499,24656007.53714713
1998-01-22 09:15:00,NSE:RELIANCE,13.48482499,13.48482499,13.22091999,13.29753499,27823463.9829184
1998-01-23 09:15:00,NSE:RELIANCE,13.23794499,13.32307499,13.09321999,13.13152999,28761505.96704673
1998-01-27 09:15:00,NSE:RELIANCE,13.18686499,13.18686499,12.78674999,12.93572999,40721844.11937809
1998-01-28 09:15:00,NSE:RELIANCE,12.77823499,12.93998499,12.48452999,12.60796999,50289630.07369899
1998-01-29 09:15:00,NSE:RELIANCE,12.55689499,12.80377499,12.51858499,12.75694999,26885421.99879007
1998-01-30 09:15:00,NSE:RELIANCE,12.79525999,13.15706999,12.74843999,13.13152999,48021046.40307983
1998-02-02 09:15:00,NSE:RELIANCE,13.19537999,13.38266999,13.11875999,13.31881999,39055739.41574838
1998-02-03 09:15:00,NSE:RELIANCE,13.38692499,13.62529499,13.25071499,13.43374499,49834540.39823058
1998-02-04 09:15:00,NSE:RELIANCE,13.57846999,13.60826499,13.05490999,13.08896499,44105336.92393879
1998-02-05 09:15:00,NSE:RELIANCE,13.11024999,13.39969499,13.11024999,13.29753499,33809488.2501165
1998-02-06 09:15:00,NSE:RELIANCE,13.31456499,13.40820999,13.22091999,13.29753499,25414355.72750108
1998-02-09 09:15:00,NSE:RELIANCE,13.35287499,13.55292999,13.28476499,13.45077499,31190400.73007225
1998-02-10 09:15:00,NSE:RELIANCE,13.41246499,13.47205499,13.31456499,13.38692499,24788052.1901018
1998-02-11 09:15:00,NSE:RELIANCE,13.31456499,13.36563999,12.85059499,12.99957499,33506229.73523097
1998-02-12 09:15:00,NSE:RELIANCE,12.93998499,13.00383499,12.62925499,12.69735999,52894584.37399738
1998-02-13 09:15:00,NSE:RELIANCE,12.76546499,12.91869999,12.69310499,12.88464999,25744669.26303781
1998-02-17 09:15:00,NSE:RELIANCE,12.92721499,13.10598999,12.79525999,12.90167499,40347515.69952312
1998-02-18 09:15:00,NSE:RELIANCE,12.86336499,12.91869999,12.71864499,12.76546499,19165453.57323414
1998-02-19 09:15:00,NSE:RELIANCE,12.82931499,13.22942999,12.77397999,13.01234499,50239558.09519825
1998-02-20 09:15:00,NSE:RELIANCE,13.05916999,13.14429999,12.77397999,12.79525999,39359401.73691406
1998-02-23 09:15:00,NSE:RELIANCE,12.86336499,13.04639999,12.81654499,13.03362999,28392427.02881394
1998-02-24 09:15:00,NSE:RELIANCE,13.05490999,13.08896499,12.91444499,13.00808999,38608725.8658433
1998-02-25 09:15:00,NSE:RELIANCE,13.15281499,13.45077499,13.05065499,13.36563999,48256061.65697712
1998-02-26 09:15:00,NSE:RELIANCE,13.39543999,13.50185499,13.26348499,13.39969499,37833417.81180234
1998-02-27 09:15:00,NSE:RELIANCE,13.42097999,13.72744999,13.40820999,13.64657499,54860717.14227134
1998-03-02 09:15:00,NSE:RELIANCE,13.68913999,14.32336999,13.68913999,14.18290499,71283922.28065023
1998-03-03 09:15:00,NSE:RELIANCE,14.17438999,14.30208999,13.50185499,13.66359999,57327569.69545256
1998-03-04 09:15:00,NSE:RELIANCE,13.79981499,14.30208999,13.79129999,14.13182499,50084092.6781139
1998-03-05 09:15:00,NSE:RELIANCE,14.08925999,14.63409999,13.96156499,14.17013499,68342597.35065258
1998-03-06 09:15:00,NSE:RELIANCE,14.14033999,14.25100999,13.96156499,14.09777499,47707692.7312501
1998-03-09 09:15:00,NSE:RELIANCE,14.19141999,15.50669999,14.19141999,15.46838999,152647253.07003316
1998-03-10 09:15:00,NSE:RELIANCE,15.40879999,15.61311499,14.89800999,14.98313999,102952833.4503206
1998-03-11 09:15:00,NSE:RELIANCE,15.16617499,15.30663999,14.44255499,14.67666499,114498462.55500028
1998-03-12 09:15:00,NSE:RELIANCE,14.64261499,14.68092499,14.38296499,14.48937999,88046324.69264954
1998-03-16 09:15:00,NSE:RELIANCE,14.54896999,15.37899999,14.54896999,14.97462499,96972058.66474465
1998-03-17 09:15:00,NSE:RELIANCE,14.96185499,15.02570499,14.70220499,14.96185499,67923042.62765889
1998-03-18 09:15:00,NSE:RELIANCE,15.19596999,15.35771999,15.11934999,15.26407499,52756482.62688022
1998-03-19 09:15:00,NSE:RELIANCE,15.26832999,15.33643499,14.92780499,14.94908999,51761907.76380846
1998-03-20 09:15:00,NSE:RELIANCE,14.92780499,15.17468499,14.79159499,15.15340499,61167363.59432218
1998-03-23 09:15:00,NSE:RELIANCE,15.19596999,15.40879999,15.19596999,15.34069499,14203482.02741998
1998-03-24 09:15:00,NSE:RELIANCE,15.66418999,15.74080999,15.11083999,15.15340499,71382047.20623085
1998-03-25 09:15:00,NSE:RELIANCE,15.45136499,15.71526999,15.23853499,15.62162499,72170277.06117715
1998-03-26 09:15:00,NSE:RELIANCE,15.65141999,15.68547499,15.21724999,15.25981999,55847619.6860599
1998-03-27 09:15:00,NSE:RELIANCE,15.24704999,15.38751499,15.17468499,15.38325999,49164625.78279326
1998-03-30 09:15:00,NSE:RELIANCE,15.43859499,15.55351999,15.02996499,15.05975999,46517675.62955746
1998-03-31 09:15:00,NSE:RELIANCE,15.01293499,15.14914499,14.81287499,14.89800999,64857749.17026992
1998-04-01 09:15:00,NSE:RELIANCE,15.11083999,15.62162499,15.06826999,15.54500999,69600050.10079314
1998-04-02 09:15:00,NSE:RELIANCE,15.62162499,15.83445499,15.43859499,15.45136499,47323672.96073114
1998-04-03 09:15:00,NSE:RELIANCE,15.45136499,15.79188999,15.45136499,15.77060499,57105880.04876078
1998-04-06 09:15:00,NSE:RELIANCE,15.81316999,15.89404499,15.66418999,15.74080999,45438705.25437079
1998-04-07 09:15:00,NSE:RELIANCE,15.70675999,15.96214999,15.58757499,15.89404499,69759553.58065918
1998-04-09 09:15:00,NSE:RELIANCE,16.08133499,17.25189499,16.08133499,16.96670499,88152121.93753333
1998-04-10 09:15:00,NSE:RELIANCE,16.94116499,17.01778499,16.53678999,16.62617999,57325954.4703519
1998-04-13 09:15:00,NSE:RELIANCE,16.35375499,16.36226999,16.04302499,16.18349499,71111093.19359869
1998-04-15 09:15:00,NSE:RELIANCE,16.64320499,17.01778499,16.51550499,16.96670499,51956138.58358889
1998-04-16 09:15:00,NSE:RELIANCE,16.91562499,16.94116499,16.52827499,16.57935499,35527683.9636078
1998-04-17 09:15:00,NSE:RELIANCE,16.59212499,16.97947499,16.48145499,16.95393499,54741594.29022201
1998-04-20 09:15:00,NSE:RELIANCE,17.00075499,17.21358499,16.72833499,16.74535999,58815999.63668874
1998-04-21 09:15:00,NSE:RELIANCE,16.89859999,17.09014499,16.81346499,17.06885999,44701758.7967457
1998-04-22 09:15:00,NSE:RELIANCE,17.19655999,17.60093499,16.77089999,16.82197999,93663270.02163486
1998-04-23 09:15:00,NSE:RELIANCE,16.76238999,16.83900499,16.14943999,16.18774999,75085758.38936412
1998-04-24 09:15:00,NSE:RELIANCE,16.28139499,16.41334999,15.92384499,16.30267999,82187095.59680395
1998-04-27 09:15:00,NSE:RELIANCE,16.33247499,16.47293999,15.96214999,16.05579499,99476869.00806154
1998-04-28 09:15:00,NSE:RELIANCE,16.00471999,16.04302499,15.67270499,15.83445499,86083826.18087712
1998-04-29 09:15:00,NSE:RELIANCE,16.59212499,16.85603499,16.14518499,16.17497999,68098698.35865161
1998-04-30 09:15:00,NSE:RELIANCE,16.13666999,16.41760499,16.05579499,16.37503999,57891283.25974594
1998-05-04 09:15:00,NSE:RELIANCE,16.38780999,16.64320499,16.35375499,16.60063999,43966427.56424128
1998-05-05 09:15:00,NSE:RELIANCE,16.55807499,16.63043499,16.48996999,16.57935499,22199653.94721025
1998-05-06 09:15:00,NSE:RELIANCE,16.59212499,16.60063999,16.20051999,16.28564999,39361420.7682949
1998-05-08 09:15:00,NSE:RELIANCE,16.18774999,16.27713999,16.09836499,16.17497999,30531388.88413944
1998-05-11 09:15:00,NSE:RELIANCE,16.13666999,16.28139499,16.10261999,16.24734499,14466359.91448881
1998-05-12 09:15:00,NSE:RELIANCE,16.20903499,16.20903499,15.52372499,15.81316999,56944357.53749392
1998-05-13 09:15:00,NSE:RELIANCE,15.74932499,15.74932499,14.66815499,14.77030999,73606615.9925318
1998-05-14 09:15:00,NSE:RELIANCE,14.68517999,15.32366499,14.48086499,15.28109999,99818085.31310286
1998-05-15 09:15:00,NSE:RELIANCE,15.36197499,15.57054999,15.01719499,15.10657999,67011651.8579016
1998-05-18 09:15:00,NSE:RELIANCE,15.19170999,15.44710499,15.19170999,15.27684499,33173897.16831338
1998-05-19 09:15:00,NSE:RELIANCE,15.24704999,15.45136499,15.19596999,15.42582499,35781678.11255296
1998-05-20 09:15:00,NSE:RELIANCE,15.42582499,15.64716499,15.33217999,15.58331499,48538726.05167414
1998-05-21 09:15:00,NSE:RELIANCE,15.66418999,15.78763499,15.29812499,15.40879999,69112655.92307137
1998-05-22 09:15:00,NSE:RELIANCE,15.45136499,15.53649499,15.32366499,15.44284999,35946834.88032134
1998-05-25 09:15:00,NSE:RELIANCE,15.28109999,15.69398999,15.24704999,15.51946999,46355749.31203042
1998-05-26 09:15:00,NSE:RELIANCE,15.49392999,15.54500999,15.39176999,15.49392999,28240595.86823108
1998-05-27 09:15:00,NSE:RELIANCE,15.40879999,15.40879999,14.69794999,14.76179999,73039268.17173691
1998-05-28 09:15:00,NSE:RELIANCE,14.69369499,14.82138999,14.10628499,14.17438999,95695627.01953624
1998-05-29 09:15:00,NSE:RELIANCE,14.11905499,14.55748499,13.49333999,14.25952499,125267168.38051827
1998-06-01 09:15:00,NSE:RELIANCE,14.38721999,15.15340499,13.92750999,14.02540999,140871050.58053803
1998-06-02 09:15:00,NSE:RELIANCE,14.13182499,14.13182499,13.09321999,13.30179499,177159101.76590058
1998-06-03 09:15:00,NSE:RELIANCE,13.62103499,14.20844499,13.49759499,14.19141999,84649910.08720349
1998-06-04 09:15:00,NSE:RELIANCE,14.21695499,14.25952499,13.84237999,13.89771499,48069099.35017973
1998-06-05 09:15:00,NSE:RELIANCE,13.80406999,13.86791999,13.31456499,13.42523499,64806869.57922884
1998-06-08 09:15:00,NSE:RELIANCE,13.57846999,13.66359999,12.81228999,13.31030499,64630810.04195598
1998-06-09 09:15:00,NSE:RELIANCE,13.32307499,13.47205499,13.05065499,13.30179499,58390387.81953256
1998-06-10 09:15:00,NSE:RELIANCE,13.23794499,13.28050999,12.68458999,12.71012999,55287944.18454819
1998-06-11 09:15:00,NSE:RELIANCE,12.60796999,12.98680499,12.42919499,12.94849999,57052577.62003872
1998-06-12 09:15:00,NSE:RELIANCE,12.97829499,13.17409499,12.74417999,13.02511499,42126282.3547595
1998-06-15 09:15:00,NSE:RELIANCE,12.88039499,12.88039499,12.34406499,12.36108999,35062902.9374754
1998-06-16 09:15:00,NSE:RELIANCE,12.34406499,12.39939999,11.773685,12.35683499,61636182.68325626
1998-06-17 09:15:00,NSE:RELIANCE,12.62073999,13.34010499,12.62073999,13.21665999,47030913.40908993
1998-06-18 09:15:00,NSE:RELIANCE,13.23794499,13.49333999,12.59945999,12.62073999,47134691.6225729
1998-06-19 09:15:00,NSE:RELIANCE,12.52709499,12.52709499,12.00354,12.12272499,40767474.22879699
1998-06-22 09:15:00,NSE:RELIANCE,11.92692,12.10995499,11.10966,12.08866999,41369549.38950625
1998-06-23 09:15:00,NSE:RELIANCE,11.79071,12.02908,11.49275,11.833275,51718700.4920506
1998-06-24 09:15:00,NSE:RELIANCE,12.08866999,12.31852499,11.96523,12.30149999,32580301.93944765
1998-06-25 09:15:00,NSE:RELIANCE,12.30149999,12.70161499,12.30149999,12.44621999,39828624.63210831
1998-06-26 09:15:00,NSE:RELIANCE,12.51432499,12.59945999,12.10569499,12.21636499,36481474.39258266
1998-06-29 09:15:00,NSE:RELIANCE,12.21636499,12.48878999,12.08866999,12.45047999,22738331.52225325
1998-06-30 09:15:00,NSE:RELIANCE,12.50581499,12.50581499,12.17379999,12.19082999,45728638.16207082
1998-07-01 09:15:00,NSE:RELIANCE,12.00354,12.25041999,11.897125,12.071645,32444219.22371131
1998-07-02 09:15:00,NSE:RELIANCE,12.08015499,12.38237499,11.93969,12.11846499,39193437.35660535
1998-07-03 09:15:00,NSE:RELIANCE,12.12697999,12.16954499,11.794965,11.82476,27993062.61972861
1998-07-06 09:15:00,NSE:RELIANCE,11.99928,12.25467499,11.931175,12.23764999,24366074.62944711
1998-07-07 09:15:00,NSE:RELIANCE,12.24616499,12.40365499,12.15677499,12.34406499,39039587.16462167
1998-07-08 09:15:00,NSE:RELIANCE,12.42919499,12.57391999,12.35257999,12.39939999,28189312.47090986
1998-07-09 09:15:00,NSE:RELIANCE,12.47175999,12.64202499,12.36108999,12.44196499,36533161.59618406
1998-07-10 09:15:00,NSE:RELIANCE,12.50581499,12.80377499,12.49729999,12.76971999,50732201.75454218
1998-07-13 09:15:00,NSE:RELIANCE,12.77823499,13.14429999,12.45047999,12.47601999,47902327.35731066
1998-07-14 09:15:00,NSE:RELIANCE,12.51432499,12.66330999,12.40791499,12.66330999,28860438.50518769
1998-07-15 09:15:00,NSE:RELIANCE,12.85485499,12.97403499,12.52709499,12.64202499,34932877.31590157
1998-07-16 09:15:00,NSE:RELIANCE,12.66756499,12.89316499,12.57817499,12.82931499,27712821.0626926
1998-07-17 09:15:00,NSE:RELIANCE,12.85485499,12.93572999,12.60796999,12.72715499,32968359.7727283
1998-07-20 09:15:00,NSE:RELIANCE,12.88890499,12.88890499,12.36534499,12.41216999,25667138.45762572
1998-07-21 09:15:00,NSE:RELIANCE,12.44621999,12.54412499,11.960975,12.04185,45944270.71460008
1998-07-22 09:15:00,NSE:RELIANCE,12.13123499,12.24616499,11.92692,12.046105,38809417.58608639
1998-07-23 09:15:00,NSE:RELIANCE,12.02908,12.04185,11.50552,11.599165,44270089.88540702
1998-07-24 09:15:00,NSE:RELIANCE,11.53106,11.70558,11.34377,11.450185,40664907.43415452
1998-07-27 09:15:00,NSE:RELIANCE,11.49275,11.57788,11.075605,11.10966,31754518.10064578
1998-07-28 09:15:00,NSE:RELIANCE,11.14371,11.49275,11.113915,11.42039,42194525.61574776
1998-07-29 09:15:00,NSE:RELIANCE,11.49275,11.905635,11.348025,11.748145,45162501.76011645
1998-07-30 09:15:00,NSE:RELIANCE,11.82476,11.960975,11.535315,11.620445,27582391.6348586
1998-07-31 09:15:00,NSE:RELIANCE,11.658755,11.79071,11.535315,11.599165,18890057.69154014
1998-08-03 09:15:00,NSE:RELIANCE,11.497005,11.497005,11.224585,11.262895,17947977.64463014
1998-08-04 09:15:00,NSE:RELIANCE,11.25438,11.450185,11.25438,11.352285,25643717.69349602
1998-08-05 09:15:00,NSE:RELIANCE,11.237355,11.360795,11.075605,11.326745,34887651.01276285
1998-08-06 09:15:00,NSE:RELIANCE,11.36505,11.386335,11.050065,11.11817,40143189.72279854
1998-08-07 09:15:00,NSE:RELIANCE,11.152225,11.173505,11.037295,11.06709,36879627.38282748
1998-08-10 09:15:00,NSE:RELIANCE,11.04581,11.04581,10.764875,10.790415,33081425.5306151
1998-08-11 09:15:00,NSE:RELIANCE,10.77339,10.77339,10.52225,10.53502,49838982.26729242
1998-08-12 09:15:00,NSE:RELIANCE,10.38604,10.539275,10.22429,10.38604,40325306.35423393
1998-08-13 09:15:00,NSE:RELIANCE,10.38604,10.59887,10.28814,10.47117,33181569.48759655
1998-08-14 09:15:00,NSE:RELIANCE,10.47117,10.52225,10.220035,10.254085,43643786.34800773
1998-08-17 09:15:00,NSE:RELIANCE,10.377525,10.47117,10.1647,10.1647,33241736.62304146
1998-08-18 09:15:00,NSE:RELIANCE,10.194495,10.19875,9.7135,9.7433,60908523.77003502
1998-08-19 09:15:00,NSE:RELIANCE,9.781605,9.960385,8.98563,9.40703,121145517.699512
1998-08-20 09:15:00,NSE:RELIANCE,9.43257,10.071055,9.321895,10.071055,90483699.38753858
1998-08-21 09:15:00,NSE:RELIANCE,10.071055,10.44563,9.794375,9.87525,119857375.67223875
1998-08-24 09:15:00,NSE:RELIANCE,9.85397,10.079565,9.38149,9.72627,49490901.25552832
1998-08-25 09:15:00,NSE:RELIANCE,9.79012,10.00295,9.73053,9.845455,64113534.19966182
1998-08-27 09:15:00,NSE:RELIANCE,9.95187,10.032745,9.624115,9.649655,59374867.5256401
1998-08-28 09:15:00,NSE:RELIANCE,9.624115,9.624115,9.13461,9.16866,70991162.72898903
1998-08-31 09:15:00,NSE:RELIANCE,9.1942,9.313385,9.00691,9.14312,38164135.15359926
1998-09-01 09:15:00,NSE:RELIANCE,9.100555,9.100555,8.68341,8.777055,58294281.92533276
1998-09-02 09:15:00,NSE:RELIANCE,9.023935,9.049475,8.853675,8.938805,36471783.04191865
1998-09-03 09:15:00,NSE:RELIANCE,8.89624,9.313385,8.8707,9.087785,70226757.44447258
1998-09-04 09:15:00,NSE:RELIANCE,9.10481,9.768835,9.10481,9.768835,118656051.99476142
1998-09-07 09:15:00,NSE:RELIANCE,9.95187,10.117875,9.811405,9.95187,89602997.89489402
1998-09-08 09:15:00,NSE:RELIANCE,10.019975,10.019975,9.73904,9.917815,57113552.36804398
1998-09-09 09:15:00,NSE:RELIANCE,10.122135,10.3605,9.960385,10.032745,95615269.57018296
1998-09-10 09:15:00,NSE:RELIANCE,10.007205,10.33496,9.90079,10.194495,110125240.56270984
1998-09-11 09:15:00,NSE:RELIANCE,10.130645,10.130645,9.90505,10.02423,68193996.64029106
1998-09-14 09:15:00,NSE:RELIANCE,10.071055,10.51374,10.071055,10.47117,101357798.65166026
1998-09-15 09:15:00,NSE:RELIANCE,10.42435,10.428605,10.22429,10.27537,71579104.66997242
1998-09-16 09:15:00,NSE:RELIANCE,10.428605,10.44563,10.156185,10.19024,49294651.40434707
1998-09-17 09:15:00,NSE:RELIANCE,10.19024,10.420095,10.13916,10.23706,73819018.09483974
1998-09-18 09:15:00,NSE:RELIANCE,10.21578,10.27537,10.08808,10.21578,44854397.5698889
1998-09-21 09:15:00,NSE:RELIANCE,10.292395,10.62015,10.292395,10.38604,79968180.09840535
1998-09-22 09:15:00,NSE:RELIANCE,10.4584,10.50948,10.220035,10.28814,72976274.39235082
1998-09-23 09:15:00,NSE:RELIANCE,10.428605,10.57333,10.381785,10.505225,48918303.95313128
1998-09-24 09:15:00,NSE:RELIANCE,10.54779,10.74785,10.54779,10.692515,63416968.36985345
1998-09-25 09:15:00,NSE:RELIANCE,10.666975,10.913855,10.666975,10.76913,71860153.83956878
1998-09-28 09:15:00,NSE:RELIANCE,10.841495,10.88406,10.641435,10.692515,45723792.48672882
1998-09-29 09:15:00,NSE:RELIANCE,10.679745,10.79893,10.17747,10.28814,69673946.64968374
1998-09-30 09:15:00,NSE:RELIANCE,10.258345,10.317935,10.109365,10.168955,64584776.12625692
1998-10-05 09:15:00,NSE:RELIANCE,10.092335,10.092335,9.34318,9.34318,47821566.10167726
1998-10-06 09:15:00,NSE:RELIANCE,9.1942,9.43257,9.028195,9.33041,61738749.47789873
1998-10-07 09:15:00,NSE:RELIANCE,9.449595,9.79012,9.449595,9.79012,57678073.54487767
1998-10-08 09:15:00,NSE:RELIANCE,9.832685,9.896535,9.1942,9.23251,95711375.46438275
1998-10-09 09:15:00,NSE:RELIANCE,9.27933,9.696475,9.215485,9.42831,97809552.88561136
1998-10-12 09:15:00,NSE:RELIANCE,9.49216,9.62837,9.040965,9.14312,60161078.34918559
1998-10-13 09:15:00,NSE:RELIANCE,9.053735,9.053735,8.751515,8.85793,78115920.70055854
1998-10-14 09:15:00,NSE:RELIANCE,8.989885,9.40703,8.913265,9.321895,71426869.70310941
1998-10-15 09:15:00,NSE:RELIANCE,9.202715,9.27082,9.00691,9.05799,48362666.51440125
1998-10-16 09:15:00,NSE:RELIANCE,9.11758,9.275075,8.99414,9.126095,45990304.63029914
1998-10-19 09:15:00,NSE:RELIANCE,9.16866,9.16866,8.96009,8.98563,17173881.00942967
1998-10-20 09:15:00,NSE:RELIANCE,8.989885,8.989885,8.479095,8.64936,63352359.3653667
1998-10-22 09:15:00,NSE:RELIANCE,8.73449,9.13035,8.73449,9.11758,60687641.73588356
1998-10-23 09:15:00,NSE:RELIANCE,9.07076,9.177175,8.92178,9.10907,84969320.85321575
1998-10-26 09:15:00,NSE:RELIANCE,9.185685,9.811405,9.185685,9.811405,56298671.29874662
1998-10-27 09:15:00,NSE:RELIANCE,9.960385,10.02849,9.67945,9.922075,65954890.8279841
1998-10-28 09:15:00,NSE:RELIANCE,10.05403,10.05403,9.64114,9.658165,53380767.13287867
1998-10-29 09:15:00,NSE:RELIANCE,9.60283,9.670935,9.470875,9.670935,48545186.95211682
1998-10-30 09:15:00,NSE:RELIANCE,9.57729,9.72627,9.364465,9.36872,58998520.0744243
1998-11-02 09:15:00,NSE:RELIANCE,9.372975,9.500675,9.202715,9.38149,59180636.70585971
1998-11-03 09:15:00,NSE:RELIANCE,9.40703,9.40703,9.21974,9.236765,57182603.24161254
1998-11-05 09:15:00,NSE:RELIANCE,9.364465,9.496415,9.309125,9.483645,56604756.45757333
1998-11-06 09:15:00,NSE:RELIANCE,9.487905,10.207265,9.487905,10.19024,141559540.28478304
1998-11-09 09:15:00,NSE:RELIANCE,10.21578,10.666975,10.21578,10.46266,115864539.1939658
1998-11-10 09:15:00,NSE:RELIANCE,10.420095,10.50948,10.27537,10.50948,72405696.12133464
1998-11-11 09:15:00,NSE:RELIANCE,10.556305,10.577585,10.15193,10.1647,65284572.40626662
1998-11-12 09:15:00,NSE:RELIANCE,10.130645,10.854265,9.9391,10.841495,159973510.37438607
1998-11-13 09:15:00,NSE:RELIANCE,10.66272,10.75636,10.35199,10.37327,150020897.03698593
1998-11-16 09:15:00,NSE:RELIANCE,10.31368,10.31368,10.00295,10.02849,77152438.9208997
1998-11-17 09:15:00,NSE:RELIANCE,10.04126,10.31368,10.00295,10.21578,86312380.53431173
1998-11-18 09:15:00,NSE:RELIANCE,10.258345,10.407325,10.258345,10.35199,52887315.86099438
1998-11-19 09:15:00,NSE:RELIANCE,10.31368,10.594615,10.14767,10.17321,153011486.33292395
1998-11-20 09:15:00,NSE:RELIANCE,10.134905,10.343475,10.079565,10.19024,87035193.77219096
1998-11-23 09:15:00,NSE:RELIANCE,10.130645,10.14767,9.95187,9.99018,54712116.43192981
1998-11-24 09:15:00,NSE:RELIANCE,10.045515,10.117875,9.947615,9.947615,57508071.10178728
1998-11-26 09:15:00,NSE:RELIANCE,9.87525,10.06254,9.632625,9.658165,72257903.02353346
1998-11-27 09:15:00,NSE:RELIANCE,9.649655,9.722015,9.449595,9.53047,70965319.12719834
1998-11-30 09:15:00,NSE:RELIANCE,9.38149,9.55601,9.326155,9.55601,45683411.8589121
1998-12-01 09:15:00,NSE:RELIANCE,9.509185,9.611345,9.46662,9.547495,55753532.82326094
1998-12-02 09:15:00,NSE:RELIANCE,9.636885,9.819915,9.547495,9.624115,81373022.14006694
1998-12-03 09:15:00,NSE:RELIANCE,9.636885,9.64114,9.5177,9.534725,40622103.96867682
1998-12-04 09:15:00,NSE:RELIANCE,9.53047,9.683705,9.500675,9.662425,42250654.68841099
1998-12-07 09:15:00,NSE:RELIANCE,9.658165,9.89228,9.62837,9.86248,54565534.75294914
1998-12-08 09:15:00,NSE:RELIANCE,9.832685,9.909305,9.75181,9.883765,43739084.62964718
1998-12-09 09:15:00,NSE:RELIANCE,10.02849,10.232805,9.960385,10.06254,93829638.20822373
1998-12-10 09:15:00,NSE:RELIANCE,10.13916,10.24983,10.08808,10.168955,64109496.13688014
1998-12-11 09:15:00,NSE:RELIANCE,10.22429,10.241315,10.122135,10.20301,45599823.9593375
1998-12-14 09:15:00,NSE:RELIANCE,10.19024,10.258345,10.02423,10.058285,38684237.63985458
1998-12-15 09:15:00,NSE:RELIANCE,10.00295,10.083825,9.811405,9.811405,79740433.35753109
1998-12-16 09:15:00,NSE:RELIANCE,9.824175,9.92633,9.760325,9.922075,34778219.51137754
1998-12-17 09:15:00,NSE:RELIANCE,9.57729,9.80289,9.50493,9.534725,49431137.92636358
1998-12-18 09:15:00,NSE:RELIANCE,9.53047,9.662425,9.509185,9.59006,37220439.88158858
1998-12-21 09:15:00,NSE:RELIANCE,9.72627,9.943355,9.70499,9.92633,48392951.98525379
1998-12-22 09:15:00,NSE:RELIANCE,9.943355,10.096595,9.747555,10.06254,73604193.15487078
1998-12-23 09:15:00,NSE:RELIANCE,10.21578,10.21578,9.92633,9.92633,52561848.00081966
1998-12-24 09:15:00,NSE:RELIANCE,9.883765,9.968895,9.845455,9.90505,35872534.52515057
1998-12-28 09:15:00,NSE:RELIANCE,10.045515,10.33496,10.00295,10.258345,69329096.08816098
1998-12-29 09:15:00,NSE:RELIANCE,10.254085,10.292395,10.092335,10.156185,46625895.71210226
1998-12-30 09:15:00,NSE:RELIANCE,10.32645,10.603125,10.30942,10.4584,70134285.80677432
1998-12-31 09:15:00,NSE:RELIANCE,10.454145,10.454145,10.181725,10.181725,42559970.29747904
1999-01-01 09:15:00,NSE:RELIANCE,9.87840239,10.08008643,9.84547438,10.05950643,79894295.57468078
1999-01-04 09:15:00,NSE:RELIANCE,10.12536245,10.31058249,10.07185443,10.16652246,109783744.13882226
1999-01-05 09:15:00,NSE:RELIANCE,10.18710246,10.20768246,10.06773843,10.12536245,75049180.12667918
1999-01-06 09:15:00,NSE:RELIANCE,10.31058249,10.3435105,10.18298646,10.20768246,86335620.5497411
1999-01-07 09:15:00,NSE:RELIANCE,10.24472647,10.84566262,10.23237847,10.70160258,205951723.83012646
1999-01-08 09:15:00,NSE:RELIANCE,10.94856264,11.55772997,10.81684979,11.55772997,216750433.56436488
1999-01-11 09:15:00,NSE:RELIANCE,12.0187229,12.48383019,11.94463571,11.94463571,202269751.9301911
1999-01-12 09:15:00,NSE:RELIANCE,11.75118284,11.9240557,11.45482994,11.65651564,120467657.98241602
1999-01-13 09:15:00,NSE:RELIANCE,11.81292285,11.91993888,11.29842273,11.40955558,152175011.84126326
1999-01-14 09:15:00,NSE:RELIANCE,11.06380985,11.44248276,11.01030266,11.20786988,103409231.58688842
1999-01-15 09:15:00,NSE:RELIANCE,11.36016274,11.37662675,10.98972265,11.11731869,94513461.14042602
1999-01-18 09:15:00,NSE:RELIANCE,11.2696099,11.2696099,10.61928256,11.1543627,174682295.03559026
1999-01-19 09:15:00,NSE:RELIANCE,10.98972265,10.98972265,10.66044258,10.70571859,121058036.84858848
1999-01-21 09:15:00,NSE:RELIANCE,10.74276259,10.96914265,10.43406252,10.96914265,104184255.69515586
1999-01-22 09:15:00,NSE:RELIANCE,11.03088267,11.42190276,10.99795548,11.12143551,107691300.52363293
1999-01-25 09:15:00,NSE:RELIANCE,10.94856264,11.09673868,10.70983541,10.96502665,99416885.61224706
1999-01-27 09:15:00,NSE:RELIANCE,11.1749427,11.40132276,11.07204267,11.21610271,83273789.41355263
1999-01-28 09:15:00,NSE:RELIANCE,11.1543627,11.27784273,10.90740264,10.91151863,58002294.05878254
1999-01-29 09:15:00,NSE:RELIANCE,11.07204267,11.07204267,10.82508261,10.91974981,43638230.47224768
1999-02-01 09:15:00,NSE:RELIANCE,10.82508261,10.92798264,10.57812255,10.57812255,40181598.65394797
1999-02-02 09:15:00,NSE:RELIANCE,10.53696255,10.60281856,10.25707448,10.32293049,67800032.21745288
1999-02-03 09:15:00,NSE:RELIANCE,10.49580254,10.63986257,10.39701851,10.63986257,57562546.83747716
1999-02-04 09:15:00,NSE:RELIANCE,10.65632657,10.70160258,10.29000249,10.3393945,57241239.82080514
1999-02-05 09:15:00,NSE:RELIANCE,10.3393945,10.39701851,10.06773843,10.08420243,49929531.18810578
1999-02-08 09:15:00,NSE:RELIANCE,10.04304243,10.12536245,9.74257435,9.75492236,42401593.25874245
1999-02-09 09:15:00,NSE:RELIANCE,9.72199435,9.90309839,9.59851432,9.90309839,65272700.46627645
1999-02-10 09:15:00,NSE:RELIANCE,9.9195624,10.15005845,9.80431437,10.12536245,63341214.05225551
1999-02-11 09:15:00,NSE:RELIANCE,10.16652246,10.24884248,10.03069442,10.05127443,54292382.41826688
1999-02-12 09:15:00,NSE:RELIANCE,10.08420243,10.19945046,10.03481042,10.05127443,39627662.9276627
1999-02-15 09:15:00,NSE:RELIANCE,10.05127443,10.08420243,9.80019837,9.80843037,35880093.3759303
1999-02-16 09:15:00,NSE:RELIANCE,9.75080635,9.9236784,9.72199435,9.86193838,58078824.65254566
1999-02-17 09:15:00,NSE:RELIANCE,9.9442584,10.24061047,9.87017038,10.03069442,82078454.4252529
1999-02-18 09:15:00,NSE:RELIANCE,10.12536245,10.83331544,10.05127443,10.83331544,134536532.13586468
1999-02-19 09:15:00,NSE:RELIANCE,11.06380985,11.70179,11.03911549,11.64004999,197861346.7751709
1999-02-22 09:15:00,NSE:RELIANCE,11.76353002,11.76353002,10.78392261,10.78392261,156796609.36462346
1999-02-23 09:15:00,NSE:RELIANCE,10.7468786,11.35604674,10.70160258,11.34369874,139913110.04055437
1999-02-24 09:15:00,NSE:RELIANCE,11.44248276,11.73883566,11.26137872,11.59888998,205133575.33965924
1999-02-25 09:15:00,NSE:RELIANCE,11.53303561,11.83350286,11.38074275,11.50010678,170076489.5395145
1999-02-26 09:15:00,NSE:RELIANCE,11.56184679,11.68121,11.38074275,11.51656996,104752161.29173128
1999-03-01 09:15:00,NSE:RELIANCE,11.93640288,12.05988291,11.66474682,11.93640288,153524622.78841883
1999-03-03 09:15:00,NSE:RELIANCE,12.33977016,12.78018309,12.14220293,12.38916299,201876166.01940942
1999-03-04 09:15:00,NSE:RELIANCE,12.71844307,12.75960308,12.31095897,12.47971584,114097397.13013564
1999-03-05 09:15:00,NSE:RELIANCE,12.64435588,12.96128713,12.47148301,12.57026703,151929628.03268963
1999-03-08 09:15:00,NSE:RELIANCE,12.75960308,12.9160103,12.35211898,12.57849904,114726041.29318966
1999-03-09 09:15:00,NSE:RELIANCE,12.56615021,12.63612305,12.26568296,12.34800298,115791395.74922507
1999-03-10 09:15:00,NSE:RELIANCE,12.49206302,12.49206302,11.71002283,11.85408286,96375705.58866122
1999-03-11 09:15:00,NSE:RELIANCE,11.86231569,11.93640288,11.4918756,11.4918756,60222896.04924183
1999-03-12 09:15:00,NSE:RELIANCE,11.49598995,11.5824268,11.21610271,11.32723556,82452603.9947613
1999-03-15 09:15:00,NSE:RELIANCE,11.40955558,11.74706684,11.27784273,11.46306277,70988199.57191695
1999-03-16 09:15:00,NSE:RELIANCE,11.39308993,11.50422278,10.98972265,10.98972265,76969733.59873398
1999-03-17 09:15:00,NSE:RELIANCE,11.1543627,11.43013558,10.83331544,10.86624262,69772213.47101451
1999-03-18 09:15:00,NSE:RELIANCE,10.86624262,10.96914265,10.7592266,10.96502665,52033515.13092607
1999-03-19 09:15:00,NSE:RELIANCE,10.98972265,11.44248276,10.85389544,10.90740264,93732363.17551056
1999-03-22 09:15:00,NSE:RELIANCE,10.79215543,10.86624262,10.42994652,10.56988973,45920785.80051518
1999-03-23 09:15:00,NSE:RELIANCE,10.56988973,10.61928256,10.41348252,10.53284654,71005813.75619577
1999-03-24 09:15:00,NSE:RELIANCE,10.66455857,11.1790587,10.13359445,10.50815054,99237706.84113505
1999-03-25 09:15:00,NSE:RELIANCE,10.45464252,10.56165855,10.21591447,10.25295848,40844863.79989478
1999-03-26 09:15:00,NSE:RELIANCE,10.17063846,10.30646649,9.9401424,10.03892643,50676615.5557931
1999-03-30 09:15:00,NSE:RELIANCE,9.86605438,10.17063846,9.66437033,10.17063846,89633117.32386683
1999-03-31 09:15:00,NSE:RELIANCE,10.61928256,10.90328663,10.54519537,10.73452977,56797216.6044197
1999-04-01 09:15:00,NSE:RELIANCE,10.77568978,11.03911549,10.66044258,10.80861861,57598698.43224524
1999-04-05 09:15:00,NSE:RELIANCE,10.37232251,10.49991854,9.9442584,9.9483744,55989940.31735199
1999-04-06 09:15:00,NSE:RELIANCE,9.79608237,10.61104974,9.69318234,10.37643851,71562179.02514018
1999-04-07 09:15:00,NSE:RELIANCE,10.31058249,10.51226654,10.17063846,10.32704649,48963447.84512306
1999-04-08 09:15:00,NSE:RELIANCE,10.3476265,10.52461454,10.17063846,10.23237847,51258175.18211286
1999-04-09 09:15:00,NSE:RELIANCE,10.21591447,10.26530648,9.83724237,9.9277944,39970459.2491549
1999-04-12 09:15:00,NSE:RELIANCE,9.87840239,10.03481042,9.71787835,9.9277944,29527082.27652988
1999-04-13 09:15:00,NSE:RELIANCE,9.82077837,10.08008643,9.82077837,9.9195624,46025450.49827117
1999-04-15 09:15:00,NSE:RELIANCE,9.55323831,9.76727036,9.55323831,9.65613833,33257389.92766908
1999-04-16 09:15:00,NSE:RELIANCE,9.71376235,10.42994652,9.71376235,10.42994652,32774749.13071646
1999-04-19 09:15:00,NSE:RELIANCE,10.12124644,10.84977862,10.00599842,10.63162974,93652722.76714382
1999-04-20 09:15:00,NSE:RELIANCE,10.71806659,10.94856264,10.55754255,10.92386664,74402812.44992678
1999-04-21 09:15:00,NSE:RELIANCE,10.91974981,11.00206983,10.64809539,10.73041541,48265986.88624875
1999-04-22 09:15:00,NSE:RELIANCE,10.71806659,10.92386664,10.20768246,10.37232251,96090744.53017002
1999-04-23 09:15:00,NSE:RELIANCE,10.47522253,10.53696255,10.16652246,10.41348252,70704817.71615425
1999-04-26 09:15:00,NSE:RELIANCE,10.04304243,10.12536245,9.80843037,9.80843037,80307536.48557489
1999-04-28 09:15:00,NSE:RELIANCE,9.84547438,10.22826247,9.84547438,10.20768246,48125826.57024264
1999-04-29 09:15:00,NSE:RELIANCE,10.22826247,11.02676666,10.22826247,11.02676666,131556868.13240846
1999-04-30 09:15:00,NSE:RELIANCE,11.14612987,11.35604674,10.97737547,11.16670987,101770905.93783331
1999-05-03 09:15:00,NSE:RELIANCE,11.23256671,11.34781556,11.05146267,11.06792667,60220891.67654806
1999-05-04 09:15:00,NSE:RELIANCE,11.10908668,11.95698289,11.09262268,11.95698289,90335133.67522702
1999-05-05 09:15:00,NSE:RELIANCE,11.77176284,12.50029584,11.77176284,12.11750693,139422305.98026705
1999-05-06 09:15:00,NSE:RELIANCE,12.16689894,12.41797582,11.93640288,12.38093017,112632249.28182448
1999-05-07 09:15:00,NSE:RELIANCE,12.64435588,12.92424312,12.434439,12.52087585,115629928.34409824
1999-05-10 09:15:00,NSE:RELIANCE,12.75137026,12.82957592,12.51675902,12.69786307,78002908.76224904
1999-05-11 09:15:00,NSE:RELIANCE,12.75960308,13.71451613,12.69786307,13.71451613,173871301.54825404
1999-05-12 09:15:00,NSE:RELIANCE,13.91208336,13.94912737,12.62377587,13.08888316,207486696.7344616
1999-05-13 09:15:00,NSE:RELIANCE,13.50048326,14.02321621,13.35642323,13.95324337,173664547.46796075
1999-05-14 09:15:00,NSE:RELIANCE,14.01498338,15.07279646,13.80918333,15.07279646,263775750.19629434
1999-05-17 09:15:00,NSE:RELIANCE,14.8258364,15.14688366,13.93677937,14.73116756,238118297.69469228
1999-05-18 09:15:00,NSE:RELIANCE,14.98224362,15.71077662,14.73939956,15.18392767,215792962.9501089
1999-05-19 09:15:00,NSE:RELIANCE,14.98224362,15.51320774,14.81760358,15.10572365,193696187.4311846
1999-05-20 09:15:00,NSE:RELIANCE,15.07279646,15.30329087,14.45539631,14.45539631,164749304.2370853
1999-05-21 09:15:00,NSE:RELIANCE,14.73528356,14.7846764,13.58280328,13.75567615,145967676.1197053
1999-05-24 09:15:00,NSE:RELIANCE,13.52106326,14.0767234,13.31114721,13.75155932,128915457.20567182
1999-05-25 09:15:00,NSE:RELIANCE,13.82976334,14.34426347,13.67335613,13.99440338,161493085.3927385
1999-05-26 09:15:00,NSE:RELIANCE,14.0767234,14.26194344,13.21647919,13.49636726,180813999.09416905
1999-05-27 09:15:00,NSE:RELIANCE,13.35642323,13.74744332,12.69374706,12.69374706,120375675.49734081
1999-05-28 09:15:00,NSE:RELIANCE,12.88308311,12.91189594,12.02695573,12.75960308,162262557.99602985
1999-05-31 09:15:00,NSE:RELIANCE,13.2288272,13.78037051,13.18355036,13.78037051,122938697.23018007
1999-06-01 09:15:00,NSE:RELIANCE,13.83799616,14.44304749,13.62396329,13.6692393,164167392.32708004
1999-06-02 09:15:00,NSE:RELIANCE,13.87092335,14.35661064,13.5910361,14.33603064,160991226.91335204
1999-06-03 09:15:00,NSE:RELIANCE,14.56652752,14.88757642,14.43069949,14.65296354,170416455.4438088
1999-06-04 09:15:00,NSE:RELIANCE,15.06456364,15.26624769,14.86699641,15.14688366,150584159.45576805
1999-06-07 09:15:00,NSE:RELIANCE,15.06456364,15.13041965,14.66531072,14.88345959,110674718.1704975
1999-06-08 09:15:00,NSE:RELIANCE,14.81760358,16.05240388,14.59122352,16.05240388,136529157.99090302
1999-06-09 09:15:00,NSE:RELIANCE,15.64080378,15.80544382,15.32387088,15.47204774,151401943.51483646
1999-06-10 09:15:00,NSE:RELIANCE,15.54201975,15.84660383,15.44323655,15.56671658,191915903.60455555
1999-06-11 09:15:00,NSE:RELIANCE,15.57494776,15.59552777,14.95343079,15.03575081,129207804.07384688
1999-06-14 09:15:00,NSE:RELIANCE,14.80937075,16.14707108,14.01909939,14.58710752,110862072.35265754
1999-06-15 09:15:00,NSE:RELIANCE,14.4924395,14.8999236,14.0931874,14.25782744,139933566.7897444
1999-06-16 09:15:00,NSE:RELIANCE,14.56241069,15.18804367,14.25371062,14.99870762,146538108.44064617
1999-06-17 09:15:00,NSE:RELIANCE,15.16334766,15.47616374,15.02340363,15.18804367,150647400.45118552
1999-06-18 09:15:00,NSE:RELIANCE,15.22508768,15.3115237,15.02340363,15.07691082,105323735.49772188
1999-06-21 09:15:00,NSE:RELIANCE,15.18804367,15.68196379,15.15099966,15.49262774,132597562.7304536
1999-06-22 09:15:00,NSE:RELIANCE,15.61199095,15.76839981,15.19215967,15.34856771,122470828.05259503
1999-06-23 09:15:00,NSE:RELIANCE,15.48439656,15.50909092,14.85053076,14.96166361,136999420.26800728
1999-06-24 09:15:00,NSE:RELIANCE,14.8258364,15.13453648,14.12611624,14.87111077,142767944.14218363
1999-06-25 09:15:00,NSE:RELIANCE,14.97401079,15.17981084,14.57064352,14.62826753,117188978.01618542
1999-06-28 09:15:00,NSE:RELIANCE,14.71881955,14.9205036,14.59945635,14.64473071,93492032.8156679
1999-06-29 09:15:00,NSE:RELIANCE,14.65296354,14.71470355,14.34014746,14.41011948,120369431.57270674
1999-06-30 09:15:00,NSE:RELIANCE,14.52948351,14.69000755,14.20843625,14.60768753,126484833.40004273
1999-07-01 09:15:00,NSE:RELIANCE,14.58710752,14.61180353,14.27840745,14.35661064,95397401.64610298
1999-07-02 09:15:00,NSE:RELIANCE,14.44304749,15.01105645,14.43893066,14.85053076,176602884.95078492
1999-07-05 09:15:00,NSE:RELIANCE,14.95754761,15.50497657,14.95754761,15.38972772,109372616.93004164
1999-07-06 09:15:00,NSE:RELIANCE,15.28271087,15.55436776,15.26624769,15.41030772,92480930.04721119
1999-07-07 09:15:00,NSE:RELIANCE,15.47616374,15.54201975,15.17157966,15.24978368,94698968.87016506
1999-07-08 09:15:00,NSE:RELIANCE,15.22920368,15.38561089,14.84229958,14.9163876,148069133.3381601
1999-07-09 09:15:00,NSE:RELIANCE,14.8258364,15.0151708,14.45539631,14.8258364,157029809.0167616
1999-07-12 09:15:00,NSE:RELIANCE,15.05221646,15.47616374,15.05221646,15.41442372,119088224.39911948
1999-07-13 09:15:00,NSE:RELIANCE,15.47616374,16.44753997,15.43911973,15.7437038,238699480.7418998
1999-07-14 09:15:00,NSE:RELIANCE,15.88364783,16.09356388,15.64491978,15.97831668,155832481.80348137
1999-07-15 09:15:00,NSE:RELIANCE,16.09356388,16.33229112,14.99870762,15.28271087,160450240.6494401
1999-07-16 09:15:00,NSE:RELIANCE,15.4061909,15.66549978,15.14688366,15.25389968,117323064.4755437
1999-07-19 09:15:00,NSE:RELIANCE,15.38149654,15.55025093,15.15923084,15.25801651,90812684.58030868
1999-07-20 09:15:00,NSE:RELIANCE,15.06867964,15.17981084,14.57064352,14.66942754,112060869.43924654
1999-07-21 09:15:00,NSE:RELIANCE,14.65296354,15.14276766,14.44716349,14.93696761,99923833.98350441
1999-07-22 09:15:00,NSE:RELIANCE,14.96989644,15.16334766,14.7846764,14.86287959,71454392.36506717
1999-07-23 09:15:00,NSE:RELIANCE,14.83818358,14.93285078,14.57064352,14.62415071,77473001.21286274
1999-07-26 09:15:00,NSE:RELIANCE,14.60768753,14.61180353,14.13846341,14.22901626,55645832.04282384
1999-07-27 09:15:00,NSE:RELIANCE,14.14257941,14.36484347,14.00675056,14.0602594,86891864.34155256
1999-07-28 09:15:00,NSE:RELIANCE,14.19608743,14.62415071,14.16727625,14.41011948,99893379.66627194
1999-07-29 09:15:00,NSE:RELIANCE,14.56241069,14.9205036,14.28663945,14.80113958,122848549.0498124
1999-07-30 09:15:00,NSE:RELIANCE,14.64884754,14.89169077,14.44716349,14.74351638,93508650.88745642
1999-08-02 09:15:00,NSE:RELIANCE,14.66119637,14.66119637,14.40600348,14.5130195,67723027.86287124
1999-08-03 09:15:00,NSE:RELIANCE,14.40600348,14.5130195,14.16315942,14.28663945,93337355.98227338
1999-08-04 09:15:00,NSE:RELIANCE,14.5130195,14.84229958,14.24547944,14.76409639,81594708.18639036
1999-08-05 09:15:00,NSE:RELIANCE,14.81760358,15.24978368,14.68589072,14.75174756,103645626.08762331
1999-08-06 09:15:00,NSE:RELIANCE,14.73116756,14.73528356,14.5047875,14.55417952,51380429.7687211
1999-08-09 09:15:00,NSE:RELIANCE,14.55417952,14.69412355,14.42246748,14.53359951,57212935.6488261
1999-08-10 09:15:00,NSE:RELIANCE,14.4883235,14.4883235,14.16727625,14.27429062,67888018.10485385
1999-08-11 09:15:00,NSE:RELIANCE,14.0767234,14.31956746,13.95324337,14.14257941,52485665.16750639
1999-08-12 09:15:00,NSE:RELIANCE,14.04379622,14.27429062,13.85857617,13.93266336,44120895.56462688
1999-08-13 09:15:00,NSE:RELIANCE,14.06849057,14.10965058,13.74744332,13.78037051,42328439.72927559
1999-08-16 09:15:00,NSE:RELIANCE,13.82153051,14.23724744,13.81329934,14.04379622,65236548.87150834
1999-08-17 09:15:00,NSE:RELIANCE,14.10553623,14.20020343,13.95735937,14.05614339,55407955.5210669
1999-08-18 09:15:00,NSE:RELIANCE,14.36484347,14.59533952,14.26194344,14.45539631,90124079.30442701
1999-08-19 09:15:00,NSE:RELIANCE,14.52948351,14.76821074,14.28663945,14.35249629,68882429.91524221
1999-08-20 09:15:00,NSE:RELIANCE,14.32368346,14.5089035,14.18785625,14.37719065,36610754.03524182
1999-08-23 09:15:00,NSE:RELIANCE,14.65296354,15.52967093,14.65296354,15.4061909,171913806.88006702
1999-08-24 09:15:00,NSE:RELIANCE,15.37326371,15.39384372,15.11807083,15.24978368,107295783.12643726
1999-08-25 09:15:00,NSE:RELIANCE,15.59141094,15.59141094,14.16727625,14.74763074,69212301.06978773
1999-08-26 09:15:00,NSE:RELIANCE,15.06456364,15.06456364,14.73939956,14.8999236,41361615.37578178
1999-08-27 09:15:00,NSE:RELIANCE,14.98224362,15.34445088,14.98224362,15.2374365,54460944.08795842
1999-08-30 09:15:00,NSE:RELIANCE,15.30329087,15.76428381,15.29505969,15.52143975,110998685.5363813
1999-08-31 09:15:00,NSE:RELIANCE,15.45558373,16.0400567,15.31975652,15.92892385,116364658.48736386
1999-09-01 09:15:00,NSE:RELIANCE,16.08944789,16.16765108,15.43500373,15.61610777,93545713.56072173
1999-09-02 09:15:00,NSE:RELIANCE,15.41442372,15.41442372,15.06456364,15.12630365,53244787.91906979
1999-09-03 09:15:00,NSE:RELIANCE,15.09337647,15.3115237,15.02340363,15.08514364,62199584.10443618
1999-09-06 09:15:00,NSE:RELIANCE,15.22920368,15.37326371,15.11395647,15.27447969,51498541.98509544
1999-09-07 09:15:00,NSE:RELIANCE,15.3115237,15.35268371,15.07691082,15.11395647,55095528.48281402
1999-09-08 09:15:00,NSE:RELIANCE,15.3279877,15.86718383,15.29505969,15.65726778,131535998.36096647
1999-09-09 09:15:00,NSE:RELIANCE,15.71489097,16.49693116,15.64080378,16.41049679,224708291.21497738
1999-09-10 09:15:00,NSE:RELIANCE,16.40637996,16.48458398,16.1511879,16.27878393,127499896.32303382
1999-09-14 09:15:00,NSE:RELIANCE,16.38168396,16.45577115,15.90834384,15.97008385,104664503.3925893
1999-09-15 09:15:00,NSE:RELIANCE,16.19234791,16.19234791,15.60375977,15.65726778,80337043.2811702
1999-09-16 09:15:00,NSE:RELIANCE,15.68607979,15.7231238,15.27859651,15.35679971,49058333.63367597
1999-09-17 09:15:00,NSE:RELIANCE,15.28682769,15.69842779,15.22920368,15.61199095,71287810.77264287
1999-09-20 09:15:00,NSE:RELIANCE,15.63668777,15.82190782,15.3321037,15.36914771,59154103.7903437
1999-09-21 09:15:00,NSE:RELIANCE,15.3156397,15.3156397,15.02340363,15.11807083,68048817.3857494
1999-09-22 09:15:00,NSE:RELIANCE,15.3115237,15.62433977,15.18804367,15.38561089,47618878.19898528
1999-09-23 09:15:00,NSE:RELIANCE,15.46793091,16.20057991,15.27036369,15.93303985,148323542.89771247
1999-09-24 09:15:00,NSE:RELIANCE,16.24173992,17.20900016,16.18823109,17.20488415,207897495.9549832
1999-09-27 09:15:00,NSE:RELIANCE,17.52593141,18.51377165,17.20900016,17.73584828,173215944.5636627
1999-09-28 09:15:00,NSE:RELIANCE,17.46419139,19.0570846,17.34894419,18.53435165,208545199.88019812
1999-09-29 09:15:00,NSE:RELIANCE,18.85128455,19.78973196,18.68664451,19.67448475,235137674.0218858
1999-09-30 09:15:00,NSE:RELIANCE,19.72799194,20.58000497,19.57570073,19.73622477,194723531.69231763
1999-10-01 09:15:00,NSE:RELIANCE,19.73210876,19.89674881,19.01592459,19.62097756,182648935.48291552
1999-10-04 09:15:00,NSE:RELIANCE,19.67448475,19.68271758,18.90479174,19.00769177,92095130.82065216
1999-10-05 09:15:00,NSE:RELIANCE,18.89656057,19.75680477,18.66606451,19.55923755,133159673.86778691
1999-10-06 09:15:00,NSE:RELIANCE,19.57570073,20.44829212,18.93360457,19.59216473,261313530.18838292
1999-10-07 09:15:00,NSE:RELIANCE,19.64567192,20.86812504,19.64567192,20.42771211,238900889.8283431
1999-10-08 09:15:00,NSE:RELIANCE,20.55530896,20.66232499,19.79796478,19.91732881,157568985.27139255
1999-10-11 09:15:00,NSE:RELIANCE,19.91321199,20.11489768,19.51396071,19.74445759,134072695.99909389
1999-10-12 09:15:00,NSE:RELIANCE,19.67448475,19.96260482,19.43164069,19.5633519,146172243.61160535
1999-10-13 09:15:00,NSE:RELIANCE,18.27504441,20.47298894,18.27504441,19.92967764,174758351.86853483
1999-10-14 09:15:00,NSE:RELIANCE,20.00376483,20.55530896,19.92556081,20.01199766,82198449.53718805
1999-10-15 09:15:00,NSE:RELIANCE,19.93379199,20.08608485,19.13940462,19.28346466,71799678.96778497
1999-10-18 09:15:00,NSE:RELIANCE,19.42752469,19.60862873,19.10236061,19.21349182,107140183.06683227
1999-10-20 09:15:00,NSE:RELIANCE,20.08608485,20.75287783,19.68683193,20.63351216,204197071.67855147
1999-10-21 09:15:00,NSE:RELIANCE,21.47729236,22.14408535,20.84342903,21.82303809,259581569.96524438
1999-10-22 09:15:00,NSE:RELIANCE,21.46906036,21.87654528,21.00395225,21.59665804,131449312.2788881
1999-10-25 09:15:00,NSE:RELIANCE,21.71190524,21.71190524,21.11920028,21.22621795,88117981.6353437
1999-10-26 09:15:00,NSE:RELIANCE,21.20563794,21.33734998,20.95867788,21.02453225,97148749.61966158
1999-10-27 09:15:00,NSE:RELIANCE,21.27972514,21.31265232,20.46475776,20.69113782,81193602.84107867
1999-10-28 09:15:00,NSE:RELIANCE,20.74464501,20.74464501,19.88851763,20.04080884,66069845.56045546
1999-10-29 09:15:00,NSE:RELIANCE,20.00376483,20.07785203,19.20937746,19.38224868,94930115.55875616
1999-11-01 09:15:00,NSE:RELIANCE,19.3534375,19.42752469,17.83463148,17.93341715,99209633.47570859
1999-11-02 09:15:00,NSE:RELIANCE,17.69880427,19.36990068,17.49300422,19.28758066,111917186.28638467
1999-11-03 09:15:00,NSE:RELIANCE,19.78973196,19.78973196,18.29974042,18.55904848,152531134.20424095
1999-11-04 09:15:00,NSE:RELIANCE,18.42733727,18.97064858,18.20095722,18.61255732,106552986.90154333
1999-11-05 09:15:00,NSE:RELIANCE,18.60432449,19.41106069,18.60432449,19.13940462,113705645.52406166
1999-11-09 09:15:00,NSE:RELIANCE,19.09824461,19.20937746,18.67018051,18.85540055,75107938.61589067
1999-11-10 09:15:00,NSE:RELIANCE,19.00769177,19.4851487,18.87598056,19.38636468,88487332.85810035
1999-11-11 09:15:00,NSE:RELIANCE,19.42752469,19.91732881,19.18056463,19.43987187,129465942.98138109
1999-11-12 09:15:00,NSE:RELIANCE,19.33285749,19.33697185,18.9418374,19.01592459,68654951.83606641
1999-11-15 09:15:00,NSE:RELIANCE,19.22172464,19.23818865,18.85540055,18.97888058,53172375.40011397
1999-11-16 09:15:00,NSE:RELIANCE,18.85128455,18.89244456,18.66194851,18.73603735,69866929.1915813
1999-11-17 09:15:00,NSE:RELIANCE,18.88421174,19.33697185,18.69899169,18.70310852,106758671.98306666
1999-11-18 09:15:00,NSE:RELIANCE,18.76896453,18.79366054,18.19684039,18.41087162,66382187.56471523
1999-11-19 09:15:00,NSE:RELIANCE,18.43968445,18.79777736,18.39029162,18.43145163,47879458.79689195
1999-11-22 09:15:00,NSE:RELIANCE,18.36971161,18.55904848,18.35736443,18.43968445,64022069.08705454
1999-11-24 09:15:00,NSE:RELIANCE,18.67018051,19.08178061,18.54258448,18.95830058,76853297.76679441
1999-11-25 09:15:00,NSE:RELIANCE,18.92537175,19.13528862,18.82658855,18.90890857,48372570.9227055
1999-11-26 09:15:00,NSE:RELIANCE,19.01180859,19.1311718,18.48907729,18.57551166,61446923.93634608
1999-11-29 09:15:00,NSE:RELIANCE,18.60432449,18.68252851,18.2091884,18.26681159,45433346.65681078
1999-11-30 09:15:00,NSE:RELIANCE,18.31208842,18.39440844,17.95811151,18.10217155,55449087.67828622
1999-12-01 09:15:00,NSE:RELIANCE,18.34090043,18.59197731,18.09394037,18.36559726,51368962.3273699
1999-12-02 09:15:00,NSE:RELIANCE,18.35736443,18.5508173,18.00338835,18.1392172,51388763.10004194
1999-12-03 09:15:00,NSE:RELIANCE,18.19272439,18.42322045,17.7975883,17.86344431,85033774.41126443
1999-12-06 09:15:00,NSE:RELIANCE,17.94576433,18.13510038,17.8058203,17.9169515,47067080.47024004
1999-12-07 09:15:00,NSE:RELIANCE,17.97869152,18.55904848,17.91283715,18.41498845,100271525.83345482
1999-12-08 09:15:00,NSE:RELIANCE,18.85128455,19.88851763,18.66194851,19.13940462,243110011.74674678
1999-12-09 09:15:00,NSE:RELIANCE,19.26288465,19.59216473,19.0570846,19.48103188,87042471.69099304
1999-12-10 09:15:00,NSE:RELIANCE,19.4851487,20.07785203,19.34520467,19.43575752,107984509.87945192
1999-12-13 09:15:00,NSE:RELIANCE,19.41929187,19.46045188,18.63313732,18.76896453,52177173.98836138
1999-12-14 09:15:00,NSE:RELIANCE,18.61255732,18.83070455,18.29974042,18.40264045,85342131.96556325
1999-12-15 09:15:00,NSE:RELIANCE,18.52200447,18.52200447,18.11452037,18.34090043,53616082.77595378
1999-12-16 09:15:00,NSE:RELIANCE,18.43968445,18.60844049,18.27916042,18.42733727,26244259.94006547
1999-12-17 09:15:00,NSE:RELIANCE,18.47672846,18.76073171,18.29150842,18.36148043,49931717.77649901
1999-12-20 09:15:00,NSE:RELIANCE,18.36148043,18.49730847,18.11040437,18.14333156,28098171.05697986
1999-12-21 09:15:00,NSE:RELIANCE,18.13510038,18.31208842,17.99515717,18.07336036,47313824.82270292
1999-12-22 09:15:00,NSE:RELIANCE,18.58374449,19.52219189,18.52200447,19.50984471,120939390.13282908
1999-12-23 09:15:00,NSE:RELIANCE,19.06943178,19.81442879,18.9418374,19.12705744,41854520.9904693
1999-12-24 09:15:00,NSE:RELIANCE,18.93360457,19.09001179,18.54258448,18.6249045,36460061.65180828
1999-12-27 09:15:00,NSE:RELIANCE,18.57551166,18.68252851,18.19272439,18.3285516,33782717.78914287
1999-12-28 09:15:00,NSE:RELIANCE,18.51377165,18.63725168,18.27504441,18.41087162,49355563.88259588
1999-12-29 09:15:00,NSE:RELIANCE,18.6249045,19.75680477,18.52200447,19.50161188,54129906.75293651
1999-12-30 09:15:00,NSE:RELIANCE,19.58804873,19.96260482,19.11059179,19.18468063,43463607.09362157
2000-01-03 09:15:00,NSE:RELIANCE,19.55100472,20.719949,19.55100472,20.719949,54135361.07620632
2000-01-04 09:15:00,NSE:RELIANCE,21.27149231,22.37869823,20.687021,22.37869823,115256021.72885571
2000-01-05 09:15:00,NSE:RELIANCE,21.12743228,23.6999329,21.12743228,23.25540561,325967899.9001935
2000-01-06 09:15:00,NSE:RELIANCE,23.79048575,24.7536308,23.79048575,24.23089868,190503914.1496265
2000-01-07 09:15:00,NSE:RELIANCE,24.28440586,26.1695335,24.11976582,25.89376143,241386931.50202727
2000-01-10 09:15:00,NSE:RELIANCE,26.12837349,26.23539116,25.13230125,25.39572613,162986561.70845532
2000-01-11 09:15:00,NSE:RELIANCE,25.35045094,25.597411,23.36653847,23.74932573,152384827.1453072
2000-01-12 09:15:00,NSE:RELIANCE,23.79048575,25.10760606,23.22659279,24.83595082,147102819.18862468
2000-01-13 09:15:00,NSE:RELIANCE,25.18992608,26.04605347,25.03351887,25.67149902,207434862.44182873
2000-01-14 09:15:00,NSE:RELIANCE,25.47804615,26.47823357,25.47804615,26.03782147,163515412.40678486
2000-01-17 09:15:00,NSE:RELIANCE,26.19834633,26.5811336,25.27636128,25.41630614,130335002.5382708
2000-01-18 09:15:00,NSE:RELIANCE,25.43688614,26.25597116,25.15288125,25.86495107,122489292.57680458
2000-01-19 09:15:00,NSE:RELIANCE,26.57701924,26.74577364,26.02959111,26.30947918,139472658.25187784
2000-01-20 09:15:00,NSE:RELIANCE,26.34240636,26.74577364,25.56448135,25.75381904,187423557.75066194
2000-01-21 09:15:00,NSE:RELIANCE,25.74147104,27.0338937,25.6838462,26.86513931,208176237.3842671
2000-01-24 09:15:00,NSE:RELIANCE,26.79516647,27.31789942,26.5070464,26.84867366,159904006.57338428
2000-01-25 09:15:00,NSE:RELIANCE,26.75812164,26.77870164,26.19834633,26.33829118,118476028.23986793
2000-01-27 09:15:00,NSE:RELIANCE,27.08328654,27.72538187,26.56467124,27.57309148,182392521.55066928
2000-01-28 09:15:00,NSE:RELIANCE,27.65129385,28.14521397,27.29731942,27.85297955,142544329.03583595
2000-01-31 09:15:00,NSE:RELIANCE,27.53193147,27.65952668,26.88160167,27.0133137,123801367.08987626
2000-02-01 09:15:00,NSE:RELIANCE,27.23146175,27.77889153,27.00096652,27.49900182,130075333.01886134
2000-02-02 09:15:00,NSE:RELIANCE,28.22753399,28.55681407,27.86944191,28.00115394,120880048.55337945
2000-02-03 09:15:00,NSE:RELIANCE,28.1534468,28.27692683,27.69245386,28.12463397,82258568.57028867
2000-02-04 09:15:00,NSE:RELIANCE,28.31808684,28.59385973,28.12875162,28.33043402,86332705.09855016
2000-02-07 09:15:00,NSE:RELIANCE,28.07935961,28.76673177,27.8282819,28.28515965,99534001.71613117
2000-02-08 09:15:00,NSE:RELIANCE,28.44156687,28.55681407,28.07524196,28.18637398,78117826.13002665
2000-02-09 09:15:00,NSE:RELIANCE,28.72968694,29.19479423,28.38394203,28.84493414,138931222.52257386
2000-02-10 09:15:00,NSE:RELIANCE,28.71322211,29.94802241,28.39217403,29.28534707,131105155.4135068
2000-02-11 09:15:00,NSE:RELIANCE,29.96448724,30.78768743,29.63932234,29.9068624,99072218.54290731
2000-02-14 09:15:00,NSE:RELIANCE,29.55288714,29.70929435,28.81200696,28.98487982,62286173.00480815
2000-02-15 09:15:00,NSE:RELIANCE,28.976647,29.17421422,28.15756198,28.34689967,98692116.59388398
2000-02-16 09:15:00,NSE:RELIANCE,28.81200696,29.12482221,28.24399964,28.6597141,95680151.82077438
2000-02-17 09:15:00,NSE:RELIANCE,28.62267174,29.37178227,28.60620691,29.18656222,93182922.10314474
2000-02-18 09:15:00,NSE:RELIANCE,29.38001427,29.46645194,28.64736692,28.76673177,61111100.40228569
2000-02-21 09:15:00,NSE:RELIANCE,28.6802941,28.976647,28.12463397,28.45391405,35767775.61879797
2000-02-22 09:15:00,NSE:RELIANCE,28.48272688,28.5650469,27.37140661,27.52369947,87369293.76950134
2000-02-23 09:15:00,NSE:RELIANCE,28.37571168,28.37571168,26.94334168,27.14914173,58694410.02380675
2000-02-24 09:15:00,NSE:RELIANCE,27.40433379,28.0464316,27.10798172,27.72126669,68803105.34742114
2000-02-25 09:15:00,NSE:RELIANCE,28.10405397,28.22753399,26.84455931,27.05035936,47523032.74108196
2000-02-28 09:15:00,NSE:RELIANCE,26.74165928,27.76242671,25.51920616,27.42079945,61054455.61518768
2000-02-29 09:15:00,NSE:RELIANCE,27.81593389,28.22341964,25.22697091,25.589179,121114001.36374192
2000-03-01 09:15:00,NSE:RELIANCE,25.93080626,27.15325938,24.61368594,26.07898147,130780920.7979305
2000-03-02 09:15:00,NSE:RELIANCE,26.24773916,26.5070464,23.99628579,24.0168658,152286710.06501758
2000-03-03 09:15:00,NSE:RELIANCE,23.55175851,23.55175851,22.09881016,22.09881016,56326225.46451764
2000-03-06 09:15:00,NSE:RELIANCE,22.09881016,23.36653847,20.33304491,20.90516905,126709310.99403451
2000-03-07 09:15:00,NSE:RELIANCE,21.15624511,21.32088515,19.75680477,19.94614082,116137605.57815337
2000-03-08 09:15:00,NSE:RELIANCE,20.32481209,20.62116498,18.93360457,19.17644863,88148375.21400958
2000-03-09 09:15:00,NSE:RELIANCE,19.41929187,19.954372,18.45203163,19.0406206,67368691.21374816
2000-03-10 09:15:00,NSE:RELIANCE,19.26288465,19.32874067,17.66587709,17.85109714,80140517.57547194
2000-03-13 09:15:00,NSE:RELIANCE,18.10217155,18.89244456,16.48869998,16.72742804,130775004.86155546
2000-03-14 09:15:00,NSE:RELIANCE,16.91676409,18.06924436,16.2293911,18.04454836,122768653.53946638
2000-03-15 09:15:00,NSE:RELIANCE,18.43968445,19.48926471,17.78112429,19.48926471,69378287.4242606
2000-03-16 09:15:00,NSE:RELIANCE,19.71564476,20.39890092,18.9418374,19.33285749,128332026.83150455
2000-03-21 09:15:00,NSE:RELIANCE,19.65802075,19.98730083,18.73603735,19.58393191,83066500.83387434
2000-03-22 09:15:00,NSE:RELIANCE,20.16840487,20.45652494,19.85558879,20.03669202,59907820.80949053
2000-03-23 09:15:00,NSE:RELIANCE,20.18898487,20.23426089,19.63744074,19.83500879,52066702.68364998
2000-03-24 09:15:00,NSE:RELIANCE,19.69094876,19.99964883,19.5633519,19.80619761,32043845.51713904
2000-03-27 09:15:00,NSE:RELIANCE,20.00376483,21.39085799,20.00376483,21.39085799,50311771.13466921
2000-03-28 09:15:00,NSE:RELIANCE,21.65839805,23.10311276,21.65839805,23.10311276,85359078.02561077
2000-03-29 09:15:00,NSE:RELIANCE,23.44474084,23.86457294,22.14408535,22.33342057,124852168.58538337
2000-03-30 09:15:00,NSE:RELIANCE,22.14408535,24.11976582,21.26326031,24.11976582,208555877.7201852
2000-03-31 09:15:00,NSE:RELIANCE,24.44904591,26.05017112,23.05783839,26.05017112,239360777.95829284
2000-04-03 09:15:00,NSE:RELIANCE,26.97215369,27.47019146,26.18599915,27.05035936,259390364.95796958
2000-04-04 09:15:00,NSE:RELIANCE,26.83632648,26.83632648,24.88945884,24.88945884,164364488.97530317
2000-04-05 09:15:00,NSE:RELIANCE,24.97589321,25.6838462,22.90554553,24.88122601,305956862.45871925
2000-04-06 09:15:00,NSE:RELIANCE,24.94296602,26.87337131,24.90592119,26.84867366,197267542.2538491
2000-04-07 09:15:00,NSE:RELIANCE,27.14914173,28.997227,27.14914173,28.997227,141959926.84460494
2000-04-10 09:15:00,NSE:RELIANCE,30.45017453,31.28160755,29.59404715,30.00976243,268594675.17443013
2000-04-11 09:15:00,NSE:RELIANCE,29.47056712,29.55288714,28.52388689,29.12070703,118556215.29533306
2000-04-12 09:15:00,NSE:RELIANCE,29.3882471,29.63520716,27.52781382,27.82005154,209716530.98702547
2000-04-13 09:15:00,NSE:RELIANCE,27.2561594,27.2561594,25.597411,25.597411,2735822.95447105
2000-04-17 09:15:00,NSE:RELIANCE,23.55175851,24.76186116,23.55175851,24.56429311,193533335.18674204
2000-04-18 09:15:00,NSE:RELIANCE,24.45727873,25.42865332,24.20208585,24.70012114,106605635.09096694
2000-04-19 09:15:00,NSE:RELIANCE,25.32987094,26.67580162,24.95119885,25.91845908,197931499.81945375
2000-04-20 09:15:00,NSE:RELIANCE,25.76616622,27.99292194,25.45746615,27.80358672,235519756.0481763
2000-04-24 09:15:00,NSE:RELIANCE,28.48272688,29.68459999,26.58936642,27.73773152,214021546.95418575
2000-04-25 09:15:00,NSE:RELIANCE,26.53174158,27.94764675,25.65503337,27.33436178,192049759.2573612
2000-04-26 09:15:00,NSE:RELIANCE,27.98880676,29.52407431,27.98880676,29.46645194,206492236.33322006
2000-04-27 09:15:00,NSE:RELIANCE,29.70106235,30.12912728,27.8488619,28.45391405,358935676.1951791
2000-04-28 09:15:00,NSE:RELIANCE,28.60620691,28.96841417,28.01350194,28.40452204,163099681.21466514
2000-05-02 09:15:00,NSE:RELIANCE,28.64736692,29.19479423,26.77458647,27.09563372,199522121.39839643
2000-05-03 09:15:00,NSE:RELIANCE,26.9186465,27.48253946,25.45335097,27.00096652,167155608.32069638
2000-05-04 09:15:00,NSE:RELIANCE,27.24792658,28.23165164,27.24792658,27.75831153,137600562.00815976
2000-05-05 09:15:00,NSE:RELIANCE,27.86532673,28.11640197,27.00919934,27.60601949,135381660.69756183
2000-05-08 09:15:00,NSE:RELIANCE,27.24792658,27.7418467,26.53174158,26.67168644,71566260.65680757
2000-05-09 09:15:00,NSE:RELIANCE,26.46588639,27.31789942,26.21069351,27.02977935,74546167.61452965
2000-05-10 09:15:00,NSE:RELIANCE,27.16560656,27.56897383,26.6140616,26.77458647,80814047.53915364
2000-05-11 09:15:00,NSE:RELIANCE,26.67580162,26.67580162,25.84848624,26.0748663,78097223.60827713
2000-05-12 09:15:00,NSE:RELIANCE,26.30947918,26.54820641,25.79086141,26.00489346,50234997.58664018
2000-05-15 09:15:00,NSE:RELIANCE,25.68796138,26.72931128,25.23108609,26.30124635,70424582.11813502
2000-05-16 09:15:00,NSE:RELIANCE,26.34240636,26.49881358,25.93080626,26.12837349,38064519.4761949
2000-05-17 09:15:00,NSE:RELIANCE,26.41649356,27.0338937,26.03370629,26.24773916,94783346.88671722
2000-05-18 09:15:00,NSE:RELIANCE,26.17776632,26.32182636,25.28047893,25.52743899,65388164.48115234
2000-05-19 09:15:00,NSE:RELIANCE,25.35456612,26.26420152,25.29282611,25.9801991,96782435.32522888
2000-05-22 09:15:00,NSE:RELIANCE,25.76616622,26.08721348,25.43688614,25.72089103,37873520.98004613
2000-05-23 09:15:00,NSE:RELIANCE,25.70854138,26.01312628,25.39572613,25.91022626,50648566.4857933
2000-05-24 09:15:00,NSE:RELIANCE,25.81967341,26.1695335,25.51920616,25.74558622,49100668.41451162
2000-05-25 09:15:00,NSE:RELIANCE,25.70854138,26.1613015,25.60975901,25.74970139,31793821.28208634
2000-05-26 09:15:00,NSE:RELIANCE,25.91434144,26.17776632,25.60152618,26.05017112,42575342.00201129
2000-05-29 09:15:00,NSE:RELIANCE,26.21892633,28.60209173,26.17776632,27.94353157,143408055.74658883
2000-05-30 09:15:00,NSE:RELIANCE,28.05054678,28.4703797,27.75007952,28.30162201,69127145.5995847
2000-05-31 09:15:00,NSE:RELIANCE,28.89432698,29.37178227,28.16167962,28.30985401,102673262.37686668
2000-06-01 09:15:00,NSE:RELIANCE,28.16167962,28.47449405,27.67187386,27.92295157,65371522.1139372
2000-06-02 09:15:00,NSE:RELIANCE,28.23576682,28.48272688,27.50311946,27.77889153,71020451.75071715
2000-06-05 09:15:00,NSE:RELIANCE,27.79947154,28.96429982,27.69245386,27.92295157,131724166.43991722
2000-06-06 09:15:00,NSE:RELIANCE,27.82416672,28.22341964,27.6677595,27.89002191,47610799.96964362
2000-06-07 09:15:00,NSE:RELIANCE,27.98057394,28.35101402,27.68010669,27.82005154,45579289.28434562
2000-06-08 09:15:00,NSE:RELIANCE,27.98057394,28.40040686,27.84474672,28.0587796,55885044.81304337
2000-06-09 09:15:00,NSE:RELIANCE,28.14521397,29.03427184,27.91060192,28.08759161,149336358.49374396
2000-06-12 09:15:00,NSE:RELIANCE,28.18637398,28.45803169,27.86944191,27.93941392,50073493.73837348
2000-06-13 09:15:00,NSE:RELIANCE,27.90648674,28.51977171,27.74596188,27.86532673,83053150.4969623
2000-06-14 09:15:00,NSE:RELIANCE,28.52388689,28.52388689,27.6677595,27.77065953,54468427.07934858
2000-06-15 09:15:00,NSE:RELIANCE,28.07112678,28.07112678,26.95980651,27.28497141,73822176.04981755
2000-06-16 09:15:00,NSE:RELIANCE,27.12856173,27.6471795,27.08328654,27.3508266,55378873.89543691
2000-06-19 09:15:00,NSE:RELIANCE,27.47430663,27.65952668,27.18207139,27.27673941,37691997.70026806
2000-06-20 09:15:00,NSE:RELIANCE,27.45372663,27.49488664,27.04624171,27.19030174,50391557.31559554
2000-06-21 09:15:00,NSE:RELIANCE,27.49488664,27.49488664,27.02154653,27.09563372,25161303.44746448
2000-06-22 09:15:00,NSE:RELIANCE,27.19441939,28.79554213,26.60994643,28.40040686,232540541.5101121
2000-06-23 09:15:00,NSE:RELIANCE,28.4909597,29.19479423,27.57720666,27.80358672,194334051.70862997
2000-06-26 09:15:00,NSE:RELIANCE,27.57720666,27.62659949,27.02154653,27.26027376,42092409.65993956
2000-06-27 09:15:00,NSE:RELIANCE,27.27673941,27.98057394,27.17383939,27.53604665,92762441.15512642
2000-06-28 09:15:00,NSE:RELIANCE,27.57720666,27.73773152,27.37140661,27.47430663,21194431.22760428
2000-06-29 09:15:00,NSE:RELIANCE,27.60601949,28.45803169,27.56897383,28.17402681,92541498.54570372
2000-06-30 09:15:00,NSE:RELIANCE,28.31808684,28.37571168,27.65952668,28.05466195,77084201.50111966
2000-07-03 09:15:00,NSE:RELIANCE,27.82416672,28.97253182,27.82416672,28.6597141,119694322.4062966
2000-07-04 09:15:00,NSE:RELIANCE,28.69675975,28.77907977,28.32220202,28.43333404,65364039.12254706
2000-07-05 09:15:00,NSE:RELIANCE,28.72968694,29.66401999,28.53211971,29.15363422,164726818.81977487
2000-07-06 09:15:00,NSE:RELIANCE,28.89432698,30.03857443,28.81200696,29.82866003,174065312.67730016
2000-07-07 09:15:00,NSE:RELIANCE,29.99741442,30.12089445,29.63520716,29.733992,96807702.56888397
2000-07-10 09:15:00,NSE:RELIANCE,29.88216722,30.54072737,29.52407431,30.33492733,114420319.79267606
2000-07-11 09:15:00,NSE:RELIANCE,30.45017453,31.09227233,30.17440246,30.9482123,147483820.06843197
2000-07-12 09:15:00,NSE:RELIANCE,30.79592026,30.93174747,30.29376731,30.46252253,61376199.94953833
2000-07-13 09:15:00,NSE:RELIANCE,30.52426255,30.77122261,29.88216722,30.10854727,72224958.26255517
2000-07-14 09:15:00,NSE:RELIANCE,30.14970728,30.49545219,29.60227997,29.733992,77788793.16769853
2000-07-17 09:15:00,NSE:RELIANCE,29.87393439,30.03857443,29.42940711,29.9068624,74724751.1476902
2000-07-18 09:15:00,NSE:RELIANCE,29.75868719,29.88216722,29.33062226,29.4829143,45196405.50897754
2000-07-19 09:15:00,NSE:RELIANCE,29.51172713,29.84100721,29.01780701,29.14951986,50753826.42150078
2000-07-20 09:15:00,NSE:RELIANCE,29.05073419,29.70106235,28.5650469,29.43763993,108131059.89265162
2000-07-21 09:15:00,NSE:RELIANCE,29.3882471,29.3882471,28.17402681,28.30985401,124695548.11786154
2000-07-24 09:15:00,NSE:RELIANCE,28.07524196,28.07524196,26.68403362,26.87748649,73086073.21494953
2000-07-25 09:15:00,NSE:RELIANCE,26.55232159,27.69657151,26.35887119,27.48665382,80235075.37576585
2000-07-26 09:15:00,NSE:RELIANCE,27.90648674,27.90648674,26.67168644,26.8033993,47143817.57512918
2000-07-27 09:15:00,NSE:RELIANCE,26.83632648,28.87786215,26.51527923,28.32220202,104646488.33377172
2000-07-28 09:15:00,NSE:RELIANCE,28.64736692,28.81200696,27.92295157,28.02585159,72706493.61759786
2000-07-31 09:15:00,NSE:RELIANCE,27.82416672,28.06289395,27.61836667,27.72538187,24374787.60241923
2000-08-01 09:15:00,NSE:RELIANCE,27.65952668,28.14521397,27.62659949,27.86532673,45345907.4165081
2000-08-02 09:15:00,NSE:RELIANCE,27.77477388,27.96411158,27.65952668,27.90648674,17691297.9628085
2000-08-03 09:15:00,NSE:RELIANCE,27.97234193,28.29750684,27.68422186,27.79535389,40496528.12113974
2000-08-04 09:15:00,NSE:RELIANCE,27.86532673,27.88590673,27.09563372,27.17383939,39744195.94130863
2000-08-07 09:15:00,NSE:RELIANCE,27.08328654,27.3302466,26.68403362,27.18618657,30020449.50432262
2000-08-08 09:15:00,NSE:RELIANCE,27.30143377,27.44137945,27.12444655,27.2355794,27363866.08367962
2000-08-09 09:15:00,NSE:RELIANCE,27.41256662,27.82416672,27.26027376,27.47019146,29093967.70668395
2000-08-10 09:15:00,NSE:RELIANCE,27.3302466,27.63894668,27.0133137,27.12856173,20651549.92041814
2000-08-11 09:15:00,NSE:RELIANCE,27.12444655,27.3302466,26.97627134,27.10386654,23702703.2166197
2000-08-14 09:15:00,NSE:RELIANCE,27.08328654,27.31789942,26.53174158,27.11209937,32219161.315423
2000-08-16 09:15:00,NSE:RELIANCE,27.32201377,28.05466195,27.18618657,27.77477388,58548200.14657934
2000-08-17 09:15:00,NSE:RELIANCE,27.90648674,28.43333404,27.61836667,27.80358672,74727885.25772046
2000-08-18 09:15:00,NSE:RELIANCE,27.74596188,27.97645958,27.63071385,27.73773152,22279003.36607354
2000-08-21 09:15:00,NSE:RELIANCE,27.67599151,27.89825391,27.58543949,27.70068669,17593533.16620448
2000-08-22 09:15:00,NSE:RELIANCE,27.86532673,28.17402681,27.71715152,27.8488619,34603137.90199654
2000-08-23 09:15:00,NSE:RELIANCE,28.12875162,28.48272688,27.86944191,27.95176193,65886354.35112346
2000-08-24 09:15:00,NSE:RELIANCE,27.90648674,28.05054678,27.49488664,27.62659949,40089385.3623201
2000-08-25 09:15:00,NSE:RELIANCE,27.70068669,27.85709391,27.26850659,27.46195946,20107551.02360879
2000-08-28 09:15:00,NSE:RELIANCE,27.45372663,27.57720666,27.29731942,27.34671143,14465703.50368024
2000-08-29 09:15:00,NSE:RELIANCE,27.27262176,27.53604665,27.10798172,27.19853375,26300358.08006512
2000-08-30 09:15:00,NSE:RELIANCE,27.55662666,27.89002191,27.29731942,27.73361388,37246285.95173447
2000-08-31 09:15:00,NSE:RELIANCE,27.86532673,28.05466195,27.58132184,27.70480187,33295643.07683734
2000-09-04 09:15:00,NSE:RELIANCE,27.89825391,29.36766709,27.84474672,29.13305421,95671757.7508871
2000-09-05 09:15:00,NSE:RELIANCE,29.3882471,29.60227997,28.997227,29.28534707,44148069.99926942
2000-09-06 09:15:00,NSE:RELIANCE,29.30592708,30.12089445,28.976647,29.93156005,118809871.69666119
2000-09-07 09:15:00,NSE:RELIANCE,29.72987435,30.53249455,29.64343998,29.78750002,91704618.28133427
2000-09-08 09:15:00,NSE:RELIANCE,29.7998472,30.87000746,29.72164235,30.53249455,72357526.25775146
2000-09-11 09:15:00,NSE:RELIANCE,30.85354263,31.85784769,30.79592026,31.54091479,85705943.83105703
2000-09-12 09:15:00,NSE:RELIANCE,31.69320765,32.08834293,31.3803924,31.56561245,52616313.82400198
2000-09-13 09:15:00,NSE:RELIANCE,31.77141249,31.77141249,30.6230474,30.91116746,71896836.37872422
2000-09-14 09:15:00,NSE:RELIANCE,30.95644265,31.33511474,30.68067223,30.92763229,51016873.00520652
2000-09-15 09:15:00,NSE:RELIANCE,30.95232747,31.04699468,29.8945144,30.1250121,46147073.40378801
2000-09-18 09:15:00,NSE:RELIANCE,29.88216722,29.88216722,28.248114,28.49919171,63667866.06277767
2000-09-19 09:15:00,NSE:RELIANCE,28.33455167,28.97253182,27.49488664,27.79123953,59113506.13250938
2000-09-20 09:15:00,NSE:RELIANCE,28.09170678,28.87374697,27.79123953,28.60620691,46510472.24702976
2000-09-21 09:15:00,NSE:RELIANCE,28.63913409,28.81200696,28.18225963,28.63913409,41959015.62023914
2000-09-22 09:15:00,NSE:RELIANCE,28.5650469,28.5650469,27.6554115,27.85297955,51169387.54563437
2000-09-25 09:15:00,NSE:RELIANCE,28.15756198,28.48272688,27.82416672,28.14933162,42111518.01295374
2000-09-26 09:15:00,NSE:RELIANCE,28.31808684,28.31808684,27.8282819,28.09582196,34706830.78268886
2000-09-27 09:15:00,NSE:RELIANCE,28.07524196,29.19891187,27.52781382,28.96841417,80347721.12115715
2000-09-28 09:15:00,NSE:RELIANCE,29.22360706,29.22360706,28.27692683,28.44979969,59820187.20577513
2000-09-29 09:15:00,NSE:RELIANCE,28.63090209,28.80377413,28.07524196,28.19460681,32960791.35984056
2000-10-03 09:15:00,NSE:RELIANCE,27.99292194,28.44156687,27.84474672,28.248114,36398084.01857346
2000-10-04 09:15:00,NSE:RELIANCE,28.48272688,28.68852693,28.30985401,28.53623407,22047832.38205584
2000-10-05 09:15:00,NSE:RELIANCE,28.41275404,28.58974208,27.88179156,28.00115394,20859202.93149533
2000-10-06 09:15:00,NSE:RELIANCE,27.8282819,28.13698197,27.70480187,28.02173394,25326488.0528598
2000-10-09 09:15:00,NSE:RELIANCE,28.07112678,28.52388689,27.91060192,28.02585159,29956078.77156855
2000-10-10 09:15:00,NSE:RELIANCE,28.07524196,28.11228679,27.4454938,27.59367149,26028941.72189866
2000-10-11 09:15:00,NSE:RELIANCE,27.41256662,27.52781382,26.96803934,27.19030174,23582367.96871223
2000-10-12 09:15:00,NSE:RELIANCE,26.95980651,27.53604665,26.55232159,26.94745933,59923296.99622928
2000-10-13 09:15:00,NSE:RELIANCE,26.77458647,26.77458647,25.11583889,26.2024615,46406305.6055189
2000-10-16 09:15:00,NSE:RELIANCE,26.42472638,27.52781382,25.12818607,25.54390135,59030051.3421677
2000-10-17 09:15:00,NSE:RELIANCE,25.11995324,25.65915102,24.46962591,24.85653082,71355109.1043012
2000-10-18 09:15:00,NSE:RELIANCE,24.65484595,24.90180601,24.22266585,24.56017875,32935208.27563973
2000-10-19 09:15:00,NSE:RELIANCE,24.43258108,25.38749331,23.6258457,24.9553132,60951309.38159366
2000-10-20 09:15:00,NSE:RELIANCE,25.45746615,25.80732623,24.37907306,24.53959875,76468567.53900541
2000-10-23 09:15:00,NSE:RELIANCE,24.53136592,24.53136592,23.32537846,23.53117851,42973155.31701982
2000-10-24 09:15:00,NSE:RELIANCE,23.54352569,24.25971068,23.42004566,24.09507064,60640303.62579642
2000-10-25 09:15:00,NSE:RELIANCE,24.20208585,25.44511897,24.14446101,25.11172124,66622007.72059954
2000-10-26 09:15:00,NSE:RELIANCE,25.35045094,25.51920616,25.02940122,25.15288125,16419323.051326
2000-10-27 09:15:00,NSE:RELIANCE,25.26813092,25.39572613,24.70423879,24.93885085,42268502.91187444
2000-10-30 09:15:00,NSE:RELIANCE,25.06644605,25.46981333,24.70423879,24.77832598,35507401.53201732
2000-10-31 09:15:00,NSE:RELIANCE,24.70012114,25.00470604,24.22678103,24.87299318,36873994.98236024
2000-11-01 09:15:00,NSE:RELIANCE,25.556251,25.74970139,25.07056123,25.39984131,62870915.33201136
2000-11-02 09:15:00,NSE:RELIANCE,25.42865332,26.17776632,25.42865332,25.9884311,64933512.01563308
2000-11-03 09:15:00,NSE:RELIANCE,26.21069351,26.40414638,25.91434144,25.98431345,50840305.99245309
2000-11-06 09:15:00,NSE:RELIANCE,26.09133112,26.33417354,25.6838462,25.74147104,48444898.40766826
2000-11-07 09:15:00,NSE:RELIANCE,25.53155334,25.95138627,25.53155334,25.78263105,31553612.39937659
2000-11-08 09:15:00,NSE:RELIANCE,26.07075112,26.53997358,25.93080626,26.21481115,68278263.39447913
2000-11-09 09:15:00,NSE:RELIANCE,26.13660631,26.56467124,26.01312628,26.27243352,46239724.01309454
2000-11-10 09:15:00,NSE:RELIANCE,26.21481115,26.32182636,25.53978617,25.61387336,42707922.14492086
2000-11-13 09:15:00,NSE:RELIANCE,25.52332134,25.52332134,24.79067317,24.89357319,28347867.30377354
2000-11-14 09:15:00,NSE:RELIANCE,24.86476118,25.67561338,24.86476118,25.60564136,44666898.83413001
2000-11-15 09:15:00,NSE:RELIANCE,26.0090111,26.12837349,25.52743899,25.77439905,37180846.22021036
2000-11-16 09:15:00,NSE:RELIANCE,25.93080626,25.96373345,25.46569897,25.65503337,39594317.45466594
2000-11-17 09:15:00,NSE:RELIANCE,25.60152618,25.63857101,25.31340611,25.589179,41204958.46512008
2000-11-20 09:15:00,NSE:RELIANCE,25.56448135,25.73323904,25.44100132,25.53567099,20405971.74843168
2000-11-21 09:15:00,NSE:RELIANCE,25.74558622,25.74558622,25.32163894,25.44511897,45571684.81582253
2000-11-22 09:15:00,NSE:RELIANCE,25.51920616,25.64268619,25.32163894,25.3669133,13929697.80221949
2000-11-23 09:15:00,NSE:RELIANCE,25.2722461,25.72500621,25.12818607,25.61387336,30982730.61304381
2000-11-24 09:15:00,NSE:RELIANCE,25.72500621,26.08721348,25.6838462,25.79497905,40945616.93396954
2000-11-27 09:15:00,NSE:RELIANCE,25.84848624,26.33417354,25.80732623,26.23539116,37410778.13747192
2000-11-28 09:15:00,NSE:RELIANCE,26.33829118,27.18618657,26.11602631,27.12444655,82192910.17992526
2000-11-29 09:15:00,NSE:RELIANCE,27.00096652,27.36317379,26.67168644,26.93511133,62999304.51383394
2000-11-30 09:15:00,NSE:RELIANCE,26.9186465,27.18618657,26.79516647,27.0133137,38050671.08303776
2000-12-01 09:15:00,NSE:RELIANCE,26.9186465,27.18618657,26.71284645,27.00919934,44014712.40270894
2000-12-04 09:15:00,NSE:RELIANCE,27.07505372,27.61013385,27.07505372,27.37963943,59668437.9712849
2000-12-05 09:15:00,NSE:RELIANCE,27.53604665,27.97234193,27.51958182,27.88179156,45891315.44805976
2000-12-06 09:15:00,NSE:RELIANCE,28.37571168,28.37571168,27.70891952,27.76242671,37922877.1391667
2000-12-07 09:15:00,NSE:RELIANCE,27.69245386,28.01761959,27.63894668,27.78712189,26476925.09281855
2000-12-08 09:15:00,NSE:RELIANCE,27.82416672,28.14521397,27.75419388,27.93941392,51781049.20550091
2000-12-11 09:15:00,NSE:RELIANCE,28.06289395,28.56093172,27.98880676,28.4786117,73660344.21329185
2000-12-12 09:15:00,NSE:RELIANCE,28.5650469,28.58151172,28.27692683,28.34278202,28912711.67659837
2000-12-13 09:15:00,NSE:RELIANCE,28.48272688,28.77496213,28.35101402,28.59797408,49500461.80678734
2000-12-14 09:15:00,NSE:RELIANCE,28.63913409,29.04250219,28.40040686,28.50742206,76733411.98427887
2000-12-15 09:15:00,NSE:RELIANCE,28.40040686,28.40040686,27.68422186,27.82005154,48757228.26421474
2000-12-18 09:15:00,NSE:RELIANCE,27.57720666,28.22753399,27.16972174,28.09582196,46270591.35257898
2000-12-19 09:15:00,NSE:RELIANCE,28.25634682,28.36747967,27.83239955,27.93941392,42771053.81091878
2000-12-20 09:15:00,NSE:RELIANCE,28.40040686,28.40040686,27.77477388,28.14109962,25437955.47006144
2000-12-21 09:15:00,NSE:RELIANCE,27.99703958,28.39629168,27.70480187,28.17814198,51588325.73406418
2000-12-22 09:15:00,NSE:RELIANCE,28.35924685,28.5650469,27.76242671,27.84063155,43231512.88339338
2000-12-26 09:15:00,NSE:RELIANCE,27.74596188,28.14521397,26.88160167,27.00096652,46340780.84000171
2000-12-27 09:15:00,NSE:RELIANCE,26.83632648,27.57720666,26.67168644,27.4166818,48684512.05242652
2000-12-28 09:15:00,NSE:RELIANCE,27.64306185,28.00527159,27.39610179,27.89002191,49107677.64508323
2000-12-29 09:15:00,NSE:RELIANCE,27.86121155,28.0464316,27.74596188,27.90237156,32634406.59901089
2001-01-01 09:15:00,NSE:RELIANCE,27.98880676,28.28927401,27.90648674,28.13286679,36543200.60160426
2001-01-02 09:15:00,NSE:RELIANCE,28.01761959,29.55288714,28.00938676,29.16598222,80466088.43951076
2001-01-03 09:15:00,NSE:RELIANCE,29.22360706,29.77515202,29.05896702,29.63932234,107435445.38619834
2001-01-04 09:15:00,NSE:RELIANCE,29.56111996,30.20321447,29.3223919,29.45410229,72676136.48207185
2001-01-05 09:15:00,NSE:RELIANCE,29.34708709,30.19498247,29.34708709,29.98918242,90623739.04770692
2001-01-08 09:15:00,NSE:RELIANCE,29.84100721,30.24849213,29.4088271,29.65167199,83123534.34779774
2001-01-09 09:15:00,NSE:RELIANCE,29.58581432,29.78338237,29.39647992,29.46645194,54830914.84409317
2001-01-10 09:15:00,NSE:RELIANCE,29.51584231,29.75457201,28.74203412,28.95195181,57468146.95745606
2001-01-11 09:15:00,NSE:RELIANCE,29.01780701,29.41294228,28.89432698,29.28946225,49450595.44370835
2001-01-12 09:15:00,NSE:RELIANCE,29.38413192,29.5034943,29.14128704,29.18656222,29185767.97605977
2001-01-15 09:15:00,NSE:RELIANCE,29.14540222,29.34708709,28.976647,29.26888225,24025492.25431381
2001-01-16 09:15:00,NSE:RELIANCE,29.26888225,30.49133454,29.26888225,30.3266945,126300831.9867523
2001-01-17 09:15:00,NSE:RELIANCE,30.5489602,30.57777221,29.73810718,29.80396237,50585665.62634801
2001-01-18 09:15:00,NSE:RELIANCE,29.88216722,30.17028728,29.74634001,30.02622725,33166306.3733777
2001-01-19 09:15:00,NSE:RELIANCE,30.05504008,30.77122261,30.05504008,30.38432016,79736023.0181507
2001-01-22 09:15:00,NSE:RELIANCE,30.37608734,30.94409465,30.30200014,30.82884745,92172232.35694008
2001-01-23 09:15:00,NSE:RELIANCE,30.84942745,31.63146764,30.84942745,31.41743476,100510240.54742913
2001-01-24 09:15:00,NSE:RELIANCE,31.64381482,31.65204764,31.15812752,31.31042039,66339937.8178727
2001-01-25 09:15:00,NSE:RELIANCE,31.40508758,31.56972762,31.00583466,31.42155241,54540365.8374859
2001-01-29 09:15:00,NSE:RELIANCE,31.28160755,31.28160755,29.71752718,31.08815468,61640570.63399331
2001-01-30 09:15:00,NSE:RELIANCE,31.1622427,32.18712777,31.1622427,32.07599492,127712469.15799576
2001-01-31 09:15:00,NSE:RELIANCE,33.33960805,33.33960805,31.36392758,31.66028047,71673452.07892905
2001-02-01 09:15:00,NSE:RELIANCE,31.56972762,31.98956055,30.68067223,31.78787485,154781303.728862
2001-02-02 09:15:00,NSE:RELIANCE,31.65204764,32.59049505,31.60677246,32.47524784,123045427.03919628
2001-02-05 09:15:00,NSE:RELIANCE,32.36000064,32.96916796,32.12538776,32.85803511,129619113.49832694
2001-02-06 09:15:00,NSE:RELIANCE,32.92800795,33.133808,32.61930788,32.75102073,73477800.52559689
2001-02-07 09:15:00,NSE:RELIANCE,32.56991504,32.75925273,32.26944779,32.38881264,44182168.63049056
2001-02-08 09:15:00,NSE:RELIANCE,32.2035926,32.71809273,32.14596776,32.5946127,58107286.74479756
2001-02-09 09:15:00,NSE:RELIANCE,32.68104789,33.09264799,32.45466784,32.83745511,84670047.57976373
2001-02-12 09:15:00,NSE:RELIANCE,32.61930788,33.45485526,32.53698786,32.97328314,80043858.2207778
2001-02-13 09:15:00,NSE:RELIANCE,33.09264799,33.90761537,32.7222079,33.75532333,103654955.53143436
2001-02-14 09:15:00,NSE:RELIANCE,34.15046107,34.36037547,33.71416332,34.20808344,108803022.80131815
2001-02-15 09:15:00,NSE:RELIANCE,34.16280825,35.01893564,33.99816821,34.79667323,178654658.02186015
2001-02-16 09:15:00,NSE:RELIANCE,34.89545561,35.34410136,34.57440835,34.77609322,154085616.3361289
2001-02-19 09:15:00,NSE:RELIANCE,34.82136841,35.15476367,34.45092832,35.01482128,77328528.45863666
2001-02-20 09:15:00,NSE:RELIANCE,34.90368843,35.11360366,34.65672837,34.80490358,86927639.3572085
2001-02-21 09:15:00,NSE:RELIANCE,34.82548359,34.97366127,33.92408101,34.08872106,95846356.83408657
2001-02-22 09:15:00,NSE:RELIANCE,33.99816821,34.49208833,33.63596095,34.13399542,94597778.41841163
2001-02-23 09:15:00,NSE:RELIANCE,34.16692343,34.62380119,33.71828097,33.85822335,93871673.15158603
2001-02-26 09:15:00,NSE:RELIANCE,33.76767298,33.98993539,33.19554802,33.44250808,75578225.18842155
2001-02-27 09:15:00,NSE:RELIANCE,33.5454081,33.68946814,32.70574308,33.10088082,68156482.56868944
2001-02-28 09:15:00,NSE:RELIANCE,33.09264799,34.57440835,32.98151514,34.08872106,134226425.31085134
2001-03-01 09:15:00,NSE:RELIANCE,34.24512827,36.71472887,34.24512827,36.07263353,193603366.7538919
2001-03-02 09:15:00,NSE:RELIANCE,36.22080875,37.12632897,34.17515543,34.50032116,162977037.90123144
2001-03-05 09:15:00,NSE:RELIANCE,34.61556836,34.98600845,33.133808,33.6400753,114673040.82008034
2001-03-07 09:15:00,NSE:RELIANCE,33.91584819,34.96131326,32.81276075,33.91584819,91654533.25941601
2001-03-08 09:15:00,NSE:RELIANCE,34.03521304,34.58675553,33.67300331,34.0310954,53820917.51754634
2001-03-09 09:15:00,NSE:RELIANCE,33.841761,33.841761,32.8168751,33.71004814,47697971.96025376
2001-03-12 09:15:00,NSE:RELIANCE,33.67712095,33.91584819,33.09264799,33.58656811,44596369.21073501
2001-03-13 09:15:00,NSE:RELIANCE,33.01444315,34.45092832,30.90293464,31.94840054,63957686.20658718
2001-03-14 09:15:00,NSE:RELIANCE,32.02248773,33.33137523,31.70555483,32.87861512,40967567.85189494
2001-03-15 09:15:00,NSE:RELIANCE,32.35176781,33.0473728,31.94840054,32.7016279,30178053.9366214
2001-03-16 09:15:00,NSE:RELIANCE,32.43408783,32.86626794,31.20752036,31.61088764,38912867.18191543
2001-03-19 09:15:00,NSE:RELIANCE,31.36392758,31.94016771,30.91940029,31.48740761,27439351.97409928
2001-03-20 09:15:00,NSE:RELIANCE,31.61088764,31.67262765,30.49956737,30.73418024,22132708.45485308
2001-03-21 09:15:00,NSE:RELIANCE,30.99348749,33.19554802,30.06738726,33.03502315,40354740.01155199
2001-03-22 09:15:00,NSE:RELIANCE,33.36842088,33.6524233,32.18712777,32.384695,34842399.26306923
2001-03-23 09:15:00,NSE:RELIANCE,32.43408783,32.98151514,30.81238262,31.24456272,43044547.42805881
2001-03-26 09:15:00,NSE:RELIANCE,31.28160755,31.82492051,30.9605603,31.62735246,21521775.65778427
2001-03-27 09:15:00,NSE:RELIANCE,31.52856761,32.46701502,31.42155241,32.16243259,35663864.07926632
2001-03-28 09:15:00,NSE:RELIANCE,32.51640785,33.33960805,32.40116065,33.09264799,32403527.16011227
2001-03-29 09:15:00,NSE:RELIANCE,33.03090798,33.40958089,32.43408783,32.6357727,46320178.31825218
2001-03-30 09:15:00,NSE:RELIANCE,32.44232066,32.65635271,31.82903486,32.06776292,29839314.95136999
2001-04-02 09:15:00,NSE:RELIANCE,31.81668768,32.41762301,30.83296262,32.19124295,33890042.83611064
2001-04-03 09:15:00,NSE:RELIANCE,32.10480775,32.51640785,31.77552767,32.17478059,18680717.06303233
2001-04-04 09:15:00,NSE:RELIANCE,31.29395473,31.91547253,31.13754752,31.53680044,17634070.08547233
2001-04-06 09:15:00,NSE:RELIANCE,31.52856761,32.34765264,31.36392758,31.50798761,14179782.77583867
2001-04-09 09:15:00,NSE:RELIANCE,31.29807238,31.58619245,28.95606699,29.4088271,59433792.74126456
2001-04-10 09:15:00,NSE:RELIANCE,29.24007188,29.24007188,26.86102166,27.05035936,44394862.94258547
2001-04-11 09:15:00,NSE:RELIANCE,27.16560656,27.78712189,25.24343327,26.69226645,69027510.0551331
2001-04-12 09:15:00,NSE:RELIANCE,26.17776632,26.17776632,24.04567863,24.47785873,78959844.87712014
2001-04-16 09:15:00,NSE:RELIANCE,24.08683864,25.76616622,23.87280576,25.3669133,54772836.6268263
2001-04-17 09:15:00,NSE:RELIANCE,25.2722461,26.49058157,25.18992608,25.94727109,48008443.21666602
2001-04-18 09:15:00,NSE:RELIANCE,25.84848624,27.15737373,24.94296602,26.93511133,79862857.29267144
2001-04-19 09:15:00,NSE:RELIANCE,27.16149138,31.16636035,27.16149138,30.43782735,129223559.65799145
2001-04-20 09:15:00,NSE:RELIANCE,30.45017453,30.86177463,29.06719984,29.54053996,69988952.97163686
2001-04-23 09:15:00,NSE:RELIANCE,29.22360706,29.9150944,28.87374697,29.14951986,39556392.29375667
2001-04-24 09:15:00,NSE:RELIANCE,28.91079181,29.05896702,28.35924685,28.76673177,32384613.17051081
2001-04-25 09:15:00,NSE:RELIANCE,28.81200696,29.88216722,28.64736692,29.52407431,60262995.65083104
2001-04-26 09:15:00,NSE:RELIANCE,29.67225199,30.12089445,28.96018217,29.21125988,61983549.17118497
2001-04-27 09:15:00,NSE:RELIANCE,28.89432698,28.89432698,27.37963943,28.42921969,62778337.60898462
2001-04-30 09:15:00,NSE:RELIANCE,28.70499175,29.0918942,27.49488664,28.19460681,40400111.72071155
2001-05-02 09:15:00,NSE:RELIANCE,28.1534468,28.52388689,27.67599151,28.17814198,27486983.15793183
2001-05-03 09:15:00,NSE:RELIANCE,28.07112678,28.71322211,27.95999393,28.31397166,28427945.02981902
2001-05-04 09:15:00,NSE:RELIANCE,28.248114,28.48272688,28.07112678,28.29339166,15262229.06448121
2001-05-07 09:15:00,NSE:RELIANCE,28.23576682,28.59797408,27.95176193,28.06289395,13661014.67954456
2001-05-08 09:15:00,NSE:RELIANCE,28.02996677,28.66383175,27.99292194,28.4909597,26723620.85442822
2001-05-09 09:15:00,NSE:RELIANCE,28.5650469,29.45410229,28.52800207,28.95606699,54045638.06580406
2001-05-10 09:15:00,NSE:RELIANCE,28.96841417,29.36355191,28.86139979,29.23595424,26484250.16393587
2001-05-11 09:15:00,NSE:RELIANCE,29.34297191,29.74222236,29.15363422,29.25241989,27097296.66311815
2001-05-14 09:15:00,NSE:RELIANCE,29.22360706,29.80396237,29.19479423,29.61874233,21580594.8855622
2001-05-15 09:15:00,NSE:RELIANCE,29.3882471,30.65597458,28.6597141,30.52426255,56475703.07662161
2001-05-16 09:15:00,NSE:RELIANCE,30.67244023,30.85354263,30.05915444,30.20733212,40296418.84001921
2001-05-17 09:15:00,NSE:RELIANCE,30.36785451,31.69732283,30.36785451,31.49152278,70452303.1998759
2001-05-18 09:15:00,NSE:RELIANCE,31.66851247,31.68086047,30.70536742,30.85766027,36655627.68815622
2001-05-21 09:15:00,NSE:RELIANCE,30.6230474,31.40508758,30.59012021,31.00583466,35279279.62403683
2001-05-22 09:15:00,NSE:RELIANCE,31.10462033,31.40508758,30.92763229,31.07169233,25598366.02413152
2001-05-23 09:15:00,NSE:RELIANCE,31.03876267,31.54914762,31.02230032,31.36804275,22906833.63233672
2001-05-24 09:15:00,NSE:RELIANCE,31.36392758,32.46701502,31.36392758,32.34353499,82020692.04853167
2001-05-25 09:15:00,NSE:RELIANCE,32.42997265,32.73867273,32.19124295,32.397043,51812766.88491609
2001-05-28 09:15:00,NSE:RELIANCE,32.43408783,33.08441517,32.43408783,32.82922311,31654790.70341673
2001-05-29 09:15:00,NSE:RELIANCE,32.84568793,33.50013291,32.68104789,33.2078952,37135571.69275718
2001-05-30 09:15:00,NSE:RELIANCE,33.42192807,33.47955291,32.10069258,32.23240296,47448093.49776058
2001-05-31 09:15:00,NSE:RELIANCE,32.07188057,32.41762301,31.52856761,32.29414298,37207036.69007597
2001-06-01 09:15:00,NSE:RELIANCE,32.37234782,32.45466784,31.12520034,31.30218756,37366839.85848129
2001-06-04 09:15:00,NSE:RELIANCE,31.44624759,31.52445243,30.56130738,30.84942745,27003115.44193637
2001-06-05 09:15:00,NSE:RELIANCE,30.68478741,31.10050269,30.49956737,30.70125224,24602350.71558812
2001-06-06 09:15:00,NSE:RELIANCE,30.86177463,30.95232747,29.95214006,30.09208244,34371383.8277406
2001-06-07 09:15:00,NSE:RELIANCE,30.2114473,30.24849213,29.40059428,29.98095206,45716412.67202782
2001-06-08 09:15:00,NSE:RELIANCE,30.04680725,30.74241225,29.99330007,30.49133454,43685606.55410102
2001-06-11 09:15:00,NSE:RELIANCE,30.45840736,30.66009223,30.1373601,30.51603219,32430531.52676866
2001-06-12 09:15:00,NSE:RELIANCE,30.45017453,30.56542256,30.25260731,30.46252253,16754016.84804992
2001-06-13 09:15:00,NSE:RELIANCE,30.54072737,31.02641467,30.46252253,30.90293464,27914351.85938887
2001-06-14 09:15:00,NSE:RELIANCE,30.77534026,31.1416627,29.80808002,29.95625441,56502573.81843174
2001-06-15 09:15:00,NSE:RELIANCE,29.80808002,29.80808002,29.06719984,29.43763993,41198593.06335309
2001-06-18 09:15:00,NSE:RELIANCE,29.23183988,29.3882471,27.91471956,28.03819959,48111079.2463016
2001-06-19 09:15:00,NSE:RELIANCE,27.98880676,28.64736692,27.95999393,28.55269972,31681673.59294016
2001-06-20 09:15:00,NSE:RELIANCE,27.57720666,28.89432698,27.57720666,28.38805968,22634676.26365921
2001-06-21 09:15:00,NSE:RELIANCE,28.37982685,28.84905179,27.98880676,28.07935961,40971066.3933241
2001-06-22 09:15:00,NSE:RELIANCE,28.1534468,28.30162201,27.67599151,28.18637398,27052265.08993086
2001-06-25 09:15:00,NSE:RELIANCE,28.0464316,28.24399964,27.62248185,28.10817161,21447103.66415544
2001-06-26 09:15:00,NSE:RELIANCE,28.02996677,28.71733976,27.90648674,28.54858207,24637712.70899197
2001-06-27 09:15:00,NSE:RELIANCE,28.48272688,29.62697433,28.21930199,29.47879994,38452347.37087432
2001-06-28 09:15:00,NSE:RELIANCE,29.47056712,30.16617211,29.34708709,29.82454238,33434017.67898898
2001-06-29 09:15:00,NSE:RELIANCE,29.84100721,30.74241225,29.64343998,30.33492733,23372066.75613655
2001-07-02 09:15:00,NSE:RELIANCE,30.52426255,32.51640785,29.00134218,29.52407431,12241493.64237213
2001-07-03 09:15:00,NSE:RELIANCE,28.77907977,28.976647,26.67168644,27.11621373,57075447.82974503
2001-07-04 09:15:00,NSE:RELIANCE,26.58936642,27.28908659,26.5070464,26.85279131,34267253.62936964
2001-07-05 09:15:00,NSE:RELIANCE,27.3302466,27.69245386,27.0050817,27.3096666,24362603.4459836
2001-07-06 09:15:00,NSE:RELIANCE,26.67168644,27.10798172,26.42472638,26.8116313,14877741.7909581
2001-07-09 09:15:00,NSE:RELIANCE,26.67168644,27.16560656,26.02135911,26.93511133,31148923.47864267
2001-07-10 09:15:00,NSE:RELIANCE,27.28908659,27.56897383,26.9186465,27.47019146,21663199.33597316
2001-07-11 09:15:00,NSE:RELIANCE,27.3302466,28.05054678,27.09151937,27.70891952,13892052.03871603
2001-07-12 09:15:00,NSE:RELIANCE,27.86532673,28.21107164,27.75831153,28.00527159,15159775.25054504
2001-07-13 09:15:00,NSE:RELIANCE,28.13286679,28.87374697,27.35494178,28.31808684,24791271.95276329
2001-07-16 09:15:00,NSE:RELIANCE,27.89825391,28.1534468,27.16560656,27.3302466,18625396.3766836
2001-07-17 09:15:00,NSE:RELIANCE,27.08328654,27.69245386,26.76223928,27.41256662,14042149.18419806
2001-07-18 09:15:00,NSE:RELIANCE,27.49900182,27.61425149,26.75400646,26.8980665,18026295.45236482
2001-07-19 09:15:00,NSE:RELIANCE,26.75400646,26.87337131,26.42472638,26.67991927,14665897.81879385
2001-07-20 09:15:00,NSE:RELIANCE,26.83632648,26.84455931,25.56036617,25.84025342,22215944.58635541
2001-07-23 09:15:00,NSE:RELIANCE,25.51920616,26.01312628,24.69600597,25.76616622,1690074.90769491
2001-07-24 09:15:00,NSE:RELIANCE,24.79479081,26.05428629,24.79479081,25.87729907,12054467.44847111
2001-07-25 09:15:00,NSE:RELIANCE,25.88964625,25.96785109,25.41219096,25.576831,14880062.00419758
2001-07-26 09:15:00,NSE:RELIANCE,25.35456612,25.71677339,24.9265012,25.09525888,26430314.31690284
2001-07-27 09:15:00,NSE:RELIANCE,24.98412603,25.35045094,24.69600597,25.19404126,15567185.25905719
2001-07-30 09:15:00,NSE:RELIANCE,25.1446509,25.84848624,24.9676612,25.75381904,18219905.70687216
2001-07-31 09:15:00,NSE:RELIANCE,25.91022626,26.40414638,24.99647321,26.24773916,48135046.68463411
2001-08-01 09:15:00,NSE:RELIANCE,26.4206112,26.52762641,25.70442621,25.97196627,22779671.36955702
2001-08-02 09:15:00,NSE:RELIANCE,25.84848624,26.41649356,25.48216133,26.1613015,19767585.11931452
2001-08-03 09:15:00,NSE:RELIANCE,26.13660631,26.43295921,25.54390135,26.11191113,41676945.71751233
2001-08-06 09:15:00,NSE:RELIANCE,26.0954463,26.72519363,25.95138627,26.60583125,22169892.60525131
2001-08-07 09:15:00,NSE:RELIANCE,26.42884156,27.16560656,26.42884156,27.09563372,28526499.42778726
2001-08-08 09:15:00,NSE:RELIANCE,26.74577364,27.24792658,26.55232159,27.03801135,21683522.46031693
2001-08-09 09:15:00,NSE:RELIANCE,26.83632648,27.96822675,26.75400646,27.64306185,28307014.54396002
2001-08-10 09:15:00,NSE:RELIANCE,27.82416672,28.10817161,27.50311946,27.97234193,30819416.75549602
2001-08-13 09:15:00,NSE:RELIANCE,27.94764675,28.06289395,26.72107928,26.88160167,24118312.93160649
2001-08-14 09:15:00,NSE:RELIANCE,27.14091138,27.14091138,26.31359353,26.42884156,35844075.40600845
2001-08-16 09:15:00,NSE:RELIANCE,26.58936642,27.28497141,26.42472638,26.91041367,34969561.5258489
2001-08-17 09:15:00,NSE:RELIANCE,26.9186465,27.06682171,26.03370629,26.14072149,32860317.62317157
2001-08-20 09:15:00,NSE:RELIANCE,25.93080626,26.49881358,25.89376143,26.16541914,24040555.41880053
2001-08-21 09:15:00,NSE:RELIANCE,26.17776632,26.56467124,26.17776632,26.25185352,22505521.77589901
2001-08-23 09:15:00,NSE:RELIANCE,26.33417354,27.82416672,26.02135911,26.0954463,21154355.92144164
2001-08-24 09:15:00,NSE:RELIANCE,26.17776632,26.19834633,25.86495107,25.94315344,18153396.97657804
2001-08-27 09:15:00,NSE:RELIANCE,26.17776632,26.33417354,25.77439905,25.95550144,15925882.93725349
2001-08-28 09:15:00,NSE:RELIANCE,25.84025342,26.15307114,25.70031103,25.75381904,12536124.28064676
2001-08-29 09:15:00,NSE:RELIANCE,25.6838462,26.36298637,25.67561338,26.21069351,42127516.55136422
2001-08-30 09:15:00,NSE:RELIANCE,26.11602631,26.45765357,25.93080626,26.26831917,24051549.09933318
2001-08-31 09:15:00,NSE:RELIANCE,26.21069351,26.26008634,25.48216133,25.61387336,34172513.61337622
2001-09-03 09:15:00,NSE:RELIANCE,25.60152618,25.93080626,25.60152618,25.74147104,14027656.96223627
2001-09-04 09:15:00,NSE:RELIANCE,25.7579334,26.04605347,25.40807331,25.87729907,19400809.21177656
2001-09-05 09:15:00,NSE:RELIANCE,25.76616622,26.01312628,25.50274134,25.61387336,10239356.12782326
2001-09-06 09:15:00,NSE:RELIANCE,26.17776632,26.17776632,25.47804615,25.65091902,14717914.32712617
2001-09-07 09:15:00,NSE:RELIANCE,25.82379106,25.82379106,25.19404126,25.32987094,17753931.57256127
2001-09-10 09:15:00,NSE:RELIANCE,25.2722461,25.46981333,24.96354603,25.03763323,10970441.95710011
2001-09-11 09:15:00,NSE:RELIANCE,25.14876607,25.2722461,24.94296602,25.11172124,12728167.48013894
2001-09-12 09:15:00,NSE:RELIANCE,24.28440586,24.81948599,22.72444067,24.5231331,30173935.86181414
2001-09-13 09:15:00,NSE:RELIANCE,24.69600597,24.94296602,23.7122809,23.89750095,17523210.05393548
2001-09-14 09:15:00,NSE:RELIANCE,24.01275062,24.01275062,21.51022037,21.51022037,27401256.74520388
2001-09-17 09:15:00,NSE:RELIANCE,20.76522502,21.85596528,19.83912479,21.6213524,86793807.99982943
2001-09-18 09:15:00,NSE:RELIANCE,21.40320517,22.92612554,20.58000497,20.83931221,75497928.80353674
2001-09-19 09:15:00,NSE:RELIANCE,21.40320517,21.5266852,20.01611201,20.32481209,46845166.0437537
2001-09-20 09:15:00,NSE:RELIANCE,19.91321199,20.20956488,19.08178061,19.74857194,53039989.6206171
2001-09-21 09:15:00,NSE:RELIANCE,19.23407182,19.26288465,17.77700829,17.83463148,63741869.93217525
2001-09-24 09:15:00,NSE:RELIANCE,17.90460432,18.67429733,17.66587709,18.20507157,88393479.62517758
2001-09-25 09:15:00,NSE:RELIANCE,18.5302373,18.85128455,16.76035687,17.00731693,86498424.20333052
2001-09-26 09:15:00,NSE:RELIANCE,17.27897135,18.71134052,17.27897135,18.69899169,79624118.28327048
2001-09-27 09:15:00,NSE:RELIANCE,17.69468827,20.15194087,17.69468827,19.89674881,116573587.00833711
2001-09-28 09:15:00,NSE:RELIANCE,20.08608485,21.88889246,19.63332474,21.78187808,126458266.35106495
2001-10-01 09:15:00,NSE:RELIANCE,21.73248525,22.3498854,20.85166104,21.36616034,177180010.66175163
2001-10-03 09:15:00,NSE:RELIANCE,21.48552519,21.55961238,19.92967764,20.30011773,86694998.49988201
2001-10-04 09:15:00,NSE:RELIANCE,20.50180095,21.05746109,20.04904084,20.53472896,129325029.50715059
2001-10-05 09:15:00,NSE:RELIANCE,20.49768495,21.15624511,20.05315767,20.63351216,61967003.98567614
2001-10-08 09:15:00,NSE:RELIANCE,19.92144481,21.06980909,19.79796478,20.77345784,90144791.15559623
2001-10-09 09:15:00,NSE:RELIANCE,20.99160507,21.2221003,20.51414895,20.83519785,89851436.02721763
2001-10-10 09:15:00,NSE:RELIANCE,20.74464501,21.71602042,20.74464501,21.25091231,78538477.14603119
2001-10-11 09:15:00,NSE:RELIANCE,21.40320517,22.11939017,21.40320517,21.84773245,68958061.57822144
2001-10-12 09:15:00,NSE:RELIANCE,21.99179249,22.4569006,21.82303809,21.98356049,76185914.5460404
2001-10-15 09:15:00,NSE:RELIANCE,21.8641981,22.77795032,21.65016523,22.52275826,57546949.17360546
2001-10-16 09:15:00,NSE:RELIANCE,22.62977264,22.79441268,22.36223258,22.52275826,39360765.51884226
2001-10-17 09:15:00,NSE:RELIANCE,22.63800547,23.60115052,22.47336543,23.42416083,51797375.73217038
2001-10-18 09:15:00,NSE:RELIANCE,23.02491038,23.09076558,22.56391827,22.71621031,36697476.56046002
2001-10-19 09:15:00,NSE:RELIANCE,22.67916548,22.92612554,22.51452544,22.7614855,33753709.04979267
2001-10-22 09:15:00,NSE:RELIANCE,22.7820655,23.32949281,22.22640537,22.4569006,36610596.11496895
2001-10-23 09:15:00,NSE:RELIANCE,22.77795032,22.8561527,22.49394543,22.62977264,23026573.64229274
2001-10-24 09:15:00,NSE:RELIANCE,22.88496553,22.88496553,21.78187808,21.89301011,41555590.06168802
2001-10-25 09:15:00,NSE:RELIANCE,22.14408535,22.18524536,21.5472652,21.72425242,24061218.67911656
2001-10-29 09:15:00,NSE:RELIANCE,21.89712529,22.25933255,21.16447794,21.44025,26466563.0933773
2001-10-30 09:15:00,NSE:RELIANCE,21.07392509,21.21386995,20.67467217,20.78992102,30100029.17412293
2001-10-31 09:15:00,NSE:RELIANCE,20.90928505,21.27560996,20.43594493,20.94221224,93134877.89706019
2001-11-01 09:15:00,NSE:RELIANCE,21.15624511,21.6419324,21.01218508,21.46083001,47454495.34266746
2001-11-02 09:15:00,NSE:RELIANCE,21.44436518,22.14408535,21.40732035,21.64605005,38413960.59685982
2001-11-05 09:15:00,NSE:RELIANCE,21.68309241,21.68309241,21.17682511,21.5266852,29786630.31880643
2001-11-06 09:15:00,NSE:RELIANCE,21.81480527,21.97944531,21.30030514,21.60900522,29243214.51223527
2001-11-07 09:15:00,NSE:RELIANCE,21.85596528,21.9382853,21.09862027,21.32911797,19330546.83807407
2001-11-08 09:15:00,NSE:RELIANCE,21.32088515,21.60489004,20.73229783,21.46083001,36064058.34608082
2001-11-09 09:15:00,NSE:RELIANCE,21.69132524,21.93417012,21.42790035,21.73660043,30024178.85230441
2001-11-12 09:15:00,NSE:RELIANCE,21.80657244,22.17701253,21.67486041,21.91359011,24077654.5352057
2001-11-13 09:15:00,NSE:RELIANCE,21.89712529,22.18524536,21.67486041,22.09881016,27866161.8807447
2001-11-14 09:15:00,NSE:RELIANCE,22.38281258,22.61742546,22.32107257,22.48983026,10700070.30227706
2001-11-15 09:15:00,NSE:RELIANCE,22.47336543,23.02491038,22.39104541,22.8890807,27168081.38849235
2001-11-19 09:15:00,NSE:RELIANCE,23.38711847,25.18169326,23.38711847,25.12818607,61621583.7581121
2001-11-20 09:15:00,NSE:RELIANCE,25.51920616,25.60152618,23.70816573,23.95924096,38463644.74423937
2001-11-21 09:15:00,NSE:RELIANCE,24.0374458,24.88122601,23.66700572,24.23501303,35219099.85236976
2001-11-22 09:15:00,NSE:RELIANCE,24.28440586,24.56429311,23.88103859,24.02921298,27326815.55812764
2001-11-23 09:15:00,NSE:RELIANCE,24.0374458,24.40788589,23.44062566,24.02921298,31269149.3971305
2001-11-26 09:15:00,NSE:RELIANCE,24.3420307,24.83595082,24.22266585,24.58075876,31825648.29092113
2001-11-27 09:15:00,NSE:RELIANCE,24.860646,25.09937324,23.93866096,24.13623065,24086230.82079248
2001-11-28 09:15:00,NSE:RELIANCE,24.13623065,24.22266585,23.48590085,23.91808095,28094308.08415181
2001-11-29 09:15:00,NSE:RELIANCE,23.87280576,24.02098098,23.54352569,23.86869059,21166479.33931079
2001-12-03 09:15:00,NSE:RELIANCE,23.96335861,24.17739066,23.54352569,23.9098506,23238150.36476443
2001-12-04 09:15:00,NSE:RELIANCE,24.0374458,24.77832598,23.95512579,24.57252594,29882293.56101028
2001-12-05 09:15:00,NSE:RELIANCE,25.11995324,25.99666145,25.02528604,25.79086141,39647415.10948158
2001-12-06 09:15:00,NSE:RELIANCE,26.34240636,26.71284645,25.19815891,25.51509098,42203840.63400128
2001-12-07 09:15:00,NSE:RELIANCE,25.51920616,25.99666145,25.51920616,25.6838462,26368482.45622756
2001-12-10 09:15:00,NSE:RELIANCE,25.60152618,26.33829118,25.60152618,25.93492144,17839913.08726844
2001-12-11 09:15:00,NSE:RELIANCE,25.93080626,26.16541914,25.44100132,25.556251,20008219.17198959
2001-12-12 09:15:00,NSE:RELIANCE,25.76616622,26.33417354,25.44511897,25.60152618,22169224.48102004
2001-12-13 09:15:00,NSE:RELIANCE,25.74558622,26.26008634,24.33791305,25.60152618,50029737.67508224
2001-12-14 09:15:00,NSE:RELIANCE,25.60152618,25.6838462,25.12818607,25.54390135,16260370.2228514
2001-12-18 09:15:00,NSE:RELIANCE,25.51920616,25.89376143,24.91003884,25.44923332,18778554.74591615
2001-12-19 09:15:00,NSE:RELIANCE,25.84025342,25.84025342,25.2722461,25.41219096,30963792.32801574
2001-12-20 09:15:00,NSE:RELIANCE,25.39572613,25.6838462,24.91003884,25.54390135,21392366.06804488
2001-12-21 09:15:00,NSE:RELIANCE,25.10760606,25.64268619,25.10760606,25.54801899,12236792.47732669
2001-12-24 09:15:00,NSE:RELIANCE,25.18992608,25.71677339,25.10760606,25.576831,12031010.21409704
2001-12-26 09:15:00,NSE:RELIANCE,25.51097334,25.76616622,24.97589321,25.25578128,8085262.86765808
2001-12-27 09:15:00,NSE:RELIANCE,25.10760606,25.22697091,24.54783075,24.88122601,31049725.25186975
2001-12-28 09:15:00,NSE:RELIANCE,24.69600597,25.09937324,23.80695057,24.85241318,25730496.70164919
2001-12-31 09:15:00,NSE:RELIANCE,25.02528604,25.42453896,24.58075876,25.20639091,14096449.46262996
2002-01-01 09:15:00,NSE:RELIANCE,25.09937324,25.42865332,24.91003884,25.10760606,8366591.75987387
2002-01-02 09:15:00,NSE:RELIANCE,25.02940122,25.18992608,24.77832598,24.99235886,8309546.09823713
2002-01-03 09:15:00,NSE:RELIANCE,25.10760606,25.26813092,24.30498587,24.40377072,19172152.80441105
2002-01-04 09:15:00,NSE:RELIANCE,24.77832598,26.81574648,24.53136592,26.42884156,54394119.51711863
2002-01-07 09:15:00,NSE:RELIANCE,26.26008634,27.21088175,26.12014148,26.34240636,36888426.46575557
2002-01-08 09:15:00,NSE:RELIANCE,26.42884156,26.75400646,25.9801991,26.16541914,19981530.64587888
2002-01-09 09:15:00,NSE:RELIANCE,26.34240636,27.61836667,26.02135911,27.02977935,75792522.99867149
2002-01-10 09:15:00,NSE:RELIANCE,27.17383939,27.54839383,26.47411922,26.72519363,29780216.3261863
2002-01-11 09:15:00,NSE:RELIANCE,26.9186465,27.57720666,26.1818815,26.90218167,36673156.83844195
2002-01-14 09:15:00,NSE:RELIANCE,27.24792658,28.31808684,26.52762641,26.8116313,56934485.76466138
2002-01-15 09:15:00,NSE:RELIANCE,26.74577364,27.07505372,26.37121919,26.56878642,20113576.28940347
2002-01-16 09:15:00,NSE:RELIANCE,26.76223928,26.87748649,26.02135911,26.36298637,15769177.43573857
2002-01-17 09:15:00,NSE:RELIANCE,26.0954463,26.58525124,25.97608145,26.23539116,23725893.20130126
2002-01-18 09:15:00,NSE:RELIANCE,27.15737373,27.15737373,25.39572613,25.65091902,28189400.38383078
2002-01-21 09:15:00,NSE:RELIANCE,25.76616622,25.9884311,25.60152618,25.71677339,12892052.28021162
2002-01-22 09:15:00,NSE:RELIANCE,25.6838462,26.24362151,25.44100132,25.73323904,23808934.96939086
2002-01-23 09:15:00,NSE:RELIANCE,25.6838462,26.08721348,25.58094618,25.90199343,14279879.93339549
2002-01-24 09:15:00,NSE:RELIANCE,25.97196627,26.0954463,25.64268619,25.81144141,10228216.67473107
2002-01-25 09:15:00,NSE:RELIANCE,25.92669109,25.93080626,25.6838462,25.91434144,7423443.29959347
2002-01-28 09:15:00,NSE:RELIANCE,26.01312628,26.67168644,25.73735339,25.88553107,28544696.70230427
2002-01-29 09:15:00,NSE:RELIANCE,26.01312628,26.21481115,25.84025342,26.06251912,18233292.48692405
2002-01-30 09:15:00,NSE:RELIANCE,25.92257344,26.17776632,25.45335097,25.85260142,17280413.70829376
2002-01-31 09:15:00,NSE:RELIANCE,26.42472638,26.42472638,24.49843874,24.70423879,82307596.74115022
2002-02-01 09:15:00,NSE:RELIANCE,24.74951315,25.14053325,24.53959875,24.74951315,54248784.27524852
2002-02-04 09:15:00,NSE:RELIANCE,25.23108609,25.23108609,24.42023308,24.9265012,23290494.86135573
2002-02-05 09:15:00,NSE:RELIANCE,24.53136592,24.860646,24.04567863,24.19385302,39786129.8476055
2002-02-06 09:15:00,NSE:RELIANCE,24.28440586,24.49020591,23.9016186,24.01275062,53344994.40604628
2002-02-07 09:15:00,NSE:RELIANCE,24.0374458,26.1695335,24.03333063,25.35045094,98588933.91715
2002-02-08 09:15:00,NSE:RELIANCE,25.35456612,25.88964625,25.20639091,25.61799101,51914018.07523598
2002-02-11 09:15:00,NSE:RELIANCE,25.84848624,26.0954463,25.28047893,25.40395896,29511363.1355252
2002-02-12 09:15:00,NSE:RELIANCE,25.51920616,25.88964625,25.32987094,25.45335097,35110839.43147826
2002-02-13 09:15:00,NSE:RELIANCE,25.51920616,25.76616622,25.45746615,25.51920616,41122487.63955535
2002-02-14 09:15:00,NSE:RELIANCE,25.71677339,26.04605347,25.52743899,25.64680137,24378383.32555476
2002-02-15 09:15:00,NSE:RELIANCE,25.76616622,26.32594153,25.61387336,25.9801991,60440510.18522153
2002-02-18 09:15:00,NSE:RELIANCE,26.17776632,26.49058157,26.03782147,26.23950634,43176313.67417758
2002-02-19 09:15:00,NSE:RELIANCE,26.35887119,26.58936642,26.21892633,26.4123792,34712515.91251127
2002-02-20 09:15:00,NSE:RELIANCE,26.13660631,26.21481115,25.7785134,26.09956148,22446010.12846322
2002-02-21 09:15:00,NSE:RELIANCE,26.21069351,26.42472638,25.72500621,25.88141343,17157345.22489474
2002-02-22 09:15:00,NSE:RELIANCE,25.76616622,25.95961909,25.73323904,25.92257344,10122082.10366629
2002-02-25 09:15:00,NSE:RELIANCE,25.94727109,26.0748663,25.76616622,25.90611108,10495745.7646429
2002-02-26 09:15:00,NSE:RELIANCE,26.12837349,26.67168644,25.9801991,26.45353921,35088171.79846839
2002-02-27 09:15:00,NSE:RELIANCE,26.67168644,27.18618657,26.19834633,26.81574648,87636227.6214617
2002-02-28 09:15:00,NSE:RELIANCE,26.90218167,27.11209937,25.11172124,25.34221894,72586462.06252275
2002-03-01 09:15:00,NSE:RELIANCE,25.35456612,26.72931128,25.12818607,26.53174158,54855015.90727186
2002-03-04 09:15:00,NSE:RELIANCE,27.49488664,27.98880676,25.6838462,25.81967341,137771395.30023757
2002-03-05 09:15:00,NSE:RELIANCE,26.26008634,26.29301353,25.69207903,25.82790624,53128364.23484357
2002-03-06 09:15:00,NSE:RELIANCE,25.35456612,26.46588639,25.22285327,25.32575329,40479302.66368638
2002-03-07 09:15:00,NSE:RELIANCE,25.51920616,25.71677339,25.24343327,25.62622136,26618239.44158777
2002-03-08 09:15:00,NSE:RELIANCE,25.67561338,25.88964625,25.16111325,25.26813092,22156554.4160526
2002-03-11 09:15:00,NSE:RELIANCE,25.47393097,25.47393097,24.45316108,24.56841076,48330661.31183522
2002-03-12 09:15:00,NSE:RELIANCE,24.60545312,24.65073078,23.99628579,24.05802581,31742825.18167088
2002-03-13 09:15:00,NSE:RELIANCE,24.11976582,24.58075876,24.0374458,24.17327302,33646566.21852435
2002-03-14 09:15:00,NSE:RELIANCE,24.45316108,24.56429311,24.22678103,24.49020591,19213600.80217608
2002-03-15 09:15:00,NSE:RELIANCE,24.55194593,25.47393097,24.55194593,25.3586813,51145881.72040714
2002-03-18 09:15:00,NSE:RELIANCE,25.576831,25.74970139,25.11583889,25.24755092,25021714.07398326
2002-03-19 09:15:00,NSE:RELIANCE,25.2722461,25.32987094,24.55194593,24.66307878,19845051.08700138
2002-03-20 09:15:00,NSE:RELIANCE,24.77832598,25.09525888,24.57252594,25.00470604,28689375.96765638
2002-03-21 09:15:00,NSE:RELIANCE,24.860646,25.07879323,24.78655881,24.98824121,13993388.263029
2002-03-22 09:15:00,NSE:RELIANCE,24.68777314,25.07467888,24.45727873,25.00882122,23247662.02427499
2002-03-26 09:15:00,NSE:RELIANCE,24.89357319,24.90180601,24.59722112,24.69600597,15299789.7939916
2002-03-27 09:15:00,NSE:RELIANCE,24.9347332,24.97589321,24.27205869,24.70423879,28493445.4999096
2002-03-28 09:15:00,NSE:RELIANCE,24.77832598,24.96354603,24.49432109,24.72070114,36560426.05905759
2002-04-01 09:15:00,NSE:RELIANCE,24.83183317,25.37926131,24.63838113,24.87299318,30584018.3672514
2002-04-02 09:15:00,NSE:RELIANCE,24.73716597,25.04586605,24.73716597,24.98824121,18245100.06424748
2002-04-03 09:15:00,NSE:RELIANCE,24.98001085,24.98001085,24.49432109,24.60957076,12804613.03990897
2002-04-04 09:15:00,NSE:RELIANCE,24.73716597,26.33417354,24.73716597,25.1364189,119982478.31338462
2002-04-05 09:15:00,NSE:RELIANCE,25.21050609,25.60152618,25.10760606,25.1652309,40366061.68034359
2002-04-08 09:15:00,NSE:RELIANCE,25.29282611,25.37103095,24.86476118,24.94296602,20914426.43613771
2002-04-09 09:15:00,NSE:RELIANCE,24.98412603,25.03763323,24.63015077,24.70835314,17166978.36153823
2002-04-10 09:15:00,NSE:RELIANCE,24.69600597,24.87711083,24.23501303,24.38730589,32429911.99339058
2002-04-11 09:15:00,NSE:RELIANCE,24.54371311,24.73305079,24.30910105,24.41200107,9811708.0289604
2002-04-12 09:15:00,NSE:RELIANCE,24.43669872,24.67954114,24.32968105,24.55194593,12418388.64338453
2002-04-15 09:15:00,NSE:RELIANCE,24.53136592,24.68365878,24.14857866,24.23913068,7872665.73726953
2002-04-16 09:15:00,NSE:RELIANCE,24.20208585,24.31321869,23.65465854,23.79460092,18318362.92313403
2002-04-17 09:15:00,NSE:RELIANCE,24.02509863,24.07037299,23.76167292,23.87692094,11396377.22838828
2002-04-18 09:15:00,NSE:RELIANCE,24.0374458,24.34614588,23.95512579,24.06625863,23456942.82893382
2002-04-19 09:15:00,NSE:RELIANCE,24.08272099,24.61368594,23.23482561,23.43651048,23351172.68926788
2002-04-22 09:15:00,NSE:RELIANCE,23.46120567,23.82753058,23.07018557,23.64642571,21344163.94168743
2002-04-23 09:15:00,NSE:RELIANCE,23.72463055,24.25147868,23.55587287,23.97159061,44499211.79979578
2002-04-24 09:15:00,NSE:RELIANCE,24.11976582,26.32594153,23.79048575,23.84399293,14585613.58162238
2002-04-25 09:15:00,NSE:RELIANCE,23.91396577,23.94689296,23.47767049,23.6258457,20528226.33503989
2002-04-26 09:15:00,NSE:RELIANCE,23.66700572,23.94689296,23.5105985,23.74932573,13723356.74417824
2002-04-29 09:15:00,NSE:RELIANCE,23.79048575,23.79048575,22.4445526,22.66270065,57332347.6705231
2002-04-30 09:15:00,NSE:RELIANCE,22.63800547,23.02491038,22.51864061,22.91377836,20511231.68413917
2002-05-02 09:15:00,NSE:RELIANCE,23.37477047,23.54352569,23.1730856,23.40769848,15913917.4396572
2002-05-03 09:15:00,NSE:RELIANCE,23.46120567,23.86869059,23.43651048,23.69581854,21048682.96348211
2002-05-06 09:15:00,NSE:RELIANCE,23.7122809,23.95512579,23.6793529,23.84811058,16491893.49055468
2002-05-07 09:15:00,NSE:RELIANCE,23.79048575,24.22678103,23.63819289,24.13211301,14626551.375429
2002-05-08 09:15:00,NSE:RELIANCE,24.20208585,24.31733305,23.75755856,23.86869059,21435089.57570595
2002-05-09 09:15:00,NSE:RELIANCE,24.07860582,24.26382586,23.81106575,23.99217062,14727972.63373504
2002-05-10 09:15:00,NSE:RELIANCE,24.00451862,24.06214099,23.46943849,23.7122809,15976672.52654293
2002-05-13 09:15:00,NSE:RELIANCE,23.87280576,23.87280576,23.48590085,23.54352569,10361768.63470432
2002-05-14 09:15:00,NSE:RELIANCE,23.6917009,23.78225292,23.29656563,23.35419046,10950118.83275636
2002-05-15 09:15:00,NSE:RELIANCE,23.43651048,23.6258457,23.06607039,23.2883328,13182455.51425933
2002-05-16 09:15:00,NSE:RELIANCE,23.37888564,23.40358083,22.65035265,22.8767327,16208924.65704397
2002-05-17 09:15:00,NSE:RELIANCE,22.96728555,23.66289054,22.6873983,23.11546076,35040127.59238379
2002-05-20 09:15:00,NSE:RELIANCE,23.84811058,23.85634094,22.43220542,22.73679032,29562772.25819274
2002-05-21 09:15:00,NSE:RELIANCE,22.44043824,22.50217826,20.46475776,21.58842521,68857077.63759404
2002-05-22 09:15:00,NSE:RELIANCE,21.52257002,21.60900522,20.99160507,21.30030514,25742522.93781196
2002-05-23 09:15:00,NSE:RELIANCE,21.23856513,21.38674034,20.63762898,20.91340105,24750552.81779602
2002-05-24 09:15:00,NSE:RELIANCE,21.42790035,22.55568545,21.42790035,22.2757982,38764409.9777283
2002-05-27 09:15:00,NSE:RELIANCE,22.61331029,22.61331029,21.82303809,22.17289818,21773075.40273304
2002-05-28 09:15:00,NSE:RELIANCE,22.0453005,22.0453005,21.24679795,21.40320517,28765250.58490151
2002-05-29 09:15:00,NSE:RELIANCE,22.63800547,22.63800547,21.17682511,21.83950045,21424849.05339764
2002-05-30 09:15:00,NSE:RELIANCE,21.432018,22.19759254,21.432018,21.52257002,26375613.16393216
2002-05-31 09:15:00,NSE:RELIANCE,21.6419324,21.89712529,21.04922908,21.69132524,26186983.47187609
2002-06-03 09:15:00,NSE:RELIANCE,22.02472049,22.38693023,21.58431004,22.2552182,32252749.74268567
2002-06-04 09:15:00,NSE:RELIANCE,22.26756538,22.62977264,22.06999815,22.47336543,25766453.93300454
2002-06-05 09:15:00,NSE:RELIANCE,22.47336543,22.84380552,22.39104541,22.58861263,22984834.0994086
2002-06-06 09:15:00,NSE:RELIANCE,22.63800547,22.80264551,22.25933255,22.65858547,22028930.54016768
2002-06-07 09:15:00,NSE:RELIANCE,22.55568545,22.71621031,22.32930539,22.61742546,19887883.92408212
2002-06-10 09:15:00,NSE:RELIANCE,22.81087833,23.46120567,22.81087833,23.37065282,23114851.07481278
2002-06-11 09:15:00,NSE:RELIANCE,23.70816573,23.98805297,23.59703287,23.80695057,27060513.38725866
2002-06-12 09:15:00,NSE:RELIANCE,23.74521056,23.74521056,23.41181283,23.56822087,13382649.82937294
2002-06-13 09:15:00,NSE:RELIANCE,23.6258457,23.78637057,23.37888564,23.42416083,10086064.13374445
2002-06-14 09:15:00,NSE:RELIANCE,23.37065282,23.37888564,23.00021273,23.20189843,15698915.06203608
2002-06-17 09:15:00,NSE:RELIANCE,23.53529286,23.53529286,23.25540561,23.45297284,9589793.60247402
2002-06-18 09:15:00,NSE:RELIANCE,23.54352569,23.79048575,23.23894079,23.32537846,10082674.92173492
2002-06-19 09:15:00,NSE:RELIANCE,23.29656563,23.77402092,22.96317037,23.59703287,29903843.60439692
2002-06-20 09:15:00,NSE:RELIANCE,23.61761288,23.73286091,23.32949281,23.58880087,14892076.09264706
2002-06-21 09:15:00,NSE:RELIANCE,23.6258457,23.6258457,23.21013043,23.37065282,10035772.60070014
2002-06-24 09:15:00,NSE:RELIANCE,23.46120567,23.46120567,23.14427277,23.36242082,9175435.10195671
2002-06-25 09:15:00,NSE:RELIANCE,22.80264551,23.18131842,22.06176533,22.4569006,123175735.55971959
2002-06-26 09:15:00,NSE:RELIANCE,22.22640537,22.34165257,21.81480527,21.98356049,38148326.55022213
2002-06-27 09:15:00,NSE:RELIANCE,22.18524536,22.49806061,21.90124046,22.3704654,34858762.23287856
2002-06-28 09:15:00,NSE:RELIANCE,22.39104541,22.39104541,22.02472049,22.17701253,21937142.41850514
2002-07-01 09:15:00,NSE:RELIANCE,22.23052055,22.55568545,22.10704052,22.36635023,10574049.92454718
2002-07-02 09:15:00,NSE:RELIANCE,22.31695821,22.38693023,21.92593812,21.98767813,11679625.45930478
2002-07-03 09:15:00,NSE:RELIANCE,21.97944531,22.47336543,21.90535811,22.07411251,28792194.21299144
2002-07-04 09:15:00,NSE:RELIANCE,22.14408535,22.30461021,21.9382853,21.97944531,12569809.88961582
2002-07-05 09:15:00,NSE:RELIANCE,22.06176533,22.12762052,21.58842521,21.67486041,26005326.56725177
2002-07-08 09:15:00,NSE:RELIANCE,21.40320517,22.53922062,21.40320517,22.37869823,55894107.00716195
2002-07-09 09:15:00,NSE:RELIANCE,22.39516058,22.93435836,22.23463819,22.79441268,44464420.7489168
2002-07-10 09:15:00,NSE:RELIANCE,22.55568545,22.96317037,22.55568545,22.83145834,32989557.14492483
2002-07-11 09:15:00,NSE:RELIANCE,22.72032549,22.76971832,21.79011008,21.86831246,31206394.31024474
2002-07-12 09:15:00,NSE:RELIANCE,22.10292534,22.17289818,21.76129808,21.83950045,18921837.02423927
2002-07-15 09:15:00,NSE:RELIANCE,21.97944531,21.97944531,21.40320517,21.88477811,12832164.05366366
2002-07-16 09:15:00,NSE:RELIANCE,21.89712529,22.00414049,21.08215791,21.2303323,27413756.74218519
2002-07-17 09:15:00,NSE:RELIANCE,21.17682511,21.27972514,20.72818101,20.90105222,45209306.38049762
2002-07-18 09:15:00,NSE:RELIANCE,20.99160507,21.43613235,20.92163223,21.34969798,21671763.47384665
2002-07-19 09:15:00,NSE:RELIANCE,21.07392509,21.59665804,21.07392509,21.38674034,27542267.40114069
2002-07-22 09:15:00,NSE:RELIANCE,21.15624511,21.2303323,20.90928505,21.13978028,17011997.83531132
2002-07-23 09:15:00,NSE:RELIANCE,20.95867788,21.38674034,20.80226902,21.13566511,28222915.9248137
2002-07-24 09:15:00,NSE:RELIANCE,21.1150851,21.14801228,20.58823779,20.707601,26705411.43219791
2002-07-25 09:15:00,NSE:RELIANCE,20.99160507,21.37439234,20.58412097,20.72818101,73363648.46375693
2002-07-26 09:15:00,NSE:RELIANCE,20.73641218,20.73641218,20.07785203,20.20133206,35432110.00501039
2002-07-29 09:15:00,NSE:RELIANCE,20.13136086,20.62528098,19.65802075,20.39478493,52623359.49771349
2002-07-30 09:15:00,NSE:RELIANCE,20.69525218,20.81050103,20.19310088,20.31658091,37765661.43369337
2002-07-31 09:15:00,NSE:RELIANCE,20.16428887,20.39478493,19.84324079,20.11489768,41451131.87505803
2002-08-01 09:15:00,NSE:RELIANCE,20.2918849,20.49768495,19.98318483,20.17252087,23697710.50645514
2002-08-02 09:15:00,NSE:RELIANCE,19.92967764,20.12724486,19.67860075,19.99141765,24138308.06769126
2002-08-05 09:15:00,NSE:RELIANCE,20.16840487,20.2177977,19.90498081,20.08196885,26349714.23918566
2002-08-06 09:15:00,NSE:RELIANCE,20.00376483,20.08196885,19.80619761,19.8844008,20420974.17435188
2002-08-07 09:15:00,NSE:RELIANCE,20.08608485,20.32069773,19.73210876,19.8597048,29990626.86818161
2002-08-08 09:15:00,NSE:RELIANCE,19.90086481,19.97906882,19.04473742,19.19291181,44486092.26943638
2002-08-09 09:15:00,NSE:RELIANCE,19.27111748,19.39871186,18.90067739,19.31639184,40927091.67119354
2002-08-12 09:15:00,NSE:RELIANCE,19.57158473,20.02846084,19.28758066,19.83500879,53938276.57569638
2002-08-13 09:15:00,NSE:RELIANCE,19.96260482,20.08608485,19.8638208,19.96672082,18877546.46156306
2002-08-14 09:15:00,NSE:RELIANCE,19.92967764,20.04492484,19.60451191,19.63744074,29368311.66375468
2002-08-16 09:15:00,NSE:RELIANCE,19.83912479,20.07785203,19.78150078,19.98730083,23997807.61571287
2002-08-19 09:15:00,NSE:RELIANCE,20.09431767,20.30834891,20.09431767,20.18898487,24962336.05139375
2002-08-20 09:15:00,NSE:RELIANCE,20.2918849,20.62116498,20.20133206,20.48945212,39715733.84905675
2002-08-21 09:15:00,NSE:RELIANCE,20.50180095,20.66644099,20.15194087,20.18486888,24189741.48578539
2002-08-22 09:15:00,NSE:RELIANCE,20.33304491,20.53061213,20.25072489,20.3865521,21773561.31126484
2002-08-23 09:15:00,NSE:RELIANCE,20.57177215,20.61704898,20.30011773,20.55942496,17148926.85958079
2002-08-26 09:15:00,NSE:RELIANCE,20.58412097,20.81050103,20.51414895,20.65820899,20020646.28269114
2002-08-27 09:15:00,NSE:RELIANCE,21.40320517,21.40320517,20.25072489,20.30011773,16246351.76170812
2002-08-28 09:15:00,NSE:RELIANCE,20.20956488,20.33304491,20.10254885,20.22602888,11622932.08135362
2002-08-29 09:15:00,NSE:RELIANCE,20.16840487,20.58000497,20.13547769,20.54707779,24999993.9626105
2002-08-30 09:15:00,NSE:RELIANCE,20.63762898,21.10685227,20.49768495,21.03276508,41073848.19551926
2002-09-02 09:15:00,NSE:RELIANCE,21.40320517,22.06176533,21.40320517,21.83538527,50127538.91482617
2002-09-03 09:15:00,NSE:RELIANCE,21.93005247,21.97121248,21.49375801,21.75718043,26072637.0466234
2002-09-04 09:15:00,NSE:RELIANCE,21.56784521,22.30461021,21.48552519,22.16878053,59946535.57176404
2002-09-05 09:15:00,NSE:RELIANCE,22.22640537,22.29637821,21.81480527,21.89301011,25796883.95481034
2002-09-06 09:15:00,NSE:RELIANCE,21.89712529,22.09469251,21.67074523,21.86831246,30545425.08211085
2002-09-09 09:15:00,NSE:RELIANCE,21.80657244,21.89712529,21.21798512,21.48141001,30010925.69709877
2002-09-11 09:15:00,NSE:RELIANCE,21.48552519,21.57607803,21.1150851,21.18917229,25099605.21163548
2002-09-12 09:15:00,NSE:RELIANCE,21.2221003,21.70367242,21.19740512,21.44436518,33853247.41253789
2002-09-13 09:15:00,NSE:RELIANCE,21.49787237,21.81069009,21.21386995,21.32088515,44973264.16344832
2002-09-16 09:15:00,NSE:RELIANCE,21.40320517,21.50199002,21.15624511,21.24268031,25696057.9344558
2002-09-17 09:15:00,NSE:RELIANCE,21.25914514,21.64605005,21.25914514,21.53491802,16229344.96309409
2002-09-18 09:15:00,NSE:RELIANCE,21.40320517,21.55138038,21.23856513,21.29207232,14914962.38449619
2002-09-19 09:15:00,NSE:RELIANCE,21.35792998,21.35792998,21.03276508,21.24679795,18346691.39053969
2002-09-20 09:15:00,NSE:RELIANCE,20.99160507,21.18917229,20.83108103,21.03276508,21352035.65990307
2002-09-23 09:15:00,NSE:RELIANCE,21.15624511,21.56373003,20.99160507,21.40320517,22129489.31082972
2002-09-24 09:15:00,NSE:RELIANCE,21.32088515,21.51022037,20.93398106,21.03276508,29363452.57843641
2002-09-25 09:15:00,NSE:RELIANCE,20.91751788,21.06980909,20.74464501,21.0204179,14719384.20043497
2002-09-26 09:15:00,NSE:RELIANCE,21.15624511,21.16447794,20.97102506,21.04922908,7096694.10736495
2002-09-27 09:15:00,NSE:RELIANCE,21.05334508,21.36204516,20.89282104,21.23444995,22660344.38185309
2002-09-30 09:15:00,NSE:RELIANCE,21.17682511,21.40320517,21.16447794,21.24268031,27389449.16788042
2002-10-01 09:15:00,NSE:RELIANCE,21.08215791,21.19740512,20.50180095,20.58000497,25213793.71661534
2002-10-03 09:15:00,NSE:RELIANCE,20.49768495,20.53884496,19.79796478,19.92967764,59419324.81472938
2002-10-04 09:15:00,NSE:RELIANCE,19.84735761,19.90909763,19.34932067,19.43987187,48117092.36438302
2002-10-07 09:15:00,NSE:RELIANCE,19.34520467,19.89263198,19.31227749,19.76915195,24617340.99379504
2002-10-08 09:15:00,NSE:RELIANCE,19.81031196,20.06962085,19.74034077,19.95025764,16177109.79592246
2002-10-09 09:15:00,NSE:RELIANCE,19.98318483,20.03669202,19.56746873,19.62509191,17549801.39833984
2002-10-10 09:15:00,NSE:RELIANCE,19.50984471,19.70741194,19.36578468,19.50161188,18162046.1484446
2002-10-11 09:15:00,NSE:RELIANCE,20.66232499,20.66232499,19.60039755,19.72387758,15640180.86825123
2002-10-14 09:15:00,NSE:RELIANCE,19.83912479,20.03669202,19.75680477,19.93790882,12718655.82062838
2002-10-16 09:15:00,NSE:RELIANCE,20.04492484,20.35362492,19.98730083,20.10254885,23893337.28136956
2002-10-17 09:15:00,NSE:RELIANCE,20.04492484,20.15194087,19.89263198,20.05727202,14665934.26193375
2002-10-18 09:15:00,NSE:RELIANCE,20.14370887,20.36185774,19.8844008,19.995532,17264330.13589021
2002-10-21 09:15:00,NSE:RELIANCE,20.08608485,20.10254885,19.85558879,19.93379199,9630707.10085403
2002-10-22 09:15:00,NSE:RELIANCE,20.01199766,20.02846084,19.67860075,19.75268877,13541056.01074925
2002-10-23 09:15:00,NSE:RELIANCE,19.57570073,19.57570073,19.37813185,19.42340869,16573125.24936321
2002-10-24 09:15:00,NSE:RELIANCE,19.34520467,19.50984471,18.85951738,18.92537175,34880943.95735656
2002-10-25 09:15:00,NSE:RELIANCE,18.89244456,19.00769177,18.2380004,18.36148043,57410093.03561578
2002-10-28 09:15:00,NSE:RELIANCE,18.34090043,18.48907729,17.94988033,18.09394037,34989058.60568856
2002-10-29 09:15:00,NSE:RELIANCE,18.56316448,19.13940462,18.44791728,18.97888058,69344006.57734008
2002-10-30 09:15:00,NSE:RELIANCE,19.14763745,19.41929187,19.14763745,19.29581184,46837938.15434274
2002-10-31 09:15:00,NSE:RELIANCE,19.51396071,22.17701253,19.51396071,21.85596528,442101448.1421062
2002-11-01 09:15:00,NSE:RELIANCE,21.88066046,22.03707014,20.72406501,21.21798512,275602460.1681837
2002-11-04 09:15:00,NSE:RELIANCE,21.6542804,21.75718043,21.42790035,21.67074523,62763590.28504362
2002-11-05 09:15:00,NSE:RELIANCE,21.81480527,21.81480527,21.37850999,21.50199002,62277681.75321441
2002-11-07 09:15:00,NSE:RELIANCE,21.69132524,22.33753822,21.20563794,21.37439234,109143559.6481373
2002-11-08 09:15:00,NSE:RELIANCE,20.90928505,21.58019239,20.90928505,21.23856513,83051486.26024078
2002-11-11 09:15:00,NSE:RELIANCE,21.23856513,21.27149231,20.95456106,21.07392509,35331624.12062812
2002-11-12 09:15:00,NSE:RELIANCE,20.90928505,21.54315002,20.88047222,21.46906036,67763589.07756568
2002-11-13 09:15:00,NSE:RELIANCE,22.20582536,22.20582536,21.43613235,21.63781805,99115622.32251301
2002-11-14 09:15:00,NSE:RELIANCE,21.69132524,21.87243011,21.58842521,21.80657244,61447992.93511613
2002-11-15 09:15:00,NSE:RELIANCE,21.98767813,22.18524536,21.90535811,22.07823016,59623406.39809762
2002-11-18 09:15:00,NSE:RELIANCE,22.06176533,22.78618068,21.98767813,22.37869823,80542983.46467274
2002-11-20 09:15:00,NSE:RELIANCE,22.43220542,22.8767327,22.30872539,22.51041026,90508967.45248888
2002-11-21 09:15:00,NSE:RELIANCE,22.65858547,22.80264551,22.49806061,22.61331029,52880210.7476384
2002-11-22 09:15:00,NSE:RELIANCE,22.7614855,23.74109291,22.7614855,23.4900185,164680475.29355165
2002-11-25 09:15:00,NSE:RELIANCE,23.42004566,24.01275062,23.1936656,23.58880087,114974462.03008732
2002-11-26 09:15:00,NSE:RELIANCE,23.84811058,24.35026106,23.83576093,24.07037299,168276198.42908746
2002-11-27 09:15:00,NSE:RELIANCE,23.99628579,24.11565065,23.55587287,23.65054089,85295168.90596195
2002-11-28 09:15:00,NSE:RELIANCE,23.87280576,24.11565065,23.80283293,23.93866096,85903769.34207799
2002-11-29 09:15:00,NSE:RELIANCE,23.93866096,23.93866096,23.93866096,23.93866096,0.0
2002-12-02 09:15:00,NSE:RELIANCE,23.86457294,24.46139308,23.70816573,24.24736103,71761401.52319013
2002-12-03 09:15:00,NSE:RELIANCE,24.52725075,24.840066,23.83164576,23.98393862,95036420.19780712
2002-12-04 09:15:00,NSE:RELIANCE,24.11976582,24.23089868,23.60938088,24.07860582,111381168.43721065
2002-12-05 09:15:00,NSE:RELIANCE,24.25971068,24.5231331,24.07860582,24.23501303,79410816.58551078
2002-12-06 09:15:00,NSE:RELIANCE,24.29263869,24.61368594,24.123881,24.37907306,44578463.48133713
2002-12-09 09:15:00,NSE:RELIANCE,24.61368594,25.04586605,23.97570579,24.11565065,99115622.32251301
2002-12-10 09:15:00,NSE:RELIANCE,23.94689296,24.22266585,23.71639855,24.14857866,55874622.07503562
2002-12-11 09:15:00,NSE:RELIANCE,24.27617304,24.44081308,23.9221986,24.09095299,50348627.29680843
2002-12-12 09:15:00,NSE:RELIANCE,24.11976582,24.24736103,23.88515295,24.18973866,48667383.77667953
2002-12-13 09:15:00,NSE:RELIANCE,23.70816573,24.58899076,23.70816573,24.44493073,46048336.79012035
2002-12-16 09:15:00,NSE:RELIANCE,24.860646,24.860646,24.28440586,24.3420307,81113925.98957197
2002-12-17 09:15:00,NSE:RELIANCE,24.39142107,24.5149011,24.04156098,24.21031867,60076516.1040283
2002-12-18 09:15:00,NSE:RELIANCE,24.24736103,24.35849306,23.76167292,23.86457294,43163254.8823847
2002-12-19 09:15:00,NSE:RELIANCE,23.83164576,23.90573295,23.53117851,23.79871857,47029872.02441527
2002-12-20 09:15:00,NSE:RELIANCE,23.79048575,24.10741865,23.79048575,23.93866096,44352516.01403654
2002-12-23 09:15:00,NSE:RELIANCE,24.03333063,24.0374458,23.75344091,23.84399293,30651110.1877837
2002-12-24 09:15:00,NSE:RELIANCE,23.81106575,24.05802581,23.23071043,24.00040097,45066801.55582542
2002-12-26 09:15:00,NSE:RELIANCE,24.09918582,24.91827084,24.07860582,24.73716597,132999239.01829013
2002-12-27 09:15:00,NSE:RELIANCE,24.90180601,25.22285327,24.46551073,24.60545312,125725188.29680754
2002-12-30 09:15:00,NSE:RELIANCE,24.44904591,24.62603312,24.21031867,24.49020591,50663253.07116782
2002-12-31 09:15:00,NSE:RELIANCE,24.68777314,24.68777314,24.45316108,24.52725075,46078706.07335966
2003-01-01 09:15:00,NSE:RELIANCE,24.76186116,24.81948599,24.45727873,24.5149011,41126083.36269089
2003-01-02 09:15:00,NSE:RELIANCE,24.60133876,24.60133876,24.08683864,24.16092583,34826279.24752579
2003-01-03 09:15:00,NSE:RELIANCE,24.29263869,24.31321869,23.63407853,23.70405055,63101296.71466486
2003-01-06 09:15:00,NSE:RELIANCE,23.6793529,23.74521056,23.39123283,23.44474084,42137987.88022514
2003-01-07 09:15:00,NSE:RELIANCE,23.54764086,23.67523854,23.40358083,23.46532084,32925162.11674418
2003-01-08 09:15:00,NSE:RELIANCE,23.4900185,23.94689296,23.47355284,23.78637057,31184394.80146622
2003-01-09 09:15:00,NSE:RELIANCE,23.91396577,24.5231331,23.89338577,24.39553872,69311207.75144158
2003-01-10 09:15:00,NSE:RELIANCE,24.59722112,24.61368594,24.0374458,24.45316108,53170541.09540634
2003-01-13 09:15:00,NSE:RELIANCE,24.44904591,24.47374109,24.24324585,24.30498587,32066318.78673613
2003-01-14 09:15:00,NSE:RELIANCE,24.111533,24.28440586,23.99628579,24.24324585,34887017.81400443
2003-01-15 09:15:00,NSE:RELIANCE,24.0374458,24.16092583,23.65877289,23.93866096,48181475.24485035
2003-01-16 09:15:00,NSE:RELIANCE,23.93866096,24.11565065,23.73697856,23.99217062,29885804.25015274
2003-01-17 09:15:00,NSE:RELIANCE,24.07860582,24.18150584,23.9221986,24.06625863,22945815.64430273
2003-01-20 09:15:00,NSE:RELIANCE,24.08272099,24.19797067,23.76990574,23.86045859,17987119.07698609
2003-01-21 09:15:00,NSE:RELIANCE,23.87280576,24.11976582,23.70816573,24.04567863,22626330.78462503
2003-01-22 09:15:00,NSE:RELIANCE,24.07860582,24.49020591,23.97982097,24.37084106,47074818.56360944
2003-01-23 09:15:00,NSE:RELIANCE,24.44904591,24.69600597,24.00451862,24.09507064,39888231.37785612
2003-01-24 09:15:00,NSE:RELIANCE,24.15269301,24.15269301,23.15250559,23.2677528,49556596.38992692
2003-01-27 09:15:00,NSE:RELIANCE,23.23482561,23.45297284,22.25933255,22.50217826,59284485.19714678
2003-01-28 09:15:00,NSE:RELIANCE,22.2552182,23.02491038,22.16878053,22.93847272,63890898.07888725
2003-01-29 09:15:00,NSE:RELIANCE,25.51920616,25.51920616,22.33753822,22.48571261,37691924.81398828
2003-01-30 09:15:00,NSE:RELIANCE,22.48571261,22.71209266,21.95063248,22.09469251,63004115.00829901
2003-01-31 09:15:00,NSE:RELIANCE,21.97944531,23.00844555,21.67486041,22.64212064,149412014.45214972
2003-02-03 09:15:00,NSE:RELIANCE,23.21424561,23.25540561,22.76560067,23.16073842,49566314.5605635
2003-02-04 09:15:00,NSE:RELIANCE,23.39535047,23.57233851,23.07018557,23.16485277,54404748.76625242
2003-02-05 09:15:00,NSE:RELIANCE,23.02491038,23.37888564,22.8561527,23.25952079,40863692.75550316
2003-02-06 09:15:00,NSE:RELIANCE,23.29656563,23.53117851,23.22247843,23.46532084,36026473.32114381
2003-02-07 09:15:00,NSE:RELIANCE,23.50236567,23.60938088,22.83557269,23.11134558,47916655.0950035
2003-02-10 09:15:00,NSE:RELIANCE,23.1072304,23.2883328,22.96728555,23.18543278,35457960.33890369
2003-02-11 09:15:00,NSE:RELIANCE,23.23071043,23.36653847,23.07430075,23.25129044,29911314.44807378
2003-02-12 09:15:00,NSE:RELIANCE,23.17720077,23.2883328,22.93024071,23.14839041,31981284.79366603
2003-02-14 09:15:00,NSE:RELIANCE,23.18955042,23.45297284,23.06607039,23.38711847,45048579.98588182
2003-02-17 09:15:00,NSE:RELIANCE,23.65877289,24.07860582,23.63819289,24.02098098,38432935.32502774
2003-02-18 09:15:00,NSE:RELIANCE,24.11976582,24.18562102,23.77402092,23.84399293,28275017.46713907
2003-02-19 09:15:00,NSE:RELIANCE,23.95924096,24.10741865,23.81518093,23.9016186,22588672.87340828
2003-02-20 09:15:00,NSE:RELIANCE,23.87280576,23.94689296,23.62996088,23.78225292,18794942.01115207
2003-02-21 09:15:00,NSE:RELIANCE,23.80283293,24.35849306,23.79048575,24.27617304,54879724.35611538
2003-02-24 09:15:00,NSE:RELIANCE,24.46139308,25.00470604,24.46139308,24.91827084,115388699.05347167
2003-02-25 09:15:00,NSE:RELIANCE,24.69600597,24.82360117,24.26382586,24.32968105,60287886.31537401
2003-02-26 09:15:00,NSE:RELIANCE,24.42023308,24.5231331,23.99628579,24.08683864,47712573.51163522
2003-02-27 09:15:00,NSE:RELIANCE,23.97982097,24.44904591,23.89750095,24.31733305,51660580.3327472
2003-02-28 09:15:00,NSE:RELIANCE,24.44904591,24.9265012,24.08272099,24.26382586,89982971.46678378
2003-03-03 09:15:00,NSE:RELIANCE,24.28440586,24.79479081,24.14034583,24.35026106,79792254.78299665
2003-03-04 09:15:00,NSE:RELIANCE,24.21031867,24.4284659,23.95512579,24.05391063,32541294.37659912
2003-03-05 09:15:00,NSE:RELIANCE,23.91808095,23.94689296,23.30891281,23.78637057,69420537.17110318
2003-03-06 09:15:00,NSE:RELIANCE,23.7122809,23.75755856,23.39946565,23.4900185,29887019.02148232
2003-03-07 09:15:00,NSE:RELIANCE,22.88496553,23.2883328,22.88496553,23.13192558,40855189.35619614
2003-03-10 09:15:00,NSE:RELIANCE,23.12369276,23.18131842,22.60096064,22.79853033,48469376.04995915
2003-03-11 09:15:00,NSE:RELIANCE,22.63800547,23.65877289,22.56391827,23.47355284,50032786.7511195
2003-03-12 09:15:00,NSE:RELIANCE,23.46120567,23.53117851,22.76560067,22.90966071,30829681.57323092
2003-03-13 09:15:00,NSE:RELIANCE,22.88496553,23.12369276,22.67093265,22.88085035,43454800.00148217
2003-03-17 09:15:00,NSE:RELIANCE,22.88496553,23.12369276,22.65858547,23.01256073,48805867.70825083
2003-03-19 09:15:00,NSE:RELIANCE,23.21424561,23.5188305,23.17720077,23.46532084,42813400.73946767
2003-03-20 09:15:00,NSE:RELIANCE,23.04960557,24.35849306,23.04960557,24.14857866,61947263.95157059
2003-03-21 09:15:00,NSE:RELIANCE,24.14857866,24.14857866,24.14857866,24.14857866,0.0
2003-03-24 09:15:00,NSE:RELIANCE,24.111533,24.111533,23.17720077,23.28421845,48323603.49041038
2003-03-25 09:15:00,NSE:RELIANCE,22.96728555,23.60115052,22.81499269,23.5188305,42608104.38476986
2003-03-26 09:15:00,NSE:RELIANCE,23.5846857,23.7205129,23.26363844,23.42004566,33907912.12236868
2003-03-27 09:15:00,NSE:RELIANCE,23.2883328,23.35007281,22.98375038,23.09076558,30392363.89458467
2003-03-28 09:15:00,NSE:RELIANCE,23.12369276,23.57645287,23.06195275,23.4982505,37067532.35058778
2003-03-31 09:15:00,NSE:RELIANCE,23.14015841,23.2801008,22.6873983,22.89319835,40772584.90578518
2003-04-01 09:15:00,NSE:RELIANCE,22.72032549,23.27598562,22.72032549,23.13604076,32348145.73519705
2003-04-02 09:15:00,NSE:RELIANCE,23.25952079,23.54352569,23.13192558,23.23894079,30365638.92533406
2003-04-03 09:15:00,NSE:RELIANCE,23.29656563,23.6258457,23.21836079,23.50236567,27074823.39352106
2003-04-04 09:15:00,NSE:RELIANCE,23.55587287,24.21031867,23.55587287,24.15681066,59702366.53451987
2003-04-07 09:15:00,NSE:RELIANCE,24.30498587,24.860646,24.28440586,24.70835314,59880937.91996703
2003-04-08 09:15:00,NSE:RELIANCE,24.53136592,24.59722112,24.24324585,24.37907306,36757765.6615467
2003-04-09 09:15:00,NSE:RELIANCE,24.13211301,24.27617304,23.66700572,23.73697856,38638231.67972558
2003-04-10 09:15:00,NSE:RELIANCE,23.6999329,23.74932573,23.22247843,23.48178567,35369282.03184487
2003-04-11 09:15:00,NSE:RELIANCE,23.57645287,24.20208585,23.25540561,24.10741865,41993430.09200595
2003-04-15 09:15:00,NSE:RELIANCE,24.11976582,24.13623065,22.56803263,23.23894079,71015531.92683236
2003-04-16 09:15:00,NSE:RELIANCE,23.45297284,23.4900185,23.08253275,23.36242082,36726181.60697782
2003-04-17 09:15:00,NSE:RELIANCE,23.36242082,23.36242082,22.73267267,22.89731271,37719864.55456846
2003-04-21 09:15:00,NSE:RELIANCE,23.04960557,23.21424561,22.80264551,22.99198073,26260926.6027072
2003-04-22 09:15:00,NSE:RELIANCE,22.93847272,22.95082072,22.53510544,22.83557269,47093040.13355304
2003-04-23 09:15:00,NSE:RELIANCE,23.1730856,23.41593048,22.20582536,22.32519021,192075998.31808
2003-04-24 09:15:00,NSE:RELIANCE,22.47336543,22.80264551,22.36635023,22.53922062,78971069.36420538
2003-04-25 09:15:00,NSE:RELIANCE,22.39104541,22.60507828,21.97944531,22.07823016,67206009.03729174
2003-04-28 09:15:00,NSE:RELIANCE,22.06176533,22.53099026,21.79422526,22.40751023,59291773.82512421
2003-04-29 09:15:00,NSE:RELIANCE,22.47336543,22.54333827,22.28814538,22.46101825,38346686.56062809
2003-04-30 09:15:00,NSE:RELIANCE,22.45278542,22.67916548,22.31284057,22.59273028,29557815.99116806
2003-05-02 09:15:00,NSE:RELIANCE,22.60507828,22.62977264,22.33342057,22.51041026,28164473.27614795
2003-05-05 09:15:00,NSE:RELIANCE,22.63800547,22.72032549,22.18524536,22.27168055,33559272.75078124
2003-05-06 09:15:00,NSE:RELIANCE,22.22640537,22.4445526,22.0535325,22.21817254,37436822.83477798
2003-05-07 09:15:00,NSE:RELIANCE,21.93005247,22.12350534,21.81480527,21.86008046,35706988.46146613
2003-05-08 09:15:00,NSE:RELIANCE,21.81480527,21.89301011,21.23856513,21.36616034,63632151.78568821
2003-05-09 09:15:00,NSE:RELIANCE,21.16859229,21.69132524,21.16859229,21.48964037,37254607.13534202
2003-05-12 09:15:00,NSE:RELIANCE,21.56784521,21.65016523,21.25914514,21.46906036,25722782.90370638
2003-05-13 09:15:00,NSE:RELIANCE,21.55961238,21.63781805,21.38262517,21.5472652,20681481.88597882
2003-05-14 09:15:00,NSE:RELIANCE,21.5472652,21.99591014,21.5472652,21.9382853,34408397.91015269
2003-05-15 09:15:00,NSE:RELIANCE,21.95063248,22.09469251,21.82303809,22.00825814,24121714.2913293
2003-05-16 09:15:00,NSE:RELIANCE,22.14408535,22.20994054,21.97121248,22.11527252,26486874.07000775
2003-05-19 09:15:00,NSE:RELIANCE,22.14820052,22.32107257,22.02060532,22.15231817,31146736.89024944
2003-05-20 09:15:00,NSE:RELIANCE,21.77364526,22.4569006,21.77364526,22.39927823,35857620.10633319
2003-05-21 09:15:00,NSE:RELIANCE,22.44867024,22.53922062,22.16878053,22.37458058,31325308.27569665
2003-05-22 09:15:00,NSE:RELIANCE,22.2757982,22.65447029,22.18524536,22.60507828,36499019.36834766
2003-05-23 09:15:00,NSE:RELIANCE,22.30872539,22.38281258,22.15231817,22.24698537,18541054.80327135
2003-05-26 09:15:00,NSE:RELIANCE,22.22640537,23.13192558,22.14408535,23.00433038,36789349.71611561
2003-05-27 09:15:00,NSE:RELIANCE,22.97551837,23.41181283,22.90966071,23.0866504,47184147.983271
2003-05-28 09:15:00,NSE:RELIANCE,23.13192558,23.81518093,23.13192558,23.70816573,62232735.21402026
2003-05-29 09:15:00,NSE:RELIANCE,23.83164576,24.27617304,23.5846857,24.16915866,52600813.3418366
2003-05-30 09:15:00,NSE:RELIANCE,24.20208585,24.860646,24.11976582,24.58075876,76440700.68470496
2003-06-02 09:15:00,NSE:RELIANCE,24.61368594,24.72893315,24.14857866,24.24736103,31994647.27829132
2003-06-03 09:15:00,NSE:RELIANCE,24.07037299,24.28440586,23.97570579,24.04979299,16066565.60493133
2003-06-04 09:15:00,NSE:RELIANCE,24.08272099,24.91827084,24.0374458,24.74951315,55721560.88750946
2003-06-05 09:15:00,NSE:RELIANCE,25.10760606,25.91434144,25.07467888,25.72500621,122072370.90878187
2003-06-06 09:15:00,NSE:RELIANCE,25.93080626,26.08309912,25.576831,25.80732623,67612957.43269864
2003-06-09 09:15:00,NSE:RELIANCE,26.29713117,26.29713117,25.1652309,25.32163894,52442893.06899212
2003-06-10 09:15:00,NSE:RELIANCE,25.20639091,25.82790624,24.840066,24.98824121,61230548.86712258
2003-06-11 09:15:00,NSE:RELIANCE,24.9470812,25.42042132,24.9470812,25.33398612,42638473.66800918
2003-06-12 09:15:00,NSE:RELIANCE,25.40807331,25.59329336,25.28047893,25.35456612,32269185.5987748
2003-06-13 09:15:00,NSE:RELIANCE,25.49862616,25.88141343,25.49039333,25.76205104,62619032.49682443
2003-06-16 09:15:00,NSE:RELIANCE,25.94315344,26.0954463,25.21462126,25.29282611,93791279.58499491
2003-06-17 09:15:00,NSE:RELIANCE,25.49862616,26.5811336,25.41219096,26.43295921,111219603.85037747
2003-06-18 09:15:00,NSE:RELIANCE,26.56878642,26.56878642,26.07075112,26.17776632,64076758.09231191
2003-06-19 09:15:00,NSE:RELIANCE,24.79067317,26.83632648,24.79067317,26.74577364,87339629.0536332
2003-06-20 09:15:00,NSE:RELIANCE,26.5070464,27.80358672,26.5070464,27.61425149,170593982.12591258
2003-06-23 09:15:00,NSE:RELIANCE,27.53193147,27.53193147,26.67991927,26.77458647,53910336.83511619
2003-06-24 09:15:00,NSE:RELIANCE,26.77458647,27.02154653,26.26008634,26.37121919,79228600.88607483
2003-06-25 09:15:00,NSE:RELIANCE,26.5070464,27.08328654,26.5070464,26.74165928,70749497.00565593
2003-06-26 09:15:00,NSE:RELIANCE,26.83632648,27.32201377,26.60994643,26.76635364,89883360.21775886
2003-06-27 09:15:00,NSE:RELIANCE,26.88983367,27.00096652,26.47000157,26.73342646,56438275.97195746
2003-06-30 09:15:00,NSE:RELIANCE,26.75400646,27.18207139,26.55643924,26.74577364,68242208.98141743
2003-07-01 09:15:00,NSE:RELIANCE,26.84044166,27.0338937,26.60994643,26.81986165,71959409.24991053
2003-07-02 09:15:00,NSE:RELIANCE,26.98861934,27.49488664,26.83632648,27.04212653,92060230.4403535
2003-07-03 09:15:00,NSE:RELIANCE,27.14502656,27.61425149,26.94334168,27.22734657,100035204.2189997
2003-07-04 09:15:00,NSE:RELIANCE,27.4166818,27.76654188,27.24792658,27.40845144,72139195.40668733
2003-07-07 09:15:00,NSE:RELIANCE,27.49488664,27.78300671,26.96803934,27.06270654,49738812.08936286
2003-07-08 09:15:00,NSE:RELIANCE,27.09151937,27.24792658,26.72519363,26.85690649,42905723.36051523
2003-07-09 09:15:00,NSE:RELIANCE,27.16560656,27.16560656,26.60994643,26.88983367,37248533.27869416
2003-07-10 09:15:00,NSE:RELIANCE,27.07505372,27.62659949,26.88983367,27.50311946,51752902.95379472
2003-07-11 09:15:00,NSE:RELIANCE,27.49488664,27.78300671,27.13679373,27.2232314,50284244.41634106
2003-07-14 09:15:00,NSE:RELIANCE,27.41256662,28.02996677,27.41256662,27.96822675,79512857.37719491
2003-07-15 09:15:00,NSE:RELIANCE,28.07112678,28.39217403,27.55251148,27.79535389,72968884.22478558
2003-07-16 09:15:00,NSE:RELIANCE,27.72126669,28.51565406,27.57720666,28.29750684,67767233.39155443
2003-07-17 09:15:00,NSE:RELIANCE,28.40040686,28.55681407,27.65952668,27.89002191,70032781.92120788
2003-07-18 09:15:00,NSE:RELIANCE,27.86121155,28.81200696,27.49488664,27.92706675,67930012.74971719
2003-07-21 09:15:00,NSE:RELIANCE,28.08759161,28.11228679,27.50311946,27.6348315,56958198.10101466
2003-07-22 09:15:00,NSE:RELIANCE,27.6471795,27.6471795,27.11209937,27.49900182,63828944.74107903
2003-07-23 09:15:00,NSE:RELIANCE,27.65952668,27.70068669,26.95157369,27.14914173,54128995.67443934
2003-07-24 09:15:00,NSE:RELIANCE,27.2561594,28.48272688,27.09151937,28.13698197,68411062.19622806
2003-07-25 09:15:00,NSE:RELIANCE,28.40040686,28.89432698,28.17814198,28.77907977,98136516.63087718
2003-07-28 09:15:00,NSE:RELIANCE,28.85728215,29.17009987,28.27692683,28.41687169,58793717.57999932
2003-07-29 09:15:00,NSE:RELIANCE,28.239882,28.72968694,28.14521397,28.61855409,61636282.49119991
2003-07-30 09:15:00,NSE:RELIANCE,28.31808684,29.10424221,27.16560656,28.69675975,59850568.63672774
2003-07-31 09:15:00,NSE:RELIANCE,28.89432698,29.78750002,28.5650469,29.46233429,195075268.73079544
2003-08-01 09:15:00,NSE:RELIANCE,29.61051197,29.61051197,29.10835985,29.22772224,64770392.52149803
2003-08-04 09:15:00,NSE:RELIANCE,29.10012703,29.44587193,29.01780701,29.21537423,44840854.08852486
2003-08-05 09:15:00,NSE:RELIANCE,29.27299989,29.96448724,28.37159403,28.64325174,98379470.89679176
2003-08-06 09:15:00,NSE:RELIANCE,28.28515965,29.33885426,28.28515965,28.86139979,105659595.47492218
2003-08-07 09:15:00,NSE:RELIANCE,29.0713142,29.3882471,28.70087411,29.26888225,68100080.7358574
2003-08-08 09:15:00,NSE:RELIANCE,29.62697433,30.00153207,29.3882471,29.9068624,87152554.26887894
2003-08-11 09:15:00,NSE:RELIANCE,29.51172713,30.04680725,29.51172713,29.74222236,56697022.26515648
2003-08-12 09:15:00,NSE:RELIANCE,32.0060229,32.0060229,29.26888225,29.37178227,46768696.18855709
2003-08-13 09:15:00,NSE:RELIANCE,30.45017453,30.45017453,29.28534707,29.713412,55048577.57092603
2003-08-14 09:15:00,NSE:RELIANCE,29.7998472,30.08385209,29.40059428,29.51995995,58344252.18805734
2003-08-18 09:15:00,NSE:RELIANCE,29.55288714,30.00153207,29.22360706,29.73810718,67719857.30970104
2003-08-19 09:15:00,NSE:RELIANCE,29.85335438,30.57777221,29.68871435,30.38432016,71389681.49634083
2003-08-20 09:15:00,NSE:RELIANCE,30.6230474,30.84531227,30.25672249,30.36785451,42587453.27216711
2003-08-21 09:15:00,NSE:RELIANCE,30.87000746,30.87000746,30.38843452,30.5489602,51353243.18636522
2003-08-22 09:15:00,NSE:RELIANCE,30.72183224,31.67262765,30.6230474,31.42155241,101303425.48707376
2003-08-25 09:15:00,NSE:RELIANCE,31.77552767,34.96131326,30.21968012,31.16636035,114849340.58314127
2003-08-26 09:15:00,NSE:RELIANCE,31.28160755,32.26944779,31.12520034,32.15831494,97249733.56028898
2003-08-27 09:15:00,NSE:RELIANCE,32.10480775,32.68516307,32.10480775,32.41762301,63759702.77529338
2003-08-28 09:15:00,NSE:RELIANCE,32.43820301,32.7222079,31.98132772,32.40939265,61276710.17764634
2003-08-29 09:15:00,NSE:RELIANCE,32.84568793,33.31902805,32.41350783,32.98563279,80040068.13422953
2003-09-01 09:15:00,NSE:RELIANCE,32.78394792,34.11341542,32.78394792,33.76767298,73255570.25856484
2003-09-02 09:15:00,NSE:RELIANCE,34.16280825,34.7061212,33.88703536,34.45916115,117326259.32414047
2003-09-03 09:15:00,NSE:RELIANCE,34.25747545,34.4838555,33.42604325,33.58245293,67156203.41277923
2003-09-04 09:15:00,NSE:RELIANCE,33.49601527,33.99816821,33.34784088,33.69358331,76935112.61584115
2003-09-05 09:15:00,NSE:RELIANCE,33.841761,34.68142355,33.841761,34.56206117,70572140.39153826
2003-09-08 09:15:00,NSE:RELIANCE,34.74728122,36.01089352,34.74728122,35.85860148,95281804.00638083
2003-09-09 09:15:00,NSE:RELIANCE,35.98619587,36.41837597,35.57048141,35.91622385,107128254.01237586
2003-09-10 09:15:00,NSE:RELIANCE,35.80920865,35.84625348,35.44700138,35.78039582,61724960.79825877
2003-09-11 09:15:00,NSE:RELIANCE,34.98600845,36.15495356,34.98600845,35.29059335,83796141.08526899
2003-09-12 09:15:00,NSE:RELIANCE,35.23296851,35.69396144,34.24512827,34.50443551,73855667.29537384
2003-09-15 09:15:00,NSE:RELIANCE,34.49208833,34.55794352,33.06383516,33.30256322,105726407.89804874
2003-09-16 09:15:00,NSE:RELIANCE,33.42192807,33.89115301,32.40116065,33.76355533,118825287.14483348
2003-09-17 09:15:00,NSE:RELIANCE,34.40976831,34.40976831,33.10499517,33.49601527,87523059.52439867
2003-09-18 09:15:00,NSE:RELIANCE,33.66888813,33.66888813,32.32295498,32.54522068,105991228.04789566
2003-09-19 09:15:00,NSE:RELIANCE,32.52052303,33.57422093,32.26944779,33.26140321,133328442.04860446
2003-09-22 09:15:00,NSE:RELIANCE,33.90761537,33.90761537,32.93624078,33.17908319,64764318.66485016
2003-09-23 09:15:00,NSE:RELIANCE,32.94035513,34.23689545,32.74278791,33.96112338,61562181.44009602
2003-09-24 09:15:00,NSE:RELIANCE,34.30275311,35.49639339,33.9364282,35.31528853,103142589.28004716
2003-09-25 09:15:00,NSE:RELIANCE,35.23296851,35.6034086,34.24512827,34.42623314,121636268.00146511
2003-09-26 09:15:00,NSE:RELIANCE,34.64026354,35.18769332,34.32744829,35.09302365,88148666.75912875
2003-09-29 09:15:00,NSE:RELIANCE,41.98321014,41.98321014,35.2123885,35.75158381,59818984.58215886
2003-09-30 09:15:00,NSE:RELIANCE,35.91210867,36.66122168,35.80920865,36.533624,94686566.0548901
2003-10-01 09:15:00,NSE:RELIANCE,36.30312877,36.66122168,35.64868379,35.86683348,55830890.307171
2003-10-03 09:15:00,NSE:RELIANCE,36.13848873,37.04400895,36.05616871,36.9246441,80614654.97311755
2003-10-06 09:15:00,NSE:RELIANCE,36.92052892,37.85074432,34.7802084,37.6614091,59300277.22443122
2003-10-07 09:15:00,NSE:RELIANCE,37.7025691,37.94952916,37.05635613,37.19218416,65785941.35302101
2003-10-08 09:15:00,NSE:RELIANCE,38.27880925,38.27880925,36.9328761,37.47618905,55930501.55619595
2003-10-09 09:15:00,NSE:RELIANCE,37.78488913,38.1141692,37.21688181,37.46795623,66059264.90217491
2003-10-10 09:15:00,NSE:RELIANCE,37.71903393,38.85504938,37.71903393,38.76449654,93100074.6984679
2003-10-13 09:15:00,NSE:RELIANCE,38.76038218,39.84288962,38.31996925,39.60004474,67557077.95153828
2003-10-14 09:15:00,NSE:RELIANCE,39.92520964,40.16393688,38.29115642,38.54634931,73748767.41837141
2003-10-15 09:15:00,NSE:RELIANCE,38.6204365,39.75233678,38.38994209,39.40247669,77710136.72410867
2003-10-16 09:15:00,NSE:RELIANCE,40.98713707,40.98713707,39.56300238,40.21744489,200270845.70737883
2003-10-17 09:15:00,NSE:RELIANCE,40.08984968,40.91304988,39.97871683,40.29976491,81687298.0571304
2003-10-20 09:15:00,NSE:RELIANCE,40.5837698,40.74840984,39.51360954,39.66178475,54418111.2508777
2003-10-21 09:15:00,NSE:RELIANCE,39.92520964,39.92520964,38.23764923,38.54223413,83732972.9761312
2003-10-22 09:15:00,NSE:RELIANCE,37.88778915,39.05261661,37.88778915,38.5998565,67038370.59381066
2003-10-23 09:15:00,NSE:RELIANCE,38.67394452,38.69040934,37.54616189,37.7684243,71422480.3222393
2003-10-24 09:15:00,NSE:RELIANCE,37.7684243,37.7684243,37.7684243,37.7684243,0.0
2003-10-27 09:15:00,NSE:RELIANCE,39.10200944,39.18432946,37.63259626,37.78488913,60524766.7246407
2003-10-28 09:15:00,NSE:RELIANCE,37.86720915,38.69040934,37.7025691,38.22118441,90219851.87605052
2003-10-29 09:15:00,NSE:RELIANCE,38.46402929,39.09789427,38.07300919,38.88797657,49048821.97416542
2003-10-30 09:15:00,NSE:RELIANCE,38.73568453,39.51360954,38.57516214,39.27076466,57107614.97455212
2003-10-31 09:15:00,NSE:RELIANCE,39.51360954,40.1515897,39.35720233,40.04457449,57321414.72855696
2003-11-03 09:15:00,NSE:RELIANCE,40.0857345,41.23409713,40.0857345,41.00360273,106531801.28955553
2003-11-04 09:15:00,NSE:RELIANCE,41.3328828,41.65393006,40.10219686,40.46028977,95756779.59624381
2003-11-05 09:15:00,NSE:RELIANCE,40.08984968,40.67432265,39.55476955,40.22156254,79042740.87265016
2003-11-06 09:15:00,NSE:RELIANCE,40.50144978,41.28348997,40.26272255,40.57142262,116494140.96338305
2003-11-07 09:15:00,NSE:RELIANCE,40.62904499,40.90481706,39.48891436,39.69059676,63349110.06589776
2003-11-10 09:15:00,NSE:RELIANCE,41.98321014,41.98321014,38.78096219,39.75645443,47905722.15303734
2003-11-11 09:15:00,NSE:RELIANCE,39.52595672,39.92520964,39.15140228,39.56711673,55524767.93211863
2003-11-12 09:15:00,NSE:RELIANCE,40.33680974,40.45617459,39.68648241,39.8470048,68871460.53013618
2003-11-13 09:15:00,NSE:RELIANCE,41.15177712,41.15177712,39.18844464,39.33662232,55723990.43016857
2003-11-14 09:15:00,NSE:RELIANCE,39.33662232,39.33662232,39.33662232,39.33662232,0.0
2003-11-17 09:15:00,NSE:RELIANCE,38.45579646,39.29957667,38.27880925,39.09789427,64197020.45393966
2003-11-18 09:15:00,NSE:RELIANCE,38.90855657,39.24606948,38.27880925,38.36112926,45061942.47050712
2003-11-19 09:15:00,NSE:RELIANCE,38.20883641,38.42286928,37.75196194,37.998922,64420538.37858103
2003-11-20 09:15:00,NSE:RELIANCE,38.04008201,38.35289644,36.96168893,37.10986414,54832348.27426205
2003-11-21 09:15:00,NSE:RELIANCE,36.73119369,38.02361636,36.73119369,37.82193396,73304161.11174779
2003-11-24 09:15:00,NSE:RELIANCE,38.019502,38.1141692,37.38152185,37.52969624,38137745.89194154
2003-11-25 09:15:00,NSE:RELIANCE,37.53792907,38.5998565,37.53792907,38.44756446,60078945.64668746
2003-11-27 09:15:00,NSE:RELIANCE,38.45579646,39.53830472,38.45579646,39.20079429,88032048.71148974
2003-11-28 09:15:00,NSE:RELIANCE,39.26664948,40.32857692,39.26664948,40.09396486,65832102.6635448
2003-12-01 09:15:00,NSE:RELIANCE,40.34504257,40.73194501,40.18040253,40.52202978,50092310.54626854
2003-12-02 09:15:00,NSE:RELIANCE,40.59611698,41.57161004,39.99106484,41.12708276,76251196.35729162
2003-12-03 09:15:00,NSE:RELIANCE,41.57161004,41.57161004,40.57142262,40.98713707,102286175.49269828
2003-12-04 09:15:00,NSE:RELIANCE,40.37385457,42.10669017,40.37385457,41.87619493,156207445.2697806
2003-12-05 09:15:00,NSE:RELIANCE,41.98321014,42.14785018,40.43559459,40.58788498,71593763.07970908
2003-12-08 09:15:00,NSE:RELIANCE,40.2668369,40.68666983,39.29546231,39.50537672,98624854.70536554
2003-12-09 09:15:00,NSE:RELIANCE,39.62474239,40.20098253,39.62474239,40.0569225,68787641.30839567
2003-12-10 09:15:00,NSE:RELIANCE,40.13100969,41.36169481,40.01576249,40.96244271,124872418.8234474
2003-12-11 09:15:00,NSE:RELIANCE,41.25056279,41.48929002,40.27095455,40.59200263,90278160.89987002
2003-12-12 09:15:00,NSE:RELIANCE,40.83484504,40.83484504,40.13512487,40.44382494,60325544.22659077
2003-12-15 09:15:00,NSE:RELIANCE,40.50144978,41.34934516,40.50144978,41.07768992,72427096.2117961
2003-12-16 09:15:00,NSE:RELIANCE,41.06122509,41.77329491,40.55495697,41.55514521,110004832.52080455
2003-12-17 09:15:00,NSE:RELIANCE,41.65393006,41.76917726,41.16824277,41.38638999,75626803.8938911
2003-12-18 09:15:00,NSE:RELIANCE,41.14354511,42.09022534,41.14354511,41.7321349,83089144.17145754
2003-12-19 09:15:00,NSE:RELIANCE,41.8185701,43.04925522,41.8185701,42.86403517,129642825.83468024
2003-12-22 09:15:00,NSE:RELIANCE,42.90108001,43.62961054,42.90108001,43.42792567,52174428.60515654
2003-12-23 09:15:00,NSE:RELIANCE,35.80920865,43.61314571,35.80920865,43.00398003,55914709.5289115
2003-12-24 09:15:00,NSE:RELIANCE,42.81875999,43.71193055,42.81875999,43.45674014,52779384.72728386
2003-12-26 09:15:00,NSE:RELIANCE,43.7242802,43.85187541,43.40323048,43.64607536,41778415.56667155
2003-12-29 09:15:00,NSE:RELIANCE,43.8765706,44.36637554,43.8107154,44.22643068,40242944.60609141
2003-12-30 09:15:00,NSE:RELIANCE,44.20585067,47.74561153,44.06179064,46.32147601,149624599.43482503
2003-12-31 09:15:00,NSE:RELIANCE,46.26385117,47.97610676,46.26385117,47.15702174,139351278.30062687
2004-01-01 09:15:00,NSE:RELIANCE,47.74561153,47.74561153,46.68780092,46.97592099,49455770.36957234
2004-01-02 09:15:00,NSE:RELIANCE,47.29285142,48.47826135,46.97592099,48.17367646,98587196.79414871
2004-01-05 09:15:00,NSE:RELIANCE,48.15721163,48.56058137,47.08705137,47.74972671,74110769.27458417
2004-01-06 09:15:00,NSE:RELIANCE,47.82793155,48.4453317,46.43260639,47.11998103,70399642.8627389
2004-01-07 09:15:00,NSE:RELIANCE,46.93887616,47.95141158,46.67545127,47.75796118,72215726.0004504
2004-01-08 09:15:00,NSE:RELIANCE,48.15721163,49.21914153,48.00492124,48.57704208,64862715.14254556
2004-01-09 09:15:00,NSE:RELIANCE,49.39201193,49.85712169,47.34636108,47.63448115,106428545.72654185
2004-01-12 09:15:00,NSE:RELIANCE,47.58097149,48.06666125,46.77423612,47.02531136,67889925.29584129
2004-01-13 09:15:00,NSE:RELIANCE,47.1899514,48.52765172,47.10763138,48.35478132,71336231.55783962
2004-01-14 09:15:00,NSE:RELIANCE,48.56881173,49.30969191,48.56881173,49.14505187,62073600.16984618
2004-01-15 09:15:00,NSE:RELIANCE,49.680132,49.87770169,47.30108178,47.58920185,81682438.97181216
2004-01-16 09:15:00,NSE:RELIANCE,48.15721163,48.30538684,47.08705137,47.83616191,97878985.10900775
2004-01-19 09:15:00,NSE:RELIANCE,47.8402812,48.48649171,46.84832167,48.13663163,67691917.56912091
2004-01-20 09:15:00,NSE:RELIANCE,48.48649171,49.21090706,46.95122169,47.28873624,73504598.38112725
2004-01-21 09:15:00,NSE:RELIANCE,47.02531136,47.72091635,45.07844124,45.51885582,78618785.67862917
2004-01-22 09:15:00,NSE:RELIANCE,45.52297099,47.32578107,43.40323048,44.06179064,124135052.62639666
2004-01-23 09:15:00,NSE:RELIANCE,44.37049071,46.20211116,43.77367057,45.92222145,112930001.88241608
2004-01-27 09:15:00,NSE:RELIANCE,46.26796635,48.02550125,46.12802149,47.79912119,85909843.19872586
2004-01-28 09:15:00,NSE:RELIANCE,48.40417169,48.50707172,46.8853665,47.39163627,101488070.72916883
2004-01-29 09:15:00,NSE:RELIANCE,47.82793155,48.23130129,46.53550642,47.04589136,179679256.89978838
2004-01-30 09:15:00,NSE:RELIANCE,47.12821138,47.69622116,45.93457109,46.14448632,74941672.86401203
2004-02-03 09:15:00,NSE:RELIANCE,46.26385117,46.49434641,45.18546056,45.58059583,83984430.64135277
2004-02-04 09:15:00,NSE:RELIANCE,45.71642139,47.33401143,45.2389661,47.03766101,89545653.7881376
2004-02-05 09:15:00,NSE:RELIANCE,47.29285142,47.6221315,46.0415863,46.47788158,87710134.30915292
2004-02-06 09:15:00,NSE:RELIANCE,46.81951131,47.49865147,46.43672157,47.36694109,79546870.97442293
2004-02-09 09:15:00,NSE:RELIANCE,47.6221315,48.56881173,47.6221315,48.46179653,60626807.51632483
2004-02-10 09:15:00,NSE:RELIANCE,48.73345177,49.26030154,48.206602,48.83635179,107491470.63991816
2004-02-11 09:15:00,NSE:RELIANCE,51.03841233,51.03841233,47.83616191,48.34654685,75437299.56647778
2004-02-12 09:15:00,NSE:RELIANCE,48.58939173,48.97218147,48.07489161,48.37947651,71926610.42401208
2004-02-13 09:15:00,NSE:RELIANCE,48.2518813,49.17798152,48.08312197,49.01334148,56754116.5176464
2004-02-16 09:15:00,NSE:RELIANCE,49.22737189,49.55665197,48.58939173,48.81165661,69149643.16460837
2004-02-17 09:15:00,NSE:RELIANCE,48.74168213,49.80361203,48.56881173,49.2891119,112020138.15656604
2004-02-18 09:15:00,NSE:RELIANCE,49.54430232,50.25637214,49.40436158,49.79126238,137095447.94161
2004-02-19 09:15:00,NSE:RELIANCE,49.81184238,50.13289211,47.74972671,47.93906193,101458916.2172591
2004-02-20 09:15:00,NSE:RELIANCE,47.83616191,48.98041183,47.78677154,48.3588965,121935101.74854015
2004-02-23 09:15:00,NSE:RELIANCE,48.48649171,48.89809181,46.10744149,46.53962159,114081605.10285117
2004-02-24 09:15:00,NSE:RELIANCE,45.72877104,46.80716166,45.27601093,46.57255125,152503607.48591286
2004-02-25 09:15:00,NSE:RELIANCE,46.92241133,46.92241133,45.46123098,45.70407586,84579668.59284349
2004-02-26 09:15:00,NSE:RELIANCE,45.60529101,46.45318639,44.37049071,44.64214596,127345693.25045784
2004-02-27 09:15:00,NSE:RELIANCE,44.90968602,45.81932142,44.86441083,45.66291585,100364407.24931395
2004-03-01 09:15:00,NSE:RELIANCE,46.84009131,46.87713614,45.79462624,46.70014645,75743421.94153018
2004-03-03 09:15:00,NSE:RELIANCE,46.85244096,48.06666125,46.68368163,47.8155819,103458429.82573612
2004-03-04 09:15:00,NSE:RELIANCE,47.58097149,48.07489161,46.9718017,47.22288105,51626566.73551915
2004-03-05 09:15:00,NSE:RELIANCE,47.00473135,48.36301168,47.00473135,48.2518813,50253875.13310173
2004-03-08 09:15:00,NSE:RELIANCE,48.40417169,49.30969191,48.35478132,49.04215184,59009946.87666332
2004-03-09 09:15:00,NSE:RELIANCE,49.39201193,49.39201193,47.6221315,48.09958679,55488324.79223142
2004-03-10 09:15:00,NSE:RELIANCE,47.82793155,47.91025157,46.93887616,47.22699623,49453340.82691319
2004-03-11 09:15:00,NSE:RELIANCE,47.08705137,47.58097149,46.34617119,46.5807816,67775736.79086141
2004-03-12 09:15:00,NSE:RELIANCE,46.46965122,46.84009131,45.69172621,46.31324154,65725202.78654232
2004-03-15 09:15:00,NSE:RELIANCE,46.67956645,46.90594651,44.45281073,44.86852601,80466452.8709096
2004-03-16 09:15:00,NSE:RELIANCE,44.45281073,45.67526139,44.08237064,44.60510112,103403765.11590534
2004-03-17 09:15:00,NSE:RELIANCE,44.86441083,45.44065097,44.05356029,44.48574039,97315331.21208592
2004-03-18 09:15:00,NSE:RELIANCE,44.61745077,44.79032117,42.4236206,42.73232067,135869743.67007098
2004-03-19 09:15:00,NSE:RELIANCE,42.55945028,43.51024568,42.55945028,43.0739504,95194340.47065166
2004-03-22 09:15:00,NSE:RELIANCE,41.90912295,43.04925522,41.61688523,41.79387492,78175394.14333509
2004-03-23 09:15:00,NSE:RELIANCE,41.90089012,42.60061029,41.59219005,42.12727017,80655957.19832298
2004-03-24 09:15:00,NSE:RELIANCE,42.14785018,42.41539024,41.63746523,42.17254536,86077481.64220688
2004-03-25 09:15:00,NSE:RELIANCE,42.23428537,42.83110552,42.00790532,42.3166054,116760175.88455945
2004-03-26 09:15:00,NSE:RELIANCE,42.63765512,43.65430572,42.63765512,43.27563527,91682436.55685633
2004-03-29 09:15:00,NSE:RELIANCE,43.31268011,44.00828098,43.22624079,43.53082569,69362228.14728364
2004-03-30 09:15:00,NSE:RELIANCE,43.63784089,44.18115549,43.30444564,43.39500013,77309262.18534966
2004-03-31 09:15:00,NSE:RELIANCE,43.38676565,44.45281073,43.19743043,44.29228587,66680013.05158662
2004-04-01 09:15:00,NSE:RELIANCE,44.37049071,45.90987591,44.37049071,45.7575814,94073106.5334558
2004-04-02 09:15:00,NSE:RELIANCE,53.50801292,53.50801292,45.74935105,46.57666642,86543953.83276287
2004-04-05 09:15:00,NSE:RELIANCE,46.67545127,47.85674191,46.67545127,47.34224179,78673450.38846
2004-04-06 09:15:00,NSE:RELIANCE,47.41633145,47.94318122,46.48200087,47.36694109,86765042.21474515
2004-04-07 09:15:00,NSE:RELIANCE,47.73326188,47.81970119,46.92241133,47.25169141,50505332.79832336
2004-04-08 09:15:00,NSE:RELIANCE,46.92241133,47.72091635,46.55197124,47.16525622,56353241.97888736
2004-04-12 09:15:00,NSE:RELIANCE,47.37517144,47.37517144,45.99219593,46.24327117,46536674.86460863
2004-04-13 09:15:00,NSE:RELIANCE,46.42849121,47.4081011,45.72054069,47.19406657,49257762.64285196
2004-04-15 09:15:00,NSE:RELIANCE,47.65506116,47.84439638,46.31324154,46.53962159,72297115.67953175
2004-04-16 09:15:00,NSE:RELIANCE,46.53962159,46.53962159,46.53962159,46.53962159,0.0
2004-04-19 09:15:00,NSE:RELIANCE,46.3873312,46.87302097,45.3254013,45.49004134,49498287.3661074
2004-04-20 09:15:00,NSE:RELIANCE,45.64645102,45.64645102,45.11137089,45.46946133,42672487.26523722
2004-04-21 09:15:00,NSE:RELIANCE,45.28012611,46.87713614,45.27601093,46.78658165,57595953.04904044
2004-04-22 09:15:00,NSE:RELIANCE,46.75777129,47.23522658,46.3873312,46.81951131,39331866.1089117
2004-04-23 09:15:00,NSE:RELIANCE,46.75777129,47.3175466,46.52316088,46.70014645,43590854.39039436
2004-04-27 09:15:00,NSE:RELIANCE,46.09921113,46.09921113,44.23466104,44.40753555,81184382.7266872
2004-04-28 09:15:00,NSE:RELIANCE,44.45692591,45.19369091,44.21820032,44.48574039,79968396.6257847
2004-04-29 09:15:00,NSE:RELIANCE,44.37049071,44.78209082,43.34149047,43.5719857,200710592.92868418
2004-04-30 09:15:00,NSE:RELIANCE,46.51081123,51.45824278,42.9875152,43.33737529,90320677.8964051
2004-05-03 09:15:00,NSE:RELIANCE,43.38265048,43.73662574,42.45243508,43.50201533,100065573.50223899
2004-05-04 09:15:00,NSE:RELIANCE,44.1153003,52.11268776,43.55552087,43.69135055,58136526.29070038
2004-05-05 09:15:00,NSE:RELIANCE,43.79425058,43.91361543,43.38676565,43.62961054,51824574.4622395
2004-05-06 09:15:00,NSE:RELIANCE,44.04121064,44.72446598,43.97124026,44.49397074,71598622.1650274
2004-05-07 09:15:00,NSE:RELIANCE,43.79425058,44.3293307,43.53082569,43.82718023,54011162.85547077
2004-05-10 09:15:00,NSE:RELIANCE,43.60491535,43.60491535,42.41127507,42.74055514,77646968.61497094
2004-05-11 09:15:00,NSE:RELIANCE,42.03260298,42.06553016,39.81407679,40.35738975,88581125.35245664
2004-05-12 09:15:00,NSE:RELIANCE,39.84288962,41.1106171,39.84288962,40.88423705,75869758.15980573
2004-05-13 09:15:00,NSE:RELIANCE,39.51360954,43.16450078,39.01968942,42.10257499,158866579.71021575
2004-05-14 09:15:00,NSE:RELIANCE,41.98321014,42.62530547,38.78919419,39.27488231,149527417.72845918
2004-05-17 09:15:00,NSE:RELIANCE,38.69040934,38.84681656,31.42155241,33.28198321,113790059.9837537
2004-05-18 09:15:00,NSE:RELIANCE,35.39760855,37.69433628,33.75944098,35.70219344,164019639.690264
2004-05-19 09:15:00,NSE:RELIANCE,36.57066883,38.36112926,36.57066883,37.24569382,139941657.16679934
2004-05-20 09:15:00,NSE:RELIANCE,38.1141692,38.25411406,36.23315593,36.48423363,114153276.61129598
2004-05-21 09:15:00,NSE:RELIANCE,36.37721596,36.38544879,35.40172373,36.17964874,81938755.722352
2004-05-24 09:15:00,NSE:RELIANCE,37.04400895,37.7025691,36.63652402,37.36094184,82080883.967912
2004-05-25 09:15:00,NSE:RELIANCE,37.29096901,37.85897632,35.94503586,37.51323388,97261881.2735847
2004-05-26 09:15:00,NSE:RELIANCE,37.86720915,38.52576931,37.48853623,37.80958431,83148667.96660662
2004-05-27 09:15:00,NSE:RELIANCE,37.20864898,37.66552427,36.7641217,36.9658041,69337932.72069217
2004-05-28 09:15:00,NSE:RELIANCE,36.80116407,37.11809614,35.08479329,35.61987342,108174172.12713817
2004-05-31 09:15:00,NSE:RELIANCE,35.52108858,36.1302559,33.9570082,35.38114372,117260661.67234354
2004-06-01 09:15:00,NSE:RELIANCE,35.80920865,36.46776881,35.57459577,35.74335345,75500467.67561558
2004-06-02 09:15:00,NSE:RELIANCE,35.88329584,36.46365363,35.77628146,36.17553356,52193864.9464297
2004-06-03 09:15:00,NSE:RELIANCE,36.71472887,37.22511381,34.82960123,35.26178134,87568006.06359287
2004-06-04 09:15:00,NSE:RELIANCE,34.82136841,35.80920865,34.78844122,35.68572862,74727873.1100072
2004-06-07 09:15:00,NSE:RELIANCE,35.80920865,37.01108176,35.80920865,36.61594402,80315821.22604258
2004-06-08 09:15:00,NSE:RELIANCE,36.63240885,37.58320425,36.34428878,37.47618905,88261640.49277899
2004-06-09 09:15:00,NSE:RELIANCE,37.62024909,37.72314911,36.98638411,37.10986414,62393085.02952384
2004-06-10 09:15:00,NSE:RELIANCE,36.9534561,37.20864898,36.63240885,36.85467372,42721078.11842013
2004-06-11 09:15:00,NSE:RELIANCE,36.79704889,36.79704889,35.39760855,35.53755341,57370005.58173986
2004-06-14 09:15:00,NSE:RELIANCE,35.31528853,36.00677587,34.94484844,35.80097582,88075780.47935429
2004-06-15 09:15:00,NSE:RELIANCE,35.81744147,37.249809,35.72688863,37.09340178,82431952.88215858
2004-06-16 09:15:00,NSE:RELIANCE,37.29096901,37.52146424,36.43484162,36.72707605,55319471.57742081
2004-06-17 09:15:00,NSE:RELIANCE,36.99461611,37.61613391,36.14672155,37.39798421,71704307.27070023
2004-06-18 09:15:00,NSE:RELIANCE,37.37328903,37.37328903,36.31547595,36.61182884,59764319.87232806
2004-06-21 09:15:00,NSE:RELIANCE,36.73119369,36.87113608,35.64868379,35.76804864,70951149.04636502
2004-06-22 09:15:00,NSE:RELIANCE,35.62810378,36.26196876,35.39760855,35.54166858,65510188.26120792
2004-06-23 09:15:00,NSE:RELIANCE,35.85036866,35.85036866,33.68123531,33.85410817,134465468.01308465
2004-06-24 09:15:00,NSE:RELIANCE,33.83352817,35.02716846,33.83352817,34.82548359,143417117.9407075
2004-06-25 09:15:00,NSE:RELIANCE,34.90368843,35.9409215,34.82960123,35.5293214,99959888.39656612
2004-06-28 09:15:00,NSE:RELIANCE,35.43876856,36.46365363,35.43876856,36.3607536,65942646.8545359
2004-06-29 09:15:00,NSE:RELIANCE,36.22080875,36.81762889,35.77216382,36.48834881,84380446.09479354
2004-06-30 09:15:00,NSE:RELIANCE,36.56655365,36.73530887,35.23296851,35.36879572,107742928.30513975
2004-07-01 09:15:00,NSE:RELIANCE,36.17141591,36.21257592,35.40584137,36.10144389,60081375.18934659
2004-07-02 09:15:00,NSE:RELIANCE,35.80920865,36.08909589,35.43876856,35.7186558,68951635.43788798
2004-07-05 09:15:00,NSE:RELIANCE,35.75981581,36.21669357,35.33586853,35.43465338,87687053.65389103
2004-07-06 09:15:00,NSE:RELIANCE,35.45523338,36.13848873,35.2988237,36.08909589,71805133.29105477
2004-07-07 09:15:00,NSE:RELIANCE,36.13848873,36.46776881,35.80920865,36.08909589,88477869.78944299
2004-07-08 09:15:00,NSE:RELIANCE,36.19199592,36.78881606,35.24120134,35.56224859,133259200.08281875
2004-07-09 09:15:00,NSE:RELIANCE,32.92800795,36.32782395,32.92800795,36.1302559,55060725.28422178
2004-07-12 09:15:00,NSE:RELIANCE,35.97384869,36.22080875,35.57048141,35.95326868,34928320.03920992
2004-07-13 09:15:00,NSE:RELIANCE,35.72688863,36.11379354,35.2782437,35.43876856,28564133.04357742
2004-07-14 09:15:00,NSE:RELIANCE,35.65280143,35.65280143,34.30275311,34.40976831,83247064.44430205
2004-07-15 09:15:00,NSE:RELIANCE,34.63203319,34.93661561,34.18338826,34.58264117,90608578.70151386
2004-07-16 09:15:00,NSE:RELIANCE,34.73904839,35.17534367,34.43446349,34.94073326,99754592.04186831
2004-07-19 09:15:00,NSE:RELIANCE,35.06832847,35.3070557,34.75551322,34.8872236,75015773.91511597
2004-07-20 09:15:00,NSE:RELIANCE,37.04400895,37.04400895,34.65672837,35.2782437,122306821.77538937
2004-07-21 09:15:00,NSE:RELIANCE,35.47992857,36.19611356,35.38937572,35.75158381,62982249.12436674
2004-07-22 09:15:00,NSE:RELIANCE,36.55008883,37.69845393,36.05616871,37.44737622,126703079.21711367
2004-07-23 09:15:00,NSE:RELIANCE,37.7025691,38.58339414,37.3856362,38.38170927,106964259.8828835
2004-07-26 09:15:00,NSE:RELIANCE,38.36112926,39.43128952,37.87544197,39.29134466,97801239.74391504
2004-07-27 09:15:00,NSE:RELIANCE,39.29134466,39.29134466,39.29134466,39.29134466,0.0
2004-07-28 09:15:00,NSE:RELIANCE,38.03184919,39.10200944,38.03184919,38.76449654,100464018.49833888
2004-07-29 09:15:00,NSE:RELIANCE,39.10200944,39.14316945,38.62866933,39.06084943,63646729.04164312
2004-07-30 09:15:00,NSE:RELIANCE,39.11024227,40.37796975,39.10612462,40.2462569,86382389.24592967
2004-08-02 09:15:00,NSE:RELIANCE,40.1721697,40.83072986,39.92932482,40.67432265,85935353.39664689
2004-08-03 09:15:00,NSE:RELIANCE,40.68666983,41.14766276,40.12277687,40.28741691,101098129.13237591
2004-08-04 09:15:00,NSE:RELIANCE,40.41912976,40.70724983,39.80584479,40.60434981,81884091.01252124
2004-08-05 09:15:00,NSE:RELIANCE,40.90481706,41.54691486,40.76075702,41.40697,77195073.68036978
2004-08-06 09:15:00,NSE:RELIANCE,41.31641716,41.40285482,40.44382494,40.657857,66563395.00394766
2004-08-09 09:15:00,NSE:RELIANCE,40.50144978,40.76487467,40.01987684,40.51791461,73112227.24167521
2004-08-10 09:15:00,NSE:RELIANCE,40.58788498,41.11473475,40.33680974,40.8883547,56625350.75671168
2004-08-11 09:15:00,NSE:RELIANCE,40.91304988,41.06122509,39.31192467,39.50949437,86803914.8972915
2004-08-12 09:15:00,NSE:RELIANCE,39.50949437,39.50949437,39.50949437,39.50949437,0.0
2004-08-13 09:15:00,NSE:RELIANCE,39.26664948,39.59592956,38.9373694,39.25841666,89902796.55903202
2004-08-16 09:15:00,NSE:RELIANCE,39.0320366,39.62474239,38.80154219,39.41894234,60841822.04165926
2004-08-17 09:15:00,NSE:RELIANCE,45.68761103,45.68761103,39.18844464,39.48068236,67435600.818581
2004-08-18 09:15:00,NSE:RELIANCE,39.25018466,39.25018466,38.63278451,38.73568453,53151104.75413312
2004-08-19 09:15:00,NSE:RELIANCE,38.85504938,39.25018466,38.78096219,39.11847427,56890170.90655859
2004-08-20 09:15:00,NSE:RELIANCE,39.14728463,39.19256229,38.07300919,38.14709639,63138954.6258816
2004-08-23 09:15:00,NSE:RELIANCE,38.19648922,38.33643408,36.92052892,37.14690897,98170530.2281052
2004-08-24 09:15:00,NSE:RELIANCE,37.25392417,37.76019394,37.09751614,37.33624419,88497306.13071613
2004-08-25 09:15:00,NSE:RELIANCE,37.37328903,37.7766563,37.08105378,37.7025691,76201390.73277915
2004-08-26 09:15:00,NSE:RELIANCE,37.94952916,38.38994209,37.80958431,37.92483398,79348863.24770252
2004-08-27 09:15:00,NSE:RELIANCE,37.97010917,38.14709639,37.3444762,37.71903393,57943377.64929826
2004-08-30 09:15:00,NSE:RELIANCE,37.95776199,38.55869649,37.95776199,38.45991411,42583808.95817841
2004-08-31 09:15:00,NSE:RELIANCE,38.52988448,39.2543023,38.52988448,39.15551663,64416894.0645923
2004-09-01 09:15:00,NSE:RELIANCE,39.15551663,39.46421671,39.02792225,39.18432946,39980553.99890364
2004-09-02 09:15:00,NSE:RELIANCE,39.10200944,39.3489695,38.74803418,38.85093421,45439736.35400431
2004-09-03 09:15:00,NSE:RELIANCE,38.92090457,39.09377662,38.57516214,39.0032246,47570445.26607518
2004-09-06 09:15:00,NSE:RELIANCE,39.11024227,39.50537672,39.06496461,39.27488231,34521371.643803
2004-09-07 09:15:00,NSE:RELIANCE,39.19256229,40.03634249,39.19256229,39.90462964,76638708.41142538
2004-09-08 09:15:00,NSE:RELIANCE,40.08984968,40.08984968,39.60416239,39.73587442,50262378.53240874
2004-09-09 09:15:00,NSE:RELIANCE,40.07338485,40.12277687,39.62062475,39.98283448,62407662.28547869
2004-09-10 09:15:00,NSE:RELIANCE,39.98283448,39.98283448,39.98283448,39.98283448,0.0
2004-09-13 09:15:00,NSE:RELIANCE,40.41089694,40.73194501,39.94167447,40.41501458,53705040.48041838
2004-09-14 09:15:00,NSE:RELIANCE,40.46028977,40.57142262,39.82230962,40.03634249,43505820.39732422
2004-09-15 09:15:00,NSE:RELIANCE,40.0857345,40.48498496,39.87581681,40.14335687,40448240.96078922
2004-09-16 09:15:00,NSE:RELIANCE,40.21332971,40.48498496,39.7399896,40.40678258,41669086.14700998
2004-09-17 09:15:00,NSE:RELIANCE,40.79368503,41.98321014,40.76075702,41.9132373,100777429.5013687
2004-09-20 09:15:00,NSE:RELIANCE,42.14785018,42.14785018,41.16412512,41.32876516,54984194.69045865
2004-09-21 09:15:00,NSE:RELIANCE,41.24232996,41.90089012,40.96244271,41.77741009,61398187.31060366
2004-09-22 09:15:00,NSE:RELIANCE,41.65393006,41.69509007,41.17235712,41.44401483,69950177.4707969
2004-09-23 09:15:00,NSE:RELIANCE,41.24232996,41.47282519,40.9953699,41.16412512,60102026.30194933
2004-09-24 09:15:00,NSE:RELIANCE,41.16000994,41.71567008,40.75252502,41.06534274,69732733.4028034
2004-09-27 09:15:00,NSE:RELIANCE,40.83072986,40.94186271,40.4767546,40.78133703,42953099.44236856
2004-09-28 09:15:00,NSE:RELIANCE,40.74017701,41.30406997,40.66608982,40.85542504,59199451.20407667
2004-09-29 09:15:00,NSE:RELIANCE,40.92951471,42.51829027,40.64962499,42.3371854,99472765.09340742
2004-09-30 09:15:00,NSE:RELIANCE,42.31249022,42.78583033,42.31249022,42.63353994,73764559.44565585
2004-10-01 09:15:00,NSE:RELIANCE,42.65000065,44.04121064,42.16843018,43.8971506,82390650.6569531
2004-10-04 09:15:00,NSE:RELIANCE,43.8765706,45.22662057,43.8765706,44.96319568,69316066.83675985
2004-10-05 09:15:00,NSE:RELIANCE,44.94673085,45.09490607,44.23054586,44.44458038,46330163.73858125
2004-10-06 09:15:00,NSE:RELIANCE,44.36226036,45.74935105,44.36226036,44.97554121,89820192.10862102
2004-10-07 09:15:00,NSE:RELIANCE,45.26778058,46.46142087,45.04963088,46.00042629,82976170.43780728
2004-10-08 09:15:00,NSE:RELIANCE,46.00042629,46.00042629,46.00042629,46.00042629,0.0
2004-10-11 09:15:00,NSE:RELIANCE,45.68761103,45.9551511,44.86852601,45.02082052,31137018.71961286
2004-10-12 09:15:00,NSE:RELIANCE,45.02905087,45.4365358,43.88480095,44.04944099,48508248.7325055
2004-10-14 09:15:00,NSE:RELIANCE,44.20585067,44.9385005,43.93419543,44.69154044,53926128.86240066
2004-10-15 09:15:00,NSE:RELIANCE,44.69154044,44.69154044,44.69154044,44.69154044,0.0
2004-10-18 09:15:00,NSE:RELIANCE,45.19369091,45.72877104,44.94673085,45.33363577,50949939.10494701
2004-10-19 09:15:00,NSE:RELIANCE,45.53943582,46.33794084,45.44065097,46.08686148,66907175.2902168
2004-10-20 09:15:00,NSE:RELIANCE,46.67545127,46.67545127,45.00024051,45.12372054,88771844.4511996
2004-10-21 09:15:00,NSE:RELIANCE,45.20604056,45.51474064,44.17292102,44.38695554,74565093.7518444
2004-10-25 09:15:00,NSE:RELIANCE,44.45281073,44.78209082,43.97535544,44.18938585,103575047.8733751
2004-10-26 09:15:00,NSE:RELIANCE,49.39201193,49.39201193,44.21820032,45.42007097,77684626.52618766
2004-10-27 09:15:00,NSE:RELIANCE,45.48592616,45.60529101,44.30463552,44.5022011,132077227.57914433
2004-10-28 09:15:00,NSE:RELIANCE,44.69565562,45.1525309,44.17292102,44.33756106,102404008.31166685
2004-10-29 09:15:00,NSE:RELIANCE,44.33756106,44.33756106,44.33756106,44.33756106,0.0
2004-11-01 09:15:00,NSE:RELIANCE,43.78602022,44.01240027,43.27563527,43.61726089,59450908.86929826
2004-11-02 09:15:00,NSE:RELIANCE,43.95889061,44.90557085,43.95889061,44.73270045,61602268.8939719
2004-11-03 09:15:00,NSE:RELIANCE,44.85618048,44.97966051,44.30052035,44.75739563,53967431.08760616
2004-11-04 09:15:00,NSE:RELIANCE,45.60529101,48.32185167,44.13999548,44.23054586,74405958.70767038
2004-11-05 09:15:00,NSE:RELIANCE,44.53513076,44.76151081,44.16469067,44.48162109,38498532.97682471
2004-11-08 09:15:00,NSE:RELIANCE,44.78209082,45.22250127,44.53513076,44.64626114,51124866.1764055
2004-11-09 09:15:00,NSE:RELIANCE,44.85618048,44.90968602,44.33344588,44.45281073,39165442.43676021
2004-11-10 09:15:00,NSE:RELIANCE,44.58452112,44.98789086,44.58452112,44.81090118,44237112.73772712
2004-11-11 09:15:00,NSE:RELIANCE,45.00435569,45.42007097,44.58452112,44.9385005,69554162.01735619
2004-11-12 09:15:00,NSE:RELIANCE,45.27601093,45.4365358,44.57629076,44.90968602,15354709.60580159
2004-11-16 09:15:00,NSE:RELIANCE,45.02905087,45.02905087,44.24701068,44.85206118,59522580.37774305
2004-11-17 09:15:00,NSE:RELIANCE,44.94673085,45.18134127,44.55571076,44.76151081,42784246.22755793
2004-11-18 09:15:00,NSE:RELIANCE,44.86441083,45.24308128,44.33756106,44.92615085,84098619.14633259
2004-11-19 09:15:00,NSE:RELIANCE,44.92615085,44.92615085,44.92615085,44.92615085,0.0
2004-11-22 09:15:00,NSE:RELIANCE,42.70762549,44.35402589,41.90089012,43.83952576,164533487.9626734
2004-11-23 09:15:00,NSE:RELIANCE,43.8765706,44.07414029,42.97928073,43.48966568,101624125.118081
2004-11-24 09:15:00,NSE:RELIANCE,43.62961054,43.62961054,41.95851496,42.40715989,99908868.00072405
2004-11-25 09:15:00,NSE:RELIANCE,41.98321014,43.08218076,41.16824277,41.43578283,214736342.6999331
2004-11-29 09:15:00,NSE:RELIANCE,40.9953699,42.2301702,40.08984968,41.96674531,247091777.06310752
2004-11-30 09:15:00,NSE:RELIANCE,42.14785018,43.11099523,42.07376298,42.56356546,137212065.989249
2004-12-01 09:15:00,NSE:RELIANCE,43.0533704,44.18938585,43.0533704,43.42381049,75363198.51537381
2004-12-02 09:15:00,NSE:RELIANCE,43.72016091,44.78209082,43.22624079,44.61745077,126628978.16600978
2004-12-03 09:15:00,NSE:RELIANCE,42.82699034,45.10314054,42.82699034,44.75739563,90478598.16924956
2004-12-06 09:15:00,NSE:RELIANCE,44.78209082,45.02905087,43.51848016,43.70781538,65283026.02257778
2004-12-07 09:15:00,NSE:RELIANCE,44.04944099,44.04944099,42.10669017,42.56356546,92224224.56984584
2004-12-08 09:15:00,NSE:RELIANCE,42.88873036,43.21801044,41.65804524,41.80210527,90227140.50402795
2004-12-09 09:15:00,NSE:RELIANCE,41.82680292,42.39481024,41.16000994,42.16431501,81904742.12512396
2004-12-10 09:15:00,NSE:RELIANCE,42.2301702,42.2301702,40.80191703,41.09415475,115284228.71912841
2004-12-13 09:15:00,NSE:RELIANCE,41.09415475,41.09415475,41.09415475,41.09415475,0.0
2004-12-14 09:15:00,NSE:RELIANCE,41.32464998,41.8185701,40.83072986,41.63746523,74087688.61932226
2004-12-15 09:15:00,NSE:RELIANCE,41.62923487,41.62923487,40.52614496,40.75664267,84697501.41181208
2004-12-16 09:15:00,NSE:RELIANCE,40.74840984,40.9089347,40.17628488,40.42736259,85894051.17144136
2004-12-17 09:15:00,NSE:RELIANCE,40.33680974,40.80603468,39.40247669,39.55888473,139743649.440079
2004-12-20 09:15:00,NSE:RELIANCE,39.92520964,40.22979454,38.86328221,39.56711673,256240219.94612125
2004-12-21 09:15:00,NSE:RELIANCE,39.80172961,40.4767546,39.62885675,39.92520964,133754826.78528446
2004-12-22 09:15:00,NSE:RELIANCE,40.16805452,41.06122509,39.92932482,40.75252502,117281312.78494631
2004-12-23 09:15:00,NSE:RELIANCE,41.05299474,41.92147012,40.95420989,41.67862524,105241714.13754916
2004-12-24 09:15:00,NSE:RELIANCE,42.39481024,43.27563527,42.01202297,43.08630005,114300263.94217436
2004-12-27 09:15:00,NSE:RELIANCE,42.80641034,45.02905087,41.68274289,42.5553351,226384784.97920766
2004-12-28 09:15:00,NSE:RELIANCE,42.5553351,42.5553351,42.5553351,42.5553351,0.0
2004-12-29 09:15:00,NSE:RELIANCE,43.56375534,44.34991071,43.34972082,43.75309057,84189726.9960506
2004-12-30 09:15:00,NSE:RELIANCE,43.96300579,44.35814107,42.90519518,43.06160075,81960621.60628428
2004-12-31 09:15:00,NSE:RELIANCE,43.73251056,44.11118101,43.2674008,43.93419543,58092794.52283576
2005-01-03 09:15:00,NSE:RELIANCE,44.40342037,44.86441083,43.94242579,44.76974117,83435354.0003858
2005-01-04 09:15:00,NSE:RELIANCE,45.27601093,45.27601093,43.59668088,43.73251056,63876320.82293239
2005-01-05 09:15:00,NSE:RELIANCE,43.30033046,43.91361543,42.48947991,43.62549536,97541278.67938647
2005-01-06 09:15:00,NSE:RELIANCE,43.4649705,44.16469067,42.99163038,43.31679529,79782536.61236008
2005-01-07 09:15:00,NSE:RELIANCE,44.04121064,45.08667571,43.42792567,44.63803078,93797353.44164278
2005-01-10 09:15:00,NSE:RELIANCE,44.87676048,45.10314054,43.72016091,43.97124026,64806835.66138523
2005-01-11 09:15:00,NSE:RELIANCE,44.04121064,44.04121064,43.06160075,43.27975045,51316800.04647807
2005-01-12 09:15:00,NSE:RELIANCE,43.54729052,43.62961054,42.40304059,42.65823512,90658384.32602638
2005-01-13 09:15:00,NSE:RELIANCE,43.21801044,43.27975045,42.68293031,42.81464069,69262616.89825867
2005-01-14 09:15:00,NSE:RELIANCE,43.10688005,43.10688005,42.07376298,42.30425986,61004601.39982202
2005-01-17 09:15:00,NSE:RELIANCE,42.39481024,42.6417703,41.5222172,42.11080534,61257273.83637318
2005-01-18 09:15:00,NSE:RELIANCE,42.23840055,43.00398003,41.88854294,42.05318298,77448960.8882505
2005-01-19 09:15:00,NSE:RELIANCE,42.31249022,42.67469995,42.08199499,42.28779504,39528659.06430253
2005-01-20 09:15:00,NSE:RELIANCE,41.99144296,42.39481024,41.50575485,42.10669017,44498288.5735853
2005-01-24 09:15:00,NSE:RELIANCE,42.10669017,42.10669017,42.10669017,42.10669017,0.0
2005-01-25 09:15:00,NSE:RELIANCE,41.64569723,41.97497731,41.03241473,41.2917228,99721793.21596988
2005-01-27 09:15:00,NSE:RELIANCE,41.57984286,42.2301702,41.46459484,41.66216289,83915188.67556712
2005-01-28 09:15:00,NSE:RELIANCE,41.73625008,43.09041523,40.33680974,42.99163038,68934628.63927399
2005-01-31 09:15:00,NSE:RELIANCE,43.21801044,44.00005063,43.02867521,43.81894576,74471556.35946733
2005-02-01 09:15:00,NSE:RELIANCE,43.95066026,45.02905087,43.63372571,44.69565562,97384573.17787157
2005-02-02 09:15:00,NSE:RELIANCE,44.79855564,45.05786124,43.64607536,43.92184578,59525009.92040221
2005-02-03 09:15:00,NSE:RELIANCE,44.43634591,44.73270045,44.12353066,44.53101558,40042507.33671189
2005-02-04 09:15:00,NSE:RELIANCE,44.78209082,44.86441083,43.82718023,44.21820032,48313885.31977383
2005-02-07 09:15:00,NSE:RELIANCE,49.21090706,49.21090706,43.51848016,43.6584209,31377543.44286828
2005-02-08 09:15:00,NSE:RELIANCE,43.79425058,44.18527067,43.54729052,43.94242579,43763351.9191937
2005-02-09 09:15:00,NSE:RELIANCE,43.97947062,44.49397074,43.96300579,44.21820032,31379972.98552744
2005-02-10 09:15:00,NSE:RELIANCE,44.27994034,44.83971565,43.78190093,44.65861079,43121952.6571792
2005-02-11 09:15:00,NSE:RELIANCE,44.78620599,45.44065097,44.70800115,45.06198053,67572869.97882275
2005-02-14 09:15:00,NSE:RELIANCE,45.43242062,45.543551,44.35814107,44.74504598,46701883.76543058
2005-02-15 09:15:00,NSE:RELIANCE,44.75328045,44.75328045,44.08237064,44.38695554,41047123.22626864
2005-02-16 09:15:00,NSE:RELIANCE,44.37460589,44.77386046,43.80248093,44.04532581,43607861.18900837
2005-02-17 09:15:00,NSE:RELIANCE,44.12353066,44.26759069,43.64196019,44.11118101,40886773.41076505
2005-02-18 09:15:00,NSE:RELIANCE,44.12353066,44.68330597,43.72016091,43.97535544,52644545.10970124
2005-02-21 09:15:00,NSE:RELIANCE,43.97947062,44.35402589,43.76132092,44.00005063,40723994.05260228
2005-02-22 09:15:00,NSE:RELIANCE,43.95889061,44.56394112,43.79836575,44.4157659,51715245.04257798
2005-02-23 09:15:00,NSE:RELIANCE,44.42811555,45.27601093,44.42811555,45.13606608,67649400.57258585
2005-02-24 09:15:00,NSE:RELIANCE,45.30070612,45.564131,44.9138012,45.02905087,60386282.79306941
2005-02-25 09:15:00,NSE:RELIANCE,45.27601093,45.3501006,44.30463552,44.46516038,48391630.68486646
2005-02-28 09:15:00,NSE:RELIANCE,44.46927556,46.09921113,44.11118101,45.79051106,92088170.18093365
2005-03-01 09:15:00,NSE:RELIANCE,45.89341108,45.89341108,44.82325082,45.07432606,59211598.91737239
2005-03-02 09:15:00,NSE:RELIANCE,45.02905087,45.4365358,44.827366,45.24720057,63119518.28460846
2005-03-03 09:15:00,NSE:RELIANCE,45.29247576,46.30501118,45.29247576,45.98396146,78831370.6613045
2005-03-04 09:15:00,NSE:RELIANCE,46.0621663,47.20230104,46.0621663,47.09116655,105813871.433778
2005-03-07 09:15:00,NSE:RELIANCE,45.70407586,48.60585656,45.70407586,48.31362131,88084283.87866133
2005-03-08 09:15:00,NSE:RELIANCE,48.47002688,48.86928145,47.9267164,48.6593621,87984672.62963638
2005-03-09 09:15:00,NSE:RELIANCE,48.98864219,49.45375194,48.07900679,48.39182204,92524273.08825037
2005-03-10 09:15:00,NSE:RELIANCE,48.39182204,48.39182204,48.39182204,48.39182204,0.0
2005-03-11 09:15:00,NSE:RELIANCE,49.06273185,49.45786712,48.19837164,48.40005651,71794200.34908861
2005-03-14 09:15:00,NSE:RELIANCE,48.34654685,48.72522141,47.42044663,47.66329151,42930018.78710668
2005-03-15 09:15:00,NSE:RELIANCE,47.74561153,48.08312197,46.85655614,46.9923817,60801734.58778334
2005-03-16 09:15:00,NSE:RELIANCE,47.00884653,47.56450666,46.72484164,47.2763866,51941192.50987855
2005-03-17 09:15:00,NSE:RELIANCE,47.2763866,47.2763866,47.2763866,47.2763866,0.0
2005-03-18 09:15:00,NSE:RELIANCE,46.09921113,47.24346106,45.69996068,47.07470172,58339393.10273904
2005-03-21 09:15:00,NSE:RELIANCE,47.16937139,47.48218664,45.93457109,46.07451595,33182693.63861365
2005-03-22 09:15:00,NSE:RELIANCE,46.02512147,46.1486015,44.54336111,44.83971565,57920296.99403641
2005-03-23 09:15:00,NSE:RELIANCE,44.78209082,46.91418098,44.3951859,45.50239099,165697238.89640424
2005-03-24 09:15:00,NSE:RELIANCE,45.68761103,46.70838093,45.68761103,46.09921113,98029616.7538748
2005-03-28 09:15:00,NSE:RELIANCE,46.26385117,47.19406657,46.22269116,46.60136161,49046392.43150628
2005-03-29 09:15:00,NSE:RELIANCE,46.67545127,46.74954094,44.87264119,45.20604056,57966458.30456014
2005-03-30 09:15:00,NSE:RELIANCE,45.11137089,45.66291585,44.37872107,44.71212044,70324327.04030542
2005-03-31 09:15:00,NSE:RELIANCE,44.87264119,45.55590065,44.74504598,44.95084603,76592547.10090157
2005-04-01 09:15:00,NSE:RELIANCE,45.85225107,46.64252162,45.10314054,46.47788158,61077487.67959641
2005-04-04 09:15:00,NSE:RELIANCE,46.67545127,46.80304648,46.02512147,46.51492641,41895033.61431056
2005-04-05 09:15:00,NSE:RELIANCE,46.58901607,46.90594651,45.56824618,45.77404623,47322631.91484234
2005-04-06 09:15:00,NSE:RELIANCE,45.93457109,47.16114104,45.93457109,47.05412172,53372193.13611546
2005-04-07 09:15:00,NSE:RELIANCE,47.16114104,47.49042112,46.39144638,46.54785607,44357375.09935485
2005-04-08 09:15:00,NSE:RELIANCE,46.67545127,46.75777129,45.55590065,45.83990142,40815101.90232024
2005-04-11 09:15:00,NSE:RELIANCE,45.83990142,45.83990142,45.83990142,45.83990142,0.0
2005-04-12 09:15:00,NSE:RELIANCE,45.12783572,45.46946133,44.86441083,45.16899573,40472536.38738066
2005-04-13 09:15:00,NSE:RELIANCE,45.35833095,45.50650617,44.69977079,44.90968602,25144551.75082968
2005-04-15 09:15:00,NSE:RELIANCE,44.77386046,44.77386046,43.30444564,43.60903053,47532787.35485843
2005-04-18 09:15:00,NSE:RELIANCE,43.38265048,43.38265048,42.39481024,42.68704549,54136284.30241676
2005-04-19 09:15:00,NSE:RELIANCE,43.13569042,43.67077055,42.14785018,42.31249022,43955285.7892662
2005-04-20 09:15:00,NSE:RELIANCE,42.52652062,43.7901354,42.40304059,43.63372571,52733223.4167601
2005-04-21 09:15:00,NSE:RELIANCE,43.4649705,44.94673085,43.21801044,44.69154044,73947989.91642138
2005-04-22 09:15:00,NSE:RELIANCE,45.02905087,45.25954611,44.13999548,45.07021088,67637252.8592901
2005-04-25 09:15:00,NSE:RELIANCE,44.86441083,45.17722609,44.4157659,45.00435569,42067531.1431099
2005-04-26 09:15:00,NSE:RELIANCE,44.61745077,45.33363577,44.54336111,45.04140052,47033516.33840394
2005-04-27 09:15:00,NSE:RELIANCE,45.68761103,46.05805112,43.90126578,44.37049071,162729552.53825754
2005-04-28 09:15:00,NSE:RELIANCE,44.43634591,45.27601093,43.90538096,44.76974117,91248763.19219877
2005-04-29 09:15:00,NSE:RELIANCE,45.29247576,45.29247576,43.22624079,43.46908567,45705771.27518077
2005-05-02 09:15:00,NSE:RELIANCE,43.58845053,44.08237064,43.18920008,43.94654097,37318990.01580938
2005-05-03 09:15:00,NSE:RELIANCE,43.8765706,44.69977079,43.26328562,44.53101558,41961846.03743709
2005-05-04 09:15:00,NSE:RELIANCE,44.61745077,44.86441083,44.20585067,44.56394112,25485902.49443967
2005-05-05 09:15:00,NSE:RELIANCE,44.67919079,45.06198053,44.38695554,44.54748041,21100577.99468147
2005-05-06 09:15:00,NSE:RELIANCE,44.45281073,45.31717094,44.45281073,45.20192127,56314369.29634106
2005-05-09 09:15:00,NSE:RELIANCE,45.21427092,45.68349586,44.96319568,45.55590065,38446297.80965304
2005-05-10 09:15:00,NSE:RELIANCE,45.58471101,45.74935105,44.71212044,44.80267082,27608108.00720356
2005-05-11 09:15:00,NSE:RELIANCE,44.61745077,45.06609571,44.42400038,44.65861079,38006550.58834766
2005-05-12 09:15:00,NSE:RELIANCE,44.44458038,44.56806041,44.01240027,44.37460589,44817773.43326296
2005-05-13 09:15:00,NSE:RELIANCE,44.3293307,44.37049071,43.95889061,44.14411066,21553687.70061215
2005-05-16 09:15:00,NSE:RELIANCE,44.24701068,44.75328045,44.24701068,44.47339074,29310002.6399352
2005-05-17 09:15:00,NSE:RELIANCE,44.61745077,44.75739563,43.21389526,43.29621528,43799795.05908087
2005-05-18 09:15:00,NSE:RELIANCE,43.29621528,43.29621528,43.29621528,43.29621528,0.0
2005-05-19 09:15:00,NSE:RELIANCE,43.71193055,44.04121064,43.02456004,43.1603856,36797853.1154226
2005-05-20 09:15:00,NSE:RELIANCE,43.21801044,43.37442012,42.4442006,42.84345517,51450424.8927311
2005-05-23 09:15:00,NSE:RELIANCE,43.13569042,43.87245542,42.97105038,43.7242802,24918604.2835291
2005-05-24 09:15:00,NSE:RELIANCE,43.88892024,44.10295065,43.34972082,43.71193055,44518939.68618804
2005-05-25 09:15:00,NSE:RELIANCE,43.4649705,43.95889061,43.25917045,43.6831202,48968647.06641362
2005-05-26 09:15:00,NSE:RELIANCE,43.71193055,43.91773061,43.34560564,43.66254019,94381658.45116732
2005-05-27 09:15:00,NSE:RELIANCE,43.66254019,43.66254019,43.66254019,43.66254019,0.0
2005-05-30 09:15:00,NSE:RELIANCE,43.75309057,44.01651545,43.21801044,43.36618565,27721081.74085384
2005-05-31 09:15:00,NSE:RELIANCE,43.38265048,44.27994034,43.16862007,44.04121064,65856398.09013622
2005-06-01 09:15:00,NSE:RELIANCE,44.2881707,44.79855564,44.12353066,44.53513076,53525254.32364162
2005-06-02 09:15:00,NSE:RELIANCE,44.78209082,44.88910602,43.51024568,43.61726089,46513594.20934676
2005-06-03 09:15:00,NSE:RELIANCE,43.61726089,43.61726089,43.61726089,43.61726089,0.0
2005-06-06 09:15:00,NSE:RELIANCE,45.60529101,46.60136161,45.19369091,45.46534616,76038611.37461637
2005-06-07 09:15:00,NSE:RELIANCE,45.44065097,45.75346623,44.86441083,45.09902124,51149161.60299698
2005-06-08 09:15:00,NSE:RELIANCE,45.38302614,46.09921113,45.27601093,45.97161592,62883852.64667132
2005-06-09 09:15:00,NSE:RELIANCE,46.16506633,46.40791121,45.82755589,46.02100629,49181232.04908887
2005-06-10 09:15:00,NSE:RELIANCE,46.18153115,46.87302097,46.18153115,46.63840644,76655715.21003942
2005-06-13 09:15:00,NSE:RELIANCE,46.63840644,46.63840644,46.63840644,46.63840644,0.0
2005-06-14 09:15:00,NSE:RELIANCE,47.00473135,47.33401143,46.49434641,47.25580659,40222293.49348866
2005-06-15 09:15:00,NSE:RELIANCE,46.73719129,47.49865147,46.73719129,47.32989625,42147706.05086171
2005-06-16 09:15:00,NSE:RELIANCE,47.49865147,48.98041183,47.41633145,48.58939173,99946525.9119408
2005-06-17 09:15:00,NSE:RELIANCE,48.56881173,49.84888722,48.07489161,49.41259193,109676844.2618198
2005-06-20 09:15:00,NSE:RELIANCE,51.45001243,53.15403766,50.7379426,51.90277253,292764749.51238984
2005-06-21 09:15:00,NSE:RELIANCE,52.02625256,53.34337288,51.12073234,53.19108249,200143294.71777368
2005-06-22 09:15:00,NSE:RELIANCE,52.93177278,54.33121312,52.84945276,53.88256819,155936551.26328582
2005-06-23 09:15:00,NSE:RELIANCE,53.85375783,53.9237282,53.23635768,53.55740329,77881419.4815785
2005-06-24 09:15:00,NSE:RELIANCE,53.4256929,54.20773309,52.93588796,53.89080266,78312663.30357686
2005-06-27 09:15:00,NSE:RELIANCE,53.34337288,55.56601342,53.11699283,53.39688254,151138204.51147288
2005-06-28 09:15:00,NSE:RELIANCE,55.15441332,55.15441332,51.62700211,51.82456769,121616831.660192
2005-06-29 09:15:00,NSE:RELIANCE,52.1908926,53.26105286,52.0838774,52.83710311,107283744.7425612
2005-06-30 09:15:00,NSE:RELIANCE,53.34337288,53.76732263,52.4090423,52.89472795,87408871.01941884
2005-07-01 09:15:00,NSE:RELIANCE,52.89472795,52.89472795,52.89472795,52.89472795,0.0
2005-07-04 09:15:00,NSE:RELIANCE,52.84945276,53.46685291,52.6024927,53.04702246,46342311.45187699
2005-07-05 09:15:00,NSE:RELIANCE,53.0140928,53.34337288,52.39257748,52.52428786,57100326.3465747
2005-07-06 09:15:00,NSE:RELIANCE,52.46666302,53.26105286,52.46666302,53.11287765,40784732.61908092
2005-07-07 09:15:00,NSE:RELIANCE,52.8000624,52.8000624,50.15758729,50.54037703,106119993.80883035
2005-07-08 09:15:00,NSE:RELIANCE,51.69697249,51.69697249,50.62681222,51.06310751,67311694.14296456
2005-07-11 09:15:00,NSE:RELIANCE,50.88612193,52.35553264,50.88612193,52.18266225,50094740.08892772
2005-07-12 09:15:00,NSE:RELIANCE,52.18266225,52.18266225,52.18266225,52.18266225,0.0
2005-07-13 09:15:00,NSE:RELIANCE,52.68481272,52.8000624,51.78752286,51.93981737,33275016.25966116
2005-07-14 09:15:00,NSE:RELIANCE,51.9974422,53.24870321,51.1289627,52.80829275,102352987.91582476
2005-07-15 09:15:00,NSE:RELIANCE,52.93177278,55.15441332,52.93177278,54.8786429,86237831.4577105
2005-07-18 09:15:00,NSE:RELIANCE,54.90745326,55.38902373,54.18303791,54.47938833,95229568.83920918
2005-07-19 09:15:00,NSE:RELIANCE,54.6604932,55.30258853,54.4217635,54.71400286,64240752.22180422
2005-07-20 09:15:00,NSE:RELIANCE,54.82513324,56.22457358,54.82513324,55.90352386,70771362.88958824
2005-07-21 09:15:00,NSE:RELIANCE,55.64833344,56.49622882,55.20792298,55.83355348,60403289.59168341
2005-07-22 09:15:00,NSE:RELIANCE,55.97761352,56.91606339,55.82532313,56.76376889,46484439.69743701
2005-07-25 09:15:00,NSE:RELIANCE,56.91606339,57.27003866,56.35628396,56.59912885,66874376.4643183
2005-07-26 09:15:00,NSE:RELIANCE,56.38921362,56.99838341,55.99407835,56.89548339,53539831.57959646
2005-07-27 09:15:00,NSE:RELIANCE,57.00661377,58.02738366,56.75142335,57.52934425,91857363.6283148
2005-07-29 09:15:00,NSE:RELIANCE,57.45937388,58.6036238,57.04777378,57.89978433,92490259.4910223
2005-08-01 09:15:00,NSE:RELIANCE,57.87097398,58.43898376,57.33589385,58.26199407,54130210.44576894
2005-08-02 09:15:00,NSE:RELIANCE,58.6036238,61.44777966,58.52953413,61.03617956,110453083.14141692
2005-08-03 09:15:00,NSE:RELIANCE,62.54675028,62.55498475,58.50072378,58.8176542,317496279.0111648
2005-08-04 09:15:00,NSE:RELIANCE,59.02345425,62.20512467,59.02345425,60.02775932,175731250.07867646
2005-08-05 09:15:00,NSE:RELIANCE,60.09361451,60.90858436,59.46386471,59.74375443,97662755.81234375
2005-08-08 09:15:00,NSE:RELIANCE,61.72355008,65.77369589,58.20848441,58.55422932,135023048.05335858
2005-08-09 09:15:00,NSE:RELIANCE,58.77649419,59.66554959,57.83804432,58.25376372,108153521.01453538
2005-08-10 09:15:00,NSE:RELIANCE,59.24571913,59.48856401,58.38135892,59.22513913,88709891.11339138
2005-08-11 09:15:00,NSE:RELIANCE,59.48856401,60.0524545,58.69417417,59.07284462,80296384.88476941
2005-08-12 09:15:00,NSE:RELIANCE,59.25394948,59.49267919,57.8010036,57.96975882,78473013.11908045
2005-08-16 09:15:00,NSE:RELIANCE,57.99445401,58.44721411,57.38528421,57.60754909,63213055.67698557
2005-08-17 09:15:00,NSE:RELIANCE,57.62401392,59.10577428,57.21241382,58.85469904,85013341.95750105
2005-08-18 09:15:00,NSE:RELIANCE,59.27041431,61.24609479,58.05619402,58.31138444,105371694.66981342
2005-08-19 09:15:00,NSE:RELIANCE,61.74001491,61.74001491,57.88332363,58.09735403,78720826.47031334
2005-08-22 09:15:00,NSE:RELIANCE,58.42251893,58.74356454,57.17948416,57.56638908,61577973.46738042
2005-08-23 09:15:00,NSE:RELIANCE,57.56638908,57.56638908,57.56638908,57.56638908,0.0
2005-08-24 09:15:00,NSE:RELIANCE,56.55385366,57.37705386,56.23280393,57.20006417,84013585.1532625
2005-08-25 09:15:00,NSE:RELIANCE,57.58285391,57.68986911,57.0436586,57.3235442,87485401.61318192
2005-08-26 09:15:00,NSE:RELIANCE,57.57873873,57.94506364,57.09716414,57.52111389,44029386.84037017
2005-08-29 09:15:00,NSE:RELIANCE,58.11793404,59.68201441,57.05188895,57.65282428,55490754.33489056
2005-08-30 09:15:00,NSE:RELIANCE,57.87097398,58.43074929,57.54580907,58.24964442,54646488.2608374
2005-08-31 09:15:00,NSE:RELIANCE,58.61185416,59.57911439,58.30315408,59.22102395,81536666.41226333
2005-09-01 09:15:00,NSE:RELIANCE,59.18809429,60.04833932,59.18809429,59.82195927,64851782.20057942
2005-09-02 09:15:00,NSE:RELIANCE,59.68201441,60.30764492,59.27864467,60.13477452,60355913.50983014
2005-09-05 09:15:00,NSE:RELIANCE,60.25825455,60.69454984,59.9454393,60.12242487,45300037.65110342
2005-09-06 09:15:00,NSE:RELIANCE,60.09361451,60.49698425,59.72317442,60.00306414,37663985.0734081
2005-09-08 09:15:00,NSE:RELIANCE,60.42289459,61.36957482,60.36938493,60.80568433,64498283.74367372
2005-09-09 09:15:00,NSE:RELIANCE,60.91681471,61.32841481,60.47228496,61.05264439,49740026.86069242
2005-09-12 09:15:00,NSE:RELIANCE,61.34899481,62.06106463,61.25844444,61.94581496,45799308.6675579
2005-09-13 09:15:00,NSE:RELIANCE,61.98697497,62.51793992,61.73589973,61.92935013,66285212.36947542
2005-09-14 09:15:00,NSE:RELIANCE,61.74001491,62.23393503,60.63280982,60.99501955,51509948.68788014
2005-09-15 09:15:00,NSE:RELIANCE,61.04029474,62.88838001,60.51344497,62.6290703,66025251.30494686
2005-09-16 09:15:00,NSE:RELIANCE,62.88838001,63.20942562,62.22981985,62.89661037,47413739.7645603
2005-09-19 09:15:00,NSE:RELIANCE,63.74862504,69.1488167,62.39857507,62.90896002,46773555.27387538
2005-09-20 09:15:00,NSE:RELIANCE,62.97481521,64.29193553,62.23393503,64.04086029,117417367.17385842
2005-09-21 09:15:00,NSE:RELIANCE,64.04086029,64.04086029,64.04086029,64.04086029,0.0
2005-09-22 09:15:00,NSE:RELIANCE,64.53889559,64.53889559,61.74001491,62.10633982,102180490.38702539
2005-09-23 09:15:00,NSE:RELIANCE,63.22177527,63.22177527,60.84272505,61.55479487,128364886.3959695
2005-09-26 09:15:00,NSE:RELIANCE,61.74001491,64.49773558,61.74001491,64.23019551,78445073.37850025
2005-09-27 09:15:00,NSE:RELIANCE,65.02458535,65.52673583,64.21373068,64.86817567,86528161.80547845
2005-09-28 09:15:00,NSE:RELIANCE,65.03281571,66.15648562,64.62121561,65.89306074,84769172.92025685
2005-09-29 09:15:00,NSE:RELIANCE,65.8560159,66.95910582,65.8560159,66.53927124,86720095.67555095
2005-09-30 09:15:00,NSE:RELIANCE,66.34993602,66.67098575,64.29193553,65.32505095,104919799.7352123
2005-10-03 09:15:00,NSE:RELIANCE,64.62121561,66.08651114,64.62121561,65.38267579,58409849.8398543
2005-10-04 09:15:00,NSE:RELIANCE,65.52673583,66.58866573,65.38679097,66.40344568,52643330.33837168
2005-10-05 09:15:00,NSE:RELIANCE,66.51457606,66.67098575,65.69549104,66.02477112,46773555.27387538
2005-10-06 09:15:00,NSE:RELIANCE,65.8560159,65.8560159,64.77762529,65.10278608,72547358.57342382
2005-10-07 09:15:00,NSE:RELIANCE,65.44030063,65.44030063,63.85564024,64.90110532,96981269.09645335
2005-10-10 09:15:00,NSE:RELIANCE,64.95049568,65.27154541,64.23431069,64.45246039,45127540.12230409
2005-10-11 09:15:00,NSE:RELIANCE,64.78585565,65.0986709,63.55105535,64.93403086,46066558.36006394
2005-10-13 09:15:00,NSE:RELIANCE,64.67884044,65.27154541,63.64160572,63.81859541,73386765.56215872
2005-10-14 09:15:00,NSE:RELIANCE,63.79801541,63.9955851,62.68669514,62.88014554,88726897.9120054
2005-10-17 09:15:00,NSE:RELIANCE,63.9955851,64.19315068,62.48501027,63.46873533,75614656.18059541
2005-10-18 09:15:00,NSE:RELIANCE,63.99146581,64.32486518,61.61653488,62.27097986,76301001.98180407
2005-10-19 09:15:00,NSE:RELIANCE,61.75236456,62.38211024,60.50521461,61.51775003,106319216.30688035
2005-10-20 09:15:00,NSE:RELIANCE,62.15161501,63.04890487,60.67396983,61.58772452,92400366.4126339
2005-10-21 09:15:00,NSE:RELIANCE,62.06929499,63.63337537,61.18435478,63.48520015,115445793.30596158
2005-10-24 09:15:00,NSE:RELIANCE,63.40288014,63.83506024,62.06929499,62.32448541,59283270.42581719
2005-10-25 09:15:00,NSE:RELIANCE,62.64965031,64.16022514,62.56733029,63.18884561,60960869.63195739
2005-10-26 09:15:00,NSE:RELIANCE,63.37818495,63.78978505,62.67434549,62.85545036,51279142.1352613
2005-10-27 09:15:00,NSE:RELIANCE,63.05713523,63.36995048,61.34076446,61.76471009,129018433.37127975
2005-10-28 09:15:00,NSE:RELIANCE,62.15161501,62.45208473,60.71101466,61.0485251,74724228.79601848
2005-10-31 09:15:00,NSE:RELIANCE,60.71101466,62.96658485,60.71101466,62.76901516,57780598.29113546
2005-11-01 09:15:00,NSE:RELIANCE,62.76901516,62.76901516,62.76901516,62.76901516,0.0
2005-11-02 09:15:00,NSE:RELIANCE,62.87191518,64.16022514,62.29567504,64.02028028,62578945.0429485
2005-11-07 09:15:00,NSE:RELIANCE,62.96658485,65.09044054,62.96658485,64.86817567,62038371.80128856
2005-11-08 09:15:00,NSE:RELIANCE,65.4444158,65.4444158,64.41541556,65.06986054,52802465.38254573
2005-11-09 09:15:00,NSE:RELIANCE,65.19745574,65.93010557,64.794086,65.12748537,51650862.16211061
2005-11-10 09:15:00,NSE:RELIANCE,65.31270542,65.47322617,64.46480592,64.67884044,39093770.92831542
2005-11-11 09:15:00,NSE:RELIANCE,64.78585565,66.20587599,64.78585565,65.47734546,61087205.85023298
2005-11-14 09:15:00,NSE:RELIANCE,65.4444158,66.10297596,64.71176598,65.7284207,39014810.79189318
2005-11-16 09:15:00,NSE:RELIANCE,65.93833592,67.42009628,65.93833592,67.29250107,70144540.88352859
2005-11-17 09:15:00,NSE:RELIANCE,60.50521461,68.48614136,60.50521461,68.26799166,72547358.57342382
2005-11-18 09:15:00,NSE:RELIANCE,68.48614136,68.7372166,67.79876673,68.00868607,45142117.37825893
2005-11-21 09:15:00,NSE:RELIANCE,67.99633642,68.64254693,67.56827149,68.24741166,62532783.73242474
2005-11-22 09:15:00,NSE:RELIANCE,68.29268685,69.0623815,67.0908162,67.44479146,83277433.72754134
2005-11-23 09:15:00,NSE:RELIANCE,67.58473632,68.64666622,67.39128592,68.49025654,69969613.81207012
2005-11-24 09:15:00,NSE:RELIANCE,68.57257656,69.84030651,68.57257656,69.48632713,71166163.57169941
2005-11-25 09:15:00,NSE:RELIANCE,69.64273682,69.64273682,68.84834698,69.3669664,57078460.46264237
2005-11-28 09:15:00,NSE:RELIANCE,69.64273682,69.9720169,69.37519675,69.7991465,45614663.42546282
2005-11-29 09:15:00,NSE:RELIANCE,69.9061617,71.27678757,69.19820707,69.81972651,98196040.42602628
2005-11-30 09:15:00,NSE:RELIANCE,69.98848172,70.42066183,68.25152683,68.54788138,77106395.37331098
2005-12-01 09:15:00,NSE:RELIANCE,68.57257656,69.42047194,68.34619651,69.11177187,73841090.03941901
2005-12-02 09:15:00,NSE:RELIANCE,69.31345674,69.9061617,68.7372166,69.09942633,49188520.67706634
2005-12-05 09:15:00,NSE:RELIANCE,69.72505684,70.12842658,68.81953662,69.1693967,46669084.9395321
2005-12-06 09:15:00,NSE:RELIANCE,69.31345674,69.70859201,68.3256165,68.88127663,61157662.5873482
2005-12-07 09:15:00,NSE:RELIANCE,69.1488167,69.96378654,68.24329648,69.43282159,64121704.63150607
2005-12-08 09:15:00,NSE:RELIANCE,69.9720169,70.15312176,68.7577966,69.65508647,57518207.68394778
2005-12-09 09:15:00,NSE:RELIANCE,69.1488167,71.19858684,69.1488167,71.07098752,78689242.41574448
2005-12-12 09:15:00,NSE:RELIANCE,71.29736757,71.89830701,70.79933228,71.05864198,32418602.47231227
2005-12-13 09:15:00,NSE:RELIANCE,71.28090686,71.98885738,70.73759226,71.75012768,48709900.7732146
2005-12-14 09:15:00,NSE:RELIANCE,71.63076694,71.89830701,70.46593702,70.95574196,48018695.88668758
2005-12-15 09:15:00,NSE:RELIANCE,71.12449718,71.19858684,69.07472704,69.5809968,64051247.89439086
2005-12-16 09:15:00,NSE:RELIANCE,69.9720169,70.30129698,69.3216871,69.91850724,58637012.0784844
2005-12-19 09:15:00,NSE:RELIANCE,70.30129698,70.91869713,70.30129698,70.56060669,29674434.03880706
2005-12-20 09:15:00,NSE:RELIANCE,70.77875227,71.34676205,70.15723694,70.34657216,44016024.35574487
2005-12-21 09:15:00,NSE:RELIANCE,70.47416737,71.07510681,69.89381206,70.80756675,45664469.0499753
2005-12-22 09:15:00,NSE:RELIANCE,71.12449718,71.59783729,70.23544178,70.46182184,69591819.92857295
2005-12-23 09:15:00,NSE:RELIANCE,70.383617,70.7952171,69.16528153,69.3875464,70559992.67824252
2005-12-26 09:15:00,NSE:RELIANCE,69.1488167,69.30522638,68.07865644,68.54788138,64663492.64449562
2005-12-27 09:15:00,NSE:RELIANCE,68.7372166,71.61018694,68.17332611,71.36322688,71581615.36641335
2005-12-28 09:15:00,NSE:RELIANCE,71.61841729,73.25658734,71.45377726,71.82421735,131649628.07113469
2005-12-29 09:15:00,NSE:RELIANCE,71.45377726,73.67641779,71.45377726,73.35536807,110353471.89239192
2005-12-30 09:15:00,NSE:RELIANCE,73.92337785,74.15798826,72.8737976,73.20719286,60104455.84460848
2006-01-02 09:15:00,NSE:RELIANCE,73.51177775,74.25265793,73.27716734,73.9110282,44482496.54630086
2006-01-03 09:15:00,NSE:RELIANCE,74.04685788,76.05546801,73.75873781,75.73441829,59580889.40156257
2006-01-04 09:15:00,NSE:RELIANCE,75.81673831,77.05153861,75.73441829,76.54526884,52489054.3795159
2006-01-05 09:15:00,NSE:RELIANCE,76.80457855,77.05153861,75.73441829,75.87436315,64487350.80170754
2006-01-06 09:15:00,NSE:RELIANCE,75.87436315,76.67698334,75.1664085,75.79204313,77247308.8475414
2006-01-09 09:15:00,NSE:RELIANCE,75.98137835,76.1871784,74.59840284,74.92356774,75798086.65136094
2006-01-10 09:15:00,NSE:RELIANCE,74.82889807,74.91121809,73.12075766,73.60232813,116619262.41032901
2006-01-12 09:15:00,NSE:RELIANCE,71.05040751,73.84105783,71.05040751,73.00550798,239037843.148039
2006-01-13 09:15:00,NSE:RELIANCE,73.26070252,73.84105783,72.69269273,72.86556724,123075772.02700908
2006-01-16 09:15:00,NSE:RELIANCE,73.10017765,73.10017765,71.140962,71.86126218,186795387.34842652
2006-01-17 09:15:00,NSE:RELIANCE,72.05059739,77.13385862,71.78717333,76.30242642,548461104.2406236
2006-01-18 09:15:00,NSE:RELIANCE,65.21053345,81.76891048,65.21053345,77.98060552,542645688.201684
2006-01-19 09:15:00,NSE:RELIANCE,78.68880363,82.02183878,77.72205772,79.19466023,90487206.20290934
2006-01-20 09:15:00,NSE:RELIANCE,79.19466023,79.19466023,79.19466023,79.19466023,0.0
2006-01-23 09:15:00,NSE:RELIANCE,78.91362878,79.36327909,78.01432817,78.95297094,37139082.88289564
2006-01-24 09:15:00,NSE:RELIANCE,79.8129294,80.2625797,77.44664578,77.95250238,100637316.04251842
2006-01-25 09:15:00,NSE:RELIANCE,78.23915332,78.66631999,77.00261498,77.38481999,119003588.41312043
2006-01-27 09:15:00,NSE:RELIANCE,78.11550174,79.048525,78.10425711,78.5370489,55859408.16464265
2006-01-30 09:15:00,NSE:RELIANCE,78.68880363,80.73471365,78.68880363,79.93096148,64555943.99216398
2006-01-31 09:15:00,NSE:RELIANCE,79.63307152,80.91457152,79.63307152,80.25134069,55234033.298977
2006-02-01 09:15:00,NSE:RELIANCE,80.330025,80.80215895,78.80121621,79.22838287,43928358.80716352
2006-02-02 09:15:00,NSE:RELIANCE,79.80169039,80.47616585,78.80121621,79.66117467,44678274.89785508
2006-02-03 09:15:00,NSE:RELIANCE,79.47569167,79.47569167,78.12674075,78.30659862,30506373.07008888
2006-02-06 09:15:00,NSE:RELIANCE,78.12674075,81.24618975,76.83399612,80.97639732,84739628.66796508
2006-02-07 09:15:00,NSE:RELIANCE,80.99888096,81.33049918,79.41948538,80.99888096,60506575.01846542
2006-02-08 09:15:00,NSE:RELIANCE,80.93143566,81.16188032,80.2625797,80.54361114,60051999.54712098
2006-02-10 09:15:00,NSE:RELIANCE,80.37499228,81.33611869,80.37499228,80.89208788,45957491.19490658
2006-02-13 09:15:00,NSE:RELIANCE,80.37499228,81.04946774,80.37499228,80.57733379,28206808.30800391
2006-02-14 09:15:00,NSE:RELIANCE,80.37499228,81.42604762,80.04899356,80.28506334,58777231.15096322
2006-02-15 09:15:00,NSE:RELIANCE,80.04899356,80.81340358,78.29535961,78.89114514,68133835.4711217
2006-02-16 09:15:00,NSE:RELIANCE,78.89114514,79.7454841,78.01994768,78.35718541,36107169.87553837
2006-02-17 09:15:00,NSE:RELIANCE,79.02604136,79.53189796,77.56467786,77.91877973,41205353.87999058
2006-02-20 09:15:00,NSE:RELIANCE,78.01432817,79.07662814,77.45226529,78.91924829,28698746.14685612
2006-02-21 09:15:00,NSE:RELIANCE,78.91924829,78.91924829,78.91924829,78.91924829,0.0
2006-02-22 09:15:00,NSE:RELIANCE,78.6044942,79.3070728,78.46397848,79.13283443,26117184.46810542
2006-02-23 09:15:00,NSE:RELIANCE,79.25086651,79.45882753,78.13236025,78.72814578,55256272.8034459
2006-02-24 09:15:00,NSE:RELIANCE,78.91362878,79.52065895,78.57639105,79.00917723,21361488.83247438
2006-02-27 09:15:00,NSE:RELIANCE,79.02604136,79.34641496,78.3515659,78.70004264,48027544.27087244
2006-02-28 09:15:00,NSE:RELIANCE,79.11035079,80.36375327,78.1604634,79.68365269,68681816.86123557
2006-03-01 09:15:00,NSE:RELIANCE,79.58810424,80.25134069,78.92486779,79.61620739,40240159.38603998
2006-03-02 09:15:00,NSE:RELIANCE,79.8129294,80.82464259,79.47569167,80.16703126,33998864.851886
2006-03-03 09:15:00,NSE:RELIANCE,80.37499228,80.71223001,79.61620739,80.45930171,37232488.80166506
2006-03-06 09:15:00,NSE:RELIANCE,80.59981743,82.49959223,80.59981743,82.30848972,54535712.85865332
2006-03-07 09:15:00,NSE:RELIANCE,82.43214131,83.1853067,81.94876835,82.34221237,47993740.22407969
2006-03-08 09:15:00,NSE:RELIANCE,82.39841866,82.39841866,79.9984124,80.92581615,62521474.12334839
2006-03-09 09:15:00,NSE:RELIANCE,81.38670547,81.9150457,79.98154826,81.69584006,41086150.13603722
2006-03-10 09:15:00,NSE:RELIANCE,82.17359351,82.94924253,81.74080733,82.22418029,30738553.49674426
2006-03-13 09:15:00,NSE:RELIANCE,82.22979979,83.32582242,82.17359351,82.66258597,35280749.88947378
2006-03-14 09:15:00,NSE:RELIANCE,82.51083124,83.91598844,81.96563249,83.46633814,33248948.76119446
2006-03-16 09:15:00,NSE:RELIANCE,83.74736958,86.55768399,83.46633814,86.38906513,78476984.2095209
2006-03-17 09:15:00,NSE:RELIANCE,86.55768399,87.90101541,85.78203497,87.12536638,56847731.74324088
2006-03-20 09:15:00,NSE:RELIANCE,87.31084938,87.68180976,86.61389028,87.46260411,22082048.77726696
2006-03-21 09:15:00,NSE:RELIANCE,87.68180976,89.36799841,87.06354059,87.73239654,38880880.87290042
2006-03-22 09:15:00,NSE:RELIANCE,88.01342799,88.41249151,85.27617837,86.83871544,45453988.81373053
2006-03-23 09:15:00,NSE:RELIANCE,87.85042862,88.18204685,86.40592926,87.38391418,34412519.63500766
2006-03-24 09:15:00,NSE:RELIANCE,87.23215945,88.24387264,87.23215945,87.92911855,25138646.27147352
2006-03-27 09:15:00,NSE:RELIANCE,88.35628522,89.67151349,88.35628522,89.29492799,27152655.79617772
2006-03-28 09:15:00,NSE:RELIANCE,89.36799841,89.59282356,88.53614309,88.90148397,16299777.61535119
2006-03-29 09:15:00,NSE:RELIANCE,88.90148397,88.90148397,88.90148397,88.90148397,0.0
2006-03-30 09:15:00,NSE:RELIANCE,89.48041099,90.70571032,88.58111037,89.44668834,28991418.02566694
2006-03-31 09:15:00,NSE:RELIANCE,89.92444179,90.82936191,88.58111037,89.40734056,74297736.52972394
2006-04-03 09:15:00,NSE:RELIANCE,90.04247387,93.63967632,90.04247387,93.16754237,44762785.0148369
2006-04-04 09:15:00,NSE:RELIANCE,93.41485117,94.76380209,93.3080581,94.06122348,34958721.86476402
2006-04-05 09:15:00,NSE:RELIANCE,94.76380209,94.98862724,93.86450147,94.48277065,40600439.3584363
2006-04-07 09:15:00,NSE:RELIANCE,94.93242095,95.13476247,93.26309644,93.6902631,37727984.9612323
2006-04-10 09:15:00,NSE:RELIANCE,93.63967632,94.61766686,92.64482727,94.00501719,40953602.68940254
2006-04-12 09:15:00,NSE:RELIANCE,94.00501719,94.00501719,94.00501719,94.00501719,0.0
2006-04-13 09:15:00,NSE:RELIANCE,93.30243859,95.87668884,92.9876845,95.1572461,77876517.5888604
2006-04-17 09:15:00,NSE:RELIANCE,95.55069012,96.33757816,95.11227883,95.71368948,26542403.79355092
2006-04-18 09:15:00,NSE:RELIANCE,95.97785679,100.6935655,95.97785679,100.19332841,73044318.05785635
2006-04-19 09:15:00,NSE:RELIANCE,101.04766737,104.76852141,100.49684349,103.621912,94826578.31488246
2006-04-20 09:15:00,NSE:RELIANCE,105.10575914,112.37885397,105.10575914,111.5751018,132657754.57685047
2006-04-21 09:15:00,NSE:RELIANCE,112.41257662,113.31187723,107.1853918,109.5966427,76956691.68402645
2006-04-24 09:15:00,NSE:RELIANCE,109.6022622,112.35637033,108.59054901,109.84957099,59393710.21484132
2006-04-25 09:15:00,NSE:RELIANCE,109.88329364,110.72638797,106.90436036,107.36524968,31355032.56062236
2006-04-26 09:15:00,NSE:RELIANCE,107.91607355,110.38915024,107.03363707,110.01257035,42658038.31189958
2006-04-27 09:15:00,NSE:RELIANCE,110.38915024,118.03320545,110.38915024,112.18213196,87653003.75339186
2006-04-28 09:15:00,NSE:RELIANCE,112.18213196,112.18213196,112.18213196,112.18213196,0.0
2006-05-02 09:15:00,NSE:RELIANCE,115.22289103,117.23507615,115.11047845,115.91422838,27093053.92420106
2006-05-03 09:15:00,NSE:RELIANCE,115.91984901,117.13390483,114.78448198,116.40884371,23781146.91869145
2006-05-04 09:15:00,NSE:RELIANCE,117.13390483,125.99201587,116.90907968,121.42806526,126202960.79979496
2006-05-05 09:15:00,NSE:RELIANCE,121.82150928,124.66554747,121.6304079,123.56952484,53147967.77979354
2006-05-08 09:15:00,NSE:RELIANCE,125.34002293,131.41030206,125.0027852,129.83652599,69056330.11649197
2006-05-09 09:15:00,NSE:RELIANCE,130.39858887,131.48899087,127.70068704,129.73535467,64442967.30946193
2006-05-10 09:15:00,NSE:RELIANCE,130.39858887,132.08477752,127.84120276,131.50023212,90762086.47814503
2006-05-11 09:15:00,NSE:RELIANCE,132.08477752,133.14145574,123.76624685,124.80606319,107804663.54275769
2006-05-12 09:15:00,NSE:RELIANCE,125.96391273,125.96391273,118.82009348,119.92735736,76132940.43849812
2006-05-15 09:15:00,NSE:RELIANCE,120.28145698,120.28145698,113.71094188,114.8463089,86509893.22369003
2006-05-16 09:15:00,NSE:RELIANCE,115.2172704,118.58402707,109.71467478,117.32500621,111422586.1297595
2006-05-17 09:15:00,NSE:RELIANCE,120.19152692,122.74891304,118.59526833,122.10254072,52003078.08973422
2006-05-18 09:15:00,NSE:RELIANCE,119.7193941,120.25897446,111.56948229,112.95215698,84948680.0099728
2006-05-19 09:15:00,NSE:RELIANCE,113.53670238,119.15733121,108.08469242,109.95073894,124520764.68176684
2006-05-22 09:15:00,NSE:RELIANCE,111.85051373,112.30016404,94.42656436,104.47625095,114857255.19993743
2006-05-23 09:15:00,NSE:RELIANCE,105.55540944,110.16432508,103.5544667,108.7142006,74705164.25159429
2006-05-24 09:15:00,NSE:RELIANCE,109.26502447,109.26502447,97.23687877,105.50482266,101918311.49992745
2006-05-25 09:15:00,NSE:RELIANCE,106.1624396,108.1408987,103.70060193,106.79194778,80934894.24342448
2006-05-26 09:15:00,NSE:RELIANCE,107.91607355,111.49079236,107.07859873,107.74745469,58990730.39386474
2006-05-29 09:15:00,NSE:RELIANCE,108.1408987,109.93949993,106.90436036,107.46080374,33150205.36135252
2006-05-30 09:15:00,NSE:RELIANCE,107.8823509,109.88329364,106.2298849,107.34839116,31545402.7188762
2006-05-31 09:15:00,NSE:RELIANCE,107.34839116,107.34839116,107.34839116,107.34839116,0.0
2006-06-01 09:15:00,NSE:RELIANCE,108.47813643,108.47813643,103.98163337,104.02097552,79491105.61330307
2006-06-02 09:15:00,NSE:RELIANCE,104.54369625,108.1408987,103.98725287,107.70248741,50690947.3260687
2006-06-05 09:15:00,NSE:RELIANCE,108.1408987,109.11888924,103.98725287,104.02097552,52024428.01402434
2006-06-06 09:15:00,NSE:RELIANCE,103.41957049,103.98163337,101.17131895,101.9020007,74857282.46216163
2006-06-07 09:15:00,NSE:RELIANCE,101.73338184,103.41957049,98.79379071,100.38443092,102489421.97468898
2006-06-08 09:15:00,NSE:RELIANCE,99.04671901,99.4851303,90.71694933,92.81906564,106257683.61190054
2006-06-09 09:15:00,NSE:RELIANCE,91.61624994,104.45376732,91.61624994,103.72870507,100498541.53463243
2006-06-12 09:15:00,NSE:RELIANCE,103.19474533,106.56712263,100.41815357,101.28935104,62622886.2637266
2006-06-13 09:15:00,NSE:RELIANCE,100.04719319,100.04719319,95.6631027,96.52306116,64441188.14910443
2006-06-14 09:15:00,NSE:RELIANCE,97.23687877,100.38443092,94.78628573,96.50057752,76356225.06336594
2006-06-15 09:15:00,NSE:RELIANCE,96.50057752,96.50057752,96.50057752,96.50057752,0.0
2006-06-16 09:15:00,NSE:RELIANCE,96.50057752,96.50057752,96.50057752,96.50057752,0.0
2006-06-19 09:15:00,NSE:RELIANCE,103.19474533,105.66782202,101.50855668,104.95962391,35610784.13579237
2006-06-20 09:15:00,NSE:RELIANCE,104.54369625,105.21817171,102.96992018,103.98163337,40297092.51748042
2006-06-21 09:15:00,NSE:RELIANCE,104.54369625,108.87158045,103.19474533,108.38258799,57795134.6336163
2006-06-22 09:15:00,NSE:RELIANCE,109.04019932,111.67065586,108.72544523,109.61350121,43166878.17414816
2006-06-23 09:15:00,NSE:RELIANCE,108.81537416,114.26738413,107.02801195,113.75028628,53650580.58079082
2006-06-26 09:15:00,NSE:RELIANCE,114.09876526,115.08799594,109.88329364,110.2992213,62689604.77713331
2006-06-27 09:15:00,NSE:RELIANCE,111.62568858,113.6378737,110.1137383,110.8106974,111264240.85794087
2006-06-28 09:15:00,NSE:RELIANCE,108.15776284,113.08705208,108.15776284,112.51936856,56966045.90701546
2006-06-29 09:15:00,NSE:RELIANCE,115.0992372,115.78495391,112.58119548,113.35122163,53611439.05292555
2006-06-30 09:15:00,NSE:RELIANCE,115.21164977,119.60698152,115.21164977,119.14046933,52942474.75850084
2006-07-03 09:15:00,NSE:RELIANCE,119.34281196,121.37185897,118.51657953,120.40511081,38979624.27274238
2006-07-04 09:15:00,NSE:RELIANCE,120.28145698,121.82150928,120.05663183,120.80979609,32192127.508832
2006-07-05 09:15:00,NSE:RELIANCE,120.73110728,123.5414217,119.73625598,122.9962207,38936034.84398333
2006-07-06 09:15:00,NSE:RELIANCE,121.39434149,122.64212109,120.41073144,121.77092362,37979736.15182033
2006-07-07 09:15:00,NSE:RELIANCE,122.97935882,122.97935882,115.36340675,115.96481404,58795912.33471712
2006-07-10 09:15:00,NSE:RELIANCE,116.45942937,118.01634356,115.02054839,117.28004118,39807823.41916446
2006-07-11 09:15:00,NSE:RELIANCE,117.47114256,118.34234003,116.48191189,117.94327538,30862205.14159138
2006-07-12 09:15:00,NSE:RELIANCE,116.48191189,123.65383428,113.66035622,123.43462975,65334326.64857571
2006-07-13 09:15:00,NSE:RELIANCE,122.10816135,123.09177139,120.32080138,120.89410552,29661271.90027041
2006-07-14 09:15:00,NSE:RELIANCE,119.7193941,121.74282047,118.11751488,120.18028566,28886447.5645737
2006-07-17 09:15:00,NSE:RELIANCE,118.93250606,120.10159686,115.53202562,115.94233152,26162553.05722199
2006-07-18 09:15:00,NSE:RELIANCE,116.12219164,116.90907968,111.18727728,112.90719195,56702730.17410361
2006-07-19 09:15:00,NSE:RELIANCE,113.53670238,115.77371266,109.84395149,110.50718232,59927458.3220951
2006-07-20 09:15:00,NSE:RELIANCE,112.07533889,113.53670238,110.75449111,111.89548101,64078239.43617186
2006-07-21 09:15:00,NSE:RELIANCE,111.28845085,111.85051373,107.42145597,108.76478738,59188217.19354862
2006-07-24 09:15:00,NSE:RELIANCE,108.1408987,109.6022622,105.83644088,109.20881818,47349684.17466014
2006-07-25 09:15:00,NSE:RELIANCE,110.70390433,111.40086343,109.82708735,111.04114206,28039567.23439773
2006-07-26 09:15:00,NSE:RELIANCE,111.28845085,112.96339824,110.28797667,112.40133761,26232829.89134374
2006-07-27 09:15:00,NSE:RELIANCE,112.96339824,114.18869533,111.09172884,112.42381787,41658150.1909775
2006-07-28 09:15:00,NSE:RELIANCE,113.39056603,113.39056603,109.48984962,110.05753201,32104948.65131389
2006-07-31 09:15:00,NSE:RELIANCE,111.0636257,112.18775146,109.72591379,110.02942887,29532282.77435075
2006-08-01 09:15:00,NSE:RELIANCE,109.48984962,111.39524392,109.48984962,110.34418296,30952942.31982452
2006-08-02 09:15:00,NSE:RELIANCE,110.05191251,111.78868794,110.05191251,111.38962442,18329799.583273
2006-08-03 09:15:00,NSE:RELIANCE,111.38962442,111.38962442,111.38962442,111.38962442,0.0
2006-08-04 09:15:00,NSE:RELIANCE,111.0636257,112.35637033,108.16900185,108.79289052,44430082.02798206
2006-08-07 09:15:00,NSE:RELIANCE,108.81537416,108.89406409,107.01677294,107.34839116,21640817.00860385
2006-08-08 09:15:00,NSE:RELIANCE,107.41021696,110.13060243,107.35401067,109.84395149,19655274.04961985
2006-08-09 09:15:00,NSE:RELIANCE,109.84395149,112.00789359,109.04019932,111.0636257,29966397.90158382
2006-08-10 09:15:00,NSE:RELIANCE,111.0636257,111.28845085,108.72544523,110.046293,24034677.26963698
2006-08-11 09:15:00,NSE:RELIANCE,110.82756153,114.09876526,109.6022622,113.64911496,49151084.0366416
2006-08-14 09:15:00,NSE:RELIANCE,114.09876526,116.00977907,112.65988428,115.70064448,23516941.60560083
2006-08-16 09:15:00,NSE:RELIANCE,116.3470168,118.59526833,116.24584548,117.63976143,36627574.28011079
2006-08-17 09:15:00,NSE:RELIANCE,119.04491864,120.73110728,116.68987516,119.84304793,47626343.61025335
2006-08-18 09:15:00,NSE:RELIANCE,120.05663183,121.23696388,117.92079287,118.69643965,19193581.93684534
2006-08-21 09:15:00,NSE:RELIANCE,118.59526833,120.8322786,117.47114256,120.01166679,21041239.96812212
2006-08-22 09:15:00,NSE:RELIANCE,121.40558274,121.95640437,118.65709525,119.69691158,27532506.53250666
2006-08-23 09:15:00,NSE:RELIANCE,119.38215637,120.71986603,118.61213022,119.37091511,21209370.62190707
2006-08-24 09:15:00,NSE:RELIANCE,119.15733121,125.87960329,118.2580306,124.42386043,50303979.94830973
2006-08-25 09:15:00,NSE:RELIANCE,125.34002293,126.46414869,123.76624685,124.85102822,42668713.27404463
2006-08-28 09:15:00,NSE:RELIANCE,125.11519777,126.34049486,124.4575842,126.13815222,18448113.74704759
2006-08-29 09:15:00,NSE:RELIANCE,127.01497032,128.13909608,125.34002293,125.77281135,35133079.57980024
2006-08-30 09:15:00,NSE:RELIANCE,125.34002293,127.58827446,124.45196357,126.89131648,29252065.01804253
2006-08-31 09:15:00,NSE:RELIANCE,116.90907968,127.67820452,116.90907968,125.60419248,45706629.58449732
2006-09-01 09:15:00,NSE:RELIANCE,125.34002293,126.84635145,125.34002293,126.18311725,19087721.89557335
2006-09-04 09:15:00,NSE:RELIANCE,126.46976932,127.91989156,126.46976932,127.2060717,22085607.09798199
2006-09-05 09:15:00,NSE:RELIANCE,126.46414869,127.58827446,125.4524355,126.57094064,13242290.54096588
2006-09-06 09:15:00,NSE:RELIANCE,126.57656127,128.8248128,126.35173612,127.8693059,31845191.23911706
2006-09-07 09:15:00,NSE:RELIANCE,127.58827446,127.58827446,125.93580958,126.5428375,24961619.81590102
2006-09-08 09:15:00,NSE:RELIANCE,127.02621158,127.52644754,125.05899148,127.11614164,39991076.93598825
2006-09-11 09:15:00,NSE:RELIANCE,127.25103673,127.58265383,121.74282047,122.27115958,42368035.17362502
2006-09-12 09:15:00,NSE:RELIANCE,122.75453366,124.7498569,120.62993597,124.42386043,51589423.30661253
2006-09-13 09:15:00,NSE:RELIANCE,124.98030268,126.49787247,124.89037262,125.46929739,35625017.41865247
2006-09-14 09:15:00,NSE:RELIANCE,125.90208581,127.80185835,125.42995299,126.61590567,28176562.5819262
2006-09-15 09:15:00,NSE:RELIANCE,126.68897385,128.59998765,125.25571349,128.21778489,26761240.51752496
2006-09-18 09:15:00,NSE:RELIANCE,128.71240022,129.34753128,126.48101058,127.41403496,24530173.42920423
2006-09-19 09:15:00,NSE:RELIANCE,127.58827446,128.75736526,124.66554747,125.66039877,27225601.37083573
2006-09-20 09:15:00,NSE:RELIANCE,125.22761035,127.22855421,124.22151779,126.81824831,27823399.25095996
2006-09-21 09:15:00,NSE:RELIANCE,127.38031119,128.56626388,127.05431472,128.02668351,32935816.53827226
2006-09-22 09:15:00,NSE:RELIANCE,127.56017131,130.27493504,126.80138642,129.94893857,47239376.23249437
2006-09-25 09:15:00,NSE:RELIANCE,130.37610636,132.08477752,129.94893857,130.74706786,38337347.38368034
2006-09-26 09:15:00,NSE:RELIANCE,130.84823918,132.87166556,130.41545076,132.54566909,33685732.6289638
2006-09-27 09:15:00,NSE:RELIANCE,133.32131587,134.53537169,131.55081778,131.97798558,21535846.54751062
2006-09-28 09:15:00,NSE:RELIANCE,131.65760973,132.64684041,130.7358266,131.29788949,34080706.22833158
2006-09-29 09:15:00,NSE:RELIANCE,133.74848366,133.74848366,131.42154332,131.71943665,18022894.4216021
2006-10-03 09:15:00,NSE:RELIANCE,130.9887549,132.2365345,130.39858887,130.60093151,9247185.95817146
2006-10-04 09:15:00,NSE:RELIANCE,130.96065176,131.18547691,128.48757507,129.16767116,45255612.43386788
2006-10-05 09:15:00,NSE:RELIANCE,130.39858887,130.89320421,129.34191065,129.82528473,36288644.23200465
2006-10-06 09:15:00,NSE:RELIANCE,131.07306433,132.01732998,129.49928826,130.71896472,24040014.75070952
2006-10-09 09:15:00,NSE:RELIANCE,129.83652599,131.18547691,129.28570437,129.6622865,14711876.99627124
2006-10-10 09:15:00,NSE:RELIANCE,130.39858887,130.93816924,128.94284601,129.37563443,11714881.37404136
2006-10-11 09:15:00,NSE:RELIANCE,129.83652599,130.61217277,127.98171848,128.52129884,24088052.08036236
2006-10-12 09:15:00,NSE:RELIANCE,128.65057331,131.85995237,128.40326564,131.38219892,34606448.11397652
2006-10-13 09:15:00,NSE:RELIANCE,131.85995237,134.439821,131.85995237,133.84965498,48177883.32108224
2006-10-16 09:15:00,NSE:RELIANCE,134.33302906,137.03093089,134.22061648,136.40142047,38679835.7525015
2006-10-17 09:15:00,NSE:RELIANCE,136.58128059,137.34568611,135.46839608,136.6037631,22554415.85218655
2006-10-18 09:15:00,NSE:RELIANCE,135.14239961,137.19954976,135.14239961,135.85059884,21937936.78830845
2006-10-19 09:15:00,NSE:RELIANCE,136.46886801,136.46886801,133.38876341,134.56909547,32773023.36555986
2006-10-20 09:15:00,NSE:RELIANCE,135.54708488,137.06465467,134.89509194,135.29415659,33738217.85951041
2006-10-23 09:15:00,NSE:RELIANCE,134.89509194,134.99626326,133.96206755,134.20375459,15830079.28096788
2006-10-26 09:15:00,NSE:RELIANCE,133.77096617,134.22061648,131.52271464,132.07915689,21574098.49519713
2006-10-27 09:15:00,NSE:RELIANCE,133.08524945,137.94147276,132.65808166,137.44685743,42490797.23829338
2006-10-30 09:15:00,NSE:RELIANCE,137.70540635,139.391595,136.26090474,138.95880658,18178570.95288444
2006-10-31 09:15:00,NSE:RELIANCE,138.82953212,139.27918243,136.94662146,137.81781893,18221270.80146474
2006-11-01 09:15:00,NSE:RELIANCE,137.25575605,142.53914715,137.15458473,142.13446187,48896664.1055173
2006-11-02 09:15:00,NSE:RELIANCE,142.53914715,146.02393702,141.47122767,144.2646802,36925023.20448152
2006-11-03 09:15:00,NSE:RELIANCE,145.01222383,145.22580773,142.53914715,144.75367491,28946618.76786478
2006-11-06 09:15:00,NSE:RELIANCE,144.56257353,147.82253825,143.91620121,146.64220619,31106581.71249752
2006-11-07 09:15:00,NSE:RELIANCE,147.03565021,147.9293302,144.46702284,145.15836018,32412930.2050011
2006-11-08 09:15:00,NSE:RELIANCE,145.15836018,145.54056294,139.54335198,140.76864907,43431804.04718358
2006-11-09 09:15:00,NSE:RELIANCE,141.19019623,142.38176954,139.81876279,141.70729408,36442514.91552412
2006-11-10 09:15:00,NSE:RELIANCE,142.42673457,145.42815037,140.86982039,144.48388472,30542979.2944447
2006-11-13 09:15:00,NSE:RELIANCE,144.78739868,145.68669929,144.11292322,144.49512598,10026306.96613157
2006-11-14 09:15:00,NSE:RELIANCE,145.05718886,145.67545804,143.03938311,143.82065052,14454023.28565695
2006-11-15 09:15:00,NSE:RELIANCE,144.11292322,144.54571164,141.42626264,141.93773986,18631438.43028569
2006-11-16 09:15:00,NSE:RELIANCE,142.28621885,142.28621885,142.28621885,142.28621885,14377216.93302314
2006-11-17 09:15:00,NSE:RELIANCE,142.7639723,142.98879745,140.77989032,141.5555371,11166143.84077555
2006-11-20 09:15:00,NSE:RELIANCE,137.7335095,142.52790589,137.7335095,141.52743396,24792617.3735409
2006-11-21 09:15:00,NSE:RELIANCE,142.42673457,143.70823795,141.54429585,143.21924324,16272867.81494381
2006-11-22 09:15:00,NSE:RELIANCE,143.87685681,145.06843012,143.02252123,143.6801348,16031168.88037573
2006-11-23 09:15:00,NSE:RELIANCE,143.88809807,144.98974132,142.65155972,142.98317683,16377153.29929941
2006-11-24 09:15:00,NSE:RELIANCE,142.7639723,143.25858764,141.44874516,141.90401609,18718128.01870548
2006-11-27 09:15:00,NSE:RELIANCE,141.86467169,142.65155972,140.58878894,140.83609661,16122564.34794115
2006-11-28 09:15:00,NSE:RELIANCE,140.43703197,142.73024853,139.38035375,140.59440957,27722334.04685146
2006-11-29 09:15:00,NSE:RELIANCE,141.08902491,142.28059822,140.08293235,140.43703197,15716942.47383366
2006-11-30 09:15:00,NSE:RELIANCE,140.62813335,141.75225911,139.39721563,139.89183097,23941502.64171405
2006-12-01 09:15:00,NSE:RELIANCE,139.96489914,142.64031847,139.96489914,141.75787974,20285523.8146651
2006-12-04 09:15:00,NSE:RELIANCE,142.20190942,143.43844776,141.1452312,141.62860528,22223376.38026598
2006-12-05 09:15:00,NSE:RELIANCE,143.88809807,145.50683917,142.20190942,143.83751241,33494597.43175622
2006-12-06 09:15:00,NSE:RELIANCE,144.03985505,144.03985505,144.03985505,144.03985505,28458390.47835797
2006-12-07 09:15:00,NSE:RELIANCE,146.24876218,146.24876218,146.24876218,146.24876218,34013080.34314253
2006-12-08 09:15:00,NSE:RELIANCE,146.69841248,146.69841248,142.20190942,142.66842161,25955200.81335569
2006-12-11 09:15:00,NSE:RELIANCE,143.88809807,143.88809807,137.8515427,139.391595,40350787.57707014
2006-12-12 09:15:00,NSE:RELIANCE,139.16676985,141.52743396,132.2365345,135.50211985,61187192.81323185
2006-12-13 09:15:00,NSE:RELIANCE,136.57003933,139.62766141,135.00750452,139.21173488,46754065.76597387
2006-12-14 09:15:00,NSE:RELIANCE,139.95365789,143.14617506,139.28480306,141.57801962,26735762.94120538
2006-12-15 09:15:00,NSE:RELIANCE,142.314322,142.7639723,140.00986417,140.9316473,21485220.5395376
2006-12-18 09:15:00,NSE:RELIANCE,141.63984654,145.91152445,139.73445336,144.91105251,22438201.09763383
2006-12-19 09:15:00,NSE:RELIANCE,145.88904193,145.88904193,138.26746924,140.91478542,37589023.64150878
2006-12-20 09:15:00,NSE:RELIANCE,141.63984654,143.32603518,138.63843074,140.39206694,37371574.66261359
2006-12-21 09:15:00,NSE:RELIANCE,140.74054592,142.49418212,139.74007399,141.80284477,20588141.1998744
2006-12-22 09:15:00,NSE:RELIANCE,141.81408603,143.32603518,141.21829937,143.05062437,12479030.747593
2006-12-26 09:15:00,NSE:RELIANCE,144.43891969,144.43891969,142.314322,143.55086034,14652808.87240183
2006-12-27 09:15:00,NSE:RELIANCE,144.45016095,145.90028319,143.94430436,145.38880597,20783564.17354358
2006-12-28 09:15:00,NSE:RELIANCE,145.79911187,146.47358733,142.56725029,143.29231141,36419279.08125501
2006-12-29 09:15:00,NSE:RELIANCE,143.8937187,144.6749861,142.22439193,142.78083419,19965541.82436647
2007-01-02 09:15:00,NSE:RELIANCE,143.32603518,144.54009101,142.79769607,143.98926939,10229300.26712196
2007-01-03 09:15:00,NSE:RELIANCE,144.45016095,145.11339515,143.36537959,144.39957529,13252342.79698583
2007-01-04 09:15:00,NSE:RELIANCE,145.01222383,146.1363496,143.55086034,143.94430436,26886875.92617072
2007-01-05 09:15:00,NSE:RELIANCE,143.32603518,147.48530052,143.32603518,144.80426057,27106628.91772887
2007-01-08 09:15:00,NSE:RELIANCE,145.46187414,145.46187414,142.38176954,143.53399845,19493859.72618453
2007-01-09 09:15:00,NSE:RELIANCE,145.5518042,145.5518042,142.98879745,143.69699669,22784336.74518789
2007-01-10 09:15:00,NSE:RELIANCE,143.32603518,145.11339515,142.1007381,143.11807192,42816988.49823974
2007-01-11 09:15:00,NSE:RELIANCE,143.32603518,146.1363496,142.22439193,145.74290558,19822016.95832593
2007-01-12 09:15:00,NSE:RELIANCE,147.11433902,151.19491555,145.57428672,150.57664638,39845087.93285258
2007-01-15 09:15:00,NSE:RELIANCE,153.42068456,154.23005512,151.30732812,153.43754645,28621815.25299729
2007-01-16 09:15:00,NSE:RELIANCE,153.66799223,154.23005512,151.09374423,151.41412007,15954700.56820984
2007-01-17 09:15:00,NSE:RELIANCE,152.65627904,153.10592935,151.21177743,151.74011654,13915311.32100573
2007-01-18 09:15:00,NSE:RELIANCE,152.31904131,155.65769484,151.64456585,153.71295726,31417863.60864791
2007-01-19 09:15:00,NSE:RELIANCE,160.52515941,160.52515941,154.48298341,155.43849031,57456355.81414055
2007-01-22 09:15:00,NSE:RELIANCE,155.69141861,156.80992375,154.12326317,154.43801838,13944373.90544569
2007-01-23 09:15:00,NSE:RELIANCE,154.12326317,155.21366516,152.61693464,152.94293111,10798284.64525626
2007-01-24 09:15:00,NSE:RELIANCE,154.4998453,154.4998453,152.90920734,153.94902367,14971100.66036082
2007-01-25 09:15:00,NSE:RELIANCE,155.09563196,155.09563196,153.16775627,154.07267751,22506191.71069617
2007-01-29 09:15:00,NSE:RELIANCE,154.00522996,156.69189054,153.47127022,155.38790466,15045202.68925122
2007-01-31 09:15:00,NSE:RELIANCE,155.79821056,156.14106892,152.72372659,153.60616532,24019074.0333016
2007-02-01 09:15:00,NSE:RELIANCE,153.78040481,155.57900604,153.33637513,154.85956555,8180392.51200515
2007-02-02 09:15:00,NSE:RELIANCE,155.54528226,156.66940803,153.78602544,154.57291348,14516952.18750217
2007-02-05 09:15:00,NSE:RELIANCE,155.12935573,156.36589407,154.23005512,155.95558817,8565393.91756907
2007-02-06 09:15:00,NSE:RELIANCE,149.5087269,158.27690787,149.5087269,156.16355143,15625609.27688075
2007-02-07 09:15:00,NSE:RELIANCE,157.15278211,157.35512475,155.26987145,156.80430312,13584307.4322923
2007-02-08 09:15:00,NSE:RELIANCE,157.0347489,157.71484499,155.24176831,157.04599016,8913940.32740757
2007-02-09 09:15:00,NSE:RELIANCE,157.43381355,158.14201278,154.00522996,156.45582413,13683949.3081148
2007-02-12 09:15:00,NSE:RELIANCE,155.91624377,155.91624377,152.11669868,152.76307099,11281469.01514951
2007-02-13 09:15:00,NSE:RELIANCE,152.43145389,155.69141861,150.85767782,153.55557966,12843331.62239727
2007-02-14 09:15:00,NSE:RELIANCE,153.46002897,155.88251999,150.88578096,154.79773863,12646458.63303672
2007-02-15 09:15:00,NSE:RELIANCE,155.41038717,158.91765956,155.41038717,158.15887467,18187413.37986127
2007-02-19 09:15:00,NSE:RELIANCE,158.50173303,160.74998456,158.50173303,159.71016823,13903355.36340324
2007-02-20 09:15:00,NSE:RELIANCE,160.63757198,162.36872566,158.52983617,159.01883088,29180071.29417578
2007-02-21 09:15:00,NSE:RELIANCE,156.36589407,160.18792168,156.36589407,158.13639215,13587661.14956622
2007-02-22 09:15:00,NSE:RELIANCE,159.06379591,160.29471362,157.37760726,158.73217881,33090923.73824019
2007-02-23 09:15:00,NSE:RELIANCE,160.0755091,162.29003686,157.61367367,158.8670739,33373623.42324715
2007-02-26 09:15:00,NSE:RELIANCE,159.62585879,160.72750204,154.2862614,158.11390964,64480027.21970891
2007-02-27 09:15:00,NSE:RELIANCE,146.70965374,159.07503717,146.70965374,157.9902558,26585904.2642921
2007-02-28 09:15:00,NSE:RELIANCE,151.76821969,155.12935573,149.63800136,152.03800987,62776054.17890486
2007-03-01 09:15:00,NSE:RELIANCE,154.56729285,154.56729285,148.27780918,153.75230167,35159686.92294685
2007-03-02 09:15:00,NSE:RELIANCE,154.11764254,154.11764254,147.03565021,147.95743334,42228673.54282106
2007-03-05 09:15:00,NSE:RELIANCE,146.1363496,146.24876218,140.31337813,141.56677836,47940534.43358826
2007-03-06 09:15:00,NSE:RELIANCE,143.21362261,146.91199638,142.01080804,145.89466256,31607815.66421774
2007-03-07 09:15:00,NSE:RELIANCE,147.37288794,149.39631432,141.76350037,144.86046686,30692864.65876334
2007-03-08 09:15:00,NSE:RELIANCE,148.27218856,150.63285266,145.01222383,150.1326167,29763546.93342202
2007-03-09 09:15:00,NSE:RELIANCE,150.40802751,151.73449592,146.69841248,148.18225849,21451167.4102948
2007-03-12 09:15:00,NSE:RELIANCE,149.49748564,150.02582475,146.92323764,147.90122705,19179428.71620134
2007-03-13 09:15:00,NSE:RELIANCE,147.90122705,149.69982828,146.72651563,149.14338602,14069182.0045252
2007-03-14 09:15:00,NSE:RELIANCE,147.14806279,147.14806279,141.78036226,144.48950535,23903152.84020788
2007-03-15 09:15:00,NSE:RELIANCE,146.02393702,147.24923411,144.06233756,144.27030083,25435294.57368338
2007-03-16 09:15:00,NSE:RELIANCE,144.27030083,146.78834254,143.43844776,146.15321149,22843974.20037172
2007-03-19 09:15:00,NSE:RELIANCE,146.26000343,148.15977598,145.81035313,147.65954001,10504998.9561221
2007-03-20 09:15:00,NSE:RELIANCE,148.15977598,150.07078978,147.93495083,148.71621823,0.0
2007-03-21 09:15:00,NSE:RELIANCE,148.38460113,151.06002046,146.69841248,150.63285266,10665746.09442336
2007-03-22 09:15:00,NSE:RELIANCE,151.4197407,155.1237351,151.4197407,154.59539599,21474634.5354104
2007-03-23 09:15:00,NSE:RELIANCE,154.67970542,155.55652352,152.8811042,154.68532605,16956430.12010192
2007-03-26 09:15:00,NSE:RELIANCE,155.46659346,155.46659346,151.75697843,153.39258142,13109983.28097946
2007-03-28 09:15:00,NSE:RELIANCE,152.8811042,154.45488027,150.91950474,151.75697843,18976248.6033734
2007-03-29 09:15:00,NSE:RELIANCE,153.3307545,153.89281739,151.30732812,152.56634898,23556607.98577158
2007-03-30 09:15:00,NSE:RELIANCE,152.8811042,154.55605159,152.11669868,154.03895374,23534083.81564547
2007-04-02 09:15:00,NSE:RELIANCE,152.31904131,152.74620911,146.72651563,147.70450504,29270159.07887842
2007-04-03 09:15:00,NSE:RELIANCE,150.7171621,150.7171621,150.7171621,150.7171621,0.0
2007-04-04 09:15:00,NSE:RELIANCE,151.53215328,153.88719676,151.4984295,153.24644507,17703108.13894279
2007-04-05 09:15:00,NSE:RELIANCE,153.21834193,153.42068456,152.0042861,152.75182973,10794761.90774838
2007-04-09 09:15:00,NSE:RELIANCE,153.44316708,156.02865634,153.10592935,155.61272981,9891517.77744642
2007-04-10 09:15:00,NSE:RELIANCE,156.19727521,156.2534815,154.07267751,155.62397107,11790789.25069463
2007-04-11 09:15:00,NSE:RELIANCE,155.7082805,157.19774714,154.79773863,155.87127873,14924326.53456182
2007-04-12 09:15:00,NSE:RELIANCE,155.57900604,156.59071923,154.25815826,155.97245005,9777518.0775388
2007-04-13 09:15:00,NSE:RELIANCE,154.59539599,159.16496723,154.59539599,158.72093755,13522268.11062584
2007-04-16 09:15:00,NSE:RELIANCE,159.4122749,164.57201216,159.31672421,163.86943356,15100196.53590193
2007-04-17 09:15:00,NSE:RELIANCE,164.68442474,167.269914,163.26240565,165.89848057,33982114.05712002
2007-04-18 09:15:00,NSE:RELIANCE,165.58372535,168.15797336,165.58372535,166.97202068,20388448.2413472
2007-04-19 09:15:00,NSE:RELIANCE,164.71252789,168.56265863,164.1898094,166.39871653,19573032.36209383
2007-04-20 09:15:00,NSE:RELIANCE,168.05680204,173.67743087,168.05680204,173.27836622,21228968.07324506
2007-04-23 09:15:00,NSE:RELIANCE,173.45260572,175.36361952,171.46290311,174.72286783,22250579.74213234
2007-04-24 09:15:00,NSE:RELIANCE,174.68914406,178.69103179,173.23340119,177.94348815,21172203.96203863
2007-04-25 09:15:00,NSE:RELIANCE,177.83669621,179.86012258,175.70085725,179.68026246,18348009.28953215
2007-04-26 09:15:00,NSE:RELIANCE,180.98424835,182.85029712,178.06152136,179.50602297,55195256.49898501
2007-04-27 09:15:00,NSE:RELIANCE,181.2090735,181.2090735,172.21606737,173.02543793,27909412.75844389
2007-04-30 09:15:00,NSE:RELIANCE,174.21701124,176.71257044,168.7312775,175.48165273,21221059.70545592
2007-05-03 09:15:00,NSE:RELIANCE,177.04980817,183.23249988,177.04980817,182.79971146,32781136.33679011
2007-05-04 09:15:00,NSE:RELIANCE,183.26060303,183.90697534,177.28587458,177.96597067,32781901.37574384
2007-05-07 09:15:00,NSE:RELIANCE,180.42218547,181.88354896,179.41047228,180.59080433,25199146.61943074
2007-05-08 09:15:00,NSE:RELIANCE,180.81562949,181.47886369,178.73599682,179.09009643,19087686.3123662
2007-05-09 09:15:00,NSE:RELIANCE,178.73599682,179.86012258,176.8811893,179.66340058,20529606.82411224
2007-05-10 09:15:00,NSE:RELIANCE,180.64701062,180.96176584,177.04980817,177.76924866,16107921.85819882
2007-05-11 09:15:00,NSE:RELIANCE,174.35190633,179.86012258,172.13175794,178.6348255,29942957.46387359
2007-05-14 09:15:00,NSE:RELIANCE,180.98424835,182.89526215,180.42218547,182.13647726,16991274.9757038
2007-05-15 09:15:00,NSE:RELIANCE,182.16458041,182.77160832,179.12944084,179.69150372,30858219.82239055
2007-05-16 09:15:00,NSE:RELIANCE,179.97253516,185.25592626,179.70274498,183.76083899,25292401.30956976
2007-05-17 09:15:00,NSE:RELIANCE,184.92992979,189.94915134,184.92992979,189.44329474,25390744.39833126
2007-05-18 09:15:00,NSE:RELIANCE,189.39270908,191.77585571,187.74024421,190.92714075,20622897.09745841
2007-05-21 09:15:00,NSE:RELIANCE,192.22550601,198.97026061,191.57351307,197.95292679,28816028.39762335
2007-05-22 09:15:00,NSE:RELIANCE,198.85784803,200.65644926,195.38992004,200.01007694,34976531.25994272
2007-05-23 09:15:00,NSE:RELIANCE,200.09438638,202.09533024,196.72200908,197.41334642,14267451.63476639
2007-05-24 09:15:00,NSE:RELIANCE,196.72762971,197.84613484,193.01801468,194.15900233,25129528.07464127
2007-05-25 09:15:00,NSE:RELIANCE,191.24189597,195.26064558,191.22503408,194.25455302,21519665.08405904
2007-05-28 09:15:00,NSE:RELIANCE,195.58664205,196.72200908,192.93370525,193.78804083,13700032.91774671
2007-05-29 09:15:00,NSE:RELIANCE,193.57445693,198.74543546,192.54026123,197.49765586,20651114.58072857
2007-05-30 09:15:00,NSE:RELIANCE,196.72200908,200.09438638,195.83394972,197.04238492,27433540.73762002
2007-05-31 09:15:00,NSE:RELIANCE,197.28407196,199.16698262,196.38477135,197.71123975,16603996.24488226
2007-06-01 09:15:00,NSE:RELIANCE,199.28501582,200.08314512,196.42411575,196.8625248,13380122.09386238
2007-06-04 09:15:00,NSE:RELIANCE,198.85784803,198.85784803,195.43488507,195.81708784,12404377.17899177
2007-06-05 09:15:00,NSE:RELIANCE,195.48547073,196.83442165,193.59131882,196.20491122,16109167.27044909
2007-06-06 09:15:00,NSE:RELIANCE,196.83442165,197.62130969,189.11167764,190.12339083,24264918.41150268
2007-06-07 09:15:00,NSE:RELIANCE,188.06624068,191.86578577,186.60487718,187.63345226,23037368.93123333
2007-06-08 09:15:00,NSE:RELIANCE,187.05452749,190.85969321,185.15475494,186.27326008,30723395.05049826
2007-06-11 09:15:00,NSE:RELIANCE,202.34263791,202.34263791,186.63298033,187.29621453,19173343.98777864
2007-06-12 09:15:00,NSE:RELIANCE,188.27982457,192.43346928,186.90839114,190.97772641,26440119.86459752
2007-06-13 09:15:00,NSE:RELIANCE,190.91027887,192.2030235,187.72900295,188.33603086,19932511.71232925
2007-06-14 09:15:00,NSE:RELIANCE,189.52760417,191.43861798,189.4151916,190.8203488,17757728.36191843
2007-06-15 09:15:00,NSE:RELIANCE,191.10138025,192.22550601,187.52103968,189.06671261,17764702.67051987
2007-06-18 09:15:00,NSE:RELIANCE,190.85407258,190.85407258,187.33555893,187.90886307,12673101.55939047
2007-06-19 09:15:00,NSE:RELIANCE,187.90886307,194.51872258,187.74024421,194.08593416,19588760.13965425
2007-06-20 09:15:00,NSE:RELIANCE,194.08593416,196.58711399,193.57445693,194.80537465,17436607.70899099
2007-06-21 09:15:00,NSE:RELIANCE,195.03582043,196.44097764,193.48452687,194.96275225,14424622.66074905
2007-06-22 09:15:00,NSE:RELIANCE,195.03582043,195.03582043,190.94962327,191.67468439,18286681.63200869
2007-06-25 09:15:00,NSE:RELIANCE,192.00068086,192.67515632,190.74166,192.12995532,25703876.62125347
2007-06-26 09:15:00,NSE:RELIANCE,192.11309344,193.34963178,191.10138025,191.46672112,12828333.30058343
2007-06-27 09:15:00,NSE:RELIANCE,190.98896767,193.33839052,190.27514781,190.93838201,13983942.43179677
2007-06-28 09:15:00,NSE:RELIANCE,192.11309344,192.76508638,189.56694858,190.20207963,25060265.3619233
2007-06-29 09:15:00,NSE:RELIANCE,191.10138025,192.33791859,189.8648419,191.16320716,23447847.91311684
2007-07-02 09:15:00,NSE:RELIANCE,191.55103055,192.45033117,188.74633677,189.33650279,24354321.21946769
2007-07-03 09:15:00,NSE:RELIANCE,188.41471967,192.54588186,188.41471967,191.92199206,23845543.62783161
2007-07-04 09:15:00,NSE:RELIANCE,192.33791859,194.6592383,192.11309344,193.14166851,19386905.50129265
2007-07-05 09:15:00,NSE:RELIANCE,193.12480663,193.91169466,188.909335,192.20864413,15653586.57350263
2007-07-06 09:15:00,NSE:RELIANCE,192.67515632,194.53558446,189.4151916,192.21426475,14036498.82875769
2007-07-09 09:15:00,NSE:RELIANCE,191.42737672,193.28780486,191.21379282,192.33229796,13431157.30871762
2007-07-10 09:15:00,NSE:RELIANCE,192.79318952,192.79318952,190.53931736,191.4048942,10023700.49620781
2007-07-11 09:15:00,NSE:RELIANCE,193.01239405,193.21473669,189.54446606,191.47234175,10952555.63985617
2007-07-12 09:15:00,NSE:RELIANCE,191.84330325,193.92293592,191.84330325,193.2765636,12613535.27062095
2007-07-13 09:15:00,NSE:RELIANCE,194.45127503,201.29720095,194.05221038,199.31311897,39628101.53565034
2007-07-16 09:15:00,NSE:RELIANCE,200.09438638,201.10609956,198.66112602,199.72342487,13405724.21140699
2007-07-17 09:15:00,NSE:RELIANCE,201.10609956,206.70424588,200.10562763,205.47332817,31725871.84974048
2007-07-18 09:15:00,NSE:RELIANCE,206.27707809,206.7267284,202.74170255,204.88878277,27333240.57246524
2007-07-19 09:15:00,NSE:RELIANCE,204.92812717,214.59560876,204.27613423,212.77452502,34161062.00587864
2007-07-20 09:15:00,NSE:RELIANCE,213.47148299,215.27008422,211.44805661,212.70145684,32122019.69494423
2007-07-23 09:15:00,NSE:RELIANCE,211.33564404,215.27008422,210.77358115,214.61809127,20991307.83268854
2007-07-24 09:15:00,NSE:RELIANCE,214.93284649,217.06868544,214.48319618,215.00029403,20581869.65961418
2007-07-25 09:15:00,NSE:RELIANCE,213.02183269,214.93284649,210.77358115,213.87616827,20050870.35511276
2007-07-26 09:15:00,NSE:RELIANCE,214.70802134,219.03590554,214.25837103,218.29960316,33712553.47135329
2007-07-27 09:15:00,NSE:RELIANCE,215.80966459,217.63074833,208.52532962,209.93048683,58343881.06268388
2007-07-30 09:15:00,NSE:RELIANCE,211.89770692,213.45462111,206.83914097,207.82275102,24807268.75908502
2007-07-31 09:15:00,NSE:RELIANCE,209.64945539,213.78623821,206.05225294,212.85321382,19983457.96916662
2007-08-01 09:15:00,NSE:RELIANCE,209.64945539,210.77358115,201.35340723,202.08970961,37246730.98032693
2007-08-02 09:15:00,NSE:RELIANCE,206.50190324,206.8054172,201.44333729,202.40446482,21284646.89663342
2007-08-03 09:15:00,NSE:RELIANCE,203.57917625,206.70424588,201.84802257,202.47191237,26560640.18721542
2007-08-06 09:15:00,NSE:RELIANCE,200.43162411,201.44333729,196.87938668,200.11124826,19665468.63846839
2007-08-07 09:15:00,NSE:RELIANCE,203.46676367,204.70330202,201.47144044,203.48924619,27529766.62555608
2007-08-08 09:15:00,NSE:RELIANCE,204.92812717,211.88646566,204.45599435,210.82416681,29000091.43240982
2007-08-09 09:15:00,NSE:RELIANCE,212.12253207,214.98905278,206.33328438,207.49113392,32614998.34260559
2007-08-10 09:15:00,NSE:RELIANCE,204.59088944,204.59088944,199.66721858,203.35997173,29923413.38734632
2007-08-13 09:15:00,NSE:RELIANCE,204.81571459,206.47942073,203.19135286,205.62508514,14010754.37838449
2007-08-14 09:15:00,NSE:RELIANCE,202.34263791,206.83914097,202.34263791,206.05787356,9068798.44492546
2007-08-16 09:15:00,NSE:RELIANCE,201.44333729,201.44333729,193.91169466,195.49109136,35626787.6832082
2007-08-17 09:15:00,NSE:RELIANCE,192.33791859,199.40866966,189.21284896,197.04800555,53005216.84850852
2007-08-20 09:15:00,NSE:RELIANCE,202.34263791,207.40120386,200.20679895,202.11781275,20975437.72229953
2007-08-21 09:15:00,NSE:RELIANCE,202.34263791,203.77027763,195.0695442,196.36790946,34145618.89397542
2007-08-22 09:15:00,NSE:RELIANCE,196.38477135,201.64567993,192.82129267,198.54309282,38288687.34790238
2007-08-23 09:15:00,NSE:RELIANCE,202.23022533,203.24193852,195.03582043,196.04753362,27200203.85673225
2007-08-24 09:15:00,NSE:RELIANCE,197.34589888,200.31921153,195.83394972,199.68408047,15114171.84051019
2007-08-27 09:15:00,NSE:RELIANCE,204.36606429,206.884106,201.44333729,206.142183,18256898.48762393
2007-08-28 09:15:00,NSE:RELIANCE,206.142183,212.4597698,205.37777748,211.61667548,28661437.15415909
2007-08-29 09:15:00,NSE:RELIANCE,208.41291704,214.01106336,207.40120386,212.42604603,23655680.53027966
2007-08-30 09:15:00,NSE:RELIANCE,213.58389557,216.39420998,211.44805661,214.93846712,37539687.52479496
2007-08-31 09:15:00,NSE:RELIANCE,213.58389557,220.98064311,213.45462111,219.65417471,19644474.54624976
2007-09-03 09:15:00,NSE:RELIANCE,220.42982149,222.46448912,218.08039863,220.09820438,17740514.98545949
2007-09-04 09:15:00,NSE:RELIANCE,220.77830047,222.22280208,215.97266282,221.7787724,18064144.25449102
2007-09-05 09:15:00,NSE:RELIANCE,223.36378973,224.15067777,219.31693698,220.84574802,22196528.8504711
2007-09-06 09:15:00,NSE:RELIANCE,218.53004894,223.47620231,218.41763636,222.89727754,13621998.94446621
2007-09-07 09:15:00,NSE:RELIANCE,222.91413943,223.70102746,219.76658728,220.65464664,16368880.20363698
2007-09-10 09:15:00,NSE:RELIANCE,219.76658728,224.26309035,218.53004894,223.20641213,13867140.55432607
2007-09-11 09:15:00,NSE:RELIANCE,223.70102746,225.78066013,223.13896458,223.71226872,19285137.52884294
2007-09-12 09:15:00,NSE:RELIANCE,224.37550292,227.18581734,223.92585262,226.30337861,21418128.4024558
2007-09-13 09:15:00,NSE:RELIANCE,227.63546765,228.75959341,226.3595849,227.91649909,17570649.65032598
2007-09-14 09:15:00,NSE:RELIANCE,228.75959341,232.79519367,228.00080852,228.73149027,22762951.2376906
2007-09-17 09:15:00,NSE:RELIANCE,228.19753053,231.50244904,227.18581734,228.00642915,12852298.59059913
2007-09-18 09:15:00,NSE:RELIANCE,227.07340476,232.01955813,226.6125132,231.3507033,22365976.08292061
2007-09-19 09:15:00,NSE:RELIANCE,240.00085107,245.37417224,233.81253873,244.37368906,29427846.06136476
2007-09-20 09:15:00,NSE:RELIANCE,244.60976672,247.50439056,243.59805353,246.21726656,24257339.18837968
2007-09-21 09:15:00,NSE:RELIANCE,245.50906733,258.43651364,245.1830821,256.35126034,25698930.55545958
2007-09-24 09:15:00,NSE:RELIANCE,258.54892622,267.54193234,256.87958821,264.78782422,36011299.8196738
2007-09-25 09:15:00,NSE:RELIANCE,260.26321801,270.46465934,260.26321801,269.74523009,29851117.20621879
2007-09-26 09:15:00,NSE:RELIANCE,269.6777713,271.47637253,260.23511486,261.01638227,35012016.61327331
2007-09-27 09:15:00,NSE:RELIANCE,261.99999232,266.41780658,259.16157476,260.60607637,31090151.16659589
2007-09-28 09:15:00,NSE:RELIANCE,264.16955505,264.16955505,254.61448603,258.32972169,30728901.55180476
2007-10-01 09:15:00,NSE:RELIANCE,259.67305198,261.80327031,254.30535145,257.67210812,39571061.65458848
2007-10-03 09:15:00,NSE:RELIANCE,258.77375137,274.28668694,251.24210874,269.32928107,59640248.46558185
2007-10-04 09:15:00,NSE:RELIANCE,267.54193234,274.2698363,265.51850597,272.70165837,31067982.82854128
2007-10-05 09:15:00,NSE:RELIANCE,280.44689614,282.71763019,272.03843541,280.18834721,36169974.23615855
2007-10-08 09:15:00,NSE:RELIANCE,281.59350442,284.62864399,268.19955716,272.1733305,33236717.03373656
2007-10-09 09:15:00,NSE:RELIANCE,262.03371609,293.38557247,247.04911963,292.2726992,36804734.17271009
2007-10-10 09:15:00,NSE:RELIANCE,296.19588688,301.71535564,290.27737597,294.34107937,44474009.49720904
2007-10-11 09:15:00,NSE:RELIANCE,298.90504122,298.90504122,290.29422661,295.70690342,43617237.0354453
2007-10-12 09:15:00,NSE:RELIANCE,295.92610794,306.2905475,285.73591911,288.42256845,88494866.85135964
2007-10-15 09:15:00,NSE:RELIANCE,290.59776305,301.26570533,289.59727988,299.7312849,43776035.99315508
2007-10-16 09:15:00,NSE:RELIANCE,298.45539091,303.50833623,294.40853816,298.06756752,50157394.92645427
2007-10-17 09:15:00,NSE:RELIANCE,283.05486792,304.07601974,253.04070996,302.11442028,76737926.12646668
2007-10-18 09:15:00,NSE:RELIANCE,300.14157956,313.51867618,283.95416853,290.37853604,67379133.43906845
2007-10-19 09:15:00,NSE:RELIANCE,294.97060104,303.51395686,272.00471164,277.58037544,47347371.26619538
2007-10-22 09:15:00,NSE:RELIANCE,269.79018388,279.12042774,266.62014922,270.91993027,44939055.32725745
2007-10-23 09:15:00,NSE:RELIANCE,277.65906424,293.84647527,275.97287559,292.25584855,43412162.11683662
2007-10-24 09:15:00,NSE:RELIANCE,296.76920226,297.97201683,287.39400462,293.96450848,38272034.40695605
2007-10-25 09:15:00,NSE:RELIANCE,292.83476208,299.89427189,291.3958811,295.42587197,37199129.54496169
2007-10-26 09:15:00,NSE:RELIANCE,297.89332803,305.06525042,292.86848586,303.32285548,35074447.35021842
2007-10-29 09:15:00,NSE:RELIANCE,310.82077434,317.89151417,307.44839704,317.89151417,40115876.13926597
2007-10-30 09:15:00,NSE:RELIANCE,319.13930501,320.87607932,308.0441837,311.32663094,38911526.91005858
2007-10-31 09:15:00,NSE:RELIANCE,311.15801207,316.83484719,309.584236,312.93413078,36945038.75850354
2007-11-01 09:15:00,NSE:RELIANCE,317.00346606,319.13930501,297.89894866,301.33316412,53254539.48520854
2007-11-02 09:15:00,NSE:RELIANCE,289.68720994,306.32427128,289.68720994,305.00904413,34405474.15999192
2007-11-05 09:15:00,NSE:RELIANCE,305.00904413,307.44839704,295.98231423,299.14671702,39618111.5502429
2007-11-06 09:15:00,NSE:RELIANCE,303.36782051,309.69664858,299.57951668,301.22075154,23668392.63103409
2007-11-07 09:15:00,NSE:RELIANCE,309.69664858,315.20486483,303.51395686,311.4839973,30976178.15409363
2007-11-08 09:15:00,NSE:RELIANCE,309.13458569,314.17066912,298.11815318,308.33084701,32374865.06915212
2007-11-09 09:15:00,NSE:RELIANCE,313.63108876,313.63108876,302.3898311,307.38093826,6062471.12662043
2007-11-12 09:15:00,NSE:RELIANCE,297.89332803,304.04229597,292.49752435,300.77110123,40224645.10772249
2007-11-13 09:15:00,NSE:RELIANCE,301.94018079,306.18937619,299.0174538,302.73832132,37733553.73315132
2007-11-14 09:15:00,NSE:RELIANCE,306.88633416,325.88405961,306.88633416,324.69810692,54544706.51426054
2007-11-15 09:15:00,NSE:RELIANCE,323.74822065,327.12059795,320.37584335,323.19741027,23479045.48998581
2007-11-16 09:15:00,NSE:RELIANCE,320.37584335,329.14402433,317.22829121,323.93369016,22641870.47956007
2007-11-19 09:15:00,NSE:RELIANCE,324.32713418,326.67094764,319.2742001,320.47700343,16366380.48333468
2007-11-20 09:15:00,NSE:RELIANCE,322.0507795,322.0507795,310.25871146,313.05217523,34393322.49475011
2007-11-21 09:15:00,NSE:RELIANCE,311.38283722,314.51913687,302.3898311,304.58187634,40623790.83812866
2007-11-22 09:15:00,NSE:RELIANCE,309.13458569,311.34911345,299.57951668,306.29616813,31923563.25286549
2007-11-23 09:15:00,NSE:RELIANCE,311.83248753,318.46482955,305.77346089,316.01423538,21947179.52636573
2007-11-26 09:15:00,NSE:RELIANCE,322.33181095,326.55291444,317.91401917,324.25969788,27017608.62924073
2007-11-27 09:15:00,NSE:RELIANCE,325.4344093,325.4344093,317.56552894,319.62267909,21714038.35311728
2007-11-28 09:15:00,NSE:RELIANCE,320.93790624,323.16367525,311.27042465,313.88963768,22205664.83890694
2007-11-29 09:15:00,NSE:RELIANCE,317.56552894,320.1510182,314.26620857,316.16599236,35988117.36021542
2007-11-30 09:15:00,NSE:RELIANCE,317.56552894,324.11918216,316.25030179,320.56131286,27459214.02157891
2007-12-03 09:15:00,NSE:RELIANCE,324.67000378,330.81896048,321.05031881,329.91965987,21812025.60980729
2007-12-04 09:15:00,NSE:RELIANCE,331.61710102,333.37074845,320.39832587,321.78100056,23460453.26424981
2007-12-05 09:15:00,NSE:RELIANCE,327.42411191,328.24472372,322.062032,326.15383855,17418077.75386749
2007-12-06 09:15:00,NSE:RELIANCE,331.61710102,335.88877893,322.09013515,323.05126268,22063127.40686482
2007-12-07 09:15:00,NSE:RELIANCE,326.55853507,326.55853507,315.01939532,319.41471582,29329244.99435142
2007-12-10 09:15:00,NSE:RELIANCE,320.37584335,322.48919979,314.90135087,317.33508316,16419524.00321358
2007-12-11 09:15:00,NSE:RELIANCE,320.93790624,325.87843898,318.12759182,324.38334047,28313068.66035634
2007-12-12 09:15:00,NSE:RELIANCE,322.73650746,327.12059795,319.25171759,323.84938073,27627931.79828184
2007-12-13 09:15:00,NSE:RELIANCE,323.97304581,328.91919918,316.44140317,318.43672641,29447505.78331529
2007-12-14 09:15:00,NSE:RELIANCE,315.31727741,325.99647218,315.31727741,324.7205782,31688509.48223272
2007-12-17 09:15:00,NSE:RELIANCE,320.38146398,324.64752127,304.63808263,311.95615261,31976769.04335691
2007-12-18 09:15:00,NSE:RELIANCE,313.06902587,314.76646702,303.85681522,306.61092335,36857975.54640866
2007-12-19 09:15:00,NSE:RELIANCE,301.27132596,313.05777338,298.06756752,303.94112465,33740637.51759662
2007-12-20 09:15:00,NSE:RELIANCE,305.20014551,312.9566133,302.60340375,305.04837729,22245420.17709556
2007-12-24 09:15:00,NSE:RELIANCE,310.93318692,314.74959389,303.28913171,313.46809052,23958484.72732651
2007-12-26 09:15:00,NSE:RELIANCE,314.75521452,327.64893706,314.53038937,325.60302817,28200109.76925787
2007-12-27 09:15:00,NSE:RELIANCE,325.99647218,328.91919918,323.19741027,325.30514608,33999185.10075035
2007-12-28 09:15:00,NSE:RELIANCE,324.53510869,329.36884948,321.07842196,325.41755866,16162488.70636374
2007-12-31 09:15:00,NSE:RELIANCE,326.3899162,329.36884948,322.62409489,324.05173461,11398893.59874535
2008-01-01 09:15:00,NSE:RELIANCE,324.87234642,325.88405961,318.7009072,320.17912134,10716736.83026967
2008-01-02 09:15:00,NSE:RELIANCE,320.93790624,324.19787096,316.02547664,321.69669113,27732226.17843923
2008-01-03 09:15:00,NSE:RELIANCE,320.60066851,329.36884948,318.15569497,326.41239872,30709072.80962028
2008-01-04 09:15:00,NSE:RELIANCE,326.44612249,339.46349886,326.44612249,336.45084181,36055965.64044917
2008-01-07 09:15:00,NSE:RELIANCE,334.40493292,340.61010714,332.74122678,339.51408452,27870413.56340722
2008-01-08 09:15:00,NSE:RELIANCE,342.91456497,346.68038628,337.23772985,343.38106592,43659047.30384684
2008-01-09 09:15:00,NSE:RELIANCE,342.59417788,345.10661021,338.62603641,341.02040181,22437871.95296769
2008-01-10 09:15:00,NSE:RELIANCE,341.17217003,348.19795607,338.9239185,340.36279948,36535974.20910427
2008-01-11 09:15:00,NSE:RELIANCE,346.17452969,352.97549057,340.04804426,351.58158586,44757803.36583586
2008-01-14 09:15:00,NSE:RELIANCE,355.11132953,364.21674823,351.4017145,362.06405863,24564422.26608635
2008-01-15 09:15:00,NSE:RELIANCE,370.73667768,370.73667768,353.12162692,355.8476319,33792019.6687216
2008-01-16 09:15:00,NSE:RELIANCE,349.60311327,353.53755346,340.04804426,347.76515641,49413305.58593358
2008-01-17 09:15:00,NSE:RELIANCE,355.11132953,355.11132953,334.55667865,336.84990646,42622357.25092964
2008-01-18 09:15:00,NSE:RELIANCE,334.42741543,334.42741543,312.50696299,314.71026073,51625042.09696994
2008-01-21 09:15:00,NSE:RELIANCE,312.48448048,312.48448048,263.63559531,285.61787466,73653458.0852597
2008-01-22 09:15:00,NSE:RELIANCE,264.42248334,279.68249062,238.31466242,265.00702874,77983053.71106826
2008-01-23 09:15:00,NSE:RELIANCE,272.03843541,317.56552894,269.79018388,286.73075917,65200453.72747469
2008-01-24 09:15:00,NSE:RELIANCE,291.14857343,297.33126515,273.72462406,279.7836507,43433227.37546958
2008-01-25 09:15:00,NSE:RELIANCE,289.46238478,295.08301362,283.84175595,294.00384164,26655932.0159638
2008-01-28 09:15:00,NSE:RELIANCE,288.33825902,291.67691254,273.16256118,288.49562538,26913714.56016378
2008-01-29 09:15:00,NSE:RELIANCE,297.33126515,297.33126515,285.56730025,289.67595744,17690182.53894546
2008-01-30 09:15:00,NSE:RELIANCE,286.11249,292.04787405,275.74805044,277.87263689,22219568.9771009
2008-01-31 09:15:00,NSE:RELIANCE,277.88388939,288.86659813,266.53021916,278.65952493,50254172.35410118
2008-02-01 09:15:00,NSE:RELIANCE,279.90731577,287.80429928,272.03843541,285.83707919,18765097.85214382
2008-02-04 09:15:00,NSE:RELIANCE,285.0782943,296.99402742,285.0782943,291.28346853,26245568.67950353
2008-02-05 09:15:00,NSE:RELIANCE,292.2726992,296.09472681,288.48439537,294.1949655,15404708.72689199
2008-02-06 09:15:00,NSE:RELIANCE,287.76494364,288.9003219,281.17757789,286.93310181,19586438.33538769
2008-02-07 09:15:00,NSE:RELIANCE,283.27969307,290.02444767,270.58832441,272.65108395,27875386.31660647
2008-02-08 09:15:00,NSE:RELIANCE,273.73587656,277.43423909,268.66605811,272.75786466,28113749.32550421
2008-02-11 09:15:00,NSE:RELIANCE,271.36395995,271.36395995,251.24210874,255.96343695,42349282.82345683
2008-02-12 09:15:00,NSE:RELIANCE,256.41308726,272.03843541,253.71518542,261.34238999,36237084.16484393
2008-02-13 09:15:00,NSE:RELIANCE,266.41780658,277.54103103,264.17517568,268.60985182,42235478.83118854
2008-02-14 09:15:00,NSE:RELIANCE,275.41081271,284.74105657,275.41081271,282.9143522,25614758.47894567
2008-02-15 09:15:00,NSE:RELIANCE,281.58225192,292.2726992,277.20941393,291.59260311,19148284.51414308
2008-02-18 09:15:00,NSE:RELIANCE,292.2726992,293.95888785,285.30311945,287.0679969,11605729.88610797
2008-02-19 09:15:00,NSE:RELIANCE,291.14857343,294.29612558,284.40381884,287.16354759,14310400.56579675
2008-02-20 09:15:00,NSE:RELIANCE,281.05392405,286.65207037,276.75976363,279.23284031,19638372.02622349
2008-02-21 09:15:00,NSE:RELIANCE,282.1555673,285.64035718,276.69230484,280.61551501,14299850.1448767
2008-02-22 09:15:00,NSE:RELIANCE,274.54523587,278.78319001,271.47637253,273.66279714,17636869.9988326
2008-02-25 09:15:00,NSE:RELIANCE,280.46937866,288.33825902,270.91993027,286.81506861,16489026.9025798
2008-02-26 09:15:00,NSE:RELIANCE,288.32700652,290.69892313,284.63989649,289.64785429,13005422.02676845
2008-02-27 09:15:00,NSE:RELIANCE,292.83476208,296.54437711,288.90594253,290.97433394,23711421.62428054
2008-02-28 09:15:00,NSE:RELIANCE,290.02444767,292.2726992,282.90873157,284.76915971,25102716.12805355
2008-02-29 09:15:00,NSE:RELIANCE,286.87689552,286.87689552,270.91430964,276.92276186,29684489.94293595
2008-03-03 09:15:00,NSE:RELIANCE,269.76770136,269.76770136,257.37421479,259.22340168,26943017.33125202
2008-03-04 09:15:00,NSE:RELIANCE,260.79717775,262.82060413,248.43179432,252.16389186,40516898.8838493
2008-03-05 09:15:00,NSE:RELIANCE,251.81542412,260.79717775,250.35406062,257.73393504,26128259.74133094
2008-03-07 09:15:00,NSE:RELIANCE,256.15453833,256.15453833,243.51374409,252.73157538,29568773.35328334
2008-03-10 09:15:00,NSE:RELIANCE,248.5329544,257.28990536,238.57884322,255.68802614,46643624.3867813
2008-03-11 09:15:00,NSE:RELIANCE,252.92829738,264.73161793,247.80227265,263.93347739,32615291.90406459
2008-03-12 09:15:00,NSE:RELIANCE,271.90354032,272.98268981,265.29368081,266.93491567,28430929.13823976
2008-03-13 09:15:00,NSE:RELIANCE,257.42480045,261.35924063,247.48753992,252.14702998,36035807.75359854
2008-03-14 09:15:00,NSE:RELIANCE,252.92829738,263.03417678,250.71376963,261.08946169,24343210.36303502
2008-03-17 09:15:00,NSE:RELIANCE,254.17608823,255.51378665,242.24910261,245.08189954,41893675.43910502
2008-03-18 09:15:00,NSE:RELIANCE,252.90581487,252.90581487,238.31466242,241.7994523,35276186.34315677
2008-03-19 09:15:00,NSE:RELIANCE,252.92829738,263.60749216,241.14182749,242.71000541,30243386.48184316
2008-03-24 09:15:00,NSE:RELIANCE,242.81116549,248.39807055,238.9216791,247.3357717,26556539.22259136
2008-03-25 09:15:00,NSE:RELIANCE,248.9938572,261.35362,248.9938572,260.10021977,27710511.52627578
2008-03-26 09:15:00,NSE:RELIANCE,262.37095382,262.6013996,255.23837583,258.4870993,20742821.40135654
2008-03-27 09:15:00,NSE:RELIANCE,257.42480045,260.12270229,252.25382193,255.26647898,36903103.94887696
2008-03-28 09:15:00,NSE:RELIANCE,262.37095382,266.18172893,250.86551536,264.44496586,35089143.21477149
2008-03-31 09:15:00,NSE:RELIANCE,259.1109891,262.4833664,252.93954988,254.7044161,27546437.35810598
2008-04-01 09:15:00,NSE:RELIANCE,258.43651364,266.97986946,252.19761564,263.63559531,27255322.24460798
2008-04-02 09:15:00,NSE:RELIANCE,269.22812099,275.72556792,261.92130351,263.44449393,32599777.62574707
2008-04-03 09:15:00,NSE:RELIANCE,264.16955505,271.81361026,263.71990474,269.3461542,17593671.98535219
2008-04-04 09:15:00,NSE:RELIANCE,268.10399523,271.46512003,259.86415336,260.92644097,22117374.00616538
2008-04-07 09:15:00,NSE:RELIANCE,253.63087599,273.1288374,253.63087599,270.34099426,23421258.3615738
2008-04-08 09:15:00,NSE:RELIANCE,269.79018388,272.35882249,265.28806018,267.73865435,25083607.94581386
2008-04-09 09:15:00,NSE:RELIANCE,264.73161793,273.36490381,264.28758825,271.8417134,20299926.11775916
2008-04-10 09:15:00,NSE:RELIANCE,272.60049829,283.21223428,270.46465934,277.50729602,32617684.87474544
2008-04-11 09:15:00,NSE:RELIANCE,285.5279446,288.56308417,277.15320765,286.82630986,38134131.68764527
2008-04-15 09:15:00,NSE:RELIANCE,282.70637769,296.43196453,279.49702111,293.5991676,37957407.68933354
2008-04-16 09:15:00,NSE:RELIANCE,294.52657136,299.69192926,293.99261162,297.05023371,32042562.39337772
2008-04-17 09:15:00,NSE:RELIANCE,301.28818784,305.53738324,294.57715702,296.77482289,22300814.33482671
2008-04-21 09:15:00,NSE:RELIANCE,295.61135273,301.26570533,294.75702838,297.17389878,18808785.13472253
2008-04-22 09:15:00,NSE:RELIANCE,292.38511178,300.70364245,291.95231212,293.09894288,25555129.91956364
2008-04-23 09:15:00,NSE:RELIANCE,293.62165012,295.86990165,288.67549675,289.75466873,28255014.6578907
2008-04-24 09:15:00,NSE:RELIANCE,292.2726992,292.2726992,287.36590147,290.32232975,29391720.21030547
2008-04-25 09:15:00,NSE:RELIANCE,291.14857343,296.09472681,288.00102129,295.02680733,29983602.38224096
2008-04-28 09:15:00,NSE:RELIANCE,295.75748908,297.33126515,290.31109974,291.3059398,18165076.02157271
2008-04-29 09:15:00,NSE:RELIANCE,290.02444767,300.70364245,290.02444767,299.01183317,22119953.78868377
2008-04-30 09:15:00,NSE:RELIANCE,297.89332803,300.70364245,293.01463345,293.90268156,24352719.97514593
2008-05-02 09:15:00,NSE:RELIANCE,301.49053048,301.49053048,295.53266392,300.6755393,21434514.46934849
2008-05-05 09:15:00,NSE:RELIANCE,300.71489495,304.52567005,297.89332803,300.0516495,18715058.96708877
2008-05-06 09:15:00,NSE:RELIANCE,292.2726992,301.49053048,292.2726992,297.89332803,18708547.24018028
2008-05-07 09:15:00,NSE:RELIANCE,303.51395686,303.51395686,294.97060104,302.27179789,22678280.99627658
2008-05-08 09:15:00,NSE:RELIANCE,301.26570533,301.94018079,298.18561197,299.83244498,16851059.34792824
2008-05-09 09:15:00,NSE:RELIANCE,299.63572297,300.55187423,282.1555673,284.22394747,31203661.59740519
2008-05-12 09:15:00,NSE:RELIANCE,282.27360051,288.23709894,278.45720478,287.08487003,24562767.64695386
2008-05-13 09:15:00,NSE:RELIANCE,292.2726992,292.2726992,279.68249062,281.15510661,23136201.28909314
2008-05-14 09:15:00,NSE:RELIANCE,283.27969307,287.21975388,278.81129315,284.48812827,17879093.78570614
2008-05-15 09:15:00,NSE:RELIANCE,284.50497891,295.94859046,284.48812827,294.85256783,22243970.16140418
2008-05-16 09:15:00,NSE:RELIANCE,295.75748908,297.66850288,292.60993693,296.28582819,17202016.52005117
2008-05-20 09:15:00,NSE:RELIANCE,295.08301362,296.20713938,289.34997221,292.6043163,15813301.79879654
2008-05-21 09:15:00,NSE:RELIANCE,290.02444767,300.70364245,286.68017351,299.88303064,29666511.52752329
2008-05-22 09:15:00,NSE:RELIANCE,296.20713938,297.89332803,291.93546147,295.20104682,21236520.60896272
2008-05-23 09:15:00,NSE:RELIANCE,295.6450765,296.76920226,286.65207037,287.34902834,18355615.20006051
2008-05-26 09:15:00,NSE:RELIANCE,285.5279446,287.19728261,281.26751919,282.78508898,23681798.60432795
2008-05-27 09:15:00,NSE:RELIANCE,287.77619614,291.12609092,278.78319001,280.48063115,15548669.48722012
2008-05-28 09:15:00,NSE:RELIANCE,281.59350442,284.96588172,277.77147682,283.56072451,19191304.61158773
2008-05-29 09:15:00,NSE:RELIANCE,287.26471891,287.26471891,274.84874982,276.83845243,36677346.29111221
2008-05-30 09:15:00,NSE:RELIANCE,280.90777646,280.90777646,268.69416126,270.1836279,31925137.80978189
2008-06-02 09:15:00,NSE:RELIANCE,272.93773602,274.28668694,263.04542928,265.15878572,24396860.94361581
2008-06-03 09:15:00,NSE:RELIANCE,264.16955505,272.58924579,260.01028971,270.53771627,32131911.826532
2008-06-04 09:15:00,NSE:RELIANCE,270.80189707,274.73633725,256.86273757,259.33581425,34646363.57659732
2008-06-05 09:15:00,NSE:RELIANCE,264.16955505,264.16955505,244.49735414,252.56857714,68641234.21348071
2008-06-06 09:15:00,NSE:RELIANCE,258.43651364,258.43651364,248.65661947,251.63555275,44168589.93443665
2008-06-09 09:15:00,NSE:RELIANCE,245.28424217,249.4884613,237.30294924,243.11467945,46524064.81075646
2008-06-10 09:15:00,NSE:RELIANCE,252.92829738,252.92829738,241.12497684,247.05474026,40557748.40565779
2008-06-11 09:15:00,NSE:RELIANCE,256.30067468,256.30067468,248.43179432,254.20978952,42569569.56312226
2008-06-12 09:15:00,NSE:RELIANCE,252.93391801,257.98686333,242.40087083,255.99716073,46589297.72526466
2008-06-13 09:15:00,NSE:RELIANCE,257.08756272,258.53767372,251.24210874,255.22150271,31132379.53768144
2008-06-16 09:15:00,NSE:RELIANCE,264.16955505,264.16955505,254.29973082,256.56485548,28138568.61249152
2008-06-17 09:15:00,NSE:RELIANCE,256.30629531,263.04542928,254.05242315,262.24728874,22181681.75728767
2008-06-18 09:15:00,NSE:RELIANCE,264.16955505,264.16955505,256.30067468,257.09881522,25631802.83517064
2008-06-19 09:15:00,NSE:RELIANCE,253.92315993,255.18216955,250.708149,252.72032288,18120721.55385992
2008-06-20 09:15:00,NSE:RELIANCE,254.05804378,254.05804378,233.28982025,235.97648083,47653466.90990362
2008-06-23 09:15:00,NSE:RELIANCE,233.81815936,234.14414459,222.84107125,227.71415645,48539239.68549482
2008-06-24 09:15:00,NSE:RELIANCE,229.88371918,239.77602592,226.51134188,231.87342178,53278985.14852076
2008-06-25 09:15:00,NSE:RELIANCE,219.907103,241.46221457,219.907103,240.11326365,37180048.05012738
2008-06-26 09:15:00,NSE:RELIANCE,241.12497684,254.04117065,240.11326365,251.75358596,84836068.05514403
2008-06-27 09:15:00,NSE:RELIANCE,244.60976672,252.70347223,240.02895422,245.35729911,57978379.2546383
2008-06-30 09:15:00,NSE:RELIANCE,245.05941702,249.20742986,233.59333421,235.52119865,53611874.94721314
2008-07-01 09:15:00,NSE:RELIANCE,237.19053666,241.57462715,227.78722462,229.78816849,52719670.50692954
2008-07-02 09:15:00,NSE:RELIANCE,229.28793252,245.39665475,223.70102746,241.01256426,61785302.04641863
2008-07-03 09:15:00,NSE:RELIANCE,239.43878819,239.43878819,227.70291519,232.70528609,43731583.67162262
2008-07-04 09:15:00,NSE:RELIANCE,232.69965422,239.57368328,230.45140269,235.83033324,36209151.34723099
2008-07-07 09:15:00,NSE:RELIANCE,234.94790576,238.31466242,224.4879155,227.99518789,33101171.70189946
2008-07-08 09:15:00,NSE:RELIANCE,224.60032808,226.7305464,216.98999664,222.51507478,42794108.49604211
2008-07-09 09:15:00,NSE:RELIANCE,224.82515323,235.49872738,224.82515323,233.72259743,31315464.03427128
2008-07-10 09:15:00,NSE:RELIANCE,233.46966913,234.3521191,228.37739065,230.06919993,25610497.38988942
2008-07-11 09:15:00,NSE:RELIANCE,230.89543237,232.57036852,223.92585262,226.63499571,29803649.20788036
2008-07-14 09:15:00,NSE:RELIANCE,224.82515323,233.25609648,223.70102746,229.70947968,33033145.50562998
2008-07-15 09:15:00,NSE:RELIANCE,225.38721611,230.08606182,221.22795078,222.284629,42391502.29874062
2008-07-16 09:15:00,NSE:RELIANCE,223.71788935,227.63546765,215.8321471,218.47384265,34486070.12418723
2008-07-17 09:15:00,NSE:RELIANCE,229.09683114,229.84999541,220.90195431,226.91040653,27470742.9806956
2008-07-18 09:15:00,NSE:RELIANCE,223.70102746,239.10155046,223.70102746,237.5502569,34245892.37172483
2008-07-21 09:15:00,NSE:RELIANCE,241.57462715,243.28891894,235.28514348,242.00742681,26473603.66252591
2008-07-22 09:15:00,NSE:RELIANCE,238.87672531,247.19525598,238.87672531,241.92871552,25381670.68050795
2008-07-23 09:15:00,NSE:RELIANCE,243.93529126,256.18826211,243.93529126,254.87303496,44922375.69890579
2008-07-24 09:15:00,NSE:RELIANCE,254.04117065,261.92130351,254.04117065,259.45384746,29635100.45141141
2008-07-25 09:15:00,NSE:RELIANCE,262.87118979,262.87118979,240.00085107,241.36105449,63420128.01992796
2008-07-28 09:15:00,NSE:RELIANCE,241.69266035,246.07113021,236.74088635,245.04816452,30098376.01690409
2008-07-29 09:15:00,NSE:RELIANCE,240.54043144,242.69313228,233.25609648,234.16664959,31611729.81700426
2008-07-30 09:15:00,NSE:RELIANCE,240.3380888,244.38494156,236.07203152,243.42943466,18648954.2640054
2008-07-31 09:15:00,NSE:RELIANCE,248.97137469,249.55592009,242.27720575,248.15076288,28939502.12643472
2008-08-01 09:15:00,NSE:RELIANCE,243.94091188,260.01028971,242.02427745,258.27914727,33577319.49257877
2008-08-04 09:15:00,NSE:RELIANCE,264.14707253,264.14707253,250.97232979,252.07395056,36438858.74098944
2008-08-05 09:15:00,NSE:RELIANCE,253.67582978,256.97515014,247.86973144,255.85664501,42678347.42738054
2008-08-06 09:15:00,NSE:RELIANCE,257.42480045,264.05714247,256.98640264,258.39155985,37041709.43652899
2008-08-07 09:15:00,NSE:RELIANCE,258.32410106,260.44868752,254.0805263,255.46883286,24966814.96414496
2008-08-08 09:15:00,NSE:RELIANCE,252.89457361,256.75032499,250.79807906,253.13064002,29385937.93914356
2008-08-11 09:15:00,NSE:RELIANCE,253.05756061,262.59577897,253.05756061,261.38734378,26038767.97534806
2008-08-12 09:15:00,NSE:RELIANCE,263.04542928,266.92366317,260.24636736,263.86042046,33431828.65434318
2008-08-13 09:15:00,NSE:RELIANCE,261.898821,267.09228204,259.37516989,262.69134091,28933764.33428175
2008-08-14 09:15:00,NSE:RELIANCE,262.59577897,263.60749216,254.20419137,255.92971318,21329268.23839983
2008-08-18 09:15:00,NSE:RELIANCE,257.42480045,257.42480045,248.45427684,250.09550045,22358734.90026553
2008-08-19 09:15:00,NSE:RELIANCE,250.11798297,251.12969616,246.79055946,249.5109663,18477452.10134298
2008-08-20 09:15:00,NSE:RELIANCE,249.55592009,254.05242315,249.27488864,252.51800272,20225788.50566162
2008-08-21 09:15:00,NSE:RELIANCE,254.19293887,254.19293887,247.59432062,248.72967641,17388383.56750061
2008-08-22 09:15:00,NSE:RELIANCE,247.25146227,254.04117065,247.20650848,252.34375199,20413071.82069517
2008-08-25 09:15:00,NSE:RELIANCE,247.90908708,256.86273757,247.90908708,250.90487101,12376364.29916273
2008-08-26 09:15:00,NSE:RELIANCE,249.44350751,249.44350751,241.31044635,244.98636009,30920099.01962484
2008-08-27 09:15:00,NSE:RELIANCE,247.29641606,247.29641606,240.56291396,241.46221457,32854402.16031249
2008-08-28 09:15:00,NSE:RELIANCE,243.7104661,243.7104661,230.76053728,232.78959553,42701458.72042466
2008-08-29 09:15:00,NSE:RELIANCE,240.56291396,241.45096207,235.95399832,240.13574617,22394540.50246047
2008-09-01 09:15:00,NSE:RELIANCE,238.31466242,243.42381403,236.40364862,240.74838347,20361894.27301132
2008-09-02 09:15:00,NSE:RELIANCE,240.56291396,250.11798297,238.87672531,248.74092891,22430088.12640357
2008-09-04 09:15:00,NSE:RELIANCE,247.19525598,247.19525598,239.66361334,241.93996802,23692615.89930162
2008-09-05 09:15:00,NSE:RELIANCE,236.62847378,236.62847378,232.13197071,233.91931944,28689352.18016846
2008-09-08 09:15:00,NSE:RELIANCE,246.18354279,246.18354279,238.87672531,239.79850844,25517812.0310648
2008-09-09 09:15:00,NSE:RELIANCE,241.12497684,242.69875291,234.55446174,240.84956603,17529488.77545493
2008-09-10 09:15:00,NSE:RELIANCE,239.43316756,239.9671273,232.91885875,234.11604145,33962979.18747497
2008-09-11 09:15:00,NSE:RELIANCE,232.69403359,232.69403359,222.82983,224.53288053,50634530.15113198
2008-09-15 09:15:00,NSE:RELIANCE,212.42604603,213.58389557,204.95623031,212.11691144,44692437.01430086
2008-09-16 09:15:00,NSE:RELIANCE,202.34263791,217.51833575,202.34263791,216.73706834,39821629.70353876
2008-09-17 09:15:00,NSE:RELIANCE,220.32865017,220.32865017,207.79464787,210.95906191,35889142.669527
2008-09-18 09:15:00,NSE:RELIANCE,202.56746306,218.97969925,198.40819773,217.88367662,77802006.35308781
2008-09-19 09:15:00,NSE:RELIANCE,222.68931428,232.91323812,220.32865017,231.01909744,45875738.77647888
2008-09-22 09:15:00,NSE:RELIANCE,236.06641089,237.19053666,226.65747823,229.22048498,51585749.3404743
2008-09-23 09:15:00,NSE:RELIANCE,224.82515323,235.66171438,224.82515323,225.55021435,46123718.14710898
2008-09-24 09:15:00,NSE:RELIANCE,223.70664809,232.12635008,223.70664809,230.00737301,48607603.92223224
2008-09-25 09:15:00,NSE:RELIANCE,229.44531013,231.53618405,224.03826519,227.71415645,43757399.28841015
2008-09-26 09:15:00,NSE:RELIANCE,226.84857961,228.75959341,219.90148238,220.68837041,30872488.6884578
2008-09-29 09:15:00,NSE:RELIANCE,222.01483882,222.5769017,211.44805661,217.27664871,53942256.12980144
2008-09-30 09:15:00,NSE:RELIANCE,212.44852855,223.13896458,202.94966582,219.13145623,60443548.26280054
2008-10-01 09:15:00,NSE:RELIANCE,220.32865017,220.6658879,211.72346743,214.33705983,30921477.86890191
2008-10-03 09:15:00,NSE:RELIANCE,220.21623759,220.21623759,197.62693032,198.00913308,95082412.67849097
2008-10-06 09:15:00,NSE:RELIANCE,194.36134497,196.6095965,183.52477258,184.53648577,53847587.00717818
2008-10-07 09:15:00,NSE:RELIANCE,186.73415164,192.45033117,181.37769237,188.25172143,57434116.30967164
2008-10-08 09:15:00,NSE:RELIANCE,183.23249988,187.26811138,169.61933686,185.31775318,68259230.69311921
2008-10-10 09:15:00,NSE:RELIANCE,179.82639881,179.82639881,166.03337566,171.72145204,74676217.31257758
2008-10-13 09:15:00,NSE:RELIANCE,175.13879437,179.18564712,174.26197627,176.64512289,39737519.89763736
2008-10-14 09:15:00,NSE:RELIANCE,182.670437,187.50417779,180.98424835,182.22640732,41150751.4486185
2008-10-15 09:15:00,NSE:RELIANCE,178.74161745,179.82639881,169.34392604,170.88959897,46015651.94699368
2008-10-16 09:15:00,NSE:RELIANCE,162.99823609,164.68442474,148.94666402,156.47268602,91182155.13435552
2008-10-17 09:15:00,NSE:RELIANCE,157.37760726,161.87411033,144.65250359,146.81644569,63655929.0379109
2008-10-20 09:15:00,NSE:RELIANCE,149.50310627,155.12935573,144.00051064,148.48577245,62536374.59134254
2008-10-21 09:15:00,NSE:RELIANCE,151.75697843,160.18792168,148.77804515,156.80992375,59812577.9378105
2008-10-22 09:15:00,NSE:RELIANCE,154.29188203,154.40429461,146.75461877,148.02488089,39740037.40954326
2008-10-23 09:15:00,NSE:RELIANCE,142.87638488,145.78787061,134.37799409,136.87917392,63583739.60640482
2008-10-24 09:15:00,NSE:RELIANCE,134.89509194,135.99673519,111.28845085,114.60462186,82352466.94567797
2008-10-27 09:15:00,NSE:RELIANCE,115.46457807,122.52970851,104.54369625,121.06834501,88031297.72440797
2008-10-28 09:15:00,NSE:RELIANCE,131.52271464,131.52271464,125.90208581,129.61170084,13765292.51966027
2008-10-29 09:15:00,NSE:RELIANCE,134.89509194,136.90727706,129.16205053,135.09181395,69135351.5237709
2008-10-31 09:15:00,NSE:RELIANCE,142.19628879,156.80992375,138.86887652,154.61787851,93111814.66651008
2008-11-03 09:15:00,NSE:RELIANCE,161.76169775,163.56029898,157.05161079,162.06521171,62720579.95895762
2008-11-04 09:15:00,NSE:RELIANCE,162.99823609,164.57201216,154.58977536,163.17809621,55718302.95668834
2008-11-05 09:15:00,NSE:RELIANCE,169.20341032,169.20341032,139.20049362,142.65718035,104125342.13181818
2008-11-06 09:15:00,NSE:RELIANCE,134.86136817,138.60470697,129.98266234,131.58454156,85228319.5391648
2008-11-07 09:15:00,NSE:RELIANCE,131.85995237,139.36911249,129.42059946,137.2276529,63671265.40019264
2008-11-10 09:15:00,NSE:RELIANCE,140.54944454,147.11995965,138.82953212,146.48482859,44115046.1034773
2008-11-11 09:15:00,NSE:RELIANCE,143.89933933,145.01222383,134.22623711,135.76066878,60634469.96076522
2008-11-12 09:15:00,NSE:RELIANCE,134.89509194,135.63701494,128.43698941,130.64589654,73543301.3717243
2008-11-14 09:15:00,NSE:RELIANCE,133.70351863,134.33302906,122.23181518,128.90912223,100281528.45002484
2008-11-17 09:15:00,NSE:RELIANCE,129.27446311,131.51147338,121.22010199,128.30771495,66166190.86533428
2008-11-18 09:15:00,NSE:RELIANCE,123.88428006,129.49928826,120.32080138,128.14471671,65397380.09164596
2008-11-19 09:15:00,NSE:RELIANCE,129.41497883,137.35130674,125.34002293,127.30162239,90350780.1866953
2008-11-20 09:15:00,NSE:RELIANCE,121.96764563,123.5414217,116.90907968,118.71330153,68965984.35353746
2008-11-21 09:15:00,NSE:RELIANCE,119.7193941,129.94893857,116.02102032,126.39108052,77341710.88119394
2008-11-24 09:15:00,NSE:RELIANCE,132.25901702,132.25901702,120.84351986,128.68991771,66552508.84956277
2008-11-25 09:15:00,NSE:RELIANCE,131.52271464,133.63607108,118.14561802,120.48379962,67356386.87389766
2008-11-26 09:15:00,NSE:RELIANCE,119.90487485,128.93722538,119.90487485,128.02668351,75516754.93607901
2008-11-28 09:15:00,NSE:RELIANCE,125.90208581,131.48899087,122.64212109,127.52644754,64863818.79622974
2008-12-01 09:15:00,NSE:RELIANCE,126.49787247,132.64684041,123.44587101,124.7105125,56602714.67460603
2008-12-02 09:15:00,NSE:RELIANCE,120.28145698,121.82150928,115.22289103,120.72548666,64028271.7175311
2008-12-03 09:15:00,NSE:RELIANCE,123.71566119,125.22761035,118.03320545,120.18028566,58416275.09763108
2008-12-04 09:15:00,NSE:RELIANCE,121.85523305,131.52271464,118.0444467,130.29741755,82432306.76672135
2008-12-05 09:15:00,NSE:RELIANCE,132.08477752,132.87166556,123.99107201,125.63229563,59420513.26562724
2008-12-08 09:15:00,NSE:RELIANCE,129.52177078,132.05105375,124.44072231,125.73908757,61966384.98760626
2008-12-10 09:15:00,NSE:RELIANCE,129.12832676,138.71711954,127.81309961,137.95271402,66886910.93455906
2008-12-11 09:15:00,NSE:RELIANCE,140.51572077,145.87780067,134.14192768,141.52743396,80845891.7465399
2008-12-12 09:15:00,NSE:RELIANCE,139.391595,148.83425144,135.59767054,146.93447889,88322786.46158104
2008-12-15 09:15:00,NSE:RELIANCE,151.64456585,152.76869162,143.01127997,150.69467958,87706805.56260303
2008-12-16 09:15:00,NSE:RELIANCE,151.75697843,157.01788702,149.01973219,156.08486263,68929102.35932623
2008-12-17 09:15:00,NSE:RELIANCE,156.2534815,158.1644953,149.51996816,151.91435604,78625214.95470704
2008-12-18 09:15:00,NSE:RELIANCE,150.63285266,154.23005512,144.17475014,152.99351677,95237066.19256774
2008-12-19 09:15:00,NSE:RELIANCE,152.90920734,154.84832429,148.66563257,151.90311478,73274737.11575781
2008-12-22 09:15:00,NSE:RELIANCE,146.69841248,152.02676861,143.77568549,144.51198787,43378358.07004389
2008-12-23 09:15:00,NSE:RELIANCE,144.00051064,144.00051064,140.11103549,141.61174339,34239184.937177
2008-12-24 09:15:00,NSE:RELIANCE,140.62813335,141.30260881,138.28433112,139.61642016,36523600.14881774
2008-12-26 09:15:00,NSE:RELIANCE,140.51572077,143.32603518,135.34474224,136.03607959,28222064.60806958
2008-12-29 09:15:00,NSE:RELIANCE,134.89509194,140.73492529,133.54614102,140.09979424,52077713.86673186
2008-12-30 09:15:00,NSE:RELIANCE,141.64546716,143.10121003,138.05950597,140.57192706,40096002.91807257
2008-12-31 09:15:00,NSE:RELIANCE,140.96537108,142.28059822,136.69369316,138.57660382,43867911.83401702
2009-01-01 09:15:00,NSE:RELIANCE,139.391595,141.97708427,138.84077338,141.03843925,25409389.99887799
2009-01-02 09:15:00,NSE:RELIANCE,141.60612276,146.12510834,140.74054592,144.60753856,44139740.84923958
2009-01-05 09:15:00,NSE:RELIANCE,146.02393702,154.792118,145.58552797,153.53871777,48988904.67425254
2009-01-06 09:15:00,NSE:RELIANCE,152.8811042,156.2534815,149.64924262,154.10640128,53638126.45828826
2009-01-07 09:15:00,NSE:RELIANCE,153.89281739,155.80383119,132.08477752,134.97940137,75619207.88526638
2009-01-09 09:15:00,NSE:RELIANCE,136.0192177,136.0192177,122.94001442,129.63980398,84404523.81462757
2009-01-12 09:15:00,NSE:RELIANCE,128.11661357,128.71240022,121.96764563,123.41776787,65513879.5118559
2009-01-13 09:15:00,NSE:RELIANCE,123.05804762,128.8248128,119.7193941,121.13017193,58536519.65039355
2009-01-14 09:15:00,NSE:RELIANCE,122.65336235,136.91851832,122.65336235,132.61873726,58270979.96703482
2009-01-15 09:15:00,NSE:RELIANCE,128.35267998,130.39296825,124.4969286,128.4145069,55809867.44448772
2009-01-16 09:15:00,NSE:RELIANCE,129.38687568,138.37988181,128.13909608,136.84545014,59262265.8476283
2009-01-19 09:15:00,NSE:RELIANCE,137.66044132,140.51010014,135.79439255,138.25622798,37769617.31359809
2009-01-20 09:15:00,NSE:RELIANCE,136.78362323,136.78362323,131.29788949,133.05714631,41339680.48698277
2009-01-21 09:15:00,NSE:RELIANCE,130.39858887,132.97283688,124.77796004,125.88522392,44188872.36251229
2009-01-22 09:15:00,NSE:RELIANCE,129.26322185,129.8196641,124.45196357,127.73441081,62227014.18837826
2009-01-23 09:15:00,NSE:RELIANCE,134.67026679,150.07078978,125.90208581,129.96580045,72132569.54104546
2009-01-27 09:15:00,NSE:RELIANCE,133.32131587,138.65529263,131.52271464,137.8121983,39883304.29733194
2009-01-28 09:15:00,NSE:RELIANCE,140.29089562,145.01222383,137.86278396,143.21362261,40857163.30222358
2009-01-29 09:15:00,NSE:RELIANCE,144.45016095,145.57428672,139.53211072,142.77521356,56429121.99852354
2009-01-30 09:15:00,NSE:RELIANCE,139.16676985,149.59865696,139.16676985,148.78928641,49454448.66920106
2009-02-02 09:15:00,NSE:RELIANCE,145.01222383,152.07173365,143.16303695,143.88809807,47730122.03390706
2009-02-03 09:15:00,NSE:RELIANCE,145.01222383,150.03706601,143.10683066,146.83330758,61477916.51145118
2009-02-04 09:15:00,NSE:RELIANCE,147.82253825,150.35182122,145.58552797,146.97944392,35287332.78279659
2009-02-05 09:15:00,NSE:RELIANCE,149.39631432,149.39631432,142.89324676,144.87732874,36531366.18377831
2009-02-06 09:15:00,NSE:RELIANCE,146.1363496,151.75697843,145.64173426,151.17805366,38617235.99532244
2009-02-09 09:15:00,NSE:RELIANCE,152.31904131,157.26519468,150.74526524,156.21975772,39477584.56940478
2009-02-10 09:15:00,NSE:RELIANCE,156.12982766,158.96262459,154.26939952,157.59681179,60462549.69541878
2009-02-11 09:15:00,NSE:RELIANCE,153.44316708,156.17479269,152.99351677,155.26987145,37409399.61181431
2009-02-12 09:15:00,NSE:RELIANCE,154.98321938,154.98321938,151.22863932,151.93121792,27973204.55306251
2009-02-13 09:15:00,NSE:RELIANCE,153.66799223,157.82725757,152.99351677,156.52327168,25839208.45384766
2009-02-16 09:15:00,NSE:RELIANCE,155.6295917,157.04599016,147.3841292,148.40708365,40868985.82279924
2009-02-17 09:15:00,NSE:RELIANCE,146.26562406,146.92323764,141.4375039,142.46045834,34059818.88573438
2009-02-18 09:15:00,NSE:RELIANCE,142.42673457,148.13729346,139.391595,145.5911486,40691069.78704799
2009-02-19 09:15:00,NSE:RELIANCE,145.01222383,147.14806279,144.12416448,145.433771,26726395.66192308
2009-02-20 09:15:00,NSE:RELIANCE,141.19581686,144.2253358,139.5658345,140.89792353,32714711.38484238
2009-02-24 09:15:00,NSE:RELIANCE,138.82953212,142.04453181,135.04684892,140.88106164,40655317.55966378
2009-02-25 09:15:00,NSE:RELIANCE,142.20190942,144.56257353,141.92649861,142.37614891,26286845.19979782
2009-02-26 09:15:00,NSE:RELIANCE,141.41502138,145.79911187,140.66185712,145.1021539,34155893.54504006
2009-02-27 09:15:00,NSE:RELIANCE,144.94477629,145.34946156,140.12789738,142.31994262,42790238.82226452
2009-03-02 09:15:00,NSE:RELIANCE,138.12133289,142.05577307,136.58128059,137.77847453,43927389.16476868
2009-03-03 09:15:00,NSE:RELIANCE,138.26746924,140.73492529,132.08477752,134.54099232,46587545.2523125
2009-03-04 09:15:00,NSE:RELIANCE,129.87587039,136.88479454,129.87587039,136.14287154,53167538.54372618
2009-03-05 09:15:00,NSE:RELIANCE,135.79439255,137.14334347,128.40326564,129.25198059,63315415.53708658
2009-03-06 09:15:00,NSE:RELIANCE,127.02621158,132.30960268,125.3737467,131.51147338,40590734.03868606
2009-03-09 09:15:00,NSE:RELIANCE,130.51100145,131.29788949,127.94237407,129.65104524,29772745.19247036
2009-03-12 09:15:00,NSE:RELIANCE,132.75925298,136.53631556,130.17376372,135.11991709,43277355.1365479
2009-03-13 09:15:00,NSE:RELIANCE,138.25622798,145.43939163,137.81781893,144.36585152,36593414.40124654
2009-03-16 09:15:00,NSE:RELIANCE,144.36585152,149.9583772,142.87638488,149.23893671,40270253.88348734
2009-03-17 09:15:00,NSE:RELIANCE,149.5087269,150.97009039,145.36632345,146.15883212,42303860.85952954
2009-03-18 09:15:00,NSE:RELIANCE,147.83377951,153.10592935,147.83377951,149.66610451,38863685.28804506
2009-03-19 09:15:00,NSE:RELIANCE,150.40802751,152.18976685,148.39584239,151.27360435,38618178.9503119
2009-03-20 09:15:00,NSE:RELIANCE,150.52044009,152.86986294,148.60942629,150.5429226,45421430.17918805
2009-03-23 09:15:00,NSE:RELIANCE,152.20662874,162.99823609,152.20662874,161.69987083,44226261.41742542
2009-03-24 09:15:00,NSE:RELIANCE,163.00385672,165.80855051,161.87411033,163.27364691,61352040.91615718
2009-03-25 09:15:00,NSE:RELIANCE,162.99823609,174.12708118,162.99823609,172.23854989,85112220.43003534
2009-03-26 09:15:00,NSE:RELIANCE,174.20576998,177.49945848,171.20435419,175.98188869,73083468.48152341
2009-03-27 09:15:00,NSE:RELIANCE,174.68914406,177.99407381,172.5533051,174.09897803,59998962.7768635
2009-03-30 09:15:00,NSE:RELIANCE,170.99077029,172.5533051,168.05680204,170.46805181,61123836.91290082
2009-03-31 09:15:00,NSE:RELIANCE,172.5533051,174.45869828,170.30505357,171.40107619,50834908.08639683
2009-04-01 09:15:00,NSE:RELIANCE,171.20435419,179.18564712,168.3209716,177.75238677,42502851.04971554
2009-04-02 09:15:00,NSE:RELIANCE,180.98424835,188.85312871,180.11305088,186.75663416,48830354.79899282
2009-04-06 09:15:00,NSE:RELIANCE,191.10138025,195.85643224,184.98613608,187.90886307,46783270.68324245
2009-04-08 09:15:00,NSE:RELIANCE,184.35100502,195.48547073,180.42218547,193.92855655,81796594.97937854
2009-04-09 09:15:00,NSE:RELIANCE,196.72200908,198.72857357,191.69154627,195.12012986,46202721.76278434
2009-04-13 09:15:00,NSE:RELIANCE,197.84051421,201.10609956,193.68686951,199.36932526,33847191.43140806
2009-04-15 09:15:00,NSE:RELIANCE,196.72200908,206.8054172,194.82785716,205.72063584,53794790.42356901
2009-04-16 09:15:00,NSE:RELIANCE,203.59041751,206.83914097,193.16415103,195.03582043,58888055.04963269
2009-04-17 09:15:00,NSE:RELIANCE,196.73325033,200.16745455,191.3655498,193.00677342,57113235.84339247
2009-04-20 09:15:00,NSE:RELIANCE,193.34963178,197.25034819,189.7861531,192.83253393,43858517.86732937
2009-04-21 09:15:00,NSE:RELIANCE,190.53931736,194.88406345,189.38146782,191.78709696,44502387.10491138
2009-04-22 09:15:00,NSE:RELIANCE,193.34963178,194.81099527,190.08966706,193.12480663,39351112.95539099
2009-04-23 09:15:00,NSE:RELIANCE,193.01239405,199.52108223,190.65172994,198.26206138,37709410.52709986
2009-04-24 09:15:00,NSE:RELIANCE,196.72200908,202.56746306,194.13651981,201.08923768,48705795.78236337
2009-04-27 09:15:00,NSE:RELIANCE,201.33092472,203.12952594,197.95854742,200.71827618,37341666.9770038
2009-04-28 09:15:00,NSE:RELIANCE,200.20679895,201.44333729,194.58617012,195.27750747,35798743.53176177
2009-04-29 09:15:00,NSE:RELIANCE,196.83442165,204.59088944,196.25549688,203.04521651,37997607.81761154
2009-05-04 09:15:00,NSE:RELIANCE,208.07567932,213.02183269,206.87286475,212.13377333,38123056.41441974
2009-05-05 09:15:00,NSE:RELIANCE,211.89770692,212.98810891,206.38949067,211.74594994,43398062.27100333
2009-05-06 09:15:00,NSE:RELIANCE,212.34735723,217.86681474,209.0873925,211.5042629,43428512.60052215
2009-05-07 09:15:00,NSE:RELIANCE,207.96326674,216.38296873,207.96326674,215.33191114,32684269.95112534
2009-05-08 09:15:00,NSE:RELIANCE,215.8321471,217.18109802,210.77358115,213.61761934,35452616.78000949
2009-05-11 09:15:00,NSE:RELIANCE,215.71973452,216.73144771,207.974508,209.26725263,33426864.79694572
2009-05-12 09:15:00,NSE:RELIANCE,207.95764611,222.05980385,207.1763787,220.31740891,40792473.03162441
2009-05-13 09:15:00,NSE:RELIANCE,221.70570423,222.01483882,214.25837103,217.2935106,46494948.85150576
2009-05-14 09:15:00,NSE:RELIANCE,213.83682387,216.67524143,211.35812655,214.58998813,36001896.95718434
2009-05-15 09:15:00,NSE:RELIANCE,215.27008422,220.32865017,214.89350209,219.2832132,28053151.12372733
2009-05-18 09:15:00,NSE:RELIANCE,241.34980199,284.96588172,236.20692661,266.14239577,469876.25041906
2009-05-19 09:15:00,NSE:RELIANCE,275.41081271,281.03144154,247.30766855,250.78120593,93173044.47021386
2009-05-20 09:15:00,NSE:RELIANCE,247.30766855,253.23181134,240.13574617,241.96245054,60019129.55951592
2009-05-21 09:15:00,NSE:RELIANCE,241.12497684,244.72217929,236.35306296,237.8031852,35381912.94740196
2009-05-22 09:15:00,NSE:RELIANCE,236.04392838,248.11703911,235.0546977,245.70578934,39554035.0899671
2009-05-25 09:15:00,NSE:RELIANCE,247.30766855,248.9938572,242.13669003,246.71750253,27613075.8092966
2009-05-26 09:15:00,NSE:RELIANCE,245.07066952,248.31938174,239.49499448,240.86642791,22097883.30444882
2009-05-27 09:15:00,NSE:RELIANCE,244.16011641,247.86973144,241.96245054,245.77324812,46481391.6495815
2009-05-28 09:15:00,NSE:RELIANCE,245.05941702,252.47864708,245.05941702,249.617747,40013876.87596978
2009-05-29 09:15:00,NSE:RELIANCE,252.34375199,259.41450306,248.76903205,255.39012157,56903730.81549358
2009-06-01 09:15:00,NSE:RELIANCE,261.92130351,261.92130351,253.61962349,256.54798235,26486209.01365888
2009-06-02 09:15:00,NSE:RELIANCE,258.56017871,259.49881249,250.01119102,256.21074462,29348237.53116786
2009-06-03 09:15:00,NSE:RELIANCE,254.1985595,259.39202054,250.17418926,252.46739458,30584860.72926054
2009-06-04 09:15:00,NSE:RELIANCE,250.09550045,255.0472857,242.81116549,254.24914516,34339903.2050158
2009-06-05 09:15:00,NSE:RELIANCE,255.7386118,256.41308726,246.18354279,248.74092891,41611634.04343035
2009-06-08 09:15:00,NSE:RELIANCE,248.09455659,254.25476579,244.60976672,246.63319309,33608445.90303345
2009-06-09 09:15:00,NSE:RELIANCE,245.95871763,257.53721303,244.49735414,255.41822472,36952564.60681581
2009-06-10 09:15:00,NSE:RELIANCE,257.53721303,263.03417678,256.99200079,260.81966026,35273926.80950271
2009-06-11 09:15:00,NSE:RELIANCE,260.79717775,261.35924063,256.58170612,258.91426709,22607799.55871371
2009-06-12 09:15:00,NSE:RELIANCE,259.67305198,267.42951977,259.13909224,265.52975846,43738255.5229633
2009-06-15 09:15:00,NSE:RELIANCE,265.25995704,265.25995704,243.40695215,244.92452193,63524582.52451754
2009-06-16 09:15:00,NSE:RELIANCE,241.68703972,245.61022741,239.05659667,240.93950733,45620055.64150076
2009-06-17 09:15:00,NSE:RELIANCE,238.96665537,244.83459187,228.91135039,230.59755028,43766259.50699057
2009-06-18 09:15:00,NSE:RELIANCE,231.34508267,232.97506504,223.71226872,227.64108828,55219844.49512584
2009-06-19 09:15:00,NSE:RELIANCE,229.88371918,231.84531864,222.25090523,229.49027516,43158711.82810717
2009-06-22 09:15:00,NSE:RELIANCE,230.18723314,230.44578206,217.24292494,219.48555584,41108870.01380266
2009-06-23 09:15:00,NSE:RELIANCE,213.58389557,228.61345706,213.58389557,226.54506565,52898840.85073283
2009-06-24 09:15:00,NSE:RELIANCE,227.63546765,228.84390284,221.68322171,225.08932279,41901396.99505664
2009-06-25 09:15:00,NSE:RELIANCE,224.96004832,227.52305507,218.35580945,220.11506627,47466566.11434694
2009-06-26 09:15:00,NSE:RELIANCE,221.01998751,228.98441857,220.66026727,228.10760047,35396973.53982829
2009-06-29 09:15:00,NSE:RELIANCE,227.74788022,237.51652189,225.35911297,234.6050474,33148968.84490405
2009-06-30 09:15:00,NSE:RELIANCE,236.06641089,237.11184785,226.01672654,227.45560752,26520947.11963932
2009-07-01 09:15:00,NSE:RELIANCE,228.18628927,234.38022224,223.47620231,231.43501274,33075293.81449945
2009-07-02 09:15:00,NSE:RELIANCE,245.39665475,245.39665475,224.30243475,226.10103598,34249379.52602556
2009-07-03 09:15:00,NSE:RELIANCE,224.82515323,228.77083467,222.5769017,227.93336097,38542822.61336948
2009-07-06 09:15:00,NSE:RELIANCE,230.22095691,230.67060721,209.20542571,212.81386942,52694148.45160103
2009-07-07 09:15:00,NSE:RELIANCE,213.69630815,215.04525907,205.17543484,208.57591528,51910526.16793642
2009-07-08 09:15:00,NSE:RELIANCE,208.57591528,212.4597698,202.03912395,205.6756708,51339202.19393197
2009-07-09 09:15:00,NSE:RELIANCE,206.27707809,210.7623399,205.72625646,208.3454695,32807725.88833314
2009-07-10 09:15:00,NSE:RELIANCE,208.30050447,209.86865991,196.15994619,199.54918538,37373353.8229711
2009-07-13 09:15:00,NSE:RELIANCE,196.6882853,198.80164174,193.02363531,196.82880102,36912862.64343793
2009-07-14 09:15:00,NSE:RELIANCE,199.41991092,205.15295232,198.5206103,203.92203461,32906024.49808571
2009-07-15 09:15:00,NSE:RELIANCE,207.96326674,212.4597698,203.07894028,210.9197175,28235212.6031116
2009-07-16 09:15:00,NSE:RELIANCE,213.69630815,221.27291581,211.33564404,217.56330078,49165726.52638394
2009-07-17 09:15:00,NSE:RELIANCE,218.65370277,221.00312563,216.42793376,217.74878153,29401176.44760566
2009-07-20 09:15:00,NSE:RELIANCE,220.32865017,229.20924372,219.2045244,228.56849203,36637181.74604138
2009-07-21 09:15:00,NSE:RELIANCE,234.79614878,234.79614878,225.65138567,226.92164778,27429430.87719416
2009-07-22 09:15:00,NSE:RELIANCE,227.63546765,231.30012889,220.62092287,222.09352762,27978657.67955828
2009-07-23 09:15:00,NSE:RELIANCE,223.70102746,230.87294985,223.36378973,229.49589579,26378249.56316502
2009-07-24 09:15:00,NSE:RELIANCE,230.44578206,232.40174965,223.26261842,226.71930515,37705016.00101681
2009-07-27 09:15:00,NSE:RELIANCE,219.2045244,224.26309035,214.3314392,218.15346681,53531768.25211614
2009-07-28 09:15:00,NSE:RELIANCE,218.86728667,220.29492639,211.96515447,214.43823115,51206850.45493662
2009-07-29 09:15:00,NSE:RELIANCE,213.58389557,217.85557348,210.32393085,217.0012379,42402061.61546246
2009-07-30 09:15:00,NSE:RELIANCE,215.8321471,216.43917502,212.34735723,213.61761934,27393367.29674739
2009-07-31 09:15:00,NSE:RELIANCE,215.27008422,222.00359756,214.84853706,219.81155231,31063926.34292616
2009-08-03 09:15:00,NSE:RELIANCE,221.3291221,228.30994311,220.11506627,226.73616703,24355744.5477537
2009-08-04 09:15:00,NSE:RELIANCE,228.53476826,230.78301979,225.10618467,229.29355315,34136554.07195389
2009-08-05 09:15:00,NSE:RELIANCE,228.75959341,234.26780967,228.37739065,233.41346284,33846310.74703108
2009-08-06 09:15:00,NSE:RELIANCE,229.7319622,238.87672531,227.78722462,230.08606182,43741369.05358896
2009-08-07 09:15:00,NSE:RELIANCE,228.92821228,232.01955813,223.72350998,224.57222493,35582611.13153115
2009-08-10 09:15:00,NSE:RELIANCE,228.24811619,228.73149027,221.79001366,223.48744357,26804100.49053744
2009-08-11 09:15:00,NSE:RELIANCE,224.03826519,230.22657754,222.46448912,224.87011826,27933324.67364887
2009-08-12 09:15:00,NSE:RELIANCE,222.00921819,224.82515323,218.45136014,223.77971627,30459509.986272
2009-08-13 09:15:00,NSE:RELIANCE,227.63546765,229.78254786,224.4879155,227.55677884,26967507.47357318
2009-08-14 09:15:00,NSE:RELIANCE,227.8602928,232.01955813,225.61204127,228.92259165,29751359.68497305
2009-08-17 09:15:00,NSE:RELIANCE,225.83686642,225.949279,216.39420998,218.29960316,30542392.17152672
2009-08-18 09:15:00,NSE:RELIANCE,216.24807364,219.90148238,215.84900899,218.21529373,26449540.51869056
2009-08-19 09:15:00,NSE:RELIANCE,218.08039863,219.19328314,210.32393085,211.99325761,29635651.99112223
2009-08-20 09:15:00,NSE:RELIANCE,213.58389557,216.84386029,212.29677157,213.40403545,20923094.8245815
2009-08-21 09:15:00,NSE:RELIANCE,212.23494465,217.51833575,209.94172809,216.82137778,26783533.3968046
2009-08-24 09:15:00,NSE:RELIANCE,220.32865017,222.67807302,219.04714679,221.93615001,22510977.65205788
2009-08-25 09:15:00,NSE:RELIANCE,220.91319556,228.53476826,219.8284142,227.70853582,28912387.72258623
2009-08-26 09:15:00,NSE:RELIANCE,227.75350085,230.07482056,226.08979472,229.33851818,22361252.41217141
2009-08-27 09:15:00,NSE:RELIANCE,228.64718084,231.45749525,227.07340476,229.58582585,26105548.7593673
2009-08-28 09:15:00,NSE:RELIANCE,230.44578206,233.81815936,227.69729456,233.1549364,22243329.66367548
2009-08-31 09:15:00,NSE:RELIANCE,232.01955813,232.01955813,224.26309035,225.39845737,32067853.15785976
2009-09-01 09:15:00,NSE:RELIANCE,227.61298513,229.54648145,220.93567808,222.67245239,23113187.84986873
2009-09-02 09:15:00,NSE:RELIANCE,221.34036336,224.58908682,220.32865017,221.5820504,24247838.47207056
2009-09-03 09:15:00,NSE:RELIANCE,222.5769017,223.38627225,216.2031086,217.04620293,26888592.81591572
2009-09-04 09:15:00,NSE:RELIANCE,217.85557348,224.15067777,217.51833575,222.70617616,25785593.45647402
2009-09-07 09:15:00,NSE:RELIANCE,223.13896458,225.83124579,222.18345768,225.14552907,22955616.51280562
2009-09-08 09:15:00,NSE:RELIANCE,226.51134188,235.43688922,225.42656052,233.32355526,52929869.40736785
2009-09-09 09:15:00,NSE:RELIANCE,233.25609648,244.44114785,231.79473298,243.76105176,53457203.64153279
2009-09-10 09:15:00,NSE:RELIANCE,246.18916342,251.79291912,239.73107213,241.40038765,36265959.93744635
2009-09-11 09:15:00,NSE:RELIANCE,243.37322837,244.08142761,236.62847378,240.65847589,31895221.22837032
2009-09-14 09:15:00,NSE:RELIANCE,240.00085107,242.71000541,237.35915552,240.50670767,19366035.95029904
2009-09-15 09:15:00,NSE:RELIANCE,240.78773911,245.50906733,240.78773911,245.1605771,19188422.37180856
2009-09-16 09:15:00,NSE:RELIANCE,246.85801825,249.40978374,243.21586201,245.50906733,19706745.15876268
2009-09-17 09:15:00,NSE:RELIANCE,245.6214799,247.30766855,232.80644617,234.50948547,147487509.84260872
2009-09-18 09:15:00,NSE:RELIANCE,233.81815936,237.52777439,233.26734898,236.35306296,26143631.68681984
2009-09-22 09:15:00,NSE:RELIANCE,239.29265184,240.52919018,234.72871247,235.83596511,23395807.47265959
2009-09-23 09:15:00,NSE:RELIANCE,235.72917316,238.87672531,234.94228513,236.25751227,24772503.96569923
2009-09-24 09:15:00,NSE:RELIANCE,234.94228513,239.43878819,231.34508267,236.17320284,42360900.74059138
2009-09-25 09:15:00,NSE:RELIANCE,234.31276346,241.45096207,233.26734898,240.00085107,31725960.80775836
2009-09-29 09:15:00,NSE:RELIANCE,241.18118313,245.23928839,240.56291396,244.05332446,40927315.5951203
2009-09-30 09:15:00,NSE:RELIANCE,245.50906733,248.75777955,243.37322837,247.49313806,37563732.87702674
2009-10-01 09:15:00,NSE:RELIANCE,247.29641606,247.29641606,242.13669003,244.4242972,26782723.87884193
2009-10-05 09:15:00,NSE:RELIANCE,242.79991299,244.16011641,238.46079877,240.46175388,26345317.30494746
2009-10-06 09:15:00,NSE:RELIANCE,242.80554486,242.80554486,236.29123605,239.899691,32642779.93158815
2009-10-07 09:15:00,NSE:RELIANCE,241.63083343,242.58634034,234.27906217,236.21254724,27577305.79030882
2009-10-08 09:15:00,NSE:RELIANCE,247.30766855,251.29831502,236.06641089,238.27530678,62509331.35390835
2009-10-09 09:15:00,NSE:RELIANCE,239.28701997,239.61865955,234.94228513,236.03830775,28130633.55729701
2009-10-12 09:15:00,NSE:RELIANCE,238.31466242,245.73389248,238.31466242,243.82849931,39997268.41403241
2009-10-14 09:15:00,NSE:RELIANCE,244.49735414,247.02663711,241.98492181,245.53154984,29674802.4147893
2009-10-15 09:15:00,NSE:RELIANCE,247.19525598,249.75826272,243.37322837,244.10391012,0.0
2009-10-16 09:15:00,NSE:RELIANCE,243.93529126,250.23039555,242.92357807,249.41540437,29870483.36671032
2009-10-20 09:15:00,NSE:RELIANCE,252.3662345,256.67163619,244.81774122,245.57089425,28124869.07773867
2009-10-21 09:15:00,NSE:RELIANCE,244.94700445,248.31938174,243.78352304,245.30672469,22679330.7008875
2009-10-22 09:15:00,NSE:RELIANCE,245.28424217,245.28424217,238.427075,240.02333359,20555244.524864
2009-10-23 09:15:00,NSE:RELIANCE,241.25987193,242.1704138,229.05186611,230.14788873,44832403.55962637
2009-10-26 09:15:00,NSE:RELIANCE,230.44578206,232.46920844,225.27480354,226.55068628,28199771.72878994
2009-10-27 09:15:00,NSE:RELIANCE,225.04997838,225.949279,222.01483882,223.81344004,31451596.48902635
2009-10-28 09:15:00,NSE:RELIANCE,223.14458521,229.69823843,223.14458521,228.66404272,26241725.6931313
2009-10-29 09:15:00,NSE:RELIANCE,224.93756581,229.76006534,222.62186673,224.75770568,31403096.57768056
2009-10-30 09:15:00,NSE:RELIANCE,224.94318644,228.75959341,216.05697225,217.08554733,44312141.48788254
2009-11-03 09:15:00,NSE:RELIANCE,215.83776773,216.37172747,202.59556621,204.4278912,43574092.39677562
2009-11-04 09:15:00,NSE:RELIANCE,207.96326674,216.73144771,206.01852916,215.91083591,40633006.88878058
2009-11-05 09:15:00,NSE:RELIANCE,214.61247065,218.97969925,208.07567932,218.2096731,30590207.10613486
2009-11-06 09:15:00,NSE:RELIANCE,216.95627287,222.00359756,216.95627287,220.04761872,31117808.21435342
2009-11-09 09:15:00,NSE:RELIANCE,222.01483882,228.42235568,220.50851029,227.5680201,29162092.87876311
2009-11-10 09:15:00,NSE:RELIANCE,229.3216563,236.34182171,225.38721611,230.95163866,56277964.53454927
2009-11-11 09:15:00,NSE:RELIANCE,232.46920844,239.48374198,228.83266159,237.64018697,37216200.58859203
2009-11-12 09:15:00,NSE:RELIANCE,238.87672531,241.23738942,234.26780967,236.20692661,33883477.40689953
2009-11-13 09:15:00,NSE:RELIANCE,234.94228513,239.32637561,234.27906217,238.25845614,22754482.43438883
2009-11-16 09:15:00,NSE:RELIANCE,241.57462715,243.02473814,239.6242577,242.09173624,18389988.57816766
2009-11-17 09:15:00,NSE:RELIANCE,242.81116549,243.00226687,236.85329893,239.70296899,26737515.41415754
2009-11-18 09:15:00,NSE:RELIANCE,243.03599064,243.03599064,235.40318793,236.07203152,34760905.92041398
2009-11-19 09:15:00,NSE:RELIANCE,235.92589517,237.17928416,233.02001882,234.24532715,20578934.04502428
2009-11-20 09:15:00,NSE:RELIANCE,233.81815936,239.99523045,232.13197071,238.68562393,27475404.38083228
2009-11-23 09:15:00,NSE:RELIANCE,242.81116549,248.17886602,239.78164655,246.73998504,49178287.39850796
2009-11-24 09:15:00,NSE:RELIANCE,246.40836794,247.86973144,243.7217186,244.74466181,30890760.66532946
2009-11-25 09:15:00,NSE:RELIANCE,245.70578934,250.21914305,243.92403876,246.7118819,36942574.62140838
2009-11-26 09:15:00,NSE:RELIANCE,249.78074519,249.78074519,236.80833385,239.1577567,22592498.7845638
2009-11-27 09:15:00,NSE:RELIANCE,236.06641084,237.86501207,227.29822987,235.15586897,25895603.39492462
2009-11-30 09:15:00,NSE:RELIANCE,238.87672526,242.56385777,236.96571145,239.10155041,18373526.90096482
2009-12-01 09:15:00,NSE:RELIANCE,241.68703967,247.3076685,239.93340348,246.85801819,12720480.60248383
2009-12-02 09:15:00,NSE:RELIANCE,248.48800055,251.50065761,245.32920715,247.40883982,21026726.47208911
2009-12-03 09:15:00,NSE:RELIANCE,248.40931175,251.80417156,245.53154979,247.2289797,17706386.24576113
2009-12-04 09:15:00,NSE:RELIANCE,245.28424212,248.88144457,242.87861298,244.69969672,14197116.98102771
2009-12-07 09:15:00,NSE:RELIANCE,244.60976666,245.9812001,236.06641084,237.19053661,21017448.15082266
2009-12-08 09:15:00,NSE:RELIANCE,238.31466237,243.81163737,237.22426038,242.88985424,20775775.90360726
2009-12-09 09:15:00,NSE:RELIANCE,240.5629139,242.36151513,238.79803645,240.97884044,11366797.54837354
2009-12-10 09:15:00,NSE:RELIANCE,241.39476697,243.26081574,238.76431268,240.96759918,13160969.57179369
2009-12-11 09:15:00,NSE:RELIANCE,242.81116544,244.60976666,239.32637556,240.84394535,15708553.73617212
2009-12-14 09:15:00,NSE:RELIANCE,240.1132636,243.71046605,238.98913783,240.10202234,14156236.32390406
2009-12-15 09:15:00,NSE:RELIANCE,240.1132636,241.46221452,235.61676053,236.42613109,14918953.47353415
2009-12-16 09:15:00,NSE:RELIANCE,236.04392833,237.19053661,233.39099152,235.42565915,15020036.46926826
2009-12-17 09:15:00,NSE:RELIANCE,237.14557158,237.14557158,231.56990778,232.68279229,14433700.82961951
2009-12-18 09:15:00,NSE:RELIANCE,232.69403354,232.69403354,225.94927895,226.5450656,22352427.78167051
2009-12-21 09:15:00,NSE:RELIANCE,225.04997834,231.7497679,222.57690165,228.63593953,25005485.01996617
2009-12-22 09:15:00,NSE:RELIANCE,228.91697097,231.30011759,227.36567741,229.14179612,14172288.79823321
2009-12-23 09:15:00,NSE:RELIANCE,230.44578201,240.09078108,229.63641146,239.70857832,21812047.85406632
2009-12-24 09:15:00,NSE:RELIANCE,241.68703967,243.66550102,237.94370087,241.97931237,16417486.86818289
2009-12-29 09:15:00,NSE:RELIANCE,242.58634028,244.83459182,240.5629139,242.86737172,12375728.25203258
2009-12-30 09:15:00,NSE:RELIANCE,242.76620041,243.9352912,240.45050133,241.92310608,9434998.57546801
2009-12-31 09:15:00,NSE:RELIANCE,243.71046605,246.40836789,243.11467939,245.1830708,17835353.13220443
2010-01-04 09:15:00,NSE:RELIANCE,245.30672464,245.30672464,229.73758278,241.79945225,77927250.36344138
2010-01-05 09:15:00,NSE:RELIANCE,258.52644364,258.52644364,239.5287182,240.72029151,21750413.29136776
2010-01-06 09:15:00,NSE:RELIANCE,242.78868292,246.07113016,240.70905025,244.60976666,24087776.31575758
2010-01-07 09:15:00,NSE:RELIANCE,244.60976666,250.6800458,242.36151513,248.66786068,26635827.50972996
2010-01-08 09:15:00,NSE:RELIANCE,249.10626973,250.41025561,246.40836789,248.01586773,15362720.54580345
2010-01-11 09:15:00,NSE:RELIANCE,255.10910132,258.48147861,236.06641084,243.14840317,191802982.85006976
2010-01-12 09:15:00,NSE:RELIANCE,246.18354273,255.69364671,242.13668998,243.78915485,33338614.00257932
2010-01-13 09:15:00,NSE:RELIANCE,244.60976666,245.50906727,240.24815869,244.74466175,15616926.97774026
2010-01-14 09:15:00,NSE:RELIANCE,244.16011636,252.8833323,244.16011636,252.18637432,24955917.61239506
2010-01-15 09:15:00,NSE:RELIANCE,253.10815745,256.05336696,248.44303552,249.7245389,19080307.24894252
2010-01-18 09:15:00,NSE:RELIANCE,248.88144457,251.00604227,245.49782602,247.19525592,14409086.14606796
2010-01-19 09:15:00,NSE:RELIANCE,247.3076685,248.66786068,243.40695209,243.9352912,13283046.65975103
2010-01-20 09:15:00,NSE:RELIANCE,246.18354273,246.65567556,241.01256421,242.24910255,19654148.73497792
2010-01-21 09:15:00,NSE:RELIANCE,241.68703967,242.13668998,236.12261713,236.97695271,18922415.66298066
2010-01-22 09:15:00,NSE:RELIANCE,234.04298446,240.78773906,231.4574952,236.93198768,40535998.17912321
2010-01-25 09:15:00,NSE:RELIANCE,235.98772204,237.05564151,233.0762363,234.27905087,13617150.73546024
2010-01-27 09:15:00,NSE:RELIANCE,232.46920839,236.06641084,229.32165625,231.01908615,25258752.94481419
2010-01-28 09:15:00,NSE:RELIANCE,233.81815931,235.26828155,230.44578201,233.17740762,33778800.51462835
2010-01-29 09:15:00,NSE:RELIANCE,232.22190072,236.47109612,228.89448845,235.21207526,23723061.78609069
2010-02-01 09:15:00,NSE:RELIANCE,233.25609643,237.19053661,232.81768738,235.03221514,12335670.45657445
2010-02-02 09:15:00,NSE:RELIANCE,236.51606115,237.49405056,230.24343937,230.96287986,17537321.53275164
2010-02-03 09:15:00,NSE:RELIANCE,231.81721545,235.7066906,231.81721545,232.45796713,15303870.369065
2010-02-04 09:15:00,NSE:RELIANCE,233.368509,233.368509,227.97270533,229.13055487,12174763.19380594
2010-02-05 09:15:00,NSE:RELIANCE,219.20452435,226.56754812,219.20452435,220.71085513,30382378.94349566
2010-02-08 09:15:00,NSE:RELIANCE,221.45277588,225.8031426,219.20452435,223.55488657,26327774.7895613
2010-02-09 09:15:00,NSE:RELIANCE,223.41999597,224.37550288,220.93568028,223.3075834,14530927.49527787
2010-02-10 09:15:00,NSE:RELIANCE,224.80267516,224.80267516,220.77830042,221.4752539,18566490.1854818
2010-02-11 09:15:00,NSE:RELIANCE,222.40828279,229.27669121,222.23966392,228.23125425,23842078.71823244
2010-02-15 09:15:00,NSE:RELIANCE,230.89543232,230.89543232,226.53382435,227.07340471,13724251.74110495
2010-02-16 09:15:00,NSE:RELIANCE,227.09588723,229.5464814,225.94927895,228.81579965,10236550.34781018
2010-02-17 09:15:00,NSE:RELIANCE,230.44578201,233.32354397,229.78254781,232.14321192,15891384.70245086
2010-02-18 09:15:00,NSE:RELIANCE,231.56990778,233.44719781,223.70102742,224.3305356,20165648.44207249
2010-02-19 09:15:00,NSE:RELIANCE,223.70102742,223.70102742,219.68790293,221.04809286,18051307.61644638
2010-02-22 09:15:00,NSE:RELIANCE,223.76847271,224.82515318,218.08039859,219.8677608,12904196.70104061
2010-02-23 09:15:00,NSE:RELIANCE,218.9796992,221.00312558,218.08039859,219.28320866,13193848.45520769
2010-02-24 09:15:00,NSE:RELIANCE,218.08039859,221.61015574,217.32723882,220.05885769,12696324.05272443
2010-02-25 09:15:00,NSE:RELIANCE,220.35112814,221.45277588,215.64105017,216.52910053,19270886.45857992
2010-02-26 09:15:00,NSE:RELIANCE,217.85557343,223.70102742,217.23730426,220.09258596,22956652.87871795
2010-03-02 09:15:00,NSE:RELIANCE,221.45277588,224.60032803,220.19375952,221.04809286,18514992.38892237
2010-03-03 09:15:00,NSE:RELIANCE,222.12725134,231.12025747,222.12725134,230.40081698,27068995.23416706
2010-03-04 09:15:00,NSE:RELIANCE,233.81815931,233.81815931,226.62375441,227.97270533,21128583.4025789
2010-03-05 09:15:00,NSE:RELIANCE,229.77130655,230.67060716,225.97176146,227.02843968,11971320.65478093
2010-03-08 09:15:00,NSE:RELIANCE,229.59144643,230.89543232,225.27480349,225.74693631,12140901.3242942
2010-03-09 09:15:00,NSE:RELIANCE,226.28651668,227.47808999,222.13849035,222.65558596,17751363.41960885
2010-03-10 09:15:00,NSE:RELIANCE,223.70102742,229.07434858,222.41952179,226.79237327,25221835.36738774
2010-03-11 09:15:00,NSE:RELIANCE,227.07340471,229.32165625,226.39892925,228.52352695,14827544.66224612
2010-03-12 09:15:00,NSE:RELIANCE,228.19753048,232.24438324,227.97270533,229.68137649,22706560.75510879
2010-03-15 09:15:00,NSE:RELIANCE,229.77130655,232.00831683,227.77036269,231.13149873,18434778.94418643
2010-03-16 09:15:00,NSE:RELIANCE,232.01955808,240.96759918,231.34508262,240.10202234,34567017.48008805
2010-03-17 09:15:00,NSE:RELIANCE,241.64207464,243.37322832,239.61864826,240.49546636,21960514.33803222
2010-03-18 09:15:00,NSE:RELIANCE,241.46221452,243.17088568,239.2364455,242.12544872,15548042.33658324
2010-03-19 09:15:00,NSE:RELIANCE,242.54137525,246.52078046,240.59663768,245.52030853,20067670.08116292
2010-03-22 09:15:00,NSE:RELIANCE,238.76431268,247.08284335,238.76431268,241.45097326,20810620.75921674
2010-03-23 09:15:00,NSE:RELIANCE,242.35027387,245.94747632,242.12544872,245.37417218,20339943.8865342
2010-03-25 09:15:00,NSE:RELIANCE,246.40836789,246.63319304,242.22662004,245.38541344,23351804.39420762
2010-03-26 09:15:00,NSE:RELIANCE,246.63319304,249.78074519,246.21726651,247.40883982,18377654.55299514
2010-03-29 09:15:00,NSE:RELIANCE,248.13952157,249.54467877,245.28424212,245.80133997,20588265.74558724
2010-03-30 09:15:00,NSE:RELIANCE,246.40836789,248.58917187,243.4856409,244.64349043,19255363.28445724
2010-03-31 09:15:00,NSE:RELIANCE,245.71140991,246.18354273,240.8551866,241.51842081,22009556.89329774
2010-04-01 09:15:00,NSE:RELIANCE,242.36151513,246.97043077,242.13668998,245.52030853,12729251.86304828
2010-04-05 09:15:00,NSE:RELIANCE,246.52078046,253.97373429,246.52078046,253.13063997,20245786.27249322
2010-04-06 09:15:00,NSE:RELIANCE,253.60277279,254.72689856,251.84913659,252.52361205,12690475.06304784
2010-04-07 09:15:00,NSE:RELIANCE,252.92829733,258.48147861,252.50112954,253.98497555,20556534.42060409
2010-04-08 09:15:00,NSE:RELIANCE,254.72689856,255.51378659,247.64490623,248.78027325,14969535.00250925
2010-04-09 09:15:00,NSE:RELIANCE,249.15123476,254.27724825,249.15123476,252.86084978,17107778.84754376
2010-04-12 09:15:00,NSE:RELIANCE,257.42480039,257.42480039,252.39995822,253.45663644,12912065.03772343
2010-04-13 09:15:00,NSE:RELIANCE,253.60277279,254.95172371,249.84819273,252.0065142,14204816.29747652
2010-04-15 09:15:00,NSE:RELIANCE,252.92829733,255.15406635,244.39618277,245.21679458,24692882.09718218
2010-04-16 09:15:00,NSE:RELIANCE,244.18259887,246.18354273,240.82146283,243.76667234,18497836.83517132
2010-04-19 09:15:00,NSE:RELIANCE,242.76620041,242.76620041,236.29123599,238.71934765,16663139.98669909
2010-04-20 09:15:00,NSE:RELIANCE,240.52919013,242.75495915,237.04440026,239.03410286,17028508.35779751
2010-04-21 09:15:00,NSE:RELIANCE,240.5629139,241.39476697,235.65048431,236.98819397,19508275.37723367
2010-04-22 09:15:00,NSE:RELIANCE,236.17882342,245.93623507,236.0776521,241.85565854,26026233.79630256
2010-04-23 09:15:00,NSE:RELIANCE,242.81116544,246.40836789,242.81116544,244.65473169,23623548.89937243
2010-04-26 09:15:00,NSE:RELIANCE,242.81116544,246.81305316,239.10155041,240.84394535,16930498.86158168
2010-04-27 09:15:00,NSE:RELIANCE,238.98913783,240.1132636,237.19053661,238.59569381,14203713.21805462
2010-04-28 09:15:00,NSE:RELIANCE,236.9544702,236.9544702,227.52305502,228.70338707,40780748.37375778
2010-04-29 09:15:00,NSE:RELIANCE,230.22095686,233.79567679,229.13055487,232.7052748,23838969.635507
2010-04-30 09:15:00,NSE:RELIANCE,233.81815931,235.43690041,231.56990778,232.37927833,16085473.30589421
2010-05-03 09:15:00,NSE:RELIANCE,230.67060716,232.15445318,228.89448845,230.16475057,12744775.03717096
2010-05-04 09:15:00,NSE:RELIANCE,230.26592189,233.59333416,227.86029275,229.58020517,17638773.70426002
2010-05-05 09:15:00,NSE:RELIANCE,227.07340471,230.11978554,225.56707619,229.4677926,15226908.33988312
2010-05-06 09:15:00,NSE:RELIANCE,229.27669121,230.06357925,225.72445379,226.59003063,24262334.18637208
2010-05-07 09:15:00,NSE:RELIANCE,219.42934951,238.31466237,219.42934951,232.19941821,73268252.0922256
2010-05-10 09:15:00,NSE:RELIANCE,236.29123599,243.26081574,233.81815931,242.67627034,38686876.7880493
2010-05-11 09:15:00,NSE:RELIANCE,244.83459182,244.83459182,239.06782664,240.06829857,26765528.2998209
2010-05-12 09:15:00,NSE:RELIANCE,241.92310608,244.93576313,239.22520424,243.47439964,15549950.4860671
2010-05-13 09:15:00,NSE:RELIANCE,238.76431268,245.82382249,238.76431268,240.96759918,12147408.60330322
2010-05-14 09:15:00,NSE:RELIANCE,240.04581605,240.78773906,232.69403354,234.63877112,18465273.75272084
2010-05-17 09:15:00,NSE:RELIANCE,232.626586,232.626586,226.84857956,228.54600947,20956342.88833056
2010-05-18 09:15:00,NSE:RELIANCE,229.32165625,232.34555456,226.57878938,229.45655134,15703363.03582795
2010-05-19 09:15:00,NSE:RELIANCE,228.64718079,228.81579965,223.72350543,224.52164372,26533708.15308737
2010-05-20 09:15:00,NSE:RELIANCE,225.04997834,227.74788017,223.41999597,224.81391417,18887806.5461186
2010-05-21 09:15:00,NSE:RELIANCE,222.55442363,224.79142491,219.45182752,223.824679,19487797.24151424
2010-05-24 09:15:00,NSE:RELIANCE,228.87200594,235.83034443,228.52352695,229.9174429,25139611.47144738
2010-05-25 09:15:00,NSE:RELIANCE,230.44578201,230.44578201,220.94691929,221.59891673,25667928.69182501
2010-05-26 09:15:00,NSE:RELIANCE,223.6785494,227.07340471,222.8017268,226.63499566,13956014.06512685
2010-05-27 09:15:00,NSE:RELIANCE,227.29822987,231.05280992,225.18487343,229.82751284,27863185.73052842
2010-05-28 09:15:00,NSE:RELIANCE,231.55866652,233.59333416,228.0851179,233.06499505,17828396.61520504
2010-05-31 09:15:00,NSE:RELIANCE,231.60363155,235.72917311,231.28887634,235.07718017,16825430.54664586
2010-06-01 09:15:00,NSE:RELIANCE,234.56008231,234.94228508,225.74693631,227.19705855,19791513.25831052
2010-06-02 09:15:00,NSE:RELIANCE,228.19753048,229.5464814,225.57831744,227.30947112,20058013.68832041
2010-06-03 09:15:00,NSE:RELIANCE,229.29917373,233.368509,229.29917373,231.7497679,17392907.08650088
2010-06-04 09:15:00,NSE:RELIANCE,231.79473293,232.9188587,229.87247787,231.83969796,14323508.53285295
2010-06-07 09:15:00,NSE:RELIANCE,228.19753048,228.19753048,224.82515318,226.56754812,13729091.05727844
2010-06-08 09:15:00,NSE:RELIANCE,227.00595717,227.68043263,223.72350543,224.01578713,15481225.9693423
2010-06-09 09:15:00,NSE:RELIANCE,224.87011821,228.19753048,224.82515318,226.41017051,15497269.54786966
2010-06-10 09:15:00,NSE:RELIANCE,227.07340471,228.7483521,226.43265303,228.27621928,14196303.01516397
2010-06-11 09:15:00,NSE:RELIANCE,230.44578201,236.25751222,229.5464814,235.25704029,23696654.59847855
2010-06-14 09:15:00,NSE:RELIANCE,237.16805409,240.5629139,235.8640682,239.10155041,16158614.58820749
2010-06-15 09:15:00,NSE:RELIANCE,239.48375317,240.54043139,236.08889336,239.68609581,19310308.2042101
2010-06-16 09:15:00,NSE:RELIANCE,240.5629139,241.15870056,237.21301912,237.85377081,12030864.70405896
2010-06-17 09:15:00,NSE:RELIANCE,239.05658538,242.13668998,237.93245961,240.87766912,21399625.13940234
2010-06-18 09:15:00,NSE:RELIANCE,242.85613047,245.01445194,236.19006468,237.04440026,38917762.87559492
2010-06-21 09:15:00,NSE:RELIANCE,238.53948753,240.94511666,238.53948753,239.58492449,11990028.52594425
2010-06-22 09:15:00,NSE:RELIANCE,238.98913783,241.64207464,237.62894566,239.16899795,13124639.11728537
2010-06-23 09:15:00,NSE:RELIANCE,238.24721483,240.00085102,236.96571145,238.02238967,11854078.43509619
2010-06-24 09:15:00,NSE:RELIANCE,238.08983722,239.61864826,235.45938293,236.5273024,19119600.00544676
2010-06-25 09:15:00,NSE:RELIANCE,236.06641084,240.1132636,234.49263477,238.97789657,20665169.95205749
2010-06-28 09:15:00,NSE:RELIANCE,241.46221452,245.50906727,239.47251191,245.09314074,31998723.88914366
2010-06-29 09:15:00,NSE:RELIANCE,245.28424212,245.28424212,239.25892802,239.98960976,14451568.04751373
2010-06-30 09:15:00,NSE:RELIANCE,238.31466237,245.94747632,237.75259949,245.0256932,27082868.23705779
2010-07-01 09:15:00,NSE:RELIANCE,243.71046605,244.23880516,239.77602587,241.96807111,13533401.20951298
2010-07-02 09:15:00,NSE:RELIANCE,241.91186482,243.69922479,239.50623568,240.32684749,11131797.15250027
2010-07-05 09:15:00,NSE:RELIANCE,240.5629139,241.27111314,238.92169029,240.18071114,6506482.83476043
2010-07-06 09:15:00,NSE:RELIANCE,239.55120072,243.23833323,239.55120072,241.439732,9409712.25888135
2010-07-07 09:15:00,NSE:RELIANCE,241.46221452,241.64207464,236.29123599,236.86454013,13968223.55308293
2010-07-08 09:15:00,NSE:RELIANCE,238.31466237,240.46174259,237.2467429,237.66266943,12178125.80688237
2010-07-09 09:15:00,NSE:RELIANCE,239.20272173,239.66361329,236.86454013,237.78632326,13191789.07709342
2010-07-12 09:15:00,NSE:RELIANCE,238.31466237,240.10202234,236.5273024,237.47156805,12773619.67447342
2010-07-13 09:15:00,NSE:RELIANCE,237.6963932,242.30530884,237.6963932,241.52966206,15294738.82852808
2010-07-14 09:15:00,NSE:RELIANCE,242.81116544,246.0598889,239.94464473,240.66408522,16237146.72640522
2010-07-15 09:15:00,NSE:RELIANCE,241.00132295,243.01350807,240.13574611,241.33856068,14109213.11564475
2010-07-16 09:15:00,NSE:RELIANCE,240.79898032,241.46221452,238.31466237,238.97789657,8926292.15013535
2010-07-19 09:15:00,NSE:RELIANCE,237.88749458,239.64113078,236.92074642,237.42660302,9972487.3674906
2010-07-20 09:15:00,NSE:RELIANCE,237.64018691,239.64113078,235.8640682,236.72964504,6959510.4366926
2010-07-21 09:15:00,NSE:RELIANCE,238.0673547,238.98913783,237.33667296,237.95494213,9988935.70499939
2010-07-22 09:15:00,NSE:RELIANCE,237.95494213,238.50576375,235.52683047,238.08983722,16145270.88552324
2010-07-23 09:15:00,NSE:RELIANCE,239.20272173,240.76525654,237.59522188,238.41583369,14020526.41970431
2010-07-26 09:15:00,NSE:RELIANCE,239.10155041,239.97836851,236.12261713,236.76336882,9266067.29948537
2010-07-27 09:15:00,NSE:RELIANCE,238.05611345,238.5732113,236.31371851,236.85329888,12336239.78788898
2010-07-28 09:15:00,NSE:RELIANCE,238.98913783,241.38352571,228.87200594,229.60268769,53811808.10411846
2010-07-29 09:15:00,NSE:RELIANCE,231.23267005,231.23267005,226.62375441,227.10712849,47055202.01044262
2010-07-30 09:15:00,NSE:RELIANCE,228.18628922,229.40034505,226.45513554,226.99471591,19563709.56608495
2010-08-02 09:15:00,NSE:RELIANCE,228.42235563,229.72634152,227.38815993,228.09635916,12888815.85974657
2010-08-03 09:15:00,NSE:RELIANCE,229.13055487,231.77225042,227.97270533,231.06405118,20440221.81220636
2010-08-04 09:15:00,NSE:RELIANCE,231.12025747,231.79473293,227.64670885,228.43359689,18624428.54253682
2010-08-05 09:15:00,NSE:RELIANCE,229.31041499,230.15350931,225.96052021,226.41017051,18614047.14184847
2010-08-06 09:15:00,NSE:RELIANCE,226.82609705,227.09588723,224.48791545,224.8476357,20289486.89878414
2010-08-09 09:15:00,NSE:RELIANCE,224.82515318,226.1741041,223.02655196,223.3862677,22625595.61512164
2010-08-10 09:15:00,NSE:RELIANCE,222.8017268,225.36473355,221.74504633,222.10477332,20323855.82899788
2010-08-11 09:15:00,NSE:RELIANCE,222.53193437,223.6785494,220.35112814,221.05933187,22283623.2027296
2010-08-12 09:15:00,NSE:RELIANCE,220.32865012,221.05933187,218.08039859,218.66493949,25326739.10999046
2010-08-13 09:15:00,NSE:RELIANCE,218.19281116,223.43123498,218.19281116,220.12630298,31022218.38300737
2010-08-16 09:15:00,NSE:RELIANCE,220.32865012,223.00407394,219.20452435,219.63169664,14263270.61103534
2010-08-17 09:15:00,NSE:RELIANCE,220.32865012,221.44153687,218.08039859,218.22653943,15035942.16286789
2010-08-18 09:15:00,NSE:RELIANCE,218.75487405,219.65417466,215.46118106,216.86633826,25274858.79395407
2010-08-19 09:15:00,NSE:RELIANCE,216.66400237,221.43029787,216.66400237,219.69914194,21008334.40188931
2010-08-20 09:15:00,NSE:RELIANCE,219.69914194,223.34131167,218.64246147,222.27339219,21347153.25254696
2010-08-23 09:15:00,NSE:RELIANCE,223.03779097,223.03779097,219.33941495,219.63169664,13769811.58996988
2010-08-24 09:15:00,NSE:RELIANCE,219.63169664,220.55347527,217.47336842,218.61998345,19598367.60985685
2010-08-25 09:15:00,NSE:RELIANCE,218.08039859,219.84527154,217.0686854,217.585781,18931720.67165248
2010-08-26 09:15:00,NSE:RELIANCE,218.08039859,218.75487405,214.7192603,215.03402001,28300107.4833207
2010-08-27 09:15:00,NSE:RELIANCE,215.58484388,216.03449419,212.8082465,213.49396096,24722318.30530364
2010-08-30 09:15:00,NSE:RELIANCE,214.05602385,216.91130554,212.45976976,213.12300621,12107657.71300684
2010-08-31 09:15:00,NSE:RELIANCE,212.38108545,213.57265651,205.71501516,206.65928305,47384057.56309602
2010-09-01 09:15:00,NSE:RELIANCE,207.9745057,212.18997732,207.06396608,210.48131066,28352948.54595034
2010-09-02 09:15:00,NSE:RELIANCE,212.45976976,212.83073576,210.43634338,210.7623421,17995135.07604657
2010-09-03 09:15:00,NSE:RELIANCE,211.33564399,211.69535974,207.78340882,208.12064655,14681680.20030366
2010-09-06 09:15:00,NSE:RELIANCE,209.3009786,215.31505145,207.35623653,214.17968668,34495477.44209689
2010-09-07 09:15:00,NSE:RELIANCE,214.70802129,218.01295329,214.25837098,216.34924266,28854084.64396014
2010-09-08 09:15:00,NSE:RELIANCE,214.73049931,216.88882752,214.03354583,215.7422125,11827306.51961068
2010-09-09 09:15:00,NSE:RELIANCE,216.4953835,217.45089041,214.75298857,215.50614833,10283373.40052922
2010-09-13 09:15:00,NSE:RELIANCE,218.53004889,223.81343999,217.03495713,223.13896453,27933551.52268338
2010-09-14 09:15:00,NSE:RELIANCE,223.81343999,225.49962864,221.30663504,222.16097961,19798451.98370632
2010-09-15 09:15:00,NSE:RELIANCE,222.3520765,229.02938355,222.3520765,227.95022281,34115573.33087441
2010-09-16 09:15:00,NSE:RELIANCE,227.54553754,228.27621928,224.195645,224.90384199,18850897.86449396
2010-09-17 09:15:00,NSE:RELIANCE,225.94927895,231.88466299,225.94927895,230.97412112,32489282.87882574
2010-09-20 09:15:00,NSE:RELIANCE,231.34508262,234.70621866,229.56896391,234.13291452,30928243.13290306
2010-09-21 09:15:00,NSE:RELIANCE,234.26780962,235.72917311,230.45702327,232.72775732,21708829.86590274
2010-09-22 09:15:00,NSE:RELIANCE,232.46920839,234.65001238,228.19753048,229.3328975,26305094.94289897
2010-09-23 09:15:00,NSE:RELIANCE,229.3328975,230.22095686,223.92585257,224.29681857,23415453.8560115
2010-09-24 09:15:00,NSE:RELIANCE,224.82515318,226.84857956,223.04902998,225.19611468,23047994.97149256
2010-09-27 09:15:00,NSE:RELIANCE,226.62375441,229.29917373,225.97176146,227.11836974,16740600.18078118
2010-09-28 09:15:00,NSE:RELIANCE,226.69120195,227.52305502,223.25137711,224.48791545,20011506.43656489
2010-09-29 09:15:00,NSE:RELIANCE,224.82515318,226.84857956,223.70102742,224.60032803,18087406.78010817
2010-09-30 09:15:00,NSE:RELIANCE,225.27480349,225.27480349,219.90147783,221.95863248,29466138.04658234
2010-10-01 09:15:00,NSE:RELIANCE,223.02655196,227.07340471,222.57690165,226.60127189,19423364.94915287
2010-10-04 09:15:00,NSE:RELIANCE,228.18628922,230.62564213,228.18628922,228.83828217,21516805.08847455
2010-10-05 09:15:00,NSE:RELIANCE,228.42235563,231.97459305,226.84857956,230.18723309,23322417.112996
2010-10-06 09:15:00,NSE:RELIANCE,231.56990778,235.39193538,230.88419106,234.93104382,28608017.87066073
2010-10-07 09:15:00,NSE:RELIANCE,234.93104382,237.35915547,232.13197066,233.62705793,32075089.89960565
2010-10-08 09:15:00,NSE:RELIANCE,235.32448784,237.14557158,231.69356161,235.98772204,21214112.08888408
2010-10-11 09:15:00,NSE:RELIANCE,237.41536176,241.0687705,236.76336882,240.38305378,26228079.53890636
2010-10-12 09:15:00,NSE:RELIANCE,240.1132636,240.42801881,235.200834,237.3254317,14213556.42273471
2010-10-13 09:15:00,NSE:RELIANCE,237.43784428,241.46221452,237.12308906,241.24863062,24367927.35361347
2010-10-14 09:15:00,NSE:RELIANCE,241.68703967,243.14840317,237.01067648,238.08983722,24822809.73021875
2010-10-15 09:15:00,NSE:RELIANCE,238.31466237,240.1132636,232.82892864,233.89684811,11795904.33929374
2010-10-18 09:15:00,NSE:RELIANCE,234.3240159,239.42754688,232.30058953,235.4931067,22580551.7227605
2010-10-19 09:15:00,NSE:RELIANCE,239.43878814,240.27064121,233.64954044,234.80738998,18890181.7251964
2010-10-20 09:15:00,NSE:RELIANCE,233.68326422,239.30389305,233.368509,235.94275701,18537605.51707128
2010-10-21 09:15:00,NSE:RELIANCE,236.51606115,244.57604289,235.88655072,243.18212694,37896177.8938903
2010-10-22 09:15:00,NSE:RELIANCE,244.03646252,245.91375255,241.54090332,243.21585071,19955356.13566957
2010-10-25 09:15:00,NSE:RELIANCE,244.60976666,247.73483629,244.16011636,245.13810577,18320347.79786718
2010-10-26 09:15:00,NSE:RELIANCE,245.26175961,247.5212524,244.40742402,247.04911957,15702340.01862215
2010-10-27 09:15:00,NSE:RELIANCE,246.85801819,249.55592003,243.54184718,245.67768614,22313406.34712086
2010-10-28 09:15:00,NSE:RELIANCE,247.17277341,247.51001114,241.59710961,243.26081574,36792916.10805542
2010-10-29 09:15:00,NSE:RELIANCE,244.54231912,248.9264096,242.92357801,246.46457418,30219479.0211263
2010-11-01 09:15:00,NSE:RELIANCE,252.02899672,252.90581481,244.8907981,245.77885746,31019260.52891236
2010-11-02 09:15:00,NSE:RELIANCE,246.2734728,246.2734728,240.63036145,241.6533159,20701011.13746739
2010-11-03 09:15:00,NSE:RELIANCE,243.26081574,243.91280869,238.91044903,239.50623568,20273296.53952725
2010-11-04 09:15:00,NSE:RELIANCE,242.33903261,248.88144457,241.68703967,248.44303552,24718199.5490751
2010-11-05 09:15:00,NSE:RELIANCE,250.45522064,251.24210868,247.37511605,248.58917187,6489162.70867627
2010-11-08 09:15:00,NSE:RELIANCE,250.43273813,251.57934641,247.43132233,249.97184657,22737936.24802036
2010-11-09 09:15:00,NSE:RELIANCE,250.06177663,251.91658414,246.68939933,249.22992356,15667641.9437422
2010-11-10 09:15:00,NSE:RELIANCE,248.81399703,251.10721359,247.12780838,247.80228384,12097956.84115538
2010-11-11 09:15:00,NSE:RELIANCE,248.65661942,249.96060531,241.91186482,242.78868292,12902177.3540344
2010-11-12 09:15:00,NSE:RELIANCE,242.84488921,244.47487157,237.64018691,238.73058891,19451698.07785244
2010-11-15 09:15:00,NSE:RELIANCE,239.91092096,240.09078108,233.41347403,237.12308906,16353797.37527095
2010-11-16 09:15:00,NSE:RELIANCE,238.08983722,238.08983722,230.794261,231.68232035,20164830.02830786
2010-11-18 09:15:00,NSE:RELIANCE,236.02144581,236.02144581,227.97270533,232.23314198,23157520.0831249
2010-11-19 09:15:00,NSE:RELIANCE,232.9188587,232.9188587,221.92490421,223.98205886,25241463.95403629
2010-11-22 09:15:00,NSE:RELIANCE,225.61204122,228.52352695,224.195645,227.57926131,19273621.9176302
2010-11-23 09:15:00,NSE:RELIANCE,225.87059014,225.94927895,219.20452435,223.83591801,33667336.11820589
2010-11-24 09:15:00,NSE:RELIANCE,224.60032803,228.82704091,221.68884005,223.93709158,20033212.19293128
2010-11-25 09:15:00,NSE:RELIANCE,225.27480349,225.49962864,218.75487405,220.21623754,29599432.74059623
2010-11-26 09:15:00,NSE:RELIANCE,221.45277588,222.66683621,215.44994205,216.36048167,31151509.96621598
2010-11-29 09:15:00,NSE:RELIANCE,217.96798601,225.37597481,216.37173192,224.46543743,23800388.54314593
2010-11-30 09:15:00,NSE:RELIANCE,224.7801859,226.78113201,220.57595329,221.58766648,30993213.62127269
2010-12-01 09:15:00,NSE:RELIANCE,221.45277588,224.24061228,221.01436459,222.30710922,19039853.59030476
2010-12-02 09:15:00,NSE:RELIANCE,224.60032803,227.84905149,223.71226643,227.33195364,25249252.22850299
2010-12-03 09:15:00,NSE:RELIANCE,227.97270533,230.22095686,224.37550288,226.15162159,19969580.52273097
2010-12-06 09:15:00,NSE:RELIANCE,228.38863186,231.56990778,227.74788017,229.35538002,18087629.17515292
2010-12-07 09:15:00,NSE:RELIANCE,229.32165625,233.75071176,229.32165625,231.73852664,22772363.00094574
2010-12-08 09:15:00,NSE:RELIANCE,230.4232995,231.06405118,227.33195364,229.44531008,17281451.58588021
2010-12-09 09:15:00,NSE:RELIANCE,230.34461069,232.43548462,220.04761868,221.34036331,32246329.63615266
2010-12-10 09:15:00,NSE:RELIANCE,221.85745891,231.56990778,220.18250927,230.19847434,26972747.10670555
2010-12-13 09:15:00,NSE:RELIANCE,230.23219812,235.16711023,227.07340471,234.21160333,17115851.78766773
2010-12-14 09:15:00,NSE:RELIANCE,234.49263477,238.31466237,234.26780962,237.2467429,20416794.7181937
2010-12-15 09:15:00,NSE:RELIANCE,236.96571145,239.21396299,232.9188587,236.94322894,21794336.31270343
2010-12-16 09:15:00,NSE:RELIANCE,237.79756452,238.31466237,233.82940057,237.60646314,15790390.66473464
2010-12-20 09:15:00,NSE:RELIANCE,234.94228508,240.1132636,234.85235501,237.58398062,16123173.71387812
2010-12-21 09:15:00,NSE:RELIANCE,238.29217986,241.66455716,237.92121835,241.27111314,16358698.96205697
2010-12-22 09:15:00,NSE:RELIANCE,241.19242433,241.68703967,235.69544934,237.42660302,15385080.14360136
2010-12-23 09:15:00,NSE:RELIANCE,237.82004704,239.37134059,236.17882342,238.17976728,14833811.75460683
2010-12-24 09:15:00,NSE:RELIANCE,236.7408863,239.32637556,236.06641084,238.24721483,9611006.4617742
2010-12-27 09:15:00,NSE:RELIANCE,237.93245961,240.29312372,236.32495977,237.2467429,5878697.2066735
2010-12-28 09:15:00,NSE:RELIANCE,237.48280931,238.24721483,234.3240159,235.59427802,9005402.51544939
2010-12-29 09:15:00,NSE:RELIANCE,235.68420808,237.19053661,235.23455777,235.75165563,11371463.39641214
2010-12-30 09:15:00,NSE:RELIANCE,236.60599121,237.35915547,235.22331652,236.33620102,14805158.37704284
2010-12-31 09:15:00,NSE:RELIANCE,237.87625332,239.77602587,236.78585133,238.02238967,10140142.09591645
2011-01-03 09:15:00,NSE:RELIANCE,239.43878814,239.77602587,236.65095624,237.3254317,10585283.56956223
2011-01-04 09:15:00,NSE:RELIANCE,238.31466237,242.78868292,237.70763446,242.15917249,22389981.40892489
2011-01-05 09:15:00,NSE:RELIANCE,242.81116544,245.05941697,240.5629139,241.86689979,26376892.95914204
2011-01-06 09:15:00,NSE:RELIANCE,242.36151513,245.37417218,241.58586835,244.07018629,22126959.2374147
2011-01-07 09:15:00,NSE:RELIANCE,243.10343814,244.55356037,237.86501207,239.5287182,18173896.2130066
2011-01-10 09:15:00,NSE:RELIANCE,239.5287182,240.66408522,229.59144643,232.34555456,18787288.43379813
2011-01-11 09:15:00,NSE:RELIANCE,233.81815931,235.77413814,224.51039347,227.91649904,21500574.69810961
2011-01-12 09:15:00,NSE:RELIANCE,229.4677926,232.84016989,225.49962864,231.7497679,23582712.72125772
2011-01-13 09:15:00,NSE:RELIANCE,231.56990778,233.62705793,227.32071238,228.27621928,24743210.09580629
2011-01-14 09:15:00,NSE:RELIANCE,227.98394658,231.52494275,224.37550288,225.16239091,19431268.86904285
2011-01-17 09:15:00,NSE:RELIANCE,225.49962864,226.62375441,223.03779097,224.35302486,14281311.29706445
2011-01-18 09:15:00,NSE:RELIANCE,225.91555517,226.62375441,222.57690165,223.66729915,15120109.79149926
2011-01-19 09:15:00,NSE:RELIANCE,224.73521862,225.94927895,219.20452435,220.36237839,23884227.0271111
2011-01-20 09:15:00,NSE:RELIANCE,219.78906525,219.78906525,214.60684772,218.04667032,42034371.44933974
2011-01-21 09:15:00,NSE:RELIANCE,219.20452435,223.13896453,218.75487405,221.85745891,19855104.89740277
2011-01-24 09:15:00,NSE:RELIANCE,223.72350543,223.90337455,216.75392569,218.44011433,22614506.99819102
2011-01-25 09:15:00,NSE:RELIANCE,219.67665268,221.44153687,214.98905273,215.49490932,20665303.38908433
2011-01-27 09:15:00,NSE:RELIANCE,217.18109797,217.49585768,211.33564399,211.94267415,28574938.83170646
2011-01-28 09:15:00,NSE:RELIANCE,212.45976976,212.66211689,202.79228817,205.26536486,34421611.15193775
2011-01-31 09:15:00,NSE:RELIANCE,204.33233597,208.82883904,203.03959134,206.68176107,25755890.3799196
2011-02-01 09:15:00,NSE:RELIANCE,207.98574471,208.57029686,199.76838761,201.33092467,38532365.60676746
2011-02-02 09:15:00,NSE:RELIANCE,204.5908894,208.61526413,203.98385923,207.13141138,28941530.37555094
2011-02-03 09:15:00,NSE:RELIANCE,208.63774215,213.02183264,205.71501516,212.21246658,17332686.95628684
2011-02-04 09:15:00,NSE:RELIANCE,212.99935462,212.99935462,205.29909312,206.83914093,21061606.91090574
2011-02-07 09:15:00,NSE:RELIANCE,208.12064655,211.06585156,205.58012457,208.87380632,14830168.92377402
2011-02-08 09:15:00,NSE:RELIANCE,210.36889808,210.36889808,204.87192084,205.77122145,20014379.78054291
2011-02-09 09:15:00,NSE:RELIANCE,204.23117365,210.70613581,203.16325417,205.55763531,38867016.7742867
2011-02-10 09:15:00,NSE:RELIANCE,205.15295228,207.0189988,198.99273858,202.26395356,28821646.10273472
2011-02-11 09:15:00,NSE:RELIANCE,202.33139885,205.71501516,199.65597503,204.57965039,20346860.37242554
2011-02-14 09:15:00,NSE:RELIANCE,203.7140668,206.44569691,201.01616496,205.67004788,30649849.01590061
2011-02-15 09:15:00,NSE:RELIANCE,205.58012457,212.41480248,204.88315985,211.717849,27722187.27216481
2011-02-16 09:15:00,NSE:RELIANCE,210.95343898,213.7637534,210.9084717,212.26867287,11226114.89097347
2011-02-17 09:15:00,NSE:RELIANCE,213.10051695,214.80919486,210.49254967,214.47195713,14326977.89555086
2011-02-18 09:15:00,NSE:RELIANCE,214.94408545,216.50662251,209.53704277,210.33516981,16011171.1214474
2011-02-21 09:15:00,NSE:RELIANCE,210.4588214,216.03449419,210.03166035,215.01153075,26058272.02644744
2011-02-22 09:15:00,NSE:RELIANCE,223.02655196,226.93850962,220.16003125,221.41904761,90409323.4779666
2011-02-23 09:15:00,NSE:RELIANCE,221.7675356,225.34225103,221.45277588,223.84716826,31705758.44881
2011-02-24 09:15:00,NSE:RELIANCE,223.92585257,224.51039347,215.46118106,216.77641495,33453645.61551937
2011-02-25 09:15:00,NSE:RELIANCE,220.48602997,220.83450671,214.60684772,217.23730426,15353842.53561753
2011-02-28 09:15:00,NSE:RELIANCE,218.12536587,223.54364756,215.83214705,216.78765396,22863313.6784416
2011-03-01 09:15:00,NSE:RELIANCE,218.9122539,223.18393181,217.45089041,222.31834823,12833448.38940871
2011-03-03 09:15:00,NSE:RELIANCE,219.24949163,221.45277588,217.6532263,219.74410922,19844945.89175916
2011-03-04 09:15:00,NSE:RELIANCE,221.37409158,223.65606014,219.90147783,220.8232677,15677707.54346703
2011-03-07 09:15:00,NSE:RELIANCE,219.00217722,221.07057088,216.73144767,219.66541367,12018922.09015656
2011-03-08 09:15:00,NSE:RELIANCE,219.87899981,223.11648651,219.87899981,221.44153687,12259237.72759905
2011-03-09 09:15:00,NSE:RELIANCE,222.2846312,225.81438386,217.6532263,223.44247399,33016056.67759288
2011-03-10 09:15:00,NSE:RELIANCE,223.18393181,223.25137711,220.77830042,221.3965696,10018532.03755307
2011-03-11 09:15:00,NSE:RELIANCE,220.05885769,223.6785494,218.56377716,223.03779097,15251176.08716489
2011-03-14 09:15:00,NSE:RELIANCE,223.2401381,229.49027511,223.08275824,228.95069474,29292856.72352463
2011-03-15 09:15:00,NSE:RELIANCE,224.36426387,235.97648078,222.32959848,233.19989014,57390909.41289947
2011-03-16 09:15:00,NSE:RELIANCE,234.94228508,237.19053661,233.39099152,235.4144179,20949542.04786249
2011-03-17 09:15:00,NSE:RELIANCE,233.6607817,235.79662066,231.12025747,231.76100916,12588756.01748578
2011-03-18 09:15:00,NSE:RELIANCE,232.69403354,232.69403354,221.81249163,223.25137711,41178888.87864872
2011-03-21 09:15:00,NSE:RELIANCE,224.61156704,224.82515318,220.57595329,222.64434695,15806647.74250496
2011-03-22 09:15:00,NSE:RELIANCE,223.26261612,225.92679643,223.06028023,224.74646887,9957275.54643056
2011-03-23 09:15:00,NSE:RELIANCE,224.79142491,228.56849198,223.88088529,227.80408646,11610876.109973
2011-03-24 09:15:00,NSE:RELIANCE,228.39987312,229.76006529,225.69073002,227.14085226,11421706.88491924
2011-03-25 09:15:00,NSE:RELIANCE,230.19847434,231.55866652,227.07340471,230.80550226,15649730.24683904
2011-03-28 09:15:00,NSE:RELIANCE,230.72681345,232.9975475,228.04015287,230.60315962,19398447.80834048
2011-03-29 09:15:00,NSE:RELIANCE,229.32165625,232.01955808,229.23172618,229.93992542,18404573.24921018
2011-03-30 09:15:00,NSE:RELIANCE,231.00784489,233.25609643,230.24343937,232.13197066,12462315.53875069
2011-03-31 09:15:00,NSE:RELIANCE,232.58162097,237.16805409,232.58162097,235.8640682,32029547.84234429
2011-04-01 09:15:00,NSE:RELIANCE,235.85282695,239.64113078,231.79473293,233.00878876,19086360.84206028
2011-04-04 09:15:00,NSE:RELIANCE,233.81815931,237.14557158,231.34508262,236.21254719,13330897.17757676
2011-04-05 09:15:00,NSE:RELIANCE,236.62847372,238.08983722,233.81815931,235.53807173,10936601.02173413
2011-04-06 09:15:00,NSE:RELIANCE,234.94228508,237.02191774,233.81815931,234.9085613,9235101.01345612
2011-04-07 09:15:00,NSE:RELIANCE,234.95352633,235.51558922,232.71651606,234.2453271,10333550.17052291
2011-04-08 09:15:00,NSE:RELIANCE,234.26780962,236.26875348,229.4677926,230.19847434,12196251.00302848
2011-04-11 09:15:00,NSE:RELIANCE,227.74788017,229.19800241,225.64576499,226.01672649,11485405.27363297
2011-04-13 09:15:00,NSE:RELIANCE,225.24107972,230.22095686,224.06074316,229.72634152,19436103.73731544
2011-04-15 09:15:00,NSE:RELIANCE,229.01814229,230.41205824,225.94927895,229.53524014,14411203.34689386
2011-04-18 09:15:00,NSE:RELIANCE,229.14179612,234.87483753,224.96004827,226.88230333,15041026.11359059
2011-04-19 09:15:00,NSE:RELIANCE,225.8818314,228.7483521,224.54412174,227.44436622,12223925.84239562
2011-04-20 09:15:00,NSE:RELIANCE,228.42235563,231.68232035,226.66871944,230.64812465,10487838.95676003
2011-04-21 09:15:00,NSE:RELIANCE,232.64906851,234.76242495,231.56990778,233.9530544,15184035.02315862
2011-04-25 09:15:00,NSE:RELIANCE,227.97270533,229.5464814,225.98300272,226.92726836,18442198.04287888
2011-04-26 09:15:00,NSE:RELIANCE,226.84857956,226.84857956,224.27432931,225.08370211,17947475.81795931
2011-04-27 09:15:00,NSE:RELIANCE,225.94927895,226.87106208,220.35112814,221.70007906,25123283.22726275
2011-04-28 09:15:00,NSE:RELIANCE,223.02655196,223.25137711,218.08039859,218.61998345,36309264.70846287
2011-04-29 09:15:00,NSE:RELIANCE,219.20452435,222.12725134,218.37266904,221.17174444,15186023.23485858
2011-05-02 09:15:00,NSE:RELIANCE,221.20547271,221.85745891,216.12441751,216.90006653,13837032.71619225
2011-05-03 09:15:00,NSE:RELIANCE,216.97875084,217.49585768,211.57170815,212.21246658,22396728.87458223
2011-05-04 09:15:00,NSE:RELIANCE,212.45976976,215.10146531,211.33564399,213.05556091,11863272.24624564
2011-05-05 09:15:00,NSE:RELIANCE,212.45976976,216.6302741,212.1562603,213.57265651,19910312.24330841
2011-05-06 09:15:00,NSE:RELIANCE,214.25837098,215.83214705,213.38154839,214.7192603,13132365.12113955
2011-05-09 09:15:00,NSE:RELIANCE,215.83214705,217.19233698,213.89865523,215.6747672,8146846.44524009
2011-05-10 09:15:00,NSE:RELIANCE,215.6747672,216.70896965,212.8082465,213.75251439,8279496.19362425
2011-05-11 09:15:00,NSE:RELIANCE,214.48319614,215.47243131,212.12253203,214.80919486,8334027.4585939
2011-05-12 09:15:00,NSE:RELIANCE,213.92113325,214.651815,211.56046914,212.57218233,9373083.79501308
2011-05-13 09:15:00,NSE:RELIANCE,212.51597605,216.28179736,210.87475468,213.13424522,14138471.40773042
2011-05-16 09:15:00,NSE:RELIANCE,213.58389552,213.89865523,211.68412073,212.45976976,7125292.59884175
2011-05-17 09:15:00,NSE:RELIANCE,212.6059106,212.86445278,206.22087176,206.98528177,17674619.33757082
2011-05-18 09:15:00,NSE:RELIANCE,206.83914093,207.70471327,201.97167186,202.7585599,25229592.50654819
2011-05-19 09:15:00,NSE:RELIANCE,204.23117365,207.28879123,203.41055734,205.82742774,18374674.45939566
2011-05-20 09:15:00,NSE:RELIANCE,206.49066419,208.14312457,204.65833469,207.55858367,14105383.47297437
2011-05-23 09:15:00,NSE:RELIANCE,206.61431577,207.28879123,203.08455862,204.4559988,15084682.26087257
2011-05-24 09:15:00,NSE:RELIANCE,203.69158878,207.04148806,203.69158878,205.88363403,11293073.59104305
2011-05-25 09:15:00,NSE:RELIANCE,205.51266803,205.51266803,202.56746302,203.69158878,13331448.71728771
2011-05-26 09:15:00,NSE:RELIANCE,205.1754303,210.62744026,204.83819257,209.9529648,30503281.78561678
2011-05-27 09:15:00,NSE:RELIANCE,210.00917109,214.23589296,210.00917109,212.56094332,15387499.8016881
2011-05-30 09:15:00,NSE:RELIANCE,213.34783136,214.25837098,210.04289936,211.07709057,7690905.46822186
2011-05-31 09:15:00,NSE:RELIANCE,212.45976976,214.91036842,210.72861383,213.99981756,14318740.38309378
2011-06-01 09:15:00,NSE:RELIANCE,214.03354583,215.52863759,212.1562603,212.86445278,8177252.29575661
2011-06-02 09:15:00,NSE:RELIANCE,210.55999496,214.64057599,210.55999496,213.81995969,9576166.05406562
2011-06-03 09:15:00,NSE:RELIANCE,215.94455963,217.40592313,209.42463019,210.12158367,19429672.07262164
2011-06-06 09:15:00,NSE:RELIANCE,210.13283392,211.51550187,208.67147042,210.8297874,6252596.65168805
2011-06-07 09:15:00,NSE:RELIANCE,209.8855195,215.83214705,209.8855195,215.43870304,17906888.72229471
2011-06-08 09:15:00,NSE:RELIANCE,214.76422758,214.92160743,212.22370559,213.40403765,14442503.22549022
2011-06-09 09:15:00,NSE:RELIANCE,213.02183264,215.34876848,212.90942006,214.48319614,9305097.62983681
2011-06-10 09:15:00,NSE:RELIANCE,214.73049931,214.93284644,209.54828177,212.34735718,11253794.1782415
2011-06-13 09:15:00,NSE:RELIANCE,212.06632574,212.06632574,207.06396608,208.09815729,13139392.80455326
2011-06-14 09:15:00,NSE:RELIANCE,208.03071199,209.48083648,204.5908894,204.89439886,19284141.20324628
2011-06-15 09:15:00,NSE:RELIANCE,205.0405397,206.59183776,202.02787815,202.46628945,20493641.10195231
2011-06-16 09:15:00,NSE:RELIANCE,202.56746302,202.56746302,198.76791343,199.54356246,25386518.8980159
2011-06-17 09:15:00,NSE:RELIANCE,200.38665678,200.83630709,194.51872478,195.31685183,22397929.80782382
2011-06-20 09:15:00,NSE:RELIANCE,196.72200903,196.72200903,186.17770485,187.33555889,30806508.53331463
2011-06-21 09:15:00,NSE:RELIANCE,188.83065065,192.22550597,188.24609851,190.79787074,17704820.58464618
2011-06-22 09:15:00,NSE:RELIANCE,191.85453997,192.9337097,187.53790602,190.15711231,20443704.51860694
2011-06-23 09:15:00,NSE:RELIANCE,190.32573118,196.20491343,190.17960157,195.71029584,21060107.96830422
2011-06-24 09:15:00,NSE:RELIANCE,196.53091215,197.7786895,192.36039657,195.91264298,32199702.29107298
2011-06-27 09:15:00,NSE:RELIANCE,194.85596251,198.25081783,193.76555377,195.94636001,14589226.13230537
2011-06-28 09:15:00,NSE:RELIANCE,197.59883163,197.59883163,193.79928204,195.84518644,10390469.95827303
2011-06-29 09:15:00,NSE:RELIANCE,196.87938889,199.64473603,196.07001159,199.02646685,12638421.27887657
2011-06-30 09:15:00,NSE:RELIANCE,199.80211588,202.79228817,199.41991087,202.00540013,22108184.64773795
2011-07-01 09:15:00,NSE:RELIANCE,203.91641394,203.91641394,192.60771098,193.78804303,29157253.56894636
2011-07-04 09:15:00,NSE:RELIANCE,196.58711844,197.7112442,194.4737575,195.23816752,16775307.15146292
2011-07-05 09:15:00,NSE:RELIANCE,195.44050341,195.44050341,189.75242929,190.19084058,34370842.81112507
2011-07-06 09:15:00,NSE:RELIANCE,190.84282678,193.01239401,189.01050853,191.75337765,27327182.53740467
2011-07-07 09:15:00,NSE:RELIANCE,192.89998143,196.69953102,192.28171226,195.75526312,20474595.19032099
2011-07-08 09:15:00,NSE:RELIANCE,196.27235873,196.49718388,191.55103051,192.1917777,21287515.79735014
2011-07-11 09:15:00,NSE:RELIANCE,192.00068082,193.33839273,190.42690475,191.84330096,9759254.99859625
2011-07-12 09:15:00,NSE:RELIANCE,190.53931732,192.76509083,190.13463429,190.59552361,13284799.13270356
2011-07-13 09:15:00,NSE:RELIANCE,191.78709467,195.53043797,191.34868338,194.57493107,17314428.32311389
2011-07-14 09:15:00,NSE:RELIANCE,194.09155249,197.37400647,193.20349089,195.04705939,13535055.82864583
2011-07-15 09:15:00,NSE:RELIANCE,195.08078766,196.94683419,194.4737575,196.31732601,10376846.03783241
2011-07-18 09:15:00,NSE:RELIANCE,196.02505556,196.47470586,194.29389963,195.0582984,6692796.50743976
2011-07-19 09:15:00,NSE:RELIANCE,195.03582039,198.16089451,194.69858266,197.72248321,9987005.31601107
2011-07-20 09:15:00,NSE:RELIANCE,199.19508572,199.37494359,195.32809084,196.99180147,11367028.83922007
2011-07-21 09:15:00,NSE:RELIANCE,196.93559518,196.93559518,192.79880786,193.54072862,8017995.20422005
2011-07-22 09:15:00,NSE:RELIANCE,194.69858266,197.17165934,193.91169462,196.35104303,15559615.77471139
2011-07-25 09:15:00,NSE:RELIANCE,200.54403664,200.54403664,197.65503792,198.48688199,22271369.23576457
2011-07-26 09:15:00,NSE:RELIANCE,199.70094231,200.1281146,195.46299267,195.935121,20804046.7616943
2011-07-27 09:15:00,NSE:RELIANCE,196.72200903,196.72200903,193.15853485,193.54072862,13904422.86264862
2011-07-28 09:15:00,NSE:RELIANCE,192.22550597,192.22550597,187.36928716,188.25733752,31822555.87840526
2011-07-29 09:15:00,NSE:RELIANCE,188.85312867,190.48311103,185.06482934,186.14398783,21751040.44539392
2011-08-01 09:15:00,NSE:RELIANCE,188.40347837,188.40347837,184.66013507,186.79597402,14480079.09224908
2011-08-02 09:15:00,NSE:RELIANCE,186.05405327,188.6058255,184.01938788,188.24609851,16847647.81161515
2011-08-03 09:15:00,NSE:RELIANCE,185.87419539,187.99879534,185.05357909,185.49199038,14320817.55281163
2011-08-04 09:15:00,NSE:RELIANCE,186.15522683,186.97584314,182.11961309,182.63670869,13967040.41144493
2011-08-05 09:15:00,NSE:RELIANCE,179.74770997,179.74770997,175.13879433,178.06152132,26661149.40952377
2011-08-08 09:15:00,NSE:RELIANCE,174.62169872,179.05075649,172.44089249,175.50976033,22614462.51918208
2011-08-09 09:15:00,NSE:RELIANCE,169.29334035,175.13879433,169.29334035,172.05868748,33194768.88764308
2011-08-10 09:15:00,NSE:RELIANCE,176.56642955,177.61187101,171.99124218,173.73363712,18043101.23929556
2011-08-11 09:15:00,NSE:RELIANCE,172.74440195,176.47650624,171.99124218,173.60998554,11072181.93680793
2011-08-12 09:15:00,NSE:RELIANCE,176.03809494,176.03809494,170.41746611,171.06946355,17510349.46172588
2011-08-16 09:15:00,NSE:RELIANCE,170.86711642,173.63246355,169.67554535,170.67601953,11475602.10006094
2011-08-17 09:15:00,NSE:RELIANCE,170.97952899,174.10460312,168.84369004,169.74299065,13772266.83126379
2011-08-18 09:15:00,NSE:RELIANCE,170.35002081,170.86711642,165.6961379,166.64040579,17413153.93137378
2011-08-19 09:15:00,NSE:RELIANCE,164.35842599,166.1457882,162.16638074,164.69566372,20740971.07910584
2011-08-22 09:15:00,NSE:RELIANCE,164.34718698,170.83338815,163.13312665,170.19264096,15802533.43417731
2011-08-23 09:15:00,NSE:RELIANCE,170.94580073,173.56501826,168.056802,172.04744847,17829913.34941015
2011-08-24 09:15:00,NSE:RELIANCE,171.76641703,173.00295537,169.96781581,171.15938687,13204888.14522846
2011-08-25 09:15:00,NSE:RELIANCE,171.22683217,172.8905428,168.67507117,169.40575292,21568841.08104224
2011-08-26 09:15:00,NSE:RELIANCE,168.84369004,169.99029382,160.07550907,161.7392197,19827799.2338099
2011-08-29 09:15:00,NSE:RELIANCE,164.36966499,170.8446384,163.75139582,169.75422966,18623049.69325945
2011-08-30 09:15:00,NSE:RELIANCE,171.99124218,179.02826723,171.76641703,175.94816038,34789025.55744775
2011-09-02 09:15:00,NSE:RELIANCE,179.11820179,182.94022939,177.48821943,181.08542188,34656019.97699201
2011-09-05 09:15:00,NSE:RELIANCE,178.6235842,179.63529739,176.02685593,177.35331759,20315240.24496475
2011-09-06 09:15:00,NSE:RELIANCE,176.08306222,185.59316395,174.57673145,184.69386334,31857222.81797895
2011-09-07 09:15:00,NSE:RELIANCE,185.25592622,189.64001671,185.18848092,187.39176518,31963674.43009303
2011-09-08 09:15:00,NSE:RELIANCE,187.39176518,193.12480658,183.12008727,191.65220408,35874046.50171329
2011-09-09 09:15:00,NSE:RELIANCE,191.58475878,193.02363302,185.18848092,185.64937024,30058304.8843041
2011-09-12 09:15:00,NSE:RELIANCE,182.18705838,184.90744948,178.79220307,181.27651876,18890061.63187224
2011-09-13 09:15:00,NSE:RELIANCE,182.82781682,185.42454509,179.1294408,182.16458037,25825019.6556258
2011-09-14 09:15:00,NSE:RELIANCE,182.98519667,186.54867085,181.02921559,185.57068593,20882343.1611446
2011-09-15 09:15:00,NSE:RELIANCE,187.2793526,188.53836896,182.90650112,188.02127336,20748163.33485265
2011-09-16 09:15:00,NSE:RELIANCE,191.1013802,191.1013802,184.58145076,185.62689222,27258942.84187741
2011-09-19 09:15:00,NSE:RELIANCE,185.48075138,186.41378026,183.36739044,184.70510235,13009981.12802048
2011-09-20 09:15:00,NSE:RELIANCE,185.03110107,191.98944181,183.52477029,191.50606323,18746123.11101721
2011-09-21 09:15:00,NSE:RELIANCE,191.30372734,191.30372734,187.12197274,188.31354381,17314882.00900516
2011-09-22 09:15:00,NSE:RELIANCE,185.24468721,186.13274882,175.36361948,176.79125471,27754341.14773298
2011-09-23 09:15:00,NSE:RELIANCE,173.99219054,178.19641192,171.78889505,173.25025855,39156770.83017437
2011-09-26 09:15:00,NSE:RELIANCE,172.93551008,173.27274781,168.06804101,170.68725854,27656829.81641734
2011-09-27 09:15:00,NSE:RELIANCE,174.01466856,180.0175024,173.56501826,179.23061436,22415481.2247545
2011-09-28 09:15:00,NSE:RELIANCE,179.80391626,181.27651876,177.40952388,179.23061436,25453059.49540138
2011-09-29 09:15:00,NSE:RELIANCE,177.72428359,182.72664325,176.36409366,181.59127847,32038399.16512484
2011-09-30 09:15:00,NSE:RELIANCE,180.64701058,185.00862305,178.1739339,181.73740808,35528288.92565982
2011-10-03 09:15:00,NSE:RELIANCE,177.88166345,179.83764453,176.28539811,177.20718799,21462273.82350491
2011-10-04 09:15:00,NSE:RELIANCE,176.26292009,177.79172889,172.04744847,173.4750837,26690701.2630685
2011-10-05 09:15:00,NSE:RELIANCE,173.68866984,174.89149116,171.26056044,172.44089249,21081253.28915786
2011-10-07 09:15:00,NSE:RELIANCE,176.86995026,181.65872377,176.46526723,180.51211999,20243846.9877031
2011-10-10 09:15:00,NSE:RELIANCE,180.81562945,186.80722428,180.80439044,186.43625828,15094543.25715623
2011-10-11 09:15:00,NSE:RELIANCE,187.72900291,189.16788838,184.91868849,185.93040168,15979128.44340161
2011-10-12 09:15:00,NSE:RELIANCE,186.46998655,191.52855249,185.71681554,191.0226959,17558640.32174019
2011-10-13 09:15:00,NSE:RELIANCE,191.1013802,192.89998143,189.325257,190.40442673,18660509.91459504
2011-10-14 09:15:00,NSE:RELIANCE,189.30277898,195.53043797,189.1903664,194.90092979,18169830.8315888
2011-10-17 09:15:00,NSE:RELIANCE,194.92340781,195.33932985,186.86343056,187.45921047,22421014.41346758
2011-10-18 09:15:00,NSE:RELIANCE,185.48075138,185.79551109,182.41188354,184.33414759,18605413.76621176
2011-10-19 09:15:00,NSE:RELIANCE,185.59316395,189.97725444,185.27840424,189.52760413,12071011.45753498
2011-10-20 09:15:00,NSE:RELIANCE,187.69527464,189.05547581,184.80627592,188.56085822,10138416.31036929
2011-10-21 09:15:00,NSE:RELIANCE,188.85312867,190.92152233,186.85218031,187.89762177,10515616.09784774
2011-10-24 09:15:00,NSE:RELIANCE,190.6517299,192.00068082,189.65125572,190.31449217,9233370.78000806
2011-10-25 09:15:00,NSE:RELIANCE,192.22550597,198.05972094,189.33650725,196.93559518,23115945.55346166
2011-10-26 09:15:00,NSE:RELIANCE,197.62130965,198.18337253,195.83394743,196.40724932,3279130.42453811
2011-10-28 09:15:00,NSE:RELIANCE,202.27519257,203.24193848,198.76791343,202.34263786,24938859.9124637
2011-10-31 09:15:00,NSE:RELIANCE,201.89298756,202.18525801,196.17118516,197.29531093,16137349.17402969
2011-11-01 09:15:00,NSE:RELIANCE,195.71029584,197.50889707,192.81004687,193.48452233,16658371.83693991
2011-11-02 09:15:00,NSE:RELIANCE,192.22550597,198.05972094,192.22550597,196.0025663,13980975.68494818
2011-11-03 09:15:00,NSE:RELIANCE,195.09202667,199.94824549,194.0241072,199.1726077,16310439.23734892
2011-11-04 09:15:00,NSE:RELIANCE,203.46676363,203.46676363,196.19367442,197.83489579,18556451.27316234
2011-11-08 09:15:00,NSE:RELIANCE,197.62130965,198.97026057,195.26064554,198.67799012,10289364.72303445
2011-11-09 09:15:00,NSE:RELIANCE,200.10562534,200.69017748,193.60818516,194.46251849,11859491.5304851
2011-11-11 09:15:00,NSE:RELIANCE,193.12480658,199.8245939,191.12385822,199.04894487,22102744.86494366
2011-11-14 09:15:00,NSE:RELIANCE,200.40914604,201.44333725,196.27235873,197.10421404,16263629.52833256
2011-11-15 09:15:00,NSE:RELIANCE,195.82270842,197.39648449,192.50653741,193.67563046,10063389.11807663
2011-11-16 09:15:00,NSE:RELIANCE,193.1472846,193.1472846,188.25733752,190.67420792,13535789.73229346
2011-11-17 09:15:00,NSE:RELIANCE,189.98849345,190.79787074,181.26527975,182.09713507,24632719.78967978
2011-11-18 09:15:00,NSE:RELIANCE,179.92756784,182.54678537,176.93739555,181.68120179,22052888.34381441
2011-11-21 09:15:00,NSE:RELIANCE,179.86012255,179.86012255,175.70085721,176.79125471,18011779.12119473
2011-11-22 09:15:00,NSE:RELIANCE,177.18469873,180.86059673,176.847461,178.78096406,19492267.38191346
2011-11-23 09:15:00,NSE:RELIANCE,177.58939299,177.58939299,169.92284853,173.87977797,24106595.38444327
2011-11-24 09:15:00,NSE:RELIANCE,174.23949372,174.91396918,169.32706862,173.82357168,28322965.24601882
2011-11-25 09:15:00,NSE:RELIANCE,173.04792265,173.39639939,168.84369004,169.47319822,16456010.13783233
2011-11-28 09:15:00,NSE:RELIANCE,171.99124218,176.66760312,171.44041831,176.21795282,11217912.96172355
2011-11-29 09:15:00,NSE:RELIANCE,175.81326979,175.81326979,170.67601953,171.99124218,21365225.07388233
2011-11-30 09:15:00,NSE:RELIANCE,170.12519566,176.10554024,169.31581836,174.97017546,20323108.58164756
2011-12-01 09:15:00,NSE:RELIANCE,179.63529739,182.27699294,178.78096406,179.63529739,20971705.93802104
2011-12-02 09:15:00,NSE:RELIANCE,179.18564709,183.23249984,176.83622199,182.56926339,19926062.26037672
2011-12-05 09:15:00,NSE:RELIANCE,181.73740808,182.60299166,179.48915655,181.37769233,14059076.37675911
2011-12-07 09:15:00,NSE:RELIANCE,181.43389862,184.24421303,180.57956528,182.0634068,15630590.92928893
2011-12-08 09:15:00,NSE:RELIANCE,180.30977285,181.59127847,173.58749628,175.10506606,19760675.96140721
2011-12-09 09:15:00,NSE:RELIANCE,173.09288993,173.09288993,169.22589505,169.90037051,22439108.47430742
2011-12-12 09:15:00,NSE:RELIANCE,170.990768,171.31676672,162.7734109,163.56029894,22671102.08917584
2011-12-13 09:15:00,NSE:RELIANCE,162.75093288,167.71956427,162.09893544,166.88770896,23255707.49537653
2011-12-14 09:15:00,NSE:RELIANCE,165.92096305,169.49568748,164.88677184,166.79778564,23594806.56379054
2011-12-15 09:15:00,NSE:RELIANCE,164.54953411,169.63057808,162.66099833,168.65259316,29405691.07342267
2011-12-16 09:15:00,NSE:RELIANCE,168.39403973,189.88731988,160.98604869,162.29003233,25925537.76794629
2011-12-19 09:15:00,NSE:RELIANCE,161.69425242,166.34813534,160.78371279,165.31393289,20967920.7743596
2011-12-20 09:15:00,NSE:RELIANCE,166.75281836,166.75281836,159.44600088,160.40150779,24688354.13407132
2011-12-21 09:15:00,NSE:RELIANCE,163.44788636,169.46195921,162.48114045,168.16921458,20297573.1826108
2011-12-22 09:15:00,NSE:RELIANCE,166.67412281,170.93456172,164.79683728,169.64181709,19898658.74296417
2011-12-23 09:15:00,NSE:RELIANCE,170.86711642,173.05916166,166.91019822,167.80949883,15616913.63403757
2011-12-26 09:15:00,NSE:RELIANCE,167.95562844,171.94627491,167.61839071,171.09194157,10570298.59144781
2011-12-27 09:15:00,NSE:RELIANCE,172.21606734,172.8230975,167.57342343,169.52940451,13674217.3039399
2011-12-28 09:15:00,NSE:RELIANCE,170.35002081,170.52987869,165.3251719,166.15702721,12583414.08851118
2011-12-29 09:15:00,NSE:RELIANCE,164.94297813,166.1457882,158.99635058,160.05303105,24238942.67556659
2011-12-30 09:15:00,NSE:RELIANCE,160.30033422,161.99776188,154.90453054,155.79259215,29633383.56812586
2012-01-02 09:15:00,NSE:RELIANCE,156.65816449,159.56965247,154.48860851,158.85020973,19122491.14102834
2012-01-03 09:15:00,NSE:RELIANCE,160.13171535,163.42540834,159.70454307,162.91955175,20831703.80945786
2012-01-04 09:15:00,NSE:RELIANCE,163.53782092,164.33594797,160.37901853,161.00853795,18851836.37158275
2012-01-05 09:15:00,NSE:RELIANCE,160.74998453,162.98699705,156.05113433,157.26519465,29443262.49228063
2012-01-06 09:15:00,NSE:RELIANCE,156.71437078,162.7734109,156.62444746,161.32328642,20919131.74944508
2012-01-09 09:15:00,NSE:RELIANCE,160.62633294,160.62633294,157.9284311,158.78276443,18693984.81672894
2012-01-10 09:15:00,NSE:RELIANCE,160.07550907,166.1457882,160.07550907,165.51628002,20049909.61289017
2012-01-11 09:15:00,NSE:RELIANCE,165.89848503,169.29334035,164.45959955,168.22542087,21537372.18221188
2012-01-12 09:15:00,NSE:RELIANCE,168.056802,169.28210134,164.70690272,165.67365988,14462901.29899355
2012-01-13 09:15:00,NSE:RELIANCE,166.82026366,168.83245103,163.69518954,164.52704485,20873687.54600341
2012-01-16 09:15:00,NSE:RELIANCE,164.11112281,164.11112281,159.85068391,160.28909521,18091783.51458861
2012-01-17 09:15:00,NSE:RELIANCE,160.97480968,167.35984853,160.97480968,166.83150267,23118569.81498956
2012-01-18 09:15:00,NSE:RELIANCE,171.31676672,177.13974269,170.42870512,175.30741319,41137550.08773289
2012-01-19 09:15:00,NSE:RELIANCE,177.38704586,178.94958292,175.83574781,176.63388609,24390100.1395738
2012-01-20 09:15:00,NSE:RELIANCE,177.61187101,179.86012255,173.57625727,178.20766217,32255572.37421195
2012-01-23 09:15:00,NSE:RELIANCE,169.81043595,175.30741319,169.78795793,173.46384469,28722698.09943009
2012-01-24 09:15:00,NSE:RELIANCE,174.14955916,177.97158676,173.20530251,176.20671381,22664274.56130239
2012-01-25 09:15:00,NSE:RELIANCE,177.31960056,178.73599678,175.99312766,177.82545716,17067507.55284268
2012-01-27 09:15:00,NSE:RELIANCE,179.86012255,186.13274882,179.63529739,184.44656017,24754752.39862817
2012-01-30 09:15:00,NSE:RELIANCE,182.98519667,184.09807219,178.1064886,178.67979049,21479318.1797336
2012-01-31 09:15:00,NSE:RELIANCE,180.87183573,184.53648348,180.17488226,183.70462817,27863706.13493311
2012-02-01 09:15:00,NSE:RELIANCE,184.10932244,187.50417775,183.457325,186.87466957,16798858.78670062
2012-02-02 09:15:00,NSE:RELIANCE,187.72900291,189.46015883,185.28965449,186.43625828,21803516.7801502
2012-02-03 09:15:00,NSE:RELIANCE,186.60487714,188.85312867,183.37864069,188.47092366,20323388.79940393
2012-02-06 09:15:00,NSE:RELIANCE,190.17960157,190.98896763,185.27840424,187.2793526,17722269.69985628
2012-02-07 09:15:00,NSE:RELIANCE,189.30277898,191.70841037,187.56038404,189.87608087,21420988.40739983
2012-02-08 09:15:00,NSE:RELIANCE,190.42690475,194.4063122,189.97725444,192.98991599,16224278.9491167
2012-02-09 09:15:00,NSE:RELIANCE,192.61894999,193.32715372,189.43766957,191.96695255,19166854.50455259
2012-02-10 09:15:00,NSE:RELIANCE,191.18006451,193.12480658,188.40347837,189.58381042,15202814.06073626
2012-02-13 09:15:00,NSE:RELIANCE,189.10043184,193.0798393,189.07795383,190.93276134,15539626.90809038
2012-02-14 09:15:00,NSE:RELIANCE,190.40442673,192.54026568,189.52760413,190.85407703,13940704.39024711
2012-02-15 09:15:00,NSE:RELIANCE,192.0456481,192.39412484,187.29059161,188.09996891,31946234.21068471
2012-02-16 09:15:00,NSE:RELIANCE,186.82970229,186.82970229,180.91680301,182.65919795,28211153.91332657
2012-02-17 09:15:00,NSE:RELIANCE,184.81751492,185.79551109,182.15334136,183.95194258,36523159.81459056
2012-02-21 09:15:00,NSE:RELIANCE,183.79456273,190.82034876,183.25497786,189.65125572,37067316.01005438
2012-02-22 09:15:00,NSE:RELIANCE,190.6517299,192.76509083,186.62735516,187.36928716,25567108.12224368
2012-02-23 09:15:00,NSE:RELIANCE,187.05452745,191.07890219,185.84046712,188.76319411,19425286.44233941
2012-02-24 09:15:00,NSE:RELIANCE,187.39176518,189.23533368,183.12008727,184.3453866,19059415.45843988
2012-02-27 09:15:00,NSE:RELIANCE,184.76130864,185.61564197,172.06992649,175.6896182,28236231.17857118
2012-02-28 09:15:00,NSE:RELIANCE,177.39828487,179.93880685,177.09477541,179.07323451,23526807.0549116
2012-02-29 09:15:00,NSE:RELIANCE,180.99548732,186.13274882,180.79315143,184.52524447,28312441.51250184
2012-03-01 09:15:00,NSE:RELIANCE,182.5130571,184.06435516,180.10742572,182.32196022,13177324.50338369
2012-03-02 09:15:00,NSE:RELIANCE,183.51353128,183.9069753,181.15286718,183.03015271,12899299.5621555
2012-03-05 09:15:00,NSE:RELIANCE,182.56926339,183.00767469,178.56737791,179.29805966,13293054.43676422
2012-03-06 09:15:00,NSE:RELIANCE,179.18564709,181.88354892,174.01466856,174.58797046,35716604.1537418
2012-03-07 09:15:00,NSE:RELIANCE,174.58797046,174.8015566,168.84369004,171.27179945,28674411.68731667
2012-03-09 09:15:00,NSE:RELIANCE,174.30693901,175.27368492,172.93551008,173.96970128,17537748.53123754
2012-03-12 09:15:00,NSE:RELIANCE,177.61187101,180.53459801,175.29617418,179.53412383,15293364.4271516
2012-03-13 09:15:00,NSE:RELIANCE,180.63577157,184.79503691,180.6020433,184.3453866,16386409.38463127
2012-03-14 09:15:00,NSE:RELIANCE,186.15522683,186.60487714,181.36645332,183.12008727,17918408.78561211
2012-03-15 09:15:00,NSE:RELIANCE,183.9069753,184.62641804,178.37628103,179.10696278,20596832.40271054
2012-03-16 09:15:00,NSE:RELIANCE,175.36361948,179.34302694,172.5195768,173.64370256,25589200.84598791
2012-03-19 09:15:00,NSE:RELIANCE,175.58844464,176.03809494,168.86616806,169.76546867,16245726.72723119
2012-03-20 09:15:00,NSE:RELIANCE,169.99029382,172.3060019,168.68631018,170.990768,10630127.30638311
2012-03-21 09:15:00,NSE:RELIANCE,170.86711642,173.90225599,169.76546867,172.67695665,14449219.55584129
2012-03-22 09:15:00,NSE:RELIANCE,172.19358932,173.44136667,164.57201213,165.54999705,29732696.29930386
2012-03-23 09:15:00,NSE:RELIANCE,167.22494669,168.50645231,165.94344107,167.28115298,27407235.8577084
2012-03-26 09:15:00,NSE:RELIANCE,167.24743595,167.24743595,163.44788636,164.14483984,23522047.80095421
2012-03-27 09:15:00,NSE:RELIANCE,165.92096305,166.10082092,163.02071408,164.35842599,27649268.38489627
2012-03-28 09:15:00,NSE:RELIANCE,164.12236182,165.44883472,161.98652287,163.15561591,18374785.65691803
2012-03-29 09:15:00,NSE:RELIANCE,161.42445998,164.05491653,161.42445998,162.91955175,24377686.04817655
2012-03-30 09:15:00,NSE:RELIANCE,164.00994925,169.29334035,163.47036438,168.75375548,17565668.00515389
2012-04-02 09:15:00,NSE:RELIANCE,168.47272404,168.80996177,166.15702721,166.49426494,11408251.98471262
2012-04-03 09:15:00,NSE:RELIANCE,167.32612026,171.51911386,167.32612026,169.22589505,17808372.16537687
2012-04-04 09:15:00,NSE:RELIANCE,167.49473912,170.19264096,167.14626238,167.94438943,12011164.95099611
2012-04-09 09:15:00,NSE:RELIANCE,166.38185236,168.16921458,165.04414045,166.85399193,11602438.44197566
2012-04-10 09:15:00,NSE:RELIANCE,167.71956427,167.94438943,165.94344107,166.96640451,8510013.10539561
2012-04-11 09:15:00,NSE:RELIANCE,166.1457882,166.1457882,163.29050651,164.18980712,16576623.86639529
2012-04-12 09:15:00,NSE:RELIANCE,164.86428258,167.62962972,164.86428258,167.11253411,11975995.39862131
2012-04-13 09:15:00,NSE:RELIANCE,167.73080328,171.31676672,165.80855047,168.96734163,14452226.33684615
2012-04-16 09:15:00,NSE:RELIANCE,167.96686745,169.39451391,165.47131274,168.1916926,10693847.93460131
2012-04-17 09:15:00,NSE:RELIANCE,169.69802337,169.69802337,166.44929766,167.80949883,14126208.54496359
2012-04-18 09:15:00,NSE:RELIANCE,168.61886489,170.14767368,166.97764352,168.30410518,15248938.79301482
2012-04-19 09:15:00,NSE:RELIANCE,169.49568748,169.49568748,166.03337562,166.74157935,18706741.39649508
2012-04-20 09:15:00,NSE:RELIANCE,166.38185236,166.59543851,163.67271152,164.31345871,15171687.65027479
2012-04-23 09:15:00,NSE:RELIANCE,163.18933294,167.66335799,162.81837818,165.53875804,22476128.35345443
2012-04-24 09:15:00,NSE:RELIANCE,166.1457882,166.48302593,162.70596561,165.26896561,16943460.04478898
2012-04-25 09:15:00,NSE:RELIANCE,165.04414045,167.0226108,163.68395053,165.53875804,13813538.90366618
2012-04-26 09:15:00,NSE:RELIANCE,165.71861591,168.39403973,164.93172788,167.50597813,15434144.93837136
2012-04-27 09:15:00,NSE:RELIANCE,166.66288381,167.9781177,165.58372532,166.82026366,12710770.83483059
2012-04-30 09:15:00,NSE:RELIANCE,165.80855047,168.14673656,165.80855047,167.51721714,12350797.7675175
2012-05-02 09:15:00,NSE:RELIANCE,168.14673656,168.9336246,166.37061335,167.1687404,12729456.46648943
2012-05-03 09:15:00,NSE:RELIANCE,166.03337562,167.37108753,165.28021586,166.11205993,8438388.55728744
2012-05-04 09:15:00,NSE:RELIANCE,164.88677184,166.37061335,162.3237606,163.32423478,16806251.1979877
2012-05-07 09:15:00,NSE:RELIANCE,160.74998453,162.3237606,158.52421101,160.90736438,20420535.40284619
2012-05-08 09:15:00,NSE:RELIANCE,161.42445998,161.62680712,157.15278207,159.25489276,17281940.85497863
2012-05-09 09:15:00,NSE:RELIANCE,157.82725753,159.24365375,155.36541986,156.27595948,16326731.89832639
2012-05-10 09:15:00,NSE:RELIANCE,156.75933806,159.26614301,155.25300728,156.06238458,15086474.76493315
2012-05-11 09:15:00,NSE:RELIANCE,155.80383116,158.05208269,154.74715069,156.74809905,13532782.95128861
2012-05-14 09:15:00,NSE:RELIANCE,156.92795692,158.00711541,152.55510544,153.17337461,18152301.65416259
2012-05-15 09:15:00,NSE:RELIANCE,152.65627901,154.67970539,151.55463126,153.25207016,16440980.68070896
2012-05-16 09:15:00,NSE:RELIANCE,151.7569784,153.51061234,151.3185671,152.00428157,13796321.0793026
2012-05-17 09:15:00,NSE:RELIANCE,152.93731045,155.09562743,152.38648658,154.0389582,15836697.76094989
2012-05-18 09:15:00,NSE:RELIANCE,152.18415069,156.56824117,151.7569784,154.80335698,10514659.79915537
2012-05-21 09:15:00,NSE:RELIANCE,154.34246766,157.53498708,154.23005508,156.36589404,10381965.57176227
2012-05-22 09:15:00,NSE:RELIANCE,158.41179844,158.41179844,154.84832425,155.37665887,13068141.88012024
2012-05-23 09:15:00,NSE:RELIANCE,154.05019721,155.11811669,152.7799306,154.42115197,11490475.88065299
2012-05-24 09:15:00,NSE:RELIANCE,156.02865631,157.37760723,154.2525331,156.32092676,10674152.62943935
2012-05-25 09:15:00,NSE:RELIANCE,156.25348146,156.32092676,154.80335698,155.39914813,13721876.56202715
2012-05-28 09:15:00,NSE:RELIANCE,155.579006,158.05208269,155.579006,157.74857323,11453798.48987487
2012-05-29 09:15:00,NSE:RELIANCE,157.87222481,159.58089148,156.82678335,157.79352926,15275497.20925738
2012-05-30 09:15:00,NSE:RELIANCE,157.29892292,159.3223493,156.28720973,158.78276443,15661201.3832466
2012-05-31 09:15:00,NSE:RELIANCE,156.70313177,163.90877568,153.40943878,158.63662359,40142132.10699211
2012-06-01 09:15:00,NSE:RELIANCE,159.03006761,159.50220717,152.44269287,154.06143622,18221132.92050886
2012-06-04 09:15:00,NSE:RELIANCE,152.2066287,156.70313177,151.39726265,155.74762487,14508372.18984059
2012-06-05 09:15:00,NSE:RELIANCE,156.47830661,158.72655815,156.27595948,157.95090912,13506664.87723463
2012-06-06 09:15:00,NSE:RELIANCE,158.37808141,161.42445998,157.0403695,160.95233166,23641580.68959975
2012-06-07 09:15:00,NSE:RELIANCE,162.11017445,164.54953411,161.03101597,162.15514173,28411927.71181474
2012-06-08 09:15:00,NSE:RELIANCE,161.42445998,164.54953411,160.14295436,164.05491653,12930070.14054539
2012-06-11 09:15:00,NSE:RELIANCE,164.72939198,165.5612473,161.446938,162.37996689,10120735.90431265
2012-06-12 09:15:00,NSE:RELIANCE,160.74998453,163.22306121,160.61509393,162.53734674,12161939.89552638
2012-06-13 09:15:00,NSE:RELIANCE,162.37996689,162.76217189,160.16544362,161.04225498,10116341.37822864
2012-06-14 09:15:00,NSE:RELIANCE,160.97480968,162.05396817,159.86192292,161.05349399,7604651.77407085
2012-06-15 09:15:00,NSE:RELIANCE,161.53687256,164.07739454,161.53687256,163.39168007,10102815.3116077
2012-06-18 09:15:00,NSE:RELIANCE,164.20104613,165.13407501,160.07550907,161.62680712,10202141.38648838
2012-06-19 09:15:00,NSE:RELIANCE,161.19963483,166.23572276,161.19963483,165.79731146,7934499.20862379
2012-06-20 09:15:00,NSE:RELIANCE,165.92096305,167.0338498,164.79683728,165.78607245,10485757.33914128
2012-06-21 09:15:00,NSE:RELIANCE,165.02166244,165.02166244,159.71579332,161.58183984,22987161.03095505
2012-06-22 09:15:00,NSE:RELIANCE,160.4239858,160.72750651,158.17573427,159.85068391,19450065.69822408
2012-06-25 09:15:00,NSE:RELIANCE,160.57012665,162.53734674,160.07550907,161.01977696,11300425.97122207
2012-06-26 09:15:00,NSE:RELIANCE,161.31204741,163.11064863,160.62633294,162.66099833,16353094.60692958
2012-06-27 09:15:00,NSE:RELIANCE,163.31299577,164.03242726,161.42445998,162.43617317,7836898.91929027
2012-06-28 09:15:00,NSE:RELIANCE,162.86334546,163.62774424,161.12095052,161.85163227,12102360.26304119
2012-06-29 09:15:00,NSE:RELIANCE,163.02071408,166.57296049,163.02071408,165.88723478,17051361.67259474
2012-07-02 09:15:00,NSE:RELIANCE,165.35890017,166.55047123,164.15609009,165.78607245,6946166.73400835
2012-07-03 09:15:00,NSE:RELIANCE,166.35937435,166.96640451,164.41463227,165.54999705,10467004.98896901
2012-07-04 09:15:00,NSE:RELIANCE,166.37061335,166.37061335,163.8638084,165.07786872,9503358.36431944
2012-07-05 09:15:00,NSE:RELIANCE,165.23524858,166.91019822,164.58325114,166.0783429,7936024.83863069
2012-07-06 09:15:00,NSE:RELIANCE,165.92096305,165.92096305,164.00994925,165.21275932,9414333.627911
2012-07-09 09:15:00,NSE:RELIANCE,163.89753667,164.97669516,163.24553923,164.52704485,7929157.27964919
2012-07-10 09:15:00,NSE:RELIANCE,164.44836054,166.82026366,164.3022197,166.30316806,6074218.03420496
2012-07-11 09:15:00,NSE:RELIANCE,164.89801085,165.60620334,162.3237606,163.1443769,12136706.95375045
2012-07-12 09:15:00,NSE:RELIANCE,162.30128258,164.07739454,161.22211285,162.14390272,10234744.50004691
2012-07-13 09:15:00,NSE:RELIANCE,161.87411029,163.33547379,160.74998453,161.53687256,11563283.57039916
2012-07-16 09:15:00,NSE:RELIANCE,161.87411029,162.80713917,160.76122353,161.9527946,7429457.8536284
2012-07-17 09:15:00,NSE:RELIANCE,162.95326878,163.66147251,161.26708013,161.72796944,11587377.84954603
2012-07-18 09:15:00,NSE:RELIANCE,161.42445998,162.29003233,160.12047634,160.9298424,8695708.51985057
2012-07-19 09:15:00,NSE:RELIANCE,161.91907757,164.0998838,161.42445998,163.62774424,11876482.51190305
2012-07-20 09:15:00,NSE:RELIANCE,162.39120589,163.8638084,161.21087384,162.46990144,12614367.03083776
2012-07-23 09:15:00,NSE:RELIANCE,160.74998453,163.17809393,160.36777952,161.64928514,10391879.94285667
2012-07-24 09:15:00,NSE:RELIANCE,162.09893544,163.41415809,161.50314429,162.88582348,8169428.43808274
2012-07-25 09:15:00,NSE:RELIANCE,161.96404485,162.89706249,160.10923733,161.70549143,8894449.62762982
2012-07-26 09:15:00,NSE:RELIANCE,162.07645743,162.07645743,158.87269899,159.65958703,14251141.18529535
2012-07-27 09:15:00,NSE:RELIANCE,161.64928514,163.40291908,161.00853795,162.09893544,13691506.29471779
2012-07-30 09:15:00,NSE:RELIANCE,162.54858575,164.52704485,162.29003233,164.03242726,7080279.84178688
2012-07-31 09:15:00,NSE:RELIANCE,164.48207757,167.74204229,162.09893544,167.17997941,13705130.21515841
2012-08-01 09:15:00,NSE:RELIANCE,166.42681964,168.82121202,166.05585364,167.88818314,14673140.23058574
2012-08-02 09:15:00,NSE:RELIANCE,166.84274168,168.07928002,165.63993161,166.26943979,8107865.0417985
2012-08-03 09:15:00,NSE:RELIANCE,165.24648759,168.16921458,164.24601341,166.94391525,11126744.33708384
2012-08-06 09:15:00,NSE:RELIANCE,168.18045359,177.47698042,168.18045359,176.72380941,38009608.26250826
2012-08-07 09:15:00,NSE:RELIANCE,176.72380941,178.94958292,174.85776289,176.20671381,19999092.34516764
2012-08-08 09:15:00,NSE:RELIANCE,176.49898426,179.63529739,175.93692137,177.79172889,18677999.0609132
2012-08-09 09:15:00,NSE:RELIANCE,177.36456784,179.05075649,174.61045972,175.39734775,12963189.2106077
2012-08-10 09:15:00,NSE:RELIANCE,174.83528487,177.38704586,174.04839683,175.83574781,10856738.96116888
2012-08-13 09:15:00,NSE:RELIANCE,175.25120691,177.61187101,175.25120691,177.19594898,6286921.10289284
2012-08-14 09:15:00,NSE:RELIANCE,177.13974269,180.30977285,176.93739555,179.75894898,16784661.08704458
2012-08-16 09:15:00,NSE:RELIANCE,180.32101186,184.77254765,179.65777541,183.49105327,21993700.12660796
2012-08-17 09:15:00,NSE:RELIANCE,183.88449728,185.45827336,182.02968977,183.47980302,14569713.1910801
2012-08-21 09:15:00,NSE:RELIANCE,183.457325,185.2334482,182.62546968,183.06388098,11242211.84431157
2012-08-22 09:15:00,NSE:RELIANCE,181.9285162,183.34491242,181.14162817,181.61375649,8894672.02267456
2012-08-23 09:15:00,NSE:RELIANCE,182.23202566,182.42313379,177.1509817,178.6235842,16939528.10039802
2012-08-24 09:15:00,NSE:RELIANCE,178.00531503,178.6235842,175.07134903,175.83574781,15370299.76892811
2012-08-27 09:15:00,NSE:RELIANCE,176.7125704,179.00578921,176.15050752,177.01607986,9307361.61139224
2012-08-28 09:15:00,NSE:RELIANCE,176.90366728,178.48869361,175.03762076,177.65683829,8920816.78413391
2012-08-29 09:15:00,NSE:RELIANCE,177.83669617,179.29805966,175.43106478,175.84699806,8990101.73637145
2012-08-30 09:15:00,NSE:RELIANCE,175.30741319,178.02779305,172.80060824,176.1280295,27701130.90932907
2012-08-31 09:15:00,NSE:RELIANCE,175.36361948,176.35285465,171.47414658,172.3060019,15028847.76094076
2012-09-03 09:15:00,NSE:RELIANCE,172.66571764,173.10412894,170.87835543,171.55283089,9953783.94422818
2012-09-04 09:15:00,NSE:RELIANCE,171.75517802,175.6221729,171.361734,175.27368492,8901312.73871043
2012-09-05 09:15:00,NSE:RELIANCE,174.2957,175.35238047,171.81138431,173.37392137,13399888.56835524
2012-09-06 09:15:00,NSE:RELIANCE,172.28351263,174.14955916,171.76641703,172.71068492,5391322.91403206
2012-09-07 09:15:00,NSE:RELIANCE,175.07134903,179.07323451,175.02638175,178.00531503,14052942.72142525
2012-09-10 09:15:00,NSE:RELIANCE,179.86012255,180.61328231,177.42077413,178.07276033,8922791.65213118
2012-09-11 09:15:00,NSE:RELIANCE,177.49945844,178.92709366,176.08306222,177.83669617,13887227.27778952
2012-09-12 09:15:00,NSE:RELIANCE,178.39875905,179.79267725,177.48821943,179.43295026,7902821.25845137
2012-09-13 09:15:00,NSE:RELIANCE,179.43295026,181.77113635,178.57861692,179.66902566,11873088.76352035
2012-09-14 09:15:00,NSE:RELIANCE,182.78284954,190.13463429,182.00720051,189.24657269,36919676.83565492
2012-09-17 09:15:00,NSE:RELIANCE,190.67420792,198.20585055,190.67420792,196.44097759,43139906.11253186
2012-09-18 09:15:00,NSE:RELIANCE,195.64285055,196.47470586,191.39365066,192.36039657,17585238.7690908
2012-09-20 09:15:00,NSE:RELIANCE,189.01050853,190.7191752,186.21143312,187.16694002,15566029.64780162
2012-09-21 09:15:00,NSE:RELIANCE,187.2793526,192.15806067,187.05452745,191.1688255,36536276.67432918
2012-09-24 09:15:00,NSE:RELIANCE,191.1013802,192.85501415,187.22314631,188.03251237,15154145.12914589
2012-09-25 09:15:00,NSE:RELIANCE,188.40347837,189.93228716,186.66108343,188.79692238,14069546.73546536
2012-09-26 09:15:00,NSE:RELIANCE,188.40347837,191.03393491,187.47044948,189.92104815,16936321.1638529
2012-09-27 09:15:00,NSE:RELIANCE,190.02222172,190.6517299,185.31213251,186.57114887,30928856.94322654
2012-09-28 09:15:00,NSE:RELIANCE,188.17865321,190.62925188,187.58286206,188.22362049,14353594.13450504
2012-10-01 09:15:00,NSE:RELIANCE,188.85312867,189.37022428,186.43625828,187.39176518,8857856.74696871
2012-10-03 09:15:00,NSE:RELIANCE,187.60535132,191.87702923,187.56038404,190.22455761,22269034.08779482
2012-10-04 09:15:00,NSE:RELIANCE,191.22503179,193.10232856,190.89903307,191.75337765,12837673.89525872
2012-10-05 09:15:00,NSE:RELIANCE,193.32715372,193.79928204,189.43766957,192.85501415,15977473.82426876
2012-10-08 09:15:00,NSE:RELIANCE,192.1243324,192.1243324,183.51353128,184.22173501,21242253.95784516
2012-10-09 09:15:00,NSE:RELIANCE,185.59316395,185.86295638,182.80532756,183.29994514,11795659.70474453
2012-10-10 09:15:00,NSE:RELIANCE,182.33319923,184.87372121,181.52383318,183.457325,9537745.08613676
2012-10-11 09:15:00,NSE:RELIANCE,184.13180046,184.80627592,181.95099422,184.3453866,12055314.81527741
2012-10-12 09:15:00,NSE:RELIANCE,184.08683318,185.79551109,183.46856401,184.10932244,10804151.42889024
2012-10-15 09:15:00,NSE:RELIANCE,184.13180046,186.58239912,184.13180046,185.04234008,11368056.30432676
2012-10-16 09:15:00,NSE:RELIANCE,188.6058255,188.84188966,182.10837408,182.65919795,22542571.09702022
2012-10-17 09:15:00,NSE:RELIANCE,183.46856401,183.77208471,180.20859928,181.01797658,21265022.76252539
2012-10-18 09:15:00,NSE:RELIANCE,181.49010491,183.457325,179.18564709,182.40064453,27046288.70009936
2012-10-19 09:15:00,NSE:RELIANCE,181.59127847,182.22078665,179.7139817,180.48963073,12860135.79477721
2012-10-22 09:15:00,NSE:RELIANCE,178.78096406,183.67091114,177.99407602,183.36739044,14402129.62906857
2012-10-23 09:15:00,NSE:RELIANCE,182.89526211,183.18753256,180.93928103,182.09713507,9652420.86700523
2012-10-25 09:15:00,NSE:RELIANCE,182.1308521,184.06435516,181.4788659,182.19830864,18358484.10013877
2012-10-26 09:15:00,NSE:RELIANCE,180.57956528,181.20907346,178.09524959,179.62405838,8612941.98000104
2012-10-29 09:15:00,NSE:RELIANCE,180.38845716,183.09760925,180.38845716,182.37816651,11169755.53873608
2012-10-30 09:15:00,NSE:RELIANCE,182.10837408,182.5130571,179.66902566,180.59080429,9493466.23272951
2012-10-31 09:15:00,NSE:RELIANCE,180.56832627,181.51258292,179.41047224,181.09666089,9579973.45723152
2012-11-01 09:15:00,NSE:RELIANCE,178.73599678,181.83858165,177.31960056,181.45637664,18686325.53138818
2012-11-02 09:15:00,NSE:RELIANCE,182.55802438,183.21002182,180.42218543,181.64748476,11740741.47239704
2012-11-05 09:15:00,NSE:RELIANCE,180.68073885,181.87230991,180.27604458,181.24280173,5151238.56743609
2012-11-06 09:15:00,NSE:RELIANCE,180.75942316,181.52383318,179.01702822,181.08542188,15708398.05964081
2012-11-07 09:15:00,NSE:RELIANCE,180.30977285,181.05169361,179.41047224,180.05121943,10592160.02434551
2012-11-08 09:15:00,NSE:RELIANCE,178.28634647,179.47791754,177.55566473,179.09571253,12621972.94136778
2012-11-09 09:15:00,NSE:RELIANCE,178.36503078,180.64701058,176.48774525,177.0835364,10772415.65600619
2012-11-12 09:15:00,NSE:RELIANCE,176.67884213,177.47698042,175.13879433,176.85871125,12872790.07282279
2012-11-13 09:15:00,NSE:RELIANCE,177.42077413,178.1064886,176.1280295,177.52193646,3405014.91566135
2012-11-15 09:15:00,NSE:RELIANCE,177.35331759,177.35331759,174.70038303,176.39781069,15507339.59549538
2012-11-16 09:15:00,NSE:RELIANCE,177.02733011,178.20766217,173.3401931,174.27322199,14597868.40374387
2012-11-19 09:15:00,NSE:RELIANCE,174.2957,174.97017546,171.17062588,174.08211386,21070213.59913709
2012-11-20 09:15:00,NSE:RELIANCE,175.52099934,175.52099934,171.361734,172.06992649,9591715.91559366
2012-11-21 09:15:00,NSE:RELIANCE,172.32847991,173.99219054,171.11441959,173.38516038,8756867.15715339
2012-11-22 09:15:00,NSE:RELIANCE,173.80108242,173.94722327,171.18187613,172.18233907,10662201.11973516
2012-11-23 09:15:00,NSE:RELIANCE,172.21606734,174.41935159,172.21606734,173.95846227,7594323.74819324
2012-11-26 09:15:00,NSE:RELIANCE,174.2170157,175.2399679,173.3401931,173.93598426,4618753.66392009
2012-11-27 09:15:00,NSE:RELIANCE,174.68914402,177.16222071,174.01466856,176.89242828,10989250.82462529
2012-11-29 09:15:00,NSE:RELIANCE,176.7125704,180.75942316,175.95941063,179.47791754,19942114.73470588
2012-11-30 09:15:00,NSE:RELIANCE,178.97206094,181.65872377,177.61187101,178.44372633,18549886.17144169
2012-12-03 09:15:00,NSE:RELIANCE,178.73599678,181.43389862,177.55566473,180.75942316,10492673.82503262
2012-12-04 09:15:00,NSE:RELIANCE,181.24280173,185.63813123,181.20907346,185.41330608,15534623.01958378
2012-12-05 09:15:00,NSE:RELIANCE,186.21143312,188.20113123,184.4915162,187.18941804,13742363.59354837
2012-12-06 09:15:00,NSE:RELIANCE,187.94258905,190.16835132,184.80627592,189.72995127,11727713.57067632
2012-12-07 09:15:00,NSE:RELIANCE,189.08919284,191.03393491,186.70605071,187.63906835,13409264.74344137
2012-12-10 09:15:00,NSE:RELIANCE,187.63906835,188.39223936,184.63765705,186.22267213,8314532.3089722
2012-12-11 09:15:00,NSE:RELIANCE,187.05452745,188.48216267,183.12008727,184.36786462,16525099.3824305
2012-12-12 09:15:00,NSE:RELIANCE,185.48075138,187.68403563,184.21048476,187.18941804,10292638.37809299
2012-12-13 09:15:00,NSE:RELIANCE,187.18941804,189.07795383,186.6948117,187.56038404,11797034.10612101
2012-12-14 09:15:00,NSE:RELIANCE,187.61659033,190.38193747,186.26763941,188.68450981,9100040.502787
2012-12-17 09:15:00,NSE:RELIANCE,187.61659033,189.84236384,186.82970229,187.53790602,7367507.48996631
2012-12-18 09:15:00,NSE:RELIANCE,187.61659033,188.72947709,185.70557653,186.91963685,8129842.12011946
2012-12-19 09:15:00,NSE:RELIANCE,187.77397019,189.53884314,187.51541676,188.7407161,8864733.201752
2012-12-20 09:15:00,NSE:RELIANCE,189.29153997,189.29153997,186.49246456,188.3697501,9737664.88765313
2012-12-21 09:15:00,NSE:RELIANCE,187.2793526,187.61659033,184.85124319,185.53695766,9559877.84098904
2012-12-24 09:15:00,NSE:RELIANCE,185.61564197,186.00908599,183.36739044,184.51400546,5799382.2379183
2012-12-26 09:15:00,NSE:RELIANCE,184.80627592,187.93135004,184.80627592,186.21143312,5921125.73330852
2012-12-27 09:15:00,NSE:RELIANCE,186.67232244,187.05452745,183.25497786,183.83953001,16371015.19963454
2012-12-28 09:15:00,NSE:RELIANCE,185.14351365,190.20207959,184.70510235,188.90933496,14793820.67766212
2012-12-31 09:15:00,NSE:RELIANCE,188.92057397,191.05641293,188.13368593,188.75195511,9893408.13748283
2013-01-01 09:15:00,NSE:RELIANCE,189.75242929,190.33697019,188.65078154,189.01050853,6945539.57998219
2013-01-02 09:15:00,NSE:RELIANCE,189.75242929,192.45033112,189.42643057,190.64049089,13666584.70600451
2013-01-03 09:15:00,NSE:RELIANCE,190.78662049,193.79928204,189.88731988,193.5182506,17555428.93729417
2013-01-04 09:15:00,NSE:RELIANCE,193.77680402,194.38382294,191.89950725,193.76555377,13528797.63208691
2013-01-07 09:15:00,NSE:RELIANCE,194.63113736,195.82270842,191.50606323,192.58522172,15563045.10630124
2013-01-08 09:15:00,NSE:RELIANCE,192.24798399,192.92245945,190.62925188,191.24752105,14207373.840491
2013-01-09 09:15:00,NSE:RELIANCE,191.64096507,193.31590347,190.79787074,191.70841037,17357185.99441513
2013-01-10 09:15:00,NSE:RELIANCE,192.84377514,193.11356757,190.42690475,191.11261921,9394260.25117299
2013-01-11 09:15:00,NSE:RELIANCE,191.66344309,191.77585566,188.01003435,188.83065065,8184858.20628663
2013-01-14 09:15:00,NSE:RELIANCE,189.07795383,191.77585566,188.62830352,190.55055633,7178912.04412798
2013-01-15 09:15:00,NSE:RELIANCE,190.23580786,191.50606323,188.40347837,190.46063301,10561482.85187442
2013-01-16 09:15:00,NSE:RELIANCE,190.2133186,195.8002304,190.2133186,193.6531412,19878060.51392058
2013-01-17 09:15:00,NSE:RELIANCE,193.82176006,200.89251338,193.29342545,200.09438633,22487239.20988952
2013-01-18 09:15:00,NSE:RELIANCE,201.2185121,203.00587431,199.11640141,202.38760514,23135067.0794082
2013-01-21 09:15:00,NSE:RELIANCE,210.9084717,214.70802129,206.40072963,206.82790192,44692107.87937666
2013-01-22 09:15:00,NSE:RELIANCE,206.83914093,209.24477231,205.83866675,206.85037994,18976395.38823936
2013-01-23 09:15:00,NSE:RELIANCE,207.31126925,208.81760003,205.98480759,207.5248554,11897552.21844149
2013-01-24 09:15:00,NSE:RELIANCE,207.96326669,208.71642646,203.91641394,205.83866675,13662670.55321712
2013-01-25 09:15:00,NSE:RELIANCE,205.9960466,206.24334977,203.48924165,205.08550698,14323971.114546
2013-01-28 09:15:00,NSE:RELIANCE,204.89439886,205.29909312,201.2185121,201.79181399,13624983.4889359
2013-01-29 09:15:00,NSE:RELIANCE,201.2185121,202.79228817,197.86861282,198.48688199,15697478.46294419
2013-01-30 09:15:00,NSE:RELIANCE,199.53232345,203.10704788,199.53232345,202.20774727,17936823.09531638
2013-01-31 09:15:00,NSE:RELIANCE,201.5894781,201.89298756,198.54308828,199.34122657,17013296.53673746
2013-02-01 09:15:00,NSE:RELIANCE,200.39789579,202.29767058,198.65550085,200.99368694,8289094.76375512
2013-02-04 09:15:00,NSE:RELIANCE,201.45457626,202.56746302,198.76791343,199.35246557,13925995.18198817
2013-02-05 09:15:00,NSE:RELIANCE,198.74543541,199.1726077,196.27235873,196.66580275,9870710.49921691
2013-02-06 09:15:00,NSE:RELIANCE,197.94730837,198.49813224,195.77774114,196.86814988,10041598.85159324
2013-02-07 09:15:00,NSE:RELIANCE,195.95759902,198.29578511,195.22691727,196.24988071,8685362.70236938
2013-02-08 09:15:00,NSE:RELIANCE,195.58664426,196.49718388,192.67515628,194.14775878,9744421.24911225
2013-02-11 09:15:00,NSE:RELIANCE,194.4737575,196.72200903,193.48452233,195.23816752,8469132.44827195
2013-02-12 09:15:00,NSE:RELIANCE,195.28312356,197.92481911,194.51872478,196.8231826,9891322.07196319
2013-02-13 09:15:00,NSE:RELIANCE,198.74543541,199.64473603,196.15994615,197.62130965,10709299.94230967
2013-02-14 09:15:00,NSE:RELIANCE,197.8461348,198.62178383,191.32620536,192.46157013,12490292.83537867
2013-02-15 09:15:00,NSE:RELIANCE,192.20302795,192.76509083,187.52665577,190.15711231,14631063.0881214
2013-02-18 09:15:00,NSE:RELIANCE,190.6517299,192.13557141,189.57257141,190.53931732,5398830.9707424
2013-02-19 09:15:00,NSE:RELIANCE,190.87655505,192.22550597,187.56038404,190.74166446,9838774.5707926
2013-02-20 09:15:00,NSE:RELIANCE,192.88874242,197.58758138,192.58522172,196.67704176,15121857.8165509
2013-02-21 09:15:00,NSE:RELIANCE,195.37305812,197.12669206,191.92199651,193.16977386,16485561.99137705
2013-02-22 09:15:00,NSE:RELIANCE,193.01239401,196.04753357,192.89998143,193.93417264,9887866.05296797
2013-02-25 09:15:00,NSE:RELIANCE,194.24893235,194.46251849,191.32620536,192.07936512,10043609.30279767
2013-02-26 09:15:00,NSE:RELIANCE,191.03393491,191.03393491,184.07559417,185.14351365,13700153.01405719
2013-02-27 09:15:00,NSE:RELIANCE,186.60487714,189.06671482,185.96412995,186.89714759,18005160.64466333
2013-02-28 09:15:00,NSE:RELIANCE,188.22362049,188.75195511,181.15286718,182.97394642,28130326.65826716
2013-03-01 09:15:00,NSE:RELIANCE,183.457325,184.01938788,181.09666089,182.19830864,14139143.04076552
2013-03-04 09:15:00,NSE:RELIANCE,181.86107091,183.96318159,180.96177029,182.69291498,15197867.9949413
2013-03-05 09:15:00,NSE:RELIANCE,184.15427847,187.60535132,184.15427847,185.78426084,13379334.8183206
2013-03-06 09:15:00,NSE:RELIANCE,187.03204943,188.49341292,185.86295638,187.7852092,10958262.29909157
2013-03-07 09:15:00,NSE:RELIANCE,186.88590858,189.1903664,185.26716523,188.06624064,10705892.8502243
2013-03-08 09:15:00,NSE:RELIANCE,189.52760413,192.15806067,188.85312867,191.39365066,10301307.33693686
2013-03-11 09:15:00,NSE:RELIANCE,191.57350853,193.48452233,188.86436768,189.86484186,10745674.87582695
2013-03-12 09:15:00,NSE:RELIANCE,191.21379278,192.11309339,189.65125572,190.61800163,8695481.67690493
2013-03-13 09:15:00,NSE:RELIANCE,189.34774626,192.58522172,188.89809595,189.97725444,9559054.97932351
2013-03-14 09:15:00,NSE:RELIANCE,189.75242929,194.12528076,187.7852092,193.36087075,15037583.43829805
2013-03-15 09:15:00,NSE:RELIANCE,194.41755121,195.46299267,188.47092366,189.67374498,13007174.50255589
2013-03-18 09:15:00,NSE:RELIANCE,187.72900291,189.64001671,186.78473502,187.57162305,8157441.34517139
2013-03-19 09:15:00,NSE:RELIANCE,188.08871866,188.62830352,182.53554636,185.48075138,18270713.67178265
2013-03-20 09:15:00,NSE:RELIANCE,186.46998655,186.55990986,182.86153384,184.96365577,20516436.59403791
2013-03-21 09:15:00,NSE:RELIANCE,185.48075138,187.23438532,180.92804202,182.69291498,16938594.04121013
2013-03-22 09:15:00,NSE:RELIANCE,181.72616907,184.58145076,180.83810747,182.24326467,12075512.73324047
2013-03-25 09:15:00,NSE:RELIANCE,184.4915162,185.10978538,180.36597914,181.93975521,14293663.11784917
2013-03-26 09:15:00,NSE:RELIANCE,180.42218543,180.98424831,175.36361948,176.11677925,19791001.74970761
2013-03-28 09:15:00,NSE:RELIANCE,176.48774525,176.70133139,171.85635159,173.76736539,26956788.03829518
2013-04-01 09:15:00,NSE:RELIANCE,175.58844464,177.79172889,173.96970128,175.21747864,8465792.0747
2013-04-02 09:15:00,NSE:RELIANCE,175.40858676,179.07323451,174.98141447,178.83717035,11296476.23522753
2013-04-03 09:15:00,NSE:RELIANCE,179.36550496,179.63529739,173.3401931,174.35190629,9477360.38358962
2013-04-04 09:15:00,NSE:RELIANCE,173.67743083,174.90273017,171.81138431,172.92427107,12114832.17715007
2013-04-05 09:15:00,NSE:RELIANCE,172.8905428,175.90320435,172.59827235,175.1725226,13206898.59643289
2013-04-08 09:15:00,NSE:RELIANCE,174.93644719,178.58985593,174.91396918,177.49945844,9027010.41799609
2013-04-09 09:15:00,NSE:RELIANCE,178.08399934,178.87088737,173.36267112,174.84652388,13300553.59767277
2013-04-10 09:15:00,NSE:RELIANCE,175.3860975,176.25168109,173.4750837,174.91396918,12394022.46841269
2013-04-11 09:15:00,NSE:RELIANCE,176.26292009,176.51022327,171.8001453,172.68819566,11619562.86042045
2013-04-12 09:15:00,NSE:RELIANCE,172.44089249,175.45355404,171.99124218,174.23949372,11539509.54011672
2013-04-15 09:15:00,NSE:RELIANCE,173.80108242,179.84888354,173.80108242,178.55613891,16454933.7458158
2013-04-16 09:15:00,NSE:RELIANCE,179.18564709,182.10837408,176.57767981,180.29853384,18071714.5857515
2013-04-17 09:15:00,NSE:RELIANCE,181.1753452,182.01843952,172.93551008,174.92520818,32642379.62762307
2013-04-18 09:15:00,NSE:RELIANCE,174.57673145,176.53271253,173.7111591,175.58844464,14023880.13697895
2013-04-22 09:15:00,NSE:RELIANCE,176.7125704,178.66855148,174.98141447,177.57814274,13004697.02175752
2013-04-23 09:15:00,NSE:RELIANCE,177.94910874,181.16410619,176.72380941,180.65824959,12562766.93255775
2013-04-25 09:15:00,NSE:RELIANCE,181.56878921,185.84046712,181.56878921,184.13180046,26354813.5791005
2013-04-26 09:15:00,NSE:RELIANCE,182.78284954,185.48075138,177.54442572,178.44372633,21200626.05337118
2013-04-29 09:15:00,NSE:RELIANCE,178.30882449,179.61281937,177.26339427,178.39875905,21319060.31049571
2013-04-30 09:15:00,NSE:RELIANCE,178.43248732,179.10696278,174.72287229,176.73504842,17842296.30550113
2013-05-02 09:15:00,NSE:RELIANCE,177.02733011,181.43389862,176.1280295,181.00672633,27691527.8912973
2013-05-03 09:15:00,NSE:RELIANCE,180.53459801,183.43484698,178.71351876,179.79267725,13133050.09787734
2013-05-06 09:15:00,NSE:RELIANCE,180.35474013,185.46951237,180.35474013,184.91868849,9514709.40740284
2013-05-07 09:15:00,NSE:RELIANCE,184.69386334,187.93135004,184.2779413,186.60487714,16806171.13577159
2013-05-08 09:15:00,NSE:RELIANCE,186.62735516,187.25687458,184.81751492,186.64984442,12056613.60233868
2013-05-09 09:15:00,NSE:RELIANCE,186.24516139,186.97584314,183.23249984,184.19924575,8319313.80243406
2013-05-10 09:15:00,NSE:RELIANCE,183.16505455,184.46903819,181.9285162,182.33319923,9233535.35234116
2013-05-13 09:15:00,NSE:RELIANCE,182.86153384,185.59316395,179.59033011,179.80391626,9239126.36376586
2013-05-14 09:15:00,NSE:RELIANCE,179.98377413,181.88354892,178.87088737,179.59033011,8975641.61056261
2013-05-15 09:15:00,NSE:RELIANCE,180.30977285,184.53648348,180.30977285,183.95194258,11443586.10942052
2013-05-16 09:15:00,NSE:RELIANCE,183.457325,189.70746201,183.34491242,188.62830352,15451567.3661761
2013-05-17 09:15:00,NSE:RELIANCE,188.99926952,189.90980914,185.09854637,188.07747965,12693673.10379116
2013-05-20 09:15:00,NSE:RELIANCE,188.26858777,192.22550597,186.3238457,187.02079918,13459121.26457064
2013-05-21 09:15:00,NSE:RELIANCE,186.85218031,188.85312867,185.54819667,185.77302183,10771321.47238608
2013-05-22 09:15:00,NSE:RELIANCE,186.62735516,187.50417775,182.89526211,184.13180046,12789556.50337931
2013-05-23 09:15:00,NSE:RELIANCE,182.47934008,183.457325,175.3860975,175.94816038,13012062.74563923
2013-05-24 09:15:00,NSE:RELIANCE,178.37628103,178.66855148,175.18376161,176.62263584,8108701.24716671
2013-05-27 09:15:00,NSE:RELIANCE,180.47839172,187.23438532,180.0849477,185.86295638,19273332.80407203
2013-05-28 09:15:00,NSE:RELIANCE,186.60487714,190.40442673,185.75054381,189.53884314,22097856.62186034
2013-05-29 09:15:00,NSE:RELIANCE,188.96554125,191.05641293,187.38052617,190.43814375,26182848.83470762
2013-05-30 09:15:00,NSE:RELIANCE,189.97725444,190.20207959,186.60487714,187.2793526,18529732.73248758
2013-05-31 09:15:00,NSE:RELIANCE,187.52665577,187.89762177,180.33225087,180.98424831,17446210.73082357
2013-06-03 09:15:00,NSE:RELIANCE,180.69197786,181.06293262,176.54395154,177.04980813,14401902.78612293
2013-06-04 09:15:00,NSE:RELIANCE,177.74676161,179.81515527,175.1725226,175.43106478,14999287.01159425
2013-06-05 09:15:00,NSE:RELIANCE,175.47603206,180.82686846,175.47603206,180.30977285,12961943.79835717
2013-06-06 09:15:00,NSE:RELIANCE,179.86012255,180.73694514,177.18469873,177.82545716,17399449.94871705
2013-06-07 09:15:00,NSE:RELIANCE,178.55613891,180.30977285,175.58844464,176.25168109,9578172.05736915
2013-06-10 09:15:00,NSE:RELIANCE,177.38704586,178.84840936,175.81326979,178.06152132,11551287.58168602
2013-06-11 09:15:00,NSE:RELIANCE,176.15050752,177.94910874,174.30693901,176.7125704,13463511.34275376
2013-06-12 09:15:00,NSE:RELIANCE,176.04933395,179.29805966,175.85823707,177.93786973,12988097.4556183
2013-06-13 09:15:00,NSE:RELIANCE,176.03809494,178.26386845,175.48727107,177.90414146,9888853.4869666
2013-06-14 09:15:00,NSE:RELIANCE,179.00578921,184.32289734,178.98329995,183.58097658,17869397.36565285
2013-06-17 09:15:00,NSE:RELIANCE,183.34491242,186.13274882,182.35567725,185.48075138,11275015.11341036
2013-06-18 09:15:00,NSE:RELIANCE,185.18848092,188.29106579,183.78332372,184.37910363,15920087.00692469
2013-06-19 09:15:00,NSE:RELIANCE,184.80627592,187.33555889,183.21002182,186.60487714,17621248.9747347
2013-06-20 09:15:00,NSE:RELIANCE,183.88449728,183.88449728,178.73599678,179.87136155,17713631.87631867
2013-06-21 09:15:00,NSE:RELIANCE,179.83764453,182.18705838,176.17298554,178.24137919,20828656.99734496
2013-06-24 09:15:00,NSE:RELIANCE,177.61187101,178.9945502,175.02638175,178.96082193,16584283.15173605
2013-06-25 09:15:00,NSE:RELIANCE,179.79267725,184.33414759,178.73599678,180.34350112,19553853.01770218
2013-06-26 09:15:00,NSE:RELIANCE,181.98472249,183.10884826,180.10742572,180.64701058,16939803.87025349
2013-06-27 09:15:00,NSE:RELIANCE,183.56973757,188.1674142,183.09760925,186.45873629,26181937.0150242
2013-06-28 09:15:00,NSE:RELIANCE,195.48547069,196.27235873,190.20207959,193.4508053,48938251.98954168
2013-07-01 09:15:00,NSE:RELIANCE,193.79928204,199.64473603,192.37164682,199.46487815,20840177.06066236
2013-07-02 09:15:00,NSE:RELIANCE,198.54308828,200.49906936,195.31685183,196.72200903,18076883.04659119
2013-07-03 09:15:00,NSE:RELIANCE,193.46204431,194.1027915,190.77538148,191.1013802,13030695.00248734
2013-07-04 09:15:00,NSE:RELIANCE,191.79833368,195.73277386,190.50558905,193.91169462,13454713.39478394
2013-07-05 09:15:00,NSE:RELIANCE,194.77726696,198.91405428,194.77726696,197.57634237,12969861.06194983
2013-07-08 09:15:00,NSE:RELIANCE,195.59788327,196.37353229,192.9337097,194.64237637,14491336.72941369
2013-07-09 09:15:00,NSE:RELIANCE,195.39553613,198.25081783,194.93464682,196.57586819,13138258.58982509
2013-07-10 09:15:00,NSE:RELIANCE,196.55339017,197.81240653,188.62830352,192.67515628,22609165.06921643
2013-07-11 09:15:00,NSE:RELIANCE,194.4737575,196.33980403,193.18101287,196.01380531,11558021.70364067
2013-07-12 09:15:00,NSE:RELIANCE,196.55339017,201.44333725,195.50794871,201.2185121,14612208.43622855
2013-07-15 09:15:00,NSE:RELIANCE,199.19508572,202.32015984,199.19508572,201.60071711,13129082.57027922
2013-07-16 09:15:00,NSE:RELIANCE,199.41991087,203.34311204,198.53184927,203.01711332,13191571.12994958
2013-07-17 09:15:00,NSE:RELIANCE,203.01711332,206.3670126,203.01711332,205.83866675,23518889.79131894
2013-07-18 09:15:00,NSE:RELIANCE,206.38949062,206.82790192,204.41103152,206.00728561,12509218.65368584
2013-07-19 09:15:00,NSE:RELIANCE,206.62555478,208.61526413,205.27660386,207.51361639,14537617.13822358
2013-07-22 09:15:00,NSE:RELIANCE,205.71501516,205.71501516,202.1065737,204.02882651,17242207.75628582
2013-07-23 09:15:00,NSE:RELIANCE,205.05177871,207.96326669,203.97262022,204.17496736,12638741.52774099
2013-07-24 09:15:00,NSE:RELIANCE,204.14123909,206.14218745,201.25224037,203.99509824,14019063.06030994
2013-07-25 09:15:00,NSE:RELIANCE,203.68034977,205.08550698,197.27283291,200.54403664,16095921.42509598
2013-07-26 09:15:00,NSE:RELIANCE,200.58900392,203.17449318,199.07143413,200.09438633,9725295.27526482
2013-07-29 09:15:00,NSE:RELIANCE,199.43114988,202.0391284,198.41943669,199.86956118,9304323.69508112
2013-07-30 09:15:00,NSE:RELIANCE,199.43114988,200.54403664,191.9782028,194.24893235,11583472.59256044
2013-07-31 09:15:00,NSE:RELIANCE,193.04612228,197.7786895,189.43766957,196.84566062,16059786.67822702
2013-08-01 09:15:00,NSE:RELIANCE,196.7557373,198.48688199,189.94352617,190.75290347,11256400.64816583
2013-08-02 09:15:00,NSE:RELIANCE,193.34963174,196.03629457,191.1013802,192.67515628,13036241.53490309
2013-08-05 09:15:00,NSE:RELIANCE,193.34963174,196.24988071,192.39412484,193.34963174,12769060.5760563
2013-08-06 09:15:00,NSE:RELIANCE,193.001155,194.29389963,186.63860541,189.10043184,12623040.43758252
2013-08-07 09:15:00,NSE:RELIANCE,189.97725444,198.26205684,186.82970229,195.03582039,19108982.86601098
2013-08-08 09:15:00,NSE:RELIANCE,195.00209212,196.14870714,192.70888455,194.05783547,11557221.08147962
2013-08-12 09:15:00,NSE:RELIANCE,195.37305812,196.23863046,188.95430224,189.30277898,8874772.11407145
2013-08-13 09:15:00,NSE:RELIANCE,189.52760413,193.33839273,187.72900291,191.49482422,11729848.5631058
2013-08-14 09:15:00,NSE:RELIANCE,192.45033112,195.14823296,190.52807831,194.65361538,11448478.80040475
2013-08-16 09:15:00,NSE:RELIANCE,194.4737575,194.92340781,183.71587842,187.05452745,27778599.99921294
2013-08-19 09:15:00,NSE:RELIANCE,185.03110107,187.50417775,181.5575502,183.71587842,16420093.33810721
2013-08-20 09:15:00,NSE:RELIANCE,182.35567725,186.78473502,180.99548732,184.80627592,11609764.13474931
2013-08-21 09:15:00,NSE:RELIANCE,187.2793526,187.66155761,175.40858676,176.65636411,15973977.77416549
2013-08-22 09:15:00,NSE:RELIANCE,175.91444336,181.80486462,174.05963584,180.905564,22666409.55373187
2013-08-23 09:15:00,NSE:RELIANCE,182.94022939,185.41330608,181.77113635,184.00814887,14571759.22549169
2013-08-26 09:15:00,NSE:RELIANCE,184.91868849,186.93087586,181.74865833,185.03110107,10081785.63617732
2013-08-27 09:15:00,NSE:RELIANCE,183.00767469,185.45827336,179.86012255,181.20907346,13313768.31123107
2013-08-28 09:15:00,NSE:RELIANCE,178.7584748,184.03062689,171.74393901,181.65872377,26244621.28233394
2013-08-29 09:15:00,NSE:RELIANCE,183.457325,191.86579022,182.67043696,188.24609851,31353297.88610815
2013-08-30 09:15:00,NSE:RELIANCE,189.70746201,193.34963174,186.22267213,190.98896763,21802200.20148535
2013-09-02 09:15:00,NSE:RELIANCE,191.82082294,200.09438633,191.82082294,199.64473603,21404344.36225167
2013-09-03 09:15:00,NSE:RELIANCE,199.6897033,200.47659134,186.22267213,186.2564004,17616503.06448
2013-09-04 09:15:00,NSE:RELIANCE,187.44797147,194.37258394,187.2793526,190.40442673,13546304.57000865
2013-09-05 09:15:00,NSE:RELIANCE,194.0241072,195.54167698,191.34868338,192.87750341,14492408.67352933
2013-09-06 09:15:00,NSE:RELIANCE,195.59788327,196.3847713,189.1903664,194.4063122,15299849.46665615
2013-09-10 09:15:00,NSE:RELIANCE,196.24988071,200.89251338,194.75478894,199.29625929,18802896.1180378
2013-09-11 09:15:00,NSE:RELIANCE,199.86956118,200.74638377,196.53091215,199.15011844,15109261.36121696
2013-09-12 09:15:00,NSE:RELIANCE,199.64473603,202.56746302,195.85643669,196.08126184,18279805.18121152
2013-09-13 09:15:00,NSE:RELIANCE,195.14823296,198.67799012,194.93464682,195.84518644,9990203.3567544
2013-09-16 09:15:00,NSE:RELIANCE,199.18384671,199.57729073,192.00068082,193.04612228,12251849.76421287
2013-09-17 09:15:00,NSE:RELIANCE,192.52901543,194.24893235,191.68592111,192.88874242,11112800.16777879
2013-09-18 09:15:00,NSE:RELIANCE,193.46204431,196.72200903,192.630189,196.39601031,13933316.42686092
2013-09-19 09:15:00,NSE:RELIANCE,199.65597503,201.43209824,197.96978639,199.72342033,19252022.91088528
2013-09-20 09:15:00,NSE:RELIANCE,199.19508572,202.56746302,195.71029584,199.3074983,18669427.95588902
2013-09-23 09:15:00,NSE:RELIANCE,196.05877258,198.07095995,194.4737575,196.02505556,9023354.2434606
2013-09-24 09:15:00,NSE:RELIANCE,196.04753357,198.869087,195.18196123,196.64332473,12559426.55898579
2013-09-25 09:15:00,NSE:RELIANCE,196.13746813,196.69953102,189.34774626,190.31449217,17764582.58106805
2013-09-26 09:15:00,NSE:RELIANCE,190.34822044,191.13510847,187.7852092,188.87560669,20207200.73223125
2013-09-27 09:15:00,NSE:RELIANCE,189.30277898,192.11309339,188.17865321,188.62830352,12207166.1518242
2013-09-30 09:15:00,NSE:RELIANCE,187.06576646,189.86484186,184.15427847,184.69386334,16188967.06391327
2013-10-01 09:15:00,NSE:RELIANCE,185.77302183,186.58239912,183.83953001,184.59268977,9260921.07815015
2013-10-03 09:15:00,NSE:RELIANCE,185.12103563,190.85407703,185.12103563,189.99973246,9260569.69397946
2013-10-04 09:15:00,NSE:RELIANCE,188.97678026,193.28218644,188.40347837,191.77585566,10075496.30431214
2013-10-07 09:15:00,NSE:RELIANCE,190.56179534,191.64096507,187.95382806,189.95477642,11454034.22862229
2013-10-08 09:15:00,NSE:RELIANCE,191.03393491,192.15806067,188.6732708,189.50512611,12321890.85960251
2013-10-09 09:15:00,NSE:RELIANCE,188.84188966,195.06954865,188.29106579,193.15853485,12154445.18251872
2013-10-10 09:15:00,NSE:RELIANCE,193.12480658,193.97913992,190.66296891,193.57445689,9527884.08985309
2013-10-11 09:15:00,NSE:RELIANCE,194.4737575,195.14823296,192.06812611,194.15899779,9936463.81814402
2013-10-14 09:15:00,NSE:RELIANCE,194.4737575,196.72200903,194.06907447,196.50842289,12360191.73420721
2013-10-15 09:15:00,NSE:RELIANCE,201.7356077,202.0391284,194.24893235,194.81099523,23426871.61760833
2013-10-17 09:15:00,NSE:RELIANCE,195.59788327,199.64473603,194.3950732,197.7112442,17907929.53110408
2013-10-18 09:15:00,NSE:RELIANCE,198.20585055,204.14123909,198.20585055,203.1295259,22548073.15042703
2013-10-21 09:15:00,NSE:RELIANCE,203.61290448,205.82742774,201.47706552,205.26536486,15396729.19604471
2013-10-22 09:15:00,NSE:RELIANCE,204.00634849,204.80447554,201.78057498,203.24193848,10417442.0292988
2013-10-23 09:15:00,NSE:RELIANCE,203.51173091,204.41103152,199.56605172,201.22975111,9094614.06369541
2013-10-24 09:15:00,NSE:RELIANCE,200.55527565,204.81571455,198.14964426,198.68922912,11912955.29924001
2013-10-25 09:15:00,NSE:RELIANCE,198.76791343,200.72389451,197.69999395,198.97026057,10111991.33115357
2013-10-28 09:15:00,NSE:RELIANCE,199.64473603,203.43303536,199.61100776,200.18432089,15631351.52034193
2013-10-29 09:15:00,NSE:RELIANCE,199.8920392,203.23069947,198.72295739,201.45457626,14692181.69431617
2013-10-30 09:15:00,NSE:RELIANCE,201.55574983,202.9946353,201.1510668,201.61195612,9775494.28476298
2013-10-31 09:15:00,NSE:RELIANCE,202.34263786,206.38949062,201.44333725,205.71501516,20110356.58604984
2013-11-01 09:15:00,NSE:RELIANCE,204.61336741,208.31174343,203.09579763,204.25365167,12089674.84968936
2013-11-05 09:15:00,NSE:RELIANCE,203.09579763,207.22134594,203.09579763,204.4559988,11138713.63839161
2013-11-06 09:15:00,NSE:RELIANCE,204.5908894,206.81666291,201.20727309,202.52249574,9780604.92289105
2013-11-07 09:15:00,NSE:RELIANCE,202.11781271,203.6466215,198.31826313,199.09391215,9956288.11243192
2013-11-08 09:15:00,NSE:RELIANCE,199.19508572,199.64473603,195.85643669,196.53091215,8902140.04827685
2013-11-11 09:15:00,NSE:RELIANCE,196.49718388,198.31826313,193.39459902,194.46251849,9050014.96142374
2013-11-12 09:15:00,NSE:RELIANCE,194.4737575,195.95759902,191.14634748,191.21379278,12373224.08382883
2013-11-13 09:15:00,NSE:RELIANCE,191.07890219,193.66439145,189.325257,189.53884314,8531803.371879
2013-11-14 09:15:00,NSE:RELIANCE,191.38241165,194.24893235,191.19131476,191.52855249,8165625.48281773
2013-11-18 09:15:00,NSE:RELIANCE,192.92245945,197.34027821,192.48405939,196.94683419,12274974.40096468
2013-11-19 09:15:00,NSE:RELIANCE,196.72200903,198.94778255,196.72200903,197.62130965,8575877.62184508
2013-11-20 09:15:00,NSE:RELIANCE,196.68828076,198.52061026,192.67515628,193.31590347,13309476.08686764
2013-11-21 09:15:00,NSE:RELIANCE,193.32715372,193.34963174,189.6287777,190.40442673,11657352.22642225
2013-11-22 09:15:00,NSE:RELIANCE,191.32620536,192.55150469,188.65078154,190.85407703,7607195.97338265
2013-11-25 09:15:00,NSE:RELIANCE,190.50558905,192.64142801,189.76366829,191.30372734,10246869.477886
2013-11-26 09:15:00,NSE:RELIANCE,191.21379278,192.630189,188.3023048,188.96554125,14199434.33739387
2013-11-27 09:15:00,NSE:RELIANCE,189.86484186,190.98896763,187.7852092,188.40347837,11612739.7804479
2013-11-28 09:15:00,NSE:RELIANCE,189.55008215,192.54026568,189.55008215,191.12385822,12756424.08961431
2013-11-29 09:15:00,NSE:RELIANCE,191.31496635,192.5627437,190.78662049,191.55103051,10049378.23025816
2013-12-02 09:15:00,NSE:RELIANCE,191.77585566,194.01286819,191.61847581,192.20302795,7342465.80792886
2013-12-03 09:15:00,NSE:RELIANCE,192.22550597,194.58617008,191.24752105,193.68686947,9338149.98138571
2013-12-04 09:15:00,NSE:RELIANCE,193.55197887,195.03582039,191.82082294,192.92245945,8907522.0083595
2013-12-05 09:15:00,NSE:RELIANCE,196.04753357,197.17165934,195.15947197,195.68781783,12743921.04019916
2013-12-06 09:15:00,NSE:RELIANCE,195.63161154,196.64332473,193.61942417,195.14823296,7423106.2511507
2013-12-09 09:15:00,NSE:RELIANCE,198.31826313,199.64473603,196.99180147,197.34027821,12917206.81115777
2013-12-10 09:15:00,NSE:RELIANCE,197.50889707,199.80211588,197.50889707,199.03770586,8864297.30746431
2013-12-11 09:15:00,NSE:RELIANCE,198.40819768,198.95902156,196.15994615,198.77916368,5060772.71113775
2013-12-12 09:15:00,NSE:RELIANCE,197.39648449,197.8461348,195.14823296,195.66532857,5785144.5071542
2013-12-13 09:15:00,NSE:RELIANCE,194.92340781,195.17071098,192.82129712,194.03534621,9075314.62171308
2013-12-16 09:15:00,NSE:RELIANCE,193.34963174,193.85548833,189.57257141,189.97725444,10214043.96928274
2013-12-17 09:15:00,NSE:RELIANCE,190.80910975,191.75337765,188.12244692,188.3697501,10258069.29233898
2013-12-18 09:15:00,NSE:RELIANCE,188.6732708,194.21520408,188.6732708,193.64190219,12210604.37921584
2013-12-19 09:15:00,NSE:RELIANCE,194.33886691,194.33886691,189.68498399,191.66344309,13675369.31027164
2013-12-20 09:15:00,NSE:RELIANCE,196.04753357,201.89298756,193.82176006,201.2185121,20851430.24992608
2013-12-23 09:15:00,NSE:RELIANCE,202.11781271,204.36606424,200.09438633,200.75762278,16462628.61436372
2013-12-24 09:15:00,NSE:RELIANCE,201.55574983,203.46676363,201.24099012,201.69064042,7428910.76181835
2013-12-26 09:15:00,NSE:RELIANCE,201.10609952,202.34263786,198.31826313,199.57729073,14864244.29252871
2013-12-27 09:15:00,NSE:RELIANCE,199.77962662,200.97120893,197.14918132,197.4077235,7874016.65225697
2013-12-30 09:15:00,NSE:RELIANCE,198.07095995,200.06065806,196.91310592,199.09391215,10487954.60218329
2013-12-31 09:15:00,NSE:RELIANCE,199.64473603,201.94919385,199.44238889,200.99368694,5801388.24122183
2014-01-01 09:15:00,NSE:RELIANCE,201.76933597,201.94919385,199.55480147,199.70094231,5947172.64094819
2014-01-02 09:15:00,NSE:RELIANCE,199.57729073,201.44333725,195.62036129,196.27235873,6124319.18988343
2014-01-03 09:15:00,NSE:RELIANCE,195.95759902,196.35104303,192.22550597,194.51872478,13048419.88755292
2014-01-06 09:15:00,NSE:RELIANCE,193.82176006,194.08031348,191.1013802,192.25923424,13538436.23332583
2014-01-07 09:15:00,NSE:RELIANCE,192.13557141,193.33839273,188.86436768,188.99926952,17600837.55752869
2014-01-08 09:15:00,NSE:RELIANCE,189.84236384,192.75384058,189.84236384,190.87655505,12939157.20207336
2014-01-09 09:15:00,NSE:RELIANCE,191.20255377,191.95571354,189.98849345,191.77585566,8448076.0854362
2014-01-10 09:15:00,NSE:RELIANCE,190.73041421,197.01427948,190.6517299,192.48405939,15088035.97814721
2014-01-13 09:15:00,NSE:RELIANCE,195.20443925,198.52061026,195.14823296,198.18337253,12260149.54728247
2014-01-14 09:15:00,NSE:RELIANCE,197.50889707,198.869087,196.14870714,197.66627693,12277394.05905143
2014-01-15 09:15:00,NSE:RELIANCE,198.90281527,201.2185121,198.07095995,198.40819768,12872047.27337336
2014-01-16 09:15:00,NSE:RELIANCE,199.80211588,200.83630709,198.30702412,199.01522784,18339878.53069602
2014-01-17 09:15:00,NSE:RELIANCE,199.90328945,201.64568439,197.90234109,198.63302284,15721683.93961343
2014-01-20 09:15:00,NSE:RELIANCE,199.39743285,199.86956118,194.72106067,195.14823296,16853132.07341838
2014-01-21 09:15:00,NSE:RELIANCE,196.19367442,196.40724932,193.79928204,194.00162918,9970281.20864681
2014-01-22 09:15:00,NSE:RELIANCE,194.13651977,196.80069334,192.9337097,195.14823296,8660103.07318809
2014-01-23 09:15:00,NSE:RELIANCE,193.48452233,195.89015372,193.48452233,194.69858266,13997459.60566413
2014-01-24 09:15:00,NSE:RELIANCE,193.79928204,196.64332473,193.59693491,194.87844053,12077581.00715653
2014-01-27 09:15:00,NSE:RELIANCE,192.45033112,193.52948961,188.93181298,190.37069846,12552203.16793272
2014-01-28 09:15:00,NSE:RELIANCE,190.42690475,192.45033112,189.46015883,190.13463429,11767255.40963065
2014-01-29 09:15:00,NSE:RELIANCE,191.05641293,191.66344309,187.72900291,187.8638935,12581003.32622623
2014-01-30 09:15:00,NSE:RELIANCE,186.91963685,187.47044948,184.85124319,185.61564197,14337764.05522063
2014-01-31 09:15:00,NSE:RELIANCE,185.93040168,187.38052617,185.7393048,186.72852873,11222863.4754194
2014-02-03 09:15:00,NSE:RELIANCE,185.75054381,186.55990986,184.23297402,184.46903819,8365291.7539831
2014-02-04 09:15:00,NSE:RELIANCE,183.12008727,185.85171737,182.81657781,185.19971993,12568891.69208982
2014-02-05 09:15:00,NSE:RELIANCE,184.37910363,184.69386334,181.4114206,183.52477029,11487308.97521592
2014-02-06 09:15:00,NSE:RELIANCE,184.35662561,185.27840424,181.69245204,183.43484698,11007473.87459109
2014-02-07 09:15:00,NSE:RELIANCE,184.82875393,185.21095894,182.24326467,182.78284954,8600447.82638769
2014-02-10 09:15:00,NSE:RELIANCE,183.28870613,185.61564197,182.3669275,184.75006963,10518129.16185328
2014-02-11 09:15:00,NSE:RELIANCE,185.03110107,185.48075138,180.47839172,180.70321687,12819935.66649046
2014-02-12 09:15:00,NSE:RELIANCE,181.65872377,184.7837979,181.52383318,183.88449728,9993183.45035388
2014-02-13 09:15:00,NSE:RELIANCE,184.10932244,184.10932244,180.99548732,181.52383318,8802013.35123511
2014-02-14 09:15:00,NSE:RELIANCE,182.53554636,185.25592622,181.65872377,184.81751492,9372839.16046387
2014-02-17 09:15:00,NSE:RELIANCE,183.828291,184.80627592,181.44513763,182.62546968,9209921.44649093
2014-02-18 09:15:00,NSE:RELIANCE,181.45637664,183.87324703,181.45637664,182.81657781,5837242.77033442
2014-02-19 09:15:00,NSE:RELIANCE,182.78284954,184.35662561,182.10837408,182.61423067,6232607.78506704
2014-02-20 09:15:00,NSE:RELIANCE,182.40064453,182.94022939,180.55707602,181.08542188,8175913.47758729
2014-02-21 09:15:00,NSE:RELIANCE,181.45637664,183.457325,181.11913891,182.44561181,6360849.66366449
2014-02-24 09:15:00,NSE:RELIANCE,181.66996278,183.22126083,181.05169361,182.63670869,6914301.97199835
2014-02-25 09:15:00,NSE:RELIANCE,183.07511999,183.457325,181.5575502,182.23202566,7157001.68432043
2014-02-26 09:15:00,NSE:RELIANCE,182.33319923,183.64842188,181.71493006,182.26575393,13835511.53408625
2014-02-28 09:15:00,NSE:RELIANCE,182.26575393,183.31118415,178.30882449,179.84888354,19266625.36952275
2014-03-03 09:15:00,NSE:RELIANCE,179.88260056,181.38893134,179.21937536,180.62453256,11829970.81224664
2014-03-04 09:15:00,NSE:RELIANCE,180.53459801,183.15381554,180.44466345,182.77161053,9147441.78262236
2014-03-05 09:15:00,NSE:RELIANCE,183.35615143,183.9069753,181.01797658,181.43389862,12025358.20275126
2014-03-06 09:15:00,NSE:RELIANCE,181.96223323,185.34586078,181.95099422,184.90744948,10342628.33624909
2014-03-07 09:15:00,NSE:RELIANCE,185.48075138,196.49718388,185.48075138,195.46299267,34158775.79226512
2014-03-10 09:15:00,NSE:RELIANCE,194.49623552,203.16325417,194.11404175,199.07143413,33418898.61372957
2014-03-11 09:15:00,NSE:RELIANCE,198.97026057,199.59976875,196.07001159,196.66580275,12993808.56036716
2014-03-12 09:15:00,NSE:RELIANCE,196.49718388,198.49813224,195.06954865,195.90139273,9589038.27925502
2014-03-13 09:15:00,NSE:RELIANCE,196.72200903,201.16230581,196.65456374,197.74496123,17509695.62029435
2014-03-14 09:15:00,NSE:RELIANCE,196.49718388,200.08314732,195.38429712,199.22881399,16817028.46185568
2014-03-18 09:15:00,NSE:RELIANCE,199.98197376,204.32109696,199.98197376,201.54451082,19353021.3965024
2014-03-19 09:15:00,NSE:RELIANCE,202.34263786,204.56841138,201.27471839,203.01711332,16650134.32448284
2014-03-20 09:15:00,NSE:RELIANCE,202.70235361,204.02882651,201.92671583,203.69158878,30208590.55973594
2014-03-21 09:15:00,NSE:RELIANCE,203.91641394,205.34404916,198.32951338,199.15011844,22419559.94987499
2014-03-24 09:15:00,NSE:RELIANCE,200.37541777,204.30985795,200.3416895,203.55669819,29297126.70838358
2014-03-25 09:15:00,NSE:RELIANCE,197.62130965,198.40819768,196.15994615,197.68875494,31822756.03394553
2014-03-26 09:15:00,NSE:RELIANCE,198.12716624,203.00587431,198.10468822,200.36417876,14041867.44819732
2014-03-27 09:15:00,NSE:RELIANCE,201.18478383,203.44428561,200.56651466,202.51125673,56334088.16030666
2014-03-28 09:15:00,NSE:RELIANCE,202.34263786,206.82790192,202.34263786,205.97356858,18979682.38700057
2014-03-31 09:15:00,NSE:RELIANCE,205.9960466,211.29067671,205.31033213,209.25601132,19065340.06243169
2014-04-01 09:15:00,NSE:RELIANCE,210.43634338,212.45976976,208.9300126,211.92018489,15902046.32089557
2014-04-02 09:15:00,NSE:RELIANCE,212.45976976,216.28179736,210.9084717,215.42746403,27227820.87931683
2014-04-03 09:15:00,NSE:RELIANCE,215.11270432,216.4953835,211.42557855,214.17968668,26994701.94552204
2014-04-04 09:15:00,NSE:RELIANCE,214.03354583,214.31457727,211.68412073,212.29115089,12723051.48920099
2014-04-07 09:15:00,NSE:RELIANCE,212.2349446,214.69678228,210.06537738,212.26867287,13120965.15114631
2014-04-09 09:15:00,NSE:RELIANCE,213.58389552,217.33847783,212.94314833,216.31552563,13663582.37290055
2014-04-10 09:15:00,NSE:RELIANCE,216.88882752,218.95722118,216.32676464,217.86681244,10827511.80438947
2014-04-11 09:15:00,NSE:RELIANCE,216.34924266,218.31646275,213.71878612,214.42698985,11887050.72442898
2014-04-15 09:15:00,NSE:RELIANCE,213.58389552,214.48319614,210.57123397,213.38154839,9419386.44332743
2014-04-16 09:15:00,NSE:RELIANCE,212.79700749,215.6073219,210.9084717,211.62791444,12588235.61308109
2014-04-17 09:15:00,NSE:RELIANCE,212.45976976,216.23683008,212.18997732,215.62979992,7976945.5268624
2014-04-21 09:15:00,NSE:RELIANCE,218.06915958,218.06915958,214.95532446,215.7422125,12014732.1675137
2014-04-22 09:15:00,NSE:RELIANCE,215.83214705,222.29587021,214.95532446,217.57454199,19654962.70084166
2014-04-23 09:15:00,NSE:RELIANCE,217.85557343,220.77830042,216.78765396,217.4396514,15544048.12157976
2014-04-25 09:15:00,NSE:RELIANCE,217.63074828,217.85557343,212.68459491,213.1904515,13473670.34839737
2014-04-28 09:15:00,NSE:RELIANCE,213.53892824,214.93284644,211.63915345,212.45976976,16888230.45937885
2014-04-29 09:15:00,NSE:RELIANCE,212.69583392,213.97733954,210.88599368,211.40308929,8536847.29149364
2014-04-30 09:15:00,NSE:RELIANCE,212.21246658,215.83214705,208.88504532,210.3913761,14631734.7211565
2014-05-02 09:15:00,NSE:RELIANCE,211.33564399,212.99935462,208.18809185,208.66022017,9222170.96555507
2014-05-05 09:15:00,NSE:RELIANCE,207.96326669,215.49490932,207.96326669,212.87569179,15453306.49542595
2014-05-06 09:15:00,NSE:RELIANCE,213.1117672,217.40592313,213.03307165,216.58530682,12599350.91741708
2014-05-07 09:15:00,NSE:RELIANCE,215.85462507,218.3951583,215.1689106,216.02324394,10748276.89785038
2014-05-08 09:15:00,NSE:RELIANCE,216.52910053,218.10287661,213.75251439,215.89959235,12148916.44170655
2014-05-09 09:15:00,NSE:RELIANCE,214.88787916,224.60032803,214.88787916,224.28556832,18760547.65361889
2014-05-12 09:15:00,NSE:RELIANCE,223.6785494,235.84158569,223.49868028,231.27763508,31363394.62113924
2014-05-13 09:15:00,NSE:RELIANCE,233.81815931,240.29312372,232.58162097,239.07906789,27312299.86101084
2014-05-14 09:15:00,NSE:RELIANCE,239.21396299,240.1132636,234.06546698,235.05469765,19699566.25101422
2014-05-15 09:15:00,NSE:RELIANCE,235.05469765,238.31466237,233.64954044,236.83081636,21213480.48695701
2014-05-16 09:15:00,NSE:RELIANCE,245.08189948,257.48100668,238.78679519,242.64254657,53513362.84988248
2014-05-19 09:15:00,NSE:RELIANCE,245.28424212,252.87209104,244.36245899,251.81541282,24195749.10997766
2014-05-20 09:15:00,NSE:RELIANCE,253.58029027,253.82759794,241.84441728,242.77744166,22885335.23577152
2014-05-21 09:15:00,NSE:RELIANCE,242.77744166,247.9709027,241.40600823,242.45144519,22359184.14312964
2014-05-22 09:15:00,NSE:RELIANCE,244.16011636,250.32032555,243.86784366,247.48752862,19058512.53455825
2014-05-23 09:15:00,NSE:RELIANCE,249.90439902,254.5020734,247.75731881,253.47911895,16843738.10672866
2014-05-26 09:15:00,NSE:RELIANCE,254.61448598,256.30067463,241.68703967,247.68987126,16342259.52034997
2014-05-27 09:15:00,NSE:RELIANCE,247.98214396,249.10626973,241.70952219,244.5985254,11461818.05518811
2014-05-28 09:15:00,NSE:RELIANCE,244.96948691,248.79151451,243.87908491,244.8121093,11541564.47033009
2014-05-29 09:15:00,NSE:RELIANCE,245.62147985,245.82382249,240.1919524,241.3610432,28121506.47079287
2014-05-30 09:15:00,NSE:RELIANCE,243.9352912,244.99196942,238.31466237,239.37134059,17582956.99593179
2014-06-02 09:15:00,NSE:RELIANCE,241.63083338,244.66597295,239.50623568,243.30578077,8953499.95990854
2014-06-03 09:15:00,NSE:RELIANCE,243.55308844,247.75731881,242.21537878,246.2734728,11056120.56667698
2014-06-04 09:15:00,NSE:RELIANCE,245.65520362,247.71235378,241.96807111,242.24910255,8973942.51242082
2014-06-05 09:15:00,NSE:RELIANCE,242.47392771,246.16106022,239.27016927,245.03693445,20308314.86327162
2014-06-06 09:15:00,NSE:RELIANCE,248.97137463,254.72689856,248.22945163,252.34375193,29809422.58973832
2014-06-09 09:15:00,NSE:RELIANCE,254.0524231,254.65945101,250.02805285,252.39995822,13723424.43153852
2014-06-10 09:15:00,NSE:RELIANCE,254.15359441,254.15359441,247.40883982,251.4219688,16024043.3466368
2014-06-11 09:15:00,NSE:RELIANCE,251.80417156,251.80417156,245.62147985,247.77980132,15417887.86060105
2014-06-12 09:15:00,NSE:RELIANCE,246.98167203,250.34280807,243.73294856,245.99244135,11964043.88891712
2014-06-13 09:15:00,NSE:RELIANCE,247.37511605,248.88144457,241.16994182,243.23833323,14891732.32005828
2014-06-16 09:15:00,NSE:RELIANCE,243.71046605,243.71046605,237.67391069,239.53995946,14611599.07380597
2014-06-17 09:15:00,NSE:RELIANCE,237.88749458,245.80133997,237.88749458,245.07065823,16089480.86460038
2014-06-18 09:15:00,NSE:RELIANCE,244.60976666,247.67863,238.46079872,239.83223216,19533850.80737849
2014-06-19 09:15:00,NSE:RELIANCE,241.46221452,241.67579841,231.92962802,234.29029213,23512849.54190387
2014-06-20 09:15:00,NSE:RELIANCE,235.14462771,235.93151575,232.52541468,233.03127127,13069961.0715862
2014-06-23 09:15:00,NSE:RELIANCE,233.14368385,234.91980256,230.22095686,233.35726775,15015157.12198672
2014-06-24 09:15:00,NSE:RELIANCE,234.94228508,238.9441728,234.94228508,238.2809386,12088896.46703278
2014-06-25 09:15:00,NSE:RELIANCE,237.78632326,238.16852602,235.65048431,236.29123599,10741391.5472653
2014-06-26 09:15:00,NSE:RELIANCE,230.44578201,230.8729498,226.33148171,227.5005725,24889879.6278107
2014-06-27 09:15:00,NSE:RELIANCE,227.07340471,230.10854428,226.44389428,227.54553754,9379706.71944536
2014-06-30 09:15:00,NSE:RELIANCE,227.64670885,229.32165625,224.82515318,228.28746054,21001831.57078119
2014-07-01 09:15:00,NSE:RELIANCE,228.69214582,229.44531008,226.387688,226.62375441,9814631.36473589
2014-07-02 09:15:00,NSE:RELIANCE,228.64718079,230.97412112,227.52305502,228.92821223,12498979.58582612
2014-07-03 09:15:00,NSE:RELIANCE,229.32165625,230.44578201,225.61204122,226.28651668,11768878.89345724
2014-07-04 09:15:00,NSE:RELIANCE,225.94927895,233.09871882,225.56707619,232.00831683,13173699.46415447
2014-07-07 09:15:00,NSE:RELIANCE,232.24438324,233.14368385,229.5464814,230.94039735,14253427.40635526
2014-07-08 09:15:00,NSE:RELIANCE,230.67060716,232.58162097,222.57690165,223.71226643,17777032.25567245
2014-07-09 09:15:00,NSE:RELIANCE,225.27480349,227.0509222,223.13896453,225.03873708,15152268.11496831
2014-07-10 09:15:00,NSE:RELIANCE,224.88135947,229.65889398,220.56471428,224.195645,18911006.79718562
2014-07-11 09:15:00,NSE:RELIANCE,223.74599469,225.27480349,216.65276336,217.29351055,18081104.10454032
2014-07-14 09:15:00,NSE:RELIANCE,217.76563888,219.18204633,215.49490932,216.22559107,13994853.13573981
2014-07-15 09:15:00,NSE:RELIANCE,216.59655707,220.32865012,216.51786152,218.57501617,15601621.75076142
2014-07-16 09:15:00,NSE:RELIANCE,218.9796992,223.25137711,218.9796992,222.50945635,14190978.87779295
2014-07-17 09:15:00,NSE:RELIANCE,222.12725134,224.42047015,220.39609542,220.890713,9584461.38923432
2014-07-18 09:15:00,NSE:RELIANCE,220.32865012,221.12677716,217.92301873,219.59796837,9488698.08297033
2014-07-21 09:15:00,NSE:RELIANCE,224.82515318,226.62375441,223.71226643,224.29681857,17271216.96592138
2014-07-22 09:15:00,NSE:RELIANCE,225.72445379,232.44672587,225.07246085,231.78349167,28966158.40280518
2014-07-23 09:15:00,NSE:RELIANCE,232.7052748,233.77319428,229.55772266,232.30058953,13950756.64626924
2014-07-24 09:15:00,NSE:RELIANCE,231.56990778,234.5375998,230.22095686,234.05422572,9835603.21745465
2014-07-25 09:15:00,NSE:RELIANCE,234.2453271,234.56008231,226.41017051,229.73758278,13758789.69155269
2014-07-28 09:15:00,NSE:RELIANCE,229.5464814,230.11978554,225.18487343,226.08417404,9529583.18799489
2014-07-30 09:15:00,NSE:RELIANCE,225.72445379,227.29822987,223.25137711,226.20782787,18927891.0289821
2014-07-31 09:15:00,NSE:RELIANCE,226.61251315,229.29917373,225.27480349,226.27527542,18019060.33495944
2014-08-01 09:15:00,NSE:RELIANCE,223.70102742,224.60032803,219.20452435,219.4967948,16090739.62055359
2014-08-04 09:15:00,NSE:RELIANCE,220.55347527,222.50945635,219.44058851,221.45277588,14917405.60402278
2014-08-05 09:15:00,NSE:RELIANCE,221.4752539,222.09352307,218.30522374,221.19422246,12438443.65464856
2014-08-06 09:15:00,NSE:RELIANCE,221.43029787,224.51039347,220.21623754,222.16097961,16631808.97279646
2014-08-07 09:15:00,NSE:RELIANCE,222.3520765,224.08323242,221.08180988,222.41952179,11025407.81099873
2014-08-08 09:15:00,NSE:RELIANCE,220.22747655,221.11553815,218.77735206,220.44106269,9270871.0324517
2014-08-11 09:15:00,NSE:RELIANCE,221.48650415,221.95863248,219.74410922,220.44106269,6808735.49216233
2014-08-12 09:15:00,NSE:RELIANCE,221.67760104,221.89118718,219.50803381,221.31788529,9715999.1623948
2014-08-13 09:15:00,NSE:RELIANCE,221.07057088,224.06074316,220.32865012,222.61062992,14349666.63801498
2014-08-14 09:15:00,NSE:RELIANCE,223.70102742,225.94927895,222.97034567,225.48838738,12263698.97219649
2014-08-18 09:15:00,NSE:RELIANCE,225.07246085,228.2987018,224.2630903,227.75912143,7771274.58948912
2014-08-19 09:15:00,NSE:RELIANCE,228.19753048,229.99613171,226.19658662,226.91602711,14802712.03155073
2014-08-20 09:15:00,NSE:RELIANCE,227.29822987,228.97317726,223.77971172,224.45418718,13239746.34454063
2014-08-21 09:15:00,NSE:RELIANCE,224.82515318,225.72445379,222.59937967,223.72350543,16724174.08277686
2014-08-22 09:15:00,NSE:RELIANCE,224.8476357,226.39892925,223.76847271,224.44294817,8714892.31640963
2014-08-25 09:15:00,NSE:RELIANCE,224.82515318,226.73616698,223.35255068,223.88088529,7579850.27868172
2014-08-26 09:15:00,NSE:RELIANCE,223.92585257,224.13943871,221.00312558,223.33006142,9707810.57684756
2014-08-27 09:15:00,NSE:RELIANCE,224.195645,225.22983846,221.86869792,223.40875697,8531883.4340951
2014-08-28 09:15:00,NSE:RELIANCE,223.61109286,225.72445379,223.61109286,224.53288273,16180049.0226193
2014-09-01 09:15:00,NSE:RELIANCE,225.8031426,229.5464814,223.83591801,227.99518784,16468210.72998663
2014-09-02 09:15:00,NSE:RELIANCE,228.98441852,231.91838676,227.20829981,230.17599183,16833521.27837342
2014-09-03 09:15:00,NSE:RELIANCE,230.47950578,232.90761744,229.56896391,231.85093922,22288729.39295678
2014-09-04 09:15:00,NSE:RELIANCE,231.34508262,232.44672587,228.89448845,230.64812465,9502998.08434696
2014-09-05 09:15:00,NSE:RELIANCE,231.05280992,232.34555456,229.45655134,230.59191836,9230608.63355242
2014-09-08 09:15:00,NSE:RELIANCE,232.44672587,233.67202296,231.12025747,233.30106146,14118909.5395953
2014-09-09 09:15:00,NSE:RELIANCE,232.0420406,234.11043201,231.1652225,232.24438324,9319913.58771722
2014-09-10 09:15:00,NSE:RELIANCE,231.15398124,231.36756514,227.65795011,228.38863186,9617144.56500896
2014-09-11 09:15:00,NSE:RELIANCE,229.38910379,231.56990778,226.62375441,229.18676115,10796607.78897274
2014-09-12 09:15:00,NSE:RELIANCE,228.98441852,230.22095686,227.39940119,228.33242557,8896139.82996983
2014-09-15 09:15:00,NSE:RELIANCE,226.87106208,227.52305502,225.04997834,225.44342235,8884468.538022
2014-09-16 09:15:00,NSE:RELIANCE,225.1399084,225.75817757,219.54176208,220.19375952,13464356.44392376
2014-09-17 09:15:00,NSE:RELIANCE,221.43029787,222.70055324,220.09258596,222.27339219,11069255.21801918
2014-09-18 09:15:00,NSE:RELIANCE,221.45277588,227.07340471,221.16050543,225.92679643,9241034.51324971
2014-09-19 09:15:00,NSE:RELIANCE,226.1741041,228.3773906,222.8017268,223.80220098,17456818.97445755
2014-09-22 09:15:00,NSE:RELIANCE,223.25137711,223.92585257,222.05980605,222.92537839,8032277.4139931
2014-09-23 09:15:00,NSE:RELIANCE,222.95910666,223.80220098,216.51786152,217.1473697,17990171.21864803
2014-09-24 09:15:00,NSE:RELIANCE,217.74316086,219.00217722,214.79795585,216.96751183,15651313.69955757
2014-09-25 09:15:00,NSE:RELIANCE,217.20357599,217.585781,207.43493208,209.05366419,33645203.36335361
2014-09-26 09:15:00,NSE:RELIANCE,208.86256731,211.70660999,206.23211077,209.81807421,16170837.41986627
2014-09-29 09:15:00,NSE:RELIANCE,210.64992952,211.94267415,208.9974579,209.79559619,12689758.95100378
2014-09-30 09:15:00,NSE:RELIANCE,208.63774215,213.23541878,207.9745057,212.61714961,17937049.93826202
2014-10-01 09:15:00,NSE:RELIANCE,212.14501005,212.59466035,208.18809185,208.45788428,8800936.95921858
2014-10-07 09:15:00,NSE:RELIANCE,208.46912329,210.18904021,207.61478995,208.22182012,12611529.2700669
2014-10-08 09:15:00,NSE:RELIANCE,207.09769435,211.67288172,207.09769435,210.59372323,9992058.13142751
2014-10-09 09:15:00,NSE:RELIANCE,210.93096096,215.21387788,210.93096096,214.62933698,11351292.16585444
2014-10-10 09:15:00,NSE:RELIANCE,212.90942006,217.85557343,210.4588214,215.9782879,15724170.31621359
2014-10-13 09:15:00,NSE:RELIANCE,216.23683008,216.90006653,213.14548423,215.36001873,14113905.65108871
2014-10-14 09:15:00,NSE:RELIANCE,220.10382497,220.10382497,215.51738734,216.1131785,19396806.53291032
2014-10-16 09:15:00,NSE:RELIANCE,213.95486152,215.13519358,208.63774215,209.31221761,19335060.77268939
2014-10-17 09:15:00,NSE:RELIANCE,210.43634338,211.48178484,208.00823397,210.86351567,15569236.58434673
2014-10-20 09:15:00,NSE:RELIANCE,210.99840626,211.47053459,204.93936613,210.22275723,21541455.35523326
2014-10-21 09:15:00,NSE:RELIANCE,210.04289936,210.66116853,208.43539502,208.94125161,17916344.95959695
2014-10-22 09:15:00,NSE:RELIANCE,210.23399624,213.7637534,209.79559619,212.6059106,13607734.52926605
2014-10-23 09:15:00,NSE:RELIANCE,213.47148295,214.59560871,213.35907037,214.19092568,2514651.90615369
2014-10-27 09:15:00,NSE:RELIANCE,216.72020866,216.72020866,210.61620125,211.63915345,10240989.35290314
2014-10-28 09:15:00,NSE:RELIANCE,211.58294716,211.7852943,208.21056987,209.99793208,22391600.44485059
2014-10-29 09:15:00,NSE:RELIANCE,210.57123397,214.34830554,210.02042134,213.94361127,17809648.71293366
2014-10-30 09:15:00,NSE:RELIANCE,213.13424522,220.67712686,212.93189808,220.16003125,33292467.03079628
2014-10-31 09:15:00,NSE:RELIANCE,220.74457216,225.65700625,220.74457216,224.94880702,14321538.11275657
2014-11-03 09:15:00,NSE:RELIANCE,225.72445379,226.84857956,222.61062992,225.35349229,12583022.67323245
2014-11-05 09:15:00,NSE:RELIANCE,225.27480349,226.73616698,222.2171859,222.8691721,15992934.72777892
2014-11-07 09:15:00,NSE:RELIANCE,222.67807522,223.77971172,219.89023882,220.44106269,11828138.277078
2014-11-10 09:15:00,NSE:RELIANCE,220.9581583,222.53193437,217.46212942,217.93425774,10657762.1146422
2014-11-11 09:15:00,NSE:RELIANCE,218.61998345,222.08228406,217.23730426,219.81155451,10268926.61842307
2014-11-12 09:15:00,NSE:RELIANCE,220.76706142,221.00312558,217.78812814,218.99093821,9441301.25103587
2014-11-13 09:15:00,NSE:RELIANCE,218.9796992,220.28368284,216.59655707,217.91177972,7159234.5305696
2014-11-14 09:15:00,NSE:RELIANCE,217.85557343,219.82279352,216.96751183,217.8893017,8564824.58812163
2014-11-17 09:15:00,NSE:RELIANCE,217.18109797,222.02607778,217.18109797,221.49774316,10395251.45173489
2014-11-18 09:15:00,NSE:RELIANCE,221.55394945,224.30805758,221.49774316,222.27339219,13634742.18349898
2014-11-19 09:15:00,NSE:RELIANCE,222.27339219,223.02655196,219.54176208,219.91272808,8234701.38371321
2014-11-20 09:15:00,NSE:RELIANCE,219.87899981,221.16050543,218.14784388,220.49726898,11531605.62022675
2014-11-21 09:15:00,NSE:RELIANCE,220.3736174,225.04997834,220.3736174,224.30805758,11936111.07129808
2014-11-24 09:15:00,NSE:RELIANCE,224.87011821,225.75817757,220.71085513,221.53146019,12633924.45107197
2014-11-25 09:15:00,NSE:RELIANCE,221.4752539,223.6785494,218.82231934,223.25137711,14850349.05013351
2014-11-26 09:15:00,NSE:RELIANCE,223.01531295,223.25137711,220.91319102,221.9136652,13375176.030984
2014-11-27 09:15:00,NSE:RELIANCE,222.57690165,223.25137711,221.01436459,222.27339219,12485226.67625956
2014-11-28 09:15:00,NSE:RELIANCE,222.50945635,228.72586959,221.04809286,222.9366174,21230209.04222217
2014-12-01 09:15:00,NSE:RELIANCE,222.3520765,223.01531295,215.50614833,216.1918628,17672733.42759144
2014-12-02 09:15:00,NSE:RELIANCE,216.28179736,218.36143003,215.38249675,216.42793821,9611055.38868404
2014-12-03 09:15:00,NSE:RELIANCE,215.50614833,218.9796992,215.50614833,217.70943259,9953494.83067002
2014-12-04 09:15:00,NSE:RELIANCE,217.6532263,219.19328534,214.86540114,215.50614833,10955406.74671714
2014-12-05 09:15:00,NSE:RELIANCE,216.05697221,217.40592313,214.73049931,215.2363559,10216227.88862206
2014-12-08 09:15:00,NSE:RELIANCE,215.83214705,216.47289424,211.84150059,212.3698352,10409929.52468757
2014-12-09 09:15:00,NSE:RELIANCE,211.56046914,213.74127538,209.31221761,211.30191572,10775911.70610946
2014-12-10 09:15:00,NSE:RELIANCE,209.41339118,211.54923013,209.08739246,209.66069435,13464111.80937455
2014-12-11 09:15:00,NSE:RELIANCE,208.86256731,208.86256731,203.09579763,203.72531705,22998770.05229034
2014-12-12 09:15:00,NSE:RELIANCE,203.91641394,204.81571455,197.69999395,198.37446941,18173633.78685382
2014-12-15 09:15:00,NSE:RELIANCE,197.38524548,198.25081783,196.04753357,197.57634237,12859379.65162511
2014-12-16 09:15:00,NSE:RELIANCE,197.12669206,198.57681655,193.28218644,194.38382294,21235399.74256634
2014-12-17 09:15:00,NSE:RELIANCE,194.52996379,196.69953102,194.35010592,195.48547069,21127293.51131943
2014-12-18 09:15:00,NSE:RELIANCE,198.19461154,198.92529329,194.3950732,197.86861282,15220939.25688237
2014-12-19 09:15:00,NSE:RELIANCE,198.99273858,204.23117365,198.40819768,202.46628945,20409073.16224042
2014-12-22 09:15:00,NSE:RELIANCE,202.79228817,203.87144666,200.31921149,203.44428561,8443966.22500945
2014-12-23 09:15:00,NSE:RELIANCE,202.87097248,203.27566675,200.49906936,200.93748066,10760108.31423041
2014-12-24 09:15:00,NSE:RELIANCE,200.93748066,201.70189067,197.8461348,198.77916368,22855507.61237132
2014-12-26 09:15:00,NSE:RELIANCE,199.32997631,200.69017748,197.86861282,199.83583291,4971881.41175615
2014-12-29 09:15:00,NSE:RELIANCE,199.7571486,202.12905172,199.40867186,201.6681624,7047525.49959793
2014-12-30 09:15:00,NSE:RELIANCE,201.69064042,201.98292212,197.19413736,197.87986307,11821768.88299672
2014-12-31 09:15:00,NSE:RELIANCE,197.8461348,200.97120893,197.63254866,200.35293975,8606488.07580276
2015-01-01 09:15:00,NSE:RELIANCE,199.26253102,200.54403664,198.66675111,199.62225801,3013181.53423917
2015-01-02 09:15:00,NSE:RELIANCE,199.66721404,201.45457626,198.81288071,199.09391215,7453912.41274774
2015-01-05 09:15:00,NSE:RELIANCE,198.97026057,200.29673347,196.5196619,196.91310592,10272831.87540866
2015-01-06 09:15:00,NSE:RELIANCE,195.59788327,196.27235873,187.05452745,187.97630608,18939353.26958788
2015-01-07 09:15:00,NSE:RELIANCE,188.20113123,193.0798393,188.17865321,192.06812611,21066659.72632218
2015-01-08 09:15:00,NSE:RELIANCE,193.37210976,194.00162918,188.88685694,189.31401799,20204398.55466756
2015-01-09 09:15:00,NSE:RELIANCE,190.74166446,193.79928204,189.97725444,193.41707703,13616652.57056003
2015-01-12 09:15:00,NSE:RELIANCE,193.46204431,193.57445689,189.21284442,191.1688255,10268939.96212575
2015-01-13 09:15:00,NSE:RELIANCE,191.77585566,192.21426696,188.96554125,189.5613324,10115007.00796021
2015-01-14 09:15:00,NSE:RELIANCE,189.52760413,190.42690475,186.87466957,187.7177639,11570262.32690303
2015-01-15 09:15:00,NSE:RELIANCE,188.85312867,195.84518644,188.85312867,194.30513864,17210027.19331229
2015-01-16 09:15:00,NSE:RELIANCE,193.34963174,196.72200903,191.56226952,195.53043797,19456844.29918767
2015-01-19 09:15:00,NSE:RELIANCE,195.64285055,199.19508572,193.06860029,197.76745049,13562944.16725591
2015-01-20 09:15:00,NSE:RELIANCE,198.18337253,203.59041522,197.58758138,203.02835233,13584658.81942408
2015-01-21 09:15:00,NSE:RELIANCE,203.46676363,204.90564911,200.55527565,203.86020765,17369866.95986606
2015-01-22 09:15:00,NSE:RELIANCE,203.5004919,203.96138121,197.73372222,198.68922912,24118142.13516604
2015-01-23 09:15:00,NSE:RELIANCE,200.09438633,201.84802028,197.17165934,199.39743285,18382716.26421337
2015-01-27 09:15:00,NSE:RELIANCE,200.74638377,201.60071711,197.95854738,199.88080019,18239747.3857534
2015-01-28 09:15:00,NSE:RELIANCE,199.21756374,204.54592212,199.21756374,203.88268567,19620700.52024939
2015-01-29 09:15:00,NSE:RELIANCE,203.93889195,210.09910565,203.89393592,208.95250186,36721371.62216334
2015-01-30 09:15:00,NSE:RELIANCE,209.08739246,209.3684239,204.36606424,205.77122145,22110306.29646474
2015-02-02 09:15:00,NSE:RELIANCE,205.95107932,206.81666291,203.62414349,204.1524781,19625361.92038709
2015-02-03 09:15:00,NSE:RELIANCE,205.31033213,211.52674087,205.31033213,210.79605913,17378037.75380972
2015-02-04 09:15:00,NSE:RELIANCE,211.13329686,212.18997732,208.16561383,208.81760003,14308127.6915589
2015-02-05 09:15:00,NSE:RELIANCE,210.43634338,211.31316597,206.29955606,207.67099624,12572338.81528325
2015-02-06 09:15:00,NSE:RELIANCE,207.76091956,209.08739246,203.01711332,204.56841138,9197049.22130152
2015-02-09 09:15:00,NSE:RELIANCE,202.6124303,206.38949062,200.54403664,201.60071711,8987450.78743817
2015-02-10 09:15:00,NSE:RELIANCE,201.89298756,203.35435105,193.64190219,198.29578511,13879189.9208727
2015-02-11 09:15:00,NSE:RELIANCE,199.19508572,203.41055734,198.52061026,202.50001772,9944501.17506083
2015-02-12 09:15:00,NSE:RELIANCE,204.14123909,205.478951,199.47611716,204.39979251,8855210.24593633
2015-02-13 09:15:00,NSE:RELIANCE,205.49019001,207.0189988,204.37730325,206.27707804,7517268.31309257
2015-02-16 09:15:00,NSE:RELIANCE,206.54687048,207.78340882,202.34263786,202.97214604,12471740.64074667
2015-02-18 09:15:00,NSE:RELIANCE,202.34263786,204.14123909,201.0836215,202.71360386,9999432.75111101
2015-02-19 09:15:00,NSE:RELIANCE,203.90517493,204.05130453,199.54356246,202.80352718,9710279.16184414
2015-02-20 09:15:00,NSE:RELIANCE,201.27471839,201.44333725,195.89015372,196.29483675,19030063.76043542
2015-02-23 09:15:00,NSE:RELIANCE,195.58664426,197.11545305,190.44938276,191.42737892,14340223.74441542
2015-02-24 09:15:00,NSE:RELIANCE,192.05688711,192.630189,188.17865321,189.17912739,20279625.90250048
2015-02-25 09:15:00,NSE:RELIANCE,190.83158777,192.5627437,189.08919284,189.5613324,15529427.87133871
2015-02-26 09:15:00,NSE:RELIANCE,190.22455761,191.1013802,188.08871866,189.30277898,21818457.27925566
2015-02-27 09:15:00,NSE:RELIANCE,190.55055633,193.57445689,189.88731988,192.34915756,18971275.8543095
2015-02-28 09:15:00,NSE:RELIANCE,193.97913992,195.23816752,190.33697019,194.50748577,9312908.143808
2015-03-02 09:15:00,NSE:RELIANCE,195.37305812,196.83442161,192.34915756,194.30513864,14823212.40677464
2015-03-03 09:15:00,NSE:RELIANCE,195.37305812,203.79276235,195.01334237,202.52249574,20981878.28736733
2015-03-04 09:15:00,NSE:RELIANCE,203.69158878,204.51220509,197.85737381,199.61100776,14718019.55061378
2015-03-05 09:15:00,NSE:RELIANCE,200.65644921,202.06160642,197.43021276,198.95902156,10895836.01003374
2015-03-09 09:15:00,NSE:RELIANCE,198.99273858,200.48783035,194.28266062,195.51919896,14300499.5415244
2015-03-10 09:15:00,NSE:RELIANCE,195.36181911,196.90186691,192.31544053,193.15853485,15488702.89074637
2015-03-11 09:15:00,NSE:RELIANCE,193.56321788,195.50794871,191.64096507,192.43909211,11830371.12332717
2015-03-12 09:15:00,NSE:RELIANCE,192.89998143,195.01334237,192.36039657,194.20396507,11979326.87639148
2015-03-13 09:15:00,NSE:RELIANCE,195.37305812,195.50794871,190.42690475,191.12385822,13152389.57096772
2015-03-16 09:15:00,NSE:RELIANCE,191.43861793,191.98944181,188.92057397,189.325257,14071330.34372415
2015-03-17 09:15:00,NSE:RELIANCE,191.22503179,193.32715372,189.07795383,192.64142801,19388844.79030872
2015-03-18 09:15:00,NSE:RELIANCE,192.67515628,196.10373986,192.15806067,195.29437381,9424835.1219235
2015-03-19 09:15:00,NSE:RELIANCE,196.84566062,197.10421404,192.02315884,192.48405939,14167533.99217672
2015-03-20 09:15:00,NSE:RELIANCE,192.87750341,193.60818516,190.78662049,192.02315884,10579652.52702947
2015-03-23 09:15:00,NSE:RELIANCE,192.5627437,194.24893235,188.42595639,189.29153997,13473189.97510073
2015-03-24 09:15:00,NSE:RELIANCE,189.325257,192.06812611,189.325257,190.64049089,9392854.71449024
2015-03-25 09:15:00,NSE:RELIANCE,190.87655505,190.98896763,189.07795383,189.95477642,10436523.52413728
2015-03-26 09:15:00,NSE:RELIANCE,189.10043184,190.93276134,185.27840424,186.44749729,20966039.31228113
2015-03-27 09:15:00,NSE:RELIANCE,187.48169973,187.72900291,180.18612127,182.49057909,23716839.17273893
2015-03-30 09:15:00,NSE:RELIANCE,183.59221559,183.83953001,179.0619955,182.27699294,17620274.88443875
2015-03-31 09:15:00,NSE:RELIANCE,183.9069753,187.25687458,183.9069753,185.70557653,20573636.59954441
2015-04-01 09:15:00,NSE:RELIANCE,185.45827336,188.62830352,182.80532756,187.96506707,14832383.97841961
2015-04-06 09:15:00,NSE:RELIANCE,187.95382806,188.40347837,184.67138532,185.40206707,12540265.00193121
2015-04-07 09:15:00,NSE:RELIANCE,185.71681554,187.97630608,185.71681554,187.24562433,21631080.5582625
2015-04-08 09:15:00,NSE:RELIANCE,187.39176518,195.48547069,187.25687458,194.67610464,25236099.78555722
2015-04-09 09:15:00,NSE:RELIANCE,194.58617008,202.11781271,193.0798393,201.24099012,27732355.17361022
2015-04-10 09:15:00,NSE:RELIANCE,201.20727309,204.32109696,199.8920392,203.32062278,25746505.30903166
2015-04-13 09:15:00,NSE:RELIANCE,203.87144666,207.9070604,202.06160642,207.40120381,20514612.95467106
2015-04-15 09:15:00,NSE:RELIANCE,207.06396608,211.24570943,203.96138121,207.65975723,22602866.84154946
2015-04-16 09:15:00,NSE:RELIANCE,207.85085412,210.88599368,206.61431577,208.71642646,20514572.92356302
2015-04-17 09:15:00,NSE:RELIANCE,210.22275723,212.3023899,207.42368183,208.37918873,24359156.09304902
2015-04-20 09:15:00,NSE:RELIANCE,210.72861383,210.7623421,197.50889707,199.11640141,38257129.49940026
2015-04-21 09:15:00,NSE:RELIANCE,200.1281146,201.33092467,196.14870714,197.04800775,18002985.6211258
2015-04-22 09:15:00,NSE:RELIANCE,198.27330709,199.36370458,194.92340781,197.78992851,15008053.8242578
2015-04-23 09:15:00,NSE:RELIANCE,198.71170714,199.95949574,195.38429712,197.18289835,13560764.69581748
2015-04-24 09:15:00,NSE:RELIANCE,197.17165934,198.84660898,195.29437381,197.59883163,12922304.10558315
2015-04-27 09:15:00,NSE:RELIANCE,197.85737381,199.53232345,195.92388199,196.78945433,11227511.53185442
2015-04-28 09:15:00,NSE:RELIANCE,196.65456374,198.29578511,193.02363302,194.51872478,14932875.40333472
2015-04-29 09:15:00,NSE:RELIANCE,193.79928204,195.72153485,190.5168393,191.1013802,16661890.12654766
2015-04-30 09:15:00,NSE:RELIANCE,191.1013802,194.67610464,190.64049089,193.87796635,35383878.92730995
2015-05-04 09:15:00,NSE:RELIANCE,194.74354993,200.97120893,193.46204431,200.30797248,15330544.43073082
2015-05-05 09:15:00,NSE:RELIANCE,200.92624165,202.74732089,198.99273858,200.57776491,18145069.36730773
2015-05-06 09:15:00,NSE:RELIANCE,200.09438633,201.61195612,196.04753357,197.90234109,22813270.34547476
2015-05-07 09:15:00,NSE:RELIANCE,196.72200903,197.49765806,193.34963174,195.76650213,17015275.85263562
2015-05-08 09:15:00,NSE:RELIANCE,195.82270842,200.93748066,193.59693491,200.02694103,17390349.54348639
2015-05-11 09:15:00,NSE:RELIANCE,200.73513352,202.21898628,198.61054482,201.43209824,14451599.18281999
2015-05-12 09:15:00,NSE:RELIANCE,201.19603408,201.19603408,194.50748577,195.30561282,16928515.09778261
2015-05-13 09:15:00,NSE:RELIANCE,196.35104303,199.79087687,192.72012356,198.99273858,16980604.46516104
2015-05-14 09:15:00,NSE:RELIANCE,199.19508572,199.240053,195.66532857,197.44145177,12535808.20523466
2015-05-15 09:15:00,NSE:RELIANCE,198.27330709,199.40867186,195.62036129,196.48594487,8470982.77504417
2015-05-18 09:15:00,NSE:RELIANCE,196.69953102,200.99368694,196.09250085,200.44286307,10012144.8518682
2015-05-19 09:15:00,NSE:RELIANCE,200.37541777,203.41055734,199.32997631,201.34216368,14755626.5526789
2015-05-20 09:15:00,NSE:RELIANCE,202.43257242,204.81571455,201.82554226,204.33233597,8854462.99858602
2015-05-21 09:15:00,NSE:RELIANCE,204.87192084,205.80494972,201.01616496,201.61195612,10939372.06399156
2015-05-22 09:15:00,NSE:RELIANCE,201.6681624,203.60165422,201.6681624,203.20821021,8488605.35838918
2015-05-25 09:15:00,NSE:RELIANCE,202.34263786,204.14123909,200.62272095,201.10609952,6727948.26821097
2015-05-26 09:15:00,NSE:RELIANCE,201.2185121,201.44333725,198.45316496,198.88032601,9669216.14078381
2015-05-27 09:15:00,NSE:RELIANCE,199.19508572,200.29673347,197.89110208,199.03770586,8213266.94930141
2015-05-28 09:15:00,NSE:RELIANCE,199.16135745,201.04989323,196.04753357,196.90186691,26982474.66596237
2015-05-29 09:15:00,NSE:RELIANCE,197.82365678,199.29625929,196.29483675,197.17165934,29766900.65718449
2015-06-01 09:15:00,NSE:RELIANCE,197.8461348,203.44428561,197.39648449,202.84849446,19922512.83546272
2015-06-02 09:15:00,NSE:RELIANCE,203.63538249,206.5693485,200.42038505,202.0391284,20516258.67800213
2015-06-03 09:15:00,NSE:RELIANCE,202.11781271,204.69206296,199.7571486,201.52202156,15806140.68180296
2015-06-04 09:15:00,NSE:RELIANCE,203.28690576,205.98480759,200.66768822,205.19791956,16197693.84546878
2015-06-05 09:15:00,NSE:RELIANCE,204.56841138,206.15342646,203.34311204,204.0850328,13284745.75789282
2015-06-08 09:15:00,NSE:RELIANCE,203.87144666,204.5908894,198.54308828,199.07143413,11028263.36337316
2015-06-09 09:15:00,NSE:RELIANCE,198.64426185,200.24052718,197.25034365,198.67799012,9306356.38579003
2015-06-10 09:15:00,NSE:RELIANCE,199.19508572,204.56841138,198.97026057,203.6466215,13735193.57730604
2015-06-11 09:15:00,NSE:RELIANCE,203.69158878,204.47847682,196.41849957,197.20538761,14921760.09899874
2015-06-12 09:15:00,NSE:RELIANCE,197.62130965,200.70141649,197.45269078,200.06065806,21903937.03865099
2015-06-15 09:15:00,NSE:RELIANCE,201.19603408,203.46676363,200.09438633,202.73608188,13073506.04859931
2015-06-16 09:15:00,NSE:RELIANCE,202.11781271,203.46676363,200.81382907,203.23069947,14162138.68839139
2015-06-17 09:15:00,NSE:RELIANCE,203.47800264,211.8639786,200.99368694,209.35718489,26671121.60332981
2015-06-18 09:15:00,NSE:RELIANCE,209.66069435,220.77830042,209.64945534,220.09258596,50191981.81474512
2015-06-19 09:15:00,NSE:RELIANCE,220.890713,226.26403416,220.890713,224.07199342,46475004.47402862
2015-06-22 09:15:00,NSE:RELIANCE,224.13943871,226.78113201,221.79001361,222.95910666,19718367.52809634
2015-06-23 09:15:00,NSE:RELIANCE,223.1726928,225.4321811,222.8017268,223.70102742,16275069.52943387
2015-06-24 09:15:00,NSE:RELIANCE,223.70102742,226.27527542,221.82374188,222.77924878,18913960.20337974
2015-06-25 09:15:00,NSE:RELIANCE,221.90242619,226.84857956,221.45277588,225.84810763,27629359.58049136
2015-06-26 09:15:00,NSE:RELIANCE,224.80267516,227.99518784,223.79096197,224.98253079,21317263.35853424
2015-06-29 09:15:00,NSE:RELIANCE,222.10477332,223.44247399,218.53004889,222.76799853,20506077.43285404
2015-06-30 09:15:00,NSE:RELIANCE,222.55442363,225.46590487,222.12725134,224.8476357,23572406.93488458
2015-07-01 09:15:00,NSE:RELIANCE,225.04997834,227.17457603,225.04997834,226.0954153,15072059.11813327
2015-07-02 09:15:00,NSE:RELIANCE,226.84857956,229.26544996,226.42141177,227.26450609,16197498.13782941
2015-07-03 09:15:00,NSE:RELIANCE,227.01719843,227.9277403,225.5108699,226.44389428,14062287.76120512
2015-07-06 09:15:00,NSE:RELIANCE,223.94833059,229.07434858,223.74599469,228.32118431,12442291.08892252
2015-07-07 09:15:00,NSE:RELIANCE,227.29822987,228.55725072,224.82515318,225.55583493,11483799.58140997
2015-07-08 09:15:00,NSE:RELIANCE,223.8921243,226.78113201,222.94786765,224.06074316,15444570.81806865
2015-07-09 09:15:00,NSE:RELIANCE,223.92585257,225.04997834,221.03685385,221.99236075,16517422.30548615
2015-07-10 09:15:00,NSE:RELIANCE,222.82420482,225.72445379,222.63310794,225.22983846,16379866.52241509
2015-07-13 09:15:00,NSE:RELIANCE,225.22983846,227.6354676,223.73475569,226.39892925,10025066.00396746
2015-07-14 09:15:00,NSE:RELIANCE,226.82609705,227.41064244,223.74599469,224.3305356,10109126.88297735
2015-07-15 09:15:00,NSE:RELIANCE,224.76894689,228.06263539,224.72397961,227.33195364,13759118.8362189
2015-07-16 09:15:00,NSE:RELIANCE,227.52305502,231.07529244,227.33195364,230.15350931,15102589.50987484
2015-07-17 09:15:00,NSE:RELIANCE,230.5019883,231.8284567,228.87200594,229.70385901,10365557.26536153
2015-07-20 09:15:00,NSE:RELIANCE,231.07529244,231.55866652,228.84952342,230.38957572,6454469.08169721
2015-07-21 09:15:00,NSE:RELIANCE,231.12025747,231.22142879,225.44342235,226.57878938,8055780.12232096
2015-07-22 09:15:00,NSE:RELIANCE,225.94927895,236.9544702,225.85934889,236.1563409,17598773.73151352
2015-07-23 09:15:00,NSE:RELIANCE,236.85329888,240.07953983,234.08794949,235.00973262,18954538.40324254
2015-07-24 09:15:00,NSE:RELIANCE,235.61676053,235.98772204,229.56896391,230.45702327,13318629.86690903
2015-07-27 09:15:00,NSE:RELIANCE,230.4232995,231.54742526,225.2185972,226.02796775,20454842.0624474
2015-07-28 09:15:00,NSE:RELIANCE,226.69120195,228.57973324,224.8476357,227.129611,13606578.07503342
2015-07-29 09:15:00,NSE:RELIANCE,226.96099214,227.68043263,223.04902998,223.92585257,15038054.9157929
2015-07-30 09:15:00,NSE:RELIANCE,224.8476357,226.62375441,223.09399725,224.85887695,11896818.31479385
2015-07-31 09:15:00,NSE:RELIANCE,224.82515318,226.60127189,222.57690165,225.24107972,16912306.94692215
2015-08-03 09:15:00,NSE:RELIANCE,225.04997834,227.93898155,224.69026259,225.37597481,10053065.54009991
2015-08-04 09:15:00,NSE:RELIANCE,225.5895587,226.0954153,220.32865012,222.12725134,12207570.91080562
2015-08-05 09:15:00,NSE:RELIANCE,222.18345763,225.0050133,221.25042875,222.07104506,14584791.5751133
2015-08-06 09:15:00,NSE:RELIANCE,222.8017268,223.02655196,219.76658724,220.09258596,8853595.65791154
2015-08-07 09:15:00,NSE:RELIANCE,220.10382497,223.47620226,219.68790293,221.30663504,8752788.43203291
2015-08-10 09:15:00,NSE:RELIANCE,221.34036331,222.30710922,216.84386024,217.83309541,9444161.2513112
2015-08-11 09:15:00,NSE:RELIANCE,218.30522374,218.90101489,215.38249675,217.18109797,8908931.99294313
2015-08-12 09:15:00,NSE:RELIANCE,216.64151311,217.18109797,211.45929558,211.98764143,9811633.47953283
2015-08-13 09:15:00,NSE:RELIANCE,212.90942006,214.47195713,208.95250186,209.84055223,9496477.46163526
2015-08-14 09:15:00,NSE:RELIANCE,211.39185028,218.53004889,210.05413837,217.39468412,12952309.64501914
2015-08-17 09:15:00,NSE:RELIANCE,217.18109797,217.18109797,212.69583392,213.74127538,11038916.08601608
2015-08-18 09:15:00,NSE:RELIANCE,214.93284644,214.93284644,211.83026158,212.25742262,6741162.98176928
2015-08-19 09:15:00,NSE:RELIANCE,212.2349446,216.05697221,211.2119924,214.61808673,9025684.94352945
2015-08-20 09:15:00,NSE:RELIANCE,215.82090805,215.82090805,205.43398372,206.00728561,19325813.5867292
2015-08-21 09:15:00,NSE:RELIANCE,204.5908894,205.01806168,201.6681624,204.13000008,20385672.75563313
2015-08-24 09:15:00,NSE:RELIANCE,197.8461348,197.8461348,183.9069753,186.50370357,36231368.6200931
2015-08-25 09:15:00,NSE:RELIANCE,189.04422556,193.49577258,185.07606835,190.68545817,50331734.8608582
2015-08-26 09:15:00,NSE:RELIANCE,190.60676262,196.67704176,188.85312867,191.86579022,19272363.16167698
2015-08-27 09:15:00,NSE:RELIANCE,194.87844053,198.12716624,192.68639529,195.40678638,27448819.28317343
2015-08-28 09:15:00,NSE:RELIANCE,196.72200903,198.52061026,194.72106067,196.13746813,10950242.73377833
2015-08-31 09:15:00,NSE:RELIANCE,196.23863046,196.23863046,191.95571354,192.4278531,21055099.63189673
2015-09-01 09:15:00,NSE:RELIANCE,191.9782028,191.9782028,187.75148093,188.8194004,22007510.85888616
2015-09-02 09:15:00,NSE:RELIANCE,191.1013802,192.6976343,189.43766957,191.00020664,19980864.84730096
2015-09-03 09:15:00,NSE:RELIANCE,192.01191983,193.5182506,189.84236384,191.96695255,11854879.05725724
2015-09-04 09:15:00,NSE:RELIANCE,191.03393491,191.03393491,185.50322939,187.93135004,16470737.13769485
2015-09-07 09:15:00,NSE:RELIANCE,188.45968465,189.75242929,186.08778154,187.32431988,10405708.46673845
2015-09-08 09:15:00,NSE:RELIANCE,187.95382806,191.76461665,185.50322939,190.78662049,13116103.59546834
2015-09-09 09:15:00,NSE:RELIANCE,193.57445689,197.55386435,191.21379278,196.50842289,17630549.53550563
2015-09-10 09:15:00,NSE:RELIANCE,193.57445689,195.71029584,192.33791855,194.92340781,11259518.62669305
2015-09-11 09:15:00,NSE:RELIANCE,196.04753357,196.96931221,192.4952984,193.56321788,10812597.99268937
2015-09-14 09:15:00,NSE:RELIANCE,193.74307575,194.63113736,191.52855249,194.21520408,8097194.52755199
2015-09-15 09:15:00,NSE:RELIANCE,193.79928204,195.59788327,192.36039657,195.18196123,11702178.17163955
2015-09-16 09:15:00,NSE:RELIANCE,196.07001159,197.25034365,194.51872478,196.17118516,13649211.20510961
2015-09-18 09:15:00,NSE:RELIANCE,197.49765806,202.23022529,197.20538761,201.30844666,34834145.06412412
2015-09-21 09:15:00,NSE:RELIANCE,197.8461348,199.6897033,196.9580732,197.41896251,12945010.63965085
2015-09-22 09:15:00,NSE:RELIANCE,197.8461348,198.94778255,189.86484186,190.62925188,16008715.88015349
2015-09-23 09:15:00,NSE:RELIANCE,189.52760413,192.630189,188.85312867,191.18006451,15475688.33272833
2015-09-24 09:15:00,NSE:RELIANCE,190.6517299,190.6517299,187.67279662,188.25733752,29563013.32807001
2015-09-28 09:15:00,NSE:RELIANCE,188.80816139,189.05547581,186.31260669,187.56038404,11818948.91382945
2015-09-29 09:15:00,NSE:RELIANCE,186.60487714,191.15758649,185.72805455,189.02174754,16118467.83473147
2015-09-30 09:15:00,NSE:RELIANCE,191.32620536,194.42879022,188.51589094,193.86672734,17581062.19015063
2015-10-01 09:15:00,NSE:RELIANCE,196.48594487,196.48594487,193.03487203,194.4063122,8808204.82928061
2015-10-05 09:15:00,NSE:RELIANCE,193.97913992,200.09438633,193.76555377,199.64473603,16283115.78215247
2015-10-06 09:15:00,NSE:RELIANCE,201.36465294,202.45505044,199.13887943,201.90422657,12536399.77605367
2015-10-07 09:15:00,NSE:RELIANCE,201.1510668,206.40072963,200.31921149,205.44522273,11707671.32924457
2015-10-08 09:15:00,NSE:RELIANCE,205.69253714,205.69253714,199.25129201,199.8920392,10932891.47238791
2015-10-09 09:15:00,NSE:RELIANCE,201.00492595,203.5679372,198.18337253,199.49859518,9483792.04828343
2015-10-12 09:15:00,NSE:RELIANCE,199.64473603,202.70235361,199.64473603,200.48783035,6316237.21769014
2015-10-13 09:15:00,NSE:RELIANCE,198.98149958,201.51078255,198.49813224,200.90375239,6265571.17859804
2015-10-14 09:15:00,NSE:RELIANCE,201.39836997,203.46676363,200.98244794,203.00587431,8136353.84702937
2015-10-15 09:15:00,NSE:RELIANCE,204.07379379,204.81571455,202.36511588,203.17449318,9199726.85764016
2015-10-16 09:15:00,NSE:RELIANCE,203.35435105,205.67004788,203.17449318,205.07426797,15501793.06307963
2015-10-19 09:15:00,NSE:RELIANCE,211.56046914,217.0686854,211.56046914,216.61903509,34065916.96528541
2015-10-20 09:15:00,NSE:RELIANCE,216.95627282,217.33847783,214.25837098,215.0902263,18394307.4939451
2015-10-21 09:15:00,NSE:RELIANCE,214.82043387,219.15955707,214.25837098,214.70802129,14645225.20457028
2015-10-23 09:15:00,NSE:RELIANCE,216.72020866,218.76611306,211.59419741,214.85416213,12356571.14287889
2015-10-26 09:15:00,NSE:RELIANCE,216.25931934,216.50662251,211.62791444,211.97639118,11121620.35525308
2015-10-27 09:15:00,NSE:RELIANCE,211.06585156,213.1904515,210.75110309,211.23447042,11795726.42325795
2015-10-28 09:15:00,NSE:RELIANCE,210.63869051,212.43729174,209.06491444,210.64992952,12158621.76145889
2015-10-29 09:15:00,NSE:RELIANCE,210.43634338,212.45976976,210.20027922,211.56046914,13502368.2049703
2015-10-30 09:15:00,NSE:RELIANCE,211.80777232,214.91036842,211.35812201,213.06679992,13589782.80125484
2015-11-02 09:15:00,NSE:RELIANCE,213.35907037,216.16938478,212.50473704,215.78717978,7342763.81728881
2015-11-03 09:15:00,NSE:RELIANCE,216.5628288,218.18157215,216.1131785,217.45089041,11563634.95456985
2015-11-04 09:15:00,NSE:RELIANCE,217.63074828,219.20452435,212.72956219,213.87616597,10200895.97423785
2015-11-05 09:15:00,NSE:RELIANCE,213.35907037,213.80872068,209.76186792,210.57123397,10947436.10831374
2015-11-06 09:15:00,NSE:RELIANCE,211.2119924,214.651815,210.86351567,214.12348039,8507050.80339971
2015-11-09 09:15:00,NSE:RELIANCE,209.8742805,216.95627282,207.61478995,216.1131785,17316389.84740848
2015-11-10 09:15:00,NSE:RELIANCE,215.1576716,215.71973448,206.00728561,207.4574101,11678235.12112311
2015-11-11 09:15:00,NSE:RELIANCE,208.43539502,209.72813965,208.43539502,208.73891572,1332195.24488774
2015-11-13 09:15:00,NSE:RELIANCE,205.72625417,211.00964527,205.60260258,209.77310693,13911027.99547733
2015-11-16 09:15:00,NSE:RELIANCE,208.18809185,211.7852943,207.9070604,210.05413837,15603071.76645311
2015-11-17 09:15:00,NSE:RELIANCE,210.89723269,211.08834082,208.23305913,208.58153586,8731696.48598999
2015-11-18 09:15:00,NSE:RELIANCE,208.54780759,209.37966291,204.57965039,205.0405397,11437256.74644729
2015-11-19 09:15:00,NSE:RELIANCE,206.59183776,211.04337354,206.22087176,210.15531194,12386852.45217035
2015-11-20 09:15:00,NSE:RELIANCE,209.98669307,214.2134037,208.08691828,212.87569179,11493220.23550505
2015-11-23 09:15:00,NSE:RELIANCE,213.58389552,215.36001873,212.72956219,214.42698985,10675019.97011383
2015-11-24 09:15:00,NSE:RELIANCE,214.25837098,218.44011433,213.81995969,217.56330298,15053667.04793347
2015-11-26 09:15:00,NSE:RELIANCE,218.30522374,223.01531295,217.68695457,222.27339219,24203750.88368732
2015-11-27 09:15:00,NSE:RELIANCE,222.3520765,223.13896453,219.00217722,220.11506397,11073925.51395867
2015-11-30 09:15:00,NSE:RELIANCE,219.99141239,221.31788529,216.34924266,217.1473697,30419314.31252567
2015-12-01 09:15:00,NSE:RELIANCE,216.73144767,220.05885769,216.1131785,217.15861995,13198367.52251676
2015-12-02 09:15:00,NSE:RELIANCE,217.23730426,220.26120482,216.84386024,219.8677608,7700223.82059636
2015-12-03 09:15:00,NSE:RELIANCE,219.18204633,222.34083749,219.00217722,219.69914194,11551305.3732896
2015-12-04 09:15:00,NSE:RELIANCE,218.59749419,219.47431678,216.14690677,217.05744639,13668403.89747046
2015-12-07 09:15:00,NSE:RELIANCE,217.05744639,218.75487405,213.52768923,214.04478484,14726012.42852165
2015-12-08 09:15:00,NSE:RELIANCE,213.33659235,214.39326158,210.4588214,211.53799113,7658066.61591591
2015-12-09 09:15:00,NSE:RELIANCE,210.48131066,212.11129302,205.23163659,205.9173623,9327773.02859825
2015-12-10 09:15:00,NSE:RELIANCE,207.40120381,214.43822886,206.83914093,213.66257983,18902978.3360706
2015-12-11 09:15:00,NSE:RELIANCE,213.97733954,215.6073219,211.98764143,214.24713197,18458988.86875656
2015-12-14 09:15:00,NSE:RELIANCE,213.04431066,216.61903509,212.68459491,214.73049931,10740479.72758188
2015-12-15 09:15:00,NSE:RELIANCE,215.1576716,219.8677608,214.40451183,219.40687149,15981579.23679462
2015-12-16 09:15:00,NSE:RELIANCE,219.40687149,222.02607778,218.86728662,220.02514066,12299549.05340818
2015-12-17 09:15:00,NSE:RELIANCE,220.33988913,228.19753048,219.87899981,227.00595717,19692792.09795151
2015-12-18 09:15:00,NSE:RELIANCE,225.67948876,226.84857956,222.57690165,223.00407394,16283854.13370099
2015-12-21 09:15:00,NSE:RELIANCE,222.10477332,224.60032803,221.30663504,223.04902998,12537898.7186552
2015-12-22 09:15:00,NSE:RELIANCE,223.20640983,225.40969858,221.22795073,221.96987149,11772828.62945178
2015-12-23 09:15:00,NSE:RELIANCE,222.98158468,226.37644674,222.57690165,225.67948876,13135420.82905424
2015-12-24 09:15:00,NSE:RELIANCE,225.70197128,226.44389428,223.99329787,224.94880702,12100821.2893316
2015-12-28 09:15:00,NSE:RELIANCE,224.96004827,227.91649904,224.82515318,227.16333477,13101327.66869598
2015-12-29 09:15:00,NSE:RELIANCE,227.16333477,229.02938355,226.43265303,228.28746054,15163161.02425955
2015-12-30 09:15:00,NSE:RELIANCE,228.19753048,228.42235563,225.27480349,225.83686637,8287867.14310817
2015-12-31 09:15:00,NSE:RELIANCE,225.5895587,229.2542087,224.62280605,228.10760042,18792674.84178167
2016-01-01 09:15:00,NSE:RELIANCE,227.02843968,229.07434858,226.66871944,228.27621928,5507101.77432242
2016-01-04 09:15:00,NSE:RELIANCE,225.94927895,227.9277403,221.83498089,223.76847271,30675264.32161322
2016-01-05 09:15:00,NSE:RELIANCE,224.89260073,227.07340471,224.15067772,225.98300272,15196071.04297981
2016-01-06 09:15:00,NSE:RELIANCE,226.53382435,233.45843906,224.91508324,232.06452311,27207164.8275616
2016-01-07 09:15:00,NSE:RELIANCE,229.55772266,231.12025747,226.63499566,227.80408646,20069902.92741208
2016-01-08 09:15:00,NSE:RELIANCE,229.32165625,232.22190072,228.57973324,230.61440088,21669457.0471824
2016-01-11 09:15:00,NSE:RELIANCE,228.41111438,238.4945225,227.29822987,236.42613109,29501463.27548844
2016-01-12 09:15:00,NSE:RELIANCE,237.19053661,239.5287182,234.06546698,235.04345639,23764071.4323403
2016-01-13 09:15:00,NSE:RELIANCE,236.76336882,245.00321068,235.43690041,242.1029662,73002552.28437676
2016-01-14 09:15:00,NSE:RELIANCE,239.18023921,243.03599059,236.75212756,238.68562388,28288262.72323798
2016-01-15 09:15:00,NSE:RELIANCE,240.50670762,244.94700439,239.57368323,241.30483691,29248173.11113596
2016-01-18 09:15:00,NSE:RELIANCE,241.68703967,243.69922479,226.64623692,228.61345701,27710240.21036152
2016-01-19 09:15:00,NSE:RELIANCE,231.34508262,236.02144581,227.99518784,234.62752986,21848516.19350239
2016-01-20 09:15:00,NSE:RELIANCE,232.67155103,232.67155103,222.57690165,225.84810763,45868310.79198458
2016-01-21 09:15:00,NSE:RELIANCE,228.77083462,230.61440088,219.58672936,221.27291801,32299642.17627714
2016-01-22 09:15:00,NSE:RELIANCE,223.48744127,227.29822987,223.48744127,225.75817757,24078511.33819382
2016-01-25 09:15:00,NSE:RELIANCE,227.07340471,229.0406248,224.82515318,225.71321254,13318527.56518845
2016-01-27 09:15:00,NSE:RELIANCE,226.64623692,227.07340471,224.13943871,224.67901234,17539385.35876681
2016-01-28 09:15:00,NSE:RELIANCE,225.04997834,229.72634152,224.17315574,228.62469827,23460333.17603954
2016-01-29 09:15:00,NSE:RELIANCE,229.08558983,233.81815931,228.87200594,232.7839636,19497716.06050953
2016-02-01 09:15:00,NSE:RELIANCE,233.80691805,234.22284458,230.56943585,231.63735532,10084605.60534459
2016-02-02 09:15:00,NSE:RELIANCE,231.63735532,232.19941821,222.68931423,225.08370211,15018186.14249604
2016-02-03 09:15:00,NSE:RELIANCE,222.12725134,223.47620226,219.20452435,220.64340983,15953766.51249974
2016-02-04 09:15:00,NSE:RELIANCE,222.12725134,225.04997834,217.11365268,218.76611306,18508067.00722925
2016-02-05 09:15:00,NSE:RELIANCE,220.12630298,220.77830042,216.14690677,218.28274572,21349399.44249882
2016-02-08 09:15:00,NSE:RELIANCE,218.32770176,221.40780861,215.37125774,216.06821122,12280000.52897575
2016-02-09 09:15:00,NSE:RELIANCE,214.23589296,217.81060615,213.58389552,215.27008417,19931172.8985048
2016-02-10 09:15:00,NSE:RELIANCE,213.96610053,218.75487405,213.28038606,216.42793821,17165561.52806747
2016-02-11 09:15:00,NSE:RELIANCE,216.47289424,217.16985896,205.82742774,207.86209313,17400913.30811142
2016-02-12 09:15:00,NSE:RELIANCE,209.96421505,209.96421505,199.66721404,203.81524037,29809542.68306248
2016-02-15 09:15:00,NSE:RELIANCE,206.38949062,213.88740498,206.38949062,212.85321377,19605853.42706272
2016-02-16 09:15:00,NSE:RELIANCE,213.83119869,215.38249675,208.412917,209.21104405,13242570.76160879
2016-02-17 09:15:00,NSE:RELIANCE,210.23399624,215.25884516,206.02977487,214.16843642,15700342.91112041
2016-02-18 09:15:00,NSE:RELIANCE,216.4953835,217.78812814,210.43634338,211.35812201,14674341.16382732
2016-02-19 09:15:00,NSE:RELIANCE,211.33564399,214.20216469,210.73985284,212.31362891,10406593.59901651
2016-02-22 09:15:00,NSE:RELIANCE,212.25742262,217.69819358,212.25742262,216.34924266,12984303.39615508
2016-02-23 09:15:00,NSE:RELIANCE,216.52910053,217.45089041,211.95391316,213.50521122,19307208.01728646
2016-02-24 09:15:00,NSE:RELIANCE,212.43729174,215.50614833,211.7852943,214.17968668,15440047.3028587
2016-02-25 09:15:00,NSE:RELIANCE,214.52816341,215.05649803,211.52674087,212.25742262,25241948.77523381
2016-02-26 09:15:00,NSE:RELIANCE,214.25837098,215.55111561,212.3023899,213.66257983,8488965.63836165
2016-02-29 09:15:00,NSE:RELIANCE,213.87616597,223.61109286,210.21151823,217.32723882,31551069.35149235
2016-03-01 09:15:00,NSE:RELIANCE,216.88882752,221.46401489,216.87758851,220.62092057,16728212.7767893
2016-03-02 09:15:00,NSE:RELIANCE,223.22889909,226.11789781,221.95863248,225.16239091,20442045.4515732
2016-03-03 09:15:00,NSE:RELIANCE,227.07340471,228.87200594,224.2630903,227.7141564,16145906.93535119
2016-03-04 09:15:00,NSE:RELIANCE,227.97270533,228.19753048,225.61204122,226.26403416,9137892.13940133
2016-03-08 09:15:00,NSE:RELIANCE,226.51134183,231.77225042,226.51134183,230.89543232,13444020.64103296
2016-03-09 09:15:00,NSE:RELIANCE,229.32165625,234.69497741,229.00690103,234.20036207,12053059.72952377
2016-03-10 09:15:00,NSE:RELIANCE,234.27905087,235.14462771,226.84857956,227.46684873,21052466.47456704
2016-03-11 09:15:00,NSE:RELIANCE,228.17504796,231.46873646,227.20829981,228.0851179,15575107.81352781
2016-03-14 09:15:00,NSE:RELIANCE,229.11931361,230.76053723,227.73663892,229.26544996,12078675.19077664
2016-03-15 09:15:00,NSE:RELIANCE,230.22095686,231.0865337,228.22001299,229.43406882,10663095.147815
2016-03-16 09:15:00,NSE:RELIANCE,229.5464814,230.62564213,226.05045027,229.71510026,11249070.50749127
2016-03-17 09:15:00,NSE:RELIANCE,230.89543232,233.12120133,227.52305502,228.42235563,17114366.18876888
2016-03-18 09:15:00,NSE:RELIANCE,228.92821223,231.60363155,228.35490809,230.94039735,14265512.35308629
2016-03-21 09:15:00,NSE:RELIANCE,231.10901621,234.15539704,229.93992542,233.2111314,12920493.80991898
2016-03-22 09:15:00,NSE:RELIANCE,233.14368385,236.57226744,232.84016989,235.58303676,15589745.85537243
2016-03-23 09:15:00,NSE:RELIANCE,235.36945287,235.36945287,229.86123661,231.39004765,17087296.26392343
2016-03-28 09:15:00,NSE:RELIANCE,231.56990778,231.95211054,228.34366683,229.41158631,18372290.38451608
2016-03-29 09:15:00,NSE:RELIANCE,230.17599183,234.26780962,229.36662128,232.97506498,16136544.10396774
2016-03-30 09:15:00,NSE:RELIANCE,234.42518722,236.45985486,234.42518722,235.40317664,14694886.01806018
2016-03-31 09:15:00,NSE:RELIANCE,234.04298446,237.41536176,232.17693569,234.98725011,31348738.78769103
2016-04-01 09:15:00,NSE:RELIANCE,233.61581667,235.23455777,230.44578201,232.57037971,12588071.04074799
2016-04-04 09:15:00,NSE:RELIANCE,233.81815931,234.31277465,230.51322956,232.7052748,8776864.91957619
2016-04-05 09:15:00,NSE:RELIANCE,231.87342173,234.35773968,229.81627158,230.88419106,10430985.88752332
2016-04-06 09:15:00,NSE:RELIANCE,232.0420406,233.0762363,229.90620164,232.4130021,7107634.43228959
2016-04-07 09:15:00,NSE:RELIANCE,232.67155103,235.61676053,229.79378907,233.19989014,8936077.5321038
2016-04-08 09:15:00,NSE:RELIANCE,232.89637618,237.06688277,231.83969796,232.9975475,13635934.22093878
2016-04-11 09:15:00,NSE:RELIANCE,233.14368385,235.05469765,232.24438324,233.88560686,10480668.94051769
2016-04-12 09:15:00,NSE:RELIANCE,233.88560686,237.74135823,233.37975026,235.48186544,11351483.42559292
2016-04-13 09:15:00,NSE:RELIANCE,236.63971498,240.54043139,236.63971498,239.67485455,16306631.83418301
2016-04-18 09:15:00,NSE:RELIANCE,239.61864826,239.84347341,237.28046667,239.38258185,19384405.78521576
2016-04-20 09:15:00,NSE:RELIANCE,240.38305378,240.38305378,232.87389367,233.2111314,22050455.34202498
2016-04-21 09:15:00,NSE:RELIANCE,234.13291452,236.51606115,232.69403354,234.07670824,11570929.51203724
2016-04-22 09:15:00,NSE:RELIANCE,233.59333416,235.50434796,231.41253017,233.5820929,11900741.36338302
2016-04-25 09:15:00,NSE:RELIANCE,234.81863124,234.81863124,227.59050257,228.62469827,62179830.86925095
2016-04-26 09:15:00,NSE:RELIANCE,228.28746054,230.19847434,226.51134183,228.63593953,26871010.26953991
2016-04-27 09:15:00,NSE:RELIANCE,228.84952342,230.65936591,228.42235563,229.18676115,14745058.34015297
2016-04-28 09:15:00,NSE:RELIANCE,227.97270533,229.14179612,222.79048779,224.08323242,62984545.09912929
2016-04-29 09:15:00,NSE:RELIANCE,223.35255068,224.49915446,220.0700967,220.93568028,23872150.97618185
2016-05-02 09:15:00,NSE:RELIANCE,220.10382497,223.11648651,219.87899981,221.89118718,10798404.74093422
2016-05-03 09:15:00,NSE:RELIANCE,222.12725134,223.68978841,218.69866776,219.38438223,17865545.483478
2016-05-04 09:15:00,NSE:RELIANCE,218.99093821,221.16050543,218.75487405,219.90147783,13772716.06925415
2016-05-05 09:15:00,NSE:RELIANCE,220.32865012,221.10429914,218.28274572,219.26073064,22027833.31807428
2016-05-06 09:15:00,NSE:RELIANCE,218.75487405,219.60920738,217.40592313,217.84433442,14994852.45440218
2016-05-09 09:15:00,NSE:RELIANCE,219.20452435,221.67760104,218.70990677,221.0256036,15603627.75406495
2016-05-10 09:15:00,NSE:RELIANCE,221.0256036,221.38533059,219.87899981,220.90195201,7369460.11845911
2016-05-11 09:15:00,NSE:RELIANCE,218.48508161,220.49726898,218.08039859,219.29445891,12546189.60592301
2016-05-12 09:15:00,NSE:RELIANCE,219.42934951,223.52116954,219.21576336,223.20640983,12999942.21570103
2016-05-13 09:15:00,NSE:RELIANCE,222.34083749,222.70055324,219.20452435,219.91272808,14893142.30464191
2016-05-16 09:15:00,NSE:RELIANCE,219.65417466,220.890713,218.32770176,219.4181105,9483244.95647337
2016-05-17 09:15:00,NSE:RELIANCE,220.38485641,221.0256036,217.25978228,217.8893017,12360818.88823337
2016-05-18 09:15:00,NSE:RELIANCE,217.15861995,218.64246147,216.75392569,218.20405017,8366385.93760321
2016-05-19 09:15:00,NSE:RELIANCE,218.4626036,218.50757087,212.59466035,213.85368795,9287475.04649181
2016-05-20 09:15:00,NSE:RELIANCE,214.03354583,214.59560871,209.39090192,210.03166035,18854598.51803839
2016-05-23 09:15:00,NSE:RELIANCE,210.73985284,211.49302385,208.10940754,209.08739246,18672723.85045203
2016-05-24 09:15:00,NSE:RELIANCE,208.64898116,212.2349446,208.64898116,211.43681756,12488535.91452525
2016-05-25 09:15:00,NSE:RELIANCE,213.55016725,214.2134037,211.59419741,213.85368795,9394567.15633472
2016-05-26 09:15:00,NSE:RELIANCE,213.58389552,214.12348039,212.25742262,212.87569179,14427215.79011496
2016-05-27 09:15:00,NSE:RELIANCE,213.37030938,219.63169664,213.30286408,219.13707905,13625606.19506116
2016-05-30 09:15:00,NSE:RELIANCE,219.51928406,220.66588785,216.95627282,217.78812814,9794682.52922294
2016-05-31 09:15:00,NSE:RELIANCE,217.85557343,218.75487405,215.04525902,215.34876848,23722741.53722627
2016-06-01 09:15:00,NSE:RELIANCE,215.37125774,217.20357599,213.98857855,214.39326158,9193962.37808057
2016-06-02 09:15:00,NSE:RELIANCE,214.59560871,215.19139986,212.48224778,214.98905273,10425221.40796372
2016-06-03 09:15:00,NSE:RELIANCE,215.83214705,216.4841445,214.89911817,215.75346275,8787771.17257012
2016-06-06 09:15:00,NSE:RELIANCE,216.05697221,216.50662251,214.15719742,214.66305401,8817812.29521327
2016-06-07 09:15:00,NSE:RELIANCE,215.21387788,216.0457332,213.94361127,214.7192603,19271095.50992198
2016-06-08 09:15:00,NSE:RELIANCE,215.38249675,215.38249675,213.39279864,214.50567415,12338365.88451667
2016-06-09 09:15:00,NSE:RELIANCE,215.83214705,219.53052307,214.97781372,218.33895201,15904981.93548611
2016-06-10 09:15:00,NSE:RELIANCE,218.9796992,221.31788529,217.69819358,219.58672936,16589500.53948559
2016-06-13 09:15:00,NSE:RELIANCE,218.05792057,221.10429914,216.51786152,220.57595329,10385208.09151454
2016-06-14 09:15:00,NSE:RELIANCE,220.54223626,221.54271044,217.92301873,219.48555579,11106444.1174002
2016-06-15 09:15:00,NSE:RELIANCE,220.32865012,221.79001361,218.92349291,221.36284133,11315108.49207564
2016-06-16 09:15:00,NSE:RELIANCE,220.55347527,221.14926642,217.41716214,219.4967948,9528867.07595083
2016-06-17 09:15:00,NSE:RELIANCE,219.65417466,220.02514066,218.10287661,219.18204633,10710972.3530461
2016-06-20 09:15:00,NSE:RELIANCE,218.56377716,223.16144255,217.63074828,222.62186893,10938442.45270455
2016-06-21 09:15:00,NSE:RELIANCE,223.49868028,223.50993053,220.26120482,221.92490421,14165963.88316087
2016-06-22 09:15:00,NSE:RELIANCE,221.45277588,221.65512302,219.67665268,220.44106269,13002477.51921103
2016-06-23 09:15:00,NSE:RELIANCE,220.31741111,220.77830042,218.08039859,220.42982369,10001963.60672012
2016-06-24 09:15:00,NSE:RELIANCE,216.9337948,216.9337948,209.85180248,213.90989424,25402731.49677727
2016-06-27 09:15:00,NSE:RELIANCE,211.44805657,215.47243131,211.44805657,214.85416213,9316568.76624437
2016-06-28 09:15:00,NSE:RELIANCE,215.022781,216.18062379,214.70802129,215.33752947,7732097.47840815
2016-06-29 09:15:00,NSE:RELIANCE,216.28179736,217.84433442,215.83214705,217.38344511,7649753.48914363
2016-06-30 09:15:00,NSE:RELIANCE,218.53004889,219.76658724,217.41716214,217.8893017,12971542.36848804
2016-07-01 09:15:00,NSE:RELIANCE,218.69866776,219.60920738,218.08039859,218.85604761,6720684.84604984
2016-07-04 09:15:00,NSE:RELIANCE,219.31693693,223.3862677,219.31693693,221.83498089,7933943.22101194
2016-07-05 09:15:00,NSE:RELIANCE,221.70007906,225.47714613,220.39609542,223.27385513,11549766.39958002
2016-07-07 09:15:00,NSE:RELIANCE,223.13896453,224.93756576,221.71132931,222.10477332,12230161.79945007
2016-07-08 09:15:00,NSE:RELIANCE,221.90242619,222.3520765,219.50803381,219.96893437,7259975.03793481
2016-07-11 09:15:00,NSE:RELIANCE,222.8017268,223.68978841,221.56518846,223.13896453,8404780.2181267
2016-07-12 09:15:00,NSE:RELIANCE,223.7572337,225.94927895,222.8017268,225.5895587,9930761.60919695
2016-07-13 09:15:00,NSE:RELIANCE,225.99424398,228.57973324,225.75817757,226.79237327,15164611.03995124
2016-07-14 09:15:00,NSE:RELIANCE,226.64623692,227.99518784,224.43170916,225.92679643,10938202.26605624
2016-07-15 09:15:00,NSE:RELIANCE,226.84857956,229.5464814,225.61204122,227.56802005,14226886.78171628
2016-07-18 09:15:00,NSE:RELIANCE,231.12025747,233.53712787,225.2185972,226.23031039,32643527.18605391
2016-07-19 09:15:00,NSE:RELIANCE,226.1741041,229.98489045,223.76847271,228.82704091,16927598.8301983
2016-07-20 09:15:00,NSE:RELIANCE,229.31041499,231.18770502,228.54600947,229.99613171,12470335.10406393
2016-07-21 09:15:00,NSE:RELIANCE,230.22095686,230.44578201,225.94927895,226.2527929,6823275.68018727
2016-07-22 09:15:00,NSE:RELIANCE,226.1741041,228.82704091,225.97176146,228.16380671,7014846.7717242
2016-07-25 09:15:00,NSE:RELIANCE,227.97270533,230.16475057,226.47761806,229.93992542,8379329.32920693
2016-07-26 09:15:00,NSE:RELIANCE,229.99613171,232.64906851,228.24249551,230.23219812,10692184.41966667
2016-07-27 09:15:00,NSE:RELIANCE,230.00737296,230.67060716,226.8373383,227.77036269,11215150.8152679
2016-07-28 09:15:00,NSE:RELIANCE,228.18628922,231.68232035,227.75912143,230.74929597,15871778.3553068
2016-07-29 09:15:00,NSE:RELIANCE,230.22095686,230.4232995,227.52305502,228.17504796,9790559.3250935
2016-08-01 09:15:00,NSE:RELIANCE,228.87200594,229.38910379,225.96052021,226.96099214,8111610.17435188
2016-08-02 09:15:00,NSE:RELIANCE,226.62375441,229.32165625,226.24155165,227.70291514,7839016.12011617
2016-08-03 09:15:00,NSE:RELIANCE,228.06263539,228.06263539,222.91413938,223.46496325,12070731.23977861
2016-08-04 09:15:00,NSE:RELIANCE,224.60032803,224.82515318,221.09306014,223.25137711,10357897.98002077
2016-08-05 09:15:00,NSE:RELIANCE,224.37550288,229.09683109,224.16191673,228.47856192,12311407.15719359
2016-08-08 09:15:00,NSE:RELIANCE,229.29917373,232.46920839,229.01814229,231.40128891,13782946.24131208
2016-08-09 09:15:00,NSE:RELIANCE,230.89543232,232.58162097,229.5464814,231.72728538,13512927.52169444
2016-08-10 09:15:00,NSE:RELIANCE,231.85093922,232.59286222,225.27480349,225.64576499,13697146.23305233
2016-08-11 09:15:00,NSE:RELIANCE,225.26356223,229.96240793,224.73521862,227.99518784,14406301.76010784
2016-08-12 09:15:00,NSE:RELIANCE,228.64718079,234.47015225,228.64718079,232.87389367,16638978.9890388
2016-08-16 09:15:00,NSE:RELIANCE,232.97506498,234.89732004,228.30994306,230.4232995,13591019.31770358
2016-08-17 09:15:00,NSE:RELIANCE,230.24343937,231.30011759,226.44389428,227.81532772,15745435.7303914
2016-08-18 09:15:00,NSE:RELIANCE,228.42235563,230.14226805,228.42235563,228.8832472,7879229.59210561
2016-08-19 09:15:00,NSE:RELIANCE,228.87200594,229.77130655,226.42141177,228.17504796,8314496.72576504
2016-08-22 09:15:00,NSE:RELIANCE,227.52305502,229.2542087,226.44389428,227.48933125,6795965.5686935
2016-08-23 09:15:00,NSE:RELIANCE,227.52305502,228.19753048,225.94927895,227.17457603,7442797.10841176
2016-08-24 09:15:00,NSE:RELIANCE,227.45560747,229.76006529,227.29822987,229.43406882,8865347.01207547
2016-08-25 09:15:00,NSE:RELIANCE,229.59144643,231.34508262,226.84857956,227.68043263,15210820.28234681
2016-08-26 09:15:00,NSE:RELIANCE,228.84952342,231.7497679,228.10760042,231.09777496,9800793.94505233
2016-08-29 09:15:00,NSE:RELIANCE,230.95163861,238.25845608,230.69308968,237.74135823,16463882.92241604
2016-08-30 09:15:00,NSE:RELIANCE,238.76431268,240.22567617,236.7408863,239.75354335,18474454.22016761
2016-08-31 09:15:00,NSE:RELIANCE,239.41630562,241.46221452,235.39193538,238.31466237,23684894.34851284
2016-09-01 09:15:00,NSE:RELIANCE,236.7408863,241.18118308,230.60315962,231.39004765,43333469.86366962
2016-09-02 09:15:00,NSE:RELIANCE,231.81721545,232.14321192,225.34225103,227.82656898,28594727.54278721
2016-09-06 09:15:00,NSE:RELIANCE,229.29917373,230.44578201,228.19753048,229.29917373,11702832.01307108
2016-09-07 09:15:00,NSE:RELIANCE,229.77130655,230.90667358,227.75912143,228.79331714,13143524.90448448
2016-09-08 09:15:00,NSE:RELIANCE,230.00737296,232.90761744,229.36662128,232.3343133,12410515.28493043
2016-09-09 09:15:00,NSE:RELIANCE,232.69403354,236.04392833,231.56990778,234.84111376,15525135.64697528
2016-09-12 09:15:00,NSE:RELIANCE,231.65983784,237.41536176,231.3788064,235.2795228,34247947.30940309
2016-09-14 09:15:00,NSE:RELIANCE,235.61676053,238.08983722,234.02050195,234.88607879,18915828.32175554
2016-09-15 09:15:00,NSE:RELIANCE,235.39193538,240.60787894,235.39193538,239.43878814,31895385.80765592
2016-09-16 09:15:00,NSE:RELIANCE,239.88843845,245.92499381,238.11231973,241.8106935,39981851.99824977
2016-09-19 09:15:00,NSE:RELIANCE,241.13621805,244.60976666,240.78773906,243.3507458,16956839.33068039
2016-09-20 09:15:00,NSE:RELIANCE,243.71046605,243.87908491,240.34933001,241.50717955,11724017.36503278
2016-09-21 09:15:00,NSE:RELIANCE,241.46221452,243.91280869,240.33808875,241.0687705,11126317.33859794
2016-09-22 09:15:00,NSE:RELIANCE,243.4856409,246.36340286,242.58634028,244.82335056,19075018.69477867
2016-09-23 09:15:00,NSE:RELIANCE,244.83459182,249.4322662,244.83459182,247.93717893,31605560.58535394
2016-09-26 09:15:00,NSE:RELIANCE,248.07207402,253.95125178,247.36387479,248.9264096,38852160.78529824
2016-09-27 09:15:00,NSE:RELIANCE,251.1296961,253.14188123,248.79151451,249.66833261,19698387.55727712
2016-09-28 09:15:00,NSE:RELIANCE,249.08378721,249.10626973,244.2275639,245.20555332,25235112.35155858
2016-09-29 09:15:00,NSE:RELIANCE,246.18354273,249.7245389,239.97836851,241.11373553,21615668.58166218
2016-09-30 09:15:00,NSE:RELIANCE,240.1132636,246.08237142,239.73106084,243.6430185,11387093.32015629
2016-10-03 09:15:00,NSE:RELIANCE,244.38494151,249.09502847,241.96807111,245.21679458,18428138.22815057
2016-10-04 09:15:00,NSE:RELIANCE,245.74513369,249.17371727,245.50906727,246.48705669,13332778.63965524
2016-10-05 09:15:00,NSE:RELIANCE,248.20696911,248.769032,244.11515132,244.92452188,10970289.42311097
2016-10-06 09:15:00,NSE:RELIANCE,245.50906727,253.20932877,245.50906727,249.73578015,21463923.99473685
2016-10-07 09:15:00,NSE:RELIANCE,250.45522064,252.48988828,248.769032,249.33109488,15535797.26542
2016-10-10 09:15:00,NSE:RELIANCE,250.45522064,252.25382187,245.95871758,246.48705669,11746786.16971301
2016-10-13 09:15:00,NSE:RELIANCE,244.83459182,244.84583307,236.51606115,237.67391069,22304741.83617788
2016-10-14 09:15:00,NSE:RELIANCE,238.98913783,243.26081574,238.68562388,242.28282633,15520830.07890916
2016-10-17 09:15:00,NSE:RELIANCE,242.81116544,242.99102556,238.03363093,238.46079872,9991039.56212261
2016-10-18 09:15:00,NSE:RELIANCE,239.66361329,243.42943461,238.77555394,243.0584731,11258228.73543357
2016-10-19 09:15:00,NSE:RELIANCE,243.81163737,246.11609519,243.12592065,244.46363031,17358627.11430503
2016-10-20 09:15:00,NSE:RELIANCE,245.94747632,246.85801819,243.72170731,244.50859534,10294760.02681978
2016-10-21 09:15:00,NSE:RELIANCE,246.63319304,246.63319304,237.95494213,239.25892802,44337752.51089366
2016-10-24 09:15:00,NSE:RELIANCE,240.5629139,241.46221452,238.46079872,239.05658538,10688746.19227503
2016-10-25 09:15:00,NSE:RELIANCE,239.43878814,239.49499443,237.01067648,238.50576375,7786989.02335027
2016-10-26 09:15:00,NSE:RELIANCE,237.42660302,238.19100854,236.53854366,236.97695271,11128892.673216
2016-10-27 09:15:00,NSE:RELIANCE,236.31371851,236.94322894,234.58256483,235.77413814,13057142.22120752
2016-10-28 09:15:00,NSE:RELIANCE,236.06641084,237.86501207,234.67249489,237.17929535,8263830.68667294
2016-11-01 09:15:00,NSE:RELIANCE,236.35868354,237.4041205,235.48186544,236.29123599,10394793.31794273
2016-11-02 09:15:00,NSE:RELIANCE,234.04298446,234.458911,229.5464814,230.16475057,7157673.31735554
2016-11-03 09:15:00,NSE:RELIANCE,230.18723309,232.63782725,229.45655134,230.2097156,7434092.56636073
2016-11-04 09:15:00,NSE:RELIANCE,229.37786253,230.8729498,224.82515318,226.07293278,11728718.79627853
2016-11-07 09:15:00,NSE:RELIANCE,227.97270533,228.54600947,224.61156704,225.08370211,9664937.26012305
2016-11-08 09:15:00,NSE:RELIANCE,226.10665655,226.10665655,224.44294817,225.61204122,13656594.72059489
2016-11-09 09:15:00,NSE:RELIANCE,213.58389552,226.84857956,209.08739246,225.85934889,22001866.47265072
2016-11-10 09:15:00,NSE:RELIANCE,229.00690103,231.33384137,226.39892925,227.16333477,9927301.14230083
2016-11-11 09:15:00,NSE:RELIANCE,224.34177461,228.75959336,223.72350543,225.2185972,15022304.89872459
2016-11-15 09:15:00,NSE:RELIANCE,224.03826515,224.82515318,220.22747655,221.54271044,14729633.01984997
2016-11-16 09:15:00,NSE:RELIANCE,223.70102742,224.10571044,220.48602997,221.80125262,16827414.31044492
2016-11-17 09:15:00,NSE:RELIANCE,221.67760104,224.40923114,219.06963376,219.82279352,12839466.39931931
2016-11-18 09:15:00,NSE:RELIANCE,221.45277588,223.18393181,220.77830042,222.01483877,18467364.26614138
2016-11-21 09:15:00,NSE:RELIANCE,222.02607778,223.3750287,221.04809286,222.91413938,13453619.21116383
2016-11-22 09:15:00,NSE:RELIANCE,224.30805758,226.57878938,223.31882241,225.15114965,17941319.92312098
2016-11-23 09:15:00,NSE:RELIANCE,225.94927895,227.18581729,224.72397961,226.84857956,13327014.16009564
2016-11-24 09:15:00,NSE:RELIANCE,226.07293278,226.07293278,220.8232677,221.9811105,19229943.53084374
2016-11-25 09:15:00,NSE:RELIANCE,222.57690165,223.90337455,221.30663504,223.40875697,10629722.54740169
2016-11-28 09:15:00,NSE:RELIANCE,223.25137711,224.96004827,221.25042875,221.82374188,8451727.81207079
2016-11-29 09:15:00,NSE:RELIANCE,222.3520765,225.79190134,222.13849035,224.30805758,10050516.89288722
2016-11-30 09:15:00,NSE:RELIANCE,224.81391417,224.81391417,221.82374188,222.58814066,28057376.63569235
2016-12-01 09:15:00,NSE:RELIANCE,224.82515318,228.19753048,223.70102742,224.31929659,12838923.75541015
2016-12-02 09:15:00,NSE:RELIANCE,223.90337455,225.94927895,222.98158468,223.64482113,12690061.40826462
2016-12-05 09:15:00,NSE:RELIANCE,223.70102742,224.75770788,221.79001361,223.44247399,4053861.35448493
2016-12-06 09:15:00,NSE:RELIANCE,223.92585257,226.29775794,223.61109286,225.99424398,6838803.30221085
2016-12-07 09:15:00,NSE:RELIANCE,225.72445379,226.53382435,224.00453688,224.6340563,5013286.92118539
2016-12-08 09:15:00,NSE:RELIANCE,225.96052021,229.72634152,225.8031426,229.3328975,8896824.80670762
2016-12-09 09:15:00,NSE:RELIANCE,229.77130655,231.98583431,229.38910379,231.33384137,8376878.53581393
2016-12-12 09:15:00,NSE:RELIANCE,229.43406882,234.20036207,229.43406882,230.94039735,9174685.17560271
2016-12-13 09:15:00,NSE:RELIANCE,231.12025747,234.04298446,231.01908615,233.77319428,10539092.11877024
2016-12-14 09:15:00,NSE:RELIANCE,233.77319428,239.3151343,233.41347403,238.2022498,24542756.54618255
2016-12-15 09:15:00,NSE:RELIANCE,236.60599121,240.02333354,235.76289688,236.72964504,19655127.27317477
2016-12-16 09:15:00,NSE:RELIANCE,236.51606115,238.76431268,236.51606115,237.67391069,15191970.07835486
2016-12-19 09:15:00,NSE:RELIANCE,237.19053661,239.87719719,237.04440026,238.88796651,15260525.57484565
2016-12-20 09:15:00,NSE:RELIANCE,237.12308906,238.53948753,236.77461007,237.84252955,11883541.33062302
2016-12-21 09:15:00,NSE:RELIANCE,238.33714489,239.95588599,237.68515194,239.04534412,20708350.17394373
2016-12-22 09:15:00,NSE:RELIANCE,237.86501207,238.91044903,236.27999474,236.8195751,29375787.83570726
2016-12-23 09:15:00,NSE:RELIANCE,236.51606115,240.32684749,236.51606115,237.70763446,10436616.93005607
2016-12-26 09:15:00,NSE:RELIANCE,237.04440026,239.66361329,234.86359627,235.4931067,15577878.85578523
2016-12-27 09:15:00,NSE:RELIANCE,235.58303676,239.91092096,235.39193538,239.37134059,17734412.46929896
2016-12-28 09:15:00,NSE:RELIANCE,240.09078108,240.46174259,235.4144179,235.99896329,9798400.97437095
2016-12-29 09:15:00,NSE:RELIANCE,236.06641084,240.29312372,235.95399826,239.53995946,8918957.5615599
2016-12-30 09:15:00,NSE:RELIANCE,239.39382311,243.9352912,239.01162035,243.3507458,15974604.92819165
2017-01-02 09:15:00,NSE:RELIANCE,243.71046605,245.05941697,241.09125301,243.95777372,7216532.38989578
2017-01-03 09:15:00,NSE:RELIANCE,245.0256932,246.63319304,243.0584731,244.92452188,6541754.6888558
2017-01-04 09:15:00,NSE:RELIANCE,245.71140991,245.73389243,239.28141053,239.92216222,10566197.62682285
2017-01-05 09:15:00,NSE:RELIANCE,240.78773906,242.78868292,240.28188246,242.22662004,8880158.52205499
2017-01-06 09:15:00,NSE:RELIANCE,241.50717955,243.9352912,241.25987188,241.67579841,7976985.55797045
2017-01-09 09:15:00,NSE:RELIANCE,242.13668998,244.16011636,240.78773906,242.29406758,5316384.67975729
2017-01-10 09:15:00,NSE:RELIANCE,242.81116544,246.04864764,242.81116544,245.0256932,11539634.08134178
2017-01-11 09:15:00,NSE:RELIANCE,246.18354273,246.34092034,243.71046605,243.89032617,11667782.55402044
2017-01-12 09:15:00,NSE:RELIANCE,244.38494151,245.13810577,242.76620041,243.55308844,4445072.02978185
2017-01-13 09:15:00,NSE:RELIANCE,243.83411988,246.74560562,243.83411988,245.14934703,7355355.82472185
2017-01-16 09:15:00,NSE:RELIANCE,245.04817571,245.94747632,241.45097326,241.96807111,12213958.09649049
2017-01-17 09:15:00,NSE:RELIANCE,239.43878814,240.1132636,233.48092158,234.09919075,39890065.11538568
2017-01-18 09:15:00,NSE:RELIANCE,234.40270471,235.61676053,231.28887634,232.14321192,16132852.3462251
2017-01-19 09:15:00,NSE:RELIANCE,232.72775732,235.00973262,231.79473293,232.40176084,15539755.89721633
2017-01-20 09:15:00,NSE:RELIANCE,232.45796713,233.24485517,230.19847434,230.62564213,8931749.72453321
2017-01-23 09:15:00,NSE:RELIANCE,229.72634152,231.79473293,227.70291514,228.39987312,13937644.23443152
2017-01-24 09:15:00,NSE:RELIANCE,228.64718079,231.30011759,228.64718079,230.96287986,9576735.38538014
2017-01-25 09:15:00,NSE:RELIANCE,232.01955808,232.17693569,228.45607941,228.71462833,24255426.59628253
2017-01-27 09:15:00,NSE:RELIANCE,229.37786253,231.32260011,229.09683109,230.46826453,22227223.81938416
2017-01-30 09:15:00,NSE:RELIANCE,230.43454075,235.26828155,230.40081698,234.89732004,15940191.51896896
2017-01-31 09:15:00,NSE:RELIANCE,235.35821161,236.92074642,233.88560686,234.98725011,15378016.8769805
2017-02-01 09:15:00,NSE:RELIANCE,235.18959274,236.26875348,232.73899857,235.98772204,11501373.23784513
2017-02-02 09:15:00,NSE:RELIANCE,236.06641084,236.24627096,233.42471529,234.60504735,9251224.65419959
2017-02-03 09:15:00,NSE:RELIANCE,235.16711023,236.16758216,231.59239029,232.39051959,13440448.97661447
2017-02-06 09:15:00,NSE:RELIANCE,233.14368385,234.91980256,232.03079934,234.18912081,10158925.58139498
2017-02-07 09:15:00,NSE:RELIANCE,234.26780962,234.34649842,230.94039735,231.77225042,10071137.36143529
2017-02-08 09:15:00,NSE:RELIANCE,231.77225042,233.42471529,229.77130655,230.47950578,16502130.42221
2017-02-09 09:15:00,NSE:RELIANCE,231.12025747,232.46920839,230.85046729,232.18817695,10026529.36336183
2017-02-10 09:15:00,NSE:RELIANCE,232.69403354,232.81768738,230.56943585,231.60363155,12727806.29525748
2017-02-13 09:15:00,NSE:RELIANCE,232.24438324,232.46920839,229.77130655,231.536184,8708936.57711156
2017-02-14 09:15:00,NSE:RELIANCE,232.69403354,236.71840379,231.54742526,236.02144581,18549588.16208174
2017-02-15 09:15:00,NSE:RELIANCE,236.71840379,237.75259949,234.99849136,236.35868354,15491349.39177875
2017-02-16 09:15:00,NSE:RELIANCE,236.63971498,240.43926007,236.63971498,240.00085102,19983738.19127896
2017-02-17 09:15:00,NSE:RELIANCE,239.77602587,242.40648016,237.96618339,241.79945225,15095535.13905576
2017-02-20 09:15:00,NSE:RELIANCE,240.68656774,242.55261651,239.77602587,241.77696973,11845324.96613532
2017-02-21 09:15:00,NSE:RELIANCE,241.7320047,245.27300086,241.24863062,244.65473169,14423608.54248932
2017-02-22 09:15:00,NSE:RELIANCE,245.73389243,272.40939685,245.50906727,271.47637247,129451396.287768
2017-02-23 09:15:00,NSE:RELIANCE,272.8478059,274.73633719,265.1475444,265.91194993,63290204.84861657
2017-02-27 09:15:00,NSE:RELIANCE,267.65434486,282.56025252,267.62062109,278.53588228,84816621.85092467
2017-02-28 09:15:00,NSE:RELIANCE,276.98458872,280.58179117,276.19770068,278.3447809,36715335.82064916
2017-03-01 09:15:00,NSE:RELIANCE,278.80567246,279.77242062,276.53493841,277.5466516,24793280.1161785
2017-03-02 09:15:00,NSE:RELIANCE,278.31105712,282.0881197,275.87170421,278.0525082,18365529.57515606
2017-03-03 09:15:00,NSE:RELIANCE,279.13166893,289.52983227,279.13166893,282.95369654,85714830.9576107
2017-03-06 09:15:00,NSE:RELIANCE,285.30311939,294.97060097,284.46002506,293.47551371,67840051.63187519
2017-03-07 09:15:00,NSE:RELIANCE,296.51065327,298.34297827,291.4071223,293.38558364,42774795.71968534
2017-03-08 09:15:00,NSE:RELIANCE,294.00385282,294.00385282,289.14762951,290.29423779,44061364.39719474
2017-03-09 09:15:00,NSE:RELIANCE,290.0244476,291.82304883,288.1134338,289.29376586,31614211.75259423
2017-03-10 09:15:00,NSE:RELIANCE,290.08065389,291.37339852,283.54948319,288.14715758,25199884.97647216
2017-03-14 09:15:00,NSE:RELIANCE,296.48817076,296.54437705,288.95652813,289.91203503,28229136.77664405
2017-03-15 09:15:00,NSE:RELIANCE,290.26051402,295.93734913,290.11437767,293.38558364,24510860.64886629
2017-03-16 09:15:00,NSE:RELIANCE,294.52095067,294.61088073,290.83381816,291.74436003,16190199.13246112
2017-03-17 09:15:00,NSE:RELIANCE,294.07130036,296.75796094,291.83429009,292.43007674,23107183.18869901
2017-03-20 09:15:00,NSE:RELIANCE,293.62165006,293.67785634,287.40523457,287.9560562,13084452.33270129
2017-03-21 09:15:00,NSE:RELIANCE,288.27081141,288.65301417,283.1223154,284.13402859,22973884.04678422
2017-03-22 09:15:00,NSE:RELIANCE,281.48109178,284.60616141,280.2557947,283.21224546,20630867.74035717
2017-03-23 09:15:00,NSE:RELIANCE,283.98789224,287.22537445,282.8300427,286.26986755,12005284.82601324
2017-03-24 09:15:00,NSE:RELIANCE,286.44972767,290.47409791,285.17946555,289.29376586,16554691.26708327
2017-03-27 09:15:00,NSE:RELIANCE,285.77525221,287.49516463,280.40193105,281.27874915,32995071.48117144
2017-03-28 09:15:00,NSE:RELIANCE,282.8300427,284.17899362,279.25532277,280.07593458,22070190.67829499
2017-03-29 09:15:00,NSE:RELIANCE,281.41364424,283.27969301,277.28810268,282.52652875,19240671.86780188
2017-03-30 09:15:00,NSE:RELIANCE,282.15556724,286.59586402,281.70591694,285.67408089,28328053.64464242
2017-03-31 09:15:00,NSE:RELIANCE,284.62864393,300.73736615,284.62864393,296.97154484,46149284.69150602
2017-04-03 09:15:00,NSE:RELIANCE,301.71535557,310.37112397,300.60247106,309.05589682,45636930.98743966
2017-04-05 09:15:00,NSE:RELIANCE,313.67605372,318.80206721,310.28119391,318.12759175,40997903.7912413
2017-04-06 09:15:00,NSE:RELIANCE,316.77864083,325.74916445,315.24982979,323.41098285,51467017.08523442
2017-04-07 09:15:00,NSE:RELIANCE,319.54399022,322.39926966,315.3285186,316.23906047,32408077.55219028
2017-04-10 09:15:00,NSE:RELIANCE,317.00346599,320.35336077,309.65168348,310.56222535,31282714.14680935
2017-04-11 09:15:00,NSE:RELIANCE,312.02358884,314.85638577,308.03294237,308.53879897,32788711.11915948
2017-04-12 09:15:00,NSE:RELIANCE,310.88822182,311.70883363,303.77250572,304.41325741,27907086.51235961
2017-04-13 09:15:00,NSE:RELIANCE,304.41325741,308.77486538,302.91817014,306.84136906,12926436.20551437
2017-04-17 09:15:00,NSE:RELIANCE,306.88633409,313.75474252,306.88633409,312.92288946,12035370.42766534
2017-04-18 09:15:00,NSE:RELIANCE,314.7439732,317.00346599,307.3359844,308.05542489,16284134.35145736
2017-04-19 09:15:00,NSE:RELIANCE,307.78563471,310.83201553,305.2113867,307.74066968,11765996.65367744
2017-04-20 09:15:00,NSE:RELIANCE,310.03388624,311.78752243,306.68399146,307.90928854,8533796.03147984
2017-04-21 09:15:00,NSE:RELIANCE,310.37112397,319.47654267,309.93271492,315.31727734,30736227.25127667
2017-04-24 09:15:00,NSE:RELIANCE,316.78988209,322.62409482,314.80017949,318.66717212,25938961.53284665
2017-04-25 09:15:00,NSE:RELIANCE,328.24472365,329.98711858,320.62315095,322.12947948,37378842.54082186
2017-04-26 09:15:00,NSE:RELIANCE,322.62409482,323.75946184,315.33975985,318.45358822,17043355.45098419
2017-04-27 09:15:00,NSE:RELIANCE,318.57724206,320.1847419,315.24982979,316.89105341,12781732.64570544
2017-04-28 09:15:00,NSE:RELIANCE,316.9472597,319.31916506,312.73178808,313.67605372,12046712.57494695
2017-05-02 09:15:00,NSE:RELIANCE,315.20486476,315.20486476,307.17860679,308.13411369,18902173.26600865
2017-05-03 09:15:00,NSE:RELIANCE,309.56175342,310.42733026,306.88633409,308.03294237,9658834.74009546
2017-05-04 09:15:00,NSE:RELIANCE,309.13458563,310.16878133,304.42449867,305.30131676,14606065.8850929
2017-05-05 09:15:00,NSE:RELIANCE,306.12192857,307.4146732,297.89332797,298.62400971,15859181.89997286
2017-05-08 09:15:00,NSE:RELIANCE,299.01745373,301.15329269,296.3982407,297.08395741,16335294.10754879
2017-05-09 09:15:00,NSE:RELIANCE,297.66850281,299.83806554,296.82540849,299.09614254,21458946.79363563
2017-05-10 09:15:00,NSE:RELIANCE,300.09661447,306.57157888,299.16359008,305.55986569,23288906.62765495
2017-05-11 09:15:00,NSE:RELIANCE,306.68399146,307.95425357,303.8849183,305.66103701,14014250.43154181
2017-05-12 09:15:00,NSE:RELIANCE,305.77344958,306.66150894,302.17624713,303.61512811,7649184.1578291
2017-05-15 09:15:00,NSE:RELIANCE,304.95283778,304.95283778,299.80434177,302.18748839,6850714.78080699
2017-05-16 09:15:00,NSE:RELIANCE,302.62589744,309.56175342,301.49053042,304.93035526,12867541.54976697
2017-05-17 09:15:00,NSE:RELIANCE,304.18843226,307.09991799,303.0081002,304.21091477,10009129.17506156
2017-05-18 09:15:00,NSE:RELIANCE,301.32191155,303.5139568,297.69098533,298.42166708,9954028.57877739
2017-05-19 09:15:00,NSE:RELIANCE,299.69192919,300.2989571,294.52095067,296.51065327,13027381.31632075
2017-05-22 09:15:00,NSE:RELIANCE,298.2305657,299.82682428,295.69004146,297.70222659,8948549.44621268
2017-05-23 09:15:00,NSE:RELIANCE,298.05070557,298.98372996,292.72234944,293.52047874,9377166.96803446
2017-05-24 09:15:00,NSE:RELIANCE,293.95888779,295.35280373,291.17105589,291.75560128,14566003.64173388
2017-05-25 09:15:00,NSE:RELIANCE,292.27269914,295.06053104,291.47456984,292.82352076,26355302.84819891
2017-05-26 09:15:00,NSE:RELIANCE,293.16075849,302.25493594,292.27269914,300.65867735,21788660.79116173
2017-05-29 09:15:00,NSE:RELIANCE,300.5912298,306.98750541,300.27647459,305.06525035,24424179.95622938
2017-05-30 09:15:00,NSE:RELIANCE,304.8404252,306.81888655,303.17671907,305.61607198,9819750.89866575
2017-05-31 09:15:00,NSE:RELIANCE,307.3359844,307.5495683,300.32143962,301.42308287,16697860.30108352
2017-06-01 09:15:00,NSE:RELIANCE,299.62448165,301.26570526,297.44367766,298.62400971,9693434.96115572
2017-06-02 09:15:00,NSE:RELIANCE,300.1415795,300.97343256,296.09472674,297.83712168,11687148.71451619
2017-06-05 09:15:00,NSE:RELIANCE,298.17435941,301.49053042,295.83617781,298.87131738,11016142.83343496
2017-06-06 09:15:00,NSE:RELIANCE,299.90551309,299.90551309,294.74577582,295.1504611,9751382.21401254
2017-06-07 09:15:00,NSE:RELIANCE,294.79074085,301.71535557,294.29612552,301.04088011,11386421.68712118
2017-06-08 09:15:00,NSE:RELIANCE,301.26570526,302.344866,298.57904468,299.39965649,8035226.37228632
2017-06-09 09:15:00,NSE:RELIANCE,302.41231354,304.177191,299.24227889,300.2989571,14067829.84571999
2017-06-12 09:15:00,NSE:RELIANCE,298.24180695,298.96124744,296.09472674,296.64554837,8573386.79734402
2017-06-13 09:15:00,NSE:RELIANCE,296.90409729,298.34297827,294.74577582,295.49894008,6126053.87123238
2017-06-14 09:15:00,NSE:RELIANCE,295.84741907,305.76220833,295.84741907,305.20014544,53824182.16440766
2017-06-15 09:15:00,NSE:RELIANCE,305.76220833,313.63108869,305.55986569,311.14677075,28763703.29777879
2017-06-16 09:15:00,NSE:RELIANCE,312.30462028,313.81094881,307.85308225,312.23717274,33257653.31049308
2017-06-19 09:15:00,NSE:RELIANCE,312.55192795,318.30745187,312.55192795,316.83484712,15491647.4011387
2017-06-20 09:15:00,NSE:RELIANCE,316.77864083,319.72385034,316.43016185,317.5318051,10312008.98648963
2017-06-21 09:15:00,NSE:RELIANCE,316.50885065,321.05031874,315.71072136,319.70136782,20326653.55866068
2017-06-22 09:15:00,NSE:RELIANCE,321.37631522,324.96227641,320.9828712,322.09575571,22488328.94560873
2017-06-23 09:15:00,NSE:RELIANCE,322.84891997,324.19787089,321.63486414,322.8151962,31663859.22238145
2017-06-27 09:15:00,NSE:RELIANCE,321.94961936,324.42269604,320.37584328,323.1074689,33136319.02198516
2017-06-28 09:15:00,NSE:RELIANCE,323.73697932,323.73697932,313.75474252,314.41797672,15828024.35420513
2017-06-29 09:15:00,NSE:RELIANCE,314.75521445,317.00346599,312.52944544,313.11399084,13113844.06181381
2017-06-30 09:15:00,NSE:RELIANCE,312.95661323,313.04654329,309.14582688,310.25871139,7944889.50511393
2017-07-03 09:15:00,NSE:RELIANCE,312.10227765,313.56364114,308.23528501,310.4947778,9348980.62006442
2017-07-04 09:15:00,NSE:RELIANCE,312.50696292,320.84797611,312.28213777,319.69012657,19131311.32850263
2017-07-05 09:15:00,NSE:RELIANCE,321.37631522,325.42316797,320.15101813,324.34400724,27663817.468723
2017-07-06 09:15:00,NSE:RELIANCE,325.70419941,325.99647211,323.29857028,324.32152472,13817479.74385893
2017-07-07 09:15:00,NSE:RELIANCE,324.42269604,336.73187318,323.74822058,335.24802717,36444476.44776242
2017-07-10 09:15:00,NSE:RELIANCE,336.13608652,337.44007241,334.7871356,335.63022993,3563120.00086617
2017-07-11 09:15:00,NSE:RELIANCE,337.46255493,338.22696045,334.31500278,335.96746766,21346494.96321454
2017-07-12 09:15:00,NSE:RELIANCE,337.10283468,342.8583586,336.67566689,339.73328897,17390389.57459444
2017-07-13 09:15:00,NSE:RELIANCE,339.20494986,342.8583586,338.62040446,342.20636566,23394886.76227417
2017-07-14 09:15:00,NSE:RELIANCE,341.73423284,345.33143529,340.7337609,344.82557869,20874047.82597588
2017-07-17 09:15:00,NSE:RELIANCE,345.55626044,350.6373089,345.55626044,348.87243145,19062853.68583152
2017-07-18 09:15:00,NSE:RELIANCE,347.75954694,348.88367271,339.71080646,341.71175032,19968459.6517055
2017-07-19 09:15:00,NSE:RELIANCE,340.0705267,345.78108559,340.0705267,344.64571857,11987275.2752904
2017-07-20 09:15:00,NSE:RELIANCE,346.17452961,348.47898743,342.5660859,343.7351767,13853814.64626815
2017-07-21 09:15:00,NSE:RELIANCE,348.47898743,357.85419632,347.34362041,356.34786779,98766128.63704248
2017-07-24 09:15:00,NSE:RELIANCE,359.72024509,365.31839141,356.34786779,363.14882868,44155330.75149722
2017-07-25 09:15:00,NSE:RELIANCE,365.27342637,365.32963266,359.18066472,360.20361917,20398424.88749838
2017-07-26 09:15:00,NSE:RELIANCE,360.66451073,366.44251717,359.96755276,364.83501733,22321296.92330815
2017-07-27 09:15:00,NSE:RELIANCE,366.01534938,366.80223742,357.10103206,358.55115429,18717082.76607538
2017-07-28 09:15:00,NSE:RELIANCE,357.753025,361.05795475,354.77409172,358.47246549,14571425.63292458
2017-07-31 09:15:00,NSE:RELIANCE,360.15865414,363.94695797,358.82094448,363.13758742,16844351.91705213
2017-08-01 09:15:00,NSE:RELIANCE,364.83501733,364.83501733,357.80923129,360.52961564,12517718.59229571
2017-08-02 09:15:00,NSE:RELIANCE,361.96849662,367.74650306,361.54132883,366.28513956,21133689.59280608
2017-08-03 09:15:00,NSE:RELIANCE,365.75680045,374.31139753,363.55351395,370.98398527,20036797.20105244
2017-08-04 09:15:00,NSE:RELIANCE,373.88422974,373.88422974,363.1151049,364.70012223,18890435.2555474
2017-08-07 09:15:00,NSE:RELIANCE,366.82471993,366.82471993,362.54180076,363.39613635,9696504.0127731
2017-08-08 09:15:00,NSE:RELIANCE,363.76709785,364.45281457,356.75255307,360.29354923,11144518.14905926
2017-08-09 09:15:00,NSE:RELIANCE,360.05748282,364.21674815,356.34786779,359.45045491,10611103.63425626
2017-08-10 09:15:00,NSE:RELIANCE,358.15771028,361.21533236,354.76285046,356.20173144,10358462.8634344
2017-08-11 09:15:00,NSE:RELIANCE,348.69257133,355.22374203,344.65695983,347.63589311,17280379.64176457
2017-08-14 09:15:00,NSE:RELIANCE,350.95206412,356.23545522,350.95206412,353.66120721,13665281.47104234
2017-08-16 09:15:00,NSE:RELIANCE,353.4251408,354.32444141,348.52395246,352.0986724,13803588.94936462
2017-08-17 09:15:00,NSE:RELIANCE,352.75066534,359.19190598,350.98578789,352.32349755,16093301.61146897
2017-08-18 09:15:00,NSE:RELIANCE,351.62653958,354.72912669,349.18718666,354.18954632,8068541.149988
2017-08-21 09:15:00,NSE:RELIANCE,354.54926657,356.15676641,350.78344525,351.71646964,7700152.65418205
2017-08-22 09:15:00,NSE:RELIANCE,353.4251408,355.20125951,349.83917961,350.73848022,9692999.06686804
2017-08-23 09:15:00,NSE:RELIANCE,351.81764096,356.69634678,349.18718666,355.68463359,8459124.67125877
2017-08-24 09:15:00,NSE:RELIANCE,357.47199356,358.16895153,351.73895215,352.53708145,12865869.13903055
2017-08-28 09:15:00,NSE:RELIANCE,355.01015813,355.66215108,350.99702915,352.19984372,12522299.9302173
2017-08-29 09:15:00,NSE:RELIANCE,351.1431655,352.41342761,343.98248437,344.46585845,15418297.06748336
2017-08-30 09:15:00,NSE:RELIANCE,347.92816581,352.70570031,346.51176734,351.64902209,10507663.25104793
2017-08-31 09:15:00,NSE:RELIANCE,354.09961626,359.14694095,353.87479111,358.48370675,25524257.04502366
2017-09-01 09:15:00,NSE:RELIANCE,359.68652132,363.45234263,359.49541994,361.99097914,15689868.10451327
2017-09-04 09:15:00,NSE:RELIANCE,363.20503497,367.84767438,358.78722071,362.72166089,21920923.57216804
2017-09-05 09:15:00,NSE:RELIANCE,366.46499969,367.55540168,364.45281457,367.04954508,25638283.43236148
2017-09-06 09:15:00,NSE:RELIANCE,365.65562913,371.52356563,364.84625858,369.92730705,49560780.19877102
2017-09-07 09:15:00,NSE:RELIANCE,370.06220231,374.33388022,366.46499986,367.85890682,16476216.94388011
2017-09-08 09:15:00,NSE:RELIANCE,368.71325139,370.17461489,365.16100498,367.31934443,13469865.16287294
2017-09-11 09:15:00,NSE:RELIANCE,369.29779229,371.793347,367.16195334,367.76899474,12902719.99190023
2017-09-12 09:15:00,NSE:RELIANCE,369.94978973,370.96150292,367.36430047,370.39944004,6608844.59890635
2017-09-13 09:15:00,NSE:RELIANCE,370.51185262,386.65430762,369.612552,381.75311028,29868166.00286576
2017-09-14 09:15:00,NSE:RELIANCE,384.81072787,387.37373911,378.60555814,379.43740221,12066012.01127785
2017-09-15 09:15:00,NSE:RELIANCE,378.60555814,383.48425497,375.34559341,378.51562358,29073370.59235498
2017-09-18 09:15:00,NSE:RELIANCE,382.20276059,382.67488891,379.10016448,380.20181223,5146608.3001941
2017-09-19 09:15:00,NSE:RELIANCE,381.61821969,381.6406977,376.3573066,377.0767381,7847718.43454107
2017-09-20 09:15:00,NSE:RELIANCE,384.94561847,392.31989249,379.99946509,380.92126621,25359640.22103107
2017-09-21 09:15:00,NSE:RELIANCE,380.85380967,382.96717061,376.02006887,378.31327644,13167014.26294254
2017-09-22 09:15:00,NSE:RELIANCE,377.66130148,377.66130148,365.6556338,367.54416959,12499586.71844375
2017-09-25 09:15:00,NSE:RELIANCE,366.46499986,372.28797582,362.05843135,369.41020487,14467484.85408936
2017-09-26 09:15:00,NSE:RELIANCE,369.47766141,371.88328156,365.2059835,368.75820743,10740726.58105083
2017-09-27 09:15:00,NSE:RELIANCE,371.23128411,371.27626263,357.69681888,359.33805149,18757233.95866685
2017-09-28 09:15:00,NSE:RELIANCE,359.56287665,361.02424014,350.81717369,353.6274881,30041522.94015747
2017-09-29 09:15:00,NSE:RELIANCE,356.01063023,356.75256223,350.32254486,351.1319334,16944789.95921997
2017-10-03 09:15:00,NSE:RELIANCE,357.47199373,361.45138995,353.13285928,358.97831326,18652403.60647802
2017-10-04 09:15:00,NSE:RELIANCE,359.36052951,370.9390249,357.74177492,368.19614455,19223658.63787555
2017-10-05 09:15:00,NSE:RELIANCE,370.96150292,372.51280098,368.10623247,370.57930916,10809464.44144612
2017-10-06 09:15:00,NSE:RELIANCE,370.51185262,377.41397583,369.88233319,376.37978462,13214949.29086282
2017-10-09 09:15:00,NSE:RELIANCE,377.25660722,377.61632296,372.31045384,373.50203615,8998345.91646525
2017-10-10 09:15:00,NSE:RELIANCE,373.65940476,380.98870026,373.65940476,379.145143,14978275.12075197
2017-10-11 09:15:00,NSE:RELIANCE,380.08939965,385.97983216,375.9076563,377.77371406,15678405.85656411
2017-10-12 09:15:00,NSE:RELIANCE,378.65051417,394.25338431,378.65051417,392.43230506,18954565.08177005
2017-10-13 09:15:00,NSE:RELIANCE,395.37751007,400.50353256,392.70208625,394.09601569,21869243.4014289
2017-10-16 09:15:00,NSE:RELIANCE,395.24261948,401.08807346,387.28380456,394.25338431,32544267.81444369
2017-10-17 09:15:00,NSE:RELIANCE,394.79296917,397.49087101,389.93675036,393.15173656,14131167.94784253
2017-10-18 09:15:00,NSE:RELIANCE,394.52318798,412.7340254,393.44401825,411.20520536,37284929.5438667
2017-10-19 09:15:00,NSE:RELIANCE,411.78974626,414.53262662,406.03422684,409.13682294,8148736.79930369
2017-10-23 09:15:00,NSE:RELIANCE,410.48577386,424.78464912,408.77708471,422.5588756,27914247.6197258
2017-10-24 09:15:00,NSE:RELIANCE,426.13360004,426.13360004,417.36541906,420.08579892,14089411.05426217
2017-10-25 09:15:00,NSE:RELIANCE,422.71624422,425.32423398,417.94995996,422.62633214,10179132.39039217
2017-10-26 09:15:00,NSE:RELIANCE,422.67128818,430.67505914,418.62443542,425.99870944,17121536.19699191
2017-10-27 09:15:00,NSE:RELIANCE,427.16779125,430.1804528,416.24129329,418.10732858,11690749.28481482
2017-10-30 09:15:00,NSE:RELIANCE,419.97338634,425.16684288,418.44456631,423.79541395,7954032.16167761
2017-10-31 09:15:00,NSE:RELIANCE,424.89706169,425.25677744,419.16402029,423.05348195,9663865.31148109
2017-11-01 09:15:00,NSE:RELIANCE,426.15607806,430.67505914,425.25677744,428.31439503,17865082.89341737
2017-11-02 09:15:00,NSE:RELIANCE,428.42680761,430.09051824,424.58230198,425.63897121,10449473.58269807
2017-11-03 09:15:00,NSE:RELIANCE,429.84321507,429.84321507,422.73874472,425.05443031,4878746.81263587
2017-11-06 09:15:00,NSE:RELIANCE,423.79541395,423.79541395,417.72513481,419.29891088,9920595.92705543
2017-11-07 09:15:00,NSE:RELIANCE,419.68110465,420.42303665,406.05670486,407.69793747,20789362.00715304
2017-11-08 09:15:00,NSE:RELIANCE,405.80940168,407.38317776,397.53582705,399.19953768,18049537.34343629
2017-11-09 09:15:00,NSE:RELIANCE,402.32461181,409.13682294,401.11055148,404.91010107,15258074.77430613
2017-11-10 09:15:00,NSE:RELIANCE,405.1124482,405.1124482,395.33255404,397.42341447,14155831.55829238
2017-11-13 09:15:00,NSE:RELIANCE,397.94052132,401.04311743,392.76954279,393.55643083,9240538.5679719
2017-11-14 09:15:00,NSE:RELIANCE,393.44401825,402.43702438,392.54471764,398.70493134,12690094.7615776
2017-11-15 09:15:00,NSE:RELIANCE,397.71569616,400.45855404,394.77049115,397.35598042,15527337.35064554
2017-11-16 09:15:00,NSE:RELIANCE,398.16534647,407.38317776,398.16534647,406.4164206,15414285.05365661
2017-11-17 09:15:00,NSE:RELIANCE,413.20615372,415.88157754,408.50730352,410.03612356,12423525.38922869
2017-11-20 09:15:00,NSE:RELIANCE,407.47311231,415.63425189,406.93352745,414.06047582,9385497.88201438
2017-11-21 09:15:00,NSE:RELIANCE,416.73589964,422.51391957,416.15135873,419.3213889,13300920.54326675
2017-11-22 09:15:00,NSE:RELIANCE,421.52468439,422.06426926,415.2295801,418.51202284,11243159.24193612
2017-11-23 09:15:00,NSE:RELIANCE,418.62443542,427.12283521,416.66846558,425.81884033,16299613.03893675
2017-11-24 09:15:00,NSE:RELIANCE,427.16779125,431.43946916,425.99870944,427.66239759,14220924.36390612
2017-11-27 09:15:00,NSE:RELIANCE,425.9312529,430.54016854,424.46988941,427.77481017,10408252.66117527
2017-11-28 09:15:00,NSE:RELIANCE,427.10033471,427.77481017,421.8169436,424.17760771,10323340.0091838
2017-11-29 09:15:00,NSE:RELIANCE,423.50313225,427.16779125,423.12093849,425.36919002,8172715.43301606
2017-11-30 09:15:00,NSE:RELIANCE,423.32328562,423.32328562,413.4534569,414.37523553,20982734.49846176
2017-12-01 09:15:00,NSE:RELIANCE,415.67923041,418.736848,408.14758777,409.22673502,11300757.33454572
2017-12-04 09:15:00,NSE:RELIANCE,410.75555506,410.89044565,403.49369361,405.40470741,10272086.84719759
2017-12-05 09:15:00,NSE:RELIANCE,405.15740424,414.01551978,402.63937152,410.84548961,18612628.25274534
2017-12-06 09:15:00,NSE:RELIANCE,409.18177898,418.30967571,408.64219412,416.66846558,24480557.08860424
2017-12-07 09:15:00,NSE:RELIANCE,418.19726313,420.87268695,415.02723297,418.87173859,12297478.54978182
2017-12-08 09:15:00,NSE:RELIANCE,419.9059298,421.29985924,413.25110976,414.12793235,12428515.93403026
2017-12-11 09:15:00,NSE:RELIANCE,414.7799298,416.37618389,410.77803307,411.94713736,10972644.58149542
2017-12-12 09:15:00,NSE:RELIANCE,411.8572028,417.72513481,408.28247837,411.69981171,16045833.6056047
2017-12-13 09:15:00,NSE:RELIANCE,412.28437509,415.90405556,409.49653869,411.2726619,9300776.4897613
2017-12-14 09:15:00,NSE:RELIANCE,413.22863174,415.88157754,408.6197161,414.35275751,11166744.30460009
2017-12-15 09:15:00,NSE:RELIANCE,418.62443542,419.50125801,412.64409084,413.56586947,24816418.08500957
2017-12-18 09:15:00,NSE:RELIANCE,410.05860158,419.36636742,387.89084596,414.12793235,18892016.47546692
2017-12-19 09:15:00,NSE:RELIANCE,415.29701416,416.82583419,413.67828205,416.35370587,9040318.53323891
2017-12-20 09:15:00,NSE:RELIANCE,416.33122785,417.00570331,412.32933113,412.84643797,10618060.1462824
2017-12-21 09:15:00,NSE:RELIANCE,412.98132857,415.45440526,409.18177898,410.50825188,9223082.78091862
2017-12-22 09:15:00,NSE:RELIANCE,411.2726619,414.75745178,408.86701927,413.85815116,10836587.74108961
2017-12-26 09:15:00,NSE:RELIANCE,415.85907704,422.17668184,412.84643797,418.08485056,11790175.43741907
2017-12-27 09:15:00,NSE:RELIANCE,419.52373603,421.54716241,413.22863174,415.3644707,9679486.33941614
2017-12-28 09:15:00,NSE:RELIANCE,416.03894616,420.15325546,413.27358778,415.56681783,15771177.94943292
2017-12-29 09:15:00,NSE:RELIANCE,416.60100904,419.20897632,413.00380659,414.15041037,11275068.48294012
2018-01-01 09:15:00,NSE:RELIANCE,414.89234237,414.89234237,408.05765322,409.06936641,9611215.50861459
2018-01-02 09:15:00,NSE:RELIANCE,410.5307299,413.47593491,407.56304687,409.69888583,9658205.35759518
2018-01-03 09:15:00,NSE:RELIANCE,415.92653358,416.37618389,410.55320792,411.34009596,13733587.87865055
2018-01-04 09:15:00,NSE:RELIANCE,412.84643797,414.4876481,411.74479023,413.81317264,9159520.05321196
2018-01-05 09:15:00,NSE:RELIANCE,414.4876481,416.78087816,413.79069462,415.13964554,7565668.14313523
2018-01-08 09:15:00,NSE:RELIANCE,416.42113993,418.62443542,415.25205812,417.52278767,8974567.43829305
2018-01-09 09:15:00,NSE:RELIANCE,417.34294104,424.42493337,415.47688327,423.09846047,14533509.49494012
2018-01-10 09:15:00,NSE:RELIANCE,424.0202391,425.99870944,420.6478618,423.72795741,11923714.76591963
2018-01-11 09:15:00,NSE:RELIANCE,423.48065424,423.86287049,420.42303665,421.65957499,7981151.0134202
2018-01-12 09:15:00,NSE:RELIANCE,424.0202391,428.42680761,421.88440014,426.71814094,15323080.84585246
2018-01-15 09:15:00,NSE:RELIANCE,427.16779125,430.98981885,425.00947427,426.78559748,11306815.37556154
2018-01-16 09:15:00,NSE:RELIANCE,426.13360004,426.13360004,413.67828205,415.00475495,11006097.24410917
2018-01-17 09:15:00,NSE:RELIANCE,416.37618389,417.72513481,407.83282806,415.70170843,13424725.64066371
2018-01-18 09:15:00,NSE:RELIANCE,417.72513481,417.994916,411.47498655,413.54339145,9538641.33369938
2018-01-19 09:15:00,NSE:RELIANCE,415.02723297,420.15325546,414.6225387,418.75932602,10140244.39288758
2018-01-22 09:15:00,NSE:RELIANCE,426.26849063,438.0942892,422.67128818,436.83527284,46464640.84318094
2018-01-23 09:15:00,NSE:RELIANCE,438.40904891,445.5809758,438.40904891,442.11866394,22903353.67156876
2018-01-24 09:15:00,NSE:RELIANCE,441.44418848,441.44418848,432.85587662,434.51956477,14528338.8101524
2018-01-25 09:15:00,NSE:RELIANCE,435.21654073,437.06009799,429.93314962,434.31724011,13898398.17437701
2018-01-29 09:15:00,NSE:RELIANCE,434.45213071,439.44324012,431.3495346,433.68772069,10062497.3092342
2018-01-30 09:15:00,NSE:RELIANCE,434.27226159,434.27226159,426.71814094,427.34766036,9336453.10282138
2018-01-31 09:15:00,NSE:RELIANCE,427.16779125,433.68772069,423.36824166,432.24883521,12761492.4667067
2018-02-01 09:15:00,NSE:RELIANCE,433.12565781,437.32987918,421.14246814,424.40243287,16801027.13051762
2018-02-02 09:15:00,NSE:RELIANCE,420.42303665,424.44741139,405.13492622,406.64124576,29449763.08564474
2018-02-05 09:15:00,NSE:RELIANCE,401.98737408,410.30590475,396.50163584,405.65203307,19511884.83967086
2018-02-06 09:15:00,NSE:RELIANCE,394.34331887,403.7859753,391.64541703,401.1330295,24464715.889575
2018-02-07 09:15:00,NSE:RELIANCE,405.8318797,407.11339657,400.18877285,402.16724319,15791911.83944409
2018-02-08 09:15:00,NSE:RELIANCE,403.74101927,409.47406067,401.24544208,406.73118032,14056999.2004573
2018-02-09 09:15:00,NSE:RELIANCE,399.73912254,405.58457653,398.39017162,403.71851876,11774214.14506573
2018-02-12 09:15:00,NSE:RELIANCE,406.03422684,412.86891599,405.60705455,411.65485567,12075588.34189976
2018-02-14 09:15:00,NSE:RELIANCE,415.02723297,423.79541395,414.12793235,419.81601773,22619708.8076929
2018-02-15 09:15:00,NSE:RELIANCE,421.61461895,425.25677744,417.34294104,420.71531834,13587122.95015589
2018-02-16 09:15:00,NSE:RELIANCE,422.49141906,423.84036998,412.82393747,414.26282295,9789100.40901504
2018-02-19 09:15:00,NSE:RELIANCE,414.12793235,419.07408573,410.77803307,416.82583419,9091367.09178406
2018-02-20 09:15:00,NSE:RELIANCE,417.72513481,417.97243798,413.13869718,414.17288839,8599836.2359867
2018-02-21 09:15:00,NSE:RELIANCE,418.17478511,419.29891088,414.6450392,417.88250342,12116593.54022926
2018-02-22 09:15:00,NSE:RELIANCE,414.57758266,418.62443542,413.67828205,415.63425189,11384068.74221583
2018-02-23 09:15:00,NSE:RELIANCE,416.1064027,421.77198757,414.91482039,420.08579892,10788025.55914346
2018-02-26 09:15:00,NSE:RELIANCE,422.22163787,424.87458368,421.14246814,422.08674728,8576615.96937653
2018-02-27 09:15:00,NSE:RELIANCE,422.22163787,429.77575853,421.92935618,427.3926164,14255738.08419303
2018-02-28 09:15:00,NSE:RELIANCE,425.346712,430.36029943,424.11017366,429.21369564,57597412.08076282
2018-03-01 09:15:00,NSE:RELIANCE,427.05537867,431.61933827,425.346712,426.44835975,9106303.14298164
2018-03-05 09:15:00,NSE:RELIANCE,424.0202391,427.23524778,414.39771355,415.52183931,12531722.80239327
2018-03-06 09:15:00,NSE:RELIANCE,417.72513481,420.96262151,406.97848349,409.56397275,16287501.40480602
2018-03-07 09:15:00,NSE:RELIANCE,408.84454125,408.84454125,399.31195026,400.07636027,16118543.44149714
2018-03-08 09:15:00,NSE:RELIANCE,403.62860669,411.20520536,401.67261437,409.83377642,13506013.25342765
2018-03-09 09:15:00,NSE:RELIANCE,411.38507448,413.38600036,409.65390731,410.57568594,10816354.23992886
2018-03-12 09:15:00,NSE:RELIANCE,413.67828205,419.56869207,412.5766343,418.30967571,8454140.79434648
2018-03-13 09:15:00,NSE:RELIANCE,419.02912969,420.87268695,414.28530097,419.00662919,11335086.23363533
2018-03-14 09:15:00,NSE:RELIANCE,417.63520025,419.09656375,413.3185663,417.74761283,14970589.14800945
2018-03-15 09:15:00,NSE:RELIANCE,415.92653358,417.92748194,409.18177898,409.99114504,12924318.99863503
2018-03-16 09:15:00,NSE:RELIANCE,408.73212868,409.04688839,398.41264964,404.70775394,31330044.24555614
2018-03-19 09:15:00,NSE:RELIANCE,405.13492622,407.78787203,401.08807346,402.66184954,12841961.66570639
2018-03-20 09:15:00,NSE:RELIANCE,401.67261437,406.48387714,398.86229995,400.09883829,15446939.31806013
2018-03-21 09:15:00,NSE:RELIANCE,402.36956784,405.74194514,401.67261437,403.29136896,14961095.10355405
2018-03-22 09:15:00,NSE:RELIANCE,402.88667469,410.05860158,402.77426211,408.34993491,22499628.82729355
2018-03-23 09:15:00,NSE:RELIANCE,400.45855404,404.68527592,399.78407858,401.94241804,23862307.76032523
2018-03-26 09:15:00,NSE:RELIANCE,401.96489606,406.61876774,401.31289862,405.17988226,13448811.0239975
2018-03-27 09:15:00,NSE:RELIANCE,407.92276262,409.51901671,403.336325,404.59534136,15433275.36651786
2018-03-28 09:15:00,NSE:RELIANCE,402.79674013,402.81921815,395.69226979,396.90633011,19480885.19439941
2018-04-02 09:15:00,NSE:RELIANCE,401.53772377,405.1124482,398.61499678,401.51524575,12703349.50623775
2018-04-03 09:15:00,NSE:RELIANCE,400.63842316,405.44968593,398.05293389,404.48292878,14154839.67639331
2018-04-04 09:15:00,NSE:RELIANCE,406.79863685,409.99114504,401.11055148,402.39206835,14452135.14810877
2018-04-05 09:15:00,NSE:RELIANCE,406.97848349,409.18177898,406.25905199,408.37241293,8670462.23031092
2018-04-06 09:15:00,NSE:RELIANCE,408.28247837,413.00380659,406.93352745,409.63142929,9826440.53700899
2018-04-09 09:15:00,NSE:RELIANCE,410.32838277,413.22863174,410.32838277,411.87968082,7944509.20586641
2018-04-10 09:15:00,NSE:RELIANCE,412.95885055,415.43192724,411.04783675,412.35180915,8596462.50315961
2018-04-11 09:15:00,NSE:RELIANCE,414.4876481,419.41132346,411.90215884,418.55697888,13360469.04041778
2018-04-12 09:15:00,NSE:RELIANCE,418.10732858,421.16496865,415.56681783,417.59024421,11003495.22208696
2018-04-13 09:15:00,NSE:RELIANCE,419.38884544,423.4356982,417.59024421,422.15418133,12827710.59124629
2018-04-16 09:15:00,NSE:RELIANCE,420.17573347,422.67128818,417.50030965,421.34481528,9083614.40052814
2018-04-17 09:15:00,NSE:RELIANCE,422.67128818,425.90877488,420.87268695,424.58230198,9760280.235181
2018-04-18 09:15:00,NSE:RELIANCE,425.03195229,426.35842519,420.44551467,421.77198757,7484029.14620076
2018-04-19 09:15:00,NSE:RELIANCE,422.26659391,424.91953971,420.42303665,423.70547939,9966440.44155615
2018-04-20 09:15:00,NSE:RELIANCE,421.77198757,423.50313225,414.21786691,417.23052846,7449164.27505358
2018-04-23 09:15:00,NSE:RELIANCE,418.17478511,424.62725802,417.50030965,420.87268695,7802763.50021888
2018-04-24 09:15:00,NSE:RELIANCE,420.7827524,438.72380862,420.42303665,436.1832754,20254103.83767986
2018-04-25 09:15:00,NSE:RELIANCE,437.80202999,441.4666665,433.2605484,436.38562253,14314723.92188114
2018-04-26 09:15:00,NSE:RELIANCE,437.5097483,444.2545029,432.6760075,438.56641752,34666941.7814019
2018-04-27 09:15:00,NSE:RELIANCE,445.06386895,454.59645995,443.13037713,447.98659594,25945199.70169942
2018-04-30 09:15:00,NSE:RELIANCE,441.55660106,446.32288531,431.66429431,433.14813583,19730448.01768521
2018-05-02 09:15:00,NSE:RELIANCE,434.81184646,440.29758469,433.93502386,437.3748577,13605597.30651359
2018-05-03 09:15:00,NSE:RELIANCE,439.71304379,439.71304379,431.32705658,432.38372581,8779146.68862326
2018-05-04 09:15:00,NSE:RELIANCE,432.94578869,433.77765525,427.16779125,428.94391445,8441430.91754568
2018-05-07 09:15:00,NSE:RELIANCE,431.14718747,437.62216087,430.0230617,436.61044768,7811697.1091618
2018-05-08 09:15:00,NSE:RELIANCE,439.53317468,441.55660106,434.0024804,434.85680249,10973051.5644271
2018-05-09 09:15:00,NSE:RELIANCE,434.31724011,442.59079226,432.6760075,439.17345893,9995374.03686295
2018-05-10 09:15:00,NSE:RELIANCE,440.65730044,442.72568286,438.07181118,441.17440729,8928371.53962181
2018-05-11 09:15:00,NSE:RELIANCE,441.21936333,445.73834441,439.64558725,444.81656578,8921412.79867523
2018-05-14 09:15:00,NSE:RELIANCE,446.0306261,446.0306261,439.17345893,443.62498347,5736815.8372953
2018-05-15 09:15:00,NSE:RELIANCE,442.02872938,449.65030657,439.15098091,440.18517212,10677014.84866427
2018-05-16 09:15:00,NSE:RELIANCE,437.9593986,437.9593986,428.26943899,429.93314962,19155692.48828514
2018-05-17 09:15:00,NSE:RELIANCE,431.37201262,431.66429431,423.34576364,425.07690833,10527018.28686083
2018-05-18 09:15:00,NSE:RELIANCE,425.1893209,428.74156732,419.07408573,419.9059298,11631343.12049235
2018-05-21 09:15:00,NSE:RELIANCE,418.51202284,420.73779636,414.6225387,418.78180403,14733433.74426375
2018-05-22 09:15:00,NSE:RELIANCE,419.59119257,419.97338634,415.92653358,416.71342162,11499124.81855691
2018-05-23 09:15:00,NSE:RELIANCE,416.37618389,416.37618389,408.79958522,410.19349217,10158031.54855736
2018-05-24 09:15:00,NSE:RELIANCE,410.98038021,414.12793235,409.24923552,411.81222428,11826930.66644562
2018-05-25 09:15:00,NSE:RELIANCE,411.87968082,415.20710208,411.18272734,414.0379978,18079649.63247965
2018-05-28 09:15:00,NSE:RELIANCE,415.88157754,416.82583419,412.82393747,413.85815116,11559727.46821951
2018-05-29 09:15:00,NSE:RELIANCE,414.35275751,417.2754845,411.16024932,412.53167826,18177227.682263
2018-05-30 09:15:00,NSE:RELIANCE,411.36257398,415.11716753,407.65295895,411.92463686,13324180.84098496
2018-05-31 09:15:00,NSE:RELIANCE,414.12793235,414.71247326,411.22768338,414.28530097,37699965.40011196
2018-06-01 09:15:00,NSE:RELIANCE,413.67828205,420.76027438,412.98132857,418.42208829,19494782.66073855
2018-06-04 09:15:00,NSE:RELIANCE,419.70360515,424.46988941,418.42208829,423.05348195,12454916.44977869
2018-06-05 09:15:00,NSE:RELIANCE,423.93030454,429.41604278,423.12093849,426.11112202,17728274.35776069
2018-06-06 09:15:00,NSE:RELIANCE,425.81884033,429.86569309,423.86287049,429.14626159,9317202.58775792
2018-06-07 09:15:00,NSE:RELIANCE,429.37108674,438.85869922,429.16873961,436.7678163,15250295.39564485
2018-06-08 09:15:00,NSE:RELIANCE,434.51956477,443.60250545,431.9340755,442.61327028,14528176.46176982
2018-06-11 09:15:00,NSE:RELIANCE,443.84980863,449.62782856,440.23012816,441.84888275,15269761.63390161
2018-06-12 09:15:00,NSE:RELIANCE,442.18612048,449.65030657,440.79219104,448.36881219,16557802.56600387
2018-06-13 09:15:00,NSE:RELIANCE,449.65030657,452.30324338,444.92897836,450.77443234,13179174.8239831
2018-06-14 09:15:00,NSE:RELIANCE,448.50370279,454.95618019,443.9847217,453.22502651,12198072.4127316
2018-06-15 09:15:00,NSE:RELIANCE,452.34820841,460.21708878,449.31306884,456.03534093,25118857.5541074
2018-06-18 09:15:00,NSE:RELIANCE,453.60722927,458.84565534,452.79785872,456.64236884,12570599.68014563
2018-06-19 09:15:00,NSE:RELIANCE,455.90044584,456.30513111,446.79503612,447.87418337,14113414.15142945
2018-06-20 09:15:00,NSE:RELIANCE,447.85170535,459.94729859,447.3345985,458.30607498,15998708.09564689
2018-06-21 09:15:00,NSE:RELIANCE,460.19460626,465.83771761,459.2278581,464.01663387,23373176.54705946
2018-06-22 09:15:00,NSE:RELIANCE,462.42037528,462.78009553,453.44985166,455.27093541,35961229.79030792
2018-06-25 09:15:00,NSE:RELIANCE,454.77632007,457.06953663,450.68450228,451.65125044,11559413.89120658
2018-06-26 09:15:00,NSE:RELIANCE,452.34820841,452.34820841,438.52146149,440.18517212,17944133.2120323
2018-06-27 09:15:00,NSE:RELIANCE,439.98282498,443.08542109,432.87835464,434.29473961,19923382.39075601
2018-06-28 09:15:00,NSE:RELIANCE,432.56359492,435.48632192,422.80617878,424.89706169,19084239.18439488
2018-06-29 09:15:00,NSE:RELIANCE,426.76309698,438.63387406,426.71814094,437.26244512,17716881.05962413
2018-07-02 09:15:00,NSE:RELIANCE,437.2174666,437.2174666,430.31534339,431.9340755,14813547.11119203
2018-07-03 09:15:00,NSE:RELIANCE,433.91254584,439.96034696,431.82166293,436.74533828,11269337.36263992
2018-07-04 09:15:00,NSE:RELIANCE,436.97016343,446.05310412,436.61044768,445.19875955,11121362.37179221
2018-07-05 09:15:00,NSE:RELIANCE,448.30135565,453.42736915,431.03477489,433.68772069,41630913.45943018
2018-07-06 09:15:00,NSE:RELIANCE,433.80013327,442.00625136,433.68772069,439.5556527,20374201.60968278
2018-07-09 09:15:00,NSE:RELIANCE,443.84980863,449.65030657,442.23107652,448.34631169,11498244.13418016
2018-07-10 09:15:00,NSE:RELIANCE,450.88684492,462.46534031,449.65030657,461.20631945,23228079.3480893
2018-07-11 09:15:00,NSE:RELIANCE,460.89156424,468.04100411,457.67656455,467.09673847,19270690.74191462
2018-07-12 09:15:00,NSE:RELIANCE,469.59229767,494.16568693,468.80540963,486.02701638,53617881.82394442
2018-07-13 09:15:00,NSE:RELIANCE,485.84715625,498.66218999,485.6223311,495.06498754,39958344.82330547
2018-07-16 09:15:00,NSE:RELIANCE,494.52540717,498.61722496,482.49726147,485.01530319,14668690.09887008
2018-07-17 09:15:00,NSE:RELIANCE,484.85792558,492.79425349,480.94596791,491.91743539,14387304.76864769
2018-07-18 09:15:00,NSE:RELIANCE,493.89589674,496.68372864,484.40827527,491.60268018,10412756.1608291
2018-07-19 09:15:00,NSE:RELIANCE,491.60268018,501.36009183,488.47761055,501.06781913,12084094.95235699
2018-07-20 09:15:00,NSE:RELIANCE,500.64065134,511.92687403,499.96617588,507.49781852,17831968.27127146
2018-07-23 09:15:00,NSE:RELIANCE,508.01491637,508.01491637,500.50575625,503.74323846,12993421.58690351
2018-07-24 09:15:00,NSE:RELIANCE,504.50764398,506.64348293,497.9427495,499.53900809,9939154.79353008
2018-07-25 09:15:00,NSE:RELIANCE,499.1118403,504.95729428,496.50386852,501.42753938,13231793.49154335
2018-07-26 09:15:00,NSE:RELIANCE,499.15680533,504.28281882,498.12260962,499.404113,14288585.83228538
2018-07-27 09:15:00,NSE:RELIANCE,503.38351821,511.4322587,500.07858846,508.03739888,14854805.83987242
2018-07-30 09:15:00,NSE:RELIANCE,508.10484643,520.3802998,507.20554582,517.72736299,30851679.17640108
2018-07-31 09:15:00,NSE:RELIANCE,517.54750287,535.26372495,515.81634919,533.2852636,30858150.87219991
2018-08-01 09:15:00,NSE:RELIANCE,535.26372495,540.88435378,533.01547341,536.14054304,21581871.19660498
2018-08-02 09:15:00,NSE:RELIANCE,535.75834028,535.75834028,524.26977495,525.34893569,13897410.74037883
2018-08-03 09:15:00,NSE:RELIANCE,528.33911022,532.16113783,525.88851605,529.21592832,14779033.62421537
2018-08-06 09:15:00,NSE:RELIANCE,529.10351575,537.78176666,528.49648783,536.25295562,8932314.60376316
2018-08-07 09:15:00,NSE:RELIANCE,537.28715133,540.20987832,529.23841084,532.47589305,9028037.87887426
2018-08-08 09:15:00,NSE:RELIANCE,532.83561329,549.69749979,532.83561329,547.53917832,17596867.79773817
2018-08-09 09:15:00,NSE:RELIANCE,549.24784948,553.83428261,544.97617157,547.65159089,15227228.58161548
2018-08-10 09:15:00,NSE:RELIANCE,544.52652126,546.32512249,540.61456359,541.46889918,7964433.57791511
2018-08-13 09:15:00,NSE:RELIANCE,538.47872464,539.55788537,531.80141759,534.04966912,10381754.2916072
2018-08-14 09:15:00,NSE:RELIANCE,535.08386482,547.31435316,532.52085808,544.34666114,11785905.45256211
2018-08-16 09:15:00,NSE:RELIANCE,541.04173139,546.77477279,537.55694151,539.94008813,13304761.30568757
2018-08-17 09:15:00,NSE:RELIANCE,543.62722065,546.50498261,539.6028504,541.26655654,8519936.36830127
2018-08-20 09:15:00,NSE:RELIANCE,543.13260531,556.12749917,543.02019273,555.27316359,16917671.10747737
2018-08-21 09:15:00,NSE:RELIANCE,556.32984181,562.73735868,551.72092617,560.80386236,16189560.85109992
2018-08-23 09:15:00,NSE:RELIANCE,560.39917708,572.85449058,556.84693966,570.80858168,17720710.70229271
2018-08-24 09:15:00,NSE:RELIANCE,568.92005039,575.5299099,566.5818688,574.42826665,14793729.48876475
2018-08-27 09:15:00,NSE:RELIANCE,575.28260223,582.67934977,574.99032953,580.72337094,12392245.526201
2018-08-28 09:15:00,NSE:RELIANCE,582.74679732,594.8873556,582.29714701,593.08875437,19336695.36721136
2018-08-29 09:15:00,NSE:RELIANCE,591.87469854,597.58525744,580.13882554,581.93742677,24635150.55598024
2018-08-30 09:15:00,NSE:RELIANCE,581.66763658,583.26389517,571.25823199,573.05683321,21906005.30230679
2018-08-31 09:15:00,NSE:RELIANCE,571.05588935,571.05588935,556.03756911,558.30830316,34039467.5066715
2018-09-03 09:15:00,NSE:RELIANCE,559.81463168,565.61512064,551.29375838,552.68767433,27132244.37218233
2018-09-04 09:15:00,NSE:RELIANCE,555.38557617,564.22120469,552.62022678,558.44319825,19656986.4865419
2018-09-05 09:15:00,NSE:RELIANCE,558.69050592,563.25445653,543.4023955,551.72092617,22962117.11421224
2018-09-06 09:15:00,NSE:RELIANCE,553.13732463,569.12239303,550.97900316,567.18889671,24897220.87657622
2018-09-07 09:15:00,NSE:RELIANCE,568.76267279,576.15942033,564.0863096,574.92288199,23780228.42120238
2018-09-10 09:15:00,NSE:RELIANCE,573.30414088,574.2034415,562.10784825,564.69333751,15698883.99227395
2018-09-11 09:15:00,NSE:RELIANCE,566.10973598,570.33644886,554.98089089,556.53218445,24184945.14737666
2018-09-12 09:15:00,NSE:RELIANCE,562.87225377,565.97484089,552.55277923,563.18700898,17937390.19427902
2018-09-14 09:15:00,NSE:RELIANCE,566.2895961,573.57393107,561.006205,563.47928168,17521578.17932798
2018-09-17 09:15:00,NSE:RELIANCE,562.40012095,562.40012095,549.29281451,551.22631083,15020752.57427695
2018-09-18 09:15:00,NSE:RELIANCE,551.27127586,557.29658997,546.03284979,547.29187065,16938522.8668622
2018-09-19 09:15:00,NSE:RELIANCE,550.37197525,550.37197525,540.0300182,544.41410868,25054549.80300121
2018-09-21 09:15:00,NSE:RELIANCE,548.12372371,556.39728936,532.16113783,547.44924825,42411117.53106255
2018-09-24 09:15:00,NSE:RELIANCE,546.07781482,557.52141512,541.60379427,553.99166021,22467657.31567706
2018-09-25 09:15:00,NSE:RELIANCE,555.54295377,559.81463168,537.33211636,553.33966727,21605723.06514191
2018-09-26 09:15:00,NSE:RELIANCE,557.11672985,563.83900193,551.78837371,562.69239365,14226228.48572063
2018-09-27 09:15:00,NSE:RELIANCE,564.31113475,567.9083372,556.44225439,563.74907187,24038122.16286014
2018-09-28 09:15:00,NSE:RELIANCE,566.51442125,571.82029487,560.84882739,565.63760316,24625854.44311456
2018-10-01 09:15:00,NSE:RELIANCE,565.52519058,565.52519058,541.37896912,553.83428261,16307545.87017882
2018-10-03 09:15:00,NSE:RELIANCE,552.84505193,557.38652003,539.6028504,541.87358445,16405137.26366484
2018-10-04 09:15:00,NSE:RELIANCE,534.85903967,535.26372495,497.31323907,504.62005655,51623322.97034817
2018-10-05 09:15:00,NSE:RELIANCE,494.39051208,501.49498692,466.80446577,471.61572405,48800567.19448764
2018-10-08 09:15:00,NSE:RELIANCE,472.1328219,502.25939244,461.13887191,498.84205011,54885824.91586318
2018-10-09 09:15:00,NSE:RELIANCE,504.35026637,505.09218937,486.16191147,490.14131668,24443875.24994241
2018-10-10 09:15:00,NSE:RELIANCE,491.87247036,501.74229459,487.55582742,495.55960288,21132368.55634244
2018-10-11 09:15:00,NSE:RELIANCE,478.4279262,501.24767925,468.98526976,489.12960349,29409903.2217951
2018-10-12 09:15:00,NSE:RELIANCE,496.84110625,507.65519612,495.46967281,506.55355287,20145735.18033091
2018-10-15 09:15:00,NSE:RELIANCE,508.0598814,515.70393661,502.7764903,512.48893692,19730390.1949736
2018-10-16 09:15:00,NSE:RELIANCE,515.29925133,524.92176789,512.60134949,523.30302679,16632038.03190249
2018-10-17 09:15:00,NSE:RELIANCE,530.13771145,530.29508906,512.60134949,517.68239796,28434643.12836612
2018-10-19 09:15:00,NSE:RELIANCE,494.61533723,499.5614906,481.23824061,495.19988263,56535553.58090405
2018-10-22 09:15:00,NSE:RELIANCE,499.1118403,501.27016177,475.43775166,477.82089828,29279513.00712655
2018-10-23 09:15:00,NSE:RELIANCE,473.36936025,478.74268141,469.27754246,474.24617834,23515451.55291322
2018-10-24 09:15:00,NSE:RELIANCE,483.32911454,483.80124736,463.7693262,470.2218081,30368792.81598861
2018-10-25 09:15:00,NSE:RELIANCE,465.83771761,467.92859154,457.0245716,463.49953602,31349332.5677772
2018-10-26 09:15:00,NSE:RELIANCE,464.44380166,475.28037405,459.54261332,469.83960534,20421676.27986067
2018-10-29 09:15:00,NSE:RELIANCE,470.33422068,491.84998785,470.33422068,489.12960349,17061718.60183687
2018-10-30 09:15:00,NSE:RELIANCE,488.09540779,488.09540779,473.07708755,475.28037405,19585666.61967843
2018-10-31 09:15:00,NSE:RELIANCE,476.17967466,479.25977926,470.78387098,477.19138785,36601089.24507397
2018-11-01 09:15:00,NSE:RELIANCE,480.18156239,480.18156239,472.1328219,474.94313632,20896298.44041455
2018-11-02 09:15:00,NSE:RELIANCE,479.77687711,486.07198141,478.04572343,482.92442926,37353916.48671197
2018-11-05 09:15:00,NSE:RELIANCE,482.67712159,491.33288999,478.8775765,491.01813478,16863144.29043417
2018-11-06 09:15:00,NSE:RELIANCE,491.91743539,500.01114091,490.83827466,495.40222527,19202179.72446486
2018-11-07 09:15:00,NSE:RELIANCE,501.36009183,501.36009183,497.62799429,499.42659551,2855545.70124128
2018-11-09 09:15:00,NSE:RELIANCE,497.42565165,500.82051146,487.87058263,491.67012772,24108650.30336473
2018-11-12 09:15:00,NSE:RELIANCE,493.58114153,494.07575686,483.17173693,485.6223311,12902737.7835038
2018-11-13 09:15:00,NSE:RELIANCE,482.92442926,495.96428815,481.14831055,494.36802956,15148656.4123465
2018-11-14 09:15:00,NSE:RELIANCE,496.88607128,500.30341361,488.09540779,493.6935541,17319080.81933796
2018-11-15 09:15:00,NSE:RELIANCE,493.2439038,495.96428815,488.54505809,493.19893877,15193451.22223656
2018-11-16 09:15:00,NSE:RELIANCE,493.6935541,508.08236391,493.31135134,506.93575563,24534374.46545507
2018-11-19 09:15:00,NSE:RELIANCE,509.40883232,517.86225808,508.55449674,517.09785256,16254811.55719535
2018-11-20 09:15:00,NSE:RELIANCE,514.84960103,519.75078937,508.10484643,511.4322587,12720776.38193522
2018-11-21 09:15:00,NSE:RELIANCE,511.47722373,515.07442618,497.78537189,500.41582619,16697001.84839035
2018-11-22 09:15:00,NSE:RELIANCE,501.13526668,506.0139725,494.66030226,495.89684061,12882384.18901896
2018-11-26 09:15:00,NSE:RELIANCE,498.66218999,502.4842176,493.44624643,498.99942772,14203384.06673589
2018-11-27 09:15:00,NSE:RELIANCE,498.16757465,508.10484643,497.0659314,507.29547588,15145609.60023502
2018-11-28 09:15:00,NSE:RELIANCE,509.20648968,520.58264244,506.44114029,518.28942587,17800419.31023976
2018-11-29 09:15:00,NSE:RELIANCE,522.04400593,530.54239673,521.59435563,525.41638323,28102213.68749948
2018-11-30 09:15:00,NSE:RELIANCE,527.1250544,533.2852636,522.62855133,524.98921544,23835073.26315942
2018-12-03 09:15:00,NSE:RELIANCE,528.29414519,528.29414519,516.4233771,519.99809704,12386465.47899098
2018-12-04 09:15:00,NSE:RELIANCE,520.69505501,520.69505501,513.59058017,518.13204827,11548585.47648338
2018-12-05 09:15:00,NSE:RELIANCE,514.28753814,521.05477526,512.28659428,519.41355164,12942542.04859229
2018-12-06 09:15:00,NSE:RELIANCE,516.64820225,516.64820225,502.82145533,505.24956698,13045933.50484235
2018-12-07 09:15:00,NSE:RELIANCE,507.85753876,511.22991606,498.36991729,509.81351759,16043751.98798693
2018-12-10 09:15:00,NSE:RELIANCE,499.1118403,501.04533662,487.01624705,490.23124674,20864088.9661003
2018-12-11 09:15:00,NSE:RELIANCE,479.32722681,495.55960288,474.38107344,493.51369398,30011466.24987527
2018-12-12 09:15:00,NSE:RELIANCE,494.16568693,500.68561637,489.10712098,499.33666545,28033853.89868007
2018-12-13 09:15:00,NSE:RELIANCE,507.20554582,507.20554582,492.38956821,497.78537189,20677219.30589665
2018-12-14 09:15:00,NSE:RELIANCE,496.00925318,501.3151268,490.92820472,500.10107097,16059866.73292107
2018-12-17 09:15:00,NSE:RELIANCE,501.78725962,509.45379735,499.78631576,508.0598814,11262879.01054377
2018-12-18 09:15:00,NSE:RELIANCE,505.09218937,512.15169919,503.83316852,510.98260839,13056652.94599367
2018-12-19 09:15:00,NSE:RELIANCE,513.27582495,515.88379673,509.54372741,511.16246851,16387843.82499415
2018-12-20 09:15:00,NSE:RELIANCE,504.05799367,509.2289722,501.87718968,507.40788845,12820476.08044436
2018-12-21 09:15:00,NSE:RELIANCE,505.8565949,508.66690931,492.81673601,494.70526729,18418626.3834603
2018-12-24 09:15:00,NSE:RELIANCE,495.02002251,496.05421821,488.56754061,489.73663141,9217240.4630961
2018-12-26 09:15:00,NSE:RELIANCE,488.23030288,494.61533723,479.1698492,493.87341423,16034813.93114312
2018-12-27 09:15:00,NSE:RELIANCE,497.85281944,506.75589551,496.41393846,503.69827342,27750453.66935331
2018-12-28 09:15:00,NSE:RELIANCE,506.08142005,510.46551054,504.14792373,506.10390256,17048839.70480214
2018-12-31 09:15:00,NSE:RELIANCE,508.53201422,509.83600011,501.8996722,504.17040625,16063187.09093745
2019-01-01 09:15:00,NSE:RELIANCE,505.96900747,506.8907906,499.15680533,504.05799367,9909589.59629652
2019-01-02 09:15:00,NSE:RELIANCE,501.13526668,506.75589551,495.06498754,497.49309919,15890059.2205417
2019-01-03 09:15:00,NSE:RELIANCE,497.98771453,501.18023171,490.1637992,491.35537251,16560551.36875554
2019-01-04 09:15:00,NSE:RELIANCE,493.44624643,496.6162811,486.11694644,494.00830932,18826054.10522866
2019-01-07 09:15:00,NSE:RELIANCE,497.76288938,502.91138539,495.06498754,496.75117619,12261881.99893781
2019-01-08 09:15:00,NSE:RELIANCE,496.9085538,499.08935778,492.81673601,496.70621116,12510061.52504598
2019-01-09 09:15:00,NSE:RELIANCE,500.01114091,502.25939244,494.03079183,499.44907803,12825088.55367006
2019-01-10 09:15:00,NSE:RELIANCE,498.10012711,499.5614906,495.96428815,497.98771453,9074347.19901826
2019-01-11 09:15:00,NSE:RELIANCE,498.03267956,500.82051146,489.48932374,493.73851913,14375399.96190847
2019-01-14 09:15:00,NSE:RELIANCE,492.3670857,494.84016238,488.50009306,493.17645625,9144399.41412733
2019-01-15 09:15:00,NSE:RELIANCE,496.86358876,509.00414704,496.86358876,507.94746882,22379335.34765135
2019-01-16 09:15:00,NSE:RELIANCE,510.35309796,514.84960103,508.26222404,510.75778324,14194979.75799919
2019-01-17 09:15:00,NSE:RELIANCE,514.60229336,516.15358692,508.10484643,510.10579029,16652858.65598107
2019-01-18 09:15:00,NSE:RELIANCE,516.55827219,535.03889979,510.46551054,532.54334059,57120259.064601
2019-01-21 09:15:00,NSE:RELIANCE,536.88246605,557.54389764,534.47683691,556.53218445,49012607.52584288
2019-01-22 09:15:00,NSE:RELIANCE,554.35138046,560.69144978,548.3935139,555.38557617,36812649.20313281
2019-01-23 09:15:00,NSE:RELIANCE,554.5537231,559.45491144,549.47267463,551.40617095,19636374.91380529
2019-01-24 09:15:00,NSE:RELIANCE,550.82162555,563.5017642,548.61833905,560.91627494,29256479.55235387
2019-01-25 09:15:00,NSE:RELIANCE,562.26522586,568.67274272,555.49798874,560.26428199,19016635.53872723
2019-01-28 09:15:00,NSE:RELIANCE,562.28770837,564.73830254,549.65253476,552.86753445,19057620.72150271
2019-01-29 09:15:00,NSE:RELIANCE,553.51952739,553.81180009,540.1873958,544.36914365,20746935.70448832
2019-01-30 09:15:00,NSE:RELIANCE,546.32512249,550.82162555,535.57848016,537.64687157,17451205.71535464
2019-01-31 09:15:00,NSE:RELIANCE,540.4796685,552.93498199,540.0300182,551.78837371,22651707.00671475
2019-02-01 09:15:00,NSE:RELIANCE,554.86847831,564.31113475,551.74340868,562.0404007,20524760.83094913
2019-02-04 09:15:00,NSE:RELIANCE,560.7139323,583.17396511,558.48816328,580.45358076,25954769.36047
2019-02-05 09:15:00,NSE:RELIANCE,580.94819609,586.5238599,574.92288199,580.74585346,20821527.00245836
2019-02-06 09:15:00,NSE:RELIANCE,582.8592099,592.48172646,581.95990928,589.15431419,20930898.6614586
2019-02-07 09:15:00,NSE:RELIANCE,589.15431419,594.07798505,578.29525929,580.2287556,20487536.3483784
2019-02-08 09:15:00,NSE:RELIANCE,577.71071389,584.7702237,572.06760254,574.51819671,14467914.07652551
2019-02-11 09:15:00,NSE:RELIANCE,573.70882616,573.75379119,562.51253352,563.52424671,16733000.93426516
2019-02-12 09:15:00,NSE:RELIANCE,562.73735868,572.11256757,562.73735868,564.94064518,14232137.52205653
2019-02-13 09:15:00,NSE:RELIANCE,567.00903659,572.83200806,555.65536635,560.24179948,15487684.31418741
2019-02-14 09:15:00,NSE:RELIANCE,558.01603046,558.01603046,547.67407341,550.46190531,14738920.23001485
2019-02-15 09:15:00,NSE:RELIANCE,552.95746451,562.01791819,545.87547218,559.56732402,21345389.64984452
2019-02-18 09:15:00,NSE:RELIANCE,562.06288322,563.18700898,546.32512249,548.61833905,21458935.66383254
2019-02-19 09:15:00,NSE:RELIANCE,547.67407341,557.43148506,544.61645132,546.81973782,13886766.91354268
2019-02-20 09:15:00,NSE:RELIANCE,550.3045277,557.56638015,548.12372371,555.02585592,14006837.99814024
2019-02-21 09:15:00,NSE:RELIANCE,555.76777893,565.57015561,552.77760439,560.66896727,23529791.58539118
2019-02-22 09:15:00,NSE:RELIANCE,559.63477156,559.94952678,551.27127586,554.12655531,19472609.8747886
2019-02-25 09:15:00,NSE:RELIANCE,555.76777893,558.91533107,548.86564672,554.10407279,17463633.15044875
2019-02-26 09:15:00,NSE:RELIANCE,543.8520458,555.22819856,542.27826973,548.6857866,22530953.16933017
2019-02-27 09:15:00,NSE:RELIANCE,552.19305899,559.76966665,543.62722065,550.14715009,24715166.06908888
2019-02-28 09:15:00,NSE:RELIANCE,554.75606574,557.49893261,551.51858353,553.54200991,25101541.87593225
2019-03-01 09:15:00,NSE:RELIANCE,556.21742923,558.62305837,549.58508721,551.29375838,17619276.32243543
2019-03-05 09:15:00,NSE:RELIANCE,550.10218506,557.47645009,547.94386359,556.50970193,15837883.11912026
2019-03-06 09:15:00,NSE:RELIANCE,557.47645009,572.4498053,555.36309365,568.71770776,26772429.20551954
2019-03-07 09:15:00,NSE:RELIANCE,568.35798751,575.46246235,565.72753322,571.16830193,18034590.17248648
2019-03-08 09:15:00,NSE:RELIANCE,569.27977064,573.05683321,567.4586869,569.75190346,13432776.34127943
2019-03-11 09:15:00,NSE:RELIANCE,571.07837186,589.94120223,570.15658874,586.3889648,21614218.5558469
2019-03-12 09:15:00,NSE:RELIANCE,592.14448873,599.83350897,590.95291542,598.64193566,24972152.43896454
2019-03-13 09:15:00,NSE:RELIANCE,601.18245989,611.52441694,597.18057216,605.81385805,24988413.96462813
2019-03-14 09:15:00,NSE:RELIANCE,606.9155013,612.42371755,600.77777461,603.22836878,23133639.29238574
2019-03-15 09:15:00,NSE:RELIANCE,604.77966234,610.98483657,589.58148198,594.28032768,35345451.27097478
2019-03-18 09:15:00,NSE:RELIANCE,598.48455805,610.60263381,597.58525744,607.05039639,22473539.66460761
2019-03-19 09:15:00,NSE:RELIANCE,611.52441694,620.51742307,603.92532676,618.96612951,21806541.34254496
2019-03-20 09:15:00,NSE:RELIANCE,619.5281924,624.11462553,613.32301817,618.47151418,22001148.1263514
2019-03-22 09:15:00,NSE:RELIANCE,617.14504577,620.92210835,601.0475648,603.31829885,25497840.94966715
2019-03-25 09:15:00,NSE:RELIANCE,598.30469793,601.11501234,592.05455867,595.53934854,17684836.1576429
2019-03-26 09:15:00,NSE:RELIANCE,598.16980284,616.7403605,598.03490774,614.78438166,21081466.77852675
2019-03-27 09:15:00,NSE:RELIANCE,619.59563994,619.59563994,604.44242461,606.69067615,22448942.77267116
2019-03-28 09:15:00,NSE:RELIANCE,607.14032645,615.93098995,603.79043167,611.52441694,23313534.64398968
2019-03-29 09:15:00,NSE:RELIANCE,616.04340252,619.10102461,609.32113044,612.98578044,17122797.17689498
2019-04-01 09:15:00,NSE:RELIANCE,616.02092001,632.56805129,612.67102522,625.84577921,22458076.53715425
2019-04-02 09:15:00,NSE:RELIANCE,628.61112859,630.90434515,620.5623881,624.87903105,17819705.40851037
2019-04-03 09:15:00,NSE:RELIANCE,626.25046448,630.85938012,616.92022062,618.3591016,17456812.29442985
2019-04-04 09:15:00,NSE:RELIANCE,620.06777277,622.18112921,605.79137553,608.39934731,18627083.93064651
2019-04-05 09:15:00,NSE:RELIANCE,611.95158473,613.27805314,603.88036173,608.78155007,14963270.12709056
2019-04-08 09:15:00,NSE:RELIANCE,609.72581571,610.40029117,595.20211081,597.69767001,19400802.96277738
2019-04-09 09:15:00,NSE:RELIANCE,597.54029241,602.84616602,593.98805498,600.03585161,21122238.46205939
2019-04-10 09:15:00,NSE:RELIANCE,601.60962768,606.12861326,596.46113167,598.66441817,16930292.02626032
2019-04-11 09:15:00,NSE:RELIANCE,599.36137615,608.37686479,597.58525744,605.58903289,12768440.08790105
2019-04-12 09:15:00,NSE:RELIANCE,607.02791388,610.13050099,601.02508228,603.92532676,13165212.86308101
2019-04-15 09:15:00,NSE:RELIANCE,604.77966234,606.55578105,600.28315928,602.59885836,9440952.08639372
2019-04-16 09:15:00,NSE:RELIANCE,604.77966234,611.52441694,602.53141081,604.21759946,17650500.58670195
2019-04-18 09:15:00,NSE:RELIANCE,618.26917154,624.90151356,613.77266847,623.1928424,39943221.96027042
2019-04-22 09:15:00,NSE:RELIANCE,611.52441694,614.67196909,603.11595621,604.93703995,24002536.73176836
2019-04-23 09:15:00,NSE:RELIANCE,606.12861326,617.36987093,605.22931265,613.25557062,20138538.47668658
2019-04-24 09:15:00,NSE:RELIANCE,616.1558151,627.17224761,614.33473136,624.78910098,16370247.92906275
2019-04-25 09:15:00,NSE:RELIANCE,624.60924086,635.08609301,612.69350774,617.10008074,30979229.40634966
2019-04-26 09:15:00,NSE:RELIANCE,618.26917154,627.68934546,616.33567522,626.272947,15321782.0587918
2019-04-30 09:15:00,NSE:RELIANCE,627.8916881,627.8916881,614.58203903,626.272947,22722143.96525104
2019-05-02 09:15:00,NSE:RELIANCE,625.91322675,635.76056847,621.46168872,631.78116325,19309460.87004555
2019-05-03 09:15:00,NSE:RELIANCE,633.08514914,637.37930957,630.70200252,633.48983442,14478293.25325855
2019-05-06 09:15:00,NSE:RELIANCE,628.61112859,630.76945006,619.66308749,622.72070957,16096753.17502396
2019-05-07 09:15:00,NSE:RELIANCE,627.17224761,627.26217767,602.62134087,604.10518688,19742219.38739766
2019-05-08 09:15:00,NSE:RELIANCE,602.53141081,602.53141081,581.03812616,584.29809088,32493123.62602935
2019-05-09 09:15:00,NSE:RELIANCE,579.50931511,579.50931511,562.84977125,564.9631277,43383419.77039792
2019-05-10 09:15:00,NSE:RELIANCE,568.80763782,574.51819671,559.81463168,562.57998107,24967915.81336428
2019-05-13 09:15:00,NSE:RELIANCE,561.11861757,566.91910653,551.94575132,553.99166021,17897910.6259557
2019-05-14 09:15:00,NSE:RELIANCE,555.99260408,570.76361665,553.74435255,566.76172892,28913588.64858768
2019-05-15 09:15:00,NSE:RELIANCE,572.40484027,574.6530918,562.3326734,565.16547033,24827740.21673186
2019-05-16 09:15:00,NSE:RELIANCE,566.53690377,571.91022493,565.7050507,568.96501542,14692866.66417217
2019-05-17 09:15:00,NSE:RELIANCE,569.70693843,574.18095898,562.96218383,569.88679855,17565739.16334083
2019-05-20 09:15:00,NSE:RELIANCE,590.66064272,601.4972151,586.11917462,596.19134149,27430064.69620312
2019-05-21 09:15:00,NSE:RELIANCE,599.02413842,614.67196909,598.05739026,602.44148075,30850762.9088172
2019-05-22 09:15:00,NSE:RELIANCE,605.07193504,611.38952185,600.32812431,602.71127093,25102618.26794827
2019-05-23 09:15:00,NSE:RELIANCE,616.92022062,625.91322675,595.78665621,599.78854394,39413992.92045723
2019-05-24 09:15:00,NSE:RELIANCE,606.12861326,608.73658504,591.96462861,601.11501234,22641503.52206697
2019-05-27 09:15:00,NSE:RELIANCE,601.22742492,601.40728504,587.69295069,589.33417431,16345413.07442855
2019-05-28 09:15:00,NSE:RELIANCE,593.44847462,600.19322922,590.54823014,595.22459333,43306228.67435612
2019-05-29 09:15:00,NSE:RELIANCE,593.98805498,599.51875376,586.41144732,590.41333505,15818581.45319653
2019-05-30 09:15:00,NSE:RELIANCE,591.85221603,603.43071142,591.85221603,597.92249517,23887098.13595051
2019-05-31 09:15:00,NSE:RELIANCE,601.58714517,603.38574639,593.62833474,598.10235529,26154053.11206508
2019-06-03 09:15:00,NSE:RELIANCE,600.28315928,614.78438166,594.07798505,611.614347,18867128.24602199
2019-06-04 09:15:00,NSE:RELIANCE,610.37780866,617.93193381,606.17357829,607.76983688,15700892.21952699
2019-06-06 09:15:00,NSE:RELIANCE,612.37875252,612.37875252,594.03302002,596.84333443,17045065.66089471
2019-06-07 09:15:00,NSE:RELIANCE,596.213824,596.7983694,587.06344026,591.24518811,14968509.75434212
2019-06-10 09:15:00,NSE:RELIANCE,593.94308995,596.68595682,589.08686664,593.15620192,11965182.54594197
2019-06-11 09:15:00,NSE:RELIANCE,594.37025775,600.05833412,592.63910406,597.65270498,11684168.61544412
2019-06-12 09:15:00,NSE:RELIANCE,600.14826418,601.81197032,595.78665621,599.0016559,10469727.09941283
2019-06-13 09:15:00,NSE:RELIANCE,598.03490774,600.14826418,588.4348737,596.7983694,15948368.97729412
2019-06-14 09:15:00,NSE:RELIANCE,594.39274026,595.78665621,588.77211143,592.43676143,15192541.62650401
2019-06-17 09:15:00,NSE:RELIANCE,593.53840468,593.53840468,574.87791696,576.58658812,15157454.3603122
2019-06-18 09:15:00,NSE:RELIANCE,575.05777708,579.12711235,570.65120407,576.00204272,17078144.69983349
2019-06-19 09:15:00,NSE:RELIANCE,578.65497953,585.44469916,567.72847708,574.3608191,14735014.97303109
2019-06-20 09:15:00,NSE:RELIANCE,575.55239242,584.54539855,574.6530918,583.08403505,10928519.18068971
2019-06-21 09:15:00,NSE:RELIANCE,582.7243148,582.74679732,573.55144855,575.32756726,23625243.53854783
2019-06-24 09:15:00,NSE:RELIANCE,572.02263751,573.95613383,565.25540039,567.63854702,11455564.30116457
2019-06-25 09:15:00,NSE:RELIANCE,566.06477095,583.64609793,563.97389702,582.67934977,15217076.24782796
2019-06-26 09:15:00,NSE:RELIANCE,580.49854579,586.61378996,578.40767186,581.91494425,11786808.37644332
2019-06-27 09:15:00,NSE:RELIANCE,581.46529395,583.1514826,571.50553966,572.92193812,25321837.51134428
2019-06-28 09:15:00,NSE:RELIANCE,574.24840653,576.83389579,561.4558553,563.45679917,19258790.38307628
2019-07-01 09:15:00,NSE:RELIANCE,565.68256819,572.24746266,560.46662463,570.5387915,13704160.56634466
2019-07-02 09:15:00,NSE:RELIANCE,572.83200806,576.00204272,568.0432323,574.87791696,10316352.35688142
2019-07-03 09:15:00,NSE:RELIANCE,576.8563783,578.47511941,573.3266234,576.6990007,8953695.66335421
2019-07-04 09:15:00,NSE:RELIANCE,576.18190284,580.49854579,575.55239242,577.35099364,9507717.3027431
2019-07-05 09:15:00,NSE:RELIANCE,577.84560898,580.27372063,566.55938628,568.06571481,11109397.51839093
2019-07-08 09:15:00,NSE:RELIANCE,565.66008567,570.20155377,561.25351267,562.98466635,14243388.48736454
2019-07-09 09:15:00,NSE:RELIANCE,561.5907504,577.12616849,560.03945684,575.59735745,17828870.30829971
2019-07-10 09:15:00,NSE:RELIANCE,575.57487493,579.75662278,570.47134395,575.03529456,12219084.29654856
2019-07-11 09:15:00,NSE:RELIANCE,578.69994456,579.95896542,575.2376372,576.24935039,8752268.02352886
2019-07-12 09:15:00,NSE:RELIANCE,576.90134333,584.54539855,574.67557432,575.77721757,15954740.59532287
2019-07-15 09:15:00,NSE:RELIANCE,577.80064395,579.82407033,571.21326696,573.79875622,10837675.25285786
2019-07-16 09:15:00,NSE:RELIANCE,575.5299099,582.25218198,574.22592401,581.3978464,10239110.10997935
2019-07-17 09:15:00,NSE:RELIANCE,581.9823918,583.19644763,575.55239242,576.38424548,9640731.77893833
2019-07-18 09:15:00,NSE:RELIANCE,576.45169303,578.43015438,565.66008567,567.39123935,12142538.14613619
2019-07-19 09:15:00,NSE:RELIANCE,570.2465188,572.38235775,558.78043598,561.61323291,16609607.26770077
2019-07-22 09:15:00,NSE:RELIANCE,562.51253352,577.57581879,551.85582126,575.77721757,29578881.20065799
2019-07-23 09:15:00,NSE:RELIANCE,577.80064395,581.80253168,566.73924641,572.65214794,20655942.77197658
2019-07-24 09:15:00,NSE:RELIANCE,572.62966542,575.01281205,563.65914181,566.15470101,15443071.86823396
2019-07-25 09:15:00,NSE:RELIANCE,568.35798751,570.62872156,551.72092617,553.74435255,22169550.10204869
2019-07-26 09:15:00,NSE:RELIANCE,553.74435255,558.69050592,544.07687095,545.78554212,20728287.87999581
2019-07-29 09:15:00,NSE:RELIANCE,547.17945807,549.47267463,541.87358445,544.50403875,17920670.53482348
2019-07-30 09:15:00,NSE:RELIANCE,545.85298967,548.57337402,528.76627802,530.99204703,21201684.64385377
2019-07-31 09:15:00,NSE:RELIANCE,528.67634795,532.83561329,522.67351636,524.40467004,21584815.70699592
2019-08-01 09:15:00,NSE:RELIANCE,523.12316667,534.27449427,517.25523017,530.69977433,23006460.46216169
2019-08-02 09:15:00,NSE:RELIANCE,528.65386544,538.79347985,522.53862127,532.54334059,24164077.82033871
2019-08-05 09:15:00,NSE:RELIANCE,524.74190777,524.74190777,507.20554582,514.10767802,30907264.59385674
2019-08-06 09:15:00,NSE:RELIANCE,510.24068539,516.91799244,504.50764398,507.34044091,29553875.10183942
2019-08-07 09:15:00,NSE:RELIANCE,506.53107036,511.94935655,496.00925318,498.84205011,25773092.62455854
2019-08-08 09:15:00,NSE:RELIANCE,498.36991729,520.69505501,492.50198079,518.15453078,31720062.8832306
2019-08-09 09:15:00,NSE:RELIANCE,522.42620869,528.56393538,518.13204827,522.53862127,22337244.86150405
2019-08-13 09:15:00,NSE:RELIANCE,554.48627555,585.8044194,551.27127586,573.19172831,106579364.67365345
2019-08-14 09:15:00,NSE:RELIANCE,586.34399977,586.54634241,575.70977002,579.26200744,32218674.79724908
2019-08-16 09:15:00,NSE:RELIANCE,580.58847585,580.85826603,572.40484027,574.6530918,22345133.21373719
2019-08-19 09:15:00,NSE:RELIANCE,576.02452524,583.10651757,575.55239242,581.21798628,16590356.75263731
2019-08-20 09:15:00,NSE:RELIANCE,579.95896542,581.21798628,572.22498015,573.73130867,15219515.92146759
2019-08-21 09:15:00,NSE:RELIANCE,573.59641358,574.9453645,569.48211328,571.48305714,10856331.97315216
2019-08-22 09:15:00,NSE:RELIANCE,571.48305714,571.50553966,557.07176481,560.60151972,14266502.00435328
2019-08-23 09:15:00,NSE:RELIANCE,557.11672985,577.35099364,551.49610101,573.68634364,21664083.9727546
2019-08-26 09:15:00,NSE:RELIANCE,581.84749671,581.84749671,566.10973598,569.61700837,19523480.51729804
2019-08-27 09:15:00,NSE:RELIANCE,577.80064395,577.80064395,567.09896665,573.23669334,28876653.27957496
2019-08-28 09:15:00,NSE:RELIANCE,572.742078,576.00204272,564.78326757,568.0432323,11799478.22213608
2019-08-29 09:15:00,NSE:RELIANCE,564.9631277,566.67179886,555.45302371,558.35326819,19205978.2318272
2019-08-30 09:15:00,NSE:RELIANCE,560.03945684,564.04134457,549.02302433,561.41089027,25148698.5211963
2019-09-03 09:15:00,NSE:RELIANCE,558.57809334,558.91533107,539.58036789,542.45812985,19043707.68751045
2019-09-04 09:15:00,NSE:RELIANCE,539.82767556,541.941032,533.30774611,540.09746574,33500155.07553466
2019-09-05 09:15:00,NSE:RELIANCE,542.63798997,545.51575194,536.56771084,538.95085746,23379863.96605159
2019-09-06 09:15:00,NSE:RELIANCE,540.92931881,552.62022678,537.44452893,549.69749979,23574395.13554284
2019-09-09 09:15:00,NSE:RELIANCE,548.86564672,554.41882801,545.49326942,549.5626047,11944299.65125089
2019-09-11 09:15:00,NSE:RELIANCE,549.69749979,557.56638015,549.69749979,555.04833844,12330622.08328354
2019-09-12 09:15:00,NSE:RELIANCE,555.31812862,557.76872279,542.14337464,544.23424856,12078584.00315097
2019-09-13 09:15:00,NSE:RELIANCE,544.97617157,552.39540163,542.682955,551.09141574,13164140.91896588
2019-09-16 09:15:00,NSE:RELIANCE,534.63421452,548.16868874,533.33022863,544.41410868,20891192.25018976
2019-09-17 09:15:00,NSE:RELIANCE,544.52652126,544.52652126,536.6576409,538.43375961,15902213.10973091
2019-09-18 09:15:00,NSE:RELIANCE,541.80613691,546.90966789,538.32134703,542.14337464,15183534.62719635
2019-09-19 09:15:00,NSE:RELIANCE,543.1101228,543.94197586,527.282432,530.16019397,13996329.83228132
2019-09-20 09:15:00,NSE:RELIANCE,534.16208169,571.01092432,528.02435501,564.01886205,48970663.82042504
2019-09-23 09:15:00,NSE:RELIANCE,572.92193812,576.00204272,555.31812862,557.20665991,21972076.64611693
2019-09-24 09:15:00,NSE:RELIANCE,559.18512126,584.00581818,558.8029185,574.96784702,35543325.0379869
2019-09-25 09:15:00,NSE:RELIANCE,577.35099364,582.29714701,570.5387915,575.35004978,18496360.123411
2019-09-26 09:15:00,NSE:RELIANCE,580.94819609,584.00581818,577.12616849,583.10651757,18657191.77178897
2019-09-27 09:15:00,NSE:RELIANCE,581.17302125,591.29015315,577.35099364,588.61473382,19377235.75989758
2019-09-30 09:15:00,NSE:RELIANCE,589.04190161,600.62039701,587.04095775,599.04662093,25686062.77174216
2019-10-01 09:15:00,NSE:RELIANCE,601.18245989,603.43071142,581.53274149,586.74868505,18219929.75478305
2019-10-03 09:15:00,NSE:RELIANCE,578.25029425,591.15525805,576.13693781,589.51403443,13750923.57237972
2019-10-04 09:15:00,NSE:RELIANCE,593.49343965,597.40539731,586.27655223,588.18756603,15242854.05745141
2019-10-07 09:15:00,NSE:RELIANCE,588.18756603,593.89812492,585.30980407,589.08686664,10229767.2941543
2019-10-09 09:15:00,NSE:RELIANCE,588.45735621,598.01242523,581.17302125,595.67424363,17882647.65404251
2019-10-10 09:15:00,NSE:RELIANCE,595.78665621,615.5712697,593.98805498,612.76095528,35591533.61181207
2019-10-11 09:15:00,NSE:RELIANCE,613.18812308,614.04245866,600.98011725,608.19700467,16874553.15622386
2019-10-14 09:15:00,NSE:RELIANCE,613.75018596,613.75018596,607.41011664,610.62511633,13618164.85048582
2019-10-15 09:15:00,NSE:RELIANCE,612.64854271,616.02092001,608.96141019,613.39046571,9834475.66997159
2019-10-16 09:15:00,NSE:RELIANCE,615.97595498,620.36004547,613.18812308,617.07759823,19727999.44824379
2019-10-17 09:15:00,NSE:RELIANCE,618.26917154,629.0607789,616.92022062,627.93665313,16307036.58552661
2019-10-18 09:15:00,NSE:RELIANCE,631.30903043,642.05567276,628.92588381,636.86221172,28592018.75775048
2019-10-22 09:15:00,NSE:RELIANCE,640.75168687,646.080043,631.01675773,635.87298104,28250962.61310252
2019-10-23 09:15:00,NSE:RELIANCE,636.8397292,641.17885466,621.93382154,626.09308687,18754494.05171697
2019-10-24 09:15:00,NSE:RELIANCE,629.96007951,648.1259519,623.46263258,645.90018288,23020965.06697268
2019-10-25 09:15:00,NSE:RELIANCE,647.9910568,649.744693,634.56899515,644.9109522,16831581.9856998
2019-10-29 09:15:00,NSE:RELIANCE,649.96951815,665.48245373,648.44070711,659.65948226,26199234.88933279
2019-10-30 09:15:00,NSE:RELIANCE,665.48245373,667.52836262,656.62434269,665.07776845,16614517.75028628
2019-10-31 09:15:00,NSE:RELIANCE,667.28105496,669.82157919,657.25385312,658.44542643,19789084.69515324
2019-11-01 09:15:00,NSE:RELIANCE,654.24119607,657.29881815,647.94609177,655.09553165,14136716.70420614
2019-11-04 09:15:00,NSE:RELIANCE,659.14238441,661.43560097,649.78965803,655.43276938,14298509.09917692
2019-11-05 09:15:00,NSE:RELIANCE,657.88336355,660.51381784,647.94609177,650.7788887,12897395.85453171
2019-11-06 09:15:00,NSE:RELIANCE,648.71049729,650.39668594,642.32546294,645.2032249,14869975.40586686
2019-11-07 09:15:00,NSE:RELIANCE,645.24818993,657.83839852,643.98916908,655.85993717,14319458.71238139
2019-11-08 09:15:00,NSE:RELIANCE,651.54329423,656.33206999,648.08098687,649.96951815,12220260.76633467
2019-11-11 09:15:00,NSE:RELIANCE,647.09175619,649.40745527,639.65004362,642.01070773,11547691.44840395
2019-11-13 09:15:00,NSE:RELIANCE,642.9999384,663.63888747,642.9999384,662.02014637,25647406.06508399
2019-11-14 09:15:00,NSE:RELIANCE,663.6838525,666.20189422,654.60091631,657.72598594,14496462.92840509
2019-11-15 09:15:00,NSE:RELIANCE,659.02997183,668.54007581,657.90584606,661.36815342,15953895.49415326
2019-11-18 09:15:00,NSE:RELIANCE,662.17752398,668.18035557,654.42105619,656.12972735,14311336.84535138
2019-11-19 09:15:00,NSE:RELIANCE,659.63699974,681.17524943,658.73769913,678.85955035,30680661.8349789
2019-11-20 09:15:00,NSE:RELIANCE,699.22870924,707.03014206,693.90035311,695.90129697,44265874.4117014
2019-11-21 09:15:00,NSE:RELIANCE,694.70972366,699.65587703,687.31297611,691.38231139,15146385.75894079
2019-11-22 09:15:00,NSE:RELIANCE,693.40573777,705.72615617,691.38231139,695.38419912,22726500.6841754
2019-11-25 09:15:00,NSE:RELIANCE,697.47507304,703.61279973,697.4076255,702.15143623,15399328.98690502
2019-11-26 09:15:00,NSE:RELIANCE,705.09664574,708.80626077,699.65587703,701.56689083,35921552.29039488
2019-11-27 09:15:00,NSE:RELIANCE,701.43199574,708.42405801,699.70084206,705.88353378,9803920.81478941
2019-11-28 09:15:00,NSE:RELIANCE,707.14255463,712.31353316,703.23059697,710.58237948,13977272.80090668
2019-11-29 09:15:00,NSE:RELIANCE,711.32430249,711.32430249,695.99122703,697.47507304,18869823.67396294
2019-12-02 09:15:00,NSE:RELIANCE,719.44049052,725.93793745,709.09853347,713.37021138,31747306.27619818
2019-12-03 09:15:00,NSE:RELIANCE,716.1805258,716.74258868,707.12007212,709.95286905,13207565.775381
2019-12-04 09:15:00,NSE:RELIANCE,707.29993224,709.32335862,689.65115771,698.17203102,21338422.01309616
2019-12-05 09:15:00,NSE:RELIANCE,707.74958255,710.33507181,694.26007335,697.34017795,20275805.14613518
2019-12-06 09:15:00,NSE:RELIANCE,698.30692611,705.05168071,692.95608746,699.16126169,13303958.45957644
2019-12-09 09:15:00,NSE:RELIANCE,699.72332458,709.27839359,695.38419912,707.12007212,12854004.35737329
2019-12-10 09:15:00,NSE:RELIANCE,706.87276445,707.56972243,698.82402396,702.33129635,10343384.4745566
2019-12-11 09:15:00,NSE:RELIANCE,699.47601691,707.9744077,697.22776537,702.53363899,12571320.24009025
2019-12-12 09:15:00,NSE:RELIANCE,706.0633939,707.682135,699.94814973,705.14161077,10499218.90628166
2019-12-13 09:15:00,NSE:RELIANCE,710.44748439,714.94398745,707.03014206,711.75147028,12880057.93685209
2019-12-16 09:15:00,NSE:RELIANCE,715.84328807,716.69762365,703.41045709,704.42217028,12091509.60314506
2019-12-17 09:15:00,NSE:RELIANCE,704.48961783,709.99783408,699.45353439,702.66853408,20664333.7370106
2019-12-18 09:15:00,NSE:RELIANCE,702.80342918,710.44748439,702.35377887,708.58143562,14988496.39700333
2019-12-19 09:15:00,NSE:RELIANCE,707.61468746,726.14028009,706.76035187,723.91451107,20850611.82639551
2019-12-20 09:15:00,NSE:RELIANCE,726.18524512,727.3318534,717.68685432,719.03580524,21627070.76547627
2019-12-23 09:15:00,NSE:RELIANCE,701.49944329,709.34584114,700.46524758,706.58049175,25527457.29776097
2019-12-24 09:15:00,NSE:RELIANCE,705.45636598,706.87276445,693.58559789,695.3617166,18350135.38156456
2019-12-26 09:15:00,NSE:RELIANCE,693.20339513,698.28444359,679.03941047,681.40007458,30258484.87385046
2019-12-27 09:15:00,NSE:RELIANCE,686.61601814,695.24930403,684.05301139,693.51815034,17973057.91153732
2019-12-30 09:15:00,NSE:RELIANCE,695.13689145,695.90129697,687.08815096,694.35000341,17409978.12198051
2019-12-31 09:15:00,NSE:RELIANCE,693.36077274,694.12517826,678.09514483,680.79304667,22574135.61514662
2020-01-01 09:15:00,NSE:RELIANCE,682.56916538,686.66098317,676.94853655,678.7921028,14238558.0669951
2020-01-02 09:15:00,NSE:RELIANCE,679.87126354,692.88863992,679.87126354,690.34811568,18006350.44971894
2020-01-03 09:15:00,NSE:RELIANCE,689.31391998,693.20339513,684.81741691,691.17996875,21335464.15900253
2020-01-06 09:15:00,NSE:RELIANCE,683.46846599,687.02070341,673.57615925,675.14993532,24929023.36795879
2020-01-07 09:15:00,NSE:RELIANCE,683.01881569,689.98839544,680.545739,685.5368574,16962494.82872323
2020-01-08 09:15:00,NSE:RELIANCE,681.22021446,689.96591292,678.97196293,680.38836139,16316148.11050524
2020-01-09 09:15:00,NSE:RELIANCE,691.8319617,696.95797519,688.52703194,696.05867458,15233184.32091075
2020-01-10 09:15:00,NSE:RELIANCE,697.81231077,700.53269513,692.30409452,695.90129697,12686938.97589425
2020-01-13 09:15:00,NSE:RELIANCE,694.73220617,700.86993286,691.74203163,694.12517826,18587977.98599817
2020-01-14 09:15:00,NSE:RELIANCE,692.46147212,696.95797519,684.30031906,687.69517887,16080914.19994517
2020-01-15 09:15:00,NSE:RELIANCE,690.59542335,692.41650709,682.68157796,685.19961967,16082259.68996521
2020-01-16 09:15:00,NSE:RELIANCE,687.51531875,693.96780065,687.06566845,691.51720648,13062733.22651395
2020-01-17 09:15:00,NSE:RELIANCE,698.53175126,712.6732534,698.39685617,710.89713469,29955963.11858612
2020-01-20 09:15:00,NSE:RELIANCE,723.48734328,723.48734328,686.34622795,689.02164728,33089865.12954187
2020-01-21 09:15:00,NSE:RELIANCE,687.33545863,695.09192642,684.36776661,689.71860525,19239019.46360838
2020-01-22 09:15:00,NSE:RELIANCE,694.26007335,695.49661169,688.4595844,689.47129759,10495367.02410861
2020-01-23 09:15:00,NSE:RELIANCE,690.88769605,693.33829022,683.78322121,686.54857059,11435748.90268774
2020-01-24 09:15:00,NSE:RELIANCE,686.61601814,690.82024851,682.81647305,684.16542397,14872964.39526673
2020-01-27 09:15:00,NSE:RELIANCE,681.17524943,685.46940986,676.72371139,677.42066937,13611530.80630441
2020-01-28 09:15:00,NSE:RELIANCE,678.3424525,678.97196293,658.1081887,661.7728387,24942300.3521234
2020-01-29 09:15:00,NSE:RELIANCE,662.80703441,671.95741814,658.31053134,665.41500618,25160211.91265698
2020-01-30 09:15:00,NSE:RELIANCE,665.03280342,665.34755864,647.49644147,649.18263012,22777157.827442
2020-01-31 09:15:00,NSE:RELIANCE,653.34189545,653.45430803,632.74791141,634.74885528,35331173.50910932
2020-02-01 09:15:00,NSE:RELIANCE,631.89357583,641.62850497,616.51553534,622.0237516,24514385.59884342
2020-02-03 09:15:00,NSE:RELIANCE,615.97595498,629.48794669,612.89585038,622.99049976,31225656.45950612
2020-02-04 09:15:00,NSE:RELIANCE,629.5104292,644.12406417,628.52119853,641.3811973,25808202.13025482
2020-02-05 09:15:00,NSE:RELIANCE,645.2032249,653.25196539,643.13483349,651.31846907,18780867.88006004
2020-02-06 09:15:00,NSE:RELIANCE,653.83651079,659.63699974,647.5414065,655.50021692,15798310.1448782
2020-02-07 09:15:00,NSE:RELIANCE,652.44259484,653.04962275,642.23553288,644.64116202,12413292.99322511
2020-02-10 09:15:00,NSE:RELIANCE,642.10063779,649.96951815,634.20927491,645.51798012,15395588.30225428
2020-02-11 09:15:00,NSE:RELIANCE,650.82385374,659.2772795,649.76717552,653.22948288,14233827.72439575
2020-02-12 09:15:00,NSE:RELIANCE,654.75829392,663.16675465,654.24119607,661.12084576,13759783.79095791
2020-02-13 09:15:00,NSE:RELIANCE,664.47074054,664.47074054,657.6585384,662.85199944,13792413.59190652
2020-02-14 09:15:00,NSE:RELIANCE,664.24591539,675.12745281,653.38686048,668.89979606,21582671.81876566
2020-02-17 09:15:00,NSE:RELIANCE,669.52930649,677.24080925,662.91944698,664.69556569,13368922.2760643
2020-02-18 09:15:00,NSE:RELIANCE,663.63888747,663.63888747,655.3203568,659.81685987,11313155.85828403
2020-02-19 09:15:00,NSE:RELIANCE,665.19018103,677.37570434,663.27916723,676.18413103,14319834.56000682
2020-02-20 09:15:00,NSE:RELIANCE,673.12650894,678.07266231,667.19112489,668.15787305,17174628.56599723
2020-02-24 09:15:00,NSE:RELIANCE,660.87353809,664.13350281,647.29409883,649.72221048,21727424.30541664
2020-02-25 09:15:00,NSE:RELIANCE,652.62245496,652.62245496,634.00693227,636.88469423,28208829.87189673
2020-02-26 09:15:00,NSE:RELIANCE,634.00693227,635.06361049,623.82235283,625.91322675,29853556.87238378
2020-02-27 09:15:00,NSE:RELIANCE,624.11462553,626.7225973,615.5712697,623.32773749,25473795.59744138
2020-02-28 09:15:00,NSE:RELIANCE,609.23120038,610.17546602,595.78665621,597.42787983,39972945.05798565
2020-03-02 09:15:00,NSE:RELIANCE,609.32113044,615.5712697,585.04001388,591.807251,29993605.70384076
2020-03-03 09:15:00,NSE:RELIANCE,597.90001265,608.78155007,594.43770529,603.81291418,27856778.51624208
2020-03-04 09:15:00,NSE:RELIANCE,607.92721449,608.73658504,588.09763597,602.39651572,22474758.38945221
2020-03-05 09:15:00,NSE:RELIANCE,608.01714455,610.60263381,587.24330039,589.55899946,31020381.38540862
2020-03-06 09:15:00,NSE:RELIANCE,571.05588935,579.21704241,558.06099549,571.50553966,34297915.0119904
2020-03-09 09:15:00,NSE:RELIANCE,557.58886267,558.01603046,492.3670857,500.97788907,89664807.09680094
2020-03-11 09:15:00,NSE:RELIANCE,498.21253968,529.89040378,498.21253968,518.69411115,60575132.72372389
2020-03-12 09:15:00,NSE:RELIANCE,487.87058263,495.06498754,471.5482765,477.97827589,56906822.09236546
2020-03-13 09:15:00,NSE:RELIANCE,448.75100596,512.60134949,423.75045791,496.99848386,74524039.03668758
2020-03-16 09:15:00,NSE:RELIANCE,476.87663264,485.48743601,451.89855811,456.70981639,39129805.41267246
2020-03-17 09:15:00,NSE:RELIANCE,470.89628356,476.62932497,451.08918756,453.24750903,46208001.40957489
2020-03-18 09:15:00,NSE:RELIANCE,461.02645933,465.79275258,432.11394462,435.48632192,45480891.93089829
2020-03-19 09:15:00,NSE:RELIANCE,413.72323809,434.81184646,401.17800802,412.64409084,62430874.81441045
2020-03-20 09:15:00,NSE:RELIANCE,422.44646303,465.34310227,418.17478511,457.72152958,64422342.37688631
2020-03-23 09:15:00,NSE:RELIANCE,411.96961538,427.16779125,393.73629994,397.51334903,41351496.32535278
2020-03-24 09:15:00,NSE:RELIANCE,418.17478511,436.16079738,402.79674013,424.20010822,46523535.49890074
2020-03-25 09:15:00,NSE:RELIANCE,433.37296098,517.79481054,433.12565781,486.63404429,74353615.4900346
2020-03-26 09:15:00,NSE:RELIANCE,492.72680594,502.21442741,468.69299706,479.41715687,46509328.90344956
2020-03-27 09:15:00,NSE:RELIANCE,492.3670857,497.89778447,470.42415074,479.14736669,42354344.52406855
2020-03-30 09:15:00,NSE:RELIANCE,467.90610902,483.28414951,458.64331271,463.34215841,30735631.21816094
2020-03-31 09:15:00,NSE:RELIANCE,482.90194675,508.01491637,471.23352129,500.79802895,45034794.15876908
2020-04-01 09:15:00,NSE:RELIANCE,504.62005655,505.67673477,469.97450043,485.82467374,42293085.80902429
2020-04-03 09:15:00,NSE:RELIANCE,510.10579029,510.10579029,474.96561883,484.47572282,42059448.6948847
2020-04-07 09:15:00,NSE:RELIANCE,495.55960288,545.87547218,494.61533723,542.32323476,55285310.91058767
2020-04-08 09:15:00,NSE:RELIANCE,530.58736176,552.62022678,521.59435563,536.05061298,50714463.36539538
2020-04-09 09:15:00,NSE:RELIANCE,545.87547218,554.32889794,536.43281574,548.55089151,33585456.91885424
2020-04-13 09:15:00,NSE:RELIANCE,541.3564866,546.32512249,530.58736176,534.70166206,24069528.79106327
2020-04-15 09:15:00,NSE:RELIANCE,538.25389948,555.76777893,513.95030041,517.03040501,35912260.6254301
2020-04-16 09:15:00,NSE:RELIANCE,517.03040501,533.93725654,514.84960103,525.21404059,38081888.85816174
2020-04-17 09:15:00,NSE:RELIANCE,546.77477279,553.06987709,536.27543814,550.37197525,33825634.67125651
2020-04-20 09:15:00,NSE:RELIANCE,551.27127586,565.21043536,540.4796685,559.27505132,36633665.67121186
2020-04-21 09:15:00,NSE:RELIANCE,544.07687095,562.96218383,523.39295685,556.37480684,62398947.78180287
2020-04-22 09:15:00,NSE:RELIANCE,593.53840468,622.72070957,584.54539855,613.14315804,145070275.8260536
2020-04-23 09:15:00,NSE:RELIANCE,614.82934669,623.14787737,608.51175989,616.42560528,66559125.08547606
2020-04-24 09:15:00,NSE:RELIANCE,607.09536142,672.20472581,605.76889302,637.15448442,137243068.88647905
2020-04-27 09:15:00,NSE:RELIANCE,644.79853963,663.2342022,639.85238626,642.88752582,59460677.79580933
2020-04-28 09:15:00,NSE:RELIANCE,651.99294453,654.4435387,625.9806743,642.16808533,79765054.03332856
2020-04-29 09:15:00,NSE:RELIANCE,649.69972797,653.63416815,638.50343534,641.62850497,38121935.53384889
2020-04-30 09:15:00,NSE:RELIANCE,653.76906324,672.20472581,646.61962337,659.18734944,72540595.4874221
2020-05-04 09:15:00,NSE:RELIANCE,647.49644147,658.73769913,637.35682705,645.33812,54351658.70605914
2020-05-05 09:15:00,NSE:RELIANCE,653.65665067,665.03280342,650.73392367,656.7817203,45654824.87135562
2020-05-06 09:15:00,NSE:RELIANCE,658.28804882,667.70822275,649.96951815,656.82668533,41165998.84257455
2020-05-07 09:15:00,NSE:RELIANCE,654.24119607,680.61318655,649.744693,677.60052949,50865147.12788672
2020-05-08 09:15:00,NSE:RELIANCE,694.70972366,710.40251936,691.15748624,702.26384881,85671875.31459294
2020-05-11 09:15:00,NSE:RELIANCE,710.44748439,726.18524512,706.98517703,709.00860341,68209458.66503835
2020-05-12 09:15:00,NSE:RELIANCE,703.61279973,705.20905832,658.73769913,665.145216,102366479.74440217
2020-05-13 09:15:00,NSE:RELIANCE,693.15034652,693.15034652,660.01349302,679.28280029,67539234.61515126
2020-05-14 09:15:00,NSE:RELIANCE,666.82243552,679.39628267,649.14188149,651.82006554,50088645.9228473
2020-05-15 09:15:00,NSE:RELIANCE,655.47419802,665.77839767,642.35563547,662.46471232,63189178.05361265
2020-05-18 09:15:00,NSE:RELIANCE,667.27636502,672.72351902,648.21132602,653.99892714,63846081.82389546
2020-05-19 09:15:00,NSE:RELIANCE,661.37528152,663.50875017,636.97657089,639.54127257,43022575.09043762
2020-05-20 09:15:00,NSE:RELIANCE,640.04059502,656.76789709,632.32379352,650.79872417,56243738.28835907
2020-05-21 09:15:00,NSE:RELIANCE,651.38883252,663.39526779,646.84953752,654.22589189,39823796.42554818
2020-05-22 09:15:00,NSE:RELIANCE,659.01484812,661.82921102,647.53043177,649.82277574,38460824.86281734
2020-05-26 09:15:00,NSE:RELIANCE,657.35800544,658.06159617,642.90035087,646.41830449,33773511.08403201
2020-05-27 09:15:00,NSE:RELIANCE,649.57311452,660.01349302,640.94845402,656.17778874,36262820.54722382
2020-05-28 09:15:00,NSE:RELIANCE,660.46742252,671.70217764,657.74384552,668.29770639,40797639.27997606
2020-05-29 09:15:00,NSE:RELIANCE,666.36850602,668.18422402,659.40068819,664.73435982,40693037.1336101
2020-06-01 09:15:00,NSE:RELIANCE,671.81566002,698.30244634,669.97724554,690.13171534,40609973.57418279
2020-06-02 09:15:00,NSE:RELIANCE,692.69641702,699.05143002,690.33598362,697.09953317,22523546.0567026
2020-06-03 09:15:00,NSE:RELIANCE,701.32107752,708.13002002,696.03279884,699.80041369,25805033.60039163
2020-06-04 09:15:00,NSE:RELIANCE,700.86714802,721.52094027,699.50535952,717.11782412,34773267.65413535
2020-06-05 09:15:00,NSE:RELIANCE,724.01755252,734.45793102,714.34885417,717.98029017,33640543.29939034
2020-06-08 09:15:00,NSE:RELIANCE,734.63950282,734.63950282,710.39966752,712.44235027,31939001.54019467
2020-06-09 09:15:00,NSE:RELIANCE,708.26619887,718.57039852,695.87392352,697.75773094,26290586.97375583
2020-06-10 09:15:00,NSE:RELIANCE,700.45861147,717.00434174,699.07412649,713.64526344,22502229.97127576
2020-06-11 09:15:00,NSE:RELIANCE,710.85359702,711.73875954,694.96606452,698.00739217,20726308.8205685
2020-06-12 09:15:00,NSE:RELIANCE,680.89425002,723.10969352,679.53246152,721.20318962,39192352.55597619
2020-06-15 09:15:00,NSE:RELIANCE,710.39966752,738.52060004,708.62934247,732.89187424,53993322.75031932
2020-06-16 09:15:00,NSE:RELIANCE,745.80616852,748.32547724,719.61443637,734.32175217,52041779.61426406
2020-06-17 09:15:00,NSE:RELIANCE,730.03211839,742.37900079,727.24045197,733.25501784,42479105.23444924
2020-06-18 09:15:00,NSE:RELIANCE,729.46470652,755.79261752,728.82920522,751.66185907,41146684.67137728
2020-06-19 09:15:00,NSE:RELIANCE,758.06226502,811.98908962,754.43082902,798.64356232,107569241.47645581
2020-06-22 09:15:00,NSE:RELIANCE,804.99857532,818.97960392,787.56768252,792.62899644,61202834.35932178
2020-06-23 09:15:00,NSE:RELIANCE,794.37662502,800.61815564,778.98841497,781.16727657,38598936.61805343
2020-06-24 09:15:00,NSE:RELIANCE,787.97621907,804.68082467,776.99112517,784.32208659,52449827.56002526
2020-06-25 09:15:00,NSE:RELIANCE,783.93624652,793.92269552,777.60392999,779.80548807,40342619.28238862
2020-06-26 09:15:00,NSE:RELIANCE,784.75331962,795.28448402,779.39695152,790.58631369,31438130.81028099
2020-06-29 09:15:00,NSE:RELIANCE,784.41287249,789.72384764,778.73875374,782.18861794,26050578.33805956
2020-06-30 09:15:00,NSE:RELIANCE,788.47554152,790.29125952,769.66016374,773.54126097,30782396.82517404
2020-07-01 09:15:00,NSE:RELIANCE,780.75874002,793.92269552,775.33428249,788.74789922,28939969.7522933
2020-07-02 09:15:00,NSE:RELIANCE,791.19911852,802.36578422,787.59037899,799.07479534,29270536.50328937
2020-07-03 09:15:00,NSE:RELIANCE,807.90372412,813.89559352,802.54735602,811.58055307,29925360.65548176
2020-07-06 09:15:00,NSE:RELIANCE,819.34274752,843.40101102,813.48705697,840.58664812,47800702.5308135
2020-07-07 09:15:00,NSE:RELIANCE,844.30887002,846.28346335,819.93285587,827.7177468,35776705.41261697
2020-07-08 09:15:00,NSE:RELIANCE,827.9901045,832.93793605,812.53380502,816.16524102,26641852.97430446
2020-07-09 09:15:00,NSE:RELIANCE,821.15846552,832.96063252,810.8315694,828.0808904,37026461.15659462
2020-07-10 09:15:00,NSE:RELIANCE,830.01009077,855.47553572,828.0808904,852.5022975,44490366.89507566
2020-07-13 09:15:00,NSE:RELIANCE,863.98671385,884.11848717,862.46605002,878.35358252,70769573.24695106
2020-07-14 09:15:00,NSE:RELIANCE,877.89965302,881.39491017,856.70114537,870.18285152,68454663.112285
2020-07-15 09:15:00,NSE:RELIANCE,879.69267455,898.23569462,816.16524102,837.04599802,142001341.6144986
2020-07-16 09:15:00,NSE:RELIANCE,838.40778652,848.39423552,822.7245223,836.77364032,61978772.03244338
2020-07-17 09:15:00,NSE:RELIANCE,837.49992752,871.54464002,834.32242102,867.77702517,50557487.44998909
2020-07-20 09:15:00,NSE:RELIANCE,870.54599512,876.99179402,862.3071747,871.49924707,37203468.81967448
2020-07-21 09:15:00,NSE:RELIANCE,880.16930052,897.41862152,879.03447677,894.94470575,42877799.30477406
2020-07-22 09:15:00,NSE:RELIANCE,900.14219852,912.39829502,890.01957067,909.67471802,60768839.65310618
2020-07-23 09:15:00,NSE:RELIANCE,909.65202155,944.03718117,903.93250985,934.09612512,59306694.09970304
2020-07-24 09:15:00,NSE:RELIANCE,934.18691102,981.84950852,934.09612512,974.20075106,122611094.89164554
2020-07-27 09:15:00,NSE:RELIANCE,989.02159462,998.10018462,965.91653768,978.76278792,81644724.56423128
2020-07-28 09:15:00,NSE:RELIANCE,978.76278792,995.92132302,976.24343381,988.52227217,56034291.667248
2020-07-29 09:15:00,NSE:RELIANCE,988.61301268,990.83731262,939.8383333,951.73124081,73880109.1340545
2020-07-30 09:15:00,NSE:RELIANCE,952.79802052,971.27295117,940.54192402,957.26927149,74074313.30011512
2020-07-31 09:15:00,NSE:RELIANCE,959.83392777,966.41590552,931.82647762,938.31771487,76208695.4012474
2020-08-03 09:15:00,NSE:RELIANCE,931.14558337,933.73298152,909.26618147,911.94436552,47496664.1283819
2020-08-04 09:15:00,NSE:RELIANCE,917.20994772,983.66522652,907.9724824,976.22082812,93576700.78491187
2020-08-05 09:15:00,NSE:RELIANCE,984.57308552,996.82918202,961.55885987,965.2583853,75795659.89684562
2020-08-06 09:15:00,NSE:RELIANCE,979.12593152,983.98297717,956.79260012,968.73099137,50145949.9755677
2020-08-07 09:15:00,NSE:RELIANCE,966.77904912,979.48907512,962.42132592,974.3369753,33534687.65440845
2020-08-10 09:15:00,NSE:RELIANCE,980.07922887,982.75736752,956.92882437,962.26249599,27409408.28849167
2020-08-11 09:15:00,NSE:RELIANCE,969.04869662,980.48772002,953.41087074,968.59476712,47609505.43964
2020-08-12 09:15:00,NSE:RELIANCE,962.78446952,973.67877752,956.33867062,965.78044962,30770260.57934762
2020-08-13 09:15:00,NSE:RELIANCE,965.96197602,970.90976218,957.79124502,963.2610955,25244561.10412585
2020-08-14 09:15:00,NSE:RELIANCE,963.48806025,979.12593152,948.3722079,959.51617712,33780045.13832882
2020-08-17 09:15:00,NSE:RELIANCE,955.52159752,955.52159752,939.67950337,949.32550524,31496573.80638356
2020-08-18 09:15:00,NSE:RELIANCE,946.44300752,968.82173187,945.24013974,961.67234225,31057536.46689572
2020-08-19 09:15:00,NSE:RELIANCE,971.86305952,977.76414302,962.94339024,967.57342575,34656062.22906674
2020-08-20 09:15:00,NSE:RELIANCE,962.33054002,964.10081968,947.80479602,951.912858,22916096.00112254
2020-08-21 09:15:00,NSE:RELIANCE,961.42268102,963.23839902,942.81157152,945.01317499,25702848.1288617
2020-08-24 09:15:00,NSE:RELIANCE,949.34811093,955.29463277,939.86102977,951.32274965,33262940.60999531
2020-08-25 09:15:00,NSE:RELIANCE,955.97552702,958.38135337,943.26550102,945.12665737,19711671.08499821
2020-08-26 09:15:00,NSE:RELIANCE,946.44300752,975.01786955,929.19368652,970.18352037,60870747.5484927
2020-08-27 09:15:00,NSE:RELIANCE,975.04056602,975.94842502,954.7272209,958.06364812,28555401.22348946
2020-08-28 09:15:00,NSE:RELIANCE,962.33054002,968.18618518,956.0890094,960.58286606,27620333.11271575
2020-08-31 09:15:00,NSE:RELIANCE,986.84273302,986.84273302,935.25369074,944.49111067,63113635.48588098
2020-09-01 09:15:00,NSE:RELIANCE,953.25195002,963.41992543,936.18415543,947.4643489,39260475.46933438
2020-09-02 09:15:00,NSE:RELIANCE,949.62051402,970.50127102,946.44300752,966.05276192,27398988.16818691
2020-09-03 09:15:00,NSE:RELIANCE,965.96197602,970.84171815,954.61373852,958.74454237,18896637.03237372
2020-09-04 09:15:00,NSE:RELIANCE,945.78480975,951.86746505,940.63270992,942.9250539,28950982.47563442
2020-09-07 09:15:00,NSE:RELIANCE,945.98907802,955.86204465,927.9453804,945.37622781,22292225.99489258
2020-09-08 09:15:00,NSE:RELIANCE,949.62051402,962.78446952,944.40032477,956.47489487,27854021.38368594
2020-09-09 09:15:00,NSE:RELIANCE,946.44300752,984.02837012,944.8315578,981.10057024,56233523.04568398
2020-09-10 09:15:00,NSE:RELIANCE,990.97353687,1064.44198105,987.45558324,1050.39286303,142647186.39874968
2020-09-11 09:15:00,NSE:RELIANCE,1049.48500403,1061.21912699,1038.18220487,1053.00295765,60462875.84155273
2020-09-14 09:15:00,NSE:RELIANCE,1055.38608753,1071.27362003,1035.86711903,1045.19537025,44798762.80236198
2020-09-15 09:15:00,NSE:RELIANCE,1049.46230755,1055.72653465,1038.65874006,1052.59446649,27632398.86301367
2020-09-16 09:15:00,NSE:RELIANCE,1053.11644003,1075.51790624,1048.82680625,1055.18181925,34518869.11868627
2020-09-17 09:15:00,NSE:RELIANCE,1053.11644003,1059.33527418,1040.33836999,1043.47043815,26259564.53525018
2020-09-18 09:15:00,NSE:RELIANCE,1050.5063454,1052.8667788,1033.39320325,1046.62524818,33626589.59072006
2020-09-21 09:15:00,NSE:RELIANCE,1044.03785003,1060.37931203,1020.13850724,1023.99690799,34189082.22447411
2020-09-22 09:15:00,NSE:RELIANCE,1033.59747153,1033.59747153,999.34849075,1003.70616856,35372499.47315844
2020-09-23 09:15:00,NSE:RELIANCE,1025.88067003,1033.48398915,1001.05072637,1012.62592863,43706806.89293618
2020-09-24 09:15:00,NSE:RELIANCE,1002.23089768,1010.44706703,987.7732885,990.11102542,30324799.33482623
2020-09-25 09:15:00,NSE:RELIANCE,993.65167552,1004.45519762,983.80140537,999.41658017,28850184.88482161
2020-09-28 09:15:00,NSE:RELIANCE,1010.90099653,1015.89422103,1001.845103,1006.0212544,19996028.0170698
2020-09-29 09:15:00,NSE:RELIANCE,1009.99313753,1027.69638803,1006.0212544,1019.094424,26276016.42921128
2020-09-30 09:15:00,NSE:RELIANCE,1025.88067003,1029.05817653,1009.99313753,1014.23742374,24874523.46613179
2020-10-01 09:15:00,NSE:RELIANCE,1027.60560213,1027.60560213,1004.99991302,1010.1066199,21129860.47340325
2020-10-05 09:15:00,NSE:RELIANCE,1018.61779803,1020.95548956,1001.36847702,1004.18283992,19238427.99329638
2020-10-06 09:15:00,NSE:RELIANCE,1010.1066199,1014.03306468,999.39383831,1003.34311574,18719541.24988326
2020-10-07 09:15:00,NSE:RELIANCE,1014.53243253,1048.12321553,1007.72349003,1024.74584628,54058218.29026388
2020-10-08 09:15:00,NSE:RELIANCE,1025.42674053,1029.51210603,1008.67678737,1016.4616329,21429556.79187698
2020-10-09 09:15:00,NSE:RELIANCE,1014.53243253,1022.70316353,1006.40713987,1013.8288418,18854793.53024502
2020-10-12 09:15:00,NSE:RELIANCE,1014.53243253,1023.95146965,1010.5605494,1015.462988,14463754.83381644
2020-10-13 09:15:00,NSE:RELIANCE,1012.53518812,1037.56935465,1010.37902299,1035.27701068,23497657.67533284
2020-10-14 09:15:00,NSE:RELIANCE,1034.45989218,1045.85356803,1029.73907078,1038.36373128,27188114.01262394
2020-10-15 09:15:00,NSE:RELIANCE,1039.49855503,1039.49855503,996.37525252,1001.59544177,20370769.02860524
2020-10-16 09:15:00,NSE:RELIANCE,1005.45384252,1013.39760878,986.22988281,987.65980612,21944112.46625857
2020-10-19 09:15:00,NSE:RELIANCE,994.1283015,1011.67267668,978.28611656,987.84137792,31720921.41982897
2020-10-20 09:15:00,NSE:RELIANCE,989.11238052,995.46739352,976.9697664,978.62656368,18790629.38140853
2020-10-21 09:15:00,NSE:RELIANCE,984.11915602,995.01346402,952.23060865,964.41866112,34652933.98999006
2020-10-22 09:15:00,NSE:RELIANCE,965.68957293,968.00465877,949.16658452,956.40676005,31315997.30717396
2020-10-23 09:15:00,NSE:RELIANCE,955.97552702,969.13948252,951.61775843,959.17573,23812911.47574996
2020-10-26 09:15:00,NSE:RELIANCE,954.13711255,954.13711255,916.25669577,921.06834847,37947170.20940925
2020-10-27 09:15:00,NSE:RELIANCE,923.70113957,935.02672599,910.12864752,923.51956777,37087281.17379842
2020-10-28 09:15:00,NSE:RELIANCE,926.83325312,934.05073217,911.21807832,913.0564928,30423345.47469792
2020-10-29 09:15:00,NSE:RELIANCE,906.49721152,926.92403902,903.77363452,920.06970357,31167132.78085804
2020-10-30 09:15:00,NSE:RELIANCE,923.06563827,937.40985587,917.75466312,932.59815777,34589342.61732253
2020-11-02 09:15:00,NSE:RELIANCE,920.11509652,920.11509652,843.92302995,852.2299398,101024070.91599172
2020-11-03 09:15:00,NSE:RELIANCE,857.92675502,866.55141552,833.00602547,839.95114682,90170764.400602
2020-11-04 09:15:00,NSE:RELIANCE,833.86849152,875.63000552,833.86849152,868.45791942,81517308.30245811
2020-11-05 09:15:00,NSE:RELIANCE,887.40947605,890.13305305,876.99179402,887.43217252,37825860.62279144
2020-11-06 09:15:00,NSE:RELIANCE,903.31970502,926.01618002,897.94064045,921.09104495,67786032.85143512
2020-11-09 09:15:00,NSE:RELIANCE,936.04806737,939.18013552,924.20046202,930.87322567,36436202.09655702
2020-11-10 09:15:00,NSE:RELIANCE,942.81157152,948.71265502,926.56089542,946.23873925,37550207.68550294
2020-11-11 09:15:00,NSE:RELIANCE,948.25872552,950.98230252,897.91794397,906.58799742,57670799.09842739
2020-11-12 09:15:00,NSE:RELIANCE,899.23433952,911.6947043,891.97146752,898.78041002,40714397.27874225
2020-11-13 09:15:00,NSE:RELIANCE,899.68826902,924.4955162,899.57478665,906.22485382,46145632.74578889
2020-11-14 18:00:00,NSE:RELIANCE,914.62254957,914.80412137,905.74822785,908.90303787,5313380.16132478
2020-11-17 09:15:00,NSE:RELIANCE,946.44300752,946.44300752,901.05005752,904.7949759,47318768.66224016
2020-11-18 09:15:00,NSE:RELIANCE,904.7949759,910.80954177,889.74721297,902.04870242,30909319.61824779
2020-11-19 09:15:00,NSE:RELIANCE,902.04870242,912.6025633,893.42404192,895.67099295,28259912.60687241
2020-11-20 09:15:00,NSE:RELIANCE,896.51076252,900.50534212,860.19640252,862.23908527,58429716.50738945
2020-11-23 09:15:00,NSE:RELIANCE,885.61645452,894.24111502,874.3816994,885.48027567,46083510.7642933
2020-11-24 09:15:00,NSE:RELIANCE,891.51753802,896.05683302,876.99179402,891.5402345,31452203.48015559
2020-11-25 09:15:00,NSE:RELIANCE,898.78041002,904.65879705,881.62187492,884.16388012,33182192.3880818
2020-11-26 09:15:00,NSE:RELIANCE,886.54701,891.97146752,876.1066315,886.34274172,26269557.27641348
2020-11-27 09:15:00,NSE:RELIANCE,880.85019477,887.93149497,872.18014132,875.99314912,48126264.09928686
2020-12-01 09:15:00,NSE:RELIANCE,880.78210535,892.5388794,876.1066315,887.38677957,20080076.3109107
2020-12-02 09:15:00,NSE:RELIANCE,889.02092575,890.609679,878.3535825,888.86205043,22558939.21853504
2020-12-03 09:15:00,NSE:RELIANCE,895.148974,899.27973245,889.08901518,891.54023447,28248758.89317614
2020-12-04 09:15:00,NSE:RELIANCE,893.7871855,893.7871855,880.62323,883.68725413,18772492.20418589
2020-12-07 09:15:00,NSE:RELIANCE,880.8955877,891.9714675,880.8955877,888.8847469,18546419.65327215
2020-12-08 09:15:00,NSE:RELIANCE,890.22383893,914.32749538,885.162525,905.02194063,44126909.57516531
2020-12-09 09:15:00,NSE:RELIANCE,912.37559853,923.2018171,907.51855288,920.09240003,29661819.73191872
2020-12-10 09:15:00,NSE:RELIANCE,917.6638772,920.79599075,908.3129295,911.0365065,16333437.24080501
2020-12-11 09:15:00,NSE:RELIANCE,913.7600835,925.108321,896.17031538,910.4917911,27393560.01317385
2020-12-14 09:15:00,NSE:RELIANCE,911.46773953,914.6679425,901.66286232,903.90981335,17601477.76251598
2020-12-15 09:15:00,NSE:RELIANCE,903.18352615,903.18352615,890.20114245,896.21570832,18860651.26853399
2020-12-16 09:15:00,NSE:RELIANCE,902.411846,905.56665603,892.28921815,897.21435323,18870560.29625746
2020-12-17 09:15:00,NSE:RELIANCE,900.82309275,910.1286475,897.48671093,901.3224152,20590113.66302476
2020-12-18 09:15:00,NSE:RELIANCE,898.82580295,910.08325455,891.9714675,904.02329572,18774314.07300032
2020-12-21 09:15:00,NSE:RELIANCE,912.398295,917.845449,842.15270487,880.48705115,44871604.51127322
2020-12-22 09:15:00,NSE:RELIANCE,884.7085955,889.20249755,857.22316428,879.12526265,28609301.66468582
2020-12-23 09:15:00,NSE:RELIANCE,876.083935,885.82072278,871.83969418,882.37085858,19826642.68350041
2020-12-24 09:15:00,NSE:RELIANCE,883.8007365,907.3142846,883.30141405,905.20351243,21123493.84651141
2020-12-28 09:15:00,NSE:RELIANCE,910.90032765,916.029731,905.72553135,909.35696735,17508707.85000755
2020-12-29 09:15:00,NSE:RELIANCE,911.9443655,913.44233285,899.93793023,903.34240148,18922337.05894858
2020-12-30 09:15:00,NSE:RELIANCE,905.70283488,911.1272924,896.76042372,905.81631725,22411259.89828817
2020-12-31 09:15:00,NSE:RELIANCE,904.90845825,913.26076105,898.1449087,901.18623635,19094410.03503848
2021-01-01 09:15:00,NSE:RELIANCE,902.411846,906.4972115,899.688269,902.18488125,10182202.3023399
2021-01-04 09:15:00,NSE:RELIANCE,905.63474545,907.35967755,893.333256,903.70554507,24922354.68283071
2021-01-05 09:15:00,NSE:RELIANCE,893.7871855,900.4145562,887.886102,892.47078995,24525400.97085561
2021-01-06 09:15:00,NSE:RELIANCE,892.38000405,892.425397,864.80378693,868.93454538,47175321.27786364
2021-01-07 09:15:00,NSE:RELIANCE,871.77160475,882.8928775,864.80378693,867.52736393,32865028.60025621
2021-01-08 09:15:00,NSE:RELIANCE,870.636781,879.8969428,867.95859695,877.76347415,27999484.50144791
2021-01-11 09:15:00,NSE:RELIANCE,880.0785146,880.0785146,859.06157875,861.21774388,33863311.37324188
2021-01-12 09:15:00,NSE:RELIANCE,863.8278385,889.70182,862.42065705,888.36272798,41848011.64057414
2021-01-13 09:15:00,NSE:RELIANCE,891.31326973,896.48806603,870.84104928,880.0785146,27063400.81444365
2021-01-14 09:15:00,NSE:RELIANCE,882.8928775,892.83393355,880.19199697,889.9741777,21912693.49094959
2021-01-15 09:15:00,NSE:RELIANCE,889.9741777,895.9660471,871.56733647,879.46570977,20936709.33481962
2021-01-18 09:15:00,NSE:RELIANCE,884.75398845,906.4972115,873.06530382,900.57343153,35685841.08325192
2021-01-19 09:15:00,NSE:RELIANCE,905.43047718,921.9308145,905.43047718,915.3034438,32540401.09752726
2021-01-20 09:15:00,NSE:RELIANCE,917.5730913,934.186911,908.4945013,932.68894365,31440276.5187105
2021-01-21 09:15:00,NSE:RELIANCE,945.081219,962.33054,941.9037125,952.97954691,39739622.56253449
2021-01-22 09:15:00,NSE:RELIANCE,958.2451745,960.21981322,923.81462193,930.37394859,31041864.43048976
2021-01-25 09:15:00,NSE:RELIANCE,923.72383603,923.72383603,876.991794,881.0771595,55111135.09917289
2021-01-27 09:15:00,NSE:RELIANCE,873.8142875,873.8142875,857.018896,860.1964025,43076753.10813684
2021-01-28 09:15:00,NSE:RELIANCE,853.45554943,873.04260735,848.848165,851.82140322,34635975.41027847
2021-01-29 09:15:00,NSE:RELIANCE,859.87865185,868.41252645,830.690985,836.11544253,44441390.12776213
2021-02-01 09:15:00,NSE:RELIANCE,844.0365123,864.7356975,838.861716,860.33258135,34750999.87993731
2021-02-02 09:15:00,NSE:RELIANCE,868.93454538,880.62323,842.01652603,874.1774311,42161644.04384382
2021-02-03 09:15:00,NSE:RELIANCE,875.31225485,886.070384,862.46605,876.37898918,30807048.23105791
2021-02-04 09:15:00,NSE:RELIANCE,873.360358,880.62323,864.7356975,873.49653685,26054371.87933369
2021-02-05 09:15:00,NSE:RELIANCE,876.10663148,882.73400218,871.54464,873.24687562,20585729.72234675
2021-02-08 09:15:00,NSE:RELIANCE,877.46841998,893.7871855,875.65270197,885.82072278,21536683.55989201
2021-02-09 09:15:00,NSE:RELIANCE,890.58698253,903.1381332,886.20656285,887.95419143,19931086.21492985
2021-02-10 09:15:00,NSE:RELIANCE,886.86476062,900.93657513,874.85832535,896.19301185,21588286.28674717
2021-02-11 09:15:00,NSE:RELIANCE,898.78041,937.0012739,895.26245638,933.14287315,43248720.340934
2021-02-12 09:15:00,NSE:RELIANCE,933.05208725,943.265501,914.8495143,926.7424672,31005638.54078662
2021-02-15 09:15:00,NSE:RELIANCE,929.67031248,935.68487835,919.2072375,922.6571017,16054453.3897885
2021-02-16 09:15:00,NSE:RELIANCE,925.90269763,943.90095691,923.7465325,934.86780525,21778917.21071224
2021-02-17 09:15:00,NSE:RELIANCE,935.09477,951.41353552,930.82787809,945.64863088,24138964.31053721
2021-02-18 09:15:00,NSE:RELIANCE,946.4430075,957.06491241,934.68627884,938.59002715,18957857.99336681
2021-02-19 09:15:00,NSE:RELIANCE,933.7329815,955.49890102,932.05344235,944.30953885,23793791.76722376
2021-02-22 09:15:00,NSE:RELIANCE,944.17336,948.66721666,905.56665603,911.53582895,24201328.62041352
2021-02-23 09:15:00,NSE:RELIANCE,929.647616,931.87182516,914.0324412,918.50364678,26071784.27487088
2021-02-24 09:15:00,NSE:RELIANCE,921.476885,937.47789987,919.72925643,935.5486995,10517827.10751339
2021-02-25 09:15:00,NSE:RELIANCE,942.357642,976.856284,940.9958535,973.38376872,35436994.07066516
2021-02-26 09:15:00,NSE:RELIANCE,960.9687515,968.64011466,939.95181565,946.8061511,38106302.85099338
2021-03-01 09:15:00,NSE:RELIANCE,957.8820309,958.699104,936.22959375,954.02363015,17975632.77998015
2021-03-02 09:15:00,NSE:RELIANCE,963.238399,966.869835,948.30416384,955.975527,17436789.19303548
2021-03-03 09:15:00,NSE:RELIANCE,962.80716598,1007.67805166,956.5202424,999.59819734,32456877.11417742
2021-03-04 09:15:00,NSE:RELIANCE,989.56631,994.08290852,979.44368215,987.68254797,21793245.42687796
2021-03-05 09:15:00,NSE:RELIANCE,978.672002,1004.06935752,977.33290998,988.97620165,25937133.40948319
2021-03-08 09:15:00,NSE:RELIANCE,984.34612075,1013.12520566,984.119156,994.60497284,19832163.36457534
2021-03-09 09:15:00,NSE:RELIANCE,998.6449,1004.9091271,974.40511009,994.58223098,15407220.72480418
2021-03-10 09:15:00,NSE:RELIANCE,1001.8224065,1005.49928084,985.14049738,990.45147252,11711470.6138288
2021-03-12 09:15:00,NSE:RELIANCE,996.3752525,1001.55000341,964.10081966,970.31974459,17146215.43653805
2021-03-15 09:15:00,NSE:RELIANCE,971.43182648,975.44905716,944.40032475,957.29187716,16976869.75620664
2021-03-16 09:15:00,NSE:RELIANCE,959.606963,965.054117,951.20926725,953.52435309,14105179.32850806
2021-03-17 09:15:00,NSE:RELIANCE,952.36678748,954.6137385,923.79192545,932.98404322,19530612.13250075
2021-03-18 09:15:00,NSE:RELIANCE,940.95041516,946.3522216,908.3129295,911.98975845,20991825.82317298
2021-03-19 09:15:00,NSE:RELIANCE,903.7736345,951.36818797,900.0514126,945.081219,42484332.91953926
2021-03-22 09:15:00,NSE:RELIANCE,940.0879945,941.449783,922.9294594,936.18415541,18882218.4942816
2021-03-23 09:15:00,NSE:RELIANCE,935.97993252,957.65506615,933.279052,947.57783125,17711704.13026692
2021-03-24 09:15:00,NSE:RELIANCE,944.05987763,944.05987763,926.1977518,929.32986535,17103373.98208312
2021-03-25 09:15:00,NSE:RELIANCE,932.371193,932.371193,901.0500575,903.97790278,22368577.05877234
2021-03-26 09:15:00,NSE:RELIANCE,913.306154,914.07783415,895.92065415,905.43047718,20516754.25368917
2021-03-30 09:15:00,NSE:RELIANCE,911.490436,930.05610716,904.02329572,921.15913435,20782632.54536222
2021-03-31 09:15:00,NSE:RELIANCE,916.029731,930.51003666,907.4050705,909.26618145,16521816.71382891
2021-04-01 09:15:00,NSE:RELIANCE,916.029731,921.476885,909.28887793,917.77735957,11918826.60192827
2021-04-05 09:15:00,NSE:RELIANCE,919.18454103,919.2072375,890.65507195,904.4999217,15123176.6166332
2021-04-06 09:15:00,NSE:RELIANCE,909.674718,910.10595103,893.7871855,900.73230685,14242830.65982713
2021-04-07 09:15:00,NSE:RELIANCE,907.859,929.14829355,904.81767235,909.15269908,24671051.3416731
2021-04-08 09:15:00,NSE:RELIANCE,912.8522245,917.845449,904.6814935,910.28752282,15625505.72280497
2021-04-09 09:15:00,NSE:RELIANCE,907.15540928,910.74145233,898.78041,899.71096548,14272000.38772541
2021-04-12 09:15:00,NSE:RELIANCE,889.2478905,890.3373213,862.57953238,867.52736393,21250064.16194585
2021-04-13 09:15:00,NSE:RELIANCE,873.360358,880.8955877,870.56869157,876.9010081,19734916.98600774
2021-04-15 09:15:00,NSE:RELIANCE,874.40439585,890.1557495,868.3671335,882.57512685,20052655.75381199
2021-04-16 09:15:00,NSE:RELIANCE,879.0798697,885.11713205,874.47248528,877.03718695,15918064.36902647
2021-04-19 09:15:00,NSE:RELIANCE,864.281768,869.9104938,857.926755,863.23773015,18786985.64424652
2021-04-20 09:15:00,NSE:RELIANCE,867.23230975,871.0907105,858.13102328,862.98806893,17490579.48425912
2021-04-22 09:15:00,NSE:RELIANCE,858.94809638,869.02533128,851.88949265,865.3711988,14732624.77983916
2021-04-23 09:15:00,NSE:RELIANCE,865.189627,871.04531755,860.35527782,864.44064332,12026131.81121738
2021-04-26 09:15:00,NSE:RELIANCE,871.54464,890.609679,867.68623925,879.64728158,21194447.59593726
2021-04-27 09:15:00,NSE:RELIANCE,880.62323,906.5879974,879.82885338,902.70690018,20325947.09090288
2021-04-28 09:15:00,NSE:RELIANCE,906.88305158,911.490436,898.84849943,906.63339035,17407993.97263232
2021-04-29 09:15:00,NSE:RELIANCE,918.25398555,928.05886275,911.17268535,918.77600447,17703002.33846886
2021-04-30 09:15:00,NSE:RELIANCE,911.71740075,924.200462,902.20757773,905.36238775,20159460.88544587
2021-05-03 09:15:00,NSE:RELIANCE,892.425397,898.3264805,882.03041145,889.27058697,24034441.47163822
2021-05-04 09:15:00,NSE:RELIANCE,885.162525,893.2424701,867.4592745,870.0012797,22214227.09914205
2021-05-05 09:15:00,NSE:RELIANCE,873.06530382,879.94233575,866.12018248,871.59003295,12600302.46987693
2021-05-06 09:15:00,NSE:RELIANCE,872.38440958,878.3535825,865.4619847,876.5378645,14868566.59459233
2021-05-07 09:15:00,NSE:RELIANCE,879.60188863,887.72722668,874.268217,876.87831162,12493488.52630199
2021-05-10 09:15:00,NSE:RELIANCE,880.1693005,883.7099506,871.97587303,874.3590029,14173740.63593576
2021-05-11 09:15:00,NSE:RELIANCE,869.2749925,879.96503223,867.005345,877.51381293,13703046.39817417
2021-05-12 09:15:00,NSE:RELIANCE,876.12932795,877.40033055,865.6435565,868.43522293,13397734.67025166
2021-05-14 09:15:00,NSE:RELIANCE,875.19877248,881.531089,865.189627,879.39762035,13513285.65338891
2021-05-17 09:15:00,NSE:RELIANCE,879.39762035,891.26787678,876.2655068,889.86069532,12071090.3345123
2021-05-18 09:15:00,NSE:RELIANCE,899.2343395,909.0392167,895.37593875,902.38914953,12266129.43199329
2021-05-19 09:15:00,NSE:RELIANCE,898.78041,915.32614028,895.148974,906.51990797,16589126.7256259
2021-05-20 09:15:00,NSE:RELIANCE,906.90574805,912.80683155,899.2343395,901.2316293,11613030.21724739
2021-05-21 09:15:00,NSE:RELIANCE,904.227564,912.2167232,901.503987,909.01652022,10965480.32238486
2021-05-24 09:15:00,NSE:RELIANCE,911.490436,912.3075091,899.688269,901.34511168,8694380.95563298
2021-05-25 09:15:00,NSE:RELIANCE,906.2248538,906.4972115,889.70182,891.13169793,15026595.53961573
2021-05-26 09:15:00,NSE:RELIANCE,896.5107625,898.55344525,892.10764635,894.26381147,7604954.07326468
2021-05-27 09:15:00,NSE:RELIANCE,894.37729385,904.6814935,890.72316138,897.01008495,27266568.92755373
2021-05-28 09:15:00,NSE:RELIANCE,903.319705,955.5215975,903.319705,950.8915166,57411699.39384862
2021-05-31 09:15:00,NSE:RELIANCE,954.159809,994.87728515,946.46570398,980.62389885,60110175.69908984
2021-06-01 09:15:00,NSE:RELIANCE,983.211297,999.552759,974.35967175,984.52764716,28481028.44164127
2021-06-02 09:15:00,NSE:RELIANCE,979.1259315,1002.95723025,979.1259315,999.21231188,25040928.16175199
2021-06-03 09:15:00,NSE:RELIANCE,1008.1774195,1021.341375,996.87462034,1003.02527428,24374084.52193568
2021-06-04 09:15:00,NSE:RELIANCE,1005.3630566,1006.11204027,991.49551038,994.33256975,14709945.04653256
2021-06-07 09:15:00,NSE:RELIANCE,999.552759,1017.709939,991.8359575,1011.08252291,16609024.08854239
2021-06-08 09:15:00,NSE:RELIANCE,1010.71947009,1010.96904053,997.80508503,1005.27231609,9836084.67834763
2021-06-09 09:15:00,NSE:RELIANCE,1007.2695605,1008.1774195,979.55716452,987.2966625,11599435.59517502
2021-06-10 09:15:00,NSE:RELIANCE,995.64891991,1012.262785,988.45418273,990.9280985,14391732.63689626
2021-06-11 09:15:00,NSE:RELIANCE,990.88266016,1011.354926,989.61174834,1004.61402753,13992304.97246819
2021-06-14 09:15:00,NSE:RELIANCE,1005.4538425,1025.08629338,996.39794898,1019.02628916,20671527.18649041
2021-06-15 09:15:00,NSE:RELIANCE,1026.3345995,1032.64417416,1016.93825885,1021.341375,15427281.10863031
2021-06-16 09:15:00,NSE:RELIANCE,1019.02628916,1020.00228298,1001.30043297,1003.91052759,10977420.50252297
2021-06-17 09:15:00,NSE:RELIANCE,998.6449,1014.5324325,989.52087166,1005.74885128,16008576.22163794
2021-06-18 09:15:00,NSE:RELIANCE,1010.22010225,1014.5324325,991.54094872,1010.28814628,29858823.8922564
2021-06-21 09:15:00,NSE:RELIANCE,1000.23365325,1020.20655125,998.71294403,1015.55377387,12389686.06358476
2021-06-22 09:15:00,NSE:RELIANCE,1023.157093,1026.3345995,1007.42848122,1010.33358463,13086582.82839075
2021-06-23 09:15:00,NSE:RELIANCE,1021.341375,1021.61377809,999.41658015,1001.07346822,16931695.34035572
2021-06-24 09:15:00,NSE:RELIANCE,1001.75436247,1005.27231609,971.40913,977.53717825,92987318.5153201
2021-06-25 09:15:00,NSE:RELIANCE,977.53717825,977.53717825,944.67272784,955.27193627,56278197.38527678
2021-06-28 09:15:00,NSE:RELIANCE,963.238399,965.28108175,944.6272895,946.896937,20615210.07116744
2021-06-29 09:15:00,NSE:RELIANCE,948.48569025,957.3373155,946.03451634,947.7140101,27596754.56210711
2021-06-30 09:15:00,NSE:RELIANCE,951.54971438,963.53340778,949.18928098,958.08625378,20092450.47964497
2021-07-01 09:15:00,NSE:RELIANCE,961.422681,963.76037253,950.9823025,952.32139452,12743448.04644774
2021-07-02 09:15:00,NSE:RELIANCE,951.8901615,968.18618516,950.05174703,966.43860198,14321547.72932801
2021-07-05 09:15:00,NSE:RELIANCE,969.79768027,977.55987473,967.55072925,976.0392109,11897451.03589875
2021-07-06 09:15:00,NSE:RELIANCE,973.65608102,975.44905716,962.4213259,964.5094016,10238067.80568348
2021-07-07 09:15:00,NSE:RELIANCE,965.84849363,965.84849363,952.344091,957.81394148,10629251.89924867
2021-07-08 09:15:00,NSE:RELIANCE,960.94605502,960.94605502,944.6272895,949.89291709,11372003.80235257
2021-07-09 09:15:00,NSE:RELIANCE,947.804796,949.48433515,937.86378534,940.1787804,9188400.40138392
2021-07-12 09:15:00,NSE:RELIANCE,944.05987763,953.93284425,941.67674775,946.03451634,8728472.15261401
2021-07-13 09:15:00,NSE:RELIANCE,953.25195,954.63643498,947.82749248,953.11577115,6829157.39118079
2021-07-14 09:15:00,NSE:RELIANCE,953.41087072,956.36141247,944.74077188,946.896937,8674844.8823
2021-07-15 09:15:00,NSE:RELIANCE,950.9823025,950.9823025,943.49246575,945.24013972,9605929.99573722
2021-07-16 09:15:00,NSE:RELIANCE,947.69131363,959.94741012,947.62326959,958.88063041,8975415.78593152
2021-07-19 09:15:00,NSE:RELIANCE,953.25195,964.146258,949.73399638,952.77532402,8493779.32035702
2021-07-20 09:15:00,NSE:RELIANCE,953.02498525,956.883386,945.989078,950.4375871,6853894.71272521
2021-07-22 09:15:00,NSE:RELIANCE,961.8766105,964.10081966,952.41213503,962.64829065,8105355.56732929
2021-07-23 09:15:00,NSE:RELIANCE,968.88982127,968.88982127,954.18250548,955.83934815,10102753.84173093
2021-07-26 09:15:00,NSE:RELIANCE,956.883386,962.7844695,940.13343284,942.74352747,12596295.23967929
2021-07-27 09:15:00,NSE:RELIANCE,942.7207856,945.85289915,926.924039,932.8251225,11005048.14073551
2021-07-28 09:15:00,NSE:RELIANCE,934.186911,934.186911,915.23535437,924.81326682,13112950.35903152
2021-07-29 09:15:00,NSE:RELIANCE,932.371193,941.63130941,927.5595403,932.03074588,13995314.25034064
2021-07-30 09:15:00,NSE:RELIANCE,934.186911,938.70350952,921.97620745,923.88271135,11539906.52733519
2021-08-02 09:15:00,NSE:RELIANCE,932.50737185,943.90095691,926.53819893,940.76888875,11107306.31078174
2021-08-03 09:15:00,NSE:RELIANCE,948.712655,949.1665845,937.0012739,947.69131363,12014381.08781209
2021-08-04 09:15:00,NSE:RELIANCE,950.70989941,959.606963,947.3508665,954.95418562,13389438.22774241
2021-08-05 09:15:00,NSE:RELIANCE,959.74314185,978.1272866,955.18115038,968.79903538,21606507.17787674
2021-08-06 09:15:00,NSE:RELIANCE,966.84713852,974.56394002,943.60594813,948.28142198,16898181.3255142
2021-08-09 09:15:00,NSE:RELIANCE,944.6272895,948.6218691,938.04531175,942.87961553,7619125.87747657
2021-08-10 09:15:00,NSE:RELIANCE,945.081219,959.1530335,941.33630062,947.82749248,12117978.67289965
2021-08-11 09:15:00,NSE:RELIANCE,951.86746502,962.33054,945.71667491,961.10493035,9338143.9188244
2021-08-12 09:15:00,NSE:RELIANCE,964.55474916,965.1449029,955.5215975,958.01820975,8273326.58485514
2021-08-13 09:15:00,NSE:RELIANCE,961.10493035,975.90298666,957.31461902,973.97378628,12994053.04127623
2021-08-16 09:15:00,NSE:RELIANCE,975.65341622,1000.0066885,966.03002003,986.61576825,22301269.24996062
2021-08-17 09:15:00,NSE:RELIANCE,984.50504147,991.9267434,974.97252197,982.41692038,12869273.7528625
2021-08-18 09:15:00,NSE:RELIANCE,986.842733,992.6530306,977.12868709,986.22988278,10243899.10768082
2021-08-20 09:15:00,NSE:RELIANCE,972.7709185,985.934874,970.0473415,975.15404838,9583488.18483928
2021-08-23 09:15:00,NSE:RELIANCE,986.842733,986.842733,967.91387285,981.55449972,10018740.79565219
2021-08-24 09:15:00,NSE:RELIANCE,982.78006398,995.013464,978.49047559,991.24584915,12062340.07703839
2021-08-25 09:15:00,NSE:RELIANCE,992.01748391,1007.72349,989.61174834,999.82516209,13603711.58957503
2021-08-26 09:15:00,NSE:RELIANCE,1002.276336,1019.02628916,1000.9145475,1012.46705327,18899641.90474512
2021-08-27 09:15:00,NSE:RELIANCE,1015.4402915,1018.05038612,1005.93046848,1011.08252291,10655425.56718609
2021-08-30 09:15:00,NSE:RELIANCE,1021.341375,1033.07549797,1015.3495056,1030.53344737,14260996.47632507
2021-08-31 09:15:00,NSE:RELIANCE,1033.55203316,1036.66149563,1017.82342138,1025.04085503,26927170.40862072
2021-09-01 09:15:00,NSE:RELIANCE,1031.7817535,1040.81490516,1027.2424585,1029.10361484,11331363.1301777
2021-09-02 09:15:00,NSE:RELIANCE,1023.6110225,1047.5785001,1023.6110225,1041.49579941,10122823.03749811
2021-09-03 09:15:00,NSE:RELIANCE,1048.577145,1087.1611525,1045.17267375,1084.21061075,31175830.16745993
2021-09-06 09:15:00,NSE:RELIANCE,1095.3318835,1125.74516,1094.877954,1101.05144059,34202764.96680652
2021-09-07 09:15:00,NSE:RELIANCE,1103.048685,1115.758711,1094.877954,1107.99647116,17639232.52399326
2021-09-08 09:15:00,NSE:RELIANCE,1113.035134,1113.942993,1092.44938578,1103.66153522,14540165.37810387
2021-09-09 09:15:00,NSE:RELIANCE,1102.09538766,1106.61207697,1096.73911034,1101.05144059,9112732.26349026
2021-09-13 09:15:00,NSE:RELIANCE,1104.4104735,1104.4104735,1074.92775248,1076.51650573,16583187.47735056
2021-09-14 09:15:00,NSE:RELIANCE,1078.0825625,1086.707223,1073.997197,1075.10932427,9056924.03776357
2021-09-15 09:15:00,NSE:RELIANCE,1075.13202075,1087.50159962,1075.13202075,1079.58052985,9222357.21626376
2021-09-16 09:15:00,NSE:RELIANCE,1081.05580073,1106.11270913,1074.4511265,1102.2316119,13673173.91797625
2021-09-17 09:15:00,NSE:RELIANCE,1110.311557,1114.78280797,1078.35496559,1085.14116623,35463874.89687275
2021-09-20 09:15:00,NSE:RELIANCE,1076.76621234,1097.76045172,1075.812915,1086.86614372,11976276.05167763
2021-09-21 09:15:00,NSE:RELIANCE,1091.7004475,1096.96607509,1082.167928,1091.56426865,10081105.1055285
2021-09-22 09:15:00,NSE:RELIANCE,1093.062236,1108.495839,1088.63642338,1103.27564975,11179295.46328229
2021-09-23 09:15:00,NSE:RELIANCE,1110.94701291,1133.4619615,1110.08459225,1130.23901666,16011039.15916459
2021-09-24 09:15:00,NSE:RELIANCE,1136.43519973,1137.29766577,1122.113724,1126.97076965,15445528.43558306
2021-09-27 09:15:00,NSE:RELIANCE,1128.9226665,1148.39619666,1123.61169135,1145.92232628,15630228.92321385
2021-09-28 09:15:00,NSE:RELIANCE,1150.257353,1164.28372916,1140.6340476,1156.63506248,18336038.96640337
2021-09-29 09:15:00,NSE:RELIANCE,1166.598815,1166.598815,1143.92503648,1147.46573197,9881977.26739505
2021-09-30 09:15:00,NSE:RELIANCE,1146.1719875,1150.52975609,1134.98267072,1143.56189288,13817310.83791646
2021-10-01 09:15:00,NSE:RELIANCE,1135.70891253,1152.8901441,1132.5541025,1145.58187915,9108339.51087118
2021-10-04 09:15:00,NSE:RELIANCE,1158.8820135,1168.80041847,1151.64183798,1160.31184603,11100644.48333937
2021-10-05 09:15:00,NSE:RELIANCE,1159.83531084,1185.663854,1156.31735722,1184.3928514,13759339.28065922
2021-10-06 09:15:00,NSE:RELIANCE,1189.27259352,1189.27259352,1158.01959284,1161.99147597,10429972.05513191
2021-10-07 09:15:00,NSE:RELIANCE,1177.9470525,1179.64928813,1165.55477715,1167.68820041,6442344.02038202
2021-10-08 09:15:00,NSE:RELIANCE,1173.52123988,1218.52830441,1171.81900425,1212.55917688,16035536.35531509
2021-10-11 09:15:00,NSE:RELIANCE,1226.24510591,1234.68824,1200.80244822,1204.11604278,15014968.18338531
2021-10-12 09:15:00,NSE:RELIANCE,1200.6435275,1217.8928485,1198.94129188,1210.9931201,6793449.20301501
2021-10-13 09:15:00,NSE:RELIANCE,1216.0771305,1234.46127525,1211.67401435,1223.31730603,10125865.36014954
2021-10-14 09:15:00,NSE:RELIANCE,1225.76857072,1233.53071977,1219.7993524,1225.79117641,8767286.55000391
2021-10-18 09:15:00,NSE:RELIANCE,1211.35630909,1246.0364775,1208.49650785,1229.05955959,13821199.10690977
2021-10-19 09:15:00,NSE:RELIANCE,1236.4131721,1248.91897522,1229.241086,1240.06734997,8980727.18340623
2021-10-20 09:15:00,NSE:RELIANCE,1245.01513613,1245.01513613,1221.75124925,1225.79117641,12922548.54553405
2021-10-21 09:15:00,NSE:RELIANCE,1238.04727291,1238.319676,1181.6692744,1190.43011375,21179086.17968209
2021-10-22 09:15:00,NSE:RELIANCE,1189.29529,1209.67667916,1185.43688925,1192.65432291,11211384.14665714
2021-10-25 09:15:00,NSE:RELIANCE,1216.53106,1216.53106,1166.598815,1181.0337731,17485241.65096122
2021-10-26 09:15:00,NSE:RELIANCE,1187.97893984,1211.49239716,1181.64653253,1207.92909598,9912786.01633073
2021-10-27 09:15:00,NSE:RELIANCE,1203.821034,1215.0784856,1189.27259352,1192.65432291,10061342.1247132
2021-10-28 09:15:00,NSE:RELIANCE,1189.29529,1197.44332453,1175.90436975,1179.58124409,10051056.38650936
2021-10-29 09:15:00,NSE:RELIANCE,1178.46902603,1178.46902603,1135.59543015,1151.27869438,14470394.63176551
2021-11-01 09:15:00,NSE:RELIANCE,1151.27869438,1160.243802,1132.14561134,1151.9822851,15739298.72370049
2021-11-02 09:15:00,NSE:RELIANCE,1155.2505775,1156.612366,1132.66758487,1135.1868936,10745395.4854223
2021-11-03 09:15:00,NSE:RELIANCE,1137.57002348,1143.90234,1117.1204995,1127.37935159,12189381.83131962
2021-11-04 18:00:00,NSE:RELIANCE,1131.62354703,1137.04795916,1130.284455,1134.30177647,1734101.88145957
2021-11-08 09:15:00,NSE:RELIANCE,1143.62993691,1143.90234,1115.03237841,1135.70891253,20676353.92720676
2021-11-09 09:15:00,NSE:RELIANCE,1137.0933975,1147.94226716,1128.94536298,1144.67402015,15944039.76829001
2021-11-10 09:15:00,NSE:RELIANCE,1142.40437265,1161.151661,1136.48054728,1157.47478666,10424471.20092437
2021-11-11 09:15:00,NSE:RELIANCE,1153.00362648,1166.82577975,1150.96094373,1159.58560423,10901300.75264992
2021-11-12 09:15:00,NSE:RELIANCE,1163.37587016,1179.64928813,1160.6977315,1177.08463184,8857639.78767628
2021-11-15 09:15:00,NSE:RELIANCE,1180.2167,1181.2153449,1166.598815,1170.1394651,4883375.0615459
2021-11-16 09:15:00,NSE:RELIANCE,1167.52937048,1168.8684625,1132.5541025,1142.94904266,11526662.17992001
2021-11-17 09:15:00,NSE:RELIANCE,1134.34712402,1134.34712402,1117.1204995,1118.482288,10372172.33072537
2021-11-18 09:15:00,NSE:RELIANCE,1116.66657,1129.8305255,1112.14997148,1122.70383235,8647477.19634877
2021-11-22 09:15:00,NSE:RELIANCE,1105.81770034,1111.6733455,1067.1882545,1072.97585562,24526636.84558946
2021-11-23 09:15:00,NSE:RELIANCE,1059.04021998,1089.99821187,1048.1232155,1083.00774297,25749386.19323045
2021-11-24 09:15:00,NSE:RELIANCE,1080.35221,1093.92465666,1063.80647973,1067.36978091,17100814.1132048
2021-11-25 09:15:00,NSE:RELIANCE,1077.1747035,1135.731609,1069.97987553,1131.62354703,43109088.5258614
2021-11-26 09:15:00,NSE:RELIANCE,1120.2072201,1124.65577459,1090.11169425,1095.15035709,16026026.06792464
2021-11-29 09:15:00,NSE:RELIANCE,1107.17948884,1134.82375,1089.02230884,1108.26887425,24731036.42746286
2021-11-30 09:15:00,NSE:RELIANCE,1120.298006,1123.88400366,1084.36953147,1091.88197391,32708847.95987042
2021-12-01 09:15:00,NSE:RELIANCE,1104.4104735,1123.021583,1100.82447584,1119.8440765,10273128.31618126
2021-12-02 09:15:00,NSE:RELIANCE,1121.06968615,1133.0988179,1117.39290259,1127.03890447,12932554.5046092
2021-12-03 09:15:00,NSE:RELIANCE,1134.09741741,1134.14285575,1089.4308,1093.17571837,19543061.20223515
2021-12-06 09:15:00,NSE:RELIANCE,1096.693672,1100.7790375,1069.97987553,1072.45388209,10504569.54218662
2021-12-07 09:15:00,NSE:RELIANCE,1078.60453603,1091.246518,1071.27362,1081.19202497,11422494.02164874
2021-12-08 09:15:00,NSE:RELIANCE,1100.37054634,1103.8657581,1092.29055585,1097.64696934,8890008.25017982
2021-12-09 09:15:00,NSE:RELIANCE,1105.3183325,1123.43007416,1100.7790375,1115.05512027,13433914.29726422
2021-12-10 09:15:00,NSE:RELIANCE,1107.70146238,1119.390147,1103.20760572,1116.18994403,8503910.84959228
2021-12-13 09:15:00,NSE:RELIANCE,1122.79461825,1123.06702134,1091.246518,1093.81117428,13116900.31161227
2021-12-14 09:15:00,NSE:RELIANCE,1080.35221,1092.154377,1077.35622991,1080.42025403,13208187.61503714
2021-12-15 09:15:00,NSE:RELIANCE,1082.167928,1091.7004475,1071.77298784,1077.2654894,9523185.86917131
2021-12-16 09:15:00,NSE:RELIANCE,1092.01819815,1096.46670725,1075.20006478,1091.20107966,9924071.90984503
2021-12-17 09:15:00,NSE:RELIANCE,1088.54563748,1093.062236,1053.11644,1062.39929827,21400876.12724002
2021-12-20 09:15:00,NSE:RELIANCE,1052.14053697,1052.14053697,1020.02502484,1033.75639222,14564763.91157658
2021-12-21 09:15:00,NSE:RELIANCE,1049.18999522,1064.918607,1040.4971999,1049.14455688,13050641.12378684
2021-12-22 09:15:00,NSE:RELIANCE,1055.34064916,1076.67533566,1054.024299,1074.04263534,17953041.16608416
2021-12-23 09:15:00,NSE:RELIANCE,1077.628633,1080.35221,1070.38845748,1073.65674988,9223705.44324614
2021-12-24 09:15:00,NSE:RELIANCE,1075.812915,1085.799364,1061.08290273,1077.0839176,8018020.41947043
2021-12-27 09:15:00,NSE:RELIANCE,1071.97721073,1079.444351,1065.87190434,1075.92639738,4084220.12669368
2021-12-28 09:15:00,NSE:RELIANCE,1078.35496559,1091.63240347,1077.19739998,1088.70446741,6480924.9013338
2021-12-29 09:15:00,NSE:RELIANCE,1085.3454345,1098.0554605,1081.30550734,1090.56562375,15682565.24416237
2021-12-30 09:15:00,NSE:RELIANCE,1089.4308,1091.67775102,1064.73708059,1070.86512884,29822371.09507093
2021-12-31 09:15:00,NSE:RELIANCE,1077.1747035,1082.12248966,1071.27362,1074.97310003,9635346.45798522
2022-01-03 09:15:00,NSE:RELIANCE,1073.5432675,1093.03953952,1072.88506973,1091.17847397,5512029.95178767
2022-01-04 09:15:00,NSE:RELIANCE,1096.64823366,1117.1204995,1091.246518,1115.80414934,11028639.90994196
2022-01-05 09:15:00,NSE:RELIANCE,1117.574429,1124.3833715,1104.38777702,1121.02433859,11838001.27552847
2022-01-06 09:15:00,NSE:RELIANCE,1112.6719904,1113.942993,1093.5161655,1096.92063675,14688366.80585862
2022-01-07 09:15:00,NSE:RELIANCE,1103.47991803,1115.78140748,1094.67368573,1105.772262,13330790.35400872
2022-01-10 09:15:00,NSE:RELIANCE,1113.035134,1115.3047815,1096.71636848,1106.680121,9400942.21679798
2022-01-11 09:15:00,NSE:RELIANCE,1105.772262,1123.45281603,1105.3183325,1114.64658373,16475424.04712626
2022-01-12 09:15:00,NSE:RELIANCE,1121.79597335,1146.14929103,1118.9362175,1144.40170784,15047274.96230141
2022-01-13 09:15:00,NSE:RELIANCE,1144.46975188,1153.4348595,1138.63671241,1150.84746135,12054451.18680324
2022-01-14 09:15:00,NSE:RELIANCE,1150.7112825,1165.37320535,1146.55787297,1152.5270005,20262558.39287819
2022-01-17 09:15:00,NSE:RELIANCE,1152.073071,1164.3291675,1151.6191415,1158.54156638,8170480.21774306
2022-01-18 09:15:00,NSE:RELIANCE,1159.67639013,1163.12629972,1141.97313963,1144.7194131,6318679.44251255
2022-01-19 09:15:00,NSE:RELIANCE,1148.441635,1153.888789,1138.9091155,1144.62867259,9918181.12724553
2022-01-20 09:15:00,NSE:RELIANCE,1134.84644648,1139.34034852,1114.3969225,1124.58763977,16769571.04572406
2022-01-21 09:15:00,NSE:RELIANCE,1113.035134,1135.84509138,1113.035134,1124.76925697,13561046.37394133
2022-01-24 09:15:00,NSE:RELIANCE,1123.4755125,1136.97991513,1069.04941084,1079.39891266,22233653.02321176
2022-01-25 09:15:00,NSE:RELIANCE,1066.53005673,1084.27865478,1046.3074975,1077.28818588,24918970.89746316
2022-01-27 09:15:00,NSE:RELIANCE,1060.379312,1069.50334034,1049.05377098,1061.33260934,20354319.33813511
2022-01-28 09:15:00,NSE:RELIANCE,1073.5432675,1078.49105366,1056.92940241,1060.31126797,14912346.5207703
2022-01-31 09:15:00,NSE:RELIANCE,1071.3644059,1092.33590341,1069.5486879,1083.34819009,12346207.94638815
2022-02-01 09:15:00,NSE:RELIANCE,1093.062236,1098.78179309,1065.41797484,1079.76210165,13420658.93492271
2022-02-02 09:15:00,NSE:RELIANCE,1092.6083065,1092.6083065,1078.12800084,1081.96365973,10184759.96823295
2022-02-03 09:15:00,NSE:RELIANCE,1085.799364,1090.08899777,1065.4633224,1067.98263112,9732489.29624534
2022-02-04 09:15:00,NSE:RELIANCE,1062.6489595,1066.03073428,1053.61580784,1058.24584335,11245713.26604682
2022-02-07 09:15:00,NSE:RELIANCE,1063.102889,1069.8210456,1046.3074975,1051.80008984,10893156.31612398
2022-02-08 09:15:00,NSE:RELIANCE,1057.95074378,1071.27362,1048.577145,1069.48059848,12261992.225665
2022-02-09 09:15:00,NSE:RELIANCE,1076.33488853,1083.6205024,1070.365761,1081.94096325,11677784.76613659
2022-02-10 09:15:00,NSE:RELIANCE,1087.47890315,1087.47890315,1073.58870584,1080.82883598,12672366.5238765
2022-02-11 09:15:00,NSE:RELIANCE,1077.28818588,1082.39489275,1064.05618634,1078.71801841,16209263.77333925
2022-02-14 09:15:00,NSE:RELIANCE,1062.30851238,1068.98127603,1049.9389335,1061.53683223,10898408.23299653
2022-02-15 09:15:00,NSE:RELIANCE,1067.2790404,1100.27966966,1060.24313315,1097.57883452,11399668.89131462
2022-02-16 09:15:00,NSE:RELIANCE,1103.048685,1104.4104735,1087.59238552,1095.30918702,10566165.01020533
2022-02-17 09:15:00,NSE:RELIANCE,1098.55482834,1114.35148416,1093.970095,1109.17673325,13067610.7192857
2022-02-18 09:15:00,NSE:RELIANCE,1109.58522441,1115.03237841,1098.57743403,1100.50663441,6888455.14556776
2022-02-21 09:15:00,NSE:RELIANCE,1094.877954,1106.45315625,1082.44033109,1089.38536166,11292431.97456874
2022-02-22 09:15:00,NSE:RELIANCE,1068.05067516,1087.56964366,1065.44058053,1084.4375755,13719974.13695299
2022-02-23 09:15:00,NSE:RELIANCE,1089.93016784,1092.40403823,1074.905056,1077.65132948,7432024.13590657
2022-02-24 09:15:00,NSE:RELIANCE,1046.3074975,1062.14959166,1018.34539491,1023.95146963,25261026.21662615
2022-02-25 09:15:00,NSE:RELIANCE,1035.00469834,1047.64658952,1033.25702437,1036.75228153,14813080.00471439
2022-02-28 09:15:00,NSE:RELIANCE,1018.1638685,1074.61004722,1018.1638685,1071.06935173,21652631.08037702
2022-03-02 09:15:00,NSE:RELIANCE,1059.67572127,1089.8847295,1057.2925914,1088.77260223,21829878.86885518
2022-03-03 09:15:00,NSE:RELIANCE,1089.4308,1096.17169847,1075.83561148,1079.58052985,10356636.87863424
2022-03-04 09:15:00,NSE:RELIANCE,1068.0961135,1073.22551685,1053.27536072,1055.63574873,10985877.76295658
2022-03-07 09:15:00,NSE:RELIANCE,1034.36915165,1049.53044234,1008.631349,1016.59781173,18283224.59765228
2022-03-08 09:15:00,NSE:RELIANCE,1003.86508925,1019.525657,989.56631,1014.75939725,21644424.96026366
2022-03-09 09:15:00,NSE:RELIANCE,1014.986362,1074.4511265,1014.14654703,1068.59548134,20754683.27130094
2022-03-10 09:15:00,NSE:RELIANCE,1089.4308,1091.7004475,1071.27362,1085.91284638,18280360.71680735
2022-03-11 09:15:00,NSE:RELIANCE,1078.55918848,1094.4240245,1078.55918848,1089.04491453,12461844.84595075
2022-03-14 09:15:00,NSE:RELIANCE,1083.48427816,1100.50663441,1077.628633,1097.98741647,8479779.34899583
2022-03-15 09:15:00,NSE:RELIANCE,1102.11812952,1102.11812952,1062.58091547,1072.83967677,16191368.92402895
2022-03-16 09:15:00,NSE:RELIANCE,1081.260069,1093.01679766,1079.03585984,1090.95150922,11335777.91264943
2022-03-17 09:15:00,NSE:RELIANCE,1104.29699113,1133.64348791,1096.28518084,1126.51684015,21779362.21373583
2022-03-21 09:15:00,NSE:RELIANCE,1109.403698,1127.560878,1107.1340505,1120.02560291,12199586.05906864
2022-03-22 09:15:00,NSE:RELIANCE,1116.71200834,1150.68858603,1113.76146659,1148.96360853,22933257.25690884
2022-03-23 09:15:00,NSE:RELIANCE,1145.2641285,1164.26112347,1145.2641285,1152.6177864,15720055.6474078
2022-03-24 09:15:00,NSE:RELIANCE,1139.363045,1173.02187203,1139.363045,1170.52525978,13387878.51417456
2022-03-25 09:15:00,NSE:RELIANCE,1172.27293375,1187.479572,1169.7763215,1178.33293797,14459681.51442019
2022-03-28 09:15:00,NSE:RELIANCE,1184.755995,1193.72110263,1174.08865175,1190.18045253,10056387.61085146
2022-03-29 09:15:00,NSE:RELIANCE,1197.466021,1197.466021,1183.57573291,1190.45281023,8828893.03294895
2022-03-30 09:15:00,NSE:RELIANCE,1198.32844166,1220.162496,1187.97893984,1213.33085703,16075245.16472272
2022-03-31 09:15:00,NSE:RELIANCE,1209.69942103,1211.85558615,1193.19912909,1195.99075013,13444255.1100997
2022-04-01 09:15:00,NSE:RELIANCE,1196.558162,1209.79016153,1190.203149,1205.56870797,8055012.9480459
2022-04-04 09:15:00,NSE:RELIANCE,1205.38709078,1214.2614125,1199.12281828,1209.13200915,8061399.4023301
2022-04-05 09:15:00,NSE:RELIANCE,1203.41254284,1211.94632666,1189.61304065,1192.04156348,13369175.16927188
2022-04-06 09:15:00,NSE:RELIANCE,1174.36105484,1195.87726775,1174.36105484,1188.86405698,12461633.35936528
2022-04-07 09:15:00,NSE:RELIANCE,1177.99249084,1182.940277,1165.2370265,1167.89255947,15754939.91908435
2022-04-08 09:15:00,NSE:RELIANCE,1162.05952,1191.5649375,1162.05952,1187.32065128,15405198.38433061
2022-04-11 09:15:00,NSE:RELIANCE,1180.2167,1197.71568223,1172.4998985,1184.8467809,9408544.71894865
2022-04-12 09:15:00,NSE:RELIANCE,1174.3156165,1181.39696209,1159.97139891,1162.53614598,13438179.27673791
2022-04-13 09:15:00,NSE:RELIANCE,1168.64149775,1176.85766709,1155.47754225,1158.26916328,10526916.62471816
2022-04-18 09:15:00,NSE:RELIANCE,1149.8034235,1161.9687341,1144.7194131,1154.72860397,10140568.08381037
2022-04-19 09:15:00,NSE:RELIANCE,1161.151661,1211.083906,1157.99685098,1198.7370236,26577796.77240629
2022-04-20 09:15:00,NSE:RELIANCE,1206.13611984,1241.043253,1202.50468384,1233.98464927,25490379.01259998
2022-04-21 09:15:00,NSE:RELIANCE,1248.71461616,1266.0093755,1240.135394,1262.87730734,22070676.17328242
2022-04-22 09:15:00,NSE:RELIANCE,1252.34605216,1271.910459,1245.6733339,1252.3007046,15305218.10104873
2022-04-25 09:15:00,NSE:RELIANCE,1244.85621541,1252.11908741,1209.10926728,1223.3400025,17347784.1823455
2022-04-26 09:15:00,NSE:RELIANCE,1230.148945,1268.7329525,1229.10490715,1259.94937128,12431591.24930193
2022-04-27 09:15:00,NSE:RELIANCE,1250.96165797,1283.712626,1250.59846898,1261.17507172,19661467.25427627
2022-04-28 09:15:00,NSE:RELIANCE,1275.51919852,1294.1530045,1264.69302534,1280.01314597,26041250.89909336
2022-04-29 09:15:00,NSE:RELIANCE,1296.49069603,1296.49069603,1260.69840035,1266.57678737,18518637.80609103
2022-05-02 09:15:00,NSE:RELIANCE,1253.753279,1273.49921225,1251.96025748,1262.12827828,9624891.08991595
2022-05-04 09:15:00,NSE:RELIANCE,1264.1936575,1266.463305,1214.85152085,1222.72715228,19568659.89101832
2022-05-05 09:15:00,NSE:RELIANCE,1236.27699325,1239.227535,1194.742444,1198.78237116,17497697.32965141
2022-05-06 09:15:00,NSE:RELIANCE,1185.7546399,1206.9985405,1177.28885473,1189.59029878,19977657.323439
2022-05-09 09:15:00,NSE:RELIANCE,1168.84576602,1178.90034984,1138.0012565,1143.13065985,18385341.77664153
2022-05-10 09:15:00,NSE:RELIANCE,1132.5541025,1146.89832009,1115.758711,1123.31659178,19837080.42768756
2022-05-11 09:15:00,NSE:RELIANCE,1122.40873278,1127.99211103,1099.39455252,1111.80952435,16921475.69170984
2022-05-12 09:15:00,NSE:RELIANCE,1101.91386125,1105.25028847,1075.812915,1089.15839691,20832045.50486364
2022-05-13 09:15:00,NSE:RELIANCE,1101.232967,1124.837301,1096.39866322,1101.50537009,19630797.2934123
2022-05-16 09:15:00,NSE:RELIANCE,1105.06867127,1126.1990895,1096.98868078,1101.7776824,13662020.20357787
2022-05-17 09:15:00,NSE:RELIANCE,1105.36377084,1152.93549166,1103.956544,1148.05574953,16827868.64480057
2022-05-18 09:15:00,NSE:RELIANCE,1152.82200928,1166.598815,1138.56866838,1152.23199172,17564919.22203778
2022-05-19 09:15:00,NSE:RELIANCE,1127.560878,1140.49786875,1119.41284348,1125.67711597,14944261.16830918
2022-05-20 09:15:00,NSE:RELIANCE,1140.49786875,1200.37112441,1135.731609,1191.31527627,22156541.9299693
2022-05-23 09:15:00,NSE:RELIANCE,1194.51547925,1204.52462473,1177.0391935,1183.34876816,15507130.51255757
2022-05-24 09:15:00,NSE:RELIANCE,1183.3942065,1197.466021,1179.17266215,1187.41152797,13753426.46820707
2022-05-25 09:15:00,NSE:RELIANCE,1196.1042325,1205.95450265,1180.89759425,1185.663854,12926588.82051067
2022-05-26 09:15:00,NSE:RELIANCE,1191.29253441,1196.05879416,1156.612366,1174.36105484,18180248.25440955
2022-05-27 09:15:00,NSE:RELIANCE,1177.06188998,1182.55439153,1153.02636834,1168.91390084,16797515.91381481
2022-05-30 09:15:00,NSE:RELIANCE,1187.0256425,1213.807483,1177.5839089,1209.6313316,14084436.01924969
2022-05-31 09:15:00,NSE:RELIANCE,1199.00933591,1215.9863446,1187.34339315,1195.03745278,71798418.03628096
2022-06-01 09:15:00,NSE:RELIANCE,1195.78648185,1205.2736084,1187.5703579,1195.42333825,9940043.5530187
2022-06-02 09:15:00,NSE:RELIANCE,1195.650303,1240.33966228,1195.650303,1236.64013685,22495581.36230406
2022-06-03 09:15:00,NSE:RELIANCE,1245.582548,1278.87832222,1244.674689,1261.69704525,24339043.83830529
2022-06-06 09:15:00,NSE:RELIANCE,1261.92401,1277.357613,1249.1231981,1256.27258773,11278156.63004938
2022-06-07 09:15:00,NSE:RELIANCE,1257.33927666,1266.96267284,1249.23668048,1258.63302113,12564358.56228776
2022-06-08 09:15:00,NSE:RELIANCE,1258.63302113,1262.3779395,1233.00870085,1236.52665448,12687371.05651869
2022-06-09 09:15:00,NSE:RELIANCE,1230.148945,1272.3643885,1230.148945,1270.43518813,17566461.31172352
2022-06-10 09:15:00,NSE:RELIANCE,1258.24713566,1266.41786666,1226.29054425,1232.07814537,18394801.39537087
2022-06-13 09:15:00,NSE:RELIANCE,1202.913175,1213.2627676,1187.61575085,1208.76882016,17914671.77171785
2022-06-14 09:15:00,NSE:RELIANCE,1202.93587148,1212.83157997,1186.32205177,1192.97216434,14959708.50098969
2022-06-15 09:15:00,NSE:RELIANCE,1188.18316273,1197.14827035,1173.13535441,1178.53716085,11382247.68383637
2022-06-16 09:15:00,NSE:RELIANCE,1190.6570785,1207.02123698,1159.335943,1162.05952,17396849.070175
2022-06-17 09:15:00,NSE:RELIANCE,1162.05952,1191.49689347,1160.28924034,1175.677405,24865068.25399098
2022-06-20 09:15:00,NSE:RELIANCE,1182.4863475,1187.97893984,1144.40170784,1154.36541498,12268039.42021834
2022-06-21 09:15:00,NSE:RELIANCE,1162.05952,1177.22071991,1147.66995485,1172.99926634,11915508.90611868
2022-06-22 09:15:00,NSE:RELIANCE,1161.19709934,1161.28783985,1135.2776795,1137.36580059,10794273.11950424
2022-06-23 09:15:00,NSE:RELIANCE,1141.65538898,1146.1719875,1109.8576275,1118.91352103,19770636.18909985
2022-06-24 09:15:00,NSE:RELIANCE,1125.74516,1139.8169745,1120.298006,1134.84644648,14477723.96374327
2022-06-27 09:15:00,NSE:RELIANCE,1155.22788103,1155.22788103,1126.44875073,1131.48732278,15732603.85147914
2022-06-28 09:15:00,NSE:RELIANCE,1126.69845734,1150.23465653,1126.69845734,1147.39759715,13799206.70500595
2022-06-29 09:15:00,NSE:RELIANCE,1138.0920424,1178.8549115,1135.2776795,1171.20615403,19525437.32011248
2022-06-30 09:15:00,NSE:RELIANCE,1171.13811,1187.43413366,1164.783097,1178.24206128,23498422.11180371
2022-07-01 09:15:00,NSE:RELIANCE,1168.82302416,1176.585264,1073.5432675,1093.37998665,83364643.62858109
2022-07-04 09:15:00,NSE:RELIANCE,1079.87558402,1108.495839,1074.04263534,1095.64963415,42555804.37050247
2022-07-05 09:15:00,NSE:RELIANCE,1099.8711785,1118.89077916,1097.19303984,1104.52395588,17941638.5143508
2022-07-06 09:15:00,NSE:RELIANCE,1098.55482834,1108.47314253,1083.983646,1094.80990997,24343044.45954713
2022-07-07 09:15:00,NSE:RELIANCE,1101.18752866,1104.52395588,1078.0825625,1084.02908434,23689632.42089355
2022-07-08 09:15:00,NSE:RELIANCE,1097.601531,1097.601531,1081.50973023,1085.52696091,19327146.61637986
2022-07-11 09:15:00,NSE:RELIANCE,1078.76345675,1102.5039696,1075.812915,1100.27966966,14078406.44857847
2022-07-12 09:15:00,NSE:RELIANCE,1091.246518,1107.45180115,1091.246518,1098.71365828,10958754.6083698
2022-07-13 09:15:00,NSE:RELIANCE,1101.82307535,1104.864403,1077.1747035,1079.24008273,14461353.58023658
2022-07-14 09:15:00,NSE:RELIANCE,1083.983646,1104.84170652,1078.96772502,1088.13705553,17253335.59506487
2022-07-15 09:15:00,NSE:RELIANCE,1096.2397425,1096.2397425,1081.75943684,1090.2478731,9763366.33772425
2022-07-18 09:15:00,NSE:RELIANCE,1098.9633195,1100.7790375,1085.93554285,1099.53073138,15413752.5761159
2022-07-19 09:15:00,NSE:RELIANCE,1089.56697885,1110.7654865,1089.56697885,1106.27162984,16714062.42599346
2022-07-20 09:15:00,NSE:RELIANCE,1152.98093,1154.11575375,1128.58221938,1136.1855385,24323239.62201179
2022-07-21 09:15:00,NSE:RELIANCE,1132.100173,1134.82375,1119.98025535,1128.60491585,16798793.6452687
2022-07-22 09:15:00,NSE:RELIANCE,1134.82375,1142.22280085,1132.5541025,1136.23097684,11152945.55652365
2022-07-25 09:15:00,NSE:RELIANCE,1120.04834477,1120.04834477,1090.7925885,1098.69091641,23495873.25785172
2022-07-26 09:15:00,NSE:RELIANCE,1099.00875784,1109.35825966,1094.58294522,1099.19028425,11491797.73511085
2022-07-27 09:15:00,NSE:RELIANCE,1098.48669353,1101.6868965,1090.338659,1098.1462464,8799430.30801038
2022-07-28 09:15:00,NSE:RELIANCE,1105.772262,1120.27530952,1098.9633195,1115.35021984,12704475.03411873
2022-07-29 09:15:00,NSE:RELIANCE,1123.33933365,1142.58598984,1118.482288,1139.11338377,15383023.13464976
2022-08-01 09:15:00,NSE:RELIANCE,1143.51645453,1174.65606363,1138.27365959,1168.80041847,15961879.54296868
2022-08-02 09:15:00,NSE:RELIANCE,1167.73363875,1183.7573501,1162.76311073,1173.24883678,14150027.70253971
2022-08-03 09:15:00,NSE:RELIANCE,1180.2167,1184.755995,1165.44129478,1183.09919772,14488646.36468879
2022-08-04 09:15:00,NSE:RELIANCE,1184.755995,1188.27394863,1150.7112825,1167.46123566,14708400.75386156
2022-08-05 09:15:00,NSE:RELIANCE,1169.322392,1170.5933946,1147.05715002,1150.257353,14174961.08977275
2022-08-08 09:15:00,NSE:RELIANCE,1148.8955645,1172.74955973,1148.8955645,1165.30507053,10334706.16031785
2022-08-10 09:15:00,NSE:RELIANCE,1169.73088316,1175.63196666,1160.72042798,1172.27293375,10903547.79762056
2022-08-11 09:15:00,NSE:RELIANCE,1181.62392684,1184.71055666,1171.2288959,1176.17677284,8334950.6916823
2022-08-12 09:15:00,NSE:RELIANCE,1175.81358385,1198.98673022,1172.1367549,1195.1963735,12861565.5074191
2022-08-16 09:15:00,NSE:RELIANCE,1201.1882429,1206.22686035,1192.60897535,1203.50328335,6717571.78152114
2022-08-17 09:15:00,NSE:RELIANCE,1209.7221175,1215.12383316,1205.43248373,1209.79016153,6705968.65812863
2022-08-18 09:15:00,NSE:RELIANCE,1207.45247,1211.5378355,1198.4646659,1208.04257835,7533614.8014174
2022-08-19 09:15:00,NSE:RELIANCE,1202.913175,1208.22415015,1182.46365103,1186.50366897,9618504.63563175
2022-08-22 09:15:00,NSE:RELIANCE,1187.9335015,1194.42469335,1173.861687,1183.21268009,9629642.92913327
2022-08-23 09:15:00,NSE:RELIANCE,1177.493123,1204.3657494,1176.29025522,1201.4606006,9839895.84285665
2022-08-24 09:15:00,NSE:RELIANCE,1198.41931834,1211.991765,1196.26315322,1198.26039763,10542560.02308729
2022-08-25 09:15:00,NSE:RELIANCE,1202.43654903,1208.76882016,1190.47555209,1194.76514048,8003229.57639898
2022-08-26 09:15:00,NSE:RELIANCE,1195.1963735,1202.913175,1183.3942065,1188.387431,10921187.10064008
2022-08-29 09:15:00,NSE:RELIANCE,1173.4077575,1205.1828225,1170.25294748,1179.14992028,20169836.94604559
2022-08-30 09:15:00,NSE:RELIANCE,1186.571713,1200.75700988,1169.59479509,1197.44332453,23524952.66335411
2022-09-01 09:15:00,NSE:RELIANCE,1172.34097778,1182.46365103,1157.83797565,1162.24104641,20241984.71348524
2022-09-02 09:15:00,NSE:RELIANCE,1162.24104641,1169.02738322,1146.48973815,1148.66859975,13216140.39184499
2022-09-05 09:15:00,NSE:RELIANCE,1148.8955645,1171.81900425,1148.8955645,1166.5080291,11516733.32532915
2022-09-06 09:15:00,NSE:RELIANCE,1167.9606035,1182.940277,1167.506674,1178.78686747,11081394.79809089
2022-09-07 09:15:00,NSE:RELIANCE,1168.8684625,1177.90161416,1166.598815,1171.93248663,7613389.30384564
2022-09-08 09:15:00,NSE:RELIANCE,1174.88302837,1179.308841,1167.0527445,1173.58928391,7174770.5315473
2022-09-09 09:15:00,NSE:RELIANCE,1184.755995,1184.755995,1163.875238,1166.28106435,8453519.76463305
2022-09-12 09:15:00,NSE:RELIANCE,1166.84847623,1185.663854,1166.84847623,1179.33153748,7559422.77380078
2022-09-13 09:15:00,NSE:RELIANCE,1188.387431,1193.69840615,1180.6706295,1189.18180763,9036896.69871643
2022-09-14 09:15:00,NSE:RELIANCE,1168.8684625,1184.755995,1167.84712113,1174.92846672,8822949.37870308
2022-09-15 09:15:00,NSE:RELIANCE,1172.4998985,1181.82814973,1160.58424913,1163.28512965,10538471.28243483
2022-09-16 09:15:00,NSE:RELIANCE,1154.68316563,1158.8820135,1130.7383845,1134.4606064,20554885.72564682
2022-09-19 09:15:00,NSE:RELIANCE,1134.4606064,1145.12794965,1126.35801022,1135.93587728,7706672.5119209
2022-09-20 09:15:00,NSE:RELIANCE,1145.01446727,1151.93689215,1132.41792365,1136.11749447,8551728.8477616
2022-09-21 09:15:00,NSE:RELIANCE,1133.34847913,1149.8034235,1132.5541025,1139.24956263,9360863.30586578
2022-09-22 09:15:00,NSE:RELIANCE,1128.468737,1136.1855385,1122.15916234,1128.51417534,10480083.36096244
2022-09-23 09:15:00,NSE:RELIANCE,1128.0148075,1132.98533553,1105.81770034,1107.36101525,9686953.59081091
2022-09-26 09:15:00,NSE:RELIANCE,1086.72991948,1097.5107451,1078.15060653,1079.14934222,12687648.63266212
2022-09-27 09:15:00,NSE:RELIANCE,1086.707223,1101.232967,1071.31905834,1087.72856437,16424242.09045678
2022-09-28 09:15:00,NSE:RELIANCE,1071.43254072,1079.444351,1056.33938484,1058.76786228,17280524.83920961
2022-09-29 09:15:00,NSE:RELIANCE,1071.27362,1074.67809125,1049.9389335,1055.52226635,14916514.56889231
2022-09-30 09:15:00,NSE:RELIANCE,1049.0310745,1090.338659,1049.0310745,1079.33086863,18923440.75456651
2022-10-03 09:15:00,NSE:RELIANCE,1085.57239925,1097.12490502,1072.6354085,1075.58595025,12050395.49092976
2022-10-04 09:15:00,NSE:RELIANCE,1088.4321551,1097.601531,1084.95954903,1095.4226694,9098093.42640212
2022-10-06 09:15:00,NSE:RELIANCE,1102.5947555,1112.127275,1097.66957503,1099.46268734,13574841.46767284
2022-10-07 09:15:00,NSE:RELIANCE,1096.08082178,1109.35825966,1096.08082178,1104.11546472,7842995.44312498
2022-10-10 09:15:00,NSE:RELIANCE,1091.7004475,1097.42000459,1083.983646,1092.0635911,6435087.38691801
2022-10-11 09:15:00,NSE:RELIANCE,1095.785813,1095.785813,1067.23369284,1070.32032266,9368862.3453642
2022-10-12 09:15:00,NSE:RELIANCE,1067.642184,1081.12389015,1063.60225684,1078.19604487,7540800.93935292
2022-10-13 09:15:00,NSE:RELIANCE,1076.44837091,1086.707223,1071.31905834,1081.6232126,7450712.05991239
2022-10-14 09:15:00,NSE:RELIANCE,1096.2397425,1096.85259272,1075.40442384,1076.13066565,9257955.25516628
2022-10-17 09:15:00,NSE:RELIANCE,1069.0039725,1095.785813,1063.82922159,1093.40268313,17008357.02460404
2022-10-18 09:15:00,NSE:RELIANCE,1099.417249,1118.0283585,1098.57743403,1112.69468688,12622883.06884659
2022-10-19 09:15:00,NSE:RELIANCE,1114.16995775,1147.46573197,1108.35966015,1132.05473466,19568133.37753991
2022-10-20 09:15:00,NSE:RELIANCE,1128.0148075,1143.4484105,1128.0148075,1135.09615309,8862431.28062838
2022-10-21 09:15:00,NSE:RELIANCE,1138.31900715,1142.4497656,1119.8440765,1121.93219759,8380931.40014033
2022-10-24 18:15:00,NSE:RELIANCE,1116.66657,1135.95857375,1114.53310135,1125.67711597,3426236.89361454
2022-10-25 09:15:00,NSE:RELIANCE,1134.3698205,1134.3698205,1106.680121,1108.29157073,12437259.53038963
2022-10-27 09:15:00,NSE:RELIANCE,1115.758711,1120.50227428,1104.3196876,1112.64924853,12721744.23561368
2022-10-28 09:15:00,NSE:RELIANCE,1118.9362175,1150.7112825,1116.41690878,1146.69396103,17903273.52595502
2022-10-31 09:15:00,NSE:RELIANCE,1153.4348595,1162.49075302,1149.4402799,1157.33869859,12627075.34980652
2022-11-01 09:15:00,NSE:RELIANCE,1180.2167,1180.2167,1138.455186,1148.37359097,14196034.84682093
2022-11-02 09:15:00,NSE:RELIANCE,1149.48567285,1157.6110109,1141.6326925,1155.54558628,9131691.15468371
2022-11-03 09:15:00,NSE:RELIANCE,1148.37359097,1161.85525173,1146.19468398,1159.85791653,6805078.7622307
2022-11-04 09:15:00,NSE:RELIANCE,1159.29050466,1180.2167,1158.01959284,1176.92571113,12785547.09486826
2022-11-07 09:15:00,NSE:RELIANCE,1176.1313345,1184.89217385,1168.414533,1183.21268009,11986370.13016338
2022-11-09 09:15:00,NSE:RELIANCE,1184.89217385,1190.18045253,1175.70010148,1182.032418,11441895.71288052
2022-11-10 09:15:00,NSE:RELIANCE,1175.677405,1178.65064323,1163.4213085,1167.73363875,6065743.68927333
2022-11-11 09:15:00,NSE:RELIANCE,1180.2167,1196.558162,1174.769546,1194.6516581,12515432.46252997
2022-11-14 09:15:00,NSE:RELIANCE,1194.17503213,1199.281739,1182.55439153,1188.86405698,9193927.69141464
2022-11-15 09:15:00,NSE:RELIANCE,1190.33932785,1192.20039341,1175.677405,1183.53038535,7204616.57592203
2022-11-16 09:15:00,NSE:RELIANCE,1184.755995,1187.45687553,1171.75096022,1176.74418472,9878201.35065027
2022-11-17 09:15:00,NSE:RELIANCE,1173.38506103,1186.1177835,1171.13811,1179.78546698,6772547.27881753
2022-11-18 09:15:00,NSE:RELIANCE,1183.28072413,1184.3020655,1167.09818284,1179.14992028,5391641.21300775
2022-11-21 09:15:00,NSE:RELIANCE,1174.769546,1174.769546,1154.38815684,1157.92871616,6496841.46987583
2022-11-22 09:15:00,NSE:RELIANCE,1155.2505775,1165.91792075,1151.39217675,1164.35186398,6721750.84456948
2022-11-23 09:15:00,NSE:RELIANCE,1168.8684625,1170.18481266,1158.54156638,1160.72042798,6520367.14952432
2022-11-24 09:15:00,NSE:RELIANCE,1164.783097,1177.493123,1156.7031519,1170.72961884,9546030.82637282
2022-11-25 09:15:00,NSE:RELIANCE,1175.2234755,1191.51949916,1172.09140734,1188.20590459,7472499.58418653
2022-11-28 09:15:00,NSE:RELIANCE,1184.25662716,1235.16486598,1184.25662716,1229.03681773,32053279.19864208
2022-11-29 09:15:00,NSE:RELIANCE,1227.40267153,1239.97647328,1222.886073,1231.1475899,11243347.25987185
2022-11-30 09:15:00,NSE:RELIANCE,1231.28376875,1246.24074577,1224.7925769,1239.84038522,26601348.88787796
2022-12-01 09:15:00,NSE:RELIANCE,1244.5839031,1250.5757725,1232.872522,1236.18620735,9643999.78410744
2022-12-02 09:15:00,NSE:RELIANCE,1239.227535,1247.398266,1225.88205309,1235.66414303,11782875.97523404
2022-12-05 09:15:00,NSE:RELIANCE,1231.056804,1233.21296913,1215.623201,1217.64318728,15075836.66626646
2022-12-06 09:15:00,NSE:RELIANCE,1209.76755584,1224.2478615,1207.9063995,1221.1611409,8737574.88773036
2022-12-07 09:15:00,NSE:RELIANCE,1218.8007075,1223.3400025,1199.34978303,1203.14013975,8603236.84625035
2022-12-08 09:15:00,NSE:RELIANCE,1207.45247,1209.7221175,1198.41931834,1202.57272788,7886374.42598465
2022-12-09 09:15:00,NSE:RELIANCE,1201.097457,1207.45247,1181.05651497,1184.34750384,12866828.43921798
2022-12-12 09:15:00,NSE:RELIANCE,1173.63472225,1190.6570785,1173.4077575,1186.16322184,9637941.57462778
2022-12-13 09:15:00,NSE:RELIANCE,1186.16322184,1195.1963735,1183.25802765,1191.5649375,8472326.6498432
2022-12-14 09:15:00,NSE:RELIANCE,1197.30710028,1197.89725403,1185.2099245,1187.25260725,7390174.02482104
2022-12-15 09:15:00,NSE:RELIANCE,1181.35152375,1187.0256425,1167.0527445,1170.38917172,8833453.21244819
2022-12-16 09:15:00,NSE:RELIANCE,1167.0527445,1188.7505746,1161.21970503,1164.60157059,16101473.90729177
2022-12-19 09:15:00,NSE:RELIANCE,1171.5920395,1182.032418,1165.10084765,1179.89894935,7858848.12509432
2022-12-20 09:15:00,NSE:RELIANCE,1172.90838966,1192.018867,1164.783097,1190.1123631,7592128.29304991
2022-12-21 09:15:00,NSE:RELIANCE,1189.7492195,1195.1963735,1169.36783034,1173.18079275,8669767.00126341
2022-12-22 09:15:00,NSE:RELIANCE,1179.308841,1182.32742678,1165.12354412,1170.1394651,7575387.80801865
2022-12-23 09:15:00,NSE:RELIANCE,1163.55748735,1175.90436975,1131.30579638,1135.8223949,10428176.62214066
2022-12-26 09:15:00,NSE:RELIANCE,1141.51921013,1153.888789,1131.37384041,1145.74075448,6090143.95407216
2022-12-27 09:15:00,NSE:RELIANCE,1148.441635,1156.9755096,1141.74617488,1155.11439865,5859387.85648432
2022-12-28 09:15:00,NSE:RELIANCE,1152.073071,1157.4294391,1144.58323425,1155.00091627,7583796.60277642
2022-12-29 09:15:00,NSE:RELIANCE,1147.0798465,1157.02085716,1146.39895225,1154.47889735,7046232.95027091
2022-12-30 09:15:00,NSE:RELIANCE,1155.29601584,1169.7763215,1153.48029784,1156.2492224,7411045.1072248
2023-01-02 09:15:00,NSE:RELIANCE,1157.520225,1170.6841805,1156.7031519,1169.27695366,5404834.89176183
2023-01-03 09:15:00,NSE:RELIANCE,1164.35186398,1167.9606035,1156.5215801,1160.72042798,7786662.90690515
2023-01-04 09:15:00,NSE:RELIANCE,1160.6977315,1162.53614598,1141.178763,1143.24414223,9419405.43630674
2023-01-05 09:15:00,NSE:RELIANCE,1145.49109325,1151.34673841,1136.639468,1141.20145948,13864529.62409361
2023-01-06 09:15:00,NSE:RELIANCE,1146.92092578,1156.58966952,1143.13065985,1151.57370316,6455491.43644553
2023-01-09 09:15:00,NSE:RELIANCE,1155.38675635,1181.124559,1154.50163922,1178.7641256,10901580.53177861
2023-01-10 09:15:00,NSE:RELIANCE,1182.940277,1182.940277,1155.704507,1161.33318741,8181347.54405695
2023-01-11 09:15:00,NSE:RELIANCE,1158.65504875,1161.151661,1144.40170784,1146.69396103,11701502.10550317
2023-01-12 09:15:00,NSE:RELIANCE,1146.10394347,1149.57645875,1118.9362175,1121.93219759,17983775.01352082
2023-01-13 09:15:00,NSE:RELIANCE,1115.94023741,1122.52221516,1105.13680609,1120.11647959,20962446.8116745
2023-01-16 09:15:00,NSE:RELIANCE,1122.43147465,1125.58623928,1101.6868965,1109.44913634,13851064.97815189
2023-01-17 09:15:00,NSE:RELIANCE,1115.758711,1127.1069485,1112.39967809,1125.2004446,10930298.6476975
2023-01-18 09:15:00,NSE:RELIANCE,1122.79461825,1130.78382284,1116.82549072,1123.33933365,13672568.09702828
2023-01-19 09:15:00,NSE:RELIANCE,1122.52221516,1126.26713353,1115.14586078,1122.13642048,12139182.40607848
2023-01-20 09:15:00,NSE:RELIANCE,1123.4755125,1123.4755125,1106.33967388,1108.79084778,15179284.44835597
2023-01-23 09:15:00,NSE:RELIANCE,1111.6733455,1119.4809329,1100.7790375,1103.18486385,11136804.28348455
2023-01-24 09:15:00,NSE:RELIANCE,1107.58798,1109.24477728,1083.68863722,1096.67097552,16763744.14969726
2023-01-25 09:15:00,NSE:RELIANCE,1095.08222227,1096.10356365,1080.35221,1081.50973023,12591567.63329989
2023-01-27 09:15:00,NSE:RELIANCE,1082.34945441,1083.68863722,1049.32608328,1060.99216222,26261767.52116793
2023-01-30 09:15:00,NSE:RELIANCE,1058.42741515,1076.67533566,1044.4917795,1071.16013763,22135203.81468929
2023-01-31 09:15:00,NSE:RELIANCE,1081.260069,1083.82472528,1062.6489595,1068.48199897,23070029.59710704
2023-02-01 09:15:00,NSE:RELIANCE,1080.32951352,1080.32951352,1046.3074975,1062.14959166,19670470.85505569
2023-02-02 09:15:00,NSE:RELIANCE,1052.208581,1065.826466,1049.0310745,1056.27125003,13890520.44425401
2023-02-03 09:15:00,NSE:RELIANCE,1066.2803955,1066.2803955,1040.8603435,1057.2018055,25111498.59174167
2023-02-06 09:15:00,NSE:RELIANCE,1050.8467925,1053.5703695,1046.6706411,1049.23534277,15085335.93873058
2023-02-07 09:15:00,NSE:RELIANCE,1049.485004,1056.47547291,1040.8603435,1046.71598866,15387854.28133664
2023-02-08 09:15:00,NSE:RELIANCE,1049.9389335,1071.22818166,1047.2153565,1067.61948752,21513230.57875728
2023-02-09 09:15:00,NSE:RELIANCE,1068.30038177,1076.19880047,1059.471453,1069.48059848,13392449.70860012
2023-02-10 09:15:00,NSE:RELIANCE,1068.95853416,1068.95853416,1053.70654835,1060.67432078,10970401.79146762
2023-02-13 09:15:00,NSE:RELIANCE,1062.2858159,1066.734325,1050.18859473,1054.63714922,10525145.42456483
2023-02-14 09:15:00,NSE:RELIANCE,1057.63303852,1081.21463066,1054.77323728,1079.48978934,14560772.10227579
2023-02-15 09:15:00,NSE:RELIANCE,1078.536492,1106.3169774,1077.1747035,1103.93384753,34062342.28002366
2023-02-16 09:15:00,NSE:RELIANCE,1111.87761377,1118.3915021,1100.80173398,1103.07138148,17552412.87468649
2023-02-17 09:15:00,NSE:RELIANCE,1098.50939,1110.99245125,1094.24249809,1107.6787659,12006472.37070955
2023-02-20 09:15:00,NSE:RELIANCE,1109.8576275,1112.01379263,1094.01553334,1095.96733941,8984313.6434182
2023-02-21 09:15:00,NSE:RELIANCE,1100.325108,1110.6747006,1095.03687472,1104.90984134,13533594.97455001
2023-02-22 09:15:00,NSE:RELIANCE,1101.21027053,1103.048685,1078.10525898,1079.85284216,11208192.02100767
2023-02-23 09:15:00,NSE:RELIANCE,1079.444351,1087.04767013,1071.88647022,1074.67809125,10016213.97155285
2023-02-24 09:15:00,NSE:RELIANCE,1076.720774,1087.68312603,1074.905056,1082.03174915,9591388.09000076
2023-02-27 09:15:00,NSE:RELIANCE,1081.260069,1084.73258428,1067.50600515,1074.83701197,11386497.24241319
2023-02-28 09:15:00,NSE:RELIANCE,1069.50334034,1074.4511265,1050.23394228,1054.27396023,22360840.17452049
2023-03-01 09:15:00,NSE:RELIANCE,1064.010748,1064.69164225,1054.59171088,1063.96530966,11743788.40767124
2023-03-02 09:15:00,NSE:RELIANCE,1060.8332415,1067.48326328,1053.84277259,1055.86271348,9489193.80652723
2023-03-03 09:15:00,NSE:RELIANCE,1066.34843953,1086.45756177,1062.89862073,1082.80338391,14888027.76642628
2023-03-06 09:15:00,NSE:RELIANCE,1089.4308,1100.59751109,1089.4308,1093.37998665,10341557.44449303
2023-03-08 09:15:00,NSE:RELIANCE,1093.37998665,1098.0554605,1082.6218575,1097.30652222,16045870.55919477
2023-03-09 09:15:00,NSE:RELIANCE,1096.693672,1097.10216316,1069.04941084,1070.93317287,16505886.92737529
2023-03-10 09:15:00,NSE:RELIANCE,1062.87592425,1064.010748,1050.86948898,1054.34204965,13556468.57055997
2023-03-13 09:15:00,NSE:RELIANCE,1057.2018055,1064.010748,1032.6896125,1037.00194275,12984589.01657636
2023-03-14 09:15:00,NSE:RELIANCE,1034.95926,1046.28480103,1029.98873198,1033.12084552,16294818.90910373
2023-03-15 09:15:00,NSE:RELIANCE,1036.82041634,1043.26616985,1011.08252291,1015.46298798,22090930.41981189
2023-03-16 09:15:00,NSE:RELIANCE,1018.1638685,1023.157093,999.6435449,1010.40162866,18669407.91466516
2023-03-17 09:15:00,NSE:RELIANCE,1018.95824513,1022.22653752,1004.40980465,1009.13071684,34581480.16376992
2023-03-20 09:15:00,NSE:RELIANCE,1005.4538425,1007.72349,989.56631,999.21231188,19850208.01688368
2023-03-21 09:15:00,NSE:RELIANCE,1007.24686402,1032.235683,1006.3617015,1030.28378615,21757261.86555401
2023-03-22 09:15:00,NSE:RELIANCE,1037.2289075,1040.15675277,1030.419965,1033.41594509,11102213.00884829
2023-03-23 09:15:00,NSE:RELIANCE,1029.512106,1030.37452666,1018.18656498,1020.3427301,16520367.14952432
2023-03-24 09:15:00,NSE:RELIANCE,1019.18520988,1021.341375,997.737041,1000.14286735,12582343.73399394
2023-03-27 09:15:00,NSE:RELIANCE,1006.58866625,1023.157093,998.7356859,1015.68995273,14288712.23394822
2023-03-28 09:15:00,NSE:RELIANCE,1019.0717275,1024.29191675,1015.4402915,1020.433516,12786166.13372782
2023-03-29 09:15:00,NSE:RELIANCE,1016.3481505,1018.9809416,1003.68356284,1014.39625365,19117666.9504846
2023-03-31 09:15:00,NSE:RELIANCE,1023.6110225,1063.76108678,1023.47484365,1058.13236098,28641022.44952135
2023-04-03 09:15:00,NSE:RELIANCE,1064.4646775,1066.2803955,1050.8467925,1058.31393277,10464704.32082515
2023-04-05 09:15:00,NSE:RELIANCE,1065.826466,1065.826466,1047.91894723,1055.77197297,16534151.22832951
2023-04-06 09:15:00,NSE:RELIANCE,1052.27662503,1068.550043,1052.27662503,1062.85322777,18742494.15382785
2023-04-10 09:15:00,NSE:RELIANCE,1066.734325,1066.91585141,1053.82003073,1055.31804347,13177570.52581954
2023-04-11 09:15:00,NSE:RELIANCE,1059.471453,1062.6489595,1054.95485448,1060.53823272,10718186.41441017
2023-04-12 09:15:00,NSE:RELIANCE,1060.53823272,1074.8142701,1057.67843148,1065.21361578,18482266.51936038
2023-04-13 09:15:00,NSE:RELIANCE,1068.0961135,1073.9064111,1063.102889,1069.23093725,12584643.65061094
2023-04-17 09:15:00,NSE:RELIANCE,1100.75634103,1100.75634103,1066.30309198,1074.65539477,18228495.83470561
2023-04-18 09:15:00,NSE:RELIANCE,1078.9904215,1078.9904215,1055.840017,1062.35395072,10579114.15759496
2023-04-19 09:15:00,NSE:RELIANCE,1061.76379698,1070.32032266,1058.6543799,1067.642184,12478164.56079634
2023-04-20 09:15:00,NSE:RELIANCE,1068.59548134,1070.8196905,1058.60903234,1064.94130348,7124194.39582578
2023-04-21 09:15:00,NSE:RELIANCE,1067.02933378,1071.7275495,1060.56083841,1066.2803955,7774854.90588296
2023-04-24 09:15:00,NSE:RELIANCE,1078.0825625,1080.76070116,1065.826466,1070.365761,13151927.77733106
2023-04-25 09:15:00,NSE:RELIANCE,1073.997197,1080.62461309,1066.96128975,1078.55918848,9390160.80690944
2023-04-26 09:15:00,NSE:RELIANCE,1079.8982805,1083.12122534,1068.57273948,1072.22691734,8761556.58532878
2023-04-27 09:15:00,NSE:RELIANCE,1078.0825625,1082.167928,1073.089338,1079.01311798,9320008.94412018
2023-04-28 09:15:00,NSE:RELIANCE,1081.260069,1100.27966966,1081.14658663,1098.73635475,15824796.58184806
2023-05-02 09:15:00,NSE:RELIANCE,1105.8630479,1110.2207711,1102.18626434,1108.06460598,13198307.22612212
2023-05-03 09:15:00,NSE:RELIANCE,1109.8576275,1109.8576275,1095.35457998,1098.55482834,7179645.73793948
2023-05-04 09:15:00,NSE:RELIANCE,1099.03136353,1113.42101947,1096.05821609,1111.219416,8779246.55700941
2023-05-05 09:15:00,NSE:RELIANCE,1108.0419095,1117.27942022,1105.772262,1108.38235663,8892455.7668096
2023-05-08 09:15:00,NSE:RELIANCE,1112.127275,1127.40195728,1109.47174203,1122.06828566,9306442.96085626
2023-05-09 09:15:00,NSE:RELIANCE,1123.4755125,1128.8318806,1118.14184088,1125.54089173,6572536.04359267
2023-05-10 09:15:00,NSE:RELIANCE,1130.284455,1134.75570597,1126.2898754,1133.28043509,11053575.50016027
2023-05-11 09:15:00,NSE:RELIANCE,1134.34712402,1139.13608025,1124.17910323,1125.88133885,10733937.7590573
2023-05-12 09:15:00,NSE:RELIANCE,1121.1150791,1129.10419291,1115.07781675,1127.71979872,7071338.17035465
2023-05-15 09:15:00,NSE:RELIANCE,1130.23901666,1136.88912923,1122.63569753,1129.94400788,6947305.69394587
2023-05-16 09:15:00,NSE:RELIANCE,1132.100173,1134.64222359,1112.19531903,1113.8522071,8862609.72243487
2023-05-17 09:15:00,NSE:RELIANCE,1118.0283585,1118.9362175,1102.5947555,1107.27022935,8945710.73261377
2023-05-18 09:15:00,NSE:RELIANCE,1111.92300673,1115.3047815,1101.75494053,1104.88709948,10701069.21889853
2023-05-19 09:15:00,NSE:RELIANCE,1104.88709948,1110.28886052,1097.98741647,1108.47314253,8184707.09658659
2023-05-22 09:15:00,NSE:RELIANCE,1105.3183325,1119.390147,1104.11546472,1114.3969225,7558900.66629289
2023-05-23 09:15:00,NSE:RELIANCE,1116.96157878,1120.298006,1112.78547277,1114.19265423,6193633.59288171
2023-05-24 09:15:00,NSE:RELIANCE,1110.26611866,1118.482288,1104.61474177,1107.70146238,8247545.04829495
2023-05-25 09:15:00,NSE:RELIANCE,1104.81896466,1111.6733455,1096.71636848,1107.56528352,11679450.22299718
2023-05-26 09:15:00,NSE:RELIANCE,1115.758711,1138.9091155,1112.46772213,1137.77429175,12836832.59184521
2023-05-29 09:15:00,NSE:RELIANCE,1144.3562695,1148.441635,1138.0920424,1144.17474309,10177249.99146343
2023-05-30 09:15:00,NSE:RELIANCE,1144.17474309,1151.93689215,1141.33768372,1143.87964353,11531667.36244285
2023-05-31 09:15:00,NSE:RELIANCE,1134.82375,1139.29500097,1117.1204995,1121.16042666,27560015.37683715
2023-06-01 09:15:00,NSE:RELIANCE,1125.81320403,1127.96936916,1115.758711,1118.14184088,14836059.34401708
2023-06-02 09:15:00,NSE:RELIANCE,1121.6597945,1127.03890447,1112.5812045,1114.4877084,16064157.53988229
2023-06-05 09:15:00,NSE:RELIANCE,1119.9348624,1127.44739563,1115.96297928,1124.49685388,11090609.88545578
2023-06-06 09:15:00,NSE:RELIANCE,1127.31121677,1129.24041715,1117.574429,1125.45015122,7618277.72814942
2023-06-07 09:15:00,NSE:RELIANCE,1128.9226665,1134.82375,1122.38612709,1133.98393503,10484531.18821315
2023-06-08 09:15:00,NSE:RELIANCE,1137.547327,1142.47250747,1130.7383845,1134.66482928,12272423.36089635
2023-06-09 09:15:00,NSE:RELIANCE,1138.0012565,1138.70484723,1124.837301,1126.63032253,5975031.36500272
2023-06-12 09:15:00,NSE:RELIANCE,1123.70247725,1129.9213114,1118.9362175,1127.62892203,6498570.81330912
2023-06-13 09:15:00,NSE:RELIANCE,1132.5541025,1145.46839678,1128.58221938,1144.28822547,11435603.98696273
2023-06-14 09:15:00,NSE:RELIANCE,1144.3562695,1159.7898725,1142.5405515,1158.36003997,13498812.04019567
2023-06-15 09:15:00,NSE:RELIANCE,1158.3372981,1163.21704023,1150.93824725,1158.67774523,12010512.64568617
2023-06-16 09:15:00,NSE:RELIANCE,1162.1503059,1172.22749541,1162.1503059,1169.95784791,24574697.17213796
2023-06-19 09:15:00,NSE:RELIANCE,1172.953828,1172.953828,1154.18379778,1158.3372981,6911936.76551094
2023-06-20 09:15:00,NSE:RELIANCE,1156.40809773,1163.875238,1150.7112825,1160.74316984,7036522.19122132
2023-06-21 09:15:00,NSE:RELIANCE,1160.6977315,1166.53077097,1156.612366,1164.01141685,7077704.79777146
2023-06-22 09:15:00,NSE:RELIANCE,1160.243802,1168.09678235,1149.349494,1150.93824725,7746233.72131576
2023-06-23 09:15:00,NSE:RELIANCE,1147.94226716,1149.98494991,1140.270904,1141.51921013,6739116.9774161
2023-06-26 09:15:00,NSE:RELIANCE,1138.0012565,1141.81421891,1129.69434665,1132.80376373,12851980.31852964
2023-06-27 09:15:00,NSE:RELIANCE,1133.25769323,1139.13608025,1128.76374578,1133.21230028,9851060.57218136
2023-06-28 09:15:00,NSE:RELIANCE,1140.7248335,1152.00502697,1133.84784697,1148.21467025,11543360.80823123
2023-06-30 09:15:00,NSE:RELIANCE,1155.88603341,1160.53881078,1150.00769177,1157.63370737,11337533.6919059
2023-07-03 09:15:00,NSE:RELIANCE,1161.17435748,1190.203149,1159.94879322,1187.34339315,12357090.6935989
2023-07-04 09:15:00,NSE:RELIANCE,1191.5649375,1191.5649375,1168.07408588,1175.10999313,8196089.92145256
2023-07-05 09:15:00,NSE:RELIANCE,1184.3020655,1184.3020655,1169.2316061,1173.18079275,10418972.5497021
2023-07-06 09:15:00,NSE:RELIANCE,1169.34508848,1200.39386628,1169.34508848,1197.80646813,19436824.44079973
2023-07-07 09:15:00,NSE:RELIANCE,1196.1042325,1209.69942103,1192.926726,1195.46877659,13598331.89955709
2023-07-10 09:15:00,NSE:RELIANCE,1220.57098716,1251.029702,1214.2614125,1241.51987898,33794371.15234855
2023-07-11 09:15:00,NSE:RELIANCE,1249.62247516,1257.384715,1242.67744459,1254.97888865,20404051.7305
2023-07-12 09:15:00,NSE:RELIANCE,1255.70517585,1271.910459,1253.59435828,1256.36337363,19046265.99504989
2023-07-13 09:15:00,NSE:RELIANCE,1263.69428966,1270.5486705,1242.51852388,1245.1286185,14927807.0713624
2023-07-14 09:15:00,NSE:RELIANCE,1248.306125,1253.25391116,1237.00332584,1244.08458065,15376374.52511899
2023-07-17 09:15:00,NSE:RELIANCE,1246.9443365,1277.83423898,1238.319676,1269.50463265,22590611.53769473
2023-07-18 09:15:00,NSE:RELIANCE,1278.7194015,1288.00225977,1267.8250935,1280.28545828,26298711.58406757
2023-07-19 09:15:00,NSE:RELIANCE,1284.620485,1296.422652,1269.6408115,1289.99959497,39774610.37451851
2023-07-20 09:15:00,NSE:RELIANCE,1290.0,1315.475,1290.0,1309.92505,38717624.0
2023-07-21 09:15:00,NSE:RELIANCE,1304.5,1307.44995,1261.80005,1269.375,30249238.0
2023-07-24 09:15:00,NSE:RELIANCE,1240.5,1257.475,1234.65,1243.69995,23727866.0
2023-07-25 09:15:00,NSE:RELIANCE,1247.0,1252.6,1240.0,1242.9,12026020.0
2023-07-26 09:15:00,NSE:RELIANCE,1242.5,1273.5,1242.5,1263.1,12911012.0
2023-07-27 09:15:00,NSE:RELIANCE,1267.025,1268.82495,1245.17505,1251.35,17226898.0
2023-07-28 09:15:00,NSE:RELIANCE,1256.025,1271.42505,1250.275,1263.92505,20827852.0
2023-07-31 09:15:00,NSE:RELIANCE,1263.92505,1276.94995,1258.975,1274.625,8551174.0
2023-08-01 09:15:00,NSE:RELIANCE,1277.5,1279.5,1252.65,1256.6,9536632.0
2023-08-02 09:15:00,NSE:RELIANCE,1254.6,1256.0,1231.80005,1243.17505,12748214.0
2023-08-03 09:15:00,NSE:RELIANCE,1237.65,1250.44995,1229.025,1237.94995,10168350.0
2023-08-04 09:15:00,NSE:RELIANCE,1249.4,1258.0,1235.80005,1254.775,22885610.0
2023-08-07 09:15:00,NSE:RELIANCE,1260.5,1264.19995,1252.5,1261.92505,5982870.0
2023-08-08 09:15:00,NSE:RELIANCE,1264.0,1267.225,1249.775,1254.32495,9844072.0
2023-08-09 09:15:00,NSE:RELIANCE,1252.42505,1264.5,1240.55005,1262.6,11486586.0
2023-08-10 09:15:00,NSE:RELIANCE,1262.475,1275.0,1254.225,1268.225,15470598.0
2023-08-11 09:15:00,NSE:RELIANCE,1266.225,1279.42505,1256.17505,1273.57495,22179330.0
2023-08-14 09:15:00,NSE:RELIANCE,1269.5,1291.15,1262.5,1288.625,9575812.0
2023-08-16 09:15:00,NSE:RELIANCE,1275.5,1291.4,1275.5,1287.57495,10203112.0
2023-08-17 09:15:00,NSE:RELIANCE,1283.55005,1289.05005,1266.42505,1269.0,13673744.0
2023-08-18 09:15:00,NSE:RELIANCE,1265.625,1288.80005,1254.275,1278.4,18639978.0
2023-08-21 09:15:00,NSE:RELIANCE,1269.975,1277.725,1257.82495,1260.0,9221746.0
2023-08-22 09:15:00,NSE:RELIANCE,1258.44995,1268.975,1249.5,1259.69995,7713044.0
2023-08-23 09:15:00,NSE:RELIANCE,1262.1,1271.42505,1258.475,1261.1,9517952.0
2023-08-24 09:15:00,NSE:RELIANCE,1269.94995,1269.94995,1235.5,1239.9,14140020.0
2023-08-25 09:15:00,NSE:RELIANCE,1228.0,1252.5,1221.30005,1234.17505,22222400.0
2023-08-28 09:15:00,NSE:RELIANCE,1236.0,1242.0,1215.55005,1221.875,12580826.0
2023-08-29 09:15:00,NSE:RELIANCE,1226.025,1226.725,1204.07495,1210.17505,16876644.0
2023-08-30 09:15:00,NSE:RELIANCE,1216.0,1221.5,1207.5,1209.025,12168946.0
2023-08-31 09:15:00,NSE:RELIANCE,1211.5,1212.5,1199.94995,1203.5,21638600.0
2023-09-01 09:15:00,NSE:RELIANCE,1203.275,1212.82495,1200.82495,1206.32495,18112842.0
2023-09-04 09:15:00,NSE:RELIANCE,1206.32495,1211.82495,1202.65,1205.35,9347626.0
2023-09-05 09:15:00,NSE:RELIANCE,1210.0,1216.975,1206.225,1211.80005,8675876.0
2023-09-06 09:15:00,NSE:RELIANCE,1210.55005,1218.07495,1208.625,1214.35,8200370.0
2023-09-07 09:15:00,NSE:RELIANCE,1210.85,1219.125,1205.5,1216.0,13652572.0
2023-09-08 09:15:00,NSE:RELIANCE,1220.0,1228.0,1211.475,1224.1,23109288.0
2023-09-11 09:15:00,NSE:RELIANCE,1226.0,1238.42505,1226.0,1237.30005,13271074.0
2023-09-12 09:15:00,NSE:RELIANCE,1241.5,1241.5,1217.975,1219.42505,16255666.0
2023-09-13 09:15:00,NSE:RELIANCE,1220.0,1231.32495,1213.125,1225.525,12803338.0
2023-09-14 09:15:00,NSE:RELIANCE,1230.0,1232.9,1222.5,1226.65,9209636.0
2023-09-15 09:15:00,NSE:RELIANCE,1234.0,1234.0,1224.75,1228.92505,25468592.0
2023-09-18 09:15:00,NSE:RELIANCE,1220.025,1225.5,1216.025,1218.225,7516300.0
2023-09-20 09:15:00,NSE:RELIANCE,1211.525,1213.80005,1177.5,1191.07495,57081884.0
2023-09-21 09:15:00,NSE:RELIANCE,1187.475,1195.05005,1180.0,1182.4,12226182.0
2023-09-22 09:15:00,NSE:RELIANCE,1188.0,1191.225,1175.0,1177.475,19176786.0
2023-09-25 09:15:00,NSE:RELIANCE,1175.19995,1180.35,1167.55005,1170.225,14254884.0
2023-09-26 09:15:00,NSE:RELIANCE,1169.275,1175.1,1167.80005,1171.25,10087782.0
2023-09-27 09:15:00,NSE:RELIANCE,1171.75,1185.9,1169.25,1184.44995,11722778.0
2023-09-28 09:15:00,NSE:RELIANCE,1191.5,1191.5,1162.5,1167.05005,14518346.0
2023-09-29 09:15:00,NSE:RELIANCE,1170.9,1184.55005,1167.05005,1172.5,12342014.0
2023-10-03 09:15:00,NSE:RELIANCE,1164.975,1167.80005,1158.0,1159.07495,8859056.0
2023-10-04 09:15:00,NSE:RELIANCE,1154.5,1159.5,1147.55005,1157.07495,10286386.0
2023-10-05 09:15:00,NSE:RELIANCE,1159.625,1164.69995,1154.5,1157.05005,10953682.0
2023-10-06 09:15:00,NSE:RELIANCE,1158.525,1162.4,1156.025,1159.0,5431026.0
2023-10-09 09:15:00,NSE:RELIANCE,1154.05005,1155.975,1147.5,1149.125,7576878.0
2023-10-10 09:15:00,NSE:RELIANCE,1153.275,1158.94995,1151.875,1154.19995,10236032.0
2023-10-11 09:15:00,NSE:RELIANCE,1157.225,1174.85,1156.5,1172.525,9814118.0
2023-10-12 09:15:00,NSE:RELIANCE,1171.92505,1179.67505,1169.07495,1174.69995,12554450.0
2023-10-13 09:15:00,NSE:RELIANCE,1170.0,1178.75,1164.57495,1174.65,10150316.0
2023-10-16 09:15:00,NSE:RELIANCE,1172.5,1177.275,1168.0,1172.025,5929036.0
2023-10-17 09:15:00,NSE:RELIANCE,1178.0,1179.85,1170.65,1177.625,7928180.0
2023-10-18 09:15:00,NSE:RELIANCE,1177.625,1183.5,1160.5,1162.0,8918320.0
2023-10-19 09:15:00,NSE:RELIANCE,1156.0,1160.9,1150.5,1153.07495,12032556.0
2023-10-20 09:15:00,NSE:RELIANCE,1150.0,1157.35,1148.15,1149.55005,8913312.0
2023-10-23 09:15:00,NSE:RELIANCE,1145.0,1153.125,1127.625,1131.6,7853962.0
2023-10-25 09:15:00,NSE:RELIANCE,1125.025,1140.6,1121.5,1128.975,11620688.0
2023-10-26 09:15:00,NSE:RELIANCE,1125.5,1129.0,1110.15,1113.25,15222534.0
2023-10-27 09:15:00,NSE:RELIANCE,1120.0,1136.75,1117.975,1132.9,11771084.0
2023-10-30 09:15:00,NSE:RELIANCE,1137.0,1162.5,1134.975,1156.25,16813304.0
2023-10-31 09:15:00,NSE:RELIANCE,1164.0,1164.0,1141.44995,1143.94995,12808438.0
2023-11-01 09:15:00,NSE:RELIANCE,1144.57495,1158.75,1137.6,1148.69995,10309190.0
2023-11-02 09:15:00,NSE:RELIANCE,1156.975,1162.15,1153.975,1160.1,10562104.0
2023-11-03 09:15:00,NSE:RELIANCE,1163.6,1167.475,1157.875,1159.85,8850156.0
2023-11-06 09:15:00,NSE:RELIANCE,1166.15,1170.0,1162.80005,1169.5,10647304.0
2023-11-07 09:15:00,NSE:RELIANCE,1167.025,1169.55005,1159.775,1161.9,6960204.0
2023-11-08 09:15:00,NSE:RELIANCE,1166.0,1170.5,1160.875,1167.94995,7884494.0
2023-11-09 09:15:00,NSE:RELIANCE,1167.92505,1167.94995,1152.1,1155.275,14513610.0
2023-11-10 09:15:00,NSE:RELIANCE,1152.775,1158.17505,1149.025,1157.44995,7734954.0
2023-11-12 18:15:00,NSE:RELIANCE,1163.025,1166.0,1161.25,1165.325,1419144.0
2023-11-13 09:15:00,NSE:RELIANCE,1161.44995,1162.30005,1155.85,1157.30005,3854810.0
2023-11-15 09:15:00,NSE:RELIANCE,1170.0,1180.975,1163.5,1178.225,12220648.0
2023-11-16 09:15:00,NSE:RELIANCE,1175.55005,1187.07495,1173.475,1180.35,13134910.0
2023-11-17 09:15:00,NSE:RELIANCE,1176.44995,1186.625,1176.025,1177.775,7758634.0
2023-11-20 09:15:00,NSE:RELIANCE,1174.275,1179.19995,1168.19995,1174.67505,4490186.0
2023-11-21 09:15:00,NSE:RELIANCE,1183.0,1194.0,1180.1,1189.44995,8214450.0
2023-11-22 09:15:00,NSE:RELIANCE,1187.5,1197.225,1186.1,1194.1,8534814.0
2023-11-23 09:15:00,NSE:RELIANCE,1194.1,1200.0,1194.1,1197.75,8531542.0
2023-11-24 09:15:00,NSE:RELIANCE,1195.80005,1201.30005,1195.525,1196.94995,6749486.0
2023-11-28 09:15:00,NSE:RELIANCE,1196.94995,1199.85,1187.625,1197.19995,13792174.0
2023-11-29 09:15:00,NSE:RELIANCE,1204.0,1205.975,1199.025,1200.35,12531306.0
2023-11-30 09:15:00,NSE:RELIANCE,1197.35,1200.35,1184.94995,1188.725,28439984.0
2023-12-01 09:15:00,NSE:RELIANCE,1189.0,1198.19995,1188.80005,1197.15,14342842.0
2023-12-04 09:15:00,NSE:RELIANCE,1225.0,1225.0,1199.30005,1210.1,15590990.0
2023-12-05 09:15:00,NSE:RELIANCE,1219.5,1220.42505,1210.82495,1218.875,12693624.0
2023-12-06 09:15:00,NSE:RELIANCE,1223.55005,1236.475,1217.5,1230.55005,16422442.0
2023-12-07 09:15:00,NSE:RELIANCE,1230.0,1230.475,1221.0,1228.525,8142096.0
2023-12-08 09:15:00,NSE:RELIANCE,1231.92505,1238.35,1222.5,1227.875,10204894.0
2023-12-11 09:15:00,NSE:RELIANCE,1228.0,1233.80005,1226.19995,1229.67505,7066138.0
2023-12-12 09:15:00,NSE:RELIANCE,1230.0,1232.475,1210.07495,1212.025,9197124.0
2023-12-13 09:15:00,NSE:RELIANCE,1211.0,1219.17505,1203.15,1216.975,10031182.0
2023-12-14 09:15:00,NSE:RELIANCE,1227.0,1237.475,1221.32495,1232.07495,16972354.0
2023-12-15 09:15:00,NSE:RELIANCE,1239.0,1250.0,1235.025,1247.80005,15932152.0
2023-12-18 09:15:00,NSE:RELIANCE,1247.80005,1267.44995,1245.475,1260.5,14165188.0
2023-12-19 09:15:00,NSE:RELIANCE,1277.5,1286.94995,1262.6,1279.05005,16820604.0
2023-12-20 09:15:00,NSE:RELIANCE,1285.525,1299.42505,1260.0,1263.57495,17736722.0
2023-12-21 09:15:00,NSE:RELIANCE,1263.5,1286.75,1259.125,1281.275,13765454.0
2023-12-22 09:15:00,NSE:RELIANCE,1279.80005,1290.44995,1273.82495,1282.525,16541784.0
2023-12-26 09:15:00,NSE:RELIANCE,1284.0,1295.975,1281.35,1289.025,7465664.0
2023-12-27 09:15:00,NSE:RELIANCE,1291.0,1299.94995,1286.55005,1293.42505,9204156.0
2023-12-28 09:15:00,NSE:RELIANCE,1294.9,1306.0,1293.42505,1302.775,12302636.0
2023-12-29 09:15:00,NSE:RELIANCE,1305.55005,1307.0,1289.65,1292.475,10864584.0
2024-01-01 09:15:00,NSE:RELIANCE,1290.275,1303.42505,1286.57495,1295.125,4030540.0
2024-01-02 09:15:00,NSE:RELIANCE,1292.5,1307.5,1286.5,1305.85,7448800.0
2024-01-03 09:15:00,NSE:RELIANCE,1305.0,1317.0,1288.6,1291.65,9037536.0
2024-01-04 09:15:00,NSE:RELIANCE,1294.0,1304.92505,1289.55005,1298.32495,9612778.0
2024-01-05 09:15:00,NSE:RELIANCE,1301.44995,1309.92505,1299.0,1303.85,8086406.0
2024-01-08 09:15:00,NSE:RELIANCE,1305.0,1315.975,1284.475,1293.67505,7734652.0
2024-01-09 09:15:00,NSE:RELIANCE,1300.0,1303.4,1288.6,1290.25,5403074.0
2024-01-10 09:15:00,NSE:RELIANCE,1288.5,1329.5,1287.525,1325.05005,11102740.0
2024-01-11 09:15:00,NSE:RELIANCE,1329.5,1362.5,1328.5,1359.9,23725852.0
2024-01-12 09:15:00,NSE:RELIANCE,1359.9,1373.32495,1345.75,1370.725,15012164.0
2024-01-15 09:15:00,NSE:RELIANCE,1375.0,1396.44995,1366.0,1394.125,8610594.0
2024-01-16 09:15:00,NSE:RELIANCE,1389.975,1396.30005,1370.5,1374.625,9069024.0
2024-01-17 09:15:00,NSE:RELIANCE,1359.5,1386.275,1355.025,1361.57495,12197382.0
2024-01-18 09:15:00,NSE:RELIANCE,1351.4,1371.0,1351.25,1367.94995,10279438.0
2024-01-19 09:15:00,NSE:RELIANCE,1376.0,1376.0,1359.0,1367.44995,10422704.0
2024-01-20 09:15:00,NSE:RELIANCE,1365.0,1383.475,1350.0,1356.65,7283394.0
2024-01-23 09:15:00,NSE:RELIANCE,1371.75,1371.75,1322.55005,1328.57495,20055420.0
2024-01-24 09:15:00,NSE:RELIANCE,1335.225,1349.5,1323.92505,1343.875,21919128.0
2024-01-25 09:15:00,NSE:RELIANCE,1342.94995,1364.15,1335.19995,1353.07495,11808872.0
2024-01-29 09:15:00,NSE:RELIANCE,1364.5,1452.5,1360.17505,1448.05005,23893438.0
2024-01-30 09:15:00,NSE:RELIANCE,1459.94995,1459.975,1404.42505,1407.625,14093978.0
2024-01-31 09:15:00,NSE:RELIANCE,1404.0,1434.25,1402.5,1426.625,15130226.0
2024-02-01 09:15:00,NSE:RELIANCE,1435.0,1443.35,1418.05005,1426.65,13349362.0
2024-02-02 09:15:00,NSE:RELIANCE,1433.17505,1474.9,1433.17505,1457.69995,19652588.0
2024-02-05 09:15:00,NSE:RELIANCE,1460.75,1470.5,1431.525,1439.025,8814432.0
2024-02-06 09:15:00,NSE:RELIANCE,1441.85,1441.85,1419.82495,1427.80005,9047984.0
2024-02-07 09:15:00,NSE:RELIANCE,1435.92505,1449.5,1429.25,1442.15,9296568.0
2024-02-08 09:15:00,NSE:RELIANCE,1450.0,1459.475,1427.525,1450.125,14694634.0
2024-02-09 09:15:00,NSE:RELIANCE,1454.0,1471.975,1450.94995,1460.75,12556798.0
2024-02-12 09:15:00,NSE:RELIANCE,1460.75,1461.0,1442.35,1452.35,6674430.0
2024-02-13 09:15:00,NSE:RELIANCE,1455.5,1479.0,1454.0,1465.1,7715594.0
2024-02-14 09:15:00,NSE:RELIANCE,1457.5,1483.65,1457.5,1481.375,7117888.0
2024-02-15 09:15:00,NSE:RELIANCE,1483.35,1484.725,1466.525,1470.6,10006782.0
2024-02-16 09:15:00,NSE:RELIANCE,1476.475,1477.0,1458.55005,1460.57495,9767498.0
2024-02-19 09:15:00,NSE:RELIANCE,1462.05005,1479.5,1453.525,1474.0,6729828.0
2024-02-20 09:15:00,NSE:RELIANCE,1475.025,1475.5,1461.80005,1471.025,7117496.0
2024-02-21 09:15:00,NSE:RELIANCE,1474.0,1488.525,1457.55005,1467.69995,12720292.0
2024-02-22 09:15:00,NSE:RELIANCE,1468.15,1484.94995,1458.0,1481.75,18493728.0
2024-02-23 09:15:00,NSE:RELIANCE,1489.5,1497.55005,1483.35,1493.625,14438584.0
2024-02-26 09:15:00,NSE:RELIANCE,1493.55005,1494.525,1482.5,1487.32495,7513106.0
2024-02-27 09:15:00,NSE:RELIANCE,1483.025,1499.94995,1478.05005,1485.65,10826044.0
2024-02-28 09:15:00,NSE:RELIANCE,1483.0,1491.275,1450.17505,1455.625,8647950.0
2024-02-29 09:15:00,NSE:RELIANCE,1465.0,1478.975,1454.525,1460.80005,23628976.0
2024-03-01 09:15:00,NSE:RELIANCE,1463.5,1500.0,1462.5,1492.125,12132926.0
2024-03-02 09:15:00,NSE:RELIANCE,1492.0,1500.44995,1488.0,1491.07495,716300.0
2024-03-04 09:15:00,NSE:RELIANCE,1490.475,1512.44995,1487.225,1507.4,10024420.0
2024-03-05 09:15:00,NSE:RELIANCE,1505.775,1507.4,1486.05005,1500.19995,7107668.0
2024-03-06 09:15:00,NSE:RELIANCE,1493.44995,1509.0,1478.5,1503.0,7805676.0
2024-03-07 09:15:00,NSE:RELIANCE,1502.975,1503.1,1475.55005,1478.92505,8315726.0
2024-03-11 09:15:00,NSE:RELIANCE,1489.0,1489.0,1463.5,1466.6,11277130.0
2024-03-12 09:15:00,NSE:RELIANCE,1466.6,1488.0,1465.025,1475.42505,9432678.0
2024-03-13 09:15:00,NSE:RELIANCE,1479.775,1483.1,1427.775,1432.17505,13522134.0
2024-03-14 09:15:00,NSE:RELIANCE,1439.69995,1448.525,1425.5,1431.475,18571102.0
2024-03-15 09:15:00,NSE:RELIANCE,1425.94995,1433.225,1412.9,1418.225,19223818.0
2024-03-18 09:15:00,NSE:RELIANCE,1420.0,1441.725,1416.525,1439.475,9169392.0
2024-03-19 09:15:00,NSE:RELIANCE,1428.75,1437.6,1417.25,1425.25,8275764.0
2024-03-20 09:15:00,NSE:RELIANCE,1427.94995,1445.0,1424.025,1443.75,8488806.0
2024-03-21 09:15:00,NSE:RELIANCE,1452.525,1457.9,1444.67505,1450.975,13006936.0
2024-03-22 09:15:00,NSE:RELIANCE,1449.975,1460.0,1447.35,1455.025,19527608.0
2024-03-26 09:15:00,NSE:RELIANCE,1445.0,1452.4,1439.0,1441.57495,11415906.0
2024-03-27 09:15:00,NSE:RELIANCE,1448.0,1500.0,1447.0,1492.85,16326644.0
2024-03-28 09:15:00,NSE:RELIANCE,1492.875,1505.94995,1478.65,1485.85,21854364.0
2024-04-01 09:15:00,NSE:RELIANCE,1492.475,1493.975,1482.5,1484.775,5013880.0
2024-04-02 09:15:00,NSE:RELIANCE,1484.0,1494.0,1475.0,1486.94995,8910166.0
2024-04-03 09:15:00,NSE:RELIANCE,1482.07495,1484.44995,1468.9,1471.6,7008292.0
2024-04-04 09:15:00,NSE:RELIANCE,1479.75,1479.75,1450.0,1462.92505,14490272.0
2024-04-05 09:15:00,NSE:RELIANCE,1460.875,1470.80005,1456.0,1460.1,7442298.0
2024-04-08 09:15:00,NSE:RELIANCE,1462.975,1490.975,1461.0,1485.975,8357118.0
2024-04-09 09:15:00,NSE:RELIANCE,1489.0,1489.80005,1462.5,1463.65,7071414.0
2024-04-10 09:15:00,NSE:RELIANCE,1466.35,1487.0,1466.35,1479.57495,9138330.0
2024-04-12 09:15:00,NSE:RELIANCE,1475.875,1486.475,1463.07495,1467.15,15551012.0
2024-04-15 09:15:00,NSE:RELIANCE,1461.0,1482.125,1446.32495,1464.82495,12902062.0
2024-04-16 09:15:00,NSE:RELIANCE,1453.35,1471.17505,1450.92505,1465.75,9366184.0
2024-04-18 09:15:00,NSE:RELIANCE,1463.5,1486.0,1459.35,1464.32495,19005692.0
2024-04-19 09:15:00,NSE:RELIANCE,1456.775,1474.0,1443.025,1470.125,15741778.0
2024-04-22 09:15:00,NSE:RELIANCE,1472.44995,1482.82495,1467.80005,1479.85,10350362.0
2024-04-23 09:15:00,NSE:RELIANCE,1479.0,1493.5,1455.55005,1459.32495,14605554.0
2024-04-24 09:15:00,NSE:RELIANCE,1463.5,1468.55005,1449.5,1450.17505,10462776.0
2024-04-25 09:15:00,NSE:RELIANCE,1442.5,1467.975,1441.5,1459.975,15943926.0
2024-04-26 09:15:00,NSE:RELIANCE,1463.94995,1465.0,1450.0,1452.55005,9413848.0
2024-04-29 09:15:00,NSE:RELIANCE,1450.0,1467.9,1450.0,1465.025,7247974.0
2024-04-30 09:15:00,NSE:RELIANCE,1468.0,1483.07495,1462.875,1467.0,11474262.0
2024-05-02 09:15:00,NSE:RELIANCE,1472.0,1477.32495,1464.125,1466.55005,14512646.0
2024-05-03 09:15:00,NSE:RELIANCE,1471.0,1474.94995,1416.15,1434.0,17226958.0
2024-05-06 09:15:00,NSE:RELIANCE,1435.5,1440.0,1418.0,1419.525,7394208.0
2024-05-07 09:15:00,NSE:RELIANCE,1415.975,1420.75,1392.0,1401.475,14517472.0
2024-05-08 09:15:00,NSE:RELIANCE,1397.5,1432.94995,1397.5,1418.55005,9439002.0
2024-05-09 09:15:00,NSE:RELIANCE,1413.0,1423.75,1390.0,1394.125,11009612.0
2024-05-10 09:15:00,NSE:RELIANCE,1396.75,1410.0,1388.07495,1407.42505,10505096.0
2024-05-13 09:15:00,NSE:RELIANCE,1399.9,1406.975,1384.0,1402.69995,8456620.0
2024-05-14 09:15:00,NSE:RELIANCE,1400.975,1427.07495,1400.025,1420.07495,7188300.0
2024-05-15 09:15:00,NSE:RELIANCE,1420.5,1429.975,1413.025,1416.275,5046534.0
2024-05-16 09:15:00,NSE:RELIANCE,1418.55005,1427.5,1398.025,1425.35,14711774.0
2024-05-17 09:15:00,NSE:RELIANCE,1423.05005,1437.19995,1413.25,1435.69995,10916476.0
2024-05-18 09:15:00,NSE:RELIANCE,1437.5,1439.5,1432.69995,1434.82495,426040.0
2024-05-21 09:15:00,NSE:RELIANCE,1425.6,1441.82495,1425.6,1436.125,11176128.0
2024-05-22 09:15:00,NSE:RELIANCE,1436.275,1468.775,1436.275,1460.65,10281604.0
2024-05-23 09:15:00,NSE:RELIANCE,1458.55005,1492.225,1455.0,1486.05005,14608260.0
2024-05-24 09:15:00,NSE:RELIANCE,1483.625,1488.5,1476.1,1480.25,7094776.0
2024-05-27 09:15:00,NSE:RELIANCE,1480.225,1484.9,1461.55005,1466.25,6629010.0
2024-05-28 09:15:00,NSE:RELIANCE,1468.0,1478.5,1452.75,1456.19995,7820162.0
2024-05-29 09:15:00,NSE:RELIANCE,1446.5,1458.0,1438.44995,1440.775,7383556.0
2024-05-30 09:15:00,NSE:RELIANCE,1435.5,1440.4,1420.1,1424.85,13206858.0
2024-05-31 09:15:00,NSE:RELIANCE,1431.30005,1442.25,1422.25,1430.4,31069832.0
2024-06-03 09:15:00,NSE:RELIANCE,1483.0,1514.5,1459.0,1510.32495,21527942.0
2024-06-04 09:15:00,NSE:RELIANCE,1498.05005,1498.05005,1359.30005,1397.275,36709098.0
2024-06-05 09:15:00,NSE:RELIANCE,1422.0,1431.15,1384.1,1420.75,17464890.0
2024-06-06 09:15:00,NSE:RELIANCE,1435.0,1443.69995,1421.35,1431.6,17855722.0
2024-06-07 09:15:00,NSE:RELIANCE,1428.5,1472.0,1426.5,1469.94995,18558696.0
2024-06-10 09:15:00,NSE:RELIANCE,1469.94995,1493.35,1468.07495,1471.4,9251760.0
2024-06-11 09:15:00,NSE:RELIANCE,1469.0,1473.67505,1454.67505,1456.67505,11774902.0
2024-06-12 09:15:00,NSE:RELIANCE,1457.5,1476.0,1455.17505,1463.32495,10081742.0
2024-06-13 09:15:00,NSE:RELIANCE,1472.0,1472.25,1460.1,1465.25,9181160.0
2024-06-14 09:15:00,NSE:RELIANCE,1470.0,1479.67505,1457.225,1477.55005,8157998.0
2024-06-18 09:15:00,NSE:RELIANCE,1487.35,1487.4,1471.35,1481.025,7196766.0
2024-06-19 09:15:00,NSE:RELIANCE,1487.5,1487.5,1456.0,1458.65,8725874.0
2024-06-20 09:15:00,NSE:RELIANCE,1459.0,1482.85,1450.1,1473.69995,16113776.0
2024-06-21 09:15:00,NSE:RELIANCE,1473.625,1474.69995,1440.57495,1454.19995,31170360.0
2024-06-24 09:15:00,NSE:RELIANCE,1445.525,1449.5,1437.5,1441.475,8878386.0
2024-06-25 09:15:00,NSE:RELIANCE,1443.0,1455.92505,1441.0,1454.15,7045386.0
2024-06-26 09:15:00,NSE:RELIANCE,1446.05005,1518.975,1445.125,1514.025,22014882.0
2024-06-27 09:15:00,NSE:RELIANCE,1513.75,1537.5,1506.0,1530.55005,28383030.0
2024-06-28 09:15:00,NSE:RELIANCE,1531.025,1581.0,1531.025,1565.4,28957336.0
2024-07-01 09:15:00,NSE:RELIANCE,1562.525,1579.4,1555.67505,1560.15,7724306.0
2024-07-02 09:15:00,NSE:RELIANCE,1569.5,1573.5,1557.0,1565.17505,7749246.0
2024-07-03 09:15:00,NSE:RELIANCE,1566.32495,1575.0,1542.775,1552.42505,9049620.0
2024-07-04 09:15:00,NSE:RELIANCE,1557.0,1567.5,1550.80005,1554.025,6837176.0
2024-07-05 09:15:00,NSE:RELIANCE,1553.82495,1598.5,1548.0,1588.625,12269710.0
2024-07-08 09:15:00,NSE:RELIANCE,1589.0,1608.80005,1582.525,1600.9,9500806.0
2024-07-09 09:15:00,NSE:RELIANCE,1597.6,1600.5,1580.5,1590.275,6960002.0
2024-07-10 09:15:00,NSE:RELIANCE,1595.0,1597.5,1563.15,1584.225,7134578.0
2024-07-11 09:15:00,NSE:RELIANCE,1587.5,1604.25,1570.5,1580.65,11940946.0
2024-07-12 09:15:00,NSE:RELIANCE,1584.5,1605.15,1574.5,1596.725,12924784.0
2024-07-15 09:15:00,NSE:RELIANCE,1604.44995,1605.85,1585.5,1597.225,5329688.0
2024-07-16 09:15:00,NSE:RELIANCE,1593.5,1600.0,1569.125,1574.15,9386838.0
2024-07-18 09:15:00,NSE:RELIANCE,1576.0,1593.9,1557.82495,1586.67505,12298374.0
2024-07-19 09:15:00,NSE:RELIANCE,1586.0,1589.975,1552.80005,1555.15,13140390.0
2024-07-22 09:15:00,NSE:RELIANCE,1537.25,1537.5,1499.275,1500.67505,19674376.0
2024-07-23 09:15:00,NSE:RELIANCE,1501.0,1505.75,1463.0,1487.9,18052044.0
2024-07-24 09:15:00,NSE:RELIANCE,1485.0,1509.5,1476.4,1495.69995,11913362.0
2024-07-25 09:15:00,NSE:RELIANCE,1481.0,1500.475,1477.07495,1492.4,12519876.0
2024-07-26 09:15:00,NSE:RELIANCE,1492.4,1512.42505,1490.35,1509.025,9859940.0
2024-07-29 09:15:00,NSE:RELIANCE,1511.94995,1527.5,1511.775,1520.1,7538550.0
2024-07-30 09:15:00,NSE:RELIANCE,1517.025,1525.0,1510.0,1513.15,8228208.0
2024-07-31 09:15:00,NSE:RELIANCE,1504.0,1510.44995,1501.15,1505.42505,10057346.0
2024-08-01 09:15:00,NSE:RELIANCE,1512.0,1518.0,1504.30005,1515.30005,10764222.0
2024-08-02 09:15:00,NSE:RELIANCE,1505.0,1509.32495,1493.275,1499.32495,10268248.0
2024-08-05 09:15:00,NSE:RELIANCE,1480.0,1483.9,1433.25,1447.32495,17046704.0
2024-08-06 09:15:00,NSE:RELIANCE,1455.15,1477.5,1451.32495,1456.05005,10236186.0
2024-08-07 09:15:00,NSE:RELIANCE,1469.0,1472.5,1461.5,1464.82495,8174568.0
2024-08-08 09:15:00,NSE:RELIANCE,1457.525,1465.0,1445.92505,1449.125,12387192.0
2024-08-09 09:15:00,NSE:RELIANCE,1460.0,1476.5,1456.0,1474.30005,6249776.0
2024-08-12 09:15:00,NSE:RELIANCE,1470.0,1473.0,1457.75,1460.625,8184584.0
2024-08-13 09:15:00,NSE:RELIANCE,1460.75,1470.07495,1458.0,1463.625,6265064.0
2024-08-14 09:15:00,NSE:RELIANCE,1463.55005,1472.0,1453.69995,1461.85,6267466.0
2024-08-16 09:15:00,NSE:RELIANCE,1468.65,1480.4,1458.05005,1478.19995,9416902.0
2024-08-19 09:15:00,NSE:RELIANCE,1482.5,1498.30005,1480.5,1488.4,13797742.0
2024-08-20 09:15:00,NSE:RELIANCE,1497.225,1503.92505,1490.025,1495.94995,8411808.0
2024-08-21 09:15:00,NSE:RELIANCE,1493.25,1507.875,1490.0,1498.67505,7769996.0
2024-08-22 09:15:00,NSE:RELIANCE,1503.0,1506.5,1490.65,1498.125,10445782.0
2024-08-23 09:15:00,NSE:RELIANCE,1503.75,1511.32495,1498.42505,1499.975,9249654.0
2024-08-26 09:15:00,NSE:RELIANCE,1506.975,1523.0,1503.0,1512.6,8816114.0
2024-08-27 09:15:00,NSE:RELIANCE,1510.5,1513.475,1499.44995,1500.44995,6251156.0
2024-08-28 09:15:00,NSE:RELIANCE,1505.0,1507.475,1493.0,1498.30005,9610286.0
2024-08-29 09:15:00,NSE:RELIANCE,1503.1,1537.0,1494.0,1520.92505,38335358.0
2024-08-30 09:15:00,NSE:RELIANCE,1534.0,1539.725,1503.32495,1509.625,41620730.0
2024-09-02 09:15:00,NSE:RELIANCE,1510.875,1526.80005,1506.625,1516.25,11240852.0
2024-09-03 09:15:00,NSE:RELIANCE,1521.25,1523.0,1507.5,1509.125,10923800.0
2024-09-04 09:15:00,NSE:RELIANCE,1500.7,1517.5,1499.5,1514.55,11983304.0
2024-09-05 09:15:00,NSE:RELIANCE,1519.05005,1525.775,1487.05005,1492.975,16264168.0
2024-09-06 09:15:00,NSE:RELIANCE,1492.5,1497.0,1461.625,1464.82495,19394228.0
2024-09-09 09:15:00,NSE:RELIANCE,1466.5,1469.925,1455.6,1462.45,9010298.0
2024-09-10 09:15:00,NSE:RELIANCE,1460.5,1472.05,1457.575,1461.525,10768260.0
2024-09-11 09:15:00,NSE:RELIANCE,1463.05,1468.75,1447.55,1451.5,9760202.0
2024-09-12 09:15:00,NSE:RELIANCE,1457.0,1486.0,1445.875,1479.8,22349376.0
2024-09-13 09:15:00,NSE:RELIANCE,1476.4,1483.15,1469.5,1472.625,8711328.0
2024-09-16 09:15:00,NSE:RELIANCE,1477.55,1480.9,1464.75,1471.35,5481774.0
2024-09-17 09:15:00,NSE:RELIANCE,1474.0,1477.475,1466.625,1472.3,5935328.0
2024-09-18 09:15:00,NSE:RELIANCE,1470.0,1482.0,1460.55,1463.45,8574714.0
2024-09-19 09:15:00,NSE:RELIANCE,1466.25,1476.5,1455.55,1469.675,16955902.0
2024-09-20 09:15:00,NSE:RELIANCE,1474.0,1495.0,1471.375,1485.925,30897320.0
2024-09-23 09:15:00,NSE:RELIANCE,1491.0,1501.5,1488.95,1493.375,8832314.0
2024-09-24 09:15:00,NSE:RELIANCE,1488.5,1500.5,1487.875,1489.375,17137444.0
2024-09-25 09:15:00,NSE:RELIANCE,1483.9,1496.5,1480.2,1493.95,7069002.0
2024-09-26 09:15:00,NSE:RELIANCE,1490.65,1504.0,1488.05,1497.95,18818998.0
2024-09-27 09:15:00,NSE:RELIANCE,1499.0,1533.475,1492.0,1526.175,20597478.0
2024-09-30 09:15:00,NSE:RELIANCE,1519.4,1524.975,1474.4,1476.575,27008814.0
2024-10-01 09:15:00,NSE:RELIANCE,1480.65,1487.95,1462.825,1464.825,16431642.0
2024-10-03 09:15:00,NSE:RELIANCE,1436.575,1449.4,1402.075,1406.975,37757294.0
2024-10-04 09:15:00,NSE:RELIANCE,1403.925,1417.35,1381.775,1386.525,37072876.0
2024-10-07 09:15:00,NSE:RELIANCE,1393.5,1396.5,1361.375,1370.725,22181340.0
2024-10-08 09:15:00,NSE:RELIANCE,1372.975,1401.0,1365.1,1397.35,17020808.0
2024-10-09 09:15:00,NSE:RELIANCE,1397.525,1400.975,1372.5,1374.6,14310610.0
2024-10-10 09:15:00,NSE:RELIANCE,1380.025,1386.0,1369.425,1371.05,22358646.0
2024-10-11 09:15:00,NSE:RELIANCE,1370.0,1383.275,1368.825,1372.1,7980122.0
2024-10-14 09:15:00,NSE:RELIANCE,1379.45,1380.075,1368.25,1372.525,12221432.0
2024-10-15 09:15:00,NSE:RELIANCE,1358.525,1371.7,1340.7,1344.025,33762794.0
2024-10-16 09:15:00,NSE:RELIANCE,1340.0,1364.0,1337.625,1354.075,20034438.0
2024-10-17 09:15:00,NSE:RELIANCE,1365.7,1368.45,1352.05,1356.425,15543660.0
2024-10-18 09:15:00,NSE:RELIANCE,1352.175,1368.425,1341.325,1359.3,12082452.0
2024-10-21 09:15:00,NSE:RELIANCE,1367.125,1374.0,1357.725,1369.2,14067408.0
2024-10-22 09:15:00,NSE:RELIANCE,1369.2,1376.0,1340.225,1343.35,15831960.0
2024-10-23 09:15:00,NSE:RELIANCE,1337.5,1357.475,1335.0,1338.525,17214742.0
2024-10-24 09:15:00,NSE:RELIANCE,1335.275,1343.7,1323.125,1339.8,22155934.0
2024-10-25 09:15:00,NSE:RELIANCE,1343.5,1344.35,1322.0,1327.85,18597496.0
2024-10-28 09:15:00,NSE:RELIANCE,1337.0,1353.0,1322.1,1334.35,10824350.0
2024-10-29 09:15:00,NSE:RELIANCE,1328.1,1343.2,1320.3,1340.0,12008361.0
2024-10-30 09:15:00,NSE:RELIANCE,1335.0,1350.0,1325.35,1343.9,11984423.0
2024-10-31 09:15:00,NSE:RELIANCE,1340.0,1343.0,1326.15,1332.05,9331650.0
2024-11-01 18:00:00,NSE:RELIANCE,1333.05,1341.95,1333.0,1338.65,2127335.0
2024-11-04 09:15:00,NSE:RELIANCE,1337.85,1340.0,1285.1,1302.15,19796890.0
2024-11-05 09:15:00,NSE:RELIANCE,1293.0,1309.55,1286.15,1305.3,16267479.0
2024-11-06 09:15:00,NSE:RELIANCE,1310.0,1328.3,1300.2,1325.35,21625209.0
2024-11-07 09:15:00,NSE:RELIANCE,1324.0,1324.0,1302.6,1305.65,9611974.0
2024-11-08 09:15:00,NSE:RELIANCE,1297.65,1301.65,1275.0,1283.75,19814406.0
2024-11-11 09:15:00,NSE:RELIANCE,1278.95,1286.0,1267.0,1272.7,9056552.0
2024-11-12 09:15:00,NSE:RELIANCE,1275.55,1289.3,1267.5,1274.25,10671091.0
2024-11-13 09:15:00,NSE:RELIANCE,1270.25,1275.45,1249.5,1252.05,14633633.0
2024-11-14 09:15:00,NSE:RELIANCE,1253.6,1272.6,1251.1,1267.6,12612633.0
2024-11-18 09:15:00,NSE:RELIANCE,1267.6,1272.9,1243.9,1260.75,13620611.0
2024-11-19 09:15:00,NSE:RELIANCE,1260.75,1281.5,1235.15,1241.65,14183746.0
2024-11-21 09:15:00,NSE:RELIANCE,1241.65,1243.95,1217.25,1223.0,19433843.0
2024-11-22 09:15:00,NSE:RELIANCE,1229.4,1268.85,1222.45,1265.4,20471957.0
2024-11-25 09:15:00,NSE:RELIANCE,1290.0,1304.45,1282.45,1287.0,28923341.0
2024-11-26 09:15:00,NSE:RELIANCE,1294.95,1297.85,1284.2,1295.7,9247557.0
2024-11-27 09:15:00,NSE:RELIANCE,1293.5,1303.85,1286.0,1293.2,9572746.0
2024-11-28 09:15:00,NSE:RELIANCE,1289.95,1296.6,1269.05,1270.8,15027412.0
2024-11-29 09:15:00,NSE:RELIANCE,1280.0,1299.5,1275.25,1292.2,13202307.0
2024-12-02 09:15:00,NSE:RELIANCE,1288.0,1311.35,1277.05,1309.15,11024152.0
2024-12-03 09:15:00,NSE:RELIANCE,1317.0,1326.8,1307.0,1323.3,16869482.0
2024-12-04 09:15:00,NSE:RELIANCE,1326.0,1328.4,1304.05,1308.95,19608540.0
2024-12-05 09:15:00,NSE:RELIANCE,1314.35,1329.95,1306.15,1322.05,16858723.0
2024-12-06 09:15:00,NSE:RELIANCE,1323.9,1323.9,1310.0,1311.55,9037514.0
2024-12-09 09:15:00,NSE:RELIANCE,1303.0,1315.0,1293.1,1295.15,14650002.0
2024-12-10 09:15:00,NSE:RELIANCE,1289.25,1294.9,1280.2,1284.85,16043729.0
2024-12-11 09:15:00,NSE:RELIANCE,1285.0,1290.0,1276.05,1278.2,11724373.0
2024-12-12 09:15:00,NSE:RELIANCE,1270.0,1278.2,1260.6,1262.9,20906813.0
2024-12-13 09:15:00,NSE:RELIANCE,1260.0,1275.2,1239.6,1272.85,28630222.0
2024-12-16 09:15:00,NSE:RELIANCE,1275.0,1281.0,1266.55,1268.3,9486781.0
2024-12-17 09:15:00,NSE:RELIANCE,1261.05,1263.9,1242.8,1245.3,17462791.0
2024-12-18 09:15:00,NSE:RELIANCE,1240.65,1259.95,1240.65,1253.25,12670179.0
2024-12-19 09:15:00,NSE:RELIANCE,1239.0,1244.9,1229.0,1230.45,14244653.0
2024-12-20 09:15:00,NSE:RELIANCE,1224.0,1239.5,1201.5,1205.3,20312896.0
2024-12-23 09:15:00,NSE:RELIANCE,1215.0,1227.2,1213.2,1222.3,10052824.0
2024-12-24 09:15:00,NSE:RELIANCE,1222.3,1233.55,1221.0,1222.75,6734917.0
2024-12-26 09:15:00,NSE:RELIANCE,1224.25,1227.7,1214.25,1216.55,10016178.0
2024-12-27 09:15:00,NSE:RELIANCE,1218.3,1227.9,1217.0,1221.05,7000397.0
2024-12-30 09:15:00,NSE:RELIANCE,1216.4,1223.2,1208.1,1210.7,8818766.0
2024-12-31 09:15:00,NSE:RELIANCE,1208.0,1219.1,1206.15,1215.45,6405475.0
2025-01-01 09:15:00,NSE:RELIANCE,1214.85,1226.3,1211.6,1221.25,5892590.0
2025-01-02 09:15:00,NSE:RELIANCE,1221.25,1244.45,1220.0,1241.8,15486276.0
2025-01-03 09:15:00,NSE:RELIANCE,1243.9,1262.05,1235.5,1251.15,15521102.0
2025-01-06 09:15:00,NSE:RELIANCE,1253.95,1262.0,1215.0,1218.0,14816766.0
2025-01-07 09:15:00,NSE:RELIANCE,1222.0,1244.5,1221.25,1240.85,10070505.0
2025-01-08 09:15:00,NSE:RELIANCE,1249.0,1271.05,1245.35,1265.5,19346579.0
2025-01-09 09:15:00,NSE:RELIANCE,1267.0,1269.75,1248.05,1254.75,12794704.0
2025-01-10 09:15:00,NSE:RELIANCE,1253.85,1256.75,1236.0,1241.9,8120332.0
2025-01-13 09:15:00,NSE:RELIANCE,1230.0,1245.25,1226.4,1239.85,13764861.0
2025-01-14 09:15:00,NSE:RELIANCE,1244.1,1253.35,1227.25,1238.75,13095266.0
2025-01-15 09:15:00,NSE:RELIANCE,1244.95,1257.0,1241.85,1252.2,9578856.0
2025-01-16 09:15:00,NSE:RELIANCE,1258.9,1275.0,1251.3,1266.45,14117603.0
2025-01-17 09:15:00,NSE:RELIANCE,1322.25,1326.0,1285.0,1302.35,29366277.0
2025-01-20 09:15:00,NSE:RELIANCE,1316.0,1316.0,1300.25,1305.45,14040244.0
2025-01-21 09:15:00,NSE:RELIANCE,1310.5,1313.0,1270.2,1273.7,14562976.0
2025-01-22 09:15:00,NSE:RELIANCE,1278.3,1282.9,1268.7,1277.1,10273590.0
2025-01-23 09:15:00,NSE:RELIANCE,1270.0,1277.35,1261.6,1263.65,8720682.0
2025-01-24 09:15:00,NSE:RELIANCE,1266.0,1273.0,1243.5,1246.3,14235970.0
2025-01-27 09:15:00,NSE:RELIANCE,1239.1,1240.45,1220.0,1229.35,9536019.0
2025-01-28 09:15:00,NSE:RELIANCE,1238.0,1244.75,1218.5,1234.4,10568025.0
2025-01-29 09:15:00,NSE:RELIANCE,1236.0,1242.75,1228.05,1235.5,5928156.0
2025-01-30 09:15:00,NSE:RELIANCE,1235.55,1257.0,1232.4,1253.05,9269259.0
2025-01-31 09:15:00,NSE:RELIANCE,1255.85,1267.0,1249.0,1265.1,6584612.0
2025-02-01 09:15:00,NSE:RELIANCE,1265.1,1270.55,1241.0,1264.6,7118453.0
2025-02-03 09:15:00,NSE:RELIANCE,1251.0,1256.0,1237.55,1245.9,9252345.0
2025-02-04 09:15:00,NSE:RELIANCE,1248.05,1288.8,1246.6,1285.2,16691069.0
2025-02-05 09:15:00,NSE:RELIANCE,1282.65,1290.5,1276.7,1278.2,10112028.0
2025-02-06 09:15:00,NSE:RELIANCE,1273.7,1288.0,1270.35,1281.55,9956001.0
2025-02-07 09:15:00,NSE:RELIANCE,1276.15,1283.7,1262.0,1266.7,8764283.0
2025-02-10 09:15:00,NSE:RELIANCE,1264.5,1266.5,1245.55,1253.65,6970972.0
2025-02-11 09:15:00,NSE:RELIANCE,1264.55,1264.55,1230.1,1234.85,8859714.0
2025-02-12 09:15:00,NSE:RELIANCE,1219.45,1226.9,1193.35,1216.55,21131654.0
2025-02-13 09:15:00,NSE:RELIANCE,1217.05,1228.0,1212.0,1216.1,8511216.0
2025-02-14 09:15:00,NSE:RELIANCE,1219.0,1224.0,1205.45,1217.25,10298145.0
2025-02-17 09:15:00,NSE:RELIANCE,1211.1,1227.5,1204.5,1224.9,8166683.0
2025-02-18 09:15:00,NSE:RELIANCE,1224.85,1229.9,1216.1,1225.4,6673250.0
2025-02-19 09:15:00,NSE:RELIANCE,1219.5,1232.75,1217.55,1227.45,6217338.0
2025-02-20 09:15:00,NSE:RELIANCE,1223.95,1239.35,1222.0,1233.0,7795582.0
2025-02-21 09:15:00,NSE:RELIANCE,1228.7,1240.0,1222.15,1228.15,6904025.0
2025-02-24 09:15:00,NSE:RELIANCE,1216.55,1223.25,1210.5,1214.55,7172498.0
2025-02-25 09:15:00,NSE:RELIANCE,1211.0,1221.0,1201.5,1204.0,11552182.0
2025-02-27 09:15:00,NSE:RELIANCE,1212.8,1215.0,1200.65,1207.1,11509215.0
2025-02-28 09:15:00,NSE:RELIANCE,1202.0,1217.35,1193.3,1200.1,23007298.0
2025-03-03 09:15:00,NSE:RELIANCE,1204.0,1206.45,1156.0,1171.25,17944938.0
2025-03-04 09:15:00,NSE:RELIANCE,1162.2,1174.0,1159.55,1161.9,11377373.0
2025-03-05 09:15:00,NSE:RELIANCE,1161.0,1183.0,1157.0,1175.6,8664095.0
2025-03-06 09:15:00,NSE:RELIANCE,1197.0,1213.95,1185.15,1209.6,14468014.0
2025-03-07 09:15:00,NSE:RELIANCE,1216.0,1254.8,1212.0,1249.8,16474965.0
2025-03-10 09:15:00,NSE:RELIANCE,1245.0,1258.0,1235.4,1238.4,11931051.0
2025-03-11 09:15:00,NSE:RELIANCE,1240.0,1249.5,1229.75,1247.3,10089838.0
2025-03-12 09:15:00,NSE:RELIANCE,1258.0,1263.0,1244.0,1257.05,11977555.0
2025-03-13 09:15:00,NSE:RELIANCE,1260.05,1264.15,1243.85,1247.9,9505270.0
2025-03-17 09:15:00,NSE:RELIANCE,1242.15,1257.4,1233.1,1238.85,16640952.0
2025-03-18 09:15:00,NSE:RELIANCE,1244.7,1248.35,1235.0,1238.8,15745877.0
2025-03-19 09:15:00,NSE:RELIANCE,1241.05,1253.25,1238.8,1247.15,16162399.0
2025-03-20 09:15:00,NSE:RELIANCE,1251.85,1273.0,1250.05,1269.15,15971477.0
2025-03-21 09:15:00,NSE:RELIANCE,1275.0,1281.0,1270.1,1276.35,21780769.0
2025-03-24 09:15:00,NSE:RELIANCE,1291.0,1306.0,1284.25,1302.1,20299319.0
2025-03-25 09:15:00,NSE:RELIANCE,1307.7,1307.7,1282.6,1285.45,13713899.0
2025-03-26 09:15:00,NSE:RELIANCE,1291.0,1293.8,1268.75,1273.05,12074747.0
2025-03-27 09:15:00,NSE:RELIANCE,1278.15,1285.0,1271.3,1278.2,15028056.0
2025-03-28 09:15:00,NSE:RELIANCE,1280.0,1295.75,1269.0,1275.1,18147129.0
2025-04-01 09:15:00,NSE:RELIANCE,1264.6,1277.9,1249.3,1252.6,12099648.0
2025-04-02 09:15:00,NSE:RELIANCE,1247.55,1255.55,1243.9,1251.15,10142590.0
2025-04-03 09:15:00,NSE:RELIANCE,1233.05,1251.8,1233.05,1248.7,7434366.0
2025-04-04 09:15:00,NSE:RELIANCE,1241.1,1245.45,1193.15,1204.7,17908652.0
2025-04-07 09:15:00,NSE:RELIANCE,1132.2,1171.25,1114.85,1165.7,22156106.0
2025-04-08 09:15:00,NSE:RELIANCE,1172.0,1196.6,1163.3,1182.2,19555040.0
2025-04-09 09:15:00,NSE:RELIANCE,1169.5,1189.8,1168.0,1185.35,10223104.0
2025-04-11 09:15:00,NSE:RELIANCE,1195.15,1222.65,1195.15,1218.95,11224242.0
2025-04-15 09:15:00,NSE:RELIANCE,1251.0,1251.0,1237.1,1240.1,13378535.0
2025-04-16 09:15:00,NSE:RELIANCE,1234.1,1240.9,1229.0,1239.3,8248464.0
2025-04-17 09:15:00,NSE:RELIANCE,1240.2,1280.2,1227.6,1274.5,15398401.0
2025-04-21 09:15:00,NSE:RELIANCE,1270.0,1300.9,1267.0,1295.5,10429964.0
2025-04-22 09:15:00,NSE:RELIANCE,1300.0,1303.9,1286.3,1291.2,13051707.0
2025-04-23 09:15:00,NSE:RELIANCE,1297.0,1306.0,1285.4,1300.0,10480888.0
2025-04-24 09:15:00,NSE:RELIANCE,1292.4,1304.5,1290.3,1301.6,10468940.0
2025-04-25 09:15:00,NSE:RELIANCE,1303.5,1325.2,1288.1,1300.4,14431012.0
2025-04-28 09:15:00,NSE:RELIANCE,1340.0,1374.6,1320.2,1368.8,31104496.0
2025-04-29 09:15:00,NSE:RELIANCE,1371.0,1410.9,1370.0,1399.7,32538970.0
2025-04-30 09:15:00,NSE:RELIANCE,1402.0,1412.4,1369.0,1405.0,25480745.0
2025-05-02 09:15:00,NSE:RELIANCE,1414.0,1426.7,1409.1,1422.4,17535402.0
2025-05-05 09:15:00,NSE:RELIANCE,1431.0,1439.5,1426.9,1431.3,12685649.0
2025-05-06 09:15:00,NSE:RELIANCE,1431.0,1432.0,1410.6,1420.9,14084117.0
2025-05-07 09:15:00,NSE:RELIANCE,1420.9,1424.4,1402.7,1406.0,13440169.0
2025-05-08 09:15:00,NSE:RELIANCE,1404.1,1420.8,1398.0,1407.0,16106175.0
2025-05-09 09:15:00,NSE:RELIANCE,1385.5,1394.8,1374.5,1377.2,13668904.0
2025-05-12 09:15:00,NSE:RELIANCE,1400.0,1439.0,1400.0,1436.5,10674081.0
2025-05-13 09:15:00,NSE:RELIANCE,1433.5,1447.7,1412.4,1415.7,11407896.0
2025-05-14 09:15:00,NSE:RELIANCE,1420.0,1429.9,1415.5,1424.4,5570160.0
2025-05-15 09:15:00,NSE:RELIANCE,1425.0,1461.4,1412.7,1454.2,20177211.0
2025-05-16 09:15:00,NSE:RELIANCE,1453.2,1461.0,1447.3,1456.4,9036695.0
2025-05-19 09:15:00,NSE:RELIANCE,1452.1,1454.6,1438.2,1440.8,6195791.0
2025-05-20 09:15:00,NSE:RELIANCE,1438.2,1445.0,1421.8,1424.6,11270560.0
2025-05-21 09:15:00,NSE:RELIANCE,1423.9,1436.2,1418.1,1429.2,6136364.0
2025-05-22 09:15:00,NSE:RELIANCE,1421.2,1423.8,1396.9,1409.4,12134466.0
2025-05-23 09:15:00,NSE:RELIANCE,1406.6,1433.8,1406.6,1426.8,6474883.0
2025-05-26 09:15:00,NSE:RELIANCE,1432.0,1441.0,1425.1,1434.8,4842944.0
2025-05-27 09:15:00,NSE:RELIANCE,1426.1,1437.0,1413.9,1422.1,12640414.0
2025-05-28 09:15:00,NSE:RELIANCE,1420.1,1422.6,1410.7,1412.9,5944611.0
2025-05-29 09:15:00,NSE:RELIANCE,1412.1,1420.0,1408.6,1417.8,13771917.0
2025-05-30 09:15:00,NSE:RELIANCE,1418.0,1430.6,1409.7,1420.9,13788484.0
2025-06-02 09:15:00,NSE:RELIANCE,1412.1,1417.5,1395.6,1413.7,8098668.0
2025-06-03 09:15:00,NSE:RELIANCE,1422.3,1426.5,1403.4,1405.5,11252626.0
2025-06-04 09:15:00,NSE:RELIANCE,1414.7,1425.7,1406.1,1423.5,8126827.0
2025-06-05 09:15:00,NSE:RELIANCE,1428.0,1454.7,1423.6,1442.4,13716817.0
2025-06-06 09:15:00,NSE:RELIANCE,1441.0,1451.5,1437.0,1443.5,8182161.0
2025-06-09 09:15:00,NSE:RELIANCE,1457.0,1457.5,1445.3,1448.8,7885125.0
2025-06-10 09:15:00,NSE:RELIANCE,1450.0,1453.9,1436.0,1438.5,7913181.0
2025-06-11 09:15:00,NSE:RELIANCE,1445.8,1468.6,1443.1,1448.9,8195700.0
2025-06-12 09:15:00,NSE:RELIANCE,1453.5,1457.0,1434.4,1441.6,8828114.0
2025-06-13 09:15:00,NSE:RELIANCE,1424.0,1435.5,1414.3,1427.9,9757276.0
2025-06-16 09:15:00,NSE:RELIANCE,1426.9,1442.4,1424.4,1437.8,8458093.0
2025-06-17 09:15:00,NSE:RELIANCE,1448.0,1448.0,1425.8,1431.2,10366599.0
2025-06-18 09:15:00,NSE:RELIANCE,1430.0,1442.8,1425.7,1430.1,6681735.0
2025-06-19 09:15:00,NSE:RELIANCE,1430.1,1439.9,1425.7,1433.3,10007230.0
2025-06-20 09:15:00,NSE:RELIANCE,1431.0,1471.0,1428.1,1466.2,29010635.0
2025-06-23 09:15:00,NSE:RELIANCE,1453.0,1463.8,1442.0,1456.8,5989078.0
2025-06-24 09:15:00,NSE:RELIANCE,1465.0,1475.0,1443.1,1450.8,16402744.0
2025-06-25 09:15:00,NSE:RELIANCE,1464.0,1472.4,1460.5,1467.3,7525851.0
2025-06-26 09:15:00,NSE:RELIANCE,1469.1,1498.8,1465.1,1495.3,14657893.0
2025-06-27 09:15:00,NSE:RELIANCE,1499.4,1522.0,1496.9,1515.4,11117052.0
2025-06-30 09:15:00,NSE:RELIANCE,1513.8,1524.8,1506.5,1514.2,3038038.0
