datetime,symbol,open,high,low,close,volume
2017-10-03 09:15:00,NSE:SBILIFE,735.0,740.0,701.70001,707.54999,35367880.0
2017-10-04 09:15:00,NSE:SBILIFE,710.15002,710.75,699.0,703.65002,3613280.0
2017-10-05 09:15:00,NSE:SBILIFE,704.54999,704.54999,686.09998,694.54999,2680742.0
2017-10-06 09:15:00,NSE:SBILIFE,693.90002,702.0,689.0,696.75,1416485.0
2017-10-09 09:15:00,NSE:SBILIFE,694.09998,702.5,694.09998,698.65002,951473.0
2017-10-10 09:15:00,NSE:SBILIFE,698.34998,701.20001,695.54999,700.0,555002.0
2017-10-11 09:15:00,NSE:SBILIFE,700.0,703.0,686.0,689.90002,1077409.0
2017-10-12 09:15:00,NSE:SBILIFE,691.09998,694.0,685.0,687.70001,439314.0
2017-10-13 09:15:00,NSE:SBILIFE,688.95001,695.04999,680.0,689.70001,1344510.0
2017-10-16 09:15:00,NSE:SBILIFE,686.0,689.45001,669.0,670.09998,971834.0
2017-10-17 09:15:00,NSE:SBILIFE,670.5,674.0,669.0,673.04999,664335.0
2017-10-18 09:15:00,NSE:SBILIFE,671.0,672.84998,664.15002,668.40002,415712.0
2017-10-19 09:15:00,NSE:SBILIFE,666.09998,678.25,666.09998,675.09998,93358.0
2017-10-23 09:15:00,NSE:SBILIFE,670.0,673.79999,665.0,665.79999,292330.0
2017-10-24 09:15:00,NSE:SBILIFE,663.79999,671.45001,663.0,665.84998,350373.0
2017-10-25 09:15:00,NSE:SBILIFE,667.0,673.45001,658.09998,669.90002,583868.0
2017-10-26 09:15:00,NSE:SBILIFE,669.90002,669.90002,660.5,666.84998,242175.0
2017-10-27 09:15:00,NSE:SBILIFE,663.20001,666.04999,659.0,662.20001,396395.0
2017-10-30 09:15:00,NSE:SBILIFE,665.0,665.0,649.90002,655.0,1164020.0
2017-10-31 09:15:00,NSE:SBILIFE,655.79999,669.0,655.79999,662.09998,1402840.0
2017-11-01 09:15:00,NSE:SBILIFE,664.0,664.84998,642.25,647.04999,859011.0
2017-11-02 09:15:00,NSE:SBILIFE,647.04999,653.59998,641.20001,642.75,574130.0
2017-11-03 09:15:00,NSE:SBILIFE,643.04999,653.5,641.09998,642.25,672547.0
2017-11-06 09:15:00,NSE:SBILIFE,642.65002,659.90002,642.65002,656.75,483071.0
2017-11-07 09:15:00,NSE:SBILIFE,659.0,659.0,639.54999,642.34998,763293.0
2017-11-08 09:15:00,NSE:SBILIFE,649.0,649.0,629.0,631.59998,843603.0
2017-11-09 09:15:00,NSE:SBILIFE,633.0,670.40002,633.0,657.95001,356798.0
2017-11-10 09:15:00,NSE:SBILIFE,655.09998,679.20001,655.09998,676.54999,784443.0
2017-11-13 09:15:00,NSE:SBILIFE,665.0,680.79999,663.0,665.0,192279.0
2017-11-14 09:15:00,NSE:SBILIFE,655.20001,667.75,654.0,660.0,350594.0
2017-11-15 09:15:00,NSE:SBILIFE,650.09998,660.04999,644.40002,649.34998,269314.0
2017-11-16 09:15:00,NSE:SBILIFE,648.59998,659.20001,642.79999,649.90002,261879.0
2017-11-17 09:15:00,NSE:SBILIFE,653.0,663.70001,645.09998,659.54999,3200674.0
2017-11-20 09:15:00,NSE:SBILIFE,657.29999,665.0,656.5,661.45001,712433.0
2017-11-21 09:15:00,NSE:SBILIFE,660.0,696.40002,660.0,687.45001,2077453.0
2017-11-22 09:15:00,NSE:SBILIFE,689.0,698.95001,681.15002,693.15002,669175.0
2017-11-23 09:15:00,NSE:SBILIFE,689.0,689.0,664.0,666.29999,827451.0
2017-11-24 09:15:00,NSE:SBILIFE,668.0,670.45001,655.0,655.70001,599114.0
2017-11-27 09:15:00,NSE:SBILIFE,655.54999,662.70001,651.84998,653.70001,239417.0
2017-11-28 09:15:00,NSE:SBILIFE,653.0,666.95001,652.0,653.45001,269211.0
2017-11-29 09:15:00,NSE:SBILIFE,654.04999,658.40002,650.79999,656.20001,258606.0
2017-11-30 09:15:00,NSE:SBILIFE,665.95001,665.95001,653.84998,654.90002,316178.0
2017-12-01 09:15:00,NSE:SBILIFE,658.0,658.0,652.25,655.90002,86648.0
2017-12-04 09:15:00,NSE:SBILIFE,660.0,665.79999,653.04999,661.75,162592.0
2017-12-05 09:15:00,NSE:SBILIFE,660.0,662.15002,653.54999,659.09998,125688.0
2017-12-06 09:15:00,NSE:SBILIFE,654.04999,660.0,654.04999,656.09998,210799.0
2017-12-07 09:15:00,NSE:SBILIFE,655.09998,670.0,651.0,668.40002,279051.0
2017-12-08 09:15:00,NSE:SBILIFE,664.04999,689.90002,664.04999,685.70001,480717.0
2017-12-11 09:15:00,NSE:SBILIFE,680.0,682.75,671.04999,674.75,122163.0
2017-12-12 09:15:00,NSE:SBILIFE,671.04999,682.0,671.0,676.04999,121938.0
2017-12-13 09:15:00,NSE:SBILIFE,671.04999,682.0,657.0,675.34998,260250.0
2017-12-14 09:15:00,NSE:SBILIFE,675.09998,683.0,673.29999,679.90002,444539.0
2017-12-15 09:15:00,NSE:SBILIFE,680.5,691.0,678.0,689.0,351667.0
2017-12-18 09:15:00,NSE:SBILIFE,681.45001,694.0,665.0,692.15002,259324.0
2017-12-19 09:15:00,NSE:SBILIFE,688.09998,699.90002,688.09998,697.29999,343970.0
2017-12-20 09:15:00,NSE:SBILIFE,692.15002,703.75,692.15002,697.15002,531872.0
2017-12-21 09:15:00,NSE:SBILIFE,693.29999,704.40002,693.29999,701.79999,259491.0
2017-12-22 09:15:00,NSE:SBILIFE,694.0,703.90002,694.0,702.84998,390144.0
2017-12-26 09:15:00,NSE:SBILIFE,702.75,707.79999,697.20001,701.70001,272983.0
2017-12-27 09:15:00,NSE:SBILIFE,700.0,702.0,695.09998,700.45001,163978.0
2017-12-28 09:15:00,NSE:SBILIFE,697.0,703.0,690.54999,698.90002,269410.0
2017-12-29 09:15:00,NSE:SBILIFE,695.45001,705.40002,693.0,695.34998,667407.0
2018-01-01 09:15:00,NSE:SBILIFE,694.0,703.0,694.0,699.5,174646.0
2018-01-02 09:15:00,NSE:SBILIFE,699.5,700.15002,680.09998,685.09998,342012.0
2018-01-03 09:15:00,NSE:SBILIFE,685.04999,695.0,680.25,690.5,125483.0
2018-01-04 09:15:00,NSE:SBILIFE,694.59998,702.20001,690.0,701.59998,411800.0
2018-01-05 09:15:00,NSE:SBILIFE,700.0,704.90002,699.0,701.95001,195946.0
2018-01-08 09:15:00,NSE:SBILIFE,692.0,706.90002,692.0,704.15002,310252.0
2018-01-09 09:15:00,NSE:SBILIFE,700.15002,719.95001,700.15002,717.25,605429.0
2018-01-10 09:15:00,NSE:SBILIFE,714.84998,715.0,706.09998,711.59998,297500.0
2018-01-11 09:15:00,NSE:SBILIFE,707.0,714.70001,699.0,703.79999,113144.0
2018-01-12 09:15:00,NSE:SBILIFE,703.79999,709.0,700.0,701.75,93456.0
2018-01-15 09:15:00,NSE:SBILIFE,701.5,724.59998,701.5,716.75,764541.0
2018-01-16 09:15:00,NSE:SBILIFE,716.0,716.0,696.0,700.84998,338329.0
2018-01-17 09:15:00,NSE:SBILIFE,696.0,714.79999,691.65002,705.25,232397.0
2018-01-18 09:15:00,NSE:SBILIFE,706.59998,712.0,700.09998,707.79999,323715.0
2018-01-19 09:15:00,NSE:SBILIFE,705.04999,713.95001,701.45001,711.5,293534.0
2018-01-22 09:15:00,NSE:SBILIFE,704.09998,717.0,701.84998,714.65002,464739.0
2018-01-23 09:15:00,NSE:SBILIFE,710.0,722.0,710.0,716.90002,399677.0
2018-01-24 09:15:00,NSE:SBILIFE,711.20001,714.29999,698.0,702.59998,200051.0
2018-01-25 09:15:00,NSE:SBILIFE,702.5,707.0,661.15002,682.04999,424803.0
2018-01-29 09:15:00,NSE:SBILIFE,682.0,689.45001,680.0,681.84998,143914.0
2018-01-30 09:15:00,NSE:SBILIFE,681.70001,681.70001,663.29999,667.90002,339031.0
2018-01-31 09:15:00,NSE:SBILIFE,670.0,681.5,653.75,660.65002,324432.0
2018-02-01 09:15:00,NSE:SBILIFE,665.0,722.0,660.5,708.70001,1539000.0
2018-02-02 09:15:00,NSE:SBILIFE,708.40002,733.25,691.09998,718.29999,1772440.0
2018-02-05 09:15:00,NSE:SBILIFE,716.45001,716.45001,690.0,695.04999,352909.0
2018-02-06 09:15:00,NSE:SBILIFE,670.0,705.0,665.0,695.25,399206.0
2018-02-07 09:15:00,NSE:SBILIFE,700.04999,715.0,700.04999,713.70001,315230.0
2018-02-08 09:15:00,NSE:SBILIFE,717.09998,720.0,711.04999,715.0,159852.0
2018-02-09 09:15:00,NSE:SBILIFE,700.0,717.65002,699.0,709.90002,159318.0
2018-02-12 09:15:00,NSE:SBILIFE,709.0,718.0,681.5,685.79999,689547.0
2018-02-14 09:15:00,NSE:SBILIFE,689.0,695.0,679.5,682.25,312807.0
2018-02-15 09:15:00,NSE:SBILIFE,685.0,695.0,673.20001,682.40002,282049.0
2018-02-16 09:15:00,NSE:SBILIFE,688.0,694.54999,685.65002,689.25,226925.0
2018-02-19 09:15:00,NSE:SBILIFE,700.0,705.0,678.59998,685.25,423633.0
2018-02-20 09:15:00,NSE:SBILIFE,687.0,690.0,670.0,674.65002,172882.0
2018-02-21 09:15:00,NSE:SBILIFE,680.0,682.95001,662.45001,675.5,428939.0
2018-02-22 09:15:00,NSE:SBILIFE,675.0,675.40002,664.0,666.20001,235890.0
2018-02-23 09:15:00,NSE:SBILIFE,670.0,679.75,666.15002,675.70001,288608.0
2018-02-26 09:15:00,NSE:SBILIFE,680.0,689.75,674.25,682.20001,271771.0
2018-02-27 09:15:00,NSE:SBILIFE,681.5,690.79999,676.0,689.45001,219932.0
2018-02-28 09:15:00,NSE:SBILIFE,689.40002,698.70001,682.09998,694.5,360647.0
2018-03-01 09:15:00,NSE:SBILIFE,695.90002,696.0,686.0,690.0,272512.0
2018-03-05 09:15:00,NSE:SBILIFE,689.0,689.0,666.0,672.54999,301455.0
2018-03-06 09:15:00,NSE:SBILIFE,678.0,682.09998,651.0,655.04999,245988.0
2018-03-07 09:15:00,NSE:SBILIFE,657.0,659.95001,650.04999,652.59998,192215.0
2018-03-08 09:15:00,NSE:SBILIFE,653.59998,659.45001,647.0,653.29999,113706.0
2018-03-09 09:15:00,NSE:SBILIFE,657.5,674.40002,650.54999,670.29999,483527.0
2018-03-12 09:15:00,NSE:SBILIFE,670.20001,689.90002,668.79999,678.54999,163349.0
2018-03-13 09:15:00,NSE:SBILIFE,677.0,685.0,672.0,677.5,73256.0
2018-03-14 09:15:00,NSE:SBILIFE,673.0,683.5,667.5,674.15002,305570.0
2018-03-15 09:15:00,NSE:SBILIFE,672.5,676.75,671.04999,675.0,140732.0
2018-03-16 09:15:00,NSE:SBILIFE,675.0,677.34998,666.0,668.45001,150189.0
2018-03-19 09:15:00,NSE:SBILIFE,666.45001,681.79999,666.45001,674.09998,138766.0
2018-03-20 09:15:00,NSE:SBILIFE,669.0,688.5,668.40002,686.59998,167488.0
2018-03-21 09:15:00,NSE:SBILIFE,686.09998,691.0,670.54999,672.90002,395902.0
2018-03-22 09:15:00,NSE:SBILIFE,675.0,679.0,662.04999,664.90002,147381.0
2018-03-23 09:15:00,NSE:SBILIFE,660.04999,673.90002,658.0,664.5,225060.0
2018-03-26 09:15:00,NSE:SBILIFE,660.15002,669.45001,659.0,663.09998,186540.0
2018-03-27 09:15:00,NSE:SBILIFE,667.0,680.79999,666.04999,672.95001,369173.0
2018-03-28 09:15:00,NSE:SBILIFE,668.95001,711.0,664.0,678.25,446572.0
2018-04-02 09:15:00,NSE:SBILIFE,681.0,695.0,681.0,683.90002,263227.0
2018-04-03 09:15:00,NSE:SBILIFE,686.0,686.0,675.0,680.0,783770.0
2018-04-04 09:15:00,NSE:SBILIFE,681.04999,690.95001,677.09998,679.95001,520436.0
2018-04-05 09:15:00,NSE:SBILIFE,680.5,687.65002,674.15002,675.0,514819.0
2018-04-06 09:15:00,NSE:SBILIFE,679.65002,685.0,674.0,679.65002,667025.0
2018-04-09 09:15:00,NSE:SBILIFE,675.54999,685.0,675.0,678.70001,886583.0
2018-04-10 09:15:00,NSE:SBILIFE,678.0,699.95001,678.0,695.70001,955511.0
2018-04-11 09:15:00,NSE:SBILIFE,691.0,720.0,691.0,719.0,715637.0
2018-04-12 09:15:00,NSE:SBILIFE,713.54999,724.70001,712.0,719.04999,665026.0
2018-04-13 09:15:00,NSE:SBILIFE,714.0,720.0,706.34998,711.65002,681889.0
2018-04-16 09:15:00,NSE:SBILIFE,702.0,712.5,702.0,708.90002,389870.0
2018-04-17 09:15:00,NSE:SBILIFE,710.0,723.0,708.20001,721.40002,307669.0
2018-04-18 09:15:00,NSE:SBILIFE,715.90002,724.5,713.04999,721.34998,241773.0
2018-04-19 09:15:00,NSE:SBILIFE,716.04999,724.95001,713.90002,722.90002,228583.0
2018-04-20 09:15:00,NSE:SBILIFE,718.0,721.95001,710.09998,716.15002,114992.0
2018-04-23 09:15:00,NSE:SBILIFE,712.09998,725.0,712.09998,716.95001,523622.0
2018-04-24 09:15:00,NSE:SBILIFE,717.0,755.0,714.95001,746.0,1182526.0
2018-04-25 09:15:00,NSE:SBILIFE,749.90002,768.79999,746.04999,766.09998,1763048.0
2018-04-26 09:15:00,NSE:SBILIFE,767.0,771.04999,742.65002,762.79999,1352072.0
2018-04-27 09:15:00,NSE:SBILIFE,750.0,774.59998,745.0,758.84998,700854.0
2018-04-30 09:15:00,NSE:SBILIFE,756.0,762.84998,732.0,743.09998,448784.0
2018-05-02 09:15:00,NSE:SBILIFE,736.5,757.65002,736.5,746.54999,514382.0
2018-05-03 09:15:00,NSE:SBILIFE,746.54999,752.04999,716.25,732.0,259083.0
2018-05-04 09:15:00,NSE:SBILIFE,725.0,728.95001,700.09998,702.09998,405214.0
2018-05-07 09:15:00,NSE:SBILIFE,704.0,714.59998,696.29999,703.59998,291749.0
2018-05-08 09:15:00,NSE:SBILIFE,708.90002,708.90002,692.25,702.45001,256284.0
2018-05-09 09:15:00,NSE:SBILIFE,704.90002,709.0,691.0,699.95001,1771037.0
2018-05-10 09:15:00,NSE:SBILIFE,702.90002,719.0,693.0,713.75,589720.0
2018-05-11 09:15:00,NSE:SBILIFE,711.04999,715.90002,696.04999,698.29999,402458.0
2018-05-14 09:15:00,NSE:SBILIFE,702.0,704.54999,688.0,691.15002,226655.0
2018-05-15 09:15:00,NSE:SBILIFE,690.0,699.0,672.20001,678.90002,579274.0
2018-05-16 09:15:00,NSE:SBILIFE,674.0,683.0,665.04999,667.65002,632333.0
2018-05-17 09:15:00,NSE:SBILIFE,670.09998,679.70001,665.5,669.70001,203078.0
2018-05-18 09:15:00,NSE:SBILIFE,669.0,673.70001,663.04999,665.20001,224549.0
2018-05-21 09:15:00,NSE:SBILIFE,663.0,706.70001,647.0,655.20001,297261.0
2018-05-22 09:15:00,NSE:SBILIFE,656.0,670.0,655.90002,659.95001,403662.0
2018-05-23 09:15:00,NSE:SBILIFE,664.79999,684.0,659.29999,679.04999,355517.0
2018-05-24 09:15:00,NSE:SBILIFE,673.65002,686.84998,671.59998,678.29999,75038.0
2018-05-25 09:15:00,NSE:SBILIFE,675.0,688.0,673.04999,683.84998,91418.0
2018-05-28 09:15:00,NSE:SBILIFE,681.75,698.34998,679.90002,685.34998,824327.0
2018-05-29 09:15:00,NSE:SBILIFE,680.40002,702.5,680.0,695.29999,1042346.0
2018-05-30 09:15:00,NSE:SBILIFE,694.5,698.79999,685.09998,694.29999,209019.0
2018-05-31 09:15:00,NSE:SBILIFE,690.34998,698.25,670.54999,689.79999,205322.0
2018-06-01 09:15:00,NSE:SBILIFE,688.90002,692.65002,673.65002,676.0,250207.0
2018-06-04 09:15:00,NSE:SBILIFE,676.20001,680.0,658.5,660.04999,635824.0
2018-06-05 09:15:00,NSE:SBILIFE,660.04999,672.79999,660.0,665.0,189718.0
2018-06-06 09:15:00,NSE:SBILIFE,669.0,686.40002,662.0,683.09998,174179.0
2018-06-07 09:15:00,NSE:SBILIFE,689.95001,697.0,681.09998,692.0,339268.0
2018-06-08 09:15:00,NSE:SBILIFE,685.5,696.90002,681.54999,692.34998,231427.0
2018-06-11 09:15:00,NSE:SBILIFE,688.5,714.0,688.20001,712.5,872476.0
2018-06-12 09:15:00,NSE:SBILIFE,708.20001,729.90002,708.20001,719.90002,678290.0
2018-06-13 09:15:00,NSE:SBILIFE,715.70001,729.90002,700.0,702.25,584484.0
2018-06-14 09:15:00,NSE:SBILIFE,701.95001,701.95001,686.0,689.90002,463811.0
2018-06-15 09:15:00,NSE:SBILIFE,685.34998,689.09998,668.09998,671.79999,4172714.0
2018-06-18 09:15:00,NSE:SBILIFE,676.70001,684.04999,670.0,671.84998,159457.0
2018-06-19 09:15:00,NSE:SBILIFE,667.0,680.0,667.0,673.45001,382091.0
2018-06-20 09:15:00,NSE:SBILIFE,673.45001,686.0,673.45001,676.20001,294569.0
2018-06-21 09:15:00,NSE:SBILIFE,676.20001,685.75,675.0,675.45001,192773.0
2018-06-22 09:15:00,NSE:SBILIFE,678.79999,692.5,678.79999,685.20001,159149.0
2018-06-25 09:15:00,NSE:SBILIFE,686.0,698.90002,677.70001,689.75,173207.0
2018-06-26 09:15:00,NSE:SBILIFE,689.75,694.34998,678.40002,684.70001,141038.0
2018-06-27 09:15:00,NSE:SBILIFE,681.54999,688.84998,674.5,677.75,216975.0
2018-06-28 09:15:00,NSE:SBILIFE,681.09998,681.09998,658.04999,666.40002,255422.0
2018-06-29 09:15:00,NSE:SBILIFE,666.0,685.0,666.0,674.34998,162407.0
2018-07-02 09:15:00,NSE:SBILIFE,675.29999,683.84998,660.84998,669.40002,125314.0
2018-07-03 09:15:00,NSE:SBILIFE,670.5,674.40002,665.65002,670.25,84524.0
2018-07-04 09:15:00,NSE:SBILIFE,668.0,672.0,661.40002,664.04999,133985.0
2018-07-05 09:15:00,NSE:SBILIFE,670.0,670.5,663.0,665.09998,134614.0
2018-07-06 09:15:00,NSE:SBILIFE,669.79999,670.0,664.25,668.04999,166887.0
2018-07-09 09:15:00,NSE:SBILIFE,665.0,670.0,660.75,664.84998,134065.0
2018-07-10 09:15:00,NSE:SBILIFE,669.70001,669.70001,660.0,661.34998,330679.0
2018-07-11 09:15:00,NSE:SBILIFE,659.95001,664.04999,659.95001,662.09998,294280.0
2018-07-12 09:15:00,NSE:SBILIFE,664.25,667.34998,661.40002,664.70001,138269.0
2018-07-13 09:15:00,NSE:SBILIFE,662.0,665.0,659.0,661.04999,98347.0
2018-07-16 09:15:00,NSE:SBILIFE,661.09998,661.54999,655.0,656.20001,55711.0
2018-07-17 09:15:00,NSE:SBILIFE,655.20001,666.0,654.5,664.54999,56942.0
2018-07-18 09:15:00,NSE:SBILIFE,667.0,668.0,640.0,649.20001,273188.0
2018-07-19 09:15:00,NSE:SBILIFE,650.0,656.95001,631.0,633.75,190097.0
2018-07-20 09:15:00,NSE:SBILIFE,632.0,638.0,628.0,633.04999,295830.0
2018-07-23 09:15:00,NSE:SBILIFE,633.5,657.20001,630.0,652.75,128365.0
2018-07-24 09:15:00,NSE:SBILIFE,652.5,658.15002,647.40002,654.65002,98615.0
2018-07-25 09:15:00,NSE:SBILIFE,655.70001,664.79999,651.09998,659.75,309730.0
2018-07-26 09:15:00,NSE:SBILIFE,663.0,682.0,658.25,673.20001,349706.0
2018-07-27 09:15:00,NSE:SBILIFE,684.79999,697.70001,672.65002,694.04999,378854.0
2018-07-30 09:15:00,NSE:SBILIFE,694.04999,703.54999,684.5,689.34998,111734.0
2018-07-31 09:15:00,NSE:SBILIFE,683.20001,711.70001,682.54999,686.0,300404.0
2018-08-01 09:15:00,NSE:SBILIFE,691.09998,708.25,686.95001,695.34998,141857.0
2018-08-02 09:15:00,NSE:SBILIFE,691.20001,705.0,685.54999,695.20001,156616.0
2018-08-03 09:15:00,NSE:SBILIFE,704.0,704.0,686.0,689.79999,86846.0
2018-08-06 09:15:00,NSE:SBILIFE,691.0,697.40002,680.09998,686.59998,137689.0
2018-08-07 09:15:00,NSE:SBILIFE,695.79999,695.79999,683.0,686.09998,186264.0
2018-08-08 09:15:00,NSE:SBILIFE,686.09998,689.04999,673.75,677.20001,86449.0
2018-08-09 09:15:00,NSE:SBILIFE,684.40002,684.40002,669.0,673.40002,136388.0
2018-08-10 09:15:00,NSE:SBILIFE,675.0,675.95001,644.0,649.90002,357324.0
2018-08-13 09:15:00,NSE:SBILIFE,653.0,661.54999,651.0,653.70001,227848.0
2018-08-14 09:15:00,NSE:SBILIFE,655.0,662.0,653.75,658.84998,40999.0
2018-08-16 09:15:00,NSE:SBILIFE,661.0,663.34998,646.15002,648.54999,310896.0
2018-08-17 09:15:00,NSE:SBILIFE,653.75,658.70001,652.04999,654.95001,151040.0
2018-08-20 09:15:00,NSE:SBILIFE,661.0,674.0,660.04999,672.54999,171665.0
2018-08-21 09:15:00,NSE:SBILIFE,672.59998,684.0,663.59998,670.09998,118889.0
2018-08-23 09:15:00,NSE:SBILIFE,675.09998,675.09998,667.04999,670.04999,77770.0
2018-08-24 09:15:00,NSE:SBILIFE,666.59998,673.59998,660.09998,660.84998,136148.0
2018-08-27 09:15:00,NSE:SBILIFE,665.0,670.0,657.0,660.40002,105281.0
2018-08-28 09:15:00,NSE:SBILIFE,660.0,663.40002,654.0,658.25,164292.0
2018-08-29 09:15:00,NSE:SBILIFE,660.0,673.5,658.25,669.29999,215118.0
2018-08-30 09:15:00,NSE:SBILIFE,672.84998,674.79999,650.54999,664.20001,325212.0
2018-08-31 09:15:00,NSE:SBILIFE,664.15002,678.0,659.20001,672.40002,121399.0
2018-09-03 09:15:00,NSE:SBILIFE,668.59998,675.0,665.0,666.95001,88542.0
2018-09-04 09:15:00,NSE:SBILIFE,671.40002,675.0,663.04999,664.84998,82766.0
2018-09-05 09:15:00,NSE:SBILIFE,660.04999,672.45001,660.04999,669.40002,169872.0
2018-09-06 09:15:00,NSE:SBILIFE,669.40002,681.90002,666.45001,679.04999,139910.0
2018-09-07 09:15:00,NSE:SBILIFE,680.5,685.0,671.09998,676.09998,1353205.0
2018-09-10 09:15:00,NSE:SBILIFE,671.20001,686.84998,671.20001,676.0,125634.0
2018-09-11 09:15:00,NSE:SBILIFE,674.04999,682.0,671.40002,676.59998,391766.0
2018-09-12 09:15:00,NSE:SBILIFE,673.40002,675.84998,663.0,673.29999,232965.0
2018-09-14 09:15:00,NSE:SBILIFE,671.25,678.0,666.29999,670.04999,717060.0
2018-09-17 09:15:00,NSE:SBILIFE,664.65002,668.59998,633.0,642.65002,1979234.0
2018-09-18 09:15:00,NSE:SBILIFE,642.0,642.0,619.90002,623.0,350633.0
2018-09-19 09:15:00,NSE:SBILIFE,623.34998,635.0,610.0,612.45001,208275.0
2018-09-21 09:15:00,NSE:SBILIFE,616.0,629.70001,589.5,613.34998,1139496.0
2018-09-24 09:15:00,NSE:SBILIFE,610.0,610.0,582.0,586.90002,287803.0
2018-09-25 09:15:00,NSE:SBILIFE,575.0,582.0,555.0,566.04999,367015.0
2018-09-26 09:15:00,NSE:SBILIFE,574.95001,590.0,571.34998,577.25,141456.0
2018-09-27 09:15:00,NSE:SBILIFE,581.54999,581.54999,546.0,551.79999,615329.0
2018-09-28 09:15:00,NSE:SBILIFE,560.0,560.0,508.0,511.60001,527415.0
2018-10-01 09:15:00,NSE:SBILIFE,512.0,533.0,485.0,521.34998,568704.0
2018-10-03 09:15:00,NSE:SBILIFE,525.0,554.5,521.34998,542.04999,1232831.0
2018-10-04 09:15:00,NSE:SBILIFE,542.29999,584.0,535.0,565.40002,1801469.0
2018-10-05 09:15:00,NSE:SBILIFE,567.59998,580.70001,540.04999,558.29999,874787.0
2018-10-08 09:15:00,NSE:SBILIFE,565.0,566.5,533.09998,549.45001,237685.0
2018-10-09 09:15:00,NSE:SBILIFE,553.84998,564.40002,540.04999,540.29999,205413.0
2018-10-10 09:15:00,NSE:SBILIFE,540.0,595.0,535.95001,561.04999,152186.0
2018-10-11 09:15:00,NSE:SBILIFE,560.0,560.0,532.0,540.84998,223216.0
2018-10-12 09:15:00,NSE:SBILIFE,550.0,554.79999,540.5,552.5,213930.0
2018-10-15 09:15:00,NSE:SBILIFE,556.0,556.0,535.0,538.70001,266017.0
2018-10-16 09:15:00,NSE:SBILIFE,542.20001,549.54999,538.70001,546.59998,505786.0
2018-10-17 09:15:00,NSE:SBILIFE,551.0,567.0,549.0,559.95001,379784.0
2018-10-19 09:15:00,NSE:SBILIFE,558.0,581.84998,555.25,564.15002,1287121.0
2018-10-22 09:15:00,NSE:SBILIFE,574.0,578.0,553.04999,557.84998,1008814.0
2018-10-23 09:15:00,NSE:SBILIFE,547.20001,586.04999,545.09998,579.45001,719595.0
2018-10-24 09:15:00,NSE:SBILIFE,586.0,599.79999,558.25,563.75,226896.0
2018-10-25 09:15:00,NSE:SBILIFE,563.54999,569.0,556.84998,563.40002,112717.0
2018-10-26 09:15:00,NSE:SBILIFE,563.04999,578.0,552.0,570.40002,587007.0
2018-10-29 09:15:00,NSE:SBILIFE,568.04999,585.0,566.04999,578.90002,398793.0
2018-10-30 09:15:00,NSE:SBILIFE,580.0,580.0,556.15002,558.90002,158937.0
2018-10-31 09:15:00,NSE:SBILIFE,558.5,567.0,547.04999,560.40002,96124.0
2018-11-01 09:15:00,NSE:SBILIFE,558.0,569.0,557.5,563.79999,109226.0
2018-11-02 09:15:00,NSE:SBILIFE,561.20001,571.95001,560.25,563.29999,151367.0
2018-11-05 09:15:00,NSE:SBILIFE,558.0,580.0,558.0,577.90002,140781.0
2018-11-06 09:15:00,NSE:SBILIFE,573.59998,590.90002,573.59998,579.65002,259120.0
2018-11-07 09:15:00,NSE:SBILIFE,589.0,589.0,575.75,577.75,34093.0
2018-11-09 09:15:00,NSE:SBILIFE,580.0,588.79999,571.09998,574.84998,531454.0
2018-11-12 09:15:00,NSE:SBILIFE,572.0,582.75,570.45001,575.04999,359942.0
2018-11-13 09:15:00,NSE:SBILIFE,571.29999,575.65002,560.84998,572.15002,110885.0
2018-11-14 09:15:00,NSE:SBILIFE,576.0,585.0,572.04999,583.0,431328.0
2018-11-15 09:15:00,NSE:SBILIFE,584.0,584.0,576.54999,579.04999,156975.0
2018-11-16 09:15:00,NSE:SBILIFE,581.90002,581.90002,567.0,577.29999,64388.0
2018-11-19 09:15:00,NSE:SBILIFE,583.90002,583.90002,566.09998,568.75,438124.0
2018-11-20 09:15:00,NSE:SBILIFE,572.0,572.0,562.0,565.54999,282576.0
2018-11-21 09:15:00,NSE:SBILIFE,566.04999,570.25,558.09998,560.20001,215124.0
2018-11-22 09:15:00,NSE:SBILIFE,560.0,579.5,560.0,572.70001,588100.0
2018-11-26 09:15:00,NSE:SBILIFE,566.34998,574.95001,560.09998,568.20001,53829.0
2018-11-27 09:15:00,NSE:SBILIFE,567.0,574.0,563.25,570.5,52652.0
2018-11-28 09:15:00,NSE:SBILIFE,568.0,584.0,566.0,568.95001,120739.0
2018-11-29 09:15:00,NSE:SBILIFE,572.5,574.5,565.0,571.65002,150064.0
2018-11-30 09:15:00,NSE:SBILIFE,571.65002,577.70001,569.09998,571.40002,40722.0
2018-12-03 09:15:00,NSE:SBILIFE,565.20001,572.0,562.0,569.34998,63727.0
2018-12-04 09:15:00,NSE:SBILIFE,569.0,578.0,565.15002,569.84998,288155.0
2018-12-05 09:15:00,NSE:SBILIFE,565.0,575.0,565.0,572.79999,85850.0
2018-12-06 09:15:00,NSE:SBILIFE,573.0,578.0,563.0,567.79999,76272.0
2018-12-07 09:15:00,NSE:SBILIFE,568.0,571.90002,559.34998,562.54999,103784.0
2018-12-10 09:15:00,NSE:SBILIFE,558.0,570.0,555.0,562.45001,114905.0
2018-12-11 09:15:00,NSE:SBILIFE,556.15002,565.95001,556.15002,562.65002,104981.0
2018-12-12 09:15:00,NSE:SBILIFE,567.75,572.0,562.79999,570.25,72595.0
2018-12-13 09:15:00,NSE:SBILIFE,574.95001,575.0,562.25,571.0,151320.0
2018-12-14 09:15:00,NSE:SBILIFE,571.0,574.79999,550.5,567.0,98357.0
2018-12-17 09:15:00,NSE:SBILIFE,567.0,594.0,567.0,589.79999,230206.0
2018-12-18 09:15:00,NSE:SBILIFE,598.0,607.15002,576.34998,587.59998,413782.0
2018-12-19 09:15:00,NSE:SBILIFE,590.95001,590.95001,577.65002,583.04999,155299.0
2018-12-20 09:15:00,NSE:SBILIFE,580.59998,596.0,575.65002,592.45001,134271.0
2018-12-21 09:15:00,NSE:SBILIFE,593.15002,605.54999,577.29999,597.5,2025095.0
2018-12-24 09:15:00,NSE:SBILIFE,584.90002,589.59998,576.54999,579.45001,144403.0
2018-12-26 09:15:00,NSE:SBILIFE,576.0,584.0,570.15002,574.84998,81515.0
2018-12-27 09:15:00,NSE:SBILIFE,544.0,605.0,540.34998,590.59998,926443.0
2018-12-28 09:15:00,NSE:SBILIFE,600.0,605.0,587.25,598.79999,519520.0
2018-12-31 09:15:00,NSE:SBILIFE,595.0,605.79999,595.0,597.84998,169943.0
2019-01-01 09:15:00,NSE:SBILIFE,595.25,601.79999,592.20001,598.84998,40902.0
2019-01-02 09:15:00,NSE:SBILIFE,593.40002,604.0,593.40002,601.70001,115282.0
2019-01-03 09:15:00,NSE:SBILIFE,598.40002,603.0,590.0,600.04999,415471.0
2019-01-04 09:15:00,NSE:SBILIFE,603.0,615.0,600.0,602.84998,119061.0
2019-01-07 09:15:00,NSE:SBILIFE,602.84998,608.84998,597.70001,602.45001,316222.0
2019-01-08 09:15:00,NSE:SBILIFE,600.0,626.90002,600.0,612.5,214725.0
2019-01-09 09:15:00,NSE:SBILIFE,615.0,649.75,615.0,642.95001,304725.0
2019-01-10 09:15:00,NSE:SBILIFE,642.09998,648.40002,631.0,634.75,165683.0
2019-01-11 09:15:00,NSE:SBILIFE,635.0,643.0,630.0,638.5,171998.0
2019-01-14 09:15:00,NSE:SBILIFE,633.0,636.65002,618.25,620.09998,366016.0
2019-01-15 09:15:00,NSE:SBILIFE,624.0,631.15002,620.0,623.90002,68669.0
2019-01-16 09:15:00,NSE:SBILIFE,622.5,630.29999,618.0,621.40002,440003.0
2019-01-17 09:15:00,NSE:SBILIFE,621.5,633.54999,618.0,623.34998,377003.0
2019-01-18 09:15:00,NSE:SBILIFE,627.0,629.5,615.0,620.20001,107504.0
2019-01-21 09:15:00,NSE:SBILIFE,625.0,644.70001,612.5,617.65002,427431.0
2019-01-22 09:15:00,NSE:SBILIFE,620.0,629.79999,611.70001,619.90002,95583.0
2019-01-23 09:15:00,NSE:SBILIFE,623.0,628.90002,612.20001,620.0,159259.0
2019-01-24 09:15:00,NSE:SBILIFE,620.0,629.40002,615.09998,618.25,129335.0
2019-01-25 09:15:00,NSE:SBILIFE,627.45001,633.0,615.65002,619.59998,222746.0
2019-01-28 09:15:00,NSE:SBILIFE,621.0,624.45001,595.25,599.25,285382.0
2019-01-29 09:15:00,NSE:SBILIFE,600.09998,617.95001,595.70001,606.09998,302014.0
2019-01-30 09:15:00,NSE:SBILIFE,607.0,616.40002,596.0,599.95001,260752.0
2019-01-31 09:15:00,NSE:SBILIFE,600.5,607.75,593.70001,595.0,780410.0
2019-02-01 09:15:00,NSE:SBILIFE,600.0,604.0,588.09998,590.95001,546770.0
2019-02-04 09:15:00,NSE:SBILIFE,594.0,599.0,571.09998,589.75,146249.0
2019-02-05 09:15:00,NSE:SBILIFE,589.75,594.0,582.0,584.0,53619.0
2019-02-06 09:15:00,NSE:SBILIFE,585.0,590.0,575.0,579.40002,690808.0
2019-02-07 09:15:00,NSE:SBILIFE,580.0,584.40002,575.04999,577.25,570245.0
2019-02-08 09:15:00,NSE:SBILIFE,577.25,583.95001,575.0,577.54999,130409.0
2019-02-11 09:15:00,NSE:SBILIFE,576.0,579.09998,561.04999,566.84998,339881.0
2019-02-12 09:15:00,NSE:SBILIFE,569.84998,585.65002,562.09998,574.70001,288095.0
2019-02-13 09:15:00,NSE:SBILIFE,574.0,579.95001,564.0,569.84998,310406.0
2019-02-14 09:15:00,NSE:SBILIFE,569.90002,574.5,564.90002,568.54999,24238.0
2019-02-15 09:15:00,NSE:SBILIFE,568.54999,575.79999,562.0,568.84998,72417.0
2019-02-18 09:15:00,NSE:SBILIFE,569.5,572.09998,563.29999,567.45001,33962.0
2019-02-19 09:15:00,NSE:SBILIFE,573.65002,573.65002,560.90002,562.45001,91484.0
2019-02-20 09:15:00,NSE:SBILIFE,564.59998,571.09998,556.0,561.59998,1156061.0
2019-02-21 09:15:00,NSE:SBILIFE,562.0,565.70001,560.0,561.90002,97421.0
2019-02-22 09:15:00,NSE:SBILIFE,565.25,570.0,556.75,559.84998,207746.0
2019-02-25 09:15:00,NSE:SBILIFE,563.0,564.84998,555.34998,561.0,256241.0
2019-02-26 09:15:00,NSE:SBILIFE,561.0,564.0,555.0,559.40002,205333.0
2019-02-27 09:15:00,NSE:SBILIFE,563.0,565.95001,561.09998,563.29999,91914.0
2019-02-28 09:15:00,NSE:SBILIFE,565.0,582.0,565.0,578.54999,232357.0
2019-03-01 09:15:00,NSE:SBILIFE,581.95001,622.09998,515.54999,607.90002,11513018.0
2019-03-05 09:15:00,NSE:SBILIFE,599.0,617.0,596.09998,607.75,967319.0
2019-03-06 09:15:00,NSE:SBILIFE,608.0,621.79999,602.0,607.95001,594253.0
2019-03-07 09:15:00,NSE:SBILIFE,610.0,612.40002,590.0,592.09998,326651.0
2019-03-08 09:15:00,NSE:SBILIFE,587.0,596.40002,585.40002,587.15002,195823.0
2019-03-11 09:15:00,NSE:SBILIFE,589.75,626.40002,587.40002,622.45001,693313.0
2019-03-12 09:15:00,NSE:SBILIFE,623.0,634.90002,612.0,622.90002,398863.0
2019-03-13 09:15:00,NSE:SBILIFE,618.0,621.5,610.20001,615.34998,253418.0
2019-03-14 09:15:00,NSE:SBILIFE,619.0,620.95001,611.0,614.90002,233675.0
2019-03-15 09:15:00,NSE:SBILIFE,613.09998,619.75,611.0,615.04999,505837.0
2019-03-18 09:15:00,NSE:SBILIFE,616.04999,620.90002,606.04999,610.79999,91435.0
2019-03-19 09:15:00,NSE:SBILIFE,613.0,622.75,602.0,611.90002,1038136.0
2019-03-20 09:15:00,NSE:SBILIFE,613.84998,620.0,607.59998,612.84998,816543.0
2019-03-22 09:15:00,NSE:SBILIFE,610.0,619.0,605.0,615.5,741217.0
2019-03-25 09:15:00,NSE:SBILIFE,602.04999,616.95001,602.04999,611.04999,93192.0
2019-03-26 09:15:00,NSE:SBILIFE,612.0,617.90002,606.79999,609.59998,167512.0
2019-03-27 09:15:00,NSE:SBILIFE,607.45001,620.79999,607.45001,618.70001,302382.0
2019-03-28 09:15:00,NSE:SBILIFE,620.0,624.79999,613.59998,616.20001,89907.0
2019-03-29 09:15:00,NSE:SBILIFE,614.0,614.0,581.59998,583.40002,6792156.0
2019-04-01 09:15:00,NSE:SBILIFE,584.90002,599.90002,583.40002,598.20001,953998.0
2019-04-02 09:15:00,NSE:SBILIFE,600.0,603.90002,591.04999,601.15002,687704.0
2019-04-03 09:15:00,NSE:SBILIFE,600.0,615.0,595.0,601.95001,999883.0
2019-04-04 09:15:00,NSE:SBILIFE,603.90002,603.90002,590.0,594.70001,1064749.0
2019-04-05 09:15:00,NSE:SBILIFE,598.0,613.90002,596.09998,612.09998,855081.0
2019-04-08 09:15:00,NSE:SBILIFE,611.0,628.0,610.54999,619.79999,1180323.0
2019-04-09 09:15:00,NSE:SBILIFE,629.5,629.5,615.0,618.20001,391977.0
2019-04-10 09:15:00,NSE:SBILIFE,621.0,626.5,617.0,621.34998,471405.0
2019-04-11 09:15:00,NSE:SBILIFE,624.90002,629.70001,621.54999,624.95001,1717441.0
2019-04-12 09:15:00,NSE:SBILIFE,627.29999,627.34998,620.29999,625.20001,201752.0
2019-04-15 09:15:00,NSE:SBILIFE,626.90002,627.5,618.15002,623.34998,137884.0
2019-04-16 09:15:00,NSE:SBILIFE,626.0,626.0,615.09998,617.70001,382679.0
2019-04-18 09:15:00,NSE:SBILIFE,621.0,621.40002,611.75,614.90002,322285.0
2019-04-22 09:15:00,NSE:SBILIFE,617.84998,624.70001,605.25,616.29999,427291.0
2019-04-23 09:15:00,NSE:SBILIFE,618.0,618.90002,598.0,600.20001,1108991.0
2019-04-24 09:15:00,NSE:SBILIFE,602.0,615.0,600.25,610.29999,222954.0
2019-04-25 09:15:00,NSE:SBILIFE,609.59998,619.70001,608.04999,614.34998,225934.0
2019-04-26 09:15:00,NSE:SBILIFE,625.0,644.79999,625.0,637.25,2193690.0
2019-04-30 09:15:00,NSE:SBILIFE,635.09998,644.75,635.09998,639.84998,798810.0
2019-05-02 09:15:00,NSE:SBILIFE,639.95001,658.0,639.95001,650.5,1022283.0
2019-05-03 09:15:00,NSE:SBILIFE,650.0,666.0,648.95001,664.15002,809596.0
2019-05-06 09:15:00,NSE:SBILIFE,660.0,667.79999,652.20001,660.0,510425.0
2019-05-07 09:15:00,NSE:SBILIFE,658.0,665.25,658.0,662.09998,400330.0
2019-05-08 09:15:00,NSE:SBILIFE,655.04999,661.40002,649.95001,650.54999,290783.0
2019-05-09 09:15:00,NSE:SBILIFE,651.04999,656.5,641.0,652.25,347971.0
2019-05-10 09:15:00,NSE:SBILIFE,650.09998,668.0,639.20001,642.04999,758566.0
2019-05-13 09:15:00,NSE:SBILIFE,639.79999,645.84998,608.5,620.0,324189.0
2019-05-14 09:15:00,NSE:SBILIFE,618.5,638.95001,594.65002,615.59998,1232277.0
2019-05-15 09:15:00,NSE:SBILIFE,624.0,649.59998,616.75,628.84998,552190.0
2019-05-16 09:15:00,NSE:SBILIFE,632.75,648.70001,626.0,630.95001,363954.0
2019-05-17 09:15:00,NSE:SBILIFE,634.84998,645.95001,623.34998,629.75,387017.0
2019-05-20 09:15:00,NSE:SBILIFE,643.84998,657.70001,636.0,645.70001,523465.0
2019-05-21 09:15:00,NSE:SBILIFE,650.0,664.0,646.04999,659.70001,396784.0
2019-05-22 09:15:00,NSE:SBILIFE,659.70001,667.54999,652.84998,659.65002,361789.0
2019-05-23 09:15:00,NSE:SBILIFE,665.0,683.90002,665.0,671.40002,528882.0
2019-05-24 09:15:00,NSE:SBILIFE,675.95001,690.0,665.15002,686.0,541134.0
2019-05-27 09:15:00,NSE:SBILIFE,682.0,704.0,681.5,698.90002,1669747.0
2019-05-28 09:15:00,NSE:SBILIFE,700.0,703.90002,685.09998,698.75,373366.0
2019-05-29 09:15:00,NSE:SBILIFE,688.15002,703.0,678.04999,680.0,1286226.0
2019-05-30 09:15:00,NSE:SBILIFE,680.0,686.59998,674.0,679.90002,550276.0
2019-05-31 09:15:00,NSE:SBILIFE,684.90002,696.0,676.34998,694.25,650980.0
2019-06-03 09:15:00,NSE:SBILIFE,687.0,701.0,686.5,695.59998,167500.0
2019-06-04 09:15:00,NSE:SBILIFE,690.25,700.0,687.5,698.40002,410079.0
2019-06-06 09:15:00,NSE:SBILIFE,697.0,700.34998,689.5,696.34998,1320152.0
2019-06-07 09:15:00,NSE:SBILIFE,698.90002,702.0,694.04999,698.45001,680274.0
2019-06-10 09:15:00,NSE:SBILIFE,697.0,700.0,695.15002,699.09998,449355.0
2019-06-11 09:15:00,NSE:SBILIFE,695.5,705.0,694.04999,701.0,402010.0
2019-06-12 09:15:00,NSE:SBILIFE,699.90002,702.0,695.25,699.95001,387860.0
2019-06-13 09:15:00,NSE:SBILIFE,700.0,709.0,694.0,699.34998,437375.0
2019-06-14 09:15:00,NSE:SBILIFE,699.95001,701.0,696.0,699.54999,375865.0
2019-06-17 09:15:00,NSE:SBILIFE,701.40002,707.0,698.29999,700.0,486849.0
2019-06-18 09:15:00,NSE:SBILIFE,700.95001,708.0,699.15002,704.04999,1561472.0
2019-06-19 09:15:00,NSE:SBILIFE,706.0,709.0,686.25,696.29999,358961.0
2019-06-20 09:15:00,NSE:SBILIFE,696.40002,705.0,690.04999,698.45001,1024232.0
2019-06-21 09:15:00,NSE:SBILIFE,705.0,711.0,694.90002,699.95001,3605899.0
2019-06-24 09:15:00,NSE:SBILIFE,705.15002,713.40002,698.95001,710.59998,376039.0
2019-06-25 09:15:00,NSE:SBILIFE,675.0,684.95001,669.5,674.34998,3513192.0
2019-06-26 09:15:00,NSE:SBILIFE,695.5,744.0,692.75,717.45001,6255032.0
2019-06-27 09:15:00,NSE:SBILIFE,706.0,738.0,706.0,726.95001,4196283.0
2019-06-28 09:15:00,NSE:SBILIFE,725.0,734.84998,717.0,723.70001,1184510.0
2019-07-01 09:15:00,NSE:SBILIFE,724.79999,739.0,716.04999,735.90002,610864.0
2019-07-02 09:15:00,NSE:SBILIFE,740.0,752.70001,740.0,749.79999,1257045.0
2019-07-03 09:15:00,NSE:SBILIFE,750.0,760.90002,741.20001,756.90002,554389.0
2019-07-04 09:15:00,NSE:SBILIFE,760.0,762.25,752.54999,757.40002,271994.0
2019-07-05 09:15:00,NSE:SBILIFE,759.59998,776.5,745.59998,753.54999,1195407.0
2019-07-08 09:15:00,NSE:SBILIFE,748.79999,768.29999,739.59998,759.20001,787426.0
2019-07-09 09:15:00,NSE:SBILIFE,755.0,763.0,747.59998,759.0,594218.0
2019-07-10 09:15:00,NSE:SBILIFE,751.79999,758.29999,740.0,741.95001,459594.0
2019-07-11 09:15:00,NSE:SBILIFE,744.0,762.0,744.0,754.09998,292405.0
2019-07-12 09:15:00,NSE:SBILIFE,756.0,789.29999,753.34998,780.70001,1817841.0
2019-07-15 09:15:00,NSE:SBILIFE,780.5,794.90002,766.0,783.54999,585738.0
2019-07-16 09:15:00,NSE:SBILIFE,783.0,788.40002,770.20001,775.84998,440957.0
2019-07-17 09:15:00,NSE:SBILIFE,773.0,793.09998,757.0,765.25,880172.0
2019-07-18 09:15:00,NSE:SBILIFE,766.0,775.0,737.0,740.84998,424234.0
2019-07-19 09:15:00,NSE:SBILIFE,745.34998,751.0,731.84998,744.84998,577254.0
2019-07-22 09:15:00,NSE:SBILIFE,749.20001,764.0,735.5,762.15002,409528.0
2019-07-23 09:15:00,NSE:SBILIFE,764.0,780.0,764.0,775.95001,708849.0
2019-07-24 09:15:00,NSE:SBILIFE,782.5,808.5,755.20001,772.5,8522595.0
2019-07-25 09:15:00,NSE:SBILIFE,769.90002,800.0,769.04999,797.40002,892300.0
2019-07-26 09:15:00,NSE:SBILIFE,799.09998,807.0,783.0,795.09998,848649.0
2019-07-29 09:15:00,NSE:SBILIFE,793.0,805.45001,782.29999,797.34998,655785.0
2019-07-30 09:15:00,NSE:SBILIFE,798.0,805.0,781.90002,797.40002,629929.0
2019-07-31 09:15:00,NSE:SBILIFE,783.0,800.0,775.0,797.54999,490133.0
2019-08-01 09:15:00,NSE:SBILIFE,790.34998,803.59998,752.54999,777.0,789834.0
2019-08-02 09:15:00,NSE:SBILIFE,757.29999,803.0,757.29999,791.65002,941917.0
2019-08-05 09:15:00,NSE:SBILIFE,790.0,795.0,774.15002,790.40002,538695.0
2019-08-06 09:15:00,NSE:SBILIFE,788.09998,800.04999,780.09998,787.20001,700080.0
2019-08-07 09:15:00,NSE:SBILIFE,790.25,801.59998,782.25,786.54999,487084.0
2019-08-08 09:15:00,NSE:SBILIFE,795.0,827.0,783.29999,812.90002,1081958.0
2019-08-09 09:15:00,NSE:SBILIFE,810.54999,814.79999,795.09998,801.70001,714830.0
2019-08-13 09:15:00,NSE:SBILIFE,797.25,801.70001,761.70001,771.25,432634.0
2019-08-14 09:15:00,NSE:SBILIFE,780.0,816.79999,776.0,812.15002,1042108.0
2019-08-16 09:15:00,NSE:SBILIFE,801.09998,838.90002,801.09998,835.34998,1340618.0
2019-08-19 09:15:00,NSE:SBILIFE,837.20001,858.79999,833.04999,849.90002,999684.0
2019-08-20 09:15:00,NSE:SBILIFE,850.0,862.45001,831.54999,853.84998,1032233.0
2019-08-21 09:15:00,NSE:SBILIFE,852.5,857.0,824.20001,829.45001,469687.0
2019-08-22 09:15:00,NSE:SBILIFE,826.20001,837.65002,805.54999,815.20001,451114.0
2019-08-23 09:15:00,NSE:SBILIFE,814.95001,830.04999,812.25,821.25,545349.0
2019-08-26 09:15:00,NSE:SBILIFE,838.0,839.45001,818.15002,827.09998,606859.0
2019-08-27 09:15:00,NSE:SBILIFE,827.0,847.0,827.0,834.25,851189.0
2019-08-28 09:15:00,NSE:SBILIFE,840.0,841.79999,821.54999,828.45001,538964.0
2019-08-29 09:15:00,NSE:SBILIFE,827.79999,839.79999,822.29999,835.09998,338992.0
2019-08-30 09:15:00,NSE:SBILIFE,840.0,847.0,810.0,838.70001,6692265.0
2019-09-03 09:15:00,NSE:SBILIFE,832.79999,848.65002,796.34998,811.20001,592127.0
2019-09-04 09:15:00,NSE:SBILIFE,816.0,830.0,812.0,826.40002,423307.0
2019-09-05 09:15:00,NSE:SBILIFE,831.54999,835.0,820.70001,831.25,332593.0
2019-09-06 09:15:00,NSE:SBILIFE,834.5,837.0,821.29999,835.54999,308380.0
2019-09-09 09:15:00,NSE:SBILIFE,833.0,835.0,801.09998,806.79999,640219.0
2019-09-11 09:15:00,NSE:SBILIFE,812.0,813.84998,795.0,799.65002,579309.0
2019-09-12 09:15:00,NSE:SBILIFE,788.95001,798.95001,784.20001,792.84998,3737190.0
2019-09-13 09:15:00,NSE:SBILIFE,797.15002,807.75,792.25,798.29999,3681750.0
2019-09-16 09:15:00,NSE:SBILIFE,785.90002,798.75,785.0,796.45001,2172276.0
2019-09-17 09:15:00,NSE:SBILIFE,795.79999,802.0,793.95001,798.20001,1013597.0
2019-09-18 09:15:00,NSE:SBILIFE,802.09998,807.0,798.09998,802.95001,715018.0
2019-09-19 09:15:00,NSE:SBILIFE,804.0,805.0,799.0,801.84998,456281.0
2019-09-20 09:15:00,NSE:SBILIFE,804.0,825.5,800.34998,816.15002,1918256.0
2019-09-23 09:15:00,NSE:SBILIFE,822.0,822.0,789.0,791.70001,1590491.0
2019-09-24 09:15:00,NSE:SBILIFE,792.0,803.65002,787.0,795.15002,976843.0
2019-09-25 09:15:00,NSE:SBILIFE,793.29999,799.90002,777.09998,796.54999,1031592.0
2019-09-26 09:15:00,NSE:SBILIFE,798.25,823.70001,798.25,816.40002,1672809.0
2019-09-27 09:15:00,NSE:SBILIFE,819.34998,847.65002,819.34998,842.5,1994366.0
2019-09-30 09:15:00,NSE:SBILIFE,842.79999,851.59998,836.25,846.40002,961777.0
2019-10-01 09:15:00,NSE:SBILIFE,846.0,849.0,804.0,827.65002,759109.0
2019-10-03 09:15:00,NSE:SBILIFE,827.90002,836.15002,820.04999,830.65002,455628.0
2019-10-04 09:15:00,NSE:SBILIFE,831.0,844.79999,822.04999,824.25,569471.0
2019-10-07 09:15:00,NSE:SBILIFE,824.0,836.0,821.04999,827.90002,341633.0
2019-10-09 09:15:00,NSE:SBILIFE,826.0,843.90002,826.0,837.25,506576.0
2019-10-10 09:15:00,NSE:SBILIFE,835.20001,848.0,805.70001,827.20001,5286384.0
2019-10-11 09:15:00,NSE:SBILIFE,832.0,842.79999,831.0,839.59998,384745.0
2019-10-14 09:15:00,NSE:SBILIFE,846.09998,847.59998,822.0,828.70001,366115.0
2019-10-15 09:15:00,NSE:SBILIFE,829.0,844.0,829.0,838.04999,394890.0
2019-10-16 09:15:00,NSE:SBILIFE,836.5,892.5,832.0,877.34998,3634345.0
2019-10-17 09:15:00,NSE:SBILIFE,880.0,928.5,880.0,902.90002,3687636.0
2019-10-18 09:15:00,NSE:SBILIFE,905.79999,930.0,899.0,925.95001,1819540.0
2019-10-22 09:15:00,NSE:SBILIFE,929.20001,997.5,929.20001,989.15002,2040975.0
2019-10-23 09:15:00,NSE:SBILIFE,994.0,1012.3,970.15002,985.95001,1357514.0
2019-10-24 09:15:00,NSE:SBILIFE,991.40002,993.95001,954.65002,969.65002,982596.0
2019-10-25 09:15:00,NSE:SBILIFE,974.0,1000.0,965.25,993.95001,1126150.0
2019-10-29 09:15:00,NSE:SBILIFE,998.5,1020.0,981.0,1014.35,880342.0
2019-10-30 09:15:00,NSE:SBILIFE,1016.0,1030.0,976.09998,999.79999,7610404.0
2019-10-31 09:15:00,NSE:SBILIFE,1006.0,1013.3,987.0,991.5,849468.0
2019-11-01 09:15:00,NSE:SBILIFE,993.29999,1009.0,993.29999,997.5,655253.0
2019-11-04 09:15:00,NSE:SBILIFE,1003.0,1003.1,989.70001,998.70001,875743.0
2019-11-05 09:15:00,NSE:SBILIFE,1000.0,1003.0,966.09998,969.79999,1230007.0
2019-11-06 09:15:00,NSE:SBILIFE,974.45001,980.0,941.54999,968.95001,1420970.0
2019-11-07 09:15:00,NSE:SBILIFE,973.40002,991.0,968.20001,986.45001,1351432.0
2019-11-08 09:15:00,NSE:SBILIFE,1006.0,1022.0,976.5,982.20001,5656687.0
2019-11-11 09:15:00,NSE:SBILIFE,982.0,982.0,968.45001,969.95001,2078020.0
2019-11-13 09:15:00,NSE:SBILIFE,984.5,1000.95,966.20001,988.15002,4039409.0
2019-11-14 09:15:00,NSE:SBILIFE,999.0,1013.0,984.90002,999.90002,3441700.0
2019-11-15 09:15:00,NSE:SBILIFE,1008.2,1026.0,995.45001,1002.85,2687762.0
2019-11-18 09:15:00,NSE:SBILIFE,1004.9,1013.0,996.0,1000.05,2144563.0
2019-11-19 09:15:00,NSE:SBILIFE,954.95001,970.0,930.0,936.54999,60449782.0
2019-11-20 09:15:00,NSE:SBILIFE,940.0,948.70001,936.09998,939.70001,2976893.0
2019-11-21 09:15:00,NSE:SBILIFE,942.45001,945.45001,916.0,929.59998,2642185.0
2019-11-22 09:15:00,NSE:SBILIFE,931.0,945.75,931.0,942.65002,3125980.0
2019-11-25 09:15:00,NSE:SBILIFE,943.5,954.40002,943.5,951.59998,3604001.0
2019-11-26 09:15:00,NSE:SBILIFE,957.40002,977.95001,937.84998,958.95001,43473998.0
2019-11-27 09:15:00,NSE:SBILIFE,964.0,965.20001,943.20001,948.20001,1542111.0
2019-11-28 09:15:00,NSE:SBILIFE,953.84998,972.70001,948.20001,971.15002,1885171.0
2019-11-29 09:15:00,NSE:SBILIFE,970.0,970.0,955.04999,960.04999,1071258.0
2019-12-02 09:15:00,NSE:SBILIFE,959.15002,959.15002,938.29999,943.84998,643539.0
2019-12-03 09:15:00,NSE:SBILIFE,946.09998,966.0,946.09998,963.40002,1612054.0
2019-12-04 09:15:00,NSE:SBILIFE,962.79999,975.0,960.04999,972.25,1122303.0
2019-12-05 09:15:00,NSE:SBILIFE,969.0,974.5,955.0,966.40002,814043.0
2019-12-06 09:15:00,NSE:SBILIFE,971.0,974.0,945.20001,964.20001,1235405.0
2019-12-09 09:15:00,NSE:SBILIFE,964.79999,964.79999,938.40002,942.0,861577.0
2019-12-10 09:15:00,NSE:SBILIFE,950.0,968.0,947.0,949.84998,1610114.0
2019-12-11 09:15:00,NSE:SBILIFE,950.0,971.95001,924.5,966.54999,1616587.0
2019-12-12 09:15:00,NSE:SBILIFE,971.0,971.0,955.65002,960.40002,862822.0
2019-12-13 09:15:00,NSE:SBILIFE,964.90002,982.70001,963.25,974.90002,1119572.0
2019-12-16 09:15:00,NSE:SBILIFE,973.79999,979.79999,963.90002,969.54999,526157.0
2019-12-17 09:15:00,NSE:SBILIFE,975.0,978.45001,968.0,972.54999,822269.0
2019-12-18 09:15:00,NSE:SBILIFE,975.0,976.59998,959.0,964.75,628845.0
2019-12-19 09:15:00,NSE:SBILIFE,968.59998,975.04999,965.45001,969.75,906299.0
2019-12-20 09:15:00,NSE:SBILIFE,972.0,1008.05,972.0,992.75,10219499.0
2019-12-23 09:15:00,NSE:SBILIFE,1002.0,1011.7,987.54999,996.79999,1347986.0
2019-12-24 09:15:00,NSE:SBILIFE,998.0,999.90002,985.0,994.75,716972.0
2019-12-26 09:15:00,NSE:SBILIFE,998.25,999.70001,988.09998,991.0,335933.0
2019-12-27 09:15:00,NSE:SBILIFE,988.0,991.5,977.54999,988.65002,438117.0
2019-12-30 09:15:00,NSE:SBILIFE,988.90002,991.45001,972.79999,976.34998,390678.0
2019-12-31 09:15:00,NSE:SBILIFE,976.0,980.0,958.15002,961.59998,403539.0
2020-01-01 09:15:00,NSE:SBILIFE,965.0,980.0,961.59998,976.40002,349251.0
2020-01-02 09:15:00,NSE:SBILIFE,975.70001,975.70001,966.0,969.34998,335765.0
2020-01-03 09:15:00,NSE:SBILIFE,970.0,982.79999,969.0,975.09998,451217.0
2020-01-06 09:15:00,NSE:SBILIFE,966.09998,1003.1,958.0,983.09998,895840.0
2020-01-07 09:15:00,NSE:SBILIFE,990.0,1003.0,980.0,984.90002,570304.0
2020-01-08 09:15:00,NSE:SBILIFE,978.0,992.29999,975.20001,987.75,368547.0
2020-01-09 09:15:00,NSE:SBILIFE,996.79999,998.0,979.75,988.5,614382.0
2020-01-10 09:15:00,NSE:SBILIFE,989.0,997.0,983.29999,989.0,351231.0
2020-01-13 09:15:00,NSE:SBILIFE,993.0,997.95001,980.0,989.84998,332236.0
2020-01-14 09:15:00,NSE:SBILIFE,993.0,994.0,984.0,987.79999,369532.0
2020-01-15 09:15:00,NSE:SBILIFE,988.0,1002.0,981.0,998.15002,533340.0
2020-01-16 09:15:00,NSE:SBILIFE,1000.0,1003.0,992.0,999.90002,465355.0
2020-01-17 09:15:00,NSE:SBILIFE,999.79999,1009.8,985.25,996.34998,372188.0
2020-01-20 09:15:00,NSE:SBILIFE,1000.0,1001.0,975.5,981.5,341082.0
2020-01-21 09:15:00,NSE:SBILIFE,980.0,987.0,970.20001,972.75,355550.0
2020-01-22 09:15:00,NSE:SBILIFE,980.0,992.59998,972.0,981.70001,1299987.0
2020-01-23 09:15:00,NSE:SBILIFE,985.40002,1004.0,980.20001,985.95001,1151390.0
2020-01-24 09:15:00,NSE:SBILIFE,986.0,1020.0,977.0,999.79999,1388247.0
2020-01-27 09:15:00,NSE:SBILIFE,999.79999,1014.7,987.34998,992.15002,740311.0
2020-01-28 09:15:00,NSE:SBILIFE,993.0,1007.0,975.75,987.84998,578382.0
2020-01-29 09:15:00,NSE:SBILIFE,992.0,1012.15,988.0,1007.8,538017.0
2020-01-30 09:15:00,NSE:SBILIFE,1014.0,1017.0,989.29999,998.25,561770.0
2020-01-31 09:15:00,NSE:SBILIFE,1005.0,1006.0,983.15002,994.09998,445170.0
2020-02-01 09:15:00,NSE:SBILIFE,998.0,1012.9,885.0,893.09998,4433306.0
2020-02-03 09:15:00,NSE:SBILIFE,895.0,921.84998,856.65002,912.65002,4046967.0
2020-02-04 09:15:00,NSE:SBILIFE,912.0,922.90002,896.0,911.59998,2004591.0
2020-02-05 09:15:00,NSE:SBILIFE,913.59998,915.79999,898.5,910.54999,1337410.0
2020-02-06 09:15:00,NSE:SBILIFE,916.09998,925.0,912.04999,919.5,1185756.0
2020-02-07 09:15:00,NSE:SBILIFE,920.0,955.45001,915.54999,947.29999,1642253.0
2020-02-10 09:15:00,NSE:SBILIFE,952.0,956.25,938.0,952.79999,734151.0
2020-02-11 09:15:00,NSE:SBILIFE,960.45001,960.45001,935.79999,939.75,584552.0
2020-02-12 09:15:00,NSE:SBILIFE,944.75,948.79999,925.0,932.84998,925589.0
2020-02-13 09:15:00,NSE:SBILIFE,937.0,937.0,916.0,927.54999,551572.0
2020-02-14 09:15:00,NSE:SBILIFE,932.40002,932.40002,907.0,914.25,402685.0
2020-02-17 09:15:00,NSE:SBILIFE,915.5,919.45001,904.0,914.40002,355839.0
2020-02-18 09:15:00,NSE:SBILIFE,915.0,921.45001,907.09998,916.04999,901858.0
2020-02-19 09:15:00,NSE:SBILIFE,918.09998,942.45001,918.09998,938.20001,786366.0
2020-02-20 09:15:00,NSE:SBILIFE,939.70001,945.0,921.70001,928.75,784552.0
2020-02-24 09:15:00,NSE:SBILIFE,923.59998,941.5,910.0,916.59998,493211.0
2020-02-25 09:15:00,NSE:SBILIFE,923.5,934.70001,891.75,901.20001,760359.0
2020-02-26 09:15:00,NSE:SBILIFE,893.79999,914.79999,881.5,891.34998,807168.0
2020-02-27 09:15:00,NSE:SBILIFE,890.79999,913.90002,875.0,905.34998,821122.0
2020-02-28 09:15:00,NSE:SBILIFE,886.0,895.0,875.0,890.40002,1002851.0
2020-03-02 09:15:00,NSE:SBILIFE,895.15002,909.0,878.0,894.15002,629219.0
2020-03-03 09:15:00,NSE:SBILIFE,903.04999,914.0,892.04999,899.84998,615494.0
2020-03-04 09:15:00,NSE:SBILIFE,902.90002,912.0,877.0,885.09998,769392.0
2020-03-05 09:15:00,NSE:SBILIFE,891.34998,901.45001,876.54999,884.45001,1014502.0
2020-03-06 09:15:00,NSE:SBILIFE,865.0,881.5,848.29999,853.95001,1436479.0
2020-03-09 09:15:00,NSE:SBILIFE,836.20001,861.90002,803.0,825.29999,1424660.0
2020-03-11 09:15:00,NSE:SBILIFE,819.0,847.90002,784.15002,808.95001,1305970.0
2020-03-12 09:15:00,NSE:SBILIFE,761.0,775.70001,700.0,751.70001,2111588.0
2020-03-13 09:15:00,NSE:SBILIFE,665.0,795.0,625.09998,761.95001,2077233.0
2020-03-16 09:15:00,NSE:SBILIFE,701.0,772.84998,661.59998,731.54999,1588592.0
2020-03-17 09:15:00,NSE:SBILIFE,732.0,768.5,675.0,687.0,1398543.0
2020-03-18 09:15:00,NSE:SBILIFE,695.04999,696.95001,588.15002,596.25,2202109.0
2020-03-19 09:15:00,NSE:SBILIFE,565.0,619.90002,519.40002,607.70001,2917031.0
2020-03-20 09:15:00,NSE:SBILIFE,627.0,680.75,606.0,633.5,2004934.0
2020-03-23 09:15:00,NSE:SBILIFE,569.95001,617.0,522.20001,539.20001,1652165.0
2020-03-24 09:15:00,NSE:SBILIFE,551.40002,589.95001,535.0,546.25,1108855.0
2020-03-25 09:15:00,NSE:SBILIFE,530.0,630.0,530.0,587.84998,1610709.0
2020-03-26 09:15:00,NSE:SBILIFE,603.5,665.0,595.34998,618.15002,1629673.0
2020-03-27 09:15:00,NSE:SBILIFE,636.20001,657.0,585.0,602.84998,1299441.0
2020-03-30 09:15:00,NSE:SBILIFE,598.90002,634.5,575.0,622.0,1301706.0
2020-03-31 09:15:00,NSE:SBILIFE,638.0,653.70001,624.15002,641.0,1087567.0
2020-04-01 09:15:00,NSE:SBILIFE,641.90002,659.0,628.0,635.09998,971706.0
2020-04-03 09:15:00,NSE:SBILIFE,648.0,665.0,627.29999,650.15002,1279330.0
2020-04-07 09:15:00,NSE:SBILIFE,665.0,748.29999,653.0,735.29999,1916865.0
2020-04-08 09:15:00,NSE:SBILIFE,741.90002,795.0,721.0,742.79999,1443642.0
2020-04-09 09:15:00,NSE:SBILIFE,755.0,773.95001,735.04999,739.45001,683532.0
2020-04-13 09:15:00,NSE:SBILIFE,745.0,749.95001,700.0,707.75,760455.0
2020-04-15 09:15:00,NSE:SBILIFE,720.0,724.95001,695.09998,700.90002,1232607.0
2020-04-16 09:15:00,NSE:SBILIFE,690.0,698.0,681.09998,685.25,1363991.0
2020-04-17 09:15:00,NSE:SBILIFE,703.54999,721.0,687.0,702.45001,1777651.0
2020-04-20 09:15:00,NSE:SBILIFE,703.0,712.15002,697.0,700.0,1360101.0
2020-04-21 09:15:00,NSE:SBILIFE,688.0,691.15002,667.0,671.29999,677457.0
2020-04-22 09:15:00,NSE:SBILIFE,685.90002,709.0,675.0,704.79999,954061.0
2020-04-23 09:15:00,NSE:SBILIFE,712.0,732.5,709.0,717.65002,1219244.0
2020-04-24 09:15:00,NSE:SBILIFE,701.0,706.84998,676.0,679.15002,1016020.0
2020-04-27 09:15:00,NSE:SBILIFE,694.75,727.0,688.15002,714.09998,3275857.0
2020-04-28 09:15:00,NSE:SBILIFE,724.0,728.0,706.54999,719.84998,1002540.0
2020-04-29 09:15:00,NSE:SBILIFE,723.0,723.0,708.40002,713.34998,635076.0
2020-04-30 09:15:00,NSE:SBILIFE,735.20001,741.0,716.84998,726.84998,1925414.0
2020-05-04 09:15:00,NSE:SBILIFE,710.0,726.0,675.5,687.65002,1418027.0
2020-05-05 09:15:00,NSE:SBILIFE,705.0,734.70001,698.20001,713.54999,4312790.0
2020-05-06 09:15:00,NSE:SBILIFE,716.95001,749.0,706.0,731.15002,3664835.0
2020-05-07 09:15:00,NSE:SBILIFE,737.0,742.5,723.5,735.15002,1345672.0
2020-05-08 09:15:00,NSE:SBILIFE,742.0,768.84998,738.5,760.04999,2349887.0
2020-05-11 09:15:00,NSE:SBILIFE,770.95001,770.95001,744.84998,750.5,1498957.0
2020-05-12 09:15:00,NSE:SBILIFE,747.0,755.59998,735.09998,744.59998,1116023.0
2020-05-13 09:15:00,NSE:SBILIFE,765.25,780.0,752.95001,760.5,1752465.0
2020-05-14 09:15:00,NSE:SBILIFE,756.79999,770.5,741.09998,746.75,987397.0
2020-05-15 09:15:00,NSE:SBILIFE,754.45001,754.45001,742.20001,751.95001,1032406.0
2020-05-18 09:15:00,NSE:SBILIFE,750.0,750.0,694.45001,700.75,1705994.0
2020-05-19 09:15:00,NSE:SBILIFE,709.0,720.0,698.0,702.95001,1496673.0
2020-05-20 09:15:00,NSE:SBILIFE,701.0,717.70001,700.0,715.79999,1289104.0
2020-05-21 09:15:00,NSE:SBILIFE,717.79999,742.95001,716.04999,730.40002,1400398.0
2020-05-22 09:15:00,NSE:SBILIFE,732.0,744.0,723.5,729.95001,1507478.0
2020-05-26 09:15:00,NSE:SBILIFE,735.0,756.0,731.40002,754.45001,1110990.0
2020-05-27 09:15:00,NSE:SBILIFE,752.0,754.40002,737.20001,741.15002,682804.0
2020-05-28 09:15:00,NSE:SBILIFE,745.0,754.75,740.0,748.09998,1134155.0
2020-05-29 09:15:00,NSE:SBILIFE,747.95001,783.0,745.40002,768.65002,7090368.0
2020-06-01 09:15:00,NSE:SBILIFE,776.0,780.95001,765.90002,774.79999,1712849.0
2020-06-02 09:15:00,NSE:SBILIFE,783.79999,791.0,774.29999,779.5,1388839.0
2020-06-03 09:15:00,NSE:SBILIFE,789.0,814.79999,784.5,807.09998,2163349.0
2020-06-04 09:15:00,NSE:SBILIFE,809.75,820.5,788.79999,794.79999,1404467.0
2020-06-05 09:15:00,NSE:SBILIFE,798.90002,805.25,782.90002,796.70001,1199794.0
2020-06-08 09:15:00,NSE:SBILIFE,802.0,808.0,776.0,779.29999,1371775.0
2020-06-09 09:15:00,NSE:SBILIFE,782.09998,789.0,752.5,758.5,1521254.0
2020-06-10 09:15:00,NSE:SBILIFE,759.0,760.0,739.70001,741.70001,2283059.0
2020-06-11 09:15:00,NSE:SBILIFE,740.0,757.59998,735.0,740.90002,1314358.0
2020-06-12 09:15:00,NSE:SBILIFE,730.0,760.90002,728.75,750.45001,4396304.0
2020-06-15 09:15:00,NSE:SBILIFE,747.90002,754.79999,740.65002,745.29999,3316726.0
2020-06-16 09:15:00,NSE:SBILIFE,751.0,770.70001,742.40002,764.09998,1883911.0
2020-06-17 09:15:00,NSE:SBILIFE,766.04999,779.5,764.20001,772.04999,1936475.0
2020-06-18 09:15:00,NSE:SBILIFE,769.40002,786.40002,767.59998,771.59998,951550.0
2020-06-19 09:15:00,NSE:SBILIFE,779.0,780.84998,767.20001,775.84998,2912093.0
2020-06-22 09:15:00,NSE:SBILIFE,781.09998,790.40002,761.5,777.95001,1164278.0
2020-06-23 09:15:00,NSE:SBILIFE,777.0,805.29999,777.0,796.65002,1506742.0
2020-06-24 09:15:00,NSE:SBILIFE,800.65002,810.0,775.54999,780.75,1699063.0
2020-06-25 09:15:00,NSE:SBILIFE,778.0,792.95001,775.09998,786.25,735191.0
2020-06-26 09:15:00,NSE:SBILIFE,791.09998,802.0,782.0,784.34998,986163.0
2020-06-29 09:15:00,NSE:SBILIFE,780.0,789.84998,774.29999,786.79999,597371.0
2020-06-30 09:15:00,NSE:SBILIFE,789.0,811.0,789.0,806.45001,2052551.0
2020-07-01 09:15:00,NSE:SBILIFE,814.95001,819.84998,802.0,805.25,1321001.0
2020-07-02 09:15:00,NSE:SBILIFE,802.15002,819.34998,802.15002,814.04999,1075581.0
2020-07-03 09:15:00,NSE:SBILIFE,821.0,846.0,819.34998,844.04999,2085481.0
2020-07-06 09:15:00,NSE:SBILIFE,853.0,875.0,851.40002,863.5,1836462.0
2020-07-07 09:15:00,NSE:SBILIFE,867.0,874.79999,853.65002,868.65002,1104403.0
2020-07-08 09:15:00,NSE:SBILIFE,870.0,871.90002,846.09998,850.75,1688304.0
2020-07-09 09:15:00,NSE:SBILIFE,851.0,853.90002,835.04999,840.25,1180400.0
2020-07-10 09:15:00,NSE:SBILIFE,850.0,871.90002,850.0,860.20001,2062806.0
2020-07-13 09:15:00,NSE:SBILIFE,867.84998,867.84998,848.15002,862.95001,668675.0
2020-07-14 09:15:00,NSE:SBILIFE,861.90002,886.5,856.09998,859.75,1535948.0
2020-07-15 09:15:00,NSE:SBILIFE,863.0,870.5,852.34998,855.84998,772942.0
2020-07-16 09:15:00,NSE:SBILIFE,856.04999,869.5,851.25,865.20001,630572.0
2020-07-17 09:15:00,NSE:SBILIFE,868.15002,881.84998,862.54999,875.20001,1228862.0
2020-07-20 09:15:00,NSE:SBILIFE,879.04999,888.09998,851.0,854.45001,1497335.0
2020-07-21 09:15:00,NSE:SBILIFE,864.0,895.95001,844.0,888.34998,4650708.0
2020-07-22 09:15:00,NSE:SBILIFE,892.5,892.75,856.09998,859.20001,1757469.0
2020-07-23 09:15:00,NSE:SBILIFE,861.79999,880.0,859.20001,877.79999,937554.0
2020-07-24 09:15:00,NSE:SBILIFE,873.90002,877.0,863.0,867.40002,784968.0
2020-07-27 09:15:00,NSE:SBILIFE,874.90002,882.20001,856.20001,867.45001,1342667.0
2020-07-28 09:15:00,NSE:SBILIFE,865.0,888.90002,863.34998,883.34998,1005543.0
2020-07-29 09:15:00,NSE:SBILIFE,874.54999,890.0,874.54999,881.09998,935033.0
2020-07-30 09:15:00,NSE:SBILIFE,887.84998,916.0,881.65002,913.54999,2422599.0
2020-07-31 09:15:00,NSE:SBILIFE,921.75,921.75,903.59998,912.84998,1271276.0
2020-08-03 09:15:00,NSE:SBILIFE,911.0,911.0,872.59998,875.09998,1291032.0
2020-08-04 09:15:00,NSE:SBILIFE,881.09998,882.5,868.0,875.79999,707018.0
2020-08-05 09:15:00,NSE:SBILIFE,876.79999,880.65002,858.45001,860.90002,1364745.0
2020-08-06 09:15:00,NSE:SBILIFE,868.70001,878.0,859.45001,875.40002,907558.0
2020-08-07 09:15:00,NSE:SBILIFE,879.90002,883.84998,862.15002,868.59998,827168.0
2020-08-10 09:15:00,NSE:SBILIFE,880.0,882.0,861.79999,865.75,1090544.0
2020-08-11 09:15:00,NSE:SBILIFE,868.0,878.0,857.5,860.59998,971872.0
2020-08-12 09:15:00,NSE:SBILIFE,860.59998,868.5,851.0,856.90002,1068002.0
2020-08-13 09:15:00,NSE:SBILIFE,860.90002,868.0,855.09998,861.5,666359.0
2020-08-14 09:15:00,NSE:SBILIFE,866.90002,866.90002,828.70001,839.29999,1897747.0
2020-08-17 09:15:00,NSE:SBILIFE,845.0,847.15002,838.20001,842.34998,1435985.0
2020-08-18 09:15:00,NSE:SBILIFE,845.95001,864.75,844.59998,860.45001,1170823.0
2020-08-19 09:15:00,NSE:SBILIFE,860.65002,875.59998,860.45001,863.65002,1332731.0
2020-08-20 09:15:00,NSE:SBILIFE,861.0,864.75,849.0,852.84998,660138.0
2020-08-21 09:15:00,NSE:SBILIFE,881.04999,889.79999,859.0,861.25,3651529.0
2020-08-24 09:15:00,NSE:SBILIFE,866.79999,869.90002,851.59998,860.84998,951781.0
2020-08-25 09:15:00,NSE:SBILIFE,862.34998,865.95001,837.84998,847.90002,1877997.0
2020-08-26 09:15:00,NSE:SBILIFE,855.0,855.0,833.65002,839.20001,2151697.0
2020-08-27 09:15:00,NSE:SBILIFE,843.95001,845.79999,835.09998,841.25,945124.0
2020-08-28 09:15:00,NSE:SBILIFE,846.0,858.70001,843.04999,851.54999,1640203.0
2020-08-31 09:15:00,NSE:SBILIFE,855.5,864.0,818.54999,827.75,2086202.0
2020-09-01 09:15:00,NSE:SBILIFE,825.0,840.0,818.04999,835.90002,1148611.0
2020-09-02 09:15:00,NSE:SBILIFE,843.0,865.0,841.29999,850.29999,2006969.0
2020-09-03 09:15:00,NSE:SBILIFE,853.90002,863.75,851.0,852.29999,888552.0
2020-09-04 09:15:00,NSE:SBILIFE,842.0,845.79999,833.0,834.54999,1069706.0
2020-09-07 09:15:00,NSE:SBILIFE,835.5,842.0,826.0,838.45001,808907.0
2020-09-08 09:15:00,NSE:SBILIFE,840.95001,850.84998,830.20001,845.0,1438741.0
2020-09-09 09:15:00,NSE:SBILIFE,837.75,843.5,822.0,830.5,1685144.0
2020-09-10 09:15:00,NSE:SBILIFE,833.90002,848.0,833.09998,845.20001,659109.0
2020-09-11 09:15:00,NSE:SBILIFE,846.0,866.90002,843.75,864.40002,1559677.0
2020-09-14 09:15:00,NSE:SBILIFE,871.0,876.0,850.0,857.09998,1346301.0
2020-09-15 09:15:00,NSE:SBILIFE,861.29999,871.0,853.04999,864.70001,725017.0
2020-09-16 09:15:00,NSE:SBILIFE,865.0,873.5,861.29999,867.65002,823952.0
2020-09-17 09:15:00,NSE:SBILIFE,858.40002,866.40002,852.54999,856.15002,612366.0
2020-09-18 09:15:00,NSE:SBILIFE,856.95001,861.79999,845.04999,848.09998,1245818.0
2020-09-21 09:15:00,NSE:SBILIFE,849.0,851.79999,835.59998,840.09998,875668.0
2020-09-22 09:15:00,NSE:SBILIFE,840.0,840.0,801.59998,831.84998,1265561.0
2020-09-23 09:15:00,NSE:SBILIFE,833.34998,841.5,827.15002,833.0,628823.0
2020-09-24 09:15:00,NSE:SBILIFE,830.59998,832.15002,782.34998,804.40002,14778958.0
2020-09-25 09:15:00,NSE:SBILIFE,796.0,813.5,780.0,797.04999,2252162.0
2020-09-28 09:15:00,NSE:SBILIFE,803.0,816.25,800.0,813.0,1108316.0
2020-09-29 09:15:00,NSE:SBILIFE,819.0,831.40002,802.09998,809.09998,1666688.0
2020-09-30 09:15:00,NSE:SBILIFE,809.40002,814.54999,802.40002,811.45001,701139.0
2020-10-01 09:15:00,NSE:SBILIFE,817.0,824.95001,807.65002,818.90002,941061.0
2020-10-05 09:15:00,NSE:SBILIFE,822.0,835.0,815.0,824.95001,803756.0
2020-10-06 09:15:00,NSE:SBILIFE,826.0,836.0,822.25,830.04999,1211894.0
2020-10-07 09:15:00,NSE:SBILIFE,832.5,836.0,825.04999,827.95001,637358.0
2020-10-08 09:15:00,NSE:SBILIFE,835.25,836.0,818.0,821.04999,1313341.0
2020-10-09 09:15:00,NSE:SBILIFE,826.15002,827.29999,803.5,805.90002,1188895.0
2020-10-12 09:15:00,NSE:SBILIFE,812.90002,812.90002,787.20001,791.65002,1097167.0
2020-10-13 09:15:00,NSE:SBILIFE,790.0,795.0,781.0,786.54999,1142720.0
2020-10-14 09:15:00,NSE:SBILIFE,788.0,813.65002,776.65002,810.59998,2146423.0
2020-10-15 09:15:00,NSE:SBILIFE,810.59998,821.79999,801.75,804.75,1920570.0
2020-10-16 09:15:00,NSE:SBILIFE,802.0,811.0,796.65002,799.54999,683003.0
2020-10-19 09:15:00,NSE:SBILIFE,800.5,808.54999,795.0,798.29999,661678.0
2020-10-20 09:15:00,NSE:SBILIFE,809.25,809.25,790.0,800.75,1616359.0
2020-10-21 09:15:00,NSE:SBILIFE,801.0,804.0,780.79999,785.34998,1763644.0
2020-10-22 09:15:00,NSE:SBILIFE,788.29999,788.29999,771.29999,780.79999,1861965.0
2020-10-23 09:15:00,NSE:SBILIFE,783.15002,789.75,767.0,770.70001,2252467.0
2020-10-26 09:15:00,NSE:SBILIFE,775.0,784.90002,765.09998,778.84998,2638356.0
2020-10-27 09:15:00,NSE:SBILIFE,791.0,791.79999,771.09998,774.45001,2566509.0
2020-10-28 09:15:00,NSE:SBILIFE,777.0,778.20001,766.0,771.0,1156191.0
2020-10-29 09:15:00,NSE:SBILIFE,764.45001,773.0,755.25,761.5,1126691.0
2020-10-30 09:15:00,NSE:SBILIFE,761.5,775.70001,757.29999,769.15002,1156854.0
2020-11-02 09:15:00,NSE:SBILIFE,771.0,778.5,762.20001,766.04999,891886.0
2020-11-03 09:15:00,NSE:SBILIFE,773.54999,797.79999,769.15002,788.90002,1542962.0
2020-11-04 09:15:00,NSE:SBILIFE,796.75,796.75,783.79999,791.0,923658.0
2020-11-05 09:15:00,NSE:SBILIFE,797.0,806.79999,793.0,805.0,1373458.0
2020-11-06 09:15:00,NSE:SBILIFE,805.45001,808.90002,795.0,801.25,1722728.0
2020-11-09 09:15:00,NSE:SBILIFE,808.0,817.84998,801.70001,808.15002,1255422.0
2020-11-10 09:15:00,NSE:SBILIFE,816.20001,832.90002,811.34998,829.40002,1490688.0
2020-11-11 09:15:00,NSE:SBILIFE,833.0,847.0,831.59998,839.54999,1822930.0
2020-11-12 09:15:00,NSE:SBILIFE,840.0,844.40002,825.09998,837.75,1003690.0
2020-11-13 09:15:00,NSE:SBILIFE,837.75,838.95001,824.09998,831.84998,824124.0
2020-11-14 18:00:00,NSE:SBILIFE,844.70001,844.70001,836.15002,840.45001,187698.0
2020-11-17 09:15:00,NSE:SBILIFE,841.0,866.90002,836.29999,863.15002,2140176.0
2020-11-18 09:15:00,NSE:SBILIFE,863.75,868.70001,846.79999,857.95001,968393.0
2020-11-19 09:15:00,NSE:SBILIFE,854.79999,862.79999,838.0,846.75,1466056.0
2020-11-20 09:15:00,NSE:SBILIFE,848.79999,850.0,835.0,845.45001,971981.0
2020-11-23 09:15:00,NSE:SBILIFE,847.20001,854.40002,830.0,831.59998,1668966.0
2020-11-24 09:15:00,NSE:SBILIFE,831.95001,840.0,831.95001,838.95001,874577.0
2020-11-25 09:15:00,NSE:SBILIFE,846.04999,864.65002,844.0,849.04999,2407145.0
2020-11-26 09:15:00,NSE:SBILIFE,853.29999,858.65002,848.29999,851.5,1791878.0
2020-11-27 09:15:00,NSE:SBILIFE,855.0,857.59998,841.0,846.04999,2310173.0
2020-12-01 09:15:00,NSE:SBILIFE,849.90002,855.0,840.20001,851.34998,1027637.0
2020-12-02 09:15:00,NSE:SBILIFE,853.0,879.25,850.29999,875.54999,2097626.0
2020-12-03 09:15:00,NSE:SBILIFE,880.0,881.0,851.40002,858.15002,3804064.0
2020-12-04 09:15:00,NSE:SBILIFE,865.09998,871.0,856.45001,863.0,1654173.0
2020-12-07 09:15:00,NSE:SBILIFE,863.5,866.0,848.0,851.75,2151322.0
2020-12-08 09:15:00,NSE:SBILIFE,854.79999,859.5,848.20001,853.79999,2473148.0
2020-12-09 09:15:00,NSE:SBILIFE,858.0,864.0,854.79999,858.0,1813714.0
2020-12-10 09:15:00,NSE:SBILIFE,861.0,862.90002,855.0,856.04999,2302834.0
2020-12-11 09:15:00,NSE:SBILIFE,860.90002,862.79999,845.40002,849.70001,1939950.0
2020-12-14 09:15:00,NSE:SBILIFE,855.0,858.29999,848.04999,850.20001,1186967.0
2020-12-15 09:15:00,NSE:SBILIFE,851.20001,858.45001,842.04999,856.20001,2044843.0
2020-12-16 09:15:00,NSE:SBILIFE,861.20001,861.5,850.5,857.5,1618300.0
2020-12-17 09:15:00,NSE:SBILIFE,857.5,865.90002,851.59998,856.34998,1650113.0
2020-12-18 09:15:00,NSE:SBILIFE,859.0,864.0,852.79999,857.15002,1469894.0
2020-12-21 09:15:00,NSE:SBILIFE,858.0,864.0,832.54999,840.84998,2239781.0
2020-12-22 09:15:00,NSE:SBILIFE,840.84998,855.59998,825.20001,853.95001,2263176.0
2020-12-23 09:15:00,NSE:SBILIFE,855.5,859.0,847.65002,854.95001,1535665.0
2020-12-24 09:15:00,NSE:SBILIFE,857.90002,879.70001,851.25,873.90002,2659479.0
2020-12-28 09:15:00,NSE:SBILIFE,882.90002,904.5,877.5,901.65002,4187861.0
2020-12-29 09:15:00,NSE:SBILIFE,906.95001,908.95001,890.29999,899.29999,1834129.0
2020-12-30 09:15:00,NSE:SBILIFE,902.0,911.0,890.79999,902.95001,1969826.0
2020-12-31 09:15:00,NSE:SBILIFE,902.0,907.29999,894.25,904.25,1123846.0
2021-01-01 09:15:00,NSE:SBILIFE,903.0,907.04999,894.0,895.40002,798399.0
2021-01-04 09:15:00,NSE:SBILIFE,900.0,917.0,894.5,911.40002,1028233.0
2021-01-05 09:15:00,NSE:SBILIFE,906.45001,919.90002,899.0,905.54999,1209912.0
2021-01-06 09:15:00,NSE:SBILIFE,906.54999,915.0,901.0,910.29999,1214878.0
2021-01-07 09:15:00,NSE:SBILIFE,916.20001,916.5,904.25,914.15002,1109459.0
2021-01-08 09:15:00,NSE:SBILIFE,920.0,954.5,918.0,935.5,4436263.0
2021-01-11 09:15:00,NSE:SBILIFE,940.0,952.5,926.84998,936.25,2146652.0
2021-01-12 09:15:00,NSE:SBILIFE,934.79999,936.0,921.54999,925.0,1573331.0
2021-01-13 09:15:00,NSE:SBILIFE,927.5,949.0,922.5,926.54999,1996557.0
2021-01-14 09:15:00,NSE:SBILIFE,930.09998,931.84998,918.5,925.15002,719918.0
2021-01-15 09:15:00,NSE:SBILIFE,925.15002,929.79999,903.40002,910.25,733660.0
2021-01-18 09:15:00,NSE:SBILIFE,899.0,907.20001,883.20001,892.90002,936905.0
2021-01-19 09:15:00,NSE:SBILIFE,890.5,918.0,890.5,904.40002,1420092.0
2021-01-20 09:15:00,NSE:SBILIFE,905.09998,910.90002,895.0,896.75,1147187.0
2021-01-21 09:15:00,NSE:SBILIFE,907.79999,907.79999,875.0,878.29999,1913821.0
2021-01-22 09:15:00,NSE:SBILIFE,885.5,885.70001,838.0,862.54999,3421388.0
2021-01-25 09:15:00,NSE:SBILIFE,865.90002,882.75,853.0,862.84998,2534590.0
2021-01-27 09:15:00,NSE:SBILIFE,865.29999,885.0,859.09998,881.75,2745728.0
2021-01-28 09:15:00,NSE:SBILIFE,883.0,884.34998,868.84998,872.54999,1855486.0
2021-01-29 09:15:00,NSE:SBILIFE,876.54999,883.04999,858.04999,864.45001,2286478.0
2021-02-01 09:15:00,NSE:SBILIFE,875.0,897.0,852.04999,874.5,3099408.0
2021-02-02 09:15:00,NSE:SBILIFE,888.0,890.0,857.95001,865.34998,2781083.0
2021-02-03 09:15:00,NSE:SBILIFE,870.0,879.95001,858.34998,866.15002,1883217.0
2021-02-04 09:15:00,NSE:SBILIFE,866.15002,870.70001,859.0,863.90002,2094974.0
2021-02-05 09:15:00,NSE:SBILIFE,866.75,870.0,853.65002,864.20001,1766235.0
2021-02-08 09:15:00,NSE:SBILIFE,865.0,871.70001,857.0,859.09998,1899676.0
2021-02-09 09:15:00,NSE:SBILIFE,869.0,895.0,863.0,888.70001,4311868.0
2021-02-10 09:15:00,NSE:SBILIFE,898.0,915.25,894.0,911.34998,4993209.0
2021-02-11 09:15:00,NSE:SBILIFE,909.79999,921.90002,905.54999,907.34998,2184819.0
2021-02-12 09:15:00,NSE:SBILIFE,908.0,913.5,893.45001,896.84998,984794.0
2021-02-15 09:15:00,NSE:SBILIFE,898.0,901.15002,875.0,877.25,1715171.0
2021-02-16 09:15:00,NSE:SBILIFE,877.25,888.29999,869.0,872.0,1634864.0
2021-02-17 09:15:00,NSE:SBILIFE,870.0,883.15002,870.0,877.15002,1496973.0
2021-02-18 09:15:00,NSE:SBILIFE,880.09998,898.84998,878.70001,893.5,2387930.0
2021-02-19 09:15:00,NSE:SBILIFE,898.40002,899.15002,874.25,881.5,1120800.0
2021-02-22 09:15:00,NSE:SBILIFE,880.0,885.0,845.09998,849.04999,1810985.0
2021-02-23 09:15:00,NSE:SBILIFE,853.0,874.40002,849.0,869.70001,1480977.0
2021-02-24 09:15:00,NSE:SBILIFE,870.09998,875.90002,852.70001,871.54999,639659.0
2021-02-25 09:15:00,NSE:SBILIFE,873.20001,882.90002,869.70001,872.40002,1885254.0
2021-02-26 09:15:00,NSE:SBILIFE,860.0,878.95001,858.04999,866.90002,2636891.0
2021-03-01 09:15:00,NSE:SBILIFE,860.0,879.0,852.20001,876.40002,2648545.0
2021-03-02 09:15:00,NSE:SBILIFE,876.75,886.0,870.5,879.15002,1583910.0
2021-03-03 09:15:00,NSE:SBILIFE,888.0,910.0,883.5,906.45001,2127137.0
2021-03-04 09:15:00,NSE:SBILIFE,899.70001,924.79999,892.40002,915.90002,3140379.0
2021-03-05 09:15:00,NSE:SBILIFE,910.0,915.0,894.95001,903.54999,1268992.0
2021-03-08 09:15:00,NSE:SBILIFE,903.59998,930.65002,901.70001,923.84998,1396479.0
2021-03-09 09:15:00,NSE:SBILIFE,950.0,983.75,939.0,971.29999,11031435.0
2021-03-10 09:15:00,NSE:SBILIFE,973.70001,974.0,936.0,940.75,2362998.0
2021-03-12 09:15:00,NSE:SBILIFE,905.04999,936.29999,905.0,914.20001,28967831.0
2021-03-15 09:15:00,NSE:SBILIFE,921.0,926.75,902.0,920.0,4581841.0
2021-03-16 09:15:00,NSE:SBILIFE,918.45001,923.90002,911.0,914.04999,1422174.0
2021-03-17 09:15:00,NSE:SBILIFE,923.90002,923.90002,885.20001,888.95001,3809803.0
2021-03-18 09:15:00,NSE:SBILIFE,895.0,898.0,882.29999,890.45001,2657918.0
2021-03-19 09:15:00,NSE:SBILIFE,887.95001,909.95001,882.29999,906.70001,2849173.0
2021-03-22 09:15:00,NSE:SBILIFE,905.0,909.25,895.34998,900.20001,1660688.0
2021-03-23 09:15:00,NSE:SBILIFE,904.79999,910.84998,895.0,898.90002,1642691.0
2021-03-24 09:15:00,NSE:SBILIFE,893.0,895.0,875.04999,880.70001,1900721.0
2021-03-25 09:15:00,NSE:SBILIFE,875.09998,884.29999,861.0,864.09998,2711471.0
2021-03-26 09:15:00,NSE:SBILIFE,870.0,876.90002,868.09998,873.95001,1194885.0
2021-03-30 09:15:00,NSE:SBILIFE,876.0,881.0,868.0,872.15002,1276847.0
2021-03-31 09:15:00,NSE:SBILIFE,876.0,890.90002,870.95001,880.84998,1929013.0
2021-04-01 09:15:00,NSE:SBILIFE,881.59998,890.04999,876.5,883.45001,1193426.0
2021-04-05 09:15:00,NSE:SBILIFE,885.0,887.0,864.79999,872.54999,1091002.0
2021-04-06 09:15:00,NSE:SBILIFE,872.79999,903.0,865.95001,897.54999,1351799.0
2021-04-07 09:15:00,NSE:SBILIFE,901.0,921.0,898.25,918.5,2860132.0
2021-04-08 09:15:00,NSE:SBILIFE,921.40002,921.40002,905.0,908.5,1342782.0
2021-04-09 09:15:00,NSE:SBILIFE,904.59998,915.95001,900.20001,910.09998,1344813.0
2021-04-12 09:15:00,NSE:SBILIFE,900.65002,905.40002,868.5,872.45001,1485108.0
2021-04-13 09:15:00,NSE:SBILIFE,881.45001,900.75,874.75,897.79999,1174856.0
2021-04-15 09:15:00,NSE:SBILIFE,895.0,912.0,890.0,908.70001,1464475.0
2021-04-16 09:15:00,NSE:SBILIFE,917.0,919.54999,905.59998,914.20001,1310422.0
2021-04-19 09:15:00,NSE:SBILIFE,897.20001,909.90002,888.5,906.25,1580387.0
2021-04-20 09:15:00,NSE:SBILIFE,917.0,931.09998,895.34998,898.95001,3593124.0
2021-04-22 09:15:00,NSE:SBILIFE,900.0,920.65002,895.04999,914.40002,1988641.0
2021-04-23 09:15:00,NSE:SBILIFE,896.34998,941.90002,896.34998,922.84998,3601606.0
2021-04-26 09:15:00,NSE:SBILIFE,919.15002,946.90002,916.0,942.5,3751088.0
2021-04-27 09:15:00,NSE:SBILIFE,946.0,946.79999,925.0,928.75,1926977.0
2021-04-28 09:15:00,NSE:SBILIFE,934.0,934.0,914.15002,930.40002,1904945.0
2021-04-29 09:15:00,NSE:SBILIFE,930.40002,935.0,921.29999,928.20001,830577.0
2021-04-30 09:15:00,NSE:SBILIFE,928.0,940.5,919.79999,928.70001,1326833.0
2021-05-03 09:15:00,NSE:SBILIFE,921.95001,980.0,916.04999,958.59998,5424609.0
2021-05-04 09:15:00,NSE:SBILIFE,998.0,1005.0,942.54999,982.90002,10515809.0
2021-05-05 09:15:00,NSE:SBILIFE,989.95001,1019.8,965.0,973.09998,5475550.0
2021-05-06 09:15:00,NSE:SBILIFE,977.29999,983.45001,961.20001,969.40002,1800692.0
2021-05-07 09:15:00,NSE:SBILIFE,1030.0,1044.7,974.40002,1000.25,11010394.0
2021-05-10 09:15:00,NSE:SBILIFE,1009.3,1017.5,995.0,1005.0,2370879.0
2021-05-11 09:15:00,NSE:SBILIFE,998.0,1015.0,990.5,1000.95,1297672.0
2021-05-12 09:15:00,NSE:SBILIFE,995.54999,1000.9,970.0,972.90002,3513520.0
2021-05-14 09:15:00,NSE:SBILIFE,972.95001,982.0,965.0,978.40002,1331063.0
2021-05-17 09:15:00,NSE:SBILIFE,978.40002,988.79999,961.20001,963.65002,2181641.0
2021-05-18 09:15:00,NSE:SBILIFE,965.90002,976.0,964.20001,968.45001,1342840.0
2021-05-19 09:15:00,NSE:SBILIFE,968.45001,979.90002,963.0,978.04999,1101773.0
2021-05-20 09:15:00,NSE:SBILIFE,981.45001,984.45001,965.79999,969.15002,1463348.0
2021-05-21 09:15:00,NSE:SBILIFE,968.09998,975.70001,965.25,969.25,1245988.0
2021-05-24 09:15:00,NSE:SBILIFE,967.34998,971.95001,960.65002,962.5,1841255.0
2021-05-25 09:15:00,NSE:SBILIFE,967.0,972.59998,963.15002,965.29999,1235079.0
2021-05-26 09:15:00,NSE:SBILIFE,969.0,980.0,969.0,971.75,1719675.0
2021-05-27 09:15:00,NSE:SBILIFE,976.5,986.0,965.54999,982.09998,2428883.0
2021-05-28 09:15:00,NSE:SBILIFE,986.0,987.0,972.0,976.84998,1137566.0
2021-05-31 09:15:00,NSE:SBILIFE,977.0,982.79999,970.65002,975.65002,785669.0
2021-06-01 09:15:00,NSE:SBILIFE,978.40002,982.0,960.09998,966.29999,1420625.0
2021-06-02 09:15:00,NSE:SBILIFE,965.0,993.45001,963.40002,984.40002,2488600.0
2021-06-03 09:15:00,NSE:SBILIFE,986.5,990.84998,981.5,986.84998,1724751.0
2021-06-04 09:15:00,NSE:SBILIFE,994.95001,994.95001,984.0,989.15002,996919.0
2021-06-07 09:15:00,NSE:SBILIFE,995.0,997.95001,987.0,988.5,693875.0
2021-06-08 09:15:00,NSE:SBILIFE,988.0,988.0,963.0,979.84998,3262160.0
2021-06-09 09:15:00,NSE:SBILIFE,978.15002,1007.0,978.15002,998.59998,3809219.0
2021-06-10 09:15:00,NSE:SBILIFE,1005.0,1005.0,992.04999,997.54999,1041345.0
2021-06-11 09:15:00,NSE:SBILIFE,998.90002,1002.5,984.0,988.09998,823207.0
2021-06-14 09:15:00,NSE:SBILIFE,988.09998,992.75,971.34998,986.15002,514960.0
2021-06-15 09:15:00,NSE:SBILIFE,991.79999,1003.75,980.84998,995.84998,1137725.0
2021-06-16 09:15:00,NSE:SBILIFE,999.95001,1003.85,988.34998,991.79999,833286.0
2021-06-17 09:15:00,NSE:SBILIFE,983.0,992.70001,977.0,983.29999,869613.0
2021-06-18 09:15:00,NSE:SBILIFE,1000.7,1000.7,956.75,982.54999,1888723.0
2021-06-21 09:15:00,NSE:SBILIFE,973.0,990.40002,968.34998,981.54999,887943.0
2021-06-22 09:15:00,NSE:SBILIFE,982.0,1011.0,980.04999,1007.0,2289172.0
2021-06-23 09:15:00,NSE:SBILIFE,1010.5,1015.05,999.0,1000.55,1802617.0
2021-06-24 09:15:00,NSE:SBILIFE,1000.1,1005.45,995.0,1002.15,932721.0
2021-06-25 09:15:00,NSE:SBILIFE,997.0,1017.55,991.40002,1007.15,980203.0
2021-06-28 09:15:00,NSE:SBILIFE,1010.5,1019.7,998.0,1002.1,1107325.0
2021-06-29 09:15:00,NSE:SBILIFE,1000.1,1017.3,995.25,999.40002,2486963.0
2021-06-30 09:15:00,NSE:SBILIFE,1002.4,1011.75,998.45001,1008.15,777901.0
2021-07-01 09:15:00,NSE:SBILIFE,1009.0,1017.4,1002.6,1006.9,834379.0
2021-07-02 09:15:00,NSE:SBILIFE,1010.9,1010.9,996.04999,1007.2,581097.0
2021-07-05 09:15:00,NSE:SBILIFE,1014.0,1014.95,1005.8,1009.85,431929.0
2021-07-06 09:15:00,NSE:SBILIFE,1010.95,1032.9,1006.1,1023.15,1693798.0
2021-07-07 09:15:00,NSE:SBILIFE,1023.5,1027.0,1012.55,1014.4,888200.0
2021-07-08 09:15:00,NSE:SBILIFE,1010.75,1026.0,1002.1,1021.6,868890.0
2021-07-09 09:15:00,NSE:SBILIFE,1014.1,1028.0,1012.55,1019.6,930387.0
2021-07-12 09:15:00,NSE:SBILIFE,1019.7,1036.0,1018.95,1033.45,1297301.0
2021-07-13 09:15:00,NSE:SBILIFE,1040.0,1056.5,1036.05,1052.65,2525938.0
2021-07-14 09:15:00,NSE:SBILIFE,1050.0,1060.85,1047.0,1052.4,1596046.0
2021-07-15 09:15:00,NSE:SBILIFE,1053.5,1064.95,1049.35,1052.95,796945.0
2021-07-16 09:15:00,NSE:SBILIFE,1054.0,1057.85,1047.1,1050.25,699003.0
2021-07-19 09:15:00,NSE:SBILIFE,1044.9,1050.25,1027.3,1037.85,643558.0
2021-07-20 09:15:00,NSE:SBILIFE,1037.25,1041.2,1012.8,1014.75,695099.0
2021-07-22 09:15:00,NSE:SBILIFE,1017.0,1038.8,1017.0,1026.0,915518.0
2021-07-23 09:15:00,NSE:SBILIFE,1025.5,1053.95,1023.55,1050.45,1290998.0
2021-07-26 09:15:00,NSE:SBILIFE,1048.0,1104.9,1040.1,1076.65,2151393.0
2021-07-27 09:15:00,NSE:SBILIFE,1098.0,1113.75,1063.0,1105.15,6096747.0
2021-07-28 09:15:00,NSE:SBILIFE,1115.0,1138.8,1093.0,1133.4,4409570.0
2021-07-29 09:15:00,NSE:SBILIFE,1133.0,1148.0,1124.05,1128.85,1555904.0
2021-07-30 09:15:00,NSE:SBILIFE,1123.0,1123.0,1092.0,1098.6,1238229.0
2021-08-02 09:15:00,NSE:SBILIFE,1111.05,1128.5,1101.95,1107.2,1582968.0
2021-08-03 09:15:00,NSE:SBILIFE,1105.25,1134.9,1094.8,1131.7,1033719.0
2021-08-04 09:15:00,NSE:SBILIFE,1130.0,1144.65,1125.0,1136.85,1840302.0
2021-08-05 09:15:00,NSE:SBILIFE,1170.2,1175.7,1125.0,1134.75,6687775.0
2021-08-06 09:15:00,NSE:SBILIFE,1140.0,1154.25,1127.45,1150.7,1654283.0
2021-08-09 09:15:00,NSE:SBILIFE,1151.25,1156.0,1128.85,1136.45,1491795.0
2021-08-10 09:15:00,NSE:SBILIFE,1142.75,1146.0,1120.15,1127.6,1911046.0
2021-08-11 09:15:00,NSE:SBILIFE,1130.0,1142.1,1113.1,1135.4,1458158.0
2021-08-12 09:15:00,NSE:SBILIFE,1136.3,1150.95,1128.55,1134.05,1054244.0
2021-08-13 09:15:00,NSE:SBILIFE,1132.0,1142.5,1131.05,1138.6,712776.0
2021-08-16 09:15:00,NSE:SBILIFE,1132.0,1144.5,1128.35,1139.1,479277.0
2021-08-17 09:15:00,NSE:SBILIFE,1138.0,1151.8,1123.55,1134.8,1991904.0
2021-08-18 09:15:00,NSE:SBILIFE,1135.0,1146.4,1100.2,1114.05,3428721.0
2021-08-20 09:15:00,NSE:SBILIFE,1114.05,1133.5,1100.5,1125.3,2127671.0
2021-08-23 09:15:00,NSE:SBILIFE,1127.0,1140.95,1118.6,1135.45,1251406.0
2021-08-24 09:15:00,NSE:SBILIFE,1140.0,1165.9,1130.65,1160.4,1211218.0
2021-08-25 09:15:00,NSE:SBILIFE,1168.0,1171.65,1150.15,1156.15,893931.0
2021-08-26 09:15:00,NSE:SBILIFE,1151.2,1164.5,1144.85,1151.8,823814.0
2021-08-27 09:15:00,NSE:SBILIFE,1154.8,1192.65,1145.3,1184.05,2469538.0
2021-08-30 09:15:00,NSE:SBILIFE,1189.5,1199.0,1176.55,1180.7,1690833.0
2021-08-31 09:15:00,NSE:SBILIFE,1180.7,1194.5,1171.65,1192.05,1719768.0
2021-09-01 09:15:00,NSE:SBILIFE,1189.0,1222.8,1183.9,1220.5,1955177.0
2021-09-02 09:15:00,NSE:SBILIFE,1229.8,1250.0,1224.2,1243.4,2468599.0
2021-09-03 09:15:00,NSE:SBILIFE,1246.95,1253.65,1226.0,1244.15,1295336.0
2021-09-06 09:15:00,NSE:SBILIFE,1245.0,1248.0,1233.5,1244.65,1166873.0
2021-09-07 09:15:00,NSE:SBILIFE,1245.0,1253.35,1228.25,1238.75,1164891.0
2021-09-08 09:15:00,NSE:SBILIFE,1246.05,1246.95,1211.95,1220.05,1909087.0
2021-09-09 09:15:00,NSE:SBILIFE,1177.0,1199.65,1168.0,1173.2,10115407.0
2021-09-13 09:15:00,NSE:SBILIFE,1179.05,1179.05,1153.35,1165.15,2374250.0
2021-09-14 09:15:00,NSE:SBILIFE,1170.0,1174.0,1158.05,1170.9,1338821.0
2021-09-15 09:15:00,NSE:SBILIFE,1170.9,1176.0,1165.5,1172.45,1875092.0
2021-09-16 09:15:00,NSE:SBILIFE,1174.2,1187.0,1168.0,1184.9,3028407.0
2021-09-17 09:15:00,NSE:SBILIFE,1203.0,1204.8,1183.45,1198.8,4143024.0
2021-09-20 09:15:00,NSE:SBILIFE,1189.85,1198.7,1174.0,1177.5,2117784.0
2021-09-21 09:15:00,NSE:SBILIFE,1189.0,1195.95,1170.9,1184.6,2117913.0
2021-09-22 09:15:00,NSE:SBILIFE,1184.6,1203.55,1177.75,1191.3,1399326.0
2021-09-23 09:15:00,NSE:SBILIFE,1224.0,1224.0,1198.5,1218.3,2659260.0
2021-09-24 09:15:00,NSE:SBILIFE,1219.0,1238.55,1207.6,1222.05,1703375.0
2021-09-27 09:15:00,NSE:SBILIFE,1229.95,1233.0,1208.85,1222.8,728019.0
2021-09-28 09:15:00,NSE:SBILIFE,1222.5,1229.15,1202.3,1210.3,1588306.0
2021-09-29 09:15:00,NSE:SBILIFE,1206.0,1214.8,1196.8,1205.95,1623118.0
2021-09-30 09:15:00,NSE:SBILIFE,1209.15,1219.0,1196.75,1215.1,1234882.0
2021-10-01 09:15:00,NSE:SBILIFE,1204.0,1217.55,1199.4,1209.05,830634.0
2021-10-04 09:15:00,NSE:SBILIFE,1211.0,1240.0,1206.05,1230.85,1664614.0
2021-10-05 09:15:00,NSE:SBILIFE,1231.0,1267.5,1227.0,1261.95,2282814.0
2021-10-06 09:15:00,NSE:SBILIFE,1273.0,1273.9,1205.4,1212.05,2630744.0
2021-10-07 09:15:00,NSE:SBILIFE,1227.0,1234.2,1207.2,1215.05,2674007.0
2021-10-08 09:15:00,NSE:SBILIFE,1224.95,1229.0,1191.95,1196.45,1661548.0
2021-10-11 09:15:00,NSE:SBILIFE,1199.95,1218.5,1199.95,1206.1,822914.0
2021-10-12 09:15:00,NSE:SBILIFE,1209.0,1215.0,1198.15,1210.6,815338.0
2021-10-13 09:15:00,NSE:SBILIFE,1210.6,1218.65,1184.4,1191.75,1281752.0
2021-10-14 09:15:00,NSE:SBILIFE,1192.95,1198.9,1173.8,1185.55,2080766.0
2021-10-18 09:15:00,NSE:SBILIFE,1220.0,1220.0,1185.55,1192.5,934860.0
2021-10-19 09:15:00,NSE:SBILIFE,1193.5,1215.9,1186.55,1193.45,1313098.0
2021-10-20 09:15:00,NSE:SBILIFE,1199.0,1203.0,1155.9,1168.75,2063277.0
2021-10-21 09:15:00,NSE:SBILIFE,1170.0,1184.45,1138.05,1158.3,1985866.0
2021-10-22 09:15:00,NSE:SBILIFE,1168.0,1171.8,1141.7,1167.2,1112991.0
2021-10-25 09:15:00,NSE:SBILIFE,1157.6,1166.95,1126.3,1129.7,1843700.0
2021-10-26 09:15:00,NSE:SBILIFE,1135.0,1178.3,1134.0,1172.05,1572647.0
2021-10-27 09:15:00,NSE:SBILIFE,1175.4,1202.05,1175.3,1186.0,1916766.0
2021-10-28 09:15:00,NSE:SBILIFE,1210.0,1221.75,1158.1,1167.1,3565017.0
2021-10-29 09:15:00,NSE:SBILIFE,1167.1,1180.0,1142.1,1145.55,1518940.0
2021-11-01 09:15:00,NSE:SBILIFE,1148.0,1173.05,1138.55,1163.35,972538.0
2021-11-02 09:15:00,NSE:SBILIFE,1163.35,1172.25,1155.3,1166.05,1159884.0
2021-11-03 09:15:00,NSE:SBILIFE,1170.0,1198.4,1167.0,1178.8,1941052.0
2021-11-04 18:00:00,NSE:SBILIFE,1189.95,1189.95,1172.55,1181.75,119047.0
2021-11-08 09:15:00,NSE:SBILIFE,1183.0,1202.1,1177.35,1200.65,1361707.0
2021-11-09 09:15:00,NSE:SBILIFE,1212.0,1212.0,1192.4,1207.25,1521269.0
2021-11-10 09:15:00,NSE:SBILIFE,1197.1,1204.8,1181.05,1183.75,842679.0
2021-11-11 09:15:00,NSE:SBILIFE,1178.0,1192.1,1150.1,1153.2,1271079.0
2021-11-12 09:15:00,NSE:SBILIFE,1154.0,1177.0,1147.6,1174.9,1281030.0
2021-11-15 09:15:00,NSE:SBILIFE,1177.2,1179.5,1155.5,1159.9,662558.0
2021-11-16 09:15:00,NSE:SBILIFE,1169.9,1174.15,1150.65,1153.0,694696.0
2021-11-17 09:15:00,NSE:SBILIFE,1150.0,1196.95,1150.0,1187.2,2862829.0
2021-11-18 09:15:00,NSE:SBILIFE,1190.0,1205.0,1178.5,1182.05,1527355.0
2021-11-22 09:15:00,NSE:SBILIFE,1182.05,1189.65,1137.15,1150.65,772737.0
2021-11-23 09:15:00,NSE:SBILIFE,1143.6,1159.2,1131.55,1153.5,820238.0
2021-11-24 09:15:00,NSE:SBILIFE,1159.25,1181.35,1152.0,1163.75,1136850.0
2021-11-25 09:15:00,NSE:SBILIFE,1157.75,1174.0,1152.5,1159.5,768462.0
2021-11-26 09:15:00,NSE:SBILIFE,1154.0,1154.0,1105.25,1130.35,2315515.0
2021-11-29 09:15:00,NSE:SBILIFE,1112.0,1147.85,1103.75,1136.25,1120859.0
2021-11-30 09:15:00,NSE:SBILIFE,1135.0,1167.9,1134.15,1160.55,2253521.0
2021-12-01 09:15:00,NSE:SBILIFE,1160.8,1179.45,1155.5,1164.85,1239348.0
2021-12-02 09:15:00,NSE:SBILIFE,1170.65,1190.0,1157.05,1188.05,1030248.0
2021-12-03 09:15:00,NSE:SBILIFE,1177.0,1188.05,1163.7,1165.95,1327943.0
2021-12-06 09:15:00,NSE:SBILIFE,1165.95,1179.0,1145.0,1148.5,936271.0
2021-12-07 09:15:00,NSE:SBILIFE,1157.0,1162.45,1139.0,1159.15,2090791.0
2021-12-08 09:15:00,NSE:SBILIFE,1165.0,1173.0,1158.6,1169.5,2315306.0
2021-12-09 09:15:00,NSE:SBILIFE,1180.0,1184.95,1153.1,1161.35,1136171.0
2021-12-10 09:15:00,NSE:SBILIFE,1161.0,1177.8,1156.8,1175.6,949040.0
2021-12-13 09:15:00,NSE:SBILIFE,1182.0,1204.65,1178.0,1186.65,2187282.0
2021-12-14 09:15:00,NSE:SBILIFE,1179.0,1192.9,1178.15,1188.55,1171502.0
2021-12-15 09:15:00,NSE:SBILIFE,1188.55,1190.65,1162.3,1174.65,857540.0
2021-12-16 09:15:00,NSE:SBILIFE,1178.5,1186.95,1160.15,1163.8,993629.0
2021-12-17 09:15:00,NSE:SBILIFE,1156.0,1161.95,1137.0,1142.55,982598.0
2021-12-20 09:15:00,NSE:SBILIFE,1139.5,1142.55,1100.6,1125.7,1341693.0
2021-12-21 09:15:00,NSE:SBILIFE,1135.6,1141.45,1117.7,1135.25,878721.0
2021-12-22 09:15:00,NSE:SBILIFE,1139.35,1139.9,1118.95,1124.3,846447.0
2021-12-23 09:15:00,NSE:SBILIFE,1134.0,1134.0,1116.15,1125.45,1026376.0
2021-12-24 09:15:00,NSE:SBILIFE,1130.8,1153.65,1126.0,1148.2,1930715.0
2021-12-27 09:15:00,NSE:SBILIFE,1148.0,1165.05,1135.35,1161.95,798129.0
2021-12-28 09:15:00,NSE:SBILIFE,1165.3,1182.5,1161.6,1177.6,776910.0
2021-12-29 09:15:00,NSE:SBILIFE,1177.6,1192.2,1167.0,1185.65,1400668.0
2021-12-30 09:15:00,NSE:SBILIFE,1183.9,1202.7,1180.9,1195.2,1335116.0
2021-12-31 09:15:00,NSE:SBILIFE,1199.0,1204.95,1187.1,1196.0,843128.0
2022-01-03 09:15:00,NSE:SBILIFE,1196.0,1214.45,1196.0,1209.4,925281.0
2022-01-04 09:15:00,NSE:SBILIFE,1206.3,1227.0,1205.5,1220.6,1409464.0
2022-01-05 09:15:00,NSE:SBILIFE,1215.0,1225.0,1213.75,1219.85,378090.0
2022-01-06 09:15:00,NSE:SBILIFE,1208.8,1228.45,1202.15,1205.6,1387627.0
2022-01-07 09:15:00,NSE:SBILIFE,1208.0,1219.25,1206.0,1217.4,1050768.0
2022-01-10 09:15:00,NSE:SBILIFE,1219.0,1240.7,1213.3,1229.1,1379165.0
2022-01-11 09:15:00,NSE:SBILIFE,1230.8,1239.95,1224.1,1233.4,985871.0
2022-01-12 09:15:00,NSE:SBILIFE,1240.0,1255.4,1231.15,1249.4,1371034.0
2022-01-13 09:15:00,NSE:SBILIFE,1255.0,1261.0,1246.0,1258.7,933511.0
2022-01-14 09:15:00,NSE:SBILIFE,1259.0,1272.25,1254.5,1263.6,895522.0
2022-01-17 09:15:00,NSE:SBILIFE,1256.3,1293.25,1256.3,1287.95,1427239.0
2022-01-18 09:15:00,NSE:SBILIFE,1287.95,1293.0,1263.1,1265.9,869578.0
2022-01-19 09:15:00,NSE:SBILIFE,1263.0,1272.1,1240.6,1248.1,625670.0
2022-01-20 09:15:00,NSE:SBILIFE,1248.0,1255.65,1230.95,1238.7,716954.0
2022-01-21 09:15:00,NSE:SBILIFE,1225.0,1263.2,1201.0,1240.65,2421446.0
2022-01-24 09:15:00,NSE:SBILIFE,1240.0,1240.0,1205.15,1225.0,1073781.0
2022-01-25 09:15:00,NSE:SBILIFE,1212.1,1232.9,1210.25,1228.0,1083251.0
2022-01-27 09:15:00,NSE:SBILIFE,1219.0,1221.9,1201.85,1211.65,1793456.0
2022-01-28 09:15:00,NSE:SBILIFE,1210.0,1237.75,1201.0,1205.55,635096.0
2022-01-31 09:15:00,NSE:SBILIFE,1210.0,1238.4,1206.05,1233.25,1771932.0
2022-02-01 09:15:00,NSE:SBILIFE,1250.0,1250.0,1202.6,1214.95,1593083.0
2022-02-02 09:15:00,NSE:SBILIFE,1216.7,1227.55,1211.05,1220.1,937000.0
2022-02-03 09:15:00,NSE:SBILIFE,1218.05,1220.0,1175.6,1185.2,1236574.0
2022-02-04 09:15:00,NSE:SBILIFE,1194.0,1194.0,1165.15,1172.1,856452.0
2022-02-07 09:15:00,NSE:SBILIFE,1161.8,1171.7,1131.9,1144.0,1519928.0
2022-02-08 09:15:00,NSE:SBILIFE,1145.0,1149.0,1117.35,1131.15,1511667.0
2022-02-09 09:15:00,NSE:SBILIFE,1132.0,1140.8,1118.0,1125.7,1741687.0
2022-02-10 09:15:00,NSE:SBILIFE,1125.0,1150.0,1108.0,1146.25,2030639.0
2022-02-11 09:15:00,NSE:SBILIFE,1144.85,1144.85,1124.0,1133.3,1942394.0
2022-02-14 09:15:00,NSE:SBILIFE,1125.0,1127.0,1090.0,1096.3,2448602.0
2022-02-15 09:15:00,NSE:SBILIFE,1096.0,1123.65,1086.2,1119.95,1245681.0
2022-02-16 09:15:00,NSE:SBILIFE,1128.0,1131.5,1102.0,1122.15,1294606.0
2022-02-17 09:15:00,NSE:SBILIFE,1128.0,1132.85,1111.9,1126.35,1182862.0
2022-02-18 09:15:00,NSE:SBILIFE,1124.8,1160.9,1111.35,1150.5,1734791.0
2022-02-21 09:15:00,NSE:SBILIFE,1145.0,1150.5,1123.0,1134.75,1020384.0
2022-02-22 09:15:00,NSE:SBILIFE,1106.0,1126.5,1096.1,1100.95,2115917.0
2022-02-23 09:15:00,NSE:SBILIFE,1108.0,1114.95,1098.7,1101.75,1743770.0
2022-02-24 09:15:00,NSE:SBILIFE,1078.0,1091.5,1040.7,1054.2,2088599.0
2022-02-25 09:15:00,NSE:SBILIFE,1060.0,1077.7,1049.0,1055.6,1415912.0
2022-02-28 09:15:00,NSE:SBILIFE,1049.0,1062.8,1016.85,1060.15,1566146.0
2022-03-02 09:15:00,NSE:SBILIFE,1060.0,1125.0,1056.05,1121.15,3762611.0
2022-03-03 09:15:00,NSE:SBILIFE,1120.1,1126.75,1075.15,1081.3,1105747.0
2022-03-04 09:15:00,NSE:SBILIFE,1071.5,1077.4,1049.75,1057.35,1586668.0
2022-03-07 09:15:00,NSE:SBILIFE,1026.6,1048.8,1023.0,1028.9,852067.0
2022-03-08 09:15:00,NSE:SBILIFE,1009.0,1039.75,1003.5,1031.95,1580056.0
2022-03-09 09:15:00,NSE:SBILIFE,1035.8,1041.95,1020.8,1025.2,1409037.0
2022-03-10 09:15:00,NSE:SBILIFE,1039.0,1057.1,1036.05,1050.05,1580932.0
2022-03-11 09:15:00,NSE:SBILIFE,1050.0,1066.1,1041.65,1058.5,698477.0
2022-03-14 09:15:00,NSE:SBILIFE,1047.0,1072.6,1040.15,1069.7,1278905.0
2022-03-15 09:15:00,NSE:SBILIFE,1069.05,1079.35,1060.0,1070.55,1068905.0
2022-03-16 09:15:00,NSE:SBILIFE,1075.9,1097.8,1075.0,1085.75,1616431.0
2022-03-17 09:15:00,NSE:SBILIFE,1096.0,1140.0,1088.1,1128.55,1867149.0
2022-03-21 09:15:00,NSE:SBILIFE,1139.0,1139.0,1094.0,1095.8,849763.0
2022-03-22 09:15:00,NSE:SBILIFE,1092.5,1101.85,1070.0,1097.65,998586.0
2022-03-23 09:15:00,NSE:SBILIFE,1110.45,1117.7,1079.1,1092.25,1054362.0
2022-03-24 09:15:00,NSE:SBILIFE,1088.0,1097.5,1084.3,1088.95,526345.0
2022-03-25 09:15:00,NSE:SBILIFE,1094.0,1101.3,1085.6,1092.6,598919.0
2022-03-28 09:15:00,NSE:SBILIFE,1092.9,1103.8,1056.0,1077.0,926829.0
2022-03-29 09:15:00,NSE:SBILIFE,1111.0,1114.95,1086.4,1101.25,2864668.0
2022-03-30 09:15:00,NSE:SBILIFE,1110.0,1127.65,1103.5,1121.8,1287813.0
2022-03-31 09:15:00,NSE:SBILIFE,1128.0,1128.0,1114.45,1121.45,749342.0
2022-04-01 09:15:00,NSE:SBILIFE,1119.0,1120.8,1089.0,1113.35,1519104.0
2022-04-04 09:15:00,NSE:SBILIFE,1113.35,1129.9,1104.0,1126.3,1802143.0
2022-04-05 09:15:00,NSE:SBILIFE,1123.05,1130.2,1111.0,1118.35,773451.0
2022-04-06 09:15:00,NSE:SBILIFE,1111.0,1122.45,1101.5,1107.1,1354847.0
2022-04-07 09:15:00,NSE:SBILIFE,1103.5,1115.75,1100.0,1108.85,966698.0
2022-04-08 09:15:00,NSE:SBILIFE,1109.0,1165.0,1109.0,1160.45,2390240.0
2022-04-11 09:15:00,NSE:SBILIFE,1160.0,1160.0,1133.05,1142.5,1318874.0
2022-04-12 09:15:00,NSE:SBILIFE,1141.0,1153.0,1119.05,1149.1,1506254.0
2022-04-13 09:15:00,NSE:SBILIFE,1150.0,1157.9,1140.0,1146.9,509293.0
2022-04-18 09:15:00,NSE:SBILIFE,1145.0,1181.95,1133.6,1173.4,2382085.0
2022-04-19 09:15:00,NSE:SBILIFE,1184.95,1184.95,1112.0,1124.7,971382.0
2022-04-20 09:15:00,NSE:SBILIFE,1127.5,1135.7,1117.7,1128.35,645638.0
2022-04-21 09:15:00,NSE:SBILIFE,1125.2,1148.6,1125.2,1144.55,731288.0
2022-04-22 09:15:00,NSE:SBILIFE,1133.5,1140.0,1122.0,1137.25,824665.0
2022-04-25 09:15:00,NSE:SBILIFE,1120.0,1129.2,1087.45,1091.25,1073577.0
2022-04-26 09:15:00,NSE:SBILIFE,1106.0,1106.0,1083.6,1094.85,922785.0
2022-04-27 09:15:00,NSE:SBILIFE,1093.0,1098.9,1061.2,1074.2,1202603.0
2022-04-28 09:15:00,NSE:SBILIFE,1068.5,1125.0,1066.4,1116.85,1643102.0
2022-04-29 09:15:00,NSE:SBILIFE,1114.5,1132.6,1066.25,1105.5,3259418.0
2022-05-02 09:15:00,NSE:SBILIFE,1088.95,1093.4,1064.2,1081.05,1925857.0
2022-05-04 09:15:00,NSE:SBILIFE,1081.05,1096.95,1065.0,1077.85,1169983.0
2022-05-05 09:15:00,NSE:SBILIFE,1082.0,1115.0,1080.0,1083.65,814132.0
2022-05-06 09:15:00,NSE:SBILIFE,1073.0,1081.0,1052.2,1059.15,1350057.0
2022-05-09 09:15:00,NSE:SBILIFE,1034.0,1074.9,1033.2,1064.45,1201027.0
2022-05-10 09:15:00,NSE:SBILIFE,1070.0,1096.8,1062.0,1081.05,1410429.0
2022-05-11 09:15:00,NSE:SBILIFE,1079.0,1104.45,1079.0,1087.15,1886732.0
2022-05-12 09:15:00,NSE:SBILIFE,1075.5,1081.95,1048.0,1060.6,1457225.0
2022-05-13 09:15:00,NSE:SBILIFE,1075.0,1079.0,1038.55,1044.95,1108831.0
2022-05-16 09:15:00,NSE:SBILIFE,1045.0,1054.0,1034.15,1044.65,590395.0
2022-05-17 09:15:00,NSE:SBILIFE,1042.0,1075.35,1036.3,1070.4,545334.0
2022-05-18 09:15:00,NSE:SBILIFE,1063.5,1085.0,1061.0,1073.9,775879.0
2022-05-19 09:15:00,NSE:SBILIFE,1073.9,1073.9,1047.0,1056.65,1069562.0
2022-05-20 09:15:00,NSE:SBILIFE,1081.0,1083.5,1061.35,1071.35,941175.0
2022-05-23 09:15:00,NSE:SBILIFE,1062.0,1091.9,1062.0,1076.5,620152.0
2022-05-24 09:15:00,NSE:SBILIFE,1072.75,1083.6,1057.25,1073.4,847697.0
2022-05-25 09:15:00,NSE:SBILIFE,1078.0,1116.0,1078.0,1096.0,3185769.0
2022-05-26 09:15:00,NSE:SBILIFE,1097.0,1109.8,1073.4,1105.35,1177148.0
2022-05-27 09:15:00,NSE:SBILIFE,1115.0,1129.4,1102.85,1121.1,687512.0
2022-05-30 09:15:00,NSE:SBILIFE,1125.4,1150.0,1118.85,1148.4,580398.0
2022-05-31 09:15:00,NSE:SBILIFE,1154.0,1180.9,1139.6,1174.15,2649820.0
2022-06-01 09:15:00,NSE:SBILIFE,1162.0,1176.0,1144.05,1152.75,683413.0
2022-06-02 09:15:00,NSE:SBILIFE,1140.2,1148.0,1121.3,1143.75,950691.0
2022-06-03 09:15:00,NSE:SBILIFE,1154.0,1161.85,1138.95,1141.15,917466.0
2022-06-06 09:15:00,NSE:SBILIFE,1135.6,1149.6,1134.1,1142.0,1199089.0
2022-06-07 09:15:00,NSE:SBILIFE,1135.05,1138.0,1113.5,1134.3,848821.0
2022-06-08 09:15:00,NSE:SBILIFE,1144.25,1159.2,1129.2,1136.05,1387431.0
2022-06-09 09:15:00,NSE:SBILIFE,1136.95,1167.25,1130.55,1163.7,1142045.0
2022-06-10 09:15:00,NSE:SBILIFE,1154.75,1163.7,1152.25,1154.9,611509.0
2022-06-13 09:15:00,NSE:SBILIFE,1137.05,1161.8,1130.35,1133.7,1014220.0
2022-06-14 09:15:00,NSE:SBILIFE,1125.0,1145.0,1124.15,1132.1,768306.0
2022-06-15 09:15:00,NSE:SBILIFE,1140.0,1144.7,1122.8,1125.75,947417.0
2022-06-16 09:15:00,NSE:SBILIFE,1131.35,1137.65,1099.9,1105.15,1385141.0
2022-06-17 09:15:00,NSE:SBILIFE,1105.15,1114.35,1075.9,1082.1,1535565.0
2022-06-20 09:15:00,NSE:SBILIFE,1078.15,1092.8,1069.15,1075.95,532685.0
2022-06-21 09:15:00,NSE:SBILIFE,1080.1,1098.5,1077.35,1096.35,659138.0
2022-06-22 09:15:00,NSE:SBILIFE,1095.5,1096.0,1062.6,1070.45,560136.0
2022-06-23 09:15:00,NSE:SBILIFE,1077.0,1083.0,1061.45,1073.85,895014.0
2022-06-24 09:15:00,NSE:SBILIFE,1072.1,1092.9,1072.1,1078.55,492066.0
2022-06-27 09:15:00,NSE:SBILIFE,1083.9,1096.6,1077.05,1084.55,793805.0
2022-06-28 09:15:00,NSE:SBILIFE,1085.0,1090.0,1068.0,1078.05,572706.0
2022-06-29 09:15:00,NSE:SBILIFE,1070.05,1088.0,1051.55,1067.65,1224658.0
2022-06-30 09:15:00,NSE:SBILIFE,1073.5,1092.65,1057.55,1081.6,1569542.0
2022-07-01 09:15:00,NSE:SBILIFE,1085.45,1105.35,1075.0,1099.85,696341.0
2022-07-04 09:15:00,NSE:SBILIFE,1105.0,1122.0,1095.1,1117.65,1436248.0
2022-07-05 09:15:00,NSE:SBILIFE,1118.0,1131.35,1106.95,1111.0,1020111.0
2022-07-06 09:15:00,NSE:SBILIFE,1114.2,1125.0,1111.0,1116.1,602752.0
2022-07-07 09:15:00,NSE:SBILIFE,1121.7,1130.0,1111.15,1124.6,792663.0
2022-07-08 09:15:00,NSE:SBILIFE,1135.8,1149.4,1127.55,1146.9,1135110.0
2022-07-11 09:15:00,NSE:SBILIFE,1145.95,1155.1,1141.05,1147.4,543156.0
2022-07-12 09:15:00,NSE:SBILIFE,1143.0,1147.0,1134.1,1139.75,331672.0
2022-07-13 09:15:00,NSE:SBILIFE,1145.45,1150.8,1137.6,1139.85,368619.0
2022-07-14 09:15:00,NSE:SBILIFE,1143.1,1146.9,1130.05,1138.95,728701.0
2022-07-15 09:15:00,NSE:SBILIFE,1144.65,1158.1,1136.85,1155.45,591171.0
2022-07-18 09:15:00,NSE:SBILIFE,1165.45,1186.85,1157.3,1177.15,1044459.0
2022-07-19 09:15:00,NSE:SBILIFE,1176.4,1185.95,1155.5,1169.95,1099874.0
2022-07-20 09:15:00,NSE:SBILIFE,1175.0,1199.0,1163.5,1186.05,1608377.0
2022-07-21 09:15:00,NSE:SBILIFE,1187.0,1187.0,1163.0,1168.55,1048591.0
2022-07-22 09:15:00,NSE:SBILIFE,1169.55,1176.2,1158.4,1164.95,753148.0
2022-07-25 09:15:00,NSE:SBILIFE,1172.0,1172.0,1139.2,1144.95,934158.0
2022-07-26 09:15:00,NSE:SBILIFE,1142.0,1150.1,1135.0,1138.2,687125.0
2022-07-27 09:15:00,NSE:SBILIFE,1140.0,1177.5,1132.2,1149.35,1554002.0
2022-07-28 09:15:00,NSE:SBILIFE,1155.0,1195.0,1147.5,1191.45,1043318.0
2022-07-29 09:15:00,NSE:SBILIFE,1262.7,1304.7,1241.0,1294.4,7628351.0
2022-08-01 09:15:00,NSE:SBILIFE,1300.0,1317.25,1287.4,1313.3,2973441.0
2022-08-02 09:15:00,NSE:SBILIFE,1310.0,1312.8,1280.45,1285.2,1673860.0
2022-08-03 09:15:00,NSE:SBILIFE,1283.0,1287.55,1258.6,1283.55,1409000.0
2022-08-04 09:15:00,NSE:SBILIFE,1284.1,1286.95,1270.25,1278.8,1015838.0
2022-08-05 09:15:00,NSE:SBILIFE,1285.2,1287.85,1260.95,1266.65,922856.0
2022-08-08 09:15:00,NSE:SBILIFE,1261.2,1272.35,1251.25,1269.9,1002771.0
2022-08-10 09:15:00,NSE:SBILIFE,1270.0,1294.3,1269.05,1273.2,1187710.0
2022-08-11 09:15:00,NSE:SBILIFE,1279.6,1283.95,1259.05,1261.5,943196.0
2022-08-12 09:15:00,NSE:SBILIFE,1255.5,1289.85,1252.5,1286.55,1572048.0
2022-08-16 09:15:00,NSE:SBILIFE,1289.0,1321.0,1287.05,1309.6,1710276.0
2022-08-17 09:15:00,NSE:SBILIFE,1305.0,1321.0,1292.45,1305.35,1209377.0
2022-08-18 09:15:00,NSE:SBILIFE,1306.0,1333.0,1303.35,1324.2,1498235.0
2022-08-19 09:15:00,NSE:SBILIFE,1320.0,1334.7,1293.35,1296.95,961803.0
2022-08-22 09:15:00,NSE:SBILIFE,1292.05,1311.4,1271.15,1276.0,966451.0
2022-08-23 09:15:00,NSE:SBILIFE,1276.0,1292.65,1270.0,1279.25,803737.0
2022-08-24 09:15:00,NSE:SBILIFE,1284.0,1289.95,1272.25,1287.5,684029.0
2022-08-25 09:15:00,NSE:SBILIFE,1288.0,1316.0,1288.0,1297.0,1286241.0
2022-08-26 09:15:00,NSE:SBILIFE,1306.0,1327.5,1306.0,1313.7,869870.0
2022-08-29 09:15:00,NSE:SBILIFE,1256.0,1310.9,1256.0,1298.2,737193.0
2022-08-30 09:15:00,NSE:SBILIFE,1300.1,1333.65,1300.1,1329.1,1086386.0
2022-09-01 09:15:00,NSE:SBILIFE,1291.1,1313.0,1291.0,1296.55,2045072.0
2022-09-02 09:15:00,NSE:SBILIFE,1303.05,1311.0,1282.7,1288.2,1141002.0
2022-09-05 09:15:00,NSE:SBILIFE,1294.65,1296.0,1282.0,1293.4,440939.0
2022-09-06 09:15:00,NSE:SBILIFE,1293.0,1317.0,1285.05,1311.35,1792194.0
2022-09-07 09:15:00,NSE:SBILIFE,1304.0,1337.4,1301.2,1331.55,839563.0
2022-09-08 09:15:00,NSE:SBILIFE,1338.0,1340.35,1304.75,1317.7,1205449.0
2022-09-09 09:15:00,NSE:SBILIFE,1322.05,1326.95,1291.3,1297.45,548609.0
2022-09-12 09:15:00,NSE:SBILIFE,1297.8,1311.0,1295.05,1306.0,1002755.0
2022-09-13 09:15:00,NSE:SBILIFE,1312.55,1335.0,1311.0,1324.4,1160040.0
2022-09-14 09:15:00,NSE:SBILIFE,1304.95,1320.0,1300.0,1303.3,800852.0
2022-09-15 09:15:00,NSE:SBILIFE,1309.85,1317.0,1276.6,1295.0,1441219.0
2022-09-16 09:15:00,NSE:SBILIFE,1289.0,1302.95,1266.0,1272.25,1717631.0
2022-09-19 09:15:00,NSE:SBILIFE,1278.5,1308.0,1272.45,1303.3,859607.0
2022-09-20 09:15:00,NSE:SBILIFE,1309.85,1322.5,1306.65,1309.3,671787.0
2022-09-21 09:15:00,NSE:SBILIFE,1309.3,1318.75,1298.0,1306.3,453755.0
2022-09-22 09:15:00,NSE:SBILIFE,1297.0,1299.95,1269.0,1285.5,932867.0
2022-09-23 09:15:00,NSE:SBILIFE,1274.0,1289.95,1265.55,1273.0,415333.0
2022-09-26 09:15:00,NSE:SBILIFE,1271.8,1271.8,1251.85,1259.8,1271968.0
2022-09-27 09:15:00,NSE:SBILIFE,1266.0,1270.65,1237.3,1242.3,821405.0
2022-09-28 09:15:00,NSE:SBILIFE,1227.5,1250.85,1215.0,1238.8,1102669.0
2022-09-29 09:15:00,NSE:SBILIFE,1245.0,1251.0,1236.0,1239.8,1382993.0
2022-09-30 09:15:00,NSE:SBILIFE,1243.0,1258.0,1234.55,1250.45,1344894.0
2022-10-03 09:15:00,NSE:SBILIFE,1255.6,1256.65,1227.85,1237.25,981699.0
2022-10-04 09:15:00,NSE:SBILIFE,1252.25,1265.0,1250.05,1260.65,420656.0
2022-10-06 09:15:00,NSE:SBILIFE,1267.0,1279.95,1242.45,1245.15,900769.0
2022-10-07 09:15:00,NSE:SBILIFE,1239.1,1256.9,1238.35,1243.2,570691.0
2022-10-10 09:15:00,NSE:SBILIFE,1230.0,1243.95,1218.05,1239.3,539842.0
2022-10-11 09:15:00,NSE:SBILIFE,1240.05,1243.0,1200.15,1206.35,712461.0
2022-10-12 09:15:00,NSE:SBILIFE,1206.0,1220.45,1200.3,1212.2,721135.0
2022-10-13 09:15:00,NSE:SBILIFE,1207.0,1216.55,1185.05,1187.9,689562.0
2022-10-14 09:15:00,NSE:SBILIFE,1201.0,1217.05,1177.6,1179.8,717290.0
2022-10-17 09:15:00,NSE:SBILIFE,1178.0,1198.65,1167.6,1189.8,1615547.0
2022-10-18 09:15:00,NSE:SBILIFE,1195.75,1226.0,1193.15,1219.05,1367703.0
2022-10-19 09:15:00,NSE:SBILIFE,1220.0,1233.8,1213.35,1227.1,947326.0
2022-10-20 09:15:00,NSE:SBILIFE,1220.0,1230.0,1214.0,1222.95,878595.0
2022-10-21 09:15:00,NSE:SBILIFE,1228.45,1250.25,1227.0,1246.35,1020728.0
2022-10-24 18:15:00,NSE:SBILIFE,1268.95,1268.95,1238.8,1257.6,157253.0
2022-10-25 09:15:00,NSE:SBILIFE,1261.6,1278.6,1243.2,1254.85,1260061.0
2022-10-27 09:15:00,NSE:SBILIFE,1255.5,1264.0,1243.55,1252.9,1512949.0
2022-10-28 09:15:00,NSE:SBILIFE,1259.2,1265.35,1244.45,1252.8,528795.0
2022-10-31 09:15:00,NSE:SBILIFE,1259.1,1273.75,1255.3,1265.95,539055.0
2022-11-01 09:15:00,NSE:SBILIFE,1265.95,1286.4,1260.05,1268.75,1038607.0
2022-11-02 09:15:00,NSE:SBILIFE,1275.1,1279.4,1262.5,1272.65,369486.0
2022-11-03 09:15:00,NSE:SBILIFE,1263.0,1281.0,1263.0,1276.05,431610.0
2022-11-04 09:15:00,NSE:SBILIFE,1280.0,1281.85,1259.5,1265.6,336277.0
2022-11-07 09:15:00,NSE:SBILIFE,1271.95,1282.0,1265.4,1278.65,474230.0
2022-11-09 09:15:00,NSE:SBILIFE,1290.0,1290.0,1256.05,1263.8,992095.0
2022-11-10 09:15:00,NSE:SBILIFE,1268.1,1268.1,1225.95,1238.35,497796.0
2022-11-11 09:15:00,NSE:SBILIFE,1251.0,1273.2,1238.35,1250.25,1136441.0
2022-11-14 09:15:00,NSE:SBILIFE,1251.0,1259.9,1239.95,1248.6,772676.0
2022-11-15 09:15:00,NSE:SBILIFE,1248.6,1262.0,1238.5,1259.3,775345.0
2022-11-16 09:15:00,NSE:SBILIFE,1260.0,1265.55,1246.3,1254.9,1280120.0
2022-11-17 09:15:00,NSE:SBILIFE,1255.5,1261.15,1244.0,1254.35,796479.0
2022-11-18 09:15:00,NSE:SBILIFE,1254.35,1261.0,1237.65,1242.75,1253218.0
2022-11-21 09:15:00,NSE:SBILIFE,1230.1,1248.9,1205.5,1226.6,1040107.0
2022-11-22 09:15:00,NSE:SBILIFE,1232.7,1235.95,1219.65,1229.05,750489.0
2022-11-23 09:15:00,NSE:SBILIFE,1234.95,1235.0,1217.15,1226.3,880563.0
2022-11-24 09:15:00,NSE:SBILIFE,1230.0,1245.35,1220.25,1240.65,1717980.0
2022-11-25 09:15:00,NSE:SBILIFE,1248.2,1254.95,1229.1,1235.25,1429364.0
2022-11-28 09:15:00,NSE:SBILIFE,1230.0,1269.5,1227.0,1253.5,1073327.0
2022-11-29 09:15:00,NSE:SBILIFE,1253.5,1273.3,1247.95,1258.4,1070183.0
2022-11-30 09:15:00,NSE:SBILIFE,1258.35,1289.7,1252.75,1282.9,1401332.0
2022-12-01 09:15:00,NSE:SBILIFE,1290.0,1298.15,1276.2,1290.75,949604.0
2022-12-02 09:15:00,NSE:SBILIFE,1292.0,1299.95,1265.0,1295.15,1614314.0
2022-12-05 09:15:00,NSE:SBILIFE,1298.1,1298.1,1273.65,1284.55,684421.0
2022-12-06 09:15:00,NSE:SBILIFE,1286.0,1313.5,1281.55,1285.1,1991151.0
2022-12-07 09:15:00,NSE:SBILIFE,1285.9,1296.6,1259.0,1262.05,636553.0
2022-12-08 09:15:00,NSE:SBILIFE,1242.0,1268.75,1242.0,1266.85,608199.0
2022-12-09 09:15:00,NSE:SBILIFE,1277.0,1277.0,1257.05,1269.65,679420.0
2022-12-12 09:15:00,NSE:SBILIFE,1268.95,1273.0,1253.05,1263.2,498780.0
2022-12-13 09:15:00,NSE:SBILIFE,1265.5,1280.35,1259.25,1277.8,598044.0
2022-12-14 09:15:00,NSE:SBILIFE,1285.0,1286.0,1266.6,1269.75,609946.0
2022-12-15 09:15:00,NSE:SBILIFE,1274.95,1295.0,1268.65,1273.5,1303760.0
2022-12-16 09:15:00,NSE:SBILIFE,1263.0,1278.75,1250.6,1254.15,722024.0
2022-12-19 09:15:00,NSE:SBILIFE,1254.2,1270.9,1251.35,1267.5,378502.0
2022-12-20 09:15:00,NSE:SBILIFE,1260.0,1269.0,1229.05,1231.25,1478618.0
2022-12-21 09:15:00,NSE:SBILIFE,1231.05,1244.8,1221.6,1234.35,1281437.0
2022-12-22 09:15:00,NSE:SBILIFE,1234.4,1249.0,1229.15,1244.75,1176517.0
2022-12-23 09:15:00,NSE:SBILIFE,1239.3,1248.0,1216.75,1224.6,877135.0
2022-12-26 09:15:00,NSE:SBILIFE,1222.95,1249.35,1205.0,1243.3,567165.0
2022-12-27 09:15:00,NSE:SBILIFE,1243.5,1254.75,1235.1,1241.05,471890.0
2022-12-28 09:15:00,NSE:SBILIFE,1241.0,1249.9,1232.1,1242.05,376439.0
2022-12-29 09:15:00,NSE:SBILIFE,1238.0,1262.8,1229.05,1258.6,678487.0
2022-12-30 09:15:00,NSE:SBILIFE,1262.0,1263.8,1228.8,1231.3,1052741.0
2023-01-02 09:15:00,NSE:SBILIFE,1230.0,1247.65,1222.0,1240.05,703923.0
2023-01-03 09:15:00,NSE:SBILIFE,1244.7,1275.0,1226.4,1268.4,1871263.0
2023-01-04 09:15:00,NSE:SBILIFE,1268.35,1282.3,1253.05,1259.05,1073081.0
2023-01-05 09:15:00,NSE:SBILIFE,1260.65,1274.55,1255.05,1267.65,878852.0
2023-01-06 09:15:00,NSE:SBILIFE,1270.95,1287.35,1266.5,1269.05,1675874.0
2023-01-09 09:15:00,NSE:SBILIFE,1275.4,1313.9,1271.15,1306.35,1432882.0
2023-01-10 09:15:00,NSE:SBILIFE,1306.35,1313.65,1297.9,1302.6,1000059.0
2023-01-11 09:15:00,NSE:SBILIFE,1309.15,1309.15,1287.35,1291.3,652049.0
2023-01-12 09:15:00,NSE:SBILIFE,1291.3,1320.0,1291.3,1315.7,1377949.0
2023-01-13 09:15:00,NSE:SBILIFE,1319.0,1326.0,1306.0,1312.95,1214977.0
2023-01-16 09:15:00,NSE:SBILIFE,1319.55,1322.75,1295.0,1300.9,600742.0
2023-01-17 09:15:00,NSE:SBILIFE,1304.7,1310.4,1294.5,1298.45,895667.0
2023-01-18 09:15:00,NSE:SBILIFE,1309.0,1322.0,1302.15,1310.65,1078873.0
2023-01-19 09:15:00,NSE:SBILIFE,1313.0,1330.0,1303.6,1323.1,1189082.0
2023-01-20 09:15:00,NSE:SBILIFE,1324.05,1325.95,1292.35,1296.1,966855.0
2023-01-23 09:15:00,NSE:SBILIFE,1285.0,1318.15,1280.0,1295.4,1367408.0
2023-01-24 09:15:00,NSE:SBILIFE,1296.0,1301.0,1270.2,1273.25,657428.0
2023-01-25 09:15:00,NSE:SBILIFE,1273.2,1278.8,1250.05,1257.45,599832.0
2023-01-27 09:15:00,NSE:SBILIFE,1263.7,1291.5,1230.0,1250.25,1164597.0
2023-01-30 09:15:00,NSE:SBILIFE,1222.0,1244.45,1215.6,1233.45,1694822.0
2023-01-31 09:15:00,NSE:SBILIFE,1243.7,1243.7,1212.55,1219.55,1760628.0
2023-02-01 09:15:00,NSE:SBILIFE,1219.55,1228.75,1068.85,1109.4,8470232.0
2023-02-02 09:15:00,NSE:SBILIFE,1090.2,1155.0,1088.75,1107.5,8566734.0
2023-02-03 09:15:00,NSE:SBILIFE,1115.0,1145.65,1115.0,1138.05,4061171.0
2023-02-06 09:15:00,NSE:SBILIFE,1127.2,1146.85,1115.0,1138.4,2909587.0
2023-02-07 09:15:00,NSE:SBILIFE,1143.0,1147.85,1124.45,1131.75,1741642.0
2023-02-08 09:15:00,NSE:SBILIFE,1140.0,1172.0,1135.15,1164.5,3265863.0
2023-02-09 09:15:00,NSE:SBILIFE,1170.6,1185.0,1162.75,1180.45,2186484.0
2023-02-10 09:15:00,NSE:SBILIFE,1179.85,1187.5,1167.05,1184.5,1655228.0
2023-02-13 09:15:00,NSE:SBILIFE,1180.2,1187.95,1173.05,1179.1,812659.0
2023-02-14 09:15:00,NSE:SBILIFE,1178.0,1181.45,1155.1,1161.7,990530.0
2023-02-15 09:15:00,NSE:SBILIFE,1160.9,1183.85,1150.0,1180.35,1243115.0
2023-02-16 09:15:00,NSE:SBILIFE,1186.3,1186.3,1169.55,1174.1,356750.0
2023-02-17 09:15:00,NSE:SBILIFE,1175.6,1175.6,1137.25,1149.7,909951.0
2023-02-20 09:15:00,NSE:SBILIFE,1144.0,1170.65,1141.15,1158.4,488052.0
2023-02-21 09:15:00,NSE:SBILIFE,1164.2,1168.0,1144.2,1150.35,610755.0
2023-02-22 09:15:00,NSE:SBILIFE,1148.9,1148.95,1125.15,1131.15,944068.0
2023-02-23 09:15:00,NSE:SBILIFE,1136.85,1141.9,1123.85,1135.4,768179.0
2023-02-24 09:15:00,NSE:SBILIFE,1136.1,1142.35,1119.2,1122.05,973799.0
2023-02-27 09:15:00,NSE:SBILIFE,1122.05,1135.0,1110.45,1129.15,987563.0
2023-02-28 09:15:00,NSE:SBILIFE,1131.4,1134.9,1109.05,1121.0,1219508.0
2023-03-01 09:15:00,NSE:SBILIFE,1126.65,1126.65,1108.8,1118.15,675500.0
2023-03-02 09:15:00,NSE:SBILIFE,1121.7,1123.0,1098.1,1100.15,491880.0
2023-03-03 09:15:00,NSE:SBILIFE,1100.15,1132.7,1100.15,1129.25,922485.0
2023-03-06 09:15:00,NSE:SBILIFE,1132.0,1145.95,1125.0,1128.7,920574.0
2023-03-08 09:15:00,NSE:SBILIFE,1130.0,1141.3,1110.7,1129.2,959097.0
2023-03-09 09:15:00,NSE:SBILIFE,1129.2,1134.7,1092.0,1096.7,1239659.0
2023-03-10 09:15:00,NSE:SBILIFE,1093.0,1100.55,1083.95,1095.9,893708.0
2023-03-13 09:15:00,NSE:SBILIFE,1092.0,1101.4,1066.15,1072.5,875379.0
2023-03-14 09:15:00,NSE:SBILIFE,1074.8,1092.55,1071.0,1077.1,1089923.0
2023-03-15 09:15:00,NSE:SBILIFE,1080.0,1081.4,1062.0,1067.05,1566147.0
2023-03-16 09:15:00,NSE:SBILIFE,1071.95,1088.55,1054.6,1062.65,1023855.0
2023-03-17 09:15:00,NSE:SBILIFE,1068.0,1091.1,1066.15,1071.6,1569036.0
2023-03-20 09:15:00,NSE:SBILIFE,1071.6,1089.95,1054.0,1074.1,842875.0
2023-03-21 09:15:00,NSE:SBILIFE,1075.05,1099.7,1075.05,1097.7,842669.0
2023-03-22 09:15:00,NSE:SBILIFE,1119.5,1127.65,1103.05,1113.1,1399723.0
2023-03-23 09:15:00,NSE:SBILIFE,1113.8,1125.55,1105.0,1118.65,463672.0
2023-03-24 09:15:00,NSE:SBILIFE,1110.0,1121.85,1088.5,1112.2,1019781.0
2023-03-27 09:15:00,NSE:SBILIFE,1109.7,1116.6,1095.1,1099.3,1078978.0
2023-03-28 09:15:00,NSE:SBILIFE,1104.8,1106.5,1088.05,1091.3,609715.0
2023-03-29 09:15:00,NSE:SBILIFE,1094.0,1106.0,1083.25,1098.7,890212.0
2023-03-31 09:15:00,NSE:SBILIFE,1100.2,1112.95,1097.25,1101.1,959958.0
2023-04-03 09:15:00,NSE:SBILIFE,1100.0,1126.8,1091.8,1103.8,1689388.0
2023-04-05 09:15:00,NSE:SBILIFE,1109.55,1118.9,1100.45,1105.55,713828.0
2023-04-06 09:15:00,NSE:SBILIFE,1108.9,1120.0,1105.0,1116.25,959185.0
2023-04-10 09:15:00,NSE:SBILIFE,1119.4,1119.45,1104.05,1106.25,985731.0
2023-04-11 09:15:00,NSE:SBILIFE,1110.9,1131.85,1108.4,1112.65,913188.0
2023-04-12 09:15:00,NSE:SBILIFE,1118.5,1130.0,1112.1,1126.85,784276.0
2023-04-13 09:15:00,NSE:SBILIFE,1126.85,1139.0,1123.5,1130.25,1508398.0
2023-04-17 09:15:00,NSE:SBILIFE,1120.0,1150.75,1119.0,1145.35,1053536.0
2023-04-18 09:15:00,NSE:SBILIFE,1145.35,1153.3,1140.1,1145.55,521013.0
2023-04-19 09:15:00,NSE:SBILIFE,1140.0,1145.25,1120.5,1123.4,1033060.0
2023-04-20 09:15:00,NSE:SBILIFE,1123.4,1131.8,1112.5,1128.85,663526.0
2023-04-21 09:15:00,NSE:SBILIFE,1136.6,1136.6,1103.35,1106.55,835506.0
2023-04-24 09:15:00,NSE:SBILIFE,1106.0,1113.65,1090.6,1105.7,1337055.0
2023-04-25 09:15:00,NSE:SBILIFE,1106.0,1122.15,1101.05,1105.85,1099269.0
2023-04-26 09:15:00,NSE:SBILIFE,1106.0,1122.0,1104.0,1118.3,993607.0
2023-04-27 09:15:00,NSE:SBILIFE,1138.75,1145.0,1125.0,1137.05,1895316.0
2023-04-28 09:15:00,NSE:SBILIFE,1148.0,1148.0,1130.15,1140.1,1380448.0
2023-05-02 09:15:00,NSE:SBILIFE,1147.0,1158.25,1144.35,1150.9,916515.0
2023-05-03 09:15:00,NSE:SBILIFE,1148.5,1150.1,1134.3,1136.9,623440.0
2023-05-04 09:15:00,NSE:SBILIFE,1136.95,1169.9,1136.95,1167.45,2409910.0
2023-05-05 09:15:00,NSE:SBILIFE,1172.0,1183.25,1167.5,1173.7,1360996.0
2023-05-08 09:15:00,NSE:SBILIFE,1178.0,1185.7,1168.0,1182.35,1221625.0
2023-05-09 09:15:00,NSE:SBILIFE,1183.95,1189.95,1176.9,1183.15,1412254.0
2023-05-10 09:15:00,NSE:SBILIFE,1184.4,1195.0,1181.35,1188.8,1420187.0
2023-05-11 09:15:00,NSE:SBILIFE,1189.1,1195.8,1179.05,1185.4,621616.0
2023-05-12 09:15:00,NSE:SBILIFE,1180.0,1193.95,1174.0,1187.05,1158276.0
2023-05-15 09:15:00,NSE:SBILIFE,1181.1,1194.5,1181.1,1189.45,680497.0
2023-05-16 09:15:00,NSE:SBILIFE,1196.0,1201.8,1174.2,1180.75,926172.0
2023-05-17 09:15:00,NSE:SBILIFE,1182.8,1184.95,1159.2,1162.6,688730.0
2023-05-18 09:15:00,NSE:SBILIFE,1162.6,1172.85,1150.5,1152.7,1133501.0
2023-05-19 09:15:00,NSE:SBILIFE,1152.7,1157.7,1142.55,1154.15,333053.0
2023-05-22 09:15:00,NSE:SBILIFE,1157.45,1159.9,1149.2,1150.8,392404.0
2023-05-23 09:15:00,NSE:SBILIFE,1147.0,1167.85,1144.85,1165.6,1139676.0
2023-05-24 09:15:00,NSE:SBILIFE,1169.5,1177.15,1158.8,1175.35,995336.0
2023-05-25 09:15:00,NSE:SBILIFE,1175.35,1182.0,1171.5,1177.35,1136179.0
2023-05-26 09:15:00,NSE:SBILIFE,1175.0,1203.7,1173.15,1195.75,703725.0
2023-05-29 09:15:00,NSE:SBILIFE,1198.95,1231.9,1197.1,1218.1,1370649.0
2023-05-30 09:15:00,NSE:SBILIFE,1214.65,1217.8,1200.85,1215.9,745769.0
2023-05-31 09:15:00,NSE:SBILIFE,1215.55,1239.65,1211.95,1235.0,2382996.0
2023-06-01 09:15:00,NSE:SBILIFE,1241.5,1243.0,1204.4,1207.75,1041761.0
2023-06-02 09:15:00,NSE:SBILIFE,1211.8,1216.2,1199.25,1202.5,737046.0
2023-06-05 09:15:00,NSE:SBILIFE,1208.0,1219.0,1205.0,1215.4,1599077.0
2023-06-06 09:15:00,NSE:SBILIFE,1219.85,1225.0,1210.1,1223.0,793761.0
2023-06-07 09:15:00,NSE:SBILIFE,1225.3,1248.0,1221.0,1245.8,1067618.0
2023-06-08 09:15:00,NSE:SBILIFE,1247.7,1254.75,1234.05,1238.9,760962.0
2023-06-09 09:15:00,NSE:SBILIFE,1227.6,1253.6,1227.5,1232.4,1904738.0
2023-06-12 09:15:00,NSE:SBILIFE,1242.2,1256.3,1234.85,1238.9,1402903.0
2023-06-13 09:15:00,NSE:SBILIFE,1238.0,1248.8,1238.0,1243.3,1253147.0
2023-06-14 09:15:00,NSE:SBILIFE,1240.1,1254.95,1227.65,1242.3,713768.0
2023-06-15 09:15:00,NSE:SBILIFE,1245.0,1250.6,1236.45,1241.1,738348.0
2023-06-16 09:15:00,NSE:SBILIFE,1241.0,1291.95,1236.05,1281.35,2049003.0
2023-06-19 09:15:00,NSE:SBILIFE,1281.35,1288.15,1275.0,1280.5,741782.0
2023-06-20 09:15:00,NSE:SBILIFE,1281.85,1306.8,1280.5,1295.35,1474323.0
2023-06-21 09:15:00,NSE:SBILIFE,1295.35,1306.3,1286.25,1294.95,855234.0
2023-06-22 09:15:00,NSE:SBILIFE,1295.9,1306.0,1272.95,1276.5,556505.0
2023-06-23 09:15:00,NSE:SBILIFE,1271.2,1274.9,1260.5,1262.7,1076729.0
2023-06-26 09:15:00,NSE:SBILIFE,1266.95,1276.2,1263.2,1266.35,1009927.0
2023-06-27 09:15:00,NSE:SBILIFE,1268.5,1290.0,1258.15,1286.4,1650539.0
2023-06-28 09:15:00,NSE:SBILIFE,1290.0,1312.6,1285.0,1299.9,2245575.0
2023-06-30 09:15:00,NSE:SBILIFE,1301.05,1315.45,1301.0,1306.9,972782.0
2023-07-03 09:15:00,NSE:SBILIFE,1307.95,1312.0,1291.0,1297.95,599025.0
2023-07-04 09:15:00,NSE:SBILIFE,1320.0,1320.05,1282.85,1289.25,866223.0
2023-07-05 09:15:00,NSE:SBILIFE,1289.55,1316.7,1285.1,1291.55,960704.0
2023-07-06 09:15:00,NSE:SBILIFE,1298.0,1311.75,1289.35,1292.95,726222.0
2023-07-07 09:15:00,NSE:SBILIFE,1292.6,1318.0,1288.45,1294.0,939840.0
2023-07-10 09:15:00,NSE:SBILIFE,1300.7,1302.0,1283.2,1293.3,675354.0
2023-07-11 09:15:00,NSE:SBILIFE,1298.75,1308.75,1289.5,1295.0,821816.0
2023-07-12 09:15:00,NSE:SBILIFE,1291.0,1306.6,1291.0,1300.6,905809.0
2023-07-13 09:15:00,NSE:SBILIFE,1312.0,1336.0,1305.05,1313.95,1579954.0
2023-07-14 09:15:00,NSE:SBILIFE,1320.5,1326.05,1311.35,1320.3,1321159.0
2023-07-17 09:15:00,NSE:SBILIFE,1321.0,1328.55,1296.75,1314.5,1055414.0
2023-07-18 09:15:00,NSE:SBILIFE,1315.0,1322.3,1305.65,1314.55,1427102.0
2023-07-19 09:15:00,NSE:SBILIFE,1314.6,1321.55,1307.25,1310.45,659900.0
2023-07-20 09:15:00,NSE:SBILIFE,1315.0,1321.6,1303.15,1314.05,898725.0
2023-07-21 09:15:00,NSE:SBILIFE,1314.8,1322.75,1288.0,1290.7,524241.0
2023-07-24 09:15:00,NSE:SBILIFE,1290.7,1324.4,1287.9,1317.15,1183272.0
2023-07-25 09:15:00,NSE:SBILIFE,1318.0,1320.0,1290.1,1301.1,1362929.0
2023-07-26 09:15:00,NSE:SBILIFE,1290.0,1299.95,1275.25,1292.65,2302730.0
2023-07-27 09:15:00,NSE:SBILIFE,1295.0,1312.0,1292.75,1296.5,1946045.0
2023-07-28 09:15:00,NSE:SBILIFE,1301.95,1301.95,1281.3,1289.75,1051700.0
2023-07-31 09:15:00,NSE:SBILIFE,1296.95,1296.95,1270.0,1282.15,1061701.0
2023-08-01 09:15:00,NSE:SBILIFE,1285.0,1285.0,1261.1,1279.95,1219778.0
2023-08-02 09:15:00,NSE:SBILIFE,1280.0,1284.9,1252.45,1262.25,888107.0
2023-08-03 09:15:00,NSE:SBILIFE,1259.95,1274.8,1251.65,1253.75,871719.0
2023-08-04 09:15:00,NSE:SBILIFE,1258.95,1287.15,1254.0,1267.9,1609140.0
2023-08-07 09:15:00,NSE:SBILIFE,1273.0,1305.7,1266.55,1302.55,1719680.0
2023-08-08 09:15:00,NSE:SBILIFE,1306.9,1358.75,1293.75,1349.35,3458915.0
2023-08-09 09:15:00,NSE:SBILIFE,1366.0,1374.0,1343.0,1349.35,1746764.0
2023-08-10 09:15:00,NSE:SBILIFE,1344.95,1358.9,1330.1,1334.35,841571.0
2023-08-11 09:15:00,NSE:SBILIFE,1340.0,1340.0,1304.9,1311.5,891342.0
2023-08-14 09:15:00,NSE:SBILIFE,1314.0,1315.95,1291.95,1297.1,888959.0
2023-08-16 09:15:00,NSE:SBILIFE,1295.0,1299.95,1281.0,1291.3,395774.0
2023-08-17 09:15:00,NSE:SBILIFE,1286.5,1289.95,1276.25,1284.45,843146.0
2023-08-18 09:15:00,NSE:SBILIFE,1278.55,1285.85,1266.0,1282.45,886254.0
2023-08-21 09:15:00,NSE:SBILIFE,1282.95,1289.8,1274.3,1278.55,703317.0
2023-08-22 09:15:00,NSE:SBILIFE,1284.35,1313.2,1278.75,1286.75,1405263.0
2023-08-23 09:15:00,NSE:SBILIFE,1289.95,1304.5,1286.25,1300.25,583458.0
2023-08-24 09:15:00,NSE:SBILIFE,1299.9,1311.65,1290.15,1293.75,618797.0
2023-08-25 09:15:00,NSE:SBILIFE,1293.05,1298.55,1282.45,1296.4,487521.0
2023-08-28 09:15:00,NSE:SBILIFE,1300.0,1307.0,1289.55,1291.55,764751.0
2023-08-29 09:15:00,NSE:SBILIFE,1292.0,1301.65,1290.0,1297.2,1011094.0
2023-08-30 09:15:00,NSE:SBILIFE,1301.95,1307.85,1293.3,1300.6,812860.0
2023-08-31 09:15:00,NSE:SBILIFE,1304.85,1308.6,1286.5,1292.55,1390078.0
2023-09-01 09:15:00,NSE:SBILIFE,1297.95,1327.1,1293.2,1320.55,761000.0
2023-09-04 09:15:00,NSE:SBILIFE,1328.5,1332.45,1301.5,1328.35,542261.0
2023-09-05 09:15:00,NSE:SBILIFE,1328.35,1338.95,1305.65,1309.45,1922115.0
2023-09-06 09:15:00,NSE:SBILIFE,1310.0,1329.0,1305.45,1319.8,1461738.0
2023-09-07 09:15:00,NSE:SBILIFE,1320.0,1351.3,1311.45,1347.5,1468196.0
2023-09-08 09:15:00,NSE:SBILIFE,1348.0,1349.45,1334.35,1341.45,1214231.0
2023-09-11 09:15:00,NSE:SBILIFE,1344.45,1356.85,1337.0,1350.15,844034.0
2023-09-12 09:15:00,NSE:SBILIFE,1352.8,1352.8,1331.3,1346.5,1139357.0
2023-09-13 09:15:00,NSE:SBILIFE,1350.0,1351.05,1328.25,1345.5,438029.0
2023-09-14 09:15:00,NSE:SBILIFE,1345.5,1360.75,1342.25,1352.75,889229.0
2023-09-15 09:15:00,NSE:SBILIFE,1355.3,1374.85,1352.0,1372.65,878944.0
2023-09-18 09:15:00,NSE:SBILIFE,1375.0,1393.0,1367.55,1373.7,1324270.0
2023-09-20 09:15:00,NSE:SBILIFE,1370.0,1376.8,1340.35,1345.2,574012.0
2023-09-21 09:15:00,NSE:SBILIFE,1345.5,1351.9,1328.05,1334.2,783641.0
2023-09-22 09:15:00,NSE:SBILIFE,1326.05,1337.6,1316.0,1318.85,1084861.0
2023-09-25 09:15:00,NSE:SBILIFE,1318.8,1340.0,1289.1,1294.15,908011.0
2023-09-26 09:15:00,NSE:SBILIFE,1295.5,1302.35,1285.2,1289.7,749346.0
2023-09-27 09:15:00,NSE:SBILIFE,1283.3,1304.0,1277.95,1301.0,643756.0
2023-09-28 09:15:00,NSE:SBILIFE,1301.0,1308.5,1284.5,1289.4,1026081.0
2023-09-29 09:15:00,NSE:SBILIFE,1289.95,1312.0,1289.0,1305.4,1294800.0
2023-10-03 09:15:00,NSE:SBILIFE,1302.15,1302.15,1282.65,1292.45,1282289.0
2023-10-04 09:15:00,NSE:SBILIFE,1291.6,1297.7,1264.35,1270.55,1139615.0
2023-10-05 09:15:00,NSE:SBILIFE,1271.0,1282.1,1264.95,1274.45,979561.0
2023-10-06 09:15:00,NSE:SBILIFE,1276.0,1287.55,1272.0,1282.95,784191.0
2023-10-09 09:15:00,NSE:SBILIFE,1278.1,1290.75,1272.0,1277.25,1345177.0
2023-10-10 09:15:00,NSE:SBILIFE,1285.0,1312.6,1279.8,1302.05,1221002.0
2023-10-11 09:15:00,NSE:SBILIFE,1310.0,1310.95,1291.15,1309.35,1374812.0
2023-10-12 09:15:00,NSE:SBILIFE,1311.95,1317.4,1300.95,1313.65,726322.0
2023-10-13 09:15:00,NSE:SBILIFE,1315.85,1329.65,1312.85,1316.45,916350.0
2023-10-16 09:15:00,NSE:SBILIFE,1319.2,1332.2,1310.55,1322.2,578729.0
2023-10-17 09:15:00,NSE:SBILIFE,1325.0,1351.1,1325.0,1348.35,1073063.0
2023-10-18 09:15:00,NSE:SBILIFE,1344.05,1358.6,1339.0,1356.35,454861.0
2023-10-19 09:15:00,NSE:SBILIFE,1349.0,1353.6,1338.6,1348.15,595436.0
2023-10-20 09:15:00,NSE:SBILIFE,1340.0,1368.65,1336.5,1362.65,936229.0
2023-10-23 09:15:00,NSE:SBILIFE,1359.95,1366.55,1329.05,1338.4,976136.0
2023-10-25 09:15:00,NSE:SBILIFE,1323.05,1346.1,1308.65,1314.15,945901.0
2023-10-26 09:15:00,NSE:SBILIFE,1315.8,1315.8,1290.75,1305.6,1107874.0
2023-10-27 09:15:00,NSE:SBILIFE,1307.6,1320.7,1293.65,1302.9,654531.0
2023-10-30 09:15:00,NSE:SBILIFE,1305.2,1330.7,1305.0,1326.2,1242401.0
2023-10-31 09:15:00,NSE:SBILIFE,1325.0,1375.4,1319.5,1367.85,2287988.0
2023-11-01 09:15:00,NSE:SBILIFE,1371.05,1377.95,1332.4,1336.05,968893.0
2023-11-02 09:15:00,NSE:SBILIFE,1342.0,1357.75,1340.15,1343.5,637519.0
2023-11-03 09:15:00,NSE:SBILIFE,1344.8,1349.95,1326.1,1329.35,690163.0
2023-11-06 09:15:00,NSE:SBILIFE,1335.0,1340.7,1323.4,1331.85,377106.0
2023-11-07 09:15:00,NSE:SBILIFE,1332.5,1344.05,1320.4,1340.85,1038346.0
2023-11-08 09:15:00,NSE:SBILIFE,1342.15,1349.35,1334.7,1345.5,498283.0
2023-11-09 09:15:00,NSE:SBILIFE,1345.1,1353.35,1335.45,1350.7,493454.0
2023-11-10 09:15:00,NSE:SBILIFE,1351.8,1360.0,1341.0,1355.4,639801.0
2023-11-12 18:15:00,NSE:SBILIFE,1364.5,1370.5,1353.1,1359.95,67960.0
2023-11-13 09:15:00,NSE:SBILIFE,1351.5,1359.7,1325.0,1328.35,1332535.0
2023-11-15 09:15:00,NSE:SBILIFE,1348.95,1359.0,1332.05,1357.1,742427.0
2023-11-16 09:15:00,NSE:SBILIFE,1362.75,1365.1,1348.05,1359.95,577249.0
2023-11-17 09:15:00,NSE:SBILIFE,1354.0,1434.45,1354.0,1413.95,3192944.0
2023-11-20 09:15:00,NSE:SBILIFE,1413.95,1420.0,1383.0,1385.3,726211.0
2023-11-21 09:15:00,NSE:SBILIFE,1389.0,1425.15,1387.1,1423.65,2049132.0
2023-11-22 09:15:00,NSE:SBILIFE,1425.0,1438.55,1417.35,1430.1,865655.0
2023-11-23 09:15:00,NSE:SBILIFE,1430.1,1434.4,1406.35,1410.95,549853.0
2023-11-24 09:15:00,NSE:SBILIFE,1414.0,1418.95,1401.05,1409.7,387896.0
2023-11-28 09:15:00,NSE:SBILIFE,1409.8,1417.3,1393.1,1412.45,1123470.0
2023-11-29 09:15:00,NSE:SBILIFE,1415.45,1421.8,1406.0,1407.85,887709.0
2023-11-30 09:15:00,NSE:SBILIFE,1410.0,1444.2,1409.05,1435.25,3027395.0
2023-12-01 09:15:00,NSE:SBILIFE,1438.05,1445.0,1420.1,1423.65,808841.0
2023-12-04 09:15:00,NSE:SBILIFE,1439.9,1458.7,1415.0,1454.0,2078827.0
2023-12-05 09:15:00,NSE:SBILIFE,1454.0,1472.1,1443.0,1460.95,1932719.0
2023-12-06 09:15:00,NSE:SBILIFE,1462.0,1462.95,1445.15,1450.7,724418.0
2023-12-07 09:15:00,NSE:SBILIFE,1456.85,1483.45,1450.1,1455.75,1244939.0
2023-12-08 09:15:00,NSE:SBILIFE,1455.0,1469.55,1451.55,1465.2,1654799.0
2023-12-11 09:15:00,NSE:SBILIFE,1465.2,1468.3,1455.0,1460.6,731571.0
2023-12-12 09:15:00,NSE:SBILIFE,1464.5,1491.9,1459.95,1481.45,1763549.0
2023-12-13 09:15:00,NSE:SBILIFE,1483.15,1483.15,1460.0,1466.8,2279728.0
2023-12-14 09:15:00,NSE:SBILIFE,1473.0,1477.6,1454.95,1469.85,2953215.0
2023-12-15 09:15:00,NSE:SBILIFE,1474.0,1485.0,1448.6,1452.5,1482700.0
2023-12-18 09:15:00,NSE:SBILIFE,1452.5,1461.4,1441.65,1446.95,1580916.0
2023-12-19 09:15:00,NSE:SBILIFE,1444.95,1448.0,1419.05,1424.55,1282514.0
2023-12-20 09:15:00,NSE:SBILIFE,1437.0,1437.0,1404.05,1409.25,1151553.0
2023-12-21 09:15:00,NSE:SBILIFE,1401.5,1410.3,1379.95,1403.75,1841616.0
2023-12-22 09:15:00,NSE:SBILIFE,1414.0,1417.7,1387.05,1394.3,1111420.0
2023-12-26 09:15:00,NSE:SBILIFE,1400.0,1409.15,1387.65,1395.3,875367.0
2023-12-27 09:15:00,NSE:SBILIFE,1405.0,1424.0,1399.1,1421.35,718369.0
2023-12-28 09:15:00,NSE:SBILIFE,1428.5,1444.95,1419.2,1435.3,1446654.0
2023-12-29 09:15:00,NSE:SBILIFE,1433.0,1435.25,1421.05,1432.6,383858.0
2024-01-01 09:15:00,NSE:SBILIFE,1435.85,1437.6,1425.95,1432.1,158288.0
2024-01-02 09:15:00,NSE:SBILIFE,1437.0,1449.7,1421.75,1437.65,691712.0
2024-01-03 09:15:00,NSE:SBILIFE,1430.0,1440.9,1415.6,1422.7,550221.0
2024-01-04 09:15:00,NSE:SBILIFE,1420.8,1436.6,1415.0,1431.6,938454.0
2024-01-05 09:15:00,NSE:SBILIFE,1435.9,1468.0,1433.7,1454.15,1258280.0
2024-01-08 09:15:00,NSE:SBILIFE,1454.15,1460.1,1416.4,1421.05,738502.0
2024-01-09 09:15:00,NSE:SBILIFE,1429.0,1468.25,1421.0,1449.35,1871763.0
2024-01-10 09:15:00,NSE:SBILIFE,1454.95,1495.35,1448.0,1451.45,2547856.0
2024-01-11 09:15:00,NSE:SBILIFE,1450.05,1463.3,1425.9,1427.8,908421.0
2024-01-12 09:15:00,NSE:SBILIFE,1434.8,1440.9,1418.5,1435.3,557158.0
2024-01-15 09:15:00,NSE:SBILIFE,1442.0,1444.55,1424.55,1430.05,902104.0
2024-01-16 09:15:00,NSE:SBILIFE,1425.05,1431.9,1405.55,1408.8,1729041.0
2024-01-17 09:15:00,NSE:SBILIFE,1397.0,1444.95,1386.55,1421.15,2628568.0
2024-01-18 09:15:00,NSE:SBILIFE,1416.9,1438.0,1384.2,1404.9,2296538.0
2024-01-19 09:15:00,NSE:SBILIFE,1405.9,1445.0,1405.4,1440.6,570639.0
2024-01-20 09:15:00,NSE:SBILIFE,1448.9,1454.35,1431.6,1442.2,463302.0
2024-01-23 09:15:00,NSE:SBILIFE,1444.0,1448.65,1367.35,1375.5,2880301.0
2024-01-24 09:15:00,NSE:SBILIFE,1380.4,1413.9,1368.55,1410.55,1255876.0
2024-01-25 09:15:00,NSE:SBILIFE,1414.9,1414.9,1357.15,1380.9,3230297.0
2024-01-29 09:15:00,NSE:SBILIFE,1388.0,1424.6,1388.0,1418.4,1607583.0
2024-01-30 09:15:00,NSE:SBILIFE,1425.0,1433.7,1392.85,1399.0,1464906.0
2024-01-31 09:15:00,NSE:SBILIFE,1400.0,1406.5,1381.7,1401.15,1343827.0
2024-02-01 09:15:00,NSE:SBILIFE,1407.3,1459.7,1398.5,1432.75,1803699.0
2024-02-02 09:15:00,NSE:SBILIFE,1440.8,1456.0,1420.05,1435.45,1817169.0
2024-02-05 09:15:00,NSE:SBILIFE,1435.0,1460.0,1414.9,1419.85,1010779.0
2024-02-06 09:15:00,NSE:SBILIFE,1422.6,1469.95,1404.9,1464.0,1515381.0
2024-02-07 09:15:00,NSE:SBILIFE,1472.6,1493.0,1453.65,1469.45,690402.0
2024-02-08 09:15:00,NSE:SBILIFE,1481.9,1492.1,1455.15,1459.05,1679065.0
2024-02-09 09:15:00,NSE:SBILIFE,1468.0,1468.0,1436.5,1439.7,596482.0
2024-02-12 09:15:00,NSE:SBILIFE,1442.45,1452.0,1423.25,1436.0,515507.0
2024-02-13 09:15:00,NSE:SBILIFE,1436.0,1475.85,1428.2,1467.6,1388464.0
2024-02-14 09:15:00,NSE:SBILIFE,1460.0,1464.0,1439.05,1453.7,504590.0
2024-02-15 09:15:00,NSE:SBILIFE,1464.0,1464.35,1443.65,1453.35,736364.0
2024-02-16 09:15:00,NSE:SBILIFE,1456.4,1516.2,1451.6,1508.45,2008339.0
2024-02-19 09:15:00,NSE:SBILIFE,1517.1,1522.0,1486.0,1488.85,1163429.0
2024-02-20 09:15:00,NSE:SBILIFE,1488.85,1517.65,1473.35,1513.55,1569035.0
2024-02-21 09:15:00,NSE:SBILIFE,1510.05,1519.5,1495.4,1501.7,1156081.0
2024-02-22 09:15:00,NSE:SBILIFE,1510.0,1513.5,1470.2,1509.65,1355358.0
2024-02-23 09:15:00,NSE:SBILIFE,1508.4,1536.25,1501.25,1529.15,1115653.0
2024-02-26 09:15:00,NSE:SBILIFE,1531.15,1553.4,1525.1,1549.15,1283074.0
2024-02-27 09:15:00,NSE:SBILIFE,1553.8,1569.0,1538.9,1542.7,1764621.0
2024-02-28 09:15:00,NSE:SBILIFE,1544.0,1556.75,1536.4,1540.2,834214.0
2024-02-29 09:15:00,NSE:SBILIFE,1540.2,1567.1,1525.4,1552.55,1672455.0
2024-03-01 09:15:00,NSE:SBILIFE,1564.9,1569.35,1536.05,1542.15,1088145.0
2024-03-02 09:15:00,NSE:SBILIFE,1553.05,1569.4,1535.2,1546.8,50098.0
2024-03-04 09:15:00,NSE:SBILIFE,1553.85,1554.0,1508.25,1517.95,2126926.0
2024-03-05 09:15:00,NSE:SBILIFE,1525.0,1525.0,1487.95,1491.25,1476872.0
2024-03-06 09:15:00,NSE:SBILIFE,1492.25,1523.9,1487.0,1520.4,1568041.0
2024-03-07 09:15:00,NSE:SBILIFE,1520.0,1521.3,1489.0,1510.4,2468543.0
2024-03-11 09:15:00,NSE:SBILIFE,1526.95,1539.8,1513.6,1532.1,1824218.0
2024-03-12 09:15:00,NSE:SBILIFE,1533.0,1551.75,1509.05,1516.4,1608593.0
2024-03-13 09:15:00,NSE:SBILIFE,1524.0,1532.6,1480.65,1487.35,1461171.0
2024-03-14 09:15:00,NSE:SBILIFE,1482.2,1514.55,1465.3,1505.85,1094035.0
2024-03-15 09:15:00,NSE:SBILIFE,1482.0,1504.95,1481.1,1500.0,1466897.0
2024-03-18 09:15:00,NSE:SBILIFE,1493.0,1503.45,1478.3,1489.7,641326.0
2024-03-19 09:15:00,NSE:SBILIFE,1480.0,1488.95,1456.3,1461.35,1010444.0
2024-03-20 09:15:00,NSE:SBILIFE,1460.0,1469.45,1450.0,1458.4,477278.0
2024-03-21 09:15:00,NSE:SBILIFE,1472.9,1477.0,1458.0,1468.05,958834.0
2024-03-22 09:15:00,NSE:SBILIFE,1474.0,1511.0,1458.1,1501.1,563028.0
2024-03-26 09:15:00,NSE:SBILIFE,1458.5,1509.45,1457.8,1486.4,1349881.0
2024-03-27 09:15:00,NSE:SBILIFE,1490.0,1499.0,1473.5,1479.55,795193.0
2024-03-28 09:15:00,NSE:SBILIFE,1480.0,1521.85,1480.0,1500.25,1704887.0
2024-04-01 09:15:00,NSE:SBILIFE,1498.0,1519.1,1486.75,1489.95,838186.0
2024-04-02 09:15:00,NSE:SBILIFE,1495.0,1496.6,1465.3,1470.6,941688.0
2024-04-03 09:15:00,NSE:SBILIFE,1470.0,1472.95,1456.05,1460.8,1862464.0
2024-04-04 09:15:00,NSE:SBILIFE,1467.5,1475.05,1447.0,1463.75,1905528.0
2024-04-05 09:15:00,NSE:SBILIFE,1469.0,1489.9,1460.15,1485.3,836975.0
2024-04-08 09:15:00,NSE:SBILIFE,1488.7,1528.0,1487.0,1518.8,822205.0
2024-04-09 09:15:00,NSE:SBILIFE,1525.1,1527.4,1503.05,1510.55,718575.0
2024-04-10 09:15:00,NSE:SBILIFE,1515.0,1516.7,1481.0,1503.35,1056524.0
2024-04-12 09:15:00,NSE:SBILIFE,1501.0,1511.4,1488.2,1493.15,787733.0
2024-04-15 09:15:00,NSE:SBILIFE,1489.85,1489.9,1462.5,1466.9,994053.0
2024-04-16 09:15:00,NSE:SBILIFE,1460.2,1476.9,1452.0,1462.75,717750.0
2024-04-18 09:15:00,NSE:SBILIFE,1465.0,1483.65,1448.0,1456.95,1746383.0
2024-04-19 09:15:00,NSE:SBILIFE,1450.0,1457.55,1425.35,1447.55,1129149.0
2024-04-22 09:15:00,NSE:SBILIFE,1456.5,1482.9,1452.0,1475.4,772048.0
2024-04-23 09:15:00,NSE:SBILIFE,1478.0,1489.2,1464.25,1469.85,1042729.0
2024-04-24 09:15:00,NSE:SBILIFE,1469.85,1478.0,1452.55,1460.05,898680.0
2024-04-25 09:15:00,NSE:SBILIFE,1464.0,1464.0,1436.15,1444.45,2406788.0
2024-04-26 09:15:00,NSE:SBILIFE,1455.0,1466.85,1411.2,1415.25,2180945.0
2024-04-29 09:15:00,NSE:SBILIFE,1437.0,1460.9,1414.05,1422.35,4381119.0
2024-04-30 09:15:00,NSE:SBILIFE,1432.0,1449.85,1423.2,1436.55,2402464.0
2024-05-02 09:15:00,NSE:SBILIFE,1416.35,1464.75,1416.35,1460.9,2194261.0
2024-05-03 09:15:00,NSE:SBILIFE,1469.0,1472.7,1438.4,1443.25,1355425.0
2024-05-06 09:15:00,NSE:SBILIFE,1450.0,1457.45,1431.6,1440.6,920880.0
2024-05-07 09:15:00,NSE:SBILIFE,1440.9,1458.9,1431.55,1450.15,1800920.0
2024-05-08 09:15:00,NSE:SBILIFE,1440.0,1465.95,1423.0,1426.75,1297162.0
2024-05-09 09:15:00,NSE:SBILIFE,1431.9,1439.5,1413.2,1422.4,1645954.0
2024-05-10 09:15:00,NSE:SBILIFE,1425.0,1438.5,1415.75,1431.95,741292.0
2024-05-13 09:15:00,NSE:SBILIFE,1435.0,1440.0,1420.55,1425.1,771284.0
2024-05-14 09:15:00,NSE:SBILIFE,1427.2,1436.75,1422.05,1432.85,896653.0
2024-05-15 09:15:00,NSE:SBILIFE,1440.0,1443.85,1425.75,1430.1,254646.0
2024-05-16 09:15:00,NSE:SBILIFE,1431.55,1458.2,1420.15,1452.2,1176239.0
2024-05-17 09:15:00,NSE:SBILIFE,1450.0,1450.0,1430.5,1434.2,2433315.0
2024-05-18 09:15:00,NSE:SBILIFE,1434.0,1444.1,1430.5,1439.85,29747.0
2024-05-21 09:15:00,NSE:SBILIFE,1438.85,1440.7,1422.5,1429.65,1300334.0
2024-05-22 09:15:00,NSE:SBILIFE,1434.25,1435.55,1424.0,1427.4,966583.0
2024-05-23 09:15:00,NSE:SBILIFE,1434.0,1452.95,1424.05,1446.8,1206423.0
2024-05-24 09:15:00,NSE:SBILIFE,1442.5,1448.45,1433.45,1436.25,487961.0
2024-05-27 09:15:00,NSE:SBILIFE,1435.0,1448.0,1402.15,1410.2,1675749.0
2024-05-28 09:15:00,NSE:SBILIFE,1415.0,1455.0,1405.9,1450.75,1600105.0
2024-05-29 09:15:00,NSE:SBILIFE,1448.0,1449.45,1406.6,1412.8,1518325.0
2024-05-30 09:15:00,NSE:SBILIFE,1418.8,1418.8,1371.0,1380.05,2097166.0
2024-05-31 09:15:00,NSE:SBILIFE,1393.8,1401.15,1372.6,1386.4,2559060.0
2024-06-03 09:15:00,NSE:SBILIFE,1435.3,1436.4,1387.35,1391.5,870693.0
2024-06-04 09:15:00,NSE:SBILIFE,1398.15,1402.7,1307.7,1338.85,3277433.0
2024-06-05 09:15:00,NSE:SBILIFE,1341.0,1396.2,1330.7,1390.1,1238176.0
2024-06-06 09:15:00,NSE:SBILIFE,1390.1,1445.8,1380.25,1442.85,2227021.0
2024-06-07 09:15:00,NSE:SBILIFE,1435.1,1440.0,1420.0,1425.85,1279929.0
2024-06-10 09:15:00,NSE:SBILIFE,1436.85,1452.0,1418.35,1432.3,2059288.0
2024-06-11 09:15:00,NSE:SBILIFE,1432.45,1439.8,1422.0,1428.05,991450.0
2024-06-12 09:15:00,NSE:SBILIFE,1428.1,1461.8,1425.8,1452.7,1823958.0
2024-06-13 09:15:00,NSE:SBILIFE,1459.65,1479.45,1432.85,1449.9,3086173.0
2024-06-14 09:15:00,NSE:SBILIFE,1444.9,1473.75,1440.6,1469.9,856835.0
2024-06-18 09:15:00,NSE:SBILIFE,1480.0,1480.0,1455.05,1473.55,1427035.0
2024-06-19 09:15:00,NSE:SBILIFE,1478.35,1478.4,1446.15,1449.2,578983.0
2024-06-20 09:15:00,NSE:SBILIFE,1476.0,1480.9,1451.45,1455.5,1444553.0
2024-06-21 09:15:00,NSE:SBILIFE,1455.5,1478.55,1445.15,1464.15,1184387.0
2024-06-24 09:15:00,NSE:SBILIFE,1464.15,1464.15,1447.2,1452.75,460942.0
2024-06-25 09:15:00,NSE:SBILIFE,1457.4,1467.5,1430.0,1462.0,1845922.0
2024-06-26 09:15:00,NSE:SBILIFE,1462.0,1475.65,1447.0,1450.9,780636.0
2024-06-27 09:15:00,NSE:SBILIFE,1445.0,1473.65,1437.55,1463.45,1492222.0
2024-06-28 09:15:00,NSE:SBILIFE,1450.1,1498.8,1450.0,1491.95,1533271.0
2024-07-01 09:15:00,NSE:SBILIFE,1491.95,1511.9,1481.9,1501.85,788569.0
2024-07-02 09:15:00,NSE:SBILIFE,1507.0,1510.35,1468.1,1494.9,1462260.0
2024-07-03 09:15:00,NSE:SBILIFE,1503.0,1506.95,1486.2,1496.35,527776.0
2024-07-04 09:15:00,NSE:SBILIFE,1496.4,1518.85,1492.25,1507.75,1363288.0
2024-07-05 09:15:00,NSE:SBILIFE,1507.75,1531.95,1505.45,1529.4,961676.0
2024-07-08 09:15:00,NSE:SBILIFE,1529.4,1531.95,1508.25,1514.95,774723.0
2024-07-09 09:15:00,NSE:SBILIFE,1525.0,1529.0,1512.4,1524.75,726889.0
2024-07-10 09:15:00,NSE:SBILIFE,1524.75,1562.5,1518.6,1558.8,1964480.0
2024-07-11 09:15:00,NSE:SBILIFE,1562.0,1569.65,1546.15,1558.8,1156236.0
2024-07-12 09:15:00,NSE:SBILIFE,1562.9,1570.0,1547.35,1562.85,589534.0
2024-07-15 09:15:00,NSE:SBILIFE,1562.85,1620.9,1557.9,1613.45,2498480.0
2024-07-16 09:15:00,NSE:SBILIFE,1613.4,1639.6,1592.2,1621.35,1844059.0
2024-07-18 09:15:00,NSE:SBILIFE,1620.0,1664.95,1615.05,1659.8,2104021.0
2024-07-19 09:15:00,NSE:SBILIFE,1632.0,1658.55,1632.0,1647.7,567209.0
2024-07-22 09:15:00,NSE:SBILIFE,1641.1,1647.7,1618.65,1621.15,397490.0
2024-07-23 09:15:00,NSE:SBILIFE,1621.15,1638.0,1578.05,1594.85,2145861.0
2024-07-24 09:15:00,NSE:SBILIFE,1580.0,1650.0,1579.65,1632.95,2099093.0
2024-07-25 09:15:00,NSE:SBILIFE,1645.0,1701.35,1645.0,1695.4,4427012.0
2024-07-26 09:15:00,NSE:SBILIFE,1686.25,1777.7,1686.25,1750.95,2982227.0
2024-07-29 09:15:00,NSE:SBILIFE,1752.5,1763.55,1736.5,1746.7,1368641.0
2024-07-30 09:15:00,NSE:SBILIFE,1740.5,1746.3,1708.0,1721.05,2096978.0
2024-07-31 09:15:00,NSE:SBILIFE,1721.05,1760.0,1720.0,1753.65,1082466.0
2024-08-01 09:15:00,NSE:SBILIFE,1791.1,1791.15,1758.1,1767.25,1247361.0
2024-08-02 09:15:00,NSE:SBILIFE,1760.0,1768.9,1731.0,1744.9,594517.0
2024-08-05 09:15:00,NSE:SBILIFE,1680.0,1739.35,1679.95,1722.2,1240111.0
2024-08-06 09:15:00,NSE:SBILIFE,1722.2,1780.0,1670.1,1674.5,1500825.0
2024-08-07 09:15:00,NSE:SBILIFE,1690.05,1698.9,1677.1,1685.7,603417.0
2024-08-08 09:15:00,NSE:SBILIFE,1671.1,1715.15,1670.05,1706.3,1291138.0
2024-08-09 09:15:00,NSE:SBILIFE,1720.0,1733.4,1708.0,1725.1,804893.0
2024-08-12 09:15:00,NSE:SBILIFE,1722.9,1730.0,1692.05,1705.0,1019251.0
2024-08-13 09:15:00,NSE:SBILIFE,1705.0,1721.3,1672.05,1682.4,1064268.0
2024-08-14 09:15:00,NSE:SBILIFE,1696.2,1707.35,1673.0,1692.1,557473.0
2024-08-16 09:15:00,NSE:SBILIFE,1699.0,1702.1,1666.15,1688.9,721574.0
2024-08-19 09:15:00,NSE:SBILIFE,1696.8,1696.8,1666.0,1671.55,632647.0
2024-08-20 09:15:00,NSE:SBILIFE,1672.8,1770.8,1672.75,1761.3,3951662.0
2024-08-21 09:15:00,NSE:SBILIFE,1761.3,1804.45,1750.9,1800.6,2972530.0
2024-08-22 09:15:00,NSE:SBILIFE,1801.0,1812.4,1789.85,1795.25,1380510.0
2024-08-23 09:15:00,NSE:SBILIFE,1789.5,1798.4,1782.0,1789.3,858249.0
2024-08-26 09:15:00,NSE:SBILIFE,1791.0,1801.45,1769.35,1796.25,593628.0
2024-08-27 09:15:00,NSE:SBILIFE,1788.4,1848.6,1784.1,1838.95,2239371.0
2024-08-28 09:15:00,NSE:SBILIFE,1838.75,1854.25,1826.0,1843.7,724092.0
2024-08-29 09:15:00,NSE:SBILIFE,1840.0,1867.75,1835.5,1843.7,2248185.0
2024-08-30 09:15:00,NSE:SBILIFE,1839.95,1869.8,1837.0,1850.3,2125138.0
2024-09-02 09:15:00,NSE:SBILIFE,1850.3,1894.65,1849.05,1888.75,2522132.0
2024-09-03 09:15:00,NSE:SBILIFE,1890.0,1936.0,1881.75,1928.65,3457882.0
2024-09-04 09:15:00,NSE:SBILIFE,1910.0,1920.0,1902.35,1912.2,952279.0
2024-09-05 09:15:00,NSE:SBILIFE,1919.0,1919.0,1900.2,1907.85,947097.0
2024-09-06 09:15:00,NSE:SBILIFE,1898.1,1916.85,1889.45,1896.3,772396.0
2024-09-09 09:15:00,NSE:SBILIFE,1900.85,1932.85,1894.5,1901.75,1845859.0
2024-09-10 09:15:00,NSE:SBILIFE,1890.0,1890.0,1838.75,1853.45,2515665.0
2024-09-11 09:15:00,NSE:SBILIFE,1845.1,1871.05,1844.55,1859.15,630094.0
2024-09-12 09:15:00,NSE:SBILIFE,1863.0,1880.0,1840.6,1875.95,1126825.0
2024-09-13 09:15:00,NSE:SBILIFE,1869.0,1871.75,1841.75,1846.5,886112.0
2024-09-16 09:15:00,NSE:SBILIFE,1851.0,1864.8,1816.1,1821.25,1576652.0
2024-09-17 09:15:00,NSE:SBILIFE,1823.5,1844.3,1808.45,1819.15,844866.0
2024-09-18 09:15:00,NSE:SBILIFE,1818.2,1848.95,1815.05,1842.45,518691.0
2024-09-19 09:15:00,NSE:SBILIFE,1850.0,1860.0,1828.2,1840.95,776068.0
2024-09-20 09:15:00,NSE:SBILIFE,1850.0,1885.0,1845.0,1870.25,1512372.0
2024-09-23 09:15:00,NSE:SBILIFE,1882.0,1925.0,1880.0,1920.15,1022492.0
2024-09-24 09:15:00,NSE:SBILIFE,1927.1,1927.95,1854.6,1864.35,2608386.0
2024-09-25 09:15:00,NSE:SBILIFE,1873.7,1875.0,1841.05,1863.6,1395256.0
2024-09-26 09:15:00,NSE:SBILIFE,1873.0,1902.05,1868.5,1898.3,1396821.0
2024-09-27 09:15:00,NSE:SBILIFE,1898.3,1913.0,1873.9,1882.65,1678089.0
2024-09-30 09:15:00,NSE:SBILIFE,1892.0,1893.6,1838.25,1844.0,1473366.0
2024-10-01 09:15:00,NSE:SBILIFE,1840.2,1859.3,1824.3,1834.2,885515.0
2024-10-03 09:15:00,NSE:SBILIFE,1807.0,1845.2,1795.05,1805.55,1307453.0
2024-10-04 09:15:00,NSE:SBILIFE,1805.55,1850.0,1782.55,1798.1,1554623.0
2024-10-07 09:15:00,NSE:SBILIFE,1800.0,1819.85,1776.0,1787.95,692912.0
2024-10-08 09:15:00,NSE:SBILIFE,1785.0,1799.05,1723.55,1728.05,2888148.0
2024-10-09 09:15:00,NSE:SBILIFE,1748.05,1759.0,1733.05,1737.4,704112.0
2024-10-10 09:15:00,NSE:SBILIFE,1745.15,1754.45,1729.55,1734.5,784503.0
2024-10-11 09:15:00,NSE:SBILIFE,1737.5,1746.75,1718.6,1735.05,805944.0
2024-10-14 09:15:00,NSE:SBILIFE,1738.75,1743.85,1717.3,1738.3,1349793.0
2024-10-15 09:15:00,NSE:SBILIFE,1741.95,1754.95,1718.5,1723.75,2159705.0
2024-10-16 09:15:00,NSE:SBILIFE,1725.05,1749.0,1724.0,1733.75,891554.0
2024-10-17 09:15:00,NSE:SBILIFE,1734.0,1739.0,1695.75,1702.0,2442434.0
2024-10-18 09:15:00,NSE:SBILIFE,1706.0,1717.45,1680.6,1706.05,2045293.0
2024-10-21 09:15:00,NSE:SBILIFE,1715.15,1776.05,1696.8,1711.85,1574574.0
2024-10-22 09:15:00,NSE:SBILIFE,1701.0,1726.95,1672.9,1698.15,1290296.0
2024-10-23 09:15:00,NSE:SBILIFE,1703.2,1728.9,1692.25,1716.0,952362.0
2024-10-24 09:15:00,NSE:SBILIFE,1724.45,1724.45,1623.0,1635.3,4320374.0
2024-10-25 09:15:00,NSE:SBILIFE,1644.85,1653.3,1603.95,1616.75,1639581.0
2024-10-28 09:15:00,NSE:SBILIFE,1617.0,1620.0,1593.6,1605.9,2366566.0
2024-10-29 09:15:00,NSE:SBILIFE,1606.0,1665.8,1595.9,1661.35,2052244.0
2024-10-30 09:15:00,NSE:SBILIFE,1636.5,1649.35,1619.3,1624.15,1512352.0
2024-10-31 09:15:00,NSE:SBILIFE,1630.1,1641.95,1613.05,1622.15,809110.0
2024-11-01 18:00:00,NSE:SBILIFE,1639.4,1639.4,1623.0,1628.85,53886.0
2024-11-04 09:15:00,NSE:SBILIFE,1637.0,1641.15,1588.0,1608.8,1470020.0
2024-11-05 09:15:00,NSE:SBILIFE,1606.8,1642.0,1598.65,1633.2,978590.0
2024-11-06 09:15:00,NSE:SBILIFE,1633.2,1638.65,1600.45,1603.95,1352644.0
2024-11-07 09:15:00,NSE:SBILIFE,1605.05,1617.95,1575.0,1589.85,1359619.0
2024-11-08 09:15:00,NSE:SBILIFE,1589.0,1603.35,1566.85,1569.95,1131938.0
2024-11-11 09:15:00,NSE:SBILIFE,1578.6,1578.6,1555.25,1566.0,862991.0
2024-11-12 09:15:00,NSE:SBILIFE,1569.1,1585.95,1557.0,1562.45,1177157.0
2024-11-13 09:15:00,NSE:SBILIFE,1560.0,1572.0,1540.0,1546.7,2946117.0
2024-11-14 09:15:00,NSE:SBILIFE,1546.2,1568.95,1546.05,1562.3,684365.0
2024-11-18 09:15:00,NSE:SBILIFE,1551.0,1566.55,1551.0,1562.6,490930.0
2024-11-19 09:15:00,NSE:SBILIFE,1568.0,1568.05,1501.0,1522.9,4198931.0
2024-11-21 09:15:00,NSE:SBILIFE,1513.3,1515.5,1474.0,1477.95,1827614.0
2024-11-22 09:15:00,NSE:SBILIFE,1485.35,1496.45,1475.0,1485.15,977581.0
2024-11-25 09:15:00,NSE:SBILIFE,1492.6,1511.0,1488.35,1495.2,1785465.0
2024-11-26 09:15:00,NSE:SBILIFE,1495.2,1516.9,1489.25,1506.75,601372.0
2024-11-27 09:15:00,NSE:SBILIFE,1507.0,1515.95,1495.1,1505.4,467560.0
2024-11-28 09:15:00,NSE:SBILIFE,1507.15,1519.7,1403.0,1428.6,5574277.0
2024-11-29 09:15:00,NSE:SBILIFE,1442.0,1460.0,1396.65,1437.75,9016112.0
2024-12-02 09:15:00,NSE:SBILIFE,1428.4,1449.8,1411.15,1422.05,3117960.0
2024-12-03 09:15:00,NSE:SBILIFE,1430.1,1448.35,1416.95,1440.95,4645704.0
2024-12-04 09:15:00,NSE:SBILIFE,1441.0,1472.35,1435.05,1452.6,1976987.0
2024-12-05 09:15:00,NSE:SBILIFE,1452.6,1456.05,1417.55,1431.85,2632452.0
2024-12-06 09:15:00,NSE:SBILIFE,1435.0,1452.95,1429.3,1448.55,1359753.0
2024-12-09 09:15:00,NSE:SBILIFE,1454.0,1484.4,1449.05,1469.3,2397565.0
2024-12-10 09:15:00,NSE:SBILIFE,1463.7,1483.9,1451.6,1461.85,1994725.0
2024-12-11 09:15:00,NSE:SBILIFE,1455.5,1473.5,1454.45,1456.15,1213092.0
2024-12-12 09:15:00,NSE:SBILIFE,1450.0,1455.75,1420.35,1432.5,2851447.0
2024-12-13 09:15:00,NSE:SBILIFE,1422.05,1441.95,1409.3,1428.8,3926561.0
2024-12-16 09:15:00,NSE:SBILIFE,1428.8,1436.95,1415.65,1421.65,1601339.0
2024-12-17 09:15:00,NSE:SBILIFE,1421.7,1425.0,1405.6,1409.7,1973758.0
2024-12-18 09:15:00,NSE:SBILIFE,1414.8,1420.35,1392.7,1398.0,1454595.0
2024-12-19 09:15:00,NSE:SBILIFE,1380.05,1409.0,1377.5,1405.9,1081337.0
2024-12-20 09:15:00,NSE:SBILIFE,1402.45,1414.8,1391.1,1400.6,1542712.0
2024-12-23 09:15:00,NSE:SBILIFE,1400.6,1408.15,1381.5,1405.3,1325302.0
2024-12-24 09:15:00,NSE:SBILIFE,1406.95,1418.0,1385.0,1387.0,756679.0
2024-12-26 09:15:00,NSE:SBILIFE,1393.95,1411.8,1385.2,1409.05,1935656.0
2024-12-27 09:15:00,NSE:SBILIFE,1410.0,1420.4,1400.8,1405.3,665711.0
2024-12-30 09:15:00,NSE:SBILIFE,1391.25,1414.95,1389.0,1403.85,1439560.0
2024-12-31 09:15:00,NSE:SBILIFE,1399.75,1399.75,1382.45,1390.4,2096160.0
2025-01-01 09:15:00,NSE:SBILIFE,1392.2,1404.7,1384.95,1400.4,511676.0
2025-01-02 09:15:00,NSE:SBILIFE,1404.0,1425.5,1398.05,1422.25,1083889.0
2025-01-03 09:15:00,NSE:SBILIFE,1428.25,1451.0,1424.9,1447.7,1107442.0
2025-01-06 09:15:00,NSE:SBILIFE,1450.0,1462.65,1425.2,1434.65,1012018.0
2025-01-07 09:15:00,NSE:SBILIFE,1447.0,1490.8,1434.35,1477.75,2362510.0
2025-01-08 09:15:00,NSE:SBILIFE,1478.7,1484.65,1455.0,1463.15,1229808.0
2025-01-09 09:15:00,NSE:SBILIFE,1457.8,1481.2,1453.0,1468.45,1253461.0
2025-01-10 09:15:00,NSE:SBILIFE,1469.9,1488.0,1458.65,1478.3,1124758.0
2025-01-13 09:15:00,NSE:SBILIFE,1478.3,1478.3,1445.65,1467.4,1444590.0
2025-01-14 09:15:00,NSE:SBILIFE,1475.0,1504.0,1468.85,1499.25,2024378.0
2025-01-15 09:15:00,NSE:SBILIFE,1504.5,1504.85,1469.35,1472.75,1433596.0
2025-01-16 09:15:00,NSE:SBILIFE,1486.0,1545.0,1486.0,1513.6,2929496.0
2025-01-17 09:15:00,NSE:SBILIFE,1519.5,1555.0,1500.0,1540.5,2603818.0
2025-01-20 09:15:00,NSE:SBILIFE,1547.8,1547.8,1487.3,1499.7,4033718.0
2025-01-21 09:15:00,NSE:SBILIFE,1499.7,1505.95,1460.0,1466.55,877160.0
2025-01-22 09:15:00,NSE:SBILIFE,1466.1,1470.75,1450.05,1460.05,631080.0
2025-01-23 09:15:00,NSE:SBILIFE,1458.05,1463.7,1447.15,1449.85,1301601.0
2025-01-24 09:15:00,NSE:SBILIFE,1451.3,1455.6,1418.15,1440.4,1504123.0
2025-01-27 09:15:00,NSE:SBILIFE,1435.0,1445.95,1416.0,1424.4,896819.0
2025-01-28 09:15:00,NSE:SBILIFE,1420.0,1435.7,1411.85,1419.5,1527262.0
2025-01-29 09:15:00,NSE:SBILIFE,1419.5,1470.1,1410.5,1460.9,1021447.0
2025-01-30 09:15:00,NSE:SBILIFE,1465.9,1480.0,1453.9,1472.9,1016159.0
2025-01-31 09:15:00,NSE:SBILIFE,1479.7,1490.0,1467.0,1483.6,892312.0
2025-02-01 09:15:00,NSE:SBILIFE,1475.6,1528.0,1372.55,1454.35,4329907.0
2025-02-03 09:15:00,NSE:SBILIFE,1434.35,1481.9,1434.35,1459.95,1127198.0
2025-02-04 09:15:00,NSE:SBILIFE,1461.25,1478.7,1454.05,1472.4,614905.0
2025-02-05 09:15:00,NSE:SBILIFE,1472.4,1484.3,1465.0,1469.15,791375.0
2025-02-06 09:15:00,NSE:SBILIFE,1470.0,1480.4,1456.45,1465.1,1510856.0
2025-02-07 09:15:00,NSE:SBILIFE,1472.45,1475.95,1454.25,1470.95,562410.0
2025-02-10 09:15:00,NSE:SBILIFE,1462.9,1474.55,1445.0,1448.2,530759.0
2025-02-11 09:15:00,NSE:SBILIFE,1448.2,1450.0,1402.9,1419.0,1448104.0
2025-02-12 09:15:00,NSE:SBILIFE,1427.45,1466.95,1407.5,1452.15,1590502.0
2025-02-13 09:15:00,NSE:SBILIFE,1452.15,1479.4,1446.0,1470.5,983142.0
2025-02-14 09:15:00,NSE:SBILIFE,1470.5,1477.15,1450.0,1465.45,625676.0
2025-02-17 09:15:00,NSE:SBILIFE,1460.5,1481.55,1451.85,1476.2,717439.0
2025-02-18 09:15:00,NSE:SBILIFE,1476.25,1481.0,1454.4,1475.35,679042.0
2025-02-19 09:15:00,NSE:SBILIFE,1475.0,1482.2,1465.05,1475.6,391966.0
2025-02-20 09:15:00,NSE:SBILIFE,1473.0,1489.65,1466.0,1469.8,346720.0
2025-02-21 09:15:00,NSE:SBILIFE,1469.7,1501.4,1461.7,1495.4,1051158.0
2025-02-24 09:15:00,NSE:SBILIFE,1480.0,1495.2,1475.2,1486.5,1116079.0
2025-02-25 09:15:00,NSE:SBILIFE,1480.0,1484.05,1463.45,1471.75,964505.0
2025-02-27 09:15:00,NSE:SBILIFE,1464.0,1479.9,1454.0,1469.75,1421562.0
2025-02-28 09:15:00,NSE:SBILIFE,1460.0,1462.05,1411.85,1430.5,2397364.0
2025-03-03 09:15:00,NSE:SBILIFE,1432.55,1452.15,1405.1,1408.5,1056418.0
2025-03-04 09:15:00,NSE:SBILIFE,1392.2,1415.0,1390.0,1393.1,977231.0
2025-03-05 09:15:00,NSE:SBILIFE,1391.15,1424.0,1379.85,1420.7,1118219.0
2025-03-06 09:15:00,NSE:SBILIFE,1417.1,1426.4,1395.0,1421.3,1606815.0
2025-03-07 09:15:00,NSE:SBILIFE,1421.35,1446.2,1406.55,1411.6,901496.0
2025-03-10 09:15:00,NSE:SBILIFE,1419.0,1427.75,1404.35,1419.45,1092967.0
2025-03-11 09:15:00,NSE:SBILIFE,1403.0,1424.4,1397.45,1417.25,691907.0
2025-03-12 09:15:00,NSE:SBILIFE,1425.0,1425.0,1404.5,1409.0,734156.0
2025-03-13 09:15:00,NSE:SBILIFE,1411.7,1413.95,1382.65,1385.55,911321.0
2025-03-17 09:15:00,NSE:SBILIFE,1392.0,1441.3,1392.0,1434.25,1352197.0
2025-03-18 09:15:00,NSE:SBILIFE,1452.7,1458.8,1431.05,1457.5,656130.0
2025-03-19 09:15:00,NSE:SBILIFE,1457.95,1488.9,1455.0,1484.9,917293.0
2025-03-20 09:15:00,NSE:SBILIFE,1492.0,1506.3,1488.5,1498.35,798992.0
2025-03-21 09:15:00,NSE:SBILIFE,1500.0,1553.3,1493.45,1546.4,1977397.0
2025-03-24 09:15:00,NSE:SBILIFE,1550.0,1584.0,1541.7,1569.8,1229003.0
2025-03-25 09:15:00,NSE:SBILIFE,1577.65,1583.9,1551.3,1557.2,1241287.0
2025-03-26 09:15:00,NSE:SBILIFE,1564.3,1570.3,1533.45,1541.3,1106876.0
2025-03-27 09:15:00,NSE:SBILIFE,1541.4,1552.1,1529.65,1544.9,1405775.0
2025-03-28 09:15:00,NSE:SBILIFE,1544.9,1564.5,1534.75,1547.85,1120169.0
2025-04-01 09:15:00,NSE:SBILIFE,1537.75,1566.4,1535.35,1545.25,937836.0
2025-04-02 09:15:00,NSE:SBILIFE,1543.0,1563.15,1542.3,1559.85,1876774.0
2025-04-03 09:15:00,NSE:SBILIFE,1546.0,1558.9,1540.0,1542.25,373548.0
2025-04-04 09:15:00,NSE:SBILIFE,1536.35,1546.9,1501.1,1512.6,826558.0
2025-04-07 09:15:00,NSE:SBILIFE,1450.0,1485.5,1430.55,1460.8,916977.0
2025-04-08 09:15:00,NSE:SBILIFE,1490.0,1498.05,1458.05,1488.0,2142568.0
2025-04-09 09:15:00,NSE:SBILIFE,1488.0,1499.9,1475.0,1481.65,1047950.0
2025-04-11 09:15:00,NSE:SBILIFE,1539.0,1539.0,1500.05,1521.9,1134200.0
2025-04-15 09:15:00,NSE:SBILIFE,1555.5,1574.1,1525.0,1562.6,1363406.0
2025-04-16 09:15:00,NSE:SBILIFE,1548.5,1576.8,1548.5,1565.4,784495.0
2025-04-17 09:15:00,NSE:SBILIFE,1558.0,1615.0,1549.4,1608.2,1500299.0
2025-04-21 09:15:00,NSE:SBILIFE,1618.0,1630.7,1595.3,1628.5,1016066.0
2025-04-22 09:15:00,NSE:SBILIFE,1627.8,1639.9,1612.8,1619.0,1102055.0
2025-04-23 09:15:00,NSE:SBILIFE,1625.0,1625.0,1601.0,1615.5,1136215.0
2025-04-24 09:15:00,NSE:SBILIFE,1612.9,1636.6,1603.0,1608.2,857476.0
2025-04-25 09:15:00,NSE:SBILIFE,1723.5,1762.0,1651.1,1695.1,10321746.0
2025-04-28 09:15:00,NSE:SBILIFE,1690.0,1755.0,1681.4,1736.1,2100813.0
2025-04-29 09:15:00,NSE:SBILIFE,1733.9,1764.9,1721.0,1730.1,2049847.0
2025-04-30 09:15:00,NSE:SBILIFE,1722.0,1772.5,1718.5,1765.8,2031563.0
2025-05-02 09:15:00,NSE:SBILIFE,1761.0,1777.1,1747.6,1764.7,1418603.0
2025-05-05 09:15:00,NSE:SBILIFE,1773.0,1787.6,1766.9,1769.9,947983.0
2025-05-06 09:15:00,NSE:SBILIFE,1770.0,1797.8,1717.2,1726.0,1295777.0
2025-05-07 09:15:00,NSE:SBILIFE,1714.0,1756.5,1712.3,1744.5,753313.0
2025-05-08 09:15:00,NSE:SBILIFE,1741.3,1744.0,1721.1,1731.5,1107891.0
2025-05-09 09:15:00,NSE:SBILIFE,1706.0,1728.7,1693.1,1699.8,1076900.0
2025-05-12 09:15:00,NSE:SBILIFE,1725.0,1756.9,1720.0,1751.5,728808.0
2025-05-13 09:15:00,NSE:SBILIFE,1742.7,1756.0,1732.3,1740.0,478541.0
2025-05-14 09:15:00,NSE:SBILIFE,1741.0,1760.0,1737.4,1755.2,603108.0
2025-05-15 09:15:00,NSE:SBILIFE,1757.7,1788.4,1737.1,1784.6,1318425.0
2025-05-16 09:15:00,NSE:SBILIFE,1790.0,1790.9,1767.9,1773.4,696146.0
2025-05-19 09:15:00,NSE:SBILIFE,1773.1,1781.2,1764.4,1770.0,288530.0
2025-05-20 09:15:00,NSE:SBILIFE,1778.8,1778.8,1753.3,1757.8,529693.0
2025-05-21 09:15:00,NSE:SBILIFE,1756.9,1777.9,1751.2,1763.9,521050.0
2025-05-22 09:15:00,NSE:SBILIFE,1766.3,1768.7,1741.2,1759.3,1103303.0
2025-05-23 09:15:00,NSE:SBILIFE,1765.0,1806.0,1759.8,1798.7,1067774.0
2025-05-26 09:15:00,NSE:SBILIFE,1806.0,1810.1,1790.1,1801.6,633624.0
2025-05-27 09:15:00,NSE:SBILIFE,1801.6,1809.6,1794.0,1803.3,1219984.0
2025-05-28 09:15:00,NSE:SBILIFE,1810.6,1814.5,1802.1,1807.4,763018.0
2025-05-29 09:15:00,NSE:SBILIFE,1807.6,1830.0,1801.4,1825.0,1189803.0
2025-05-30 09:15:00,NSE:SBILIFE,1825.0,1833.9,1804.9,1812.2,1364259.0
2025-06-02 09:15:00,NSE:SBILIFE,1812.2,1829.0,1795.6,1802.5,1238769.0
2025-06-03 09:15:00,NSE:SBILIFE,1809.8,1814.0,1770.1,1775.3,1576208.0
2025-06-04 09:15:00,NSE:SBILIFE,1775.0,1779.1,1762.3,1775.9,918721.0
2025-06-05 09:15:00,NSE:SBILIFE,1782.0,1791.0,1765.0,1774.8,912222.0
2025-06-06 09:15:00,NSE:SBILIFE,1774.8,1783.5,1751.3,1780.6,1589674.0
2025-06-09 09:15:00,NSE:SBILIFE,1789.6,1799.0,1759.1,1790.8,1221496.0
2025-06-10 09:15:00,NSE:SBILIFE,1790.9,1796.6,1772.0,1785.5,1400311.0
2025-06-11 09:15:00,NSE:SBILIFE,1785.5,1800.9,1774.0,1799.3,1089930.0
2025-06-12 09:15:00,NSE:SBILIFE,1799.9,1812.3,1760.0,1766.0,984693.0
2025-06-13 09:15:00,NSE:SBILIFE,1720.0,1766.5,1720.0,1755.2,1774169.0
2025-06-16 09:15:00,NSE:SBILIFE,1762.0,1800.0,1751.9,1797.8,728053.0
2025-06-17 09:15:00,NSE:SBILIFE,1796.1,1806.7,1785.4,1800.2,557790.0
2025-06-18 09:15:00,NSE:SBILIFE,1800.0,1805.0,1791.3,1797.2,349531.0
2025-06-19 09:15:00,NSE:SBILIFE,1795.0,1804.9,1781.0,1789.4,537885.0
2025-06-20 09:15:00,NSE:SBILIFE,1787.1,1821.0,1779.1,1810.9,1669329.0
2025-06-23 09:15:00,NSE:SBILIFE,1810.0,1826.2,1798.6,1818.6,627282.0
2025-06-24 09:15:00,NSE:SBILIFE,1832.2,1850.9,1828.0,1843.0,876488.0
2025-06-25 09:15:00,NSE:SBILIFE,1843.0,1855.0,1825.0,1842.7,990856.0
2025-06-26 09:15:00,NSE:SBILIFE,1850.0,1866.4,1842.7,1860.8,1147822.0
2025-06-27 09:15:00,NSE:SBILIFE,1848.0,1862.9,1815.3,1850.6,6763121.0
2025-06-30 09:15:00,NSE:SBILIFE,1846.0,1853.1,1826.1,1846.7,275674.0
