datetime,symbol,open,high,low,close,volume
2006-11-02 09:15:00,NSE:TATACONSUM,75.11771178,75.824088,73.13690109,74.85097302,1148029.83189194
2006-11-03 09:15:00,NSE:TATACONSUM,74.59904538,75.2807232,73.601232,73.75436109,1152017.94448223
2006-11-06 09:15:00,NSE:TATACONSUM,74.48543571,74.48543571,72.9590736,73.28509149,3097214.79933923
2006-11-07 09:15:00,NSE:TATACONSUM,74.07544029,74.3915808,72.119328,72.54907818,2699911.73517313
2006-11-08 09:15:00,NSE:TATACONSUM,72.613296,73.48267869,72.12426669,72.45028458,3085452.90383183
2006-11-09 09:15:00,NSE:TATACONSUM,72.9096768,73.58147229,72.42064749,72.89485578,1549533.57302497
2006-11-10 09:15:00,NSE:TATACONSUM,72.86028,73.107264,72.613296,72.7614864,1616946.8467593
2006-11-13 09:15:00,NSE:TATACONSUM,72.7614864,73.09738662,72.50462502,72.78124611,1024438.83004567
2006-11-14 09:15:00,NSE:TATACONSUM,73.0084704,73.848216,72.5145024,73.48761738,1490440.67631911
2006-11-15 09:15:00,NSE:TATACONSUM,74.0952,74.2927872,72.61823469,72.79606218,1856871.29530658
2006-11-16 09:15:00,NSE:TATACONSUM,72.0699312,72.0699312,72.0699312,72.0699312,2034645.96896965
2006-11-17 09:15:00,NSE:TATACONSUM,72.613296,72.613296,69.6988848,70.05453978,1793162.71499368
2006-11-20 09:15:00,NSE:TATACONSUM,70.05453978,70.05453978,68.67142938,69.22467651,2006071.24348136
2006-11-21 09:15:00,NSE:TATACONSUM,69.2543136,70.7362176,69.06660378,69.53587338,3648100.68668416
2006-11-22 09:15:00,NSE:TATACONSUM,70.60778691,71.40801309,70.2422496,70.8103128,1358883.57140544
2006-11-23 09:15:00,NSE:TATACONSUM,71.61548262,72.80100582,71.0325984,72.32679258,2438487.91824572
2006-11-24 09:15:00,NSE:TATACONSUM,72.30703782,73.3048512,71.131392,72.77630742,1071101.77177469
2006-11-27 09:15:00,NSE:TATACONSUM,72.99859302,73.3048512,72.7614864,72.84052029,611982.96245911
2006-11-28 09:15:00,NSE:TATACONSUM,72.5145024,73.32461091,71.131392,73.11714138,1258178.66744404
2006-11-29 09:15:00,NSE:TATACONSUM,73.49749971,73.49749971,72.2181216,72.68245251,732901.72642762
2006-11-30 09:15:00,NSE:TATACONSUM,72.68245251,73.19618022,70.143456,70.88934669,4025615.01959641
2006-12-01 09:15:00,NSE:TATACONSUM,72.00077469,72.10945062,71.13633069,71.76861171,584420.44828815
2006-12-04 09:15:00,NSE:TATACONSUM,72.10945062,74.9843424,71.63523738,74.49531309,2572707.13892398
2006-12-05 09:15:00,NSE:TATACONSUM,75.1819296,75.7746912,73.61605302,73.98158538,1831616.62293914
2006-12-06 09:15:00,NSE:TATACONSUM,74.2433904,74.2433904,74.2433904,74.2433904,1624295.50092314
2006-12-07 09:15:00,NSE:TATACONSUM,74.71759869,74.71759869,74.71759869,74.71759869,983272.19576977
2006-12-08 09:15:00,NSE:TATACONSUM,74.48049702,74.48049702,73.4530416,74.0705016,753166.19700062
2006-12-11 09:15:00,NSE:TATACONSUM,74.08037898,74.08037898,71.62536,71.94150051,959839.50377352
2006-12-12 09:15:00,NSE:TATACONSUM,71.62536,72.28727811,66.68568,68.67142938,2180424.64289185
2006-12-13 09:15:00,NSE:TATACONSUM,68.67142938,69.649488,66.7844736,68.77516662,697818.48216889
2006-12-14 09:15:00,NSE:TATACONSUM,68.77516662,70.6868208,68.77516662,70.17803178,1139567.74527905
2006-12-15 09:15:00,NSE:TATACONSUM,70.637424,71.5265664,70.5386304,70.80043542,553487.27043047
2006-12-18 09:15:00,NSE:TATACONSUM,70.9338048,71.2301856,69.5506944,70.34598189,1155823.8590354
2006-12-19 09:15:00,NSE:TATACONSUM,70.9832016,70.9832016,69.3531072,70.40031738,867394.24416157
2006-12-20 09:15:00,NSE:TATACONSUM,70.637424,71.5265664,69.0567264,69.61985091,1711274.8194215
2006-12-21 09:15:00,NSE:TATACONSUM,70.2422496,71.131392,68.1922824,70.77573702,1082387.92796294
2006-12-22 09:15:00,NSE:TATACONSUM,71.0325984,71.131392,69.95080749,70.50899331,1270750.33200531
2006-12-26 09:15:00,NSE:TATACONSUM,70.63248531,70.8350112,70.143456,70.62754662,671541.47637094
2006-12-27 09:15:00,NSE:TATACONSUM,70.3410432,71.22030822,70.3410432,70.67199978,494242.54202701
2006-12-28 09:15:00,NSE:TATACONSUM,71.131392,72.49474269,70.3410432,71.96126022,2232148.64120753
2006-12-29 09:15:00,NSE:TATACONSUM,72.60835731,82.00362669,70.9585032,71.254884,2012559.51802546
2007-01-02 09:15:00,NSE:TATACONSUM,71.62536,71.9217408,70.74609498,70.87453062,542423.80073203
2007-01-03 09:15:00,NSE:TATACONSUM,71.5265664,71.81306982,70.5386304,70.77573702,1645359.61843682
2007-01-04 09:15:00,NSE:TATACONSUM,71.131392,71.31910182,70.2422496,70.75597731,486225.82839374
2007-01-05 09:15:00,NSE:TATACONSUM,70.15333338,71.62536,70.15333338,71.41295178,843091.05043242
2007-01-08 09:15:00,NSE:TATACONSUM,72.119328,72.119328,70.3410432,70.83994989,850642.14685972
2007-01-09 09:15:00,NSE:TATACONSUM,70.18297542,72.32679258,70.18297542,71.71921491,1606672.90188838
2007-01-10 09:15:00,NSE:TATACONSUM,71.872344,72.39594909,71.131392,71.50680669,1375797.62251806
2007-01-11 09:15:00,NSE:TATACONSUM,71.62536,71.81800851,70.5386304,71.53150509,486003.14190393
2007-01-12 09:15:00,NSE:TATACONSUM,72.10450698,72.8108832,71.44753251,71.81306982,691816.06905711
2007-01-15 09:15:00,NSE:TATACONSUM,72.5145024,72.5145024,71.83282458,72.01559571,208849.56110517
2007-01-16 09:15:00,NSE:TATACONSUM,72.0205344,72.7120896,71.29934211,72.02547309,242627.05276455
2007-01-17 09:15:00,NSE:TATACONSUM,71.16102909,72.22306029,71.16102909,71.91680211,615819.2433518
2007-01-18 09:15:00,NSE:TATACONSUM,72.0205344,72.30209418,71.63523738,72.10945062,297296.58601367
2007-01-19 09:15:00,NSE:TATACONSUM,71.20054851,72.4157088,71.20054851,71.6006616,227251.56285427
2007-01-22 09:15:00,NSE:TATACONSUM,71.6006616,72.7120896,70.884408,72.03535542,542180.87001587
2007-01-23 09:15:00,NSE:TATACONSUM,70.17309309,72.7120896,70.17309309,71.65499709,241513.62031549
2007-01-24 09:15:00,NSE:TATACONSUM,70.93874349,72.119328,70.93874349,71.995836,188240.93868429
2007-01-25 09:15:00,NSE:TATACONSUM,71.3289792,72.31197651,70.24718829,70.8103128,2256623.91086062
2007-01-29 09:15:00,NSE:TATACONSUM,71.131392,72.119328,70.5880272,70.70658051,845874.63155508
2007-01-31 09:15:00,NSE:TATACONSUM,70.637424,72.0205344,70.17309309,70.49417229,334464.98558611
2007-02-01 09:15:00,NSE:TATACONSUM,70.67199978,72.15884742,70.637424,71.68463418,1098279.64564506
2007-02-02 09:15:00,NSE:TATACONSUM,72.3169152,72.5145024,70.75103862,71.3536776,896070.19078159
2007-02-05 09:15:00,NSE:TATACONSUM,70.64236269,71.71427622,70.64236269,71.24994531,275513.79846468
2007-02-06 09:15:00,NSE:TATACONSUM,70.5386304,71.96126022,70.3410432,70.67694342,429471.13983092
2007-02-07 09:15:00,NSE:TATACONSUM,70.637424,70.637424,69.3778056,69.65936538,1892410.03465812
2007-02-08 09:15:00,NSE:TATACONSUM,69.16539738,69.649488,68.2663776,68.67142938,1309973.52055194
2007-02-09 09:15:00,NSE:TATACONSUM,68.9579328,68.9579328,67.2784416,67.47109011,513960.41848865
2007-02-12 09:15:00,NSE:TATACONSUM,68.1428856,68.1428856,65.3519664,65.92496829,482359.18116153
2007-02-13 09:15:00,NSE:TATACONSUM,65.3025696,67.5748224,64.42330458,67.01169789,1039348.70274998
2007-02-14 09:15:00,NSE:TATACONSUM,66.191712,67.01169789,64.71968538,66.25098618,338210.16746024
2007-02-15 09:15:00,NSE:TATACONSUM,67.5748224,67.5748224,64.92715491,66.78941229,739906.22874356
2007-02-19 09:15:00,NSE:TATACONSUM,67.4760288,68.0687904,66.39917658,66.57206538,261555.40439867
2007-02-20 09:15:00,NSE:TATACONSUM,66.47821542,67.37229651,65.4013632,65.69280531,760535.09539079
2007-02-21 09:15:00,NSE:TATACONSUM,66.191712,68.5627584,64.37885142,66.7103784,1489580.29669938
2007-02-22 09:15:00,NSE:TATACONSUM,66.932664,68.5627584,64.2405384,65.0308872,1105041.21724484
2007-02-23 09:15:00,NSE:TATACONSUM,64.709808,66.07809738,63.9194592,64.21584,389175.00728792
2007-02-26 09:15:00,NSE:TATACONSUM,64.21584,65.48039709,62.733936,64.89257418,418832.79888576
2007-02-27 09:15:00,NSE:TATACONSUM,67.179648,67.179648,62.64501978,62.89694742,702636.60803939
2007-02-28 09:15:00,NSE:TATACONSUM,60.8568576,63.1291104,59.8689216,61.0544448,922367.44080588
2007-03-01 09:15:00,NSE:TATACONSUM,59.89855869,61.0544448,59.2267632,60.25915731,699539.24140835
2007-03-02 09:15:00,NSE:TATACONSUM,59.770128,61.23227229,58.288224,58.98965658,971287.61377255
2007-03-05 09:15:00,NSE:TATACONSUM,58.288224,59.27616,55.324416,56.18392131,1110284.47186862
2007-03-06 09:15:00,NSE:TATACONSUM,56.80632,58.288224,56.42102298,56.8557168,1896843.52022803
2007-03-07 09:15:00,NSE:TATACONSUM,56.5346376,58.1894304,55.818384,56.5099392,748935.15369417
2007-03-08 09:15:00,NSE:TATACONSUM,56.0159712,58.782192,55.38369018,58.02641898,971419.20124381
2007-03-09 09:15:00,NSE:TATACONSUM,58.288224,58.782192,55.38369018,58.25858691,531714.60499466
2007-03-12 09:15:00,NSE:TATACONSUM,58.782192,60.03193302,57.300288,59.21194218,561008.00051825
2007-03-13 09:15:00,NSE:TATACONSUM,59.21194218,60.96058989,58.32279978,60.71360589,303339.48757814
2007-03-14 09:15:00,NSE:TATACONSUM,57.3990816,60.6592704,54.86008509,60.36782829,529983.72364202
2007-03-15 09:15:00,NSE:TATACONSUM,60.758064,61.64226771,57.3990816,61.01492538,588590.75891556
2007-03-16 09:15:00,NSE:TATACONSUM,60.758064,61.1038416,59.26133898,59.85904422,631063.14579082
2007-03-19 09:15:00,NSE:TATACONSUM,59.9677152,62.5363488,59.9677152,61.95346458,1051738.16927412
2007-03-20 09:15:00,NSE:TATACONSUM,62.4375552,66.42881862,62.239968,62.44743258,771750.39678684
2007-03-21 09:15:00,NSE:TATACONSUM,62.5610472,62.81790858,61.5484128,62.22020829,372635.47436271
2007-03-22 09:15:00,NSE:TATACONSUM,62.24490669,63.00067971,60.77288502,61.93864851,348494.23444434
2007-03-23 09:15:00,NSE:TATACONSUM,63.8206656,63.8206656,60.3628896,61.83985491,311335.95698507
2007-03-26 09:15:00,NSE:TATACONSUM,61.38540138,61.93864851,60.7827624,61.5237144,195700.93609303
2007-03-28 09:15:00,NSE:TATACONSUM,59.06375178,61.94852589,59.06375178,60.758064,746019.98510025
2007-03-29 09:15:00,NSE:TATACONSUM,60.264096,60.67903011,58.8068904,59.3502552,1219542.56146147
2007-03-30 09:15:00,NSE:TATACONSUM,59.4737472,60.45180582,57.91280931,60.00229098,714206.1833965
2007-04-02 09:15:00,NSE:TATACONSUM,59.27616,59.6713344,57.43365738,58.64387898,171083.9568555
2007-04-03 09:15:00,NSE:TATACONSUM,59.18724378,59.18724378,59.18724378,59.18724378,0.0
2007-04-04 09:15:00,NSE:TATACONSUM,59.44411011,60.0665088,58.782192,59.86398291,242009.60386098
2007-04-05 09:15:00,NSE:TATACONSUM,59.38483098,61.1532384,58.3870176,60.7333656,453298.59424092
2007-04-09 09:15:00,NSE:TATACONSUM,60.6592704,62.31900189,59.97759258,61.48913862,805062.27124024
2007-04-10 09:15:00,NSE:TATACONSUM,60.9556512,61.746,60.3628896,61.252032,264318.74129498
2007-04-11 09:15:00,NSE:TATACONSUM,60.56541549,63.0797136,57.04342662,62.62032138,827644.70572993
2007-04-12 09:15:00,NSE:TATACONSUM,62.62526502,63.71199462,60.8568576,62.47213098,1022070.25556311
2007-04-13 09:15:00,NSE:TATACONSUM,61.8447936,63.8206656,61.3508256,63.28223949,661429.48531079
2007-04-16 09:15:00,NSE:TATACONSUM,64.0182528,65.9694264,64.0182528,65.56931331,1074037.18459495
2007-04-17 09:15:00,NSE:TATACONSUM,65.697744,68.5627584,64.9073952,66.74001549,1140579.95659638
2007-04-18 09:15:00,NSE:TATACONSUM,67.179648,68.15770662,65.4013632,66.98699949,707363.63489133
2007-04-19 09:15:00,NSE:TATACONSUM,65.90520858,68.167584,65.3025696,67.0808544,583833.3657241
2007-04-20 09:15:00,NSE:TATACONSUM,68.0687904,68.5627584,66.42881862,66.80423331,1009316.39296473
2007-04-23 09:15:00,NSE:TATACONSUM,65.91015222,68.16264531,65.7965376,67.04627862,602002.55887021
2007-04-24 09:15:00,NSE:TATACONSUM,66.40412022,67.673616,64.34920938,66.62146218,509992.5501247
2007-04-25 09:15:00,NSE:TATACONSUM,65.82617469,77.30105331,65.71256502,76.35263178,9801313.04052084
2007-04-26 09:15:00,NSE:TATACONSUM,81.50472,81.50472,76.7626272,78.18031338,12631435.6395556
2007-04-27 09:15:00,NSE:TATACONSUM,78.540912,78.540912,75.70553469,76.10564778,1923039.54912059
2007-04-30 09:15:00,NSE:TATACONSUM,75.1819296,80.4179904,74.6879616,76.67371098,3980672.83710686
2007-05-03 09:15:00,NSE:TATACONSUM,77.059008,79.1336736,76.071072,76.70829171,3838538.12392706
2007-05-04 09:15:00,NSE:TATACONSUM,77.5035792,77.7011664,74.75217942,75.05349891,1080221.79574385
2007-05-07 09:15:00,NSE:TATACONSUM,75.4783104,76.1698656,73.5024384,75.31036029,1787038.83652382
2007-05-08 09:15:00,NSE:TATACONSUM,75.3795168,76.56504,73.83833862,75.24120378,970963.70615101
2007-05-09 09:15:00,NSE:TATACONSUM,75.1819296,77.64189222,74.79663258,76.51070451,1392387.76600913
2007-05-10 09:15:00,NSE:TATACONSUM,76.57491738,78.1951344,75.80432829,76.73299011,1254605.56149386
2007-05-11 09:15:00,NSE:TATACONSUM,74.09026131,78.01236822,69.67912509,77.03924829,1073844.86444466
2007-05-14 09:15:00,NSE:TATACONSUM,86.1480192,86.1480192,76.77744822,78.64958298,2162943.75344152
2007-05-15 09:15:00,NSE:TATACONSUM,77.78020029,81.50472,77.552976,81.32195382,5274349.75544975
2007-05-16 09:15:00,NSE:TATACONSUM,81.50472,82.08760422,80.23028058,80.51184531,3559947.20305769
2007-05-17 09:15:00,NSE:TATACONSUM,80.516784,82.97674662,79.14355098,82.58651091,3538822.35286496
2007-05-18 09:15:00,NSE:TATACONSUM,82.00856538,84.44876829,81.8011008,83.17433382,2663117.8537881
2007-05-21 09:15:00,NSE:TATACONSUM,83.39167578,84.468528,81.41580378,83.12493702,2297658.95766527
2007-05-22 09:15:00,NSE:TATACONSUM,82.71988029,87.5311296,82.1962752,86.82475338,5132275.77494898
2007-05-23 09:15:00,NSE:TATACONSUM,93.82428291,93.82428291,85.57007862,86.42957898,6810097.01033265
2007-05-24 09:15:00,NSE:TATACONSUM,86.4444,88.0250976,85.6540512,87.185352,3622592.96148738
2007-05-25 09:15:00,NSE:TATACONSUM,86.938368,92.9647776,84.97237338,90.41096502,12690579.14682733
2007-05-28 09:15:00,NSE:TATACONSUM,100.9176624,100.9176624,91.98178029,92.372016,13401050.27046286
2007-05-29 09:15:00,NSE:TATACONSUM,92.865984,92.865984,89.8033824,90.02072931,3401394.42231076
2007-05-30 09:15:00,NSE:TATACONSUM,89.7045888,89.8033824,85.9751304,86.62222749,4169359.14877077
2007-05-31 09:15:00,NSE:TATACONSUM,88.420272,91.7792544,87.926304,90.91974909,9586633.14222784
2007-06-01 09:15:00,NSE:TATACONSUM,92.865984,96.31388262,92.5943016,94.09596531,10703588.08667768
2007-06-04 09:15:00,NSE:TATACONSUM,94.0515072,94.80728022,89.6057952,90.13433898,4076529.24885823
2007-06-05 09:15:00,NSE:TATACONSUM,88.9389384,90.396144,87.63980058,88.28690262,3058335.7626405
2007-06-06 09:15:00,NSE:TATACONSUM,90.4949376,90.4949376,82.99650138,84.12768909,6181615.00340103
2007-06-07 09:15:00,NSE:TATACONSUM,83.0854176,85.456464,81.1095456,83.2089096,3186967.57684708
2007-06-08 09:15:00,NSE:TATACONSUM,83.0854176,84.468528,81.1095456,82.03326378,1910386.90765394
2007-06-11 09:15:00,NSE:TATACONSUM,84.468528,84.468528,79.73631258,80.25004029,1442451.73776439
2007-06-12 09:15:00,NSE:TATACONSUM,81.010752,82.47289629,79.9240224,82.06784451,2576351.09966638
2007-06-13 09:15:00,NSE:TATACONSUM,82.0974816,82.18639782,79.63258029,80.0475144,825114.1774366
2007-06-14 09:15:00,NSE:TATACONSUM,81.0601488,81.9492912,80.2204032,80.8131648,1396072.21520422
2007-06-15 09:15:00,NSE:TATACONSUM,81.751704,81.91471542,80.1216096,80.61063891,1350897.22411168
2007-06-18 09:15:00,NSE:TATACONSUM,81.50472,81.50472,79.03488,79.40041731,1025086.64528876
2007-06-19 09:15:00,NSE:TATACONSUM,79.528848,80.8131648,78.85705251,80.36365491,1104342.79143588
2007-06-20 09:15:00,NSE:TATACONSUM,81.6035136,82.23085098,80.05245309,81.53435709,1680301.15311113
2007-06-21 09:15:00,NSE:TATACONSUM,81.53435709,83.5793856,81.3071328,83.09035629,1641189.30780941
2007-06-22 09:15:00,NSE:TATACONSUM,83.3817984,83.94492291,81.8998944,82.10735898,1901864.088362
2007-06-25 09:15:00,NSE:TATACONSUM,82.10735898,83.0854176,80.13148698,81.14906502,737021.42648917
2007-06-26 09:15:00,NSE:TATACONSUM,80.8131648,81.3071328,79.66221738,80.84774058,2550398.00148997
2007-06-27 09:15:00,NSE:TATACONSUM,80.3191968,82.33952691,79.39547862,81.41580378,1384948.01282674
2007-06-28 09:15:00,NSE:TATACONSUM,82.5914496,83.480592,81.50472,82.54699149,2293478.52492469
2007-06-29 09:15:00,NSE:TATACONSUM,83.04589818,85.0612896,82.7890368,84.68093622,2826731.69112169
2007-07-02 09:15:00,NSE:TATACONSUM,84.87357978,85.950432,82.986624,84.42406989,1968902.84390892
2007-07-03 09:15:00,NSE:TATACONSUM,84.962496,86.4444,84.468528,85.456464,1080414.11589415
2007-07-04 09:15:00,NSE:TATACONSUM,85.62441411,85.950432,83.97456,84.96743469,1066364.62280957
2007-07-05 09:15:00,NSE:TATACONSUM,84.30057789,85.3576704,82.0974816,83.4558936,1040613.96689664
2007-07-06 09:15:00,NSE:TATACONSUM,82.06290582,85.456464,82.06290582,83.39167578,2801466.89664108
2007-07-09 09:15:00,NSE:TATACONSUM,82.986624,84.94273629,82.35434298,84.18696822,824193.06513782
2007-07-10 09:15:00,NSE:TATACONSUM,83.58926298,84.56238291,83.110116,83.98938102,1080788.63408156
2007-07-11 09:15:00,NSE:TATACONSUM,82.8878304,84.8637024,82.15181709,83.72263731,1228956.12671266
2007-07-12 09:15:00,NSE:TATACONSUM,83.8757664,85.84669971,83.09035629,84.715512,1718704.45049072
2007-07-13 09:15:00,NSE:TATACONSUM,85.950432,87.1359552,84.9871944,85.41200589,2292243.62711755
2007-07-16 09:15:00,NSE:TATACONSUM,85.7528448,86.43452262,83.9498616,84.3944328,2206327.13050238
2007-07-17 09:15:00,NSE:TATACONSUM,85.1600832,85.7528448,81.010752,81.27749571,1803628.9800149
2007-07-18 09:15:00,NSE:TATACONSUM,81.010752,81.1095456,77.059008,77.46900342,3391201.45434522
2007-07-19 09:15:00,NSE:TATACONSUM,77.552976,78.540912,76.29829629,76.99973382,2575662.79597059
2007-07-20 09:15:00,NSE:TATACONSUM,77.2565952,78.4421184,75.8734848,76.4909448,0.0
2007-07-23 09:15:00,NSE:TATACONSUM,75.49807011,75.94758,74.5397712,74.8855488,1964681.92271564
2007-07-24 09:15:00,NSE:TATACONSUM,75.083136,76.9602144,74.12483709,76.0957704,2380670.4077997
2007-07-25 09:15:00,NSE:TATACONSUM,75.43879098,76.56504,74.1939936,75.66602022,1322595.79567907
2007-07-26 09:15:00,NSE:TATACONSUM,75.9722784,76.1698656,74.0952,74.46073731,3231008.89126421
2007-07-27 09:15:00,NSE:TATACONSUM,74.46073731,76.56504,71.2301856,74.99916342,2378423.29867522
2007-07-30 09:15:00,NSE:TATACONSUM,74.20881462,76.56504,74.20881462,76.05625098,1722925.371684
2007-07-31 09:15:00,NSE:TATACONSUM,76.56504,77.54309862,75.87842349,76.16492691,2844202.45845885
2007-08-01 09:15:00,NSE:TATACONSUM,76.16492691,76.1698656,71.2301856,71.86246662,1740770.65720856
2007-08-02 09:15:00,NSE:TATACONSUM,72.2181216,74.0952,71.3289792,72.14896509,1422956.54779257
2007-08-03 09:15:00,NSE:TATACONSUM,72.613296,73.107264,71.7241536,71.995836,858567.76147443
2007-08-06 09:15:00,NSE:TATACONSUM,71.995836,71.995836,69.649488,70.53369171,678991.3516665
2007-08-07 09:15:00,NSE:TATACONSUM,71.131392,71.8229472,70.143456,70.92886611,411929.51770155
2007-08-08 09:15:00,NSE:TATACONSUM,71.131392,71.62536,68.0687904,70.64236269,1967293.42791436
2007-08-09 09:15:00,NSE:TATACONSUM,71.62536,72.983772,70.143456,70.4645352,6026797.28241506
2007-08-10 09:15:00,NSE:TATACONSUM,70.4398368,70.5386304,67.5748224,68.69118909,1515108.2661225
2007-08-13 09:15:00,NSE:TATACONSUM,70.13357862,71.2795824,69.16045869,70.52380938,1565587.24451786
2007-08-14 09:15:00,NSE:TATACONSUM,71.5265664,71.5265664,69.45683949,69.72852189,644525.55631134
2007-08-16 09:15:00,NSE:TATACONSUM,68.30095338,68.30095338,65.9941248,66.9820608,2135026.96530949
2007-08-17 09:15:00,NSE:TATACONSUM,67.179648,67.179648,63.63295578,65.68292298,2635646.4386357
2007-08-20 09:15:00,NSE:TATACONSUM,66.7844736,67.96011942,66.09785709,66.33496371,538304.10067049
2007-08-21 09:15:00,NSE:TATACONSUM,67.179648,67.179648,65.21365338,65.96448771,2271250.36439607
2007-08-22 09:15:00,NSE:TATACONSUM,66.4880928,66.72519942,64.48258371,66.25098618,1648659.42733133
2007-08-23 09:15:00,NSE:TATACONSUM,66.68568,68.85420051,66.20158938,66.86350749,1373874.42101513
2007-08-24 09:15:00,NSE:TATACONSUM,66.7844736,72.47498298,65.92496829,71.26476138,3257933.71230525
2007-08-27 09:15:00,NSE:TATACONSUM,71.61548262,73.0084704,70.46947389,72.56883789,838566.46584394
2007-08-28 09:15:00,NSE:TATACONSUM,71.5265664,73.98158538,71.5265664,73.74448371,1169164.80419784
2007-08-29 09:15:00,NSE:TATACONSUM,71.88222138,73.53701418,71.7241536,72.37125069,405400.75470476
2007-08-30 09:15:00,NSE:TATACONSUM,74.0952,74.0952,69.77298,71.8476456,4570053.12084993
2007-08-31 09:15:00,NSE:TATACONSUM,72.613296,73.2554544,70.143456,72.7614864,462438.86243643
2007-09-03 09:15:00,NSE:TATACONSUM,74.589168,76.94539338,74.31254691,75.92782029,1089341.81971302
2007-09-04 09:15:00,NSE:TATACONSUM,76.071072,77.3553888,74.7867552,75.31036029,838667.68697567
2007-09-05 09:15:00,NSE:TATACONSUM,74.81639229,76.35757542,74.1939936,74.9102472,590817.62381369
2007-09-06 09:15:00,NSE:TATACONSUM,74.0952,75.2807232,74.0952,74.6632632,554489.35963463
2007-09-07 09:15:00,NSE:TATACONSUM,75.2807232,75.9722784,74.0952,75.18686829,691077.15479545
2007-09-10 09:15:00,NSE:TATACONSUM,74.6879616,77.059008,74.1939936,76.6638336,1327656.85226573
2007-09-11 09:15:00,NSE:TATACONSUM,77.552976,78.4421184,77.059008,77.59249542,1704786.5448774
2007-09-12 09:15:00,NSE:TATACONSUM,78.046944,79.71655782,78.046944,78.47669418,2186508.03290901
2007-09-13 09:15:00,NSE:TATACONSUM,79.03488,79.99317891,77.75550189,78.20995542,512836.86392641
2007-09-14 09:15:00,NSE:TATACONSUM,78.27416829,79.03488,74.6138664,75.96733971,1477454.00511774
2007-09-17 09:15:00,NSE:TATACONSUM,76.2686592,77.059008,75.2807232,76.57491738,609968.66193762
2007-09-18 09:15:00,NSE:TATACONSUM,76.2686592,78.62982822,76.1698656,78.40259898,1090546.35118064
2007-09-19 09:15:00,NSE:TATACONSUM,79.03488,80.516784,78.0716424,80.06727411,1629012.40566191
2007-09-20 09:15:00,NSE:TATACONSUM,80.2204032,80.9119584,78.59524749,79.21270749,1180602.7920837
2007-09-21 09:15:00,NSE:TATACONSUM,78.540912,79.1830704,77.552976,77.90369229,732152.6900528
2007-09-24 09:15:00,NSE:TATACONSUM,79.3312608,80.022816,77.8493568,78.16055862,665589.67382503
2007-09-25 09:15:00,NSE:TATACONSUM,78.2445312,79.02500262,76.9602144,77.75550189,485213.61707641
2007-09-26 09:15:00,NSE:TATACONSUM,77.55791469,78.2445312,76.8614208,76.95527571,968078.90389661
2007-09-27 09:15:00,NSE:TATACONSUM,77.6517696,78.53103462,76.9602144,78.00742458,3767916.14031678
2007-09-28 09:15:00,NSE:TATACONSUM,79.03488,80.022816,78.00742458,79.61282058,1192840.42691025
2007-10-01 09:15:00,NSE:TATACONSUM,79.03488,82.28024778,79.03488,81.01569069,1796867.40841512
2007-10-03 09:15:00,NSE:TATACONSUM,82.492656,84.962496,81.2083392,83.31758058,1672669.07977845
2007-10-04 09:15:00,NSE:TATACONSUM,83.97456,84.962496,81.81097818,83.32746291,1041605.93398763
2007-10-05 09:15:00,NSE:TATACONSUM,83.480592,84.45370698,82.492656,83.28794349,825873.33592459
2007-10-08 09:15:00,NSE:TATACONSUM,80.55135978,84.468528,80.55135978,83.09529498,2342034.30181712
2007-10-09 09:15:00,NSE:TATACONSUM,83.480592,83.480592,81.1095456,83.36203869,1114181.48544035
2007-10-10 09:15:00,NSE:TATACONSUM,83.480592,87.4817328,83.3817984,85.47622371,3411850.5652188
2007-10-11 09:15:00,NSE:TATACONSUM,84.962496,86.8395744,83.5793856,84.33515862,787986.26631685
2007-10-12 09:15:00,NSE:TATACONSUM,84.962496,84.962496,81.50472,81.68748618,1667476.43572053
2007-10-15 09:15:00,NSE:TATACONSUM,81.998688,83.36203869,81.51459738,82.35928662,1369370.080653
2007-10-16 09:15:00,NSE:TATACONSUM,82.3938624,84.95261862,81.998688,83.93504058,1523489.37583001
2007-10-17 09:15:00,NSE:TATACONSUM,81.010752,81.998688,76.194564,81.03051171,734075.89155573
2007-10-18 09:15:00,NSE:TATACONSUM,81.998688,84.84888138,80.516784,81.5788152,1785753.32815081
2007-10-19 09:15:00,NSE:TATACONSUM,80.022816,81.50472,78.046944,79.03981869,700247.78933048
2007-10-22 09:15:00,NSE:TATACONSUM,77.552976,78.9360864,74.71759869,77.31586938,2492347.68244097
2007-10-23 09:15:00,NSE:TATACONSUM,78.9360864,82.87300938,78.046944,79.17813171,642976.87299582
2007-10-24 09:15:00,NSE:TATACONSUM,79.03488,80.022816,77.552976,77.71104378,843809.72046772
2007-10-25 09:15:00,NSE:TATACONSUM,78.540912,78.81753309,77.4047856,77.63694858,1603069.42959868
2007-10-26 09:15:00,NSE:TATACONSUM,79.03488,80.49702429,77.9481504,79.76101098,1213702.10216046
2007-10-29 09:15:00,NSE:TATACONSUM,81.010752,82.87300938,79.53378669,81.010752,1209926.55394681
2007-10-30 09:15:00,NSE:TATACONSUM,81.2083392,81.8011008,78.18031338,80.32907418,746900.60894633
2007-10-31 09:15:00,NSE:TATACONSUM,80.8131648,82.7890368,80.1216096,81.10460691,521774.68985845
2007-11-01 09:15:00,NSE:TATACONSUM,81.3565296,81.8011008,79.03488,80.00305629,1099575.27613125
2007-11-02 09:15:00,NSE:TATACONSUM,79.9240224,79.9240224,78.6397056,78.82247178,684032.16402682
2007-11-05 09:15:00,NSE:TATACONSUM,78.7384992,80.516784,78.7384992,79.05463971,251635.73348881
2007-11-06 09:15:00,NSE:TATACONSUM,80.89713738,80.89713738,76.56504,77.46405978,1694441.74521427
2007-11-07 09:15:00,NSE:TATACONSUM,78.8372928,78.8372928,75.4042152,78.20501178,1080231.91785703
2007-11-08 09:15:00,NSE:TATACONSUM,77.059008,79.01512029,76.28841891,77.79996,326731.69112169
2007-11-09 09:15:00,NSE:TATACONSUM,78.6397056,80.022816,77.26153389,78.03212298,35994.23444434
2007-11-12 09:15:00,NSE:TATACONSUM,76.2686592,77.24671782,75.2807232,76.23408342,1204237.92634341
2007-11-13 09:15:00,NSE:TATACONSUM,76.071072,77.53321629,75.3795168,75.90312189,1668417.79224565
2007-11-14 09:15:00,NSE:TATACONSUM,76.2686592,77.6517696,76.09083171,76.46130771,953786.48009588
2007-11-15 09:15:00,NSE:TATACONSUM,78.51127491,78.51127491,74.589168,75.32024262,1588007.72519677
2007-11-16 09:15:00,NSE:TATACONSUM,76.071072,80.11173222,73.9964064,78.62488458,2977682.76487546
2007-11-19 09:15:00,NSE:TATACONSUM,80.022816,83.1842112,79.24234458,81.47508291,1280265.11838824
2007-11-20 09:15:00,NSE:TATACONSUM,81.47508291,82.48277862,77.8493568,78.66934269,578721.69857157
2007-11-21 09:15:00,NSE:TATACONSUM,79.528848,79.90426269,77.36032749,78.13091658,1024590.66174327
2007-11-22 09:15:00,NSE:TATACONSUM,78.13586022,78.13586022,74.22856938,76.318056,525165.59777152
2007-11-23 09:15:00,NSE:TATACONSUM,77.2565952,79.03488,74.71266,76.45142538,747092.92909662
2007-11-26 09:15:00,NSE:TATACONSUM,76.56504,78.540912,76.2686592,76.60455942,295039.35477602
2007-11-27 09:15:00,NSE:TATACONSUM,76.3674528,77.84441811,75.1078344,77.07876771,191226.96207042
2007-11-28 09:15:00,NSE:TATACONSUM,77.07876771,78.42729738,75.206628,75.7252944,430817.38088297
2007-11-29 09:15:00,NSE:TATACONSUM,78.046944,78.046944,72.12920538,73.16653818,1066820.11790237
2007-11-30 09:15:00,NSE:TATACONSUM,73.7000256,76.56010131,73.2060576,75.03867789,2996520.01749101
2007-12-03 09:15:00,NSE:TATACONSUM,78.046944,79.1336736,75.206628,78.43224102,2338754.73714897
2007-12-04 09:15:00,NSE:TATACONSUM,80.022816,84.6661152,80.022816,83.88564378,6075737.69960807
2007-12-05 09:15:00,NSE:TATACONSUM,79.03981869,84.962496,79.03981869,83.63865978,2309238.65513556
2007-12-06 09:15:00,NSE:TATACONSUM,83.97456,85.2588768,82.0974816,83.29288218,3679519.72597415
2007-12-07 09:15:00,NSE:TATACONSUM,80.79340509,84.45865062,80.32413549,81.3318312,3288249.44125935
2007-12-10 09:15:00,NSE:TATACONSUM,81.010752,82.3938624,80.87243898,81.2330376,992817.34849221
2007-12-11 09:15:00,NSE:TATACONSUM,82.3938624,84.89827818,80.03269338,82.37410269,3895211.83558449
2007-12-12 09:15:00,NSE:TATACONSUM,82.2950688,89.3094144,80.13148698,88.420272,4666982.47659767
2007-12-13 09:15:00,NSE:TATACONSUM,88.420272,95.7309984,88.420272,92.31768051,8928523.7100379
2007-12-14 09:15:00,NSE:TATACONSUM,93.12778902,94.0515072,90.4455408,92.53008378,2985112.39594468
2007-12-17 09:15:00,NSE:TATACONSUM,89.902176,95.32100298,84.7649088,86.06898531,4792071.5511936
2007-12-18 09:15:00,NSE:TATACONSUM,88.53388662,88.53388662,83.49046938,87.0124632,991056.10080005
2007-12-19 09:15:00,NSE:TATACONSUM,88.8154464,91.37420262,87.432336,88.85496582,1341260.97237068
2007-12-20 09:15:00,NSE:TATACONSUM,87.06186,91.38408,87.06186,88.41039462,2030030.28536261
2007-12-24 09:15:00,NSE:TATACONSUM,90.396144,90.396144,88.420272,88.97845782,1043276.08266123
2007-12-26 09:15:00,NSE:TATACONSUM,89.3094144,89.8033824,88.2226848,88.77098829,1078743.96722055
2007-12-27 09:15:00,NSE:TATACONSUM,89.8033824,90.890112,87.04703898,87.71389578,3908006.18663557
2007-12-28 09:15:00,NSE:TATACONSUM,89.0130336,90.2973504,86.27644989,88.9636368,1163152.26897289
2007-12-31 09:15:00,NSE:TATACONSUM,89.78362269,92.46587091,88.62773658,89.65025331,3581375.71664561
2008-01-01 09:15:00,NSE:TATACONSUM,89.902176,92.6683968,89.1365256,91.64588502,1256144.12269621
2008-01-02 09:15:00,NSE:TATACONSUM,92.4708096,98.299632,92.4708096,97.62289782,6720911.07116251
2008-01-03 09:15:00,NSE:TATACONSUM,94.841856,100.26562464,94.841856,95.78533389,3764879.50636479
2008-01-04 09:15:00,NSE:TATACONSUM,96.32376,100.0779168,96.32376,98.46758211,3315943.54290157
2008-01-07 09:15:00,NSE:TATACONSUM,95.829792,99.26780928,95.829792,96.76339251,1236335.14721601
2008-01-08 09:15:00,NSE:TATACONSUM,96.817728,98.1020448,91.38408,93.00429702,1439202.53943575
2008-01-09 09:15:00,NSE:TATACONSUM,91.38408,93.85392,90.1985568,92.53996611,1314275.4186506
2008-01-10 09:15:00,NSE:TATACONSUM,93.14260509,93.85392,86.18753862,87.42245862,901343.81174489
2008-01-11 09:15:00,NSE:TATACONSUM,88.79568669,88.79568669,84.468528,85.76766582,741485.2783986
2008-01-14 09:15:00,NSE:TATACONSUM,86.0492256,87.42245862,84.76984749,86.56295331,615333.38191948
2008-01-15 09:15:00,NSE:TATACONSUM,86.2715112,87.71883942,80.84774058,81.71218458,1675574.12625919
2008-01-16 09:15:00,NSE:TATACONSUM,81.71218458,83.1842112,80.022816,81.60845229,1295043.40362129
2008-01-17 09:15:00,NSE:TATACONSUM,81.6035136,84.468528,80.82304218,81.96411222,1201130.4375992
2008-01-18 09:15:00,NSE:TATACONSUM,81.37135062,81.6035136,74.7867552,76.91575629,1090971.47993392
2008-01-21 09:15:00,NSE:TATACONSUM,76.071072,78.4421184,65.327268,70.37068029,2339949.14650342
2008-01-22 09:15:00,NSE:TATACONSUM,66.20158938,70.143456,53.842512,61.56817251,3076930.08453989
2008-01-23 09:15:00,NSE:TATACONSUM,65.8953312,68.661552,61.746,67.02158022,1898463.05833576
2008-01-24 09:15:00,NSE:TATACONSUM,67.673616,73.54689651,67.673616,72.00571338,3771094.48385321
2008-01-25 09:15:00,NSE:TATACONSUM,72.119328,78.6397056,69.3531072,78.41248131,1967556.60285687
2008-01-28 09:15:00,NSE:TATACONSUM,73.107264,79.03488,73.107264,78.23465382,740331.35749684
2008-01-29 09:15:00,NSE:TATACONSUM,80.516784,88.420272,79.03488,83.89552611,2558890.45444239
2008-01-30 09:15:00,NSE:TATACONSUM,84.1721472,84.7649088,81.4059264,83.23854669,1393804.8618534
2008-01-31 09:15:00,NSE:TATACONSUM,82.986624,85.456464,74.59904538,81.60845229,4694868.89839018
2008-02-01 09:15:00,NSE:TATACONSUM,82.00856538,82.76927709,79.36089789,81.45038451,1160530.641661
2008-02-04 09:15:00,NSE:TATACONSUM,83.47071462,83.47071462,81.50472,82.08266058,652107.01907816
2008-02-05 09:15:00,NSE:TATACONSUM,82.986624,82.986624,80.13148698,81.7270056,378081.17124996
2008-02-06 09:15:00,NSE:TATACONSUM,77.55791469,81.4059264,76.32793338,80.27967738,370327.63255919
2008-02-07 09:15:00,NSE:TATACONSUM,81.10460691,82.3938624,78.89162829,79.45969149,377230.9137434
2008-02-08 09:15:00,NSE:TATACONSUM,79.03488,79.4300544,76.4662464,77.49864051,281941.34032974
2008-02-11 09:15:00,NSE:TATACONSUM,77.4541824,79.3312608,72.613296,73.7988192,818352.60583682
2008-02-12 09:15:00,NSE:TATACONSUM,76.2686592,76.2686592,70.9832016,75.03867789,816712.82350274
2008-02-13 09:15:00,NSE:TATACONSUM,74.0952,76.06119462,73.34930931,74.08532262,264500.9393321
2008-02-14 09:15:00,NSE:TATACONSUM,76.071072,78.7384992,74.3915808,77.79008262,486681.32348654
2008-02-15 09:15:00,NSE:TATACONSUM,77.6517696,78.91632669,75.59686371,77.96297142,759593.73886568
2008-02-18 09:15:00,NSE:TATACONSUM,77.059008,78.52115229,75.68083629,76.3427544,195771.79088524
2008-02-19 09:15:00,NSE:TATACONSUM,76.4168496,81.8011008,76.4168496,81.43556349,1263502.89897321
2008-02-20 09:15:00,NSE:TATACONSUM,79.528848,81.3071328,78.8372928,79.26210429,198403.5403103
2008-02-21 09:15:00,NSE:TATACONSUM,79.03488,83.5793856,76.9602144,77.78020029,458309.04026172
2008-02-22 09:15:00,NSE:TATACONSUM,76.2686592,78.93114771,75.33999738,77.38502589,300505.29588961
2008-02-25 09:15:00,NSE:TATACONSUM,78.6397056,79.9487208,77.0837064,79.5535464,500508.1300813
2008-02-26 09:15:00,NSE:TATACONSUM,78.05188269,82.8878304,78.05188269,81.39110538,1257966.10306741
2008-02-27 09:15:00,NSE:TATACONSUM,82.87795302,84.35985702,81.998688,83.03108211,2354514.86735983
2008-02-28 09:15:00,NSE:TATACONSUM,83.480592,83.480592,80.2204032,80.79834378,864975.05911314
2008-02-29 09:15:00,NSE:TATACONSUM,80.79834378,82.6902432,80.516784,81.16881978,1214562.4817802
2008-03-03 09:15:00,NSE:TATACONSUM,79.03488,81.5541168,76.08094938,80.640276,1791593.78745182
2008-03-04 09:15:00,NSE:TATACONSUM,80.516784,80.516784,77.8493568,78.65946531,649120.99569203
2008-03-05 09:15:00,NSE:TATACONSUM,78.046944,80.516784,78.046944,80.26486131,788097.60956175
2008-03-07 09:15:00,NSE:TATACONSUM,79.8252288,80.61063891,76.77250458,80.23028058,1172262.17082888
2008-03-10 09:15:00,NSE:TATACONSUM,80.022816,83.54974851,75.083136,83.02119978,1303252.43740485
2008-03-11 09:15:00,NSE:TATACONSUM,82.986624,85.5552576,82.986624,84.11781171,1438757.16645613
2008-03-12 09:15:00,NSE:TATACONSUM,85.085988,86.938368,79.1336736,80.16112902,1324124.23476824
2008-03-13 09:15:00,NSE:TATACONSUM,79.03488,81.4059264,76.56504,77.24671782,989628.88284261
2008-03-14 09:15:00,NSE:TATACONSUM,77.9481504,81.2083392,76.071072,80.146308,576069.70492016
2008-03-17 09:15:00,NSE:TATACONSUM,76.071072,78.92620902,74.83121331,75.72035571,818524.68176076
2008-03-18 09:15:00,NSE:TATACONSUM,75.72035571,79.53872538,74.6879616,78.0963408,504617.70802967
2008-03-19 09:15:00,NSE:TATACONSUM,79.2324672,81.49484262,76.83178371,77.81971971,299159.05483756
2008-03-24 09:15:00,NSE:TATACONSUM,77.06888538,81.7023072,74.2927872,77.19732102,408811.90684417
2008-03-25 09:15:00,NSE:TATACONSUM,78.6397056,79.02994131,77.305992,78.60512982,291719.30165517
2008-03-26 09:15:00,NSE:TATACONSUM,78.1951344,80.74400829,77.2565952,80.1957048,331367.61895507
2008-03-27 09:15:00,NSE:TATACONSUM,79.7264352,82.3444656,77.7752616,79.9487208,1519420.28633434
2008-03-28 09:15:00,NSE:TATACONSUM,79.9487208,84.3697344,78.20007309,82.3938624,850389.09403038
2008-03-31 09:15:00,NSE:TATACONSUM,76.071072,84.468528,76.071072,81.6776088,726372.96343083
2008-04-01 09:15:00,NSE:TATACONSUM,83.95480029,83.95480029,80.4673872,82.56181251,433985.60230622
2008-04-02 09:15:00,NSE:TATACONSUM,84.7649088,84.7649088,82.0974816,82.57168989,205023.40232566
2008-04-03 09:15:00,NSE:TATACONSUM,82.1962752,84.7649088,82.1962752,84.53274582,654576.81469245
2008-04-04 09:15:00,NSE:TATACONSUM,83.59914531,84.5673216,81.8011008,82.37410269,401766.91607554
2008-04-07 09:15:00,NSE:TATACONSUM,82.37410269,84.52286349,81.22809891,83.95973898,463370.09684838
2008-04-08 09:15:00,NSE:TATACONSUM,84.0733536,88.420272,83.1842112,88.17822669,2462396.34956111
2008-04-09 09:15:00,NSE:TATACONSUM,88.17822669,89.408208,86.938368,87.55088931,1434505.87892333
2008-04-10 09:15:00,NSE:TATACONSUM,87.5311296,88.7166528,85.56019629,86.1480192,511116.10468694
2008-04-11 09:15:00,NSE:TATACONSUM,87.1359552,88.420272,85.456464,87.72377811,1555789.03896609
2008-04-15 09:15:00,NSE:TATACONSUM,87.72377811,88.6178592,84.962496,87.50149251,1194338.4996599
2008-04-16 09:15:00,NSE:TATACONSUM,86.938368,90.18867942,86.938368,88.4696688,1838803.3232922
2008-04-17 09:15:00,NSE:TATACONSUM,89.01797229,91.0876992,88.1238912,88.78580931,1558096.8807696
2008-04-21 09:15:00,NSE:TATACONSUM,89.0130336,90.86047491,87.5311296,87.83244909,417962.29715285
2008-04-22 09:15:00,NSE:TATACONSUM,88.420272,88.80556902,84.962496,85.78742058,969900.88426781
2008-04-23 09:15:00,NSE:TATACONSUM,86.14308051,87.84233142,85.456464,86.9136696,809637.46639458
2008-04-24 09:15:00,NSE:TATACONSUM,87.80775069,87.80775069,83.86588902,84.4438296,1311704.40190458
2008-04-25 09:15:00,NSE:TATACONSUM,84.4438296,85.6540512,82.99650138,85.0365912,539711.07440158
2008-04-28 09:15:00,NSE:TATACONSUM,84.962496,87.7287168,83.97456,86.42464029,683080.68538853
2008-04-29 09:15:00,NSE:TATACONSUM,85.5552576,87.1359552,84.7649088,86.82475338,344303.67959058
2008-04-30 09:15:00,NSE:TATACONSUM,87.0371616,90.66288771,87.0371616,90.25783098,2334392.10637126
2008-05-02 09:15:00,NSE:TATACONSUM,90.5937312,93.74030538,90.5937312,91.98671898,1182009.76581479
2008-05-05 09:15:00,NSE:TATACONSUM,92.1744288,93.5575392,89.4329064,89.9515728,1334165.37103618
2008-05-06 09:15:00,NSE:TATACONSUM,89.7045888,91.2852864,88.72653018,89.0624304,655244.87416189
2008-05-07 09:15:00,NSE:TATACONSUM,88.1238912,90.7913184,88.05473469,90.39120531,2198776.03407508
2008-05-08 09:15:00,NSE:TATACONSUM,89.44772742,91.2852864,87.926304,89.93181309,1097722.92942053
2008-05-09 09:15:00,NSE:TATACONSUM,89.037732,91.2852864,88.78580931,89.49218058,671521.23214459
2008-05-12 09:15:00,NSE:TATACONSUM,89.408208,91.38408,87.0371616,89.94169542,1131571.27587212
2008-05-13 09:15:00,NSE:TATACONSUM,93.82428291,93.82428291,90.99384429,91.8533496,2859618.43682182
2008-05-14 09:15:00,NSE:TATACONSUM,91.5816672,92.6683968,90.0009696,90.61349091,1218601.20493635
2008-05-15 09:15:00,NSE:TATACONSUM,90.890112,91.878048,88.9389384,91.27046538,508211.0582062
2008-05-16 09:15:00,NSE:TATACONSUM,90.890112,94.347888,90.62336829,93.63657309,3537435.62336022
2008-05-20 09:15:00,NSE:TATACONSUM,93.2611584,93.5575392,90.890112,91.07782182,648331.47086451
2008-05-21 09:15:00,NSE:TATACONSUM,91.0876992,94.7430624,89.5070016,93.77488611,3290344.71868623
2008-05-22 09:15:00,NSE:TATACONSUM,93.359952,95.335824,90.2973504,90.78637971,1826707.39805008
2008-05-23 09:15:00,NSE:TATACONSUM,90.890112,91.878048,86.45427738,88.420272,1934224.48417711
2008-05-26 09:15:00,NSE:TATACONSUM,88.420272,88.420272,85.19960262,87.00258582,1206596.37871279
2008-05-27 09:15:00,NSE:TATACONSUM,87.89666691,88.8154464,82.6902432,83.32746291,1213600.88102873
2008-05-28 09:15:00,NSE:TATACONSUM,83.97456,84.962496,81.11448429,82.32470589,2289166.50471286
2008-05-29 09:15:00,NSE:TATACONSUM,80.516784,85.8516384,80.516784,85.07611062,1590730.5736404
2008-05-30 09:15:00,NSE:TATACONSUM,85.0612896,86.5431936,82.22591229,85.20948,4633265.71761734
2008-06-02 09:15:00,NSE:TATACONSUM,86.938368,87.926304,82.49759469,83.78685018,1530757.05308846
2008-06-03 09:15:00,NSE:TATACONSUM,82.6408464,83.480592,80.2204032,80.87738262,1382964.07864477
2008-06-04 09:15:00,NSE:TATACONSUM,81.998688,81.998688,75.48818778,76.95033702,3179790.9986072
2008-06-05 09:15:00,NSE:TATACONSUM,76.9602144,80.9119584,75.7746912,80.62545498,1312777.34590095
2008-06-06 09:15:00,NSE:TATACONSUM,81.8011008,82.3938624,78.94102509,79.12873491,1707276.58471804
2008-06-09 09:15:00,NSE:TATACONSUM,74.64350349,79.2324672,74.21375331,77.59249542,976449.89149095
2008-06-10 09:15:00,NSE:TATACONSUM,76.8614208,79.02005898,75.58204269,76.28841891,634059.29129012
2008-06-11 09:15:00,NSE:TATACONSUM,77.552976,78.540912,76.74780618,77.429484,381866.84157678
2008-06-12 09:15:00,NSE:TATACONSUM,76.17480429,78.3433248,75.4042152,77.81971971,315789.68678133
2008-06-13 09:15:00,NSE:TATACONSUM,79.9240224,79.9240224,75.700596,76.60949811,796913.97013572
2008-06-16 09:15:00,NSE:TATACONSUM,77.059008,78.2445312,76.2686592,77.08864509,569905.3379976
2008-06-17 09:15:00,NSE:TATACONSUM,77.93827302,79.8252288,77.93827302,79.25222691,1248512.04936352
2008-06-18 09:15:00,NSE:TATACONSUM,78.540912,79.99317891,76.3674528,76.94045469,1177444.69277362
2008-06-19 09:15:00,NSE:TATACONSUM,77.552976,77.552976,73.33942698,73.73954502,1163860.81689502
2008-06-20 09:15:00,NSE:TATACONSUM,73.601232,76.06119462,72.82570422,73.96183062,1077741.87801639
2008-06-23 09:15:00,NSE:TATACONSUM,73.8976128,75.54746691,71.4277728,74.50025178,715714.37825932
2008-06-24 09:15:00,NSE:TATACONSUM,74.589168,76.7626272,73.61110938,75.44867331,1132978.24960321
2008-06-25 09:15:00,NSE:TATACONSUM,71.62536,78.9360864,67.69337571,78.03212298,1165541.08768179
2008-06-26 09:15:00,NSE:TATACONSUM,78.540912,79.528848,76.2686592,78.6150072,2034777.5564409
2008-06-27 09:15:00,NSE:TATACONSUM,76.19950269,76.94539338,73.7988192,74.38664211,507310.19013377
2008-06-30 09:15:00,NSE:TATACONSUM,74.38664211,76.06119462,73.601232,73.74448371,320455.98095423
2008-07-01 09:15:00,NSE:TATACONSUM,73.601232,75.05349891,70.2422496,70.91898378,1485005.10154504
2008-07-02 09:15:00,NSE:TATACONSUM,72.119328,74.2927872,69.0073296,72.13908771,1233561.68820652
2008-07-03 09:15:00,NSE:TATACONSUM,70.4398368,72.4157088,69.5012976,70.07429949,577152.7710297
2008-07-04 09:15:00,NSE:TATACONSUM,71.131392,71.8229472,69.3531072,70.72634022,1512496.76092378
2008-07-07 09:15:00,NSE:TATACONSUM,71.62536,72.9096768,71.62536,71.9711376,193119.79723383
2008-07-08 09:15:00,NSE:TATACONSUM,71.9217408,73.107264,69.649488,69.9952656,394894.00123085
2008-07-09 09:15:00,NSE:TATACONSUM,71.12151462,72.7120896,70.35092058,70.9091064,874277.28111942
2008-07-10 09:15:00,NSE:TATACONSUM,71.14126938,72.9590736,71.14126938,72.64787178,605494.68791501
2008-07-11 09:15:00,NSE:TATACONSUM,72.8108832,73.7000256,70.143456,70.47935622,382464.04625401
2008-07-14 09:15:00,NSE:TATACONSUM,70.637424,71.4277728,69.7482816,70.92392742,421211.49548149
2008-07-15 09:15:00,NSE:TATACONSUM,72.2181216,72.2181216,69.22467651,70.01008662,540369.01175785
2008-07-16 09:15:00,NSE:TATACONSUM,69.85201389,71.5265664,69.4519008,70.92886611,590908.72283225
2008-07-17 09:15:00,NSE:TATACONSUM,71.7241536,73.2060576,70.8350112,72.59847498,938927.21795744
2008-07-18 09:15:00,NSE:TATACONSUM,73.107264,73.107264,71.62536,72.45522822,209740.30706443
2008-07-21 09:15:00,NSE:TATACONSUM,73.107264,73.107264,72.0205344,72.6379944,145636.96433777
2008-07-22 09:15:00,NSE:TATACONSUM,72.7120896,74.91518589,72.7120896,74.7620568,393750.20244226
2008-07-23 09:15:00,NSE:TATACONSUM,75.577104,77.54309862,75.577104,76.4909448,234043.50079357
2008-07-24 09:15:00,NSE:TATACONSUM,77.83947942,77.83947942,74.61880509,75.84384771,177217.95743854
2008-07-25 09:15:00,NSE:TATACONSUM,74.6879616,77.059008,73.8235176,76.79720298,283368.55828718
2008-07-28 09:15:00,NSE:TATACONSUM,75.7746912,79.7264352,75.7746912,77.74068582,1618677.72811194
2008-07-29 09:15:00,NSE:TATACONSUM,77.1578016,78.6397056,74.1939936,74.66820189,1093836.03796197
2008-07-30 09:15:00,NSE:TATACONSUM,76.318056,76.5156432,74.7373584,75.53264589,719004.06504065
2008-07-31 09:15:00,NSE:TATACONSUM,75.3795168,76.3674528,74.74229709,75.07325862,1262500.80976905
2008-08-01 09:15:00,NSE:TATACONSUM,72.4157088,73.107264,71.13633069,71.56114218,1833448.72542351
2008-08-04 09:15:00,NSE:TATACONSUM,73.8976128,73.9964064,71.0819952,71.58584058,1056890.32487934
2008-08-05 09:15:00,NSE:TATACONSUM,71.0325984,72.58365891,71.0325984,71.5512648,805932.77297315
2008-08-06 09:15:00,NSE:TATACONSUM,72.87510102,73.10232531,71.28945978,71.47223091,502471.82003693
2008-08-07 09:15:00,NSE:TATACONSUM,71.4277728,71.81800851,64.73944509,71.13633069,364264.48676837
2008-08-08 09:15:00,NSE:TATACONSUM,71.50680669,72.24282,70.7362176,71.32404051,522199.81861173
2008-08-11 09:15:00,NSE:TATACONSUM,72.37618938,72.9096768,71.8229472,72.51944109,717475.62595148
2008-08-12 09:15:00,NSE:TATACONSUM,72.62317338,73.88773542,72.119328,72.85534131,2785069.0733003
2008-08-13 09:15:00,NSE:TATACONSUM,72.613296,74.31254691,71.7735504,73.50737709,775829.60839569
2008-08-14 09:15:00,NSE:TATACONSUM,72.2181216,74.4903744,72.2181216,73.60617069,1588878.22692968
2008-08-18 09:15:00,NSE:TATACONSUM,74.0952,74.8855488,71.62536,72.14896509,3151772.98934344
2008-08-19 09:15:00,NSE:TATACONSUM,71.98101498,73.0578672,71.14621302,71.81306982,1337981.40770252
2008-08-20 09:15:00,NSE:TATACONSUM,72.5145024,72.5145024,71.93656182,72.21318291,388436.09302627
2008-08-21 09:15:00,NSE:TATACONSUM,72.03041178,72.49968138,70.2422496,70.83007251,1285083.24425874
2008-08-22 09:15:00,NSE:TATACONSUM,70.83994989,72.2181216,70.83994989,71.41789542,1680797.13665663
2008-08-25 09:15:00,NSE:TATACONSUM,72.89979942,72.89979942,71.24500662,71.68463418,660002.26735335
2008-08-26 09:15:00,NSE:TATACONSUM,70.8350112,71.51174538,69.65936538,70.49417229,1168851.01868947
2008-08-27 09:15:00,NSE:TATACONSUM,78.046944,78.046944,69.95574618,70.36080291,629210.7990801
2008-08-28 09:15:00,NSE:TATACONSUM,70.637424,70.88934669,67.5007272,68.6368536,1350532.82803744
2008-08-29 09:15:00,NSE:TATACONSUM,69.649488,70.4398368,69.2543136,70.02984138,290150.3741133
2008-09-01 09:15:00,NSE:TATACONSUM,70.143456,71.22524691,69.75815898,70.3163448,252526.47944806
2008-09-02 09:15:00,NSE:TATACONSUM,70.35586422,71.3289792,69.86189622,70.9585032,321103.79619732
2008-09-04 09:15:00,NSE:TATACONSUM,71.0325984,72.52932342,70.9338048,71.86246662,775141.3046999
2008-09-05 09:15:00,NSE:TATACONSUM,70.44477549,72.613296,70.44477549,71.03753709,290130.12988696
2008-09-08 09:15:00,NSE:TATACONSUM,72.2181216,72.2181216,71.15115171,71.378376,251797.68729958
2008-09-09 09:15:00,NSE:TATACONSUM,71.7241536,71.7241536,70.637424,70.89428538,177359.66702297
2008-09-10 09:15:00,NSE:TATACONSUM,71.2795824,71.62536,70.0446624,70.513932,364396.07423963
2008-09-11 09:15:00,NSE:TATACONSUM,70.2422496,70.7856144,68.69118909,69.81249942,549175.25021864
2008-09-15 09:15:00,NSE:TATACONSUM,69.15552,69.15552,66.29544429,68.03915331,599320.19887928
2008-09-16 09:15:00,NSE:TATACONSUM,67.673616,67.673616,65.70268269,66.84869142,254459.80306417
2008-09-17 09:15:00,NSE:TATACONSUM,66.8832672,69.649488,66.8832672,68.78010531,1032759.20707414
2008-09-18 09:15:00,NSE:TATACONSUM,68.167584,70.143456,65.3025696,69.2296152,1447735.48084086
2008-09-19 09:15:00,NSE:TATACONSUM,71.62536,72.119328,69.28395069,70.63248531,928946.81436854
2008-09-22 09:15:00,NSE:TATACONSUM,70.8350112,70.8350112,68.5627584,69.28888938,579075.97253263
2008-09-23 09:15:00,NSE:TATACONSUM,67.2784416,68.66649069,67.2784416,68.05396938,389164.88517475
2008-09-24 09:15:00,NSE:TATACONSUM,69.649488,70.13357862,67.68349338,67.94035971,721858.50095553
2008-09-25 09:15:00,NSE:TATACONSUM,67.69337571,70.3410432,67.5748224,68.46890349,1836171.57386713
2008-09-26 09:15:00,NSE:TATACONSUM,67.67855469,69.15552,66.5868864,66.7844736,806327.53538691
2008-09-29 09:15:00,NSE:TATACONSUM,67.179648,67.3525368,65.203776,67.00182051,573478.44394779
2008-09-30 09:15:00,NSE:TATACONSUM,66.68568,67.3772352,64.709808,66.08304102,534892.94853108
2008-10-01 09:15:00,NSE:TATACONSUM,66.29544429,67.4760288,65.2531728,67.11049149,424541.67071551
2008-10-03 09:15:00,NSE:TATACONSUM,67.11049149,68.7109488,66.191712,67.88602422,547302.65928157
2008-10-06 09:15:00,NSE:TATACONSUM,66.69061869,68.14782429,65.31244698,67.34759811,1623364.26651119
2008-10-07 09:15:00,NSE:TATACONSUM,67.5748224,68.13794691,65.697744,66.23617011,417962.29715285
2008-10-08 09:15:00,NSE:TATACONSUM,65.8953312,65.8953312,55.4232096,61.25697069,1820482.29844848
2008-10-10 09:15:00,NSE:TATACONSUM,60.264096,60.55059942,53.348544,56.68776669,727364.93052182
2008-10-13 09:15:00,NSE:TATACONSUM,58.28328531,60.4616832,56.80632,59.8195248,226897.28889321
2008-10-14 09:15:00,NSE:TATACONSUM,60.758064,61.746,59.77506669,60.70372851,382200.8713115
2008-10-15 09:15:00,NSE:TATACONSUM,59.8689216,60.9556512,58.1894304,59.78000538,729014.83496907
2008-10-16 09:15:00,NSE:TATACONSUM,59.2267632,59.2267632,54.830448,57.84859149,569713.01784731
2008-10-17 09:15:00,NSE:TATACONSUM,59.3749536,59.6713344,56.312352,57.18173469,318178.50549023
2008-10-20 09:15:00,NSE:TATACONSUM,58.288224,58.782192,55.818384,56.32222938,157267.27237392
2008-10-21 09:15:00,NSE:TATACONSUM,56.51487789,58.04124,55.6207968,56.67295062,462398.37398374
2008-10-22 09:15:00,NSE:TATACONSUM,55.82332269,56.6087328,54.830448,55.3491144,1361464.71026463
2008-10-23 09:15:00,NSE:TATACONSUM,54.9292416,55.1268288,52.6569888,54.82550931,557313.42920999
2008-10-24 09:15:00,NSE:TATACONSUM,53.842512,54.47479302,52.360608,52.71132429,762832.81508114
2008-10-27 09:15:00,NSE:TATACONSUM,52.360608,54.33648,46.432992,50.81942982,385267.87160302
2008-10-28 09:15:00,NSE:TATACONSUM,54.1388928,60.758064,53.2497504,54.71683338,90400.59275095
2008-10-29 09:15:00,NSE:TATACONSUM,55.43308698,56.80632,49.3968,50.66135709,751415.07142163
2008-10-31 09:15:00,NSE:TATACONSUM,54.2376864,54.2376864,49.1992128,50.15751171,975407.31383409
2008-11-03 09:15:00,NSE:TATACONSUM,52.360608,53.24481171,50.6811168,52.37048538,387899.62102808
2008-11-04 09:15:00,NSE:TATACONSUM,52.4594016,52.4594016,50.878704,51.01207338,746880.36471998
2008-11-05 09:15:00,NSE:TATACONSUM,51.86664,53.83263462,51.86664,53.08180029,434511.95219124
2008-11-06 09:15:00,NSE:TATACONSUM,52.09386429,52.09386429,49.890768,50.09823555,384569.44579406
2008-11-07 09:15:00,NSE:TATACONSUM,49.40173869,51.3479736,49.09548051,50.87376531,314463.68995562
2008-11-10 09:15:00,NSE:TATACONSUM,52.360608,52.62735171,51.9654336,52.35566931,357108.15275483
2008-11-11 09:15:00,NSE:TATACONSUM,51.4714656,53.7437184,51.4714656,52.2124176,370722.39497295
2008-11-12 09:15:00,NSE:TATACONSUM,51.5702592,51.97531098,50.384736,51.04171542,151396.44673339
2008-11-14 09:15:00,NSE:TATACONSUM,51.18002349,52.237116,50.5823232,51.18990582,271616.78489295
2008-11-17 09:15:00,NSE:TATACONSUM,51.1750848,51.86664,50.0883552,50.31557949,260016.84319632
2008-11-18 09:15:00,NSE:TATACONSUM,51.1750848,53.2497504,48.3100704,48.6805464,1365938.68428724
2008-11-19 09:15:00,NSE:TATACONSUM,49.3474032,49.3474032,47.420928,48.0136896,2564670.18106436
2008-11-20 09:15:00,NSE:TATACONSUM,47.420928,47.7173088,43.5679776,45.61300611,1237873.70841836
2008-11-21 09:15:00,NSE:TATACONSUM,46.7293728,46.7293728,44.56085229,45.43023795,399803.22611991
2008-11-24 09:15:00,NSE:TATACONSUM,44.9757864,47.3221344,43.5679776,44.68434429,1014772.21196515
2008-11-25 09:15:00,NSE:TATACONSUM,45.23265075,49.3721016,42.7776288,48.56199309,2548241.99138406
2008-11-26 09:15:00,NSE:TATACONSUM,48.8040384,49.1992128,46.29468195,48.19645875,1532649.88825187
2008-11-28 09:15:00,NSE:TATACONSUM,47.5197216,52.854576,47.4456264,52.27663542,1689957.64907848
2008-12-01 09:15:00,NSE:TATACONSUM,50.9774976,54.22780902,49.90064835,50.66629578,811550.54578434
2008-12-02 09:15:00,NSE:TATACONSUM,49.3968,51.86664,48.91271235,51.28375578,477571.42163055
2008-12-03 09:15:00,NSE:TATACONSUM,52.0642272,53.348544,51.2738784,52.86939702,571190.84637062
2008-12-04 09:15:00,NSE:TATACONSUM,53.348544,54.5340672,52.97312931,54.212988,1069866.87396754
2008-12-05 09:15:00,NSE:TATACONSUM,53.842512,55.7195904,53.35842138,53.67456189,382747.46542286
2008-12-08 09:15:00,NSE:TATACONSUM,54.830448,56.30247462,52.46927898,52.83975498,400025.91260972
2008-12-10 09:15:00,NSE:TATACONSUM,53.5461312,55.01321418,52.48903869,52.85951469,523637.15868234
2008-12-11 09:15:00,NSE:TATACONSUM,50.39955405,55.7195904,49.92040509,55.32935469,703952.48275192
2008-12-12 09:15:00,NSE:TATACONSUM,54.33648,54.82057062,53.49179571,54.33154131,578286.44770511
2008-12-15 09:15:00,NSE:TATACONSUM,55.818384,56.99896851,53.842512,54.7810512,715694.13403297
2008-12-16 09:15:00,NSE:TATACONSUM,55.1268288,55.31947731,53.55600858,54.13395411,687605.269977
2008-12-17 09:15:00,NSE:TATACONSUM,54.5340672,55.11695142,52.27169178,52.49397738,670670.97463803
2008-12-18 09:15:00,NSE:TATACONSUM,54.1388928,54.830448,51.1750848,53.93142822,744936.9189907
2008-12-19 09:15:00,NSE:TATACONSUM,53.46709731,58.86122589,52.69156458,58.16967069,1290609.91805137
2008-12-22 09:15:00,NSE:TATACONSUM,58.0906368,61.24215462,57.6460656,60.12578298,1394867.6837366
2008-12-23 09:15:00,NSE:TATACONSUM,60.1653024,61.4496192,58.29316269,58.73773389,640901.83979529
2008-12-24 09:15:00,NSE:TATACONSUM,59.0785728,59.21194218,57.1027008,58.57966611,650507.72519677
2008-12-26 09:15:00,NSE:TATACONSUM,58.0906368,59.0785728,56.5099392,57.0286056,207968.93725909
2008-12-29 09:15:00,NSE:TATACONSUM,56.2135584,59.46386982,55.324416,58.5599064,575391.52333754
2008-12-30 09:15:00,NSE:TATACONSUM,58.288224,59.8689216,57.50281389,59.26133898,365914.39121563
2008-12-31 09:15:00,NSE:TATACONSUM,59.27122131,60.8568576,58.68833709,59.28109869,724257.44177761
2009-01-01 09:15:00,NSE:TATACONSUM,59.77506669,61.5484128,59.77506669,60.26903469,247758.96414343
2009-01-02 09:15:00,NSE:TATACONSUM,60.8568576,62.733936,60.29373309,62.37828102,981348.99426684
2009-01-05 09:15:00,NSE:TATACONSUM,62.7586344,63.6230784,60.76300269,62.05720182,404985.74806465
2009-01-06 09:15:00,NSE:TATACONSUM,62.03744211,63.227904,59.4737472,61.71636291,400056.27894924
2009-01-07 09:15:00,NSE:TATACONSUM,62.23009062,62.5857456,60.387588,61.18781418,468613.35147216
2009-01-09 09:15:00,NSE:TATACONSUM,58.411716,62.0423808,58.411716,60.634572,211936.80562304
2009-01-12 09:15:00,NSE:TATACONSUM,60.9062544,61.8447936,59.77506669,60.40734771,259834.6451592
2009-01-13 09:15:00,NSE:TATACONSUM,60.0665088,62.0423808,59.87879898,61.45949658,482126.37255855
2009-01-14 09:15:00,NSE:TATACONSUM,61.5731112,62.6351424,61.5731112,61.85961462,209122.85816085
2009-01-15 09:15:00,NSE:TATACONSUM,59.78988771,62.733936,59.78988771,62.23009062,959900.23645256
2009-01-16 09:15:00,NSE:TATACONSUM,62.5363488,63.0303168,62.15105178,62.2646664,398224.17646487
2009-01-19 09:15:00,NSE:TATACONSUM,62.5363488,62.5363488,60.758064,62.22020829,699093.86842872
2009-01-20 09:15:00,NSE:TATACONSUM,62.239968,62.239968,60.3628896,61.53853542,1227336.58860493
2009-01-21 09:15:00,NSE:TATACONSUM,61.252032,62.239968,59.770128,60.15048138,858729.7152852
2009-01-22 09:15:00,NSE:TATACONSUM,59.88868131,61.51877571,58.79701302,60.264096,447650.45509021
2009-01-23 09:15:00,NSE:TATACONSUM,59.770128,62.1905712,58.99953891,61.45949658,386735.57801315
2009-01-27 09:15:00,NSE:TATACONSUM,61.746,62.5857456,61.0544448,61.35576429,150920.70741425
2009-01-28 09:15:00,NSE:TATACONSUM,60.4616832,61.9435872,60.4616832,61.4002224,132893.22385256
2009-01-29 09:15:00,NSE:TATACONSUM,61.252032,62.22020829,61.06926582,61.91395011,131273.68574483
2009-01-30 09:15:00,NSE:TATACONSUM,62.1411744,62.43261651,58.782192,59.85904422,1827294.48061413
2009-02-02 09:15:00,NSE:TATACONSUM,59.8689216,59.8689216,58.288224,58.67845971,443196.72529395
2009-02-03 09:15:00,NSE:TATACONSUM,57.8930496,58.288224,55.1268288,55.58622102,834456.88789557
2009-02-04 09:15:00,NSE:TATACONSUM,55.32935469,57.19161702,55.32935469,56.2629552,823464.27298934
2009-02-05 09:15:00,NSE:TATACONSUM,56.79644262,56.79644262,54.34141869,54.63779949,390642.71369805
2009-02-06 09:15:00,NSE:TATACONSUM,55.61091942,55.61091942,53.97094269,54.40069782,634190.87876138
2009-02-09 09:15:00,NSE:TATACONSUM,53.966004,54.830448,52.8792744,54.36611709,1076537.34654876
2009-02-10 09:15:00,NSE:TATACONSUM,54.5340672,55.324416,53.95612662,54.66743658,777034.13986331
2009-02-11 09:15:00,NSE:TATACONSUM,54.33648,54.82057062,54.0400992,54.36611709,383202.96051566
2009-02-12 09:15:00,NSE:TATACONSUM,54.5340672,54.62792211,53.58070698,53.89684749,297428.17348492
2009-02-13 09:15:00,NSE:TATACONSUM,53.47697469,54.67731891,52.86445338,54.12407178,954930.27888446
2009-02-16 09:15:00,NSE:TATACONSUM,54.05492022,54.830448,53.94624429,54.03022182,6016482.84909144
2009-02-17 09:15:00,NSE:TATACONSUM,54.0400992,54.830448,52.5581952,53.31890691,561453.37349788
2009-02-18 09:15:00,NSE:TATACONSUM,51.5702592,53.7437184,51.5702592,52.34084829,347886.90765394
2009-02-19 09:15:00,NSE:TATACONSUM,54.13395411,62.239968,50.6070216,51.46158822,6970623.60314838
2009-02-20 09:15:00,NSE:TATACONSUM,51.372672,55.4232096,50.4094344,53.85238938,752710.70190782
2009-02-24 09:15:00,NSE:TATACONSUM,52.01976909,54.46491069,51.5702592,53.98576371,422375.53849642
2009-02-25 09:15:00,NSE:TATACONSUM,54.24756378,55.818384,53.0027664,55.35899178,836633.14222784
2009-02-26 09:15:00,NSE:TATACONSUM,55.13670618,57.6954624,54.34141869,57.16197498,1071678.73222557
2009-02-27 09:15:00,NSE:TATACONSUM,58.288224,60.03687171,56.80632,57.28546698,1112339.26084281
2009-03-02 09:15:00,NSE:TATACONSUM,56.4111456,58.07087709,54.830448,55.60103709,292620.16972759
2009-03-03 09:15:00,NSE:TATACONSUM,54.9292416,55.324416,54.1388928,54.40069782,163988.35552101
2009-03-04 09:15:00,NSE:TATACONSUM,54.830448,55.31947731,53.84745069,54.3858768,156325.9158488
2009-03-05 09:15:00,NSE:TATACONSUM,55.200924,55.200924,52.9039728,53.41770051,295758.02481132
2009-03-06 09:15:00,NSE:TATACONSUM,52.86445338,57.27065091,51.08122989,54.12901542,530823.8590354
2009-03-09 09:15:00,NSE:TATACONSUM,55.0280352,55.31947731,52.9533696,53.595528,406595.16405921
2009-03-12 09:15:00,NSE:TATACONSUM,54.33648,54.82550931,53.1509568,53.53131018,114572.19900884
2009-03-13 09:15:00,NSE:TATACONSUM,54.15371382,56.28271491,53.6449248,53.97094269,324707.26848703
2009-03-16 09:15:00,NSE:TATACONSUM,54.4352736,55.02309651,51.97037229,52.25193702,911445.68069187
2009-03-17 09:15:00,NSE:TATACONSUM,53.1509568,53.1509568,51.6690528,52.08398691,376168.0918602
2009-03-18 09:15:00,NSE:TATACONSUM,52.2618144,52.3853064,51.2738784,51.42700749,869388.30045671
2009-03-19 09:15:00,NSE:TATACONSUM,51.5208624,52.0642272,51.0762912,51.39243171,851684.72451657
2009-03-20 09:15:00,NSE:TATACONSUM,52.2618144,55.29477891,50.1871488,52.90891149,816652.0908237
2009-03-23 09:15:00,NSE:TATACONSUM,53.348544,55.2256224,52.95830829,54.3117816,654759.01272957
2009-03-24 09:15:00,NSE:TATACONSUM,55.6207968,56.4111456,52.3853064,52.72614531,559287.24127879
2009-03-25 09:15:00,NSE:TATACONSUM,52.854576,54.60322371,52.854576,53.8178136,474180.51371749
2009-03-26 09:15:00,NSE:TATACONSUM,54.33154131,56.2135584,53.842512,55.33429338,1141227.77183947
2009-03-27 09:15:00,NSE:TATACONSUM,56.1147648,57.300288,55.5714,55.88260182,549215.73867133
2009-03-30 09:15:00,NSE:TATACONSUM,54.830448,58.26846429,54.64768182,57.2755896,1682862.04774398
2009-03-31 09:15:00,NSE:TATACONSUM,57.300288,58.75255491,56.51981658,57.74979789,2230397.51562854
2009-04-01 09:15:00,NSE:TATACONSUM,58.6340016,58.6340016,56.80632,57.68558502,1432643.41009944
2009-04-02 09:15:00,NSE:TATACONSUM,58.25364822,60.23445891,57.9918432,58.34255949,1022505.50642957
2009-04-06 09:15:00,NSE:TATACONSUM,58.782192,60.4122864,57.90292698,58.30304502,685479.6262106
2009-04-08 09:15:00,NSE:TATACONSUM,56.51981658,59.17242771,56.51981658,58.42159338,1578330.98500308
2009-04-09 09:15:00,NSE:TATACONSUM,59.17242771,59.81458611,58.4858112,58.98965658,688364.428465
2009-04-13 09:15:00,NSE:TATACONSUM,59.07363411,62.0423808,59.07363411,61.38046269,1584039.85683283
2009-04-15 09:15:00,NSE:TATACONSUM,61.1532384,64.5122208,60.758064,64.05777222,1227194.8790205
2009-04-16 09:15:00,NSE:TATACONSUM,64.3146336,68.5627584,64.3146336,66.61652349,2232968.53237457
2009-04-17 09:15:00,NSE:TATACONSUM,66.5868864,68.15276298,66.5868864,67.12531251,753662.18054611
2009-04-20 09:15:00,NSE:TATACONSUM,67.51060458,69.53093469,66.8832672,68.13794691,2407696.44997247
2009-04-21 09:15:00,NSE:TATACONSUM,67.96011942,69.3531072,67.179648,68.28119862,750625.54659411
2009-04-22 09:15:00,NSE:TATACONSUM,69.15552,69.5506944,67.179648,68.03915331,475658.34224079
2009-04-23 09:15:00,NSE:TATACONSUM,68.54299869,69.0567264,67.5748224,68.20710342,771072.21520422
2009-04-24 09:15:00,NSE:TATACONSUM,68.9579328,68.9579328,67.9699968,68.62203258,337612.96278301
2009-04-27 09:15:00,NSE:TATACONSUM,68.414568,70.0446624,67.5748224,68.9332344,978879.19865254
2009-04-28 09:15:00,NSE:TATACONSUM,67.5748224,69.0567264,66.4880928,67.32289971,449249.74897159
2009-04-29 09:15:00,NSE:TATACONSUM,67.66373862,69.14564262,65.02100982,67.0314576,1074037.18459495
2009-05-04 09:15:00,NSE:TATACONSUM,68.661552,70.0446624,67.69337571,68.73070851,703031.37045315
2009-05-05 09:15:00,NSE:TATACONSUM,67.4760288,70.2422496,67.179648,68.45902611,1882358.77627701
2009-05-06 09:15:00,NSE:TATACONSUM,68.661552,69.8470752,67.2784416,69.09130218,1910154.09905095
2009-05-07 09:15:00,NSE:TATACONSUM,69.5506944,71.5265664,68.414568,69.90634938,1212123.05250543
2009-05-08 09:15:00,NSE:TATACONSUM,70.0446624,72.0205344,69.38768298,71.39319702,1548531.48382081
2009-05-11 09:15:00,NSE:TATACONSUM,70.2422496,72.2181216,67.41181098,70.2422496,772367.84569041
2009-05-12 09:15:00,NSE:TATACONSUM,69.15552,70.63248531,68.167584,69.1061232,1629022.52777508
2009-05-13 09:15:00,NSE:TATACONSUM,69.2543136,69.64454931,66.9820608,67.3772352,482602.11187769
2009-05-14 09:15:00,NSE:TATACONSUM,64.71968538,68.4639648,64.5122208,66.49303149,976996.48560231
2009-05-15 09:15:00,NSE:TATACONSUM,67.5748224,70.637424,66.68568,67.4513304,2099721.03456094
2009-05-18 09:15:00,NSE:TATACONSUM,72.119328,72.2181216,70.143456,71.93656182,2854.43591488
2009-05-19 09:15:00,NSE:TATACONSUM,73.0084704,73.9964064,61.252032,68.15770662,1168425.88993619
2009-05-20 09:15:00,NSE:TATACONSUM,66.19665069,70.143456,64.32945462,68.94805542,5854033.05477278
2009-05-21 09:15:00,NSE:TATACONSUM,69.649488,70.637424,67.179648,68.8344408,2037297.96262106
2009-05-22 09:15:00,NSE:TATACONSUM,68.2663776,69.44696211,67.2043464,68.04903069,759948.01282674
2009-05-25 09:15:00,NSE:TATACONSUM,67.179648,69.65442669,65.34702771,69.12588291,2579448.46629741
2009-05-26 09:15:00,NSE:TATACONSUM,69.3531072,71.12645331,68.167584,68.5874568,3424938.45755191
2009-05-27 09:15:00,NSE:TATACONSUM,69.61491222,70.7362176,68.20215978,69.19997811,1513883.49042853
2009-05-28 09:15:00,NSE:TATACONSUM,69.60996858,69.63961062,67.58469978,67.91072262,1946543.09590905
2009-05-29 09:15:00,NSE:TATACONSUM,68.167584,69.32347011,67.9699968,68.47878582,2837653.45123571
2009-06-01 09:15:00,NSE:TATACONSUM,69.5506944,69.93104778,68.167584,68.3651712,1970157.98594241
2009-06-02 09:15:00,NSE:TATACONSUM,68.167584,71.8229472,67.7724096,71.34873891,7006546.98280051
2009-06-03 09:15:00,NSE:TATACONSUM,72.0205344,78.8372928,72.0205344,77.83947942,8662463.9652771
2009-06-04 09:15:00,NSE:TATACONSUM,77.059008,80.022816,76.10070909,79.31643978,2593416.9824766
2009-06-05 09:15:00,NSE:TATACONSUM,80.7884664,81.00087462,76.56504,78.43224102,1264727.67466719
2009-06-08 09:15:00,NSE:TATACONSUM,79.03488,79.91414502,75.78456858,76.53540291,1331138.85919736
2009-06-09 09:15:00,NSE:TATACONSUM,74.218692,81.7023072,71.3536776,80.38835331,1162494.33161662
2009-06-10 09:15:00,NSE:TATACONSUM,81.6035136,83.47071462,80.04257571,80.5414824,1773627.03656917
2009-06-11 09:15:00,NSE:TATACONSUM,81.50472,82.7890368,76.6638336,77.6270712,2317376.83412691
2009-06-12 09:15:00,NSE:TATACONSUM,78.92126538,80.022816,74.90036982,75.21156669,2119945.01668124
2009-06-15 09:15:00,NSE:TATACONSUM,76.6638336,77.7505632,73.28509149,75.36469578,1466107.11625045
2009-06-16 09:15:00,NSE:TATACONSUM,73.30978989,76.4662464,70.266948,75.824088,477439.8341593
2009-06-17 09:15:00,NSE:TATACONSUM,77.3553888,82.6902432,73.1319624,73.70496429,2624633.57950313
2009-06-18 09:15:00,NSE:TATACONSUM,73.8235176,75.4783104,71.62536,71.97607629,1817243.22223302
2009-06-19 09:15:00,NSE:TATACONSUM,73.107264,73.95688698,70.96838058,71.68463418,917650.53606711
2009-06-22 09:15:00,NSE:TATACONSUM,73.5024384,73.5024384,70.9338048,72.0205344,726433.69610987
2009-06-23 09:15:00,NSE:TATACONSUM,71.131392,72.01065702,70.2422496,71.74391331,360154.90882
2009-06-24 09:15:00,NSE:TATACONSUM,72.60341862,72.73184931,71.3289792,71.51174538,1132694.83043436
2009-06-25 09:15:00,NSE:TATACONSUM,72.2675184,73.107264,68.67637302,69.53587338,2717493.84575519
2009-06-26 09:15:00,NSE:TATACONSUM,71.0325984,72.613296,70.3410432,71.98595862,1185451.28429372
2009-06-29 09:15:00,NSE:TATACONSUM,71.9217408,74.09026131,71.24500662,73.09738662,1480348.92948531
2009-06-30 09:15:00,NSE:TATACONSUM,73.601232,74.18905491,70.266948,71.24500662,2235509.18278107
2009-07-01 09:15:00,NSE:TATACONSUM,72.119328,74.0705016,71.0819952,72.57377658,1601601.72318855
2009-07-02 09:15:00,NSE:TATACONSUM,72.613296,73.10232531,72.0205344,72.62811702,833009.42571179
2009-07-03 09:15:00,NSE:TATACONSUM,72.62811702,73.4036448,71.8229472,73.04304618,1905872.44517864
2009-07-06 09:15:00,NSE:TATACONSUM,73.9964064,74.03592582,69.15552,69.93104778,591870.32358371
2009-07-07 09:15:00,NSE:TATACONSUM,70.9338048,72.44534589,69.6741864,70.7362176,2776971.38276164
2009-07-08 09:15:00,NSE:TATACONSUM,70.7362176,71.52162771,69.24937491,70.33610451,2100389.09403038
2009-07-09 09:15:00,NSE:TATACONSUM,69.85201389,72.0946296,69.85201389,71.73897462,656925.14494866
2009-07-10 09:15:00,NSE:TATACONSUM,71.131392,72.7861848,71.131392,71.92667949,901333.68963172
2009-07-13 09:15:00,NSE:TATACONSUM,71.12151462,71.61548262,70.15333338,70.92392742,244317.4456645
2009-07-14 09:15:00,NSE:TATACONSUM,72.0205344,73.0084704,71.4524712,71.99089731,749937.24289833
2009-07-15 09:15:00,NSE:TATACONSUM,72.8108832,73.88773542,72.01065702,73.50737709,362148.96511515
2009-07-16 09:15:00,NSE:TATACONSUM,73.9964064,75.9228816,73.9964064,74.48049702,2495030.0424319
2009-07-17 09:15:00,NSE:TATACONSUM,74.74229709,75.22638771,73.8976128,74.35206138,2114873.83798141
2009-07-20 09:15:00,NSE:TATACONSUM,75.7746912,75.7746912,73.4036448,74.65832451,789494.46117967
2009-07-21 09:15:00,NSE:TATACONSUM,75.083136,75.76975251,73.8976128,74.85097302,1431570.46610307
2009-07-22 09:15:00,NSE:TATACONSUM,74.1939936,77.059008,74.1939936,75.90312189,1779983.72364202
2009-07-23 09:15:00,NSE:TATACONSUM,77.059008,77.8493568,76.55516262,77.58261309,512381.36883361
2009-07-24 09:15:00,NSE:TATACONSUM,77.93827302,78.6397056,76.66877229,77.54309862,882931.68788262
2009-07-27 09:15:00,NSE:TATACONSUM,77.12322582,80.28955971,77.12322582,79.67209971,1683175.83325236
2009-07-28 09:15:00,NSE:TATACONSUM,80.022816,80.88232131,78.5656104,79.3312608,617661.46794934
2009-07-29 09:15:00,NSE:TATACONSUM,78.4421184,80.516784,75.33012,79.32138342,2383373.01201697
2009-07-30 09:15:00,NSE:TATACONSUM,79.22258982,81.69736851,77.57273571,81.25279731,1787555.06429566
2009-07-31 09:15:00,NSE:TATACONSUM,81.5541168,84.468528,80.92183578,84.06841491,1324711.3173323
2009-08-03 09:15:00,NSE:TATACONSUM,84.468528,90.2973504,83.7769728,89.82314211,1330511.28818061
2009-08-04 09:15:00,NSE:TATACONSUM,88.91424,91.38408,88.03497498,89.33905149,881119.82962459
2009-08-05 09:15:00,NSE:TATACONSUM,89.408208,89.5563984,87.926304,88.79568669,654870.35597448
2009-08-06 09:15:00,NSE:TATACONSUM,88.420272,88.8154464,85.76272218,86.40982422,596749.18213326
2009-08-07 09:15:00,NSE:TATACONSUM,84.8637024,86.92849062,82.6902432,83.90540349,970356.37936061
2009-08-10 09:15:00,NSE:TATACONSUM,84.962496,86.938368,83.09035629,83.49046938,1137927.96294497
2009-08-11 09:15:00,NSE:TATACONSUM,83.97456,85.94055462,83.61396138,85.32309462,476741.40835034
2009-08-12 09:15:00,NSE:TATACONSUM,85.3576704,88.8154464,84.57719898,88.4696688,0.0
2009-08-13 09:15:00,NSE:TATACONSUM,87.88678458,90.87035229,87.88678458,89.83301949,2094589.12318207
2009-08-14 09:15:00,NSE:TATACONSUM,90.1985568,95.1382368,89.6057952,92.51032902,2374829.94849869
2009-08-17 09:15:00,NSE:TATACONSUM,91.6804608,93.32537622,87.4570344,88.28690262,601911.45985165
2009-08-18 09:15:00,NSE:TATACONSUM,88.1238912,89.408208,86.59752909,88.28195898,1431550.22187672
2009-08-19 09:15:00,NSE:TATACONSUM,88.91424,89.69471142,87.33848109,87.97076211,706655.0869692
2009-08-20 09:15:00,NSE:TATACONSUM,87.926304,89.10688851,86.9630664,87.56570538,375753.0852201
2009-08-21 09:15:00,NSE:TATACONSUM,86.9630664,94.2490944,86.35548378,92.70297258,6526566.4982347
2009-08-24 09:15:00,NSE:TATACONSUM,92.865984,97.57350102,91.2852864,96.21014538,6410354.51689178
2009-08-25 09:15:00,NSE:TATACONSUM,95.335824,97.4104896,93.359952,94.85173338,1424110.46869433
2009-08-26 09:15:00,NSE:TATACONSUM,96.32376,98.1020448,94.55041389,96.11629542,2774734.39575033
2009-08-27 09:15:00,NSE:TATACONSUM,96.11629542,100.56200544,94.36270902,94.92088989,7998696.27182328
2009-08-28 09:15:00,NSE:TATACONSUM,94.841856,95.91870822,92.99441469,93.59705862,1144891.97680821
2009-08-31 09:15:00,NSE:TATACONSUM,93.35007462,95.335824,92.372016,93.34513098,1620216.28931429
2009-09-01 09:15:00,NSE:TATACONSUM,93.90825549,95.70136131,90.92468778,92.0262384,3142541.62212937
2009-09-02 09:15:00,NSE:TATACONSUM,95.86436778,95.86436778,91.7792544,92.38683702,1676444.6279921
2009-09-03 09:15:00,NSE:TATACONSUM,93.0635712,95.335824,92.865984,93.49332138,4199553.41236679
2009-09-04 09:15:00,NSE:TATACONSUM,94.4960784,94.5454752,92.4708096,92.94501789,766193.35665468
2009-09-07 09:15:00,NSE:TATACONSUM,93.85392,94.33801062,92.87586138,93.2611584,902295.29038318
2009-09-08 09:15:00,NSE:TATACONSUM,93.85392,94.28367018,91.5816672,92.0509368,1375463.59278334
2009-09-09 09:15:00,NSE:TATACONSUM,92.0509368,94.1503008,91.2358896,93.45380691,3322867.06831212
2009-09-10 09:15:00,NSE:TATACONSUM,93.85392,94.82703498,91.38408,91.99166262,3799021.3940984
2009-09-11 09:15:00,NSE:TATACONSUM,92.865984,93.25621971,89.91205338,90.78144102,1892369.54620542
2009-09-14 09:15:00,NSE:TATACONSUM,90.78144102,91.2852864,89.61567258,89.93181309,933744.6960127
2009-09-15 09:15:00,NSE:TATACONSUM,90.68758611,91.878048,90.2973504,91.2852864,1420587.97331001
2009-09-16 09:15:00,NSE:TATACONSUM,91.38408,91.82371251,90.64806669,90.95432982,1307868.12101189
2009-09-17 09:15:00,NSE:TATACONSUM,91.66070109,91.878048,89.72434851,90.22819389,1260425.77656852
2009-09-18 09:15:00,NSE:TATACONSUM,90.8407152,91.47299622,89.81820342,90.41590371,2176608.6062255
2009-09-22 09:15:00,NSE:TATACONSUM,91.47299622,91.47299622,89.902176,90.42578109,1659064.9596735
2009-09-23 09:15:00,NSE:TATACONSUM,89.5070016,91.38408,89.5070016,90.08494218,4272341.52819616
2009-09-24 09:15:00,NSE:TATACONSUM,89.8280808,91.08276051,88.52894298,89.67001302,5303177.53376737
2009-09-25 09:15:00,NSE:TATACONSUM,89.6057952,90.9889056,89.6057952,90.03554538,1637180.95099278
2009-09-29 09:15:00,NSE:TATACONSUM,90.0997632,90.890112,89.902176,90.21831651,2113638.94017426
2009-09-30 09:15:00,NSE:TATACONSUM,90.87035229,90.87035229,88.420272,88.6178592,6476573.38127166
2009-10-01 09:15:00,NSE:TATACONSUM,89.0130336,89.99109222,88.0250976,88.31160102,1403208.30499142
2009-10-05 09:15:00,NSE:TATACONSUM,89.902176,89.902176,86.4444,86.66174691,3800266.41401872
2009-10-06 09:15:00,NSE:TATACONSUM,87.926304,88.60798182,85.65898989,86.01958851,5238628.81806109
2009-10-07 09:15:00,NSE:TATACONSUM,87.926304,87.926304,85.46634138,85.86645942,848951.75395977
2009-10-08 09:15:00,NSE:TATACONSUM,86.5431936,88.1238912,85.95537069,87.27920691,1852589.64143426
2009-10-09 09:15:00,NSE:TATACONSUM,87.926304,88.420272,86.07886269,86.77535658,1470338.15955689
2009-10-12 09:15:00,NSE:TATACONSUM,87.0371616,87.32366502,85.58983338,86.3950032,868446.94393159
2009-10-14 09:15:00,NSE:TATACONSUM,87.432336,87.432336,86.45427738,86.7160824,3075027.12726331
2009-10-15 09:15:00,NSE:TATACONSUM,86.25669018,87.432336,85.46634138,86.96800509,3035328.19939753
2009-10-16 09:15:00,NSE:TATACONSUM,87.42245862,88.31160102,86.7160824,86.90873091,1424150.95714702
2009-10-20 09:15:00,NSE:TATACONSUM,87.3335424,87.432336,85.16996058,86.01464982,3477522.83548732
2009-10-21 09:15:00,NSE:TATACONSUM,85.6540512,86.7407808,84.47346669,84.99707178,1088501.68431963
2009-10-22 09:15:00,NSE:TATACONSUM,84.468528,85.950432,84.468528,84.5426232,1357577.81880608
2009-10-23 09:15:00,NSE:TATACONSUM,85.1600832,86.22705309,84.77478618,85.703448,1056839.71431348
2009-10-26 09:15:00,NSE:TATACONSUM,87.3335424,95.0641416,83.5793856,83.98938102,966722.54073138
2009-10-27 09:15:00,NSE:TATACONSUM,83.97456,84.35491338,81.41580378,82.17651549,1561710.47517248
2009-10-28 09:15:00,NSE:TATACONSUM,81.99374931,83.6781792,81.1095456,83.110116,2500890.74595925
2009-10-29 09:15:00,NSE:TATACONSUM,82.8878304,85.50092211,81.31701018,84.47346669,9151139.34505879
2009-10-30 09:15:00,NSE:TATACONSUM,93.1376664,93.1376664,83.98938102,84.63153942,2417302.33537395
2009-11-03 09:15:00,NSE:TATACONSUM,84.3697344,85.2588768,82.1962752,82.71000291,2278062.54656172
2009-11-04 09:15:00,NSE:TATACONSUM,83.97456,84.962496,82.82855622,83.66830182,2185080.81495158
2009-11-05 09:15:00,NSE:TATACONSUM,84.73527171,85.45152531,82.79891418,85.02177018,933137.3692223
2009-11-06 09:15:00,NSE:TATACONSUM,95.829792,95.829792,85.7528448,88.36099782,4753880.81819065
2009-11-09 09:15:00,NSE:TATACONSUM,88.91424,92.865984,88.420272,89.17110138,5706351.423574
2009-11-10 09:15:00,NSE:TATACONSUM,90.0997632,91.64588502,88.92411738,90.1738584,3195136.12217796
2009-11-11 09:15:00,NSE:TATACONSUM,90.890112,91.7792544,90.41590371,91.37420262,2818117.77281119
2009-11-12 09:15:00,NSE:TATACONSUM,90.69746349,92.4708096,89.5070016,90.3714456,1271499.36838014
2009-11-13 09:15:00,NSE:TATACONSUM,91.878048,91.878048,89.41314669,89.67495171,620019.92031873
2009-11-16 09:15:00,NSE:TATACONSUM,90.1985568,90.57891018,87.926304,88.35605418,618491.48122955
2009-11-17 09:15:00,NSE:TATACONSUM,88.7166528,88.7166528,86.17765629,86.80499862,1009437.85832281
2009-11-18 09:15:00,NSE:TATACONSUM,86.7407808,88.1238912,86.4444,86.938368,983717.56874939
2009-11-19 09:15:00,NSE:TATACONSUM,93.85392,93.85392,84.47840538,84.82912662,972927.39610663
2009-11-20 09:15:00,NSE:TATACONSUM,92.865984,92.865984,84.17708589,85.9010352,570543.03112752
2009-11-23 09:15:00,NSE:TATACONSUM,86.938368,87.32366502,85.456464,86.75560182,500012.14653581
2009-11-24 09:15:00,NSE:TATACONSUM,86.938368,90.0997632,86.7407808,89.44278378,2083171.37952256
2009-11-25 09:15:00,NSE:TATACONSUM,89.902176,90.396144,88.91424,89.10194982,1373702.34509118
2009-11-26 09:15:00,NSE:TATACONSUM,89.10194982,89.902176,88.0250976,88.8895416,1239513.49075244
2009-11-27 09:15:00,NSE:TATACONSUM,89.902176,89.902176,84.839004,87.81268938,2408212.67774431
2009-11-30 09:15:00,NSE:TATACONSUM,88.8154464,89.8033824,88.2226848,89.09206749,764857.2377158
2009-12-01 09:15:00,NSE:TATACONSUM,89.5070016,90.11952291,88.91424,89.38844829,570249.4898455
2009-12-02 09:15:00,NSE:TATACONSUM,90.0997632,90.0997632,88.22762349,88.44003171,305293.05542059
2009-12-03 09:15:00,NSE:TATACONSUM,89.29459338,89.408208,87.4570344,87.84727011,489971.01026787
2009-12-04 09:15:00,NSE:TATACONSUM,88.13376858,91.7298576,87.1359552,90.99384429,2066024.51980695
2009-12-07 09:15:00,NSE:TATACONSUM,91.7792544,92.7671904,90.890112,91.14697338,1512810.54643216
2009-12-08 09:15:00,NSE:TATACONSUM,91.38408,94.83197862,90.89998938,94.4466816,3032210.58854015
2009-12-09 09:15:00,NSE:TATACONSUM,94.7430624,95.6322048,92.87586138,94.17993789,2902181.92271564
2009-12-10 09:15:00,NSE:TATACONSUM,95.829792,95.829792,93.3846504,94.5701736,874226.67055356
2009-12-11 09:15:00,NSE:TATACONSUM,95.335824,95.335824,92.62887738,93.359952,998040.35888964
2009-12-14 09:15:00,NSE:TATACONSUM,92.87586138,93.64645542,91.51251069,92.28309978,617772.81119425
2009-12-15 09:15:00,NSE:TATACONSUM,92.372016,93.59705862,91.1123976,91.4087784,781740.92248891
2009-12-16 09:15:00,NSE:TATACONSUM,98.6948064,98.6948064,90.890112,92.38683702,695045.0231594
2009-12-17 09:15:00,NSE:TATACONSUM,92.48068698,92.83634691,91.29516378,91.80889149,366076.3450264
2009-12-18 09:15:00,NSE:TATACONSUM,91.29022509,92.1744288,90.7913184,91.3346832,416393.36961099
2009-12-21 09:15:00,NSE:TATACONSUM,91.56190749,92.75731302,90.7913184,91.67058342,769149.01370129
2009-12-22 09:15:00,NSE:TATACONSUM,90.38626662,92.865984,90.38626662,91.8533496,446850.80814952
2009-12-23 09:15:00,NSE:TATACONSUM,92.5696032,94.2490944,91.4828736,93.62175702,1128686.47361772
2009-12-24 09:15:00,NSE:TATACONSUM,93.85885869,94.5454752,93.0635712,93.84898131,651692.01243805
2009-12-29 09:15:00,NSE:TATACONSUM,92.4708096,95.2370304,92.4708096,94.56523491,843536.42341204
2009-12-30 09:15:00,NSE:TATACONSUM,95.08884,95.13329811,93.9527136,94.19475891,514456.40203414
2009-12-31 09:15:00,NSE:TATACONSUM,94.347888,95.1135384,92.67827418,92.96971629,1579424.1732258
2010-01-04 09:15:00,NSE:TATACONSUM,93.359952,94.347888,92.78201142,93.7798248,964374.21047517
2010-01-05 09:15:00,NSE:TATACONSUM,94.347888,103.96544496,93.9527136,101.05103376,7147780.82790788
2010-01-06 09:15:00,NSE:TATACONSUM,101.9549952,103.57521024,99.20853312,102.63173136,2997137.46639458
2010-01-07 09:15:00,NSE:TATACONSUM,103.72340064,105.5115648,102.0537888,102.992328,3854298.25413792
2010-01-08 09:15:00,NSE:TATACONSUM,103.4368992,106.1784216,102.85401696,103.50605472,2976235.30269167
2010-01-11 09:15:00,NSE:TATACONSUM,104.227248,106.0055328,103.4368992,104.08893696,1267642.8432611
2010-01-12 09:15:00,NSE:TATACONSUM,104.721216,104.721216,101.08067184,101.7080112,1049541.67071551
2010-01-13 09:15:00,NSE:TATACONSUM,102.251376,103.73328,99.905028,103.03678512,1398137.12629158
2010-01-14 09:15:00,NSE:TATACONSUM,104.01978144,104.3260416,102.251376,102.6712488,1527021.9933275
2010-01-15 09:15:00,NSE:TATACONSUM,103.0417248,103.4122008,102.28101408,102.60209328,341682.05227869
2010-01-18 09:15:00,NSE:TATACONSUM,102.30571248,103.1405184,101.4610272,101.8562016,317803.98730282
2010-01-19 09:15:00,NSE:TATACONSUM,102.745344,103.5356928,99.1887744,100.23598656,691633.87101999
2010-01-20 09:15:00,NSE:TATACONSUM,100.769472,101.26344,97.96867542,98.95660944,669274.12302011
2010-01-21 09:15:00,NSE:TATACONSUM,99.3863616,100.66573872,96.13111149,97.14374589,1166664.64224403
2010-01-22 09:15:00,NSE:TATACONSUM,96.32376,97.4845848,94.35776538,96.40773258,1713643.39390406
2010-01-25 09:15:00,NSE:TATACONSUM,96.0273792,97.064712,94.83691731,95.212332,1885861.02743498
2010-01-27 09:15:00,NSE:TATACONSUM,95.335824,97.311696,90.5937312,92.38189338,1392195.44585884
2010-01-28 09:15:00,NSE:TATACONSUM,92.40165309,93.9527136,88.92411738,90.15409869,2454329.02536197
2010-01-29 09:15:00,NSE:TATACONSUM,88.420272,91.6804608,86.1480192,90.41096502,1810117.254559
2010-02-01 09:15:00,NSE:TATACONSUM,91.878048,93.112968,88.91424,92.85116298,1171118.37204029
2010-02-02 09:15:00,NSE:TATACONSUM,94.7430624,94.7430624,90.68264742,91.33962189,885037.08742267
2010-02-03 09:15:00,NSE:TATACONSUM,94.6442688,94.841856,90.0997632,94.17993789,1505036.76351505
2010-02-04 09:15:00,NSE:TATACONSUM,92.78695011,96.32376,92.50044669,92.77212909,847524.53600233
2010-02-05 09:15:00,NSE:TATACONSUM,91.38408,93.83416029,89.09206749,91.78419309,1045998.93110485
2010-02-08 09:15:00,NSE:TATACONSUM,92.865984,93.359952,90.65300538,92.83634691,318036.79590581
2010-02-09 09:15:00,NSE:TATACONSUM,93.44392458,93.85392,91.4828736,93.2117616,589046.25400836
2010-02-10 09:15:00,NSE:TATACONSUM,93.8045232,93.8045232,91.88792538,92.26334502,330982.97865449
2010-02-11 09:15:00,NSE:TATACONSUM,92.865984,95.42967891,92.15466909,94.2984912,522220.06283808
2010-02-15 09:15:00,NSE:TATACONSUM,94.347888,95.335824,93.57729891,93.88849578,197310.35208758
2010-02-16 09:15:00,NSE:TATACONSUM,94.347888,94.92582858,93.17224218,93.49826502,157115.44067632
2010-02-17 09:15:00,NSE:TATACONSUM,94.0515072,94.43186058,92.37695469,92.865984,1402024.01775014
2010-02-18 09:15:00,NSE:TATACONSUM,92.9647776,93.85392,92.7671904,92.9400792,254814.07702523
2010-02-19 09:15:00,NSE:TATACONSUM,92.73261462,92.90550342,91.38408,91.57178982,139978.70307388
2010-02-22 09:15:00,NSE:TATACONSUM,92.4708096,92.7671904,91.878048,91.91756742,265735.83713925
2010-02-23 09:15:00,NSE:TATACONSUM,91.878048,92.35225629,90.60360858,91.89780771,177744.30732355
2010-02-24 09:15:00,NSE:TATACONSUM,90.519636,93.359952,90.519636,92.42635149,272790.95002105
2010-02-25 09:15:00,NSE:TATACONSUM,91.878048,92.865984,90.03554538,91.18155411,1770367.71612736
2010-02-26 09:15:00,NSE:TATACONSUM,91.6063656,93.18212451,91.39395738,92.62393869,247465.4228614
2010-03-02 09:15:00,NSE:TATACONSUM,92.69803389,95.0394432,91.2852864,94.28367018,457549.88177372
2010-03-03 09:15:00,NSE:TATACONSUM,94.46150262,97.25736051,93.98235069,96.50652618,840013.92802773
2010-03-04 09:15:00,NSE:TATACONSUM,94.71342531,97.57843971,94.71342531,96.73375542,390470.63777411
2010-03-05 09:15:00,NSE:TATACONSUM,96.9165216,98.7936,95.46919338,95.79027258,765474.68661938
2010-03-08 09:15:00,NSE:TATACONSUM,95.89894851,97.8550608,94.40222349,94.8912528,445049.07200466
2010-03-09 09:15:00,NSE:TATACONSUM,96.2743632,96.2743632,92.87586138,93.22658262,400359.94234444
2010-03-10 09:15:00,NSE:TATACONSUM,93.28091811,95.54328858,92.865984,94.55041389,536269.55592265
2010-03-11 09:15:00,NSE:TATACONSUM,93.4587456,96.1261728,93.4587456,95.19751098,557060.37638066
2010-03-12 09:15:00,NSE:TATACONSUM,95.0394432,95.6322048,94.65414618,94.85173338,307145.40213131
2010-03-15 09:15:00,NSE:TATACONSUM,94.9406496,95.5087128,93.4587456,94.95052698,349587.42266706
2010-03-16 09:15:00,NSE:TATACONSUM,94.36764771,95.8050936,93.3846504,94.36270902,675620.68797979
2010-03-17 09:15:00,NSE:TATACONSUM,95.7309984,95.7309984,93.9527136,94.68872691,365377.91921744
2010-03-18 09:15:00,NSE:TATACONSUM,94.1503008,95.05920291,93.36489069,93.78476349,703750.04048845
2010-03-19 09:15:00,NSE:TATACONSUM,93.9527136,94.55535258,93.02899542,93.8292216,794241.73225796
2010-03-22 09:15:00,NSE:TATACONSUM,92.865984,95.17775622,92.7671904,94.16017818,535702.71758494
2010-03-23 09:15:00,NSE:TATACONSUM,94.7430624,94.7430624,92.372016,92.7671904,623360.21766592
2010-03-25 09:15:00,NSE:TATACONSUM,93.69585222,93.69585222,91.2852864,92.85116298,745817.54283678
2010-03-26 09:15:00,NSE:TATACONSUM,93.82428291,93.82428291,91.98178029,92.4214128,369092.73475205
2010-03-29 09:15:00,NSE:TATACONSUM,92.87586138,97.0153152,91.2852864,95.52847251,1033953.61642859
2010-03-30 09:15:00,NSE:TATACONSUM,94.9406496,99.47527584,93.977412,97.6574736,1715161.71088006
2010-03-31 09:15:00,NSE:TATACONSUM,97.311696,98.6948064,95.63714349,96.70411338,589562.4817802
2010-04-01 09:15:00,NSE:TATACONSUM,97.1141088,97.1141088,95.43955629,95.87425011,199931.97939948
2010-04-05 09:15:00,NSE:TATACONSUM,96.32376,96.32376,94.8665544,95.47413702,548223.77158035
2010-04-06 09:15:00,NSE:TATACONSUM,96.7189344,96.7189344,95.59268538,95.82485331,231016.98895475
2010-04-07 09:15:00,NSE:TATACONSUM,95.82485331,97.311696,95.82485331,96.447252,257931.68788262
2010-04-08 09:15:00,NSE:TATACONSUM,95.43955629,97.2129024,95.43955629,96.1755696,332643.00521491
2010-04-09 09:15:00,NSE:TATACONSUM,94.70354298,99.49503456,94.70354298,98.92203168,2406967.65782399
2010-04-12 09:15:00,NSE:TATACONSUM,100.07297712,103.1899152,99.287568,100.78429104,2546764.16286075
2010-04-13 09:15:00,NSE:TATACONSUM,100.8682656,102.745344,99.9297264,100.29526272,620586.75865643
2010-04-15 09:15:00,NSE:TATACONSUM,99.81117408,102.1525824,98.8923936,99.39624096,367776.86003952
2010-04-16 09:15:00,NSE:TATACONSUM,98.7936,99.39624096,96.9165216,97.2129024,1753463.78712791
2010-04-19 09:15:00,NSE:TATACONSUM,97.2129024,103.239312,95.24196909,98.00818989,353150.40650407
2010-04-20 09:15:00,NSE:TATACONSUM,98.7936,99.20853312,97.62783651,98.3243304,202877.51433291
2010-04-21 09:15:00,NSE:TATACONSUM,98.7936,100.65091968,98.01312858,99.82105344,393487.02749976
2010-04-22 09:15:00,NSE:TATACONSUM,98.80347936,101.6586144,98.7936,100.92260208,895968.96964986
2010-04-23 09:15:00,NSE:TATACONSUM,100.92260208,102.9429312,100.4730912,102.54281712,784494.13727205
2010-04-26 09:15:00,NSE:TATACONSUM,103.1405184,104.6224224,102.4489632,103.61966736,690743.12506073
2010-04-27 09:15:00,NSE:TATACONSUM,104.1284544,104.1284544,101.96981424,102.43414416,332278.60914067
2010-04-28 09:15:00,NSE:TATACONSUM,102.251376,102.745344,99.0158856,99.5839488,513089.91675574
2010-04-29 09:15:00,NSE:TATACONSUM,100.79911008,101.8562016,98.8923936,101.12512896,506227.12402423
2010-04-30 09:15:00,NSE:TATACONSUM,100.769472,105.69433296,100.4236944,104.03460048,749006.00848638
2010-05-03 09:15:00,NSE:TATACONSUM,106.1043264,106.28709456,102.745344,103.17015648,930515.74191041
2010-05-04 09:15:00,NSE:TATACONSUM,103.4368992,104.21242896,100.00876128,100.52742768,253903.08683963
2010-05-05 09:15:00,NSE:TATACONSUM,97.93409469,102.6465504,97.66735098,101.94511584,393122.63142552
2010-05-06 09:15:00,NSE:TATACONSUM,101.757408,103.2887088,99.89514864,101.7821064,405491.85372332
2010-05-07 09:15:00,NSE:TATACONSUM,100.275504,102.1525824,99.32708544,101.30789712,369588.71829754
2010-05-10 09:15:00,NSE:TATACONSUM,102.251376,102.745344,100.9917576,102.251376,249773.26466492
2010-05-11 09:15:00,NSE:TATACONSUM,103.1899152,103.61966736,101.26344,101.757408,1206485.03546788
2010-05-12 09:15:00,NSE:TATACONSUM,101.3622336,102.6465504,101.25356064,101.98957296,621740.67955819
2010-05-13 09:15:00,NSE:TATACONSUM,101.98957296,104.227248,101.98957296,102.68112816,481276.11505199
2010-05-14 09:15:00,NSE:TATACONSUM,101.8068048,107.8826112,101.26344,105.7585488,8866596.62164351
2010-05-17 09:15:00,NSE:TATACONSUM,104.721216,110.28329568,104.2519464,109.25584224,4023803.16133839
2010-05-18 09:15:00,NSE:TATACONSUM,110.154864,112.45675488,108.68283936,110.2042608,2586948.95215884
2010-05-19 09:15:00,NSE:TATACONSUM,109.5621024,112.2295296,108.03574128,108.77669328,2322599.84452434
2010-05-20 09:15:00,NSE:TATACONSUM,109.166928,111.019308,108.19875072,109.26078192,1106792.34282383
2010-05-21 09:15:00,NSE:TATACONSUM,107.685024,108.95946144,105.215184,108.49019184,949980.56554271
2010-05-24 09:15:00,NSE:TATACONSUM,111.0440064,111.0440064,104.84964768,105.71409168,914340.60505944
2010-05-25 09:15:00,NSE:TATACONSUM,105.215184,105.66469488,102.8441376,104.41001616,1645096.44349432
2010-05-26 09:15:00,NSE:TATACONSUM,104.3754384,107.3886432,101.26344,101.7821064,1955470.79972792
2010-05-27 09:15:00,NSE:TATACONSUM,102.4489632,103.239312,98.11686582,99.54937104,3367546.07585917
2010-05-28 09:15:00,NSE:TATACONSUM,100.8682656,105.21024432,100.769472,104.6718192,1688793.60606355
2010-05-31 09:15:00,NSE:TATACONSUM,105.8079456,108.16417296,104.721216,107.08238304,1200614.20982736
2010-06-01 09:15:00,NSE:TATACONSUM,107.685024,109.4633088,105.1657872,105.70421232,631083.39001717
2010-06-02 09:15:00,NSE:TATACONSUM,106.5982944,107.5862304,105.13614912,105.59553936,657421.12849415
2010-06-03 09:15:00,NSE:TATACONSUM,106.88479584,108.53464896,106.5982944,107.53189392,844902.90869044
2010-06-04 09:15:00,NSE:TATACONSUM,105.76842816,108.48525216,105.76842816,107.53189392,484484.82492793
2010-06-07 09:15:00,NSE:TATACONSUM,105.74372976,106.5982944,105.215184,106.01047248,364143.02141029
2010-06-08 09:15:00,NSE:TATACONSUM,104.844708,106.944072,104.23218768,105.39795216,925991.15732193
2010-06-09 09:15:00,NSE:TATACONSUM,105.6597552,106.18336128,103.87159104,104.25688608,451921.98684935
2010-06-10 09:15:00,NSE:TATACONSUM,103.7579784,106.55383728,103.7579784,105.82770432,1420922.00304473
2010-06-11 09:15:00,NSE:TATACONSUM,107.5862304,109.8584832,105.91167888,109.03355664,875684.25485052
2010-06-14 09:15:00,NSE:TATACONSUM,109.63125792,111.8343552,109.166928,109.82390544,1393491.07634503
2010-06-15 09:15:00,NSE:TATACONSUM,109.8584832,111.7355616,108.7717536,110.71304784,1014853.18887053
2010-06-16 09:15:00,NSE:TATACONSUM,109.784388,111.26135232,108.82609008,110.81184144,626801.73614485
2010-06-17 09:15:00,NSE:TATACONSUM,111.4391808,114.48202368,110.7476256,113.05939584,3749372.42898325
2010-06-18 09:15:00,NSE:TATACONSUM,114.6993696,114.6993696,111.4391808,111.82447584,719894.8109999
2010-06-21 09:15:00,NSE:TATACONSUM,111.19713648,117.80148864,110.11534656,116.96174304,5337218.20036926
2010-06-22 09:15:00,NSE:TATACONSUM,118.55232,119.01664992,115.84537536,116.55668928,2551298.8695624
2010-06-23 09:15:00,NSE:TATACONSUM,116.576448,118.8487008,115.588512,117.60390144,2323439.97991773
2010-06-24 09:15:00,NSE:TATACONSUM,117.1692096,118.54244064,115.40574384,116.21091168,2891067.84245133
2010-06-25 09:15:00,NSE:TATACONSUM,117.7619712,118.1571456,115.7860992,116.44307664,1208256.40527322
2010-06-28 09:15:00,NSE:TATACONSUM,116.576448,119.7378432,116.576448,118.51774224,1978326.53127328
2010-06-29 09:15:00,NSE:TATACONSUM,119.50567824,120.3306048,116.4776544,117.9842568,1612341.28526544
2010-06-30 09:15:00,NSE:TATACONSUM,118.55232,122.3064768,112.130736,120.0836208,2944597.62575713
2010-07-01 09:15:00,NSE:TATACONSUM,120.1330176,120.9233664,117.564384,119.6390496,1216020.06607715
2010-07-02 09:15:00,NSE:TATACONSUM,120.7257792,120.7257792,118.6017168,119.3426688,561516.13059955
2010-07-05 09:15:00,NSE:TATACONSUM,119.3426688,120.4293984,118.55232,118.9474944,410557.97136657
2010-07-06 09:15:00,NSE:TATACONSUM,119.2438752,119.8860336,118.058352,118.8980976,584685.64765329
2010-07-07 09:15:00,NSE:TATACONSUM,118.8980976,120.528192,118.4535264,119.0956848,693429.53389693
2010-07-08 09:15:00,NSE:TATACONSUM,120.034224,120.8245728,118.799304,119.1450816,588027.96942312
2010-07-09 09:15:00,NSE:TATACONSUM,119.540256,121.1703504,118.7499072,119.7378432,935331.84335827
2010-07-12 09:15:00,NSE:TATACONSUM,120.528192,120.528192,117.564384,118.3547328,834155.24892301
2010-07-13 09:15:00,NSE:TATACONSUM,118.55232,118.9968912,117.564384,118.4041296,429048.03550028
2010-07-14 09:15:00,NSE:TATACONSUM,118.6511136,119.2438752,114.84756,115.588512,954491.99138406
2010-07-15 09:15:00,NSE:TATACONSUM,116.576448,116.9222256,113.7114336,114.2547984,864037.75143329
2010-07-16 09:15:00,NSE:TATACONSUM,114.106608,119.540256,113.9090208,119.046288,1357502.91516859
2010-07-19 09:15:00,NSE:TATACONSUM,118.6017168,120.775176,118.2065424,119.8860336,1084763.58792472
2010-07-20 09:15:00,NSE:TATACONSUM,123.492,123.492,119.6390496,120.4293984,1062119.40854468
2010-07-21 09:15:00,NSE:TATACONSUM,120.6269856,121.516128,119.5896528,120.0836208,666709.17954199
2010-07-22 09:15:00,NSE:TATACONSUM,118.8487008,120.528192,118.799304,119.4414624,296893.72590937
2010-07-23 09:15:00,NSE:TATACONSUM,120.3306048,120.4787952,118.799304,119.1944784,284747.19010138
2010-07-26 09:15:00,NSE:TATACONSUM,118.6511136,119.540256,115.6873056,116.1812736,666480.41978428
2010-07-27 09:15:00,NSE:TATACONSUM,116.1812736,118.058352,110.648832,117.2186064,593257.05308846
2010-07-28 09:15:00,NSE:TATACONSUM,116.576448,119.046288,115.7860992,116.823432,845796.69128365
2010-07-29 09:15:00,NSE:TATACONSUM,111.1428,120.2318112,111.1428,115.1933376,2387942.13390341
2010-07-30 09:15:00,NSE:TATACONSUM,115.094544,116.576448,113.2174656,114.6499728,2688626.59119619
2010-08-02 09:15:00,NSE:TATACONSUM,115.8848928,117.070416,115.1933376,115.8848928,671696.34470249
2010-08-03 09:15:00,NSE:TATACONSUM,116.8728288,118.5029232,116.4776544,116.8728288,618697.97233829
2010-08-04 09:15:00,NSE:TATACONSUM,117.070416,117.564384,114.6993696,115.094544,1024758.68882195
2010-08-05 09:15:00,NSE:TATACONSUM,115.588512,115.588512,112.4271168,112.6741008,786984.17711269
2010-08-06 09:15:00,NSE:TATACONSUM,112.7234976,113.5138464,110.401848,110.7476256,554571.34875134
2010-08-09 09:15:00,NSE:TATACONSUM,110.648832,112.4765136,110.648832,111.4885776,420094.01418715
2010-08-10 09:15:00,NSE:TATACONSUM,111.5379744,112.9210848,110.2042608,110.9452128,331361.54568717
2010-08-11 09:15:00,NSE:TATACONSUM,112.37772,114.106608,110.648832,112.5259104,1323937.98788586
2010-08-12 09:15:00,NSE:TATACONSUM,111.636768,113.0692752,110.895816,111.1921968,439567.94772131
2010-08-13 09:15:00,NSE:TATACONSUM,112.0319424,114.600576,111.2415936,112.7728944,764902.78722508
2010-08-16 09:15:00,NSE:TATACONSUM,114.5511792,114.5511792,109.413912,109.90788,828830.00518252
2010-08-17 09:15:00,NSE:TATACONSUM,110.5500384,111.0440064,108.3765792,108.7717536,1092660.86062255
2010-08-18 09:15:00,NSE:TATACONSUM,108.8211504,109.8584832,106.7958816,107.5368336,971654.03426943
2010-08-19 09:15:00,NSE:TATACONSUM,108.67296,112.9704816,107.191056,111.6861648,1663891.18323454
2010-08-20 09:15:00,NSE:TATACONSUM,110.648832,112.0319424,109.7102928,110.154864,661263.48265475
2010-08-23 09:15:00,NSE:TATACONSUM,112.624704,116.823432,110.648832,115.2921312,4083175.42836783
2010-08-24 09:15:00,NSE:TATACONSUM,117.0210192,118.3547328,114.6499728,115.0451472,3464593.86033103
2010-08-25 09:15:00,NSE:TATACONSUM,114.600576,117.2680032,114.0078144,115.588512,1626197.4459884
2010-08-26 09:15:00,NSE:TATACONSUM,116.7740352,117.9101616,115.1933376,116.7246384,2562164.95805396
2010-08-27 09:15:00,NSE:TATACONSUM,117.564384,118.4041296,115.6873056,116.329464,1392020.33330094
2010-08-30 09:15:00,NSE:TATACONSUM,117.3667968,118.2559392,115.2921312,116.1812736,468700.40164545
2010-08-31 09:15:00,NSE:TATACONSUM,115.588512,119.540256,114.6993696,119.046288,2136090.79940401
2010-09-01 09:15:00,NSE:TATACONSUM,120.1824144,122.1582864,118.7499072,121.516128,2302666.36705212
2010-09-02 09:15:00,NSE:TATACONSUM,122.7016512,123.0474288,120.528192,120.9233664,725264.59203835
2010-09-03 09:15:00,NSE:TATACONSUM,121.02216,122.504064,120.3800016,120.6763824,740523.67764714
2010-09-06 09:15:00,NSE:TATACONSUM,121.763112,123.1462224,121.3185408,121.6643184,633983.37544132
2010-09-07 09:15:00,NSE:TATACONSUM,122.504064,126.949776,120.6269856,126.1594272,2716225.54497457
2010-09-08 09:15:00,NSE:TATACONSUM,126.455808,128.2340928,123.5907936,125.714856,2570752.55887021
2010-09-09 09:15:00,NSE:TATACONSUM,126.1594272,127.937712,125.1714912,126.2582208,1619491.54601108
2010-09-13 09:15:00,NSE:TATACONSUM,126.949776,127.2461568,123.7883808,124.4305392,1194900.27694102
2010-09-14 09:15:00,NSE:TATACONSUM,124.6281264,126.6533952,122.010096,122.4052704,1457449.6728533
2010-09-15 09:15:00,NSE:TATACONSUM,123.3438096,124.973904,121.516128,121.763112,1125566.83833771
2010-09-16 09:15:00,NSE:TATACONSUM,122.504064,123.492,120.034224,120.6763824,1086279.88047809
2010-09-17 09:15:00,NSE:TATACONSUM,121.3185408,123.8377776,120.1330176,121.1703504,2124350.16033427
2010-09-20 09:15:00,NSE:TATACONSUM,121.02216,123.4426032,120.528192,123.0474288,1086320.36893078
2010-09-21 09:15:00,NSE:TATACONSUM,123.0474288,124.1341584,119.5896528,121.02216,1142112.44453082
2010-09-22 09:15:00,NSE:TATACONSUM,121.516128,122.010096,118.3547328,119.3426688,1044970.52440644
2010-09-23 09:15:00,NSE:TATACONSUM,120.1330176,122.751048,118.4535264,122.0594928,1867762.68908107
2010-09-24 09:15:00,NSE:TATACONSUM,121.9606992,125.96184,121.3679376,123.5907936,2488870.73656593
2010-09-27 09:15:00,NSE:TATACONSUM,124.8257136,125.3690784,121.6643184,122.1088896,1224433.56654682
2010-09-28 09:15:00,NSE:TATACONSUM,123.0968256,124.232952,120.5775888,121.3679376,809160.71486412
2010-09-29 09:15:00,NSE:TATACONSUM,121.8125088,123.245016,119.7378432,120.034224,996629.33631328
2010-09-30 09:15:00,NSE:TATACONSUM,120.8245728,121.2197472,117.7125744,118.7499072,1255180.49752211
2010-10-01 09:15:00,NSE:TATACONSUM,119.8366368,122.504064,119.8366368,122.010096,720553.76056749
2010-10-04 09:15:00,NSE:TATACONSUM,122.8992384,123.9365712,121.7137152,123.1462224,678634.04107149
2010-10-05 09:15:00,NSE:TATACONSUM,123.492,126.3570144,121.7137152,125.467872,1561052.53781621
2010-10-06 09:15:00,NSE:TATACONSUM,126.455808,128.33287652,125.5666656,127.7401248,1617710.05409257
2010-10-07 09:15:00,NSE:TATACONSUM,128.53048348,137.07612,128.08589252,131.79065252,7250536.47199819
2010-10-08 09:15:00,NSE:TATACONSUM,133.124376,134.3098992,129.51841948,131.00032348,1937015.150779
2010-10-11 09:15:00,NSE:TATACONSUM,132.877392,134.26049252,131.6918688,132.630408,1065836.24850193
2010-10-12 09:15:00,NSE:TATACONSUM,132.877392,134.112312,128.43168,129.419616,1267508.2191559
2010-10-13 09:15:00,NSE:TATACONSUM,130.30874852,132.77858852,129.76540348,132.13644,891689.34020017
2010-10-14 09:15:00,NSE:TATACONSUM,132.630408,135.347232,129.4690128,131.4448848,1848626.83412691
2010-10-15 09:15:00,NSE:TATACONSUM,133.22317948,133.22317948,126.85097252,128.28349948,1053491.31927574
2010-10-18 09:15:00,NSE:TATACONSUM,128.53048348,129.419616,124.8257136,128.03651548,1251634.72127749
2010-10-19 09:15:00,NSE:TATACONSUM,129.913584,131.24730748,126.60398852,128.184696,927510.48650925
2010-10-20 09:15:00,NSE:TATACONSUM,127.690728,129.172632,126.949776,127.78953148,759018.80283743
2010-10-21 09:15:00,NSE:TATACONSUM,128.2340928,129.51841948,127.1473632,128.82684452,1309392.51125579
2010-10-22 09:15:00,NSE:TATACONSUM,130.407552,130.407552,126.5052048,126.9991728,1392299.70362453
2010-10-25 09:15:00,NSE:TATACONSUM,128.3822832,128.925648,126.702792,126.9003792,500148.79506365
2010-10-26 09:15:00,NSE:TATACONSUM,127.6413312,128.03651548,125.1714912,125.8136496,765827.94836913
2010-10-27 09:15:00,NSE:TATACONSUM,126.6533952,127.937712,124.0353648,125.714856,1130120.77705438
2010-10-28 09:15:00,NSE:TATACONSUM,127.34494052,128.43168,125.7642528,127.3943472,1755345.48796683
2010-10-29 09:15:00,NSE:TATACONSUM,126.1100304,126.455808,119.046288,123.1462224,2996239.63495611
2010-11-01 09:15:00,NSE:TATACONSUM,124.479936,126.85097252,121.516128,123.0474288,1641354.29825414
2010-11-02 09:15:00,NSE:TATACONSUM,123.985968,124.6775232,123.0474288,123.6401904,580778.51196839
2010-11-03 09:15:00,NSE:TATACONSUM,124.479936,125.1714912,122.504064,123.0474288,610350.26560425
2010-11-04 09:15:00,NSE:TATACONSUM,123.1956192,124.2823488,121.6149216,122.8004448,731126.30777702
2010-11-05 09:15:00,NSE:TATACONSUM,127.8883152,127.8883152,123.6895872,124.0847616,235207.54380851
2010-11-08 09:15:00,NSE:TATACONSUM,124.479936,125.3690784,122.998032,123.6401904,1106872.3075179
2010-11-09 09:15:00,NSE:TATACONSUM,124.232952,126.702792,122.6522544,125.8630464,1201155.74288213
2010-11-10 09:15:00,NSE:TATACONSUM,127.443744,131.148504,125.467872,130.30874852,2035675.38787938
2010-11-11 09:15:00,NSE:TATACONSUM,131.0991072,132.383424,125.7642528,126.55461148,1380326.2559518
2010-11-12 09:15:00,NSE:TATACONSUM,125.96184,128.28349948,122.7016512,123.3438096,1169249.8299485
2010-11-15 09:15:00,NSE:TATACONSUM,124.3317456,124.479936,121.6149216,123.245016,496014.92404366
2010-11-16 09:15:00,NSE:TATACONSUM,123.245016,124.6281264,118.55232,119.7378432,1132106.73565899
2010-11-18 09:15:00,NSE:TATACONSUM,120.3306048,122.010096,113.9090208,118.1571456,1229797.27431736
2010-11-19 09:15:00,NSE:TATACONSUM,118.3547328,123.5907936,113.7114336,118.6511136,3042464.28918472
2010-11-22 09:15:00,NSE:TATACONSUM,119.1450816,119.1450816,115.588512,118.4535264,839563.49399151
2010-11-23 09:15:00,NSE:TATACONSUM,114.6993696,118.2559392,112.7234976,115.7860992,1322021.87186215
2010-11-24 09:15:00,NSE:TATACONSUM,116.6752416,117.4655904,114.7487664,115.3909248,522746.41272309
2010-11-25 09:15:00,NSE:TATACONSUM,117.070416,117.070416,105.956136,108.6235632,2617598.71084767
2010-11-26 09:15:00,NSE:TATACONSUM,111.0440064,112.130736,102.251376,111.0934032,2307833.7058271
2010-11-29 09:15:00,NSE:TATACONSUM,112.0319424,112.624704,108.7717536,111.5873712,734074.87934441
2010-11-30 09:15:00,NSE:TATACONSUM,111.5873712,112.5259104,109.7102928,111.5873712,1005918.39957244
2010-12-01 09:15:00,NSE:TATACONSUM,112.130736,114.600576,111.636768,113.365656,636064.48190976
2010-12-02 09:15:00,NSE:TATACONSUM,114.5017824,116.08248,112.9704816,113.859624,898522.77880349
2010-12-03 09:15:00,NSE:TATACONSUM,114.600576,114.600576,111.2415936,112.7234976,613554.92663492
2010-12-06 09:15:00,NSE:TATACONSUM,111.8343552,114.2547984,111.8343552,113.5632432,1048674.20561656
2010-12-07 09:15:00,NSE:TATACONSUM,114.2054016,114.353592,112.2295296,113.859624,572921.72772325
2010-12-08 09:15:00,NSE:TATACONSUM,113.61264,114.0078144,112.3283232,113.4644496,1044610.17717747
2010-12-09 09:15:00,NSE:TATACONSUM,114.5017824,114.5017824,108.8705472,110.154864,1301051.89000097
2010-12-10 09:15:00,NSE:TATACONSUM,110.154864,111.5379744,106.0549296,109.6114992,1119760.79422149
2010-12-13 09:15:00,NSE:TATACONSUM,112.624704,113.118672,109.413912,111.4391808,432006.72918084
2010-12-14 09:15:00,NSE:TATACONSUM,112.0813392,113.365656,111.5873712,112.7234976,454563.85838759
2010-12-15 09:15:00,NSE:TATACONSUM,113.4150528,114.9957504,112.0319424,113.4150528,449467.37440482
2010-12-16 09:15:00,NSE:TATACONSUM,113.4150528,114.106608,111.636768,113.7608304,302404.20432093
2010-12-20 09:15:00,NSE:TATACONSUM,113.61264,114.5017824,112.624704,114.0572112,286428.47309947
2010-12-21 09:15:00,NSE:TATACONSUM,115.5391152,116.3788608,113.61264,114.4029888,768400.98953778
2010-12-22 09:15:00,NSE:TATACONSUM,115.3909248,115.3909248,111.2415936,112.2295296,1648953.98082467
2010-12-23 09:15:00,NSE:TATACONSUM,112.624704,113.5138464,110.3524512,111.0440064,609000.98791825
2010-12-24 09:15:00,NSE:TATACONSUM,111.4391808,112.624704,110.401848,111.1428,656426.12476922
2010-12-27 09:15:00,NSE:TATACONSUM,111.636768,112.5753072,108.0308016,108.425976,934313.55877304
2010-12-28 09:15:00,NSE:TATACONSUM,109.4633088,109.660896,106.8452784,108.2283888,870188.95960872
2010-12-29 09:15:00,NSE:TATACONSUM,109.1175312,109.4633088,107.685024,108.0801984,798684.32772973
2010-12-30 09:15:00,NSE:TATACONSUM,109.166928,109.5621024,105.3139776,105.956136,2549551.79282869
2010-12-31 09:15:00,NSE:TATACONSUM,107.191056,107.6356272,105.8079456,106.7958816,1273420.54546043
2011-01-03 09:15:00,NSE:TATACONSUM,107.685024,110.648832,106.8452784,110.154864,1398677.64713504
2011-01-04 09:15:00,NSE:TATACONSUM,110.5500384,112.8222912,110.2536576,111.7355616,1670145.63696434
2011-01-05 09:15:00,NSE:TATACONSUM,111.883752,112.5259104,109.8584832,110.9452128,721372.63952321
2011-01-06 09:15:00,NSE:TATACONSUM,111.5379744,112.0319424,108.7717536,109.660896,811278.26093998
2011-01-07 09:15:00,NSE:TATACONSUM,110.7476256,111.636768,105.8079456,106.9934688,1360231.83688012
2011-01-10 09:15:00,NSE:TATACONSUM,107.3886432,107.3886432,102.3501696,102.992328,1017376.63168464
2011-01-11 09:15:00,NSE:TATACONSUM,103.2887088,104.6224224,99.8309328,100.6706784,991073.30839245
2011-01-12 09:15:00,NSE:TATACONSUM,101.4610272,102.9429312,99.781536,102.49836,443856.68707285
2011-01-13 09:15:00,NSE:TATACONSUM,102.5477568,103.239312,101.4610272,102.004392,414761.68496745
2011-01-14 09:15:00,NSE:TATACONSUM,103.8320736,108.3765792,101.5598208,103.1405184,1937638.67295047
2011-01-17 09:15:00,NSE:TATACONSUM,104.0296608,106.944072,101.4116304,103.6344864,2560156.73080038
2011-01-18 09:15:00,NSE:TATACONSUM,104.5236288,105.6103584,102.9429312,103.486296,389100.10365044
2011-01-19 09:15:00,NSE:TATACONSUM,103.7826768,105.6103584,102.8441376,103.6838832,685408.77141839
2011-01-20 09:15:00,NSE:TATACONSUM,103.8320736,107.7838176,102.9429312,105.215184,1021405.23272763
2011-01-21 09:15:00,NSE:TATACONSUM,104.721216,106.1537232,103.8814704,104.3754384,529130.42950151
2011-01-24 09:15:00,NSE:TATACONSUM,103.3381056,105.462168,103.3381056,104.9682,262504.85861432
2011-01-25 09:15:00,NSE:TATACONSUM,105.709152,106.1043264,104.7706128,104.9188032,639228.65448774
2011-01-27 09:15:00,NSE:TATACONSUM,104.9188032,106.8946752,103.9308672,105.0669936,1813567.88293979
2011-01-28 09:15:00,NSE:TATACONSUM,104.721216,105.5115648,97.064712,98.59601576,2088287.09552036
2011-01-31 09:15:00,NSE:TATACONSUM,97.95385638,99.3863616,94.15030376,98.25023224,933500.75308522
2011-02-01 09:15:00,NSE:TATACONSUM,99.781536,100.769472,96.62014376,97.11411176,1043859.11638001
2011-02-02 09:15:00,NSE:TATACONSUM,97.60807976,98.7936,95.43461562,96.17556762,445192.80601173
2011-02-03 09:15:00,NSE:TATACONSUM,96.32376,96.66953562,93.06356824,94.89125576,748911.87283387
2011-02-04 09:15:00,NSE:TATACONSUM,95.335824,96.47195238,93.359952,94.15030376,867748.51812263
2011-02-07 09:15:00,NSE:TATACONSUM,96.52134424,96.52134424,94.15030376,94.594872,584776.74667185
2011-02-08 09:15:00,NSE:TATACONSUM,94.841856,95.63220776,90.890112,91.38408,436420.98273572
2011-02-09 09:15:00,NSE:TATACONSUM,91.878048,91.878048,85.950432,86.79017562,688963.65756486
2011-02-10 09:15:00,NSE:TATACONSUM,87.13595224,87.926304,83.77697576,87.03715962,1001407.98594241
2011-02-11 09:15:00,NSE:TATACONSUM,87.67932,91.631064,86.14801624,90.59372824,658016.30874874
2011-02-14 09:15:00,NSE:TATACONSUM,91.33468024,93.85392,91.137096,93.45874362,483479.69908982
2011-02-15 09:15:00,NSE:TATACONSUM,94.19969562,95.335824,92.27322438,94.594872,586865.95083082
2011-02-16 09:15:00,NSE:TATACONSUM,94.69366362,94.79245624,93.01417638,93.31055224,242927.6795258
2011-02-17 09:15:00,NSE:TATACONSUM,94.64427176,101.5598208,92.91538376,100.4236944,1916236.4768568
2011-02-18 09:15:00,NSE:TATACONSUM,100.275504,101.26344,92.52020838,93.359952,931254.65617206
2011-02-21 09:15:00,NSE:TATACONSUM,94.24909638,95.78039224,92.91538376,94.99004838,359988.90616396
2011-02-22 09:15:00,NSE:TATACONSUM,94.841856,98.15143962,93.26116038,95.23703238,427464.93699997
2011-02-23 09:15:00,NSE:TATACONSUM,95.53340824,96.32376,93.70572762,94.15030376,309844.96971464
2011-02-24 09:15:00,NSE:TATACONSUM,94.44667962,94.841856,85.85164038,86.34560838,1673734.9382956
2011-02-25 09:15:00,NSE:TATACONSUM,87.432336,89.161224,86.14801624,87.53112762,697553.28280374
2011-02-28 09:15:00,NSE:TATACONSUM,86.938368,88.91424,84.962496,88.173288,744579.60839569
2011-03-01 09:15:00,NSE:TATACONSUM,88.71665576,90.69252776,88.32148038,89.902176,695908.43941308
2011-03-03 09:15:00,NSE:TATACONSUM,89.902176,90.890112,88.96363976,89.30941638,885211.18776925
2011-03-04 09:15:00,NSE:TATACONSUM,89.21062376,90.84071224,88.91424,89.655192,286565.12162731
2011-03-07 09:15:00,NSE:TATACONSUM,88.91424,89.655192,86.79017562,87.67932,274153.38645418
2011-03-08 09:15:00,NSE:TATACONSUM,87.926304,93.606936,87.185352,92.47080762,1955221.79574385
2011-03-09 09:15:00,NSE:TATACONSUM,93.606936,97.01531224,92.91538376,95.18763162,3229161.60561008
2011-03-10 09:15:00,NSE:TATACONSUM,94.74306438,96.817728,93.55753624,95.23703238,1123291.38729634
2011-03-11 09:15:00,NSE:TATACONSUM,94.94064762,104.5236288,94.00211238,100.0779168,9685678.0196288
2011-03-14 09:15:00,NSE:TATACONSUM,101.3622336,102.9429312,99.4851552,100.8682656,4384503.65205843
2011-03-15 09:15:00,NSE:TATACONSUM,98.49721624,101.26344,94.44667962,97.311696,4283217.73880089
2011-03-16 09:15:00,NSE:TATACONSUM,97.805664,100.275504,97.50928024,97.90445562,1586769.79075568
2011-03-17 09:15:00,NSE:TATACONSUM,96.817728,98.9911872,95.38522376,96.12617576,1148452.93622259
2011-03-18 09:15:00,NSE:TATACONSUM,97.01531224,99.1887744,95.03944024,96.42255162,2054827.43821462
2011-03-21 09:15:00,NSE:TATACONSUM,97.50928024,98.69480838,96.32376,97.064712,1531431.1858258
2011-03-22 09:15:00,NSE:TATACONSUM,97.064712,98.49721624,96.32376,96.71893638,1125176.12476922
2011-03-23 09:15:00,NSE:TATACONSUM,96.86712776,97.70687238,96.02737624,96.47195238,610905.96961747
2011-03-24 09:15:00,NSE:TATACONSUM,96.817728,98.69480838,96.817728,98.052648,1772842.57279824
2011-03-25 09:15:00,NSE:TATACONSUM,98.49721624,99.781536,96.66953562,96.96592038,870845.88475367
2011-03-28 09:15:00,NSE:TATACONSUM,97.01531224,98.00324824,96.42255162,97.311696,445620.97139896
2011-03-29 09:15:00,NSE:TATACONSUM,97.311696,97.70687238,94.54547224,94.841856,1891793.59796586
2011-03-30 09:15:00,NSE:TATACONSUM,96.32376,96.817728,95.43461562,95.87919176,1174854.44401257
2011-03-31 09:15:00,NSE:TATACONSUM,96.27436024,97.805664,94.841856,96.570744,1357527.20824021
2011-04-01 09:15:00,NSE:TATACONSUM,96.570744,100.1767104,96.47195238,99.4357584,1639037.34654876
2011-04-04 09:15:00,NSE:TATACONSUM,99.781536,101.5598208,99.781536,100.6212816,1066949.68095099
2011-04-05 09:15:00,NSE:TATACONSUM,105.5115648,105.5115648,101.9549952,104.1284544,2497865.24633175
2011-04-06 09:15:00,NSE:TATACONSUM,105.462168,106.1537232,102.9429312,105.3633744,2479635.32050659
2011-04-07 09:15:00,NSE:TATACONSUM,106.0549296,108.178992,105.4127712,107.5862304,1702841.07472549
2011-04-08 09:15:00,NSE:TATACONSUM,107.932008,109.0681344,102.0537888,103.3875024,1943642.09827357
2011-04-11 09:15:00,NSE:TATACONSUM,103.3875024,103.73328,99.287568,101.26344,651872.18605254
2011-04-13 09:15:00,NSE:TATACONSUM,100.522488,102.6465504,99.8803296,102.0537888,978313.37252616
2011-04-15 09:15:00,NSE:TATACONSUM,102.251376,103.3875024,100.8188688,102.004392,554226.18469213
2011-04-18 09:15:00,NSE:TATACONSUM,102.251376,103.5850896,98.7936,99.1887744,931667.63838953
2011-04-19 09:15:00,NSE:TATACONSUM,99.287568,101.26344,98.8429968,100.2261072,711199.91578402
2011-04-20 09:15:00,NSE:TATACONSUM,100.769472,101.7080112,99.9297264,100.5718848,1103223.28571891
2011-04-21 09:15:00,NSE:TATACONSUM,100.275504,102.3501696,100.275504,101.8068048,788206.92838402
2011-04-25 09:15:00,NSE:TATACONSUM,101.7080112,102.8441376,100.6212816,100.9176624,399506.64820393
2011-04-26 09:15:00,NSE:TATACONSUM,101.2140432,103.5356928,99.2381712,103.1899152,1701471.55281314
2011-04-27 09:15:00,NSE:TATACONSUM,104.227248,104.4248352,101.9055984,102.6959472,816435.47760179
2011-04-28 09:15:00,NSE:TATACONSUM,103.5356928,103.5356928,100.9176624,101.3622336,749773.26466492
2011-04-29 09:15:00,NSE:TATACONSUM,101.4610272,102.3995664,98.299632,99.534552,411579.29258575
2011-05-02 09:15:00,NSE:TATACONSUM,99.781536,100.6706784,98.299632,98.7936,377608.46856477
2011-05-03 09:15:00,NSE:TATACONSUM,98.8429968,99.4851552,97.41048762,98.25023224,666645.410229
2011-05-04 09:15:00,NSE:TATACONSUM,98.59601576,98.59601576,95.23703238,96.71893638,333998.35616882
2011-05-05 09:15:00,NSE:TATACONSUM,96.71893638,97.50928024,94.19969562,95.18763162,537045.92200304
2011-05-06 09:15:00,NSE:TATACONSUM,96.71893638,97.36109576,95.43461562,96.37315976,395921.39571794
2011-05-09 09:15:00,NSE:TATACONSUM,96.96592038,97.85506376,95.43461562,96.52134424,323003.71683996
2011-05-10 09:15:00,NSE:TATACONSUM,96.817728,100.2261072,96.076776,98.59601576,644108.5252486
2011-05-11 09:15:00,NSE:TATACONSUM,99.3369648,100.1767104,98.8429968,99.534552,550668.2619117
2011-05-12 09:15:00,NSE:TATACONSUM,99.5839488,102.0537888,96.02737624,96.76832824,988670.3187251
2011-05-13 09:15:00,NSE:TATACONSUM,96.817728,99.0899808,95.92858362,97.95385638,237275.49152982
2011-05-16 09:15:00,NSE:TATACONSUM,97.95385638,98.64540762,95.829792,96.076776,212868.04003498
2011-05-17 09:15:00,NSE:TATACONSUM,96.076776,97.064712,94.841856,95.18763162,209591.51200078
2011-05-18 09:15:00,NSE:TATACONSUM,96.32376,97.11411176,94.69366362,95.23703238,226666.50471286
2011-05-19 09:15:00,NSE:TATACONSUM,95.78039224,96.12617576,94.64427176,95.03944024,196091.64966152
2011-05-20 09:15:00,NSE:TATACONSUM,95.03944024,96.71893638,94.99004838,96.12617576,396522.64924044
2011-05-23 09:15:00,NSE:TATACONSUM,96.32376,96.32376,93.90331976,94.29848824,171835.01765297
2011-05-24 09:15:00,NSE:TATACONSUM,94.99004838,95.53340824,90.396144,91.03830438,1140272.24435591
2011-05-25 09:15:00,NSE:TATACONSUM,91.03830438,91.18649576,85.75284776,87.13595224,2462544.13241344
2011-05-26 09:15:00,NSE:TATACONSUM,87.432336,88.71665576,84.02395976,84.715512,1444994.41259353
2011-05-27 09:15:00,NSE:TATACONSUM,84.715512,87.48173576,84.715512,87.13595224,433419.77617983
2011-05-30 09:15:00,NSE:TATACONSUM,87.53112762,88.46967176,85.35767238,85.80223962,779375.3846403
2011-05-31 09:15:00,NSE:TATACONSUM,86.691384,87.13595224,85.35767238,86.34560838,1669281.20849934
2011-06-01 09:15:00,NSE:TATACONSUM,86.938368,91.08769624,86.39500024,90.49493562,2024630.13798465
2011-06-02 09:15:00,NSE:TATACONSUM,90.49493562,95.08884,88.91424,92.865984,3357812.6518317
2011-06-03 09:15:00,NSE:TATACONSUM,92.865984,95.829792,92.07563224,92.47080762,1209882.01664885
2011-06-06 09:15:00,NSE:TATACONSUM,91.18649576,95.829792,90.98890362,92.02624038,341348.02254397
2011-06-07 09:15:00,NSE:TATACONSUM,92.865984,94.05150424,91.878048,93.06356824,509499.60321316
2011-06-08 09:15:00,NSE:TATACONSUM,94.64427176,98.20084038,94.15030376,97.01531224,5283178.26255952
2011-06-09 09:15:00,NSE:TATACONSUM,97.60807976,97.805664,95.03944024,95.48401638,1200898.64120753
2011-06-10 09:15:00,NSE:TATACONSUM,95.73100038,96.71893638,93.90331976,94.69366362,624324.85505134
2011-06-13 09:15:00,NSE:TATACONSUM,94.841856,99.1887744,93.85392,98.69480838,3185605.14041395
2011-06-14 09:15:00,NSE:TATACONSUM,99.6333456,100.2261072,98.15143962,98.8429968,1422292.5371684
2011-06-15 09:15:00,NSE:TATACONSUM,98.74420024,99.7321392,97.064712,97.45988838,743985.44035241
2011-06-16 09:15:00,NSE:TATACONSUM,96.71893638,97.41048762,95.38522376,95.78039224,597501.25514203
2011-06-17 09:15:00,NSE:TATACONSUM,95.92858362,98.20084038,92.02624038,97.41048762,1402121.1900366
2011-06-20 09:15:00,NSE:TATACONSUM,97.50928024,97.60807976,89.45760776,92.27322438,1286791.85696239
2011-06-21 09:15:00,NSE:TATACONSUM,93.359952,94.100904,90.643128,91.23588762,642597.29375182
2011-06-22 09:15:00,NSE:TATACONSUM,92.56960024,92.56960024,88.71665576,89.161224,666558.36005571
2011-06-23 09:15:00,NSE:TATACONSUM,89.21062376,91.43347976,88.12388824,89.50699962,1583825.26803356
2011-06-24 09:15:00,NSE:TATACONSUM,90.396144,91.878048,90.19855976,90.69252776,987728.96219998
2011-06-27 09:15:00,NSE:TATACONSUM,89.95157576,92.865984,89.902176,90.93951176,1276692.01243805
2011-06-28 09:15:00,NSE:TATACONSUM,91.82864824,91.92744776,90.14916,91.58166424,1326777.24063097
2011-06-29 09:15:00,NSE:TATACONSUM,92.56960024,93.70572762,91.58166424,91.92744776,1260732.47659767
2011-06-30 09:15:00,NSE:TATACONSUM,92.27322438,95.829792,91.08769624,95.38522376,2453234.82492793
2011-07-01 09:15:00,NSE:TATACONSUM,96.817728,98.052648,94.594872,96.570744,2369234.44433648
2011-07-04 09:15:00,NSE:TATACONSUM,97.60807976,104.8200096,96.66953562,103.0911216,7050609.5536553
2011-07-05 09:15:00,NSE:TATACONSUM,104.4248352,106.3513104,101.0658528,101.757408,3787989.3029508
2011-07-06 09:15:00,NSE:TATACONSUM,102.004392,103.73328,101.510424,101.9549952,1550718.87247757
2011-07-07 09:15:00,NSE:TATACONSUM,102.6959472,104.6224224,101.6586144,103.73328,1595478.85693
2011-07-08 09:15:00,NSE:TATACONSUM,103.5356928,104.4248352,97.16350362,98.7936,1050296.78035824
2011-07-11 09:15:00,NSE:TATACONSUM,98.8923936,101.26344,98.299632,100.2261072,904776.22032196
2011-07-12 09:15:00,NSE:TATACONSUM,103.73328,106.697088,97.064712,99.1887744,1072450.03724938
2011-07-13 09:15:00,NSE:TATACONSUM,99.781536,101.2140432,99.4851552,100.4236944,657404.93311308
2011-07-14 09:15:00,NSE:TATACONSUM,99.287568,102.6959472,98.8429968,101.3128368,798291.58973861
2011-07-15 09:15:00,NSE:TATACONSUM,102.1525824,102.2019792,98.8429968,99.6333456,829418.09995789
2011-07-18 09:15:00,NSE:TATACONSUM,99.781536,102.8935344,99.1887744,101.9055984,1196787.03883652
2011-07-19 09:15:00,NSE:TATACONSUM,101.9055984,102.745344,101.1646464,101.5598208,581844.37048554
2011-07-20 09:15:00,NSE:TATACONSUM,101.757408,102.5477568,99.4357584,99.7321392,575788.31017394
2011-07-21 09:15:00,NSE:TATACONSUM,99.7321392,101.016456,97.064712,98.052648,765803.65529751
2011-07-22 09:15:00,NSE:TATACONSUM,99.040584,101.9055984,98.8429968,101.5598208,1270978.07955171
2011-07-25 09:15:00,NSE:TATACONSUM,102.251376,105.462168,101.0658528,104.1284544,2302607.65879571
2011-07-26 09:15:00,NSE:TATACONSUM,104.6224224,107.3886432,103.239312,103.6838832,2839668.76396852
2011-07-27 09:15:00,NSE:TATACONSUM,104.6224224,107.7344208,102.8441376,107.2404528,3454585.11482525
2011-07-28 09:15:00,NSE:TATACONSUM,105.8079456,107.4874368,100.8682656,106.697088,1888863.24620218
2011-07-29 09:15:00,NSE:TATACONSUM,106.4995008,107.43804,104.227248,105.2645808,1432557.37213747
2011-08-01 09:15:00,NSE:TATACONSUM,106.8946752,107.685024,105.1657872,105.709152,625553.67959058
2011-08-02 09:15:00,NSE:TATACONSUM,104.3260416,105.6597552,102.3995664,103.3381056,497909.78362971
2011-08-03 09:15:00,NSE:TATACONSUM,102.4489632,106.9934688,101.3622336,106.3513104,1343208.46694523
2011-08-04 09:15:00,NSE:TATACONSUM,107.0922624,114.0078144,106.7464848,109.660896,9621427.90626113
2011-08-05 09:15:00,NSE:TATACONSUM,106.7958816,107.1416592,100.8188688,105.0669936,3861314.90298967
2011-08-08 09:15:00,NSE:TATACONSUM,101.757408,107.5368336,99.9297264,105.0175968,2195327.43011693
2011-08-09 09:15:00,NSE:TATACONSUM,101.26344,106.697088,99.781536,101.510424,3061364.29890195
2011-08-10 09:15:00,NSE:TATACONSUM,103.5356928,108.2777856,99.9791232,105.3633744,5542568.54695041
2011-08-11 09:15:00,NSE:TATACONSUM,104.6718192,105.1657872,100.6706784,101.7080112,3447747.62737667
2011-08-12 09:15:00,NSE:TATACONSUM,102.4489632,103.486296,100.4730912,101.0658528,1844468.67003531
2011-08-16 09:15:00,NSE:TATACONSUM,102.49836,102.745344,96.12617576,97.26229624,1781791.53305477
2011-08-17 09:15:00,NSE:TATACONSUM,96.91651962,97.55868,93.16236776,94.19969562,1870278.03420464
2011-08-18 09:15:00,NSE:TATACONSUM,94.841856,94.841856,86.59259238,87.53112762,2588909.60548052
2011-08-19 09:15:00,NSE:TATACONSUM,85.01189576,87.82751238,84.61672038,86.54319162,2320739.40012309
2011-08-22 09:15:00,NSE:TATACONSUM,87.72871976,90.59372824,86.74078376,89.50699962,1788844.62151394
2011-08-23 09:15:00,NSE:TATACONSUM,90.890112,91.878048,89.655192,90.98890362,1309510.93997992
2011-08-24 09:15:00,NSE:TATACONSUM,91.68046376,92.56960024,89.408208,90.09976024,1618462.12710135
2011-08-25 09:15:00,NSE:TATACONSUM,90.79132038,93.31055224,87.97570376,91.03830438,3435631.4579082
2011-08-26 09:15:00,NSE:TATACONSUM,92.125032,92.372016,87.62992024,88.27207962,1683589.82768115
2011-08-29 09:15:00,NSE:TATACONSUM,89.85277624,92.76719238,89.01303162,92.22382362,1532564.86250121
2011-08-30 09:15:00,NSE:TATACONSUM,93.85392,94.347888,91.72985562,92.42141576,1510552.30298319
2011-09-02 09:15:00,NSE:TATACONSUM,93.16236776,93.65633576,90.79132038,91.58166424,1085960.02170181
2011-09-05 09:15:00,NSE:TATACONSUM,91.137096,92.56960024,90.05036838,90.49493562,1145178.43261102
2011-09-06 09:15:00,NSE:TATACONSUM,90.00096762,93.85392,90.00096762,93.06356824,1836891.25611376
2011-09-07 09:15:00,NSE:TATACONSUM,93.85392,94.74306438,92.91538376,93.26116038,1107669.93003595
2011-09-08 09:15:00,NSE:TATACONSUM,93.55753624,94.79245624,93.06356824,93.40935176,900271.87995984
2011-09-09 09:15:00,NSE:TATACONSUM,93.80452024,95.73100038,91.68046376,92.17443176,1795788.39115084
2011-09-12 09:15:00,NSE:TATACONSUM,90.890112,91.38408,89.161224,89.95157576,768994.14536974
2011-09-13 09:15:00,NSE:TATACONSUM,90.79132038,92.865984,88.86484024,90.05036838,1159334.20788391
2011-09-14 09:15:00,NSE:TATACONSUM,90.14916,91.38408,89.161224,90.890112,515634.61600751
2011-09-15 09:15:00,NSE:TATACONSUM,91.38408,92.27322438,90.84071224,91.48287162,471578.11842063
2011-09-16 09:15:00,NSE:TATACONSUM,92.07563224,92.372016,88.96363976,89.45760776,2275510.76183073
2011-09-19 09:15:00,NSE:TATACONSUM,89.01303162,90.79132038,89.01303162,89.55640038,513827.81880608
2011-09-20 09:15:00,NSE:TATACONSUM,89.60579224,91.58166424,89.60579224,91.03830438,571475.27775079
2011-09-21 09:15:00,NSE:TATACONSUM,90.49493562,92.07563224,90.49493562,91.68046376,1023336.5319211
2011-09-22 09:15:00,NSE:TATACONSUM,90.396144,90.59372824,84.56731962,85.16008024,1617296.05966378
2011-09-23 09:15:00,NSE:TATACONSUM,83.727576,86.938368,82.09747962,85.99983176,1854716.29741198
2011-09-26 09:15:00,NSE:TATACONSUM,85.950432,86.74078376,83.43119224,85.65404824,895337.34978784
2011-09-27 09:15:00,NSE:TATACONSUM,86.64198424,87.926304,86.04922362,87.53112762,651917.73556182
2011-09-28 09:15:00,NSE:TATACONSUM,88.07449638,88.07449638,84.715512,85.40706424,1028595.98192595
2011-09-29 09:15:00,NSE:TATACONSUM,85.65404824,86.34560838,84.221544,84.66611224,2078395.76652739
2011-09-30 09:15:00,NSE:TATACONSUM,83.82636762,85.950432,83.82636762,84.76491176,851351.70699317
2011-10-03 09:15:00,NSE:TATACONSUM,84.468528,84.468528,82.59144762,82.986624,667598.91328993
2011-10-04 09:15:00,NSE:TATACONSUM,83.38180038,83.82636762,81.40592838,81.89989638,719775.37006446
2011-10-05 09:15:00,NSE:TATACONSUM,82.492656,82.69024024,79.528848,80.12160762,592613.28669064
2011-10-07 09:15:00,NSE:TATACONSUM,81.55411976,82.492656,81.10954362,81.55411976,856324.70119522
2011-10-10 09:15:00,NSE:TATACONSUM,82.19627224,85.40706424,81.998688,84.61672038,1418176.88595213
2011-10-11 09:15:00,NSE:TATACONSUM,85.11068838,87.72871976,85.06128762,85.60465638,1370325.60813656
2011-10-12 09:15:00,NSE:TATACONSUM,84.962496,88.12388824,84.962496,87.03715962,1436308.6272795
2011-10-13 09:15:00,NSE:TATACONSUM,87.23475176,88.22268776,85.456464,85.703448,1352182.7324847
2011-10-14 09:15:00,NSE:TATACONSUM,85.456464,87.33354438,85.01189576,86.83957638,536325.2275451
2011-10-17 09:15:00,NSE:TATACONSUM,87.13595224,89.80338438,86.29620762,89.21062376,1405766.16299032
2011-10-18 09:15:00,NSE:TATACONSUM,88.91424,88.91424,85.703448,86.49379976,823264.86735983
2011-10-19 09:15:00,NSE:TATACONSUM,87.62992024,88.02509562,84.56731962,86.49379976,921582.97703495
2011-10-20 09:15:00,NSE:TATACONSUM,85.90103224,86.39500024,83.97456,84.221544,1763572.74155411
2011-10-21 09:15:00,NSE:TATACONSUM,84.468528,85.35767238,83.33239962,83.67817624,938795.63048619
2011-10-24 09:15:00,NSE:TATACONSUM,84.962496,85.703448,83.727576,84.12275238,733898.7545752
2011-10-25 09:15:00,NSE:TATACONSUM,84.56731962,86.34560838,83.67817624,85.80223962,939850.35467885
2011-10-26 09:15:00,NSE:TATACONSUM,85.950432,87.03715962,85.950432,86.83957638,260545.21750397
2011-10-28 09:15:00,NSE:TATACONSUM,87.926304,89.902176,87.926304,88.667256,2014762.08985197
2011-10-31 09:15:00,NSE:TATACONSUM,90.19855976,91.97683962,90.19855976,91.48287162,2248392.60842808
2011-11-01 09:15:00,NSE:TATACONSUM,90.643128,92.22382362,89.80338438,90.54433638,1066800.88588734
2011-11-02 09:15:00,NSE:TATACONSUM,89.902176,91.48287162,89.45760776,90.05036838,854005.72506721
2011-11-03 09:15:00,NSE:TATACONSUM,90.00096762,90.69252776,88.71665576,89.60579224,788757.57134065
2011-11-04 09:15:00,NSE:TATACONSUM,90.49493562,90.93951176,89.60579224,89.85277624,635776.00168432
2011-11-08 09:15:00,NSE:TATACONSUM,90.00096762,90.54433638,89.408208,89.655192,335443.79392997
2011-11-09 09:15:00,NSE:TATACONSUM,90.29735238,90.29735238,87.53112762,88.07449638,539178.65124866
2011-11-11 09:15:00,NSE:TATACONSUM,88.27207962,88.420272,85.99983176,87.23475176,856419.84905905
2011-11-14 09:15:00,NSE:TATACONSUM,88.12388824,88.37087224,85.85164038,86.64198424,754542.80439219
2011-11-15 09:15:00,NSE:TATACONSUM,86.14801624,86.64198424,84.36973638,84.715512,790246.53418845
2011-11-16 09:15:00,NSE:TATACONSUM,84.86370438,85.01189576,82.245672,82.69024024,878084.20788391
2011-11-17 09:15:00,NSE:TATACONSUM,82.986624,84.41912824,80.22040024,81.50472,1075705.30884592
2011-11-18 09:15:00,NSE:TATACONSUM,81.20833624,82.73964,80.22040024,81.60351162,548624.60726201
2011-11-21 09:15:00,NSE:TATACONSUM,81.50472,82.83843162,80.022816,81.010752,525171.67103942
2011-11-22 09:15:00,NSE:TATACONSUM,81.10954362,82.44325624,80.56618376,81.70230424,547474.73520552
2011-11-23 09:15:00,NSE:TATACONSUM,81.60351162,81.80110376,79.33126376,79.97341624,1101739.3839277
2011-11-24 09:15:00,NSE:TATACONSUM,80.12160762,82.39386438,79.03488,81.40592838,1304162.41537913
2011-11-25 09:15:00,NSE:TATACONSUM,81.40592838,81.998688,80.12160762,80.56618376,1103472.28970298
2011-11-28 09:15:00,NSE:TATACONSUM,81.257736,83.28300776,81.257736,82.73964,665467.19625563
2011-11-29 09:15:00,NSE:TATACONSUM,82.986624,85.30827162,81.89989638,83.08541562,1579935.33994105
2011-11-30 09:15:00,NSE:TATACONSUM,82.93722424,84.17214424,80.31919976,82.93722424,2510871.14954815
2011-12-01 09:15:00,NSE:TATACONSUM,84.51792776,87.62992024,83.57938362,87.185352,1174657.06280569
2011-12-02 09:15:00,NSE:TATACONSUM,87.53112762,91.58166424,86.938368,90.643128,1582281.64577463
2011-12-05 09:15:00,NSE:TATACONSUM,90.59372824,91.68046376,88.91424,89.45760776,420371.3600881
2011-12-07 09:15:00,NSE:TATACONSUM,89.902176,90.44554376,88.61785624,89.75398362,479345.82806983
2011-12-08 09:15:00,NSE:TATACONSUM,89.75398362,90.05036838,87.23475176,88.667256,648284.90914391
2011-12-09 09:15:00,NSE:TATACONSUM,87.67932,89.161224,86.691384,88.61785624,362070.0126324
2011-12-12 09:15:00,NSE:TATACONSUM,89.06243238,89.50699962,85.950432,86.49379976,298018.29268293
2011-12-13 09:15:00,NSE:TATACONSUM,85.30827162,88.46967176,84.962496,87.72871976,401918.74777314
2011-12-14 09:15:00,NSE:TATACONSUM,87.33354438,89.50699962,85.456464,86.4444,419953.31681404
2011-12-15 09:15:00,NSE:TATACONSUM,85.456464,89.26001562,84.81430362,88.71665576,876420.13247822
2011-12-16 09:15:00,NSE:TATACONSUM,88.71665576,90.05036838,83.97456,85.35767238,1209872.906747
2011-12-19 09:15:00,NSE:TATACONSUM,85.06128762,85.06128762,82.78903976,83.480592,581984.05564733
2011-12-20 09:15:00,NSE:TATACONSUM,84.17214424,86.14801624,83.480592,84.02395976,444979.22942377
2011-12-21 09:15:00,NSE:TATACONSUM,85.950432,86.83957638,84.468528,85.30827162,304559.20221553
2011-12-22 09:15:00,NSE:TATACONSUM,84.962496,89.21062376,84.76491176,88.76604762,746881.3769313
2011-12-23 09:15:00,NSE:TATACONSUM,89.80338438,90.34674424,87.185352,87.62992024,566477.99047712
2011-12-26 09:15:00,NSE:TATACONSUM,87.87690424,88.56846438,86.83957638,87.62992024,255876.89890843
2011-12-27 09:15:00,NSE:TATACONSUM,88.02509562,88.51906362,86.4444,86.54319162,294351.05108023
2011-12-28 09:15:00,NSE:TATACONSUM,86.938368,88.420272,85.85164038,86.39500024,466400.65753247
2011-12-29 09:15:00,NSE:TATACONSUM,85.80223962,89.70459176,85.65404824,89.01303162,1182478.41965471
2011-12-30 09:15:00,NSE:TATACONSUM,89.902176,90.54433638,88.51906362,89.01303162,696234.37145726
2012-01-02 09:15:00,NSE:TATACONSUM,89.85277624,90.79132038,88.02509562,89.85277624,703267.21569009
2012-01-03 09:15:00,NSE:TATACONSUM,90.69252776,93.65633576,90.49493562,93.40935176,1189663.09558514
2012-01-04 09:15:00,NSE:TATACONSUM,93.80452024,95.829792,93.16236776,94.24909638,1673803.76866518
2012-01-05 09:15:00,NSE:TATACONSUM,93.85392,94.24909638,91.38408,91.97683962,858127.44955139
2012-01-06 09:15:00,NSE:TATACONSUM,91.38408,93.55753624,90.24795162,92.372016,742844.67819778
2012-01-09 09:15:00,NSE:TATACONSUM,92.865984,93.80452024,91.38408,91.97683962,657880.67243222
2012-01-10 09:15:00,NSE:TATACONSUM,92.125032,93.65633576,91.631064,92.81658424,818724.08739028
2012-01-11 09:15:00,NSE:TATACONSUM,93.50814438,94.24909638,91.33468024,91.77925638,659891.93631976
2012-01-12 09:15:00,NSE:TATACONSUM,91.82864824,93.45874362,91.38408,91.77925638,576063.63165225
2012-01-13 09:15:00,NSE:TATACONSUM,92.76719238,95.335824,91.72985562,93.01417638,2140535.41929842
2012-01-16 09:15:00,NSE:TATACONSUM,84.962496,98.00324824,84.962496,97.311696,2897367.84569041
2012-01-17 09:15:00,NSE:TATACONSUM,98.74420024,99.5839488,95.28642424,96.02737624,3221146.91639944
2012-01-18 09:15:00,NSE:TATACONSUM,95.829792,96.32376,91.03830438,91.878048,1440305.84977165
2012-01-19 09:15:00,NSE:TATACONSUM,93.606936,94.94064762,92.22382362,92.76719238,1539197.88326369
2012-01-20 09:15:00,NSE:TATACONSUM,93.40935176,95.03944024,90.396144,91.53227238,1506493.33560069
2012-01-23 09:15:00,NSE:TATACONSUM,91.878048,92.76719238,90.05036838,90.93951176,1060504.93149354
2012-01-24 09:15:00,NSE:TATACONSUM,91.03830438,92.96477562,91.03830438,92.17443176,1192747.30346905
2012-01-25 09:15:00,NSE:TATACONSUM,92.372016,95.03944024,90.69252776,94.100904,4321748.57480647
2012-01-27 09:15:00,NSE:TATACONSUM,93.85392,97.75626424,92.865984,95.92858362,2940178.31114566
2012-01-30 09:15:00,NSE:TATACONSUM,96.817728,98.9911872,95.38522376,96.71893638,3792245.65154018
2012-01-31 09:15:00,NSE:TATACONSUM,100.769472,107.5368336,99.534552,106.450104,18136427.86577268
2012-02-01 09:15:00,NSE:TATACONSUM,114.600576,114.600576,106.697088,107.8332144,10941994.21824896
2012-02-02 09:15:00,NSE:TATACONSUM,108.8705472,111.9825456,106.1043264,108.67296,7306806.31134001
2012-02-03 09:15:00,NSE:TATACONSUM,108.67296,119.046288,106.8452784,118.305336,9685124.34003822
2012-02-06 09:15:00,NSE:TATACONSUM,118.55232,120.8245728,112.8222912,114.6499728,7257961.04201082
2012-02-07 09:15:00,NSE:TATACONSUM,114.7981632,116.08248,110.648832,112.0319424,6382200.8713115
2012-02-08 09:15:00,NSE:TATACONSUM,111.636768,117.564384,111.636768,116.329464,6799366.55815761
2012-02-09 09:15:00,NSE:TATACONSUM,116.08248,124.8751104,115.588512,121.5655248,11931197.97233829
2012-02-10 09:15:00,NSE:TATACONSUM,121.5655248,123.245016,116.3788608,117.5149872,5162918.44815859
2012-02-13 09:15:00,NSE:TATACONSUM,118.2559392,121.9606992,114.6993696,119.9848272,4516844.20853173
2012-02-14 09:15:00,NSE:TATACONSUM,119.9354304,121.3185408,118.0089552,119.3426688,2167279.05451365
2012-02-15 09:15:00,NSE:TATACONSUM,120.034224,121.1209536,117.9101616,119.540256,2497753.90308684
2012-02-16 09:15:00,NSE:TATACONSUM,119.046288,122.1088896,115.835496,119.4414624,3101268.70566514
2012-02-17 09:15:00,NSE:TATACONSUM,119.9848272,121.3679376,116.7740352,117.7619712,1772846.62164351
2012-02-21 09:15:00,NSE:TATACONSUM,118.5029232,121.4667312,117.8607648,119.3426688,2599278.69821527
2012-02-22 09:15:00,NSE:TATACONSUM,120.4293984,120.6269856,113.118672,115.7860992,3593668.0108833
2012-02-23 09:15:00,NSE:TATACONSUM,115.588512,121.3185408,114.6993696,118.55232,6745751.74910116
2012-02-24 09:15:00,NSE:TATACONSUM,119.540256,120.4293984,117.070416,118.5029232,2615062.10928643
2012-02-27 09:15:00,NSE:TATACONSUM,117.564384,118.7499072,110.648832,111.6861648,1543205.22786901
2012-02-28 09:15:00,NSE:TATACONSUM,112.37772,120.775176,112.37772,119.2438752,3694836.50762802
2012-02-29 09:15:00,NSE:TATACONSUM,120.7257792,127.2461568,120.3800016,124.0353648,7049384.77796133
2012-03-01 09:15:00,NSE:TATACONSUM,124.4305392,124.9245072,119.046288,121.8619056,2196020.7948693
2012-03-02 09:15:00,NSE:TATACONSUM,122.751048,122.8004448,118.4041296,119.0956848,1956627.75726363
2012-03-05 09:15:00,NSE:TATACONSUM,118.6017168,118.6017168,113.61264,114.600576,1647436.67605999
2012-03-06 09:15:00,NSE:TATACONSUM,113.7608304,118.55232,111.9331488,112.4271168,2383472.20872607
2012-03-07 09:15:00,NSE:TATACONSUM,112.4271168,116.329464,110.7970224,114.6993696,2543947.17876462
2012-03-09 09:15:00,NSE:TATACONSUM,116.1812736,117.4161936,115.3909248,116.7740352,1310275.1595245
2012-03-12 09:15:00,NSE:TATACONSUM,117.564384,118.55232,114.84756,115.3909248,1077912.94172902
2012-03-13 09:15:00,NSE:TATACONSUM,116.08248,118.3547328,115.6873056,116.6752416,2009365.99131928
2012-03-14 09:15:00,NSE:TATACONSUM,117.7125744,121.8125088,117.1692096,118.9474944,3826457.3818547
2012-03-15 09:15:00,NSE:TATACONSUM,119.540256,119.6884464,114.0078144,114.600576,1936954.41809996
2012-03-16 09:15:00,NSE:TATACONSUM,114.8969568,115.2427344,110.895816,111.5873712,3043957.30087779
2012-03-19 09:15:00,NSE:TATACONSUM,112.5259104,113.8102272,106.7958816,108.3765792,1956515.4018074
2012-03-20 09:15:00,NSE:TATACONSUM,107.685024,112.5259104,107.6356272,111.7355616,1528601.04298254
2012-03-21 09:15:00,NSE:TATACONSUM,112.1801328,114.4029888,111.5379744,113.3162592,1784117.594662
2012-03-22 09:15:00,NSE:TATACONSUM,122.504064,122.504064,107.191056,109.6114992,3324824.68499984
2012-03-23 09:15:00,NSE:TATACONSUM,113.61264,113.61264,108.425976,111.3403872,1641502.08110647
2012-03-26 09:15:00,NSE:TATACONSUM,112.0813392,112.130736,107.43804,107.8332144,1899051.15311113
2012-03-27 09:15:00,NSE:TATACONSUM,108.7223568,110.2536576,106.7464848,108.7223568,1448129.23104331
2012-03-28 09:15:00,NSE:TATACONSUM,109.6114992,110.5994352,107.932008,108.5247696,1273370.94710589
2012-03-29 09:15:00,NSE:TATACONSUM,107.685024,109.2163248,104.9682,106.9934688,3169069.65633401
2012-03-30 09:15:00,NSE:TATACONSUM,107.2404528,111.5379744,107.191056,110.9946096,1621416.77193664
2012-04-02 09:15:00,NSE:TATACONSUM,111.1428,114.600576,109.90788,113.9584176,1401450.09393321
2012-04-03 09:15:00,NSE:TATACONSUM,114.9957504,118.799304,114.9957504,117.5149872,3718384.59171444
2012-04-04 09:15:00,NSE:TATACONSUM,118.55232,118.7499072,115.7367024,116.2800672,1450313.58306611
2012-04-09 09:15:00,NSE:TATACONSUM,115.4897184,117.3174,114.6993696,115.5391152,1368856.88951511
2012-04-10 09:15:00,NSE:TATACONSUM,116.08248,117.070416,111.1428,115.9836864,1524212.09471059
2012-04-11 09:15:00,NSE:TATACONSUM,114.106608,119.540256,114.106608,116.823432,3387794.35105108
2012-04-12 09:15:00,NSE:TATACONSUM,117.6631776,120.8245728,116.6752416,119.7378432,2216207.32517086
2012-04-13 09:15:00,NSE:TATACONSUM,119.9354304,120.9727632,114.7487664,115.3909248,2198381.27166132
2012-04-16 09:15:00,NSE:TATACONSUM,116.2306704,117.7619712,114.7487664,117.070416,708140.00097172
2012-04-17 09:15:00,NSE:TATACONSUM,117.1198128,118.3547328,115.7367024,117.5149872,1078053.63910213
2012-04-18 09:15:00,NSE:TATACONSUM,117.811368,119.4414624,116.2800672,117.7125744,2521164.3264341
2012-04-19 09:15:00,NSE:TATACONSUM,118.4535264,123.245016,117.070416,122.504064,4900453.06578564
2012-04-20 09:15:00,NSE:TATACONSUM,124.479936,124.479936,118.799304,120.2318112,3407045.59809542
2012-04-23 09:15:00,NSE:TATACONSUM,122.2076832,122.2076832,115.4897184,115.9836864,2497388.49480128
2012-04-24 09:15:00,NSE:TATACONSUM,116.1318768,117.9101616,114.9463536,117.070416,1158272.39821203
2012-04-25 09:15:00,NSE:TATACONSUM,117.2186064,117.9595584,113.9090208,115.2427344,1056729.38327989
2012-04-26 09:15:00,NSE:TATACONSUM,115.6379088,116.2306704,113.2174656,114.0572112,2303291.91364623
2012-04-27 09:15:00,NSE:TATACONSUM,114.3041952,116.2800672,113.118672,114.3041952,782777.42687785
2012-04-30 09:15:00,NSE:TATACONSUM,117.5149872,117.5149872,114.8969568,115.4897184,1034169.21743919
2012-05-02 09:15:00,NSE:TATACONSUM,115.6873056,119.2438752,115.094544,117.9101616,2358126.43734007
2012-05-03 09:15:00,NSE:TATACONSUM,118.2065424,119.046288,115.588512,116.0330832,1350631.01253523
2012-05-04 09:15:00,NSE:TATACONSUM,116.3788608,117.2680032,112.0319424,113.0198784,1274403.40264956
2012-05-07 09:15:00,NSE:TATACONSUM,116.3788608,116.3788608,106.697088,114.7981632,822361.97486477
2012-05-08 09:15:00,NSE:TATACONSUM,114.9463536,115.7367024,110.401848,111.4885776,671749.99190231
2012-05-09 09:15:00,NSE:TATACONSUM,110.6982288,113.0198784,108.4753728,109.166928,957671.3471318
2012-05-10 09:15:00,NSE:TATACONSUM,109.7596896,111.883752,109.5127056,111.0934032,1203936.28737084
2012-05-11 09:15:00,NSE:TATACONSUM,110.6982288,110.895816,105.0669936,107.1416592,1419577.78641531
2012-05-14 09:15:00,NSE:TATACONSUM,106.697088,107.8332144,100.3742976,101.8068048,1673738.98714087
2012-05-15 09:15:00,NSE:TATACONSUM,101.757408,105.0669936,99.2381712,103.5850896,1372580.81495158
2012-05-16 09:15:00,NSE:TATACONSUM,102.3995664,107.5368336,100.9176624,106.5488976,1812001.99203187
2012-05-17 09:15:00,NSE:TATACONSUM,107.6356272,108.8705472,104.8200096,106.0549296,2039769.78265799
2012-05-18 09:15:00,NSE:TATACONSUM,104.5236288,105.6597552,103.2887088,104.2766448,956104.44401257
2012-05-21 09:15:00,NSE:TATACONSUM,104.7706128,106.7958816,104.2766448,105.5115648,848172.35124542
2012-05-22 09:15:00,NSE:TATACONSUM,106.4007072,107.1416592,103.3875024,105.709152,913881.06112137
2012-05-23 09:15:00,NSE:TATACONSUM,105.956136,108.4753728,101.26344,106.5982944,3255280.70644252
2012-05-24 09:15:00,NSE:TATACONSUM,107.191056,109.8584832,105.3633744,108.2777856,1563239.92647297
2012-05-25 09:15:00,NSE:TATACONSUM,108.178992,108.178992,106.0549296,106.6476912,1004557.98756195
2012-05-28 09:15:00,NSE:TATACONSUM,106.20312,110.5006416,106.20312,109.7596896,769822.13422732
2012-05-29 09:15:00,NSE:TATACONSUM,110.648832,111.8343552,108.178992,108.67296,958882.96407864
2012-05-30 09:15:00,NSE:TATACONSUM,108.67296,109.1175312,105.8079456,106.2525168,513962.44291128
2012-05-31 09:15:00,NSE:TATACONSUM,106.2525168,107.9814048,105.0669936,106.3019136,1036934.57875814
2012-06-01 09:15:00,NSE:TATACONSUM,106.7958816,107.9814048,103.486296,104.3754384,1113837.33359246
2012-06-04 09:15:00,NSE:TATACONSUM,102.8441376,103.73328,101.1646464,103.2887088,1178631.00443753
2012-06-05 09:15:00,NSE:TATACONSUM,103.7826768,106.4007072,103.2887088,104.0790576,1121343.8927218
2012-06-06 09:15:00,NSE:TATACONSUM,104.721216,107.5862304,104.474232,106.5982944,1128704.69342144
2012-06-07 09:15:00,NSE:TATACONSUM,107.4874368,108.6235632,106.7464848,107.8332144,1161307.00774139
2012-06-08 09:15:00,NSE:TATACONSUM,106.8452784,111.3403872,105.8573424,110.6982288,2141991.99138406
2012-06-11 09:15:00,NSE:TATACONSUM,112.3283232,112.871688,108.7717536,109.5127056,1362796.78035824
2012-06-12 09:15:00,NSE:TATACONSUM,109.166928,111.7849584,108.2777856,110.6982288,726338.54824604
2012-06-13 09:15:00,NSE:TATACONSUM,109.413912,111.4391808,106.5982944,107.191056,1285915.28196158
2012-06-14 09:15:00,NSE:TATACONSUM,107.191056,108.425976,104.227248,104.5730256,958446.70100087
2012-06-15 09:15:00,NSE:TATACONSUM,106.0549296,106.697088,104.3260416,106.3513104,843911.95381077
2012-06-18 09:15:00,NSE:TATACONSUM,107.2404528,107.8826112,103.0911216,104.721216,1090758.91555728
2012-06-19 09:15:00,NSE:TATACONSUM,103.73328,105.462168,102.9429312,103.3875024,1210194.78994591
2012-06-20 09:15:00,NSE:TATACONSUM,103.7826768,106.1043264,103.4368992,104.9682,1363770.52764552
2012-06-21 09:15:00,NSE:TATACONSUM,105.0175968,106.9934688,104.3260416,106.4007072,1509058.27907881
2012-06-22 09:15:00,NSE:TATACONSUM,105.8573424,107.7344208,105.462168,106.8946752,1144507.33650763
2012-06-25 09:15:00,NSE:TATACONSUM,107.2898496,110.154864,107.191056,108.1295952,1709228.12813786
2012-06-26 09:15:00,NSE:TATACONSUM,108.67296,114.5017824,107.8332144,113.7608304,3580362.49311696
2012-06-27 09:15:00,NSE:TATACONSUM,115.3909248,116.5270512,114.2054016,115.7367024,3823907.62154634
2012-06-28 09:15:00,NSE:TATACONSUM,116.1812736,117.3667968,113.7114336,114.353592,1576900.73041169
2012-06-29 09:15:00,NSE:TATACONSUM,115.4403216,116.823432,114.1560048,114.5511792,1217663.8972565
2012-07-02 09:15:00,NSE:TATACONSUM,115.588512,118.058352,113.7608304,116.5270512,1442323.18692709
2012-07-03 09:15:00,NSE:TATACONSUM,117.1198128,118.4535264,115.2427344,118.1077488,1293196.11796716
2012-07-04 09:15:00,NSE:TATACONSUM,118.6017168,119.3426688,116.576448,117.3667968,1457825.20325203
2012-07-05 09:15:00,NSE:TATACONSUM,117.4161936,118.6511136,116.8728288,118.0089552,851599.69876591
2012-07-06 09:15:00,NSE:TATACONSUM,116.6752416,118.058352,116.08248,116.3788608,925763.40977553
2012-07-09 09:15:00,NSE:TATACONSUM,113.61264,116.4282576,112.2789264,112.7728944,1438906.97373109
2012-07-10 09:15:00,NSE:TATACONSUM,108.67296,114.7981632,108.67296,114.3041952,1073767.93638454
2012-07-11 09:15:00,NSE:TATACONSUM,113.3162592,116.0330832,113.3162592,115.0451472,2056160.52051955
2012-07-12 09:15:00,NSE:TATACONSUM,109.9572768,115.9836864,109.9572768,114.0078144,1825342.93719431
2012-07-13 09:15:00,NSE:TATACONSUM,110.2536576,115.0451472,110.2536576,112.8222912,639250.92313672
2012-07-16 09:15:00,NSE:TATACONSUM,112.4271168,114.0078144,111.883752,113.0692752,918587.84374696
2012-07-17 09:15:00,NSE:TATACONSUM,112.624704,115.4897184,112.624704,114.9463536,1578951.4705406
2012-07-18 09:15:00,NSE:TATACONSUM,114.600576,118.55232,113.2174656,117.6137808,1945007.57134065
2012-07-19 09:15:00,NSE:TATACONSUM,117.564384,120.9233664,117.564384,119.8860336,2118373.05250543
2012-07-20 09:15:00,NSE:TATACONSUM,120.5775888,121.0715568,116.7740352,117.3174,2015070.81430376
2012-07-23 09:15:00,NSE:TATACONSUM,116.576448,117.9595584,113.61264,114.2547984,882601.70699317
2012-07-24 09:15:00,NSE:TATACONSUM,113.61264,122.6522544,113.61264,121.9113024,4412192.69264406
2012-07-25 09:15:00,NSE:TATACONSUM,121.516128,123.492,117.564384,119.3426688,3010940.99212904
2012-07-26 09:15:00,NSE:TATACONSUM,118.55232,121.763112,117.8607648,118.6017168,2525469.26116672
2012-07-27 09:15:00,NSE:TATACONSUM,118.55232,122.4546672,118.3547328,119.1944784,2034811.97162569
2012-07-30 09:15:00,NSE:TATACONSUM,119.540256,121.8619056,117.7125744,121.1703504,1317860.67113659
2012-07-31 09:15:00,NSE:TATACONSUM,118.55232,126.455808,118.55232,125.467872,3534091.27716775
2012-08-01 09:15:00,NSE:TATACONSUM,125.1714912,127.7401248,124.6775232,125.5172688,1666035.04680465
2012-08-02 09:15:00,NSE:TATACONSUM,124.4305392,129.32081252,124.4305392,128.4810768,3749770.22803097
2012-08-03 09:15:00,NSE:TATACONSUM,127.8883152,130.654536,127.54254748,129.56779652,2788395.19968905
2012-08-06 09:15:00,NSE:TATACONSUM,130.4569488,130.9509168,127.83890852,128.3822832,1180289.00657532
2012-08-07 09:15:00,NSE:TATACONSUM,127.443744,129.32081252,126.60398852,128.28349948,1668203.20344638
2012-08-08 09:15:00,NSE:TATACONSUM,127.443744,130.8521232,127.1473632,128.53048348,1526167.68697567
2012-08-09 09:15:00,NSE:TATACONSUM,127.83890852,131.642472,126.455808,129.6666,2765480.75988728
2012-08-10 09:15:00,NSE:TATACONSUM,129.32081252,132.53160452,128.925648,131.24730748,2381067.19463609
2012-08-13 09:15:00,NSE:TATACONSUM,131.395488,135.00144452,131.395488,133.51954052,3557099.85262203
2012-08-14 09:15:00,NSE:TATACONSUM,134.359296,134.6556768,131.395488,132.28462052,1930270.78677161
2012-08-16 09:15:00,NSE:TATACONSUM,132.48222748,134.5568832,131.98825948,132.28462052,1724675.48505166
2012-08-17 09:15:00,NSE:TATACONSUM,132.3340272,136.1375808,132.0870432,133.0749792,2980546.31069219
2012-08-21 09:15:00,NSE:TATACONSUM,133.8159312,134.21111548,130.6051392,131.29668452,1516626.5830985
2012-08-22 09:15:00,NSE:TATACONSUM,130.9509168,133.51954052,129.7159968,130.2099648,1641104.28205876
2012-08-23 09:15:00,NSE:TATACONSUM,130.654536,131.9388528,128.925648,129.419616,2054977.24548959
2012-08-24 09:15:00,NSE:TATACONSUM,130.407552,130.407552,126.1594272,127.29556348,1538848.67035921
2012-08-27 09:15:00,NSE:TATACONSUM,127.78953148,130.654536,126.60398852,126.9003792,1616271.70181064
2012-08-28 09:15:00,NSE:TATACONSUM,128.3822832,128.3822832,125.0726976,126.3570144,2284243.10886535
2012-08-29 09:15:00,NSE:TATACONSUM,126.60398852,127.34494052,123.492,123.6895872,1445842.64567745
2012-08-30 09:15:00,NSE:TATACONSUM,122.5534608,129.27143548,122.504064,128.7280608,2541746.63136074
2012-08-31 09:15:00,NSE:TATACONSUM,128.7280608,130.3581552,127.59192452,128.2340928,1253389.89570175
2012-09-03 09:15:00,NSE:TATACONSUM,129.76540348,131.29668452,128.3822832,128.82684452,1350647.2079163
2012-09-04 09:15:00,NSE:TATACONSUM,129.4690128,130.8521232,128.43168,130.01238748,2040300.18138827
2012-09-05 09:15:00,NSE:TATACONSUM,130.01238748,133.27255652,129.419616,132.03763652,2293546.34308295
2012-09-06 09:15:00,NSE:TATACONSUM,133.37136,134.75446052,132.13644,133.96413148,3048265.27224436
2012-09-07 09:15:00,NSE:TATACONSUM,136.23636452,136.43397148,134.45809948,134.95206748,1794978.62209698
2012-09-10 09:15:00,NSE:TATACONSUM,136.18698748,136.23636452,133.37136,133.71714748,1384635.23952969
2012-09-11 09:15:00,NSE:TATACONSUM,130.407552,135.2978352,130.407552,133.1737728,1290760.73753765
2012-09-12 09:15:00,NSE:TATACONSUM,133.9147248,134.359296,132.0870432,132.77858852,905197.30022997
2012-09-13 09:15:00,NSE:TATACONSUM,132.72921148,134.01350852,130.90152,132.28462052,2184804.48126194
2012-09-14 09:15:00,NSE:TATACONSUM,132.1858368,134.112312,130.50635548,132.03763652,1579917.12013734
2012-09-17 09:15:00,NSE:TATACONSUM,133.3219632,134.6556768,126.55461148,126.949776,2467478.66258543
2012-09-18 09:15:00,NSE:TATACONSUM,126.455808,129.6666,126.1594272,128.184696,2383033.92122567
2012-09-20 09:15:00,NSE:TATACONSUM,127.937712,128.43168,125.5666656,125.8630464,1235644.81909759
2012-09-21 09:15:00,NSE:TATACONSUM,126.3570144,130.30874852,126.3076176,129.4690128,1339398.50354679
2012-09-24 09:15:00,NSE:TATACONSUM,129.4690128,130.654536,126.85097252,127.2461568,876373.57075762
2012-09-25 09:15:00,NSE:TATACONSUM,127.937712,129.51841948,126.9003792,127.29556348,1475266.61646099
2012-09-26 09:15:00,NSE:TATACONSUM,128.43168,131.74127548,127.443744,128.9750448,1450984.6791695
2012-09-27 09:15:00,NSE:TATACONSUM,130.2099648,130.9509168,128.43168,130.06176452,1013829.84322871
2012-09-28 09:15:00,NSE:TATACONSUM,131.395488,142.4603712,130.50635548,141.12666748,8977294.0757296
2012-10-01 09:15:00,NSE:TATACONSUM,142.0158,145.5229728,141.17604452,143.89286852,6446292.06750235
2012-10-03 09:15:00,NSE:TATACONSUM,147.10366052,154.611984,144.48564,153.52524452,9762922.90188838
2012-10-04 09:15:00,NSE:TATACONSUM,153.72285148,154.611984,148.7337648,150.06746852,4847763.41787322
2012-10-05 09:15:00,NSE:TATACONSUM,151.8457632,152.389128,145.2759888,148.3879872,3360341.15570239
2012-10-08 09:15:00,NSE:TATACONSUM,148.437384,155.99508452,148.3879872,153.6734448,7296950.40974314
2012-10-09 09:15:00,NSE:TATACONSUM,153.6734448,155.99508452,149.9686848,151.54937252,2983650.76280245
2012-10-10 09:15:00,NSE:TATACONSUM,152.9324928,155.45173948,150.413256,154.26619652,4779544.4239303
2012-10-11 09:15:00,NSE:TATACONSUM,154.3156032,159.2552832,154.118016,158.1191568,8764076.82279014
2012-10-12 09:15:00,NSE:TATACONSUM,158.16856348,161.4781392,158.0203632,159.30468,2754852.54105529
2012-10-15 09:15:00,NSE:TATACONSUM,159.94682852,159.94682852,156.587856,158.06976,3080751.18226282
2012-10-16 09:15:00,NSE:TATACONSUM,158.5143312,162.41666852,157.575792,159.30468,3559885.45816733
2012-10-17 09:15:00,NSE:TATACONSUM,160.5396,163.00944,158.6131248,160.4902032,2722944.60369903
2012-10-18 09:15:00,NSE:TATACONSUM,161.033568,162.515472,159.057696,160.0950288,1941396.00136041
2012-10-19 09:15:00,NSE:TATACONSUM,160.8359808,161.8239168,154.9083648,156.0444912,2104872.17795485
2012-10-22 09:15:00,NSE:TATACONSUM,154.118016,159.89745148,154.118016,157.67459548,2563799.67933145
2012-10-23 09:15:00,NSE:TATACONSUM,158.16856348,159.057696,154.71078748,155.0565552,1398565.29167881
2012-10-25 09:15:00,NSE:TATACONSUM,155.105952,156.2914752,150.26507548,152.98189948,2890997.99987044
2012-10-26 09:15:00,NSE:TATACONSUM,154.01921252,154.95777148,149.178336,149.57350052,2021503.41722541
2012-10-29 09:15:00,NSE:TATACONSUM,152.3397312,152.3397312,145.37477252,146.214528,2564580.09425712
2012-10-30 09:15:00,NSE:TATACONSUM,148.1904,151.30238852,146.1651312,148.8819552,2293636.4298902
2012-10-31 09:15:00,NSE:TATACONSUM,150.56143652,150.7096368,147.0048768,148.33858052,2114231.0837949
2012-11-01 09:15:00,NSE:TATACONSUM,150.06746852,159.30468,149.52412348,157.8721728,9434864.20172967
2012-11-02 09:15:00,NSE:TATACONSUM,158.563728,159.89745148,155.6493168,156.3902688,2682655.55663525
2012-11-05 09:15:00,NSE:TATACONSUM,156.7854432,158.95889252,155.7975072,156.73603652,2625624.53438279
2012-11-06 09:15:00,NSE:TATACONSUM,157.081824,158.2673472,155.45173948,155.94570748,1239126.82602922
2012-11-07 09:15:00,NSE:TATACONSUM,157.0324272,160.44079652,156.2914752,157.6251888,4116174.52952418
2012-11-08 09:15:00,NSE:TATACONSUM,156.5384592,165.87444452,155.94570748,165.33109948,6968825.9158488
2012-11-09 09:15:00,NSE:TATACONSUM,166.56601948,169.431024,164.491344,166.86238052,3282135.68490267
2012-11-12 09:15:00,NSE:TATACONSUM,166.81300348,169.1346432,166.1708352,166.7635968,1752416.14841447
2012-11-13 09:15:00,NSE:TATACONSUM,167.94912,170.32015652,166.467216,169.3816272,1444409.35445211
2012-11-15 09:15:00,NSE:TATACONSUM,169.6286112,179.310384,167.94912,176.69236348,8788678.6188579
2012-11-16 09:15:00,NSE:TATACONSUM,177.82848,179.21158052,170.41896,171.30809252,4800766.44640948
2012-11-19 09:15:00,NSE:TATACONSUM,171.900864,171.900864,160.5396,162.16968452,6145526.63330418
2012-11-20 09:15:00,NSE:TATACONSUM,163.00944,164.39254052,154.1674128,157.081824,4202911.9295177
2012-11-21 09:15:00,NSE:TATACONSUM,158.06976,162.3178848,155.25413252,158.90951548,5224890.07385094
2012-11-22 09:15:00,NSE:TATACONSUM,159.057696,161.62633948,156.2914752,158.0203632,2858822.8387264
2012-11-23 09:15:00,NSE:TATACONSUM,158.90951548,162.36729148,158.2673472,161.42873252,3703535.45168918
2012-11-26 09:15:00,NSE:TATACONSUM,162.7130592,164.59014748,160.292616,161.42873252,3117889.21549574
2012-11-27 09:15:00,NSE:TATACONSUM,164.4419472,164.4419472,160.0950288,161.0829648,3164781.92919379
2012-11-29 09:15:00,NSE:TATACONSUM,161.527536,163.9479792,160.0950288,160.63840348,4048318.91944417
2012-11-30 09:15:00,NSE:TATACONSUM,161.2311552,166.467216,161.033568,163.9479792,4045610.24195899
2012-12-03 09:15:00,NSE:TATACONSUM,164.7877248,167.702136,163.40460452,166.5166128,3199119.17371166
2012-12-04 09:15:00,NSE:TATACONSUM,166.31903548,167.455152,163.15762052,164.24436,1892762.28419655
2012-12-05 09:15:00,NSE:TATACONSUM,164.4419472,166.220232,163.10824348,163.60221148,2299802.82123538
2012-12-06 09:15:00,NSE:TATACONSUM,164.9359152,164.9359152,162.021504,163.750392,1973081.25222687
2012-12-07 09:15:00,NSE:TATACONSUM,166.36841252,170.1225792,163.84919548,167.80093948,6280001.94344573
2012-12-10 09:15:00,NSE:TATACONSUM,169.33222052,171.6044832,168.443088,170.76474748,4246094.88873773
2012-12-11 09:15:00,NSE:TATACONSUM,170.912928,172.147848,164.5407408,167.7515328,2540354.8407994
2012-12-12 09:15:00,NSE:TATACONSUM,167.94912,170.665944,165.726264,169.9743888,2013136.47847634
2012-12-13 09:15:00,NSE:TATACONSUM,171.406896,172.147848,165.5286768,166.0226448,2951126.38875393
2012-12-14 09:15:00,NSE:TATACONSUM,166.1708352,167.6527392,164.59014748,166.7142,1159581.18744534
2012-12-17 09:15:00,NSE:TATACONSUM,166.86238052,167.5045488,163.3058208,163.65158852,1505789.84873514
2012-12-18 09:15:00,NSE:TATACONSUM,164.985312,164.985312,161.4781392,163.2070272,2155866.37191073
2012-12-19 09:15:00,NSE:TATACONSUM,164.34316348,165.47928,162.36729148,163.15762052,1997934.07670132
2012-12-20 09:15:00,NSE:TATACONSUM,163.00944,163.35522748,160.3420128,160.9841712,1984868.4530172
2012-12-21 09:15:00,NSE:TATACONSUM,161.033568,163.4540112,158.316744,158.90951548,2445067.29180838
2012-12-24 09:15:00,NSE:TATACONSUM,159.7492512,160.63840348,158.06976,158.71190852,1946305.22624947
2012-12-26 09:15:00,NSE:TATACONSUM,159.798648,160.5396,157.822776,158.21794052,1665425.69559162
2012-12-27 09:15:00,NSE:TATACONSUM,158.46492452,160.5396,157.081824,157.72397252,5617969.18018981
2012-12-28 09:15:00,NSE:TATACONSUM,158.316744,160.4902032,157.822776,158.5143312,3583586.38616267
2012-12-31 09:15:00,NSE:TATACONSUM,158.563728,159.798648,157.6251888,158.0203632,1598339.36611278
2013-01-01 09:15:00,NSE:TATACONSUM,158.6131248,160.5396,158.3661408,158.8601088,3277112.08013475
2013-01-02 09:15:00,NSE:TATACONSUM,159.551664,165.2816928,159.3540768,164.63952452,7289329.47073495
2013-01-03 09:15:00,NSE:TATACONSUM,165.2816928,166.86238052,163.2070272,163.84919548,4900130.17037541
2013-01-04 09:15:00,NSE:TATACONSUM,163.997376,164.39254052,161.2311552,162.16968452,1924842.29747676
2013-01-07 09:15:00,NSE:TATACONSUM,162.9600432,164.24436,160.045632,160.786584,2369084.63706151
2013-01-08 09:15:00,NSE:TATACONSUM,161.37935548,163.15762052,160.4902032,161.77452,3471253.19858776
2013-01-09 09:15:00,NSE:TATACONSUM,162.61427548,162.61427548,159.551664,160.4902032,2457212.81540505
2013-01-10 09:15:00,NSE:TATACONSUM,160.786584,161.7251232,158.46492452,159.057696,1867011.62828361
2013-01-11 09:15:00,NSE:TATACONSUM,159.45286052,159.798648,155.846904,156.73603652,1942449.71334175
2013-01-14 09:15:00,NSE:TATACONSUM,157.1312208,157.97095652,153.77222852,157.5263952,2916295.18511321
2013-01-15 09:15:00,NSE:TATACONSUM,164.985312,164.985312,155.7975072,156.6372528,2510803.33138989
2013-01-16 09:15:00,NSE:TATACONSUM,156.68665948,158.1191568,153.8216352,154.611984,2367203.94843391
2013-01-17 09:15:00,NSE:TATACONSUM,155.105952,156.587856,152.636112,153.0806832,2105121.18193891
2013-01-18 09:15:00,NSE:TATACONSUM,153.13008,154.95777148,150.56143652,151.154208,1678434.63544197
2013-01-21 09:15:00,NSE:TATACONSUM,151.154208,153.47586748,150.4626528,152.142144,1591648.64930522
2013-01-22 09:15:00,NSE:TATACONSUM,152.53730852,154.21681948,148.78317148,150.01809148,2162862.77653613
2013-01-23 09:15:00,NSE:TATACONSUM,151.648176,151.648176,145.81936348,147.202464,2408257.21504227
2013-01-24 09:15:00,NSE:TATACONSUM,147.59762852,148.4867808,141.86761948,143.744688,2636797.32290351
2013-01-25 09:15:00,NSE:TATACONSUM,145.226592,158.06976,143.25072,146.214528,2777725.48019305
2013-01-28 09:15:00,NSE:TATACONSUM,146.9060832,149.07953252,143.34952348,145.86874052,1476027.79937162
2013-01-29 09:15:00,NSE:TATACONSUM,146.1651312,147.9928128,144.732624,145.967544,1866314.21468597
2013-01-30 09:15:00,NSE:TATACONSUM,146.214528,147.59762852,141.42302852,142.16398052,2170195.23531889
2013-01-31 09:15:00,NSE:TATACONSUM,141.768816,149.32651652,140.87968348,147.54825148,6781826.96045088
2013-02-01 09:15:00,NSE:TATACONSUM,149.6229072,150.166272,143.59650748,145.0290048,3725173.49301979
2013-02-04 09:15:00,NSE:TATACONSUM,144.38683652,146.461512,142.8061488,143.39890052,1432739.57017459
2013-02-05 09:15:00,NSE:TATACONSUM,143.25072,143.25072,137.817072,139.792944,2859782.41505523
2013-02-06 09:15:00,NSE:TATACONSUM,140.286912,142.5591648,139.4965632,140.533896,3023175.59032164
2013-02-07 09:15:00,NSE:TATACONSUM,140.533896,146.214528,140.286912,143.10253948,3806148.37398374
2013-02-08 09:15:00,NSE:TATACONSUM,143.15191652,143.7940848,140.039928,140.78088,1425638.9077835
2013-02-11 09:15:00,NSE:TATACONSUM,141.274848,142.0158,138.805008,139.1013888,1853897.41845626
2013-02-12 09:15:00,NSE:TATACONSUM,139.298976,141.17604452,138.5086272,140.3363088,2172103.25365206
2013-02-13 09:15:00,NSE:TATACONSUM,140.78088,143.0531328,139.3483728,139.8423408,1828273.28895799
2013-02-14 09:15:00,NSE:TATACONSUM,139.792944,140.039928,135.1496448,137.3725008,2448266.89178246
2013-02-15 09:15:00,NSE:TATACONSUM,136.6315488,140.533896,136.088184,139.3483728,2370296.25400836
2013-02-18 09:15:00,NSE:TATACONSUM,142.16398052,142.756752,139.64476348,140.18810852,3068023.63715868
2013-02-19 09:15:00,NSE:TATACONSUM,140.286912,145.0290048,140.286912,144.58444348,2850995.40860946
2013-02-20 09:15:00,NSE:TATACONSUM,146.214528,147.05428348,142.756752,143.3001168,6437396.75444563
2013-02-21 09:15:00,NSE:TATACONSUM,142.0158,142.0651968,135.74239652,136.335168,4361386.7699932
2013-02-22 09:15:00,NSE:TATACONSUM,137.0267232,138.70620452,135.5448192,136.48334852,4011890.4463447
2013-02-25 09:15:00,NSE:TATACONSUM,137.71826852,137.71826852,130.6051392,131.79065252,3496655.65380753
2013-02-26 09:15:00,NSE:TATACONSUM,130.407552,133.37136,129.6666,130.25937148,3473113.64298902
2013-02-27 09:15:00,NSE:TATACONSUM,131.29668452,132.48222748,128.7280608,130.6051392,2866929.63916691
2013-02-28 09:15:00,NSE:TATACONSUM,131.889456,132.53160452,121.2197472,123.6895872,6793271.02160464
2013-03-01 09:15:00,NSE:TATACONSUM,125.1714912,127.83890852,124.479936,126.4064112,3898175.59032164
2013-03-04 09:15:00,NSE:TATACONSUM,125.96184,126.85097252,120.0836208,125.0726976,1981464.38635701
2013-03-05 09:15:00,NSE:TATACONSUM,125.8630464,130.80271652,125.467872,130.4569488,3114327.24387005
2013-03-06 09:15:00,NSE:TATACONSUM,131.395488,131.889456,127.937712,128.4810768,3358209.43866809
2013-03-07 09:15:00,NSE:TATACONSUM,128.43168,131.04970052,128.43168,130.06176452,2079666.09173064
2013-03-08 09:15:00,NSE:TATACONSUM,130.50635548,133.37136,129.6172032,132.48222748,3084229.14034917
2013-03-11 09:15:00,NSE:TATACONSUM,132.77858852,133.71714748,130.50635548,131.148504,1520550.9263758
2013-03-12 09:15:00,NSE:TATACONSUM,132.28462052,133.0749792,129.2220288,131.5930752,2010817.50234833
2013-03-13 09:15:00,NSE:TATACONSUM,130.90152,133.02557252,129.913584,131.889456,2235897.87192693
2013-03-14 09:15:00,NSE:TATACONSUM,132.28462052,134.112312,129.51841948,132.72921148,2632129.00430797
2013-03-15 09:15:00,NSE:TATACONSUM,132.72921148,134.95206748,130.8521232,131.79065252,2987587.25261555
2013-03-18 09:15:00,NSE:TATACONSUM,131.395488,131.395488,129.07382852,129.51841948,1412138.03323292
2013-03-19 09:15:00,NSE:TATACONSUM,129.51841948,130.6051392,125.467872,128.57986052,3234691.31603667
2013-03-20 09:15:00,NSE:TATACONSUM,127.54254748,128.82684452,125.467872,126.80159548,2672909.98607197
2013-03-21 09:15:00,NSE:TATACONSUM,126.9991728,127.04857948,121.9606992,123.0968256,2841755.94370486
2013-03-22 09:15:00,NSE:TATACONSUM,123.492,125.96184,121.1209536,124.3811424,1460587.52793703
2013-03-25 09:15:00,NSE:TATACONSUM,125.7642528,127.690728,121.3185408,122.0594928,3264433.12117384
2013-03-26 09:15:00,NSE:TATACONSUM,121.6149216,123.5907936,120.528192,122.010096,1851286.92546886
2013-03-28 09:15:00,NSE:TATACONSUM,122.6028576,127.443744,120.528192,126.3076176,2999968.62144916
2013-04-01 09:15:00,NSE:TATACONSUM,126.949776,130.7039328,126.3570144,130.01238748,1855006.80206005
2013-04-02 09:15:00,NSE:TATACONSUM,129.419616,133.0749792,129.32081252,132.77858852,1715617.20597286
2013-04-03 09:15:00,NSE:TATACONSUM,133.27255652,133.618344,128.4810768,128.925648,1533748.13753118
2013-04-04 09:15:00,NSE:TATACONSUM,127.443744,128.925648,125.2702848,126.0606336,1316821.13011369
2013-04-05 09:15:00,NSE:TATACONSUM,124.479936,127.3943472,124.479936,126.6533952,1064974.85667088
2013-04-08 09:15:00,NSE:TATACONSUM,125.5666656,132.6798048,125.5172688,131.54366852,2466965.47144754
2013-04-09 09:15:00,NSE:TATACONSUM,131.889456,133.37136,128.1352992,128.53048348,1783627.68438441
2013-04-10 09:15:00,NSE:TATACONSUM,129.27143548,130.2099648,126.949776,129.32081252,1413287.90528941
2013-04-11 09:15:00,NSE:TATACONSUM,130.1111712,131.29668452,128.57986052,130.160568,1413801.0964273
2013-04-12 09:15:00,NSE:TATACONSUM,128.57986052,131.29668452,128.43168,130.2099648,1141574.96032132
2013-04-15 09:15:00,NSE:TATACONSUM,129.51841948,132.0870432,129.51841948,130.7039328,1408798.74809704
2013-04-16 09:15:00,NSE:TATACONSUM,129.913584,133.5689472,129.913584,132.1858368,2075367.23026593
2013-04-17 09:15:00,NSE:TATACONSUM,132.5810112,136.088184,131.00032348,135.0508512,4728037.03883652
2013-04-18 09:15:00,NSE:TATACONSUM,136.1375808,137.6194848,134.853264,137.07612,2959722.08726071
2013-04-22 09:15:00,NSE:TATACONSUM,137.323104,139.4965632,135.347232,139.0025952,2066577.18718621
2013-04-23 09:15:00,NSE:TATACONSUM,139.5953568,139.5953568,135.00144452,136.2857712,1011164.69083018
2013-04-25 09:15:00,NSE:TATACONSUM,136.68095548,137.7676752,133.865328,134.50747652,2060361.19748648
2013-04-26 09:15:00,NSE:TATACONSUM,134.75446052,139.2495792,134.45809948,139.051992,2307582.6774204
2013-04-29 09:15:00,NSE:TATACONSUM,139.298976,142.9543392,139.20017252,142.7073552,3685665.87309299
2013-04-30 09:15:00,NSE:TATACONSUM,143.25072,146.214528,140.9784672,144.979608,3758975.27775079
2013-05-02 09:15:00,NSE:TATACONSUM,145.0290048,148.04221948,144.13985252,147.202464,3441981.05950183
2013-05-03 09:15:00,NSE:TATACONSUM,147.943416,147.943416,144.4362432,145.226592,2534085.20389985
2013-05-06 09:15:00,NSE:TATACONSUM,145.81936348,147.9928128,144.238656,145.967544,1908802.79694231
2013-05-07 09:15:00,NSE:TATACONSUM,145.967544,147.79523548,145.226592,147.449448,1353856.93000356
2013-05-08 09:15:00,NSE:TATACONSUM,147.202464,149.9686848,147.202464,149.178336,1738288.71505847
2013-05-09 09:15:00,NSE:TATACONSUM,149.9686848,151.54937252,145.37477252,145.967544,3403436.05253782
2013-05-10 09:15:00,NSE:TATACONSUM,146.2639248,147.4000512,143.34952348,144.63382052,1770552.95079843
2013-05-13 09:15:00,NSE:TATACONSUM,145.32539548,147.30126748,143.89286852,144.48564,1990735.22981246
2013-05-14 09:15:00,NSE:TATACONSUM,144.238656,144.732624,137.91587548,139.69414052,2137476.51669744
2013-05-15 09:15:00,NSE:TATACONSUM,139.792944,146.31333148,139.792944,145.226592,3749931.16963042
2013-05-16 09:15:00,NSE:TATACONSUM,144.732624,146.56031548,141.027864,141.5712288,1861260.24357853
2013-05-17 09:15:00,NSE:TATACONSUM,141.768816,146.0169408,141.3242448,145.32539548,2322628.18644123
2013-05-20 09:15:00,NSE:TATACONSUM,144.1892592,146.06634748,141.521832,142.36158748,1425529.58896123
2013-05-21 09:15:00,NSE:TATACONSUM,143.0531328,144.33745948,140.286912,143.39890052,1260773.97726168
2013-05-22 09:15:00,NSE:TATACONSUM,142.9543392,144.5350368,140.13873148,141.17604452,1061638.60816895
2013-05-23 09:15:00,NSE:TATACONSUM,139.792944,141.274848,134.5568832,137.42190748,2048485.93431153
2013-05-24 09:15:00,NSE:TATACONSUM,137.47128452,140.286912,135.594216,139.792944,840458.28879604
2013-05-27 09:15:00,NSE:TATACONSUM,139.94112452,142.262784,139.44715652,142.16398052,1389651.75881839
2013-05-28 09:15:00,NSE:TATACONSUM,142.36158748,146.9060832,141.521832,142.9543392,5720926.25433226
2013-05-29 09:15:00,NSE:TATACONSUM,143.6952912,143.991672,139.15079548,141.2254512,3352469.1882875
2013-05-30 09:15:00,NSE:TATACONSUM,140.43509252,147.30126748,140.43509252,146.9060832,8802951.8106436
2013-05-31 09:15:00,NSE:TATACONSUM,147.6470352,147.943416,142.9543392,144.13985252,3870036.1156998
2013-06-03 09:15:00,NSE:TATACONSUM,144.13985252,146.60969252,142.5591648,145.4241792,1464622.20224792
2013-06-04 09:15:00,NSE:TATACONSUM,146.0169408,150.3638592,145.32539548,148.684368,3507135.07757588
2013-06-05 09:15:00,NSE:TATACONSUM,148.78317148,150.06746852,147.30126748,148.1904,1989494.25873741
2013-06-06 09:15:00,NSE:TATACONSUM,147.8940192,149.03015548,145.62175652,147.943416,1653027.11916561
2013-06-07 09:15:00,NSE:TATACONSUM,147.202464,151.1048112,147.0048768,147.449448,1979411.62180546
2013-06-10 09:15:00,NSE:TATACONSUM,148.2397968,149.4747168,143.25072,144.2880528,2280282.32598063
2013-06-11 09:15:00,NSE:TATACONSUM,144.0410688,144.0410688,139.89174748,140.286912,1208232.1122016
2013-06-12 09:15:00,NSE:TATACONSUM,141.027864,143.2013232,133.618344,139.8423408,4652799.37161921
2013-06-13 09:15:00,NSE:TATACONSUM,137.3725008,141.91699652,135.0508512,137.323104,2109085.00145758
2013-06-14 09:15:00,NSE:TATACONSUM,138.70620452,141.768816,137.07612,137.91587548,2064227.84471869
2013-06-17 09:15:00,NSE:TATACONSUM,138.31104,139.298976,136.8785328,138.805008,1317826.2559518
2013-06-18 09:15:00,NSE:TATACONSUM,140.18810852,142.2133872,139.298976,141.17604452,1774720.22479189
2013-06-19 09:15:00,NSE:TATACONSUM,140.9784672,142.90493252,140.9784672,142.16398052,1049527.49975707
2013-06-20 09:15:00,NSE:TATACONSUM,139.54596,141.2254512,137.6194848,138.805008,1234030.34204645
2013-06-21 09:15:00,NSE:TATACONSUM,137.8664688,140.38571548,131.0991072,134.6556768,1791506.73727853
2013-06-24 09:15:00,NSE:TATACONSUM,134.1617088,134.3098992,128.7280608,131.79065252,2308573.63230007
2013-06-25 09:15:00,NSE:TATACONSUM,131.8400592,133.8159312,130.6051392,132.4328208,1534637.87127911
2013-06-26 09:15:00,NSE:TATACONSUM,133.96413148,133.96413148,130.2099648,131.642472,1200897.62899621
2013-06-27 09:15:00,NSE:TATACONSUM,131.642472,133.37136,126.455808,128.6292672,7083399.12706896
2013-06-28 09:15:00,NSE:TATACONSUM,130.90152,133.37136,129.913584,133.37136,1936597.10750494
2013-07-01 09:15:00,NSE:TATACONSUM,132.877392,141.37365148,131.79065252,140.533896,2613190.53056068
2013-07-02 09:15:00,NSE:TATACONSUM,139.792944,141.0772608,137.3725008,138.805008,1720109.39979918
2013-07-03 09:15:00,NSE:TATACONSUM,137.323104,141.62063548,136.8785328,139.792944,2295874.42911282
2013-07-04 09:15:00,NSE:TATACONSUM,141.12666748,142.756752,139.792944,142.41096452,2247429.99546529
2013-07-05 09:15:00,NSE:TATACONSUM,142.756752,145.473576,141.521832,143.64588452,2458676.47296991
2013-07-08 09:15:00,NSE:TATACONSUM,142.262784,146.1651312,141.0772608,145.9181472,1515502.01632494
2013-07-09 09:15:00,NSE:TATACONSUM,146.214528,147.30126748,142.756752,143.2013232,1709536.85258964
2013-07-10 09:15:00,NSE:TATACONSUM,144.0410688,147.9928128,143.7940848,147.4000512,2549231.93405241
2013-07-11 09:15:00,NSE:TATACONSUM,148.09159652,149.07953252,144.83142748,146.11572452,2051028.60914067
2013-07-12 09:15:00,NSE:TATACONSUM,146.214528,147.6470352,143.7940848,146.214528,1700558.5382049
2013-07-15 09:15:00,NSE:TATACONSUM,147.202464,152.98189948,146.80729948,151.89516,3137295.33087164
2013-07-16 09:15:00,NSE:TATACONSUM,150.66024,153.13008,149.42532,151.74697948,2101627.02847148
2013-07-17 09:15:00,NSE:TATACONSUM,152.636112,158.41554748,152.24094748,154.611984,4828093.1153435
2013-07-18 09:15:00,NSE:TATACONSUM,155.69872348,156.3902688,151.54937252,153.22888348,2413001.44948661
2013-07-19 09:15:00,NSE:TATACONSUM,153.4264608,155.99508452,151.4505888,153.624048,1838724.37080945
2013-07-22 09:15:00,NSE:TATACONSUM,153.13008,156.587856,151.54937252,152.78429252,1896511.51491595
2013-07-23 09:15:00,NSE:TATACONSUM,153.13008,154.9083648,150.75904348,153.624048,1653316.61160237
2013-07-24 09:15:00,NSE:TATACONSUM,152.142144,154.611984,149.32651652,151.25301148,1527653.61318952
2013-07-25 09:15:00,NSE:TATACONSUM,153.377064,153.52524452,148.53618748,150.56143652,2120345.85236291
2013-07-26 09:15:00,NSE:TATACONSUM,151.25301148,155.846904,149.6229072,155.4023328,4033422.205487
2013-07-29 09:15:00,NSE:TATACONSUM,156.24206852,159.551664,155.1553488,157.42761148,6285426.38389531
2013-07-30 09:15:00,NSE:TATACONSUM,158.5143312,161.62633948,153.4264608,157.081824,7720123.57075762
2013-07-31 09:15:00,NSE:TATACONSUM,157.8721728,158.3661408,149.32651652,158.2673472,3385709.19573738
2013-08-01 09:15:00,NSE:TATACONSUM,159.057696,162.2190912,142.4603712,145.4241792,7254473.97402261
2013-08-02 09:15:00,NSE:TATACONSUM,148.09159652,148.9807488,139.0025952,144.9302112,2985187.29958216
2013-08-05 09:15:00,NSE:TATACONSUM,147.9928128,147.9928128,140.38571548,141.7194192,1503614.60661419
2013-08-06 09:15:00,NSE:TATACONSUM,140.9784672,141.0772608,134.359296,136.088184,3065013.32070094
2013-08-07 09:15:00,NSE:TATACONSUM,136.335168,141.7194192,134.5568832,140.3363088,1817055.96313931
2013-08-08 09:15:00,NSE:TATACONSUM,141.274848,145.5229728,139.792944,144.38683652,1689842.25698831
2013-08-12 09:15:00,NSE:TATACONSUM,146.0169408,147.202464,142.5591648,143.497704,1498559.62329544
2013-08-13 09:15:00,NSE:TATACONSUM,142.8061488,147.0048768,142.60857148,145.12778852,1488319.08139799
2013-08-14 09:15:00,NSE:TATACONSUM,145.12778852,147.59762852,143.25072,146.214528,1578880.61574839
2013-08-16 09:15:00,NSE:TATACONSUM,145.226592,146.5109088,137.96525252,138.3604368,1648456.98506786
2013-08-19 09:15:00,NSE:TATACONSUM,141.0772608,141.5712288,135.00144452,139.298976,2098703.76218702
2013-08-20 09:15:00,NSE:TATACONSUM,137.323104,141.0772608,136.582152,138.90381148,826020.10656561
2013-08-21 09:15:00,NSE:TATACONSUM,139.792944,144.88080452,139.298976,140.68207652,2424490.04793833
2013-08-22 09:15:00,NSE:TATACONSUM,140.0893248,144.7820208,139.298976,144.732624,1959195.7373757
2013-08-23 09:15:00,NSE:TATACONSUM,146.0169408,147.0048768,143.497704,144.979608,1086091.60917306
2013-08-26 09:15:00,NSE:TATACONSUM,145.226592,145.72056,141.37365148,142.9543392,1794280.19628802
2013-08-27 09:15:00,NSE:TATACONSUM,142.9543392,144.5350368,137.96525252,139.39777948,1933527.07057947
2013-08-28 09:15:00,NSE:TATACONSUM,139.792944,139.792944,129.3702192,134.95206748,4139620.38026755
2013-08-29 09:15:00,NSE:TATACONSUM,135.347232,138.70620452,135.347232,135.44603548,2493697.97233829
2013-08-30 09:15:00,NSE:TATACONSUM,136.43397148,138.95318852,135.0508512,137.5206912,1101688.77336184
2013-09-02 09:15:00,NSE:TATACONSUM,137.71826852,142.65794852,137.66889148,142.262784,1199062.48987789
2013-09-03 09:15:00,NSE:TATACONSUM,142.36158748,143.4483072,139.0025952,140.0893248,1634797.19334046
2013-09-04 09:15:00,NSE:TATACONSUM,140.286912,143.59650748,138.95318852,141.86761948,1018554.84565802
2013-09-05 09:15:00,NSE:TATACONSUM,144.0410688,146.214528,141.86761948,146.11572452,1928867.86188579
2013-09-06 09:15:00,NSE:TATACONSUM,146.6590992,148.09159652,144.33745948,145.07841148,1482449.26796878
2013-09-10 09:15:00,NSE:TATACONSUM,147.202464,147.4000512,143.84349148,145.226592,1313593.18822272
2013-09-11 09:15:00,NSE:TATACONSUM,145.1771952,150.166272,144.7820208,149.07953252,2078351.22922942
2013-09-12 09:15:00,NSE:TATACONSUM,150.3638592,151.3517952,146.4121152,148.684368,1543378.31600428
2013-09-13 09:15:00,NSE:TATACONSUM,148.28920348,151.154208,148.28920348,150.166272,1292596.8888673
2013-09-16 09:15:00,NSE:TATACONSUM,151.9445568,151.99396348,146.0169408,148.2397968,1056336.64528876
2013-09-17 09:15:00,NSE:TATACONSUM,146.214528,148.2397968,145.86874052,146.11572452,1048976.85680044
2013-09-18 09:15:00,NSE:TATACONSUM,146.708496,147.202464,144.979608,146.214528,629847.4799987
2013-09-19 09:15:00,NSE:TATACONSUM,149.178336,150.01809148,147.1530672,148.9807488,1660689.55883782
2013-09-20 09:15:00,NSE:TATACONSUM,149.178336,149.8698912,144.2880528,147.202464,837591.70634535
2013-09-23 09:15:00,NSE:TATACONSUM,146.214528,147.4988448,141.768816,142.0651968,1368899.40239044
2013-09-24 09:15:00,NSE:TATACONSUM,141.521832,144.6832272,140.78088,142.0651968,1253081.17124996
2013-09-25 09:15:00,NSE:TATACONSUM,142.756752,144.88080452,142.0158,144.09047548,1656291.50066401
2013-09-26 09:15:00,NSE:TATACONSUM,144.13985252,145.62175652,141.521832,145.226592,1260423.75214589
2013-09-27 09:15:00,NSE:TATACONSUM,144.238656,148.09159652,143.744688,145.07841148,1959961.98134292
2013-09-30 09:15:00,NSE:TATACONSUM,144.238656,144.2880528,141.42302852,141.768816,795058.58679105
2013-10-01 09:15:00,NSE:TATACONSUM,142.36158748,148.7337648,142.262784,148.3879872,2019590.33783565
2013-10-03 09:15:00,NSE:TATACONSUM,149.178336,153.9204288,148.8819552,153.03127652,3581119.62718233
2013-10-04 09:15:00,NSE:TATACONSUM,153.4264608,154.21681948,150.3638592,151.00602748,1968030.31775338
2013-10-07 09:15:00,NSE:TATACONSUM,151.8457632,154.858968,149.9686848,154.26619652,2159920.27823665
2013-10-08 09:15:00,NSE:TATACONSUM,155.105952,155.8963008,153.3276672,153.9204288,1741421.50908561
2013-10-09 09:15:00,NSE:TATACONSUM,153.8216352,156.2914752,152.29032452,153.4264608,2074608.07177793
2013-10-10 09:15:00,NSE:TATACONSUM,154.118016,158.8601088,153.96983548,158.3661408,3163011.57159978
2013-10-11 09:15:00,NSE:TATACONSUM,159.20587652,161.4781392,157.081824,157.8721728,1903003.83830532
2013-10-14 09:15:00,NSE:TATACONSUM,158.90951548,159.5022672,155.7975072,157.3782048,1297066.81404463
2013-10-15 09:15:00,NSE:TATACONSUM,158.06976,158.2673472,153.47586748,155.20475548,1159571.06533217
2013-10-17 09:15:00,NSE:TATACONSUM,157.18062748,160.93476452,156.340872,159.798648,2757969.13970136
2013-10-18 09:15:00,NSE:TATACONSUM,161.2311552,163.00944,160.292616,162.021504,2571862.95468532
2013-10-21 09:15:00,NSE:TATACONSUM,162.515472,163.35522748,157.081824,157.8721728,3297024.30116931
2013-10-22 09:15:00,NSE:TATACONSUM,158.46492452,160.8359808,157.97095652,160.292616,1617818.36070353
2013-10-23 09:15:00,NSE:TATACONSUM,160.14443548,160.63840348,155.105952,156.98302052,1243670.64263272
2013-10-24 09:15:00,NSE:TATACONSUM,157.081824,164.39254052,156.093888,163.750392,5003648.00958767
2013-10-25 09:15:00,NSE:TATACONSUM,164.1949632,166.36841252,161.0829648,161.4781392,4466146.59249182
2013-10-28 09:15:00,NSE:TATACONSUM,162.021504,164.24436,160.3420128,161.13237148,1071196.91963852
2013-10-29 09:15:00,NSE:TATACONSUM,161.3299488,162.2190912,158.316744,160.292616,2092637.57976225
2013-10-30 09:15:00,NSE:TATACONSUM,161.033568,163.997376,160.68778052,163.3058208,1942188.56282188
2013-10-31 09:15:00,NSE:TATACONSUM,163.00944,165.08411548,161.13237148,162.12030748,3070441.80999579
2013-11-01 09:15:00,NSE:TATACONSUM,162.021504,167.85031652,159.6010608,166.2696288,3771975.10769928
2013-11-05 09:15:00,NSE:TATACONSUM,166.467216,167.7515328,163.89857252,165.7756608,1784444.5389175
2013-11-06 09:15:00,NSE:TATACONSUM,165.6768672,166.9117872,161.13237148,161.7251232,2106154.64969391
2013-11-07 09:15:00,NSE:TATACONSUM,162.41666852,165.87444452,157.1312208,159.551664,2387383.39325624
2013-11-08 09:15:00,NSE:TATACONSUM,158.2673472,161.033568,155.8963008,158.2673472,1189502.15398568
2013-11-11 09:15:00,NSE:TATACONSUM,158.46492452,159.30468,153.22888348,154.858968,1978813.40491692
2013-11-12 09:15:00,NSE:TATACONSUM,155.20475548,157.72397252,151.25301148,153.377064,1864954.81488679
2013-11-13 09:15:00,NSE:TATACONSUM,153.13008,153.13008,139.39777948,143.15191652,12063159.9617789
2013-11-14 09:15:00,NSE:TATACONSUM,144.2880528,145.12778852,141.0772608,142.65794852,4297937.31577754
2013-11-18 09:15:00,NSE:TATACONSUM,140.78088,146.56031548,140.78088,145.72056,5808910.69866874
2013-11-19 09:15:00,NSE:TATACONSUM,147.202464,147.4000512,142.3121808,143.25072,3882430.64328054
2013-11-20 09:15:00,NSE:TATACONSUM,144.48564,146.0169408,143.003736,144.0410688,2789802.17342014
2013-11-21 09:15:00,NSE:TATACONSUM,143.34952348,145.0290048,141.37365148,142.36158748,3034526.5280342
2013-11-22 09:15:00,NSE:TATACONSUM,142.60857148,143.4483072,139.39777948,140.63269948,2343536.42341204
2013-11-25 09:15:00,NSE:TATACONSUM,140.8302768,142.0158,139.1013888,140.78088,2334049.978946
2013-11-26 09:15:00,NSE:TATACONSUM,140.286912,145.0290048,139.89174748,144.0410688,2535691.58326045
2013-11-27 09:15:00,NSE:TATACONSUM,144.5350368,145.81936348,142.262784,143.003736,1877657.054708
2013-11-28 09:15:00,NSE:TATACONSUM,143.25072,146.56031548,143.25072,146.4121152,3659312.95144625
2013-11-29 09:15:00,NSE:TATACONSUM,146.214528,148.28920348,145.7699568,146.95548,2045262.04126583
2013-12-02 09:15:00,NSE:TATACONSUM,147.4000512,149.07953252,147.202464,147.449448,2088711.21206232
2013-12-03 09:15:00,NSE:TATACONSUM,147.202464,147.4988448,144.48564,144.9302112,2254616.69581835
2013-12-04 09:15:00,NSE:TATACONSUM,144.732624,146.60969252,143.34952348,144.13985252,1566356.52511904
2013-12-05 09:15:00,NSE:TATACONSUM,145.81936348,146.9060832,144.2880528,144.83142748,1584759.53907945
2013-12-06 09:15:00,NSE:TATACONSUM,145.0290048,145.967544,144.0410688,144.38683652,1402015.9200596
2013-12-09 09:15:00,NSE:TATACONSUM,147.30126748,147.30126748,143.5471008,144.88080452,2539526.85194183
2013-12-10 09:15:00,NSE:TATACONSUM,144.979608,147.202464,144.9302112,145.81936348,1843571.85080815
2013-12-11 09:15:00,NSE:TATACONSUM,146.1651312,146.1651312,144.48564,145.4241792,1301273.56427947
2013-12-12 09:15:00,NSE:TATACONSUM,145.0290048,146.6590992,144.4362432,144.7820208,1199985.62659929
2013-12-13 09:15:00,NSE:TATACONSUM,144.238656,145.72056,143.25072,143.5471008,1116257.5308522
2013-12-16 09:15:00,NSE:TATACONSUM,143.497704,143.744688,140.4844992,141.7194192,1295331.88384673
2013-12-17 09:15:00,NSE:TATACONSUM,142.36158748,145.32539548,142.36158748,142.756752,1699066.53872316
2013-12-18 09:15:00,NSE:TATACONSUM,143.5471008,146.95548,143.497704,146.06634748,1692995.2952418
2013-12-19 09:15:00,NSE:TATACONSUM,146.7578928,147.59762852,144.13985252,145.5229728,1856176.91834289
2013-12-20 09:15:00,NSE:TATACONSUM,145.4241792,151.99396348,144.83142748,151.00602748,5523249.48174781
2013-12-23 09:15:00,NSE:TATACONSUM,152.636112,154.611984,151.49999548,152.24094748,3139286.35053283
2013-12-24 09:15:00,NSE:TATACONSUM,153.52524452,155.74810052,151.79635652,155.00714852,3033831.1388592
2013-12-26 09:15:00,NSE:TATACONSUM,157.081824,164.09617948,156.093888,160.14443548,10357087.90852849
2013-12-27 09:15:00,NSE:TATACONSUM,158.8601088,160.88538748,154.46380348,156.3902688,3668438.036472
2013-12-30 09:15:00,NSE:TATACONSUM,156.6372528,158.95889252,153.377064,157.5263952,3226966.11926279
2013-12-31 09:15:00,NSE:TATACONSUM,157.575792,159.551664,156.24206852,158.06976,2286145.05393062
2014-01-01 09:15:00,NSE:TATACONSUM,158.90951548,160.68778052,157.97095652,158.41554748,1982625.39273799
2014-01-02 09:15:00,NSE:TATACONSUM,158.563728,159.798648,151.89516,152.73491548,2142097.26136106
2014-01-03 09:15:00,NSE:TATACONSUM,152.5867152,155.105952,151.79635652,154.858968,1838355.92588994
2014-01-06 09:15:00,NSE:TATACONSUM,155.0565552,156.68665948,153.22888348,155.25413252,1557474.37080945
2014-01-07 09:15:00,NSE:TATACONSUM,155.105952,156.2914752,153.3276672,154.611984,1260055.30722638
2014-01-08 09:15:00,NSE:TATACONSUM,155.20475548,157.3782048,154.118016,155.3035392,2148693.84251611
2014-01-09 09:15:00,NSE:TATACONSUM,155.50111652,156.587856,154.26619652,155.20475548,1761978.50872931
2014-01-10 09:15:00,NSE:TATACONSUM,156.1432848,158.0203632,152.883096,153.6734448,2551325.18705665
2014-01-13 09:15:00,NSE:TATACONSUM,154.21681948,154.9083648,150.06746852,151.6975728,2368947.98853367
2014-01-14 09:15:00,NSE:TATACONSUM,151.2036048,152.636112,148.4867808,150.06746852,2202266.13869724
2014-01-15 09:15:00,NSE:TATACONSUM,151.00602748,151.00602748,148.58556452,150.166272,1131435.6395556
2014-01-16 09:15:00,NSE:TATACONSUM,150.413256,151.05540452,146.708496,147.202464,2168399.57244194
2014-01-17 09:15:00,NSE:TATACONSUM,147.696432,148.437384,144.0410688,144.732624,1907703.53545169
2014-01-20 09:15:00,NSE:TATACONSUM,144.48564,147.4988448,144.48564,146.56031548,2580600.36277654
2014-01-21 09:15:00,NSE:TATACONSUM,146.708496,148.28920348,145.7699568,146.0169408,2016652.90059275
2014-01-22 09:15:00,NSE:TATACONSUM,146.56031548,150.3638592,146.31333148,147.79523548,4642850.34658116
2014-01-23 09:15:00,NSE:TATACONSUM,147.2518608,148.53618748,145.72056,146.31333148,1206477.94998866
2014-01-24 09:15:00,NSE:TATACONSUM,145.473576,146.06634748,141.91699652,142.756752,2040105.83681534
2014-01-27 09:15:00,NSE:TATACONSUM,141.274848,143.15191652,138.6074208,139.54596,1820039.96210281
2014-01-28 09:15:00,NSE:TATACONSUM,139.20017252,141.274848,136.73033252,137.323104,2309314.57098436
2014-01-29 09:15:00,NSE:TATACONSUM,138.31104,142.65794852,137.91587548,140.0893248,2471774.48741619
2014-01-30 09:15:00,NSE:TATACONSUM,140.0893248,143.003736,138.0146592,139.39777948,5003646.99737635
2014-01-31 09:15:00,NSE:TATACONSUM,139.64476348,141.274848,137.96525252,138.805008,2586999.56272471
2014-02-03 09:15:00,NSE:TATACONSUM,139.15079548,141.2254512,138.31104,138.805008,2166339.72241117
2014-02-04 09:15:00,NSE:TATACONSUM,139.4965632,141.9664032,136.829136,141.67001252,2901998.7124672
2014-02-05 09:15:00,NSE:TATACONSUM,141.42302852,143.10253948,140.8302768,141.37365148,1435608.17704791
2014-02-06 09:15:00,NSE:TATACONSUM,142.5591648,142.5591648,138.45922052,139.64476348,2940695.55112882
2014-02-07 09:15:00,NSE:TATACONSUM,140.7314832,142.756752,140.0893248,141.9664032,2078563.79360606
2014-02-10 09:15:00,NSE:TATACONSUM,142.60857148,142.756752,140.9784672,141.768816,1429096.62164351
2014-02-11 09:15:00,NSE:TATACONSUM,142.4603712,144.09047548,141.3242448,142.90493252,1483659.8727043
2014-02-12 09:15:00,NSE:TATACONSUM,143.5471008,144.13985252,141.768816,142.3121808,1505071.17869983
2014-02-13 09:15:00,NSE:TATACONSUM,142.262784,143.10253948,139.44715652,140.039928,1407255.12583811
2014-02-14 09:15:00,NSE:TATACONSUM,139.8423408,140.68207652,137.42190748,138.8544048,1073230.45217504
2014-02-17 09:15:00,NSE:TATACONSUM,138.8544048,139.64476348,136.0387872,137.22430052,1091316.64399313
2014-02-18 09:15:00,NSE:TATACONSUM,137.42190748,139.2495792,136.68095548,138.5086272,1309982.63045379
2014-02-19 09:15:00,NSE:TATACONSUM,138.65682748,140.039928,137.91587548,138.65682748,893222.84034593
2014-02-20 09:15:00,NSE:TATACONSUM,137.66889148,140.2375152,137.47128452,139.39777948,793619.2222978
2014-02-21 09:15:00,NSE:TATACONSUM,139.54596,141.274848,139.4965632,140.286912,1218848.18449778
2014-02-24 09:15:00,NSE:TATACONSUM,141.027864,141.274848,140.0893248,140.9784672,620790.21313122
2014-02-25 09:15:00,NSE:TATACONSUM,141.4724352,141.8182128,139.298976,139.4965632,1047550.65105432
2014-02-26 09:15:00,NSE:TATACONSUM,139.9905312,140.18810852,137.42190748,138.1134528,1891261.17481294
2014-02-28 09:15:00,NSE:TATACONSUM,138.45922052,140.43509252,137.47128452,138.0146592,1875180.17361449
2014-03-03 09:15:00,NSE:TATACONSUM,138.2616432,139.298976,133.618344,134.3098992,3016349.23719755
2014-03-04 09:15:00,NSE:TATACONSUM,135.1496448,139.44715652,134.26049252,138.70620452,3032085.0743368
2014-03-05 09:15:00,NSE:TATACONSUM,139.7435472,140.533896,137.7676752,139.20017252,2345844.26521556
2014-03-06 09:15:00,NSE:TATACONSUM,139.792944,141.274848,138.45922052,140.8302768,3047292.5371684
2014-03-07 09:15:00,NSE:TATACONSUM,141.768816,142.60857148,139.5953568,141.5712288,2945788.99847763
2014-03-10 09:15:00,NSE:TATACONSUM,142.16398052,143.34952348,140.533896,142.0651968,2153217.41489327
2014-03-11 09:15:00,NSE:TATACONSUM,142.0651968,144.238656,141.274848,143.39890052,2136763.91993004
2014-03-12 09:15:00,NSE:TATACONSUM,144.2880528,145.72056,143.39890052,143.89286852,2135267.87160302
2014-03-13 09:15:00,NSE:TATACONSUM,144.238656,145.12778852,140.18810852,140.8302768,1256036.82829657
2014-03-14 09:15:00,NSE:TATACONSUM,140.286912,141.67001252,139.298976,140.9784672,1252362.50121465
2014-03-18 09:15:00,NSE:TATACONSUM,140.9784672,143.0531328,140.8302768,141.42302852,937946.38519094
2014-03-19 09:15:00,NSE:TATACONSUM,141.4724352,142.0651968,139.39777948,139.5953568,2007000.45347067
2014-03-20 09:15:00,NSE:TATACONSUM,139.0025952,141.4724352,139.0025952,139.69414052,1597584.25647005
2014-03-21 09:15:00,NSE:TATACONSUM,141.274848,144.238656,140.7314832,141.67001252,2805653.40264956
2014-03-24 09:15:00,NSE:TATACONSUM,141.42302852,143.10253948,140.78088,141.12666748,1254680.46513134
2014-03-25 09:15:00,NSE:TATACONSUM,140.8302768,142.262784,140.68207652,141.17604452,1229247.64357205
2014-03-26 09:15:00,NSE:TATACONSUM,142.262784,143.0531328,140.533896,141.027864,1785193.57529233
2014-03-27 09:15:00,NSE:TATACONSUM,141.274848,142.0158,139.5953568,140.0893248,3186420.98273572
2014-03-28 09:15:00,NSE:TATACONSUM,141.12666748,146.80729948,140.5832928,146.214528,3959965.01797687
2014-03-31 09:15:00,NSE:TATACONSUM,148.1904,150.8578272,146.31333148,148.2397968,4194374.93926732
2014-04-01 09:15:00,NSE:TATACONSUM,149.6229072,152.883096,147.0048768,152.389128,4922685.27515953
2014-04-02 09:15:00,NSE:TATACONSUM,153.13008,153.77222852,150.26507548,151.648176,2628552.86172384
2014-04-03 09:15:00,NSE:TATACONSUM,152.142144,152.4385248,147.59762852,149.7217008,2375083.00132802
2014-04-04 09:15:00,NSE:TATACONSUM,150.166272,151.9445568,148.33858052,150.3638592,1994337.68989084
2014-04-07 09:15:00,NSE:TATACONSUM,147.4988448,150.66024,146.461512,149.6229072,1494542.15657694
2014-04-09 09:15:00,NSE:TATACONSUM,150.907224,154.0686192,150.66024,152.53730852,3222427.36371587
2014-04-10 09:15:00,NSE:TATACONSUM,153.22888348,153.4264608,150.26507548,151.25301148,2042295.24989473
2014-04-11 09:15:00,NSE:TATACONSUM,150.3638592,152.142144,149.919288,150.907224,1810614.25031581
2014-04-15 09:15:00,NSE:TATACONSUM,151.99396348,153.03127652,149.27713948,151.2036048,1482224.55705633
2014-04-16 09:15:00,NSE:TATACONSUM,151.401192,152.0927472,148.1904,148.684368,1162182.57053088
2014-04-17 09:15:00,NSE:TATACONSUM,149.178336,156.2914752,149.178336,155.5505232,4700816.65209082
2014-04-21 09:15:00,NSE:TATACONSUM,156.340872,158.06976,153.6734448,154.26619652,2975802.07624785
2014-04-22 09:15:00,NSE:TATACONSUM,155.0565552,157.3782048,154.26619652,155.94570748,2270413.26563664
2014-04-23 09:15:00,NSE:TATACONSUM,155.94570748,157.47698852,153.1794768,154.21681948,3317218.9291614
2014-04-25 09:15:00,NSE:TATACONSUM,154.611984,155.105952,150.01809148,151.1048112,1890000.97172286
2014-04-28 09:15:00,NSE:TATACONSUM,151.154208,152.6855088,149.919288,151.00602748,1470679.27477084
2014-04-29 09:15:00,NSE:TATACONSUM,151.154208,152.24094748,149.178336,149.4747168,1310624.37242898
2014-04-30 09:15:00,NSE:TATACONSUM,150.6108432,151.648176,144.732624,147.6470352,2490221.02646325
2014-05-02 09:15:00,NSE:TATACONSUM,147.6470352,149.07953252,146.0169408,146.56031548,1221974.90525702
2014-05-05 09:15:00,NSE:TATACONSUM,146.80729948,146.80729948,144.63382052,144.9302112,1071818.41738736
2014-05-06 09:15:00,NSE:TATACONSUM,145.2759888,146.5109088,143.15191652,143.34952348,1246632.37294724
2014-05-07 09:15:00,NSE:TATACONSUM,143.3001168,144.63382052,142.41096452,142.85555548,991756.55103165
2014-05-08 09:15:00,NSE:TATACONSUM,143.3001168,143.7940848,140.38571548,140.7314832,1493670.64263272
2014-05-09 09:15:00,NSE:TATACONSUM,140.38571548,144.1892592,140.38571548,143.25072,1233949.36514106
2014-05-12 09:15:00,NSE:TATACONSUM,144.0410688,144.9302112,142.41096452,142.8061488,1811735.78045541
2014-05-13 09:15:00,NSE:TATACONSUM,143.744688,147.8940192,143.744688,144.63382052,2381056.0603116
2014-05-14 09:15:00,NSE:TATACONSUM,145.226592,146.708496,143.64588452,145.5229728,1874447.33262074
2014-05-15 09:15:00,NSE:TATACONSUM,146.214528,146.2639248,142.11460348,142.4603712,2234969.67414893
2014-05-16 09:15:00,NSE:TATACONSUM,144.58444348,145.72056,141.521832,143.003736,3703558.73254948
2014-05-19 09:15:00,NSE:TATACONSUM,144.238656,149.77110748,143.497704,148.8819552,5030910.90920869
2014-05-20 09:15:00,NSE:TATACONSUM,151.1048112,152.98189948,149.2277328,151.5987792,3392501.13367668
2014-05-21 09:15:00,NSE:TATACONSUM,153.72285148,153.72285148,149.7217008,151.25301148,2570050.08421598
2014-05-22 09:15:00,NSE:TATACONSUM,152.636112,155.50111652,151.54937252,153.6734448,3285734.09613578
2014-05-23 09:15:00,NSE:TATACONSUM,154.118016,156.5384592,153.22888348,155.6493168,3051643.02141029
2014-05-26 09:15:00,NSE:TATACONSUM,156.587856,161.033568,150.907224,154.5625872,5698503.74923072
2014-05-27 09:15:00,NSE:TATACONSUM,155.4023328,155.8963008,151.154208,154.51318052,1769929.42862696
2014-05-28 09:15:00,NSE:TATACONSUM,155.105952,156.2914752,152.883096,154.365,1676044.80452175
2014-05-29 09:15:00,NSE:TATACONSUM,152.636112,152.636112,146.214528,147.10366052,5111746.10501085
2014-05-30 09:15:00,NSE:TATACONSUM,148.1904,149.178336,143.59650748,147.30126748,4346227.89330483
2014-06-02 09:15:00,NSE:TATACONSUM,147.59762852,148.09159652,144.83142748,145.72056,3348867.74042043
2014-06-03 09:15:00,NSE:TATACONSUM,146.214528,150.01809148,145.967544,148.4867808,3051368.7121433
2014-06-04 09:15:00,NSE:TATACONSUM,148.1904,152.142144,148.1904,151.154208,4822809.37226703
2014-06-05 09:15:00,NSE:TATACONSUM,152.4385248,152.9324928,149.32651652,152.1915408,2587814.39283516
2014-06-06 09:15:00,NSE:TATACONSUM,155.105952,174.6670848,153.3276672,169.03585948,17272738.31503255
2014-06-09 09:15:00,NSE:TATACONSUM,171.75268348,173.3333712,168.04792348,169.1346432,8880053.97110744
2014-06-10 09:15:00,NSE:TATACONSUM,169.57920452,175.01285252,164.09617948,172.74061948,11835847.66624559
2014-06-11 09:15:00,NSE:TATACONSUM,173.6791488,173.97553948,163.0588368,167.30697148,7505268.55990672
2014-06-12 09:15:00,NSE:TATACONSUM,166.36841252,169.431024,163.65158852,166.61539652,4182408.57707382
2014-06-13 09:15:00,NSE:TATACONSUM,167.94912,171.8514672,159.20587652,161.7251232,6589134.31639297
2014-06-16 09:15:00,NSE:TATACONSUM,160.3420128,164.6889312,159.65046748,163.997376,4199830.75826774
2014-06-17 09:15:00,NSE:TATACONSUM,163.997376,165.9238512,161.7251232,165.0347088,2676520.5438409
2014-06-18 09:15:00,NSE:TATACONSUM,164.985312,166.961184,160.14443548,161.5769328,3097198.60395815
2014-06-19 09:15:00,NSE:TATACONSUM,162.61427548,163.35522748,159.3540768,160.93476452,2993825.51096427
2014-06-20 09:15:00,NSE:TATACONSUM,160.63840348,163.40460452,159.89745148,160.39141948,2505117.74042043
2014-06-23 09:15:00,NSE:TATACONSUM,163.997376,169.1346432,162.8118528,165.9238512,9024792.09179542
2014-06-24 09:15:00,NSE:TATACONSUM,165.4298832,167.455152,163.503408,165.2816928,4447921.72772325
2014-06-25 09:15:00,NSE:TATACONSUM,164.2937568,168.690072,164.2937568,167.455152,4567284.72289703
2014-06-26 09:15:00,NSE:TATACONSUM,166.961184,167.60333252,163.60221148,165.7756608,5146743.31130762
2014-06-27 09:15:00,NSE:TATACONSUM,165.973248,170.8635312,165.973248,169.03585948,5537479.14844686
2014-06-30 09:15:00,NSE:TATACONSUM,170.3695632,172.8888,169.9743888,170.665944,5956691.52657662
2014-07-01 09:15:00,NSE:TATACONSUM,171.25871548,174.46950748,169.431024,172.6912128,5444696.82246623
2014-07-02 09:15:00,NSE:TATACONSUM,174.12372,174.6670848,171.01173148,172.24665148,3842970.59728565
2014-07-03 09:15:00,NSE:TATACONSUM,172.8888,172.8888,166.31903548,167.1587712,5540848.79992226
2014-07-04 09:15:00,NSE:TATACONSUM,166.07205148,169.1346432,163.997376,165.82506748,4298646.87591099
2014-07-07 09:15:00,NSE:TATACONSUM,166.07205148,167.55395548,164.63952452,165.0347088,2080012.26800117
2014-07-08 09:15:00,NSE:TATACONSUM,165.62746052,165.62746052,155.846904,156.7854432,3390734.82492793
2014-07-09 09:15:00,NSE:TATACONSUM,156.093888,157.67459548,150.907224,153.0806832,3531315.79373563
2014-07-10 09:15:00,NSE:TATACONSUM,153.5746512,159.40348348,147.449448,153.5746512,3324219.38263207
2014-07-11 09:15:00,NSE:TATACONSUM,152.9324928,154.4143968,147.35064452,147.9928128,3227503.60347229
2014-07-14 09:15:00,NSE:TATACONSUM,147.05428348,151.3517952,146.708496,149.9686848,2473536.74731966
2014-07-15 09:15:00,NSE:TATACONSUM,150.51205948,152.142144,149.672304,151.89516,1882490.36374826
2014-07-16 09:15:00,NSE:TATACONSUM,151.89516,155.7975072,151.3517952,155.3035392,2570265.68522657
2014-07-17 09:15:00,NSE:TATACONSUM,155.352936,159.057696,154.365,158.41554748,2142064.87059891
2014-07-18 09:15:00,NSE:TATACONSUM,157.92157948,161.033568,155.7975072,158.71190852,5034848.41123312
2014-07-21 09:15:00,NSE:TATACONSUM,159.551664,160.4902032,156.83484,157.2794112,1961725.25345771
2014-07-22 09:15:00,NSE:TATACONSUM,157.575792,159.45286052,154.8095712,156.7854432,2733577.8835876
2014-07-23 09:15:00,NSE:TATACONSUM,157.575792,157.7733792,153.8216352,154.9083648,3038384.06536456
2014-07-24 09:15:00,NSE:TATACONSUM,154.8095712,155.99508452,154.0686192,154.6613808,2930009.63625174
2014-07-25 09:15:00,NSE:TATACONSUM,154.3156032,155.50111652,150.7096368,151.648176,3195477.2373919
2014-07-28 09:15:00,NSE:TATACONSUM,150.66024,154.3156032,150.2156688,153.3276672,2823068.49836427
2014-07-30 09:15:00,NSE:TATACONSUM,154.0686192,154.0686192,150.6108432,151.05540452,2791120.07255531
2014-07-31 09:15:00,NSE:TATACONSUM,150.9566208,153.27826052,150.66024,151.648176,4206252.2268649
2014-08-01 09:15:00,NSE:TATACONSUM,150.166272,154.95777148,149.919288,152.4385248,2390394.72192531
2014-08-04 09:15:00,NSE:TATACONSUM,153.1794768,154.01921252,151.89516,153.624048,1698260.81851456
2014-08-05 09:15:00,NSE:TATACONSUM,152.24094748,153.72285148,150.66024,153.03127652,1810755.95990024
2014-08-06 09:15:00,NSE:TATACONSUM,151.79635652,154.611984,151.648176,151.9445568,1913135.06138049
2014-08-07 09:15:00,NSE:TATACONSUM,151.74697948,153.22888348,150.80842052,152.29032452,1576147.64519159
2014-08-08 09:15:00,NSE:TATACONSUM,150.8578272,151.05540452,147.7458288,148.83254852,2422539.51672983
2014-08-11 09:15:00,NSE:TATACONSUM,148.8819552,151.154208,148.8819552,150.06746852,1226905.38658375
2014-08-12 09:15:00,NSE:TATACONSUM,149.672304,152.9324928,149.672304,152.5867152,1297778.39860072
2014-08-13 09:15:00,NSE:TATACONSUM,151.25301148,152.4385248,148.4867808,149.32651652,1539713.09882422
2014-08-14 09:15:00,NSE:TATACONSUM,150.80842052,151.05540452,148.931352,150.26507548,1235715.67388981
2014-08-18 09:15:00,NSE:TATACONSUM,150.3638592,153.47586748,149.7217008,152.53730852,1227068.35260584
2014-08-19 09:15:00,NSE:TATACONSUM,153.47586748,155.7975072,153.03127652,154.611984,1858165.91358145
2014-08-20 09:15:00,NSE:TATACONSUM,154.6613808,157.575792,154.365,156.587856,3165954.06989926
2014-08-21 09:15:00,NSE:TATACONSUM,156.587856,158.46492452,154.3156032,155.20475548,1825118.22628186
2014-08-22 09:15:00,NSE:TATACONSUM,156.587856,156.587856,153.13008,153.5746512,1288747.44922748
2014-08-25 09:15:00,NSE:TATACONSUM,153.624048,155.8963008,153.13008,153.5746512,1517049.68742915
2014-08-26 09:15:00,NSE:TATACONSUM,152.53730852,153.624048,149.52412348,151.1048112,966096.99413727
2014-08-27 09:15:00,NSE:TATACONSUM,151.49999548,152.98189948,150.66024,151.25301148,1042687.98788585
2014-08-28 09:15:00,NSE:TATACONSUM,151.54937252,152.142144,148.1904,148.684368,3083365.72409549
2014-09-01 09:15:00,NSE:TATACONSUM,149.27713948,152.48793148,149.27713948,152.04334052,1631007.47416837
2014-09-02 09:15:00,NSE:TATACONSUM,151.154208,154.95777148,151.154208,153.52524452,1926289.75966054
2014-09-03 09:15:00,NSE:TATACONSUM,154.9083648,154.9083648,151.6975728,152.389128,1830855.4400285
2014-09-04 09:15:00,NSE:TATACONSUM,152.142144,161.92270052,152.142144,160.2432192,5754869.74864769
2014-09-05 09:15:00,NSE:TATACONSUM,161.8239168,162.515472,158.1191568,160.292616,4490735.22981246
2014-09-08 09:15:00,NSE:TATACONSUM,161.0829648,164.491344,160.5396,162.61427548,3445147.25650245
2014-09-09 09:15:00,NSE:TATACONSUM,163.10824348,164.24436,160.63840348,163.2070272,2041231.41580021
2014-09-10 09:15:00,NSE:TATACONSUM,161.527536,163.00944,158.563728,160.5889968,1988465.852039
2014-09-11 09:15:00,NSE:TATACONSUM,160.88538748,167.80093948,159.057696,165.38047652,6260946.05318563
2014-09-12 09:15:00,NSE:TATACONSUM,165.973248,169.28284348,164.39254052,167.5045488,4378082.18346128
2014-09-15 09:15:00,NSE:TATACONSUM,166.961184,168.78887548,164.34316348,165.1828992,2766993.00359537
2014-09-16 09:15:00,NSE:TATACONSUM,165.0347088,165.57808348,156.093888,157.5263952,3833084.32934927
2014-09-17 09:15:00,NSE:TATACONSUM,158.7613152,160.7371872,155.00714852,159.65046748,2782412.0185923
2014-09-18 09:15:00,NSE:TATACONSUM,158.1191568,163.7009952,158.1191568,162.86125948,2270863.69967285
2014-09-19 09:15:00,NSE:TATACONSUM,163.7009952,170.81412452,162.12030748,166.56601948,6354325.58384349
2014-09-22 09:15:00,NSE:TATACONSUM,165.973248,169.924992,165.0347088,168.54189148,4395545.86531921
2014-09-23 09:15:00,NSE:TATACONSUM,168.1467072,169.7274048,161.67571652,162.4660752,3124263.11016098
2014-09-24 09:15:00,NSE:TATACONSUM,163.2070272,164.738328,159.8480448,162.762456,2246739.66734687
2014-09-25 09:15:00,NSE:TATACONSUM,163.40460452,163.65158852,157.18062748,158.3661408,3009560.3358922
2014-09-26 09:15:00,NSE:TATACONSUM,157.081824,159.9962352,152.5867152,157.72397252,2960438.73287338
2014-09-29 09:15:00,NSE:TATACONSUM,158.06976,159.94682852,156.3902688,157.081824,2121861.13270495
2014-09-30 09:15:00,NSE:TATACONSUM,157.18062748,160.44079652,155.69872348,157.42761148,1941190.52246299
2014-10-01 09:15:00,NSE:TATACONSUM,158.06976,160.045632,156.48905252,156.93364348,1212896.38195187
2014-10-07 09:15:00,NSE:TATACONSUM,156.340872,159.69984452,156.093888,156.8842368,2312359.30262689
2014-10-08 09:15:00,NSE:TATACONSUM,156.093888,159.057696,155.846904,158.316744,1542698.10999903
2014-10-09 09:15:00,NSE:TATACONSUM,158.5143312,161.37935548,158.5143312,159.30468,3255817.17844071
2014-10-10 09:15:00,NSE:TATACONSUM,158.71190852,161.92270052,156.7854432,158.316744,3668927.94674959
2014-10-13 09:15:00,NSE:TATACONSUM,157.67459548,158.06976,155.1553488,155.59992,2047186.25498008
2014-10-14 09:15:00,NSE:TATACONSUM,156.48905252,157.3782048,154.118016,154.51318052,1991244.37210508
2014-10-16 09:15:00,NSE:TATACONSUM,154.1674128,156.340872,149.2277328,150.51205948,2281731.81258705
2014-10-17 09:15:00,NSE:TATACONSUM,150.907224,152.04334052,148.9807488,151.49999548,3995118.10481651
2014-10-20 09:15:00,NSE:TATACONSUM,152.6855088,153.77222852,151.49999548,152.8336992,2099034.75528779
2014-10-21 09:15:00,NSE:TATACONSUM,152.24094748,154.46380348,151.54937252,153.6734448,2616353.69092735
2014-10-22 09:15:00,NSE:TATACONSUM,154.9083648,155.59992,153.624048,154.611984,2035106.52511904
2014-10-23 09:15:00,NSE:TATACONSUM,155.69872348,157.081824,155.20475548,156.43967548,533096.27344281
2014-10-27 09:15:00,NSE:TATACONSUM,157.328808,157.328808,154.0686192,154.4143968,1032025.35386908
2014-10-28 09:15:00,NSE:TATACONSUM,154.858968,155.6493168,154.1674128,154.46380348,1167701.14663298
2014-10-29 09:15:00,NSE:TATACONSUM,155.105952,156.340872,154.71078748,155.4023328,1092532.30978525
2014-10-30 09:15:00,NSE:TATACONSUM,155.25413252,157.0324272,155.00714852,155.5505232,4645948.72542351
2014-10-31 09:15:00,NSE:TATACONSUM,156.98302052,159.2552832,156.1432848,158.16856348,4808353.98244421
2014-11-03 09:15:00,NSE:TATACONSUM,159.057696,162.2190912,158.16856348,161.77452,2746165.74352995
2014-11-05 09:15:00,NSE:TATACONSUM,162.8118528,163.00944,158.5143312,159.69984452,2458164.29404334
2014-11-07 09:15:00,NSE:TATACONSUM,155.99508452,159.551664,155.105952,158.95889252,2632365.86175623
2014-11-10 09:15:00,NSE:TATACONSUM,159.1070928,160.63840348,155.352936,155.846904,1589877.27949989
2014-11-11 09:15:00,NSE:TATACONSUM,156.7854432,157.72397252,155.50111652,156.340872,1682439.95562466
2014-11-12 09:15:00,NSE:TATACONSUM,156.93364348,156.93364348,153.4264608,153.96983548,1910462.82350274
2014-11-13 09:15:00,NSE:TATACONSUM,154.8095712,155.0565552,152.142144,152.3397312,2063159.9617789
2014-11-14 09:15:00,NSE:TATACONSUM,153.0806832,154.26619652,151.79635652,153.377064,2666904.53632624
2014-11-17 09:15:00,NSE:TATACONSUM,152.48793148,159.94682852,152.48793148,157.97095652,4700568.66031808
2014-11-18 09:15:00,NSE:TATACONSUM,158.563728,159.40348348,156.68665948,157.47698852,1730812.52226865
2014-11-19 09:15:00,NSE:TATACONSUM,158.2673472,161.37935548,155.352936,155.94570748,3759094.71868623
2014-11-20 09:15:00,NSE:TATACONSUM,155.20475548,156.19269148,152.73491548,155.0565552,1690669.23363457
2014-11-21 09:15:00,NSE:TATACONSUM,155.3035392,156.98302052,154.21681948,154.858968,1559857.11625045
2014-11-24 09:15:00,NSE:TATACONSUM,155.105952,156.3902688,153.871032,155.0565552,1854670.7479027
2014-11-25 09:15:00,NSE:TATACONSUM,155.3035392,155.6493168,150.66024,152.3397312,1725754.50231594
2014-11-26 09:15:00,NSE:TATACONSUM,152.1915408,153.9204288,151.401192,153.4264608,1654252.9070709
2014-11-27 09:15:00,NSE:TATACONSUM,157.575792,160.44079652,153.8216352,159.057696,7148392.20354355
2014-11-28 09:15:00,NSE:TATACONSUM,160.292616,161.92270052,157.72397252,159.3540768,3759227.3183688
2014-12-01 09:15:00,NSE:TATACONSUM,159.89745148,160.93476452,157.328808,157.6251888,1916578.60428206
2014-12-02 09:15:00,NSE:TATACONSUM,157.7733792,162.268488,155.3035392,161.37935548,3515806.69193146
2014-12-03 09:15:00,NSE:TATACONSUM,162.91063652,163.89857252,160.786584,161.280552,2860972.77556441
2014-12-04 09:15:00,NSE:TATACONSUM,161.7251232,162.2190912,159.45286052,161.42873252,1712318.40928967
2014-12-05 09:15:00,NSE:TATACONSUM,161.527536,162.8118528,158.71190852,159.15649948,1468858.30661095
2014-12-08 09:15:00,NSE:TATACONSUM,159.0082992,159.5022672,155.7975072,156.3902688,1599744.31542124
2014-12-09 09:15:00,NSE:TATACONSUM,156.83484,156.93364348,152.24094748,152.98189948,1356099.99028277
2014-12-10 09:15:00,NSE:TATACONSUM,152.142144,155.50111652,152.142144,154.118016,1115755.4740388
2014-12-11 09:15:00,NSE:TATACONSUM,154.118016,155.3035392,152.53730852,153.77222852,1018359.48887377
2014-12-12 09:15:00,NSE:TATACONSUM,153.3276672,155.105952,150.66024,151.1048112,1393061.89874648
2014-12-15 09:15:00,NSE:TATACONSUM,150.26507548,152.3397312,149.57350052,149.77110748,1528898.63310984
2014-12-16 09:15:00,NSE:TATACONSUM,148.8819552,150.3638592,141.5712288,142.509768,2906740.92248891
2014-12-17 09:15:00,NSE:TATACONSUM,142.5591648,144.09047548,135.3966288,143.25072,5036232.10410391
2014-12-18 09:15:00,NSE:TATACONSUM,144.6832272,147.202464,144.58444348,145.72056,1557504.73714897
2014-12-19 09:15:00,NSE:TATACONSUM,146.708496,147.8940192,144.7820208,145.62175652,1474428.50549023
2014-12-22 09:15:00,NSE:TATACONSUM,145.7699568,146.461512,143.84349148,145.72056,1677690.66012373
2014-12-23 09:15:00,NSE:TATACONSUM,146.0169408,147.2518608,144.979608,146.5109088,1413500.46966605
2014-12-24 09:15:00,NSE:TATACONSUM,147.1530672,148.09159652,144.33745948,145.12778852,7025032.99808895
2014-12-26 09:15:00,NSE:TATACONSUM,145.37477252,146.214528,143.84349148,145.07841148,1012045.31467625
2014-12-29 09:15:00,NSE:TATACONSUM,145.37477252,148.09159652,145.37477252,146.85667652,924151.96935834
2014-12-30 09:15:00,NSE:TATACONSUM,147.0048768,147.79523548,146.31333148,147.2518608,756568.23923817
2014-12-31 09:15:00,NSE:TATACONSUM,147.0048768,150.01809148,146.85667652,149.1289392,1364395.06202831
2015-01-01 09:15:00,NSE:TATACONSUM,149.1289392,149.919288,148.53618748,148.8819552,542233.50500437
2015-01-02 09:15:00,NSE:TATACONSUM,149.07953252,151.3517952,148.7337648,150.66024,2068076.27214718
2015-01-05 09:15:00,NSE:TATACONSUM,149.82048452,152.636112,149.82048452,151.1048112,1896034.76338548
2015-01-06 09:15:00,NSE:TATACONSUM,150.1168752,150.1168752,145.226592,146.36270852,2419446.19894406
2015-01-07 09:15:00,NSE:TATACONSUM,145.4241792,147.4000512,144.238656,146.6590992,2804372.95533314
2015-01-08 09:15:00,NSE:TATACONSUM,148.09159652,152.636112,147.696432,151.8457632,2320977.26978266
2015-01-09 09:15:00,NSE:TATACONSUM,152.636112,155.7975072,151.4505888,153.72285148,4062453.4382794
2015-01-12 09:15:00,NSE:TATACONSUM,154.46380348,156.7854432,153.3276672,155.45173948,1667218.32183461
2015-01-13 09:15:00,NSE:TATACONSUM,155.6493168,155.99508452,152.3397312,153.377064,1577216.54034269
2015-01-14 09:15:00,NSE:TATACONSUM,153.1794768,155.105952,151.9445568,152.98189948,1400062.35221715
2015-01-15 09:15:00,NSE:TATACONSUM,154.71078748,155.69872348,152.1915408,153.77222852,1198374.1861821
2015-01-16 09:15:00,NSE:TATACONSUM,153.13008,153.871032,151.89516,152.4385248,1315682.39238169
2015-01-19 09:15:00,NSE:TATACONSUM,152.4385248,155.8963008,152.4385248,154.6613808,1012385.41767888
2015-01-20 09:15:00,NSE:TATACONSUM,154.9083648,155.5505232,153.72285148,154.46380348,1226149.2647297
2015-01-21 09:15:00,NSE:TATACONSUM,155.50111652,157.47698852,154.76016452,156.093888,2729928.86178862
2015-01-22 09:15:00,NSE:TATACONSUM,155.20475548,158.66253148,155.20475548,156.93364348,2355251.75719885
2015-01-23 09:15:00,NSE:TATACONSUM,157.23000452,160.19381252,155.00714852,159.20587652,2467063.65594532
2015-01-27 09:15:00,NSE:TATACONSUM,159.057696,160.045632,156.68665948,157.47698852,1654546.44835293
2015-01-28 09:15:00,NSE:TATACONSUM,156.8842368,157.97095652,155.74810052,156.83484,1841243.76477829
2015-01-29 09:15:00,NSE:TATACONSUM,157.0324272,158.810712,155.4023328,156.340872,2857867.31124283
2015-01-30 09:15:00,NSE:TATACONSUM,157.0324272,160.44079652,152.1915408,156.7854432,4144367.65134584
2015-02-02 09:15:00,NSE:TATACONSUM,155.99508452,165.726264,155.846904,161.62633948,5489935.58287177
2015-02-03 09:15:00,NSE:TATACONSUM,162.021504,162.515472,157.2794112,158.5143312,1950768.06594759
2015-02-04 09:15:00,NSE:TATACONSUM,158.7613152,161.13237148,155.74810052,156.6372528,1586923.64687591
2015-02-05 09:15:00,NSE:TATACONSUM,157.328808,157.8721728,151.648176,152.883096,2433286.16428595
2015-02-06 09:15:00,NSE:TATACONSUM,152.53730852,152.8336992,149.7217008,150.56143652,1409583.21186798
2015-02-09 09:15:00,NSE:TATACONSUM,149.672304,151.05540452,146.9060832,147.7458288,1488496.21837852
2015-02-10 09:15:00,NSE:TATACONSUM,147.10366052,151.30238852,146.214528,149.7217008,1740971.0750494
2015-02-11 09:15:00,NSE:TATACONSUM,149.3759232,152.8336992,149.3759232,152.48793148,1145537.76762867
2015-02-12 09:15:00,NSE:TATACONSUM,153.0806832,154.9083648,151.3517952,153.3276672,1748188.14174198
2015-02-13 09:15:00,NSE:TATACONSUM,153.77222852,157.0324272,152.98189948,155.50111652,1584992.34768244
2015-02-16 09:15:00,NSE:TATACONSUM,155.94570748,156.0444912,152.883096,153.27826052,705480.92184109
2015-02-18 09:15:00,NSE:TATACONSUM,153.624048,156.093888,153.1794768,154.95777148,1135822.56340492
2015-02-19 09:15:00,NSE:TATACONSUM,155.50111652,156.587856,152.5867152,155.105952,1393847.37472873
2015-02-20 09:15:00,NSE:TATACONSUM,155.846904,160.292616,154.71078748,157.7733792,2921854.24966799
2015-02-23 09:15:00,NSE:TATACONSUM,159.0082992,159.551664,153.4264608,154.0686192,1634273.8800894
2015-02-24 09:15:00,NSE:TATACONSUM,154.118016,155.4023328,151.74697948,153.6734448,1422054.66750883
2015-02-25 09:15:00,NSE:TATACONSUM,153.6734448,154.365,151.25301148,151.648176,1565101.38308554
2015-02-26 09:15:00,NSE:TATACONSUM,152.04334052,152.636112,150.06746852,150.7096368,2996749.78946005
2015-02-27 09:15:00,NSE:TATACONSUM,151.54937252,154.6613808,151.30238852,154.1674128,1559490.69575357
2015-02-28 09:15:00,NSE:TATACONSUM,154.858968,155.105952,150.9566208,153.03127652,826134.48644447
2015-03-02 09:15:00,NSE:TATACONSUM,153.624048,156.98302052,153.13008,156.43967548,1226382.07333269
2015-03-03 09:15:00,NSE:TATACONSUM,156.587856,162.91063652,155.25413252,161.5769328,4367266.70553558
2015-03-04 09:15:00,NSE:TATACONSUM,162.021504,162.36729148,155.105952,156.43967548,2230955.24406439
2015-03-05 09:15:00,NSE:TATACONSUM,155.99508452,159.45286052,154.21681948,157.3782048,1436364.29890195
2015-03-09 09:15:00,NSE:TATACONSUM,157.1312208,160.88538748,155.352936,157.1312208,2308901.58876688
2015-03-10 09:15:00,NSE:TATACONSUM,157.72397252,159.057696,153.9204288,155.352936,1371309.47753701
2015-03-11 09:15:00,NSE:TATACONSUM,155.45173948,157.575792,154.8095712,155.94570748,1795371.3600881
2015-03-12 09:15:00,NSE:TATACONSUM,156.587856,159.45286052,155.94570748,158.06976,2156613.38386292
2015-03-13 09:15:00,NSE:TATACONSUM,159.0082992,159.15649948,151.6975728,152.98189948,2275843.77935413
2015-03-16 09:15:00,NSE:TATACONSUM,153.0806832,153.77222852,151.00602748,152.883096,1359653.86421793
2015-03-17 09:15:00,NSE:TATACONSUM,153.377064,155.4023328,153.377064,154.8095712,1433579.70556797
2015-03-18 09:15:00,NSE:TATACONSUM,155.00714852,156.340872,153.52524452,153.96983548,1283878.71279111
2015-03-19 09:15:00,NSE:TATACONSUM,154.76016452,155.45173948,150.8578272,151.99396348,1798258.18676513
2015-03-20 09:15:00,NSE:TATACONSUM,151.89516,151.89516,147.202464,148.1410032,1856925.95471771
2015-03-23 09:15:00,NSE:TATACONSUM,147.9928128,148.7337648,145.12778852,145.4241792,1244418.66679623
2015-03-24 09:15:00,NSE:TATACONSUM,145.57237948,147.1530672,144.4362432,146.1651312,1344417.04725812
2015-03-25 09:15:00,NSE:TATACONSUM,146.214528,147.59762852,145.967544,147.202464,1585154.30149321
2015-03-26 09:15:00,NSE:TATACONSUM,146.2639248,147.7458288,144.732624,145.5229728,2054026.77906261
2015-03-27 09:15:00,NSE:TATACONSUM,146.6590992,147.4000512,140.9784672,143.991672,2124790.47225731
2015-03-30 09:15:00,NSE:TATACONSUM,145.32539548,148.437384,144.7820208,147.943416,828898.8355521
2015-03-31 09:15:00,NSE:TATACONSUM,148.437384,149.3759232,146.5109088,147.0048768,1400872.12127101
2015-04-01 09:15:00,NSE:TATACONSUM,147.0048768,150.1168752,147.0048768,149.27713948,582072.11803194
2015-04-06 09:15:00,NSE:TATACONSUM,150.1168752,150.26507548,147.9928128,149.6229072,853770.89204159
2015-04-07 09:15:00,NSE:TATACONSUM,150.56143652,150.56143652,148.09159652,149.27713948,1832516.47880025
2015-04-08 09:15:00,NSE:TATACONSUM,149.9686848,151.8457632,148.9807488,149.77110748,1156075.89965342
2015-04-09 09:15:00,NSE:TATACONSUM,150.51205948,151.154208,149.178336,150.2156688,863324.14245457
2015-04-10 09:15:00,NSE:TATACONSUM,150.8578272,160.5396,150.2156688,159.2552832,6427100.54092573
2015-04-13 09:15:00,NSE:TATACONSUM,159.69984452,160.786584,156.68665948,159.551664,3160708.79085285
2015-04-15 09:15:00,NSE:TATACONSUM,159.5022672,161.527536,155.94570748,157.0324272,4267072.96828944
2015-04-16 09:15:00,NSE:TATACONSUM,156.98302052,158.316744,154.1674128,157.3782048,1390266.17108801
2015-04-17 09:15:00,NSE:TATACONSUM,157.328808,159.2552832,155.105952,155.6493168,1238116.63913452
2015-04-20 09:15:00,NSE:TATACONSUM,155.4023328,155.846904,149.3759232,151.401192,1774578.51520746
2015-04-21 09:15:00,NSE:TATACONSUM,151.05540452,152.78429252,147.84461252,148.3879872,3134197.9642406
2015-04-22 09:15:00,NSE:TATACONSUM,149.07953252,149.919288,144.09047548,147.84461252,2752424.24610501
2015-04-23 09:15:00,NSE:TATACONSUM,149.178336,150.66024,148.09159652,148.3879872,2340996.78521686
2015-04-24 09:15:00,NSE:TATACONSUM,148.83254852,148.83254852,144.4362432,145.473576,1193617.80520196
2015-04-27 09:15:00,NSE:TATACONSUM,145.86874052,146.36270852,139.69414052,140.43509252,3043764.9807275
2015-04-28 09:15:00,NSE:TATACONSUM,139.89174748,142.41096452,139.298976,140.2375152,3746466.37029119
2015-04-29 09:15:00,NSE:TATACONSUM,140.533896,141.62063548,139.792944,140.8302768,1859010.0978201
2015-04-30 09:15:00,NSE:TATACONSUM,140.533896,141.42302852,138.70620452,140.38571548,2486804.81326726
2015-05-04 09:15:00,NSE:TATACONSUM,141.67001252,143.15191652,140.8302768,141.8182128,1117465.09895378
2015-05-05 09:15:00,NSE:TATACONSUM,142.11460348,144.13985252,141.768816,142.8061488,1807606.97049202
2015-05-06 09:15:00,NSE:TATACONSUM,142.509768,143.2013232,137.07612,138.1134528,2309398.58452369
2015-05-07 09:15:00,NSE:TATACONSUM,137.323104,138.7556112,134.95206748,136.088184,2395191.59135815
2015-05-08 09:15:00,NSE:TATACONSUM,137.323104,140.13873148,136.6315488,139.3483728,1591885.50675347
2015-05-11 09:15:00,NSE:TATACONSUM,139.69414052,142.16398052,138.8544048,141.62063548,2370274.99757069
2015-05-12 09:15:00,NSE:TATACONSUM,141.5712288,143.744688,137.71826852,141.12666748,3056748.61529492
2015-05-13 09:15:00,NSE:TATACONSUM,141.42302852,144.13985252,141.3242448,142.8061488,2254409.1924983
2015-05-14 09:15:00,NSE:TATACONSUM,143.3001168,145.12778852,141.91699652,144.5350368,1390495.94305704
2015-05-15 09:15:00,NSE:TATACONSUM,145.07841148,146.708496,143.6952912,145.62175652,2260003.6844492
2015-05-18 09:15:00,NSE:TATACONSUM,145.967544,148.6349712,145.86874052,146.1651312,1515910.94969715
2015-05-19 09:15:00,NSE:TATACONSUM,146.0169408,147.449448,145.0290048,145.7699568,1152717.38250251
2015-05-20 09:15:00,NSE:TATACONSUM,145.6711632,146.95548,142.8061488,144.1892592,1668556.46519613
2015-05-21 09:15:00,NSE:TATACONSUM,144.38683652,145.72056,143.3001168,144.88080452,711377.05276455
2015-05-22 09:15:00,NSE:TATACONSUM,145.226592,147.35064452,144.7820208,146.1651312,1023238.34742331
2015-05-25 09:15:00,NSE:TATACONSUM,145.72056,147.6470352,144.979608,145.6711632,882837.5522301
2015-05-26 09:15:00,NSE:TATACONSUM,145.0290048,147.8940192,145.0290048,147.0048768,1132290.95811874
2015-05-27 09:15:00,NSE:TATACONSUM,145.62175652,148.1904,145.62175652,146.9060832,920291.39539403
2015-05-28 09:15:00,NSE:TATACONSUM,147.59762852,148.4867808,141.274848,143.15191652,5194754.51851132
2015-05-29 09:15:00,NSE:TATACONSUM,141.3242448,144.88080452,141.3242448,144.48564,1359859.34311534
2015-06-01 09:15:00,NSE:TATACONSUM,143.5471008,144.63382052,143.0531328,143.39890052,576485.72377158
2015-06-02 09:15:00,NSE:TATACONSUM,143.25072,143.991672,138.31104,139.1013888,2102583.56816636
2015-06-03 09:15:00,NSE:TATACONSUM,138.90381148,139.4965632,134.853264,135.69301948,2298869.5624008
2015-06-04 09:15:00,NSE:TATACONSUM,135.98938052,136.92793948,134.359296,136.088184,2158079.06585042
2015-06-05 09:15:00,NSE:TATACONSUM,136.23636452,138.0146592,135.19905148,136.829136,765829.97279176
2015-06-08 09:15:00,NSE:TATACONSUM,137.1255168,137.1255168,132.383424,133.22317948,1961578.4828167
2015-06-09 09:15:00,NSE:TATACONSUM,133.37136,137.22430052,132.383424,135.8905968,888421.92206783
2015-06-10 09:15:00,NSE:TATACONSUM,135.94000348,137.0267232,134.359296,134.95206748,809180.95909047
2015-06-11 09:15:00,NSE:TATACONSUM,135.347232,136.088184,131.98825948,132.77858852,1605970.42723415
2015-06-12 09:15:00,NSE:TATACONSUM,131.98825948,132.8279952,124.1835552,126.60398852,2673539.58151135
2015-06-15 09:15:00,NSE:TATACONSUM,126.3076176,129.32081252,125.5666656,127.54254748,1956869.67576847
2015-06-16 09:15:00,NSE:TATACONSUM,127.3943472,127.937712,125.2702848,127.1473632,1357586.92870793
2015-06-17 09:15:00,NSE:TATACONSUM,127.7401248,132.53160452,127.29556348,130.75333948,2267083.09040262
2015-06-18 09:15:00,NSE:TATACONSUM,131.3460912,132.28462052,130.7039328,131.00032348,982738.76040553
2015-06-19 09:15:00,NSE:TATACONSUM,131.5930752,134.5568832,131.04970052,132.13644,1293763.96851618
2015-06-22 09:15:00,NSE:TATACONSUM,132.13644,134.8038672,132.0870432,133.37136,1031487.86965957
2015-06-23 09:15:00,NSE:TATACONSUM,133.96413148,134.26049252,131.395488,132.23524348,2141629.61973245
2015-06-24 09:15:00,NSE:TATACONSUM,131.74127548,133.618344,130.90152,131.5930752,1716858.17704791
2015-06-25 09:15:00,NSE:TATACONSUM,131.29668452,134.75446052,131.00032348,134.0629152,2769693.58339002
2015-06-26 09:15:00,NSE:TATACONSUM,131.5930752,133.37136,130.7039328,132.23524348,940231.95834548
2015-06-29 09:15:00,NSE:TATACONSUM,130.407552,130.407552,126.6533952,127.9871088,1415008.66452888
2015-06-30 09:15:00,NSE:TATACONSUM,128.184696,131.148504,127.59192452,130.6051392,4385902.52809899
2015-07-01 09:15:00,NSE:TATACONSUM,130.90152,134.45809948,129.7159968,133.9147248,2700236.65500599
2015-07-02 09:15:00,NSE:TATACONSUM,133.8159312,136.3845648,133.47016348,135.44603548,1848873.81368834
2015-07-03 09:15:00,NSE:TATACONSUM,135.8412,136.92793948,133.618344,134.45809948,1045585.94888738
2015-07-06 09:15:00,NSE:TATACONSUM,131.49429148,133.96413148,130.6051392,133.37136,1275704.09419234
2015-07-07 09:15:00,NSE:TATACONSUM,133.96413148,139.94112452,133.47016348,136.5327552,3172269.2563081
2015-07-08 09:15:00,NSE:TATACONSUM,134.45809948,136.335168,132.5810112,133.27255652,1628462.77491659
2015-07-09 09:15:00,NSE:TATACONSUM,133.27255652,134.0629152,131.5930752,132.3340272,1061879.51446248
2015-07-10 09:15:00,NSE:TATACONSUM,133.1737728,133.96413148,132.1858368,132.9267888,1610166.0431445
2015-07-13 09:15:00,NSE:TATACONSUM,133.27255652,136.1375808,132.630408,135.1496448,1741799.06390697
2015-07-14 09:15:00,NSE:TATACONSUM,135.347232,136.5327552,134.112312,135.3966288,1998476.62196741
2015-07-15 09:15:00,NSE:TATACONSUM,135.8412,137.817072,134.95206748,136.48334852,1548885.75778188
2015-07-16 09:15:00,NSE:TATACONSUM,137.2737072,137.2737072,134.95206748,136.335168,814803.79295825
2015-07-17 09:15:00,NSE:TATACONSUM,137.22430052,138.31104,135.594216,137.323104,2134703.05768795
2015-07-20 09:15:00,NSE:TATACONSUM,136.5327552,140.8302768,136.5327552,140.039928,2423596.26534512
2015-07-21 09:15:00,NSE:TATACONSUM,138.40984348,140.18810852,135.24842852,135.8412,1989235.13264017
2015-07-22 09:15:00,NSE:TATACONSUM,135.347232,138.31104,132.877392,137.817072,1326148.65740291
2015-07-23 09:15:00,NSE:TATACONSUM,138.2616432,140.4844992,137.71826852,139.15079548,2033636.79428627
2015-07-24 09:15:00,NSE:TATACONSUM,139.15079548,140.5832928,138.40984348,139.1013888,1561309.63949082
2015-07-27 09:15:00,NSE:TATACONSUM,138.90381148,138.90381148,135.100248,135.8905968,1261211.25255077
2015-07-28 09:15:00,NSE:TATACONSUM,136.1375808,136.829136,134.50747652,135.7918032,1310738.75230784
2015-07-29 09:15:00,NSE:TATACONSUM,136.48334852,137.22430052,135.594216,136.97731652,1164327.44631231
2015-07-30 09:15:00,NSE:TATACONSUM,136.0387872,136.0387872,133.865328,135.49541252,1871334.78281994
2015-07-31 09:15:00,NSE:TATACONSUM,134.359296,141.0772608,133.71714748,138.5086272,2357050.45670975
2015-08-03 09:15:00,NSE:TATACONSUM,139.69414052,142.11460348,138.558024,139.15079548,1693668.41576782
2015-08-04 09:15:00,NSE:TATACONSUM,141.67001252,143.003736,139.298976,141.5712288,2143760.32455544
2015-08-05 09:15:00,NSE:TATACONSUM,142.4603712,142.90493252,140.0893248,140.43509252,1569767.67725845
2015-08-06 09:15:00,NSE:TATACONSUM,140.286912,145.5229728,139.298976,142.0158,3882487.32711431
2015-08-07 09:15:00,NSE:TATACONSUM,141.2254512,143.25072,139.89174748,140.2375152,1004991.21400577
2015-08-10 09:15:00,NSE:TATACONSUM,140.286912,140.92906052,136.582152,137.2737072,1263689.1458556
2015-08-11 09:15:00,NSE:TATACONSUM,137.5206912,139.1013888,134.5568832,136.0387872,1284704.67722606
2015-08-12 09:15:00,NSE:TATACONSUM,136.0387872,136.0387872,130.50635548,131.4448848,1211844.69439316
2015-08-13 09:15:00,NSE:TATACONSUM,132.877392,133.124376,127.83890852,128.43168,1087814.39283516
2015-08-14 09:15:00,NSE:TATACONSUM,129.6172032,132.0870432,128.184696,130.50635548,1735237.91014803
2015-08-17 09:15:00,NSE:TATACONSUM,130.90152,131.29668452,129.1232352,129.419616,808425.84944774
2015-08-18 09:15:00,NSE:TATACONSUM,132.5810112,134.75446052,130.9509168,132.53160452,2215922.89379069
2015-08-19 09:15:00,NSE:TATACONSUM,132.877392,133.1737728,129.913584,132.1858368,1523303.12894762
2015-08-20 09:15:00,NSE:TATACONSUM,131.6918688,133.37136,130.160568,131.29668452,1371357.05146892
2015-08-21 09:15:00,NSE:TATACONSUM,129.913584,130.6051392,125.467872,128.82684452,1056530.98986169
2015-08-24 09:15:00,NSE:TATACONSUM,127.34494052,127.34494052,111.1428,113.4644496,3809330.76636543
2015-08-25 09:15:00,NSE:TATACONSUM,114.6993696,117.9595584,107.2404528,116.1318768,5118322.44193956
2015-08-26 09:15:00,NSE:TATACONSUM,116.5270512,118.3547328,113.7608304,115.8848928,1421334.9852622
2015-08-27 09:15:00,NSE:TATACONSUM,117.811368,118.0089552,114.5017824,114.9463536,6940892.9323357
2015-08-28 09:15:00,NSE:TATACONSUM,116.9222256,118.9474944,115.588512,116.7246384,3532628.63181421
2015-08-31 09:15:00,NSE:TATACONSUM,116.3788608,118.7005104,115.4403216,118.1571456,2034735.04356558
2015-09-01 09:15:00,NSE:TATACONSUM,117.3174,117.3174,112.6741008,113.8102272,2749906.87655881
2015-09-02 09:15:00,NSE:TATACONSUM,114.6993696,117.9101616,114.106608,117.4161936,1950734.66297412
2015-09-03 09:15:00,NSE:TATACONSUM,119.293272,123.492,117.564384,122.6522544,4745729.48045218
2015-09-04 09:15:00,NSE:TATACONSUM,123.0474288,123.0474288,115.341528,118.7499072,2527333.75441324
2015-09-07 09:15:00,NSE:TATACONSUM,120.1330176,120.9727632,116.9222256,118.9968912,1365920.46448353
2015-09-08 09:15:00,NSE:TATACONSUM,119.9354304,120.6269856,115.588512,119.4908592,1431558.31956726
2015-09-09 09:15:00,NSE:TATACONSUM,120.6269856,122.998032,120.0836208,122.1582864,1588521.92854598
2015-09-10 09:15:00,NSE:TATACONSUM,120.528192,123.0968256,118.55232,122.25708,1054992.42865935
2015-09-11 09:15:00,NSE:TATACONSUM,123.2944128,123.7883808,121.2197472,121.763112,793955.27645516
2015-09-14 09:15:00,NSE:TATACONSUM,122.6028576,122.998032,120.1824144,122.5534608,798838.18384997
2015-09-15 09:15:00,NSE:TATACONSUM,122.5534608,124.9245072,122.5534608,123.8871744,951031.2408901
2015-09-16 09:15:00,NSE:TATACONSUM,125.4184752,125.4184752,120.6763824,121.6149216,704118.48540796
2015-09-18 09:15:00,NSE:TATACONSUM,122.504064,124.479936,121.4173344,123.9365712,1300377.75726363
2015-09-21 09:15:00,NSE:TATACONSUM,121.5655248,124.6775232,121.5655248,123.985968,631238.25834872
2015-09-22 09:15:00,NSE:TATACONSUM,124.6775232,125.467872,121.4173344,122.4052704,1300317.02458459
2015-09-23 09:15:00,NSE:TATACONSUM,121.8619056,123.8377776,120.775176,123.492,1067993.27081916
2015-09-24 09:15:00,NSE:TATACONSUM,123.2944128,124.4305392,122.1582864,122.7016512,1023903.3702588
2015-09-28 09:15:00,NSE:TATACONSUM,123.492,126.455808,122.3064768,125.5666656,1268611.52949179
2015-09-29 09:15:00,NSE:TATACONSUM,124.973904,126.0606336,121.6149216,125.0726976,1022274.72224921
2015-09-30 09:15:00,NSE:TATACONSUM,125.8630464,127.83890852,125.1220944,126.2582208,926284.69860396
2015-10-01 09:15:00,NSE:TATACONSUM,127.3943472,129.6172032,125.8630464,128.4810768,1233873.44929226
2015-10-05 09:15:00,NSE:TATACONSUM,129.8641872,130.8521232,128.53048348,130.25937148,755284.75528779
2015-10-06 09:15:00,NSE:TATACONSUM,130.90152,130.9509168,128.03651548,128.9750448,1021450.78223691
2015-10-07 09:15:00,NSE:TATACONSUM,130.50635548,132.3340272,130.01238748,131.4448848,1007018.67327438
2015-10-08 09:15:00,NSE:TATACONSUM,133.27255652,133.27255652,130.25937148,131.74127548,856960.3699025
2015-10-09 09:15:00,NSE:TATACONSUM,132.383424,133.71714748,131.74127548,133.0749792,1333119.75674538
2015-10-12 09:15:00,NSE:TATACONSUM,133.37136,134.359296,132.28462052,132.9267888,573808.42483724
2015-10-13 09:15:00,NSE:TATACONSUM,132.9267888,133.0749792,130.1111712,130.7039328,1041239.51349075
2015-10-14 09:15:00,NSE:TATACONSUM,131.395488,133.37136,130.80271652,132.383424,1445936.78132996
2015-10-15 09:15:00,NSE:TATACONSUM,132.5810112,133.37136,131.5930752,133.0749792,599219.98995886
2015-10-16 09:15:00,NSE:TATACONSUM,133.37136,133.5689472,131.00032348,132.383424,361767.36144851
2015-10-19 09:15:00,NSE:TATACONSUM,131.98825948,133.47016348,131.642472,133.0749792,410002.26735335
2015-10-20 09:15:00,NSE:TATACONSUM,133.0749792,140.18810852,133.02557252,137.71826852,2499586.00557121
2015-10-21 09:15:00,NSE:TATACONSUM,138.0146592,138.0146592,133.96413148,135.8905968,596918.22142325
2015-10-23 09:15:00,NSE:TATACONSUM,137.0267232,138.31104,135.19905148,136.1375808,418588.85595828
2015-10-26 09:15:00,NSE:TATACONSUM,136.73033252,138.5086272,135.5448192,137.22430052,743189.84225699
2015-10-27 09:15:00,NSE:TATACONSUM,137.0267232,137.42190748,133.47016348,134.1617088,892766.33304182
2015-10-28 09:15:00,NSE:TATACONSUM,134.1617088,135.2978352,133.37136,133.96413148,600716.03828588
2015-10-29 09:15:00,NSE:TATACONSUM,134.26049252,136.829136,133.1737728,134.26049252,2109646.7787387
2015-10-30 09:15:00,NSE:TATACONSUM,135.347232,135.594216,129.419616,131.8400592,783473.82826418
2015-11-02 09:15:00,NSE:TATACONSUM,132.383424,133.37136,129.3702192,131.04970052,629275.58060441
2015-11-03 09:15:00,NSE:TATACONSUM,131.6918688,132.53160452,129.2220288,130.160568,525507.72519677
2015-11-04 09:15:00,NSE:TATACONSUM,130.407552,131.889456,129.81478052,130.160568,564369.55430311
2015-11-05 09:15:00,NSE:TATACONSUM,130.160568,131.00032348,125.96184,126.455808,903392.52745117
2015-11-06 09:15:00,NSE:TATACONSUM,125.2702848,126.702792,123.245016,124.3317456,868974.30602792
2015-11-09 09:15:00,NSE:TATACONSUM,123.3932064,127.8883152,121.516128,127.2461568,1121368.18579341
2015-11-10 09:15:00,NSE:TATACONSUM,125.7642528,126.9003792,123.7883808,124.1835552,532254.11362679
2015-11-11 09:15:00,NSE:TATACONSUM,125.1714912,128.43168,125.1714912,126.3570144,101403.32977035
2015-11-13 09:15:00,NSE:TATACONSUM,126.455808,127.443744,124.72692,126.455808,746590.87228322
2015-11-16 09:15:00,NSE:TATACONSUM,126.2582208,127.83890852,124.973904,126.60398852,588055.29912869
2015-11-17 09:15:00,NSE:TATACONSUM,128.1352992,132.383424,126.7521888,130.90152,1166428.79700709
2015-11-18 09:15:00,NSE:TATACONSUM,132.03763652,132.03763652,126.55461148,127.19676,934061.51815502
2015-11-19 09:15:00,NSE:TATACONSUM,128.03651548,129.81478052,127.690728,129.32081252,494250.63971755
2015-11-20 09:15:00,NSE:TATACONSUM,129.4690128,134.359296,129.4690128,132.1858368,1163794.01094808
2015-11-23 09:15:00,NSE:TATACONSUM,133.1737728,133.37136,129.6666,131.3460912,852731.35101869
2015-11-24 09:15:00,NSE:TATACONSUM,131.395488,134.0629152,130.90152,132.72921148,620882.32436109
2015-11-26 09:15:00,NSE:TATACONSUM,132.97619548,134.60628,132.53160452,133.3219632,1927432.54623781
2015-11-27 09:15:00,NSE:TATACONSUM,133.27255652,136.73033252,133.27255652,135.2978352,1166350.85673566
2015-11-30 09:15:00,NSE:TATACONSUM,136.335168,136.43397148,134.26049252,135.8905968,860347.2289703
2015-12-01 09:15:00,NSE:TATACONSUM,136.3845648,137.42190748,133.37136,134.60628,922612.39594468
2015-12-02 09:15:00,NSE:TATACONSUM,134.75446052,136.1375808,133.37136,134.5568832,572287.07122729
2015-12-03 09:15:00,NSE:TATACONSUM,134.45809948,135.1496448,132.5810112,133.27255652,698316.49013701
2015-12-04 09:15:00,NSE:TATACONSUM,132.383424,133.37136,131.148504,132.03763652,767844.27331325
2015-12-07 09:15:00,NSE:TATACONSUM,132.48222748,134.1617088,132.48222748,133.71714748,482764.06568847
2015-12-08 09:15:00,NSE:TATACONSUM,133.3219632,136.829136,132.877392,133.37136,1286761.49062287
2015-12-09 09:15:00,NSE:TATACONSUM,133.51954052,134.6556768,128.82684452,130.55573252,1166609.9828329
2015-12-10 09:15:00,NSE:TATACONSUM,130.55573252,134.1617088,130.30874852,133.6677408,712835.64927283
2015-12-11 09:15:00,NSE:TATACONSUM,133.6677408,134.1617088,129.6172032,131.5930752,847162.16435073
2015-12-14 09:15:00,NSE:TATACONSUM,130.30874852,133.37136,130.06176452,132.72921148,783298.71570628
2015-12-15 09:15:00,NSE:TATACONSUM,133.22317948,133.22317948,131.148504,132.23524348,596992.11284942
2015-12-16 09:15:00,NSE:TATACONSUM,132.77858852,137.17492348,132.53160452,134.9026608,1206208.70177825
2015-12-17 09:15:00,NSE:TATACONSUM,135.94000348,141.0772608,134.6556768,140.4844992,1728250.61542448
2015-12-18 09:15:00,NSE:TATACONSUM,140.7314832,142.262784,139.298976,140.18810852,1161674.44044958
2015-12-21 09:15:00,NSE:TATACONSUM,139.8423408,142.5591648,139.5953568,141.17604452,1053509.53907945
2015-12-22 09:15:00,NSE:TATACONSUM,141.86761948,142.262784,138.6074208,139.4965632,616530.82790788
2015-12-23 09:15:00,NSE:TATACONSUM,140.286912,141.0772608,139.3483728,140.286912,568585.4144398
2015-12-24 09:15:00,NSE:TATACONSUM,141.274848,144.6832272,140.286912,143.0531328,1446442.88698863
2015-12-28 09:15:00,NSE:TATACONSUM,143.15191652,143.497704,141.7194192,142.3121808,790242.48534318
2015-12-29 09:15:00,NSE:TATACONSUM,142.65794852,142.65794852,139.4965632,140.18810852,1275876.17011628
2015-12-30 09:15:00,NSE:TATACONSUM,140.78088,145.62175652,139.792944,144.58444348,1767431.29109578
2015-12-31 09:15:00,NSE:TATACONSUM,145.226592,146.214528,142.4603712,144.4362432,1482641.58811907
2016-01-01 09:15:00,NSE:TATACONSUM,144.2880528,147.0048768,143.744688,144.63382052,790604.85699479
2016-01-04 09:15:00,NSE:TATACONSUM,144.13985252,145.4241792,140.533896,141.9664032,962090.66174327
2016-01-05 09:15:00,NSE:TATACONSUM,142.262784,147.696432,140.4844992,146.56031548,1521110.67923428
2016-01-06 09:15:00,NSE:TATACONSUM,145.32539548,147.9928128,142.756752,143.497704,844238.89806627
2016-01-07 09:15:00,NSE:TATACONSUM,142.36158748,142.9543392,137.323104,138.3604368,1047382.62397564
2016-01-08 09:15:00,NSE:TATACONSUM,138.95318852,144.979608,138.40984348,142.7073552,1300124.7044343
2016-01-11 09:15:00,NSE:TATACONSUM,141.4724352,142.262784,139.2495792,140.18810852,1216536.29384899
2016-01-12 09:15:00,NSE:TATACONSUM,140.68207652,141.7194192,136.3845648,137.817072,1369620.09684838
2016-01-13 09:15:00,NSE:TATACONSUM,140.039928,140.2375152,128.7280608,133.96413148,1931269.83934182
2016-01-14 09:15:00,NSE:TATACONSUM,130.50635548,134.60628,129.56779652,132.4328208,1448577.64065688
2016-01-15 09:15:00,NSE:TATACONSUM,133.37136,133.76652452,125.96184,126.949776,1778220.45152722
2016-01-18 09:15:00,NSE:TATACONSUM,126.455808,127.443744,119.5896528,120.3800016,2090936.05253782
2016-01-19 09:15:00,NSE:TATACONSUM,121.4667312,125.467872,120.0836208,124.8751104,1428493.34369838
2016-01-20 09:15:00,NSE:TATACONSUM,123.0968256,123.0968256,119.046288,121.0715568,1293675.90613157
2016-01-21 09:15:00,NSE:TATACONSUM,121.5655248,123.0474288,118.058352,120.281208,1338505.7331649
2016-01-22 09:15:00,NSE:TATACONSUM,122.3558736,125.3690784,120.4787952,124.0353648,1097431.41256114
2016-01-25 09:15:00,NSE:TATACONSUM,124.3317456,125.467872,121.9113024,122.8004448,691025.53201827
2016-01-27 09:15:00,NSE:TATACONSUM,123.4426032,124.4305392,121.8125088,122.9486352,663052.06005247
2016-01-28 09:15:00,NSE:TATACONSUM,123.4426032,123.8871744,121.1209536,121.6643184,1558509.86298708
2016-01-29 09:15:00,NSE:TATACONSUM,122.6028576,125.9124432,121.8619056,124.973904,936883.56330774
2016-02-01 09:15:00,NSE:TATACONSUM,125.2702848,126.7521888,123.6895872,125.0726976,600058.10092961
2016-02-02 09:15:00,NSE:TATACONSUM,125.8630464,126.1594272,122.0594928,122.751048,743720.24098727
2016-02-03 09:15:00,NSE:TATACONSUM,121.5655248,123.2944128,119.540256,120.281208,887897.59660545
2016-02-04 09:15:00,NSE:TATACONSUM,121.6149216,121.9113024,118.9474944,120.1330176,1134167.59790108
2016-02-05 09:15:00,NSE:TATACONSUM,120.4293984,122.4546672,119.9848272,121.02216,806871.09286432
2016-02-08 09:15:00,NSE:TATACONSUM,121.5655248,124.5787296,121.02216,122.4052704,1242609.84517216
2016-02-09 09:15:00,NSE:TATACONSUM,121.516128,122.8992384,118.6511136,119.293272,1122777.18394714
2016-02-10 09:15:00,NSE:TATACONSUM,119.046288,119.540256,115.0451472,116.9222256,1675200.6202831
2016-02-11 09:15:00,NSE:TATACONSUM,111.3403872,114.4029888,101.1646464,103.980264,5591787.32225569
2016-02-12 09:15:00,NSE:TATACONSUM,102.004392,105.1163904,98.7936,103.0417248,2112627.74106825
2016-02-15 09:15:00,NSE:TATACONSUM,103.8320736,107.1416592,103.8320736,104.721216,1105005.78984874
2016-02-16 09:15:00,NSE:TATACONSUM,106.4007072,107.5862304,100.9670592,101.4116304,1357639.56369643
2016-02-17 09:15:00,NSE:TATACONSUM,101.757408,103.3381056,99.8803296,102.745344,1283545.69526771
2016-02-18 09:15:00,NSE:TATACONSUM,104.1284544,105.215184,101.26344,103.2887088,1446480.33880737
2016-02-19 09:15:00,NSE:TATACONSUM,103.73328,106.8946752,102.992328,106.0055328,1356992.76066466
2016-02-22 09:15:00,NSE:TATACONSUM,106.0055328,108.5247696,105.709152,107.7838176,1165797.17714508
2016-02-23 09:15:00,NSE:TATACONSUM,107.685024,108.178992,103.8320736,105.3633744,1050024.49551388
2016-02-24 09:15:00,NSE:TATACONSUM,104.9188032,106.9934688,103.73328,105.4127712,767389.79043177
2016-02-25 09:15:00,NSE:TATACONSUM,106.4995008,106.7464848,101.26344,104.9188032,9479041.15246332
2016-02-26 09:15:00,NSE:TATACONSUM,106.6476912,107.191056,102.5477568,103.486296,2411054.96712338
2016-02-29 09:15:00,NSE:TATACONSUM,103.73328,105.8079456,100.3742976,102.3007728,1659520.4547663
2016-03-01 09:15:00,NSE:TATACONSUM,102.9429312,108.178992,102.9429312,107.5862304,1499359.27023613
2016-03-02 09:15:00,NSE:TATACONSUM,108.67296,111.389784,108.1295952,108.5741664,1235573.96430538
2016-03-03 09:15:00,NSE:TATACONSUM,109.166928,109.90788,106.6476912,108.178992,1275899.45097658
2016-03-04 09:15:00,NSE:TATACONSUM,108.67296,112.5259104,107.8332144,111.883752,1394456.72594176
2016-03-08 09:15:00,NSE:TATACONSUM,112.9210848,114.9957504,111.7355616,114.2547984,1697863.01946685
2016-03-09 09:15:00,NSE:TATACONSUM,114.2547984,116.08248,113.1680688,115.4403216,1574004.7938328
2016-03-10 09:15:00,NSE:TATACONSUM,116.3788608,116.6752416,114.0078144,115.0451472,1192209.81925955
2016-03-11 09:15:00,NSE:TATACONSUM,115.1439408,116.1812736,113.6620368,114.4523856,1185065.63178182
2016-03-14 09:15:00,NSE:TATACONSUM,114.6499728,115.9342896,112.5259104,114.2547984,1628946.61192628
2016-03-15 09:15:00,NSE:TATACONSUM,114.600576,114.9957504,113.61264,114.0572112,1096206.63686717
2016-03-16 09:15:00,NSE:TATACONSUM,114.3041952,114.6993696,112.7234976,113.7114336,975938.72477569
2016-03-17 09:15:00,NSE:TATACONSUM,114.600576,115.5391152,113.61264,114.4029888,1413783.8888349
2016-03-18 09:15:00,NSE:TATACONSUM,115.094544,118.2065424,114.5511792,117.4655904,2087649.40239044
2016-03-21 09:15:00,NSE:TATACONSUM,117.7619712,119.4414624,117.3174,118.4535264,850057.0887183
2016-03-22 09:15:00,NSE:TATACONSUM,119.5896528,121.8125088,118.9968912,119.9354304,1487343.30968808
2016-03-23 09:15:00,NSE:TATACONSUM,120.1330176,120.6763824,117.2186064,118.0089552,1245409.6216759
2016-03-28 09:15:00,NSE:TATACONSUM,118.55232,119.540256,117.070416,117.9595584,1399499.56272471
2016-03-29 09:15:00,NSE:TATACONSUM,117.6631776,118.9474944,116.9716224,117.8607648,3632131.02873061
2016-03-30 09:15:00,NSE:TATACONSUM,118.4535264,123.492,118.058352,119.9354304,1945679.67965536
2016-03-31 09:15:00,NSE:TATACONSUM,120.528192,120.8245728,118.8487008,119.78724,1647051.02354808
2016-04-01 09:15:00,NSE:TATACONSUM,120.528192,122.7016512,118.7499072,121.0715568,1551247.24678522
2016-04-04 09:15:00,NSE:TATACONSUM,121.3679376,121.9606992,119.293272,119.7378432,841893.60444401
2016-04-05 09:15:00,NSE:TATACONSUM,119.540256,119.6884464,116.576448,116.823432,1683399.53195349
2016-04-06 09:15:00,NSE:TATACONSUM,118.1571456,118.55232,113.61264,117.4161936,1343483.78842354
2016-04-07 09:15:00,NSE:TATACONSUM,116.6752416,118.9474944,116.6752416,117.2680032,1161393.04570337
2016-04-08 09:15:00,NSE:TATACONSUM,117.070416,117.564384,115.588512,116.2800672,656010.10591779
2016-04-11 09:15:00,NSE:TATACONSUM,116.576448,118.799304,116.4282576,118.058352,1063349.24529524
2016-04-12 09:15:00,NSE:TATACONSUM,118.058352,118.6511136,116.6258448,116.9222256,798247.05244064
2016-04-13 09:15:00,NSE:TATACONSUM,117.6137808,119.8860336,117.5149872,119.1944784,940076.07780261
2016-04-18 09:15:00,NSE:TATACONSUM,119.3920656,119.540256,117.6631776,118.55232,774676.69970524
2016-04-20 09:15:00,NSE:TATACONSUM,118.7499072,121.7137152,118.1077488,120.3800016,1592075.80248113
2016-04-21 09:15:00,NSE:TATACONSUM,120.9233664,121.269144,118.1077488,118.6511136,903545.37136009
2016-04-22 09:15:00,NSE:TATACONSUM,117.564384,120.3800016,117.564384,118.799304,725112.76034075
2016-04-25 09:15:00,NSE:TATACONSUM,118.9474944,120.4293984,118.55232,119.7378432,791680.83762511
2016-04-26 09:15:00,NSE:TATACONSUM,119.1450816,121.02216,119.1450816,120.3306048,996086.79104719
2016-04-27 09:15:00,NSE:TATACONSUM,121.02216,122.4546672,120.4787952,120.9233664,1973360.62255045
2016-04-28 09:15:00,NSE:TATACONSUM,121.02216,122.010096,118.55232,118.8487008,2168211.30113692
2016-04-29 09:15:00,NSE:TATACONSUM,119.540256,119.5896528,117.564384,118.6017168,880571.2110906
2016-05-02 09:15:00,NSE:TATACONSUM,117.9101616,120.3306048,117.564384,119.6390496,726357.78026107
2016-05-03 09:15:00,NSE:TATACONSUM,120.1330176,121.0715568,117.7125744,118.0089552,1372747.82981894
2016-05-04 09:15:00,NSE:TATACONSUM,118.3547328,118.3547328,114.8969568,115.5391152,904974.61374016
2016-05-05 09:15:00,NSE:TATACONSUM,115.588512,116.3788608,113.9090208,114.9463536,754097.43141256
2016-05-06 09:15:00,NSE:TATACONSUM,115.1439408,118.058352,114.4029888,116.6752416,662220.02234963
2016-05-09 09:15:00,NSE:TATACONSUM,117.4655904,118.9474944,116.0330832,117.3174,1222124.71253199
2016-05-10 09:15:00,NSE:TATACONSUM,117.564384,118.5029232,116.576448,116.7740352,532615.47306708
2016-05-11 09:15:00,NSE:TATACONSUM,115.588512,116.823432,114.8969568,115.8848928,630264.51106145
2016-05-12 09:15:00,NSE:TATACONSUM,116.329464,117.7619712,115.835496,117.5149872,603505.69267645
2016-05-13 09:15:00,NSE:TATACONSUM,116.576448,119.2438752,116.576448,118.1077488,1116859.79658601
2016-05-16 09:15:00,NSE:TATACONSUM,118.1077488,119.540256,117.0210192,119.1944784,697055.27483562
2016-05-17 09:15:00,NSE:TATACONSUM,119.540256,119.9354304,118.1571456,118.8980976,1081588.28102225
2016-05-18 09:15:00,NSE:TATACONSUM,118.55232,120.281208,118.1077488,119.4908592,649815.37265572
2016-05-19 09:15:00,NSE:TATACONSUM,118.55232,120.528192,117.5149872,118.5029232,1098352.52485991
2016-05-20 09:15:00,NSE:TATACONSUM,118.4535264,119.6884464,118.058352,118.6017168,472370.6798821
2016-05-23 09:15:00,NSE:TATACONSUM,119.046288,122.6028576,118.2559392,118.9474944,1413927.62284197
2016-05-24 09:15:00,NSE:TATACONSUM,120.2318112,120.7257792,118.2559392,120.281208,1455754.21889677
2016-05-25 09:15:00,NSE:TATACONSUM,118.55232,119.540256,117.7125744,118.058352,1809494.74459884
2016-05-26 09:15:00,NSE:TATACONSUM,118.55232,118.799304,116.7246384,117.1692096,1400443.95588378
2016-05-27 09:15:00,NSE:TATACONSUM,116.6752416,117.9595584,115.4403216,115.8848928,684393.52346711
2016-05-30 09:15:00,NSE:TATACONSUM,116.576448,118.2065424,115.8848928,116.5270512,700458.32928449
2016-05-31 09:15:00,NSE:TATACONSUM,116.3788608,117.6631776,116.1318768,116.329464,666268.86761896
2016-06-01 09:15:00,NSE:TATACONSUM,116.7740352,118.0089552,116.4282576,116.6258448,588439.93942927
2016-06-02 09:15:00,NSE:TATACONSUM,117.070416,118.3547328,116.2306704,117.811368,556451.02516762
2016-06-03 09:15:00,NSE:TATACONSUM,119.4908592,120.6269856,118.2559392,118.7499072,1805234.34716419
2016-06-06 09:15:00,NSE:TATACONSUM,118.8980976,119.7378432,117.1692096,117.8607648,876985.95860461
2016-06-07 09:15:00,NSE:TATACONSUM,117.9595584,118.8980976,117.4161936,117.9101616,698983.53739513
2016-06-08 09:15:00,NSE:TATACONSUM,117.8607648,124.973904,117.4655904,122.8992384,2419504.90720047
2016-06-09 09:15:00,NSE:TATACONSUM,125.7642528,125.9124432,123.0968256,123.4426032,2859722.6945875
2016-06-10 09:15:00,NSE:TATACONSUM,123.7883808,124.479936,121.2197472,122.1582864,911664.31833641
2016-06-13 09:15:00,NSE:TATACONSUM,120.528192,127.443744,120.528192,126.60398852,4358535.37071227
2016-06-14 09:15:00,NSE:TATACONSUM,127.83890852,127.937712,124.479936,124.973904,2938022.30103974
2016-06-15 09:15:00,NSE:TATACONSUM,125.714856,126.60398852,125.0726976,125.467872,1682366.06419849
2016-06-16 09:15:00,NSE:TATACONSUM,125.3690784,126.9991728,122.3064768,124.5787296,1507275.77494898
2016-06-17 09:15:00,NSE:TATACONSUM,124.973904,126.80159548,123.1956192,124.1835552,1738884.90752437
2016-06-20 09:15:00,NSE:TATACONSUM,123.0474288,125.6160624,123.0474288,124.6281264,741818.295922
2016-06-21 09:15:00,NSE:TATACONSUM,124.7763168,125.2702848,123.5907936,123.9365712,452576.88757166
2016-06-22 09:15:00,NSE:TATACONSUM,124.0847616,127.09795652,123.1956192,125.714856,2826598.0792278
2016-06-23 09:15:00,NSE:TATACONSUM,125.96184,126.60398852,124.0847616,125.220888,1425903.09493732
2016-06-24 09:15:00,NSE:TATACONSUM,119.046288,123.3438096,115.6873056,122.751048,3629684.51397661
2016-06-27 09:15:00,NSE:TATACONSUM,123.245016,124.8751104,122.8004448,124.4305392,2188433.25883458
2016-06-28 09:15:00,NSE:TATACONSUM,125.96184,127.04857948,125.220888,126.3076176,2594865.4568717
2016-06-29 09:15:00,NSE:TATACONSUM,126.60398852,129.32081252,126.55461148,128.1352992,2769103.46419201
2016-06-30 09:15:00,NSE:TATACONSUM,128.925648,130.3581552,127.8883152,129.6172032,2844907.96974703
2016-07-01 09:15:00,NSE:TATACONSUM,130.407552,135.100248,129.913584,133.27255652,5445673.60638746
2016-07-04 09:15:00,NSE:TATACONSUM,133.96413148,134.1617088,132.1858368,132.48222748,1158648.94082208
2016-07-05 09:15:00,NSE:TATACONSUM,132.630408,134.50747652,131.5930752,132.28462052,954077.99695527
2016-07-07 09:15:00,NSE:TATACONSUM,131.889456,134.75446052,131.8400592,132.8279952,2151299.27444693
2016-07-08 09:15:00,NSE:TATACONSUM,132.8279952,132.97619548,129.8641872,131.00032348,1312772.28484436
2016-07-11 09:15:00,NSE:TATACONSUM,132.383424,133.37136,131.0991072,131.49429148,1710276.77906261
2016-07-12 09:15:00,NSE:TATACONSUM,131.8400592,133.51954052,130.90152,131.29668452,1631766.63265637
2016-07-13 09:15:00,NSE:TATACONSUM,131.29668452,132.1858368,129.51841948,130.55573252,1322290.10786124
2016-07-14 09:15:00,NSE:TATACONSUM,131.29668452,131.6918688,130.01238748,131.00032348,1106740.72004664
2016-07-15 09:15:00,NSE:TATACONSUM,132.383424,132.877392,130.654536,131.00032348,1607216.45936579
2016-07-18 09:15:00,NSE:TATACONSUM,131.395488,131.8400592,127.59192452,128.3822832,2311672.01114242
2016-07-19 09:15:00,NSE:TATACONSUM,129.913584,129.913584,127.2461568,128.4810768,3951209.39008195
2016-07-20 09:15:00,NSE:TATACONSUM,128.77746748,133.1737728,128.77746748,132.23524348,1910118.67165484
2016-07-21 09:15:00,NSE:TATACONSUM,133.1737728,133.1737728,129.56779652,130.2099648,1907437.32387523
2016-07-22 09:15:00,NSE:TATACONSUM,130.30874852,131.29668452,129.6172032,129.913584,2036930.52991287
2016-07-25 09:15:00,NSE:TATACONSUM,130.160568,132.383424,129.6172032,131.8400592,1676951.74586208
2016-07-26 09:15:00,NSE:TATACONSUM,131.8400592,132.9267888,128.9750448,129.56779652,1287479.14844686
2016-07-27 09:15:00,NSE:TATACONSUM,129.8641872,137.07612,129.8641872,135.7918032,3620648.50354679
2016-07-28 09:15:00,NSE:TATACONSUM,136.335168,140.533896,134.9026608,138.45922052,3799879.7492955
2016-07-29 09:15:00,NSE:TATACONSUM,139.20017252,142.9543392,137.5206912,140.43509252,3093593.10724581
2016-08-01 09:15:00,NSE:TATACONSUM,141.274848,143.10253948,136.582152,139.298976,2012230.54934733
2016-08-02 09:15:00,NSE:TATACONSUM,139.298976,140.0893248,136.43397148,136.73033252,1189584.14310239
2016-08-03 09:15:00,NSE:TATACONSUM,136.73033252,138.3604368,133.47016348,134.112312,1469380.6076507
2016-08-04 09:15:00,NSE:TATACONSUM,134.359296,137.71826852,133.865328,136.6315488,1533503.18239238
2016-08-05 09:15:00,NSE:TATACONSUM,136.829136,138.95318852,136.829136,137.42190748,1445047.04758203
2016-08-08 09:15:00,NSE:TATACONSUM,136.8785328,141.768816,136.73033252,141.17604452,2459903.27308652
2016-08-09 09:15:00,NSE:TATACONSUM,142.16398052,145.226592,137.47128452,141.521832,8654038.31827163
2016-08-10 09:15:00,NSE:TATACONSUM,142.509768,142.756752,135.594216,136.088184,3329695.44585884
2016-08-11 09:15:00,NSE:TATACONSUM,135.8412,137.570088,134.112312,135.6436128,1154135.49055809
2016-08-12 09:15:00,NSE:TATACONSUM,136.1375808,137.7676752,134.359296,135.2978352,1036559.04835941
2016-08-16 09:15:00,NSE:TATACONSUM,135.24842852,137.42190748,134.45809948,136.3845648,1537036.81210119
2016-08-17 09:15:00,NSE:TATACONSUM,137.1255168,137.71826852,135.49541252,135.98938052,787643.12668027
2016-08-18 09:15:00,NSE:TATACONSUM,136.7797392,137.8664688,136.18698748,137.17492348,912212.9368704
2016-08-19 09:15:00,NSE:TATACONSUM,138.16285948,140.13873148,137.07612,139.54596,2326201.29239141
2016-08-22 09:15:00,NSE:TATACONSUM,140.286912,140.3363088,136.335168,136.73033252,1415758.71311502
2016-08-23 09:15:00,NSE:TATACONSUM,137.0267232,139.298976,136.73033252,137.91587548,1298644.85148836
2016-08-24 09:15:00,NSE:TATACONSUM,138.70620452,140.7314832,138.1134528,138.558024,2992119.93489457
2016-08-25 09:15:00,NSE:TATACONSUM,141.67001252,143.744688,138.40984348,138.7556112,4927961.93275678
2016-08-26 09:15:00,NSE:TATACONSUM,139.298976,139.9905312,137.22430052,138.21223652,1486273.40232566
2016-08-29 09:15:00,NSE:TATACONSUM,138.8544048,139.44715652,136.1375808,137.323104,1623914.90946782
2016-08-30 09:15:00,NSE:TATACONSUM,137.96525252,139.051992,137.07612,138.5086272,1854694.028763
2016-08-31 09:15:00,NSE:TATACONSUM,138.40984348,139.89174748,138.31104,138.558024,1418419.81666829
2016-09-01 09:15:00,NSE:TATACONSUM,138.558024,141.62063548,138.31104,139.39777948,2524104.80031095
2016-09-02 09:15:00,NSE:TATACONSUM,139.69414052,140.87968348,139.298976,139.89174748,1701838.98552133
2016-09-06 09:15:00,NSE:TATACONSUM,140.18810852,141.521832,139.54596,140.039928,1316525.56440903
2016-09-07 09:15:00,NSE:TATACONSUM,140.039928,142.4603712,139.5953568,140.4844992,2410800.90208273
2016-09-08 09:15:00,NSE:TATACONSUM,140.533896,141.768816,140.0893248,140.4844992,1169113.18142066
2016-09-09 09:15:00,NSE:TATACONSUM,140.4844992,140.9784672,137.1255168,138.0146592,1214111.03553267
2016-09-12 09:15:00,NSE:TATACONSUM,136.23636452,136.73033252,133.3219632,133.6677408,2276150.47938328
2016-09-14 09:15:00,NSE:TATACONSUM,133.5689472,136.5327552,133.47016348,135.7918032,1058624.24286593
2016-09-15 09:15:00,NSE:TATACONSUM,135.69301948,136.829136,134.6556768,135.347232,1469005.07725197
2016-09-16 09:15:00,NSE:TATACONSUM,136.68095548,139.9905312,136.18698748,138.16285948,3066995.23046027
2016-09-19 09:15:00,NSE:TATACONSUM,138.16285948,139.5953568,137.2737072,138.21223652,1379305.94694393
2016-09-20 09:15:00,NSE:TATACONSUM,138.0146592,138.65682748,135.8412,136.335168,1809749.82185081
2016-09-21 09:15:00,NSE:TATACONSUM,136.335168,138.65682748,135.94000348,136.3845648,1655430.10883296
2016-09-22 09:15:00,NSE:TATACONSUM,137.47128452,138.2616432,136.0387872,137.22430052,1219510.17069932
2016-09-23 09:15:00,NSE:TATACONSUM,137.22430052,142.262784,136.43397148,140.68207652,3581718.85628219
2016-09-26 09:15:00,NSE:TATACONSUM,141.7194192,142.509768,138.31104,138.95318852,2803178.54597869
2016-09-27 09:15:00,NSE:TATACONSUM,139.20017252,144.63382052,138.8544048,142.8061488,3357150.66563016
2016-09-28 09:15:00,NSE:TATACONSUM,146.31333148,147.35064452,143.84349148,144.979608,6543569.62394325
2016-09-29 09:15:00,NSE:TATACONSUM,146.11572452,146.214528,132.72921148,135.347232,4811615.32730865
2016-09-30 09:15:00,NSE:TATACONSUM,135.2978352,139.20017252,134.5568832,137.91587548,1489684.55446507
2016-10-03 09:15:00,NSE:TATACONSUM,139.2495792,141.42302852,138.1134528,140.63269948,1951197.24354614
2016-10-04 09:15:00,NSE:TATACONSUM,140.78088,141.521832,137.07612,140.0893248,2710781.87250996
2016-10-05 09:15:00,NSE:TATACONSUM,140.2375152,152.53730852,138.7556112,151.4505888,9860593.19632041
2016-10-06 09:15:00,NSE:TATACONSUM,152.0927472,153.5746512,146.80729948,149.07953252,6333033.7187834
2016-10-07 09:15:00,NSE:TATACONSUM,150.4626528,152.636112,148.78317148,149.42532,4147263.58792472
2016-10-10 09:15:00,NSE:TATACONSUM,150.06746852,152.0927472,149.27713948,149.82048452,2088652.50380591
2016-10-13 09:15:00,NSE:TATACONSUM,149.6229072,151.154208,143.34952348,146.06634748,3154709.41437502
2016-10-14 09:15:00,NSE:TATACONSUM,147.202464,152.3397312,145.62175652,151.3517952,4017331.08217536
2016-10-17 09:15:00,NSE:TATACONSUM,151.154208,152.389128,147.4000512,148.437384,3219014.18715382
2016-10-18 09:15:00,NSE:TATACONSUM,149.1289392,150.8578272,148.931352,150.06746852,2770255.36067114
2016-10-19 09:15:00,NSE:TATACONSUM,150.166272,155.7975072,149.03015548,152.73491548,6767432.3033071
2016-10-20 09:15:00,NSE:TATACONSUM,154.0686192,154.76016452,150.1168752,150.51205948,2814234.93019791
2016-10-21 09:15:00,NSE:TATACONSUM,150.6108432,152.3397312,149.32651652,150.66024,1772752.485991
2016-10-24 09:15:00,NSE:TATACONSUM,151.05540452,154.118016,150.166272,152.1915408,2748390.58400544
2016-10-25 09:15:00,NSE:TATACONSUM,147.2518608,149.919288,146.60969252,148.1904,3274385.18284585
2016-10-26 09:15:00,NSE:TATACONSUM,146.214528,149.3759232,142.3121808,143.64588452,3629836.34567421
2016-10-27 09:15:00,NSE:TATACONSUM,137.817072,139.4965632,134.01350852,136.088184,8628839.31752664
2016-10-28 09:15:00,NSE:TATACONSUM,136.335168,139.5953568,136.335168,138.2616432,2309222.45975448
2016-11-01 09:15:00,NSE:TATACONSUM,137.71826852,139.051992,136.6315488,136.92793948,1516034.43947786
2016-11-02 09:15:00,NSE:TATACONSUM,136.335168,136.335168,132.877392,133.3219632,2051193.5995854
2016-11-03 09:15:00,NSE:TATACONSUM,132.48222748,134.60628,129.2220288,129.76540348,2088405.52424449
2016-11-04 09:15:00,NSE:TATACONSUM,129.419616,130.407552,124.479936,125.3196816,4670804.58653192
2016-11-07 09:15:00,NSE:TATACONSUM,126.1594272,128.82684452,125.714856,126.455808,1972077.13860007
2016-11-08 09:15:00,NSE:TATACONSUM,128.43168,129.419616,125.0233008,125.9124432,2792238.56606096
2016-11-09 09:15:00,NSE:TATACONSUM,116.576448,121.4173344,113.5632432,120.4293984,5337127.1013507
2016-11-10 09:15:00,NSE:TATACONSUM,122.504064,125.5666656,122.1582864,123.8871744,2196986.44446604
2016-11-11 09:15:00,NSE:TATACONSUM,121.516128,123.8377776,115.835496,117.2186064,3095675.22592557
2016-11-15 09:15:00,NSE:TATACONSUM,118.3547328,118.3547328,112.871688,115.588512,2435026.15554044
2016-11-16 09:15:00,NSE:TATACONSUM,121.6149216,123.7883808,118.9474944,119.8366368,4760848.88089917
2016-11-17 09:15:00,NSE:TATACONSUM,120.2318112,121.3185408,113.8102272,117.1692096,1322541.13626794
2016-11-18 09:15:00,NSE:TATACONSUM,117.4655904,119.540256,116.8728288,118.6511136,2033440.42529071
2016-11-21 09:15:00,NSE:TATACONSUM,118.6511136,120.3306048,113.5138464,114.2547984,2000455.4950928
2016-11-22 09:15:00,NSE:TATACONSUM,116.3788608,117.3667968,114.6499728,115.8848928,3453158.90907913
2016-11-23 09:15:00,NSE:TATACONSUM,117.3667968,117.4655904,115.4403216,116.2306704,2197454.08609465
2016-11-24 09:15:00,NSE:TATACONSUM,116.2306704,116.2306704,113.118672,113.7114336,2247533.24101966
2016-11-25 09:15:00,NSE:TATACONSUM,114.600576,117.7619712,114.2054016,117.070416,1492304.15735432
2016-11-28 09:15:00,NSE:TATACONSUM,117.1198128,120.3306048,116.08248,119.4908592,1760169.68710524
2016-11-29 09:15:00,NSE:TATACONSUM,121.3185408,122.7016512,120.034224,120.4787952,2018335.19580216
2016-11-30 09:15:00,NSE:TATACONSUM,121.4667312,122.8992384,121.02216,122.3558736,1636652.57668513
2016-12-01 09:15:00,NSE:TATACONSUM,123.1462224,123.1462224,120.0836208,120.4293984,1220433.30742072
2016-12-02 09:15:00,NSE:TATACONSUM,120.034224,121.9113024,118.8487008,120.0836208,1359837.07446636
2016-12-05 09:15:00,NSE:TATACONSUM,119.9848272,123.3438096,119.6390496,122.1582864,1419000.82596444
2016-12-06 09:15:00,NSE:TATACONSUM,122.3064768,123.738984,121.3185408,121.9113024,1504974.00641337
2016-12-07 09:15:00,NSE:TATACONSUM,122.8498416,122.998032,119.293272,120.8245728,1232489.75642147
2016-12-08 09:15:00,NSE:TATACONSUM,121.516128,123.5907936,121.516128,122.3558736,1103684.85407962
2016-12-09 09:15:00,NSE:TATACONSUM,122.8498416,123.0968256,122.010096,122.4052704,931295.14462475
2016-12-12 09:15:00,NSE:TATACONSUM,122.4052704,123.492,120.6269856,121.8619056,770165.27386389
2016-12-13 09:15:00,NSE:TATACONSUM,122.5534608,123.492,121.5655248,121.8619056,508556.22226541
2016-12-14 09:15:00,NSE:TATACONSUM,122.3558736,123.2944128,120.9233664,121.269144,836276.84384414
2016-12-15 09:15:00,NSE:TATACONSUM,121.02216,125.3196816,120.7257792,122.9486352,2239415.30625466
2016-12-16 09:15:00,NSE:TATACONSUM,123.492,123.492,121.4667312,122.8004448,814561.87445341
2016-12-19 09:15:00,NSE:TATACONSUM,123.2944128,124.5787296,122.504064,122.8004448,934309.50992777
2016-12-20 09:15:00,NSE:TATACONSUM,123.2944128,123.492,119.293272,119.78724,654087.91662618
2016-12-21 09:15:00,NSE:TATACONSUM,119.293272,121.4667312,119.293272,120.1330176,685324.75787905
2016-12-22 09:15:00,NSE:TATACONSUM,120.9233664,120.9233664,117.564384,117.9595584,850057.0887183
2016-12-23 09:15:00,NSE:TATACONSUM,118.058352,118.3547328,116.576448,117.4161936,758526.86813721
2016-12-26 09:15:00,NSE:TATACONSUM,117.3667968,117.4161936,114.8969568,115.588512,430408.44751077
2016-12-27 09:15:00,NSE:TATACONSUM,115.588512,119.5896528,115.0451472,119.0956848,737396.9568879
2016-12-28 09:15:00,NSE:TATACONSUM,117.7619712,120.528192,117.7619712,118.1571456,877488.015418
2016-12-29 09:15:00,NSE:TATACONSUM,118.1571456,120.6763824,118.1571456,119.6390496,1038025.74255822
2016-12-30 09:15:00,NSE:TATACONSUM,119.6390496,121.8125088,119.6390496,120.528192,1029871.36818579
2017-01-02 09:15:00,NSE:TATACONSUM,121.3185408,122.7016512,119.8860336,122.0594928,1115637.04531468
2017-01-03 09:15:00,NSE:TATACONSUM,121.3185408,123.8871744,121.3185408,122.9486352,587517.81491919
2017-01-04 09:15:00,NSE:TATACONSUM,123.492,124.5293328,122.3064768,122.9486352,664226.22518058
2017-01-05 09:15:00,NSE:TATACONSUM,123.245016,124.1341584,123.0474288,123.6895872,509714.19201244
2017-01-06 09:15:00,NSE:TATACONSUM,123.8871744,125.4184752,122.5534608,123.1462224,1270346.4596897
2017-01-09 09:15:00,NSE:TATACONSUM,123.245016,123.985968,122.4546672,123.245016,419993.80526674
2017-01-10 09:15:00,NSE:TATACONSUM,123.985968,123.985968,122.3064768,122.9486352,539723.22093739
2017-01-11 09:15:00,NSE:TATACONSUM,123.492,126.3570144,123.0474288,126.1100304,849531.7510446
2017-01-12 09:15:00,NSE:TATACONSUM,126.7521888,126.85097252,122.5534608,123.6401904,1420737.78058498
2017-01-13 09:15:00,NSE:TATACONSUM,125.3690784,129.32081252,125.1220944,126.80159548,3661937.61539209
2017-01-16 09:15:00,NSE:TATACONSUM,126.6533952,126.85097252,125.467872,126.1100304,545324.79836751
2017-01-17 09:15:00,NSE:TATACONSUM,127.04857948,127.83890852,125.0233008,126.0606336,862215.77106209
2017-01-18 09:15:00,NSE:TATACONSUM,126.455808,128.8762512,126.1594272,127.09795652,1072883.26369319
2017-01-19 09:15:00,NSE:TATACONSUM,128.2340928,129.9629808,127.59192452,128.925648,1324866.18566385
2017-01-20 09:15:00,NSE:TATACONSUM,128.678664,129.76540348,124.479936,124.8751104,973373.78129757
2017-01-23 09:15:00,NSE:TATACONSUM,126.0606336,126.85097252,125.0726976,126.3570144,755426.46487222
2017-01-24 09:15:00,NSE:TATACONSUM,127.2461568,127.3943472,125.3196816,126.9003792,1008394.26845464
2017-01-25 09:15:00,NSE:TATACONSUM,127.690728,127.690728,125.9124432,126.80159548,920880.50238072
2017-01-27 09:15:00,NSE:TATACONSUM,126.80159548,128.3822832,126.80159548,127.6413312,769155.0869692
2017-01-30 09:15:00,NSE:TATACONSUM,127.54254748,130.2099648,126.55461148,128.8762512,1272105.68295922
2017-01-31 09:15:00,NSE:TATACONSUM,128.925648,130.407552,126.949776,127.29556348,1633864.9467172
2017-02-01 09:15:00,NSE:TATACONSUM,127.4931408,129.07382852,125.8136496,128.53048348,1236890.85122923
2017-02-02 09:15:00,NSE:TATACONSUM,130.8521232,137.1255168,130.80271652,135.98938052,6733923.04764681
2017-02-03 09:15:00,NSE:TATACONSUM,136.5327552,142.16398052,135.44603548,140.13873148,3612715.80345286
2017-02-06 09:15:00,NSE:TATACONSUM,140.18810852,143.003736,139.4965632,141.027864,2153485.65089237
2017-02-07 09:15:00,NSE:TATACONSUM,140.38571548,144.0410688,138.40984348,139.94112452,2232855.16470703
2017-02-08 09:15:00,NSE:TATACONSUM,140.2375152,145.12778852,139.64476348,144.38683652,2189298.6995109
2017-02-09 09:15:00,NSE:TATACONSUM,144.238656,145.37477252,141.3242448,142.16398052,1747904.72257312
2017-02-10 09:15:00,NSE:TATACONSUM,142.2133872,143.744688,140.87968348,142.2133872,1384110.91406731
2017-02-13 09:15:00,NSE:TATACONSUM,143.15191652,145.07841148,139.54596,140.2375152,2251357.37537654
2017-02-14 09:15:00,NSE:TATACONSUM,140.68207652,141.9664032,138.2616432,139.4965632,1412635.02898973
2017-02-15 09:15:00,NSE:TATACONSUM,139.20017252,141.12666748,136.335168,137.07612,1208195.67259418
2017-02-16 09:15:00,NSE:TATACONSUM,137.5206912,139.0025952,136.43397148,138.40984348,953889.72565024
2017-02-17 09:15:00,NSE:TATACONSUM,139.20017252,140.2375152,137.96525252,138.45922052,964080.66919315
2017-02-20 09:15:00,NSE:TATACONSUM,139.298976,140.87968348,138.1134528,139.89174748,1536211.85987756
2017-02-21 09:15:00,NSE:TATACONSUM,140.43509252,141.4724352,139.298976,139.89174748,1692331.28461763
2017-02-22 09:15:00,NSE:TATACONSUM,140.8302768,141.027864,137.91587548,138.31104,1311920.00291517
2017-02-23 09:15:00,NSE:TATACONSUM,138.3604368,139.20017252,137.0267232,137.570088,1356490.70385126
2017-02-27 09:15:00,NSE:TATACONSUM,137.323104,138.7556112,136.68095548,137.22430052,1142818.96803032
2017-02-28 09:15:00,NSE:TATACONSUM,137.47128452,138.16285948,135.100248,136.3845648,1532177.18556668
2017-03-01 09:15:00,NSE:TATACONSUM,136.829136,144.0410688,136.582152,141.86761948,4979423.76834127
2017-03-02 09:15:00,NSE:TATACONSUM,143.6952912,143.991672,138.3604368,139.39777948,1786811.08897742
2017-03-03 09:15:00,NSE:TATACONSUM,139.39777948,142.4603712,138.40984348,141.62063548,1693366.77679526
2017-03-06 09:15:00,NSE:TATACONSUM,142.2133872,143.4483072,140.38571548,141.521832,2068000.35629838
2017-03-07 09:15:00,NSE:TATACONSUM,141.274848,142.41096452,140.4844992,141.027864,736502.16208337
2017-03-08 09:15:00,NSE:TATACONSUM,140.68207652,141.274848,138.3604368,139.69414052,1117356.79234282
2017-03-09 09:15:00,NSE:TATACONSUM,138.90381148,140.63269948,138.5086272,139.1013888,1086117.92666731
2017-03-10 09:15:00,NSE:TATACONSUM,139.15079548,140.533896,135.100248,135.44603548,1691579.21160885
2017-03-14 09:15:00,NSE:TATACONSUM,138.5086272,138.70620452,136.92793948,137.817072,848454.75820296
2017-03-15 09:15:00,NSE:TATACONSUM,137.91587548,140.38571548,137.6194848,139.20017252,1295074.78217212
2017-03-16 09:15:00,NSE:TATACONSUM,139.89174748,143.744688,139.64476348,142.9543392,4036340.41071486
2017-03-17 09:15:00,NSE:TATACONSUM,143.9422752,143.9422752,140.533896,143.0531328,1921997.98367506
2017-03-20 09:15:00,NSE:TATACONSUM,143.0531328,145.6711632,143.0531328,144.6832272,2708166.31846597
2017-03-21 09:15:00,NSE:TATACONSUM,145.226592,146.6590992,143.34952348,144.13985252,2991950.89560457
2017-03-22 09:15:00,NSE:TATACONSUM,143.7940848,143.7940848,140.4844992,141.37365148,2334923.51731286
2017-03-23 09:15:00,NSE:TATACONSUM,142.16398052,150.66024,141.4724352,149.77110748,6500722.71888058
2017-03-24 09:15:00,NSE:TATACONSUM,151.05540452,151.30238852,148.684368,149.32651652,3528559.54231853
2017-03-27 09:15:00,NSE:TATACONSUM,149.178336,150.06746852,146.214528,146.80729948,2969108.32280634
2017-03-28 09:15:00,NSE:TATACONSUM,148.09159652,152.04334052,146.214528,148.7337648,2773580.47484857
2017-03-29 09:15:00,NSE:TATACONSUM,149.8698912,151.154208,147.696432,148.78317148,2118481.35911638
2017-03-30 09:15:00,NSE:TATACONSUM,149.6229072,150.907224,147.8940192,148.33858052,3059707.30897548
2017-03-31 09:15:00,NSE:TATACONSUM,149.6229072,150.26507548,148.28920348,148.7337648,1207706.7745279
2017-04-03 09:15:00,NSE:TATACONSUM,148.83254852,151.648176,148.4867808,150.06746852,1810388.52719204
2017-04-05 09:15:00,NSE:TATACONSUM,150.9566208,152.9324928,149.178336,150.80842052,2035848.47601464
2017-04-06 09:15:00,NSE:TATACONSUM,151.05540452,152.48793148,149.42532,151.2036048,2323978.47633855
2017-04-07 09:15:00,NSE:TATACONSUM,150.9566208,152.5867152,148.1904,148.78317148,1462282.98189356
2017-04-10 09:15:00,NSE:TATACONSUM,149.672304,150.413256,147.59762852,149.1289392,1880602.58964143
2017-04-11 09:15:00,NSE:TATACONSUM,149.672304,151.89516,149.2277328,151.54937252,2089427.85767499
2017-04-12 09:15:00,NSE:TATACONSUM,152.0927472,152.0927472,148.4867808,149.919288,1930536.99834807
2017-04-13 09:15:00,NSE:TATACONSUM,150.166272,151.154208,147.9928128,148.684368,1287739.28675542
2017-04-17 09:15:00,NSE:TATACONSUM,149.178336,149.178336,146.7578928,147.6470352,840846.97794189
2017-04-18 09:15:00,NSE:TATACONSUM,147.30126748,150.66024,145.72056,146.36270852,1583044.85310789
2017-04-19 09:15:00,NSE:TATACONSUM,146.11572452,148.9807488,145.72056,148.3879872,1105655.62951446
2017-04-20 09:15:00,NSE:TATACONSUM,148.437384,151.74697948,148.437384,150.31445252,1559352.0228031
2017-04-21 09:15:00,NSE:TATACONSUM,151.648176,152.04334052,147.8940192,149.4747168,1309495.75681016
2017-04-24 09:15:00,NSE:TATACONSUM,149.178336,151.401192,149.178336,150.1168752,1093073.84284002
2017-04-25 09:15:00,NSE:TATACONSUM,150.56143652,151.30238852,149.178336,149.8698912,957073.13024325
2017-04-26 09:15:00,NSE:TATACONSUM,150.6108432,154.71078748,149.77110748,151.89516,4212532.99808894
2017-04-27 09:15:00,NSE:TATACONSUM,153.13008,153.52524452,149.7217008,150.26507548,1404987.77248729
2017-04-28 09:15:00,NSE:TATACONSUM,151.54937252,152.8336992,150.166272,151.25301148,1146345.5122599
2017-05-02 09:15:00,NSE:TATACONSUM,152.4385248,159.5022672,151.89516,155.7975072,6911226.03083601
2017-05-03 09:15:00,NSE:TATACONSUM,156.93364348,156.93364348,153.6734448,154.3156032,1541642.37359505
2017-05-04 09:15:00,NSE:TATACONSUM,154.4143968,156.3902688,152.9324928,153.47586748,1673425.20163249
2017-05-05 09:15:00,NSE:TATACONSUM,154.611984,154.611984,149.27713948,150.4626528,1366015.61234736
2017-05-08 09:15:00,NSE:TATACONSUM,150.9566208,152.29032452,150.1168752,150.75904348,1254730.06348589
2017-05-09 09:15:00,NSE:TATACONSUM,151.3517952,153.27826052,150.7096368,152.1915408,950616.23424999
2017-05-10 09:15:00,NSE:TATACONSUM,153.03127652,154.46380348,152.04334052,152.98189948,1201422.96666991
2017-05-11 09:15:00,NSE:TATACONSUM,153.13008,154.3156032,151.3517952,152.142144,596662.13195997
2017-05-12 09:15:00,NSE:TATACONSUM,152.142144,152.883096,149.82048452,150.80842052,952405.82385904
2017-05-15 09:15:00,NSE:TATACONSUM,150.80842052,153.13008,150.6108432,152.73491548,1024918.61821009
2017-05-16 09:15:00,NSE:TATACONSUM,152.73491548,153.5746512,151.154208,152.5867152,1321968.22466233
2017-05-17 09:15:00,NSE:TATACONSUM,152.142144,152.78429252,150.66024,151.00602748,1175774.54410002
2017-05-18 09:15:00,NSE:TATACONSUM,150.166272,150.75904348,145.226592,145.72056,1248984.75204872
2017-05-19 09:15:00,NSE:TATACONSUM,147.696432,151.9445568,146.56031548,147.696432,2778367.22216824
2017-05-22 09:15:00,NSE:TATACONSUM,147.9928128,149.32651652,145.4241792,146.0169408,1112143.90405856
2017-05-23 09:15:00,NSE:TATACONSUM,146.2639248,146.60969252,141.91699652,143.003736,1371676.9102452
2017-05-24 09:15:00,NSE:TATACONSUM,143.4483072,144.33745948,138.5086272,139.9905312,1777303.38807372
2017-05-25 09:15:00,NSE:TATACONSUM,141.7194192,142.90493252,140.38571548,141.3242448,1865309.08884786
2017-05-26 09:15:00,NSE:TATACONSUM,142.262784,145.473576,141.768816,145.12778852,1434997.81362355
2017-05-29 09:15:00,NSE:TATACONSUM,145.4241792,145.72056,142.16398052,143.64588452,988971.95769766
2017-05-30 09:15:00,NSE:TATACONSUM,143.25072,144.4362432,141.9664032,143.7940848,1531529.37032358
2017-05-31 09:15:00,NSE:TATACONSUM,146.7578928,149.178336,145.7699568,147.59762852,3365842.52421209
2017-06-01 09:15:00,NSE:TATACONSUM,146.56031548,152.142144,146.461512,150.56143652,2988117.65134584
2017-06-02 09:15:00,NSE:TATACONSUM,151.25301148,156.43967548,150.31445252,152.98189948,3647950.87940919
2017-06-05 09:15:00,NSE:TATACONSUM,153.1794768,154.611984,151.05540452,153.0806832,1667321.56738898
2017-06-06 09:15:00,NSE:TATACONSUM,153.13008,153.77222852,150.3638592,151.154208,1306466.20833738
2017-06-07 09:15:00,NSE:TATACONSUM,150.80842052,154.51318052,150.56143652,153.6734448,1967438.17413274
2017-06-08 09:15:00,NSE:TATACONSUM,153.22888348,155.00714852,151.54937252,152.73491548,1497882.45392414
2017-06-09 09:15:00,NSE:TATACONSUM,153.03127652,153.77222852,150.9566208,152.53730852,1335756.56722703
2017-06-12 09:15:00,NSE:TATACONSUM,151.648176,152.636112,149.919288,150.26507548,1455668.1809348
2017-06-13 09:15:00,NSE:TATACONSUM,150.6108432,155.7975072,149.8698912,154.5625872,3505507.44177761
2017-06-14 09:15:00,NSE:TATACONSUM,155.0565552,158.5143312,153.1794768,156.5384592,4873851.14015483
2017-06-15 09:15:00,NSE:TATACONSUM,156.5384592,160.786584,155.69872348,157.18062748,3691962.83969812
2017-06-16 09:15:00,NSE:TATACONSUM,158.0203632,159.8480448,155.7975072,156.2914752,1992997.5221067
2017-06-19 09:15:00,NSE:TATACONSUM,157.081824,157.6251888,154.01921252,154.51318052,1379087.30929939
2017-06-20 09:15:00,NSE:TATACONSUM,154.858968,156.73603652,153.6734448,154.95777148,1227209.04997895
2017-06-21 09:15:00,NSE:TATACONSUM,154.9083648,157.47698852,154.1674128,154.9083648,2804565.27548343
2017-06-22 09:15:00,NSE:TATACONSUM,155.105952,156.68665948,152.142144,152.883096,2243642.30071584
2017-06-23 09:15:00,NSE:TATACONSUM,152.73491548,153.13008,147.9928128,149.32651652,2004660.220905
2017-06-27 09:15:00,NSE:TATACONSUM,149.32651652,150.1168752,143.991672,145.57237948,1483465.52813138
2017-06-28 09:15:00,NSE:TATACONSUM,145.473576,148.3879872,144.63382052,147.35064452,2161234.12852654
2017-06-29 09:15:00,NSE:TATACONSUM,148.1410032,149.8698912,146.11572452,146.708496,2308786.19667671
2017-06-30 09:15:00,NSE:TATACONSUM,146.214528,149.8698912,145.32539548,148.83254852,1877218.76720759
2017-07-03 09:15:00,NSE:TATACONSUM,150.66024,153.77222852,148.931352,149.77110748,8786229.06746996
2017-07-04 09:15:00,NSE:TATACONSUM,151.8457632,152.29032452,147.943416,148.2397968,3118466.17594662
2017-07-05 09:15:00,NSE:TATACONSUM,149.672304,155.20475548,148.1904,154.26619652,5920548.49706864
2017-07-06 09:15:00,NSE:TATACONSUM,154.611984,155.8963008,150.907224,151.49999548,4932603.93385806
2017-07-07 09:15:00,NSE:TATACONSUM,151.30238852,156.98302052,151.25301148,155.846904,6520909.24918213
2017-07-10 09:15:00,NSE:TATACONSUM,156.5384592,165.82506748,155.20475548,164.5407408,4816530.62546562
2017-07-11 09:15:00,NSE:TATACONSUM,165.0347088,170.7153408,165.0347088,167.455152,12724761.52301364
2017-07-12 09:15:00,NSE:TATACONSUM,168.9864528,172.6912128,166.961184,171.65388,10752832.1672659
2017-07-13 09:15:00,NSE:TATACONSUM,173.23458748,174.5682912,169.1346432,173.28396452,5285811.0241959
2017-07-14 09:15:00,NSE:TATACONSUM,173.77793252,173.77793252,169.9743888,172.0984512,2865961.96514754
2017-07-17 09:15:00,NSE:TATACONSUM,172.147848,177.1369248,170.51776348,174.864672,4942286.74731966
2017-07-18 09:15:00,NSE:TATACONSUM,173.97553948,176.5441632,170.9623248,171.65388,3304186.70845075
2017-07-19 09:15:00,NSE:TATACONSUM,171.7032768,175.25983652,171.6044832,173.03698052,4211914.53697406
2017-07-20 09:15:00,NSE:TATACONSUM,173.28396452,174.12372,168.2455008,169.2334368,2825409.74314126
2017-07-21 09:15:00,NSE:TATACONSUM,169.82618852,171.75268348,167.6527392,170.1225792,4727976.30615748
2017-07-24 09:15:00,NSE:TATACONSUM,170.1225792,172.1972448,167.4057552,167.94912,2668787.24937648
2017-07-25 09:15:00,NSE:TATACONSUM,168.443088,170.171976,167.1587712,169.08523652,2129496.24267159
2017-07-26 09:15:00,NSE:TATACONSUM,169.924992,173.23458748,168.690072,170.1225792,3849782.7794513
2017-07-27 09:15:00,NSE:TATACONSUM,171.75268348,171.75268348,165.6768672,166.36841252,2399240.43662747
2017-07-28 09:15:00,NSE:TATACONSUM,165.87444452,168.59126852,164.83713148,167.10936452,2318533.79166262
2017-07-31 09:15:00,NSE:TATACONSUM,167.455152,170.32015652,166.31903548,167.5045488,1919680.01975837
2017-08-01 09:15:00,NSE:TATACONSUM,168.937056,169.678008,164.738328,165.47928,2167107.99080102
2017-08-02 09:15:00,NSE:TATACONSUM,165.973248,166.5166128,162.2190912,163.10824348,2033755.2230104
2017-08-03 09:15:00,NSE:TATACONSUM,163.9479792,167.35634852,162.515472,164.63952452,2930430.71615975
2017-08-04 09:15:00,NSE:TATACONSUM,162.7130592,165.57808348,161.87332348,164.4419472,2326759.02082726
2017-08-07 09:15:00,NSE:TATACONSUM,164.985312,169.6286112,164.985312,168.3936912,2579993.03598614
2017-08-08 09:15:00,NSE:TATACONSUM,169.7274048,169.7274048,163.60221148,163.997376,2401906.60123733
2017-08-09 09:15:00,NSE:TATACONSUM,163.503408,164.88650852,158.5143312,160.14443548,1283478.88932077
2017-08-10 09:15:00,NSE:TATACONSUM,159.89745148,161.527536,151.3517952,154.118016,2500645.79082046
2017-08-11 09:15:00,NSE:TATACONSUM,153.22888348,162.8118528,150.2156688,162.2190912,6101197.85087293
2017-08-14 09:15:00,NSE:TATACONSUM,163.997376,178.1248608,163.10824348,176.59356,9483212.47530204
2017-08-16 09:15:00,NSE:TATACONSUM,180.29832,194.376408,179.310384,191.51140348,29547480.80847342
2017-08-17 09:15:00,NSE:TATACONSUM,191.659584,195.01855652,187.5102528,188.30061148,10508474.23314871
2017-08-18 09:15:00,NSE:TATACONSUM,187.5102528,194.03062052,185.7813648,192.05474852,10152489.63495611
2017-08-21 09:15:00,NSE:TATACONSUM,194.27760452,200.551008,192.05474852,193.78363652,15936599.13192757
2017-08-22 09:15:00,NSE:TATACONSUM,194.77157252,197.093232,186.57172348,187.55965948,7557368.08862113
2017-08-23 09:15:00,NSE:TATACONSUM,189.189744,195.0679632,186.86808452,194.1788208,7614534.7471901
2017-08-24 09:15:00,NSE:TATACONSUM,194.9197728,195.9077088,191.3632032,191.906568,4643194.49842905
2017-08-28 09:15:00,NSE:TATACONSUM,192.64752,193.9318368,189.7331088,190.9680288,3729757.79807599
2017-08-29 09:15:00,NSE:TATACONSUM,190.6222512,195.11736,187.06569148,188.05362748,5748734.73585333
2017-08-30 09:15:00,NSE:TATACONSUM,190.671648,195.75950852,190.02949948,194.6727888,7261044.23768341
2017-08-31 09:15:00,NSE:TATACONSUM,196.105296,198.2787552,193.73425948,195.611328,7855720.41103877
2017-09-01 09:15:00,NSE:TATACONSUM,195.858312,198.22934852,193.9318368,195.21616348,3442743.25462378
2017-09-04 09:15:00,NSE:TATACONSUM,195.611328,196.00649252,188.201808,190.9680288,4425640.93220613
2017-09-05 09:15:00,NSE:TATACONSUM,191.9559648,195.01855652,190.9680288,194.3270112,3484421.05561494
2017-09-06 09:15:00,NSE:TATACONSUM,192.74632348,204.7003392,192.25235548,203.4654192,14666962.23237133
2017-09-07 09:15:00,NSE:TATACONSUM,205.4412912,206.7750048,202.3292928,203.267832,5933611.08411881
2017-09-08 09:15:00,NSE:TATACONSUM,203.61361948,208.2569088,202.9714512,204.40394852,6508781.94538918
2017-09-11 09:15:00,NSE:TATACONSUM,206.6762112,208.5038928,204.7991328,206.725608,3434521.06209309
2017-09-12 09:15:00,NSE:TATACONSUM,209.442432,211.07251652,207.61474052,209.4918288,4943724.08739028
2017-09-13 09:15:00,NSE:TATACONSUM,212.06045252,212.3568432,203.7124032,204.7991328,4693717.00191105
2017-09-14 09:15:00,NSE:TATACONSUM,205.984656,211.2207168,204.84853948,209.4918288,3017082.0781913
2017-09-15 09:15:00,NSE:TATACONSUM,208.454496,211.1219232,206.33044348,208.0099248,2639972.62980598
2017-09-18 09:15:00,NSE:TATACONSUM,210.08458052,212.40624,208.1581152,210.7267488,2522396.18760729
2017-09-19 09:15:00,NSE:TATACONSUM,210.430368,217.5435072,210.28218748,213.5917632,9697780.01813883
2017-09-20 09:15:00,NSE:TATACONSUM,213.78934052,214.23393148,210.52917148,211.1219232,2942430.48132673
2017-09-21 09:15:00,NSE:TATACONSUM,211.418304,212.2086528,204.7991328,209.6400192,2950287.26557186
2017-09-22 09:15:00,NSE:TATACONSUM,208.454496,208.454496,197.5872,198.72331652,3898909.44352671
2017-09-25 09:15:00,NSE:TATACONSUM,199.0197072,199.563072,189.9800928,194.27760452,4069054.06827973
2017-09-26 09:15:00,NSE:TATACONSUM,193.635456,203.9593872,192.9439008,202.18109252,5614325.21944741
2017-09-27 09:15:00,NSE:TATACONSUM,204.008784,204.502752,194.27760452,196.20409948,3371935.02413112
2017-09-28 09:15:00,NSE:TATACONSUM,196.6486608,202.032912,196.3028832,200.69918852,4658769.39396884
2017-09-29 09:15:00,NSE:TATACONSUM,202.032912,207.36775652,200.94617252,203.3172288,3766780.43921874
2017-10-03 09:15:00,NSE:TATACONSUM,204.749736,208.0099248,202.52688,203.9593872,2010123.12538464
2017-10-04 09:15:00,NSE:TATACONSUM,204.7991328,205.1943072,200.69918852,202.4774832,1988878.83425647
2017-10-05 09:15:00,NSE:TATACONSUM,202.4774832,208.0099248,202.0823088,206.9231952,2255745.31143718
2017-10-06 09:15:00,NSE:TATACONSUM,207.46656,209.689416,206.13283652,207.07139548,2565557.89038966
2017-10-09 09:15:00,NSE:TATACONSUM,207.12077252,208.80028348,205.14490052,205.7870688,1673280.45541412
2017-10-10 09:15:00,NSE:TATACONSUM,206.972592,208.60267652,205.1943072,205.9352592,2151705.17118518
2017-10-11 09:15:00,NSE:TATACONSUM,206.9231952,213.394176,203.11965148,206.87378852,6975845.6013345
2017-10-12 09:15:00,NSE:TATACONSUM,208.454496,210.33156452,205.490688,209.442432,3950283.21672659
2017-10-13 09:15:00,NSE:TATACONSUM,208.454496,211.6158912,206.725608,207.713544,3209976.15230136
2017-10-16 09:15:00,NSE:TATACONSUM,207.7629408,209.29425148,204.60155548,207.07139548,2690808.91879636
2017-10-17 09:15:00,NSE:TATACONSUM,207.86172452,210.77615548,206.5280208,207.7629408,3309112.12872089
2017-10-18 09:15:00,NSE:TATACONSUM,208.8990672,208.8990672,203.11965148,204.3051648,4744508.75360347
2017-10-19 09:15:00,NSE:TATACONSUM,205.39188452,205.4412912,201.2425632,202.13171548,539165.49250154
2017-10-23 09:15:00,NSE:TATACONSUM,203.020848,204.9473232,200.15584348,200.64981148,2988957.78673922
2017-10-24 09:15:00,NSE:TATACONSUM,201.538944,207.713544,201.0943728,207.12077252,3611803.80105594
2017-10-25 09:15:00,NSE:TATACONSUM,208.454496,208.948464,200.551008,202.8232608,2672432.22233019
2017-10-26 09:15:00,NSE:TATACONSUM,202.4774832,208.30631548,200.94617252,207.2689728,5025004.65617206
2017-10-27 09:15:00,NSE:TATACONSUM,208.7508768,219.1242048,207.219576,217.839888,9000143.73400706
2017-10-30 09:15:00,NSE:TATACONSUM,222.2856,227.472264,219.81576,224.0638848,14123536.34243514
2017-10-31 09:15:00,NSE:TATACONSUM,224.2120752,225.496392,220.45790852,224.2120752,5238415.24147313
2017-11-01 09:15:00,NSE:TATACONSUM,224.2120752,228.60838052,223.61932348,225.0518208,3652693.08943089
2017-11-02 09:15:00,NSE:TATACONSUM,225.15060452,228.4602,220.70489252,223.61932348,7962223.26142584
2017-11-03 09:15:00,NSE:TATACONSUM,224.261472,225.15060452,221.64345148,222.5819808,1944096.58115505
2017-11-06 09:15:00,NSE:TATACONSUM,222.18679652,234.04202852,221.297664,231.8685792,7079878.65610728
2017-11-07 09:15:00,NSE:TATACONSUM,232.16496,232.658928,218.6302368,222.2856,5371687.03235837
2017-11-08 09:15:00,NSE:TATACONSUM,223.273536,225.249408,219.8651568,221.791632,3339818.57124348
2017-11-09 09:15:00,NSE:TATACONSUM,223.0759488,238.68534748,222.5819808,237.5492112,11437714.58879927
2017-11-10 09:15:00,NSE:TATACONSUM,237.7961952,241.056384,231.81917252,233.30107652,7820659.43542902
2017-11-13 09:15:00,NSE:TATACONSUM,233.4492768,236.9070528,230.04090748,231.57218852,2958745.30333949
2017-11-14 09:15:00,NSE:TATACONSUM,231.8685792,245.008128,225.64457252,243.7238112,16040826.53127328
2017-11-15 09:15:00,NSE:TATACONSUM,235.02996452,250.29359548,235.02996452,247.87313252,18022746.41272309
2017-11-16 09:15:00,NSE:TATACONSUM,250.935744,251.57789252,244.2177792,248.9104752,6369467.25293946
2017-11-17 09:15:00,NSE:TATACONSUM,249.206856,257.65369892,247.7743488,256.76455652,6941608.56573705
2017-11-20 09:15:00,NSE:TATACONSUM,257.99947652,272.91732,256.122408,271.58359652,13622906.74699576
2017-11-21 09:15:00,NSE:TATACONSUM,272.57153252,277.363032,267.87883652,269.85470852,12210446.83056392
2017-11-22 09:15:00,NSE:TATACONSUM,270.200496,272.52215548,264.519864,270.74385092,5077156.81987497
2017-11-23 09:15:00,NSE:TATACONSUM,269.85470852,273.60888508,267.236688,271.48480292,3412253.4253231
2017-11-24 09:15:00,NSE:TATACONSUM,271.73178692,276.62208,271.73178692,275.33777308,3902894.51948304
2017-11-27 09:15:00,NSE:TATACONSUM,274.15224,275.04137252,270.99083492,274.10285308,2235841.18809316
2017-11-28 09:15:00,NSE:TATACONSUM,273.658272,286.30384292,273.164304,284.278584,11396122.82577009
2017-11-29 09:15:00,NSE:TATACONSUM,283.83400292,287.14358852,274.94257892,276.81967708,6543101.98231464
2017-11-30 09:15:00,NSE:TATACONSUM,275.53534052,288.67490908,274.20162692,283.63643548,10065747.173906
2017-12-01 09:15:00,NSE:TATACONSUM,284.97014908,290.05801948,279.19072348,280.12924292,7237352.41958993
2017-12-04 09:15:00,NSE:TATACONSUM,281.56176,283.043664,273.06550052,275.68353092,5855502.78560555
2017-12-05 09:15:00,NSE:TATACONSUM,276.02930852,280.32684,274.79438852,276.57269308,4936524.22829009
2017-12-06 09:15:00,NSE:TATACONSUM,275.53534052,279.53650108,270.29929948,271.63301308,4411842.46752826
2017-12-07 09:15:00,NSE:TATACONSUM,272.670336,281.41357948,272.32454852,280.573824,3866730.2335374
2017-12-08 09:15:00,NSE:TATACONSUM,284.08098692,286.40263652,281.61114692,284.97014908,4349811.12136819
2017-12-11 09:15:00,NSE:TATACONSUM,286.50144,295.93621892,282.45089252,294.75071548,8143518.4060506
2017-12-12 09:15:00,NSE:TATACONSUM,294.99769948,294.99769948,283.19184452,284.32797092,6958525.65348363
2017-12-13 09:15:00,NSE:TATACONSUM,286.50144,288.97128,278.79554908,281.01840508,6882609.8046837
2017-12-14 09:15:00,NSE:TATACONSUM,284.525568,284.772552,275.83174108,280.87019492,5643144.9000745
2017-12-15 09:15:00,NSE:TATACONSUM,285.513504,286.45205308,282.69787652,283.38945148,3073897.49943316
2017-12-18 09:15:00,NSE:TATACONSUM,276.62208,290.40379708,271.78120348,287.34119548,5984984.85731869
2017-12-19 09:15:00,NSE:TATACONSUM,288.477312,297.81331708,288.18094108,297.02294852,8485982.89767758
2017-12-20 09:15:00,NSE:TATACONSUM,297.368736,300.13494692,294.157944,297.22055548,4749703.42208402
2017-12-21 09:15:00,NSE:TATACONSUM,298.603656,299.344608,294.55310852,296.52898052,2307980.47646811
2017-12-22 09:15:00,NSE:TATACONSUM,297.368736,302.65420348,296.08442908,299.097624,4761351.94992388
2017-12-26 09:15:00,NSE:TATACONSUM,300.03617308,303.98791708,296.92415492,302.25902908,4004794.8450102
2017-12-27 09:15:00,NSE:TATACONSUM,301.814448,305.07462692,298.85064,301.86383492,3355761.91170278
2017-12-28 09:15:00,NSE:TATACONSUM,302.802384,305.56859492,299.88796292,302.90118748,4676416.28607521
2017-12-29 09:15:00,NSE:TATACONSUM,304.33367492,314.163648,302.65420348,312.58294052,6958466.94522722
2018-01-01 09:15:00,NSE:TATACONSUM,313.916664,313.96605092,308.03843492,309.12516452,1622386.47037865
2018-01-02 09:15:00,NSE:TATACONSUM,310.50827492,311.15045308,303.83970692,307.39627652,2039013.66080394
2018-01-03 09:15:00,NSE:TATACONSUM,308.13722852,311.34802052,306.40834052,307.44569308,2098671.37142487
2018-01-04 09:15:00,NSE:TATACONSUM,308.236032,309.717936,303.543336,308.483016,2736866.55815761
2018-01-05 09:15:00,NSE:TATACONSUM,308.53240292,312.03959548,306.60594748,309.17458108,1919760.99666375
2018-01-08 09:15:00,NSE:TATACONSUM,310.85405252,315.34918108,308.43362908,313.76848348,2198424.79674797
2018-01-09 09:15:00,NSE:TATACONSUM,313.76848348,315.79373252,310.211904,311.49621092,2440510.31645775
2018-01-10 09:15:00,NSE:TATACONSUM,311.19984,315.25038748,308.77938692,310.31070748,2548235.91811615
2018-01-11 09:15:00,NSE:TATACONSUM,310.211904,312.87934108,308.03843492,309.52033892,3524244.48547274
2018-01-12 09:15:00,NSE:TATACONSUM,311.24922692,324.38879548,311.19984,321.820152,14660909.20869368
2018-01-15 09:15:00,NSE:TATACONSUM,323.74663708,324.78396,317.76960452,319.103328,4574213.30936417
2018-01-16 09:15:00,NSE:TATACONSUM,319.103328,322.95626852,307.69267708,312.58294052,4741042.94205293
2018-01-17 09:15:00,NSE:TATACONSUM,310.06372348,313.175712,303.83970692,309.76732292,3788380.01651929
2018-01-18 09:15:00,NSE:TATACONSUM,311.24922692,311.940792,297.76390052,301.76506108,3450216.41077965
2018-01-19 09:15:00,NSE:TATACONSUM,302.308416,306.26016,297.31934908,304.63007548,3697897.43465164
2018-01-22 09:15:00,NSE:TATACONSUM,303.34573892,311.15045308,302.90118748,305.12404348,3318471.03456094
2018-01-23 09:15:00,NSE:TATACONSUM,306.95172508,306.95172508,300.38193092,303.49394908,4470056.76481068
2018-01-24 09:15:00,NSE:TATACONSUM,302.308416,306.95172508,299.14701092,300.579528,2181071.44592362
2018-01-25 09:15:00,NSE:TATACONSUM,300.332544,307.49508,298.01088452,300.579528,3676141.97680821
2018-01-29 09:15:00,NSE:TATACONSUM,301.567464,303.09875492,297.07236508,298.15907492,1828983.86130276
2018-01-30 09:15:00,NSE:TATACONSUM,297.31934908,303.59272292,295.83744508,300.332544,2621728.53302238
2018-01-31 09:15:00,NSE:TATACONSUM,299.24580452,300.03617308,282.64849948,287.14358852,5463510.79422149
2018-02-01 09:15:00,NSE:TATACONSUM,286.748424,291.34231652,275.23897948,284.87135548,4649396.31717034
2018-02-02 09:15:00,NSE:TATACONSUM,280.573824,281.56176,257.110344,271.53421948,6778786.27765361
2018-02-05 09:15:00,NSE:TATACONSUM,261.90184348,273.55946852,252.07186052,269.80533148,6917356.99478509
2018-02-06 09:15:00,NSE:TATACONSUM,255.875424,267.03909092,250.194792,263.48254108,7130584.36983772
2018-02-07 09:15:00,NSE:TATACONSUM,266.74272,280.96898852,266.74272,276.77026052,8154132.45392414
2018-02-08 09:15:00,NSE:TATACONSUM,278.597952,283.043664,272.76913948,277.06666108,5935589.95724419
2018-02-09 09:15:00,NSE:TATACONSUM,267.82945948,276.42448292,267.82945948,274.893192,3159662.16435073
2018-02-12 09:15:00,NSE:TATACONSUM,278.99311652,286.10627548,276.32570908,281.66056348,4639147.67758235
2018-02-14 09:15:00,NSE:TATACONSUM,284.47618108,285.513504,277.51121252,278.54856508,2485646.84352023
2018-02-15 09:15:00,NSE:TATACONSUM,280.91961148,281.808744,272.670336,275.68353092,1829376.59929388
2018-02-16 09:15:00,NSE:TATACONSUM,276.869064,279.338904,270.89206108,272.27517148,1948925.84135005
2018-02-19 09:15:00,NSE:TATACONSUM,273.658272,273.70765892,259.827168,264.71746108,2652460.28082791
2018-02-20 09:15:00,NSE:TATACONSUM,265.45841308,270.89206108,258.49344452,259.67898748,5183330.70158391
2018-02-21 09:15:00,NSE:TATACONSUM,261.80304,265.60660348,259.03682908,263.38374748,3682589.76289962
2018-02-22 09:15:00,NSE:TATACONSUM,262.74158908,266.64391652,257.95009948,258.98741252,5533236.97081592
2018-02-23 09:15:00,NSE:TATACONSUM,261.01270108,268.61978852,259.827168,267.43428508,3943494.31542124
2018-02-26 09:15:00,NSE:TATACONSUM,270.24988292,271.48480292,268.27401092,270.200496,3717203.34110712
2018-02-27 09:15:00,NSE:TATACONSUM,271.6824,276.32570908,269.80533148,271.6824,4836525.8478282
2018-02-28 09:15:00,NSE:TATACONSUM,269.706528,273.658272,268.718592,272.176368,2842526.23651735
2018-03-01 09:15:00,NSE:TATACONSUM,271.6824,274.00405948,270.79326748,271.53421948,2350548.0112072
2018-03-05 09:15:00,NSE:TATACONSUM,271.48480292,273.60888508,267.28607492,272.32454852,4737288.65027694
2018-03-06 09:15:00,NSE:TATACONSUM,273.36190108,279.68469148,268.17523708,270.84264452,6682474.37080945
2018-03-07 09:15:00,NSE:TATACONSUM,268.718592,271.13904508,261.95122052,265.65598052,4906404.86833155
2018-03-08 09:15:00,NSE:TATACONSUM,267.236688,270.89206108,261.80304,270.10169252,2274022.81119425
2018-03-09 09:15:00,NSE:TATACONSUM,272.57153252,272.57153252,263.38374748,265.11263548,1634094.71868623
2018-03-12 09:15:00,NSE:TATACONSUM,266.74272,273.31248452,266.44634908,272.71972292,2615123.85417679
2018-03-13 09:15:00,NSE:TATACONSUM,274.69559492,277.90638692,269.90412508,274.84380508,3132986.34729375
2018-03-14 09:15:00,NSE:TATACONSUM,271.929384,277.857,271.929384,275.140176,2081479.9744113
2018-03-15 09:15:00,NSE:TATACONSUM,274.646208,280.96898852,273.905256,276.22691548,2913131.01253522
2018-03-16 09:15:00,NSE:TATACONSUM,277.41241892,279.28951708,267.78004292,269.11375652,2796089.01791209
2018-03-19 09:15:00,NSE:TATACONSUM,269.31136348,269.706528,255.23327548,257.45613148,3710182.6434101
2018-03-20 09:15:00,NSE:TATACONSUM,256.56698908,260.46931652,252.02248348,258.88861892,2890589.06649823
2018-03-21 09:15:00,NSE:TATACONSUM,262.09941092,263.08734692,258.98741252,260.02476508,1495196.04508794
2018-03-22 09:15:00,NSE:TATACONSUM,261.45725252,261.45725252,254.49232348,255.72724348,1702130.50238072
2018-03-23 09:15:00,NSE:TATACONSUM,248.0213328,255.77662052,246.984,254.78868452,2325911.79995465
2018-03-26 09:15:00,NSE:TATACONSUM,254.93687492,260.321136,250.6393632,259.03682908,2470523.39422797
2018-03-27 09:15:00,NSE:TATACONSUM,260.815104,262.543992,257.604312,260.61750692,3109423.08003757
2018-03-28 09:15:00,NSE:TATACONSUM,258.09828,260.815104,254.39352,255.62844,2311291.41968711
2018-04-02 09:15:00,NSE:TATACONSUM,256.22121148,275.04137252,256.22121148,273.60888508,6691557.95517119
2018-04-03 09:15:00,NSE:TATACONSUM,272.670336,274.20162692,268.42222108,271.48480292,2645272.56826353
2018-04-04 09:15:00,NSE:TATACONSUM,273.36190108,275.68353092,266.29813892,266.989704,3324086.7829495
2018-04-05 09:15:00,NSE:TATACONSUM,271.23781892,273.658272,268.224624,269.706528,2691173.3148706
2018-04-06 09:15:00,NSE:TATACONSUM,271.48480292,272.32454852,267.730656,269.41015708,1874676.09237845
2018-04-09 09:15:00,NSE:TATACONSUM,271.6824,278.25216452,269.706528,274.44861092,4680227.26168497
2018-04-10 09:15:00,NSE:TATACONSUM,276.81967708,277.31364508,270.79326748,272.176368,2217684.14148285
2018-04-11 09:15:00,NSE:TATACONSUM,272.76913948,273.01612348,268.224624,270.54628348,2020768.55180902
2018-04-12 09:15:00,NSE:TATACONSUM,270.59566052,274.44861092,268.37280452,270.54628348,2175449.62426716
2018-04-13 09:15:00,NSE:TATACONSUM,270.694464,274.00405948,268.471608,272.176368,2223625.82191559
2018-04-16 09:15:00,NSE:TATACONSUM,270.694464,276.81967708,269.26194692,276.27629252,3068011.49062287
2018-04-17 09:15:00,NSE:TATACONSUM,278.597952,281.808744,274.15224,277.56062908,5870078.62857513
2018-04-18 09:15:00,NSE:TATACONSUM,278.89432292,283.98221308,275.881128,280.67262748,4776686.95138147
2018-04-19 09:15:00,NSE:TATACONSUM,282.549696,285.16771652,280.17865948,282.74729308,2463907.58105788
2018-04-20 09:15:00,NSE:TATACONSUM,282.50030908,285.31590692,280.22803652,282.84606692,2554307.16159751
2018-04-23 09:15:00,NSE:TATACONSUM,284.22919708,284.32797092,279.24010052,280.17865948,1707973.99831568
2018-04-24 09:15:00,NSE:TATACONSUM,279.585888,284.525568,278.40035492,279.73406852,2157494.007709
2018-04-25 09:15:00,NSE:TATACONSUM,279.63527492,287.73636,278.64733892,285.61230748,4863555.93884624
2018-04-26 09:15:00,NSE:TATACONSUM,288.97128,290.10739652,285.26652,287.68697308,5003161.13594403
2018-04-27 09:15:00,NSE:TATACONSUM,289.90982908,290.84834852,287.53876292,288.57611548,1881340.49169177
2018-04-30 09:15:00,NSE:TATACONSUM,290.35438052,294.898896,288.52669892,293.96034692,3083351.55313705
2018-05-02 09:15:00,NSE:TATACONSUM,293.81215652,296.3808,285.90866852,289.218264,1879956.79882098
2018-05-03 09:15:00,NSE:TATACONSUM,289.218264,289.218264,279.68469148,283.19184452,2592500.93123441
2018-05-04 09:15:00,NSE:TATACONSUM,283.58701892,287.983344,278.89432292,284.32797092,1416531.03035014
2018-05-07 09:15:00,NSE:TATACONSUM,285.31590692,291.935088,283.537632,290.65078108,1871124.24286593
2018-05-08 09:15:00,NSE:TATACONSUM,292.429056,292.62665308,283.784616,286.20506908,1741998.46953649
2018-05-09 09:15:00,NSE:TATACONSUM,286.10627548,290.79897148,285.11833948,288.477312,1842638.59197357
2018-05-10 09:15:00,NSE:TATACONSUM,289.41586108,289.465248,280.03046908,281.808744,1464046.25400836
2018-05-11 09:15:00,NSE:TATACONSUM,280.96898852,286.995408,280.96898852,284.0316,1998436.13351472
2018-05-14 09:15:00,NSE:TATACONSUM,276.62208,277.95580348,248.81169148,252.81281252,17028279.15978363
2018-05-15 09:15:00,NSE:TATACONSUM,253.35619708,256.369392,237.845592,239.72266052,9411873.8460791
2018-05-16 09:15:00,NSE:TATACONSUM,237.10464,242.63709148,234.387816,238.19137948,6405762.11414505
2018-05-17 09:15:00,NSE:TATACONSUM,240.562416,246.2924448,239.57448,244.51416,7195557.20208596
2018-05-18 09:15:00,NSE:TATACONSUM,245.3045088,245.9466672,240.41423548,241.7479392,3337983.43212516
2018-05-21 09:15:00,NSE:TATACONSUM,241.15518748,245.35391548,237.6480048,240.6118128,3219196.38519094
2018-05-22 09:15:00,NSE:TATACONSUM,241.056384,248.07073948,241.056384,244.16837252,3214208.20781913
2018-05-23 09:15:00,NSE:TATACONSUM,243.526224,249.30565948,242.5876848,247.1815872,4348242.19382632
2018-05-24 09:15:00,NSE:TATACONSUM,247.971936,252.417648,244.3165728,251.429712,2956925.34739092
2018-05-25 09:15:00,NSE:TATACONSUM,249.1574592,256.27058852,249.1574592,254.73930748,2096791.69500858
2018-05-28 09:15:00,NSE:TATACONSUM,251.6272992,259.03682908,251.57789252,257.50550852,2681701.041363
2018-05-29 09:15:00,NSE:TATACONSUM,254.29471652,259.53079708,253.899552,254.39352,2263035.25734461
2018-05-30 09:15:00,NSE:TATACONSUM,250.935744,262.790976,250.1453952,261.309072,4204873.59505069
2018-05-31 09:15:00,NSE:TATACONSUM,263.778912,268.718592,257.55492508,265.95238108,3512277.11106792
2018-06-01 09:15:00,NSE:TATACONSUM,266.44634908,266.44634908,255.43084292,260.074152,2654867.31934052
2018-06-04 09:15:00,NSE:TATACONSUM,261.80304,262.19820452,250.441776,252.170664,1841361.1812911
2018-06-05 09:15:00,NSE:TATACONSUM,252.417648,261.50666908,251.7260928,260.56812,4259506.68869238
2018-06-06 09:15:00,NSE:TATACONSUM,259.580184,263.48254108,257.20914748,262.543992,2077074.83075827
2018-06-07 09:15:00,NSE:TATACONSUM,263.68010852,266.44634908,260.12353892,263.87771548,1545776.24461504
2018-06-08 09:15:00,NSE:TATACONSUM,260.51873308,266.10057148,260.37052292,263.72952508,1117656.40689275
2018-06-11 09:15:00,NSE:TATACONSUM,262.39581148,267.97764,259.53079708,260.51873308,3581902.06653063
2018-06-12 09:15:00,NSE:TATACONSUM,259.580184,265.16201252,259.580184,264.37168348,1221367.57846662
2018-06-13 09:15:00,NSE:TATACONSUM,263.778912,267.236688,262.14882748,266.34755548,1247696.20704175
2018-06-14 09:15:00,NSE:TATACONSUM,266.54512292,275.38716,264.96444508,274.44861092,3691275.54821365
2018-06-15 09:15:00,NSE:TATACONSUM,275.78232452,277.610016,268.17523708,268.86677252,3171493.90243902
2018-06-18 09:15:00,NSE:TATACONSUM,268.27401092,273.51009148,265.90296452,272.02818748,1560346.01431672
2018-06-19 09:15:00,NSE:TATACONSUM,271.33661252,271.33661252,262.84036292,263.82829892,6300737.09228128
2018-06-20 09:15:00,NSE:TATACONSUM,260.51873308,261.556056,253.899552,257.70311548,3408370.58270981
2018-06-21 09:15:00,NSE:TATACONSUM,254.93687492,259.18501948,252.417648,255.08508508,3057465.26090759
2018-06-22 09:15:00,NSE:TATACONSUM,254.78868452,260.37052292,253.35619708,258.93803548,2489869.78913614
2018-06-25 09:15:00,NSE:TATACONSUM,256.96216348,263.72952508,256.96216348,261.309072,2129137.91986525
2018-06-26 09:15:00,NSE:TATACONSUM,261.60544292,266.44634908,260.12353892,264.12469948,2235356.33887215
2018-06-27 09:15:00,NSE:TATACONSUM,261.90184348,265.16201252,258.04889308,262.39581148,2261486.57402909
2018-06-28 09:15:00,NSE:TATACONSUM,259.827168,265.013832,258.29587708,260.76571708,4566290.73138341
2018-06-29 09:15:00,NSE:TATACONSUM,259.53079708,266.89090052,259.53079708,266.10057148,2103301.22599035
2018-07-02 09:15:00,NSE:TATACONSUM,267.730656,269.80533148,260.074152,261.25968508,3706346.36251741
2018-07-03 09:15:00,NSE:TATACONSUM,261.309072,281.067792,259.53079708,277.610016,6758190.81397985
2018-07-04 09:15:00,NSE:TATACONSUM,277.610016,277.610016,272.02818748,273.95464292,3642150.90856088
2018-07-05 09:15:00,NSE:TATACONSUM,274.10285308,278.99311652,266.74272,267.97764,2366966.07877433
2018-07-06 09:15:00,NSE:TATACONSUM,266.54512292,269.953512,262.49460508,263.08734692,2047028.35001458
2018-07-09 09:15:00,NSE:TATACONSUM,265.013832,272.86793308,263.778912,271.929384,2295174.99109254
2018-07-10 09:15:00,NSE:TATACONSUM,272.57153252,274.44861092,269.26194692,271.435416,1300208.71797363
2018-07-11 09:15:00,NSE:TATACONSUM,271.48480292,272.12698108,264.22349308,266.54512292,1424877.72487287
2018-07-12 09:15:00,NSE:TATACONSUM,267.13788452,269.16317308,261.16089148,261.309072,2277695.11385353
2018-07-13 09:15:00,NSE:TATACONSUM,261.80304,262.543992,254.44290692,255.77662052,3398330.45865319
2018-07-16 09:15:00,NSE:TATACONSUM,254.78868452,254.78868452,239.17931548,240.315432,3497037.25747417
2018-07-17 09:15:00,NSE:TATACONSUM,238.6359408,248.81169148,237.4010208,244.90932452,3196567.38898066
2018-07-18 09:15:00,NSE:TATACONSUM,245.40329252,246.58883548,229.8927072,235.22757148,3384353.84478347
2018-07-19 09:15:00,NSE:TATACONSUM,236.8082592,240.3648288,225.84217948,229.69512,4274787.03073883
2018-07-20 09:15:00,NSE:TATACONSUM,228.4602,238.0431792,228.4602,235.72153948,3039956.02954038
2018-07-23 09:15:00,NSE:TATACONSUM,236.01790052,241.303368,232.411944,240.3648288,2380487.19755126
2018-07-24 09:15:00,NSE:TATACONSUM,241.056384,246.1936512,238.98170852,243.3286368,2306279.96145499
2018-07-25 09:15:00,NSE:TATACONSUM,245.502096,245.502096,232.9553088,234.04202852,2338643.39390406
2018-07-26 09:15:00,NSE:TATACONSUM,233.05409252,240.0190512,231.670992,236.21550748,4045728.67068312
2018-07-27 09:15:00,NSE:TATACONSUM,238.092576,241.0069872,236.26488452,239.327496,1601303.12084993
2018-07-30 09:15:00,NSE:TATACONSUM,240.7600032,244.020192,237.99377252,239.2780992,1890527.32160788
2018-07-31 09:15:00,NSE:TATACONSUM,240.46361252,246.63821252,238.586544,243.92138852,4476344.62151394
2018-08-01 09:15:00,NSE:TATACONSUM,245.6996832,251.8742832,231.52281148,232.80710852,13434686.05253782
2018-08-02 09:15:00,NSE:TATACONSUM,229.69512,235.1781648,227.62044452,232.6095312,5770465.90062514
2018-08-03 09:15:00,NSE:TATACONSUM,233.152896,236.116704,229.201152,231.81917252,3398949.9319794
2018-08-06 09:15:00,NSE:TATACONSUM,232.31314052,237.5492112,231.32520452,236.610672,2591884.49454216
2018-08-07 09:15:00,NSE:TATACONSUM,238.092576,238.6359408,232.4613408,234.73360348,1987515.38561202
2018-08-08 09:15:00,NSE:TATACONSUM,234.387816,237.598608,232.2143568,233.49868348,1829382.67256179
2018-08-09 09:15:00,NSE:TATACONSUM,233.79504452,236.95645948,232.4613408,234.4372128,1141013.1830402
2018-08-10 09:15:00,NSE:TATACONSUM,234.4372128,235.0793712,228.31201948,230.7324528,2060451.28429372
2018-08-13 09:15:00,NSE:TATACONSUM,230.189088,233.5974672,229.448136,231.7203888,1972377.76536132
2018-08-14 09:15:00,NSE:TATACONSUM,232.16496,235.622736,232.16496,234.6841968,1908309.85003077
2018-08-16 09:15:00,NSE:TATACONSUM,233.2022928,239.080512,233.1034992,236.46249148,2582636.93194701
2018-08-17 09:15:00,NSE:TATACONSUM,237.8949888,241.550352,236.3142912,240.068448,2872896.62488258
2018-08-20 09:15:00,NSE:TATACONSUM,241.056384,244.020192,240.068448,242.19250052,1710864.87383798
2018-08-21 09:15:00,NSE:TATACONSUM,243.92138852,243.92138852,236.363688,237.6480048,3311960.49136786
2018-08-23 09:15:00,NSE:TATACONSUM,237.4010208,237.69741148,230.28789148,232.6095312,1572928.81320247
2018-08-24 09:15:00,NSE:TATACONSUM,231.670992,234.3384192,227.4228672,228.213216,1860866.49337609
2018-08-27 09:15:00,NSE:TATACONSUM,229.0035648,236.46249148,228.2626128,234.1902288,2014320.76571762
2018-08-28 09:15:00,NSE:TATACONSUM,234.140832,236.4130848,228.5095968,230.53487548,2403781.21659703
2018-08-29 09:15:00,NSE:TATACONSUM,231.02884348,234.8323872,229.8927072,231.7203888,1411691.64804198
2018-08-30 09:15:00,NSE:TATACONSUM,232.51074748,234.4372128,229.29995548,233.152896,1944788.93369611
2018-08-31 09:15:00,NSE:TATACONSUM,234.140832,236.857656,230.1396912,231.4734048,3394787.71904253
2018-09-03 09:15:00,NSE:TATACONSUM,233.152896,240.6118128,232.2143568,233.8444512,5306874.12949827
2018-09-04 09:15:00,NSE:TATACONSUM,235.3263552,235.3263552,219.91456348,221.0012832,3598268.51132057
2018-09-05 09:15:00,NSE:TATACONSUM,219.321792,221.89043548,212.6038272,219.71695652,3060012.99679331
2018-09-06 09:15:00,NSE:TATACONSUM,221.297664,222.2856,215.5676352,218.3832528,1760057.33164901
2018-09-07 09:15:00,NSE:TATACONSUM,218.333856,221.791632,216.45678748,220.2603312,1247557.53409128
2018-09-10 09:15:00,NSE:TATACONSUM,219.81576,232.31314052,217.98806852,219.321792,7605863.13283452
2018-09-11 09:15:00,NSE:TATACONSUM,219.81576,222.68076452,212.25805948,213.394176,3551839.39040586
2018-09-12 09:15:00,NSE:TATACONSUM,213.73996348,221.0012832,210.08458052,219.96394052,4626756.18663557
2018-09-14 09:15:00,NSE:TATACONSUM,220.7542992,233.8444512,220.6061088,231.1276272,6455791.67071551
2018-09-17 09:15:00,NSE:TATACONSUM,230.33726852,235.128768,227.472264,233.74566748,3209614.79286108
2018-09-18 09:15:00,NSE:TATACONSUM,235.02996452,236.363688,230.683056,232.2143568,2646724.07929259
2018-09-19 09:15:00,NSE:TATACONSUM,233.1034992,234.3384192,230.6336592,232.06615652,1378690.52246299
2018-09-21 09:15:00,NSE:TATACONSUM,232.16496,234.140832,225.2000112,231.76979548,5461202.95241797
2018-09-24 09:15:00,NSE:TATACONSUM,230.7324528,236.3142912,227.966232,230.4854688,3465314.55478897
2018-09-25 09:15:00,NSE:TATACONSUM,230.4854688,233.893848,229.201152,233.25169948,2378056.87817834
2018-09-26 09:15:00,NSE:TATACONSUM,237.10464,237.10464,229.69512,231.424008,2268273.4509118
2018-09-27 09:15:00,NSE:TATACONSUM,231.7203888,233.9432448,228.31201948,230.436072,5144927.40420432
2018-09-28 09:15:00,NSE:TATACONSUM,231.2264208,233.1034992,227.4228672,230.93004,3107401.69403686
2018-10-01 09:15:00,NSE:TATACONSUM,231.7203888,231.76979548,218.3832528,228.11441252,1553490.30706443
2018-10-03 09:15:00,NSE:TATACONSUM,227.22528,234.6348,223.026552,224.85424348,1729454.13468079
2018-10-04 09:15:00,NSE:TATACONSUM,220.803696,225.0518208,213.54235652,215.5676352,1749896.75444563
2018-10-05 09:15:00,NSE:TATACONSUM,214.382112,215.96281948,203.41601252,206.6762112,3562492.91452078
2018-10-08 09:15:00,NSE:TATACONSUM,205.490688,219.568776,204.35457148,212.55442052,4698832.71790885
2018-10-09 09:15:00,NSE:TATACONSUM,212.900208,216.50616452,207.07139548,213.888144,1866985.31078936
2018-10-10 09:15:00,NSE:TATACONSUM,212.40624,226.87949252,212.40624,225.64457252,2954926.23003919
2018-10-11 09:15:00,NSE:TATACONSUM,212.40624,226.9288992,212.40624,221.89043548,1309680.99148123
2018-10-12 09:15:00,NSE:TATACONSUM,223.52052,229.54693948,222.779568,226.33614748,1179759.62005636
2018-10-15 09:15:00,NSE:TATACONSUM,226.9288992,234.140832,224.0638848,232.06615652,1239289.79205131
2018-10-16 09:15:00,NSE:TATACONSUM,234.23963548,234.8323872,230.2384848,232.6095312,1744154.47964241
2018-10-17 09:15:00,NSE:TATACONSUM,234.8323872,237.8949888,226.6819152,228.31201948,2981887.49068766
2018-10-19 09:15:00,NSE:TATACONSUM,227.5216608,229.8927072,222.779568,224.4590592,1546561.72059729
2018-10-22 09:15:00,NSE:TATACONSUM,226.6819152,228.80598748,219.321792,220.556712,3572813.4211123
2018-10-23 09:15:00,NSE:TATACONSUM,218.43265948,219.5193792,212.159256,215.6664288,1433573.63230007
2018-10-24 09:15:00,NSE:TATACONSUM,217.44472348,218.58084,214.4315088,217.1483328,2198478.44394779
2018-10-25 09:15:00,NSE:TATACONSUM,215.27124452,221.9892192,213.394176,219.42059548,3328278.35001458
2018-10-26 09:15:00,NSE:TATACONSUM,220.309728,220.309728,213.147192,214.97488348,1270179.44482234
2018-10-29 09:15:00,NSE:TATACONSUM,214.382112,218.7784272,214.382112,217.34592,978491.52171801
2018-10-30 09:15:00,NSE:TATACONSUM,218.23505252,226.0397568,216.75314852,224.5578528,2258053.1532407
2018-10-31 09:15:00,NSE:TATACONSUM,215.5676352,218.23505252,202.52688,215.22186748,9727325.45428044
2018-11-01 09:15:00,NSE:TATACONSUM,215.370048,217.839888,213.78934052,215.123064,2143723.88494801
2018-11-02 09:15:00,NSE:TATACONSUM,217.34592,220.803696,214.28330852,215.02426052,1722633.8548246
2018-11-05 09:15:00,NSE:TATACONSUM,214.87608,218.67964348,214.4315088,217.19773948,988940.57914683
2018-11-06 09:15:00,NSE:TATACONSUM,218.086872,219.074808,210.57854852,211.2207168,1127894.92436757
2018-11-07 09:15:00,NSE:TATACONSUM,212.40624,213.9375408,212.2086528,212.6038272,182762.85103488
2018-11-09 09:15:00,NSE:TATACONSUM,212.40624,212.99901148,206.0340528,206.972592,3331474.91335471
2018-11-12 09:15:00,NSE:TATACONSUM,208.454496,214.382112,207.6641472,212.1098592,2585421.52528099
2018-11-13 09:15:00,NSE:TATACONSUM,211.418304,218.5314432,209.2448448,217.2965232,1795280.26106954
2018-11-14 09:15:00,NSE:TATACONSUM,217.8892848,218.7784272,213.888144,214.77727652,1332235.08405403
2018-11-15 09:15:00,NSE:TATACONSUM,215.3206512,219.81576,214.0857312,218.7784272,1160454.7258122
2018-11-16 09:15:00,NSE:TATACONSUM,218.827824,221.544648,215.9134128,219.1242048,827950.39354776
2018-11-19 09:15:00,NSE:TATACONSUM,219.321792,222.779568,218.827824,221.44584452,915625.10122113
2018-11-20 09:15:00,NSE:TATACONSUM,220.309728,222.13741948,212.40624,213.3447792,924706.66116024
2018-11-21 09:15:00,NSE:TATACONSUM,212.40624,217.7904912,212.40624,216.357984,1183126.23489781
2018-11-22 09:15:00,NSE:TATACONSUM,216.357984,217.0495392,212.2086528,213.29537252,979224.36271175
2018-11-26 09:15:00,NSE:TATACONSUM,214.8266832,216.25918052,210.430368,215.02426052,1469939.34829787
2018-11-27 09:15:00,NSE:TATACONSUM,216.3085872,217.2965232,211.418304,215.123064,1886246.67994688
2018-11-28 09:15:00,NSE:TATACONSUM,214.77727652,218.7784272,212.6038272,213.394176,989359.6346322
2018-11-29 09:15:00,NSE:TATACONSUM,214.382112,217.98806852,211.31950052,216.111,2200512.98869562
2018-11-30 09:15:00,NSE:TATACONSUM,213.64116,217.93869148,213.64116,216.01219652,1057430.8457228
2018-12-03 09:15:00,NSE:TATACONSUM,215.864016,216.5555712,211.7146848,212.159256,1112453.64072167
2018-12-04 09:15:00,NSE:TATACONSUM,212.159256,214.135128,206.2810368,206.972592,1931991.54601108
2018-12-05 09:15:00,NSE:TATACONSUM,206.478624,209.9364,202.92204452,209.1460512,3092942.25536877
2018-12-06 09:15:00,NSE:TATACONSUM,207.960528,209.09664452,204.502752,205.63886852,1286308.01995271
2018-12-07 09:15:00,NSE:TATACONSUM,206.0340528,206.972592,200.8473888,204.0581808,1439953.60023321
2018-12-10 09:15:00,NSE:TATACONSUM,200.551008,207.07139548,194.6727888,195.8089152,2544820.71713147
2018-12-11 09:15:00,NSE:TATACONSUM,192.64752,201.3413568,192.64752,200.40282748,1840775.11093836
2018-12-12 09:15:00,NSE:TATACONSUM,200.69918852,211.31950052,200.551008,210.3809712,1776477.42363878
2018-12-13 09:15:00,NSE:TATACONSUM,210.77615548,213.0977952,207.713544,209.83759652,1211526.86003952
2018-12-14 09:15:00,NSE:TATACONSUM,209.442432,210.77615548,207.46656,209.78821948,871073.63230007
2018-12-17 09:15:00,NSE:TATACONSUM,210.2327808,210.82553252,206.972592,207.5159568,1319313.19437696
2018-12-18 09:15:00,NSE:TATACONSUM,207.2689728,210.924336,206.4292272,207.56536348,1412232.16888543
2018-12-19 09:15:00,NSE:TATACONSUM,208.05933148,212.06045252,207.0219888,207.61474052,2489601.55313705
2018-12-20 09:15:00,NSE:TATACONSUM,206.972592,210.52917148,206.08345948,207.6641472,1278662.7878729
2018-12-21 09:15:00,NSE:TATACONSUM,208.454496,216.95075548,208.2569088,212.80140452,5723409.20869368
2018-12-24 09:15:00,NSE:TATACONSUM,212.9496048,221.297664,212.80140452,216.4073808,5879419.31461147
2018-12-26 09:15:00,NSE:TATACONSUM,217.74108452,217.74108452,209.83759652,215.9134128,1618086.59670262
2018-12-27 09:15:00,NSE:TATACONSUM,219.1242048,222.18679652,212.6038272,217.3953168,9625808.75684255
2018-12-28 09:15:00,NSE:TATACONSUM,219.074808,220.6061088,216.9013488,218.1362688,2290783.00618664
2018-12-31 09:15:00,NSE:TATACONSUM,219.321792,220.95187652,216.20980348,216.75314852,977652.39853594
2019-01-01 09:15:00,NSE:TATACONSUM,217.2965232,218.3832528,215.4194448,216.45678748,725021.66132219
2019-01-02 09:15:00,NSE:TATACONSUM,216.357984,217.69170748,211.02313948,212.01107548,1094987.9344411
2019-01-03 09:15:00,NSE:TATACONSUM,212.3568432,212.75202748,207.36775652,207.5159568,2122154.67398698
2019-01-04 09:15:00,NSE:TATACONSUM,208.05933148,212.30743652,207.46656,211.2207168,1227995.53817251
2019-01-07 09:15:00,NSE:TATACONSUM,212.01107548,214.3327152,211.418304,212.3568432,882550.08421598
2019-01-08 09:15:00,NSE:TATACONSUM,212.01107548,213.54235652,210.1339872,212.55442052,597501.25514203
2019-01-09 09:15:00,NSE:TATACONSUM,213.394176,214.0857312,208.10870852,210.03520348,919413.80818191
2019-01-10 09:15:00,NSE:TATACONSUM,209.4918288,212.6038272,209.4918288,211.56648452,724113.70777054
2019-01-11 09:15:00,NSE:TATACONSUM,211.418304,212.653224,208.7508768,209.34362852,706630.79389758
2019-01-14 09:15:00,NSE:TATACONSUM,209.195448,211.665288,207.12077252,210.924336,1048759.23136721
2019-01-15 09:15:00,NSE:TATACONSUM,210.52917148,212.653224,210.03520348,211.7146848,657241.96709099
2019-01-16 09:15:00,NSE:TATACONSUM,211.81346852,216.5555712,211.27012348,213.8387472,1101748.49382956
2019-01-17 09:15:00,NSE:TATACONSUM,213.888144,216.111,212.4556368,215.51822852,1283386.77809089
2019-01-18 09:15:00,NSE:TATACONSUM,215.76521252,215.864016,211.1219232,213.64116,781075.89965342
2019-01-21 09:15:00,NSE:TATACONSUM,213.5917632,214.3327152,207.46656,207.960528,1017799.73601529
2019-01-22 09:15:00,NSE:TATACONSUM,207.1701792,209.9857968,206.6762112,209.54123548,690716.80756648
2019-01-23 09:15:00,NSE:TATACONSUM,208.948464,212.2086528,207.46656,208.05933148,948627.23901143
2019-01-24 09:15:00,NSE:TATACONSUM,209.54123548,210.08458052,206.9231952,208.2569088,1072000.61542448
2019-01-25 09:15:00,NSE:TATACONSUM,208.454496,209.4918288,203.5642128,204.5521488,1744753.70874227
2019-01-28 09:15:00,NSE:TATACONSUM,204.502752,207.7629408,198.92092348,206.725608,1649896.34956111
2019-01-29 09:15:00,NSE:TATACONSUM,207.46656,207.86172452,199.7606592,202.37869948,1341688.12554659
2019-01-30 09:15:00,NSE:TATACONSUM,201.29196,204.0581808,199.46426852,202.032912,1425036.64204969
2019-01-31 09:15:00,NSE:TATACONSUM,203.3172288,203.514816,198.3775488,201.3413568,2616346.60544813
2019-02-01 09:15:00,NSE:TATACONSUM,201.3413568,205.2931008,199.21728452,201.63774748,959912.38298837
2019-02-04 09:15:00,NSE:TATACONSUM,201.044976,201.9835152,195.611328,197.43901948,1129124.76111813
2019-02-05 09:15:00,NSE:TATACONSUM,196.105296,197.6365968,177.1369248,183.7066992,8433452.16694199
2019-02-06 09:15:00,NSE:TATACONSUM,181.780224,187.460856,175.95141148,186.1765392,3501892.83516341
2019-02-07 09:15:00,NSE:TATACONSUM,186.0283488,190.1282832,184.39824452,188.79457948,1992337.56032779
2019-02-08 09:15:00,NSE:TATACONSUM,187.70784,189.189744,182.17538852,183.4597152,1295881.51459204
2019-02-11 09:15:00,NSE:TATACONSUM,183.65729252,183.756096,174.9140688,177.581496,3502369.58669387
2019-02-12 09:15:00,NSE:TATACONSUM,176.8899408,186.719904,176.44537948,184.2994608,2839483.52929744
2019-02-13 09:15:00,NSE:TATACONSUM,184.744032,185.4355872,180.64410748,182.76816,1638604.12010495
2019-02-14 09:15:00,NSE:TATACONSUM,180.94046852,188.10300452,180.7428912,186.62110052,1010017.85540764
2019-02-15 09:15:00,NSE:TATACONSUM,188.695776,188.695776,181.9778112,183.90427652,1644360.56586661
2019-02-18 09:15:00,NSE:TATACONSUM,183.90427652,184.250064,179.310384,180.545304,1039391.2156253
2019-02-19 09:15:00,NSE:TATACONSUM,180.39712348,186.5223168,180.051336,182.274192,996651.60496226
2019-02-20 09:15:00,NSE:TATACONSUM,182.274192,187.0162848,182.274192,186.4235232,1005297.91403492
2019-02-21 09:15:00,NSE:TATACONSUM,185.731968,192.54871652,185.2873968,188.34998852,2542501.74100347
2019-02-22 09:15:00,NSE:TATACONSUM,187.70784,189.7331088,185.7813648,186.966888,1259131.15829365
2019-02-25 09:15:00,NSE:TATACONSUM,187.80664348,190.8692352,186.2753328,188.79457948,1390609.31072458
2019-02-26 09:15:00,NSE:TATACONSUM,187.460856,189.930696,183.11394748,189.33792452,1286913.32232047
2019-02-27 09:15:00,NSE:TATACONSUM,189.683712,192.64752,187.80664348,190.3752672,1838971.35037087
2019-02-28 09:15:00,NSE:TATACONSUM,190.07887652,192.64752,189.2391408,191.3632032,1103419.65471448
2019-03-01 09:15:00,NSE:TATACONSUM,191.659584,195.46314748,190.8692352,194.9197728,1307863.0599553
2019-03-05 09:15:00,NSE:TATACONSUM,195.21616348,197.48839652,194.22822748,195.1667568,1933890.45444239
2019-03-06 09:15:00,NSE:TATACONSUM,196.105296,200.797992,193.73425948,195.5619312,1737553.84964208
2019-03-07 09:15:00,NSE:TATACONSUM,196.4016768,197.48839652,193.78363652,194.22822748,945131.06112137
2019-03-08 09:15:00,NSE:TATACONSUM,193.635456,195.21616348,190.27648348,190.8692352,1561774.24448547
2019-03-11 09:15:00,NSE:TATACONSUM,189.7331088,200.551008,189.7331088,200.05704,3636131.2878567
2019-03-12 09:15:00,NSE:TATACONSUM,201.9835152,203.7124032,200.69918852,202.42807652,2015649.79917727
2019-03-13 09:15:00,NSE:TATACONSUM,203.4654192,206.23164,199.810056,200.40282748,2723031.65387232
2019-03-14 09:15:00,NSE:TATACONSUM,201.538944,209.2448448,200.551008,203.7124032,6643812.95954394
2019-03-15 09:15:00,NSE:TATACONSUM,204.89791652,206.08345948,199.90885948,200.7485952,2050498.21041039
2019-03-18 09:15:00,NSE:TATACONSUM,202.42807652,202.52688,196.1546928,197.834184,1627845.32601302
2019-03-19 09:15:00,NSE:TATACONSUM,198.1305648,203.020848,197.8835808,200.8473888,1814163.06319438
2019-03-20 09:15:00,NSE:TATACONSUM,201.39076348,201.538944,194.77157252,195.71013148,2184762.98059793
2019-03-22 09:15:00,NSE:TATACONSUM,196.8956448,199.41489148,192.8451072,193.388472,1313946.44997247
2019-03-25 09:15:00,NSE:TATACONSUM,192.64752,197.093232,191.26441948,194.27760452,1678376.93939688
2019-03-26 09:15:00,NSE:TATACONSUM,193.28966852,195.11736,191.7089808,193.6848528,1168639.46652415
2019-03-27 09:15:00,NSE:TATACONSUM,194.129424,197.7847872,192.74632348,194.22822748,1986783.55682959
2019-03-28 09:15:00,NSE:TATACONSUM,195.11736,198.1305648,194.376408,196.5498672,1605479.50474525
2019-03-29 09:15:00,NSE:TATACONSUM,196.599264,203.7124032,196.45108348,201.4895472,2924617.58656431
2019-04-01 09:15:00,NSE:TATACONSUM,202.0823088,206.7750048,201.7365312,205.58949148,1938973.77967804
2019-04-02 09:15:00,NSE:TATACONSUM,205.490688,212.1098592,205.0461168,209.34362852,3961401.34583617
2019-04-03 09:15:00,NSE:TATACONSUM,210.08458052,210.6279552,204.84853948,205.83647548,2359434.21436206
2019-04-04 09:15:00,NSE:TATACONSUM,205.88585252,209.83759652,203.16902852,208.80028348,2114747.31156674
2019-04-05 09:15:00,NSE:TATACONSUM,208.84966052,212.900208,207.5159568,208.7508768,2795414.88517475
2019-04-08 09:15:00,NSE:TATACONSUM,209.442432,212.1098592,207.46656,209.1460512,1576523.17559032
2019-04-09 09:15:00,NSE:TATACONSUM,209.34362852,209.34362852,205.4412912,207.713544,837645.35354517
2019-04-10 09:15:00,NSE:TATACONSUM,205.58949148,209.34362852,205.243704,206.2810368,1155981.76400091
2019-04-11 09:15:00,NSE:TATACONSUM,206.1822432,212.653224,206.08345948,212.01107548,2469440.32811842
2019-04-12 09:15:00,NSE:TATACONSUM,213.3447792,214.629096,210.4797648,212.55442052,2652748.76105335
2019-04-15 09:15:00,NSE:TATACONSUM,213.8387472,216.0616032,211.31950052,214.03632452,2706161.12784634
2019-04-16 09:15:00,NSE:TATACONSUM,214.77727652,214.77727652,211.9616688,213.0977952,1157451.49483367
2019-04-18 09:15:00,NSE:TATACONSUM,213.0977952,214.1845248,204.7991328,206.33044348,2853225.31014155
2019-04-22 09:15:00,NSE:TATACONSUM,205.63886852,210.8749392,205.490688,206.82441148,2028261.95219124
2019-04-23 09:15:00,NSE:TATACONSUM,207.2689728,208.30631548,201.538944,207.07139548,3257084.46701001
2019-04-24 09:15:00,NSE:TATACONSUM,201.538944,209.3930352,198.22934852,206.37982052,9786493.25462378
2019-04-25 09:15:00,NSE:TATACONSUM,206.87378852,210.28218748,204.7991328,208.6520832,3268024.44692774
2019-04-26 09:15:00,NSE:TATACONSUM,210.430368,214.28330852,207.1701792,210.6279552,2540837.66559777
2019-04-30 09:15:00,NSE:TATACONSUM,208.454496,210.4797648,204.7991328,206.6762112,2399550.17329058
2019-05-02 09:15:00,NSE:TATACONSUM,205.58949148,207.5159568,202.5762768,203.8111968,2299283.55682959
2019-05-03 09:15:00,NSE:TATACONSUM,203.41601252,204.9473232,200.89679548,201.538944,1659564.99206426
2019-05-06 09:15:00,NSE:TATACONSUM,200.45220452,203.514816,199.6124688,200.20522052,1081605.48861465
2019-05-07 09:15:00,NSE:TATACONSUM,200.64981148,203.514816,196.4016768,197.340216,1471718.81579374
2019-05-08 09:15:00,NSE:TATACONSUM,197.5872,199.810056,195.858312,197.0438352,1469917.07964888
2019-05-09 09:15:00,NSE:TATACONSUM,196.8956448,198.5257392,192.74632348,196.20409948,1382665.47630616
2019-05-10 09:15:00,NSE:TATACONSUM,196.20409948,198.97030052,195.1667568,196.105296,1262030.13150649
2019-05-13 09:15:00,NSE:TATACONSUM,194.870376,201.8353248,194.623392,197.43901948,2862213.74663946
2019-05-14 09:15:00,NSE:TATACONSUM,199.563072,202.42807652,194.870376,197.834184,4241706.9526771
2019-05-15 09:15:00,NSE:TATACONSUM,199.8594528,202.42807652,195.71013148,196.846248,2613352.48437146
2019-05-16 09:15:00,NSE:TATACONSUM,204.502752,220.309728,194.77157252,218.1362688,27732879.45777864
2019-05-17 09:15:00,NSE:TATACONSUM,217.34592,235.4251488,215.96281948,232.56012452,18174831.16315227
2019-05-20 09:15:00,NSE:TATACONSUM,236.9070528,239.0311152,228.707184,233.00471548,7598671.37142487
2019-05-21 09:15:00,NSE:TATACONSUM,232.16496,234.140832,226.9288992,229.69512,4450031.17610857
2019-05-22 09:15:00,NSE:TATACONSUM,230.189088,233.152896,227.37346052,231.2264208,3314073.98859845
2019-05-23 09:15:00,NSE:TATACONSUM,235.128768,235.128768,226.4349312,227.5216608,3327418.98260616
2019-05-24 09:15:00,NSE:TATACONSUM,227.9168352,233.54806052,225.15060452,232.06615652,2424684.39251126
2019-05-27 09:15:00,NSE:TATACONSUM,234.3384192,234.6348,229.448136,230.58425252,1855333.74631555
2019-05-28 09:15:00,NSE:TATACONSUM,232.56012452,240.8094,230.93004,234.4372128,4171662.94172902
2019-05-29 09:15:00,NSE:TATACONSUM,234.04202852,237.00583652,229.59631652,231.52281148,2475600.64619571
2019-05-30 09:15:00,NSE:TATACONSUM,231.27582748,235.27694852,230.189088,233.99265148,1460555.13717488
2019-05-31 09:15:00,NSE:TATACONSUM,234.140832,243.27924,232.51074748,241.056384,6648531.88870534
2019-06-03 09:15:00,NSE:TATACONSUM,242.04432,244.41535652,239.3768928,241.9949232,3319621.91882875
2019-06-04 09:15:00,NSE:TATACONSUM,241.64915548,255.57905308,241.056384,250.3923792,11077286.38292359
2019-06-06 09:15:00,NSE:TATACONSUM,249.947808,254.29471652,243.773208,249.45384,5894097.39092411
2019-06-07 09:15:00,NSE:TATACONSUM,248.465904,256.71517948,244.66234052,253.899552,6085638.1385029
2019-06-10 09:15:00,NSE:TATACONSUM,253.899552,255.92481092,247.62614852,249.6514272,3136827.68924303
2019-06-11 09:15:00,NSE:TATACONSUM,250.3923792,253.60318108,247.57677148,252.26946748,2470018.30078062
2019-06-12 09:15:00,NSE:TATACONSUM,251.7260928,254.34413308,250.194792,252.07186052,2053436.65986461
2019-06-13 09:15:00,NSE:TATACONSUM,252.1212672,252.81281252,248.12011652,250.78756348,1247990.7605351
2019-06-14 09:15:00,NSE:TATACONSUM,249.947808,251.77549948,243.13105948,244.0695888,1938144.77860914
2019-06-17 09:15:00,NSE:TATACONSUM,243.526224,248.7622848,240.41423548,242.7358752,1841157.72681631
2019-06-18 09:15:00,NSE:TATACONSUM,243.27924,245.65027652,242.0937168,244.8105408,1773513.66890163
2019-06-19 09:15:00,NSE:TATACONSUM,245.60089948,247.1815872,240.21662852,242.3407008,2534379.75739319
2019-06-20 09:15:00,NSE:TATACONSUM,241.89613948,253.70195492,241.7479392,252.76343548,4658920.21345512
2019-06-21 09:15:00,NSE:TATACONSUM,252.76343548,260.815104,250.441776,258.64163492,3806302.23010397
2019-06-24 09:15:00,NSE:TATACONSUM,257.851296,259.827168,253.652568,256.81397308,2309009.89537784
2019-06-25 09:15:00,NSE:TATACONSUM,256.86336,257.55492508,253.75137148,256.02360452,1720745.06850646
2019-06-26 09:15:00,NSE:TATACONSUM,256.86336,271.6824,255.18385892,269.36074052,8493670.64263272
2019-06-27 09:15:00,NSE:TATACONSUM,270.694464,274.05343652,266.05115492,270.49686692,3730623.23875231
2019-06-28 09:15:00,NSE:TATACONSUM,270.49686692,270.49686692,264.27288,266.44634908,2351038.93369611
2019-07-01 09:15:00,NSE:TATACONSUM,266.84152348,269.41015708,265.260816,268.27401092,1442766.53548408
2019-07-02 09:15:00,NSE:TATACONSUM,270.00289892,271.6824,266.248752,268.52099492,1723266.48689794
2019-07-03 09:15:00,NSE:TATACONSUM,267.730656,270.59566052,266.69333308,268.37280452,1040395.3292521
2019-07-04 09:15:00,NSE:TATACONSUM,268.91618908,269.706528,265.35961948,266.39693252,2092951.36527062
2019-07-05 09:15:00,NSE:TATACONSUM,266.74272,268.91618908,260.074152,263.38374748,1826518.11453374
2019-07-08 09:15:00,NSE:TATACONSUM,261.80304,263.72952508,257.40671492,260.37052292,1447159.5326013
2019-07-09 09:15:00,NSE:TATACONSUM,259.92597148,263.03796,258.29587708,260.37052292,1744067.42946912
2019-07-10 09:15:00,NSE:TATACONSUM,260.12353892,261.50666908,247.2803808,248.61408452,2896824.288213
2019-07-11 09:15:00,NSE:TATACONSUM,249.947808,256.41877892,249.10805252,252.8622192,2096444.50652674
2019-07-12 09:15:00,NSE:TATACONSUM,251.92368,257.06095708,250.09598852,254.83810108,1101262.63239724
2019-07-15 09:15:00,NSE:TATACONSUM,256.86336,256.86336,250.441776,251.2321248,1854846.87267191
2019-07-16 09:15:00,NSE:TATACONSUM,251.2321248,257.851296,250.935744,256.41877892,1260920.7479027
2019-07-17 09:15:00,NSE:TATACONSUM,255.52963652,260.321136,252.8622192,253.899552,2663510.59177922
2019-07-18 09:15:00,NSE:TATACONSUM,253.60318108,255.62844,251.182728,252.02248348,1096031.52430927
2019-07-19 09:15:00,NSE:TATACONSUM,252.911616,253.25740348,242.63709148,245.84788348,2784448.58776277
2019-07-22 09:15:00,NSE:TATACONSUM,245.996064,252.417648,244.11899548,248.56470748,1761783.15194507
2019-07-23 09:15:00,NSE:TATACONSUM,246.984,250.194792,245.996064,247.37916452,1459360.72782043
2019-07-24 09:15:00,NSE:TATACONSUM,246.984,249.05867548,245.008128,246.88519652,1782774.3902439
2019-07-25 09:15:00,NSE:TATACONSUM,246.7864128,251.52851548,246.2924448,248.56470748,1528316.61160237
2019-07-26 09:15:00,NSE:TATACONSUM,248.9104752,257.357328,247.37916452,255.23327548,2031139.66896641
2019-07-29 09:15:00,NSE:TATACONSUM,255.381456,256.81397308,249.55264348,252.911616,1222845.40698993
2019-07-30 09:15:00,NSE:TATACONSUM,253.899552,256.07302108,244.7117472,246.6876192,1596739.06002008
2019-07-31 09:15:00,NSE:TATACONSUM,244.020192,251.3803152,242.7358752,248.56470748,1498061.61532731
2019-08-01 09:15:00,NSE:TATACONSUM,248.959872,259.3332,247.477968,255.62844,5427758.47828199
2019-08-02 09:15:00,NSE:TATACONSUM,255.57905308,266.495736,251.33090852,262.39581148,3631737.27852816
2019-08-05 09:15:00,NSE:TATACONSUM,261.16089148,263.18614052,256.56698908,257.75249252,2326174.97489716
2019-08-06 09:15:00,NSE:TATACONSUM,258.839232,269.90412508,258.78984508,267.28607492,2935350.06316199
2019-08-07 09:15:00,NSE:TATACONSUM,267.97764,271.04025148,265.11263548,266.14994852,1782600.28989732
2019-08-08 09:15:00,NSE:TATACONSUM,268.224624,269.41015708,263.63073148,267.63185252,1845420.1486736
2019-08-09 09:15:00,NSE:TATACONSUM,268.718592,270.59566052,261.556056,262.297008,2218864.37987886
2019-08-13 09:15:00,NSE:TATACONSUM,261.309072,264.86565148,258.64163492,260.41993948,1073146.4386357
2019-08-14 09:15:00,NSE:TATACONSUM,260.91390748,266.44634908,258.04889308,263.778912,1348125.78952483
2019-08-16 09:15:00,NSE:TATACONSUM,262.64279548,266.248752,260.61750692,263.63073148,833311.06468435
2019-08-19 09:15:00,NSE:TATACONSUM,264.17407652,267.730656,262.98857308,264.96444508,1348701.73776439
2019-08-20 09:15:00,NSE:TATACONSUM,265.70539708,267.08850748,260.46931652,262.69217252,607766.0901111
2019-08-21 09:15:00,NSE:TATACONSUM,262.790976,262.790976,256.46819548,258.29587708,1237420.23774819
2019-08-22 09:15:00,NSE:TATACONSUM,257.851296,259.67898748,253.55376452,255.57905308,875369.45713083
2019-08-23 09:15:00,NSE:TATACONSUM,256.41877892,264.025896,253.75137148,262.74158908,1393405.03838305
2019-08-26 09:15:00,NSE:TATACONSUM,266.001768,270.59566052,262.59337892,265.80417092,1813161.98620154
2019-08-27 09:15:00,NSE:TATACONSUM,266.74272,268.02702692,261.65485948,263.18614052,1437569.8425809
2019-08-28 09:15:00,NSE:TATACONSUM,266.74272,277.90638692,264.37168348,276.67146692,7725838.51585528
2019-08-29 09:15:00,NSE:TATACONSUM,277.610016,278.597952,268.17523708,271.23781892,4283175.22592557
2019-08-30 09:15:00,NSE:TATACONSUM,272.176368,277.06666108,271.58359652,275.140176,2747450.23969164
2019-09-03 09:15:00,NSE:TATACONSUM,273.658272,276.22691548,266.94031708,267.92825308,1639260.03303858
2019-09-04 09:15:00,NSE:TATACONSUM,268.66920508,269.60772452,259.18501948,263.778912,2288771.7422991
2019-09-05 09:15:00,NSE:TATACONSUM,264.766848,266.001768,260.27174908,261.25968508,1418328.71764973
2019-09-06 09:15:00,NSE:TATACONSUM,261.80304,263.08734692,256.41877892,259.580184,1271070.19078159
2019-09-09 09:15:00,NSE:TATACONSUM,260.321136,264.12469948,258.54286108,260.61750692,2672748.0322612
2019-09-11 09:15:00,NSE:TATACONSUM,262.74158908,264.56925092,254.09714908,256.22121148,2700557.52599359
2019-09-12 09:15:00,NSE:TATACONSUM,256.66576292,260.71630052,255.08508508,259.13560292,2777532.14783144
2019-09-13 09:15:00,NSE:TATACONSUM,260.71630052,261.309072,252.911616,255.875424,3087374.08091212
2019-09-16 09:15:00,NSE:TATACONSUM,253.405584,256.27058852,252.6152352,254.39352,1057365.05198717
2019-09-17 09:15:00,NSE:TATACONSUM,254.887488,257.65369892,251.92368,253.1586,2264403.76704564
2019-09-18 09:15:00,NSE:TATACONSUM,254.887488,258.19708348,250.441776,256.616376,2388940.1742623
2019-09-19 09:15:00,NSE:TATACONSUM,256.56698908,256.56698908,247.62614852,251.3803152,3589877.27949989
2019-09-20 09:15:00,NSE:TATACONSUM,251.03454748,267.38486852,246.9346032,264.12469948,4861713.7142487
2019-09-23 09:15:00,NSE:TATACONSUM,262.790976,273.658272,262.00063708,270.34867652,9930860.90596962
2019-09-24 09:15:00,NSE:TATACONSUM,270.694464,274.15224,268.66920508,271.6824,2187333.99734396
2019-09-25 09:15:00,NSE:TATACONSUM,271.188432,277.857,268.02702692,276.07872508,3313949.48660642
2019-09-26 09:15:00,NSE:TATACONSUM,278.49914852,281.41357948,273.80645252,276.52327652,4998271.14307
2019-09-27 09:15:00,NSE:TATACONSUM,276.52327652,284.22919708,275.23897948,278.54856508,4341400.65753247
2019-09-30 09:15:00,NSE:TATACONSUM,278.54856508,278.54856508,272.02818748,272.670336,2082316.06095941
2019-10-01 09:15:00,NSE:TATACONSUM,272.670336,273.51009148,264.12469948,267.38486852,3575214.38635701
2019-10-03 09:15:00,NSE:TATACONSUM,266.74272,271.04025148,265.260816,269.459544,1528162.75548214
2019-10-04 09:15:00,NSE:TATACONSUM,270.79326748,271.58359652,259.48138052,262.98857308,3220925.24212095
2019-10-07 09:15:00,NSE:TATACONSUM,264.519864,265.85358748,259.67898748,262.49460508,1085557.16159751
2019-10-09 09:15:00,NSE:TATACONSUM,262.88977948,268.37280452,261.062088,266.69333308,2047096.16817284
2019-10-10 09:15:00,NSE:TATACONSUM,266.64391652,269.16317308,261.90184348,263.43312452,891292.55336378
2019-10-11 09:15:00,NSE:TATACONSUM,265.013832,270.59566052,262.64279548,268.76797892,3629888.98066271
2019-10-14 09:15:00,NSE:TATACONSUM,270.694464,274.44861092,269.706528,272.423352,2065139.8471156
2019-10-15 09:15:00,NSE:TATACONSUM,274.10285308,275.09078908,270.49686692,274.399224,1022222.08726071
2019-10-16 09:15:00,NSE:TATACONSUM,274.54740452,275.634144,270.39809308,272.22575492,824247.72454896
2019-10-17 09:15:00,NSE:TATACONSUM,273.01612348,276.869064,268.471608,276.07872508,2005350.54902342
2019-10-18 09:15:00,NSE:TATACONSUM,276.02930852,281.75935708,272.47273892,278.597952,3339079.65698183
2019-10-22 09:15:00,NSE:TATACONSUM,279.93167548,284.42676452,277.16543492,278.350968,2022462.99355424
2019-10-23 09:15:00,NSE:TATACONSUM,280.573824,281.16659548,273.658272,275.48596348,1233491.84562563
2019-10-24 09:15:00,NSE:TATACONSUM,275.634144,281.56176,274.74501148,277.70881948,1336527.87225083
2019-10-25 09:15:00,NSE:TATACONSUM,278.54856508,278.54856508,274.00405948,276.47389948,1635669.719496
2019-10-29 09:15:00,NSE:TATACONSUM,278.44977148,284.525568,275.33777308,279.98105252,2723603.55326661
2019-10-30 09:15:00,NSE:TATACONSUM,284.525568,291.44112,281.26538908,288.230328,5697526.96530949
2019-10-31 09:15:00,NSE:TATACONSUM,286.50144,315.94192292,280.27745308,313.175712,21317969.98995886
2019-11-01 09:15:00,NSE:TATACONSUM,312.97811492,318.60936,300.62891492,301.27109308,9253339.28513588
2019-11-04 09:15:00,NSE:TATACONSUM,301.41928348,308.483016,297.76390052,302.90118748,5951776.22841965
2019-11-05 09:15:00,NSE:TATACONSUM,302.90118748,304.43246852,295.93621892,296.874768,2653093.92511256
2019-11-06 09:15:00,NSE:TATACONSUM,296.3808,302.11081892,295.392864,296.28199652,3753326.12638875
2019-11-07 09:15:00,NSE:TATACONSUM,296.874768,298.85064,292.72542692,297.22055548,2028268.02545914
2019-11-08 09:15:00,NSE:TATACONSUM,295.392864,295.392864,290.453184,291.63871708,4747027.135361
2019-11-11 09:15:00,NSE:TATACONSUM,288.477312,293.86157308,288.477312,291.39173308,3840626.31587471
2019-11-13 09:15:00,NSE:TATACONSUM,292.62665308,293.12062108,283.93279652,286.007472,2610932.28711172
2019-11-14 09:15:00,NSE:TATACONSUM,283.537632,293.26881148,281.808744,291.935088,5045295.4442393
2019-11-15 09:15:00,NSE:TATACONSUM,291.98447492,298.85064,291.98447492,294.157944,3688687.32387523
2019-11-18 09:15:00,NSE:TATACONSUM,292.923024,303.296352,292.923024,301.61685092,3679453.93223853
2019-11-19 09:15:00,NSE:TATACONSUM,302.75299708,304.67945252,297.26993252,298.85064,1692961.89226833
2019-11-20 09:15:00,NSE:TATACONSUM,301.22167652,304.18548452,297.368736,303.09875492,2069516.64885175
2019-11-21 09:15:00,NSE:TATACONSUM,303.09875492,308.18664508,296.72658748,298.15907492,3019803.91442361
2019-11-22 09:15:00,NSE:TATACONSUM,299.344608,299.344608,293.12062108,295.98563548,2194270.68150164
2019-11-25 09:15:00,NSE:TATACONSUM,296.28199652,301.96262852,295.44225092,298.50485252,1501242.99549768
2019-11-26 09:15:00,NSE:TATACONSUM,300.13494692,301.36986692,294.45431492,295.886832,2198030.03433421
2019-11-27 09:15:00,NSE:TATACONSUM,297.368736,304.97585308,295.09649308,303.64213948,2679574.38538529
2019-11-28 09:15:00,NSE:TATACONSUM,304.38309148,317.868408,303.79032,314.85521308,8490715.99779743
2019-11-29 09:15:00,NSE:TATACONSUM,314.163648,320.98039652,310.75525892,319.25150852,4951659.82411816
2019-12-02 09:15:00,NSE:TATACONSUM,320.88160292,321.37557092,312.187776,312.97811492,2049770.43047323
2019-12-03 09:15:00,NSE:TATACONSUM,312.38537308,312.97811492,306.45775708,310.60706852,1583798.95053931
2019-12-04 09:15:00,NSE:TATACONSUM,308.43362908,316.09013308,307.89024452,315.05278052,1680040.00259126
2019-12-05 09:15:00,NSE:TATACONSUM,317.42382692,318.06600508,308.73,311.79261148,2922724.7514009
2019-12-06 09:15:00,NSE:TATACONSUM,312.187776,315.99133948,308.73,309.96492,1713472.33019143
2019-12-09 09:15:00,NSE:TATACONSUM,308.33483548,313.175712,307.79145092,311.64442108,1132055.11288181
2019-12-10 09:15:00,NSE:TATACONSUM,312.187776,313.175712,307.59388348,309.07578748,1308221.38276164
2019-12-11 09:15:00,NSE:TATACONSUM,307.742064,311.693808,305.61801148,310.55769148,1877162.08337382
2019-12-12 09:15:00,NSE:TATACONSUM,310.80467548,323.59842692,310.55769148,319.64668292,5636410.65818029
2019-12-13 09:15:00,NSE:TATACONSUM,319.99246052,326.06826692,317.72022748,324.09239492,4662662.3586953
2019-12-16 09:15:00,NSE:TATACONSUM,325.030944,325.42610852,316.68287492,318.362376,2170948.32053898
2019-12-17 09:15:00,NSE:TATACONSUM,319.89366692,325.92007652,318.65874692,321.22738052,2953719.67414893
2019-12-18 09:15:00,NSE:TATACONSUM,321.0792,322.51171708,300.92531548,308.58181948,4849224.03880413
2019-12-19 09:15:00,NSE:TATACONSUM,308.63119652,312.53356348,305.37102748,310.16251708,5426152.09892139
2019-12-20 09:15:00,NSE:TATACONSUM,309.56975548,311.19984,307.49508,308.87818052,1821356.84902666
2019-12-23 09:15:00,NSE:TATACONSUM,314.36124508,319.00452452,309.91553308,311.10103652,6139784.35850096
2019-12-24 09:15:00,NSE:TATACONSUM,311.24922692,314.55881252,308.73,311.54562748,1956829.18731578
2019-12-26 09:15:00,NSE:TATACONSUM,311.19984,315.84314908,308.28541892,309.12516452,3363753.32005312
2019-12-27 09:15:00,NSE:TATACONSUM,310.211904,315.645552,309.223968,314.60822908,2386553.37997603
2019-12-30 09:15:00,NSE:TATACONSUM,314.60822908,318.856344,313.22509892,317.52262052,2945781.91299841
2019-12-31 09:15:00,NSE:TATACONSUM,317.52262052,322.067136,315.74435548,317.47324348,2648338.55634373
2020-01-01 09:15:00,NSE:TATACONSUM,317.47324348,320.832216,314.80579652,319.94308348,1532784.51235708
2020-01-02 09:15:00,NSE:TATACONSUM,319.69609948,323.49965308,317.22625948,319.44911548,3129100.46804651
2020-01-03 09:15:00,NSE:TATACONSUM,319.89366692,319.89366692,313.175712,314.36124508,1739873.83798141
2020-01-06 09:15:00,NSE:TATACONSUM,311.446824,314.31182852,306.65532452,308.33483548,1733065.70466103
2020-01-07 09:15:00,NSE:TATACONSUM,310.211904,315.54674852,308.236032,311.10103652,2172295.57380235
2020-01-08 09:15:00,NSE:TATACONSUM,308.43362908,313.52149948,307.742064,312.43476,1540114.9467172
2020-01-09 09:15:00,NSE:TATACONSUM,314.21303492,326.01888,313.57087652,324.58636292,4354675.80895929
2020-01-10 09:15:00,NSE:TATACONSUM,325.92007652,339.15841892,325.08033092,337.23196348,10233213.48751336
2020-01-13 09:15:00,NSE:TATACONSUM,338.862048,349.58116348,337.92349892,348.69202108,7489703.7864801
2020-01-14 09:15:00,NSE:TATACONSUM,356.150928,387.270912,353.681088,384.89987548,45547100.2170181
2020-01-15 09:15:00,NSE:TATACONSUM,384.801072,391.17326908,380.35536,386.72755708,24735488.93855472
2020-01-16 09:15:00,NSE:TATACONSUM,387.76488,388.258848,377.58914908,379.614408,12266786.51248664
2020-01-17 09:15:00,NSE:TATACONSUM,379.07105308,379.367424,372.05670748,375.71205092,5562701.43005215
2020-01-20 09:15:00,NSE:TATACONSUM,375.71205092,380.849328,372.55067548,378.52766852,7711510.66465844
2020-01-21 09:15:00,NSE:TATACONSUM,377.391552,384.70226852,374.47713092,381.14569892,6054512.64049493
2020-01-22 09:15:00,NSE:TATACONSUM,384.15892348,384.15892348,377.58914908,380.40474692,4198885.35289735
2020-01-23 09:15:00,NSE:TATACONSUM,380.35536,394.63104508,378.77465252,388.505832,11209035.80798756
2020-01-24 09:15:00,NSE:TATACONSUM,389.987736,389.987736,379.12044,379.96019548,6107257.9600298
2020-01-27 09:15:00,NSE:TATACONSUM,379.16982692,384.70226852,375.86026108,377.78671652,3780650.77090014
2020-01-28 09:15:00,NSE:TATACONSUM,378.18189092,382.92400348,373.686792,376.10724508,2743156.43928352
2020-01-29 09:15:00,NSE:TATACONSUM,380.25655652,388.55521892,377.638536,378.82406908,6580104.37923104
2020-01-30 09:15:00,NSE:TATACONSUM,381.04692508,381.14569892,375.56386052,376.99638748,2325477.56129952
2020-01-31 09:15:00,NSE:TATACONSUM,377.98432348,381.98544452,375.41568,378.77465252,2713971.35037087
2020-02-01 09:15:00,NSE:TATACONSUM,378.33010108,383.813136,365.53632,368.15434052,2510199.04123344
2020-02-03 09:15:00,NSE:TATACONSUM,369.24108,377.391552,363.06648,374.27956348,3359255.0529589
2020-02-04 09:15:00,NSE:TATACONSUM,379.367424,379.367424,371.01935492,375.31687652,5392189.37259094
2020-02-05 09:15:00,NSE:TATACONSUM,377.391552,403.077888,376.403616,389.83955548,23867330.47484857
2020-02-06 09:15:00,NSE:TATACONSUM,391.222656,392.55637948,382.67701948,387.32029892,5046258.05720209
2020-02-07 09:15:00,NSE:TATACONSUM,386.38177948,399.126144,385.83839492,391.91422108,11446769.83124413
2020-02-10 09:15:00,NSE:TATACONSUM,393.64310908,393.64310908,383.66495548,387.56728292,3183683.96333366
2020-02-11 09:15:00,NSE:TATACONSUM,390.23472,394.186464,384.554088,385.88781148,4222609.56175299
2020-02-12 09:15:00,NSE:TATACONSUM,386.97454108,391.963608,386.87574748,390.38290052,4068008.45398892
2020-02-13 09:15:00,NSE:TATACONSUM,389.79013892,393.05034748,384.85045892,387.81426692,2894955.74612121
2020-02-14 09:15:00,NSE:TATACONSUM,388.258848,395.1744,385.789008,392.11178852,4791403.49172416
2020-02-17 09:15:00,NSE:TATACONSUM,392.90215708,397.05146852,371.31575548,376.45300292,9653798.42418942
2020-02-18 09:15:00,NSE:TATACONSUM,375.41568,381.837264,368.69772508,377.391552,7493169.59803064
2020-02-19 09:15:00,NSE:TATACONSUM,378.379488,381.68908348,373.04464348,378.52766852,4379616.69581835
2020-02-20 09:15:00,NSE:TATACONSUM,378.52766852,380.30597308,374.52654748,375.909648,5199977.52890876
2020-02-24 09:15:00,NSE:TATACONSUM,374.32894052,375.26749948,363.313464,364.64718748,3054536.93356655
2020-02-25 09:15:00,NSE:TATACONSUM,366.030288,369.488064,361.13999492,364.548384,3704152.90059275
2020-02-26 09:15:00,NSE:TATACONSUM,363.16528348,365.68450052,356.84249308,361.23878852,2842885.571535
2020-02-27 09:15:00,NSE:TATACONSUM,359.70750748,361.23878852,355.903944,358.91713892,1850070.24746542
2020-02-28 09:15:00,NSE:TATACONSUM,353.63170108,353.63170108,337.42953092,341.97403652,4549531.54860234
2020-03-02 09:15:00,NSE:TATACONSUM,346.81492292,350.964264,329.57545948,334.71270692,3884025.88831665
2020-03-03 09:15:00,NSE:TATACONSUM,336.49101148,353.38471708,336.49101148,351.01365092,4255494.28303048
2020-03-04 09:15:00,NSE:TATACONSUM,351.90281308,353.28592348,334.910304,344.98726108,2360363.42435138
2020-03-05 09:15:00,NSE:TATACONSUM,349.48236,352.79195548,342.813792,344.295696,1913162.39108606
2020-03-06 09:15:00,NSE:TATACONSUM,335.89824,342.71498852,330.11880452,340.343952,4524383.15842322
2020-03-09 09:15:00,NSE:TATACONSUM,333.922368,336.73799548,315.29976452,326.11768348,5722447.60794221
2020-03-11 09:15:00,NSE:TATACONSUM,322.90689148,333.675384,321.0792,323.89482748,3518312.92715318
2020-03-12 09:15:00,NSE:TATACONSUM,316.13952,316.13952,293.61458908,299.78918908,5471032.53652058
2020-03-13 09:15:00,NSE:TATACONSUM,270.24988292,323.84541092,254.887488,320.338248,7519317.04077997
2020-03-16 09:15:00,NSE:TATACONSUM,301.61685092,310.50827492,293.02182748,296.67717092,3740285.80798756
2020-03-17 09:15:00,NSE:TATACONSUM,301.32048,304.97585308,278.597952,280.42564348,3348258.3892074
2020-03-18 09:15:00,NSE:TATACONSUM,281.56176,285.11833948,258.839232,264.22349308,4088044.1648042
2020-03-19 09:15:00,NSE:TATACONSUM,254.887488,262.297008,229.448136,247.724952,6397097.58526868
2020-03-20 09:15:00,NSE:TATACONSUM,244.020192,270.10169252,241.550352,261.01270108,3955409.05483756
2020-03-23 09:15:00,NSE:TATACONSUM,237.10464,244.90932452,222.2856,223.767504,2958648.13105302
2020-03-24 09:15:00,NSE:TATACONSUM,246.14424452,253.01041948,211.1219232,246.0454608,6128627.76536132
2020-03-25 09:15:00,NSE:TATACONSUM,245.10693148,279.04253308,243.92138852,273.80645252,4012829.77844719
2020-03-26 09:15:00,NSE:TATACONSUM,276.128112,290.00860292,260.27174908,275.68353092,3375751.06079746
2020-03-27 09:15:00,NSE:TATACONSUM,286.50144,291.39173308,275.881128,281.314776,3017328.04554141
2020-03-30 09:15:00,NSE:TATACONSUM,279.09192,280.573824,269.36074052,278.00518052,2937159.89699738
2020-03-31 09:15:00,NSE:TATACONSUM,287.983344,293.416992,281.41357948,291.29293948,3309965.4228614
2020-04-01 09:15:00,NSE:TATACONSUM,289.31706748,300.332544,274.00405948,276.62208,5600160.33427267
2020-04-03 09:15:00,NSE:TATACONSUM,282.549696,282.549696,260.815104,263.92709252,6063526.38227578
2020-04-07 09:15:00,NSE:TATACONSUM,276.62208,283.290648,267.730656,281.11717892,6571302.18961552
2020-04-08 09:15:00,NSE:TATACONSUM,279.28951708,292.429056,273.36190108,290.84834852,5396598.56508924
2020-04-09 09:15:00,NSE:TATACONSUM,297.76390052,315.151584,296.57839708,305.32161092,7793427.91435882
2020-04-13 09:15:00,NSE:TATACONSUM,311.19984,311.19984,297.46753948,301.36986692,3745055.34771483
2020-04-15 09:15:00,NSE:TATACONSUM,307.34689948,318.856344,301.32048,311.84198852,5791708.16733068
2020-04-16 09:15:00,NSE:TATACONSUM,314.01546748,329.67425308,311.84198852,320.14065092,8311379.48207171
2020-04-17 09:15:00,NSE:TATACONSUM,330.90917308,332.34166052,313.02753148,320.585232,4905104.17678878
2020-04-20 09:15:00,NSE:TATACONSUM,320.68403548,328.83450748,317.27563652,320.78282908,3665666.60188514
2020-04-21 09:15:00,NSE:TATACONSUM,314.163648,316.13952,307.248096,308.63119652,3504758.40540278
2020-04-22 09:15:00,NSE:TATACONSUM,310.85405252,331.40314108,306.26016,326.16706052,4701880.48618534
2020-04-23 09:15:00,NSE:TATACONSUM,333.922368,335.70064292,321.37557092,325.96949308,3793654.64969391
2020-04-24 09:15:00,NSE:TATACONSUM,319.103328,332.78625148,319.103328,322.16593948,5505274.63317462
2020-04-27 09:15:00,NSE:TATACONSUM,327.94536508,347.11132348,327.2538,345.13545148,7517114.46895345
2020-04-28 09:15:00,NSE:TATACONSUM,348.59322748,351.31005148,336.34282108,338.76324452,3813233.85320507
2020-04-29 09:15:00,NSE:TATACONSUM,338.862048,351.705216,338.862048,349.729344,3698134.29209989
2020-04-30 09:15:00,NSE:TATACONSUM,355.60757308,357.04006052,345.62941948,347.35830748,4818363.74016131
2020-05-04 09:15:00,NSE:TATACONSUM,335.89824,343.01138908,328.982688,330.90917308,3426843.43925113
2020-05-05 09:15:00,NSE:TATACONSUM,334.910304,338.76324452,323.89482748,325.524912,2867876.05674862
2020-05-06 09:15:00,NSE:TATACONSUM,327.45139708,337.08377308,321.72134852,331.50191492,3687171.03132187
2020-05-07 09:15:00,NSE:TATACONSUM,331.89710908,340.44275548,324.83334692,337.18254692,3649587.62510932
2020-05-08 09:15:00,NSE:TATACONSUM,342.813792,351.211248,339.94878748,344.54268,3287462.95306579
2020-05-11 09:15:00,NSE:TATACONSUM,349.58116348,360.59664,344.83905092,350.71728,4850563.19437696
2020-05-12 09:15:00,NSE:TATACONSUM,350.17392508,358.91713892,342.46800452,354.37265308,3297784.47186862
2020-05-13 09:15:00,NSE:TATACONSUM,370.476,370.476,344.295696,352.05100348,8641207.52761312
2020-05-14 09:15:00,NSE:TATACONSUM,345.7776,360.102672,345.7776,358.42317092,5183482.53328151
2020-05-15 09:15:00,NSE:TATACONSUM,348.84021148,363.313464,344.88846748,347.95106908,9568335.39824442
2020-05-18 09:15:00,NSE:TATACONSUM,346.96313308,351.50761892,339.25721252,342.91259548,4232516.07391572
2020-05-19 09:15:00,NSE:TATACONSUM,346.66673252,358.620768,345.036648,353.73047492,5766119.46522852
2020-05-20 09:15:00,NSE:TATACONSUM,355.26179548,359.41110692,352.24857092,356.397912,3532296.62650212
2020-05-21 09:15:00,NSE:TATACONSUM,359.50990052,361.97974052,351.01365092,355.95333092,3930692.87889094
2020-05-22 09:15:00,NSE:TATACONSUM,357.18825092,362.52312508,351.90281308,358.07741308,4007195.81025492
2020-05-26 09:15:00,NSE:TATACONSUM,362.37491492,371.90851708,355.65696,367.46280508,7823140.3653678
2020-05-27 09:15:00,NSE:TATACONSUM,370.08083548,371.16756508,357.83042908,364.10380292,3425525.54011596
2020-05-28 09:15:00,NSE:TATACONSUM,363.51106108,368.89529252,361.584576,366.67243652,3432326.58795711
2020-05-29 09:15:00,NSE:TATACONSUM,366.07967492,378.18189092,353.03893948,362.47370852,64328656.91704726
2020-06-01 09:15:00,NSE:TATACONSUM,364.054416,364.94354852,355.162992,358.47258748,9754902.13940984
2020-06-02 09:15:00,NSE:TATACONSUM,358.47258748,365.53632,356.94126692,363.01709308,2671037.39513491
2020-06-03 09:15:00,NSE:TATACONSUM,367.512192,367.512192,360.15205892,362.22672452,4076871.37628348
2020-06-04 09:15:00,NSE:TATACONSUM,365.042352,378.873456,361.584576,376.897584,4591042.33472614
2020-06-05 09:15:00,NSE:TATACONSUM,379.367424,383.12157092,372.451872,375.168696,3179078.4018398
2020-06-08 09:15:00,NSE:TATACONSUM,379.367424,381.29390908,372.99522692,374.87232508,1585081.42227837
2020-06-09 09:15:00,NSE:TATACONSUM,377.391552,384.15892348,374.921712,379.614408,2667846.90506268
2020-06-10 09:15:00,NSE:TATACONSUM,381.29390908,389.19739708,375.61327708,380.00957252,3451491.79703948
2020-06-11 09:15:00,NSE:TATACONSUM,381.343296,381.837264,369.88322852,371.26633892,2890918.03517637
2020-06-12 09:15:00,NSE:TATACONSUM,360.69544348,368.54951492,360.69544348,366.524256,3218733.80461892
2020-06-15 09:15:00,NSE:TATACONSUM,367.018224,375.36629308,361.97974052,365.53632,2321586.62099569
2020-06-16 09:15:00,NSE:TATACONSUM,371.463936,373.39042108,355.903944,364.59777092,2371798.37560328
2020-06-17 09:15:00,NSE:TATACONSUM,361.584576,368.747112,361.584576,365.14115548,2588220.28957341
2020-06-18 09:15:00,NSE:TATACONSUM,363.36285092,369.488064,360.59664,367.66037252,1953104.24966799
2020-06-19 09:15:00,NSE:TATACONSUM,369.33988348,378.379488,368.84591548,372.74824292,4301017.47481618
2020-06-22 09:15:00,NSE:TATACONSUM,378.379488,380.50354052,373.04464348,376.50241948,2655177.05600363
2020-06-23 09:15:00,NSE:TATACONSUM,379.26862052,387.17210852,377.391552,386.13479548,3881361.74812943
2020-06-24 09:15:00,NSE:TATACONSUM,387.17210852,390.13591652,374.77353148,378.47829148,3936990.85770738
2020-06-25 09:15:00,NSE:TATACONSUM,375.41568,384.70226852,373.04464348,379.367424,1985899.89634956
2020-06-26 09:15:00,NSE:TATACONSUM,382.43003548,384.25771708,377.88552,380.99750852,1780645.70984355
2020-06-29 09:15:00,NSE:TATACONSUM,382.38061892,387.56728292,377.53973252,381.88665092,2798167.08774657
2020-06-30 09:15:00,NSE:TATACONSUM,383.319168,387.07331492,381.24449252,382.77581308,1884297.1609497
2020-07-01 09:15:00,NSE:TATACONSUM,380.35536,383.813136,375.909648,379.861392,1631239.27056004
2020-07-02 09:15:00,NSE:TATACONSUM,380.35536,390.23472,379.91077892,386.08537892,2639045.4442393
2020-07-03 09:15:00,NSE:TATACONSUM,390.23472,397.44664292,387.91306052,391.66723708,3262699.20318725
2020-07-06 09:15:00,NSE:TATACONSUM,395.22378692,403.52246908,392.50696292,400.80564508,4123097.04272342
2020-07-07 09:15:00,NSE:TATACONSUM,403.47305252,409.40066852,398.82977308,407.72119708,4138053.47714832
2020-07-08 09:15:00,NSE:TATACONSUM,411.12955652,431.03646692,409.84525948,427.18351652,7063624.56677356
2020-07-09 09:15:00,NSE:TATACONSUM,427.82567492,432.02440292,423.67636348,428.12207548,2842682.11706021
2020-07-10 09:15:00,NSE:TATACONSUM,424.36789892,432.468984,423.47875652,424.91128348,3811349.11573219
2020-07-13 09:15:00,NSE:TATACONSUM,424.91128348,428.31964292,416.908992,419.32944508,2583555.00761183
2020-07-14 09:15:00,NSE:TATACONSUM,414.93312,421.30531708,412.46328,414.29097148,3271675.49314935
2020-07-15 09:15:00,NSE:TATACONSUM,417.74874748,417.99573148,406.38748348,408.06695492,2101924.61859878
2020-07-16 09:15:00,NSE:TATACONSUM,410.38860452,410.78377892,402.23813252,405.35013092,2051834.32934927
2020-07-17 09:15:00,NSE:TATACONSUM,406.43686052,419.378832,406.041696,417.896928,2774267.76633304
2020-07-20 09:15:00,NSE:TATACONSUM,421.55230108,421.55230108,412.90786108,417.99573148,1701439.16205098
2020-07-21 09:15:00,NSE:TATACONSUM,418.884864,419.625816,403.47305252,404.51040508,2786075.21134972
2020-07-22 09:15:00,NSE:TATACONSUM,405.05376,412.36447652,399.126144,402.089952,2652406.63362809
2020-07-23 09:15:00,NSE:TATACONSUM,404.65859548,407.37541948,397.84183708,399.52130852,3029039.33048295
2020-07-24 09:15:00,NSE:TATACONSUM,399.81770908,409.99344,397.49605948,403.52246908,3162232.16888543
2020-07-27 09:15:00,NSE:TATACONSUM,403.52246908,409.005504,399.42251492,403.52246908,3171076.87137628
2020-07-28 09:15:00,NSE:TATACONSUM,405.00437308,411.37654052,404.065824,408.06695492,3543168.78826159
2020-07-29 09:15:00,NSE:TATACONSUM,411.969312,424.71367652,411.969312,422.54023708,6010691.98814498
2020-07-30 09:15:00,NSE:TATACONSUM,425.20764452,426.788352,416.46441092,419.77399652,1889134.51883523
2020-07-31 09:15:00,NSE:TATACONSUM,419.8728,428.764224,419.8728,422.88599492,3153248.79344411
2020-08-03 09:15:00,NSE:TATACONSUM,423.77515708,434.69184,422.54023708,428.86302748,2952916.99057429
2020-08-04 09:15:00,NSE:TATACONSUM,434.09906852,446.84344292,430.740096,444.324216,6899326.47458945
2020-08-05 09:15:00,NSE:TATACONSUM,459.39024,466.10819492,434.98821092,442.20016348,20424771.44268455
2020-08-06 09:15:00,NSE:TATACONSUM,444.5712,483.100704,443.63265092,478.901976,16076615.2868202
2020-08-07 09:15:00,NSE:TATACONSUM,481.71760348,523.55669308,476.87671708,512.34358984,30933271.9933275
2020-08-10 09:15:00,NSE:TATACONSUM,514.66526908,519.654336,504.53892508,514.02309092,6916263.80656237
2020-08-11 09:15:00,NSE:TATACONSUM,518.172432,521.53143416,508.09547492,509.67620216,4747691.14598517
2020-08-12 09:15:00,NSE:TATACONSUM,508.98463708,515.702592,503.00760452,511.30626692,3931295.14462475
2020-08-13 09:15:00,NSE:TATACONSUM,513.72672,536.449248,512.29420292,532.54689092,7973431.47734266
2020-08-14 09:15:00,NSE:TATACONSUM,535.41192508,537.931152,524.14943492,531.0156,5994342.75094743
2020-08-17 09:15:00,NSE:TATACONSUM,534.62158616,541.388928,531.80593892,537.1902,5105804.42457811
2020-08-18 09:15:00,NSE:TATACONSUM,538.96847492,546.72380216,535.95528,539.166072,3368806.27894924
2020-08-19 09:15:00,NSE:TATACONSUM,540.84557308,544.45150984,535.80706984,541.58652508,3641556.7405176
2020-08-20 09:15:00,NSE:TATACONSUM,534.86857016,546.52620508,533.53482692,542.623848,4871141.45045833
2020-08-21 09:15:00,NSE:TATACONSUM,546.328608,550.23096508,537.58539416,539.21545892,2989459.84355262
2020-08-24 09:15:00,NSE:TATACONSUM,539.907024,543.3648,536.99260292,538.96847492,2149154.3986655
2020-08-25 09:15:00,NSE:TATACONSUM,540.79618616,541.09255708,534.72036,538.96847492,1873091.98166683
2020-08-26 09:15:00,NSE:TATACONSUM,538.32634616,554.62729016,538.12874908,542.52507416,5848596.46778739
2020-08-27 09:15:00,NSE:TATACONSUM,546.13101092,547.16833384,536.943216,538.07936216,2603607.9260195
2020-08-28 09:15:00,NSE:TATACONSUM,541.29015416,549.14420584,537.437184,540.45037892,2725831.43037606
2020-08-31 09:15:00,NSE:TATACONSUM,542.376864,545.68642984,521.82780508,525.92770984,5611628.68849804
2020-09-01 09:15:00,NSE:TATACONSUM,519.654336,543.16720292,519.654336,541.882896,3902055.39630098
2020-09-02 09:15:00,NSE:TATACONSUM,545.340672,549.292416,535.56008584,543.21658984,4092058.59488874
2020-09-03 09:15:00,NSE:TATACONSUM,541.882896,584.80872508,541.882896,571.520976,12199435.99585398
2020-09-04 09:15:00,NSE:TATACONSUM,562.08619708,580.31362616,559.76451784,562.18497092,6542981.52916788
2020-09-07 09:15:00,NSE:TATACONSUM,563.12352,565.099392,535.461312,538.72149092,5318470.02234963
2020-09-08 09:15:00,NSE:TATACONSUM,540.59858908,542.08049308,527.21206616,531.85532584,3939480.89754802
2020-09-09 09:15:00,NSE:TATACONSUM,527.557824,534.37460216,522.76635416,528.298776,4445689.80176854
2020-09-10 09:15:00,NSE:TATACONSUM,531.509568,542.27809016,527.70603416,539.95641092,3833333.33333333
2020-09-11 09:15:00,NSE:TATACONSUM,543.16720292,546.328608,534.42398908,541.78412216,3493795.14462475
2020-09-14 09:15:00,NSE:TATACONSUM,545.340672,548.50207708,536.84444216,539.907024,2843638.65675509
2020-09-15 09:15:00,NSE:TATACONSUM,540.400992,543.858768,533.979408,535.80706984,1835555.13717488
2020-09-16 09:15:00,NSE:TATACONSUM,535.41192508,539.75881384,531.06498692,535.85650616,2153923.93839277
2020-09-17 09:15:00,NSE:TATACONSUM,535.461312,545.340672,526.71809816,541.68529892,3770827.26006543
2020-09-18 09:15:00,NSE:TATACONSUM,544.40212292,546.575592,530.81800292,534.07818184,9510188.91912027
2020-09-21 09:15:00,NSE:TATACONSUM,534.07818184,535.75768292,495.943872,501.624504,3933830.73397467
2020-09-22 09:15:00,NSE:TATACONSUM,498.36432508,505.52686108,484.48380452,498.31490852,5175973.94972954
2020-09-23 09:15:00,NSE:TATACONSUM,499.895616,504.73649252,484.08864,487.59580292,4336701.97259741
2020-09-24 09:15:00,NSE:TATACONSUM,483.98983652,486.90426748,472.233408,482.75491652,9765298.56185016
2020-09-25 09:15:00,NSE:TATACONSUM,492.78246692,505.823232,489.32469092,503.64976292,5216415.84070223
2020-09-28 09:15:00,NSE:TATACONSUM,507.799104,515.702592,497.47516292,510.762912,5622049.40400998
2020-09-29 09:15:00,NSE:TATACONSUM,513.33152584,520.642272,494.06680348,497.178792,4978486.46066142
2020-09-30 09:15:00,NSE:TATACONSUM,500.883552,509.281008,489.57167492,493.91861308,6328638.69724355
2020-10-01 09:15:00,NSE:TATACONSUM,502.41484292,505.03289308,493.07886748,502.95822748,3107862.25018625
2020-10-05 09:15:00,NSE:TATACONSUM,507.20636216,507.20636216,496.04267548,497.47516292,2047853.3022382
2020-10-06 09:15:00,NSE:TATACONSUM,500.883552,507.305136,496.78362748,499.50045148,3009773.91248016
2020-10-07 09:15:00,NSE:TATACONSUM,500.883552,504.835296,495.54870748,498.95706692,2183622.2184433
2020-10-08 09:15:00,NSE:TATACONSUM,500.68595492,502.16785892,479.14896,482.359752,5485986.94652285
2020-10-09 09:15:00,NSE:TATACONSUM,484.28623708,487.10183492,464.37930692,465.56484,6803777.77507855
2020-10-12 09:15:00,NSE:TATACONSUM,468.775632,477.76585948,464.67570748,468.97322908,4476576.41790561
2020-10-13 09:15:00,NSE:TATACONSUM,468.08406692,471.73944,461.41549892,463.29259708,2288435.68814174
2020-10-14 09:15:00,NSE:TATACONSUM,463.04561308,485.47174052,457.95772292,483.89104292,8119616.04800311
2020-10-15 09:15:00,NSE:TATACONSUM,487.052448,488.23798108,465.317856,468.38046748,4757491.37595958
2020-10-16 09:15:00,NSE:TATACONSUM,472.97436,480.82846108,469.31898692,471.34427548,4366139.10212807
2020-10-19 09:15:00,NSE:TATACONSUM,476.08634852,478.408008,466.35517892,470.10935548,3200695.18673274
2020-10-20 09:15:00,NSE:TATACONSUM,470.257536,478.161024,469.41778052,472.13460452,2770009.39332102
2020-10-21 09:15:00,NSE:TATACONSUM,473.91290908,476.48152292,453.41323708,459.68661092,4967194.23120526
2020-10-22 09:15:00,NSE:TATACONSUM,460.03238852,464.823888,454.89514108,460.57577308,3503207.69766463
2020-10-23 09:15:00,NSE:TATACONSUM,464.28053308,468.281664,460.57577308,467.09613092,2651228.41965471
2020-10-26 09:15:00,NSE:TATACONSUM,469.17079652,478.45739492,464.47810052,471.19608508,6177062.07689567
2020-10-27 09:15:00,NSE:TATACONSUM,472.233408,495.59808452,472.233408,492.73308,10583020.56003628
2020-10-28 09:15:00,NSE:TATACONSUM,495.74627492,498.71008292,483.64405892,486.90426748,5258930.74045282
2020-10-29 09:15:00,NSE:TATACONSUM,482.70553948,489.42348452,478.45739492,486.064512,4419423.93029508
2020-10-30 09:15:00,NSE:TATACONSUM,488.040384,494.26437092,483.00190052,486.90426748,4457008.34871895
2020-11-02 09:15:00,NSE:TATACONSUM,488.040384,492.18972508,482.40913892,487.7934,6179730.26592816
2020-11-03 09:15:00,NSE:TATACONSUM,491.79453092,498.46309892,482.40913892,483.594672,8202535.38690765
2020-11-04 09:15:00,NSE:TATACONSUM,485.076576,492.53548292,483.100704,486.805464,5086163.47617659
2020-11-05 09:15:00,NSE:TATACONSUM,491.004192,503.05702108,489.86807548,500.34019708,5272361.77242251
2020-11-06 09:15:00,NSE:TATACONSUM,501.624504,504.19314748,495.40051708,498.11734108,3248853.16457746
2020-11-09 09:15:00,NSE:TATACONSUM,504.835296,511.60263784,499.401648,503.69917948,6254643.0133126
2020-11-10 09:15:00,NSE:TATACONSUM,505.03289308,507.305136,489.02832,492.38729252,3295054.53794578
2020-11-11 09:15:00,NSE:TATACONSUM,493.474032,498.80887652,489.02832,497.37638908,2948162.63401678
2020-11-12 09:15:00,NSE:TATACONSUM,498.90768,506.3172,496.14146908,502.61244,2771312.10928643
2020-11-13 09:15:00,NSE:TATACONSUM,503.64976292,512.738784,502.06908508,507.058152,4054346.63783889
2020-11-14 18:00:00,NSE:TATACONSUM,511.60263784,512.64001016,508.78704,509.92318616,537220.02234963
2020-11-17 09:15:00,NSE:TATACONSUM,511.750848,515.55438184,506.90994184,512.04721892,2808292.23755385
2020-11-18 09:15:00,NSE:TATACONSUM,512.04721892,517.678464,507.799104,510.66413816,3738692.58737408
2020-11-19 09:15:00,NSE:TATACONSUM,509.67620216,521.630208,506.070216,509.37978184,3700215.39856833
2020-11-20 09:15:00,NSE:TATACONSUM,513.973704,517.48086692,509.37978184,512.78817092,2801136.91575163
2020-11-23 09:15:00,NSE:TATACONSUM,513.72672,528.44698616,512.738784,515.35683416,5379534.70670165
2020-11-24 09:15:00,NSE:TATACONSUM,517.87606108,524.29764508,515.35683416,520.49406184,4119944.00446993
2020-11-25 09:15:00,NSE:TATACONSUM,522.865128,523.01333816,502.26665252,508.58944292,2977768.80283743
2020-11-26 09:15:00,NSE:TATACONSUM,510.268944,517.28326984,498.95706692,513.57850984,3610208.55601982
2020-11-27 09:15:00,NSE:TATACONSUM,514.51705892,538.72149092,514.27007492,531.509568,19083789.84063745
2020-12-01 09:15:00,NSE:TATACONSUM,547.316544,547.316544,518.96277092,522.91451492,5167695.07336508
2020-12-02 09:15:00,NSE:TATACONSUM,525.581952,535.26371492,523.70485384,532.744488,3739913.31422278
2020-12-03 09:15:00,NSE:TATACONSUM,534.473376,546.22983416,533.48544,543.75999416,3906344.13565251
2020-12-04 09:15:00,NSE:TATACONSUM,545.340672,560.06093816,543.117816,556.701936,4221219.79561429
2020-12-07 09:15:00,NSE:TATACONSUM,557.14651708,563.12352,554.232096,560.99943784,3752393.87976549
2020-12-08 09:15:00,NSE:TATACONSUM,563.12352,563.12352,551.268288,555.960984,2901168.69918699
2020-12-09 09:15:00,NSE:TATACONSUM,557.195904,563.12352,553.58991784,558.677808,2598613.67537978
2020-12-10 09:15:00,NSE:TATACONSUM,555.220032,577.64618908,553.44175708,572.90410616,4634429.76063227
2020-12-11 09:15:00,NSE:TATACONSUM,577.74496292,582.24006184,563.66687492,569.44633016,3483806.64334532
2020-12-14 09:15:00,NSE:TATACONSUM,572.80528292,575.966688,565.19816584,570.039072,2513146.60058951
2020-12-15 09:15:00,NSE:TATACONSUM,570.039072,573.64505816,559.665744,564.40782692,3453294.54539565
2020-12-16 09:15:00,NSE:TATACONSUM,567.96442616,578.14015708,566.77889308,576.55942984,3731992.76066466
2020-12-17 09:15:00,NSE:TATACONSUM,577.89317308,586.24124216,568.60655492,570.33544292,3652304.40028504
2020-12-18 09:15:00,NSE:TATACONSUM,571.027008,574.87997816,560.65368,566.63068292,5130458.85563437
2020-12-21 09:15:00,NSE:TATACONSUM,567.075264,572.95349308,547.02017308,555.960984,4875301.63897257
2020-12-22 09:15:00,NSE:TATACONSUM,553.04656292,571.07639492,544.352736,569.051136,3304573.37317397
2020-12-23 09:15:00,NSE:TATACONSUM,570.82941092,599.52894184,566.13671492,597.99765092,7675248.19421501
2020-12-24 09:15:00,NSE:TATACONSUM,607.58064,608.66734984,589.84717892,593.749536,5360374.55867587
2020-12-28 09:15:00,NSE:TATACONSUM,600.36871708,604.56744508,591.97126108,595.18205308,2379736.1367538
2020-12-29 09:15:00,NSE:TATACONSUM,600.36871708,600.36871708,586.04364508,591.37846984,2140247.95128429
2020-12-30 09:15:00,NSE:TATACONSUM,591.57606692,596.713344,582.93162692,587.17974184,2326060.5950183
2020-12-31 09:15:00,NSE:TATACONSUM,590.24237308,592.514616,579.918432,582.78346616,2351238.33932562
2021-01-01 09:15:00,NSE:TATACONSUM,585.846048,599.47955492,583.870176,594.243504,3650766.85129401
2021-01-04 09:15:00,NSE:TATACONSUM,599.62776508,599.62776508,590.29176,596.713344,2146425.47695397
2021-01-05 09:15:00,NSE:TATACONSUM,596.713344,606.88907492,593.84830984,602.19637892,3859975.74741684
2021-01-06 09:15:00,NSE:TATACONSUM,605.604768,606.39510692,588.21711416,597.65189308,2194170.47258122
2021-01-07 09:15:00,NSE:TATACONSUM,602.34458908,602.93733092,591.32908292,593.60132584,2222451.65678748
2021-01-08 09:15:00,NSE:TATACONSUM,599.47955492,605.1108,595.33021384,602.19637892,3500987.91824572
2021-01-11 09:15:00,NSE:TATACONSUM,605.604768,625.16589092,602.146992,621.411744,6438315.84232177
2021-01-12 09:15:00,NSE:TATACONSUM,624.96829384,627.24058616,612.52032,616.76843492,4618343.69837722
2021-01-13 09:15:00,NSE:TATACONSUM,619.23827492,625.363488,603.92526692,612.91551416,3704737.95873417
2021-01-14 09:15:00,NSE:TATACONSUM,615.38535416,615.484128,601.30726616,606.592704,3619667.67078029
2021-01-15 09:15:00,NSE:TATACONSUM,602.64096,606.098736,587.82192,595.13266616,4547509.15039031
2021-01-18 09:15:00,NSE:TATACONSUM,594.243504,594.243504,573.990816,577.695576,3387585.83551971
2021-01-19 09:15:00,NSE:TATACONSUM,582.88224,583.870176,570.38482984,575.67031708,5814075.00080977
2021-01-20 09:15:00,NSE:TATACONSUM,580.906368,595.42903708,576.55942984,589.45203416,6232048.43228711
2021-01-21 09:15:00,NSE:TATACONSUM,596.12060216,605.357784,582.93162692,588.068904,4561224.61374016
2021-01-22 09:15:00,NSE:TATACONSUM,591.97126108,599.57837816,575.57149384,577.695576,4359721.68237619
2021-01-25 09:15:00,NSE:TATACONSUM,580.70877092,582.73402984,563.12352,566.68006984,2041180.80523435
2021-01-27 09:15:00,NSE:TATACONSUM,566.087328,581.44972292,559.71513092,565.74157016,3707178.40022026
2021-01-28 09:15:00,NSE:TATACONSUM,565.00061816,569.051136,554.726064,557.78864584,4827309.66378389
2021-01-29 09:15:00,NSE:TATACONSUM,567.075264,567.075264,547.563528,553.04656292,3637215.36617757
2021-02-01 09:15:00,NSE:TATACONSUM,556.207968,581.64732,547.66230184,577.10283416,4765002.9961455
2021-02-02 09:15:00,NSE:TATACONSUM,582.88224,589.20505016,560.30792216,568.40895784,5783214.70216694
2021-02-03 09:15:00,NSE:TATACONSUM,581.894304,590.785728,564.111456,573.15109016,10729163.63003271
2021-02-04 09:15:00,NSE:TATACONSUM,577.94256,582.88224,570.58242692,580.95575492,3862719.85229812
2021-02-05 09:15:00,NSE:TATACONSUM,586.73521016,592.7616,582.09190108,585.35208,5990770.65720856
2021-02-08 09:15:00,NSE:TATACONSUM,587.82192,597.50368292,587.72314616,589.89656584,4019341.33385159
2021-02-09 09:15:00,NSE:TATACONSUM,589.797792,600.17112,587.37733892,591.47729308,3109797.59822499
2021-02-10 09:15:00,NSE:TATACONSUM,593.502552,598.63982908,590.09416292,593.502552,2465652.63336896
2021-02-11 09:15:00,NSE:TATACONSUM,596.02177892,614.496192,591.13148584,602.98671784,7119653.49982185
2021-02-12 09:15:00,NSE:TATACONSUM,608.76617308,608.76617308,596.219376,600.17112,3666080.59631393
2021-02-15 09:15:00,NSE:TATACONSUM,600.665088,617.953968,600.07234616,615.58290184,3274492.47724549
2021-02-16 09:15:00,NSE:TATACONSUM,622.30090616,627.28997308,610.09986692,620.76956584,6497370.27499757
2021-02-17 09:15:00,NSE:TATACONSUM,628.327296,637.91028508,616.719048,624.52376216,8661086.34567421
2021-02-18 09:15:00,NSE:TATACONSUM,629.75981308,635.63804216,613.65646616,616.472064,4511855.0189486
2021-02-19 09:15:00,NSE:TATACONSUM,616.472064,618.54670984,603.08554108,609.50712508,3049897.96909921
2021-02-22 09:15:00,NSE:TATACONSUM,611.532384,616.02748292,604.616832,610.84081892,3056878.17834354
2021-02-23 09:15:00,NSE:TATACONSUM,612.42154616,627.33936,608.568576,619.92984,4273841.62536845
2021-02-24 09:15:00,NSE:TATACONSUM,646.110144,646.110144,607.58064,618.39854908,10362519.43445729
2021-02-25 09:15:00,NSE:TATACONSUM,621.31297016,631.43931416,616.81782184,620.917776,5038127.97590127
2021-02-26 09:15:00,NSE:TATACONSUM,617.46,618.34916216,597.207312,601.80123416,5615030.73073559
2021-03-01 09:15:00,NSE:TATACONSUM,607.48186616,620.917776,601.85062108,617.01541892,2561140.60020082
2021-03-02 09:15:00,NSE:TATACONSUM,620.917776,628.327296,614.496192,624.72130984,3088647.44274933
2021-03-03 09:15:00,NSE:TATACONSUM,627.33936,640.182528,625.363488,629.21645816,3645945.68878956
2021-03-04 09:15:00,NSE:TATACONSUM,627.24058616,636.08257384,621.21414692,623.48638984,2653363.17332297
2021-03-05 09:15:00,NSE:TATACONSUM,626.05505308,635.736816,610.544448,615.13837016,2874303.59861368
2021-03-08 09:15:00,NSE:TATACONSUM,619.33709816,620.62140508,607.58064,608.61796292,1963614.03977586
2021-03-09 09:15:00,NSE:TATACONSUM,611.33478692,613.40948216,594.737472,604.32046108,3102790.05927509
2021-03-10 09:15:00,NSE:TATACONSUM,609.35891492,616.12630616,607.58064,613.45886908,2812230.75178959
2021-03-12 09:15:00,NSE:TATACONSUM,615.484128,617.26240292,605.99996216,607.827624,1907701.51102905
2021-03-15 09:15:00,NSE:TATACONSUM,609.65528584,611.33478692,595.13266616,600.31933016,2799360.48488971
2021-03-16 09:15:00,NSE:TATACONSUM,604.17225092,610.544448,601.159056,603.28313816,2511094.84824928
2021-03-17 09:15:00,NSE:TATACONSUM,604.616832,605.01202616,592.86037384,596.07116584,2290654.45534933
2021-03-18 09:15:00,NSE:TATACONSUM,598.689216,600.86268508,579.918432,587.72314616,3428570.27175849
2021-03-19 09:15:00,NSE:TATACONSUM,582.88224,600.31933016,570.08845892,593.008584,4933697.12208078
2021-03-22 09:15:00,NSE:TATACONSUM,595.725408,615.53351492,589.05684,613.06367492,3193003.39293234
2021-03-23 09:15:00,NSE:TATACONSUM,613.508256,632.27904,613.06367492,626.45019784,5001078.00505296
2021-03-24 09:15:00,NSE:TATACONSUM,625.16589092,631.43931416,617.11424216,621.51051784,2974130.91536294
2021-03-25 09:15:00,NSE:TATACONSUM,626.351424,626.54902108,603.628896,607.43242984,3017716.73468727
2021-03-26 09:15:00,NSE:TATACONSUM,612.52032,627.28997308,607.67941384,620.72017892,3600694.78184822
2021-03-30 09:15:00,NSE:TATACONSUM,623.23940584,629.90797384,610.09986692,621.31297016,20138300.45670975
2021-03-31 09:15:00,NSE:TATACONSUM,622.39968,637.91028508,622.39968,631.19233016,4478505.69267645
2021-04-01 09:15:00,NSE:TATACONSUM,633.266976,645.07282108,632.92121816,642.30661016,3890997.99987044
2021-04-05 09:15:00,NSE:TATACONSUM,644.08488508,644.08488508,631.48870108,637.16933308,3612476.92158196
2021-04-06 09:15:00,NSE:TATACONSUM,637.41631708,670.808544,630.40194184,666.41221892,7729993.64331293
2021-04-07 09:15:00,NSE:TATACONSUM,666.80741308,666.80741308,651.19803416,657.718392,3945757.6199268
2021-04-08 09:15:00,NSE:TATACONSUM,659.00269892,669.03026908,658.75571492,662.60868508,2508105.7882292
2021-04-09 09:15:00,NSE:TATACONSUM,661.91712,676.73616,656.97744,671.59888292,2597883.87101999
2021-04-12 09:15:00,NSE:TATACONSUM,666.8568,667.44954184,642.1584,647.69082184,4252341.24477699
2021-04-13 09:15:00,NSE:TATACONSUM,649.073952,669.72183416,648.086016,655.94011708,3102849.77974282
2021-04-15 09:15:00,NSE:TATACONSUM,654.80397092,665.868864,639.34280216,651.34619492,3232958.41026139
2021-04-16 09:15:00,NSE:TATACONSUM,654.80397092,668.38809092,652.33413092,663.20142692,2741403.2892819
2021-04-19 09:15:00,NSE:TATACONSUM,654.013632,660.73158692,643.640304,656.08827784,2652089.81148576
2021-04-20 09:15:00,NSE:TATACONSUM,669.17842984,689.579328,658.26174692,671.89525384,8330844.30570401
2021-04-22 09:15:00,NSE:TATACONSUM,672.48804508,672.48804508,655.001568,657.471408,3050251.23084896
2021-04-23 09:15:00,NSE:TATACONSUM,658.953312,667.54836508,653.025696,656.58224584,2357535.30593075
2021-04-26 09:15:00,NSE:TATACONSUM,658.953312,666.8568,654.06301892,662.11471708,1867855.81252227
2021-04-27 09:15:00,NSE:TATACONSUM,666.80741308,671.69770616,660.04002184,665.57249308,2286351.54503936
2021-04-28 09:15:00,NSE:TATACONSUM,668.832672,684.639648,666.8568,668.98088216,3948558.40864186
2021-04-29 09:15:00,NSE:TATACONSUM,670.16636584,672.24106108,657.965376,663.74478184,3286746.30745311
2021-04-30 09:15:00,NSE:TATACONSUM,662.905056,669.820608,657.02682692,661.423152,2233172.99906067
2021-05-03 09:15:00,NSE:TATACONSUM,653.86542184,674.26632,653.025696,668.93144584,2010025.95309818
2021-05-04 09:15:00,NSE:TATACONSUM,672.784416,678.02046692,633.81033092,637.465704,7491165.41962232
2021-05-05 09:15:00,NSE:TATACONSUM,641.170464,648.086016,632.32842692,641.21985092,3373009.99255012
2021-05-06 09:15:00,NSE:TATACONSUM,644.134272,647.04869308,630.45137816,645.22098184,4049010.25977391
2021-05-07 09:15:00,NSE:TATACONSUM,628.327296,634.254912,606.592704,621.411744,14776921.78440709
2021-05-10 09:15:00,NSE:TATACONSUM,619.435872,629.26584508,613.508256,625.51169816,5088194.98429048
2021-05-11 09:15:00,NSE:TATACONSUM,620.423808,642.05962616,617.46,633.85971784,4675637.89557218
2021-05-12 09:15:00,NSE:TATACONSUM,637.21872,638.89822108,623.48638984,632.32842692,3175586.272795
2021-05-14 09:15:00,NSE:TATACONSUM,632.773008,641.664432,630.35255492,637.36693016,2962892.3331066
2021-05-17 09:15:00,NSE:TATACONSUM,638.206656,649.46914616,632.37781384,645.41857892,2691826.19117028
2021-05-18 09:15:00,NSE:TATACONSUM,650.061888,650.061888,640.182528,645.122208,2295055.5501571
2021-05-19 09:15:00,NSE:TATACONSUM,644.134272,653.025696,642.84996508,645.31980508,3241147.19981861
2021-05-20 09:15:00,NSE:TATACONSUM,648.086016,648.086016,632.37781384,637.11994616,2128420.26204127
2021-05-21 09:15:00,NSE:TATACONSUM,637.26810692,644.62824,636.52715492,641.86202908,1855586.79914488
2021-05-24 09:15:00,NSE:TATACONSUM,642.1584,646.80170908,630.797136,632.37781384,2702570.81430376
2021-05-25 09:15:00,NSE:TATACONSUM,633.266976,644.134272,633.266976,642.10901308,2110716.68610112
2021-05-26 09:15:00,NSE:TATACONSUM,644.134272,647.09808,632.92121816,634.15613816,2342959.46296116
2021-05-27 09:15:00,NSE:TATACONSUM,635.736816,644.134272,633.41518616,640.72588292,3587216.17594662
2021-05-28 09:15:00,NSE:TATACONSUM,642.652368,649.76551708,638.50302692,647.04869308,2917169.73569138
2021-05-31 09:15:00,NSE:TATACONSUM,651.98837308,656.97744,642.35599708,655.84129384,3458759.47429793
2021-06-01 09:15:00,NSE:TATACONSUM,657.76777892,659.200296,648.87635492,657.76777892,2384247.56259515
2021-06-02 09:15:00,NSE:TATACONSUM,657.471408,666.609816,652.18597016,665.42428292,3058316.53062547
2021-06-03 09:15:00,NSE:TATACONSUM,667.844736,674.760288,665.127912,671.79648,2516210.56424708
2021-06-04 09:15:00,NSE:TATACONSUM,672.63620584,681.62645308,666.8568,678.66264508,2428063.15388851
2021-06-07 09:15:00,NSE:TATACONSUM,681.67584,698.470752,679.00840292,691.50581308,3554737.35140738
2021-06-08 09:15:00,NSE:TATACONSUM,696.64309016,706.76943416,693.13587784,701.87914108,4030218.55666764
2021-06-09 09:15:00,NSE:TATACONSUM,703.70680292,706.22602984,692.296152,694.37079784,3076675.00728792
2021-06-10 09:15:00,NSE:TATACONSUM,695.80331492,710.079,695.506944,699.16231708,2602651.38632462
2021-06-11 09:15:00,NSE:TATACONSUM,705.53451416,708.69586984,700.940592,706.76943416,2198119.10893013
2021-06-14 09:15:00,NSE:TATACONSUM,706.76943416,708.350112,694.12381384,706.127256,1820920.58594889
2021-06-15 09:15:00,NSE:TATACONSUM,709.338048,715.36443784,706.76943416,710.819952,2416808.37625109
2021-06-16 09:15:00,NSE:TATACONSUM,715.265664,728.849784,712.301856,727.02212216,4185017.04563858
2021-06-17 09:15:00,NSE:TATACONSUM,721.73663492,738.28456292,716.10538984,736.01232,4218476.70294432
2021-06-18 09:15:00,NSE:TATACONSUM,737.000256,738.43277308,723.26792584,730.87504292,3808884.38117449
2021-06-21 09:15:00,NSE:TATACONSUM,720.205344,734.97499708,719.06919784,733.59186692,1614331.29271532
2021-06-22 09:15:00,NSE:TATACONSUM,738.976128,749.59644,733.39426984,747.57118108,3387652.64146665
2021-06-23 09:15:00,NSE:TATACONSUM,750.83136,755.77104,742.77966184,748.70727784,2988412.20483918
2021-06-24 09:15:00,NSE:TATACONSUM,752.807232,754.58550692,744.903744,748.31213308,1689221.77145078
2021-06-25 09:15:00,NSE:TATACONSUM,745.89168,754.23974908,744.409776,748.46029384,1607684.1009944
2021-06-28 09:15:00,NSE:TATACONSUM,752.807232,760.41434908,749.843424,756.41321816,1505059.03216403
2021-06-29 09:15:00,NSE:TATACONSUM,757.15417016,762.58781816,746.73140584,748.90487492,1524772.85978039
2021-06-30 09:15:00,NSE:TATACONSUM,755.77104,759.08060584,740.35925816,745.29893816,1754233.06772908
2021-07-01 09:15:00,NSE:TATACONSUM,746.68201892,750.83136,740.952,746.92900292,1937811.76108574
2021-07-02 09:15:00,NSE:TATACONSUM,748.75671416,759.52518692,744.11340508,754.38790984,1939533.53253652
2021-07-05 09:15:00,NSE:TATACONSUM,761.15530108,762.192624,755.77104,757.05534692,1033361.47280796
2021-07-06 09:15:00,NSE:TATACONSUM,758.734848,759.722784,748.855488,753.39997384,1428839.5199689
2021-07-07 09:15:00,NSE:TATACONSUM,749.843424,756.80836292,742.18692,753.84455492,2130617.77281119
2021-07-08 09:15:00,NSE:TATACONSUM,753.74578108,756.758976,747.867552,754.09153892,1558838.83166521
2021-07-09 09:15:00,NSE:TATACONSUM,753.795168,763.427544,750.53498908,756.70958908,1165856.8976128
2021-07-12 09:15:00,NSE:TATACONSUM,761.698656,777.35742184,759.82155784,766.53956216,3029229.62621061
2021-07-13 09:15:00,NSE:TATACONSUM,771.47924216,771.47924216,757.45054108,763.52631784,1518736.03148382
2021-07-14 09:15:00,NSE:TATACONSUM,764.26726984,767.32990108,754.19036216,758.93244508,1107624.38052667
2021-07-15 09:15:00,NSE:TATACONSUM,759.722784,765.25520584,754.289136,763.03234984,977393.2724387
2021-07-16 09:15:00,NSE:TATACONSUM,763.03234984,765.60101308,752.21449016,753.795168,992354.76792019
2021-07-19 09:15:00,NSE:TATACONSUM,751.819296,760.71072,749.39884292,756.31439492,1716250.85025751
2021-07-20 09:15:00,NSE:TATACONSUM,752.807232,758.734848,737.988192,747.96632584,2221964.78314385
2021-07-22 09:15:00,NSE:TATACONSUM,754.289136,756.66020216,745.99045384,754.98070108,1482301.48511644
2021-07-23 09:15:00,NSE:TATACONSUM,757.89512216,767.626272,756.758976,765.79861016,2045802.56210929
2021-07-26 09:15:00,NSE:TATACONSUM,770.837064,776.517696,761.50105892,766.98409384,2180567.36468759
2021-07-27 09:15:00,NSE:TATACONSUM,770.98527416,778.64177816,754.783104,760.463736,2026268.90810741
2021-07-28 09:15:00,NSE:TATACONSUM,759.67339708,760.71072,730.28230108,745.79290616,3150469.26116672
2021-07-29 09:15:00,NSE:TATACONSUM,745.89168,750.73258616,739.470096,742.13753308,1763329.81083795
2021-07-30 09:15:00,NSE:TATACONSUM,742.927872,752.807232,736.20991708,747.1266,1632875.00404885
2021-08-02 09:15:00,NSE:TATACONSUM,753.795168,761.698656,747.47235784,750.38677892,2079310.80555825
2021-08-03 09:15:00,NSE:TATACONSUM,750.83136,761.451672,750.38677892,758.38909016,2982267.06993166
2021-08-04 09:15:00,NSE:TATACONSUM,760.71072,760.71072,746.03989016,749.59644,5492682.72438701
2021-08-05 09:15:00,NSE:TATACONSUM,751.819296,761.40228508,748.16392292,759.08060584,2500053.64719982
2021-08-06 09:15:00,NSE:TATACONSUM,763.674528,788.71868584,762.686592,771.92377384,7945590.60505944
2021-08-09 09:15:00,NSE:TATACONSUM,773.99846908,773.99846908,753.795168,755.62282984,1682031.02225245
2021-08-10 09:15:00,NSE:TATACONSUM,756.66020216,765.20581892,751.86868292,762.58781816,1447265.81478962
2021-08-11 09:15:00,NSE:TATACONSUM,762.58781816,764.86006108,742.927872,755.77104,1408776.47944806
2021-08-12 09:15:00,NSE:TATACONSUM,756.41321816,766.83593308,753.795168,764.909448,891171.0880057
2021-08-13 09:15:00,NSE:TATACONSUM,767.626272,801.01849892,764.95883492,797.70893308,8053651.24866388
2021-08-16 09:15:00,NSE:TATACONSUM,797.65954616,805.61242108,790.44757384,792.47288216,2635960.22414407
2021-08-17 09:15:00,NSE:TATACONSUM,795.28848,824.92656,795.28848,822.75309092,7673269.32108963
2021-08-18 09:15:00,NSE:TATACONSUM,829.125288,834.65770984,820.13509016,831.24937016,3085830.45865319
2021-08-20 09:15:00,NSE:TATACONSUM,822.90130108,842.11666616,816.72670108,837.07816292,3828568.85466265
2021-08-23 09:15:00,NSE:TATACONSUM,839.39984216,839.44922908,813.071328,822.45672,2188077.9726622
2021-08-24 09:15:00,NSE:TATACONSUM,823.444656,830.31082108,817.023072,826.80365816,1184384.41356525
2021-08-25 09:15:00,NSE:TATACONSUM,826.01326984,840.38777816,823.197672,825.914496,1799529.5241797
2021-08-26 09:15:00,NSE:TATACONSUM,831.842112,846.46355492,824.48197892,843.00577892,2494665.64635766
2021-08-27 09:15:00,NSE:TATACONSUM,843.64795708,850.51412216,833.817984,837.72034108,2395292.81248988
2021-08-30 09:15:00,NSE:TATACONSUM,839.7456,852.341784,839.7456,850.118928,1898416.49661517
2021-08-31 09:15:00,NSE:TATACONSUM,851.600832,857.23207708,846.11779708,854.51525308,2158042.626243
2021-09-01 09:15:00,NSE:TATACONSUM,860.59102984,864.14762908,842.01784292,856.98509308,2076719.54458588
2021-09-02 09:15:00,NSE:TATACONSUM,855.94777016,864.444,851.65021892,860.93683708,1330681.33968192
2021-09-03 09:15:00,NSE:TATACONSUM,863.01148292,863.01148292,851.74904216,859.35610984,1088316.44964856
2021-09-06 09:15:00,NSE:TATACONSUM,859.35610984,867.06205016,852.588768,859.55370692,997171.88157937
2021-09-07 09:15:00,NSE:TATACONSUM,859.50432,878.275104,854.51525308,857.82481892,2874954.45049072
2021-09-08 09:15:00,NSE:TATACONSUM,863.75243492,870.71737384,845.22863492,869.18608292,1621402.6009782
2021-09-09 09:15:00,NSE:TATACONSUM,864.444,876.84258692,862.02354692,865.03674184,1705948.5634697
2021-09-13 09:15:00,NSE:TATACONSUM,866.22227492,873.335424,860.19588508,871.45832584,1077001.95154342
2021-09-14 09:15:00,NSE:TATACONSUM,874.12576292,875.21252216,867.01261384,870.66798692,630024.61697924
2021-09-15 09:15:00,NSE:TATACONSUM,874.32336,876.69442616,859.998288,861.03561092,1969511.18291063
2021-09-16 09:15:00,NSE:TATACONSUM,862.962096,872.347488,860.83801384,863.456064,1310343.98989408
2021-09-17 09:15:00,NSE:TATACONSUM,869.28490616,870.371616,855.84894692,863.60427416,1851465.07466071
2021-09-20 09:15:00,NSE:TATACONSUM,859.55370692,866.37048508,844.68528,846.661152,1094655.92912901
2021-09-21 09:15:00,NSE:TATACONSUM,844.68528,854.02128508,840.733536,848.53825016,1496342.88051048
2021-09-22 09:15:00,NSE:TATACONSUM,851.600832,852.93452584,841.62269816,843.84555416,994106.90571049
2021-09-23 09:15:00,NSE:TATACONSUM,846.80936216,849.377976,838.80705092,840.38777816,1482145.60457358
2021-09-24 09:15:00,NSE:TATACONSUM,840.38777816,841.721472,823.938624,826.655448,2880810.09296149
2021-09-27 09:15:00,NSE:TATACONSUM,827.00120584,832.23730616,818.998944,824.97594692,1450730.61412885
2021-09-28 09:15:00,NSE:TATACONSUM,826.902432,827.29762616,807.143712,812.77495708,1956915.22527775
2021-09-29 09:15:00,NSE:TATACONSUM,814.553232,819.39413816,801.216096,813.51590908,2182774.99757069
2021-09-30 09:15:00,NSE:TATACONSUM,813.071328,814.00987708,801.06788584,803.78470984,1641820.92767143
2021-10-01 09:15:00,NSE:TATACONSUM,803.09319416,810.10752,786.397056,791.58372,2014097.06701649
2021-10-04 09:15:00,NSE:TATACONSUM,795.33786692,807.390696,792.077688,804.47627492,1730337.79516082
2021-10-05 09:15:00,NSE:TATACONSUM,805.16784,809.31718108,790.05242908,791.78131708,3542608.02319179
2021-10-06 09:15:00,NSE:TATACONSUM,799.58598184,823.938624,793.312608,810.74969816,5279206.34535031
2021-10-07 09:15:00,NSE:TATACONSUM,818.011008,820.67844508,811.44121384,814.60261892,1518761.33676675
2021-10-08 09:15:00,NSE:TATACONSUM,816.92429816,818.94955708,802.64861308,808.8726,1769255.29588961
2021-10-11 09:15:00,NSE:TATACONSUM,811.49065016,816.529104,803.191968,806.40276,1794366.23424999
2021-10-12 09:15:00,NSE:TATACONSUM,807.63768,813.071328,803.78470984,806.30398616,1261714.32157549
2021-10-13 09:15:00,NSE:TATACONSUM,810.10752,843.697344,808.18103492,837.91793816,7321607.87743336
2021-10-14 09:15:00,NSE:TATACONSUM,849.57557308,849.62496,835.793856,839.35040584,2380920.42399508
2021-10-18 09:15:00,NSE:TATACONSUM,852.588768,852.588768,831.89149892,833.76859708,1937611.34324491
2021-10-19 09:15:00,NSE:TATACONSUM,838.757664,851.600832,829.96501384,833.12641892,1938750.08097691
2021-10-20 09:15:00,NSE:TATACONSUM,830.854176,841.62269816,812.62674692,816.97368508,1553904.30149321
2021-10-21 09:15:00,NSE:TATACONSUM,827.05064216,828.63132,798.252288,804.97024292,2285483.06772908
2021-10-22 09:15:00,NSE:TATACONSUM,808.77382616,811.88579492,780.46944,785.656104,2984987.89395264
2021-10-25 09:15:00,NSE:TATACONSUM,783.433248,790.94154184,764.26726984,779.43211708,2990778.7548991
2021-10-26 09:15:00,NSE:TATACONSUM,776.61646984,802.10525816,776.61646984,799.14145016,1798497.06863602
2021-10-27 09:15:00,NSE:TATACONSUM,802.204032,811.29305308,799.88240216,808.8726,1954207.56000389
2021-10-28 09:15:00,NSE:TATACONSUM,808.131648,812.62674692,796.22702908,799.93178908,1845133.69287079
2021-10-29 09:15:00,NSE:TATACONSUM,797.264352,808.625616,784.56939416,799.734192,2247963.43082953
2021-11-01 09:15:00,NSE:TATACONSUM,811.589424,819.98688,796.276416,814.94842616,1571792.09989311
2021-11-02 09:15:00,NSE:TATACONSUM,817.91223416,825.914496,812.87373092,823.74102692,1266848.257377
2021-11-03 09:15:00,NSE:TATACONSUM,822.950688,828.878304,810.15690692,816.92429816,1057318.49026658
2021-11-04 18:00:00,NSE:TATACONSUM,823.938624,824.53136584,816.035136,817.41826616,177984.20140576
2021-11-08 09:15:00,NSE:TATACONSUM,819.98688,828.08796508,807.19309892,826.26025384,902003.77352379
2021-11-09 09:15:00,NSE:TATACONSUM,825.81572216,831.348144,816.035136,825.56873816,1499216.54844038
2021-11-10 09:15:00,NSE:TATACONSUM,826.95181892,835.793856,820.727832,832.23730616,1388625.37654261
2021-11-11 09:15:00,NSE:TATACONSUM,831.99032216,831.99032216,813.46652216,827.54461016,1428476.13610598
2021-11-12 09:15:00,NSE:TATACONSUM,832.089096,842.56119784,829.86624,837.67095416,1194855.73964305
2021-11-15 09:15:00,NSE:TATACONSUM,842.21544,847.649088,837.22637308,842.26482692,1205308.84591714
2021-11-16 09:15:00,NSE:TATACONSUM,845.57444216,847.649088,820.03626692,823.34588216,1689422.18929161
2021-11-17 09:15:00,NSE:TATACONSUM,823.83985016,837.12754984,822.45672,826.30969016,1456930.40844751
2021-11-18 09:15:00,NSE:TATACONSUM,827.10002908,832.830048,812.37976292,822.01213892,1145891.02937842
2021-11-22 09:15:00,NSE:TATACONSUM,822.01213892,828.92769092,797.70893308,802.944984,1975212.96926117
2021-11-23 09:15:00,NSE:TATACONSUM,792.324672,813.91105384,792.324672,811.04606908,1037603.65043889
2021-11-24 09:15:00,NSE:TATACONSUM,814.059264,819.98688,786.397056,789.31147708,1654085.89220354
2021-11-25 09:15:00,NSE:TATACONSUM,789.360864,800.722128,786.00186184,798.05469092,1788832.47497814
2021-11-26 09:15:00,NSE:TATACONSUM,790.54639708,795.28848,753.94337816,757.45054108,2648556.18177696
2021-11-29 09:15:00,NSE:TATACONSUM,757.499928,765.55162616,740.211048,756.758976,1603913.61383733
2021-11-30 09:15:00,NSE:TATACONSUM,755.77104,780.12368216,754.98070108,769.20694984,3572454.08609465
2021-12-01 09:15:00,NSE:TATACONSUM,780.37066616,781.30916584,758.19149308,763.47693092,1279277.20014252
2021-12-02 09:15:00,NSE:TATACONSUM,763.47693092,771.47924216,754.33852292,763.921512,1788395.19968905
2021-12-03 09:15:00,NSE:TATACONSUM,758.24088,771.578016,757.84568584,764.95883492,1425435.45330872
2021-12-06 09:15:00,NSE:TATACONSUM,767.626272,768.614208,736.55567492,738.58093384,1674342.265086
2021-12-07 09:15:00,NSE:TATACONSUM,749.20124584,756.265008,735.024384,751.52292508,1763064.61147281
2021-12-08 09:15:00,NSE:TATACONSUM,749.44822984,764.31670616,749.44822984,762.83480216,1014676.05189
2021-12-09 09:15:00,NSE:TATACONSUM,763.674528,769.65153092,756.80836292,768.12024,947255.69267645
2021-12-10 09:15:00,NSE:TATACONSUM,772.22019416,772.51656508,756.11679784,760.36496216,1430046.07585916
2021-12-13 09:15:00,NSE:TATACONSUM,764.662464,767.873256,742.927872,745.00251784,1968153.80753409
2021-12-14 09:15:00,NSE:TATACONSUM,743.915808,744.85435708,723.56434616,730.578672,2362285.61364299
2021-12-15 09:15:00,NSE:TATACONSUM,733.048512,741.445968,726.33055708,737.29662692,1697174.71577106
2021-12-16 09:15:00,NSE:TATACONSUM,737.988192,740.952,726.42933092,731.319624,1470650.93285395
2021-12-17 09:15:00,NSE:TATACONSUM,729.096768,729.88710692,712.35124292,717.58729384,1714502.76131247
2021-12-20 09:15:00,NSE:TATACONSUM,708.79469308,710.86933892,688.19619784,700.98997892,2550966.86425032
2021-12-21 09:15:00,NSE:TATACONSUM,701.97791492,716.84634184,696.29728292,697.18644508,2728708.13493992
2021-12-22 09:15:00,NSE:TATACONSUM,697.68041308,708.89346692,695.30934692,706.32485308,1048398.88413824
2021-12-23 09:15:00,NSE:TATACONSUM,711.31392,720.79808584,703.657416,717.982488,1108729.7152852
2021-12-24 09:15:00,NSE:TATACONSUM,720.205344,720.205344,705.386304,710.27659708,942884.96420821
2021-12-27 09:15:00,NSE:TATACONSUM,701.43456,715.759632,698.223768,709.832016,700379.37680174
2021-12-28 09:15:00,NSE:TATACONSUM,713.58616292,720.74869892,710.72117816,718.18008508,829257.15835844
2021-12-29 09:15:00,NSE:TATACONSUM,719.217408,720.10657016,711.31392,717.88371416,793512.94010948
2021-12-30 09:15:00,NSE:TATACONSUM,720.205344,728.94855784,716.54997092,719.217408,2258177.65523273
2021-12-31 09:15:00,NSE:TATACONSUM,721.19328,736.01232,720.25473092,734.48102908,875843.17202734
2022-01-03 09:15:00,NSE:TATACONSUM,737.988192,740.35925816,731.07264,738.976128,937003.00424319
2022-01-04 09:15:00,NSE:TATACONSUM,742.927872,747.57118108,722.23060292,729.93649384,2381208.90422052
2022-01-05 09:15:00,NSE:TATACONSUM,731.319624,734.530416,717.735504,724.74982984,2101909.43542902
2022-01-06 09:15:00,NSE:TATACONSUM,724.157088,726.08357308,713.83314692,716.69818108,2103126.11343245
2022-01-07 09:15:00,NSE:TATACONSUM,716.69818108,735.66656216,716.30298692,727.21966984,2132785.92945292
2022-01-10 09:15:00,NSE:TATACONSUM,731.51722108,734.036448,722.181216,723.07037816,1611538.6016908
2022-01-11 09:15:00,NSE:TATACONSUM,727.56547708,734.62918984,721.934232,729.73894616,1928613.79684514
2022-01-12 09:15:00,NSE:TATACONSUM,734.036448,734.33281892,724.30529816,727.21966984,1839405.58902601
2022-01-13 09:15:00,NSE:TATACONSUM,728.108832,730.52928508,714.87046984,721.39087708,1624266.14679493
2022-01-14 09:15:00,NSE:TATACONSUM,721.39087708,767.626272,718.229472,753.3012,8839990.64716743
2022-01-17 09:15:00,NSE:TATACONSUM,758.734848,762.04441384,750.090408,755.86981384,1880046.88562822
2022-01-18 09:15:00,NSE:TATACONSUM,754.58550692,760.71072,719.61260216,722.62579708,2706803.88203284
2022-01-19 09:15:00,NSE:TATACONSUM,726.08357308,729.096768,705.386304,708.99229016,2455876.69646617
2022-01-20 09:15:00,NSE:TATACONSUM,719.26679492,737.24724,708.54770908,714.72230908,5362417.20111424
2022-01-21 09:15:00,NSE:TATACONSUM,712.301856,733.98706108,703.410432,717.78489092,4913554.11686587
2022-01-24 09:15:00,NSE:TATACONSUM,716.2536,716.2536,680.193936,683.10835708,3152724.46798173
2022-01-25 09:15:00,NSE:TATACONSUM,681.67584,701.38517308,666.8568,699.211704,2055341.64156383
2022-01-27 09:15:00,NSE:TATACONSUM,691.5552,700.940592,679.206,697.43342908,3156616.42049687
2022-01-28 09:15:00,NSE:TATACONSUM,697.976784,721.09450616,697.976784,709.23927416,2099480.12826742
2022-01-31 09:15:00,NSE:TATACONSUM,717.241536,728.05944508,713.33917892,718.52584292,1703004.04074758
2022-02-01 09:15:00,NSE:TATACONSUM,723.169152,730.084704,708.39949892,727.21966984,2088950.09393321
2022-02-02 09:15:00,NSE:TATACONSUM,732.65331784,735.91354616,725.73776584,733.49309308,1793635.41767888
2022-02-03 09:15:00,NSE:TATACONSUM,740.952,759.722784,724.50284584,729.19554184,8253654.08285557
2022-02-04 09:15:00,NSE:TATACONSUM,732.060576,737.54361092,713.48738908,724.94742692,1955246.08881547
2022-02-07 09:15:00,NSE:TATACONSUM,720.205344,727.861848,693.58045892,696.29728292,1932061.38859197
2022-02-08 09:15:00,NSE:TATACONSUM,696.59365384,701.43456,683.00953384,688.69016584,2439880.72101837
2022-02-09 09:15:00,NSE:TATACONSUM,697.482816,700.446624,688.14681092,691.75279708,2233785.38690765
2022-02-10 09:15:00,NSE:TATACONSUM,697.7298,702.422496,690.567264,698.17438108,1791909.59738283
2022-02-11 09:15:00,NSE:TATACONSUM,686.61552,694.61778184,681.67584,692.543136,2037909.33825673
2022-02-14 09:15:00,NSE:TATACONSUM,680.687904,692.34553892,675.79761092,685.92395492,2094679.20998931
2022-02-15 09:15:00,NSE:TATACONSUM,684.639648,697.482816,680.83611416,693.531072,2236604.39542642
2022-02-16 09:15:00,NSE:TATACONSUM,696.988848,699.80444584,687.65284292,692.543136,1232059.5666116
2022-02-17 09:15:00,NSE:TATACONSUM,693.037104,717.38974616,693.037104,711.65967784,3484124.47769896
2022-02-18 09:15:00,NSE:TATACONSUM,706.96698184,715.85840584,703.60802908,708.84408,1706880.81009296
2022-02-21 09:15:00,NSE:TATACONSUM,701.928528,712.64761384,696.000912,704.59596508,1561646.70585949
2022-02-22 09:15:00,NSE:TATACONSUM,681.67584,708.25133816,681.67584,706.57183708,1884714.19201244
2022-02-23 09:15:00,NSE:TATACONSUM,706.37424,722.37881308,705.48507784,714.524712,1838837.73847699
2022-02-24 09:15:00,NSE:TATACONSUM,690.567264,705.92965892,665.91825092,669.52423708,3129046.82084669
2022-02-25 09:15:00,NSE:TATACONSUM,681.67584,704.74412584,677.32890184,700.940592,1793518.00116607
2022-02-28 09:15:00,NSE:TATACONSUM,691.061232,712.10425892,686.17093892,709.93078984,1958977.09973116
2022-03-02 09:15:00,NSE:TATACONSUM,703.36104508,709.93078984,693.08649092,702.422496,1962111.91818093
2022-03-03 09:15:00,NSE:TATACONSUM,703.55864216,710.079,676.29157892,678.76141892,2138124.33194053
2022-03-04 09:15:00,NSE:TATACONSUM,680.09516216,680.09516216,649.56792,661.86773308,2867764.71350371
2022-03-07 09:15:00,NSE:TATACONSUM,651.049824,665.374896,642.35599708,651.88954984,2163417.46833803
2022-03-08 09:15:00,NSE:TATACONSUM,651.049824,679.452984,650.061888,675.45185308,2885671.74391863
2022-03-09 09:15:00,NSE:TATACONSUM,676.73616,697.38404216,670.11697892,690.71547416,1944087.4712532
2022-03-10 09:15:00,NSE:TATACONSUM,697.03823492,718.72344,697.03823492,715.46326108,2605892.48696272
2022-03-11 09:15:00,NSE:TATACONSUM,715.56203492,717.29092292,698.91533308,707.80675708,2333862.7198523
2022-03-14 09:15:00,NSE:TATACONSUM,711.31392,715.265664,701.08880216,713.536776,1604076.57985942
2022-03-15 09:15:00,NSE:TATACONSUM,715.265664,764.662464,715.01868,739.56886984,9501123.55456224
2022-03-16 09:15:00,NSE:TATACONSUM,744.903744,746.43503492,731.66538184,738.82791784,1983709.47105885
2022-03-17 09:15:00,NSE:TATACONSUM,748.855488,765.10704508,745.150728,762.98296292,3137083.77870631
2022-03-21 09:15:00,NSE:TATACONSUM,762.686592,764.51425384,736.30869092,738.77853092,1912295.93819843
2022-03-22 09:15:00,NSE:TATACONSUM,740.952,748.855488,722.57641016,743.81703416,3085189.72888932
2022-03-23 09:15:00,NSE:TATACONSUM,750.337392,750.83136,736.11109384,739.76646692,1116723.14805817
2022-03-24 09:15:00,NSE:TATACONSUM,738.976128,742.53267784,729.78833308,731.566608,1193485.20551939
2022-03-25 09:15:00,NSE:TATACONSUM,731.07264,731.07264,700.05142984,724.50284584,3004871.77307032
2022-03-28 09:15:00,NSE:TATACONSUM,725.145024,737.19785308,719.36561816,732.30756,1855489.62685842
2022-03-29 09:15:00,NSE:TATACONSUM,733.048512,738.729144,726.72570184,734.23404508,997744.79318498
2022-03-30 09:15:00,NSE:TATACONSUM,740.952,773.306904,739.964064,756.61076584,8429797.0718751
2022-03-31 09:15:00,NSE:TATACONSUM,758.68546108,770.59008,756.66020216,768.02146616,2927449.75383021
2022-04-01 09:15:00,NSE:TATACONSUM,770.54069308,782.93928,769.602144,780.27184292,3119946.02889256
2022-04-04 09:15:00,NSE:TATACONSUM,782.445312,785.40912,772.318968,778.59234184,1584769.66119263
2022-04-05 09:15:00,NSE:TATACONSUM,781.457376,800.22816,778.69116508,796.91859416,2947842.7752405
2022-04-06 09:15:00,NSE:TATACONSUM,800.67274108,802.698,787.43437892,799.487208,2028648.61691446
2022-04-07 09:15:00,NSE:TATACONSUM,799.240224,808.42801892,792.37405892,795.18970616,1989235.13264017
2022-04-08 09:15:00,NSE:TATACONSUM,800.722128,809.95930984,794.300544,807.83527708,1423390.78644771
2022-04-11 09:15:00,NSE:TATACONSUM,807.83527708,814.059264,799.734192,811.589424,1246271.01350695
2022-04-12 09:15:00,NSE:TATACONSUM,811.589424,812.92311784,792.86802692,802.30280584,1208064.08512292
2022-04-13 09:15:00,NSE:TATACONSUM,802.30280584,813.565296,801.26548292,807.73645384,1049398.94891977
2022-04-18 09:15:00,NSE:TATACONSUM,806.35337308,814.94842616,799.240224,812.37976292,1499038.39924853
2022-04-19 09:15:00,NSE:TATACONSUM,815.0472,826.75422184,775.38154984,781.80313384,2490527.7264924
2022-04-20 09:15:00,NSE:TATACONSUM,790.3488,803.63654908,782.54408584,800.67274108,1541044.15670651
2022-04-21 09:15:00,NSE:TATACONSUM,802.204032,812.083392,794.547528,810.15690692,1360665.06332394
2022-04-22 09:15:00,NSE:TATACONSUM,808.131648,811.68819784,793.41138184,805.76058184,1903633.4337447
2022-04-25 09:15:00,NSE:TATACONSUM,792.324672,800.12938616,780.02485892,783.186264,1208196.68480549
2022-04-26 09:15:00,NSE:TATACONSUM,788.619912,814.40502184,785.40912,812.13277892,1300903.09493732
2022-04-27 09:15:00,NSE:TATACONSUM,805.06906616,807.98343784,786.69342692,788.96566984,1201301.50131183
2022-04-28 09:15:00,NSE:TATACONSUM,801.06788584,809.119584,789.95360584,801.85827416,1824601.99851003
2022-04-29 09:15:00,NSE:TATACONSUM,805.16784,825.173544,803.191968,813.81228,2296627.51433291
2022-05-02 09:15:00,NSE:TATACONSUM,813.36769892,818.65318616,800.22816,814.45445816,1457395.01344217
2022-05-04 09:15:00,NSE:TATACONSUM,814.45445816,821.962752,791.13913892,793.60897892,1839698.11809672
2022-05-05 09:15:00,NSE:TATACONSUM,800.22816,802.204032,763.18056,766.98409384,5141753.10951317
2022-05-06 09:15:00,NSE:TATACONSUM,760.71072,769.108176,753.74578108,755.72165308,2027859.09208694
2022-05-09 09:15:00,NSE:TATACONSUM,753.795168,758.734848,744.903744,749.102472,1763736.71978752
2022-05-10 09:15:00,NSE:TATACONSUM,750.28800508,763.13117308,734.08583492,736.80265892,1342378.45366501
2022-05-11 09:15:00,NSE:TATACONSUM,736.80265892,749.64582692,729.096768,735.12315784,1303493.34369838
2022-05-12 09:15:00,NSE:TATACONSUM,733.048512,738.976128,719.217408,729.14615492,1506729.18083763
2022-05-13 09:15:00,NSE:TATACONSUM,737.988192,752.06628,726.18234692,728.70157384,1499489.84549606
2022-05-16 09:15:00,NSE:TATACONSUM,730.084704,735.46896508,721.19328,726.626928,839209.22003045
2022-05-17 09:15:00,NSE:TATACONSUM,728.108832,733.789464,712.35124292,725.392008,2567677.46088816
2022-05-18 09:15:00,NSE:TATACONSUM,727.96062184,748.75671416,724.94742692,745.20011492,2783728.90551615
2022-05-19 09:15:00,NSE:TATACONSUM,736.01232,737.44483708,709.98022616,712.59822692,1523195.83454799
2022-05-20 09:15:00,NSE:TATACONSUM,726.13296,733.789464,722.57641016,730.67744584,1220019.31299193
2022-05-23 09:15:00,NSE:TATACONSUM,736.01232,739.71708,719.26679492,720.89690908,982682.07657176
2022-05-24 09:15:00,NSE:TATACONSUM,726.13296,729.096768,701.43456,706.52245016,1532208.56411751
2022-05-25 09:15:00,NSE:TATACONSUM,711.01754908,715.21627708,701.48394692,707.55977308,832643.00521491
2022-05-26 09:15:00,NSE:TATACONSUM,713.58616292,716.10538984,689.579328,713.536776,1356108.08797331
2022-05-27 09:15:00,NSE:TATACONSUM,721.19328,722.77395784,713.88253384,716.69818108,1052100.54092573
2022-05-30 09:15:00,NSE:TATACONSUM,722.181216,743.915808,720.30411784,741.10021016,1159638.88349043
2022-05-31 09:15:00,NSE:TATACONSUM,743.915808,770.54069308,734.036448,750.584376,6200386.46228096
2022-06-01 09:15:00,NSE:TATACONSUM,750.83136,771.084048,748.608504,751.91806984,1661776.67379263
2022-06-02 09:15:00,NSE:TATACONSUM,747.867552,751.325328,737.988192,749.102472,637803.46095294
2022-06-03 09:15:00,NSE:TATACONSUM,750.83136,761.698656,742.97725892,744.80497016,1769026.5361319
2022-06-06 09:15:00,NSE:TATACONSUM,747.620568,760.71072,736.30869092,754.43734616,1458991.2706896
2022-06-07 09:15:00,NSE:TATACONSUM,752.807232,752.807232,737.09902984,747.47235784,1363052.86982153
2022-06-08 09:15:00,NSE:TATACONSUM,745.24950184,755.62282984,730.18347784,748.01576216,2491287.89719172
2022-06-09 09:15:00,NSE:TATACONSUM,739.964064,750.04102108,733.34488292,745.29893816,893450.58789233
2022-06-10 09:15:00,NSE:TATACONSUM,740.952,762.09385016,738.03757892,747.47235784,3270424.39996113
2022-06-13 09:15:00,NSE:TATACONSUM,742.927872,745.05195416,717.241536,727.07150908,1473571.16250445
2022-06-14 09:15:00,NSE:TATACONSUM,725.145024,739.964064,722.82339416,726.97268584,1224506.44576167
2022-06-15 09:15:00,NSE:TATACONSUM,730.084704,737.44483708,723.66312,728.849784,853235.43225472
2022-06-16 09:15:00,NSE:TATACONSUM,739.71708,739.71708,710.37537092,716.20421308,1073908.63375765
2022-06-17 09:15:00,NSE:TATACONSUM,714.32711492,719.711376,700.24902692,703.06467416,1345547.68729958
2022-06-20 09:15:00,NSE:TATACONSUM,709.78262908,714.030744,696.49488,708.20190184,1041441.95575422
2022-06-21 09:15:00,NSE:TATACONSUM,711.31392,724.157088,711.31392,718.476456,826548.48087326
2022-06-22 09:15:00,NSE:TATACONSUM,718.229472,718.229472,698.470752,700.39723708,1204728.84883231
2022-06-23 09:15:00,NSE:TATACONSUM,701.43456,711.01754908,698.223768,709.78262908,723570.15029314
2022-06-24 09:15:00,NSE:TATACONSUM,713.289792,726.13296,711.41269384,720.205344,1025531.00605707
2022-06-27 09:15:00,NSE:TATACONSUM,726.23173384,728.20760584,715.759632,720.60053816,703957.54380851
2022-06-28 09:15:00,NSE:TATACONSUM,721.19328,731.07264,713.38856584,727.96062184,889025.20001296
2022-06-29 09:15:00,NSE:TATACONSUM,721.24266692,734.82678692,707.362176,711.31392,1762716.41077965
2022-06-30 09:15:00,NSE:TATACONSUM,713.289792,713.289792,694.61778184,697.82857384,2054837.56032779
2022-07-01 09:15:00,NSE:TATACONSUM,691.5552,714.22834108,688.591392,710.86933892,966642.57603731
2022-07-04 09:15:00,NSE:TATACONSUM,714.277728,723.02094184,705.92965892,721.34149016,1297334.03783241
2022-07-05 09:15:00,NSE:TATACONSUM,723.169152,730.331688,717.34030984,720.25473092,1384471.26129628
2022-07-06 09:15:00,NSE:TATACONSUM,712.54884,742.77966184,712.54884,740.90261308,1368022.82738963
2022-07-07 09:15:00,NSE:TATACONSUM,743.915808,750.43616584,740.952,745.74346984,2089405.58902601
2022-07-08 09:15:00,NSE:TATACONSUM,747.373584,755.12886184,745.94106692,752.21449016,1474178.48929485
2022-07-11 09:15:00,NSE:TATACONSUM,752.36265092,760.71072,749.25068216,756.66020216,1302834.39413079
2022-07-12 09:15:00,NSE:TATACONSUM,750.83136,752.807232,743.07608216,747.32419708,616517.66916076
2022-07-13 09:15:00,NSE:TATACONSUM,748.855488,758.734848,747.867552,753.35058692,706165.17669161
2022-07-14 09:15:00,NSE:TATACONSUM,755.77104,769.40454692,750.13979492,756.61076584,1718341.0666278
2022-07-15 09:15:00,NSE:TATACONSUM,757.00596,783.08749016,757.00596,781.01279492,3039615.92653775
2022-07-18 09:15:00,NSE:TATACONSUM,788.17533092,788.32354108,778.29597092,784.76694184,1352299.13678619
2022-07-19 09:15:00,NSE:TATACONSUM,781.35860216,783.77900584,774.73942108,777.752616,1198509.82249862
2022-07-20 09:15:00,NSE:TATACONSUM,781.457376,791.53433308,777.9996,785.40912,1187542.51287533
2022-07-21 09:15:00,NSE:TATACONSUM,785.40912,810.74969816,783.77900584,808.42801892,2273406.37450199
2022-07-22 09:15:00,NSE:TATACONSUM,808.42801892,814.059264,791.48494616,794.34993092,1767426.23003919
2022-07-25 09:15:00,NSE:TATACONSUM,794.34993092,803.98230692,791.58372,798.20290108,951721.56900852
2022-07-26 09:15:00,NSE:TATACONSUM,796.17764216,799.93178908,778.740552,781.30916584,1160411.20072555
2022-07-27 09:15:00,NSE:TATACONSUM,780.46944,794.00417308,777.55501892,791.92947784,1069824.36109222
2022-07-28 09:15:00,NSE:TATACONSUM,794.300544,800.12938616,788.96566984,796.86915784,1207142.97282415
2022-07-29 09:15:00,NSE:TATACONSUM,799.240224,804.87146908,794.10294692,801.85827416,878031.57289541
2022-08-01 09:15:00,NSE:TATACONSUM,802.204032,804.673872,789.80544508,801.31486984,1284786.66634276
2022-08-02 09:15:00,NSE:TATACONSUM,803.191968,816.035136,796.5234,801.80883784,2188081.00929615
2022-08-03 09:15:00,NSE:TATACONSUM,801.80883784,805.56303416,791.88009092,802.944984,919506.9316231
2022-08-04 09:15:00,NSE:TATACONSUM,782.74168292,788.372928,771.67678984,779.728488,15545676.03569462
2022-08-05 09:15:00,NSE:TATACONSUM,775.57914692,783.82844216,772.66472584,775.33216292,2135646.4386357
2022-08-08 09:15:00,NSE:TATACONSUM,772.071984,784.32241016,771.578016,779.18513308,958715.94921128
2022-08-10 09:15:00,NSE:TATACONSUM,779.18513308,784.12481308,776.86345384,781.01279492,1199647.5480193
2022-08-11 09:15:00,NSE:TATACONSUM,784.96453892,788.91628292,762.29139784,764.11910908,3412507.49036375
2022-08-12 09:15:00,NSE:TATACONSUM,764.11910908,766.53956216,751.37471492,754.23974908,2284869.66767078
2022-08-16 09:15:00,NSE:TATACONSUM,758.04328292,771.18282184,756.06741092,770.096112,1826774.20399702
2022-08-17 09:15:00,NSE:TATACONSUM,771.084048,786.94041092,771.084048,783.927216,3058428.88608169
2022-08-18 09:15:00,NSE:TATACONSUM,783.433248,803.98230692,781.457376,798.10407784,3230330.7096816
2022-08-19 09:15:00,NSE:TATACONSUM,797.41256216,799.734192,774.64059784,777.45624508,1788932.68389855
2022-08-22 09:15:00,NSE:TATACONSUM,776.41892216,787.33560508,770.68885384,784.37179708,2193237.21374664
2022-08-23 09:15:00,NSE:TATACONSUM,782.34653816,801.85827416,777.505632,799.58598184,1913410.38285881
2022-08-24 09:15:00,NSE:TATACONSUM,795.28848,803.191968,788.866896,795.98004508,1371924.90201794
2022-08-25 09:15:00,NSE:TATACONSUM,798.252288,802.10525816,787.87896,792.17646184,1282959.62491497
2022-08-26 09:15:00,NSE:TATACONSUM,796.17764216,801.01849892,789.16326692,792.27528508,1269545.80053769
2022-08-29 09:15:00,NSE:TATACONSUM,780.46944,806.84734108,774.39361384,796.42462616,2207937.55870826
2022-08-30 09:15:00,NSE:TATACONSUM,799.240224,804.13051708,796.57278692,799.88240216,2725846.61354582
2022-09-01 09:15:00,NSE:TATACONSUM,799.88240216,831.842112,796.276416,828.28556216,6304362.83321997
2022-09-02 09:15:00,NSE:TATACONSUM,834.80592,836.781792,820.67844508,823.64225308,1908463.70615101
2022-09-05 09:15:00,NSE:TATACONSUM,823.938624,831.00238616,819.04833092,827.34701308,1572651.46730153
2022-09-06 09:15:00,NSE:TATACONSUM,831.49635416,835.59625892,806.155776,808.378632,2652566.56301623
2022-09-07 09:15:00,NSE:TATACONSUM,805.16784,817.51704,804.22929092,815.14597384,1338047.20143815
2022-09-08 09:15:00,NSE:TATACONSUM,819.245928,821.56755784,805.16784,809.21835784,1108268.1469245
2022-09-09 09:15:00,NSE:TATACONSUM,817.023072,817.023072,803.34017816,806.45214692,894806.95105756
2022-09-12 09:15:00,NSE:TATACONSUM,810.50271416,820.974816,810.50271416,815.541168,1316463.81951867
2022-09-13 09:15:00,NSE:TATACONSUM,819.93749308,841.721472,819.69050908,838.757664,3351161.41126551
2022-09-14 09:15:00,NSE:TATACONSUM,832.73127416,850.76110616,828.43372292,830.113224,3865560.11725456
2022-09-15 09:15:00,NSE:TATACONSUM,834.311952,837.769728,820.18447708,827.29762616,1718405.84815211
2022-09-16 09:15:00,NSE:TATACONSUM,829.56986908,829.56986908,781.65497308,785.60671708,4844879.62783014
2022-09-19 09:15:00,NSE:TATACONSUM,789.55846108,792.52226908,777.85138984,783.433248,1728409.5326013
2022-09-20 09:15:00,NSE:TATACONSUM,787.384992,803.09319416,786.34766908,794.49814108,1566101.44786707
2022-09-21 09:15:00,NSE:TATACONSUM,794.49814108,801.216096,788.47170184,794.49814108,1095753.166197
2022-09-22 09:15:00,NSE:TATACONSUM,790.89215492,798.005304,778.493568,793.51020508,1270562.06070029
2022-09-23 09:15:00,NSE:TATACONSUM,793.312608,796.57278692,770.096112,772.12137092,1244433.84996599
2022-09-26 09:15:00,NSE:TATACONSUM,769.602144,776.46830908,752.807232,771.42980584,1449428.91037476
2022-09-27 09:15:00,NSE:TATACONSUM,775.33216292,791.73193016,771.62740292,788.22471784,1853223.28571891
2022-09-28 09:15:00,NSE:TATACONSUM,786.34766908,794.49814108,780.51882692,784.07542616,1432363.02756454
2022-09-29 09:15:00,NSE:TATACONSUM,788.02717016,794.00417308,780.76581092,783.03805384,1150721.30178473
2022-09-30 09:15:00,NSE:TATACONSUM,781.457376,796.276416,777.505632,793.16439784,1453898.8355521
2022-10-03 09:15:00,NSE:TATACONSUM,793.16439784,795.09088292,766.638336,768.56482108,1672856.33887215
2022-10-04 09:15:00,NSE:TATACONSUM,777.258648,782.88989308,771.77561308,775.67797016,1254096.41920124
2022-10-06 09:15:00,NSE:TATACONSUM,780.46944,789.95360584,774.64059784,784.71755492,2092283.30580119
2022-10-07 09:15:00,NSE:TATACONSUM,778.39479416,784.32241016,769.65153092,771.47924216,1066776.59281573
2022-10-10 09:15:00,NSE:TATACONSUM,759.969768,765.69978692,745.89168,748.01576216,2362671.26615489
2022-10-11 09:15:00,NSE:TATACONSUM,748.855488,750.68314984,731.319624,733.64125384,1980719.39882745
2022-10-12 09:15:00,NSE:TATACONSUM,736.506288,749.843424,729.88710692,748.21330984,1389727.67466719
2022-10-13 09:15:00,NSE:TATACONSUM,745.84229308,751.02895708,740.11227416,748.26274616,1213127.16613222
2022-10-14 09:15:00,NSE:TATACONSUM,759.67339708,759.67339708,750.83136,752.06628,1294344.97781233
2022-10-17 09:15:00,NSE:TATACONSUM,752.06628,762.63720508,748.16392292,753.94337816,952132.52680336
2022-10-18 09:15:00,NSE:TATACONSUM,757.746912,766.638336,754.33852292,765.00822184,1378319.04090953
2022-10-19 09:15:00,NSE:TATACONSUM,765.10704508,767.626272,751.91806984,755.32645892,1128896.00136041
2022-10-20 09:15:00,NSE:TATACONSUM,752.36265092,762.686592,746.385648,761.40228508,967230.67081268
2022-10-21 09:15:00,NSE:TATACONSUM,763.674528,771.42980584,745.94106692,752.46147416,1712943.95588378
2022-10-24 18:15:00,NSE:TATACONSUM,760.71072,766.638336,755.62282984,761.64926908,296130.5185761
2022-10-25 09:15:00,NSE:TATACONSUM,760.71072,767.42867492,755.42528216,757.69752508,882643.20765718
2022-10-27 09:15:00,NSE:TATACONSUM,765.403416,770.096112,750.43616584,760.76010692,1713055.29912869
2022-10-28 09:15:00,NSE:TATACONSUM,764.11910908,764.11910908,750.337392,752.16505384,1617831.51945065
2022-10-31 09:15:00,NSE:TATACONSUM,755.96863708,763.13117308,752.70845816,760.85893016,1010050.24616979
2022-11-01 09:15:00,NSE:TATACONSUM,763.674528,775.035792,758.14210616,765.50218984,1916797.2419266
2022-11-02 09:15:00,NSE:TATACONSUM,766.638336,768.81180508,755.47466908,758.78423492,1086837.60891394
2022-11-03 09:15:00,NSE:TATACONSUM,758.78423492,760.71072,747.52179416,753.548184,1593013.11016098
2022-11-04 09:15:00,NSE:TATACONSUM,751.819296,757.746912,750.04102108,755.07947492,951680.06834451
2022-11-07 09:15:00,NSE:TATACONSUM,758.88305816,767.08291708,755.07947492,762.83480216,1016470.70255563
2022-11-09 09:15:00,NSE:TATACONSUM,769.108176,772.36835492,756.61076584,760.85893016,1271876.9232015
2022-11-10 09:15:00,NSE:TATACONSUM,760.71072,762.39022108,752.85661892,759.42641308,849578.3127652
2022-11-11 09:15:00,NSE:TATACONSUM,763.22994692,770.44186984,760.76010692,763.87212508,932250.67210831
2022-11-14 09:15:00,NSE:TATACONSUM,764.02028584,765.6504,757.252944,758.487864,717404.77115927
2022-11-15 09:15:00,NSE:TATACONSUM,758.487864,764.662464,754.289136,763.427544,765673.08003757
2022-11-16 09:15:00,NSE:TATACONSUM,763.427544,764.86006108,755.57344292,760.26613892,1084796.9908982
2022-11-17 09:15:00,NSE:TATACONSUM,756.758976,779.92608508,756.758976,776.517696,2980839.85197422
2022-11-18 09:15:00,NSE:TATACONSUM,779.82726184,783.433248,759.969768,766.34196508,1434407.69442555
2022-11-21 09:15:00,NSE:TATACONSUM,764.95883492,766.09498108,753.10360292,761.64926908,769952.70948725
2022-11-22 09:15:00,NSE:TATACONSUM,761.698656,767.52749816,756.95657308,761.99502692,879128.8099634
2022-11-23 09:15:00,NSE:TATACONSUM,763.77330184,766.638336,755.77104,760.85893016,886473.41528196
2022-11-24 09:15:00,NSE:TATACONSUM,778.34535784,785.40912,771.825,783.186264,6287764.59203835
2022-11-25 09:15:00,NSE:TATACONSUM,789.11388,789.854832,770.59008,779.62971416,2414743.46516374
2022-11-28 09:15:00,NSE:TATACONSUM,779.481504,799.14145016,775.52976,794.59691492,2068662.34249992
2022-11-29 09:15:00,NSE:TATACONSUM,795.23909308,802.10525816,793.36199492,795.33786692,1293949.20318725
2022-11-30 09:15:00,NSE:TATACONSUM,795.33786692,812.03400508,794.547528,808.18103492,3432086.69387491
2022-12-01 09:15:00,NSE:TATACONSUM,811.98461816,811.98461816,800.37637016,803.38956508,978081.57613449
2022-12-02 09:15:00,NSE:TATACONSUM,800.22816,802.698,782.64290908,785.95247492,2917364.08026431
2022-12-05 09:15:00,NSE:TATACONSUM,785.95247492,793.312608,779.08630984,790.842768,1559008.88316652
2022-12-06 09:15:00,NSE:TATACONSUM,790.3488,790.3488,783.97660292,788.02717016,836303.16133839
2022-12-07 09:15:00,NSE:TATACONSUM,790.25002616,796.770384,787.43437892,789.70662184,2045113.24620218
2022-12-08 09:15:00,NSE:TATACONSUM,790.89215492,798.20290108,786.891024,794.49814108,815048.74809704
2022-12-09 09:15:00,NSE:TATACONSUM,794.49814108,800.12938616,791.336736,793.60897892,1094166.01885142
2022-12-12 09:15:00,NSE:TATACONSUM,793.312608,803.191968,789.55846108,800.27754692,959798.00310951
2022-12-13 09:15:00,NSE:TATACONSUM,802.204032,804.62448508,794.99210908,797.85709384,1239697.71321219
2022-12-14 09:15:00,NSE:TATACONSUM,798.64748216,807.143712,797.61010984,805.61242108,983135.54724193
2022-12-15 09:15:00,NSE:TATACONSUM,805.56303416,805.61242108,792.37405892,795.18970616,792613.08424837
2022-12-16 09:15:00,NSE:TATACONSUM,793.60897892,795.23909308,785.40912,791.88009092,859704.47478379
2022-12-19 09:15:00,NSE:TATACONSUM,791.48494616,800.22816,788.81750908,799.09201384,1133896.32526803
2022-12-20 09:15:00,NSE:TATACONSUM,798.746256,800.17877308,790.44757384,798.54865892,685428.00343342
2022-12-21 09:15:00,NSE:TATACONSUM,799.240224,802.10525816,791.336736,792.91741384,821422.64276228
2022-12-22 09:15:00,NSE:TATACONSUM,793.065624,799.240224,777.505632,789.01510616,1030395.69364817
2022-12-23 09:15:00,NSE:TATACONSUM,783.48263492,788.27415416,766.44073892,769.602144,1231503.86259839
2022-12-26 09:15:00,NSE:TATACONSUM,769.602144,774.24545308,763.674528,765.94677092,1026611.03553267
2022-12-27 09:15:00,NSE:TATACONSUM,769.40454692,771.578016,761.30346184,768.46599784,608441.23505976
2022-12-28 09:15:00,NSE:TATACONSUM,768.614208,773.45511416,763.82273816,770.73829016,617691.83428886
2022-12-29 09:15:00,NSE:TATACONSUM,769.602144,769.602144,753.89394184,766.73710984,1712615.99941697
2022-12-30 09:15:00,NSE:TATACONSUM,768.614208,772.86232292,755.77104,757.69752508,724536.81210119
2023-01-02 09:15:00,NSE:TATACONSUM,760.61194616,761.698656,748.95426184,753.10360292,1074043.25786286
2023-01-03 09:15:00,NSE:TATACONSUM,755.77104,758.63607416,749.94219784,757.89512216,795086.92870793
2023-01-04 09:15:00,NSE:TATACONSUM,758.24088,758.24088,750.23861816,753.054216,1016647.83953616
2023-01-05 09:15:00,NSE:TATACONSUM,752.807232,771.578016,750.93013384,754.63489384,3237577.13050238
2023-01-06 09:15:00,NSE:TATACONSUM,754.58550692,761.55044584,749.89281092,752.16505384,610414.03491724
2023-01-09 09:15:00,NSE:TATACONSUM,755.96863708,759.52518692,751.91806984,757.69752508,738077.16289314
2023-01-10 09:15:00,NSE:TATACONSUM,757.69752508,763.47693092,755.32645892,759.969768,883722.22492145
2023-01-11 09:15:00,NSE:TATACONSUM,762.686592,763.427544,746.385648,750.13979492,696779.9533573
2023-01-12 09:15:00,NSE:TATACONSUM,750.83136,754.63489384,742.927872,745.150728,772338.49156221
2023-01-13 09:15:00,NSE:TATACONSUM,745.99045384,748.46029384,740.952,743.81703416,1080635.79017264
2023-01-16 09:15:00,NSE:TATACONSUM,743.02664584,745.89168,736.11109384,738.235176,849072.20710653
2023-01-17 09:15:00,NSE:TATACONSUM,735.024384,743.71821092,732.65331784,741.00138692,1445170.53736274
2023-01-18 09:15:00,NSE:TATACONSUM,740.952,743.61943708,737.54361092,741.445968,756721.08314709
2023-01-19 09:15:00,NSE:TATACONSUM,741.14959708,743.668824,728.70157384,729.590736,1154348.05493473
2023-01-20 09:15:00,NSE:TATACONSUM,729.096768,733.93767416,727.120896,729.54134908,889563.69643378
2023-01-23 09:15:00,NSE:TATACONSUM,730.23291416,734.92561016,725.145024,733.49309308,690490.0722314
2023-01-24 09:15:00,NSE:TATACONSUM,734.87617384,740.458032,731.07264,731.96180216,661719.98995886
2023-01-25 09:15:00,NSE:TATACONSUM,731.41839784,733.54248,722.37881308,731.12202692,879234.0799404
2023-01-27 09:15:00,NSE:TATACONSUM,731.12202692,736.90148216,716.94516508,726.379944,782297.63871344
2023-01-30 09:15:00,NSE:TATACONSUM,727.120896,731.41839784,718.77282692,726.77513816,1311498.92300716
2023-01-31 09:15:00,NSE:TATACONSUM,727.120896,730.47989816,716.30298692,720.699312,2216640.55161468
2023-02-01 09:15:00,NSE:TATACONSUM,728.355816,739.37132216,722.4282,731.86297892,944424.53762187
2023-02-02 09:15:00,NSE:TATACONSUM,729.88710692,733.789464,723.95949092,728.25704216,713307.3397467
2023-02-03 09:15:00,NSE:TATACONSUM,728.25704216,732.060576,711.75850108,717.83427784,1774099.73925436
2023-02-06 09:15:00,NSE:TATACONSUM,719.61260216,723.66312,712.301856,720.946296,862576.11829106
2023-02-07 09:15:00,NSE:TATACONSUM,722.97155492,726.08357308,713.289792,719.41500508,1259440.89495676
2023-02-08 09:15:00,NSE:TATACONSUM,723.02094184,723.02094184,712.40062984,715.66085816,1539678.68363943
2023-02-09 09:15:00,NSE:TATACONSUM,715.759632,717.58729384,712.10425892,713.24040508,696647.35367473
2023-02-10 09:15:00,NSE:TATACONSUM,713.289792,719.217408,710.47419416,717.83427784,659587.26071324
2023-02-13 09:15:00,NSE:TATACONSUM,717.83427784,720.699312,707.362176,709.14045092,607086.89631717
2023-02-14 09:15:00,NSE:TATACONSUM,709.338048,715.01868,706.37424,712.301856,570048.05979335
2023-02-15 09:15:00,NSE:TATACONSUM,712.35124292,720.99568292,708.54770908,719.31618184,736285.54886146
2023-02-16 09:15:00,NSE:TATACONSUM,723.36674908,726.626928,719.31618184,723.76189384,847343.35017653
2023-02-17 09:15:00,NSE:TATACONSUM,722.37881308,725.93536292,715.41387416,717.48852,632026.77096492
2023-02-20 09:15:00,NSE:TATACONSUM,718.18008508,720.64992508,709.93078984,713.09219492,1332842.41084443
2023-02-21 09:15:00,NSE:TATACONSUM,716.69818108,721.19328,713.33917892,717.43913308,681672.69944612
2023-02-22 09:15:00,NSE:TATACONSUM,717.241536,725.145024,711.16570984,712.74643708,1711292.0270139
2023-02-23 09:15:00,NSE:TATACONSUM,714.22834108,716.20421308,706.37424,707.46094984,1179499.48174781
2023-02-24 09:15:00,NSE:TATACONSUM,708.350112,712.64761384,704.99110984,707.51038616,1053055.05619797
2023-02-27 09:15:00,NSE:TATACONSUM,711.31392,711.807888,691.5552,701.73093092,1077434.16577592
2023-02-28 09:15:00,NSE:TATACONSUM,703.410432,709.091064,697.03823492,706.67061092,2424693.50241311
2023-03-01 09:15:00,NSE:TATACONSUM,704.34898108,708.25133816,700.98997892,706.621224,1003648.00958767
2023-03-02 09:15:00,NSE:TATACONSUM,708.20190184,709.68380584,697.33460584,698.81650984,981807.52599359
2023-03-03 09:15:00,NSE:TATACONSUM,700.446624,704.645352,697.68041308,701.28634984,883927.70381887
2023-03-06 09:15:00,NSE:TATACONSUM,704.398368,710.079,701.38517308,704.99110984,748366.29093383
2023-03-08 09:15:00,NSE:TATACONSUM,704.398368,714.47532508,702.22489892,711.807888,1039164.48029022
2023-03-09 09:15:00,NSE:TATACONSUM,714.12951784,714.12951784,699.55746184,700.693608,916601.88514236
2023-03-10 09:15:00,NSE:TATACONSUM,698.470752,701.63215708,692.88889384,695.90213816,982839.98153727
2023-03-13 09:15:00,NSE:TATACONSUM,696.49488,698.76712292,683.404728,685.77579416,1172474.73520552
2023-03-14 09:15:00,NSE:TATACONSUM,687.603456,691.5552,681.13248508,684.93601892,1519915.25766851
2023-03-15 09:15:00,NSE:TATACONSUM,687.603456,691.50581308,678.31683784,679.25538692,1133152.34994979
2023-03-16 09:15:00,NSE:TATACONSUM,680.687904,688.04803708,680.687904,685.627584,986738.00732031
2023-03-17 09:15:00,NSE:TATACONSUM,689.579328,700.10086616,686.02277816,697.68041308,2137261.92789816
2023-03-20 09:15:00,NSE:TATACONSUM,682.663776,698.223768,682.663776,694.12381384,1030874.46960127
2023-03-21 09:15:00,NSE:TATACONSUM,695.60571784,697.482816,691.5552,692.44436216,730050.3271467
2023-03-22 09:15:00,NSE:TATACONSUM,692.543136,707.55977308,692.543136,702.32372216,785692.59547177
2023-03-23 09:15:00,NSE:TATACONSUM,702.96585092,705.33691708,697.28521892,698.61896216,594818.8951511
2023-03-24 09:15:00,NSE:TATACONSUM,698.470752,701.13818908,690.41905384,693.87682984,972198.60395815
2023-03-27 09:15:00,NSE:TATACONSUM,698.37197816,698.86594616,688.78898908,690.91302184,3740416.3832475
2023-03-28 09:15:00,NSE:TATACONSUM,681.67584,691.20944216,681.67584,687.65284292,1127301.76853561
2023-03-29 09:15:00,NSE:TATACONSUM,687.65284292,694.519008,686.41792292,689.13474692,1175007.28792148
2023-03-31 09:15:00,NSE:TATACONSUM,691.70341016,702.422496,690.12268292,700.29841384,984843.14773427
2023-04-03 09:15:00,NSE:TATACONSUM,701.43456,709.832016,700.74299492,708.39949892,807271.92854598
2023-04-05 09:15:00,NSE:TATACONSUM,708.350112,719.61260216,706.37424,718.62466616,959314.16609983
2023-04-06 09:15:00,NSE:TATACONSUM,718.52584292,722.62579708,713.78376,721.687248,747769.0862566
2023-04-10 09:15:00,NSE:TATACONSUM,718.229472,721.83545816,711.31392,711.95609816,927821.23538367
2023-04-11 09:15:00,NSE:TATACONSUM,717.19214908,717.19214908,707.06580508,708.64648292,785645.02153986
2023-04-12 09:15:00,NSE:TATACONSUM,712.20308216,714.87046984,707.70793384,709.73324216,710636.11408026
2023-04-13 09:15:00,NSE:TATACONSUM,713.289792,714.96929308,708.99229016,710.91872584,508514.7216014
2023-04-17 09:15:00,NSE:TATACONSUM,708.350112,710.572968,702.916464,704.59596508,1195068.30401969
2023-04-18 09:15:00,NSE:TATACONSUM,707.55977308,711.21514616,698.17438108,698.52013892,1339770.99731157
2023-04-19 09:15:00,NSE:TATACONSUM,699.458688,700.34785016,689.826312,692.39492584,1250303.6633952
2023-04-20 09:15:00,NSE:TATACONSUM,690.567264,695.90213816,688.04803708,694.91420216,1278540.3103035
2023-04-21 09:15:00,NSE:TATACONSUM,694.91420216,696.49488,688.591392,691.95039416,977825.4866712
2023-04-24 09:15:00,NSE:TATACONSUM,697.482816,726.13296,697.482816,723.71250692,6082671.3471318
2023-04-25 09:15:00,NSE:TATACONSUM,727.120896,729.096768,719.56316584,725.58960508,1805662.51255142
2023-04-26 09:15:00,NSE:TATACONSUM,725.09563708,739.964064,715.265664,737.69182108,3771175.46075859
2023-04-27 09:15:00,NSE:TATACONSUM,734.036448,746.138664,733.19672216,744.903744,1685273.13510187
2023-04-28 09:15:00,NSE:TATACONSUM,748.855488,755.77104,742.433904,754.63489384,1276545.24179704
2023-05-02 09:15:00,NSE:TATACONSUM,758.68546108,773.60327492,755.72165308,770.19488584,1455990.06413371
2023-05-03 09:15:00,NSE:TATACONSUM,768.51543416,777.35742184,765.35402908,771.97321016,1203671.0880057
2023-05-04 09:15:00,NSE:TATACONSUM,763.674528,773.20813016,759.62401016,766.144368,1013579.82703333
2023-05-05 09:15:00,NSE:TATACONSUM,768.51543416,772.76354908,765.6504,766.88532,624998.98778868
2023-05-08 09:15:00,NSE:TATACONSUM,767.42867492,780.27184292,767.03353016,779.38273016,1060802.52162083
2023-05-09 09:15:00,NSE:TATACONSUM,780.12368216,782.64290908,775.52976,779.481504,660365.65121627
2023-05-10 09:15:00,NSE:TATACONSUM,779.481504,782.445312,775.33216292,781.60558616,482315.65607489
2023-05-11 09:15:00,NSE:TATACONSUM,781.60558616,781.951344,776.517696,779.92608508,980772.03381596
2023-05-12 09:15:00,NSE:TATACONSUM,778.493568,785.656104,775.33216292,779.53089092,756784.85246008
2023-05-15 09:15:00,NSE:TATACONSUM,779.481504,781.85257016,774.73942108,777.45624508,813456.53969488
2023-05-16 09:15:00,NSE:TATACONSUM,777.9996,780.17306908,775.33216292,776.76468,666210.15936255
2023-05-17 09:15:00,NSE:TATACONSUM,776.76468,777.11043784,763.52631784,768.861192,918732.58996534
2023-05-18 09:15:00,NSE:TATACONSUM,773.94908216,776.517696,765.6504,766.93470692,1016714.64548311
2023-05-19 09:15:00,NSE:TATACONSUM,762.58781816,762.58781816,747.32419708,756.21562108,1248897.70187543
2023-05-22 09:15:00,NSE:TATACONSUM,756.21562108,758.734848,751.02895708,756.85774984,554797.0718751
2023-05-23 09:15:00,NSE:TATACONSUM,756.80836292,762.24201092,752.85661892,760.76010692,836568.36070353
2023-05-24 09:15:00,NSE:TATACONSUM,758.14210616,765.25520584,756.31439492,761.84686616,872250.83406213
2023-05-25 09:15:00,NSE:TATACONSUM,755.82042692,773.01053308,755.82042692,770.88645092,992236.33919606
2023-05-26 09:15:00,NSE:TATACONSUM,774.541824,781.457376,771.72622616,780.17306908,973006.34858938
2023-05-29 09:15:00,NSE:TATACONSUM,781.457376,787.384992,780.716424,784.668168,1185460.39419558
2023-05-30 09:15:00,NSE:TATACONSUM,782.98866692,787.384992,778.740552,781.35860216,608612.29877239
2023-05-31 09:15:00,NSE:TATACONSUM,777.55501892,790.3488,777.55501892,789.01510616,2228816.44155087
2023-06-01 09:15:00,NSE:TATACONSUM,789.26209016,791.78131708,779.82726184,784.07542616,711881.13400058
2023-06-02 09:15:00,NSE:TATACONSUM,785.903088,790.20058984,783.433248,786.44644292,705713.73044408
2023-06-05 09:15:00,NSE:TATACONSUM,787.33560508,790.79338108,781.06218184,782.88989308,784448.58776277
2023-06-06 09:15:00,NSE:TATACONSUM,783.38386108,786.34766908,774.98640508,782.54408584,753087.24451786
2023-06-07 09:15:00,NSE:TATACONSUM,784.421184,814.059264,781.951344,813.17010184,4019581.22793379
2023-06-08 09:15:00,NSE:TATACONSUM,814.84960292,814.84960292,795.48607708,797.36312584,1130840.45930101
2023-06-09 09:15:00,NSE:TATACONSUM,800.91972508,802.05582184,789.360864,791.336736,845343.22061348
2023-06-12 09:15:00,NSE:TATACONSUM,793.26322108,798.10407784,789.70662184,791.089752,3207454.73390989
2023-06-13 09:15:00,NSE:TATACONSUM,792.67042984,811.19422984,792.67042984,810.00874616,2730453.187251
2023-06-14 09:15:00,NSE:TATACONSUM,812.87373092,854.56464,806.155776,852.0948,7746031.11942474
2023-06-15 09:15:00,NSE:TATACONSUM,853.576704,861.87538616,845.673216,854.56464,3144194.56321057
2023-06-16 09:15:00,NSE:TATACONSUM,857.528448,859.94890108,841.77085892,852.341784,1776142.38169274
2023-06-19 09:15:00,NSE:TATACONSUM,855.99715708,859.50432,844.53706984,846.661152,1324389.43413339
2023-06-20 09:15:00,NSE:TATACONSUM,846.661152,856.540512,837.07816292,848.53825016,1193253.40912772
2023-06-21 09:15:00,NSE:TATACONSUM,848.637024,866.61746908,842.75879492,849.77317016,1456874.73682506
2023-06-22 09:15:00,NSE:TATACONSUM,851.600832,851.600832,830.45898184,831.74333816,1000723.73109189
2023-06-23 09:15:00,NSE:TATACONSUM,831.842112,835.99145308,821.61699416,830.70596584,816015.4099051
2023-06-26 09:15:00,NSE:TATACONSUM,843.697344,855.552576,837.62151784,852.14418692,3059849.01855991
2023-06-27 09:15:00,NSE:TATACONSUM,853.52731708,857.62722184,842.31421384,843.89494108,1145266.49499563
2023-06-28 09:15:00,NSE:TATACONSUM,844.191312,849.62496,840.733536,844.63589308,925577.16289314
2023-06-30 09:15:00,NSE:TATACONSUM,839.79498692,853.13212292,839.79498692,850.51412216,1411662.29391378
2023-07-03 09:15:00,NSE:TATACONSUM,856.49112508,856.49112508,846.11779708,848.48881384,1241107.72357724
2023-07-04 09:15:00,NSE:TATACONSUM,848.29126616,851.30446108,841.91906908,845.22863492,768298.75619473
2023-07-05 09:15:00,NSE:TATACONSUM,848.637024,850.85988,831.00238616,835.69508216,2568135.99261491
2023-07-06 09:15:00,NSE:TATACONSUM,835.69508216,837.32514692,831.24937016,834.85530692,2392633.73335925
2023-07-07 09:15:00,NSE:TATACONSUM,834.85530692,842.21544,821.76515492,823.197672,1833715.94921129
2023-07-10 09:15:00,NSE:TATACONSUM,831.348144,831.348144,812.083392,815.68937816,1191589.33372202
2023-07-11 09:15:00,NSE:TATACONSUM,816.035136,832.830048,815.788152,830.16261092,2193787.85670327
2023-07-12 09:15:00,NSE:TATACONSUM,834.75653308,837.57213092,828.68070692,833.077032,1453263.16684482
2023-07-13 09:15:00,NSE:TATACONSUM,836.781792,838.757664,825.12415708,827.24818984,997967.4796748
2023-07-14 09:15:00,NSE:TATACONSUM,828.82891708,842.462424,823.54342984,841.227504,1725990.34755288
2023-07-17 09:15:00,NSE:TATACONSUM,844.78405384,850.31652508,839.10342184,842.31421384,1215483.59407897
2023-07-18 09:15:00,NSE:TATACONSUM,843.89494108,852.588768,838.21430908,848.34065308,1429762.65669031
2023-07-19 09:15:00,NSE:TATACONSUM,854.51525308,854.51525308,844.09253816,850.06954108,964233.51310206
2023-07-20 09:15:00,NSE:TATACONSUM,849.62496,864.444,844.24069892,862.56690184,1398165.46820847
2023-07-21 09:15:00,NSE:TATACONSUM,863.15969308,865.82713016,839.35040584,842.06722984,1245560.44116218
2023-07-24 09:15:00,NSE:TATACONSUM,843.697344,856.540512,838.65889016,852.68754184,1163945.84264568
2023-07-25 09:15:00,NSE:TATACONSUM,852.68754184,859.010352,845.673216,858.07180292,884346.75930425
2023-07-26 09:15:00,NSE:TATACONSUM,863.40667708,873.28603708,859.05973892,863.35729016,1963807.37213747
2023-07-27 09:15:00,NSE:TATACONSUM,865.38254908,869.38368,837.47335708,839.79498692,3242185.72863019
2023-07-28 09:15:00,NSE:TATACONSUM,843.944328,850.02015416,831.842112,848.98278184,2394596.41110355
2023-07-31 09:15:00,NSE:TATACONSUM,848.98278184,850.46468584,842.21544,848.93339492,1472553.89013053
2023-08-01 09:15:00,NSE:TATACONSUM,851.50205816,852.88513892,842.80818184,846.414168,999874.48579665
2023-08-02 09:15:00,NSE:TATACONSUM,844.68528,844.68528,828.08796508,832.87943492,1624326.87947397
2023-08-03 09:15:00,NSE:TATACONSUM,829.86624,831.49635416,822.50610692,825.32175416,1392015.27224436
2023-08-04 09:15:00,NSE:TATACONSUM,826.95181892,831.44691784,822.25912292,824.72896292,898420.54546043
2023-08-07 09:15:00,NSE:TATACONSUM,826.85304508,830.50841816,819.492912,827.69277092,1119716.25692353
2023-08-08 09:15:00,NSE:TATACONSUM,828.878304,842.80818184,823.69164,837.22637308,1267589.19606128
2023-08-09 09:15:00,NSE:TATACONSUM,840.733536,852.04541308,837.42397016,849.82255708,1725430.59469439
2023-08-10 09:15:00,NSE:TATACONSUM,850.76110616,852.78636508,837.769728,840.28895492,952885.61202345
2023-08-11 09:15:00,NSE:TATACONSUM,839.44922908,843.54913384,824.92656,826.80365816,920181.06436044
2023-08-14 09:15:00,NSE:TATACONSUM,828.73009384,835.69508216,819.64112216,834.50954908,763909.80792278
2023-08-16 09:15:00,NSE:TATACONSUM,830.75540216,833.27462908,826.70483492,830.55780508,365269.61260648
2023-08-17 09:15:00,NSE:TATACONSUM,824.92656,835.74446908,824.92656,834.064968,1118822.47433032
2023-08-18 09:15:00,NSE:TATACONSUM,834.80592,838.70827708,825.420528,832.38546692,1159789.70297671
2023-08-21 09:15:00,NSE:TATACONSUM,835.793856,839.15285816,830.65657892,838.263696,689091.19619085
2023-08-22 09:15:00,NSE:TATACONSUM,836.781792,841.27689092,833.817984,838.56006692,792491.61889029
2023-08-23 09:15:00,NSE:TATACONSUM,837.769728,837.769728,830.21199784,834.36133892,522788.92559842
2023-08-24 09:15:00,NSE:TATACONSUM,834.80592,844.48768292,831.94088584,834.01558108,1500676.15715998
2023-08-25 09:15:00,NSE:TATACONSUM,829.86624,835.94206616,820.13509016,822.50610692,1163294.99076863
2023-08-28 09:15:00,NSE:TATACONSUM,822.45672,832.78066108,818.257992,831.64451492,657933.30742072
2023-08-29 09:15:00,NSE:TATACONSUM,830.854176,833.76859708,825.914496,828.137352,613453.70550319
2023-08-30 09:15:00,NSE:TATACONSUM,830.854176,839.05403492,828.58193308,838.11548584,612270.43047323
2023-08-31 09:15:00,NSE:TATACONSUM,838.11548584,841.17811708,819.04833092,824.28438184,2050124.7044343
2023-09-01 09:15:00,NSE:TATACONSUM,822.950688,837.17698616,822.950688,833.96619416,669821.72934279
2023-09-04 09:15:00,NSE:TATACONSUM,833.817984,838.757664,826.902432,835.84324292,713633.27179089
2023-09-05 09:15:00,NSE:TATACONSUM,836.781792,842.11666616,832.87943492,836.09022692,754731.07569721
2023-09-06 09:15:00,NSE:TATACONSUM,835.59625892,872.347488,835.299888,868.29697016,3662972.0953584
2023-09-07 09:15:00,NSE:TATACONSUM,855.25620508,856.49112508,843.697344,848.34065308,3501168.0918602
2023-09-08 09:15:00,NSE:TATACONSUM,853.576704,854.41642984,841.474488,842.80818184,912222.04677226
2023-09-11 09:15:00,NSE:TATACONSUM,845.179248,854.51525308,844.438296,852.19357384,1052277.67790626
2023-09-12 09:15:00,NSE:TATACONSUM,856.540512,863.456064,845.673216,854.317656,1817073.17073171
2023-09-13 09:15:00,NSE:TATACONSUM,851.600832,880.49796,849.77317016,878.57147492,2846701.60820134
2023-09-14 09:15:00,NSE:TATACONSUM,884.20272,886.87015708,870.371616,873.87877892,2232087.90852849
2023-09-15 09:15:00,NSE:TATACONSUM,876.84258692,879.016056,862.962096,865.33316216,1118357.86933567
2023-09-18 09:15:00,NSE:TATACONSUM,872.347488,875.26190908,865.33316216,870.32222908,1097649.03799436
2023-09-20 09:15:00,NSE:TATACONSUM,870.17401892,870.27284216,854.56464,859.20794908,936161.85663849
2023-09-21 09:15:00,NSE:TATACONSUM,858.516384,863.456064,850.81049308,860.492256,1179826.4260033
2023-09-22 09:15:00,NSE:TATACONSUM,860.492256,879.11482984,859.55370692,867.160824,1537374.89068118
2023-09-25 09:15:00,NSE:TATACONSUM,871.31016508,894.67482184,860.04767492,889.73514184,2733605.21329317
2023-09-26 09:15:00,NSE:TATACONSUM,896.65069384,898.92298616,880.744944,884.40031708,2089505.79794643
2023-09-27 09:15:00,NSE:TATACONSUM,888.154464,893.094144,876.20045816,878.12689384,1248814.7005474
2023-09-28 09:15:00,NSE:TATACONSUM,884.00512292,885.190656,859.60309384,865.925904,1823987.5862404
2023-09-29 09:15:00,NSE:TATACONSUM,875.21252216,875.21252216,863.15969308,866.32109816,827183.13736922
2023-10-03 09:15:00,NSE:TATACONSUM,859.50432,868.93909892,853.67547784,861.38141816,1197826.57985942
2023-10-04 09:15:00,NSE:TATACONSUM,856.540512,859.35610984,844.68528,854.317656,630689.63981472
2023-10-05 09:15:00,NSE:TATACONSUM,855.60196292,858.763368,847.15512,849.82255708,759135.20713892
2023-10-06 09:15:00,NSE:TATACONSUM,850.612896,866.91384,850.612896,864.197016,971841.29336313
2023-10-09 09:15:00,NSE:TATACONSUM,857.528448,873.18721384,856.34291492,870.02585816,1215451.20331681
2023-10-10 09:15:00,NSE:TATACONSUM,874.32336,881.63410616,871.112568,878.02812,881142.09827357
2023-10-11 09:15:00,NSE:TATACONSUM,884.20272,886.37618908,875.50889308,877.68236216,1075540.31840119
2023-10-12 09:15:00,NSE:TATACONSUM,878.17633016,883.36299416,872.54508508,881.58466984,784832.21585204
2023-10-13 09:15:00,NSE:TATACONSUM,879.510024,906.925248,878.12689384,902.33132584,5182657.58105788
2023-10-16 09:15:00,NSE:TATACONSUM,906.72765092,906.72765092,895.11940292,897.63862984,1543556.46519613
2023-10-17 09:15:00,NSE:TATACONSUM,901.04701892,916.804608,894.23029016,896.89767784,3267916.14031678
2023-10-18 09:15:00,NSE:TATACONSUM,901.44221308,903.96144,881.33768584,884.89428508,1233798.54565478
2023-10-19 09:15:00,NSE:TATACONSUM,885.190656,889.53759416,868.44513092,884.59791416,1447942.98416092
2023-10-20 09:15:00,NSE:TATACONSUM,881.18952508,890.92067492,877.92934616,888.10507708,2323340.78320863
2023-10-23 09:15:00,NSE:TATACONSUM,887.90748,895.11940292,869.630664,872.44626184,984995.99164318
2023-10-25 09:15:00,NSE:TATACONSUM,872.64385892,883.65936508,871.70530984,879.26304,1550679.39623619
2023-10-26 09:15:00,NSE:TATACONSUM,872.594472,876.24984508,861.480192,869.72943784,1990665.38723156
2023-10-27 09:15:00,NSE:TATACONSUM,869.38368,883.708752,865.431936,880.34974984,807245.61105173
2023-10-30 09:15:00,NSE:TATACONSUM,875.311296,885.190656,869.58127708,882.77020292,1161553.98730282
2023-10-31 09:15:00,NSE:TATACONSUM,888.648432,892.50140216,881.238912,889.636368,1095728.87312538
2023-11-01 09:15:00,NSE:TATACONSUM,895.070016,908.90112,884.89428508,892.25441816,2711456.0052473
2023-11-02 09:15:00,NSE:TATACONSUM,899.16997016,906.62887708,892.64956292,900.25668,1095731.90975934
2023-11-03 09:15:00,NSE:TATACONSUM,900.997632,908.20955492,900.25668,902.67713308,912924.52142649
2023-11-06 09:15:00,NSE:TATACONSUM,905.690328,912.55649308,904.949376,907.56742616,751439.36449325
2023-11-07 09:15:00,NSE:TATACONSUM,908.90112,912.55649308,901.985568,910.92637892,829730.87325495
2023-11-08 09:15:00,NSE:TATACONSUM,911.37096,918.23712508,903.12171416,905.24574692,1103740.52570207
2023-11-09 09:15:00,NSE:TATACONSUM,905.24574692,907.86379708,887.51228584,891.95799784,3233359.24594306
2023-11-10 09:15:00,NSE:TATACONSUM,891.95799784,905.78910184,885.684624,901.68919708,3893414.14828491
2023-11-12 18:15:00,NSE:TATACONSUM,910.876992,910.876992,902.973504,904.2578208,159651.03002624
2023-11-13 09:15:00,NSE:TATACONSUM,902.973504,909.34570108,896.15672584,905.49273092,915936.86230687
2023-11-15 09:15:00,NSE:TATACONSUM,910.28425016,920.756352,905.29513384,918.38528584,1583264.50296375
2023-11-16 09:15:00,NSE:TATACONSUM,921.744288,921.744288,906.925248,908.95050692,1331370.65558903
2023-11-17 09:15:00,NSE:TATACONSUM,910.876992,922.732224,909.889056,919.62020584,973104.53308716
2023-11-20 09:15:00,NSE:TATACONSUM,924.214128,929.49956584,917.00220508,919.62020584,1183305.39630098
2023-11-21 09:15:00,NSE:TATACONSUM,895.070016,920.262384,895.070016,916.50823708,814166.09982833
2023-11-22 09:15:00,NSE:TATACONSUM,920.21299708,928.46224292,911.123976,917.051592,896261.49872056
2023-11-23 09:15:00,NSE:TATACONSUM,917.94075416,926.38759708,915.816672,921.744288,918592.90480355
2023-11-24 09:15:00,NSE:TATACONSUM,923.42378908,925.54782184,912.852864,915.71789816,527571.62407281
2023-11-28 09:15:00,NSE:TATACONSUM,913.8408,923.67077308,913.593816,920.60814184,915884.22731837
2023-11-29 09:15:00,NSE:TATACONSUM,923.67077308,926.58519416,918.78048,922.28764292,1060693.20279856
2023-11-30 09:15:00,NSE:TATACONSUM,920.756352,936.76092508,920.756352,929.400792,3018925.31500016
2023-12-01 09:15:00,NSE:TATACONSUM,934.48868216,941.40423416,928.412856,931.47543784,1143179.31525929
2023-12-04 09:15:00,NSE:TATACONSUM,942.490944,944.960784,930.58632508,935.22963416,1126494.02390438
2023-12-05 09:15:00,NSE:TATACONSUM,935.27902108,942.63915416,932.75979416,938.58858692,802396.10663039
2023-12-06 09:15:00,NSE:TATACONSUM,942.490944,951.382368,937.45249016,940.21870108,994481.4238979
2023-12-07 09:15:00,NSE:TATACONSUM,940.515072,947.97397892,938.58858692,945.35597816,944500.45347067
2023-12-08 09:15:00,NSE:TATACONSUM,948.41856,950.24622184,932.41398692,935.18019784,657016.24396722
2023-12-11 09:15:00,NSE:TATACONSUM,938.44042616,941.503008,932.66097092,938.98378108,481988.71181939
2023-12-12 09:15:00,NSE:TATACONSUM,941.55239492,950.34504508,932.21638984,937.30428,741002.45360023
2023-12-13 09:15:00,NSE:TATACONSUM,936.563328,948.12218908,935.081424,945.75112292,910807.98756195
2023-12-14 09:15:00,NSE:TATACONSUM,949.20889892,949.20889892,932.71035784,938.98378108,2004949.71334175
2023-12-15 09:15:00,NSE:TATACONSUM,948.36917308,948.36917308,937.45249016,943.18250908,1169612.2016001
2023-12-18 09:15:00,NSE:TATACONSUM,944.466816,946.64028508,933.89589092,938.24282908,1012132.36484954
2023-12-19 09:15:00,NSE:TATACONSUM,941.503008,966.201408,937.69947416,954.49438616,3945084.49940077
2023-12-20 09:15:00,NSE:TATACONSUM,963.2376,997.81536,954.49438616,964.52190692,4520322.16661808
2023-12-21 09:15:00,NSE:TATACONSUM,964.225536,972.03025016,951.43175492,967.48571492,1608307.62316587
2023-12-22 09:15:00,NSE:TATACONSUM,974.104896,986.25649892,967.83152216,980.82285092,1509661.55702394
2023-12-26 09:15:00,NSE:TATACONSUM,981.020448,1004.730912,980.82285092,995.1973296,1827031.30567162
2023-12-27 09:15:00,NSE:TATACONSUM,1002.7056432,1016.586144,997.9141536,1014.363288,1821472.24111683
2023-12-28 09:15:00,NSE:TATACONSUM,1018.315032,1037.3328,1012.9307808,1028.441376,2077464.53211544
2023-12-29 09:15:00,NSE:TATACONSUM,1041.2351472,1080.801984,1035.0605472,1073.6888448,5078847.21277492
2024-01-01 09:15:00,NSE:TATACONSUM,1080.6537936,1080.6537936,1063.019136,1067.0696736,947980.43597966
2024-01-02 09:15:00,NSE:TATACONSUM,1073.2442736,1089.7428048,1066.476912,1084.506744,2667372.17795485
2024-01-03 09:15:00,NSE:TATACONSUM,1084.7043312,1085.8404576,1069.6383072,1071.8611632,1114142.00919898
2024-01-04 09:15:00,NSE:TATACONSUM,1074.9731616,1114.9845696,1073.0466864,1111.9713648,2811099.09953681
2024-01-05 09:15:00,NSE:TATACONSUM,1111.428,1117.5038064,1103.5739088,1109.4027312,1221895.95277427
2024-01-08 09:15:00,NSE:TATACONSUM,1111.4773968,1115.379744,1081.4441424,1091.6198832,1743792.1079908
2024-01-09 09:15:00,NSE:TATACONSUM,1092.657216,1106.6365104,1092.657216,1098.2390544,1010546.22971529
2024-01-10 09:15:00,NSE:TATACONSUM,1098.584832,1104.2160672,1087.717536,1100.5113072,944521.70990833
2024-01-11 09:15:00,NSE:TATACONSUM,1103.524512,1111.3786032,1098.6342288,1105.747368,1097272.49538432
2024-01-12 09:15:00,NSE:TATACONSUM,1111.8725712,1151.4888048,1110.2918736,1145.017824,6091773.15129725
2024-01-15 09:15:00,NSE:TATACONSUM,1175.64384,1176.5823792,1121.060376,1136.9167488,4289230.27402585
2024-01-16 09:15:00,NSE:TATACONSUM,1138.6456368,1148.5249968,1128.222912,1129.9024032,1467393.63683477
2024-01-17 09:15:00,NSE:TATACONSUM,1120.319424,1139.0408112,1118.2447584,1124.8639296,1288476.17659444
2024-01-18 09:15:00,NSE:TATACONSUM,1121.2579632,1136.1264,1108.95816,1132.9650048,1233086.96109869
2024-01-19 09:15:00,NSE:TATACONSUM,1142.794968,1151.5382016,1132.8662112,1147.6852512,911154.16383248
2024-01-20 09:15:00,NSE:TATACONSUM,1153.909248,1154.897184,1134.2493216,1136.2251936,336840.64554789
2024-01-23 09:15:00,NSE:TATACONSUM,1144.9684272,1151.933376,1124.518152,1131.8288784,945044.01094808
2024-01-24 09:15:00,NSE:TATACONSUM,1131.7794816,1146.993696,1120.319424,1145.017824,1052796.94231205
2024-01-25 09:15:00,NSE:TATACONSUM,1146.00576,1149.6117264,1118.6893296,1123.036248,1139062.6518317
2024-01-29 09:15:00,NSE:TATACONSUM,1123.036248,1135.3360512,1121.30736,1127.2843728,1607826.82279014
2024-01-30 09:15:00,NSE:TATACONSUM,1131.1373232,1133.3601792,1107.1304784,1109.3533344,807753.74113303
2024-01-31 09:15:00,NSE:TATACONSUM,1111.428,1113.89784,1098.584832,1104.512448,2458396.09043501
2024-02-01 09:15:00,NSE:TATACONSUM,1104.512448,1121.2085664,1094.633088,1116.0219024,4786097.4799987
2024-02-02 09:15:00,NSE:TATACONSUM,1118.343552,1156.5766752,1118.343552,1148.722584,1762585.83551971
2024-02-05 09:15:00,NSE:TATACONSUM,1155.7863264,1162.800672,1132.4710368,1136.867352,1281730.80037573
2024-02-06 09:15:00,NSE:TATACONSUM,1128.3217056,1152.7237248,1128.3217056,1149.5129328,1233971.63379004
2024-02-07 09:15:00,NSE:TATACONSUM,1153.9586448,1160.8248,1139.1396048,1152.1309632,875435.25086645
2024-02-08 09:15:00,NSE:TATACONSUM,1146.00576,1148.8707744,1111.428,1124.1723744,2508232.31464386
2024-02-09 09:15:00,NSE:TATACONSUM,1128.222912,1135.5336384,1106.3401296,1115.626728,928396.17141191
2024-02-12 09:15:00,NSE:TATACONSUM,1116.4170768,1120.7145984,1062.0312,1108.6617792,909930.40034982
2024-02-13 09:15:00,NSE:TATACONSUM,1109.452128,1127.5313568,1104.7100352,1124.0735808,896969.03443138
2024-02-14 09:15:00,NSE:TATACONSUM,1121.3567568,1126.0988496,1106.48832,1121.9001216,1221441.46989279
2024-02-15 09:15:00,NSE:TATACONSUM,1126.2964368,1132.915608,1113.650856,1117.7507904,1293968.43520228
2024-02-16 09:15:00,NSE:TATACONSUM,1121.30736,1135.5336384,1118.7387264,1133.6071632,1228107.89362874
2024-02-19 09:15:00,NSE:TATACONSUM,1136.1264,1150.204488,1130.692752,1141.06608,973660.23710038
2024-02-20 09:15:00,NSE:TATACONSUM,1140.572112,1145.017824,1125.0615168,1140.4733184,1069090.50788715
2024-02-21 09:15:00,NSE:TATACONSUM,1141.06608,1157.7621984,1136.1757968,1146.746712,1463616.06419849
2024-02-22 09:15:00,NSE:TATACONSUM,1146.993696,1150.698456,1128.6674832,1145.511792,1710032.83613513
2024-02-23 09:15:00,NSE:TATACONSUM,1144.029888,1151.5382016,1141.2636672,1146.3021408,1296499.97570693
2024-02-26 09:15:00,NSE:TATACONSUM,1145.017824,1168.5307008,1135.5830352,1162.8994656,1307989.58636997
2024-02-27 09:15:00,NSE:TATACONSUM,1167.740352,1175.3474592,1160.7754032,1169.3210496,1603913.61383733
2024-02-28 09:15:00,NSE:TATACONSUM,1175.396856,1190.46288,1149.0683616,1153.8598512,2196553.21802222
2024-02-29 09:15:00,NSE:TATACONSUM,1152.8719152,1184.535264,1136.7191616,1175.6932368,2755584.36983772
2024-03-01 09:15:00,NSE:TATACONSUM,1189.474944,1199.0085264,1179.842568,1186.511136,1826809.63139313
2024-03-02 09:15:00,NSE:TATACONSUM,1194.414624,1198.366368,1185.5232,1192.685736,151203.11437178
2024-03-04 09:15:00,NSE:TATACONSUM,1192.3893552,1199.354304,1175.64384,1188.733992,800618.66355715
2024-03-05 09:15:00,NSE:TATACONSUM,1192.2905616,1197.2796384,1181.571456,1186.1159616,878523.50759563
2024-03-06 09:15:00,NSE:TATACONSUM,1189.2773568,1208.245728,1177.619712,1205.3313168,1383956.04573576
2024-03-07 09:15:00,NSE:TATACONSUM,1213.185408,1253.5919904,1202.071128,1246.3306608,3565971.88481845
2024-03-11 09:15:00,NSE:TATACONSUM,1247.763168,1253.690784,1194.414624,1205.9240784,2641026.34178732
2024-03-12 09:15:00,NSE:TATACONSUM,1212.6420432,1213.0372176,1194.5628144,1200.5398272,1102698.96025653
2024-03-13 09:15:00,NSE:TATACONSUM,1200.836208,1202.7132864,1156.5766752,1164.7271472,2075798.43228711
2024-03-14 09:15:00,NSE:TATACONSUM,1146.0551568,1190.5122768,1146.0551568,1183.8931056,2238061.97972338
2024-03-15 09:15:00,NSE:TATACONSUM,1185.5232,1205.1337296,1161.7139424,1197.5266224,2878187.45343828
2024-03-18 09:15:00,NSE:TATACONSUM,1198.4157648,1202.9602704,1170.0126048,1172.6306352,812965.61720597
2024-03-19 09:15:00,NSE:TATACONSUM,1170.6053664,1170.6053664,1126.0988496,1132.42164,2178588.49156221
2024-03-20 09:15:00,NSE:TATACONSUM,1129.3096416,1139.4853824,1098.2884512,1110.4894608,2095472.7836621
2024-03-21 09:15:00,NSE:TATACONSUM,1120.319424,1125.2097072,1107.970224,1120.2700272,1924248.12943349
2024-03-22 09:15:00,NSE:TATACONSUM,1120.2700272,1126.24704,1105.500384,1109.205144,1717091.99786221
2024-03-26 09:15:00,NSE:TATACONSUM,1092.0150576,1107.5750496,1092.0150576,1099.1281968,2436503.98406375
2024-03-27 09:15:00,NSE:TATACONSUM,1101.8944176,1103.524512,1071.0214176,1077.8875728,1986918.1809348
2024-03-28 09:15:00,NSE:TATACONSUM,1090.5825504,1095.621024,1080.4562064,1082.9754432,6804023.74242866
2024-04-01 09:15:00,NSE:TATACONSUM,1086.7296,1091.0765184,1070.0334816,1073.7876384,2256760.55938846
2024-04-02 09:15:00,NSE:TATACONSUM,1078.6285248,1119.7266624,1072.0093536,1117.5038064,5169410.77154796
2024-04-03 09:15:00,NSE:TATACONSUM,1115.379744,1115.379744,1099.3751808,1105.994352,1147125.92718557
2024-04-04 09:15:00,NSE:TATACONSUM,1119.1339008,1119.2326944,1095.1764528,1104.4630512,2432959.22003045
2024-04-05 09:15:00,NSE:TATACONSUM,1102.536576,1111.3292064,1097.596896,1102.0920048,635522.94885499
2024-04-08 09:15:00,NSE:TATACONSUM,1106.48832,1126.6916112,1103.524512,1123.6290096,1855604.00673728
2024-04-09 09:15:00,NSE:TATACONSUM,1127.234976,1127.234976,1107.970224,1112.0207616,1199267.96877531
2024-04-10 09:15:00,NSE:TATACONSUM,1116.36768,1137.608304,1105.2040032,1131.4831008,1391707.56000389
2024-04-12 09:15:00,NSE:TATACONSUM,1130.5445616,1142.6961744,1120.7639952,1135.5830352,2031456.49110874
2024-04-15 09:15:00,NSE:TATACONSUM,1111.428,1122.9868512,1097.596896,1117.0098384,2014527.25682635
2024-04-16 09:15:00,NSE:TATACONSUM,1103.524512,1125.1603104,1100.5113072,1121.9495184,1064247.07673372
2024-04-18 09:15:00,NSE:TATACONSUM,1129.210848,1145.017824,1113.9472368,1120.8627888,2604975.42350922
2024-04-19 09:15:00,NSE:TATACONSUM,1091.175312,1136.7191616,1090.7307408,1124.3699616,2187329.94849869
2024-04-22 09:15:00,NSE:TATACONSUM,1127.1855792,1163.5910208,1127.1855792,1156.8236592,2327388.61626664
2024-04-23 09:15:00,NSE:TATACONSUM,1158.848928,1165.6656864,1138.102272,1159.1947056,1954247.03624526
2024-04-24 09:15:00,NSE:TATACONSUM,1092.657216,1123.9747872,1090.681344,1096.7571504,6526221.33417549
2024-04-25 09:15:00,NSE:TATACONSUM,1102.536576,1102.536576,1064.4022464,1092.9042,6309793.34693745
2024-04-26 09:15:00,NSE:TATACONSUM,1098.3872448,1098.3872448,1070.9720208,1089.3476304,3468048.53755709
2024-04-29 09:15:00,NSE:TATACONSUM,1095.5222304,1097.0041344,1075.7635104,1085.247696,2282430.23839601
2024-04-30 09:15:00,NSE:TATACONSUM,1086.6308064,1100.807688,1082.4320784,1094.9788656,2535382.85880867
2024-05-02 09:15:00,NSE:TATACONSUM,1100.560704,1100.560704,1068.0576096,1077.9863664,3465806.4894892
2024-05-03 09:15:00,NSE:TATACONSUM,1081.78992,1101.4498464,1076.6526528,1081.0983648,2971663.14417128
2024-05-06 09:15:00,NSE:TATACONSUM,1091.66928,1096.2631824,1076.8996368,1084.9019184,1089447.08969002
2024-05-07 09:15:00,NSE:TATACONSUM,1081.8393168,1108.0196208,1076.9490336,1086.1368384,2646467.9898293
2024-05-08 09:15:00,NSE:TATACONSUM,1089.1006464,1104.3642576,1081.9381104,1101.5980368,1084375.91099019
2024-05-09 09:15:00,NSE:TATACONSUM,1100.560704,1101.2522592,1064.995008,1071.9599568,1764980.72749652
2024-05-10 09:15:00,NSE:TATACONSUM,1074.8249712,1080.7525872,1054.7698704,1077.7887792,1093794.53729796
2024-05-13 09:15:00,NSE:TATACONSUM,1072.9972896,1087.717536,1063.0685328,1083.7163952,944820.31224695
2024-05-14 09:15:00,NSE:TATACONSUM,1082.777856,1085.1489024,1069.1443392,1072.3551312,1209552.0357594
2024-05-15 09:15:00,NSE:TATACONSUM,1072.898496,1077.6899856,1043.260416,1056.0047904,1943527.71839471
2024-05-16 09:15:00,NSE:TATACONSUM,1058.079456,1089.2488368,1045.0880976,1086.482616,2697834.67754996
2024-05-17 09:15:00,NSE:TATACONSUM,1079.814048,1087.9151232,1076.0104944,1081.9875072,1082123.74080912
2024-05-18 09:15:00,NSE:TATACONSUM,1081.78992,1085.000712,1077.097224,1081.9875072,71367.98335115
2024-05-21 09:15:00,NSE:TATACONSUM,1075.862304,1084.3585536,1075.8129072,1080.7525872,917156.57694426
2024-05-22 09:15:00,NSE:TATACONSUM,1086.7296,1108.464192,1080.7525872,1106.8340976,2057107.95031257
2024-05-23 09:15:00,NSE:TATACONSUM,1113.8484432,1117.5532032,1090.681344,1104.4630512,2112829.1711204
2024-05-24 09:15:00,NSE:TATACONSUM,1097.596896,1097.596896,1082.777856,1085.000712,1442189.5750332
2024-05-27 09:15:00,NSE:TATACONSUM,1085.741664,1096.60896,1073.5406544,1074.7755744,1904187.11333528
2024-05-28 09:15:00,NSE:TATACONSUM,1075.862304,1084.7043312,1066.97088,1082.3332848,993624.08091212
2024-05-29 09:15:00,NSE:TATACONSUM,1071.91056,1076.85024,1055.115648,1058.3758368,1545109.19735691
2024-05-30 09:15:00,NSE:TATACONSUM,1058.079456,1061.4878352,1039.308672,1054.3252992,2776735.5375247
2024-05-31 09:15:00,NSE:TATACONSUM,1056.7951392,1057.8818688,1035.6533088,1047.459144,4845497.07673372
2024-06-03 09:15:00,NSE:TATACONSUM,1063.4143104,1069.8358944,1050.5217456,1056.2517744,1339953.19534869
2024-06-04 09:15:00,NSE:TATACONSUM,1056.2517744,1079.4188736,1016.4873504,1073.886432,3262524.09062935
2024-06-05 09:15:00,NSE:TATACONSUM,1095.621024,1146.00576,1079.9622384,1128.6180864,6163965.07466071
2024-06-06 09:15:00,NSE:TATACONSUM,1134.150528,1134.150528,1106.0931456,1126.1482464,2687559.72046772
2024-06-07 09:15:00,NSE:TATACONSUM,1135.138464,1135.138464,1117.9483776,1121.9495184,1900171.67103942
2024-06-10 09:15:00,NSE:TATACONSUM,1125.259104,1129.6554192,1112.0701584,1119.3808848,1409361.53758948
2024-06-11 09:15:00,NSE:TATACONSUM,1119.3808848,1130.9891328,1113.1074912,1121.9001216,814843.26919962
2024-06-12 09:15:00,NSE:TATACONSUM,1128.222912,1128.222912,1109.946096,1111.0822224,782556.76481068
2024-06-13 09:15:00,NSE:TATACONSUM,1116.36768,1119.331488,1090.7307408,1101.1534656,1625040.48845269
2024-06-14 09:15:00,NSE:TATACONSUM,1101.1534656,1111.3786032,1096.7077536,1099.0294032,1120993.667606
2024-06-18 09:15:00,NSE:TATACONSUM,1099.0294032,1114.6881888,1099.0294032,1113.3050784,1176051.89000097
2024-06-19 09:15:00,NSE:TATACONSUM,1116.0712992,1117.2568224,1089.693408,1092.2620416,1216126.34826547
2024-06-20 09:15:00,NSE:TATACONSUM,1094.6824848,1094.9788656,1082.8766496,1089.940392,1238817.08936611
2024-06-21 09:15:00,NSE:TATACONSUM,1089.9897888,1091.66928,1068.7491648,1071.8117664,1654922.99096298
2024-06-24 09:15:00,NSE:TATACONSUM,1067.1190704,1090.681344,1064.1552624,1088.6560752,923394.83529297
2024-06-25 09:15:00,NSE:TATACONSUM,1094.7812784,1094.8306752,1076.85024,1081.3947456,943698.78210734
2024-06-26 09:15:00,NSE:TATACONSUM,1081.8393168,1086.5320128,1070.0334816,1073.7876384,1015994.96323648
2024-06-27 09:15:00,NSE:TATACONSUM,1076.9490336,1083.2224272,1064.8468176,1072.5033216,2300609.5536553
2024-06-28 09:15:00,NSE:TATACONSUM,1072.5033216,1090.681344,1071.91056,1084.2103632,1143282.56081366
2024-07-01 09:15:00,NSE:TATACONSUM,1076.9490336,1084.2103632,1074.874368,1081.3453488,777079.68937259
2024-07-02 09:15:00,NSE:TATACONSUM,1082.777856,1096.60896,1066.97088,1091.66928,2050931.43685421
2024-07-03 09:15:00,NSE:TATACONSUM,1100.560704,1134.7432896,1098.6342288,1132.5204336,4460605.74774074
2024-07-04 09:15:00,NSE:TATACONSUM,1133.7059568,1140.8684928,1119.6278688,1121.5049472,2139649.73439575
2024-07-05 09:15:00,NSE:TATACONSUM,1121.7025344,1137.0649392,1119.0351072,1123.6784064,1297280.39063259
2024-07-08 09:15:00,NSE:TATACONSUM,1124.271168,1149.957504,1122.295296,1136.9167488,1982594.01418715
2024-07-09 09:15:00,NSE:TATACONSUM,1147.3888704,1154.403216,1126.24704,1128.4204992,1564813.91507142
2024-07-10 09:15:00,NSE:TATACONSUM,1128.4204992,1142.794968,1116.36768,1136.9167488,1027546.31878988
2024-07-11 09:15:00,NSE:TATACONSUM,1136.6697648,1139.4853824,1111.921968,1117.7507904,1906261.13432449
2024-07-12 09:15:00,NSE:TATACONSUM,1121.30736,1140.078144,1116.4170768,1138.349256,1106092.90480355
2024-07-15 09:15:00,NSE:TATACONSUM,1138.59624,1143.041952,1126.0494528,1135.6818288,1215729.56142908
2024-07-16 09:15:00,NSE:TATACONSUM,1134.9408768,1164.776544,1128.963864,1160.8248,2179109.78039063
2024-07-18 09:15:00,NSE:TATACONSUM,1160.8248,1180.1883456,1155.88512,1179.0028224,2590818.63602501
2024-07-19 09:15:00,NSE:TATACONSUM,1185.5232,1185.6219936,1168.728288,1173.667968,1401977.45602954
2024-07-22 09:15:00,NSE:TATACONSUM,1170.70416,1196.291702,1167.9873355,1190.265293,1719291.59695972
2024-07-23 09:15:00,NSE:TATACONSUM,1200.34224,1247.367994,1185.7701835,1241.736758,5203066.33344063
2024-07-24 09:15:00,NSE:TATACONSUM,1241.835552,1242.5271072,1202.7132864,1216.3962,3366612.81702458
2024-07-25 09:15:00,NSE:TATACONSUM,1217.137152,1220.10096,1194.266434,1208.83849,2528535.0
2024-07-26 09:15:00,NSE:TATACONSUM,1216.05,1218.95,1205.4,1213.65,802492.0
2024-07-29 09:15:00,NSE:TATACONSUM,1215.0,1222.0,1185.0,1201.4,1944124.0
2024-07-30 09:15:00,NSE:TATACONSUM,1206.0,1211.4,1189.2,1194.9,1331004.0
2024-07-31 09:15:00,NSE:TATACONSUM,1193.0,1193.0,1167.0,1188.95,2994289.0
2024-08-01 09:15:00,NSE:TATACONSUM,1188.95,1216.0,1188.0,1208.35,1675363.0
2024-08-02 09:15:00,NSE:TATACONSUM,1200.0,1220.0,1190.0,1193.65,1262150.0
2024-08-05 09:15:00,NSE:TATACONSUM,1176.0,1213.6,1151.0,1199.4,3718458.0
2024-08-06 09:15:00,NSE:TATACONSUM,1200.0,1212.1,1182.85,1185.6,1304014.0
2024-08-07 09:15:00,NSE:TATACONSUM,1182.55,1207.75,1182.55,1199.6,759323.0
2024-08-08 09:15:00,NSE:TATACONSUM,1192.0,1195.0,1174.0,1178.3,1298997.0
2024-08-09 09:15:00,NSE:TATACONSUM,1188.9,1188.9,1180.0,1186.15,489864.0
2024-08-12 09:15:00,NSE:TATACONSUM,1176.0,1184.35,1166.05,1170.8,787584.0
2024-08-13 09:15:00,NSE:TATACONSUM,1172.7,1182.75,1167.6,1178.8,785371.0
2024-08-14 09:15:00,NSE:TATACONSUM,1187.0,1187.1,1158.7,1167.55,991108.0
2024-08-16 09:15:00,NSE:TATACONSUM,1168.0,1190.65,1168.0,1187.75,831846.0
2024-08-19 09:15:00,NSE:TATACONSUM,1198.0,1200.0,1171.55,1177.4,682374.0
2024-08-20 09:15:00,NSE:TATACONSUM,1182.95,1182.95,1166.75,1171.2,673329.0
2024-08-21 09:15:00,NSE:TATACONSUM,1171.95,1181.0,1167.05,1177.55,802420.0
2024-08-22 09:15:00,NSE:TATACONSUM,1184.05,1209.85,1181.0,1205.8,2041300.0
2024-08-23 09:15:00,NSE:TATACONSUM,1212.0,1215.0,1194.9,1196.8,852159.0
2024-08-26 09:15:00,NSE:TATACONSUM,1205.0,1221.85,1194.05,1220.05,1045317.0
2024-08-27 09:15:00,NSE:TATACONSUM,1220.0,1220.55,1208.0,1209.6,483025.0
2024-08-28 09:15:00,NSE:TATACONSUM,1210.0,1215.35,1196.6,1201.15,779730.0
2024-08-29 09:15:00,NSE:TATACONSUM,1201.15,1208.9,1185.25,1198.45,1062444.0
2024-08-30 09:15:00,NSE:TATACONSUM,1195.0,1207.5,1195.0,1200.15,2550399.0
2024-09-02 09:15:00,NSE:TATACONSUM,1200.0,1227.0,1197.2,1199.7,1852516.0
2024-09-03 09:15:00,NSE:TATACONSUM,1209.0,1218.35,1196.3,1199.0,1884428.0
2024-09-04 09:15:00,NSE:TATACONSUM,1196.05,1198.95,1175.0,1194.95,1633635.0
2024-09-05 09:15:00,NSE:TATACONSUM,1199.5,1206.85,1185.65,1188.65,1062421.0
2024-09-06 09:15:00,NSE:TATACONSUM,1188.0,1191.75,1168.75,1173.85,989655.0
2024-09-09 09:15:00,NSE:TATACONSUM,1173.85,1195.95,1169.9,1192.05,1969830.0
2024-09-10 09:15:00,NSE:TATACONSUM,1200.0,1212.95,1196.25,1204.15,1815998.0
2024-09-11 09:15:00,NSE:TATACONSUM,1209.9,1219.0,1201.25,1204.4,1837013.0
2024-09-12 09:15:00,NSE:TATACONSUM,1210.0,1225.95,1199.35,1222.75,2635403.0
2024-09-13 09:15:00,NSE:TATACONSUM,1226.0,1227.0,1208.05,1210.3,1569211.0
2024-09-16 09:15:00,NSE:TATACONSUM,1220.0,1223.75,1207.0,1218.5,984584.0
2024-09-17 09:15:00,NSE:TATACONSUM,1223.0,1234.3,1212.15,1220.25,1450593.0
2024-09-18 09:15:00,NSE:TATACONSUM,1220.25,1223.4,1194.0,1200.85,930896.0
2024-09-19 09:15:00,NSE:TATACONSUM,1207.0,1225.6,1204.05,1215.25,2737652.0
2024-09-20 09:15:00,NSE:TATACONSUM,1220.0,1230.95,1213.35,1216.85,3533125.0
2024-09-23 09:15:00,NSE:TATACONSUM,1222.0,1233.65,1210.25,1211.55,2818001.0
2024-09-24 09:15:00,NSE:TATACONSUM,1216.0,1227.9,1210.05,1211.65,3393528.0
2024-09-25 09:15:00,NSE:TATACONSUM,1213.9,1216.0,1182.05,1189.6,2448744.0
2024-09-26 09:15:00,NSE:TATACONSUM,1195.0,1217.0,1191.15,1213.45,2323705.0
2024-09-27 09:15:00,NSE:TATACONSUM,1213.95,1215.7,1199.0,1201.55,2177204.0
2024-09-30 09:15:00,NSE:TATACONSUM,1194.95,1213.65,1194.95,1196.95,1223096.0
2024-10-01 09:15:00,NSE:TATACONSUM,1196.95,1205.45,1191.6,1196.25,892381.0
2024-10-03 09:15:00,NSE:TATACONSUM,1186.0,1190.0,1150.15,1152.75,1912206.0
2024-10-04 09:15:00,NSE:TATACONSUM,1150.0,1154.75,1125.2,1130.4,1773781.0
2024-10-07 09:15:00,NSE:TATACONSUM,1130.4,1142.65,1106.95,1111.4,1542124.0
2024-10-08 09:15:00,NSE:TATACONSUM,1111.4,1124.4,1105.45,1119.05,1738272.0
2024-10-09 09:15:00,NSE:TATACONSUM,1127.0,1132.0,1110.0,1117.8,1322027.0
2024-10-10 09:15:00,NSE:TATACONSUM,1117.8,1129.0,1111.4,1114.15,1176370.0
2024-10-11 09:15:00,NSE:TATACONSUM,1118.0,1122.35,1101.65,1113.1,569469.0
2024-10-14 09:15:00,NSE:TATACONSUM,1120.0,1138.0,1105.6,1113.55,513799.0
2024-10-15 09:15:00,NSE:TATACONSUM,1116.0,1119.0,1106.1,1115.25,768815.0
2024-10-16 09:15:00,NSE:TATACONSUM,1115.2,1120.0,1102.1,1113.95,738403.0
2024-10-17 09:15:00,NSE:TATACONSUM,1113.0,1117.0,1087.65,1090.15,975432.0
2024-10-18 09:15:00,NSE:TATACONSUM,1090.15,1098.15,1072.05,1093.25,953926.0
2024-10-21 09:15:00,NSE:TATACONSUM,1047.0,1059.45,986.35,1017.05,11484692.0
2024-10-22 09:15:00,NSE:TATACONSUM,1023.3,1023.85,994.5,998.25,2742491.0
2024-10-23 09:15:00,NSE:TATACONSUM,1000.0,1016.8,995.0,1014.55,1936612.0
2024-10-24 09:15:00,NSE:TATACONSUM,1017.95,1022.1,994.9,996.45,2014701.0
2024-10-25 09:15:00,NSE:TATACONSUM,996.9,1003.55,970.5,973.05,2258366.0
2024-10-28 09:15:00,NSE:TATACONSUM,973.05,983.35,964.0,975.9,2364081.0
2024-10-29 09:15:00,NSE:TATACONSUM,982.0,995.3,973.8,992.05,1256095.0
2024-10-30 09:15:00,NSE:TATACONSUM,991.25,1027.0,988.15,1022.7,2048134.0
2024-10-31 09:15:00,NSE:TATACONSUM,1025.0,1027.9,997.1,1002.55,1381633.0
2024-11-01 18:00:00,NSE:TATACONSUM,1002.55,1012.0,1000.0,1004.1,212772.0
2024-11-04 09:15:00,NSE:TATACONSUM,998.0,1000.95,976.05,994.6,1427199.0
2024-11-05 09:15:00,NSE:TATACONSUM,985.1,1013.1,985.1,1000.75,1163041.0
2024-11-06 09:15:00,NSE:TATACONSUM,1002.0,1010.65,997.9,1007.05,683591.0
2024-11-07 09:15:00,NSE:TATACONSUM,1007.5,1010.0,983.55,984.85,1144864.0
2024-11-08 09:15:00,NSE:TATACONSUM,989.0,997.3,975.4,992.95,973252.0
2024-11-11 09:15:00,NSE:TATACONSUM,993.2,997.95,973.25,975.95,1108758.0
2024-11-12 09:15:00,NSE:TATACONSUM,975.95,986.35,965.55,967.55,968082.0
2024-11-13 09:15:00,NSE:TATACONSUM,965.0,969.95,950.0,952.75,948691.0
2024-11-14 09:15:00,NSE:TATACONSUM,950.0,955.25,922.0,925.0,1950720.0
2024-11-18 09:15:00,NSE:TATACONSUM,929.8,942.5,916.0,930.75,2193819.0
2024-11-19 09:15:00,NSE:TATACONSUM,935.0,940.5,915.05,917.15,1844903.0
2024-11-21 09:15:00,NSE:TATACONSUM,917.15,922.0,900.5,911.7,1550618.0
2024-11-22 09:15:00,NSE:TATACONSUM,916.25,948.5,912.85,945.2,1427895.0
2024-11-25 09:15:00,NSE:TATACONSUM,950.0,962.75,946.6,955.7,2468847.0
2024-11-26 09:15:00,NSE:TATACONSUM,960.0,967.45,951.95,963.55,638057.0
2024-11-27 09:15:00,NSE:TATACONSUM,964.0,965.1,952.7,960.05,786040.0
2024-11-28 09:15:00,NSE:TATACONSUM,960.0,972.7,938.3,941.05,1834887.0
2024-11-29 09:15:00,NSE:TATACONSUM,941.8,964.4,941.5,958.65,1482253.0
2024-12-02 09:15:00,NSE:TATACONSUM,958.65,962.85,947.3,957.0,916920.0
2024-12-03 09:15:00,NSE:TATACONSUM,958.05,959.75,948.65,955.0,1346981.0
2024-12-04 09:15:00,NSE:TATACONSUM,956.0,963.85,949.65,961.2,1236061.0
2024-12-05 09:15:00,NSE:TATACONSUM,965.0,970.95,946.25,966.45,2043341.0
2024-12-06 09:15:00,NSE:TATACONSUM,970.0,976.4,964.1,974.45,1893714.0
2024-12-09 09:15:00,NSE:TATACONSUM,974.0,974.0,931.5,933.95,3679131.0
2024-12-10 09:15:00,NSE:TATACONSUM,938.5,938.6,925.2,926.75,1990270.0
2024-12-11 09:15:00,NSE:TATACONSUM,931.4,942.95,929.4,935.05,1356603.0
2024-12-12 09:15:00,NSE:TATACONSUM,937.0,938.45,916.0,921.25,1913140.0
2024-12-13 09:15:00,NSE:TATACONSUM,919.25,931.0,907.4,929.7,1278151.0
2024-12-16 09:15:00,NSE:TATACONSUM,929.7,934.65,917.0,920.35,848667.0
2024-12-17 09:15:00,NSE:TATACONSUM,920.35,922.0,900.0,904.9,1597108.0
2024-12-18 09:15:00,NSE:TATACONSUM,905.0,916.9,904.45,909.35,1154541.0
2024-12-19 09:15:00,NSE:TATACONSUM,908.0,918.0,901.1,907.1,2589001.0
2024-12-20 09:15:00,NSE:TATACONSUM,907.0,916.5,882.9,889.45,2441036.0
2024-12-23 09:15:00,NSE:TATACONSUM,894.95,906.0,890.0,902.75,1054695.0
2024-12-24 09:15:00,NSE:TATACONSUM,904.95,912.95,896.8,907.3,1038280.0
2024-12-26 09:15:00,NSE:TATACONSUM,908.0,911.35,898.6,900.95,595956.0
2024-12-27 09:15:00,NSE:TATACONSUM,902.0,911.4,899.0,907.95,870974.0
2024-12-30 09:15:00,NSE:TATACONSUM,907.95,912.0,898.7,903.5,1830048.0
2024-12-31 09:15:00,NSE:TATACONSUM,899.0,917.15,893.1,914.7,1120133.0
2025-01-01 09:15:00,NSE:TATACONSUM,913.0,922.5,911.0,920.3,641424.0
2025-01-02 09:15:00,NSE:TATACONSUM,921.0,931.25,913.05,929.65,1705632.0
2025-01-03 09:15:00,NSE:TATACONSUM,932.7,941.9,926.0,939.45,1832664.0
2025-01-06 09:15:00,NSE:TATACONSUM,935.0,955.0,929.1,946.9,2692614.0
2025-01-07 09:15:00,NSE:TATACONSUM,952.0,972.0,949.75,955.0,2413582.0
2025-01-08 09:15:00,NSE:TATACONSUM,955.0,963.85,945.45,961.6,1235226.0
2025-01-09 09:15:00,NSE:TATACONSUM,957.45,982.8,954.5,970.1,2130681.0
2025-01-10 09:15:00,NSE:TATACONSUM,965.2,980.0,959.0,972.8,1443387.0
2025-01-13 09:15:00,NSE:TATACONSUM,945.2,969.05,945.0,965.45,1876479.0
2025-01-14 09:15:00,NSE:TATACONSUM,965.7,977.0,958.6,963.15,1558290.0
2025-01-15 09:15:00,NSE:TATACONSUM,963.15,963.15,944.6,955.55,3190709.0
2025-01-16 09:15:00,NSE:TATACONSUM,960.0,960.0,926.05,937.7,2019985.0
2025-01-17 09:15:00,NSE:TATACONSUM,942.0,959.35,935.35,954.45,677451.0
2025-01-20 09:15:00,NSE:TATACONSUM,960.0,968.6,944.45,960.3,702848.0
2025-01-21 09:15:00,NSE:TATACONSUM,961.05,978.0,957.9,972.1,2281022.0
2025-01-22 09:15:00,NSE:TATACONSUM,976.9,981.7,958.15,967.4,1759236.0
2025-01-23 09:15:00,NSE:TATACONSUM,967.35,993.5,961.15,983.9,1235360.0
2025-01-24 09:15:00,NSE:TATACONSUM,988.75,1004.0,986.4,992.35,2201712.0
2025-01-27 09:15:00,NSE:TATACONSUM,989.05,998.4,960.0,965.8,1806238.0
2025-01-28 09:15:00,NSE:TATACONSUM,970.95,979.25,958.0,961.25,1647098.0
2025-01-29 09:15:00,NSE:TATACONSUM,961.25,966.65,938.0,960.5,1479070.0
2025-01-30 09:15:00,NSE:TATACONSUM,965.95,975.0,953.0,966.7,1706978.0
2025-01-31 09:15:00,NSE:TATACONSUM,970.0,1031.2,967.9,1024.65,5028986.0
2025-02-01 09:15:00,NSE:TATACONSUM,1026.0,1075.0,1014.75,1069.85,3077657.0
2025-02-03 09:15:00,NSE:TATACONSUM,1067.35,1074.45,1033.65,1036.3,1298543.0
2025-02-04 09:15:00,NSE:TATACONSUM,1040.0,1043.8,1019.05,1034.2,2251233.0
2025-02-05 09:15:00,NSE:TATACONSUM,1035.1,1035.25,1010.55,1015.3,1628436.0
2025-02-06 09:15:00,NSE:TATACONSUM,1020.4,1026.3,1010.15,1023.35,1172479.0
2025-02-07 09:15:00,NSE:TATACONSUM,1031.9,1031.9,1012.55,1021.2,941811.0
2025-02-10 09:15:00,NSE:TATACONSUM,1020.0,1036.85,1015.8,1027.5,1418998.0
2025-02-11 09:15:00,NSE:TATACONSUM,1029.9,1035.45,1009.1,1013.8,1204012.0
2025-02-12 09:15:00,NSE:TATACONSUM,1019.0,1039.0,1010.05,1029.75,1082392.0
2025-02-13 09:15:00,NSE:TATACONSUM,1029.75,1037.0,1016.85,1022.8,1169309.0
2025-02-14 09:15:00,NSE:TATACONSUM,1027.9,1037.85,1018.0,1022.55,2032391.0
2025-02-17 09:15:00,NSE:TATACONSUM,1022.0,1027.45,1005.05,1023.25,925113.0
2025-02-18 09:15:00,NSE:TATACONSUM,1019.1,1027.95,1018.55,1026.95,789814.0
2025-02-19 09:15:00,NSE:TATACONSUM,1024.0,1032.85,1021.3,1025.3,782204.0
2025-02-20 09:15:00,NSE:TATACONSUM,1020.0,1030.25,1003.65,1008.9,878748.0
2025-02-21 09:15:00,NSE:TATACONSUM,1008.0,1013.65,991.45,1004.0,1330146.0
2025-02-24 09:15:00,NSE:TATACONSUM,990.0,1011.1,990.0,1002.4,1002365.0
2025-02-25 09:15:00,NSE:TATACONSUM,994.0,1010.0,993.15,1004.85,1663313.0
2025-02-27 09:15:00,NSE:TATACONSUM,1005.0,1010.15,998.25,1008.0,1362115.0
2025-02-28 09:15:00,NSE:TATACONSUM,995.0,1001.5,957.35,963.7,5082193.0
2025-03-03 09:15:00,NSE:TATACONSUM,963.7,970.0,948.4,953.9,1323481.0
2025-03-04 09:15:00,NSE:TATACONSUM,945.1,957.85,943.15,954.55,1916433.0
2025-03-05 09:15:00,NSE:TATACONSUM,948.5,965.95,948.0,956.8,2773457.0
2025-03-06 09:15:00,NSE:TATACONSUM,964.0,965.0,943.05,958.15,2421530.0
2025-03-07 09:15:00,NSE:TATACONSUM,957.0,967.4,950.15,962.05,945675.0
2025-03-10 09:15:00,NSE:TATACONSUM,960.0,969.3,953.0,957.3,1660207.0
2025-03-11 09:15:00,NSE:TATACONSUM,956.0,962.4,930.1,959.85,2748541.0
2025-03-12 09:15:00,NSE:TATACONSUM,951.65,961.75,943.35,945.45,1619168.0
2025-03-13 09:15:00,NSE:TATACONSUM,950.0,955.0,940.15,946.1,907521.0
2025-03-17 09:15:00,NSE:TATACONSUM,946.1,956.5,934.6,940.45,993027.0
2025-03-18 09:15:00,NSE:TATACONSUM,941.05,950.6,938.15,946.85,2343994.0
2025-03-19 09:15:00,NSE:TATACONSUM,947.5,959.85,945.25,949.85,1650477.0
2025-03-20 09:15:00,NSE:TATACONSUM,953.1,967.7,950.25,965.85,2403031.0
2025-03-21 09:15:00,NSE:TATACONSUM,968.0,972.15,956.6,961.2,3155551.0
2025-03-24 09:15:00,NSE:TATACONSUM,965.25,976.15,956.5,970.45,1475967.0
2025-03-25 09:15:00,NSE:TATACONSUM,979.0,979.9,959.0,970.7,1569597.0
2025-03-26 09:15:00,NSE:TATACONSUM,975.0,976.3,956.95,959.65,1399118.0
2025-03-27 09:15:00,NSE:TATACONSUM,963.0,980.4,952.5,973.55,2585170.0
2025-03-28 09:15:00,NSE:TATACONSUM,975.5,1015.0,975.0,1001.9,2313101.0
2025-04-01 09:15:00,NSE:TATACONSUM,1003.0,1014.55,989.25,992.25,1045548.0
2025-04-02 09:15:00,NSE:TATACONSUM,1018.0,1073.15,1015.0,1062.7,8717812.0
2025-04-03 09:15:00,NSE:TATACONSUM,1049.9,1075.25,1048.1,1071.0,1595000.0
2025-04-04 09:15:00,NSE:TATACONSUM,1065.45,1095.55,1062.9,1087.85,4089261.0
2025-04-07 09:15:00,NSE:TATACONSUM,1019.0,1077.7,1019.0,1047.35,3200820.0
2025-04-08 09:15:00,NSE:TATACONSUM,1056.0,1073.5,1044.75,1069.75,1444712.0
2025-04-09 09:15:00,NSE:TATACONSUM,1062.0,1092.95,1060.05,1089.75,2274161.0
2025-04-11 09:15:00,NSE:TATACONSUM,1125.0,1126.0,1093.75,1097.9,1888677.0
2025-04-15 09:15:00,NSE:TATACONSUM,1108.3,1111.0,1094.1,1103.4,1023355.0
2025-04-16 09:15:00,NSE:TATACONSUM,1094.1,1108.9,1086.8,1105.9,679360.0
2025-04-17 09:15:00,NSE:TATACONSUM,1104.0,1133.8,1094.5,1120.2,1541674.0
2025-04-21 09:15:00,NSE:TATACONSUM,1120.2,1129.5,1102.4,1121.0,692767.0
2025-04-22 09:15:00,NSE:TATACONSUM,1121.7,1149.0,1118.2,1136.7,1231830.0
2025-04-23 09:15:00,NSE:TATACONSUM,1143.0,1156.6,1132.6,1150.1,1760325.0
2025-04-24 09:15:00,NSE:TATACONSUM,1151.0,1168.9,1098.3,1161.3,5766752.0
2025-04-25 09:15:00,NSE:TATACONSUM,1160.2,1165.0,1130.7,1155.7,1451946.0
2025-04-28 09:15:00,NSE:TATACONSUM,1146.1,1162.5,1145.0,1155.2,663435.0
2025-04-29 09:15:00,NSE:TATACONSUM,1155.2,1174.1,1149.9,1168.9,1439143.0
2025-04-30 09:15:00,NSE:TATACONSUM,1174.7,1180.5,1152.4,1165.8,1477319.0
2025-05-02 09:15:00,NSE:TATACONSUM,1157.0,1176.2,1151.0,1156.8,1042342.0
2025-05-05 09:15:00,NSE:TATACONSUM,1155.5,1173.6,1153.0,1161.5,1359727.0
2025-05-06 09:15:00,NSE:TATACONSUM,1161.5,1173.5,1152.6,1155.3,1382140.0
2025-05-07 09:15:00,NSE:TATACONSUM,1140.0,1162.3,1136.4,1146.0,1792683.0
2025-05-08 09:15:00,NSE:TATACONSUM,1136.0,1140.0,1107.5,1116.0,2692162.0
2025-05-09 09:15:00,NSE:TATACONSUM,1098.0,1118.6,1086.4,1113.7,815694.0
2025-05-12 09:15:00,NSE:TATACONSUM,1123.0,1155.0,1123.0,1145.6,748637.0
2025-05-13 09:15:00,NSE:TATACONSUM,1145.3,1150.3,1116.2,1118.6,1096797.0
2025-05-14 09:15:00,NSE:TATACONSUM,1118.6,1128.9,1115.8,1120.4,1386813.0
2025-05-15 09:15:00,NSE:TATACONSUM,1120.4,1159.2,1105.5,1147.2,2064096.0
2025-05-16 09:15:00,NSE:TATACONSUM,1154.9,1173.5,1144.0,1168.0,1336653.0
2025-05-19 09:15:00,NSE:TATACONSUM,1168.0,1169.7,1143.0,1149.3,786128.0
2025-05-20 09:15:00,NSE:TATACONSUM,1149.0,1155.2,1126.8,1128.5,825451.0
2025-05-21 09:15:00,NSE:TATACONSUM,1128.5,1153.5,1123.8,1138.8,619421.0
2025-05-22 09:15:00,NSE:TATACONSUM,1138.8,1138.8,1115.5,1126.7,1414277.0
2025-05-23 09:15:00,NSE:TATACONSUM,1126.5,1152.0,1124.0,1140.8,897235.0
2025-05-26 09:15:00,NSE:TATACONSUM,1137.0,1153.4,1137.0,1146.3,616370.0
2025-05-27 09:15:00,NSE:TATACONSUM,1146.6,1149.8,1127.2,1138.4,901912.0
2025-05-28 09:15:00,NSE:TATACONSUM,1138.4,1138.8,1119.0,1121.4,492483.0
2025-05-29 09:15:00,NSE:TATACONSUM,1115.7,1118.1,1098.2,1109.8,2556089.0
2025-05-30 09:15:00,NSE:TATACONSUM,1109.8,1119.8,1101.6,1106.3,2475644.0
2025-06-02 09:15:00,NSE:TATACONSUM,1100.0,1125.0,1099.2,1120.4,907133.0
2025-06-03 09:15:00,NSE:TATACONSUM,1116.1,1123.2,1110.1,1114.6,795876.0
2025-06-04 09:15:00,NSE:TATACONSUM,1110.0,1125.9,1110.0,1124.4,635699.0
2025-06-05 09:15:00,NSE:TATACONSUM,1124.5,1127.1,1108.2,1111.9,1044950.0
2025-06-06 09:15:00,NSE:TATACONSUM,1111.9,1123.9,1109.4,1115.6,503186.0
2025-06-09 09:15:00,NSE:TATACONSUM,1115.6,1122.5,1110.2,1121.2,467790.0
2025-06-10 09:15:00,NSE:TATACONSUM,1121.2,1128.6,1112.7,1115.1,460271.0
2025-06-11 09:15:00,NSE:TATACONSUM,1115.2,1119.0,1102.0,1104.3,862130.0
2025-06-12 09:15:00,NSE:TATACONSUM,1108.9,1108.9,1080.0,1085.1,941294.0
2025-06-13 09:15:00,NSE:TATACONSUM,1066.6,1080.6,1066.6,1078.4,614108.0
2025-06-16 09:15:00,NSE:TATACONSUM,1074.0,1085.0,1073.6,1083.4,439929.0
2025-06-17 09:15:00,NSE:TATACONSUM,1083.4,1094.0,1065.5,1071.6,664517.0
2025-06-18 09:15:00,NSE:TATACONSUM,1066.4,1075.8,1059.0,1065.2,545933.0
2025-06-19 09:15:00,NSE:TATACONSUM,1065.2,1091.6,1061.6,1088.3,2816398.0
2025-06-20 09:15:00,NSE:TATACONSUM,1088.3,1103.0,1082.7,1100.2,2084108.0
2025-06-23 09:15:00,NSE:TATACONSUM,1090.0,1112.0,1090.0,1109.4,758904.0
2025-06-24 09:15:00,NSE:TATACONSUM,1112.0,1116.9,1104.4,1107.7,1134930.0
2025-06-25 09:15:00,NSE:TATACONSUM,1107.7,1133.9,1106.6,1126.5,1564437.0
2025-06-26 09:15:00,NSE:TATACONSUM,1122.0,1150.0,1119.1,1145.4,2236678.0
2025-06-27 09:15:00,NSE:TATACONSUM,1144.0,1147.2,1120.0,1124.3,622376.0
2025-06-30 09:15:00,NSE:TATACONSUM,1124.0,1126.7,1098.6,1102.0,390461.0
