datetime,symbol,open,high,low,close,volume
2004-08-24 09:15:00,NSE:ULTRACEMCO,305.0,340.0,253.25,260.20001,6633956.0
2004-08-25 09:15:00,NSE:ULTRACEMCO,262.0,264.70001,249.2,255.55,2794161.0
2004-08-26 09:15:00,NSE:ULTRACEMCO,257.75,272.5,256.0,270.70001,2340926.0
2004-08-27 09:15:00,NSE:ULTRACEMCO,272.0,272.54999,260.64999,262.25,915106.0
2004-08-30 09:15:00,NSE:ULTRACEMCO,263.70001,269.0,262.04999,266.10001,387417.0
2004-08-31 09:15:00,NSE:ULTRACEMCO,266.79999,267.79999,264.29999,266.20001,261123.0
2004-09-01 09:15:00,NSE:ULTRACEMCO,267.0,273.45001,265.0,267.20001,311985.0
2004-09-02 09:15:00,NSE:ULTRACEMCO,267.85001,269.5,260.0,262.20001,205537.0
2004-09-03 09:15:00,NSE:ULTRACEMCO,262.20001,264.89999,257.5,262.64999,303156.0
2004-09-06 09:15:00,NSE:ULTRACEMCO,263.5,267.85001,263.0,265.29999,74691.0
2004-09-07 09:15:00,NSE:ULTRACEMCO,264.0,265.79999,263.54999,264.85001,128275.0
2004-09-08 09:15:00,NSE:ULTRACEMCO,266.0,266.0,262.60001,263.45001,95094.0
2004-09-09 09:15:00,NSE:ULTRACEMCO,264.5,265.0,254.8,256.0,229786.0
2004-09-10 09:15:00,NSE:ULTRACEMCO,256.89999,264.39999,254.35001,258.60001,313469.0
2004-09-13 09:15:00,NSE:ULTRACEMCO,256.0,262.14999,256.0,260.64999,100186.0
2004-09-14 09:15:00,NSE:ULTRACEMCO,261.0,263.5,259.0,261.10001,87282.0
2004-09-15 09:15:00,NSE:ULTRACEMCO,262.70001,266.95001,261.5,263.89999,179209.0
2004-09-16 09:15:00,NSE:ULTRACEMCO,264.0,266.70001,261.0,265.60001,113885.0
2004-09-17 09:15:00,NSE:ULTRACEMCO,267.0,274.45001,266.10001,271.0,193931.0
2004-09-20 09:15:00,NSE:ULTRACEMCO,272.0,283.0,272.0,277.35001,447036.0
2004-09-21 09:15:00,NSE:ULTRACEMCO,280.0,281.79999,275.0,276.29999,317565.0
2004-09-22 09:15:00,NSE:ULTRACEMCO,281.5,281.95001,275.04999,279.25,142156.0
2004-09-23 09:15:00,NSE:ULTRACEMCO,273.0,279.0,268.79999,269.89999,71981.0
2004-09-24 09:15:00,NSE:ULTRACEMCO,269.5,273.0,267.10001,270.79999,64135.0
2004-09-27 09:15:00,NSE:ULTRACEMCO,271.5,273.89999,269.29999,272.79999,43976.0
2004-09-28 09:15:00,NSE:ULTRACEMCO,272.79999,272.79999,263.60001,265.70001,116744.0
2004-09-29 09:15:00,NSE:ULTRACEMCO,266.89999,267.5,262.64999,264.45001,84483.0
2004-09-30 09:15:00,NSE:ULTRACEMCO,266.39999,268.75,264.95001,266.04999,45563.0
2004-10-01 09:15:00,NSE:ULTRACEMCO,266.0,268.0,264.0,265.25,59466.0
2004-10-04 09:15:00,NSE:ULTRACEMCO,268.79999,270.89999,263.0,269.04999,173799.0
2004-10-05 09:15:00,NSE:ULTRACEMCO,269.0,271.0,264.0,265.25,74731.0
2004-10-06 09:15:00,NSE:ULTRACEMCO,266.5,298.89999,266.5,295.0,1072401.0
2004-10-07 09:15:00,NSE:ULTRACEMCO,295.0,354.0,294.0,316.45001,2122276.0
2004-10-08 09:15:00,NSE:ULTRACEMCO,318.10001,331.35001,316.45001,320.39999,599337.0
2004-10-11 09:15:00,NSE:ULTRACEMCO,315.0,318.60001,301.25,304.70001,121262.0
2004-10-12 09:15:00,NSE:ULTRACEMCO,307.0,311.0,298.10001,300.14999,146878.0
2004-10-14 09:15:00,NSE:ULTRACEMCO,303.70001,303.70001,286.54999,289.10001,89146.0
2004-10-15 09:15:00,NSE:ULTRACEMCO,294.79999,299.79999,288.0,290.70001,115264.0
2004-10-18 09:15:00,NSE:ULTRACEMCO,293.89999,295.0,285.0,286.79999,59350.0
2004-10-19 09:15:00,NSE:ULTRACEMCO,291.39999,291.39999,282.60001,285.60001,72458.0
2004-10-20 09:15:00,NSE:ULTRACEMCO,288.39999,292.29999,285.5,286.54999,95374.0
2004-10-21 09:15:00,NSE:ULTRACEMCO,288.39999,296.5,285.0,292.25,81976.0
2004-10-25 09:15:00,NSE:ULTRACEMCO,295.5,305.29999,284.60001,286.35001,215408.0
2004-10-26 09:15:00,NSE:ULTRACEMCO,289.89999,294.79999,281.54999,289.5,105215.0
2004-10-27 09:15:00,NSE:ULTRACEMCO,285.0,313.89999,285.0,299.14999,656655.0
2004-10-28 09:15:00,NSE:ULTRACEMCO,301.0,311.0,297.0,306.60001,326585.0
2004-10-29 09:15:00,NSE:ULTRACEMCO,302.20001,306.75,301.0,303.25,76737.0
2004-11-01 09:15:00,NSE:ULTRACEMCO,305.0,305.0,289.0,301.29999,190801.0
2004-11-02 09:15:00,NSE:ULTRACEMCO,306.0,310.0,302.0,306.89999,109175.0
2004-11-03 09:15:00,NSE:ULTRACEMCO,307.5,310.0,303.0,305.14999,93238.0
2004-11-04 09:15:00,NSE:ULTRACEMCO,308.79999,308.79999,299.0,300.0,32815.0
2004-11-05 09:15:00,NSE:ULTRACEMCO,303.0,303.0,290.0,292.35001,61849.0
2004-11-08 09:15:00,NSE:ULTRACEMCO,297.39999,302.0,290.25,292.5,80765.0
2004-11-09 09:15:00,NSE:ULTRACEMCO,296.39999,300.0,293.29999,295.54999,48772.0
2004-11-10 09:15:00,NSE:ULTRACEMCO,298.0,298.79999,291.5,292.5,107489.0
2004-11-11 09:15:00,NSE:ULTRACEMCO,293.60001,296.39999,286.54999,287.95001,131265.0
2004-11-12 09:15:00,NSE:ULTRACEMCO,292.89999,293.39999,289.14999,291.5,29798.0
2004-11-16 09:15:00,NSE:ULTRACEMCO,293.64999,294.95001,289.0,294.04999,48466.0
2004-11-17 09:15:00,NSE:ULTRACEMCO,296.0,296.0,283.0,283.85001,222899.0
2004-11-18 09:15:00,NSE:ULTRACEMCO,285.0,288.75,283.10001,284.29999,95728.0
2004-11-19 09:15:00,NSE:ULTRACEMCO,286.70001,287.0,280.5,282.14999,116142.0
2004-11-22 09:15:00,NSE:ULTRACEMCO,283.0,284.0,278.29999,278.89999,112962.0
2004-11-23 09:15:00,NSE:ULTRACEMCO,285.0,285.0,276.0,277.70001,193928.0
2004-11-24 09:15:00,NSE:ULTRACEMCO,281.79999,287.0,280.39999,285.45001,345777.0
2004-11-25 09:15:00,NSE:ULTRACEMCO,294.60001,299.85001,289.5,294.79999,397748.0
2004-11-29 09:15:00,NSE:ULTRACEMCO,295.0,299.79999,295.0,297.60001,146544.0
2004-11-30 09:15:00,NSE:ULTRACEMCO,298.95001,298.95001,294.0,295.20001,172784.0
2004-12-01 09:15:00,NSE:ULTRACEMCO,296.0,297.85001,295.0,295.54999,85290.0
2004-12-02 09:15:00,NSE:ULTRACEMCO,297.0,305.0,296.0,302.35001,317401.0
2004-12-03 09:15:00,NSE:ULTRACEMCO,305.54999,306.60001,295.0,295.75,339368.0
2004-12-06 09:15:00,NSE:ULTRACEMCO,297.04999,298.0,293.25,294.29999,200821.0
2004-12-07 09:15:00,NSE:ULTRACEMCO,295.0,304.64999,295.0,302.25,288631.0
2004-12-08 09:15:00,NSE:ULTRACEMCO,302.0,304.89999,297.0,300.14999,201937.0
2004-12-09 09:15:00,NSE:ULTRACEMCO,302.60001,302.60001,297.0,298.70001,143942.0
2004-12-10 09:15:00,NSE:ULTRACEMCO,300.0,304.45001,295.0,300.64999,318295.0
2004-12-13 09:15:00,NSE:ULTRACEMCO,303.0,305.0,300.64999,301.95001,43952.0
2004-12-14 09:15:00,NSE:ULTRACEMCO,303.0,310.75,302.64999,305.95001,141686.0
2004-12-15 09:15:00,NSE:ULTRACEMCO,308.45001,308.5,304.0,305.5,62276.0
2004-12-16 09:15:00,NSE:ULTRACEMCO,306.0,310.89999,302.0,309.29999,137963.0
2004-12-17 09:15:00,NSE:ULTRACEMCO,308.04999,312.95001,302.20001,305.14999,195396.0
2004-12-20 09:15:00,NSE:ULTRACEMCO,310.0,314.39999,310.0,312.39999,212500.0
2004-12-21 09:15:00,NSE:ULTRACEMCO,316.45001,324.89999,314.20001,316.54999,78287.0
2004-12-22 09:15:00,NSE:ULTRACEMCO,316.04999,318.89999,305.0,307.64999,89638.0
2004-12-23 09:15:00,NSE:ULTRACEMCO,305.0,310.0,304.25,308.60001,79870.0
2004-12-24 09:15:00,NSE:ULTRACEMCO,312.0,317.0,308.0,315.54999,121155.0
2004-12-27 09:15:00,NSE:ULTRACEMCO,318.0,334.20001,306.04999,326.54999,171748.0
2004-12-28 09:15:00,NSE:ULTRACEMCO,321.04999,333.89999,321.04999,326.85001,97057.0
2004-12-29 09:15:00,NSE:ULTRACEMCO,334.0,334.0,319.10001,327.20001,98486.0
2004-12-30 09:15:00,NSE:ULTRACEMCO,329.5,351.79999,328.5,338.20001,222632.0
2004-12-31 09:15:00,NSE:ULTRACEMCO,340.04999,349.5,336.0,340.45001,86142.0
2005-01-03 09:15:00,NSE:ULTRACEMCO,344.0,348.0,335.0,338.14999,73470.0
2005-01-04 09:15:00,NSE:ULTRACEMCO,342.89999,359.89999,339.5,343.10001,240543.0
2005-01-05 09:15:00,NSE:ULTRACEMCO,345.0,355.0,323.85001,333.5,230742.0
2005-01-06 09:15:00,NSE:ULTRACEMCO,337.0,341.95001,326.0,338.25,121746.0
2005-01-07 09:15:00,NSE:ULTRACEMCO,350.0,350.0,331.54999,333.64999,76718.0
2005-01-10 09:15:00,NSE:ULTRACEMCO,338.89999,351.39999,334.20001,339.70001,238665.0
2005-01-11 09:15:00,NSE:ULTRACEMCO,343.0,343.0,318.5,324.64999,161462.0
2005-01-12 09:15:00,NSE:ULTRACEMCO,325.0,334.95001,318.10001,320.10001,79473.0
2005-01-13 09:15:00,NSE:ULTRACEMCO,330.0,330.0,316.04999,318.70001,157844.0
2005-01-14 09:15:00,NSE:ULTRACEMCO,328.0,333.0,320.0,328.14999,453968.0
2005-01-17 09:15:00,NSE:ULTRACEMCO,329.5,337.70001,322.60001,324.75,426020.0
2005-01-18 09:15:00,NSE:ULTRACEMCO,327.0,328.95001,320.64999,323.54999,109156.0
2005-01-19 09:15:00,NSE:ULTRACEMCO,327.95001,327.95001,321.54999,323.5,71306.0
2005-01-20 09:15:00,NSE:ULTRACEMCO,325.0,338.85001,325.0,333.45001,448669.0
2005-01-24 09:15:00,NSE:ULTRACEMCO,335.0,339.79999,323.04999,328.5,215699.0
2005-01-25 09:15:00,NSE:ULTRACEMCO,330.0,334.0,300.14999,321.45001,158479.0
2005-01-27 09:15:00,NSE:ULTRACEMCO,313.0,328.0,308.0,325.04999,222826.0
2005-01-28 09:15:00,NSE:ULTRACEMCO,325.5,361.0,325.0,351.5,569873.0
2005-01-31 09:15:00,NSE:ULTRACEMCO,351.5,354.39999,340.39999,343.75,140961.0
2005-02-01 09:15:00,NSE:ULTRACEMCO,345.0,366.89999,337.35001,361.25,269465.0
2005-02-02 09:15:00,NSE:ULTRACEMCO,360.0,362.25,348.39999,351.95001,157466.0
2005-02-03 09:15:00,NSE:ULTRACEMCO,359.39999,382.0,356.35001,379.35001,399811.0
2005-02-04 09:15:00,NSE:ULTRACEMCO,383.0,391.89999,374.0,382.75,225957.0
2005-02-07 09:15:00,NSE:ULTRACEMCO,385.89999,390.0,370.0,372.54999,104917.0
2005-02-08 09:15:00,NSE:ULTRACEMCO,350.10001,383.0,350.10001,371.70001,141700.0
2005-02-09 09:15:00,NSE:ULTRACEMCO,375.0,382.79999,370.0,370.70001,196371.0
2005-02-10 09:15:00,NSE:ULTRACEMCO,374.70001,382.5,372.60001,374.10001,87114.0
2005-02-11 09:15:00,NSE:ULTRACEMCO,379.60001,380.0,369.0,372.95001,68198.0
2005-02-14 09:15:00,NSE:ULTRACEMCO,379.89999,390.0,372.0,374.85001,173535.0
2005-02-15 09:15:00,NSE:ULTRACEMCO,375.0,380.0,369.0,377.39999,162469.0
2005-02-16 09:15:00,NSE:ULTRACEMCO,379.70001,381.10001,370.0,371.75,122367.0
2005-02-17 09:15:00,NSE:ULTRACEMCO,370.14999,372.0,361.5,368.04999,120041.0
2005-02-18 09:15:00,NSE:ULTRACEMCO,371.0,373.95001,364.0,367.39999,145325.0
2005-02-21 09:15:00,NSE:ULTRACEMCO,334.29999,371.29999,334.29999,359.54999,38600.0
2005-02-22 09:15:00,NSE:ULTRACEMCO,360.0,365.95001,354.5,359.89999,97456.0
2005-02-23 09:15:00,NSE:ULTRACEMCO,360.0,369.0,357.20001,362.85001,65031.0
2005-02-24 09:15:00,NSE:ULTRACEMCO,365.0,367.95001,361.0,361.5,37721.0
2005-02-25 09:15:00,NSE:ULTRACEMCO,366.0,372.0,361.0,364.54999,245585.0
2005-02-28 09:15:00,NSE:ULTRACEMCO,367.0,376.0,367.0,373.60001,76688.0
2005-03-01 09:15:00,NSE:ULTRACEMCO,375.0,377.95001,363.0,364.60001,235687.0
2005-03-02 09:15:00,NSE:ULTRACEMCO,367.0,373.0,361.95001,365.45001,91386.0
2005-03-03 09:15:00,NSE:ULTRACEMCO,362.0,370.0,354.0,363.64999,123055.0
2005-03-04 09:15:00,NSE:ULTRACEMCO,364.0,369.89999,360.0,364.45001,72226.0
2005-03-07 09:15:00,NSE:ULTRACEMCO,364.0,368.0,360.0,364.20001,140545.0
2005-03-08 09:15:00,NSE:ULTRACEMCO,366.0,366.0,359.20001,360.14999,88686.0
2005-03-09 09:15:00,NSE:ULTRACEMCO,360.14999,384.20001,360.14999,374.20001,228074.0
2005-03-10 09:15:00,NSE:ULTRACEMCO,378.0,382.0,373.70001,379.89999,234244.0
2005-03-11 09:15:00,NSE:ULTRACEMCO,381.5,393.0,376.0,387.64999,259571.0
2005-03-14 09:15:00,NSE:ULTRACEMCO,384.0,384.0,373.04999,374.54999,64613.0
2005-03-15 09:15:00,NSE:ULTRACEMCO,375.0,378.89999,370.0,370.5,44823.0
2005-03-16 09:15:00,NSE:ULTRACEMCO,372.5,376.89999,365.10001,367.79999,63470.0
2005-03-17 09:15:00,NSE:ULTRACEMCO,365.0,373.75,364.14999,368.10001,51833.0
2005-03-18 09:15:00,NSE:ULTRACEMCO,367.0,376.0,360.64999,372.70001,99808.0
2005-03-21 09:15:00,NSE:ULTRACEMCO,377.85001,377.85001,360.0,361.35001,51924.0
2005-03-22 09:15:00,NSE:ULTRACEMCO,367.39999,367.39999,360.0,364.79999,46927.0
2005-03-23 09:15:00,NSE:ULTRACEMCO,360.20001,367.89999,358.60001,361.04999,35258.0
2005-03-24 09:15:00,NSE:ULTRACEMCO,362.0,362.5,350.0,351.64999,33613.0
2005-03-28 09:15:00,NSE:ULTRACEMCO,355.04999,357.85001,345.0,346.10001,23486.0
2005-03-29 09:15:00,NSE:ULTRACEMCO,351.89999,351.89999,338.0,340.54999,45975.0
2005-03-30 09:15:00,NSE:ULTRACEMCO,342.0,351.5,340.35001,348.45001,69842.0
2005-03-31 09:15:00,NSE:ULTRACEMCO,352.0,357.0,352.0,354.75,30576.0
2005-04-01 09:15:00,NSE:ULTRACEMCO,354.35001,356.0,349.04999,353.75,134776.0
2005-04-04 09:15:00,NSE:ULTRACEMCO,379.70001,379.70001,353.20001,356.10001,53495.0
2005-04-05 09:15:00,NSE:ULTRACEMCO,359.0,359.0,342.0,344.95001,65616.0
2005-04-06 09:15:00,NSE:ULTRACEMCO,352.0,356.0,345.10001,353.20001,48043.0
2005-04-07 09:15:00,NSE:ULTRACEMCO,354.0,364.0,354.0,357.75,186318.0
2005-04-08 09:15:00,NSE:ULTRACEMCO,363.39999,363.39999,350.5,353.20001,182280.0
2005-04-11 09:15:00,NSE:ULTRACEMCO,352.0,355.5,350.25,353.25,14580.0
2005-04-12 09:15:00,NSE:ULTRACEMCO,355.0,364.45001,352.64999,360.20001,88287.0
2005-04-13 09:15:00,NSE:ULTRACEMCO,364.0,370.0,363.0,366.45001,54323.0
2005-04-15 09:15:00,NSE:ULTRACEMCO,361.0,372.95001,360.0,370.20001,255614.0
2005-04-18 09:15:00,NSE:ULTRACEMCO,365.0,379.64999,351.25,372.75,106562.0
2005-04-19 09:15:00,NSE:ULTRACEMCO,376.0,377.0,360.0,360.64999,26129.0
2005-04-20 09:15:00,NSE:ULTRACEMCO,360.0,364.39999,355.0,360.75,29561.0
2005-04-21 09:15:00,NSE:ULTRACEMCO,358.0,367.89999,358.0,364.70001,13123.0
2005-04-22 09:15:00,NSE:ULTRACEMCO,367.0,370.0,358.20001,360.54999,28181.0
2005-04-25 09:15:00,NSE:ULTRACEMCO,365.0,365.0,354.0,354.89999,44383.0
2005-04-26 09:15:00,NSE:ULTRACEMCO,356.0,358.79999,345.0,346.60001,50973.0
2005-04-27 09:15:00,NSE:ULTRACEMCO,345.04999,349.64999,340.04999,341.04999,50698.0
2005-04-28 09:15:00,NSE:ULTRACEMCO,345.0,345.0,335.79999,337.64999,17678.0
2005-04-29 09:15:00,NSE:ULTRACEMCO,340.0,342.95001,331.0,334.14999,20109.0
2005-05-02 09:15:00,NSE:ULTRACEMCO,336.95001,339.45001,331.10001,333.35001,9194.0
2005-05-03 09:15:00,NSE:ULTRACEMCO,334.0,335.95001,328.04999,330.04999,16603.0
2005-05-04 09:15:00,NSE:ULTRACEMCO,329.5,359.79999,327.0,353.60001,66016.0
2005-05-05 09:15:00,NSE:ULTRACEMCO,357.10001,366.89999,350.04999,358.25,92718.0
2005-05-06 09:15:00,NSE:ULTRACEMCO,355.0,368.29999,355.0,364.70001,65830.0
2005-05-09 09:15:00,NSE:ULTRACEMCO,364.89999,365.0,357.10001,358.89999,13764.0
2005-05-10 09:15:00,NSE:ULTRACEMCO,358.0,362.0,355.0,356.60001,70978.0
2005-05-11 09:15:00,NSE:ULTRACEMCO,355.0,357.5,347.10001,348.45001,37701.0
2005-05-12 09:15:00,NSE:ULTRACEMCO,347.5,359.89999,347.5,357.14999,58591.0
2005-05-13 09:15:00,NSE:ULTRACEMCO,358.75,360.0,348.10001,351.10001,54254.0
2005-05-16 09:15:00,NSE:ULTRACEMCO,354.5,355.0,340.0,343.35001,71989.0
2005-05-17 09:15:00,NSE:ULTRACEMCO,346.0,346.0,334.14999,336.10001,73446.0
2005-05-18 09:15:00,NSE:ULTRACEMCO,334.0,334.0,325.0,327.35001,149651.0
2005-05-19 09:15:00,NSE:ULTRACEMCO,330.79999,334.70001,323.0,327.89999,122028.0
2005-05-20 09:15:00,NSE:ULTRACEMCO,327.0,330.45001,325.0,325.54999,28176.0
2005-05-23 09:15:00,NSE:ULTRACEMCO,331.0,331.0,316.0,318.20001,85010.0
2005-05-24 09:15:00,NSE:ULTRACEMCO,321.5,327.64999,315.0,319.45001,122677.0
2005-05-25 09:15:00,NSE:ULTRACEMCO,322.0,326.79999,320.0,324.70001,23581.0
2005-05-26 09:15:00,NSE:ULTRACEMCO,328.5,329.5,325.04999,326.29999,27875.0
2005-05-27 09:15:00,NSE:ULTRACEMCO,327.0,334.5,327.0,329.0,65321.0
2005-05-30 09:15:00,NSE:ULTRACEMCO,330.0,332.0,319.0,320.10001,45373.0
2005-05-31 09:15:00,NSE:ULTRACEMCO,320.10001,328.45001,319.5,325.54999,27512.0
2005-06-01 09:15:00,NSE:ULTRACEMCO,327.0,328.25,323.04999,323.70001,15049.0
2005-06-02 09:15:00,NSE:ULTRACEMCO,323.10001,327.0,316.0,316.79999,48070.0
2005-06-03 09:15:00,NSE:ULTRACEMCO,317.0,321.79999,317.0,319.60001,22906.0
2005-06-06 09:15:00,NSE:ULTRACEMCO,332.0,332.85001,295.39999,315.0,94388.0
2005-06-07 09:15:00,NSE:ULTRACEMCO,315.10001,324.04999,315.10001,316.10001,34954.0
2005-06-08 09:15:00,NSE:ULTRACEMCO,320.0,321.0,316.0,317.95001,44387.0
2005-06-09 09:15:00,NSE:ULTRACEMCO,322.0,330.35001,316.54999,329.54999,161404.0
2005-06-10 09:15:00,NSE:ULTRACEMCO,330.0,330.0,320.04999,321.0,27812.0
2005-06-13 09:15:00,NSE:ULTRACEMCO,322.75,350.0,317.0,318.54999,21275.0
2005-06-14 09:15:00,NSE:ULTRACEMCO,320.75,326.0,317.29999,322.45001,60170.0
2005-06-15 09:15:00,NSE:ULTRACEMCO,324.95001,338.0,321.85001,328.64999,81498.0
2005-06-16 09:15:00,NSE:ULTRACEMCO,325.10001,330.60001,322.0,323.64999,53237.0
2005-06-17 09:15:00,NSE:ULTRACEMCO,324.0,324.0,318.04999,319.95001,34944.0
2005-06-20 09:15:00,NSE:ULTRACEMCO,321.10001,339.89999,321.0,324.95001,397878.0
2005-06-21 09:15:00,NSE:ULTRACEMCO,325.04999,333.0,320.29999,330.75,41382.0
2005-06-22 09:15:00,NSE:ULTRACEMCO,329.0,334.0,325.35001,331.60001,152638.0
2005-06-23 09:15:00,NSE:ULTRACEMCO,330.04999,343.0,328.10001,339.64999,278896.0
2005-06-24 09:15:00,NSE:ULTRACEMCO,332.10001,344.85001,332.10001,340.54999,65340.0
2005-06-27 09:15:00,NSE:ULTRACEMCO,339.0,341.79999,336.5,339.29999,236069.0
2005-06-28 09:15:00,NSE:ULTRACEMCO,338.0,340.95001,336.0,338.10001,260670.0
2005-06-29 09:15:00,NSE:ULTRACEMCO,339.0,349.0,338.0,343.70001,193483.0
2005-06-30 09:15:00,NSE:ULTRACEMCO,348.0,359.45001,345.0,353.70001,451831.0
2005-07-01 09:15:00,NSE:ULTRACEMCO,353.70001,364.0,347.0,356.0,111935.0
2005-07-04 09:15:00,NSE:ULTRACEMCO,355.10001,359.64999,353.20001,355.14999,92909.0
2005-07-05 09:15:00,NSE:ULTRACEMCO,355.10001,357.0,348.95001,351.39999,112364.0
2005-07-06 09:15:00,NSE:ULTRACEMCO,353.0,367.79999,352.0,357.95001,170806.0
2005-07-07 09:15:00,NSE:ULTRACEMCO,359.89999,372.89999,354.04999,359.45001,167506.0
2005-07-08 09:15:00,NSE:ULTRACEMCO,359.10001,368.25,355.0,365.25,67871.0
2005-07-11 09:15:00,NSE:ULTRACEMCO,364.5,372.45001,362.5,370.0,109141.0
2005-07-12 09:15:00,NSE:ULTRACEMCO,370.0,415.0,370.0,379.29999,192677.0
2005-07-13 09:15:00,NSE:ULTRACEMCO,384.95001,412.0,381.5,386.10001,324675.0
2005-07-14 09:15:00,NSE:ULTRACEMCO,389.85001,390.5,372.54999,379.14999,99218.0
2005-07-15 09:15:00,NSE:ULTRACEMCO,376.5,383.25,369.54999,375.85001,98651.0
2005-07-18 09:15:00,NSE:ULTRACEMCO,374.5,379.0,367.0,371.35001,50387.0
2005-07-19 09:15:00,NSE:ULTRACEMCO,370.04999,377.89999,366.0,370.14999,219506.0
2005-07-20 09:15:00,NSE:ULTRACEMCO,373.10001,376.0,364.04999,367.39999,78820.0
2005-07-21 09:15:00,NSE:ULTRACEMCO,370.0,370.0,360.0,361.39999,25733.0
2005-07-22 09:15:00,NSE:ULTRACEMCO,366.0,366.0,360.0,362.5,45849.0
2005-07-25 09:15:00,NSE:ULTRACEMCO,394.79999,394.79999,370.0,388.85001,402435.0
2005-07-26 09:15:00,NSE:ULTRACEMCO,393.0,397.0,378.04999,382.0,141730.0
2005-07-27 09:15:00,NSE:ULTRACEMCO,383.0,396.0,375.5,390.89999,101686.0
2005-07-29 09:15:00,NSE:ULTRACEMCO,392.0,392.0,380.0,381.60001,51952.0
2005-08-01 09:15:00,NSE:ULTRACEMCO,388.0,389.39999,370.04999,379.39999,169855.0
2005-08-02 09:15:00,NSE:ULTRACEMCO,386.5,392.0,381.0,390.75,125368.0
2005-08-03 09:15:00,NSE:ULTRACEMCO,396.0,399.0,390.29999,393.29999,120591.0
2005-08-04 09:15:00,NSE:ULTRACEMCO,395.0,398.0,391.0,396.70001,184826.0
2005-08-05 09:15:00,NSE:ULTRACEMCO,399.89999,410.79999,384.04999,388.29999,317826.0
2005-08-08 09:15:00,NSE:ULTRACEMCO,382.25,395.89999,381.0,382.54999,53208.0
2005-08-09 09:15:00,NSE:ULTRACEMCO,382.0,390.79999,380.0,384.39999,69316.0
2005-08-10 09:15:00,NSE:ULTRACEMCO,389.0,397.0,386.0,393.85001,92804.0
2005-08-11 09:15:00,NSE:ULTRACEMCO,402.0,419.0,399.0,401.75,293832.0
2005-08-12 09:15:00,NSE:ULTRACEMCO,409.0,420.0,403.0,418.14999,276434.0
2005-08-16 09:15:00,NSE:ULTRACEMCO,421.10001,424.79999,414.0,416.14999,74977.0
2005-08-17 09:15:00,NSE:ULTRACEMCO,416.0,419.0,412.0,415.95001,91082.0
2005-08-18 09:15:00,NSE:ULTRACEMCO,417.29999,422.45001,410.0,416.04999,106984.0
2005-08-19 09:15:00,NSE:ULTRACEMCO,419.0,432.89999,415.29999,417.85001,150552.0
2005-08-22 09:15:00,NSE:ULTRACEMCO,420.45001,426.0,412.0,414.25,86426.0
2005-08-23 09:15:00,NSE:ULTRACEMCO,414.5,414.89999,401.79999,405.70001,88627.0
2005-08-24 09:15:00,NSE:ULTRACEMCO,405.0,411.0,385.29999,391.85001,161240.0
2005-08-25 09:15:00,NSE:ULTRACEMCO,390.0,414.0,390.0,408.35001,271454.0
2005-08-26 09:15:00,NSE:ULTRACEMCO,415.0,430.0,415.0,424.45001,233212.0
2005-08-29 09:15:00,NSE:ULTRACEMCO,428.0,434.0,420.0,425.25,129659.0
2005-08-30 09:15:00,NSE:ULTRACEMCO,433.79999,442.39999,429.0,431.54999,185980.0
2005-08-31 09:15:00,NSE:ULTRACEMCO,434.0,448.79999,432.04999,438.0,176586.0
2005-09-01 09:15:00,NSE:ULTRACEMCO,440.14999,445.5,435.04999,438.29999,93903.0
2005-09-02 09:15:00,NSE:ULTRACEMCO,440.5,444.70001,435.14999,437.60001,90392.0
2005-09-05 09:15:00,NSE:ULTRACEMCO,440.0,444.0,429.0,433.95001,64481.0
2005-09-06 09:15:00,NSE:ULTRACEMCO,435.0,438.70001,425.20001,428.25,53134.0
2005-09-08 09:15:00,NSE:ULTRACEMCO,434.0,443.5,433.5,437.70001,53007.0
2005-09-09 09:15:00,NSE:ULTRACEMCO,441.5,441.5,425.0,432.35001,30631.0
2005-09-12 09:15:00,NSE:ULTRACEMCO,437.0,442.0,430.25,433.95001,70242.0
2005-09-13 09:15:00,NSE:ULTRACEMCO,435.0,436.75,430.29999,433.04999,52264.0
2005-09-14 09:15:00,NSE:ULTRACEMCO,435.5,442.0,435.14999,437.85001,54956.0
2005-09-15 09:15:00,NSE:ULTRACEMCO,439.39999,455.0,438.0,447.10001,51105.0
2005-09-16 09:15:00,NSE:ULTRACEMCO,448.5,464.85001,445.0,458.75,121122.0
2005-09-19 09:15:00,NSE:ULTRACEMCO,458.0,466.0,455.10001,463.89999,54979.0
2005-09-20 09:15:00,NSE:ULTRACEMCO,460.0,486.5,447.0,482.0,183896.0
2005-09-21 09:15:00,NSE:ULTRACEMCO,472.0,488.0,460.0,483.60001,106069.0
2005-09-22 09:15:00,NSE:ULTRACEMCO,483.0,492.0,439.0,445.29999,143307.0
2005-09-23 09:15:00,NSE:ULTRACEMCO,447.0,471.0,430.0,461.04999,146045.0
2005-09-26 09:15:00,NSE:ULTRACEMCO,498.0,498.0,456.10001,458.75,129081.0
2005-09-27 09:15:00,NSE:ULTRACEMCO,468.89999,472.0,459.89999,468.54999,101089.0
2005-09-28 09:15:00,NSE:ULTRACEMCO,475.0,476.39999,461.0,473.64999,68152.0
2005-09-29 09:15:00,NSE:ULTRACEMCO,478.0,492.5,465.04999,469.89999,82200.0
2005-09-30 09:15:00,NSE:ULTRACEMCO,470.0,476.0,462.14999,466.0,202363.0
2005-10-03 09:15:00,NSE:ULTRACEMCO,470.0,473.0,464.0,465.75,125498.0
2005-10-04 09:15:00,NSE:ULTRACEMCO,467.14999,470.95001,464.0,464.89999,92975.0
2005-10-05 09:15:00,NSE:ULTRACEMCO,460.5,468.60001,458.39999,460.29999,64048.0
2005-10-06 09:15:00,NSE:ULTRACEMCO,459.5,462.0,452.14999,458.0,37468.0
2005-10-07 09:15:00,NSE:ULTRACEMCO,467.0,467.0,450.10001,454.70001,32009.0
2005-10-10 09:15:00,NSE:ULTRACEMCO,454.70001,465.0,443.0,445.04999,27407.0
2005-10-11 09:15:00,NSE:ULTRACEMCO,446.0,449.5,433.0,445.95001,26791.0
2005-10-13 09:15:00,NSE:ULTRACEMCO,446.0,447.0,435.54999,440.10001,23598.0
2005-10-14 09:15:00,NSE:ULTRACEMCO,441.95001,443.95001,416.0,419.79999,52528.0
2005-10-17 09:15:00,NSE:ULTRACEMCO,421.0,425.0,393.0,416.89999,70740.0
2005-10-18 09:15:00,NSE:ULTRACEMCO,420.0,422.85001,409.0,415.60001,59504.0
2005-10-19 09:15:00,NSE:ULTRACEMCO,403.95001,415.0,400.54999,411.95001,73558.0
2005-10-20 09:15:00,NSE:ULTRACEMCO,418.95001,422.0,380.0,396.14999,61641.0
2005-10-21 09:15:00,NSE:ULTRACEMCO,408.95001,419.85001,398.20001,415.54999,96340.0
2005-10-24 09:15:00,NSE:ULTRACEMCO,409.0,420.89999,401.64999,413.39999,54294.0
2005-10-25 09:15:00,NSE:ULTRACEMCO,420.0,420.0,406.5,409.04999,20907.0
2005-10-26 09:15:00,NSE:ULTRACEMCO,410.5,413.0,394.0,396.5,50678.0
2005-10-27 09:15:00,NSE:ULTRACEMCO,398.0,404.0,389.10001,392.04999,24858.0
2005-10-28 09:15:00,NSE:ULTRACEMCO,418.89999,418.89999,383.10001,386.45001,39518.0
2005-10-31 09:15:00,NSE:ULTRACEMCO,400.0,404.89999,388.0,399.85001,13188.0
2005-11-01 09:15:00,NSE:ULTRACEMCO,400.0,414.0,400.0,410.35001,8663.0
2005-11-02 09:15:00,NSE:ULTRACEMCO,408.0,415.89999,402.54999,411.04999,99090.0
2005-11-07 09:15:00,NSE:ULTRACEMCO,414.0,435.0,412.5,432.25,54422.0
2005-11-08 09:15:00,NSE:ULTRACEMCO,430.0,449.0,427.0,445.89999,69289.0
2005-11-09 09:15:00,NSE:ULTRACEMCO,444.5,455.0,431.39999,444.20001,40217.0
2005-11-10 09:15:00,NSE:ULTRACEMCO,448.89999,448.89999,441.0,444.14999,26842.0
2005-11-11 09:15:00,NSE:ULTRACEMCO,448.0,449.0,440.0,447.0,17760.0
2005-11-14 09:15:00,NSE:ULTRACEMCO,447.04999,454.0,440.5,444.95001,69332.0
2005-11-16 09:15:00,NSE:ULTRACEMCO,446.89999,455.0,431.20001,449.39999,85387.0
2005-11-17 09:15:00,NSE:ULTRACEMCO,448.0,459.0,440.0,457.54999,45263.0
2005-11-18 09:15:00,NSE:ULTRACEMCO,457.70001,468.25,453.10001,459.79999,172932.0
2005-11-21 09:15:00,NSE:ULTRACEMCO,464.70001,465.0,455.0,461.5,85257.0
2005-11-22 09:15:00,NSE:ULTRACEMCO,460.0,477.79999,455.25,469.85001,113602.0
2005-11-23 09:15:00,NSE:ULTRACEMCO,470.0,471.0,460.0,461.85001,19399.0
2005-11-24 09:15:00,NSE:ULTRACEMCO,467.89999,467.89999,450.0,451.29999,67242.0
2005-11-25 09:15:00,NSE:ULTRACEMCO,452.0,459.79999,450.5,455.04999,64799.0
2005-11-28 09:15:00,NSE:ULTRACEMCO,463.0,467.70001,458.20001,460.70001,29787.0
2005-11-29 09:15:00,NSE:ULTRACEMCO,460.10001,460.10001,450.0,451.79999,33443.0
2005-11-30 09:15:00,NSE:ULTRACEMCO,458.5,459.89999,450.0,450.20001,31225.0
2005-12-01 09:15:00,NSE:ULTRACEMCO,450.25,454.0,443.0,448.29999,70320.0
2005-12-02 09:15:00,NSE:ULTRACEMCO,455.0,464.20001,446.0,448.39999,134304.0
2005-12-05 09:15:00,NSE:ULTRACEMCO,455.10001,455.10001,435.0,436.85001,42284.0
2005-12-06 09:15:00,NSE:ULTRACEMCO,436.85001,440.0,430.14999,431.85001,29377.0
2005-12-07 09:15:00,NSE:ULTRACEMCO,444.0,444.0,423.0,424.95001,36747.0
2005-12-08 09:15:00,NSE:ULTRACEMCO,436.95001,439.0,416.04999,421.89999,55929.0
2005-12-09 09:15:00,NSE:ULTRACEMCO,423.29999,436.0,420.0,430.0,106030.0
2005-12-12 09:15:00,NSE:ULTRACEMCO,344.95001,437.5,344.95001,429.25,31875.0
2005-12-13 09:15:00,NSE:ULTRACEMCO,430.0,449.0,425.25,444.14999,93984.0
2005-12-14 09:15:00,NSE:ULTRACEMCO,444.10001,447.0,439.75,440.60001,50416.0
2005-12-15 09:15:00,NSE:ULTRACEMCO,442.0,447.95001,440.0,445.20001,79641.0
2005-12-16 09:15:00,NSE:ULTRACEMCO,444.5,459.0,440.0,454.75,87896.0
2005-12-19 09:15:00,NSE:ULTRACEMCO,451.04999,454.0,442.39999,444.0,25689.0
2005-12-20 09:15:00,NSE:ULTRACEMCO,443.0,460.0,441.85001,450.04999,99768.0
2005-12-21 09:15:00,NSE:ULTRACEMCO,448.20001,450.04999,441.95001,443.45001,28043.0
2005-12-22 09:15:00,NSE:ULTRACEMCO,446.0,446.0,437.04999,438.04999,38321.0
2005-12-23 09:15:00,NSE:ULTRACEMCO,440.0,443.70001,430.0,433.89999,213891.0
2005-12-26 09:15:00,NSE:ULTRACEMCO,421.0,434.0,415.0,424.10001,18529.0
2005-12-27 09:15:00,NSE:ULTRACEMCO,422.0,429.89999,421.0,428.35001,14875.0
2005-12-28 09:15:00,NSE:ULTRACEMCO,429.5,430.0,415.0,419.20001,55222.0
2005-12-29 09:15:00,NSE:ULTRACEMCO,425.0,429.0,420.10001,425.85001,13616.0
2005-12-30 09:15:00,NSE:ULTRACEMCO,425.0,435.0,423.04999,427.45001,64545.0
2006-01-02 09:15:00,NSE:ULTRACEMCO,432.0,434.95001,420.10001,421.95001,24729.0
2006-01-03 09:15:00,NSE:ULTRACEMCO,426.95001,449.89999,424.0,436.35001,107026.0
2006-01-04 09:15:00,NSE:ULTRACEMCO,449.0,449.0,435.0,440.45001,42557.0
2006-01-05 09:15:00,NSE:ULTRACEMCO,445.0,454.75,442.10001,448.04999,152208.0
2006-01-06 09:15:00,NSE:ULTRACEMCO,436.04999,472.0,436.04999,469.60001,192732.0
2006-01-09 09:15:00,NSE:ULTRACEMCO,470.0,487.0,466.04999,483.10001,144830.0
2006-01-10 09:15:00,NSE:ULTRACEMCO,487.0,489.0,470.39999,479.0,52814.0
2006-01-12 09:15:00,NSE:ULTRACEMCO,478.35001,489.0,450.0,480.5,71417.0
2006-01-13 09:15:00,NSE:ULTRACEMCO,482.0,506.0,482.0,501.5,123393.0
2006-01-16 09:15:00,NSE:ULTRACEMCO,496.0,505.0,487.0,495.20001,44387.0
2006-01-17 09:15:00,NSE:ULTRACEMCO,497.0,504.95001,494.10001,501.54999,60337.0
2006-01-18 09:15:00,NSE:ULTRACEMCO,496.0,500.0,482.0,498.35001,23835.0
2006-01-19 09:15:00,NSE:ULTRACEMCO,500.0,507.0,497.0,502.64999,31330.0
2006-01-20 09:15:00,NSE:ULTRACEMCO,504.0,515.0,504.0,511.04999,27903.0
2006-01-23 09:15:00,NSE:ULTRACEMCO,511.0,511.0,492.0,496.39999,42981.0
2006-01-24 09:15:00,NSE:ULTRACEMCO,500.0,515.0,496.0,511.54999,34535.0
2006-01-25 09:15:00,NSE:ULTRACEMCO,513.0,524.75,511.5,520.65002,44739.0
2006-01-27 09:15:00,NSE:ULTRACEMCO,522.0,530.0,516.09998,522.0,222017.0
2006-01-30 09:15:00,NSE:ULTRACEMCO,536.0,538.0,518.59998,525.84998,104842.0
2006-01-31 09:15:00,NSE:ULTRACEMCO,535.0,536.0,515.04999,518.20001,81791.0
2006-02-01 09:15:00,NSE:ULTRACEMCO,522.70001,539.0,501.10001,505.45001,106195.0
2006-02-02 09:15:00,NSE:ULTRACEMCO,514.0,526.95001,499.04999,506.20001,68620.0
2006-02-03 09:15:00,NSE:ULTRACEMCO,508.10001,549.0,508.0,537.20001,182924.0
2006-02-06 09:15:00,NSE:ULTRACEMCO,531.0,545.0,531.0,539.65002,35553.0
2006-02-07 09:15:00,NSE:ULTRACEMCO,538.0,548.95001,532.0,544.59998,45796.0
2006-02-08 09:15:00,NSE:ULTRACEMCO,548.0,561.84998,545.0,560.15002,90240.0
2006-02-10 09:15:00,NSE:ULTRACEMCO,562.90002,566.0,542.25,546.54999,32061.0
2006-02-13 09:15:00,NSE:ULTRACEMCO,550.0,561.0,546.5,557.95001,45029.0
2006-02-14 09:15:00,NSE:ULTRACEMCO,551.0,560.0,548.29999,551.84998,31468.0
2006-02-15 09:15:00,NSE:ULTRACEMCO,546.0,564.0,540.0,551.04999,43925.0
2006-02-16 09:15:00,NSE:ULTRACEMCO,554.90002,560.0,541.09998,544.95001,28935.0
2006-02-17 09:15:00,NSE:ULTRACEMCO,544.95001,555.0,539.0,541.75,134806.0
2006-02-20 09:15:00,NSE:ULTRACEMCO,543.0,550.0,530.0,535.15002,36730.0
2006-02-21 09:15:00,NSE:ULTRACEMCO,532.09998,545.5,532.09998,534.59998,20433.0
2006-02-22 09:15:00,NSE:ULTRACEMCO,535.54999,544.0,529.04999,538.75,39932.0
2006-02-23 09:15:00,NSE:ULTRACEMCO,540.0,545.0,529.0,531.15002,23470.0
2006-02-24 09:15:00,NSE:ULTRACEMCO,539.0,553.95001,531.0,549.40002,36888.0
2006-02-27 09:15:00,NSE:ULTRACEMCO,541.0,564.40002,540.0,558.20001,62356.0
2006-02-28 09:15:00,NSE:ULTRACEMCO,561.70001,566.0,546.0,561.45001,65154.0
2006-03-01 09:15:00,NSE:ULTRACEMCO,562.0,599.0,560.15002,585.20001,245582.0
2006-03-02 09:15:00,NSE:ULTRACEMCO,591.84998,596.90002,566.34998,575.29999,88457.0
2006-03-03 09:15:00,NSE:ULTRACEMCO,576.15002,588.0,573.0,579.54999,76135.0
2006-03-06 09:15:00,NSE:ULTRACEMCO,580.0,596.5,575.0,592.84998,113642.0
2006-03-07 09:15:00,NSE:ULTRACEMCO,590.0,609.90002,581.0,603.04999,116780.0
2006-03-08 09:15:00,NSE:ULTRACEMCO,608.0,614.90002,577.04999,583.09998,103747.0
2006-03-09 09:15:00,NSE:ULTRACEMCO,589.79999,608.79999,575.20001,602.29999,136883.0
2006-03-10 09:15:00,NSE:ULTRACEMCO,612.5,628.0,609.90002,619.65002,206865.0
2006-03-13 09:15:00,NSE:ULTRACEMCO,628.90002,628.90002,615.0,624.65002,93269.0
2006-03-14 09:15:00,NSE:ULTRACEMCO,610.0,633.0,610.0,617.04999,141653.0
2006-03-16 09:15:00,NSE:ULTRACEMCO,616.09998,630.0,605.0,620.79999,62778.0
2006-03-17 09:15:00,NSE:ULTRACEMCO,624.0,636.0,617.0,631.09998,89415.0
2006-03-20 09:15:00,NSE:ULTRACEMCO,626.09998,634.09998,618.04999,625.95001,32547.0
2006-03-21 09:15:00,NSE:ULTRACEMCO,627.0,647.09998,625.0,633.20001,128605.0
2006-03-22 09:15:00,NSE:ULTRACEMCO,630.04999,630.04999,615.20001,618.34998,78777.0
2006-03-23 09:15:00,NSE:ULTRACEMCO,623.95001,624.0,600.0,611.09998,24954.0
2006-03-24 09:15:00,NSE:ULTRACEMCO,625.65002,625.65002,613.0,615.5,22547.0
2006-03-27 09:15:00,NSE:ULTRACEMCO,625.79999,633.79999,615.0,624.54999,139776.0
2006-03-28 09:15:00,NSE:ULTRACEMCO,626.5,630.0,612.04999,622.59998,41463.0
2006-03-29 09:15:00,NSE:ULTRACEMCO,625.25,632.0,620.0,626.65002,31083.0
2006-03-30 09:15:00,NSE:ULTRACEMCO,630.0,678.90002,630.0,674.79999,126085.0
2006-03-31 09:15:00,NSE:ULTRACEMCO,680.0,689.79999,669.0,683.04999,39663.0
2006-04-03 09:15:00,NSE:ULTRACEMCO,690.0,703.5,685.0,698.09998,196401.0
2006-04-04 09:15:00,NSE:ULTRACEMCO,705.79999,715.90002,693.5,695.75,161514.0
2006-04-05 09:15:00,NSE:ULTRACEMCO,701.0,749.0,695.0,705.29999,61624.0
2006-04-07 09:15:00,NSE:ULTRACEMCO,712.90002,729.75,695.0,716.95001,164493.0
2006-04-10 09:15:00,NSE:ULTRACEMCO,724.0,744.0,722.0,735.79999,112678.0
2006-04-12 09:15:00,NSE:ULTRACEMCO,745.79999,800.0,722.0,731.59998,176883.0
2006-04-13 09:15:00,NSE:ULTRACEMCO,740.0,740.0,700.0,710.84998,93791.0
2006-04-17 09:15:00,NSE:ULTRACEMCO,729.45001,772.0,715.0,766.15002,95340.0
2006-04-18 09:15:00,NSE:ULTRACEMCO,768.0,790.09998,755.34998,770.04999,126493.0
2006-04-19 09:15:00,NSE:ULTRACEMCO,780.0,780.0,765.0,774.79999,116208.0
2006-04-20 09:15:00,NSE:ULTRACEMCO,787.0,801.09998,772.0,778.15002,78576.0
2006-04-21 09:15:00,NSE:ULTRACEMCO,781.0,820.0,775.0,795.75,84586.0
2006-04-24 09:15:00,NSE:ULTRACEMCO,815.0,860.5,801.09998,828.29999,225014.0
2006-04-25 09:15:00,NSE:ULTRACEMCO,835.0,838.79999,770.29999,783.90002,104955.0
2006-04-26 09:15:00,NSE:ULTRACEMCO,794.40002,862.29999,790.0,862.29999,277279.0
2006-04-27 09:15:00,NSE:ULTRACEMCO,865.25,889.0,815.5,828.65002,129653.0
2006-04-28 09:15:00,NSE:ULTRACEMCO,838.0,855.0,752.29999,776.45001,294514.0
2006-05-02 09:15:00,NSE:ULTRACEMCO,894.09998,900.0,810.0,837.09998,178701.0
2006-05-03 09:15:00,NSE:ULTRACEMCO,830.0,845.0,800.0,804.34998,179519.0
2006-05-04 09:15:00,NSE:ULTRACEMCO,829.90002,829.90002,785.0,786.84998,164534.0
2006-05-05 09:15:00,NSE:ULTRACEMCO,790.04999,802.0,755.29999,772.09998,195674.0
2006-05-08 09:15:00,NSE:ULTRACEMCO,787.95001,800.0,777.0,797.0,135625.0
2006-05-09 09:15:00,NSE:ULTRACEMCO,804.0,817.90002,786.0,805.75,151474.0
2006-05-10 09:15:00,NSE:ULTRACEMCO,810.0,815.0,762.09998,770.45001,172413.0
2006-05-11 09:15:00,NSE:ULTRACEMCO,785.90002,793.90002,745.0,756.15002,121878.0
2006-05-12 09:15:00,NSE:ULTRACEMCO,751.04999,767.0,712.20001,721.15002,245355.0
2006-05-15 09:15:00,NSE:ULTRACEMCO,730.0,752.0,660.0,682.25,251397.0
2006-05-16 09:15:00,NSE:ULTRACEMCO,714.84998,750.5,690.0,749.45001,203839.0
2006-05-17 09:15:00,NSE:ULTRACEMCO,768.0,775.40002,730.0,752.15002,128426.0
2006-05-18 09:15:00,NSE:ULTRACEMCO,731.04999,745.5,705.0,712.25,184738.0
2006-05-19 09:15:00,NSE:ULTRACEMCO,738.40002,747.0,675.0,687.45001,148502.0
2006-05-22 09:15:00,NSE:ULTRACEMCO,730.0,730.0,618.75,636.34998,110027.0
2006-05-23 09:15:00,NSE:ULTRACEMCO,640.0,675.0,601.25,662.90002,112836.0
2006-05-24 09:15:00,NSE:ULTRACEMCO,687.90002,690.0,648.5,664.54999,222134.0
2006-05-25 09:15:00,NSE:ULTRACEMCO,651.25,679.0,640.0,660.70001,69573.0
2006-05-26 09:15:00,NSE:ULTRACEMCO,680.0,698.0,664.09998,666.25,76978.0
2006-05-29 09:15:00,NSE:ULTRACEMCO,677.0,684.0,650.0,657.29999,30897.0
2006-05-30 09:15:00,NSE:ULTRACEMCO,650.0,660.0,613.0,627.09998,43279.0
2006-05-31 09:15:00,NSE:ULTRACEMCO,620.0,620.0,588.0,602.04999,65635.0
2006-06-01 09:15:00,NSE:ULTRACEMCO,610.09998,627.0,584.0,597.09998,132486.0
2006-06-02 09:15:00,NSE:ULTRACEMCO,600.0,634.70001,557.09998,628.45001,66135.0
2006-06-05 09:15:00,NSE:ULTRACEMCO,630.5,630.5,603.29999,621.09998,27893.0
2006-06-06 09:15:00,NSE:ULTRACEMCO,580.0,602.5,580.0,588.84998,49414.0
2006-06-07 09:15:00,NSE:ULTRACEMCO,561.0,592.20001,530.0,547.0,80707.0
2006-06-08 09:15:00,NSE:ULTRACEMCO,508.79999,543.0,495.0,538.45001,237656.0
2006-06-09 09:15:00,NSE:ULTRACEMCO,531.5,592.29999,523.34998,592.29999,108793.0
2006-06-12 09:15:00,NSE:ULTRACEMCO,592.29999,598.90002,562.0,579.40002,48806.0
2006-06-13 09:15:00,NSE:ULTRACEMCO,552.04999,584.0,550.09998,568.45001,133558.0
2006-06-14 09:15:00,NSE:ULTRACEMCO,572.0,619.40002,558.0,575.40002,282368.0
2006-06-15 09:15:00,NSE:ULTRACEMCO,603.0,632.95001,581.15002,632.75,160508.0
2006-06-16 09:15:00,NSE:ULTRACEMCO,670.0,687.20001,631.0,661.04999,75877.0
2006-06-19 09:15:00,NSE:ULTRACEMCO,626.0,697.20001,626.0,683.04999,92569.0
2006-06-20 09:15:00,NSE:ULTRACEMCO,665.0,700.0,665.0,686.70001,150524.0
2006-06-21 09:15:00,NSE:ULTRACEMCO,681.0,705.0,681.0,686.34998,68070.0
2006-06-22 09:15:00,NSE:ULTRACEMCO,699.90002,711.0,690.09998,698.84998,74165.0
2006-06-23 09:15:00,NSE:ULTRACEMCO,685.54999,718.0,682.0,713.40002,64744.0
2006-06-26 09:15:00,NSE:ULTRACEMCO,700.0,705.0,663.20001,679.25,28173.0
2006-06-27 09:15:00,NSE:ULTRACEMCO,681.0,694.95001,670.04999,689.20001,35157.0
2006-06-28 09:15:00,NSE:ULTRACEMCO,671.25,711.0,670.0,698.75,61307.0
2006-06-29 09:15:00,NSE:ULTRACEMCO,695.0,731.0,695.0,713.75,216452.0
2006-06-30 09:15:00,NSE:ULTRACEMCO,701.0,749.45001,701.0,747.70001,158556.0
2006-07-03 09:15:00,NSE:ULTRACEMCO,750.0,752.40002,718.0,728.70001,33111.0
2006-07-04 09:15:00,NSE:ULTRACEMCO,720.0,742.79999,713.0,734.45001,37301.0
2006-07-05 09:15:00,NSE:ULTRACEMCO,730.0,752.0,730.0,746.45001,81097.0
2006-07-06 09:15:00,NSE:ULTRACEMCO,736.0,742.5,715.5,717.45001,44561.0
2006-07-07 09:15:00,NSE:ULTRACEMCO,727.0,737.0,710.0,716.59998,32943.0
2006-07-10 09:15:00,NSE:ULTRACEMCO,725.0,728.45001,708.25,719.90002,19521.0
2006-07-11 09:15:00,NSE:ULTRACEMCO,724.0,743.95001,720.0,732.70001,24391.0
2006-07-12 09:15:00,NSE:ULTRACEMCO,730.0,754.40002,714.54999,749.29999,49070.0
2006-07-13 09:15:00,NSE:ULTRACEMCO,740.0,760.0,724.09998,731.0,44593.0
2006-07-14 09:15:00,NSE:ULTRACEMCO,731.0,731.65002,719.09998,726.54999,22898.0
2006-07-17 09:15:00,NSE:ULTRACEMCO,728.0,730.95001,697.0,698.79999,22837.0
2006-07-18 09:15:00,NSE:ULTRACEMCO,710.0,710.0,664.0,697.09998,56222.0
2006-07-19 09:15:00,NSE:ULTRACEMCO,702.0,710.0,662.25,662.25,23332.0
2006-07-20 09:15:00,NSE:ULTRACEMCO,685.0,685.0,655.79999,661.59998,19110.0
2006-07-21 09:15:00,NSE:ULTRACEMCO,647.0,659.0,628.54999,629.25,23707.0
2006-07-24 09:15:00,NSE:ULTRACEMCO,630.0,645.0,600.0,623.79999,26289.0
2006-07-25 09:15:00,NSE:ULTRACEMCO,639.70001,655.0,635.09998,655.0,19259.0
2006-07-26 09:15:00,NSE:ULTRACEMCO,687.75,687.75,687.75,687.75,6640.0
2006-07-27 09:15:00,NSE:ULTRACEMCO,722.15002,722.15002,715.0,722.15002,113729.0
2006-07-28 09:15:00,NSE:ULTRACEMCO,753.0,753.0,710.0,739.65002,110706.0
2006-07-31 09:15:00,NSE:ULTRACEMCO,745.0,746.40002,710.0,722.25,44397.0
2006-08-01 09:15:00,NSE:ULTRACEMCO,712.0,725.0,710.20001,718.40002,67375.0
2006-08-02 09:15:00,NSE:ULTRACEMCO,728.95001,728.95001,717.5,720.15002,21789.0
2006-08-03 09:15:00,NSE:ULTRACEMCO,727.90002,737.5,725.0,729.84998,59649.0
2006-08-04 09:15:00,NSE:ULTRACEMCO,730.0,739.0,725.54999,729.25,55220.0
2006-08-07 09:15:00,NSE:ULTRACEMCO,730.0,732.0,726.0,728.29999,32145.0
2006-08-08 09:15:00,NSE:ULTRACEMCO,710.40002,735.0,710.40002,729.90002,58935.0
2006-08-09 09:15:00,NSE:ULTRACEMCO,730.09998,735.0,729.0,732.84998,91899.0
2006-08-10 09:15:00,NSE:ULTRACEMCO,729.0,742.0,729.0,736.95001,29621.0
2006-08-11 09:15:00,NSE:ULTRACEMCO,748.0,765.0,740.25,752.15002,137080.0
2006-08-14 09:15:00,NSE:ULTRACEMCO,754.0,763.90002,752.04999,754.59998,25257.0
2006-08-16 09:15:00,NSE:ULTRACEMCO,740.0,780.0,740.0,775.5,104687.0
2006-08-17 09:15:00,NSE:ULTRACEMCO,781.0,781.0,766.0,775.90002,70689.0
2006-08-18 09:15:00,NSE:ULTRACEMCO,777.59998,781.40002,762.04999,776.65002,32560.0
2006-08-21 09:15:00,NSE:ULTRACEMCO,775.09998,777.0,745.25,775.34998,48648.0
2006-08-22 09:15:00,NSE:ULTRACEMCO,763.90002,778.0,763.90002,774.20001,27274.0
2006-08-23 09:15:00,NSE:ULTRACEMCO,774.0,780.0,751.0,765.90002,39603.0
2006-08-24 09:15:00,NSE:ULTRACEMCO,751.09998,769.75,730.04999,755.84998,40846.0
2006-08-25 09:15:00,NSE:ULTRACEMCO,768.0,776.0,752.0,756.84998,41444.0
2006-08-28 09:15:00,NSE:ULTRACEMCO,760.09998,764.0,740.25,749.29999,21943.0
2006-08-29 09:15:00,NSE:ULTRACEMCO,760.0,777.0,755.0,763.0,77826.0
2006-08-30 09:15:00,NSE:ULTRACEMCO,773.90002,773.90002,758.20001,760.09998,26600.0
2006-08-31 09:15:00,NSE:ULTRACEMCO,760.09998,775.0,760.09998,769.34998,54588.0
2006-09-01 09:15:00,NSE:ULTRACEMCO,765.0,781.40002,762.0,777.40002,49459.0
2006-09-04 09:15:00,NSE:ULTRACEMCO,777.40002,783.0,765.0,771.75,33128.0
2006-09-05 09:15:00,NSE:ULTRACEMCO,784.70001,797.0,783.0,789.45001,80872.0
2006-09-06 09:15:00,NSE:ULTRACEMCO,793.5,798.40002,786.0,793.20001,59462.0
2006-09-07 09:15:00,NSE:ULTRACEMCO,797.0,805.40002,792.0,798.20001,62456.0
2006-09-08 09:15:00,NSE:ULTRACEMCO,804.90002,809.0,797.04999,800.65002,50844.0
2006-09-11 09:15:00,NSE:ULTRACEMCO,804.79999,808.0,781.54999,793.34998,71771.0
2006-09-12 09:15:00,NSE:ULTRACEMCO,800.0,800.0,765.09998,781.25,37224.0
2006-09-13 09:15:00,NSE:ULTRACEMCO,796.0,796.0,780.25,784.59998,32791.0
2006-09-14 09:15:00,NSE:ULTRACEMCO,797.95001,834.0,797.95001,822.15002,201398.0
2006-09-15 09:15:00,NSE:ULTRACEMCO,814.0,859.0,800.0,849.95001,141427.0
2006-09-18 09:15:00,NSE:ULTRACEMCO,858.90002,876.0,849.09998,857.29999,146043.0
2006-09-19 09:15:00,NSE:ULTRACEMCO,856.0,860.0,829.0,840.20001,40794.0
2006-09-20 09:15:00,NSE:ULTRACEMCO,815.0,845.0,802.0,830.20001,22662.0
2006-09-21 09:15:00,NSE:ULTRACEMCO,840.0,847.0,826.09998,837.90002,23353.0
2006-09-22 09:15:00,NSE:ULTRACEMCO,839.0,872.0,831.15002,867.59998,62704.0
2006-09-25 09:15:00,NSE:ULTRACEMCO,878.0,885.0,854.0,875.75,61658.0
2006-09-26 09:15:00,NSE:ULTRACEMCO,884.90002,884.90002,852.0,856.54999,40024.0
2006-09-27 09:15:00,NSE:ULTRACEMCO,871.90002,890.0,861.25,885.04999,61663.0
2006-09-28 09:15:00,NSE:ULTRACEMCO,879.0,895.0,875.04999,890.0,42353.0
2006-09-29 09:15:00,NSE:ULTRACEMCO,877.0,922.0,876.0,892.75,41787.0
2006-10-03 09:15:00,NSE:ULTRACEMCO,899.40002,904.09998,864.0,869.75,35933.0
2006-10-04 09:15:00,NSE:ULTRACEMCO,873.0,890.0,860.04999,862.75,20165.0
2006-10-05 09:15:00,NSE:ULTRACEMCO,886.0,886.0,870.09998,878.40002,39684.0
2006-10-06 09:15:00,NSE:ULTRACEMCO,881.95001,889.0,865.0,881.54999,29818.0
2006-10-09 09:15:00,NSE:ULTRACEMCO,860.04999,893.70001,855.0,866.5,43517.0
2006-10-10 09:15:00,NSE:ULTRACEMCO,871.04999,894.0,871.04999,887.5,49518.0
2006-10-11 09:15:00,NSE:ULTRACEMCO,893.0,893.0,873.0,880.5,34233.0
2006-10-12 09:15:00,NSE:ULTRACEMCO,880.0,894.54999,879.95001,888.54999,46294.0
2006-10-13 09:15:00,NSE:ULTRACEMCO,895.0,910.0,892.0,905.75,78590.0
2006-10-16 09:15:00,NSE:ULTRACEMCO,911.0,940.0,875.0,886.25,282243.0
2006-10-17 09:15:00,NSE:ULTRACEMCO,894.65002,904.84998,875.0,895.0,123933.0
2006-10-18 09:15:00,NSE:ULTRACEMCO,876.0,898.45001,869.04999,874.5,49455.0
2006-10-19 09:15:00,NSE:ULTRACEMCO,875.04999,889.84998,860.0,864.79999,63269.0
2006-10-20 09:15:00,NSE:ULTRACEMCO,879.79999,894.0,870.54999,879.54999,75994.0
2006-10-23 09:15:00,NSE:ULTRACEMCO,881.65002,884.45001,865.0,866.40002,12548.0
2006-10-26 09:15:00,NSE:ULTRACEMCO,875.75,882.0,848.0,866.0,22717.0
2006-10-27 09:15:00,NSE:ULTRACEMCO,884.90002,884.90002,862.04999,869.0,28120.0
2006-10-30 09:15:00,NSE:ULTRACEMCO,885.0,891.79999,851.0,869.90002,34022.0
2006-10-31 09:15:00,NSE:ULTRACEMCO,884.79999,885.0,866.09998,882.75,33606.0
2006-11-02 09:15:00,NSE:ULTRACEMCO,880.54999,900.0,872.20001,879.34998,40863.0
2006-11-03 09:15:00,NSE:ULTRACEMCO,880.0,903.0,878.0,898.70001,84871.0
2006-11-06 09:15:00,NSE:ULTRACEMCO,905.0,909.75,886.0,901.0,51509.0
2006-11-07 09:15:00,NSE:ULTRACEMCO,913.0,914.0,896.0,899.95001,45489.0
2006-11-08 09:15:00,NSE:ULTRACEMCO,895.0,900.0,866.0,887.25,36333.0
2006-11-09 09:15:00,NSE:ULTRACEMCO,882.25,899.79999,874.0,894.59998,66464.0
2006-11-10 09:15:00,NSE:ULTRACEMCO,885.5,896.0,883.04999,894.0,28712.0
2006-11-13 09:15:00,NSE:ULTRACEMCO,876.5,901.0,876.5,897.04999,36064.0
2006-11-14 09:15:00,NSE:ULTRACEMCO,885.04999,914.90002,885.04999,907.29999,94976.0
2006-11-15 09:15:00,NSE:ULTRACEMCO,910.0,938.0,907.0,920.70001,127506.0
2006-11-16 09:15:00,NSE:ULTRACEMCO,908.25,908.25,908.25,908.25,86269.0
2006-11-17 09:15:00,NSE:ULTRACEMCO,918.70001,918.70001,875.0,882.45001,35932.0
2006-11-20 09:15:00,NSE:ULTRACEMCO,880.0,889.0,860.0,883.40002,55384.0
2006-11-21 09:15:00,NSE:ULTRACEMCO,886.0,911.0,886.0,896.0,26065.0
2006-11-22 09:15:00,NSE:ULTRACEMCO,906.0,910.79999,900.0,902.84998,20299.0
2006-11-23 09:15:00,NSE:ULTRACEMCO,920.0,920.0,876.09998,882.45001,41440.0
2006-11-24 09:15:00,NSE:ULTRACEMCO,887.95001,894.0,871.0,879.95001,69757.0
2006-11-27 09:15:00,NSE:ULTRACEMCO,880.0,894.65002,875.0,889.84998,32442.0
2006-11-28 09:15:00,NSE:ULTRACEMCO,890.0,897.95001,870.0,885.90002,28656.0
2006-11-29 09:15:00,NSE:ULTRACEMCO,894.0,904.5,880.0,895.34998,33775.0
2006-11-30 09:15:00,NSE:ULTRACEMCO,894.0,912.0,890.0,897.45001,41245.0
2006-12-01 09:15:00,NSE:ULTRACEMCO,906.90002,923.40002,890.0,915.95001,87105.0
2006-12-04 09:15:00,NSE:ULTRACEMCO,918.70001,944.0,918.70001,940.25,98121.0
2006-12-05 09:15:00,NSE:ULTRACEMCO,940.0,959.0,935.04999,946.75,76712.0
2006-12-06 09:15:00,NSE:ULTRACEMCO,953.04999,953.04999,953.04999,953.04999,150408.0
2006-12-07 09:15:00,NSE:ULTRACEMCO,956.95001,956.95001,956.95001,956.95001,17836.0
2006-12-08 09:15:00,NSE:ULTRACEMCO,975.0,975.0,935.09998,962.5,68315.0
2006-12-11 09:15:00,NSE:ULTRACEMCO,975.0,975.0,938.0,945.84998,72156.0
2006-12-12 09:15:00,NSE:ULTRACEMCO,942.0,953.0,915.0,935.79999,135453.0
2006-12-13 09:15:00,NSE:ULTRACEMCO,922.0,940.0,911.15002,923.15002,96131.0
2006-12-14 09:15:00,NSE:ULTRACEMCO,939.95001,999.0,925.0,992.79999,53862.0
2006-12-15 09:15:00,NSE:ULTRACEMCO,1004.7,1033.7,1000.0,1019.7,77580.0
2006-12-18 09:15:00,NSE:ULTRACEMCO,1029.0,1107.0,1010.1,1073.45,105455.0
2006-12-19 09:15:00,NSE:ULTRACEMCO,1070.0,1070.0,1000.0,1046.15,61516.0
2006-12-20 09:15:00,NSE:ULTRACEMCO,1058.7,1070.0,1005.25,1012.3,33415.0
2006-12-21 09:15:00,NSE:ULTRACEMCO,1014.0,1024.95,1005.0,1016.6,16666.0
2006-12-22 09:15:00,NSE:ULTRACEMCO,1016.6,1048.0,1013.0,1033.35,26412.0
2006-12-26 09:15:00,NSE:ULTRACEMCO,1050.0,1069.4,1041.0,1064.5,16686.0
2006-12-27 09:15:00,NSE:ULTRACEMCO,1064.95,1082.75,1060.0,1069.85,26989.0
2006-12-28 09:15:00,NSE:ULTRACEMCO,1061.85,1097.0,1061.85,1077.8,0.0
2006-12-29 09:15:00,NSE:ULTRACEMCO,1085.0,1153.0,1082.0,1099.65,129675.0
2007-01-02 09:15:00,NSE:ULTRACEMCO,1123.9,1138.0,1095.1,1130.0,65217.0
2007-01-03 09:15:00,NSE:ULTRACEMCO,1143.0,1143.0,1099.0,1105.2,49386.0
2007-01-04 09:15:00,NSE:ULTRACEMCO,1110.0,1119.0,1084.15,1108.4,58691.0
2007-01-05 09:15:00,NSE:ULTRACEMCO,1115.0,1132.9,1093.0,1119.05,53017.0
2007-01-08 09:15:00,NSE:ULTRACEMCO,1119.0,1119.0,1085.0,1091.75,22713.0
2007-01-09 09:15:00,NSE:ULTRACEMCO,1094.0,1110.0,1069.0,1077.9,24217.0
2007-01-10 09:15:00,NSE:ULTRACEMCO,1098.9,1098.9,1023.55,1035.25,53484.0
2007-01-11 09:15:00,NSE:ULTRACEMCO,1040.0,1072.8,1020.0,1063.2,74587.0
2007-01-12 09:15:00,NSE:ULTRACEMCO,1070.1,1099.0,1069.0,1073.25,44093.0
2007-01-15 09:15:00,NSE:ULTRACEMCO,1099.0,1128.0,1082.05,1118.45,70251.0
2007-01-16 09:15:00,NSE:ULTRACEMCO,1125.0,1155.0,1105.0,1145.8,96766.0
2007-01-17 09:15:00,NSE:ULTRACEMCO,1158.7,1185.05,1150.2,1165.15,135323.0
2007-01-18 09:15:00,NSE:ULTRACEMCO,1170.0,1200.0,1131.0,1148.5,193017.0
2007-01-19 09:15:00,NSE:ULTRACEMCO,1250.0,1250.0,1111.0,1135.15,106346.0
2007-01-22 09:15:00,NSE:ULTRACEMCO,1154.0,1154.0,1085.5,1117.7,149794.0
2007-01-23 09:15:00,NSE:ULTRACEMCO,1105.0,1105.0,1045.0,1059.7,110472.0
2007-01-24 09:15:00,NSE:ULTRACEMCO,1090.0,1090.0,1026.0,1039.9,55321.0
2007-01-25 09:15:00,NSE:ULTRACEMCO,1025.05,1065.0,1017.0,1033.4,137114.0
2007-01-29 09:15:00,NSE:ULTRACEMCO,1036.0,1040.0,1002.8,1014.95,32260.0
2007-01-31 09:15:00,NSE:ULTRACEMCO,1018.5,1018.5,985.0,995.15002,54983.0
2007-02-01 09:15:00,NSE:ULTRACEMCO,1000.0,1065.85,995.54999,1059.15,107740.0
2007-02-02 09:15:00,NSE:ULTRACEMCO,1085.0,1098.0,1065.05,1091.25,154332.0
2007-02-05 09:15:00,NSE:ULTRACEMCO,1050.0,1120.0,1050.0,1107.9,89285.0
2007-02-06 09:15:00,NSE:ULTRACEMCO,1122.5,1130.0,1091.1,1114.55,93597.0
2007-02-07 09:15:00,NSE:ULTRACEMCO,1122.95,1141.0,1100.0,1126.35,73842.0
2007-02-08 09:15:00,NSE:ULTRACEMCO,1134.0,1134.0,1102.0,1118.05,38724.0
2007-02-09 09:15:00,NSE:ULTRACEMCO,1111.0,1122.8,1057.1,1061.75,141186.0
2007-02-12 09:15:00,NSE:ULTRACEMCO,1097.95,1097.95,1010.0,1028.2,91403.0
2007-02-13 09:15:00,NSE:ULTRACEMCO,1030.0,1035.0,980.54999,990.75,53243.0
2007-02-14 09:15:00,NSE:ULTRACEMCO,990.75,990.75,925.04999,962.0,144987.0
2007-02-15 09:15:00,NSE:ULTRACEMCO,1000.0,1000.0,962.0,966.65002,87815.0
2007-02-19 09:15:00,NSE:ULTRACEMCO,970.0,985.0,956.25,964.34998,77827.0
2007-02-20 09:15:00,NSE:ULTRACEMCO,980.0,980.0,952.0,955.5,56400.0
2007-02-21 09:15:00,NSE:ULTRACEMCO,964.84998,970.0,953.5,957.70001,291646.0
2007-02-22 09:15:00,NSE:ULTRACEMCO,970.0,1000.0,937.45001,960.79999,231436.0
2007-02-23 09:15:00,NSE:ULTRACEMCO,926.0,951.34998,868.09998,896.40002,236201.0
2007-02-26 09:15:00,NSE:ULTRACEMCO,915.0,928.0,865.09998,906.95001,81706.0
2007-02-27 09:15:00,NSE:ULTRACEMCO,910.0,959.70001,908.0,946.90002,49241.0
2007-02-28 09:15:00,NSE:ULTRACEMCO,862.15002,923.0,805.0,888.04999,128157.0
2007-03-01 09:15:00,NSE:ULTRACEMCO,888.0,919.0,855.0,869.84998,96084.0
2007-03-02 09:15:00,NSE:ULTRACEMCO,880.0,906.95001,872.0,882.25,61566.0
2007-03-05 09:15:00,NSE:ULTRACEMCO,853.0,853.0,752.0,810.54999,271858.0
2007-03-06 09:15:00,NSE:ULTRACEMCO,835.0,849.0,795.0,819.65002,80118.0
2007-03-07 09:15:00,NSE:ULTRACEMCO,845.0,859.45001,762.0,793.15002,180657.0
2007-03-08 09:15:00,NSE:ULTRACEMCO,785.0,820.0,757.04999,816.70001,96740.0
2007-03-09 09:15:00,NSE:ULTRACEMCO,817.0,862.0,752.0,779.65002,332523.0
2007-03-12 09:15:00,NSE:ULTRACEMCO,778.25,815.90002,730.0,736.65002,122391.0
2007-03-13 09:15:00,NSE:ULTRACEMCO,736.0,793.0,714.0,759.95001,129028.0
2007-03-14 09:15:00,NSE:ULTRACEMCO,720.0,765.0,713.0,752.40002,0.0
2007-03-15 09:15:00,NSE:ULTRACEMCO,770.0,779.90002,756.0,763.45001,63783.0
2007-03-16 09:15:00,NSE:ULTRACEMCO,765.0,795.0,756.0,786.70001,47682.0
2007-03-19 09:15:00,NSE:ULTRACEMCO,794.0,794.0,771.04999,776.45001,30032.0
2007-03-20 09:15:00,NSE:ULTRACEMCO,790.0,811.45001,782.09998,798.04999,120635.0
2007-03-21 09:15:00,NSE:ULTRACEMCO,799.0,804.40002,775.0,778.79999,57587.0
2007-03-22 09:15:00,NSE:ULTRACEMCO,797.0,798.79999,763.0,784.25,137587.0
2007-03-23 09:15:00,NSE:ULTRACEMCO,770.0,810.0,770.0,790.70001,73957.0
2007-03-26 09:15:00,NSE:ULTRACEMCO,790.70001,797.0,770.0,772.20001,23826.0
2007-03-28 09:15:00,NSE:ULTRACEMCO,751.15002,779.90002,751.15002,760.70001,38370.0
2007-03-29 09:15:00,NSE:ULTRACEMCO,760.0,777.70001,750.0,759.15002,130867.0
2007-03-30 09:15:00,NSE:ULTRACEMCO,761.0,781.0,757.5,772.09998,32937.0
2007-04-02 09:15:00,NSE:ULTRACEMCO,740.15002,767.0,715.09998,720.25,23873.0
2007-04-03 09:15:00,NSE:ULTRACEMCO,713.59998,713.59998,713.59998,713.59998,0.0
2007-04-04 09:15:00,NSE:ULTRACEMCO,690.0,699.0,673.25,678.54999,134087.0
2007-04-05 09:15:00,NSE:ULTRACEMCO,670.04999,706.5,662.0,693.40002,275250.0
2007-04-09 09:15:00,NSE:ULTRACEMCO,708.0,744.95001,697.0,738.20001,162005.0
2007-04-10 09:15:00,NSE:ULTRACEMCO,746.0,751.90002,721.0,735.25,55444.0
2007-04-11 09:15:00,NSE:ULTRACEMCO,735.25,749.0,728.0,732.34998,41741.0
2007-04-12 09:15:00,NSE:ULTRACEMCO,730.0,734.84998,710.09998,720.54999,130337.0
2007-04-13 09:15:00,NSE:ULTRACEMCO,734.84998,757.90002,720.04999,748.79999,125181.0
2007-04-16 09:15:00,NSE:ULTRACEMCO,758.0,787.90002,755.0,778.40002,185694.0
2007-04-17 09:15:00,NSE:ULTRACEMCO,795.0,824.0,781.09998,798.40002,211462.0
2007-04-18 09:15:00,NSE:ULTRACEMCO,810.0,823.0,789.90002,795.04999,49490.0
2007-04-19 09:15:00,NSE:ULTRACEMCO,768.0,820.0,768.0,793.0,84333.0
2007-04-20 09:15:00,NSE:ULTRACEMCO,816.0,845.0,815.0,841.95001,111161.0
2007-04-23 09:15:00,NSE:ULTRACEMCO,864.5,864.5,805.20001,812.04999,143408.0
2007-04-24 09:15:00,NSE:ULTRACEMCO,791.0,829.5,785.0,819.84998,168772.0
2007-04-25 09:15:00,NSE:ULTRACEMCO,820.0,829.84998,805.0,811.5,92434.0
2007-04-26 09:15:00,NSE:ULTRACEMCO,812.0,828.04999,802.0,808.79999,249981.0
2007-04-27 09:15:00,NSE:ULTRACEMCO,808.79999,815.0,784.0,800.34998,118486.0
2007-04-30 09:15:00,NSE:ULTRACEMCO,804.90002,825.0,792.0,821.25,38631.0
2007-05-03 09:15:00,NSE:ULTRACEMCO,828.95001,847.84998,821.25,835.45001,63953.0
2007-05-04 09:15:00,NSE:ULTRACEMCO,854.90002,860.0,826.0,828.25,55385.0
2007-05-07 09:15:00,NSE:ULTRACEMCO,835.0,842.79999,810.15002,814.04999,28118.0
2007-05-08 09:15:00,NSE:ULTRACEMCO,814.04999,830.95001,814.0,817.79999,45042.0
2007-05-09 09:15:00,NSE:ULTRACEMCO,816.15002,825.0,806.09998,819.70001,19261.0
2007-05-10 09:15:00,NSE:ULTRACEMCO,820.0,826.0,800.0,802.20001,35689.0
2007-05-11 09:15:00,NSE:ULTRACEMCO,800.0,816.79999,786.20001,800.15002,41801.0
2007-05-14 09:15:00,NSE:ULTRACEMCO,814.0,830.0,801.25,820.20001,41079.0
2007-05-15 09:15:00,NSE:ULTRACEMCO,822.09998,837.0,801.0,808.0,71533.0
2007-05-16 09:15:00,NSE:ULTRACEMCO,809.0,818.0,800.0,806.20001,23534.0
2007-05-17 09:15:00,NSE:ULTRACEMCO,815.0,845.0,810.09998,834.90002,77755.0
2007-05-18 09:15:00,NSE:ULTRACEMCO,840.0,925.0,816.0,820.75,106028.0
2007-05-21 09:15:00,NSE:ULTRACEMCO,836.0,836.0,807.0,807.79999,37130.0
2007-05-22 09:15:00,NSE:ULTRACEMCO,825.0,825.0,799.04999,811.45001,92256.0
2007-05-23 09:15:00,NSE:ULTRACEMCO,824.0,824.0,801.09998,809.5,63279.0
2007-05-24 09:15:00,NSE:ULTRACEMCO,802.09998,817.0,802.0,810.20001,47764.0
2007-05-25 09:15:00,NSE:ULTRACEMCO,803.0,828.79999,793.5,824.40002,61873.0
2007-05-28 09:15:00,NSE:ULTRACEMCO,831.65002,844.0,812.40002,817.90002,37721.0
2007-05-29 09:15:00,NSE:ULTRACEMCO,825.5,831.0,807.0,826.95001,34703.0
2007-05-30 09:15:00,NSE:ULTRACEMCO,835.0,835.0,799.04999,805.79999,47633.0
2007-05-31 09:15:00,NSE:ULTRACEMCO,811.0,850.0,805.0,831.5,192987.0
2007-06-01 09:15:00,NSE:ULTRACEMCO,839.65002,845.0,825.0,835.59998,56311.0
2007-06-04 09:15:00,NSE:ULTRACEMCO,835.59998,859.90002,830.0,838.75,87778.0
2007-06-05 09:15:00,NSE:ULTRACEMCO,832.0,845.0,830.0,837.40002,30170.0
2007-06-06 09:15:00,NSE:ULTRACEMCO,840.0,845.0,811.0,820.34998,32321.0
2007-06-07 09:15:00,NSE:ULTRACEMCO,806.0,820.0,798.75,803.40002,71324.0
2007-06-08 09:15:00,NSE:ULTRACEMCO,791.09998,825.0,790.0,808.95001,80434.0
2007-06-11 09:15:00,NSE:ULTRACEMCO,816.90002,817.0,791.20001,801.95001,142018.0
2007-06-12 09:15:00,NSE:ULTRACEMCO,796.09998,807.5,786.25,795.54999,60988.0
2007-06-13 09:15:00,NSE:ULTRACEMCO,810.09998,810.09998,778.09998,789.34998,83937.0
2007-06-14 09:15:00,NSE:ULTRACEMCO,800.0,811.25,790.0,806.0,51221.0
2007-06-15 09:15:00,NSE:ULTRACEMCO,793.29999,816.45001,793.29999,806.54999,35772.0
2007-06-18 09:15:00,NSE:ULTRACEMCO,806.0,813.5,802.34998,805.65002,7921.0
2007-06-19 09:15:00,NSE:ULTRACEMCO,801.0,823.0,801.0,819.54999,20519.0
2007-06-20 09:15:00,NSE:ULTRACEMCO,821.15002,847.90002,821.15002,841.25,54096.0
2007-06-21 09:15:00,NSE:ULTRACEMCO,846.70001,846.70001,820.0,836.84998,29669.0
2007-06-22 09:15:00,NSE:ULTRACEMCO,826.0,836.0,820.09998,821.90002,49233.0
2007-06-25 09:15:00,NSE:ULTRACEMCO,823.0,825.0,811.09998,816.5,25984.0
2007-06-26 09:15:00,NSE:ULTRACEMCO,820.0,829.90002,812.04999,814.90002,29788.0
2007-06-27 09:15:00,NSE:ULTRACEMCO,824.70001,824.70001,809.95001,811.90002,13654.0
2007-06-28 09:15:00,NSE:ULTRACEMCO,829.79999,876.15002,820.04999,870.40002,351007.0
2007-06-29 09:15:00,NSE:ULTRACEMCO,887.20001,916.90002,880.0,900.40002,145446.0
2007-07-02 09:15:00,NSE:ULTRACEMCO,900.0,907.0,880.0,883.45001,45395.0
2007-07-03 09:15:00,NSE:ULTRACEMCO,899.0,899.45001,882.09998,886.79999,49816.0
2007-07-04 09:15:00,NSE:ULTRACEMCO,897.0,960.90002,887.0,938.45001,376500.0
2007-07-05 09:15:00,NSE:ULTRACEMCO,938.0,938.0,876.0,902.34998,181860.0
2007-07-06 09:15:00,NSE:ULTRACEMCO,900.0,929.29999,895.0,905.40002,156406.0
2007-07-09 09:15:00,NSE:ULTRACEMCO,908.0,916.90002,885.0,890.95001,65757.0
2007-07-10 09:15:00,NSE:ULTRACEMCO,899.0,899.0,878.04999,883.70001,57120.0
2007-07-11 09:15:00,NSE:ULTRACEMCO,875.0,911.0,875.0,899.09998,120700.0
2007-07-12 09:15:00,NSE:ULTRACEMCO,909.0,915.0,881.5,902.90002,48214.0
2007-07-13 09:15:00,NSE:ULTRACEMCO,913.95001,940.0,898.5,927.65002,233617.0
2007-07-16 09:15:00,NSE:ULTRACEMCO,935.0,975.09998,935.0,965.75,214502.0
2007-07-17 09:15:00,NSE:ULTRACEMCO,970.0,991.0,955.0,960.70001,102922.0
2007-07-18 09:15:00,NSE:ULTRACEMCO,958.0,968.0,937.15002,957.84998,147199.0
2007-07-19 09:15:00,NSE:ULTRACEMCO,963.0,984.0,961.0,967.04999,78272.0
2007-07-20 09:15:00,NSE:ULTRACEMCO,980.0,1004.5,967.0,988.5,386046.0
2007-07-23 09:15:00,NSE:ULTRACEMCO,990.0,999.0,971.59998,993.95001,170031.0
2007-07-24 09:15:00,NSE:ULTRACEMCO,1000.0,1003.0,963.5,969.45001,124454.0
2007-07-25 09:15:00,NSE:ULTRACEMCO,965.0,965.0,910.0,921.65002,118230.0
2007-07-26 09:15:00,NSE:ULTRACEMCO,922.04999,938.0,902.59998,927.45001,83896.0
2007-07-27 09:15:00,NSE:ULTRACEMCO,900.0,919.75,866.0,875.45001,76976.0
2007-07-30 09:15:00,NSE:ULTRACEMCO,875.45001,909.29999,852.5,893.75,47424.0
2007-07-31 09:15:00,NSE:ULTRACEMCO,909.0,938.5,900.0,933.40002,66311.0
2007-08-01 09:15:00,NSE:ULTRACEMCO,920.0,925.0,891.0,903.79999,37771.0
2007-08-02 09:15:00,NSE:ULTRACEMCO,905.0,930.0,895.0,899.09998,37145.0
2007-08-03 09:15:00,NSE:ULTRACEMCO,918.0,925.0,903.0,910.5,21379.0
2007-08-06 09:15:00,NSE:ULTRACEMCO,904.0,904.0,879.04999,890.59998,61958.0
2007-08-07 09:15:00,NSE:ULTRACEMCO,904.0,910.0,880.04999,891.0,11224.0
2007-08-08 09:15:00,NSE:ULTRACEMCO,906.0,912.0,892.0,897.79999,68096.0
2007-08-09 09:15:00,NSE:ULTRACEMCO,908.0,950.0,884.0,887.45001,25708.0
2007-08-10 09:15:00,NSE:ULTRACEMCO,875.0,890.0,860.09998,882.70001,10438.0
2007-08-13 09:15:00,NSE:ULTRACEMCO,895.0,931.0,883.09998,905.34998,45523.0
2007-08-14 09:15:00,NSE:ULTRACEMCO,910.0,918.0,880.0,905.75,72600.0
2007-08-16 09:15:00,NSE:ULTRACEMCO,875.0,910.0,861.0,871.29999,73454.0
2007-08-17 09:15:00,NSE:ULTRACEMCO,872.09998,889.90002,862.0,874.40002,97349.0
2007-08-20 09:15:00,NSE:ULTRACEMCO,890.0,896.0,862.5,872.09998,292960.0
2007-08-21 09:15:00,NSE:ULTRACEMCO,870.0,876.95001,846.0,854.84998,166515.0
2007-08-22 09:15:00,NSE:ULTRACEMCO,815.25,874.95001,815.25,852.84998,266439.0
2007-08-23 09:15:00,NSE:ULTRACEMCO,874.40002,890.0,850.04999,866.84998,262397.0
2007-08-24 09:15:00,NSE:ULTRACEMCO,864.0,882.0,854.95001,876.34998,28820.0
2007-08-27 09:15:00,NSE:ULTRACEMCO,890.0,909.0,880.09998,905.40002,19568.0
2007-08-28 09:15:00,NSE:ULTRACEMCO,910.09998,919.0,905.0,910.04999,67787.0
2007-08-29 09:15:00,NSE:ULTRACEMCO,830.25,925.0,830.25,919.34998,65728.0
2007-08-30 09:15:00,NSE:ULTRACEMCO,920.0,949.84998,914.0,925.15002,141138.0
2007-08-31 09:15:00,NSE:ULTRACEMCO,930.0,936.0,920.04999,921.95001,5038.0
2007-09-03 09:15:00,NSE:ULTRACEMCO,925.0,952.0,920.0,948.84998,91529.0
2007-09-04 09:15:00,NSE:ULTRACEMCO,948.0,993.0,948.0,979.34998,45480.0
2007-09-05 09:15:00,NSE:ULTRACEMCO,997.0,999.0,970.09998,979.54999,151676.0
2007-09-06 09:15:00,NSE:ULTRACEMCO,979.0,1010.0,972.0,1004.75,101878.0
2007-09-07 09:15:00,NSE:ULTRACEMCO,1010.0,1010.0,990.0,997.5,71203.0
2007-09-10 09:15:00,NSE:ULTRACEMCO,990.0,1004.0,981.09998,985.25,31321.0
2007-09-11 09:15:00,NSE:ULTRACEMCO,993.0,996.0,968.04999,975.90002,33070.0
2007-09-12 09:15:00,NSE:ULTRACEMCO,982.0,993.0,974.09998,987.25,37061.0
2007-09-13 09:15:00,NSE:ULTRACEMCO,995.0,1019.25,985.09998,998.20001,69973.0
2007-09-14 09:15:00,NSE:ULTRACEMCO,1009.0,1014.9,967.5,974.54999,50849.0
2007-09-17 09:15:00,NSE:ULTRACEMCO,982.25,999.0,972.0,977.40002,14906.0
2007-09-18 09:15:00,NSE:ULTRACEMCO,975.0,988.5,967.04999,982.34998,13472.0
2007-09-19 09:15:00,NSE:ULTRACEMCO,996.0,1010.0,990.04999,1000.25,148745.0
2007-09-20 09:15:00,NSE:ULTRACEMCO,1010.0,1020.0,999.0,1014.4,76721.0
2007-09-21 09:15:00,NSE:ULTRACEMCO,1014.4,1055.0,1014.4,1050.7,127410.0
2007-09-24 09:15:00,NSE:ULTRACEMCO,1057.0,1072.0,1032.25,1055.25,78969.0
2007-09-25 09:15:00,NSE:ULTRACEMCO,1050.0,1069.0,1035.0,1058.5,75647.0
2007-09-26 09:15:00,NSE:ULTRACEMCO,1054.15,1089.4,1053.0,1084.2,70559.0
2007-09-27 09:15:00,NSE:ULTRACEMCO,1095.0,1095.4,1020.4,1033.95,187153.0
2007-09-28 09:15:00,NSE:ULTRACEMCO,1046.0,1065.0,1040.0,1047.3,79796.0
2007-10-01 09:15:00,NSE:ULTRACEMCO,1050.0,1065.0,1026.0,1058.25,58416.0
2007-10-03 09:15:00,NSE:ULTRACEMCO,1078.0,1119.0,1037.05,1107.6,115674.0
2007-10-04 09:15:00,NSE:ULTRACEMCO,1094.0,1114.75,1061.0,1094.0,87254.0
2007-10-05 09:15:00,NSE:ULTRACEMCO,1096.25,1117.9,1076.0,1085.75,23769.0
2007-10-08 09:15:00,NSE:ULTRACEMCO,1075.0,1087.95,1018.0,1037.2,26048.0
2007-10-09 09:15:00,NSE:ULTRACEMCO,1025.0,1064.9,1013.05,1062.15,29151.0
2007-10-10 09:15:00,NSE:ULTRACEMCO,1072.0,1096.0,1046.0,1086.9,62811.0
2007-10-11 09:15:00,NSE:ULTRACEMCO,1070.0,1120.0,1070.0,1095.7,60966.0
2007-10-12 09:15:00,NSE:ULTRACEMCO,1100.0,1147.0,1070.0,1118.9,113237.0
2007-10-15 09:15:00,NSE:ULTRACEMCO,1051.65,1165.0,1051.65,1143.95,43439.0
2007-10-16 09:15:00,NSE:ULTRACEMCO,1149.0,1149.0,1105.0,1119.5,21909.0
2007-10-17 09:15:00,NSE:ULTRACEMCO,1120.0,1139.9,968.34998,1131.05,33724.0
2007-10-18 09:15:00,NSE:ULTRACEMCO,1087.55,1150.0,1011.55,1058.25,21660.0
2007-10-19 09:15:00,NSE:ULTRACEMCO,1109.95,1109.95,996.59998,1006.15,74912.0
2007-10-22 09:15:00,NSE:ULTRACEMCO,955.15002,1035.0,955.04999,1024.4,33580.0
2007-10-23 09:15:00,NSE:ULTRACEMCO,1089.95,1097.95,1019.0,1023.6,38145.0
2007-10-24 09:15:00,NSE:ULTRACEMCO,1049.0,1060.0,999.90002,1015.95,175798.0
2007-10-25 09:15:00,NSE:ULTRACEMCO,1015.95,1031.0,965.0,988.70001,265406.0
2007-10-26 09:15:00,NSE:ULTRACEMCO,999.65002,1019.0,980.04999,1011.1,74687.0
2007-10-29 09:15:00,NSE:ULTRACEMCO,1030.0,1050.0,1020.0,1030.3,65122.0
2007-10-30 09:15:00,NSE:ULTRACEMCO,1030.3,1050.0,994.79999,997.84998,276198.0
2007-10-31 09:15:00,NSE:ULTRACEMCO,1023.0,1023.0,980.0,997.20001,309796.0
2007-11-01 09:15:00,NSE:ULTRACEMCO,1003.0,1013.0,978.04999,988.84998,94881.0
2007-11-02 09:15:00,NSE:ULTRACEMCO,966.5,982.0,966.0,974.59998,34734.0
2007-11-05 09:15:00,NSE:ULTRACEMCO,995.0,999.75,970.0,975.70001,224237.0
2007-11-06 09:15:00,NSE:ULTRACEMCO,990.79999,990.79999,970.0,976.0,22405.0
2007-11-07 09:15:00,NSE:ULTRACEMCO,997.0,1000.0,965.0,981.0,37535.0
2007-11-08 09:15:00,NSE:ULTRACEMCO,993.0,993.0,968.5,978.15002,230810.0
2007-11-09 09:15:00,NSE:ULTRACEMCO,976.0,999.0,965.0,971.09998,1883.0
2007-11-12 09:15:00,NSE:ULTRACEMCO,975.0,987.0,925.54999,955.90002,130296.0
2007-11-13 09:15:00,NSE:ULTRACEMCO,967.0,999.0,940.20001,983.70001,18259.0
2007-11-14 09:15:00,NSE:ULTRACEMCO,990.0,1059.0,990.0,1033.3,95985.0
2007-11-15 09:15:00,NSE:ULTRACEMCO,1050.0,1058.85,980.0,1010.05,54592.0
2007-11-16 09:15:00,NSE:ULTRACEMCO,996.90002,1025.0,993.0,1004.45,107163.0
2007-11-19 09:15:00,NSE:ULTRACEMCO,1008.0,1050.0,1008.0,1039.0,106792.0
2007-11-20 09:15:00,NSE:ULTRACEMCO,1049.0,1065.5,1030.0,1041.9,89561.0
2007-11-21 09:15:00,NSE:ULTRACEMCO,1035.0,1040.0,983.0,993.29999,104662.0
2007-11-22 09:15:00,NSE:ULTRACEMCO,1020.0,1020.0,980.0,987.25,82763.0
2007-11-23 09:15:00,NSE:ULTRACEMCO,1010.0,1010.0,981.09998,988.75,17273.0
2007-11-26 09:15:00,NSE:ULTRACEMCO,1018.0,1022.2,993.0,1013.75,39913.0
2007-11-27 09:15:00,NSE:ULTRACEMCO,980.59998,1020.0,968.59998,1000.65,39501.0
2007-11-28 09:15:00,NSE:ULTRACEMCO,1010.1,1018.0,980.0,989.09998,94410.0
2007-11-29 09:15:00,NSE:ULTRACEMCO,1008.0,1019.0,970.54999,976.84998,82677.0
2007-11-30 09:15:00,NSE:ULTRACEMCO,981.29999,1014.0,975.0,984.25,244401.0
2007-12-03 09:15:00,NSE:ULTRACEMCO,1000.0,1010.0,994.5,999.15002,18063.0
2007-12-04 09:15:00,NSE:ULTRACEMCO,1004.9,1005.0,981.0,999.0,52912.0
2007-12-05 09:15:00,NSE:ULTRACEMCO,1001.0,1002.95,986.0,990.54999,42044.0
2007-12-06 09:15:00,NSE:ULTRACEMCO,1000.0,1000.0,972.0,980.15002,30574.0
2007-12-07 09:15:00,NSE:ULTRACEMCO,980.15002,997.95001,960.0,978.95001,61942.0
2007-12-10 09:15:00,NSE:ULTRACEMCO,983.5,1001.0,967.25,995.54999,43392.0
2007-12-11 09:15:00,NSE:ULTRACEMCO,1000.0,1015.0,991.0,997.45001,33113.0
2007-12-12 09:15:00,NSE:ULTRACEMCO,973.25,1009.0,973.25,994.90002,26466.0
2007-12-13 09:15:00,NSE:ULTRACEMCO,995.0,1000.0,980.0,986.15002,23800.0
2007-12-14 09:15:00,NSE:ULTRACEMCO,988.09998,1035.0,983.20001,1024.1,48993.0
2007-12-17 09:15:00,NSE:ULTRACEMCO,1024.0,1045.0,970.0,987.65002,227077.0
2007-12-18 09:15:00,NSE:ULTRACEMCO,960.04999,1010.0,960.04999,982.65002,46915.0
2007-12-19 09:15:00,NSE:ULTRACEMCO,1000.0,1009.0,970.0,983.75,21398.0
2007-12-20 09:15:00,NSE:ULTRACEMCO,994.0,1101.8,967.0,968.70001,25455.0
2007-12-24 09:15:00,NSE:ULTRACEMCO,993.90002,993.90002,968.0,969.95001,11118.0
2007-12-26 09:15:00,NSE:ULTRACEMCO,988.0,988.0,961.04999,966.70001,51463.0
2007-12-27 09:15:00,NSE:ULTRACEMCO,972.0,996.0,965.0,985.34998,479376.0
2007-12-28 09:15:00,NSE:ULTRACEMCO,979.95001,996.79999,975.0,979.84998,303711.0
2007-12-31 09:15:00,NSE:ULTRACEMCO,980.0,1030.0,975.0,1013.5,344342.0
2008-01-01 09:15:00,NSE:ULTRACEMCO,1020.0,1028.0,985.20001,992.09998,32522.0
2008-01-02 09:15:00,NSE:ULTRACEMCO,1002.0,1020.0,980.25,992.75,91538.0
2008-01-03 09:15:00,NSE:ULTRACEMCO,985.09998,1005.5,984.0,987.0,23762.0
2008-01-04 09:15:00,NSE:ULTRACEMCO,980.0,1000.0,971.04999,977.29999,57422.0
2008-01-07 09:15:00,NSE:ULTRACEMCO,961.0,994.90002,960.0,988.45001,48616.0
2008-01-08 09:15:00,NSE:ULTRACEMCO,986.0,996.84998,960.0,971.5,18391.0
2008-01-09 09:15:00,NSE:ULTRACEMCO,970.0,974.0,953.09998,959.75,57853.0
2008-01-10 09:15:00,NSE:ULTRACEMCO,965.0,970.0,912.0,925.04999,39125.0
2008-01-11 09:15:00,NSE:ULTRACEMCO,950.0,950.0,899.0,908.54999,71673.0
2008-01-14 09:15:00,NSE:ULTRACEMCO,900.04999,948.0,900.04999,936.59998,313138.0
2008-01-15 09:15:00,NSE:ULTRACEMCO,940.0,955.0,905.09998,916.25,90812.0
2008-01-16 09:15:00,NSE:ULTRACEMCO,855.0,914.0,855.0,874.70001,76376.0
2008-01-17 09:15:00,NSE:ULTRACEMCO,878.0,909.84998,863.0,891.65002,72626.0
2008-01-18 09:15:00,NSE:ULTRACEMCO,875.0,914.70001,865.0,880.65002,144166.0
2008-01-21 09:15:00,NSE:ULTRACEMCO,860.0,890.0,706.65002,800.75,162034.0
2008-01-22 09:15:00,NSE:ULTRACEMCO,785.0,860.0,721.0,754.79999,77946.0
2008-01-23 09:15:00,NSE:ULTRACEMCO,840.0,900.0,740.0,820.15002,122373.0
2008-01-24 09:15:00,NSE:ULTRACEMCO,822.0,849.65002,790.0,793.59998,53542.0
2008-01-25 09:15:00,NSE:ULTRACEMCO,800.0,915.25,800.0,872.45001,24715.0
2008-01-28 09:15:00,NSE:ULTRACEMCO,900.0,915.0,850.0,897.5,24252.0
2008-01-29 09:15:00,NSE:ULTRACEMCO,905.0,912.0,865.09998,870.45001,12130.0
2008-01-30 09:15:00,NSE:ULTRACEMCO,885.0,885.0,857.20001,879.79999,40067.0
2008-01-31 09:15:00,NSE:ULTRACEMCO,870.0,897.0,835.0,873.45001,379974.0
2008-02-01 09:15:00,NSE:ULTRACEMCO,863.45001,884.0,850.0,879.75,72335.0
2008-02-04 09:15:00,NSE:ULTRACEMCO,889.90002,907.0,876.0,895.54999,87825.0
2008-02-05 09:15:00,NSE:ULTRACEMCO,891.90002,909.0,890.0,895.29999,107799.0
2008-02-06 09:15:00,NSE:ULTRACEMCO,870.0,890.0,852.0,864.90002,55928.0
2008-02-07 09:15:00,NSE:ULTRACEMCO,864.90002,880.0,854.0,855.0,92124.0
2008-02-08 09:15:00,NSE:ULTRACEMCO,870.0,870.0,830.0,853.84998,53597.0
2008-02-11 09:15:00,NSE:ULTRACEMCO,830.0,850.0,782.5,805.09998,58247.0
2008-02-12 09:15:00,NSE:ULTRACEMCO,807.0,829.0,728.59998,807.59998,103432.0
2008-02-13 09:15:00,NSE:ULTRACEMCO,829.0,829.0,805.29999,812.65002,10338.0
2008-02-14 09:15:00,NSE:ULTRACEMCO,847.84998,884.95001,793.5,866.59998,52401.0
2008-02-15 09:15:00,NSE:ULTRACEMCO,865.0,920.0,850.0,901.65002,31971.0
2008-02-18 09:15:00,NSE:ULTRACEMCO,900.0,910.0,890.0,891.04999,19176.0
2008-02-19 09:15:00,NSE:ULTRACEMCO,890.15002,912.0,887.54999,900.04999,29097.0
2008-02-20 09:15:00,NSE:ULTRACEMCO,887.0,915.0,880.0,880.84998,16931.0
2008-02-21 09:15:00,NSE:ULTRACEMCO,891.0,900.0,880.0,890.20001,10285.0
2008-02-22 09:15:00,NSE:ULTRACEMCO,880.0,899.95001,880.0,892.04999,9438.0
2008-02-25 09:15:00,NSE:ULTRACEMCO,924.0,924.0,870.70001,901.65002,60799.0
2008-02-26 09:15:00,NSE:ULTRACEMCO,885.0,917.40002,885.0,912.0,145224.0
2008-02-27 09:15:00,NSE:ULTRACEMCO,917.0,925.15002,901.09998,914.04999,202368.0
2008-02-28 09:15:00,NSE:ULTRACEMCO,905.0,913.0,870.04999,891.04999,84433.0
2008-02-29 09:15:00,NSE:ULTRACEMCO,891.25,920.0,866.09998,904.5,45921.0
2008-03-03 09:15:00,NSE:ULTRACEMCO,892.0,899.90002,850.0,868.25,28687.0
2008-03-04 09:15:00,NSE:ULTRACEMCO,861.0,892.0,860.09998,886.59998,51444.0
2008-03-05 09:15:00,NSE:ULTRACEMCO,856.0,993.0,856.0,875.54999,21373.0
2008-03-07 09:15:00,NSE:ULTRACEMCO,809.0,880.0,809.0,846.15002,28480.0
2008-03-10 09:15:00,NSE:ULTRACEMCO,822.04999,861.59998,815.20001,850.79999,73250.0
2008-03-11 09:15:00,NSE:ULTRACEMCO,849.0,910.0,835.0,902.54999,123164.0
2008-03-12 09:15:00,NSE:ULTRACEMCO,905.0,925.0,877.0,893.25,28991.0
2008-03-13 09:15:00,NSE:ULTRACEMCO,860.0,884.90002,810.25,843.04999,16289.0
2008-03-14 09:15:00,NSE:ULTRACEMCO,854.90002,862.0,830.0,849.45001,14965.0
2008-03-17 09:15:00,NSE:ULTRACEMCO,820.0,843.95001,808.0,822.0,49639.0
2008-03-18 09:15:00,NSE:ULTRACEMCO,801.0,850.0,756.5,801.04999,38529.0
2008-03-19 09:15:00,NSE:ULTRACEMCO,840.0,850.0,769.0,781.15002,142457.0
2008-03-24 09:15:00,NSE:ULTRACEMCO,785.0,810.0,760.0,773.5,48257.0
2008-03-25 09:15:00,NSE:ULTRACEMCO,755.04999,799.0,755.04999,777.25,99632.0
2008-03-26 09:15:00,NSE:ULTRACEMCO,780.0,799.0,772.0,777.95001,47413.0
2008-03-27 09:15:00,NSE:ULTRACEMCO,778.09998,790.0,751.54999,768.75,336176.0
2008-03-28 09:15:00,NSE:ULTRACEMCO,782.0,797.0,752.25,784.79999,54014.0
2008-03-31 09:15:00,NSE:ULTRACEMCO,775.0,789.90002,761.0,784.54999,59001.0
2008-04-01 09:15:00,NSE:ULTRACEMCO,794.95001,794.95001,762.0,767.84998,19750.0
2008-04-02 09:15:00,NSE:ULTRACEMCO,789.90002,849.95001,777.0,804.09998,108914.0
2008-04-03 09:15:00,NSE:ULTRACEMCO,810.0,820.0,790.0,810.59998,114827.0
2008-04-04 09:15:00,NSE:ULTRACEMCO,807.0,811.90002,797.0,805.84998,34244.0
2008-04-07 09:15:00,NSE:ULTRACEMCO,797.0,813.0,797.0,800.65002,7561.0
2008-04-08 09:15:00,NSE:ULTRACEMCO,799.0,799.0,780.20001,794.25,6429.0
2008-04-09 09:15:00,NSE:ULTRACEMCO,786.0,833.45001,786.0,813.54999,22005.0
2008-04-10 09:15:00,NSE:ULTRACEMCO,813.90002,825.0,800.0,802.34998,9094.0
2008-04-11 09:15:00,NSE:ULTRACEMCO,814.79999,814.79999,780.5,797.84998,21230.0
2008-04-15 09:15:00,NSE:ULTRACEMCO,780.0,800.0,775.0,789.34998,11009.0
2008-04-16 09:15:00,NSE:ULTRACEMCO,790.0,805.0,774.04999,787.15002,31501.0
2008-04-17 09:15:00,NSE:ULTRACEMCO,795.0,795.0,772.0,785.09998,74170.0
2008-04-21 09:15:00,NSE:ULTRACEMCO,794.0,795.0,756.09998,770.04999,154513.0
2008-04-22 09:15:00,NSE:ULTRACEMCO,788.79999,842.5,770.0,827.09998,419221.0
2008-04-23 09:15:00,NSE:ULTRACEMCO,840.0,840.0,800.0,819.0,203234.0
2008-04-24 09:15:00,NSE:ULTRACEMCO,802.09998,819.79999,785.95001,793.0,54939.0
2008-04-25 09:15:00,NSE:ULTRACEMCO,806.0,806.0,778.0,782.75,21553.0
2008-04-28 09:15:00,NSE:ULTRACEMCO,781.09998,785.0,775.0,777.54999,10219.0
2008-04-29 09:15:00,NSE:ULTRACEMCO,765.15002,799.79999,765.15002,781.04999,12122.0
2008-04-30 09:15:00,NSE:ULTRACEMCO,799.79999,799.79999,755.34998,762.95001,25472.0
2008-05-02 09:15:00,NSE:ULTRACEMCO,775.0,775.0,755.0,757.40002,21747.0
2008-05-05 09:15:00,NSE:ULTRACEMCO,769.90002,769.90002,755.0,757.65002,33241.0
2008-05-06 09:15:00,NSE:ULTRACEMCO,761.0,761.0,750.0,758.15002,33271.0
2008-05-07 09:15:00,NSE:ULTRACEMCO,761.5,761.5,740.0,742.45001,28150.0
2008-05-08 09:15:00,NSE:ULTRACEMCO,730.0,738.0,715.04999,717.84998,69973.0
2008-05-09 09:15:00,NSE:ULTRACEMCO,710.0,714.79999,688.0,691.59998,40952.0
2008-05-12 09:15:00,NSE:ULTRACEMCO,682.0,695.0,658.04999,664.0,39346.0
2008-05-13 09:15:00,NSE:ULTRACEMCO,669.0,675.04999,665.0,665.20001,41662.0
2008-05-14 09:15:00,NSE:ULTRACEMCO,663.0,673.75,656.0,665.90002,16714.0
2008-05-15 09:15:00,NSE:ULTRACEMCO,665.90002,709.75,664.84998,701.09998,58505.0
2008-05-16 09:15:00,NSE:ULTRACEMCO,710.0,710.0,686.09998,692.95001,14870.0
2008-05-20 09:15:00,NSE:ULTRACEMCO,703.0,722.0,677.0,699.40002,43753.0
2008-05-21 09:15:00,NSE:ULTRACEMCO,702.0,705.0,686.15002,694.40002,15331.0
2008-05-22 09:15:00,NSE:ULTRACEMCO,693.0,698.65002,675.09998,681.45001,35367.0
2008-05-23 09:15:00,NSE:ULTRACEMCO,697.20001,697.20001,665.0,665.70001,23203.0
2008-05-26 09:15:00,NSE:ULTRACEMCO,661.0,667.0,628.0,637.59998,20911.0
2008-05-27 09:15:00,NSE:ULTRACEMCO,632.0,642.0,628.15002,636.5,231484.0
2008-05-28 09:15:00,NSE:ULTRACEMCO,651.0,664.0,645.0,655.04999,50891.0
2008-05-29 09:15:00,NSE:ULTRACEMCO,672.34998,673.0,640.0,641.75,129264.0
2008-05-30 09:15:00,NSE:ULTRACEMCO,641.04999,659.0,640.0,649.54999,31808.0
2008-06-02 09:15:00,NSE:ULTRACEMCO,646.0,652.15002,634.0,639.90002,14306.0
2008-06-03 09:15:00,NSE:ULTRACEMCO,618.25,652.0,618.25,643.84998,219163.0
2008-06-04 09:15:00,NSE:ULTRACEMCO,645.0,650.0,526.84998,625.65002,57594.0
2008-06-05 09:15:00,NSE:ULTRACEMCO,632.0,635.0,608.90002,620.75,109624.0
2008-06-06 09:15:00,NSE:ULTRACEMCO,626.29999,658.90002,621.09998,640.5,48756.0
2008-06-09 09:15:00,NSE:ULTRACEMCO,638.90002,638.90002,603.04999,621.45001,19845.0
2008-06-10 09:15:00,NSE:ULTRACEMCO,629.0,629.0,605.29999,613.09998,22056.0
2008-06-11 09:15:00,NSE:ULTRACEMCO,606.95001,689.40002,606.95001,641.0,7357.0
2008-06-12 09:15:00,NSE:ULTRACEMCO,622.0,644.70001,610.25,640.15002,23909.0
2008-06-13 09:15:00,NSE:ULTRACEMCO,631.25,650.0,625.25,638.15002,7130.0
2008-06-16 09:15:00,NSE:ULTRACEMCO,638.15002,649.79999,611.0,618.90002,30857.0
2008-06-17 09:15:00,NSE:ULTRACEMCO,620.0,632.95001,611.25,630.45001,18812.0
2008-06-18 09:15:00,NSE:ULTRACEMCO,624.0,657.0,624.0,632.25,42704.0
2008-06-19 09:15:00,NSE:ULTRACEMCO,627.0,646.0,623.0,627.79999,21389.0
2008-06-20 09:15:00,NSE:ULTRACEMCO,629.0,636.5,590.04999,592.54999,59930.0
2008-06-23 09:15:00,NSE:ULTRACEMCO,589.90002,598.75,570.5,574.65002,132546.0
2008-06-24 09:15:00,NSE:ULTRACEMCO,569.0,578.0,555.0,561.84998,107207.0
2008-06-25 09:15:00,NSE:ULTRACEMCO,553.45001,573.75,540.04999,570.59998,46200.0
2008-06-26 09:15:00,NSE:ULTRACEMCO,578.0,599.84998,571.0,590.79999,136541.0
2008-06-27 09:15:00,NSE:ULTRACEMCO,580.0,580.0,555.0,568.90002,51108.0
2008-06-30 09:15:00,NSE:ULTRACEMCO,550.0,569.0,535.15002,545.45001,64760.0
2008-07-01 09:15:00,NSE:ULTRACEMCO,545.0,545.0,515.04999,522.20001,63111.0
2008-07-02 09:15:00,NSE:ULTRACEMCO,519.29999,542.95001,517.0,538.45001,17688.0
2008-07-03 09:15:00,NSE:ULTRACEMCO,535.0,574.0,512.09998,531.5,21313.0
2008-07-04 09:15:00,NSE:ULTRACEMCO,532.0,539.95001,530.0,537.59998,6468.0
2008-07-07 09:15:00,NSE:ULTRACEMCO,537.5,570.0,533.09998,553.29999,10065.0
2008-07-08 09:15:00,NSE:ULTRACEMCO,545.0,559.95001,533.70001,555.20001,20105.0
2008-07-09 09:15:00,NSE:ULTRACEMCO,559.95001,570.0,558.0,565.95001,12088.0
2008-07-10 09:15:00,NSE:ULTRACEMCO,562.0,562.0,550.34998,552.04999,14607.0
2008-07-11 09:15:00,NSE:ULTRACEMCO,555.0,562.0,535.04999,552.09998,15593.0
2008-07-14 09:15:00,NSE:ULTRACEMCO,558.70001,558.70001,540.20001,542.0,4791.0
2008-07-15 09:15:00,NSE:ULTRACEMCO,536.04999,540.5,524.0,529.54999,23030.0
2008-07-16 09:15:00,NSE:ULTRACEMCO,530.0,537.5,528.0,530.70001,13219.0
2008-07-17 09:15:00,NSE:ULTRACEMCO,536.0,539.70001,516.04999,519.40002,22460.0
2008-07-18 09:15:00,NSE:ULTRACEMCO,525.0,547.0,518.04999,539.5,55219.0
2008-07-21 09:15:00,NSE:ULTRACEMCO,540.0,540.0,530.25,538.5,80279.0
2008-07-22 09:15:00,NSE:ULTRACEMCO,543.90002,564.75,530.09998,540.34998,11450.0
2008-07-23 09:15:00,NSE:ULTRACEMCO,563.0,590.0,545.0,572.34998,40703.0
2008-07-24 09:15:00,NSE:ULTRACEMCO,643.59998,643.59998,536.0,542.95001,39656.0
2008-07-25 09:15:00,NSE:ULTRACEMCO,536.0,554.79999,529.0,550.90002,13596.0
2008-07-28 09:15:00,NSE:ULTRACEMCO,552.0,564.90002,550.0,562.04999,8573.0
2008-07-29 09:15:00,NSE:ULTRACEMCO,545.25,564.90002,540.0,544.20001,18451.0
2008-07-30 09:15:00,NSE:ULTRACEMCO,546.0,565.0,546.0,559.20001,18359.0
2008-07-31 09:15:00,NSE:ULTRACEMCO,557.0,590.0,551.0,577.04999,506890.0
2008-08-01 09:15:00,NSE:ULTRACEMCO,574.0,574.0,550.15002,566.54999,24828.0
2008-08-04 09:15:00,NSE:ULTRACEMCO,567.0,579.0,561.0,573.59998,25941.0
2008-08-05 09:15:00,NSE:ULTRACEMCO,578.70001,616.90002,571.79999,612.15002,144996.0
2008-08-06 09:15:00,NSE:ULTRACEMCO,614.5,636.0,614.5,632.70001,42992.0
2008-08-07 09:15:00,NSE:ULTRACEMCO,631.90002,646.0,621.40002,635.45001,49241.0
2008-08-08 09:15:00,NSE:ULTRACEMCO,556.29999,638.0,556.29999,634.54999,62579.0
2008-08-11 09:15:00,NSE:ULTRACEMCO,631.0,645.0,630.0,639.70001,11843.0
2008-08-12 09:15:00,NSE:ULTRACEMCO,644.0,644.0,625.25,636.20001,7870.0
2008-08-13 09:15:00,NSE:ULTRACEMCO,630.0,639.75,625.09998,635.70001,23298.0
2008-08-14 09:15:00,NSE:ULTRACEMCO,639.0,639.84998,606.15002,619.29999,45820.0
2008-08-18 09:15:00,NSE:ULTRACEMCO,630.0,630.0,606.15002,613.59998,15025.0
2008-08-19 09:15:00,NSE:ULTRACEMCO,610.0,616.5,590.0,611.59998,21222.0
2008-08-20 09:15:00,NSE:ULTRACEMCO,605.0,620.0,598.0,606.34998,210188.0
2008-08-21 09:15:00,NSE:ULTRACEMCO,600.0,611.90002,585.0,591.84998,27907.0
2008-08-22 09:15:00,NSE:ULTRACEMCO,592.09998,609.90002,580.0,586.45001,5364.0
2008-08-25 09:15:00,NSE:ULTRACEMCO,590.20001,608.0,585.09998,592.65002,176704.0
2008-08-26 09:15:00,NSE:ULTRACEMCO,593.0,594.95001,580.0,591.54999,4947.0
2008-08-27 09:15:00,NSE:ULTRACEMCO,599.84998,610.0,591.54999,597.20001,423356.0
2008-08-28 09:15:00,NSE:ULTRACEMCO,582.59998,602.0,578.0,585.34998,359063.0
2008-08-29 09:15:00,NSE:ULTRACEMCO,598.0,608.90002,583.0,591.04999,69653.0
2008-09-01 09:15:00,NSE:ULTRACEMCO,585.0,608.75,580.70001,598.90002,26564.0
2008-09-02 09:15:00,NSE:ULTRACEMCO,590.09998,613.0,590.09998,610.95001,10675.0
2008-09-04 09:15:00,NSE:ULTRACEMCO,605.0,615.04999,595.15002,604.40002,32053.0
2008-09-05 09:15:00,NSE:ULTRACEMCO,604.5,604.5,587.0,588.45001,28790.0
2008-09-08 09:15:00,NSE:ULTRACEMCO,610.0,610.0,576.25,582.0,55189.0
2008-09-09 09:15:00,NSE:ULTRACEMCO,584.90002,592.79999,582.0,582.65002,3958.0
2008-09-10 09:15:00,NSE:ULTRACEMCO,590.0,595.0,583.0,590.90002,31894.0
2008-09-11 09:15:00,NSE:ULTRACEMCO,585.0,593.70001,583.20001,586.65002,10024.0
2008-09-15 09:15:00,NSE:ULTRACEMCO,599.90002,635.0,530.15002,542.5,10550.0
2008-09-16 09:15:00,NSE:ULTRACEMCO,512.0,560.0,493.64999,541.54999,21574.0
2008-09-17 09:15:00,NSE:ULTRACEMCO,535.04999,549.70001,528.04999,530.84998,20397.0
2008-09-18 09:15:00,NSE:ULTRACEMCO,528.90002,545.0,505.04999,536.0,51101.0
2008-09-19 09:15:00,NSE:ULTRACEMCO,534.04999,573.0,534.04999,563.54999,40327.0
2008-09-22 09:15:00,NSE:ULTRACEMCO,560.0,570.0,545.04999,559.20001,29998.0
2008-09-23 09:15:00,NSE:ULTRACEMCO,559.95001,570.0,554.5,567.70001,15054.0
2008-09-24 09:15:00,NSE:ULTRACEMCO,575.0,580.0,547.20001,551.65002,32558.0
2008-09-25 09:15:00,NSE:ULTRACEMCO,550.04999,569.0,531.34998,550.65002,122489.0
2008-09-26 09:15:00,NSE:ULTRACEMCO,535.0,550.0,535.0,544.95001,76673.0
2008-09-29 09:15:00,NSE:ULTRACEMCO,540.0,554.90002,501.60001,515.20001,43793.0
2008-09-30 09:15:00,NSE:ULTRACEMCO,500.20001,539.0,500.20001,528.75,44568.0
2008-10-01 09:15:00,NSE:ULTRACEMCO,520.0,531.95001,512.20001,520.75,46512.0
2008-10-03 09:15:00,NSE:ULTRACEMCO,524.95001,528.04999,512.04999,516.59998,174189.0
2008-10-06 09:15:00,NSE:ULTRACEMCO,499.0,500.0,460.54999,475.75,85087.0
2008-10-07 09:15:00,NSE:ULTRACEMCO,480.0,483.75,442.0,460.04999,68944.0
2008-10-08 09:15:00,NSE:ULTRACEMCO,455.0,550.0,380.5,490.95001,41239.0
2008-10-10 09:15:00,NSE:ULTRACEMCO,441.89999,528.0,440.0,447.45001,150387.0
2008-10-13 09:15:00,NSE:ULTRACEMCO,447.45001,472.0,447.45001,453.14999,32203.0
2008-10-14 09:15:00,NSE:ULTRACEMCO,466.89999,466.89999,436.70001,442.85001,41897.0
2008-10-15 09:15:00,NSE:ULTRACEMCO,437.95001,440.0,421.0,425.85001,18217.0
2008-10-16 09:15:00,NSE:ULTRACEMCO,419.79999,420.0,380.0,394.64999,19732.0
2008-10-17 09:15:00,NSE:ULTRACEMCO,400.04999,430.0,360.54999,374.04999,18200.0
2008-10-20 09:15:00,NSE:ULTRACEMCO,372.0,390.0,362.04999,365.60001,10863.0
2008-10-21 09:15:00,NSE:ULTRACEMCO,370.0,381.95001,361.95001,373.85001,21586.0
2008-10-22 09:15:00,NSE:ULTRACEMCO,366.35001,371.79999,350.0,351.5,36513.0
2008-10-23 09:15:00,NSE:ULTRACEMCO,351.0,355.0,321.54999,349.85001,230936.0
2008-10-24 09:15:00,NSE:ULTRACEMCO,341.14999,358.0,325.0,333.25,200089.0
2008-10-27 09:15:00,NSE:ULTRACEMCO,337.0,344.89999,290.54999,324.54999,133725.0
2008-10-28 09:15:00,NSE:ULTRACEMCO,330.0,358.0,330.0,347.5,2165.0
2008-10-29 09:15:00,NSE:ULTRACEMCO,374.0,374.0,325.20001,337.95001,587533.0
2008-10-31 09:15:00,NSE:ULTRACEMCO,359.95001,360.0,340.39999,355.04999,48035.0
2008-11-03 09:15:00,NSE:ULTRACEMCO,360.0,387.70001,350.0,355.54999,44586.0
2008-11-04 09:15:00,NSE:ULTRACEMCO,355.0,379.39999,350.0,373.25,32235.0
2008-11-05 09:15:00,NSE:ULTRACEMCO,399.0,399.0,350.54999,357.5,19843.0
2008-11-06 09:15:00,NSE:ULTRACEMCO,354.39999,354.39999,337.14999,345.70001,17705.0
2008-11-07 09:15:00,NSE:ULTRACEMCO,330.0,355.89999,328.0,349.60001,35686.0
2008-11-10 09:15:00,NSE:ULTRACEMCO,372.85001,372.85001,342.5,350.14999,325592.0
2008-11-11 09:15:00,NSE:ULTRACEMCO,350.0,357.79999,343.0,348.64999,8939.0
2008-11-12 09:15:00,NSE:ULTRACEMCO,344.0,352.70001,326.04999,344.35001,39944.0
2008-11-14 09:15:00,NSE:ULTRACEMCO,350.0,350.0,315.20001,322.89999,31212.0
2008-11-17 09:15:00,NSE:ULTRACEMCO,320.0,333.0,308.0,326.0,29976.0
2008-11-18 09:15:00,NSE:ULTRACEMCO,320.10001,327.95001,313.0,324.04999,40821.0
2008-11-19 09:15:00,NSE:ULTRACEMCO,320.0,326.75,305.04999,310.29999,43095.0
2008-11-20 09:15:00,NSE:ULTRACEMCO,300.0,325.0,280.60001,315.70001,106167.0
2008-11-21 09:15:00,NSE:ULTRACEMCO,310.0,310.0,285.0,289.95001,71473.0
2008-11-24 09:15:00,NSE:ULTRACEMCO,292.0,292.0,259.0,265.45001,860289.0
2008-11-25 09:15:00,NSE:ULTRACEMCO,294.45001,294.45001,245.25,258.89999,1017336.0
2008-11-26 09:15:00,NSE:ULTRACEMCO,260.0,285.0,256.0,280.20001,229919.0
2008-11-28 09:15:00,NSE:ULTRACEMCO,277.70001,278.75,262.10001,269.0,107668.0
2008-12-01 09:15:00,NSE:ULTRACEMCO,270.0,274.85001,266.29999,270.45001,28231.0
2008-12-02 09:15:00,NSE:ULTRACEMCO,264.0,266.0,260.0,264.60001,24032.0
2008-12-03 09:15:00,NSE:ULTRACEMCO,262.0,280.0,260.0,276.5,282358.0
2008-12-04 09:15:00,NSE:ULTRACEMCO,276.04999,299.5,275.14999,280.0,52418.0
2008-12-05 09:15:00,NSE:ULTRACEMCO,275.0,290.10001,275.0,289.95001,113815.0
2008-12-08 09:15:00,NSE:ULTRACEMCO,299.39999,304.79999,290.0,299.14999,166377.0
2008-12-10 09:15:00,NSE:ULTRACEMCO,299.14999,341.39999,296.64999,328.39999,799845.0
2008-12-11 09:15:00,NSE:ULTRACEMCO,328.0,353.0,322.04999,341.14999,277893.0
2008-12-12 09:15:00,NSE:ULTRACEMCO,330.0,354.0,329.04999,340.04999,173889.0
2008-12-15 09:15:00,NSE:ULTRACEMCO,345.0,362.0,338.0,347.39999,139981.0
2008-12-16 09:15:00,NSE:ULTRACEMCO,346.5,379.0,340.10001,369.89999,103024.0
2008-12-17 09:15:00,NSE:ULTRACEMCO,374.0,385.89999,362.10001,367.35001,112457.0
2008-12-18 09:15:00,NSE:ULTRACEMCO,357.0,382.39999,350.0,358.89999,89719.0
2008-12-19 09:15:00,NSE:ULTRACEMCO,359.89999,370.95001,354.20001,360.14999,84275.0
2008-12-22 09:15:00,NSE:ULTRACEMCO,374.79999,430.0,354.0,359.75,74525.0
2008-12-23 09:15:00,NSE:ULTRACEMCO,361.10001,374.0,348.0,358.45001,37808.0
2008-12-24 09:15:00,NSE:ULTRACEMCO,365.0,379.75,324.39999,358.25,196890.0
2008-12-26 09:15:00,NSE:ULTRACEMCO,380.0,380.0,360.0,360.79999,15266.0
2008-12-29 09:15:00,NSE:ULTRACEMCO,357.29999,378.0,353.29999,373.75,10929.0
2008-12-30 09:15:00,NSE:ULTRACEMCO,377.35001,385.25,370.0,383.29999,44493.0
2008-12-31 09:15:00,NSE:ULTRACEMCO,389.75,397.0,382.0,385.5,20658.0
2009-01-01 09:15:00,NSE:ULTRACEMCO,390.0,398.0,387.0,395.5,7357.0
2009-01-02 09:15:00,NSE:ULTRACEMCO,393.0,415.0,380.0,386.29999,27526.0
2009-01-05 09:15:00,NSE:ULTRACEMCO,395.0,403.0,380.0,384.85001,151682.0
2009-01-06 09:15:00,NSE:ULTRACEMCO,374.35001,434.79999,374.35001,429.20001,104725.0
2009-01-07 09:15:00,NSE:ULTRACEMCO,431.75,438.0,390.10001,409.39999,191934.0
2009-01-09 09:15:00,NSE:ULTRACEMCO,393.0,409.10001,385.0,396.75,21875.0
2009-01-12 09:15:00,NSE:ULTRACEMCO,396.0,399.5,375.20001,379.35001,10162.0
2009-01-13 09:15:00,NSE:ULTRACEMCO,372.0,375.0,365.0,365.14999,139981.0
2009-01-14 09:15:00,NSE:ULTRACEMCO,374.0,376.95001,352.70001,359.54999,55060.0
2009-01-15 09:15:00,NSE:ULTRACEMCO,345.0,362.0,341.25,358.79999,28469.0
2009-01-16 09:15:00,NSE:ULTRACEMCO,374.0,376.95001,351.0,370.64999,274541.0
2009-01-19 09:15:00,NSE:ULTRACEMCO,375.0,403.89999,360.25,380.70001,383538.0
2009-01-20 09:15:00,NSE:ULTRACEMCO,381.0,394.79999,371.10001,388.95001,102021.0
2009-01-21 09:15:00,NSE:ULTRACEMCO,388.0,395.79999,381.10001,389.70001,100172.0
2009-01-22 09:15:00,NSE:ULTRACEMCO,397.0,405.0,375.29999,388.89999,35398.0
2009-01-23 09:15:00,NSE:ULTRACEMCO,390.04999,399.0,383.25,395.79999,26258.0
2009-01-27 09:15:00,NSE:ULTRACEMCO,391.0,405.0,385.20001,391.0,272174.0
2009-01-28 09:15:00,NSE:ULTRACEMCO,394.0,418.0,387.0,412.14999,29708.0
2009-01-29 09:15:00,NSE:ULTRACEMCO,416.0,431.0,401.20001,415.20001,231205.0
2009-01-30 09:15:00,NSE:ULTRACEMCO,393.0,419.0,391.0,395.95001,48360.0
2009-02-02 09:15:00,NSE:ULTRACEMCO,394.0,409.0,387.0,388.45001,17658.0
2009-02-03 09:15:00,NSE:ULTRACEMCO,393.5,417.0,391.10001,412.95001,59712.0
2009-02-04 09:15:00,NSE:ULTRACEMCO,420.0,420.0,406.14999,412.79999,19430.0
2009-02-05 09:15:00,NSE:ULTRACEMCO,402.5,414.75,383.89999,412.10001,28756.0
2009-02-06 09:15:00,NSE:ULTRACEMCO,415.29999,420.0,412.14999,416.04999,17100.0
2009-02-09 09:15:00,NSE:ULTRACEMCO,418.14999,422.0,410.20001,413.04999,13112.0
2009-02-10 09:15:00,NSE:ULTRACEMCO,413.04999,420.0,410.10001,418.89999,188736.0
2009-02-11 09:15:00,NSE:ULTRACEMCO,418.0,422.89999,410.0,420.60001,17827.0
2009-02-12 09:15:00,NSE:ULTRACEMCO,423.0,423.0,409.0,412.04999,39805.0
2009-02-13 09:15:00,NSE:ULTRACEMCO,419.75,427.95001,413.10001,420.70001,42314.0
2009-02-16 09:15:00,NSE:ULTRACEMCO,420.70001,436.89999,417.5,422.35001,37872.0
2009-02-17 09:15:00,NSE:ULTRACEMCO,419.0,422.95001,405.25,409.85001,51762.0
2009-02-18 09:15:00,NSE:ULTRACEMCO,384.25,429.0,384.25,420.20001,45041.0
2009-02-19 09:15:00,NSE:ULTRACEMCO,422.5,426.95001,407.70001,419.14999,33581.0
2009-02-20 09:15:00,NSE:ULTRACEMCO,415.0,421.5,410.04999,416.95001,20485.0
2009-02-24 09:15:00,NSE:ULTRACEMCO,408.0,429.70001,408.0,424.14999,43710.0
2009-02-25 09:15:00,NSE:ULTRACEMCO,439.0,449.79999,427.10001,440.64999,63502.0
2009-02-26 09:15:00,NSE:ULTRACEMCO,458.0,483.0,440.10001,476.0,580163.0
2009-02-27 09:15:00,NSE:ULTRACEMCO,477.0,488.0,455.0,470.10001,148244.0
2009-03-02 09:15:00,NSE:ULTRACEMCO,456.0,463.89999,450.14999,452.04999,73126.0
2009-03-03 09:15:00,NSE:ULTRACEMCO,480.0,480.0,443.04999,457.95001,51772.0
2009-03-04 09:15:00,NSE:ULTRACEMCO,471.0,487.0,443.5,475.29999,138978.0
2009-03-05 09:15:00,NSE:ULTRACEMCO,499.0,499.0,470.5,477.39999,104111.0
2009-03-06 09:15:00,NSE:ULTRACEMCO,520.0,520.0,466.0,497.5,101678.0
2009-03-09 09:15:00,NSE:ULTRACEMCO,520.0,520.0,463.0,467.54999,80500.0
2009-03-12 09:15:00,NSE:ULTRACEMCO,479.45001,479.45001,449.10001,454.60001,63997.0
2009-03-13 09:15:00,NSE:ULTRACEMCO,465.0,474.0,456.29999,471.0,50776.0
2009-03-16 09:15:00,NSE:ULTRACEMCO,452.0,487.0,452.0,482.5,34667.0
2009-03-17 09:15:00,NSE:ULTRACEMCO,494.89999,494.89999,468.0,478.39999,143572.0
2009-03-18 09:15:00,NSE:ULTRACEMCO,488.0,488.0,462.0,464.25,18325.0
2009-03-19 09:15:00,NSE:ULTRACEMCO,473.79999,480.0,456.0,473.10001,23689.0
2009-03-20 09:15:00,NSE:ULTRACEMCO,482.95001,482.95001,457.10001,471.64999,53036.0
2009-03-23 09:15:00,NSE:ULTRACEMCO,480.0,523.79999,472.14999,509.85001,72807.0
2009-03-24 09:15:00,NSE:ULTRACEMCO,523.90002,540.0,488.0,512.45001,73871.0
2009-03-25 09:15:00,NSE:ULTRACEMCO,517.5,534.84998,496.0,512.75,63739.0
2009-03-26 09:15:00,NSE:ULTRACEMCO,513.0,525.0,507.0,519.95001,235113.0
2009-03-27 09:15:00,NSE:ULTRACEMCO,520.0,538.0,516.09998,529.20001,70672.0
2009-03-30 09:15:00,NSE:ULTRACEMCO,526.0,544.5,513.40002,530.95001,100138.0
2009-03-31 09:15:00,NSE:ULTRACEMCO,520.09998,562.45001,520.0,551.34998,116125.0
2009-04-01 09:15:00,NSE:ULTRACEMCO,555.0,555.0,527.09998,535.20001,45084.0
2009-04-02 09:15:00,NSE:ULTRACEMCO,550.0,555.0,537.04999,549.15002,107285.0
2009-04-06 09:15:00,NSE:ULTRACEMCO,555.0,567.0,532.0,537.95001,34993.0
2009-04-08 09:15:00,NSE:ULTRACEMCO,530.0,545.90002,516.04999,542.25,27759.0
2009-04-09 09:15:00,NSE:ULTRACEMCO,532.0,549.90002,523.0,529.40002,22238.0
2009-04-13 09:15:00,NSE:ULTRACEMCO,529.40002,543.0,529.40002,533.84998,31874.0
2009-04-15 09:15:00,NSE:ULTRACEMCO,535.0,564.0,530.0,561.20001,182887.0
2009-04-16 09:15:00,NSE:ULTRACEMCO,575.0,589.0,540.34998,546.54999,64419.0
2009-04-17 09:15:00,NSE:ULTRACEMCO,555.0,585.0,541.04999,566.04999,68477.0
2009-04-20 09:15:00,NSE:ULTRACEMCO,570.0,580.0,562.0,571.59998,42898.0
2009-04-21 09:15:00,NSE:ULTRACEMCO,554.0,589.79999,554.0,566.5,74938.0
2009-04-22 09:15:00,NSE:ULTRACEMCO,566.0,579.0,558.0,567.15002,74978.0
2009-04-23 09:15:00,NSE:ULTRACEMCO,563.09998,576.0,553.0,560.09998,93724.0
2009-04-24 09:15:00,NSE:ULTRACEMCO,575.79999,578.79999,565.0,568.5,33513.0
2009-04-27 09:15:00,NSE:ULTRACEMCO,574.0,591.0,563.34998,570.54999,74997.0
2009-04-28 09:15:00,NSE:ULTRACEMCO,580.15002,580.15002,556.0,572.54999,33782.0
2009-04-29 09:15:00,NSE:ULTRACEMCO,580.5,591.0,546.0,570.20001,279114.0
2009-05-04 09:15:00,NSE:ULTRACEMCO,579.0,605.95001,577.40002,593.45001,103334.0
2009-05-05 09:15:00,NSE:ULTRACEMCO,590.0,604.90002,566.0,587.09998,42569.0
2009-05-06 09:15:00,NSE:ULTRACEMCO,590.0,594.5,565.0,568.04999,41695.0
2009-05-07 09:15:00,NSE:ULTRACEMCO,580.0,586.0,549.0,559.65002,29153.0
2009-05-08 09:15:00,NSE:ULTRACEMCO,557.0,565.90002,548.25,558.84998,61393.0
2009-05-11 09:15:00,NSE:ULTRACEMCO,570.0,574.75,548.0,558.84998,12085.0
2009-05-12 09:15:00,NSE:ULTRACEMCO,564.0,592.0,543.70001,569.54999,53168.0
2009-05-13 09:15:00,NSE:ULTRACEMCO,574.0,583.0,560.0,574.25,27091.0
2009-05-14 09:15:00,NSE:ULTRACEMCO,566.0,577.95001,553.25,573.84998,16920.0
2009-05-15 09:15:00,NSE:ULTRACEMCO,570.0,578.79999,560.09998,567.54999,84288.0
2009-05-18 09:15:00,NSE:ULTRACEMCO,628.0,675.90002,628.0,650.65002,402.0
2009-05-19 09:15:00,NSE:ULTRACEMCO,655.0,689.0,600.0,639.84998,269042.0
2009-05-20 09:15:00,NSE:ULTRACEMCO,621.0,663.95001,621.0,659.25,30606.0
2009-05-21 09:15:00,NSE:ULTRACEMCO,670.0,706.0,644.0,689.20001,76360.0
2009-05-22 09:15:00,NSE:ULTRACEMCO,688.0,699.0,656.0,659.95001,49824.0
2009-05-25 09:15:00,NSE:ULTRACEMCO,679.0,679.0,661.09998,674.95001,43179.0
2009-05-26 09:15:00,NSE:ULTRACEMCO,672.0,703.0,648.0,690.25,52975.0
2009-05-27 09:15:00,NSE:ULTRACEMCO,704.0,707.0,660.0,689.25,86988.0
2009-05-28 09:15:00,NSE:ULTRACEMCO,699.0,707.0,686.09998,691.25,122543.0
2009-05-29 09:15:00,NSE:ULTRACEMCO,688.0,733.0,671.15002,717.79999,292496.0
2009-06-01 09:15:00,NSE:ULTRACEMCO,719.04999,761.25,715.0,752.59998,167648.0
2009-06-02 09:15:00,NSE:ULTRACEMCO,725.0,752.25,704.0,739.70001,121185.0
2009-06-03 09:15:00,NSE:ULTRACEMCO,740.0,750.0,721.0,727.0,39812.0
2009-06-04 09:15:00,NSE:ULTRACEMCO,727.04999,800.0,715.20001,781.40002,119462.0
2009-06-05 09:15:00,NSE:ULTRACEMCO,782.0,810.0,734.0,741.59998,259295.0
2009-06-08 09:15:00,NSE:ULTRACEMCO,747.0,765.0,695.0,717.45001,82297.0
2009-06-09 09:15:00,NSE:ULTRACEMCO,710.15002,737.0,696.25,731.95001,36396.0
2009-06-10 09:15:00,NSE:ULTRACEMCO,732.0,767.04999,725.20001,762.79999,58723.0
2009-06-11 09:15:00,NSE:ULTRACEMCO,741.45001,765.0,705.09998,732.15002,15738575.0
2009-06-12 09:15:00,NSE:ULTRACEMCO,738.15002,749.0,730.0,732.09998,160474.0
2009-06-15 09:15:00,NSE:ULTRACEMCO,734.0,744.0,706.34998,728.34998,80830.0
2009-06-16 09:15:00,NSE:ULTRACEMCO,711.0,733.0,702.0,711.34998,161472.0
2009-06-17 09:15:00,NSE:ULTRACEMCO,708.04999,722.90002,705.0,714.70001,168113.0
2009-06-18 09:15:00,NSE:ULTRACEMCO,717.95001,717.95001,655.0,675.75,246378.0
2009-06-19 09:15:00,NSE:ULTRACEMCO,695.0,695.0,665.04999,670.65002,159367.0
2009-06-22 09:15:00,NSE:ULTRACEMCO,681.0,687.70001,653.0,656.95001,92603.0
2009-06-23 09:15:00,NSE:ULTRACEMCO,647.45001,658.0,614.59998,655.29999,51351.0
2009-06-24 09:15:00,NSE:ULTRACEMCO,678.45001,697.95001,658.09998,689.65002,58760.0
2009-06-25 09:15:00,NSE:ULTRACEMCO,680.0,717.5,680.0,709.09998,281462.0
2009-06-26 09:15:00,NSE:ULTRACEMCO,717.0,739.90002,707.59998,714.25,51449.0
2009-06-29 09:15:00,NSE:ULTRACEMCO,714.25,715.0,690.0,706.90002,35688.0
2009-06-30 09:15:00,NSE:ULTRACEMCO,709.90002,709.90002,679.15002,689.59998,342973.0
2009-07-01 09:15:00,NSE:ULTRACEMCO,697.0,705.0,674.0,681.95001,75804.0
2009-07-02 09:15:00,NSE:ULTRACEMCO,686.20001,695.0,678.0,681.25,100861.0
2009-07-03 09:15:00,NSE:ULTRACEMCO,694.0,714.45001,675.0,707.20001,167816.0
2009-07-06 09:15:00,NSE:ULTRACEMCO,708.0,710.0,677.0,689.40002,54406.0
2009-07-07 09:15:00,NSE:ULTRACEMCO,697.0,725.5,690.0,720.0,58491.0
2009-07-08 09:15:00,NSE:ULTRACEMCO,696.0,749.45001,696.0,722.40002,0.0
2009-07-09 09:15:00,NSE:ULTRACEMCO,726.0,734.79999,710.04999,732.25,35683.0
2009-07-10 09:15:00,NSE:ULTRACEMCO,735.20001,742.0,720.0,730.25,47199.0
2009-07-13 09:15:00,NSE:ULTRACEMCO,727.0,727.0,695.15002,721.84998,122650.0
2009-07-14 09:15:00,NSE:ULTRACEMCO,735.0,737.95001,719.20001,725.40002,27129.0
2009-07-15 09:15:00,NSE:ULTRACEMCO,727.04999,743.0,719.0,739.29999,76464.0
2009-07-16 09:15:00,NSE:ULTRACEMCO,745.0,749.0,728.0,741.0,61261.0
2009-07-17 09:15:00,NSE:ULTRACEMCO,747.0,764.95001,741.0,745.70001,98693.0
2009-07-20 09:15:00,NSE:ULTRACEMCO,779.0,779.0,751.29999,772.15002,37508.0
2009-07-21 09:15:00,NSE:ULTRACEMCO,775.0,920.0,751.0,775.65002,246042.0
2009-07-22 09:15:00,NSE:ULTRACEMCO,775.90002,809.79999,746.34998,751.34998,176405.0
2009-07-23 09:15:00,NSE:ULTRACEMCO,730.0,770.0,730.0,764.70001,157274.0
2009-07-24 09:15:00,NSE:ULTRACEMCO,788.0,788.0,766.20001,775.09998,566261.0
2009-07-27 09:15:00,NSE:ULTRACEMCO,788.79999,815.0,780.0,797.70001,257332.0
2009-07-28 09:15:00,NSE:ULTRACEMCO,769.0,812.5,769.0,808.70001,296254.0
2009-07-29 09:15:00,NSE:ULTRACEMCO,800.09998,818.0,780.0,790.04999,107021.0
2009-07-30 09:15:00,NSE:ULTRACEMCO,799.79999,833.0,790.54999,796.90002,347241.0
2009-07-31 09:15:00,NSE:ULTRACEMCO,818.90002,824.0,785.09998,799.0,174762.0
2009-08-03 09:15:00,NSE:ULTRACEMCO,807.0,811.79999,796.54999,801.5,65392.0
2009-08-04 09:15:00,NSE:ULTRACEMCO,810.0,812.79999,791.15002,802.95001,74170.0
2009-08-05 09:15:00,NSE:ULTRACEMCO,805.0,821.95001,794.0,798.79999,138240.0
2009-08-06 09:15:00,NSE:ULTRACEMCO,807.70001,809.70001,788.0,793.0,137106.0
2009-08-07 09:15:00,NSE:ULTRACEMCO,771.20001,789.0,710.59998,769.25,102264.0
2009-08-10 09:15:00,NSE:ULTRACEMCO,776.0,784.70001,711.04999,717.65002,70351.0
2009-08-11 09:15:00,NSE:ULTRACEMCO,722.0,728.0,711.04999,717.29999,112440.0
2009-08-12 09:15:00,NSE:ULTRACEMCO,724.90002,728.0,703.0,718.59998,248382.0
2009-08-13 09:15:00,NSE:ULTRACEMCO,728.0,759.0,728.0,752.84998,77351.0
2009-08-14 09:15:00,NSE:ULTRACEMCO,778.0,780.0,742.09998,745.0,213367.0
2009-08-17 09:15:00,NSE:ULTRACEMCO,735.0,747.0,714.0,719.95001,175916.0
2009-08-18 09:15:00,NSE:ULTRACEMCO,722.0,732.0,702.09998,714.40002,270557.0
2009-08-19 09:15:00,NSE:ULTRACEMCO,717.0,724.5,697.04999,702.65002,37712.0
2009-08-20 09:15:00,NSE:ULTRACEMCO,705.0,720.0,705.0,710.04999,229867.0
2009-08-21 09:15:00,NSE:ULTRACEMCO,704.09998,715.0,703.29999,709.95001,82815.0
2009-08-24 09:15:00,NSE:ULTRACEMCO,720.0,736.70001,717.0,730.84998,103319.0
2009-08-25 09:15:00,NSE:ULTRACEMCO,724.90002,744.0,718.29999,741.29999,24443.0
2009-08-26 09:15:00,NSE:ULTRACEMCO,759.0,767.0,739.95001,750.25,81320.0
2009-08-27 09:15:00,NSE:ULTRACEMCO,746.0,753.0,729.0,731.79999,231732.0
2009-08-28 09:15:00,NSE:ULTRACEMCO,749.0,763.40002,740.0,759.75,84882.0
2009-08-31 09:15:00,NSE:ULTRACEMCO,742.0,767.29999,741.20001,761.79999,41407.0
2009-09-01 09:15:00,NSE:ULTRACEMCO,769.0,770.0,741.0,753.70001,135434.0
2009-09-02 09:15:00,NSE:ULTRACEMCO,749.95001,749.95001,728.59998,738.5,27364.0
2009-09-03 09:15:00,NSE:ULTRACEMCO,749.54999,752.0,739.0,741.20001,29515.0
2009-09-04 09:15:00,NSE:ULTRACEMCO,744.0,756.0,740.0,751.84998,165911.0
2009-09-07 09:15:00,NSE:ULTRACEMCO,768.79999,770.0,754.90002,759.09998,81303.0
2009-09-08 09:15:00,NSE:ULTRACEMCO,768.90002,777.0,751.29999,757.70001,128174.0
2009-09-09 09:15:00,NSE:ULTRACEMCO,768.90002,769.0,733.65002,760.5,10116.0
2009-09-10 09:15:00,NSE:ULTRACEMCO,760.0,766.0,740.20001,745.04999,73392.0
2009-09-11 09:15:00,NSE:ULTRACEMCO,740.0,754.90002,724.0,735.29999,57107.0
2009-09-14 09:15:00,NSE:ULTRACEMCO,745.0,746.29999,716.25,730.79999,29177.0
2009-09-15 09:15:00,NSE:ULTRACEMCO,732.0,742.0,727.0,730.34998,307094.0
2009-09-16 09:15:00,NSE:ULTRACEMCO,732.0,766.90002,732.0,757.75,305469.0
2009-09-17 09:15:00,NSE:ULTRACEMCO,769.84998,804.70001,747.0,758.25,377155.0
2009-09-18 09:15:00,NSE:ULTRACEMCO,760.0,805.34998,759.0,785.5,448097.0
2009-09-22 09:15:00,NSE:ULTRACEMCO,790.09998,793.0,775.0,783.79999,69864.0
2009-09-23 09:15:00,NSE:ULTRACEMCO,785.0,785.70001,761.09998,768.79999,52050.0
2009-09-24 09:15:00,NSE:ULTRACEMCO,775.0,775.0,710.25,759.04999,109069.0
2009-09-25 09:15:00,NSE:ULTRACEMCO,759.04999,762.0,742.0,751.45001,75889.0
2009-09-29 09:15:00,NSE:ULTRACEMCO,769.79999,780.40002,760.09998,774.29999,99617.0
2009-09-30 09:15:00,NSE:ULTRACEMCO,770.0,805.90002,762.20001,799.59998,219498.0
2009-10-01 09:15:00,NSE:ULTRACEMCO,805.0,872.0,805.0,848.95001,855060.0
2009-10-05 09:15:00,NSE:ULTRACEMCO,860.0,896.0,801.0,805.0,1283027.0
2009-10-06 09:15:00,NSE:ULTRACEMCO,810.0,840.0,791.0,814.25,393903.0
2009-10-07 09:15:00,NSE:ULTRACEMCO,822.0,838.84998,812.09998,822.25,711371.0
2009-10-08 09:15:00,NSE:ULTRACEMCO,829.90002,847.95001,823.15002,838.84998,355281.0
2009-10-09 09:15:00,NSE:ULTRACEMCO,842.70001,877.90002,835.84998,870.15002,827183.0
2009-10-12 09:15:00,NSE:ULTRACEMCO,865.0,887.84998,843.0,847.95001,230006.0
2009-10-14 09:15:00,NSE:ULTRACEMCO,859.0,865.0,806.95001,811.75,881252.0
2009-10-15 09:15:00,NSE:ULTRACEMCO,823.79999,852.0,815.09998,844.29999,397418.0
2009-10-16 09:15:00,NSE:ULTRACEMCO,848.0,854.70001,821.0,823.54999,514714.0
2009-10-20 09:15:00,NSE:ULTRACEMCO,840.0,845.0,817.0,824.45001,148643.0
2009-10-21 09:15:00,NSE:ULTRACEMCO,824.0,824.0,802.0,805.29999,165453.0
2009-10-22 09:15:00,NSE:ULTRACEMCO,805.0,806.0,773.20001,777.34998,153783.0
2009-10-23 09:15:00,NSE:ULTRACEMCO,795.0,795.0,765.04999,772.5,478402.0
2009-10-26 09:15:00,NSE:ULTRACEMCO,770.0,785.0,763.0,779.70001,151852.0
2009-10-27 09:15:00,NSE:ULTRACEMCO,766.25,782.0,766.25,775.29999,139338.0
2009-10-28 09:15:00,NSE:ULTRACEMCO,775.29999,775.29999,763.0,766.70001,121424.0
2009-10-29 09:15:00,NSE:ULTRACEMCO,763.29999,765.54999,750.15002,759.04999,232634.0
2009-10-30 09:15:00,NSE:ULTRACEMCO,775.0,792.90002,761.65002,767.95001,92945.0
2009-11-03 09:15:00,NSE:ULTRACEMCO,765.0,770.0,735.0,740.59998,56332.0
2009-11-04 09:15:00,NSE:ULTRACEMCO,750.0,754.0,710.0,733.95001,270275.0
2009-11-05 09:15:00,NSE:ULTRACEMCO,733.95001,749.90002,712.0,737.0,116622.0
2009-11-06 09:15:00,NSE:ULTRACEMCO,744.90002,750.0,718.34998,735.54999,79562.0
2009-11-09 09:15:00,NSE:ULTRACEMCO,735.59998,750.0,726.0,745.45001,96180.0
2009-11-10 09:15:00,NSE:ULTRACEMCO,749.0,759.5,736.09998,740.0,85488.0
2009-11-11 09:15:00,NSE:ULTRACEMCO,736.0,758.5,736.0,747.70001,59429.0
2009-11-12 09:15:00,NSE:ULTRACEMCO,735.0,755.5,725.25,728.54999,255643.0
2009-11-13 09:15:00,NSE:ULTRACEMCO,721.25,734.90002,714.0,729.95001,62884.0
2009-11-16 09:15:00,NSE:ULTRACEMCO,724.0,768.90002,699.79999,738.65002,381400.0
2009-11-17 09:15:00,NSE:ULTRACEMCO,768.0,768.0,740.0,748.84998,288858.0
2009-11-18 09:15:00,NSE:ULTRACEMCO,757.0,772.79999,741.20001,757.40002,179048.0
2009-11-19 09:15:00,NSE:ULTRACEMCO,765.0,774.0,750.0,762.70001,194535.0
2009-11-20 09:15:00,NSE:ULTRACEMCO,761.0,800.0,754.5,791.45001,277573.0
2009-11-23 09:15:00,NSE:ULTRACEMCO,805.0,824.0,794.0,816.29999,177644.0
2009-11-24 09:15:00,NSE:ULTRACEMCO,824.90002,829.0,803.90002,818.75,114283.0
2009-11-25 09:15:00,NSE:ULTRACEMCO,820.0,842.0,815.5,829.90002,220180.0
2009-11-26 09:15:00,NSE:ULTRACEMCO,839.0,845.5,821.15002,824.79999,212590.0
2009-11-27 09:15:00,NSE:ULTRACEMCO,824.0,828.5,796.09998,818.09998,83979.0
2009-11-30 09:15:00,NSE:ULTRACEMCO,821.0,845.0,813.0,836.65002,123073.0
2009-12-01 09:15:00,NSE:ULTRACEMCO,845.90002,849.90002,831.09998,840.95001,288172.0
2009-12-02 09:15:00,NSE:ULTRACEMCO,849.0,849.0,831.09998,834.65002,53221.0
2009-12-03 09:15:00,NSE:ULTRACEMCO,841.0,860.0,832.0,845.75,102023.0
2009-12-04 09:15:00,NSE:ULTRACEMCO,846.0,851.79999,833.0,836.29999,37966.0
2009-12-07 09:15:00,NSE:ULTRACEMCO,836.29999,843.79999,821.0,834.5,30022.0
2009-12-08 09:15:00,NSE:ULTRACEMCO,838.0,849.0,826.0,847.40002,50945.0
2009-12-09 09:15:00,NSE:ULTRACEMCO,844.90002,855.0,826.15002,852.79999,84410.0
2009-12-10 09:15:00,NSE:ULTRACEMCO,845.5,856.0,845.5,851.65002,42278.0
2009-12-11 09:15:00,NSE:ULTRACEMCO,859.90002,865.0,851.0,860.09998,106981.0
2009-12-14 09:15:00,NSE:ULTRACEMCO,866.20001,904.90002,861.0,899.15002,363102.0
2009-12-15 09:15:00,NSE:ULTRACEMCO,909.84998,909.84998,885.15002,887.45001,215557.0
2009-12-16 09:15:00,NSE:ULTRACEMCO,870.59998,914.0,865.0,908.40002,190362.0
2009-12-17 09:15:00,NSE:ULTRACEMCO,910.0,920.0,903.0,913.75,143856.0
2009-12-18 09:15:00,NSE:ULTRACEMCO,914.90002,914.90002,894.0,899.20001,238203.0
2009-12-21 09:15:00,NSE:ULTRACEMCO,896.0,907.79999,891.09998,892.95001,49438.0
2009-12-22 09:15:00,NSE:ULTRACEMCO,829.90002,902.0,829.90002,877.0,138664.0
2009-12-23 09:15:00,NSE:ULTRACEMCO,875.09998,912.0,873.09998,900.59998,146383.0
2009-12-24 09:15:00,NSE:ULTRACEMCO,898.09998,912.0,882.59998,898.79999,75864.0
2009-12-29 09:15:00,NSE:ULTRACEMCO,909.0,922.75,895.04999,900.09998,133938.0
2009-12-30 09:15:00,NSE:ULTRACEMCO,900.09998,912.0,888.70001,905.20001,79572.0
2009-12-31 09:15:00,NSE:ULTRACEMCO,905.0,919.0,905.0,914.20001,133115.0
2010-01-04 09:15:00,NSE:ULTRACEMCO,914.20001,974.65002,913.0,966.09998,322796.0
2010-01-05 09:15:00,NSE:ULTRACEMCO,970.0,990.0,970.0,986.09998,399360.0
2010-01-06 09:15:00,NSE:ULTRACEMCO,988.0,1002.0,975.0,987.29999,341762.0
2010-01-07 09:15:00,NSE:ULTRACEMCO,987.0,1003.0,976.09998,978.34998,185302.0
2010-01-08 09:15:00,NSE:ULTRACEMCO,994.0,994.0,980.0,990.29999,335191.0
2010-01-11 09:15:00,NSE:ULTRACEMCO,999.84998,1006.0,988.09998,991.54999,240284.0
2010-01-12 09:15:00,NSE:ULTRACEMCO,990.0,1005.0,973.04999,984.59998,114835.0
2010-01-13 09:15:00,NSE:ULTRACEMCO,981.0,1037.0,971.04999,1032.4,242789.0
2010-01-14 09:15:00,NSE:ULTRACEMCO,1039.95,1050.0,1030.0,1044.0,655019.0
2010-01-15 09:15:00,NSE:ULTRACEMCO,1045.0,1059.8,1015.0,1036.95,345312.0
2010-01-18 09:15:00,NSE:ULTRACEMCO,1012.2,1024.4,991.0,1002.7,522516.0
2010-01-19 09:15:00,NSE:ULTRACEMCO,1005.0,1009.0,988.34998,999.5,219429.0
2010-01-20 09:15:00,NSE:ULTRACEMCO,995.0,1016.5,972.34998,977.5,86992.0
2010-01-21 09:15:00,NSE:ULTRACEMCO,979.0,980.0,933.0,945.40002,177821.0
2010-01-22 09:15:00,NSE:ULTRACEMCO,939.90002,940.0,893.20001,912.65002,168573.0
2010-01-25 09:15:00,NSE:ULTRACEMCO,906.0,913.0,885.0,905.75,66982.0
2010-01-27 09:15:00,NSE:ULTRACEMCO,900.0,924.0,882.95001,910.15002,182223.0
2010-01-28 09:15:00,NSE:ULTRACEMCO,916.04999,940.0,892.15002,922.20001,321650.0
2010-01-29 09:15:00,NSE:ULTRACEMCO,910.0,939.0,902.0,930.0,86068.0
2010-02-01 09:15:00,NSE:ULTRACEMCO,950.0,960.0,921.09998,931.70001,34440.0
2010-02-02 09:15:00,NSE:ULTRACEMCO,937.0,974.40002,935.0,960.75,100556.0
2010-02-03 09:15:00,NSE:ULTRACEMCO,985.0,985.0,950.0,971.70001,72908.0
2010-02-04 09:15:00,NSE:ULTRACEMCO,962.0,972.90002,956.0,962.09998,213394.0
2010-02-05 09:15:00,NSE:ULTRACEMCO,941.0,946.90002,917.0,932.54999,63337.0
2010-02-08 09:15:00,NSE:ULTRACEMCO,933.0,940.0,915.25,929.84998,57942.0
2010-02-09 09:15:00,NSE:ULTRACEMCO,930.0,960.0,920.5,956.95001,67728.0
2010-02-10 09:15:00,NSE:ULTRACEMCO,960.0,989.90002,958.04999,984.79999,153517.0
2010-02-11 09:15:00,NSE:ULTRACEMCO,981.79999,1004.0,978.0,1000.9,164610.0
2010-02-15 09:15:00,NSE:ULTRACEMCO,1002.0,1007.5,993.09998,1000.2,68387.0
2010-02-16 09:15:00,NSE:ULTRACEMCO,1010.0,1052.0,996.0,1043.2,943309.0
2010-02-17 09:15:00,NSE:ULTRACEMCO,1055.0,1059.9,1032.15,1047.45,499371.0
2010-02-18 09:15:00,NSE:ULTRACEMCO,1047.45,1047.45,1018.1,1025.0,202540.0
2010-02-19 09:15:00,NSE:ULTRACEMCO,1025.0,1039.7,1010.1,1027.35,111290.0
2010-02-22 09:15:00,NSE:ULTRACEMCO,1052.0,1052.0,1007.5,1035.8,114581.0
2010-02-23 09:15:00,NSE:ULTRACEMCO,1035.8,1040.0,1017.15,1024.8,544180.0
2010-02-24 09:15:00,NSE:ULTRACEMCO,1026.0,1035.0,992.04999,1022.8,82751.0
2010-02-25 09:15:00,NSE:ULTRACEMCO,1024.0,1039.45,998.09998,1033.6,298315.0
2010-02-26 09:15:00,NSE:ULTRACEMCO,1042.0,1049.95,1022.55,1040.05,422959.0
2010-03-02 09:15:00,NSE:ULTRACEMCO,1050.0,1085.0,1029.4,1074.65,95622.0
2010-03-03 09:15:00,NSE:ULTRACEMCO,1100.0,1100.0,1066.15,1079.75,192373.0
2010-03-04 09:15:00,NSE:ULTRACEMCO,1080.0,1100.0,1075.0,1091.45,166225.0
2010-03-05 09:15:00,NSE:ULTRACEMCO,1098.0,1114.65,1090.0,1097.75,343773.0
2010-03-08 09:15:00,NSE:ULTRACEMCO,1101.6,1123.9,1092.05,1111.65,306978.0
2010-03-09 09:15:00,NSE:ULTRACEMCO,1115.95,1118.0,1090.0,1092.6,132044.0
2010-03-10 09:15:00,NSE:ULTRACEMCO,1091.0,1114.0,1091.0,1108.95,299608.0
2010-03-11 09:15:00,NSE:ULTRACEMCO,1110.1,1120.0,1101.9,1112.05,77414.0
2010-03-12 09:15:00,NSE:ULTRACEMCO,1115.0,1119.5,1094.0,1106.7,80067.0
2010-03-15 09:15:00,NSE:ULTRACEMCO,1098.5,1119.9,1094.0,1113.05,255900.0
2010-03-16 09:15:00,NSE:ULTRACEMCO,1110.0,1120.0,1095.5,1117.95,264272.0
2010-03-17 09:15:00,NSE:ULTRACEMCO,1120.0,1128.7,1090.1,1099.0,158750.0
2010-03-18 09:15:00,NSE:ULTRACEMCO,1082.3,1112.0,1025.0,1106.05,309482.0
2010-03-19 09:15:00,NSE:ULTRACEMCO,1094.0,1125.5,1094.0,1122.45,210978.0
2010-03-22 09:15:00,NSE:ULTRACEMCO,1094.0,1132.75,1094.0,1123.7,168236.0
2010-03-23 09:15:00,NSE:ULTRACEMCO,1125.0,1125.0,1107.55,1111.0,96928.0
2010-03-25 09:15:00,NSE:ULTRACEMCO,1114.8,1114.8,1072.5,1086.35,575656.0
2010-03-26 09:15:00,NSE:ULTRACEMCO,1089.0,1118.9,1085.0,1115.95,102350.0
2010-03-29 09:15:00,NSE:ULTRACEMCO,1111.0,1146.5,1107.0,1141.0,83328.0
2010-03-30 09:15:00,NSE:ULTRACEMCO,1149.5,1152.8,1134.0,1145.2,80771.0
2010-03-31 09:15:00,NSE:ULTRACEMCO,1130.0,1161.9,1130.0,1154.85,108222.0
2010-04-01 09:15:00,NSE:ULTRACEMCO,1141.5,1151.85,1136.0,1144.25,129245.0
2010-04-05 09:15:00,NSE:ULTRACEMCO,1151.0,1167.7,1142.3,1147.05,33395.0
2010-04-06 09:15:00,NSE:ULTRACEMCO,1147.5,1158.5,1140.1,1146.65,29411.0
2010-04-07 09:15:00,NSE:ULTRACEMCO,1140.0,1162.9,1140.0,1149.95,37900.0
2010-04-08 09:15:00,NSE:ULTRACEMCO,1147.6,1166.0,1138.05,1163.1,69738.0
2010-04-09 09:15:00,NSE:ULTRACEMCO,1163.0,1174.0,1155.0,1159.9,42657.0
2010-04-12 09:15:00,NSE:ULTRACEMCO,1160.0,1165.6,1129.1,1133.8,79470.0
2010-04-13 09:15:00,NSE:ULTRACEMCO,1134.0,1144.0,1123.5,1138.55,189740.0
2010-04-15 09:15:00,NSE:ULTRACEMCO,1130.0,1147.7,1121.0,1129.85,41211.0
2010-04-16 09:15:00,NSE:ULTRACEMCO,1109.35,1128.5,1098.0,1104.05,56404.0
2010-04-19 09:15:00,NSE:ULTRACEMCO,1098.8,1108.0,1085.05,1100.75,29812.0
2010-04-20 09:15:00,NSE:ULTRACEMCO,1100.0,1119.0,1090.15,1104.9,42694.0
2010-04-21 09:15:00,NSE:ULTRACEMCO,1104.8,1113.8,1095.1,1105.3,41635.0
2010-04-22 09:15:00,NSE:ULTRACEMCO,1105.0,1128.5,1100.0,1119.45,60758.0
2010-04-23 09:15:00,NSE:ULTRACEMCO,1119.7,1129.95,1092.0,1094.75,27811.0
2010-04-26 09:15:00,NSE:ULTRACEMCO,1119.0,1119.0,1093.1,1098.1,29033.0
2010-04-27 09:15:00,NSE:ULTRACEMCO,1114.9,1123.5,1090.0,1094.85,31539.0
2010-04-28 09:15:00,NSE:ULTRACEMCO,1070.15,1096.85,1070.0,1078.25,46992.0
2010-04-29 09:15:00,NSE:ULTRACEMCO,1056.6,1085.0,1004.2,1015.35,310248.0
2010-04-30 09:15:00,NSE:ULTRACEMCO,1006.0,1023.7,964.0,972.75,340376.0
2010-05-03 09:15:00,NSE:ULTRACEMCO,985.0,999.79999,952.09998,955.5,152993.0
2010-05-04 09:15:00,NSE:ULTRACEMCO,970.0,1015.2,904.0,926.84998,415567.0
2010-05-05 09:15:00,NSE:ULTRACEMCO,912.0,973.0,910.0,968.40002,275248.0
2010-05-06 09:15:00,NSE:ULTRACEMCO,960.0,972.0,945.09998,950.59998,128252.0
2010-05-07 09:15:00,NSE:ULTRACEMCO,944.0,950.0,920.0,945.45001,87338.0
2010-05-10 09:15:00,NSE:ULTRACEMCO,955.0,976.79999,940.59998,947.04999,179022.0
2010-05-11 09:15:00,NSE:ULTRACEMCO,950.0,959.75,939.25,951.59998,184752.0
2010-05-12 09:15:00,NSE:ULTRACEMCO,943.34998,975.5,940.54999,967.54999,129046.0
2010-05-13 09:15:00,NSE:ULTRACEMCO,970.0,978.5,953.09998,962.5,93569.0
2010-05-14 09:15:00,NSE:ULTRACEMCO,964.09998,970.0,932.0,939.20001,57315.0
2010-05-17 09:15:00,NSE:ULTRACEMCO,950.0,951.0,909.0,945.40002,111527.0
2010-05-18 09:15:00,NSE:ULTRACEMCO,930.0,960.0,930.0,954.45001,63338.0
2010-05-19 09:15:00,NSE:ULTRACEMCO,954.45001,959.0,933.0,951.0,115525.0
2010-05-20 09:15:00,NSE:ULTRACEMCO,963.0,963.0,941.5,950.34998,261264.0
2010-05-21 09:15:00,NSE:ULTRACEMCO,935.0,968.0,916.15002,949.54999,69205.0
2010-05-24 09:15:00,NSE:ULTRACEMCO,940.40002,966.0,940.40002,956.09998,144671.0
2010-05-25 09:15:00,NSE:ULTRACEMCO,938.0,947.0,909.09998,924.65002,318460.0
2010-05-26 09:15:00,NSE:ULTRACEMCO,929.65002,943.40002,912.0,932.34998,32516.0
2010-05-27 09:15:00,NSE:ULTRACEMCO,923.0,948.79999,918.25,937.25,88299.0
2010-05-28 09:15:00,NSE:ULTRACEMCO,954.0,954.20001,930.0,938.40002,66477.0
2010-05-31 09:15:00,NSE:ULTRACEMCO,925.0,940.0,918.34998,921.75,14823.0
2010-06-01 09:15:00,NSE:ULTRACEMCO,925.0,925.0,911.0,918.40002,156118.0
2010-06-02 09:15:00,NSE:ULTRACEMCO,928.0,965.0,918.0,948.65002,35339.0
2010-06-03 09:15:00,NSE:ULTRACEMCO,968.5,968.5,936.0,946.04999,24929.0
2010-06-04 09:15:00,NSE:ULTRACEMCO,937.0,964.70001,937.0,952.70001,35998.0
2010-06-07 09:15:00,NSE:ULTRACEMCO,943.5,950.0,929.04999,948.59998,21466.0
2010-06-08 09:15:00,NSE:ULTRACEMCO,946.0,963.0,932.0,947.54999,120197.0
2010-06-09 09:15:00,NSE:ULTRACEMCO,946.0,952.5,932.0,944.90002,36259.0
2010-06-10 09:15:00,NSE:ULTRACEMCO,950.0,995.95001,935.0,981.79999,65403.0
2010-06-11 09:15:00,NSE:ULTRACEMCO,952.59998,981.79999,952.59998,974.59998,68795.0
2010-06-14 09:15:00,NSE:ULTRACEMCO,965.0,985.90002,965.0,979.25,19878.0
2010-06-15 09:15:00,NSE:ULTRACEMCO,962.59998,998.0,962.0,984.04999,32853.0
2010-06-16 09:15:00,NSE:ULTRACEMCO,981.70001,987.0,973.0,981.0,34334.0
2010-06-17 09:15:00,NSE:ULTRACEMCO,981.0,994.90002,975.0,982.84998,215271.0
2010-06-18 09:15:00,NSE:ULTRACEMCO,985.0,985.0,950.09998,960.09998,41011.0
2010-06-21 09:15:00,NSE:ULTRACEMCO,955.0,973.0,950.5,969.5,195193.0
2010-06-22 09:15:00,NSE:ULTRACEMCO,960.0,965.95001,948.0,957.40002,87148.0
2010-06-23 09:15:00,NSE:ULTRACEMCO,958.0,958.0,941.0,955.79999,54744.0
2010-06-24 09:15:00,NSE:ULTRACEMCO,955.0,957.5,941.25,945.75,110843.0
2010-06-25 09:15:00,NSE:ULTRACEMCO,950.0,950.5,920.0,931.65002,31816.0
2010-06-28 09:15:00,NSE:ULTRACEMCO,926.0,931.0,848.5,923.79999,60013.0
2010-06-29 09:15:00,NSE:ULTRACEMCO,949.0,949.0,868.0,878.70001,248036.0
2010-06-30 09:15:00,NSE:ULTRACEMCO,881.0,883.0,862.0,879.29999,138545.0
2010-07-01 09:15:00,NSE:ULTRACEMCO,878.95001,878.95001,861.5,866.59998,111445.0
2010-07-02 09:15:00,NSE:ULTRACEMCO,869.04999,890.0,854.54999,870.54999,64677.0
2010-07-05 09:15:00,NSE:ULTRACEMCO,871.0,890.0,833.95001,867.0,82383.0
2010-07-06 09:15:00,NSE:ULTRACEMCO,864.90002,870.59998,855.0,863.15002,56175.0
2010-07-07 09:15:00,NSE:ULTRACEMCO,867.79999,869.0,859.0,865.09998,32953.0
2010-07-08 09:15:00,NSE:ULTRACEMCO,866.0,874.40002,860.0,862.34998,21013.0
2010-07-09 09:15:00,NSE:ULTRACEMCO,860.09998,866.0,853.04999,858.25,152254.0
2010-07-12 09:15:00,NSE:ULTRACEMCO,866.0,866.0,852.54999,854.79999,59232.0
2010-07-13 09:15:00,NSE:ULTRACEMCO,863.0,868.45001,846.0,857.20001,414287.0
2010-07-14 09:15:00,NSE:ULTRACEMCO,858.0,874.09998,847.20001,854.95001,198248.0
2010-07-15 09:15:00,NSE:ULTRACEMCO,852.0,859.70001,836.95001,844.70001,143291.0
2010-07-16 09:15:00,NSE:ULTRACEMCO,853.09998,859.0,840.0,845.09998,168166.0
2010-07-19 09:15:00,NSE:ULTRACEMCO,843.0,847.0,832.0,840.79999,109465.0
2010-07-20 09:15:00,NSE:ULTRACEMCO,840.79999,848.0,837.25,843.59998,73858.0
2010-07-21 09:15:00,NSE:ULTRACEMCO,849.79999,853.0,839.04999,849.40002,201199.0
2010-07-22 09:15:00,NSE:ULTRACEMCO,855.04999,856.90002,836.0,844.04999,388327.0
2010-07-23 09:15:00,NSE:ULTRACEMCO,852.95001,852.95001,822.90002,829.34998,588751.0
2010-07-26 09:15:00,NSE:ULTRACEMCO,829.34998,836.0,821.0,829.15002,28065.0
2010-07-27 09:15:00,NSE:ULTRACEMCO,836.0,848.0,824.40002,845.65002,164527.0
2010-07-28 09:15:00,NSE:ULTRACEMCO,848.95001,864.75,841.5,856.75,81029.0
2010-07-29 09:15:00,NSE:ULTRACEMCO,860.0,880.0,841.95001,869.79999,568193.0
2010-07-30 09:15:00,NSE:ULTRACEMCO,865.0,870.0,855.0,863.90002,44897.0
2010-08-02 09:15:00,NSE:ULTRACEMCO,873.90002,873.90002,856.5,858.29999,26310.0
2010-08-03 09:15:00,NSE:ULTRACEMCO,858.0,864.90002,858.0,862.29999,23832.0
2010-08-04 09:15:00,NSE:ULTRACEMCO,852.59998,863.65002,852.59998,859.15002,65725.0
2010-08-05 09:15:00,NSE:ULTRACEMCO,871.0,871.0,856.0,860.20001,47361.0
2010-08-06 09:15:00,NSE:ULTRACEMCO,858.0,878.0,858.0,871.54999,27255.0
2010-08-09 09:15:00,NSE:ULTRACEMCO,879.95001,905.0,862.20001,899.5,196903.0
2010-08-10 09:15:00,NSE:ULTRACEMCO,901.0,908.0,875.54999,885.34998,107103.0
2010-08-11 09:15:00,NSE:ULTRACEMCO,889.0,889.0,873.20001,878.70001,51847.0
2010-08-12 09:15:00,NSE:ULTRACEMCO,875.0,887.70001,860.65002,876.79999,64258.0
2010-08-13 09:15:00,NSE:ULTRACEMCO,876.09998,901.0,871.04999,892.40002,116975.0
2010-08-16 09:15:00,NSE:ULTRACEMCO,905.90002,905.90002,885.09998,897.25,65160.0
2010-08-17 09:15:00,NSE:ULTRACEMCO,902.0,902.0,888.0,895.54999,46598.0
2010-08-18 09:15:00,NSE:ULTRACEMCO,899.95001,900.0,887.0,896.20001,56459.0
2010-08-19 09:15:00,NSE:ULTRACEMCO,890.0,933.0,887.0,928.0,214574.0
2010-08-20 09:15:00,NSE:ULTRACEMCO,942.70001,957.70001,929.0,949.09998,598284.0
2010-08-23 09:15:00,NSE:ULTRACEMCO,953.70001,953.70001,925.25,936.90002,75420.0
2010-08-24 09:15:00,NSE:ULTRACEMCO,946.95001,949.0,926.0,944.45001,465100.0
2010-08-25 09:15:00,NSE:ULTRACEMCO,949.0,949.0,916.5,920.54999,57643.0
2010-08-26 09:15:00,NSE:ULTRACEMCO,925.5,974.0,918.0,933.34998,297538.0
2010-08-27 09:15:00,NSE:ULTRACEMCO,925.0,934.84998,908.5,918.95001,238036.0
2010-08-30 09:15:00,NSE:ULTRACEMCO,923.79999,928.0,905.09998,920.0,129158.0
2010-08-31 09:15:00,NSE:ULTRACEMCO,919.0,919.0,900.70001,902.5,225117.0
2010-09-01 09:15:00,NSE:ULTRACEMCO,910.09998,915.0,900.5,909.79999,386620.0
2010-09-02 09:15:00,NSE:ULTRACEMCO,919.0,933.0,912.65002,928.25,213842.0
2010-09-03 09:15:00,NSE:ULTRACEMCO,934.0,948.0,912.29999,920.20001,140388.0
2010-09-06 09:15:00,NSE:ULTRACEMCO,929.40002,929.40002,910.25,923.70001,124247.0
2010-09-07 09:15:00,NSE:ULTRACEMCO,925.90002,1000.0,925.90002,994.20001,816451.0
2010-09-08 09:15:00,NSE:ULTRACEMCO,995.0,1016.9,978.54999,993.04999,341705.0
2010-09-09 09:15:00,NSE:ULTRACEMCO,1000.0,1030.0,995.25,1026.3,743659.0
2010-09-13 09:15:00,NSE:ULTRACEMCO,1026.3,1082.0,1022.0,1055.5,322711.0
2010-09-14 09:15:00,NSE:ULTRACEMCO,1054.95,1065.5,1032.35,1045.5,434321.0
2010-09-15 09:15:00,NSE:ULTRACEMCO,1045.0,1060.0,1018.1,1030.8,112022.0
2010-09-16 09:15:00,NSE:ULTRACEMCO,1020.0,1034.7,1007.0,1011.8,156659.0
2010-09-17 09:15:00,NSE:ULTRACEMCO,1015.55,1057.8,1015.55,1048.7,359547.0
2010-09-20 09:15:00,NSE:ULTRACEMCO,1053.5,1088.0,1041.0,1078.7,255933.0
2010-09-21 09:15:00,NSE:ULTRACEMCO,1065.65,1093.35,1062.15,1067.9,268288.0
2010-09-22 09:15:00,NSE:ULTRACEMCO,1102.0,1102.0,1040.35,1049.85,194962.0
2010-09-23 09:15:00,NSE:ULTRACEMCO,1058.0,1058.0,1021.25,1032.9,232230.0
2010-09-24 09:15:00,NSE:ULTRACEMCO,1010.6,1054.95,1010.6,1026.8,104297.0
2010-09-27 09:15:00,NSE:ULTRACEMCO,1016.5,1042.9,1000.55,1024.5,399147.0
2010-09-28 09:15:00,NSE:ULTRACEMCO,1016.5,1054.95,1015.0,1047.5,261689.0
2010-09-29 09:15:00,NSE:ULTRACEMCO,1052.9,1084.5,1051.0,1075.9,224233.0
2010-09-30 09:15:00,NSE:ULTRACEMCO,1080.0,1092.0,1046.1,1062.6,382605.0
2010-10-01 09:15:00,NSE:ULTRACEMCO,1046.7,1094.0,1046.7,1089.7,127875.0
2010-10-04 09:15:00,NSE:ULTRACEMCO,1093.95,1108.9,1084.05,1090.05,240297.0
2010-10-05 09:15:00,NSE:ULTRACEMCO,1085.0,1105.0,1080.0,1090.0,269622.0
2010-10-06 09:15:00,NSE:ULTRACEMCO,1090.0,1107.0,1084.0,1104.45,169014.0
2010-10-07 09:15:00,NSE:ULTRACEMCO,1104.45,1137.0,1095.55,1105.1,168803.0
2010-10-08 09:15:00,NSE:ULTRACEMCO,1106.05,1120.0,1085.0,1089.85,107331.0
2010-10-11 09:15:00,NSE:ULTRACEMCO,1090.0,1113.5,1079.0,1101.7,336218.0
2010-10-12 09:15:00,NSE:ULTRACEMCO,1098.0,1098.0,1088.0,1090.75,172203.0
2010-10-13 09:15:00,NSE:ULTRACEMCO,1090.0,1125.0,1085.25,1121.65,168014.0
2010-10-14 09:15:00,NSE:ULTRACEMCO,1125.0,1144.85,1115.0,1140.65,93562.0
2010-10-15 09:15:00,NSE:ULTRACEMCO,1152.45,1152.45,1120.0,1133.7,300547.0
2010-10-18 09:15:00,NSE:ULTRACEMCO,1133.7,1150.7,1120.0,1132.45,963707.0
2010-10-19 09:15:00,NSE:ULTRACEMCO,1129.05,1137.7,1115.5,1131.3,392994.0
2010-10-20 09:15:00,NSE:ULTRACEMCO,1129.0,1129.0,1111.35,1121.0,619154.0
2010-10-21 09:15:00,NSE:ULTRACEMCO,1121.0,1123.85,1107.0,1116.0,464106.0
2010-10-22 09:15:00,NSE:ULTRACEMCO,1108.15,1126.8,1108.0,1112.8,135952.0
2010-10-25 09:15:00,NSE:ULTRACEMCO,1112.8,1115.0,1094.05,1098.0,241348.0
2010-10-26 09:15:00,NSE:ULTRACEMCO,1082.6,1109.0,1078.1,1100.15,196460.0
2010-10-27 09:15:00,NSE:ULTRACEMCO,1090.0,1103.9,1084.4,1099.2,291539.0
2010-10-28 09:15:00,NSE:ULTRACEMCO,1098.5,1114.7,1070.25,1092.2,341023.0
2010-10-29 09:15:00,NSE:ULTRACEMCO,1082.9,1102.0,1077.45,1099.9,106049.0
2010-11-01 09:15:00,NSE:ULTRACEMCO,1088.35,1107.9,1085.6,1102.5,238264.0
2010-11-02 09:15:00,NSE:ULTRACEMCO,1099.0,1128.4,1087.0,1122.25,232414.0
2010-11-03 09:15:00,NSE:ULTRACEMCO,1128.9,1142.85,1113.0,1117.05,173316.0
2010-11-04 09:15:00,NSE:ULTRACEMCO,1129.9,1130.85,1115.9,1121.75,240228.0
2010-11-05 09:15:00,NSE:ULTRACEMCO,1130.0,1130.0,1110.05,1116.85,4674.0
2010-11-08 09:15:00,NSE:ULTRACEMCO,1137.25,1137.25,1111.2,1122.55,334545.0
2010-11-09 09:15:00,NSE:ULTRACEMCO,1125.55,1151.85,1123.6,1147.55,563045.0
2010-11-10 09:15:00,NSE:ULTRACEMCO,1151.0,1159.0,1122.1,1132.25,310985.0
2010-11-11 09:15:00,NSE:ULTRACEMCO,1149.0,1173.35,1125.2,1134.1,545462.0
2010-11-12 09:15:00,NSE:ULTRACEMCO,1117.1,1134.5,1099.1,1103.25,326344.0
2010-11-15 09:15:00,NSE:ULTRACEMCO,1110.05,1114.0,1090.2,1098.65,272848.0
2010-11-16 09:15:00,NSE:ULTRACEMCO,1082.25,1111.75,1070.0,1075.85,141635.0
2010-11-18 09:15:00,NSE:ULTRACEMCO,1075.85,1103.0,1071.0,1100.05,334264.0
2010-11-19 09:15:00,NSE:ULTRACEMCO,1100.0,1109.85,1081.15,1097.6,113320.0
2010-11-22 09:15:00,NSE:ULTRACEMCO,1110.0,1110.0,1087.0,1099.85,228523.0
2010-11-23 09:15:00,NSE:ULTRACEMCO,1098.0,1126.0,1093.0,1121.7,672748.0
2010-11-24 09:15:00,NSE:ULTRACEMCO,1124.8,1139.0,1115.2,1126.3,351318.0
2010-11-25 09:15:00,NSE:ULTRACEMCO,1139.0,1141.8,1123.0,1135.65,1129002.0
2010-11-26 09:15:00,NSE:ULTRACEMCO,1133.0,1159.0,1105.0,1123.55,641934.0
2010-11-29 09:15:00,NSE:ULTRACEMCO,1123.55,1158.45,1123.55,1155.2,1113772.0
2010-11-30 09:15:00,NSE:ULTRACEMCO,1156.05,1175.0,1110.65,1137.6,4001641.0
2010-12-01 09:15:00,NSE:ULTRACEMCO,1110.6,1156.95,1108.6,1148.3,867315.0
2010-12-02 09:15:00,NSE:ULTRACEMCO,1140.0,1150.0,1082.0,1090.5,333090.0
2010-12-03 09:15:00,NSE:ULTRACEMCO,1094.0,1116.2,1074.0,1110.5,283496.0
2010-12-06 09:15:00,NSE:ULTRACEMCO,1122.5,1122.5,1108.0,1111.05,130377.0
2010-12-07 09:15:00,NSE:ULTRACEMCO,1100.0,1189.0,1100.0,1123.55,473062.0
2010-12-08 09:15:00,NSE:ULTRACEMCO,1132.8,1132.8,1079.05,1100.3,140072.0
2010-12-09 09:15:00,NSE:ULTRACEMCO,1080.0,1106.5,1061.0,1082.5,67095.0
2010-12-10 09:15:00,NSE:ULTRACEMCO,1070.05,1108.0,1045.5,1097.1,523398.0
2010-12-13 09:15:00,NSE:ULTRACEMCO,1089.95,1108.35,1073.2,1077.8,82602.0
2010-12-14 09:15:00,NSE:ULTRACEMCO,1079.0,1089.8,1055.0,1067.6,90737.0
2010-12-15 09:15:00,NSE:ULTRACEMCO,1062.25,1077.15,1044.0,1053.4,128473.0
2010-12-16 09:15:00,NSE:ULTRACEMCO,1058.8,1066.0,1045.0,1060.5,314701.0
2010-12-20 09:15:00,NSE:ULTRACEMCO,1060.0,1075.0,1053.25,1074.6,129233.0
2010-12-21 09:15:00,NSE:ULTRACEMCO,1075.0,1080.0,1068.55,1073.0,156228.0
2010-12-22 09:15:00,NSE:ULTRACEMCO,1062.85,1074.0,1053.3,1063.65,48544.0
2010-12-23 09:15:00,NSE:ULTRACEMCO,1057.0,1074.95,1050.0,1054.1,50119.0
2010-12-24 09:15:00,NSE:ULTRACEMCO,1055.05,1063.8,1040.0,1050.5,75614.0
2010-12-27 09:15:00,NSE:ULTRACEMCO,1050.0,1060.15,1036.0,1054.6,111275.0
2010-12-28 09:15:00,NSE:ULTRACEMCO,1050.0,1068.9,1048.05,1054.1,42405.0
2010-12-29 09:15:00,NSE:ULTRACEMCO,1054.05,1075.0,1047.1,1070.55,103737.0
2010-12-30 09:15:00,NSE:ULTRACEMCO,1072.0,1074.0,1051.5,1069.15,232928.0
2010-12-31 09:15:00,NSE:ULTRACEMCO,1063.1,1087.0,1060.0,1084.25,68746.0
2011-01-03 09:15:00,NSE:ULTRACEMCO,1085.0,1098.6,1080.05,1087.7,114830.0
2011-01-04 09:15:00,NSE:ULTRACEMCO,1086.25,1099.75,1071.15,1090.2,144318.0
2011-01-05 09:15:00,NSE:ULTRACEMCO,1072.5,1089.35,1055.0,1072.55,66346.0
2011-01-06 09:15:00,NSE:ULTRACEMCO,1068.3,1077.95,1005.35,1010.85,132194.0
2011-01-07 09:15:00,NSE:ULTRACEMCO,1009.0,1019.0,980.0,987.75,57196.0
2011-01-10 09:15:00,NSE:ULTRACEMCO,999.90002,1002.0,968.09998,995.45001,54879.0
2011-01-11 09:15:00,NSE:ULTRACEMCO,1009.0,1033.7,998.70001,1013.7,82402.0
2011-01-12 09:15:00,NSE:ULTRACEMCO,1020.0,1030.0,1000.35,1007.7,51876.0
2011-01-13 09:15:00,NSE:ULTRACEMCO,1001.05,1048.7,1001.05,1038.65,194443.0
2011-01-14 09:15:00,NSE:ULTRACEMCO,1039.95,1039.95,993.95001,1020.7,44574.0
2011-01-17 09:15:00,NSE:ULTRACEMCO,1027.0,1037.0,1007.0,1010.75,69969.0
2011-01-18 09:15:00,NSE:ULTRACEMCO,1007.0,1025.05,1007.0,1019.25,32023.0
2011-01-19 09:15:00,NSE:ULTRACEMCO,1030.0,1030.0,1007.1,1014.4,24236.0
2011-01-20 09:15:00,NSE:ULTRACEMCO,1005.0,1054.8,1001.0,1033.8,77757.0
2011-01-21 09:15:00,NSE:ULTRACEMCO,1031.9,1044.5,1015.8,1024.0,22787.0
2011-01-24 09:15:00,NSE:ULTRACEMCO,1019.95,1024.5,1009.5,1017.75,32146.0
2011-01-25 09:15:00,NSE:ULTRACEMCO,1049.9,1049.9,1016.0,1023.1,123169.0
2011-01-27 09:15:00,NSE:ULTRACEMCO,1030.0,1030.0,988.0,1004.85,235938.0
2011-01-28 09:15:00,NSE:ULTRACEMCO,1010.5,1010.5,994.0,997.90002,145636.0
2011-01-31 09:15:00,NSE:ULTRACEMCO,990.0,1197.45,971.0,1002.8,126353.0
2011-02-01 09:15:00,NSE:ULTRACEMCO,1014.0,1018.9,992.0,996.09998,245077.0
2011-02-02 09:15:00,NSE:ULTRACEMCO,1002.0,1014.0,986.04999,999.84998,128802.0
2011-02-03 09:15:00,NSE:ULTRACEMCO,1000.0,1014.0,999.95001,1005.3,408520.0
2011-02-04 09:15:00,NSE:ULTRACEMCO,1033.65,1033.65,996.0,1006.85,323791.0
2011-02-07 09:15:00,NSE:ULTRACEMCO,1011.0,1024.0,986.09998,993.34998,104833.0
2011-02-08 09:15:00,NSE:ULTRACEMCO,994.40002,999.0,942.25,953.40002,105297.0
2011-02-09 09:15:00,NSE:ULTRACEMCO,950.04999,953.34998,886.0,897.25,120443.0
2011-02-10 09:15:00,NSE:ULTRACEMCO,903.0,923.90002,883.40002,917.29999,224235.0
2011-02-11 09:15:00,NSE:ULTRACEMCO,910.04999,924.40002,898.04999,914.79999,109057.0
2011-02-14 09:15:00,NSE:ULTRACEMCO,917.0,945.90002,917.0,936.40002,42529.0
2011-02-15 09:15:00,NSE:ULTRACEMCO,936.0,953.90002,921.0,946.0,53279.0
2011-02-16 09:15:00,NSE:ULTRACEMCO,945.0,949.0,926.29999,938.45001,46628.0
2011-02-17 09:15:00,NSE:ULTRACEMCO,936.04999,950.0,936.04999,939.84998,27930.0
2011-02-18 09:15:00,NSE:ULTRACEMCO,946.0,976.0,935.04999,946.09998,115233.0
2011-02-21 09:15:00,NSE:ULTRACEMCO,930.04999,968.45001,927.04999,961.25,51489.0
2011-02-22 09:15:00,NSE:ULTRACEMCO,958.0,970.04999,933.04999,956.34998,280978.0
2011-02-23 09:15:00,NSE:ULTRACEMCO,955.40002,976.70001,945.0,968.90002,172107.0
2011-02-24 09:15:00,NSE:ULTRACEMCO,967.0,974.75,958.54999,967.15002,217634.0
2011-02-25 09:15:00,NSE:ULTRACEMCO,952.59998,982.45001,952.59998,959.20001,184440.0
2011-02-28 09:15:00,NSE:ULTRACEMCO,942.20001,974.79999,925.0,930.79999,64250.0
2011-03-01 09:15:00,NSE:ULTRACEMCO,925.0,965.0,925.0,955.84998,45974.0
2011-03-03 09:15:00,NSE:ULTRACEMCO,930.59998,983.0,920.29999,973.95001,31344.0
2011-03-04 09:15:00,NSE:ULTRACEMCO,983.0,1016.7,967.0,1009.75,145996.0
2011-03-07 09:15:00,NSE:ULTRACEMCO,1008.0,1022.0,990.0,1008.7,63194.0
2011-03-08 09:15:00,NSE:ULTRACEMCO,1007.95,1032.9,1007.95,1025.05,270198.0
2011-03-09 09:15:00,NSE:ULTRACEMCO,1034.45,1034.45,1014.0,1020.0,121672.0
2011-03-10 09:15:00,NSE:ULTRACEMCO,1020.0,1027.05,1011.0,1017.65,106798.0
2011-03-11 09:15:00,NSE:ULTRACEMCO,1014.9,1022.0,1001.7,1014.75,56373.0
2011-03-14 09:15:00,NSE:ULTRACEMCO,1008.95,1037.5,1003.05,1030.4,207549.0
2011-03-15 09:15:00,NSE:ULTRACEMCO,992.59998,1029.0,992.59998,1019.5,99741.0
2011-03-16 09:15:00,NSE:ULTRACEMCO,1014.95,1032.0,1014.95,1027.15,117703.0
2011-03-17 09:15:00,NSE:ULTRACEMCO,1019.95,1025.95,1016.0,1023.6,361406.0
2011-03-18 09:15:00,NSE:ULTRACEMCO,1009.3,1049.4,1009.3,1036.75,127049.0
2011-03-21 09:15:00,NSE:ULTRACEMCO,1033.95,1047.8,1001.1,1017.2,267687.0
2011-03-22 09:15:00,NSE:ULTRACEMCO,1007.55,1034.0,1007.55,1022.05,192035.0
2011-03-23 09:15:00,NSE:ULTRACEMCO,1018.0,1030.95,1017.0,1021.55,126849.0
2011-03-24 09:15:00,NSE:ULTRACEMCO,1016.1,1039.5,1016.1,1032.85,111649.0
2011-03-25 09:15:00,NSE:ULTRACEMCO,1044.4,1057.0,1033.4,1050.45,156849.0
2011-03-28 09:15:00,NSE:ULTRACEMCO,1042.95,1074.0,1042.95,1069.65,185034.0
2011-03-29 09:15:00,NSE:ULTRACEMCO,1065.95,1098.0,1061.0,1088.9,215000.0
2011-03-30 09:15:00,NSE:ULTRACEMCO,1099.0,1145.0,1090.3,1125.7,204737.0
2011-03-31 09:15:00,NSE:ULTRACEMCO,1121.0,1147.5,1105.65,1131.5,204043.0
2011-04-01 09:15:00,NSE:ULTRACEMCO,1104.65,1131.85,1060.0,1111.25,45434.0
2011-04-04 09:15:00,NSE:ULTRACEMCO,1090.25,1130.0,1090.25,1119.6,103258.0
2011-04-05 09:15:00,NSE:ULTRACEMCO,1105.3,1138.9,1105.3,1133.75,149246.0
2011-04-06 09:15:00,NSE:ULTRACEMCO,1130.05,1135.0,1113.0,1118.15,45122.0
2011-04-07 09:15:00,NSE:ULTRACEMCO,1110.95,1125.05,1096.0,1100.6,138620.0
2011-04-08 09:15:00,NSE:ULTRACEMCO,1128.1,1128.1,1085.0,1091.8,93699.0
2011-04-11 09:15:00,NSE:ULTRACEMCO,1090.0,1099.9,1072.95,1079.5,66419.0
2011-04-13 09:15:00,NSE:ULTRACEMCO,1099.0,1099.0,1062.65,1086.45,139358.0
2011-04-15 09:15:00,NSE:ULTRACEMCO,1085.05,1091.1,1064.45,1070.55,53590.0
2011-04-18 09:15:00,NSE:ULTRACEMCO,1071.9,1074.05,1031.5,1045.7,109862.0
2011-04-19 09:15:00,NSE:ULTRACEMCO,1044.0,1049.9,1021.55,1032.5,140077.0
2011-04-20 09:15:00,NSE:ULTRACEMCO,1023.1,1048.8,1007.0,1019.35,449774.0
2011-04-21 09:15:00,NSE:ULTRACEMCO,1028.75,1033.45,1004.5,1011.65,227968.0
2011-04-25 09:15:00,NSE:ULTRACEMCO,1015.0,1040.0,1015.0,1035.8,44755.0
2011-04-26 09:15:00,NSE:ULTRACEMCO,1040.65,1075.0,1039.0,1058.75,419657.0
2011-04-27 09:15:00,NSE:ULTRACEMCO,1070.0,1071.15,1045.0,1060.15,255168.0
2011-04-28 09:15:00,NSE:ULTRACEMCO,1060.05,1073.0,1057.0,1065.65,180321.0
2011-04-29 09:15:00,NSE:ULTRACEMCO,1070.0,1094.5,1070.0,1089.15,356499.0
2011-05-02 09:15:00,NSE:ULTRACEMCO,1092.25,1095.0,1056.5,1064.05,76412.0
2011-05-03 09:15:00,NSE:ULTRACEMCO,1051.1,1078.8,1016.2,1033.15,153182.0
2011-05-04 09:15:00,NSE:ULTRACEMCO,1017.05,1032.95,1005.0,1015.1,146645.0
2011-05-05 09:15:00,NSE:ULTRACEMCO,997.20001,1024.45,997.20001,1007.6,97845.0
2011-05-06 09:15:00,NSE:ULTRACEMCO,998.95001,1054.8,998.95001,1045.6,89940.0
2011-05-09 09:15:00,NSE:ULTRACEMCO,1044.85,1066.0,1031.2,1038.65,158657.0
2011-05-10 09:15:00,NSE:ULTRACEMCO,1028.05,1056.0,1028.05,1049.8,114122.0
2011-05-11 09:15:00,NSE:ULTRACEMCO,1050.0,1053.0,1036.05,1048.7,174707.0
2011-05-12 09:15:00,NSE:ULTRACEMCO,1047.5,1050.0,1023.35,1032.35,90671.0
2011-05-13 09:15:00,NSE:ULTRACEMCO,1030.05,1061.0,1027.1,1050.85,80415.0
2011-05-16 09:15:00,NSE:ULTRACEMCO,1039.95,1055.0,1039.95,1047.9,36657.0
2011-05-17 09:15:00,NSE:ULTRACEMCO,1035.05,1053.9,1032.0,1038.95,42787.0
2011-05-18 09:15:00,NSE:ULTRACEMCO,1032.1,1064.0,1021.95,1036.1,41315.0
2011-05-19 09:15:00,NSE:ULTRACEMCO,1028.05,1036.95,1023.0,1025.3,51044.0
2011-05-20 09:15:00,NSE:ULTRACEMCO,1020.15,1051.0,1020.15,1033.9,41927.0
2011-05-23 09:15:00,NSE:ULTRACEMCO,1044.95,1049.0,1021.5,1033.3,34231.0
2011-05-24 09:15:00,NSE:ULTRACEMCO,1026.0,1033.0,1024.0,1026.3,15316.0
2011-05-25 09:15:00,NSE:ULTRACEMCO,1021.55,1039.65,1013.0,1023.25,242741.0
2011-05-26 09:15:00,NSE:ULTRACEMCO,1021.0,1044.4,1010.0,1025.55,357876.0
2011-05-27 09:15:00,NSE:ULTRACEMCO,1020.0,1061.0,1020.0,1034.55,106758.0
2011-05-30 09:15:00,NSE:ULTRACEMCO,1048.0,1057.0,1014.0,1018.15,112972.0
2011-05-31 09:15:00,NSE:ULTRACEMCO,1037.7,1037.7,1020.2,1025.6,169380.0
2011-06-01 09:15:00,NSE:ULTRACEMCO,1016.15,1042.0,1016.15,1035.7,79530.0
2011-06-02 09:15:00,NSE:ULTRACEMCO,1020.05,1047.0,1020.0,1041.3,34408.0
2011-06-03 09:15:00,NSE:ULTRACEMCO,1043.95,1048.0,1023.0,1029.95,70745.0
2011-06-06 09:15:00,NSE:ULTRACEMCO,1028.0,1030.0,1011.6,1014.2,38104.0
2011-06-07 09:15:00,NSE:ULTRACEMCO,1013.4,1029.95,1008.3,1019.8,117461.0
2011-06-08 09:15:00,NSE:ULTRACEMCO,1032.55,1032.95,1010.5,1030.3,87521.0
2011-06-09 09:15:00,NSE:ULTRACEMCO,1021.35,1044.9,1021.35,1040.2,89448.0
2011-06-10 09:15:00,NSE:ULTRACEMCO,1047.3,1047.3,1007.9,1023.4,135619.0
2011-06-13 09:15:00,NSE:ULTRACEMCO,1025.0,1032.0,1015.0,1026.65,21494.0
2011-06-14 09:15:00,NSE:ULTRACEMCO,1024.3,1051.75,1024.3,1048.4,88721.0
2011-06-15 09:15:00,NSE:ULTRACEMCO,1047.95,1049.0,1031.0,1033.2,99452.0
2011-06-16 09:15:00,NSE:ULTRACEMCO,1029.0,1029.0,972.75,1006.95,120373.0
2011-06-17 09:15:00,NSE:ULTRACEMCO,1003.0,1017.0,956.04999,963.84998,111376.0
2011-06-20 09:15:00,NSE:ULTRACEMCO,965.09998,970.0,914.0,945.20001,234635.0
2011-06-21 09:15:00,NSE:ULTRACEMCO,952.95001,974.79999,937.0,967.84998,54551.0
2011-06-22 09:15:00,NSE:ULTRACEMCO,998.65002,998.65002,961.0,972.04999,34201.0
2011-06-23 09:15:00,NSE:ULTRACEMCO,968.95001,971.84998,950.54999,956.95001,38645.0
2011-06-24 09:15:00,NSE:ULTRACEMCO,951.0,962.0,951.0,957.70001,28527.0
2011-06-27 09:15:00,NSE:ULTRACEMCO,951.95001,964.90002,949.95001,961.90002,33971.0
2011-06-28 09:15:00,NSE:ULTRACEMCO,962.0,964.79999,953.25,961.84998,48852.0
2011-06-29 09:15:00,NSE:ULTRACEMCO,962.0,963.0,949.0,956.70001,24886.0
2011-06-30 09:15:00,NSE:ULTRACEMCO,959.0,964.84998,915.54999,929.90002,164882.0
2011-07-01 09:15:00,NSE:ULTRACEMCO,937.0,941.5,920.29999,936.04999,321160.0
2011-07-04 09:15:00,NSE:ULTRACEMCO,939.70001,958.0,917.95001,949.84998,145671.0
2011-07-05 09:15:00,NSE:ULTRACEMCO,943.15002,967.20001,941.09998,963.20001,166978.0
2011-07-06 09:15:00,NSE:ULTRACEMCO,942.29999,975.65002,942.29999,961.04999,77813.0
2011-07-07 09:15:00,NSE:ULTRACEMCO,960.0,1003.3,956.54999,984.79999,141558.0
2011-07-08 09:15:00,NSE:ULTRACEMCO,983.5,993.95001,975.15002,981.65002,36894.0
2011-07-11 09:15:00,NSE:ULTRACEMCO,975.20001,1003.0,959.0,978.54999,155645.0
2011-07-12 09:15:00,NSE:ULTRACEMCO,980.0,983.0,966.0,977.79999,29145.0
2011-07-13 09:15:00,NSE:ULTRACEMCO,977.75,997.90002,965.5,991.84998,38627.0
2011-07-14 09:15:00,NSE:ULTRACEMCO,987.15002,998.0,985.0,993.0,60976.0
2011-07-15 09:15:00,NSE:ULTRACEMCO,990.0,1003.45,989.45001,998.45001,47885.0
2011-07-18 09:15:00,NSE:ULTRACEMCO,999.79999,1010.0,992.54999,996.84998,15110.0
2011-07-19 09:15:00,NSE:ULTRACEMCO,992.20001,1002.45,991.15002,997.09998,62705.0
2011-07-20 09:15:00,NSE:ULTRACEMCO,990.29999,1004.0,983.29999,985.29999,114606.0
2011-07-21 09:15:00,NSE:ULTRACEMCO,983.04999,992.70001,966.59998,973.09998,136704.0
2011-07-22 09:15:00,NSE:ULTRACEMCO,982.95001,1011.1,974.0,1003.3,34892.0
2011-07-25 09:15:00,NSE:ULTRACEMCO,1004.0,1009.0,994.09998,1000.2,55364.0
2011-07-26 09:15:00,NSE:ULTRACEMCO,1001.7,1006.0,998.15002,1003.55,83901.0
2011-07-27 09:15:00,NSE:ULTRACEMCO,1004.05,1033.0,1001.0,1027.0,890845.0
2011-07-28 09:15:00,NSE:ULTRACEMCO,1020.0,1038.0,1017.35,1026.0,349612.0
2011-07-29 09:15:00,NSE:ULTRACEMCO,1014.95,1037.5,1011.0,1029.45,97150.0
2011-08-01 09:15:00,NSE:ULTRACEMCO,1030.0,1048.0,1024.05,1028.85,105480.0
2011-08-02 09:15:00,NSE:ULTRACEMCO,1036.4,1041.9,1026.0,1029.3,22916.0
2011-08-03 09:15:00,NSE:ULTRACEMCO,1024.95,1037.3,1024.9,1027.9,246388.0
2011-08-04 09:15:00,NSE:ULTRACEMCO,1014.2,1029.8,1014.2,1018.7,563900.0
2011-08-05 09:15:00,NSE:ULTRACEMCO,1000.0,1013.65,985.20001,1000.45,44864.0
2011-08-08 09:15:00,NSE:ULTRACEMCO,980.25,980.25,948.25,966.20001,345486.0
2011-08-09 09:15:00,NSE:ULTRACEMCO,956.04999,999.84998,950.09998,987.45001,58939.0
2011-08-10 09:15:00,NSE:ULTRACEMCO,992.79999,1034.95,992.79999,1017.2,106189.0
2011-08-11 09:15:00,NSE:ULTRACEMCO,1029.0,1034.0,1006.0,1024.95,160135.0
2011-08-12 09:15:00,NSE:ULTRACEMCO,1024.95,1032.95,1015.15,1019.95,292746.0
2011-08-16 09:15:00,NSE:ULTRACEMCO,1031.0,1031.0,1010.0,1022.7,168744.0
2011-08-17 09:15:00,NSE:ULTRACEMCO,1016.5,1025.0,998.0,1010.6,261990.0
2011-08-18 09:15:00,NSE:ULTRACEMCO,1032.0,1032.0,979.04999,985.34998,249027.0
2011-08-19 09:15:00,NSE:ULTRACEMCO,971.59998,994.04999,971.59998,987.95001,63880.0
2011-08-22 09:15:00,NSE:ULTRACEMCO,992.0,1031.0,988.0,1021.9,244536.0
2011-08-23 09:15:00,NSE:ULTRACEMCO,1022.0,1082.9,1022.0,1060.6,356587.0
2011-08-24 09:15:00,NSE:ULTRACEMCO,1066.05,1085.95,1059.2,1067.65,374429.0
2011-08-25 09:15:00,NSE:ULTRACEMCO,1055.15,1079.25,1055.15,1068.2,294550.0
2011-08-26 09:15:00,NSE:ULTRACEMCO,1061.35,1073.95,1053.3,1059.55,142205.0
2011-08-29 09:15:00,NSE:ULTRACEMCO,1031.05,1079.25,1031.0,1067.4,187660.0
2011-08-30 09:15:00,NSE:ULTRACEMCO,1074.0,1080.8,1066.0,1070.2,213573.0
2011-09-02 09:15:00,NSE:ULTRACEMCO,1075.0,1198.0,1075.0,1100.05,279434.0
2011-09-05 09:15:00,NSE:ULTRACEMCO,1095.65,1126.0,1090.05,1104.2,83733.0
2011-09-06 09:15:00,NSE:ULTRACEMCO,1087.0,1141.8,1040.0,1102.0,171846.0
2011-09-07 09:15:00,NSE:ULTRACEMCO,1105.55,1123.0,1100.0,1117.15,217231.0
2011-09-08 09:15:00,NSE:ULTRACEMCO,1129.85,1129.9,1108.75,1117.7,122799.0
2011-09-09 09:15:00,NSE:ULTRACEMCO,1111.65,1119.6,1052.65,1088.95,129276.0
2011-09-12 09:15:00,NSE:ULTRACEMCO,1071.55,1118.0,1071.55,1100.25,217600.0
2011-09-13 09:15:00,NSE:ULTRACEMCO,1115.75,1119.8,1102.0,1112.7,63127.0
2011-09-14 09:15:00,NSE:ULTRACEMCO,1118.0,1123.4,1100.0,1102.3,32935.0
2011-09-15 09:15:00,NSE:ULTRACEMCO,1106.95,1149.75,1102.3,1146.55,329961.0
2011-09-16 09:15:00,NSE:ULTRACEMCO,1147.0,1153.95,1123.0,1126.0,201974.0
2011-09-19 09:15:00,NSE:ULTRACEMCO,1104.25,1139.9,1104.25,1136.35,88361.0
2011-09-20 09:15:00,NSE:ULTRACEMCO,1135.0,1150.0,1125.0,1144.25,175315.0
2011-09-21 09:15:00,NSE:ULTRACEMCO,1153.95,1174.45,1145.25,1168.45,102761.0
2011-09-22 09:15:00,NSE:ULTRACEMCO,1158.0,1172.9,1145.2,1155.55,96944.0
2011-09-23 09:15:00,NSE:ULTRACEMCO,1125.7,1169.0,1125.7,1162.0,119773.0
2011-09-26 09:15:00,NSE:ULTRACEMCO,1146.0,1169.75,1125.1,1137.6,76462.0
2011-09-27 09:15:00,NSE:ULTRACEMCO,1142.0,1144.0,1128.1,1134.65,112105.0
2011-09-28 09:15:00,NSE:ULTRACEMCO,1125.45,1158.7,1125.45,1148.7,289662.0
2011-09-29 09:15:00,NSE:ULTRACEMCO,1150.0,1159.1,1121.25,1137.3,172273.0
2011-09-30 09:15:00,NSE:ULTRACEMCO,1165.7,1165.7,1112.75,1141.6,155234.0
2011-10-03 09:15:00,NSE:ULTRACEMCO,1128.05,1133.25,1093.0,1100.55,71714.0
2011-10-04 09:15:00,NSE:ULTRACEMCO,1091.3,1117.9,1085.15,1100.5,124457.0
2011-10-05 09:15:00,NSE:ULTRACEMCO,1090.0,1114.85,1090.0,1106.0,40853.0
2011-10-07 09:15:00,NSE:ULTRACEMCO,1125.0,1146.4,1084.15,1095.55,184226.0
2011-10-10 09:15:00,NSE:ULTRACEMCO,1101.05,1108.8,1073.0,1085.05,377845.0
2011-10-11 09:15:00,NSE:ULTRACEMCO,1095.0,1095.0,1065.15,1084.85,94494.0
2011-10-12 09:15:00,NSE:ULTRACEMCO,1091.6,1118.0,1091.6,1110.65,159463.0
2011-10-13 09:15:00,NSE:ULTRACEMCO,1110.05,1140.0,1106.65,1131.0,128485.0
2011-10-14 09:15:00,NSE:ULTRACEMCO,1121.2,1132.0,1111.15,1125.45,23772.0
2011-10-17 09:15:00,NSE:ULTRACEMCO,1130.0,1134.5,1105.0,1123.65,27700.0
2011-10-18 09:15:00,NSE:ULTRACEMCO,1135.0,1139.9,1095.0,1123.95,92116.0
2011-10-19 09:15:00,NSE:ULTRACEMCO,1125.05,1129.85,1122.0,1124.0,34443.0
2011-10-20 09:15:00,NSE:ULTRACEMCO,1139.7,1139.7,1095.0,1119.05,188426.0
2011-10-21 09:15:00,NSE:ULTRACEMCO,1132.75,1132.75,1105.55,1120.75,43252.0
2011-10-24 09:15:00,NSE:ULTRACEMCO,1122.1,1155.0,1122.1,1129.5,147832.0
2011-10-25 09:15:00,NSE:ULTRACEMCO,1111.05,1144.5,1111.0,1134.35,121302.0
2011-10-26 09:15:00,NSE:ULTRACEMCO,1140.0,1140.0,1128.0,1133.35,2817.0
2011-10-28 09:15:00,NSE:ULTRACEMCO,1138.25,1194.1,1117.7,1164.4,215918.0
2011-10-31 09:15:00,NSE:ULTRACEMCO,1166.0,1173.15,1146.0,1152.6,150776.0
2011-11-01 09:15:00,NSE:ULTRACEMCO,1135.55,1161.95,1135.55,1143.15,72345.0
2011-11-02 09:15:00,NSE:ULTRACEMCO,1146.0,1157.9,1138.5,1144.9,127878.0
2011-11-03 09:15:00,NSE:ULTRACEMCO,1150.0,1152.85,1128.35,1148.05,185881.0
2011-11-04 09:15:00,NSE:ULTRACEMCO,1148.0,1166.8,1141.5,1150.05,114167.0
2011-11-08 09:15:00,NSE:ULTRACEMCO,1147.65,1162.5,1147.65,1157.95,152906.0
2011-11-09 09:15:00,NSE:ULTRACEMCO,1179.75,1185.05,1159.0,1164.0,151749.0
2011-11-11 09:15:00,NSE:ULTRACEMCO,1158.6,1207.9,1140.35,1176.4,228013.0
2011-11-14 09:15:00,NSE:ULTRACEMCO,1184.0,1195.75,1170.0,1172.6,146545.0
2011-11-15 09:15:00,NSE:ULTRACEMCO,1170.0,1174.5,1145.15,1148.55,155971.0
2011-11-16 09:15:00,NSE:ULTRACEMCO,1150.05,1161.75,1138.0,1156.5,181442.0
2011-11-17 09:15:00,NSE:ULTRACEMCO,1157.95,1159.45,1141.0,1147.5,200155.0
2011-11-18 09:15:00,NSE:ULTRACEMCO,1148.0,1148.0,1127.7,1135.6,123544.0
2011-11-21 09:15:00,NSE:ULTRACEMCO,1115.45,1129.75,1105.0,1109.85,86558.0
2011-11-22 09:15:00,NSE:ULTRACEMCO,1129.75,1137.8,1110.1,1129.7,155954.0
2011-11-23 09:15:00,NSE:ULTRACEMCO,1111.05,1128.8,1101.1,1108.2,80932.0
2011-11-24 09:15:00,NSE:ULTRACEMCO,1100.1,1154.95,1095.55,1122.55,145846.0
2011-11-25 09:15:00,NSE:ULTRACEMCO,1114.95,1134.45,1111.3,1118.45,64460.0
2011-11-28 09:15:00,NSE:ULTRACEMCO,1153.1,1192.85,1133.15,1169.4,241730.0
2011-11-29 09:15:00,NSE:ULTRACEMCO,1175.1,1180.05,1143.0,1148.35,78547.0
2011-11-30 09:15:00,NSE:ULTRACEMCO,1151.95,1168.8,1142.6,1148.7,344701.0
2011-12-01 09:15:00,NSE:ULTRACEMCO,1152.45,1174.75,1152.45,1165.2,106972.0
2011-12-02 09:15:00,NSE:ULTRACEMCO,1162.5,1182.0,1160.0,1176.7,337589.0
2011-12-05 09:15:00,NSE:ULTRACEMCO,1176.7,1202.4,1173.1,1189.9,111391.0
2011-12-07 09:15:00,NSE:ULTRACEMCO,1189.9,1230.0,1189.9,1220.3,606339.0
2011-12-08 09:15:00,NSE:ULTRACEMCO,1225.0,1225.0,1197.4,1217.05,297693.0
2011-12-09 09:15:00,NSE:ULTRACEMCO,1214.95,1220.05,1199.0,1208.15,91662.0
2011-12-12 09:15:00,NSE:ULTRACEMCO,1230.0,1230.0,1130.2,1148.25,121519.0
2011-12-13 09:15:00,NSE:ULTRACEMCO,1130.25,1168.75,1123.0,1142.6,122023.0
2011-12-14 09:15:00,NSE:ULTRACEMCO,1164.9,1167.0,1141.05,1150.3,167171.0
2011-12-15 09:15:00,NSE:ULTRACEMCO,1141.2,1153.85,1133.5,1147.4,201276.0
2011-12-16 09:15:00,NSE:ULTRACEMCO,1148.45,1167.65,1126.35,1138.15,89753.0
2011-12-19 09:15:00,NSE:ULTRACEMCO,1136.0,1142.55,1120.05,1131.6,62228.0
2011-12-20 09:15:00,NSE:ULTRACEMCO,1148.95,1148.95,1109.95,1120.75,227252.0
2011-12-21 09:15:00,NSE:ULTRACEMCO,1120.0,1134.15,1113.5,1121.7,144200.0
2011-12-22 09:15:00,NSE:ULTRACEMCO,1122.55,1170.95,1122.55,1166.9,107009.0
2011-12-23 09:15:00,NSE:ULTRACEMCO,1155.65,1191.0,1155.65,1180.95,145218.0
2011-12-26 09:15:00,NSE:ULTRACEMCO,1180.0,1195.0,1180.0,1190.65,151147.0
2011-12-27 09:15:00,NSE:ULTRACEMCO,1180.0,1201.8,1180.0,1190.0,231161.0
2011-12-28 09:15:00,NSE:ULTRACEMCO,1194.0,1206.55,1168.75,1175.6,65347.0
2011-12-29 09:15:00,NSE:ULTRACEMCO,1180.0,1180.0,1142.1,1157.65,145752.0
2011-12-30 09:15:00,NSE:ULTRACEMCO,1152.05,1180.0,1152.05,1166.5,44396.0
2012-01-02 09:15:00,NSE:ULTRACEMCO,1166.5,1169.0,1136.05,1154.0,24412.0
2012-01-03 09:15:00,NSE:ULTRACEMCO,1133.2,1189.0,1133.2,1175.65,122519.0
2012-01-04 09:15:00,NSE:ULTRACEMCO,1155.2,1170.95,1131.55,1141.9,68602.0
2012-01-05 09:15:00,NSE:ULTRACEMCO,1145.0,1155.75,1118.2,1150.1,97715.0
2012-01-06 09:15:00,NSE:ULTRACEMCO,1140.75,1160.0,1129.95,1150.6,42809.0
2012-01-09 09:15:00,NSE:ULTRACEMCO,1140.05,1157.9,1130.0,1151.75,28622.0
2012-01-10 09:15:00,NSE:ULTRACEMCO,1150.0,1176.9,1150.0,1164.95,98735.0
2012-01-11 09:15:00,NSE:ULTRACEMCO,1140.3,1176.9,1133.25,1137.75,122747.0
2012-01-12 09:15:00,NSE:ULTRACEMCO,1149.45,1150.0,1124.55,1146.9,110665.0
2012-01-13 09:15:00,NSE:ULTRACEMCO,1167.95,1169.9,1137.4,1164.45,366352.0
2012-01-16 09:15:00,NSE:ULTRACEMCO,1150.0,1168.0,1150.0,1159.35,80620.0
2012-01-17 09:15:00,NSE:ULTRACEMCO,1164.0,1187.0,1153.9,1179.7,146565.0
2012-01-18 09:15:00,NSE:ULTRACEMCO,1180.0,1194.3,1150.25,1182.55,126053.0
2012-01-19 09:15:00,NSE:ULTRACEMCO,1188.0,1234.9,1183.55,1199.75,133180.0
2012-01-20 09:15:00,NSE:ULTRACEMCO,1197.2,1229.0,1186.0,1213.75,126539.0
2012-01-23 09:15:00,NSE:ULTRACEMCO,1249.0,1280.0,1211.1,1218.45,142198.0
2012-01-24 09:15:00,NSE:ULTRACEMCO,1192.0,1259.3,1192.0,1217.85,63304.0
2012-01-25 09:15:00,NSE:ULTRACEMCO,1219.95,1259.0,1219.5,1239.7,175000.0
2012-01-27 09:15:00,NSE:ULTRACEMCO,1204.2,1258.0,1201.65,1229.8,125982.0
2012-01-30 09:15:00,NSE:ULTRACEMCO,1239.0,1239.0,1173.0,1190.05,183932.0
2012-01-31 09:15:00,NSE:ULTRACEMCO,1210.0,1239.7,1200.0,1214.75,262531.0
2012-02-01 09:15:00,NSE:ULTRACEMCO,1226.4,1247.0,1212.05,1239.15,195335.0
2012-02-02 09:15:00,NSE:ULTRACEMCO,1249.95,1269.0,1240.05,1263.25,256275.0
2012-02-03 09:15:00,NSE:ULTRACEMCO,1263.25,1280.0,1259.35,1275.8,304381.0
2012-02-06 09:15:00,NSE:ULTRACEMCO,1252.8,1383.2,1252.8,1363.75,418569.0
2012-02-07 09:15:00,NSE:ULTRACEMCO,1366.55,1399.0,1337.1,1360.7,258190.0
2012-02-08 09:15:00,NSE:ULTRACEMCO,1361.1,1399.0,1350.25,1387.05,218501.0
2012-02-09 09:15:00,NSE:ULTRACEMCO,1380.0,1410.0,1365.05,1400.65,322396.0
2012-02-10 09:15:00,NSE:ULTRACEMCO,1405.05,1420.0,1375.0,1382.85,179067.0
2012-02-13 09:15:00,NSE:ULTRACEMCO,1355.55,1400.0,1355.2,1396.5,90789.0
2012-02-14 09:15:00,NSE:ULTRACEMCO,1218.0,1415.0,1218.0,1408.55,135805.0
2012-02-15 09:15:00,NSE:ULTRACEMCO,1414.95,1464.35,1410.0,1439.25,315221.0
2012-02-16 09:15:00,NSE:ULTRACEMCO,1439.25,1478.0,1425.3,1472.3,156126.0
2012-02-17 09:15:00,NSE:ULTRACEMCO,1475.0,1491.9,1465.05,1476.3,247401.0
2012-02-21 09:15:00,NSE:ULTRACEMCO,1475.0,1494.4,1470.0,1480.4,240228.0
2012-02-22 09:15:00,NSE:ULTRACEMCO,1489.0,1494.7,1476.1,1480.55,234989.0
2012-02-23 09:15:00,NSE:ULTRACEMCO,1463.2,1473.85,1417.9,1446.0,341619.0
2012-02-24 09:15:00,NSE:ULTRACEMCO,1435.0,1439.35,1392.35,1402.4,119477.0
2012-02-27 09:15:00,NSE:ULTRACEMCO,1377.4,1410.0,1377.4,1399.05,180583.0
2012-02-28 09:15:00,NSE:ULTRACEMCO,1394.55,1422.0,1391.5,1404.95,311245.0
2012-02-29 09:15:00,NSE:ULTRACEMCO,1414.95,1434.9,1395.1,1406.4,131900.0
2012-03-01 09:15:00,NSE:ULTRACEMCO,1403.95,1425.0,1379.0,1416.85,75492.0
2012-03-02 09:15:00,NSE:ULTRACEMCO,1429.95,1436.7,1412.35,1424.55,91417.0
2012-03-05 09:15:00,NSE:ULTRACEMCO,1401.9,1401.9,1379.25,1390.25,54876.0
2012-03-06 09:15:00,NSE:ULTRACEMCO,1386.9,1424.2,1375.05,1405.6,94447.0
2012-03-07 09:15:00,NSE:ULTRACEMCO,1424.95,1434.85,1377.0,1422.7,288079.0
2012-03-09 09:15:00,NSE:ULTRACEMCO,1450.0,1484.0,1420.0,1472.7,179306.0
2012-03-12 09:15:00,NSE:ULTRACEMCO,1484.95,1488.95,1460.5,1476.05,151030.0
2012-03-13 09:15:00,NSE:ULTRACEMCO,1484.0,1505.0,1466.1,1500.5,222365.0
2012-03-14 09:15:00,NSE:ULTRACEMCO,1505.0,1519.9,1503.0,1508.2,150619.0
2012-03-15 09:15:00,NSE:ULTRACEMCO,1511.0,1520.0,1479.75,1483.1,615232.0
2012-03-16 09:15:00,NSE:ULTRACEMCO,1480.0,1499.35,1465.0,1480.3,184174.0
2012-03-19 09:15:00,NSE:ULTRACEMCO,1474.9,1525.0,1463.0,1481.9,93727.0
2012-03-20 09:15:00,NSE:ULTRACEMCO,1499.9,1525.0,1455.15,1508.4,290176.0
2012-03-21 09:15:00,NSE:ULTRACEMCO,1505.0,1544.7,1502.1,1529.75,153369.0
2012-03-22 09:15:00,NSE:ULTRACEMCO,1535.0,1544.0,1477.5,1497.25,207822.0
2012-03-23 09:15:00,NSE:ULTRACEMCO,1501.0,1530.9,1498.1,1515.0,122159.0
2012-03-26 09:15:00,NSE:ULTRACEMCO,1513.0,1519.9,1479.95,1491.0,324719.0
2012-03-27 09:15:00,NSE:ULTRACEMCO,1502.95,1516.0,1487.4,1494.6,247067.0
2012-03-28 09:15:00,NSE:ULTRACEMCO,1484.1,1492.0,1466.35,1480.8,201933.0
2012-03-29 09:15:00,NSE:ULTRACEMCO,1462.2,1510.0,1458.3,1495.15,240773.0
2012-03-30 09:15:00,NSE:ULTRACEMCO,1468.05,1529.0,1468.05,1514.55,266656.0
2012-04-02 09:15:00,NSE:ULTRACEMCO,1486.0,1519.1,1486.0,1495.0,115429.0
2012-04-03 09:15:00,NSE:ULTRACEMCO,1503.65,1533.0,1500.0,1512.3,56384.0
2012-04-04 09:15:00,NSE:ULTRACEMCO,1512.35,1523.65,1496.75,1514.15,123861.0
2012-04-09 09:15:00,NSE:ULTRACEMCO,1509.95,1521.5,1498.55,1503.0,219494.0
2012-04-10 09:15:00,NSE:ULTRACEMCO,1504.0,1508.8,1495.3,1500.05,163962.0
2012-04-11 09:15:00,NSE:ULTRACEMCO,1491.95,1501.0,1462.35,1482.6,697580.0
2012-04-12 09:15:00,NSE:ULTRACEMCO,1509.3,1509.3,1469.75,1475.3,82118.0
2012-04-13 09:15:00,NSE:ULTRACEMCO,1501.95,1510.75,1470.0,1475.35,120535.0
2012-04-16 09:15:00,NSE:ULTRACEMCO,1483.1,1483.1,1435.35,1441.05,46976.0
2012-04-17 09:15:00,NSE:ULTRACEMCO,1416.65,1468.0,1416.65,1460.7,136054.0
2012-04-18 09:15:00,NSE:ULTRACEMCO,1467.95,1489.4,1462.0,1480.0,115313.0
2012-04-19 09:15:00,NSE:ULTRACEMCO,1528.65,1528.65,1462.6,1469.3,67906.0
2012-04-20 09:15:00,NSE:ULTRACEMCO,1459.05,1467.4,1437.25,1463.0,102432.0
2012-04-23 09:15:00,NSE:ULTRACEMCO,1453.0,1476.9,1446.35,1466.75,70986.0
2012-04-24 09:15:00,NSE:ULTRACEMCO,1495.05,1495.25,1407.2,1415.85,214038.0
2012-04-25 09:15:00,NSE:ULTRACEMCO,1410.0,1426.5,1402.15,1413.0,243718.0
2012-04-26 09:15:00,NSE:ULTRACEMCO,1422.4,1442.7,1400.25,1429.2,334353.0
2012-04-27 09:15:00,NSE:ULTRACEMCO,1448.0,1448.0,1403.05,1418.8,300713.0
2012-04-30 09:15:00,NSE:ULTRACEMCO,1427.65,1434.0,1411.0,1424.9,101990.0
2012-05-02 09:15:00,NSE:ULTRACEMCO,1433.1,1435.0,1414.05,1422.7,76435.0
2012-05-03 09:15:00,NSE:ULTRACEMCO,1428.8,1431.0,1404.0,1416.2,129613.0
2012-05-04 09:15:00,NSE:ULTRACEMCO,1420.0,1432.0,1349.95,1364.85,283978.0
2012-05-07 09:15:00,NSE:ULTRACEMCO,1352.0,1422.4,1342.0,1413.2,73553.0
2012-05-08 09:15:00,NSE:ULTRACEMCO,1410.0,1434.0,1391.35,1404.6,96926.0
2012-05-09 09:15:00,NSE:ULTRACEMCO,1403.65,1410.6,1364.15,1373.5,100948.0
2012-05-10 09:15:00,NSE:ULTRACEMCO,1397.0,1399.8,1377.35,1392.9,71704.0
2012-05-11 09:15:00,NSE:ULTRACEMCO,1369.35,1394.9,1356.5,1368.7,107131.0
2012-05-14 09:15:00,NSE:ULTRACEMCO,1371.7,1389.5,1352.1,1375.5,95056.0
2012-05-15 09:15:00,NSE:ULTRACEMCO,1390.0,1406.0,1362.35,1399.6,78220.0
2012-05-16 09:15:00,NSE:ULTRACEMCO,1399.55,1418.45,1380.05,1401.85,262543.0
2012-05-17 09:15:00,NSE:ULTRACEMCO,1420.0,1423.9,1401.0,1410.8,367738.0
2012-05-18 09:15:00,NSE:ULTRACEMCO,1400.0,1413.95,1392.55,1406.75,183412.0
2012-05-21 09:15:00,NSE:ULTRACEMCO,1422.0,1422.0,1402.2,1410.8,76782.0
2012-05-22 09:15:00,NSE:ULTRACEMCO,1388.0,1418.8,1361.5,1380.95,679644.0
2012-05-23 09:15:00,NSE:ULTRACEMCO,1389.9,1458.3,1365.0,1369.5,212492.0
2012-05-24 09:15:00,NSE:ULTRACEMCO,1388.75,1388.75,1356.55,1373.2,200458.0
2012-05-25 09:15:00,NSE:ULTRACEMCO,1384.9,1385.0,1367.45,1384.0,180147.0
2012-05-28 09:15:00,NSE:ULTRACEMCO,1383.75,1395.0,1373.45,1386.1,136447.0
2012-05-29 09:15:00,NSE:ULTRACEMCO,1400.0,1400.0,1375.1,1380.9,198020.0
2012-05-30 09:15:00,NSE:ULTRACEMCO,1372.1,1397.8,1369.0,1382.25,248364.0
2012-05-31 09:15:00,NSE:ULTRACEMCO,1382.35,1473.65,1371.45,1423.85,632982.0
2012-06-01 09:15:00,NSE:ULTRACEMCO,1404.95,1489.85,1400.25,1466.2,608834.0
2012-06-04 09:15:00,NSE:ULTRACEMCO,1464.65,1469.7,1396.35,1405.75,69829.0
2012-06-05 09:15:00,NSE:ULTRACEMCO,1398.0,1419.05,1377.25,1382.85,66725.0
2012-06-06 09:15:00,NSE:ULTRACEMCO,1390.2,1408.0,1389.05,1396.8,170151.0
2012-06-07 09:15:00,NSE:ULTRACEMCO,1411.05,1420.0,1381.0,1385.85,65022.0
2012-06-08 09:15:00,NSE:ULTRACEMCO,1383.35,1405.0,1383.35,1399.2,143154.0
2012-06-11 09:15:00,NSE:ULTRACEMCO,1404.95,1412.0,1380.0,1384.95,121522.0
2012-06-12 09:15:00,NSE:ULTRACEMCO,1363.6,1414.8,1363.6,1409.9,209046.0
2012-06-13 09:15:00,NSE:ULTRACEMCO,1415.0,1428.45,1410.0,1423.2,121414.0
2012-06-14 09:15:00,NSE:ULTRACEMCO,1428.95,1435.0,1418.4,1429.25,122204.0
2012-06-15 09:15:00,NSE:ULTRACEMCO,1429.0,1461.75,1429.0,1449.75,146479.0
2012-06-18 09:15:00,NSE:ULTRACEMCO,1460.0,1471.95,1426.0,1444.95,150666.0
2012-06-19 09:15:00,NSE:ULTRACEMCO,1425.25,1456.9,1422.15,1447.9,89041.0
2012-06-20 09:15:00,NSE:ULTRACEMCO,1411.95,1434.45,1397.7,1429.55,369863.0
2012-06-21 09:15:00,NSE:ULTRACEMCO,1424.95,1476.9,1414.0,1465.9,182741.0
2012-06-22 09:15:00,NSE:ULTRACEMCO,1401.0,1479.0,1364.05,1456.15,312420.0
2012-06-25 09:15:00,NSE:ULTRACEMCO,1455.3,1488.0,1455.0,1465.1,97117.0
2012-06-26 09:15:00,NSE:ULTRACEMCO,1475.0,1484.2,1461.15,1479.75,117263.0
2012-06-27 09:15:00,NSE:ULTRACEMCO,1466.15,1486.0,1459.2,1464.1,19104.0
2012-06-28 09:15:00,NSE:ULTRACEMCO,1462.25,1549.0,1462.25,1516.0,216751.0
2012-06-29 09:15:00,NSE:ULTRACEMCO,1520.0,1524.8,1491.4,1516.5,119731.0
2012-07-02 09:15:00,NSE:ULTRACEMCO,1515.0,1534.0,1503.4,1515.5,58955.0
2012-07-03 09:15:00,NSE:ULTRACEMCO,1518.0,1545.0,1515.45,1536.85,132633.0
2012-07-04 09:15:00,NSE:ULTRACEMCO,1541.0,1545.95,1528.0,1536.95,72170.0
2012-07-05 09:15:00,NSE:ULTRACEMCO,1535.95,1552.2,1527.0,1550.7,91997.0
2012-07-06 09:15:00,NSE:ULTRACEMCO,1544.95,1554.0,1532.0,1544.9,49343.0
2012-07-09 09:15:00,NSE:ULTRACEMCO,1534.9,1575.9,1517.2,1561.2,88451.0
2012-07-10 09:15:00,NSE:ULTRACEMCO,1565.05,1570.0,1538.2,1563.05,128279.0
2012-07-11 09:15:00,NSE:ULTRACEMCO,1563.25,1598.9,1552.1,1585.95,95845.0
2012-07-12 09:15:00,NSE:ULTRACEMCO,1562.0,1590.0,1562.0,1569.8,26303.0
2012-07-13 09:15:00,NSE:ULTRACEMCO,1531.25,1584.85,1531.25,1572.1,127755.0
2012-07-16 09:15:00,NSE:ULTRACEMCO,1560.05,1588.9,1560.05,1571.5,51595.0
2012-07-17 09:15:00,NSE:ULTRACEMCO,1560.5,1583.0,1560.5,1564.55,59955.0
2012-07-18 09:15:00,NSE:ULTRACEMCO,1565.0,1572.1,1561.2,1565.5,95859.0
2012-07-19 09:15:00,NSE:ULTRACEMCO,1597.95,1599.9,1565.05,1574.2,117800.0
2012-07-20 09:15:00,NSE:ULTRACEMCO,1569.95,1579.9,1556.3,1566.6,85049.0
2012-07-23 09:15:00,NSE:ULTRACEMCO,1565.05,1607.1,1552.55,1596.8,192741.0
2012-07-24 09:15:00,NSE:ULTRACEMCO,1599.0,1625.45,1599.0,1614.5,265207.0
2012-07-25 09:15:00,NSE:ULTRACEMCO,1600.0,1619.9,1575.15,1617.0,230065.0
2012-07-26 09:15:00,NSE:ULTRACEMCO,1620.1,1634.95,1596.0,1615.3,277223.0
2012-07-27 09:15:00,NSE:ULTRACEMCO,1626.7,1641.3,1620.05,1631.1,233764.0
2012-07-30 09:15:00,NSE:ULTRACEMCO,1631.2,1651.0,1631.2,1638.75,48561.0
2012-07-31 09:15:00,NSE:ULTRACEMCO,1648.65,1648.65,1632.0,1639.6,100021.0
2012-08-01 09:15:00,NSE:ULTRACEMCO,1643.0,1646.7,1633.9,1640.0,71971.0
2012-08-02 09:15:00,NSE:ULTRACEMCO,1639.1,1650.0,1638.05,1639.95,53102.0
2012-08-03 09:15:00,NSE:ULTRACEMCO,1650.0,1650.0,1631.25,1637.65,42879.0
2012-08-06 09:15:00,NSE:ULTRACEMCO,1650.35,1659.0,1634.0,1634.0,77982.0
2012-08-07 09:15:00,NSE:ULTRACEMCO,1633.05,1646.0,1631.35,1639.05,203177.0
2012-08-08 09:15:00,NSE:ULTRACEMCO,1644.3,1653.15,1616.0,1641.55,94304.0
2012-08-09 09:15:00,NSE:ULTRACEMCO,1641.0,1662.7,1633.15,1655.45,66899.0
2012-08-10 09:15:00,NSE:ULTRACEMCO,1654.95,1679.0,1645.1,1675.65,101321.0
2012-08-13 09:15:00,NSE:ULTRACEMCO,1660.8,1718.7,1660.8,1711.4,105721.0
2012-08-14 09:15:00,NSE:ULTRACEMCO,1712.05,1724.9,1684.3,1711.9,619868.0
2012-08-16 09:15:00,NSE:ULTRACEMCO,1720.0,1724.45,1701.1,1721.1,92441.0
2012-08-17 09:15:00,NSE:ULTRACEMCO,1724.85,1736.0,1706.5,1732.35,92555.0
2012-08-21 09:15:00,NSE:ULTRACEMCO,1744.35,1744.35,1710.15,1718.9,60597.0
2012-08-22 09:15:00,NSE:ULTRACEMCO,1748.5,1748.5,1720.25,1735.6,46137.0
2012-08-23 09:15:00,NSE:ULTRACEMCO,1737.05,1744.5,1718.9,1727.0,23407.0
2012-08-24 09:15:00,NSE:ULTRACEMCO,1729.0,1729.3,1710.4,1723.55,41151.0
2012-08-27 09:15:00,NSE:ULTRACEMCO,1720.15,1758.0,1705.0,1751.35,55521.0
2012-08-28 09:15:00,NSE:ULTRACEMCO,1751.0,1770.4,1718.25,1734.45,82735.0
2012-08-29 09:15:00,NSE:ULTRACEMCO,1730.0,1743.35,1711.45,1717.3,53149.0
2012-08-30 09:15:00,NSE:ULTRACEMCO,1702.7,1729.65,1691.0,1717.6,82143.0
2012-08-31 09:15:00,NSE:ULTRACEMCO,1718.0,1720.0,1685.05,1693.9,157295.0
2012-09-03 09:15:00,NSE:ULTRACEMCO,1694.0,1694.0,1657.0,1665.7,86225.0
2012-09-04 09:15:00,NSE:ULTRACEMCO,1660.0,1678.9,1656.05,1670.1,92925.0
2012-09-05 09:15:00,NSE:ULTRACEMCO,1645.6,1691.9,1645.6,1675.05,69033.0
2012-09-06 09:15:00,NSE:ULTRACEMCO,1686.95,1701.25,1661.45,1691.2,120676.0
2012-09-07 09:15:00,NSE:ULTRACEMCO,1749.95,1749.95,1690.0,1736.25,98264.0
2012-09-10 09:15:00,NSE:ULTRACEMCO,1757.95,1760.0,1731.1,1755.05,62930.0
2012-09-11 09:15:00,NSE:ULTRACEMCO,1783.6,1783.6,1746.0,1759.0,145223.0
2012-09-12 09:15:00,NSE:ULTRACEMCO,1772.65,1773.0,1740.8,1751.0,79867.0
2012-09-13 09:15:00,NSE:ULTRACEMCO,1755.0,1764.9,1707.9,1718.3,78260.0
2012-09-14 09:15:00,NSE:ULTRACEMCO,1744.9,1763.45,1725.1,1754.45,102859.0
2012-09-17 09:15:00,NSE:ULTRACEMCO,1793.95,1793.95,1738.0,1759.0,49465.0
2012-09-18 09:15:00,NSE:ULTRACEMCO,1764.9,1810.0,1744.05,1804.95,140748.0
2012-09-20 09:15:00,NSE:ULTRACEMCO,1804.2,1848.7,1771.25,1837.6,150573.0
2012-09-21 09:15:00,NSE:ULTRACEMCO,1867.0,1867.0,1820.35,1837.6,156568.0
2012-09-24 09:15:00,NSE:ULTRACEMCO,1840.0,1840.0,1821.4,1832.0,111426.0
2012-09-25 09:15:00,NSE:ULTRACEMCO,1832.0,1850.0,1822.0,1837.0,89045.0
2012-09-26 09:15:00,NSE:ULTRACEMCO,1808.0,1894.9,1808.0,1885.0,149581.0
2012-09-27 09:15:00,NSE:ULTRACEMCO,1855.05,1989.8,1855.05,1950.85,848708.0
2012-09-28 09:15:00,NSE:ULTRACEMCO,1957.0,2009.7,1940.0,1967.85,380939.0
2012-10-01 09:15:00,NSE:ULTRACEMCO,1977.95,2021.85,1960.0,2014.55,158624.0
2012-10-03 09:15:00,NSE:ULTRACEMCO,2015.0,2029.5,1990.35,2010.3,242144.0
2012-10-04 09:15:00,NSE:ULTRACEMCO,2012.0,2059.75,1973.65,1982.05,196250.0
2012-10-05 09:15:00,NSE:ULTRACEMCO,2009.0,2012.4,1736.3,1971.1,344640.0
2012-10-08 09:15:00,NSE:ULTRACEMCO,1977.95,2020.0,1960.35,2005.7,99301.0
2012-10-09 09:15:00,NSE:ULTRACEMCO,2019.8,2063.8999,2004.8,2056.3501,114765.0
2012-10-10 09:15:00,NSE:ULTRACEMCO,2054.5,2074.45,2041.0,2048.8501,73364.0
2012-10-11 09:15:00,NSE:ULTRACEMCO,2049.0,2057.6001,2033.15,2038.7,145668.0
2012-10-12 09:15:00,NSE:ULTRACEMCO,2026.0,2074.95,2026.0,2044.7,260402.0
2012-10-15 09:15:00,NSE:ULTRACEMCO,2047.0,2058.8999,2036.0,2040.1,73123.0
2012-10-16 09:15:00,NSE:ULTRACEMCO,2016.0,2052.0,2008.35,2026.15,61227.0
2012-10-17 09:15:00,NSE:ULTRACEMCO,2033.0,2040.0,2018.05,2027.75,152077.0
2012-10-18 09:15:00,NSE:ULTRACEMCO,2034.0,2055.0,2029.0,2040.25,233635.0
2012-10-19 09:15:00,NSE:ULTRACEMCO,2049.8999,2049.8999,2001.0,2010.6,98678.0
2012-10-22 09:15:00,NSE:ULTRACEMCO,2033.0,2039.0,1990.05,2022.45,317793.0
2012-10-23 09:15:00,NSE:ULTRACEMCO,2039.8,2039.8,2002.0,2022.45,71073.0
2012-10-25 09:15:00,NSE:ULTRACEMCO,2015.0,2052.0,2010.0,2043.05,301396.0
2012-10-26 09:15:00,NSE:ULTRACEMCO,2047.0,2048.0,2030.0,2044.15,65032.0
2012-10-29 09:15:00,NSE:ULTRACEMCO,2040.0,2046.35,2022.05,2028.5,42392.0
2012-10-30 09:15:00,NSE:ULTRACEMCO,2035.3,2035.3,2001.25,2010.0,132221.0
2012-10-31 09:15:00,NSE:ULTRACEMCO,1988.0,2009.9,1983.0,1996.2,105834.0
2012-11-01 09:15:00,NSE:ULTRACEMCO,1991.0,2011.05,1975.1,1997.6,137231.0
2012-11-02 09:15:00,NSE:ULTRACEMCO,2023.0,2028.0,2011.75,2019.85,53087.0
2012-11-05 09:15:00,NSE:ULTRACEMCO,2020.0,2027.8,1992.9,2014.9,86222.0
2012-11-06 09:15:00,NSE:ULTRACEMCO,2015.0,2023.8,2015.0,2018.0,171063.0
2012-11-07 09:15:00,NSE:ULTRACEMCO,2017.0,2030.0,2002.05,2026.8,117144.0
2012-11-08 09:15:00,NSE:ULTRACEMCO,2020.0,2025.0,1996.0,2015.6,104658.0
2012-11-09 09:15:00,NSE:ULTRACEMCO,2021.0,2055.1499,2011.05,2022.9,121206.0
2012-11-12 09:15:00,NSE:ULTRACEMCO,2017.0,2041.9,2002.1,2003.4,66891.0
2012-11-13 09:15:00,NSE:ULTRACEMCO,2010.0,2019.85,1962.35,1987.4,11967.0
2012-11-15 09:15:00,NSE:ULTRACEMCO,1978.0,1978.0,1867.7,1919.05,576784.0
2012-11-16 09:15:00,NSE:ULTRACEMCO,1921.0,1933.95,1900.1,1914.4,239750.0
2012-11-19 09:15:00,NSE:ULTRACEMCO,1915.1,1920.0,1885.6,1905.0,164842.0
2012-11-20 09:15:00,NSE:ULTRACEMCO,1906.1,1920.0,1885.0,1895.0,392978.0
2012-11-21 09:15:00,NSE:ULTRACEMCO,1908.0,1940.15,1878.0,1932.4,181052.0
2012-11-22 09:15:00,NSE:ULTRACEMCO,1921.0,1934.95,1881.6,1897.7,187404.0
2012-11-23 09:15:00,NSE:ULTRACEMCO,1900.0,1913.95,1882.5,1896.05,179933.0
2012-11-26 09:15:00,NSE:ULTRACEMCO,1900.0,1912.0,1857.0,1868.6,228061.0
2012-11-27 09:15:00,NSE:ULTRACEMCO,1879.8,1897.75,1862.35,1889.0,231781.0
2012-11-29 09:15:00,NSE:ULTRACEMCO,1881.65,1933.7,1881.65,1914.8,419354.0
2012-11-30 09:15:00,NSE:ULTRACEMCO,1895.7,2154.2,1873.1,1941.4,2041947.0
2012-12-03 09:15:00,NSE:ULTRACEMCO,1990.0,2016.75,1986.0,1999.75,173745.0
2012-12-04 09:15:00,NSE:ULTRACEMCO,1997.0,1997.0,1968.55,1980.75,121777.0
2012-12-05 09:15:00,NSE:ULTRACEMCO,1994.7,2005.8,1936.2,1952.75,139546.0
2012-12-06 09:15:00,NSE:ULTRACEMCO,1966.0,1990.0,1920.9,1980.25,147763.0
2012-12-07 09:15:00,NSE:ULTRACEMCO,1982.0,1991.5,1952.4,1962.2,139448.0
2012-12-10 09:15:00,NSE:ULTRACEMCO,1963.0,1965.1,1941.0,1947.6,127419.0
2012-12-11 09:15:00,NSE:ULTRACEMCO,1961.0,2000.0,1950.6,1974.05,120525.0
2012-12-12 09:15:00,NSE:ULTRACEMCO,1984.0,1996.0,1926.8,1944.5,183915.0
2012-12-13 09:15:00,NSE:ULTRACEMCO,1950.0,1965.0,1922.0,1949.25,97830.0
2012-12-14 09:15:00,NSE:ULTRACEMCO,1954.0,1997.9,1954.0,1992.75,119553.0
2012-12-17 09:15:00,NSE:ULTRACEMCO,1999.8,1999.8,1959.05,1979.2,94070.0
2012-12-18 09:15:00,NSE:ULTRACEMCO,1982.25,2024.9,1974.3,2013.3,129606.0
2012-12-19 09:15:00,NSE:ULTRACEMCO,2033.0,2033.0,2009.3,2015.5,196911.0
2012-12-20 09:15:00,NSE:ULTRACEMCO,2000.25,2029.9,2000.25,2012.5,129878.0
2012-12-21 09:15:00,NSE:ULTRACEMCO,2000.0,2016.65,1972.55,1988.6,522262.0
2012-12-24 09:15:00,NSE:ULTRACEMCO,1988.0,1993.95,1941.25,1956.55,100104.0
2012-12-26 09:15:00,NSE:ULTRACEMCO,1954.9,1981.5,1953.95,1976.9,119760.0
2012-12-27 09:15:00,NSE:ULTRACEMCO,1980.1,2008.35,1955.3,1966.65,256165.0
2012-12-28 09:15:00,NSE:ULTRACEMCO,1970.0,1975.9,1955.25,1971.75,78933.0
2012-12-31 09:15:00,NSE:ULTRACEMCO,1961.0,2000.0,1950.35,1986.3,1059236.0
2013-01-01 09:15:00,NSE:ULTRACEMCO,1995.0,2030.0,1990.7,2022.8,49967.0
2013-01-02 09:15:00,NSE:ULTRACEMCO,2032.25,2043.4,2027.0,2035.25,67886.0
2013-01-03 09:15:00,NSE:ULTRACEMCO,2040.0,2056.0,2016.3,2016.3,66389.0
2013-01-04 09:15:00,NSE:ULTRACEMCO,2019.0,2049.0,2002.0,2037.1,55076.0
2013-01-07 09:15:00,NSE:ULTRACEMCO,2045.25,2046.5,2016.0,2040.7,47458.0
2013-01-08 09:15:00,NSE:ULTRACEMCO,2043.0,2043.0,2010.0,2013.15,52801.0
2013-01-09 09:15:00,NSE:ULTRACEMCO,2005.1,2021.0,1945.35,1962.35,150457.0
2013-01-10 09:15:00,NSE:ULTRACEMCO,1971.4,1992.3,1890.0,1899.15,683216.0
2013-01-11 09:15:00,NSE:ULTRACEMCO,1901.05,1901.05,1860.0,1883.3,134174.0
2013-01-14 09:15:00,NSE:ULTRACEMCO,1885.0,1885.0,1846.2,1866.15,187086.0
2013-01-15 09:15:00,NSE:ULTRACEMCO,1866.15,1935.0,1845.55,1920.55,195235.0
2013-01-16 09:15:00,NSE:ULTRACEMCO,1921.0,1929.95,1900.05,1920.0,387028.0
2013-01-17 09:15:00,NSE:ULTRACEMCO,1925.05,1928.4,1890.2,1910.35,115719.0
2013-01-18 09:15:00,NSE:ULTRACEMCO,1915.25,1924.8,1881.05,1909.3,217897.0
2013-01-21 09:15:00,NSE:ULTRACEMCO,1898.0,1942.0,1865.25,1931.45,218770.0
2013-01-22 09:15:00,NSE:ULTRACEMCO,1928.7,1959.0,1910.25,1952.95,130052.0
2013-01-23 09:15:00,NSE:ULTRACEMCO,1965.0,1989.5,1950.0,1954.65,168341.0
2013-01-24 09:15:00,NSE:ULTRACEMCO,1956.0,1974.5,1937.4,1945.95,163392.0
2013-01-25 09:15:00,NSE:ULTRACEMCO,1954.95,1954.95,1900.1,1916.65,106549.0
2013-01-28 09:15:00,NSE:ULTRACEMCO,1960.0,1960.0,1878.85,1886.55,224252.0
2013-01-29 09:15:00,NSE:ULTRACEMCO,1886.55,1916.0,1850.3,1857.1,222058.0
2013-01-30 09:15:00,NSE:ULTRACEMCO,1865.2,1890.65,1860.45,1885.15,214238.0
2013-01-31 09:15:00,NSE:ULTRACEMCO,1884.5,1914.8,1870.0,1902.55,154726.0
2013-02-01 09:15:00,NSE:ULTRACEMCO,1918.0,1927.0,1712.35,1837.75,290743.0
2013-02-04 09:15:00,NSE:ULTRACEMCO,1888.7,1913.45,1875.0,1897.35,220610.0
2013-02-05 09:15:00,NSE:ULTRACEMCO,1880.0,1932.9,1875.1,1925.4,144330.0
2013-02-06 09:15:00,NSE:ULTRACEMCO,1926.0,1980.0,1911.0,1962.65,229127.0
2013-02-07 09:15:00,NSE:ULTRACEMCO,1962.65,1975.0,1908.15,1921.3,211928.0
2013-02-08 09:15:00,NSE:ULTRACEMCO,1924.0,1943.55,1866.45,1884.45,116674.0
2013-02-11 09:15:00,NSE:ULTRACEMCO,1879.0,1924.85,1860.1,1912.7,92944.0
2013-02-12 09:15:00,NSE:ULTRACEMCO,1918.0,1929.65,1893.45,1920.25,71204.0
2013-02-13 09:15:00,NSE:ULTRACEMCO,1923.0,1949.0,1905.0,1933.15,135113.0
2013-02-14 09:15:00,NSE:ULTRACEMCO,1928.1,1967.0,1928.1,1953.2,164604.0
2013-02-15 09:15:00,NSE:ULTRACEMCO,1941.0,1952.0,1910.1,1930.0,84250.0
2013-02-18 09:15:00,NSE:ULTRACEMCO,1921.0,1929.0,1900.35,1905.8,45828.0
2013-02-19 09:15:00,NSE:ULTRACEMCO,1908.0,1964.0,1890.15,1955.0,58587.0
2013-02-20 09:15:00,NSE:ULTRACEMCO,1955.0,1966.0,1925.25,1949.45,115636.0
2013-02-21 09:15:00,NSE:ULTRACEMCO,1926.3,1952.0,1926.15,1938.6,349520.0
2013-02-22 09:15:00,NSE:ULTRACEMCO,1924.1,1950.0,1920.65,1940.9,115275.0
2013-02-25 09:15:00,NSE:ULTRACEMCO,1945.0,1945.0,1901.35,1912.1,101791.0
2013-02-26 09:15:00,NSE:ULTRACEMCO,1901.0,1918.65,1890.25,1903.3,160911.0
2013-02-27 09:15:00,NSE:ULTRACEMCO,1908.0,1912.35,1892.15,1900.2,171757.0
2013-02-28 09:15:00,NSE:ULTRACEMCO,1899.65,1970.1,1839.5,1868.05,336658.0
2013-03-01 09:15:00,NSE:ULTRACEMCO,1870.0,1919.0,1864.95,1864.95,157185.0
2013-03-04 09:15:00,NSE:ULTRACEMCO,1863.0,1864.0,1837.0,1848.3,224083.0
2013-03-05 09:15:00,NSE:ULTRACEMCO,1855.0,1909.9,1831.0,1901.1,198297.0
2013-03-06 09:15:00,NSE:ULTRACEMCO,1890.0,1910.0,1886.35,1900.1,281284.0
2013-03-07 09:15:00,NSE:ULTRACEMCO,1897.0,1897.0,1867.75,1879.3,182545.0
2013-03-08 09:15:00,NSE:ULTRACEMCO,1873.1,1919.0,1873.1,1912.05,94307.0
2013-03-11 09:15:00,NSE:ULTRACEMCO,1890.0,1906.8,1890.0,1899.95,126256.0
2013-03-12 09:15:00,NSE:ULTRACEMCO,1899.95,1919.9,1878.5,1905.1,233356.0
2013-03-13 09:15:00,NSE:ULTRACEMCO,1900.0,1920.0,1897.9,1905.35,238225.0
2013-03-14 09:15:00,NSE:ULTRACEMCO,1894.1,1918.0,1889.0,1907.0,148291.0
2013-03-15 09:15:00,NSE:ULTRACEMCO,1910.25,1941.0,1910.25,1923.15,323989.0
2013-03-18 09:15:00,NSE:ULTRACEMCO,1910.0,1937.5,1898.25,1903.0,179606.0
2013-03-19 09:15:00,NSE:ULTRACEMCO,1905.0,1921.9,1860.45,1883.95,167962.0
2013-03-20 09:15:00,NSE:ULTRACEMCO,1881.0,1881.0,1812.65,1844.95,330057.0
2013-03-21 09:15:00,NSE:ULTRACEMCO,1835.1,1895.0,1835.1,1860.05,138420.0
2013-03-22 09:15:00,NSE:ULTRACEMCO,1850.3,1891.5,1846.85,1853.5,190641.0
2013-03-25 09:15:00,NSE:ULTRACEMCO,1860.1,1876.05,1856.05,1862.7,153900.0
2013-03-26 09:15:00,NSE:ULTRACEMCO,1855.0,1865.05,1836.8,1848.25,139906.0
2013-03-28 09:15:00,NSE:ULTRACEMCO,1830.0,1893.95,1816.7,1868.95,407233.0
2013-04-01 09:15:00,NSE:ULTRACEMCO,1860.05,1882.8,1841.0,1848.05,257210.0
2013-04-02 09:15:00,NSE:ULTRACEMCO,1858.0,1865.0,1830.0,1857.5,235315.0
2013-04-03 09:15:00,NSE:ULTRACEMCO,1857.5,1865.45,1832.25,1843.1,144084.0
2013-04-04 09:15:00,NSE:ULTRACEMCO,1840.0,1847.0,1731.1,1732.25,204833.0
2013-04-05 09:15:00,NSE:ULTRACEMCO,1742.65,1789.0,1737.05,1770.0,95182.0
2013-04-08 09:15:00,NSE:ULTRACEMCO,1770.1,1798.0,1754.35,1795.1,126990.0
2013-04-09 09:15:00,NSE:ULTRACEMCO,1800.0,1831.7,1788.0,1800.0,162801.0
2013-04-10 09:15:00,NSE:ULTRACEMCO,1805.25,1809.0,1758.15,1805.0,95262.0
2013-04-11 09:15:00,NSE:ULTRACEMCO,1802.25,1805.0,1771.0,1786.0,154332.0
2013-04-12 09:15:00,NSE:ULTRACEMCO,1786.0,1824.0,1771.25,1819.95,132134.0
2013-04-15 09:15:00,NSE:ULTRACEMCO,1810.0,1885.85,1810.0,1865.0,238120.0
2013-04-16 09:15:00,NSE:ULTRACEMCO,1860.0,1911.7,1850.7,1904.9,332577.0
2013-04-17 09:15:00,NSE:ULTRACEMCO,1890.5,1905.0,1886.15,1895.05,276803.0
2013-04-18 09:15:00,NSE:ULTRACEMCO,1893.0,1935.0,1875.0,1918.0,174586.0
2013-04-22 09:15:00,NSE:ULTRACEMCO,1931.8,1931.8,1858.0,1869.65,289632.0
2013-04-23 09:15:00,NSE:ULTRACEMCO,1880.0,1880.0,1855.05,1866.0,222160.0
2013-04-25 09:15:00,NSE:ULTRACEMCO,1869.0,1940.0,1869.0,1936.0,437288.0
2013-04-26 09:15:00,NSE:ULTRACEMCO,1929.45,1934.65,1881.1,1915.15,115233.0
2013-04-29 09:15:00,NSE:ULTRACEMCO,1915.25,1930.0,1885.2,1910.15,80984.0
2013-04-30 09:15:00,NSE:ULTRACEMCO,1913.1,1920.0,1875.3,1910.0,225526.0
2013-05-02 09:15:00,NSE:ULTRACEMCO,1900.0,1929.15,1866.75,1888.95,279898.0
2013-05-03 09:15:00,NSE:ULTRACEMCO,1883.0,1903.5,1865.0,1895.7,187931.0
2013-05-06 09:15:00,NSE:ULTRACEMCO,1890.35,1920.0,1881.25,1900.0,374197.0
2013-05-07 09:15:00,NSE:ULTRACEMCO,1911.5,1937.0,1905.6,1928.0,410178.0
2013-05-08 09:15:00,NSE:ULTRACEMCO,1932.0,1996.9,1925.0,1977.0,972546.0
2013-05-09 09:15:00,NSE:ULTRACEMCO,1980.0,2009.0,1980.0,1997.0,242692.0
2013-05-10 09:15:00,NSE:ULTRACEMCO,1997.5,2023.15,1970.25,1970.25,174154.0
2013-05-13 09:15:00,NSE:ULTRACEMCO,1980.3,1989.0,1943.1,1943.1,84152.0
2013-05-14 09:15:00,NSE:ULTRACEMCO,1964.9,1979.9,1958.05,1975.0,152281.0
2013-05-15 09:15:00,NSE:ULTRACEMCO,1980.0,1988.0,1957.95,1963.7,241041.0
2013-05-16 09:15:00,NSE:ULTRACEMCO,1973.55,2007.65,1967.1,2001.0,171224.0
2013-05-17 09:15:00,NSE:ULTRACEMCO,2009.9,2035.0,2009.35,2019.5,149468.0
2013-05-20 09:15:00,NSE:ULTRACEMCO,2017.0,2069.05,2010.05,2020.0,192118.0
2013-05-21 09:15:00,NSE:ULTRACEMCO,2022.0,2024.9,1913.65,1921.7,236742.0
2013-05-22 09:15:00,NSE:ULTRACEMCO,1938.65,1969.0,1927.75,1958.6,122934.0
2013-05-23 09:15:00,NSE:ULTRACEMCO,1935.0,1973.9,1925.85,1950.6,157237.0
2013-05-24 09:15:00,NSE:ULTRACEMCO,1955.25,1968.0,1925.75,1938.0,113566.0
2013-05-27 09:15:00,NSE:ULTRACEMCO,1941.1,2025.0,1941.1,2000.0,123617.0
2013-05-28 09:15:00,NSE:ULTRACEMCO,2015.0,2015.0,1965.05,1974.25,87550.0
2013-05-29 09:15:00,NSE:ULTRACEMCO,1975.0,1988.35,1945.1,1975.3,66529.0
2013-05-30 09:15:00,NSE:ULTRACEMCO,1962.25,2000.0,1957.8,1971.0,140533.0
2013-05-31 09:15:00,NSE:ULTRACEMCO,1985.0,1994.35,1855.15,1885.0,147689.0
2013-06-03 09:15:00,NSE:ULTRACEMCO,1887.0,1893.75,1840.5,1860.0,190310.0
2013-06-04 09:15:00,NSE:ULTRACEMCO,1869.9,1890.0,1830.6,1885.9,223198.0
2013-06-05 09:15:00,NSE:ULTRACEMCO,1860.1,1865.0,1830.55,1850.5,100082.0
2013-06-06 09:15:00,NSE:ULTRACEMCO,1847.5,1905.0,1827.0,1897.0,127647.0
2013-06-07 09:15:00,NSE:ULTRACEMCO,1899.0,1902.35,1853.95,1864.95,127357.0
2013-06-10 09:15:00,NSE:ULTRACEMCO,1865.1,1905.4,1865.1,1890.0,86536.0
2013-06-11 09:15:00,NSE:ULTRACEMCO,1885.0,1885.0,1830.0,1867.8,102398.0
2013-06-12 09:15:00,NSE:ULTRACEMCO,1850.3,1860.05,1829.7,1842.0,100511.0
2013-06-13 09:15:00,NSE:ULTRACEMCO,1815.0,1835.7,1805.15,1830.0,117814.0
2013-06-14 09:15:00,NSE:ULTRACEMCO,1846.0,1884.7,1820.0,1870.15,137306.0
2013-06-17 09:15:00,NSE:ULTRACEMCO,1875.25,1917.6,1846.5,1895.1,38646.0
2013-06-18 09:15:00,NSE:ULTRACEMCO,1892.0,1907.75,1863.0,1864.0,126631.0
2013-06-19 09:15:00,NSE:ULTRACEMCO,1878.7,1878.7,1820.35,1835.0,306135.0
2013-06-20 09:15:00,NSE:ULTRACEMCO,1821.0,1824.0,1775.3,1817.95,387248.0
2013-06-21 09:15:00,NSE:ULTRACEMCO,1806.0,1828.9,1776.0,1813.0,117462.0
2013-06-24 09:15:00,NSE:ULTRACEMCO,1800.25,1805.45,1763.0,1784.05,110002.0
2013-06-25 09:15:00,NSE:ULTRACEMCO,1775.0,1810.95,1775.0,1796.0,90759.0
2013-06-26 09:15:00,NSE:ULTRACEMCO,1799.0,1799.0,1760.1,1784.8,104592.0
2013-06-27 09:15:00,NSE:ULTRACEMCO,1799.0,1898.0,1775.6,1859.0,378206.0
2013-06-28 09:15:00,NSE:ULTRACEMCO,1875.85,1900.0,1866.0,1880.0,210562.0
2013-07-01 09:15:00,NSE:ULTRACEMCO,1879.0,1949.0,1876.65,1927.0,167922.0
2013-07-02 09:15:00,NSE:ULTRACEMCO,1925.0,1937.75,1906.8,1930.0,72997.0
2013-07-03 09:15:00,NSE:ULTRACEMCO,1901.35,1921.95,1895.0,1910.0,66479.0
2013-07-04 09:15:00,NSE:ULTRACEMCO,1917.25,1924.65,1903.3,1914.95,35677.0
2013-07-05 09:15:00,NSE:ULTRACEMCO,1924.0,1931.0,1890.35,1930.0,32102.0
2013-07-08 09:15:00,NSE:ULTRACEMCO,1890.1,1945.0,1848.7,1915.0,396469.0
2013-07-09 09:15:00,NSE:ULTRACEMCO,1925.0,1937.8,1889.4,1926.0,86087.0
2013-07-10 09:15:00,NSE:ULTRACEMCO,1930.0,1975.35,1913.85,1962.0,155998.0
2013-07-11 09:15:00,NSE:ULTRACEMCO,1976.9,1988.0,1967.65,1980.0,244998.0
2013-07-12 09:15:00,NSE:ULTRACEMCO,1999.95,1999.95,1919.5,1944.0,222931.0
2013-07-15 09:15:00,NSE:ULTRACEMCO,1937.9,1950.0,1924.8,1936.0,103916.0
2013-07-16 09:15:00,NSE:ULTRACEMCO,1918.9,1942.0,1899.8,1934.0,75689.0
2013-07-17 09:15:00,NSE:ULTRACEMCO,1938.0,1972.0,1920.1,1924.0,313681.0
2013-07-18 09:15:00,NSE:ULTRACEMCO,1936.9,1939.0,1912.6,1924.7,100045.0
2013-07-19 09:15:00,NSE:ULTRACEMCO,1934.8,1934.8,1910.0,1925.0,124511.0
2013-07-22 09:15:00,NSE:ULTRACEMCO,1922.85,1935.2,1880.5,1917.0,137252.0
2013-07-23 09:15:00,NSE:ULTRACEMCO,1930.0,1943.0,1891.5,1895.0,110509.0
2013-07-24 09:15:00,NSE:ULTRACEMCO,1900.0,1925.05,1885.0,1915.0,63243.0
2013-07-25 09:15:00,NSE:ULTRACEMCO,1915.0,1920.95,1842.0,1855.15,309950.0
2013-07-26 09:15:00,NSE:ULTRACEMCO,1845.15,1878.9,1845.15,1874.0,58028.0
2013-07-29 09:15:00,NSE:ULTRACEMCO,1841.0,1894.9,1836.0,1890.15,127930.0
2013-07-30 09:15:00,NSE:ULTRACEMCO,1886.4,1895.0,1861.0,1865.0,33492.0
2013-07-31 09:15:00,NSE:ULTRACEMCO,1864.8,1889.95,1823.55,1826.55,89031.0
2013-08-01 09:15:00,NSE:ULTRACEMCO,1834.9,1834.9,1803.3,1816.0,218721.0
2013-08-02 09:15:00,NSE:ULTRACEMCO,1821.25,1832.95,1755.65,1766.0,63123.0
2013-08-05 09:15:00,NSE:ULTRACEMCO,1780.0,1795.65,1764.0,1771.0,122191.0
2013-08-06 09:15:00,NSE:ULTRACEMCO,1760.0,1772.15,1656.35,1666.0,277493.0
2013-08-07 09:15:00,NSE:ULTRACEMCO,1670.0,1677.9,1624.95,1645.3,460038.0
2013-08-08 09:15:00,NSE:ULTRACEMCO,1632.2,1684.65,1632.2,1670.0,399982.0
2013-08-12 09:15:00,NSE:ULTRACEMCO,1680.25,1719.0,1626.6,1687.6,125092.0
2013-08-13 09:15:00,NSE:ULTRACEMCO,1675.35,1709.8,1645.85,1700.0,148869.0
2013-08-14 09:15:00,NSE:ULTRACEMCO,1699.0,1740.0,1671.2,1740.0,166735.0
2013-08-16 09:15:00,NSE:ULTRACEMCO,1719.0,1749.7,1637.9,1714.9,343203.0
2013-08-19 09:15:00,NSE:ULTRACEMCO,1694.0,1694.0,1637.15,1655.0,286552.0
2013-08-20 09:15:00,NSE:ULTRACEMCO,1637.0,1658.95,1616.05,1647.35,267966.0
2013-08-21 09:15:00,NSE:ULTRACEMCO,1663.9,1663.9,1605.0,1620.0,365998.0
2013-08-22 09:15:00,NSE:ULTRACEMCO,1610.0,1648.7,1604.15,1635.0,1088048.0
2013-08-23 09:15:00,NSE:ULTRACEMCO,1620.0,1640.0,1565.0,1576.0,624269.0
2013-08-26 09:15:00,NSE:ULTRACEMCO,1586.2,1610.8,1573.0,1607.7,142479.0
2013-08-27 09:15:00,NSE:ULTRACEMCO,1583.25,1605.0,1540.0,1540.0,183236.0
2013-08-28 09:15:00,NSE:ULTRACEMCO,1527.55,1535.0,1450.0,1459.0,528963.0
2013-08-29 09:15:00,NSE:ULTRACEMCO,1470.0,1490.0,1411.9,1435.0,311732.0
2013-08-30 09:15:00,NSE:ULTRACEMCO,1441.0,1498.5,1428.0,1489.8,272543.0
2013-09-02 09:15:00,NSE:ULTRACEMCO,1489.6,1533.9,1468.75,1507.9,68125.0
2013-09-03 09:15:00,NSE:ULTRACEMCO,1510.0,1520.0,1441.0,1445.05,148101.0
2013-09-04 09:15:00,NSE:ULTRACEMCO,1449.7,1508.75,1402.35,1490.0,673692.0
2013-09-05 09:15:00,NSE:ULTRACEMCO,1516.0,1583.0,1499.0,1534.0,104681.0
2013-09-06 09:15:00,NSE:ULTRACEMCO,1540.0,1624.9,1473.25,1560.0,173597.0
2013-09-10 09:15:00,NSE:ULTRACEMCO,1608.0,1750.05,1603.8,1700.0,180094.0
2013-09-11 09:15:00,NSE:ULTRACEMCO,1710.0,1740.0,1687.2,1736.0,201269.0
2013-09-12 09:15:00,NSE:ULTRACEMCO,1784.0,1828.0,1725.35,1746.3,699672.0
2013-09-13 09:15:00,NSE:ULTRACEMCO,1750.0,1759.9,1701.55,1718.05,175614.0
2013-09-16 09:15:00,NSE:ULTRACEMCO,1749.55,1765.0,1640.0,1650.0,170288.0
2013-09-17 09:15:00,NSE:ULTRACEMCO,1649.0,1710.0,1633.95,1697.1,102371.0
2013-09-18 09:15:00,NSE:ULTRACEMCO,1699.85,1730.85,1684.65,1720.2,172239.0
2013-09-19 09:15:00,NSE:ULTRACEMCO,1755.55,1787.05,1733.0,1781.45,229392.0
2013-09-20 09:15:00,NSE:ULTRACEMCO,1769.0,1884.95,1746.15,1855.0,164273.0
2013-09-23 09:15:00,NSE:ULTRACEMCO,1830.1,1875.0,1785.2,1804.9,81288.0
2013-09-24 09:15:00,NSE:ULTRACEMCO,1800.0,1829.95,1791.0,1802.4,119691.0
2013-09-25 09:15:00,NSE:ULTRACEMCO,1810.0,1813.9,1772.4,1805.0,206689.0
2013-09-26 09:15:00,NSE:ULTRACEMCO,1799.9,1837.55,1775.9,1800.5,183798.0
2013-09-27 09:15:00,NSE:ULTRACEMCO,1804.0,1849.0,1792.0,1825.05,135378.0
2013-09-30 09:15:00,NSE:ULTRACEMCO,1811.0,1839.0,1790.1,1800.0,98176.0
2013-10-01 09:15:00,NSE:ULTRACEMCO,1818.0,1822.8,1791.0,1820.75,134817.0
2013-10-03 09:15:00,NSE:ULTRACEMCO,1820.0,1912.0,1814.15,1893.55,231321.0
2013-10-04 09:15:00,NSE:ULTRACEMCO,1878.0,1941.8,1878.0,1910.0,234871.0
2013-10-07 09:15:00,NSE:ULTRACEMCO,1882.0,1917.85,1864.8,1905.0,70564.0
2013-10-08 09:15:00,NSE:ULTRACEMCO,1908.0,1950.7,1895.0,1943.0,203336.0
2013-10-09 09:15:00,NSE:ULTRACEMCO,1930.05,1980.0,1920.7,1980.0,210070.0
2013-10-10 09:15:00,NSE:ULTRACEMCO,1968.0,1994.25,1950.0,1974.0,149948.0
2013-10-11 09:15:00,NSE:ULTRACEMCO,1985.25,2000.0,1952.35,1960.5,80609.0
2013-10-14 09:15:00,NSE:ULTRACEMCO,1964.8,1988.05,1945.6,1983.0,128323.0
2013-10-15 09:15:00,NSE:ULTRACEMCO,1975.0,1992.9,1923.8,1971.55,166800.0
2013-10-17 09:15:00,NSE:ULTRACEMCO,1979.0,1999.0,1945.25,1960.1,192215.0
2013-10-18 09:15:00,NSE:ULTRACEMCO,1972.1,1988.0,1948.3,1963.9,319394.0
2013-10-21 09:15:00,NSE:ULTRACEMCO,1875.0,1984.8,1871.0,1959.15,620446.0
2013-10-22 09:15:00,NSE:ULTRACEMCO,1944.8,1967.0,1930.2,1959.9,142931.0
2013-10-23 09:15:00,NSE:ULTRACEMCO,1955.0,1965.0,1911.0,1935.0,218516.0
2013-10-24 09:15:00,NSE:ULTRACEMCO,1933.0,1975.0,1923.9,1953.0,199926.0
2013-10-25 09:15:00,NSE:ULTRACEMCO,1941.0,1965.0,1925.4,1952.15,112066.0
2013-10-28 09:15:00,NSE:ULTRACEMCO,1955.1,1962.95,1937.25,1950.0,128024.0
2013-10-29 09:15:00,NSE:ULTRACEMCO,1935.3,1994.95,1930.7,1989.0,151516.0
2013-10-30 09:15:00,NSE:ULTRACEMCO,1988.0,2009.0,1957.0,1980.55,196038.0
2013-10-31 09:15:00,NSE:ULTRACEMCO,1965.0,1978.0,1952.0,1962.0,190493.0
2013-11-01 09:15:00,NSE:ULTRACEMCO,1965.0,1969.95,1954.05,1962.0,91518.0
2013-11-05 09:15:00,NSE:ULTRACEMCO,1959.0,1990.0,1941.9,1954.0,51326.0
2013-11-06 09:15:00,NSE:ULTRACEMCO,1951.0,1966.0,1936.0,1945.2,89278.0
2013-11-07 09:15:00,NSE:ULTRACEMCO,1962.0,1962.0,1920.0,1935.0,94254.0
2013-11-08 09:15:00,NSE:ULTRACEMCO,1935.0,1939.5,1902.25,1928.0,166644.0
2013-11-11 09:15:00,NSE:ULTRACEMCO,1910.0,1921.95,1887.05,1906.0,94646.0
2013-11-12 09:15:00,NSE:ULTRACEMCO,1906.45,1914.0,1877.8,1884.1,279587.0
2013-11-13 09:15:00,NSE:ULTRACEMCO,1878.8,1897.8,1848.7,1860.05,79055.0
2013-11-14 09:15:00,NSE:ULTRACEMCO,1889.0,1923.0,1860.9,1884.0,112983.0
2013-11-18 09:15:00,NSE:ULTRACEMCO,1900.0,1953.9,1886.7,1945.1,120808.0
2013-11-19 09:15:00,NSE:ULTRACEMCO,1922.0,1941.15,1910.0,1923.0,57876.0
2013-11-20 09:15:00,NSE:ULTRACEMCO,1920.0,1934.8,1890.05,1894.9,66367.0
2013-11-21 09:15:00,NSE:ULTRACEMCO,1886.1,1886.3,1834.95,1842.0,92132.0
2013-11-22 09:15:00,NSE:ULTRACEMCO,1836.5,1857.55,1800.0,1815.05,186940.0
2013-11-25 09:15:00,NSE:ULTRACEMCO,1816.25,1905.75,1816.25,1888.0,179285.0
2013-11-26 09:15:00,NSE:ULTRACEMCO,1871.3,1894.7,1842.3,1854.0,179742.0
2013-11-27 09:15:00,NSE:ULTRACEMCO,1855.25,1875.0,1837.1,1874.9,132723.0
2013-11-28 09:15:00,NSE:ULTRACEMCO,1880.0,1921.35,1871.35,1904.5,194197.0
2013-11-29 09:15:00,NSE:ULTRACEMCO,1912.0,1931.9,1900.95,1907.9,86105.0
2013-12-02 09:15:00,NSE:ULTRACEMCO,1896.5,1934.95,1895.1,1899.0,96462.0
2013-12-03 09:15:00,NSE:ULTRACEMCO,1884.0,1915.0,1884.0,1891.0,85852.0
2013-12-04 09:15:00,NSE:ULTRACEMCO,1890.0,1890.0,1865.0,1872.5,60472.0
2013-12-05 09:15:00,NSE:ULTRACEMCO,1905.25,1918.75,1865.6,1869.9,140143.0
2013-12-06 09:15:00,NSE:ULTRACEMCO,1870.0,1894.8,1853.5,1880.0,108839.0
2013-12-09 09:15:00,NSE:ULTRACEMCO,1919.0,1941.6,1890.05,1927.0,288728.0
2013-12-10 09:15:00,NSE:ULTRACEMCO,1934.9,1961.45,1911.0,1922.1,181876.0
2013-12-11 09:15:00,NSE:ULTRACEMCO,1913.4,1929.8,1896.0,1900.0,74335.0
2013-12-12 09:15:00,NSE:ULTRACEMCO,1909.0,1909.0,1860.0,1861.3,65531.0
2013-12-13 09:15:00,NSE:ULTRACEMCO,1866.0,1866.0,1783.8,1800.0,145893.0
2013-12-16 09:15:00,NSE:ULTRACEMCO,1820.0,1820.0,1761.1,1763.3,101505.0
2013-12-17 09:15:00,NSE:ULTRACEMCO,1784.0,1784.0,1750.0,1750.9,113867.0
2013-12-18 09:15:00,NSE:ULTRACEMCO,1755.5,1774.0,1749.2,1749.2,207048.0
2013-12-19 09:15:00,NSE:ULTRACEMCO,1764.85,1764.9,1725.0,1730.0,113356.0
2013-12-20 09:15:00,NSE:ULTRACEMCO,1730.05,1769.0,1705.0,1747.35,150909.0
2013-12-23 09:15:00,NSE:ULTRACEMCO,1759.0,1782.0,1749.6,1775.0,120041.0
2013-12-24 09:15:00,NSE:ULTRACEMCO,1774.85,1803.45,1774.85,1793.05,161856.0
2013-12-26 09:15:00,NSE:ULTRACEMCO,1786.5,1815.0,1767.55,1800.0,257265.0
2013-12-27 09:15:00,NSE:ULTRACEMCO,1800.25,1815.0,1764.3,1765.25,95471.0
2013-12-30 09:15:00,NSE:ULTRACEMCO,1788.0,1788.0,1730.0,1730.55,60040.0
2013-12-31 09:15:00,NSE:ULTRACEMCO,1745.0,1770.0,1739.6,1766.0,70342.0
2014-01-01 09:15:00,NSE:ULTRACEMCO,1769.0,1773.0,1746.0,1772.0,51796.0
2014-01-02 09:15:00,NSE:ULTRACEMCO,1760.5,1777.9,1726.0,1731.0,81220.0
2014-01-03 09:15:00,NSE:ULTRACEMCO,1720.0,1753.45,1705.1,1727.0,78848.0
2014-01-06 09:15:00,NSE:ULTRACEMCO,1726.5,1732.8,1706.9,1723.05,65748.0
2014-01-07 09:15:00,NSE:ULTRACEMCO,1729.0,1734.65,1682.0,1687.0,98004.0
2014-01-08 09:15:00,NSE:ULTRACEMCO,1695.0,1712.0,1681.45,1692.0,84069.0
2014-01-09 09:15:00,NSE:ULTRACEMCO,1700.0,1700.0,1675.6,1676.5,332263.0
2014-01-10 09:15:00,NSE:ULTRACEMCO,1684.7,1691.85,1643.65,1672.0,251293.0
2014-01-13 09:15:00,NSE:ULTRACEMCO,1670.25,1691.9,1651.9,1669.5,152716.0
2014-01-14 09:15:00,NSE:ULTRACEMCO,1660.5,1670.0,1634.0,1650.05,87817.0
2014-01-15 09:15:00,NSE:ULTRACEMCO,1652.25,1720.0,1641.3,1710.0,132016.0
2014-01-16 09:15:00,NSE:ULTRACEMCO,1712.25,1755.0,1697.4,1752.0,214732.0
2014-01-17 09:15:00,NSE:ULTRACEMCO,1748.0,1756.0,1706.5,1716.0,285994.0
2014-01-20 09:15:00,NSE:ULTRACEMCO,1719.5,1725.0,1685.0,1718.75,242621.0
2014-01-21 09:15:00,NSE:ULTRACEMCO,1720.0,1720.0,1696.2,1700.1,223992.0
2014-01-22 09:15:00,NSE:ULTRACEMCO,1704.0,1704.0,1668.0,1702.05,664324.0
2014-01-23 09:15:00,NSE:ULTRACEMCO,1695.05,1729.9,1676.0,1724.95,70498.0
2014-01-24 09:15:00,NSE:ULTRACEMCO,1711.0,1732.0,1691.5,1700.0,140784.0
2014-01-27 09:15:00,NSE:ULTRACEMCO,1674.0,1708.5,1662.05,1700.0,157548.0
2014-01-28 09:15:00,NSE:ULTRACEMCO,1693.0,1709.5,1670.05,1695.0,63905.0
2014-01-29 09:15:00,NSE:ULTRACEMCO,1701.1,1729.0,1672.1,1701.0,100701.0
2014-01-30 09:15:00,NSE:ULTRACEMCO,1681.0,1709.9,1662.5,1698.9,227549.0
2014-01-31 09:15:00,NSE:ULTRACEMCO,1714.9,1720.0,1678.0,1714.0,95706.0
2014-02-03 09:15:00,NSE:ULTRACEMCO,1725.0,1736.95,1675.8,1683.7,84364.0
2014-02-04 09:15:00,NSE:ULTRACEMCO,1678.0,1717.0,1665.0,1671.05,91012.0
2014-02-05 09:15:00,NSE:ULTRACEMCO,1675.2,1687.1,1665.0,1681.0,577216.0
2014-02-06 09:15:00,NSE:ULTRACEMCO,1699.8,1703.0,1650.3,1692.8,150039.0
2014-02-07 09:15:00,NSE:ULTRACEMCO,1692.0,1739.0,1692.0,1739.0,78752.0
2014-02-10 09:15:00,NSE:ULTRACEMCO,1738.0,1750.25,1720.15,1723.8,51216.0
2014-02-11 09:15:00,NSE:ULTRACEMCO,1731.3,1731.3,1692.0,1700.0,50543.0
2014-02-12 09:15:00,NSE:ULTRACEMCO,1705.5,1714.0,1696.0,1705.7,77023.0
2014-02-13 09:15:00,NSE:ULTRACEMCO,1709.6,1714.6,1676.0,1688.45,89929.0
2014-02-14 09:15:00,NSE:ULTRACEMCO,1688.45,1690.1,1651.1,1666.35,70557.0
2014-02-17 09:15:00,NSE:ULTRACEMCO,1670.1,1679.85,1657.5,1667.5,31840.0
2014-02-18 09:15:00,NSE:ULTRACEMCO,1675.0,1703.0,1673.65,1690.9,76714.0
2014-02-19 09:15:00,NSE:ULTRACEMCO,1705.0,1715.0,1696.35,1706.45,71257.0
2014-02-20 09:15:00,NSE:ULTRACEMCO,1693.4,1716.0,1675.25,1702.05,92694.0
2014-02-21 09:15:00,NSE:ULTRACEMCO,1700.0,1813.3,1690.05,1799.95,274804.0
2014-02-24 09:15:00,NSE:ULTRACEMCO,1786.0,1845.0,1771.15,1838.15,157657.0
2014-02-25 09:15:00,NSE:ULTRACEMCO,1838.0,1879.0,1834.0,1865.75,148155.0
2014-02-26 09:15:00,NSE:ULTRACEMCO,1853.2,1863.0,1818.25,1844.1,219350.0
2014-02-28 09:15:00,NSE:ULTRACEMCO,1851.75,1864.0,1826.15,1839.2,226586.0
2014-03-03 09:15:00,NSE:ULTRACEMCO,1834.8,1845.9,1820.4,1826.75,46525.0
2014-03-04 09:15:00,NSE:ULTRACEMCO,1829.25,1885.9,1823.55,1877.55,144401.0
2014-03-05 09:15:00,NSE:ULTRACEMCO,1888.9,1910.0,1855.35,1897.95,199776.0
2014-03-06 09:15:00,NSE:ULTRACEMCO,1895.1,1967.65,1895.1,1960.05,131172.0
2014-03-07 09:15:00,NSE:ULTRACEMCO,1942.3,1998.0,1942.3,1973.75,182120.0
2014-03-10 09:15:00,NSE:ULTRACEMCO,1952.55,2009.0,1952.55,1989.75,178005.0
2014-03-11 09:15:00,NSE:ULTRACEMCO,1990.0,2019.9,1973.05,2003.3,180057.0
2014-03-12 09:15:00,NSE:ULTRACEMCO,2003.3,2003.3,1952.4,1964.45,102832.0
2014-03-13 09:15:00,NSE:ULTRACEMCO,1970.25,2017.8,1950.0,1958.4,135092.0
2014-03-14 09:15:00,NSE:ULTRACEMCO,1952.0,1983.8,1935.6,1969.95,174903.0
2014-03-18 09:15:00,NSE:ULTRACEMCO,1979.95,1983.6,1960.65,1968.2,136012.0
2014-03-19 09:15:00,NSE:ULTRACEMCO,1965.4,1987.75,1965.4,1978.85,129451.0
2014-03-20 09:15:00,NSE:ULTRACEMCO,1965.05,1982.1,1936.6,1944.55,112317.0
2014-03-21 09:15:00,NSE:ULTRACEMCO,1952.0,1965.0,1931.0,1955.3,242376.0
2014-03-24 09:15:00,NSE:ULTRACEMCO,1964.05,1980.0,1962.0,1973.1,297221.0
2014-03-25 09:15:00,NSE:ULTRACEMCO,1976.5,1998.0,1971.6,1980.2,392969.0
2014-03-26 09:15:00,NSE:ULTRACEMCO,1986.1,1994.0,1982.0,1989.45,170191.0
2014-03-27 09:15:00,NSE:ULTRACEMCO,1980.35,2084.95,1962.3,2058.75,399044.0
2014-03-28 09:15:00,NSE:ULTRACEMCO,2064.0,2161.8,2064.0,2147.1001,373217.0
2014-03-31 09:15:00,NSE:ULTRACEMCO,2160.0,2195.0,2159.8,2186.95,279470.0
2014-04-01 09:15:00,NSE:ULTRACEMCO,2186.0,2186.0,2132.3501,2158.05,85570.0
2014-04-02 09:15:00,NSE:ULTRACEMCO,2160.3501,2177.3501,2106.3501,2128.6001,184921.0
2014-04-03 09:15:00,NSE:ULTRACEMCO,2130.0,2174.7,2114.0,2147.5,160503.0
2014-04-04 09:15:00,NSE:ULTRACEMCO,2160.0,2166.0,2116.55,2150.2,96943.0
2014-04-07 09:15:00,NSE:ULTRACEMCO,2152.1001,2238.8,2152.1001,2225.55,186052.0
2014-04-09 09:15:00,NSE:ULTRACEMCO,2227.0,2238.0,2212.0,2223.6499,138297.0
2014-04-10 09:15:00,NSE:ULTRACEMCO,2222.0,2255.95,2205.05,2245.8,163427.0
2014-04-11 09:15:00,NSE:ULTRACEMCO,2210.1001,2280.0,2210.1001,2259.25,103340.0
2014-04-15 09:15:00,NSE:ULTRACEMCO,2260.0,2260.0,2203.3,2212.1499,111024.0
2014-04-16 09:15:00,NSE:ULTRACEMCO,2224.0,2235.8999,2186.8999,2200.0,177450.0
2014-04-17 09:15:00,NSE:ULTRACEMCO,2202.3501,2226.55,2182.45,2217.6001,207383.0
2014-04-21 09:15:00,NSE:ULTRACEMCO,2220.0,2239.8,2210.45,2219.25,112577.0
2014-04-22 09:15:00,NSE:ULTRACEMCO,2222.6001,2229.8999,2196.0,2202.1001,159728.0
2014-04-23 09:15:00,NSE:ULTRACEMCO,2204.0,2219.0,2155.0,2169.7,340327.0
2014-04-25 09:15:00,NSE:ULTRACEMCO,2199.45,2220.0,2066.7,2079.6001,369536.0
2014-04-28 09:15:00,NSE:ULTRACEMCO,2087.6001,2090.0,2043.0,2050.75,246765.0
2014-04-29 09:15:00,NSE:ULTRACEMCO,2076.0,2113.8999,2021.0,2066.5,237064.0
2014-04-30 09:15:00,NSE:ULTRACEMCO,2051.25,2110.0,2012.6,2027.15,131946.0
2014-05-02 09:15:00,NSE:ULTRACEMCO,2046.8,2050.0,2015.0,2035.95,94467.0
2014-05-05 09:15:00,NSE:ULTRACEMCO,2040.0,2049.8501,2003.4,2030.8,177146.0
2014-05-06 09:15:00,NSE:ULTRACEMCO,2034.0,2039.0,2017.05,2023.8,156919.0
2014-05-07 09:15:00,NSE:ULTRACEMCO,2010.5,2025.9,1959.8,1968.9,419812.0
2014-05-08 09:15:00,NSE:ULTRACEMCO,1961.0,1984.7,1950.5,1980.05,199432.0
2014-05-09 09:15:00,NSE:ULTRACEMCO,1976.0,2085.6499,1961.6,2079.6001,688549.0
2014-05-12 09:15:00,NSE:ULTRACEMCO,2079.6001,2185.0,2076.0,2159.1499,263790.0
2014-05-13 09:15:00,NSE:ULTRACEMCO,2188.0,2235.0,2164.8999,2220.55,336275.0
2014-05-14 09:15:00,NSE:ULTRACEMCO,2240.0,2250.0,2225.0,2240.6001,236987.0
2014-05-15 09:15:00,NSE:ULTRACEMCO,2250.0,2259.25,2196.6001,2230.7,220591.0
2014-05-16 09:15:00,NSE:ULTRACEMCO,2251.5,2554.0,2231.2,2334.1499,820647.0
2014-05-19 09:15:00,NSE:ULTRACEMCO,2335.0,2371.6499,2293.2,2338.6499,643976.0
2014-05-20 09:15:00,NSE:ULTRACEMCO,2338.7,2360.0,2302.0,2345.8,275063.0
2014-05-21 09:15:00,NSE:ULTRACEMCO,2359.8999,2359.8999,2250.5,2270.95,428245.0
2014-05-22 09:15:00,NSE:ULTRACEMCO,2271.0,2289.8999,2220.0,2265.05,814293.0
2014-05-23 09:15:00,NSE:ULTRACEMCO,2269.0,2282.8,2235.5,2270.1001,449348.0
2014-05-26 09:15:00,NSE:ULTRACEMCO,2289.0,2357.05,2186.3,2236.3999,1168461.0
2014-05-27 09:15:00,NSE:ULTRACEMCO,2215.0,2279.55,2214.0,2265.45,614545.0
2014-05-28 09:15:00,NSE:ULTRACEMCO,2284.8999,2399.95,2265.25,2375.55,910984.0
2014-05-29 09:15:00,NSE:ULTRACEMCO,2386.0,2472.6001,2375.0,2392.1001,528999.0
2014-05-30 09:15:00,NSE:ULTRACEMCO,2398.0,2431.0,2175.0,2382.2,340895.0
2014-06-02 09:15:00,NSE:ULTRACEMCO,2399.5,2458.8,2345.8999,2450.3,125036.0
2014-06-03 09:15:00,NSE:ULTRACEMCO,2437.3501,2580.0,2437.3501,2553.5,249483.0
2014-06-04 09:15:00,NSE:ULTRACEMCO,2535.0,2586.0,2535.0,2571.8501,391679.0
2014-06-05 09:15:00,NSE:ULTRACEMCO,2572.0,2658.8999,2559.45,2632.5,395460.0
2014-06-06 09:15:00,NSE:ULTRACEMCO,2640.0,2709.0,2596.55,2674.7,346829.0
2014-06-09 09:15:00,NSE:ULTRACEMCO,2708.0,2847.0,2700.05,2800.75,370050.0
2014-06-10 09:15:00,NSE:ULTRACEMCO,2803.7,2814.0,2760.1499,2797.8999,299466.0
2014-06-11 09:15:00,NSE:ULTRACEMCO,2783.1001,2810.0,2763.0,2775.5,210853.0
2014-06-12 09:15:00,NSE:ULTRACEMCO,2768.0,2803.0,2719.95,2768.7,228675.0
2014-06-13 09:15:00,NSE:ULTRACEMCO,2760.0,2826.25,2750.0,2768.0,234432.0
2014-06-16 09:15:00,NSE:ULTRACEMCO,2773.0,2784.0,2686.0,2746.6499,142303.0
2014-06-17 09:15:00,NSE:ULTRACEMCO,2732.0,2813.8501,2713.45,2796.8999,204982.0
2014-06-18 09:15:00,NSE:ULTRACEMCO,2796.8999,2872.0,2782.0,2805.1001,271738.0
2014-06-19 09:15:00,NSE:ULTRACEMCO,2806.0,2816.1001,2750.05,2755.3999,181951.0
2014-06-20 09:15:00,NSE:ULTRACEMCO,2756.0,2771.5,2709.0,2727.45,624214.0
2014-06-23 09:15:00,NSE:ULTRACEMCO,2725.0,2755.0,2670.5,2711.25,215826.0
2014-06-24 09:15:00,NSE:ULTRACEMCO,2712.0,2740.0,2686.95,2705.75,429044.0
2014-06-25 09:15:00,NSE:ULTRACEMCO,2708.6001,2735.0,2681.6001,2724.5,117721.0
2014-06-26 09:15:00,NSE:ULTRACEMCO,2749.0,2749.0,2652.0,2685.05,386646.0
2014-06-27 09:15:00,NSE:ULTRACEMCO,2691.75,2699.8,2555.25,2595.8999,383541.0
2014-06-30 09:15:00,NSE:ULTRACEMCO,2597.0,2627.0,2580.1001,2591.95,143123.0
2014-07-01 09:15:00,NSE:ULTRACEMCO,2593.0,2638.6001,2593.0,2630.05,293772.0
2014-07-02 09:15:00,NSE:ULTRACEMCO,2645.0,2673.0,2626.0,2643.3,318166.0
2014-07-03 09:15:00,NSE:ULTRACEMCO,2647.0,2654.95,2595.05,2628.3501,275955.0
2014-07-04 09:15:00,NSE:ULTRACEMCO,2630.0,2632.95,2569.0,2601.0,188031.0
2014-07-07 09:15:00,NSE:ULTRACEMCO,2608.8999,2615.8999,2548.0,2559.8999,228067.0
2014-07-08 09:15:00,NSE:ULTRACEMCO,2575.0,2575.0,2492.5,2499.95,584531.0
2014-07-09 09:15:00,NSE:ULTRACEMCO,2504.0,2521.0,2477.7,2494.0,311136.0
2014-07-10 09:15:00,NSE:ULTRACEMCO,2519.0,2545.0,2469.75,2511.3999,882148.0
2014-07-11 09:15:00,NSE:ULTRACEMCO,2528.8999,2530.0,2455.25,2488.3999,386695.0
2014-07-14 09:15:00,NSE:ULTRACEMCO,2470.0,2539.5,2470.0,2513.2,319583.0
2014-07-15 09:15:00,NSE:ULTRACEMCO,2518.0,2525.8999,2497.1001,2519.3,192032.0
2014-07-16 09:15:00,NSE:ULTRACEMCO,2525.0,2536.0,2507.25,2513.2,669381.0
2014-07-17 09:15:00,NSE:ULTRACEMCO,2514.0,2605.75,2498.55,2592.95,788176.0
2014-07-18 09:15:00,NSE:ULTRACEMCO,2600.0,2600.0,2537.45,2551.95,347820.0
2014-07-21 09:15:00,NSE:ULTRACEMCO,2510.0,2540.3,2464.25,2522.55,386560.0
2014-07-22 09:15:00,NSE:ULTRACEMCO,2523.0,2534.0,2501.55,2520.6499,336391.0
2014-07-23 09:15:00,NSE:ULTRACEMCO,2502.05,2529.3501,2445.1001,2451.8,310668.0
2014-07-24 09:15:00,NSE:ULTRACEMCO,2447.0,2490.0,2419.0,2484.3999,189840.0
2014-07-25 09:15:00,NSE:ULTRACEMCO,2485.0,2496.1001,2450.3501,2475.5,215621.0
2014-07-28 09:15:00,NSE:ULTRACEMCO,2480.0,2480.0,2392.0,2410.3501,238497.0
2014-07-30 09:15:00,NSE:ULTRACEMCO,2410.0,2479.8999,2372.5,2467.3,347843.0
2014-07-31 09:15:00,NSE:ULTRACEMCO,2463.0,2487.8999,2413.1001,2420.8501,209170.0
2014-08-01 09:15:00,NSE:ULTRACEMCO,2420.0,2511.95,2371.0,2471.6001,548588.0
2014-08-04 09:15:00,NSE:ULTRACEMCO,2483.0,2511.0,2464.25,2470.6001,114658.0
2014-08-05 09:15:00,NSE:ULTRACEMCO,2480.0,2618.8999,2470.05,2603.3,388972.0
2014-08-06 09:15:00,NSE:ULTRACEMCO,2599.0,2605.0,2535.0,2546.6499,382347.0
2014-08-07 09:15:00,NSE:ULTRACEMCO,2550.0,2586.8,2530.05,2544.25,307606.0
2014-08-08 09:15:00,NSE:ULTRACEMCO,2521.8999,2525.0,2440.0,2474.55,277909.0
2014-08-11 09:15:00,NSE:ULTRACEMCO,2491.0,2549.6499,2480.0,2532.6499,185321.0
2014-08-12 09:15:00,NSE:ULTRACEMCO,2544.0,2625.0,2536.1499,2613.1001,293381.0
2014-08-13 09:15:00,NSE:ULTRACEMCO,2606.0,2640.0,2576.0,2608.1001,368845.0
2014-08-14 09:15:00,NSE:ULTRACEMCO,2600.0,2640.0,2587.5,2632.55,160888.0
2014-08-18 09:15:00,NSE:ULTRACEMCO,2630.3501,2670.0,2630.3501,2665.1499,181072.0
2014-08-19 09:15:00,NSE:ULTRACEMCO,2671.1001,2733.3,2655.05,2718.6001,269465.0
2014-08-20 09:15:00,NSE:ULTRACEMCO,2718.0,2724.5,2674.0,2684.3501,166602.0
2014-08-21 09:15:00,NSE:ULTRACEMCO,2682.0,2689.95,2630.2,2644.8999,649656.0
2014-08-22 09:15:00,NSE:ULTRACEMCO,2654.7,2671.45,2644.5,2651.3501,78811.0
2014-08-25 09:15:00,NSE:ULTRACEMCO,2668.0,2668.0,2608.8501,2629.25,98382.0
2014-08-26 09:15:00,NSE:ULTRACEMCO,2649.0,2649.0,2578.0,2610.8501,206952.0
2014-08-27 09:15:00,NSE:ULTRACEMCO,2612.1001,2623.25,2585.0,2594.5,131664.0
2014-08-28 09:15:00,NSE:ULTRACEMCO,2590.8,2609.3,2541.8,2550.05,262975.0
2014-09-01 09:15:00,NSE:ULTRACEMCO,2585.0,2651.75,2560.25,2643.5,250061.0
2014-09-02 09:15:00,NSE:ULTRACEMCO,2632.1001,2743.0,2632.1001,2719.25,230945.0
2014-09-03 09:15:00,NSE:ULTRACEMCO,2719.5,2742.55,2700.6499,2713.1499,235374.0
2014-09-04 09:15:00,NSE:ULTRACEMCO,2690.1001,2732.8999,2655.0,2710.6001,203348.0
2014-09-05 09:15:00,NSE:ULTRACEMCO,2708.0,2728.3999,2666.5,2670.75,186652.0
2014-09-08 09:15:00,NSE:ULTRACEMCO,2674.05,2724.95,2670.8,2718.05,346213.0
2014-09-09 09:15:00,NSE:ULTRACEMCO,2710.0,2767.0,2687.0,2694.8999,173333.0
2014-09-10 09:15:00,NSE:ULTRACEMCO,2690.0,2714.95,2676.3999,2680.3999,142101.0
2014-09-11 09:15:00,NSE:ULTRACEMCO,2705.0,2709.0,2660.0,2686.55,76735.0
2014-09-12 09:15:00,NSE:ULTRACEMCO,2676.05,2686.25,2605.0,2639.3501,188618.0
2014-09-15 09:15:00,NSE:ULTRACEMCO,2630.0,2639.3501,2575.0,2589.1499,126296.0
2014-09-16 09:15:00,NSE:ULTRACEMCO,2593.8999,2620.5,2520.75,2551.2,103211.0
2014-09-17 09:15:00,NSE:ULTRACEMCO,2555.0,2605.0,2535.0,2599.8501,152700.0
2014-09-18 09:15:00,NSE:ULTRACEMCO,2573.8999,2662.0,2573.8,2645.95,105864.0
2014-09-19 09:15:00,NSE:ULTRACEMCO,2650.5,2666.1001,2625.0,2641.55,165822.0
2014-09-22 09:15:00,NSE:ULTRACEMCO,2641.0,2666.0,2596.8999,2617.25,132014.0
2014-09-23 09:15:00,NSE:ULTRACEMCO,2608.0,2669.0,2590.25,2601.3,381918.0
2014-09-24 09:15:00,NSE:ULTRACEMCO,2602.1001,2658.7,2602.1001,2630.6499,202208.0
2014-09-25 09:15:00,NSE:ULTRACEMCO,2623.0,2627.25,2552.75,2574.0,149242.0
2014-09-26 09:15:00,NSE:ULTRACEMCO,2556.0,2665.0,2556.0,2646.0,119895.0
2014-09-29 09:15:00,NSE:ULTRACEMCO,2650.1001,2660.0,2614.55,2646.6499,91728.0
2014-09-30 09:15:00,NSE:ULTRACEMCO,2615.3501,2654.0,2603.0,2631.6499,267977.0
2014-10-01 09:15:00,NSE:ULTRACEMCO,2643.0,2660.0,2623.1001,2648.75,246714.0
2014-10-07 09:15:00,NSE:ULTRACEMCO,2620.1001,2627.2,2550.0,2556.7,194098.0
2014-10-08 09:15:00,NSE:ULTRACEMCO,2573.7,2588.0,2527.0,2549.1001,150908.0
2014-10-09 09:15:00,NSE:ULTRACEMCO,2563.05,2589.8999,2551.05,2570.8,235119.0
2014-10-10 09:15:00,NSE:ULTRACEMCO,2550.0,2550.0,2477.0,2481.3501,267198.0
2014-10-13 09:15:00,NSE:ULTRACEMCO,2470.0,2499.0,2446.0,2481.8999,116541.0
2014-10-14 09:15:00,NSE:ULTRACEMCO,2491.0,2497.5,2457.0,2467.0,179235.0
2014-10-16 09:15:00,NSE:ULTRACEMCO,2475.0,2480.0,2301.0,2317.6001,743190.0
2014-10-17 09:15:00,NSE:ULTRACEMCO,2320.1001,2355.05,2297.2,2317.75,663716.0
2014-10-20 09:15:00,NSE:ULTRACEMCO,2400.0,2455.0,2390.0,2450.25,535119.0
2014-10-21 09:15:00,NSE:ULTRACEMCO,2468.8999,2469.0,2390.0,2400.0,225131.0
2014-10-22 09:15:00,NSE:ULTRACEMCO,2417.0,2428.8501,2397.5,2401.2,460297.0
2014-10-23 09:15:00,NSE:ULTRACEMCO,2440.0,2440.0,2420.8,2433.25,34325.0
2014-10-27 09:15:00,NSE:ULTRACEMCO,2450.0,2454.95,2405.25,2430.6001,212746.0
2014-10-28 09:15:00,NSE:ULTRACEMCO,2448.3999,2484.8999,2435.2,2464.8501,382196.0
2014-10-29 09:15:00,NSE:ULTRACEMCO,2474.0,2488.3501,2452.5,2479.3,153137.0
2014-10-30 09:15:00,NSE:ULTRACEMCO,2479.3,2526.3501,2479.3,2512.1499,271524.0
2014-10-31 09:15:00,NSE:ULTRACEMCO,2520.0,2560.0,2515.0,2548.45,178739.0
2014-11-03 09:15:00,NSE:ULTRACEMCO,2564.8999,2586.0,2542.0,2559.95,472226.0
2014-11-05 09:15:00,NSE:ULTRACEMCO,2584.8999,2599.0,2519.95,2535.3,352598.0
2014-11-07 09:15:00,NSE:ULTRACEMCO,2540.0,2571.0,2540.0,2561.8999,178624.0
2014-11-10 09:15:00,NSE:ULTRACEMCO,2575.0,2586.45,2550.3,2581.1001,103883.0
2014-11-11 09:15:00,NSE:ULTRACEMCO,2589.0,2651.8,2582.0,2646.6001,365074.0
2014-11-12 09:15:00,NSE:ULTRACEMCO,2660.0,2669.0,2620.0,2624.6001,125209.0
2014-11-13 09:15:00,NSE:ULTRACEMCO,2630.3999,2642.0,2570.0,2577.2,129950.0
2014-11-14 09:15:00,NSE:ULTRACEMCO,2590.0,2627.0,2574.0,2616.0,305779.0
2014-11-17 09:15:00,NSE:ULTRACEMCO,2617.0,2636.6001,2543.0,2561.45,200087.0
2014-11-18 09:15:00,NSE:ULTRACEMCO,2573.0,2581.6499,2521.0,2530.1001,396046.0
2014-11-19 09:15:00,NSE:ULTRACEMCO,2542.0,2545.0,2480.0,2494.75,155068.0
2014-11-20 09:15:00,NSE:ULTRACEMCO,2519.0,2519.0,2458.0,2466.3501,149286.0
2014-11-21 09:15:00,NSE:ULTRACEMCO,2471.0,2510.3999,2467.0,2490.7,345086.0
2014-11-24 09:15:00,NSE:ULTRACEMCO,2510.0,2543.95,2475.2,2522.1001,213396.0
2014-11-25 09:15:00,NSE:ULTRACEMCO,2518.0,2523.55,2451.6499,2467.2,349617.0
2014-11-26 09:15:00,NSE:ULTRACEMCO,2485.0,2519.6499,2452.1001,2476.45,142947.0
2014-11-27 09:15:00,NSE:ULTRACEMCO,2472.0,2498.0,2462.0,2475.2,129219.0
2014-11-28 09:15:00,NSE:ULTRACEMCO,2472.0,2514.0,2472.0,2484.25,148802.0
2014-12-01 09:15:00,NSE:ULTRACEMCO,2490.0,2501.6499,2470.1001,2478.2,140877.0
2014-12-02 09:15:00,NSE:ULTRACEMCO,2472.0,2482.0,2455.05,2473.0,121354.0
2014-12-03 09:15:00,NSE:ULTRACEMCO,2468.0,2491.8999,2463.0,2474.1001,298868.0
2014-12-04 09:15:00,NSE:ULTRACEMCO,2480.0,2484.0,2455.0,2464.6499,119759.0
2014-12-05 09:15:00,NSE:ULTRACEMCO,2460.0,2514.0,2460.0,2485.25,105258.0
2014-12-08 09:15:00,NSE:ULTRACEMCO,2492.0,2525.0,2478.8501,2512.1001,99526.0
2014-12-09 09:15:00,NSE:ULTRACEMCO,2503.3501,2511.75,2465.6001,2481.75,139771.0
2014-12-10 09:15:00,NSE:ULTRACEMCO,2468.0,2524.8501,2461.0,2515.75,150389.0
2014-12-11 09:15:00,NSE:ULTRACEMCO,2505.1001,2541.6499,2468.25,2484.45,122538.0
2014-12-12 09:15:00,NSE:ULTRACEMCO,2490.0,2525.45,2490.0,2511.5,119439.0
2014-12-15 09:15:00,NSE:ULTRACEMCO,2517.0,2572.0,2488.05,2536.7,152979.0
2014-12-16 09:15:00,NSE:ULTRACEMCO,2534.0,2560.0,2480.0,2484.8501,134938.0
2014-12-17 09:15:00,NSE:ULTRACEMCO,2487.0,2517.8,2430.8999,2439.3,160929.0
2014-12-18 09:15:00,NSE:ULTRACEMCO,2457.0,2465.0,2418.8,2446.55,110961.0
2014-12-19 09:15:00,NSE:ULTRACEMCO,2450.3,2514.7,2450.0,2498.3501,157752.0
2014-12-22 09:15:00,NSE:ULTRACEMCO,2503.2,2529.95,2498.05,2517.0,64915.0
2014-12-23 09:15:00,NSE:ULTRACEMCO,2518.0,2550.0,2516.0,2544.5,114878.0
2014-12-24 09:15:00,NSE:ULTRACEMCO,2590.0,2664.0,2572.1001,2620.55,873801.0
2014-12-26 09:15:00,NSE:ULTRACEMCO,2647.0,2649.3999,2590.0,2602.95,125576.0
2014-12-29 09:15:00,NSE:ULTRACEMCO,2619.0,2657.0,2608.0,2645.3999,107647.0
2014-12-30 09:15:00,NSE:ULTRACEMCO,2650.75,2660.0,2610.0,2629.8,75556.0
2014-12-31 09:15:00,NSE:ULTRACEMCO,2640.0,2698.0,2630.0,2676.05,160389.0
2015-01-01 09:15:00,NSE:ULTRACEMCO,2678.8999,2678.8999,2651.2,2662.5,54097.0
2015-01-02 09:15:00,NSE:ULTRACEMCO,2669.5,2752.5,2667.25,2742.1001,228660.0
2015-01-05 09:15:00,NSE:ULTRACEMCO,2748.0,2775.3999,2726.0,2747.7,181680.0
2015-01-06 09:15:00,NSE:ULTRACEMCO,2737.7,2739.0,2651.0,2670.6001,292468.0
2015-01-07 09:15:00,NSE:ULTRACEMCO,2675.0,2692.95,2612.25,2660.05,120023.0
2015-01-08 09:15:00,NSE:ULTRACEMCO,2675.0,2732.3,2660.3,2727.45,249884.0
2015-01-09 09:15:00,NSE:ULTRACEMCO,2760.0,2760.0,2711.0,2729.3501,334880.0
2015-01-12 09:15:00,NSE:ULTRACEMCO,2727.7,2735.0,2690.0,2700.3,148064.0
2015-01-13 09:15:00,NSE:ULTRACEMCO,2735.0,2851.25,2715.05,2818.5,517233.0
2015-01-14 09:15:00,NSE:ULTRACEMCO,2829.0,2918.8,2829.0,2908.8501,537834.0
2015-01-15 09:15:00,NSE:ULTRACEMCO,2920.0,3102.3,2898.3999,3083.05,699207.0
2015-01-16 09:15:00,NSE:ULTRACEMCO,3100.2,3139.95,3045.75,3070.1001,369250.0
2015-01-19 09:15:00,NSE:ULTRACEMCO,3099.0,3139.95,3066.5,3088.5,147140.0
2015-01-20 09:15:00,NSE:ULTRACEMCO,3100.0,3127.95,3085.05,3096.45,303336.0
2015-01-21 09:15:00,NSE:ULTRACEMCO,3109.0,3115.8999,3041.3,3054.8,295819.0
2015-01-22 09:15:00,NSE:ULTRACEMCO,3062.0,3144.25,3059.0,3122.45,368715.0
2015-01-23 09:15:00,NSE:ULTRACEMCO,3168.0,3185.75,3130.0,3147.8999,414381.0
2015-01-27 09:15:00,NSE:ULTRACEMCO,3199.8999,3199.8999,3105.45,3121.45,426957.0
2015-01-28 09:15:00,NSE:ULTRACEMCO,3130.0,3189.95,3125.0,3139.75,241081.0
2015-01-29 09:15:00,NSE:ULTRACEMCO,3135.0,3175.0,3113.1001,3162.75,353459.0
2015-01-30 09:15:00,NSE:ULTRACEMCO,3162.3501,3185.0,3097.0,3140.3501,170802.0
2015-02-02 09:15:00,NSE:ULTRACEMCO,3149.8,3169.1499,3039.0,3087.05,258417.0
2015-02-03 09:15:00,NSE:ULTRACEMCO,3070.0,3188.0,3060.0,3107.55,407784.0
2015-02-04 09:15:00,NSE:ULTRACEMCO,3125.3999,3126.3999,3068.1001,3096.8999,220090.0
2015-02-05 09:15:00,NSE:ULTRACEMCO,3109.8999,3109.8999,3041.0,3064.1001,130329.0
2015-02-06 09:15:00,NSE:ULTRACEMCO,3030.0,3050.0,2995.0,3008.3501,129840.0
2015-02-09 09:15:00,NSE:ULTRACEMCO,2961.05,2990.0,2941.0,2962.75,127620.0
2015-02-10 09:15:00,NSE:ULTRACEMCO,2951.1001,3025.95,2941.1001,2966.2,187835.0
2015-02-11 09:15:00,NSE:ULTRACEMCO,2975.0,3019.95,2975.0,3008.0,170700.0
2015-02-12 09:15:00,NSE:ULTRACEMCO,3007.0,3095.0,3000.5,3035.1001,187078.0
2015-02-13 09:15:00,NSE:ULTRACEMCO,3071.1001,3144.75,3068.0,3112.5,193738.0
2015-02-16 09:15:00,NSE:ULTRACEMCO,3123.0,3150.0,3070.1499,3078.8,177606.0
2015-02-18 09:15:00,NSE:ULTRACEMCO,3082.3,3127.5,3082.0,3110.0,202114.0
2015-02-19 09:15:00,NSE:ULTRACEMCO,3112.6001,3128.8999,3008.1001,3062.3,165743.0
2015-02-20 09:15:00,NSE:ULTRACEMCO,3119.0,3125.1001,3005.6499,3014.1001,201227.0
2015-02-23 09:15:00,NSE:ULTRACEMCO,3028.0,3043.0,2970.0,2978.1001,200058.0
2015-02-24 09:15:00,NSE:ULTRACEMCO,2981.0,3008.2,2965.0,2988.6001,118101.0
2015-02-25 09:15:00,NSE:ULTRACEMCO,2995.2,3060.0,2992.2,3042.8501,284765.0
2015-02-26 09:15:00,NSE:ULTRACEMCO,3044.0,3065.0,2952.45,2977.45,218727.0
2015-02-27 09:15:00,NSE:ULTRACEMCO,3001.0,3136.7,2994.0,3125.8,251642.0
2015-02-28 09:15:00,NSE:ULTRACEMCO,3150.0,3178.95,3085.0,3135.75,124464.0
2015-03-02 09:15:00,NSE:ULTRACEMCO,3159.0,3379.0,3145.0,3369.8,446753.0
2015-03-03 09:15:00,NSE:ULTRACEMCO,3375.0,3375.0,3310.0,3360.8501,247539.0
2015-03-04 09:15:00,NSE:ULTRACEMCO,3369.0,3398.0,3292.5,3310.3,278837.0
2015-03-05 09:15:00,NSE:ULTRACEMCO,3315.0,3330.0,3152.3501,3189.55,490549.0
2015-03-09 09:15:00,NSE:ULTRACEMCO,3179.0,3190.0,3053.1499,3066.1499,318482.0
2015-03-10 09:15:00,NSE:ULTRACEMCO,3070.0,3108.8999,3006.0,3017.2,539122.0
2015-03-11 09:15:00,NSE:ULTRACEMCO,3017.2,3044.6499,2975.0,2987.1001,309685.0
2015-03-12 09:15:00,NSE:ULTRACEMCO,2998.0,3029.95,2994.1499,3009.3501,483570.0
2015-03-13 09:15:00,NSE:ULTRACEMCO,3040.0,3040.0,2934.55,2946.8999,254015.0
2015-03-16 09:15:00,NSE:ULTRACEMCO,2970.0,2975.0,2890.0,2913.3999,214421.0
2015-03-17 09:15:00,NSE:ULTRACEMCO,2947.0,2964.8,2891.1001,2928.3999,290837.0
2015-03-18 09:15:00,NSE:ULTRACEMCO,2950.0,2966.3999,2909.45,2935.7,292204.0
2015-03-19 09:15:00,NSE:ULTRACEMCO,2954.0,2993.3,2874.0,2893.0,354477.0
2015-03-20 09:15:00,NSE:ULTRACEMCO,2888.0,2890.0,2835.6001,2855.05,284773.0
2015-03-23 09:15:00,NSE:ULTRACEMCO,2860.0,2878.55,2825.0,2829.0,213023.0
2015-03-24 09:15:00,NSE:ULTRACEMCO,2837.0,2846.0,2790.6499,2801.5,389917.0
2015-03-25 09:15:00,NSE:ULTRACEMCO,2819.0,2829.7,2750.0,2766.0,389212.0
2015-03-26 09:15:00,NSE:ULTRACEMCO,2750.0,2826.55,2734.7,2795.8,433234.0
2015-03-27 09:15:00,NSE:ULTRACEMCO,2810.1001,2815.6001,2763.8999,2801.8501,267173.0
2015-03-30 09:15:00,NSE:ULTRACEMCO,2823.0,2957.6001,2810.05,2944.05,340546.0
2015-03-31 09:15:00,NSE:ULTRACEMCO,2967.5,2967.5,2855.0,2877.8999,465222.0
2015-04-01 09:15:00,NSE:ULTRACEMCO,2888.95,2909.3,2857.3501,2883.7,371347.0
2015-04-06 09:15:00,NSE:ULTRACEMCO,2899.0,2909.7,2870.0,2892.55,137119.0
2015-04-07 09:15:00,NSE:ULTRACEMCO,2900.0,2945.0,2878.3999,2931.8501,283978.0
2015-04-08 09:15:00,NSE:ULTRACEMCO,2964.7,3022.5,2938.8,2986.45,270787.0
2015-04-09 09:15:00,NSE:ULTRACEMCO,3000.0,3003.0,2945.0,2963.95,192790.0
2015-04-10 09:15:00,NSE:ULTRACEMCO,2988.8999,3003.95,2945.0,2969.05,118815.0
2015-04-13 09:15:00,NSE:ULTRACEMCO,2970.0,3028.8999,2952.3501,3001.45,238104.0
2015-04-15 09:15:00,NSE:ULTRACEMCO,3024.8999,3029.8999,2965.0,2986.5,585767.0
2015-04-16 09:15:00,NSE:ULTRACEMCO,2986.5,3003.8501,2860.6001,2895.05,301285.0
2015-04-17 09:15:00,NSE:ULTRACEMCO,2882.0,2885.0,2797.25,2809.1499,505583.0
2015-04-20 09:15:00,NSE:ULTRACEMCO,2809.1499,2825.8,2748.5,2778.1499,496778.0
2015-04-21 09:15:00,NSE:ULTRACEMCO,2789.7,2817.0,2732.75,2751.2,127347.0
2015-04-22 09:15:00,NSE:ULTRACEMCO,2763.0,2809.0,2752.0,2792.8,361828.0
2015-04-23 09:15:00,NSE:ULTRACEMCO,2805.0,2850.0,2711.5,2728.3,220291.0
2015-04-24 09:15:00,NSE:ULTRACEMCO,2728.5,2744.3999,2690.0,2706.95,361319.0
2015-04-27 09:15:00,NSE:ULTRACEMCO,2707.0,2769.0,2638.05,2655.3,585545.0
2015-04-28 09:15:00,NSE:ULTRACEMCO,2655.3501,2716.95,2625.6001,2688.8999,461994.0
2015-04-29 09:15:00,NSE:ULTRACEMCO,2705.0,2796.0,2663.25,2679.25,292385.0
2015-04-30 09:15:00,NSE:ULTRACEMCO,2679.25,2688.7,2635.0,2672.1001,465521.0
2015-05-04 09:15:00,NSE:ULTRACEMCO,2672.0,2748.0,2612.0,2709.05,304191.0
2015-05-05 09:15:00,NSE:ULTRACEMCO,2710.0,2738.0,2689.05,2709.2,150916.0
2015-05-06 09:15:00,NSE:ULTRACEMCO,2704.0,2708.3,2596.6499,2605.7,481825.0
2015-05-07 09:15:00,NSE:ULTRACEMCO,2592.0,2664.3501,2531.0,2619.1499,342436.0
2015-05-08 09:15:00,NSE:ULTRACEMCO,2632.0,2710.0,2626.05,2698.0,391296.0
2015-05-11 09:15:00,NSE:ULTRACEMCO,2698.1001,2859.8999,2698.0,2823.8,500284.0
2015-05-12 09:15:00,NSE:ULTRACEMCO,2830.8501,2830.8501,2730.1001,2748.8501,321050.0
2015-05-13 09:15:00,NSE:ULTRACEMCO,2780.0,2824.8999,2755.7,2794.3999,211737.0
2015-05-14 09:15:00,NSE:ULTRACEMCO,2793.8999,2803.6499,2731.25,2796.05,169391.0
2015-05-15 09:15:00,NSE:ULTRACEMCO,2803.2,2837.25,2790.8,2805.3999,165461.0
2015-05-18 09:15:00,NSE:ULTRACEMCO,2815.0,2905.0,2780.3501,2900.1001,269975.0
2015-05-19 09:15:00,NSE:ULTRACEMCO,2900.1001,2985.0,2894.8999,2971.3999,639626.0
2015-05-20 09:15:00,NSE:ULTRACEMCO,2969.2,3050.95,2969.2,3032.25,631734.0
2015-05-21 09:15:00,NSE:ULTRACEMCO,3030.0,3109.8501,3006.3999,3064.6001,706556.0
2015-05-22 09:15:00,NSE:ULTRACEMCO,3068.3,3087.0,2968.45,2975.3999,303833.0
2015-05-25 09:15:00,NSE:ULTRACEMCO,2994.0,2998.95,2924.8,2935.0,160917.0
2015-05-26 09:15:00,NSE:ULTRACEMCO,2929.0,2952.0,2880.0,2906.8501,271690.0
2015-05-27 09:15:00,NSE:ULTRACEMCO,2910.0,2913.0,2860.0,2885.1499,335348.0
2015-05-28 09:15:00,NSE:ULTRACEMCO,2890.0,2948.3501,2852.3501,2917.45,335276.0
2015-05-29 09:15:00,NSE:ULTRACEMCO,2939.7,2996.8999,2903.3999,2975.3,415630.0
2015-06-01 09:15:00,NSE:ULTRACEMCO,2995.0,3024.0,2970.0,3005.3999,199856.0
2015-06-02 09:15:00,NSE:ULTRACEMCO,2995.1001,3014.95,2893.5,2910.25,190073.0
2015-06-03 09:15:00,NSE:ULTRACEMCO,2896.0,2914.0,2820.2,2831.1001,135557.0
2015-06-04 09:15:00,NSE:ULTRACEMCO,2854.7,2879.75,2814.2,2868.05,113540.0
2015-06-05 09:15:00,NSE:ULTRACEMCO,2860.8501,2904.3999,2781.1001,2806.25,218113.0
2015-06-08 09:15:00,NSE:ULTRACEMCO,2832.0,2833.3,2780.75,2809.8501,110182.0
2015-06-09 09:15:00,NSE:ULTRACEMCO,2811.0,2846.0,2788.8,2810.3501,147353.0
2015-06-10 09:15:00,NSE:ULTRACEMCO,2835.0,2844.95,2800.0,2804.55,172608.0
2015-06-11 09:15:00,NSE:ULTRACEMCO,2806.0,2827.95,2690.3999,2701.6499,264043.0
2015-06-12 09:15:00,NSE:ULTRACEMCO,2705.0,2767.6001,2680.0,2748.5,178572.0
2015-06-15 09:15:00,NSE:ULTRACEMCO,2750.0,2751.3999,2704.0,2710.8,137756.0
2015-06-16 09:15:00,NSE:ULTRACEMCO,2714.0,2751.0,2691.0,2744.75,94874.0
2015-06-17 09:15:00,NSE:ULTRACEMCO,2747.6001,2822.6001,2736.1001,2796.55,259492.0
2015-06-18 09:15:00,NSE:ULTRACEMCO,2772.05,2828.0,2763.1001,2798.7,233429.0
2015-06-19 09:15:00,NSE:ULTRACEMCO,2801.0,2817.0,2792.2,2802.75,252628.0
2015-06-22 09:15:00,NSE:ULTRACEMCO,2807.3,2844.5,2793.7,2804.0,130727.0
2015-06-23 09:15:00,NSE:ULTRACEMCO,2821.0,2908.8501,2801.95,2895.8999,332447.0
2015-06-24 09:15:00,NSE:ULTRACEMCO,2927.0,2969.8999,2830.0,2852.3501,483905.0
2015-06-25 09:15:00,NSE:ULTRACEMCO,2854.7,2875.5,2815.3,2862.0,316505.0
2015-06-26 09:15:00,NSE:ULTRACEMCO,2879.8,2921.0,2865.0,2914.7,229021.0
2015-06-29 09:15:00,NSE:ULTRACEMCO,2863.8999,2916.0,2825.0,2904.8999,175359.0
2015-06-30 09:15:00,NSE:ULTRACEMCO,2910.0,3000.0,2906.5,2993.45,411445.0
2015-07-01 09:15:00,NSE:ULTRACEMCO,2992.0,3066.0,2980.1001,3057.95,348256.0
2015-07-02 09:15:00,NSE:ULTRACEMCO,3058.0,3074.0,3030.1001,3057.7,317654.0
2015-07-03 09:15:00,NSE:ULTRACEMCO,3037.0,3078.95,3033.1001,3064.6499,232296.0
2015-07-06 09:15:00,NSE:ULTRACEMCO,3047.0,3109.8501,3036.75,3102.25,262061.0
2015-07-07 09:15:00,NSE:ULTRACEMCO,3114.0,3184.2,3103.0,3161.5,259506.0
2015-07-08 09:15:00,NSE:ULTRACEMCO,3149.0,3149.0,3080.25,3115.25,332135.0
2015-07-09 09:15:00,NSE:ULTRACEMCO,3115.3,3140.0,3082.0,3103.05,204698.0
2015-07-10 09:15:00,NSE:ULTRACEMCO,3120.0,3143.95,3093.05,3129.8,264743.0
2015-07-13 09:15:00,NSE:ULTRACEMCO,3155.0,3169.95,3121.0,3163.8,225978.0
2015-07-14 09:15:00,NSE:ULTRACEMCO,3150.1001,3169.0,3125.0,3138.0,102650.0
2015-07-15 09:15:00,NSE:ULTRACEMCO,3130.0,3227.75,3129.6001,3200.05,292569.0
2015-07-16 09:15:00,NSE:ULTRACEMCO,3210.0,3215.5,3159.05,3175.05,274262.0
2015-07-17 09:15:00,NSE:ULTRACEMCO,3185.0,3248.0,3170.0,3223.6001,234184.0
2015-07-20 09:15:00,NSE:ULTRACEMCO,3190.0,3369.0,3117.0,3353.8501,1148342.0
2015-07-21 09:15:00,NSE:ULTRACEMCO,3360.0,3367.8999,3209.0,3223.8999,340048.0
2015-07-22 09:15:00,NSE:ULTRACEMCO,3202.0,3268.0,3191.6001,3258.1499,346564.0
2015-07-23 09:15:00,NSE:ULTRACEMCO,3269.0,3269.0,3211.0,3239.1499,231807.0
2015-07-24 09:15:00,NSE:ULTRACEMCO,3229.8,3258.0,3196.6001,3204.3999,96970.0
2015-07-27 09:15:00,NSE:ULTRACEMCO,3196.0,3240.1499,3116.05,3134.1001,195346.0
2015-07-28 09:15:00,NSE:ULTRACEMCO,3120.0,3183.8999,3120.0,3127.7,121452.0
2015-07-29 09:15:00,NSE:ULTRACEMCO,3135.0,3154.8999,3081.6001,3136.5,245141.0
2015-07-30 09:15:00,NSE:ULTRACEMCO,3147.0,3193.8,3130.0,3160.3501,273988.0
2015-07-31 09:15:00,NSE:ULTRACEMCO,3170.0,3208.8501,3136.25,3149.1499,408966.0
2015-08-03 09:15:00,NSE:ULTRACEMCO,3149.1499,3179.6499,3140.1499,3163.5,105250.0
2015-08-04 09:15:00,NSE:ULTRACEMCO,3190.0,3190.0,3105.0,3145.05,187452.0
2015-08-05 09:15:00,NSE:ULTRACEMCO,3164.95,3230.0,3148.8999,3216.3999,199816.0
2015-08-06 09:15:00,NSE:ULTRACEMCO,3220.0,3256.0,3201.0,3225.6499,223940.0
2015-08-07 09:15:00,NSE:ULTRACEMCO,3231.6001,3239.5,3190.0,3202.45,127506.0
2015-08-10 09:15:00,NSE:ULTRACEMCO,3219.0,3228.8501,3155.6001,3174.55,87980.0
2015-08-11 09:15:00,NSE:ULTRACEMCO,3181.8999,3202.1499,3147.8,3155.3999,181332.0
2015-08-12 09:15:00,NSE:ULTRACEMCO,3147.1001,3147.1001,3055.0,3063.8,220889.0
2015-08-13 09:15:00,NSE:ULTRACEMCO,3065.0,3107.0,3030.45,3069.8501,110660.0
2015-08-14 09:15:00,NSE:ULTRACEMCO,3070.0,3133.3999,3067.5,3103.8999,235010.0
2015-08-17 09:15:00,NSE:ULTRACEMCO,3120.0,3130.0,3063.45,3081.8,95647.0
2015-08-18 09:15:00,NSE:ULTRACEMCO,3081.1001,3145.0,3065.55,3128.45,289898.0
2015-08-19 09:15:00,NSE:ULTRACEMCO,3145.0,3182.25,3110.0,3161.3,237756.0
2015-08-20 09:15:00,NSE:ULTRACEMCO,3162.0,3169.95,3021.0,3045.05,294583.0
2015-08-21 09:15:00,NSE:ULTRACEMCO,3030.0,3030.0,2925.8,2972.8999,475339.0
2015-08-24 09:15:00,NSE:ULTRACEMCO,2911.05,2911.05,2800.0,2842.1499,495165.0
2015-08-25 09:15:00,NSE:ULTRACEMCO,2846.2,2940.6499,2791.0,2892.2,760739.0
2015-08-26 09:15:00,NSE:ULTRACEMCO,2881.0,2926.0,2850.0,2905.1001,569258.0
2015-08-27 09:15:00,NSE:ULTRACEMCO,2925.0,2942.0,2851.8999,2901.05,653750.0
2015-08-28 09:15:00,NSE:ULTRACEMCO,2912.1001,2968.8999,2912.1001,2946.75,403751.0
2015-08-31 09:15:00,NSE:ULTRACEMCO,2948.0,2955.3501,2878.3999,2889.8,303137.0
2015-09-01 09:15:00,NSE:ULTRACEMCO,2839.0,2905.0,2777.8501,2834.1001,263764.0
2015-09-02 09:15:00,NSE:ULTRACEMCO,2870.0,2910.0,2843.3501,2886.1001,240078.0
2015-09-03 09:15:00,NSE:ULTRACEMCO,2883.0,3022.0,2883.0,3003.8999,233282.0
2015-09-04 09:15:00,NSE:ULTRACEMCO,2995.0,2995.0,2891.1001,2915.1001,382219.0
2015-09-07 09:15:00,NSE:ULTRACEMCO,2912.0,2945.2,2850.0,2854.3501,186676.0
2015-09-08 09:15:00,NSE:ULTRACEMCO,2862.5,2895.0,2809.0,2883.8999,289885.0
2015-09-09 09:15:00,NSE:ULTRACEMCO,2910.0,2999.0,2910.0,2985.0,211211.0
2015-09-10 09:15:00,NSE:ULTRACEMCO,2931.0,2978.95,2902.1001,2964.3999,156082.0
2015-09-11 09:15:00,NSE:ULTRACEMCO,2993.8501,2997.8501,2923.7,2942.2,120249.0
2015-09-14 09:15:00,NSE:ULTRACEMCO,2948.0,2963.55,2920.1001,2949.0,126730.0
2015-09-15 09:15:00,NSE:ULTRACEMCO,2964.0,2964.0,2902.8999,2923.5,146660.0
2015-09-16 09:15:00,NSE:ULTRACEMCO,2926.55,2969.0,2911.1499,2933.8999,299661.0
2015-09-18 09:15:00,NSE:ULTRACEMCO,2945.0,3018.95,2921.0,2937.95,486571.0
2015-09-21 09:15:00,NSE:ULTRACEMCO,2924.8999,2926.8999,2873.05,2906.2,203198.0
2015-09-22 09:15:00,NSE:ULTRACEMCO,2925.0,2936.25,2790.0,2808.5,304134.0
2015-09-23 09:15:00,NSE:ULTRACEMCO,2789.55,2805.0,2757.5,2783.0,485984.0
2015-09-24 09:15:00,NSE:ULTRACEMCO,2783.0,2828.0,2726.95,2811.1001,287716.0
2015-09-28 09:15:00,NSE:ULTRACEMCO,2790.0,2790.05,2711.25,2717.8,404543.0
2015-09-29 09:15:00,NSE:ULTRACEMCO,2700.0,2762.0,2622.05,2710.45,386494.0
2015-09-30 09:15:00,NSE:ULTRACEMCO,2724.7,2741.55,2652.3,2673.3999,755747.0
2015-10-01 09:15:00,NSE:ULTRACEMCO,2670.0,2779.5,2669.0,2773.45,677149.0
2015-10-05 09:15:00,NSE:ULTRACEMCO,2791.8,2830.0,2781.2,2816.45,556333.0
2015-10-06 09:15:00,NSE:ULTRACEMCO,2831.8999,2832.75,2753.1499,2767.8,374824.0
2015-10-07 09:15:00,NSE:ULTRACEMCO,2756.0,2790.0,2735.1001,2753.5,445272.0
2015-10-08 09:15:00,NSE:ULTRACEMCO,2754.8999,2828.2,2748.2,2817.6499,238149.0
2015-10-09 09:15:00,NSE:ULTRACEMCO,2830.0,2879.05,2801.8,2818.75,256063.0
2015-10-12 09:15:00,NSE:ULTRACEMCO,2840.0,2870.0,2812.1499,2844.75,95846.0
2015-10-13 09:15:00,NSE:ULTRACEMCO,2844.0,2918.3999,2840.0,2907.0,252692.0
2015-10-14 09:15:00,NSE:ULTRACEMCO,2906.75,2935.0,2890.75,2906.6001,135500.0
2015-10-15 09:15:00,NSE:ULTRACEMCO,2925.0,2971.05,2907.1001,2946.7,203797.0
2015-10-16 09:15:00,NSE:ULTRACEMCO,2964.0,2975.0,2902.0,2954.6499,162664.0
2015-10-19 09:15:00,NSE:ULTRACEMCO,2975.0,2996.0,2883.25,2898.8999,628088.0
2015-10-20 09:15:00,NSE:ULTRACEMCO,2944.7,2950.0,2894.0,2919.1001,239027.0
2015-10-21 09:15:00,NSE:ULTRACEMCO,2919.8999,2942.8501,2883.0,2896.75,191100.0
2015-10-23 09:15:00,NSE:ULTRACEMCO,2910.2,2929.75,2888.0,2901.0,342684.0
2015-10-26 09:15:00,NSE:ULTRACEMCO,2904.05,2923.2,2829.0,2845.1001,206701.0
2015-10-27 09:15:00,NSE:ULTRACEMCO,2839.0,2915.95,2836.1499,2909.6499,267745.0
2015-10-28 09:15:00,NSE:ULTRACEMCO,2902.0,2909.0,2869.0,2891.8501,343643.0
2015-10-29 09:15:00,NSE:ULTRACEMCO,2894.8,2944.0,2877.6001,2914.8,499582.0
2015-10-30 09:15:00,NSE:ULTRACEMCO,2945.0,2945.05,2856.05,2886.1001,154924.0
2015-11-02 09:15:00,NSE:ULTRACEMCO,2905.8999,2933.6499,2860.25,2927.7,245874.0
2015-11-03 09:15:00,NSE:ULTRACEMCO,2934.0,2959.0,2918.8999,2925.5,175363.0
2015-11-04 09:15:00,NSE:ULTRACEMCO,2935.1001,2950.0,2884.0,2891.8,254107.0
2015-11-05 09:15:00,NSE:ULTRACEMCO,2891.8,2905.7,2826.1001,2834.8999,340136.0
2015-11-06 09:15:00,NSE:ULTRACEMCO,2841.55,3044.8999,2775.0,2793.3501,385170.0
2015-11-09 09:15:00,NSE:ULTRACEMCO,2760.0,2777.0,2725.0,2755.3999,226367.0
2015-11-10 09:15:00,NSE:ULTRACEMCO,2755.1499,2770.0,2699.95,2702.8,316784.0
2015-11-11 09:15:00,NSE:ULTRACEMCO,2733.3999,2733.3999,2700.0,2714.7,13790.0
2015-11-13 09:15:00,NSE:ULTRACEMCO,2704.8999,2721.6001,2661.2,2680.7,393530.0
2015-11-16 09:15:00,NSE:ULTRACEMCO,2681.0,2770.0,2650.0,2735.45,214825.0
2015-11-17 09:15:00,NSE:ULTRACEMCO,2750.0,2767.7,2711.2,2739.3,300451.0
2015-11-18 09:15:00,NSE:ULTRACEMCO,2739.0,2755.45,2714.1499,2734.95,157690.0
2015-11-19 09:15:00,NSE:ULTRACEMCO,2749.0,2768.0,2728.0,2754.2,289475.0
2015-11-20 09:15:00,NSE:ULTRACEMCO,2754.0,2794.95,2721.25,2776.45,217513.0
2015-11-23 09:15:00,NSE:ULTRACEMCO,2787.6499,2810.0,2761.3501,2800.1001,120791.0
2015-11-24 09:15:00,NSE:ULTRACEMCO,2801.0,2841.2,2771.3,2778.45,173826.0
2015-11-26 09:15:00,NSE:ULTRACEMCO,2805.0,2815.0,2740.3,2803.0,222476.0
2015-11-27 09:15:00,NSE:ULTRACEMCO,2815.0,2847.0,2803.0,2830.95,207921.0
2015-11-30 09:15:00,NSE:ULTRACEMCO,2830.95,2830.95,2776.1001,2801.05,322894.0
2015-12-01 09:15:00,NSE:ULTRACEMCO,2810.1001,2876.3,2810.1001,2864.1499,217414.0
2015-12-02 09:15:00,NSE:ULTRACEMCO,2866.0,2883.3999,2836.5,2848.6001,231696.0
2015-12-03 09:15:00,NSE:ULTRACEMCO,2840.0,2895.8,2839.0,2859.3501,277414.0
2015-12-04 09:15:00,NSE:ULTRACEMCO,2854.1001,2890.75,2830.3,2867.1001,215755.0
2015-12-07 09:15:00,NSE:ULTRACEMCO,2872.25,2897.0,2856.2,2864.6499,213764.0
2015-12-08 09:15:00,NSE:ULTRACEMCO,2864.6499,2881.8,2830.0,2861.1001,211418.0
2015-12-09 09:15:00,NSE:ULTRACEMCO,2861.0,2861.0,2781.0,2783.8999,199233.0
2015-12-10 09:15:00,NSE:ULTRACEMCO,2789.0,2825.8,2741.1499,2813.1499,161685.0
2015-12-11 09:15:00,NSE:ULTRACEMCO,2820.0,2851.45,2765.0,2783.3999,263043.0
2015-12-14 09:15:00,NSE:ULTRACEMCO,2778.1001,2844.0,2775.0,2830.6001,175618.0
2015-12-15 09:15:00,NSE:ULTRACEMCO,2833.55,2879.7,2833.55,2863.3,501580.0
2015-12-16 09:15:00,NSE:ULTRACEMCO,2885.8,2891.8999,2825.0,2847.8,241543.0
2015-12-17 09:15:00,NSE:ULTRACEMCO,2877.0,2905.1499,2846.05,2897.8501,244667.0
2015-12-18 09:15:00,NSE:ULTRACEMCO,2894.8999,2894.8999,2807.05,2815.1001,373478.0
2015-12-21 09:15:00,NSE:ULTRACEMCO,2810.0,2821.3,2782.75,2805.1499,182077.0
2015-12-22 09:15:00,NSE:ULTRACEMCO,2806.0,2819.0,2787.6001,2798.8,199791.0
2015-12-23 09:15:00,NSE:ULTRACEMCO,2805.3501,2828.5,2801.2,2818.8501,114380.0
2015-12-24 09:15:00,NSE:ULTRACEMCO,2821.7,2828.0,2808.05,2813.25,95329.0
2015-12-28 09:15:00,NSE:ULTRACEMCO,2824.45,2824.45,2805.0,2811.7,158647.0
2015-12-29 09:15:00,NSE:ULTRACEMCO,2816.5,2829.5,2800.6001,2818.3999,154010.0
2015-12-30 09:15:00,NSE:ULTRACEMCO,2820.0,2824.0,2780.0,2784.5,155334.0
2015-12-31 09:15:00,NSE:ULTRACEMCO,2780.0,2795.0,2768.25,2780.55,285722.0
2016-01-01 09:15:00,NSE:ULTRACEMCO,2774.0,2827.1499,2768.0,2824.0,85696.0
2016-01-04 09:15:00,NSE:ULTRACEMCO,2810.1001,2828.8501,2730.0,2749.1499,461333.0
2016-01-05 09:15:00,NSE:ULTRACEMCO,2768.0,2775.0,2715.0,2733.05,333346.0
2016-01-06 09:15:00,NSE:ULTRACEMCO,2733.0,2750.0,2721.5,2735.3,448118.0
2016-01-07 09:15:00,NSE:ULTRACEMCO,2700.0,2714.05,2651.3501,2667.7,498597.0
2016-01-08 09:15:00,NSE:ULTRACEMCO,2677.0,2715.5,2636.2,2705.2,202636.0
2016-01-11 09:15:00,NSE:ULTRACEMCO,2680.0,2738.0,2652.0,2726.8,180863.0
2016-01-12 09:15:00,NSE:ULTRACEMCO,2731.1499,2731.95,2658.3,2670.05,256890.0
2016-01-13 09:15:00,NSE:ULTRACEMCO,2695.0,2709.05,2608.8,2684.3501,442587.0
2016-01-14 09:15:00,NSE:ULTRACEMCO,2631.0,2658.8501,2605.0,2626.8,494491.0
2016-01-15 09:15:00,NSE:ULTRACEMCO,2634.95,2643.7,2581.0,2618.2,215896.0
2016-01-18 09:15:00,NSE:ULTRACEMCO,2639.0,2650.0,2579.0,2641.1001,239244.0
2016-01-19 09:15:00,NSE:ULTRACEMCO,2645.0,2655.0,2615.8999,2638.7,246472.0
2016-01-20 09:15:00,NSE:ULTRACEMCO,2610.0,2695.0,2580.0,2617.6499,770115.0
2016-01-21 09:15:00,NSE:ULTRACEMCO,2670.0,2714.0,2647.1001,2695.05,420642.0
2016-01-22 09:15:00,NSE:ULTRACEMCO,2680.0,2740.0,2680.0,2713.3999,164618.0
2016-01-25 09:15:00,NSE:ULTRACEMCO,2756.8999,2770.0,2726.0,2750.45,157504.0
2016-01-27 09:15:00,NSE:ULTRACEMCO,2767.0,2784.8999,2740.0,2751.55,289692.0
2016-01-28 09:15:00,NSE:ULTRACEMCO,2764.5,2771.95,2718.45,2744.7,477032.0
2016-01-29 09:15:00,NSE:ULTRACEMCO,2751.0,2852.3,2737.8,2840.1001,325766.0
2016-02-01 09:15:00,NSE:ULTRACEMCO,2860.0,2860.55,2802.0,2819.3,240216.0
2016-02-02 09:15:00,NSE:ULTRACEMCO,2820.0,2856.0,2780.3501,2802.7,201113.0
2016-02-03 09:15:00,NSE:ULTRACEMCO,2755.0,2806.05,2750.2,2769.05,135537.0
2016-02-04 09:15:00,NSE:ULTRACEMCO,2775.2,2812.3,2755.25,2769.55,103058.0
2016-02-05 09:15:00,NSE:ULTRACEMCO,2785.0,2849.95,2781.25,2842.75,127269.0
2016-02-08 09:15:00,NSE:ULTRACEMCO,2849.95,2875.6001,2803.3,2821.55,109649.0
2016-02-09 09:15:00,NSE:ULTRACEMCO,2804.0,2847.45,2755.3999,2766.25,239790.0
2016-02-10 09:15:00,NSE:ULTRACEMCO,2778.0,2821.6001,2758.0,2797.8999,192610.0
2016-02-11 09:15:00,NSE:ULTRACEMCO,2808.0,2829.0,2690.3501,2717.8999,314257.0
2016-02-12 09:15:00,NSE:ULTRACEMCO,2734.7,2793.0,2680.0,2767.75,704831.0
2016-02-15 09:15:00,NSE:ULTRACEMCO,2775.8999,2864.8999,2774.8999,2802.3501,182856.0
2016-02-16 09:15:00,NSE:ULTRACEMCO,2830.0,2838.95,2780.3501,2787.6001,250725.0
2016-02-17 09:15:00,NSE:ULTRACEMCO,2805.0,2805.0,2740.1001,2776.55,110858.0
2016-02-18 09:15:00,NSE:ULTRACEMCO,2799.0,2827.0,2771.1499,2795.1001,211883.0
2016-02-19 09:15:00,NSE:ULTRACEMCO,2809.0,2850.0,2775.0,2844.7,225185.0
2016-02-22 09:15:00,NSE:ULTRACEMCO,2849.0,2930.0,2847.0,2923.1001,291684.0
2016-02-23 09:15:00,NSE:ULTRACEMCO,2929.8999,2936.45,2808.75,2816.3501,233126.0
2016-02-24 09:15:00,NSE:ULTRACEMCO,2815.7,2842.3999,2781.3999,2797.3501,201881.0
2016-02-25 09:15:00,NSE:ULTRACEMCO,2805.0,2841.1001,2765.6001,2779.1001,185621.0
2016-02-26 09:15:00,NSE:ULTRACEMCO,2804.0,2835.0,2750.0,2770.95,483142.0
2016-02-29 09:15:00,NSE:ULTRACEMCO,2810.0,2840.0,2690.05,2768.6001,521499.0
2016-03-01 09:15:00,NSE:ULTRACEMCO,2780.0,2913.0,2772.95,2885.3,357466.0
2016-03-02 09:15:00,NSE:ULTRACEMCO,2920.0,3003.0,2900.55,2973.0,481863.0
2016-03-03 09:15:00,NSE:ULTRACEMCO,3000.0,3010.0,2936.1001,2944.25,376438.0
2016-03-04 09:15:00,NSE:ULTRACEMCO,2949.0,2963.8,2895.3,2906.8999,184854.0
2016-03-08 09:15:00,NSE:ULTRACEMCO,2919.0,2955.0,2909.3,2950.0,365340.0
2016-03-09 09:15:00,NSE:ULTRACEMCO,2958.8999,3000.95,2950.05,2991.6001,482513.0
2016-03-10 09:15:00,NSE:ULTRACEMCO,3011.7,3020.0,2983.0,2997.75,474446.0
2016-03-11 09:15:00,NSE:ULTRACEMCO,2995.0,3009.0,2971.55,2994.45,306081.0
2016-03-14 09:15:00,NSE:ULTRACEMCO,3006.3,3024.95,2982.7,3008.3,287658.0
2016-03-15 09:15:00,NSE:ULTRACEMCO,3001.75,3008.6001,2985.0,2989.6001,381974.0
2016-03-16 09:15:00,NSE:ULTRACEMCO,2995.1001,2999.6001,2955.0,2968.25,257333.0
2016-03-17 09:15:00,NSE:ULTRACEMCO,2990.1001,3047.05,2980.8,3029.0,475504.0
2016-03-18 09:15:00,NSE:ULTRACEMCO,3049.0,3117.7,3045.0,3110.6499,474484.0
2016-03-21 09:15:00,NSE:ULTRACEMCO,3111.05,3244.6001,3111.05,3229.5,624652.0
2016-03-22 09:15:00,NSE:ULTRACEMCO,3235.0,3239.0,3185.1001,3210.3999,658718.0
2016-03-23 09:15:00,NSE:ULTRACEMCO,3216.8999,3265.0,3186.95,3198.45,352003.0
2016-03-28 09:15:00,NSE:ULTRACEMCO,3205.0,3231.2,3155.05,3176.95,494567.0
2016-03-29 09:15:00,NSE:ULTRACEMCO,3174.0,3194.8501,3116.1001,3136.25,277583.0
2016-03-30 09:15:00,NSE:ULTRACEMCO,3179.8999,3223.8,3165.0,3184.1001,403804.0
2016-03-31 09:15:00,NSE:ULTRACEMCO,3221.8,3254.8999,3182.1001,3228.75,699027.0
2016-04-01 09:15:00,NSE:ULTRACEMCO,3249.0,3260.0,3190.0,3203.7,274734.0
2016-04-04 09:15:00,NSE:ULTRACEMCO,3229.7,3229.7,3159.5,3170.8501,131242.0
2016-04-05 09:15:00,NSE:ULTRACEMCO,3151.8501,3174.95,3097.0,3100.3999,226138.0
2016-04-06 09:15:00,NSE:ULTRACEMCO,3123.7,3200.0,3092.5,3188.6001,327031.0
2016-04-07 09:15:00,NSE:ULTRACEMCO,3200.0,3228.0,3126.05,3137.45,186699.0
2016-04-08 09:15:00,NSE:ULTRACEMCO,3150.0,3200.0,3130.05,3158.8501,310290.0
2016-04-11 09:15:00,NSE:ULTRACEMCO,3159.0,3190.0,3140.3999,3152.2,258469.0
2016-04-12 09:15:00,NSE:ULTRACEMCO,3140.0,3198.7,3140.0,3166.3999,274896.0
2016-04-13 09:15:00,NSE:ULTRACEMCO,3194.5,3314.8999,3190.2,3273.7,593207.0
2016-04-18 09:15:00,NSE:ULTRACEMCO,3276.8999,3417.2,3235.0,3405.6499,511243.0
2016-04-20 09:15:00,NSE:ULTRACEMCO,3420.0,3454.8999,3353.25,3366.55,257450.0
2016-04-21 09:15:00,NSE:ULTRACEMCO,3385.0,3411.1001,3244.0,3264.0,186815.0
2016-04-22 09:15:00,NSE:ULTRACEMCO,3250.1001,3319.8,3202.8,3271.1001,302304.0
2016-04-25 09:15:00,NSE:ULTRACEMCO,3288.0,3327.6001,3256.8501,3276.2,710273.0
2016-04-26 09:15:00,NSE:ULTRACEMCO,3293.3,3298.45,3251.25,3266.05,292028.0
2016-04-27 09:15:00,NSE:ULTRACEMCO,3251.1001,3269.25,3185.3501,3191.8,349837.0
2016-04-28 09:15:00,NSE:ULTRACEMCO,3203.8999,3228.1499,3152.45,3169.25,352944.0
2016-04-29 09:15:00,NSE:ULTRACEMCO,3185.0,3197.0,3150.0,3161.45,223901.0
2016-05-02 09:15:00,NSE:ULTRACEMCO,3170.6001,3197.0,3137.3,3176.1001,151083.0
2016-05-03 09:15:00,NSE:ULTRACEMCO,3195.0,3245.3,3182.2,3215.0,328289.0
2016-05-04 09:15:00,NSE:ULTRACEMCO,3172.0,3205.0,3172.0,3183.6499,127389.0
2016-05-05 09:15:00,NSE:ULTRACEMCO,3199.7,3199.7,3108.0,3119.0,281986.0
2016-05-06 09:15:00,NSE:ULTRACEMCO,3120.0,3131.95,3062.05,3099.8999,237698.0
2016-05-09 09:15:00,NSE:ULTRACEMCO,3100.0,3177.95,3100.0,3165.75,305142.0
2016-05-10 09:15:00,NSE:ULTRACEMCO,3161.8999,3187.45,3136.95,3165.75,179063.0
2016-05-11 09:15:00,NSE:ULTRACEMCO,3151.0,3223.6499,3116.3501,3199.1001,242607.0
2016-05-12 09:15:00,NSE:ULTRACEMCO,3199.0,3232.8999,3196.45,3227.6001,173469.0
2016-05-13 09:15:00,NSE:ULTRACEMCO,3201.0,3223.1001,3135.0,3151.6499,157308.0
2016-05-16 09:15:00,NSE:ULTRACEMCO,3160.1499,3180.0,3145.1001,3171.7,137464.0
2016-05-17 09:15:00,NSE:ULTRACEMCO,3180.25,3269.5,3180.25,3252.75,329146.0
2016-05-18 09:15:00,NSE:ULTRACEMCO,3268.0,3268.0,3210.25,3223.6001,219110.0
2016-05-19 09:15:00,NSE:ULTRACEMCO,3218.0,3223.45,3176.0,3189.5,132005.0
2016-05-20 09:15:00,NSE:ULTRACEMCO,3189.25,3203.05,3121.05,3134.0,126001.0
2016-05-23 09:15:00,NSE:ULTRACEMCO,3136.3999,3156.6001,3110.1001,3122.3999,127994.0
2016-05-24 09:15:00,NSE:ULTRACEMCO,3120.1001,3181.45,3110.3,3174.45,121407.0
2016-05-25 09:15:00,NSE:ULTRACEMCO,3195.1001,3212.05,3181.25,3209.45,289001.0
2016-05-26 09:15:00,NSE:ULTRACEMCO,3209.45,3229.0,3195.1001,3213.6499,319159.0
2016-05-27 09:15:00,NSE:ULTRACEMCO,3216.0,3255.0,3216.0,3248.3,234528.0
2016-05-30 09:15:00,NSE:ULTRACEMCO,3257.1001,3257.1001,3192.05,3212.2,177145.0
2016-05-31 09:15:00,NSE:ULTRACEMCO,3222.0,3249.6001,3206.75,3226.7,237511.0
2016-06-01 09:15:00,NSE:ULTRACEMCO,3226.7,3259.75,3207.8501,3228.25,124069.0
2016-06-02 09:15:00,NSE:ULTRACEMCO,3230.0,3244.8,3206.5,3232.95,100251.0
2016-06-03 09:15:00,NSE:ULTRACEMCO,3235.0,3254.6499,3183.3,3189.25,169178.0
2016-06-06 09:15:00,NSE:ULTRACEMCO,3189.5,3244.0,3189.5,3227.3,153326.0
2016-06-07 09:15:00,NSE:ULTRACEMCO,3230.0,3341.7,3230.0,3334.95,410209.0
2016-06-08 09:15:00,NSE:ULTRACEMCO,3348.7,3392.0,3345.0,3371.3501,296075.0
2016-06-09 09:15:00,NSE:ULTRACEMCO,3380.0,3400.0,3365.0,3379.7,342046.0
2016-06-10 09:15:00,NSE:ULTRACEMCO,3365.0,3395.75,3327.75,3384.6499,247285.0
2016-06-13 09:15:00,NSE:ULTRACEMCO,3365.0,3405.8999,3328.2,3397.8999,192857.0
2016-06-14 09:15:00,NSE:ULTRACEMCO,3401.45,3408.0,3311.1001,3321.8999,115351.0
2016-06-15 09:15:00,NSE:ULTRACEMCO,3327.0,3374.0,3306.2,3363.75,187858.0
2016-06-16 09:15:00,NSE:ULTRACEMCO,3343.3,3353.0,3261.0,3281.8501,320268.0
2016-06-17 09:15:00,NSE:ULTRACEMCO,3314.0,3323.8999,3276.75,3303.05,143919.0
2016-06-20 09:15:00,NSE:ULTRACEMCO,3283.45,3375.0,3270.5,3369.55,160851.0
2016-06-21 09:15:00,NSE:ULTRACEMCO,3373.0,3373.0,3325.8999,3357.6001,96592.0
2016-06-22 09:15:00,NSE:ULTRACEMCO,3369.95,3369.95,3300.05,3311.2,186753.0
2016-06-23 09:15:00,NSE:ULTRACEMCO,3318.8999,3349.3999,3300.0,3337.95,306668.0
2016-06-24 09:15:00,NSE:ULTRACEMCO,3270.0,3333.3999,3200.0,3289.95,160067.0
2016-06-27 09:15:00,NSE:ULTRACEMCO,3289.95,3404.6499,3289.95,3396.0,230718.0
2016-06-28 09:15:00,NSE:ULTRACEMCO,3410.0,3438.0,3390.0,3400.8,219511.0
2016-06-29 09:15:00,NSE:ULTRACEMCO,3411.0,3419.95,3370.1001,3395.25,276757.0
2016-06-30 09:15:00,NSE:ULTRACEMCO,3410.0,3419.8999,3390.0,3411.0,438192.0
2016-07-01 09:15:00,NSE:ULTRACEMCO,3410.0,3485.0,3395.0,3424.1001,248921.0
2016-07-04 09:15:00,NSE:ULTRACEMCO,3430.0,3475.0,3402.2,3409.1499,186148.0
2016-07-05 09:15:00,NSE:ULTRACEMCO,3450.0,3465.0,3361.0,3375.1499,360033.0
2016-07-07 09:15:00,NSE:ULTRACEMCO,3366.1001,3419.0,3346.3501,3382.3999,203141.0
2016-07-08 09:15:00,NSE:ULTRACEMCO,3371.1001,3409.8999,3369.1001,3400.05,308236.0
2016-07-11 09:15:00,NSE:ULTRACEMCO,3425.25,3472.0,3419.1001,3454.55,218218.0
2016-07-12 09:15:00,NSE:ULTRACEMCO,3454.55,3499.95,3454.1001,3487.3,301384.0
2016-07-13 09:15:00,NSE:ULTRACEMCO,3487.0,3495.95,3425.0,3434.6499,254532.0
2016-07-14 09:15:00,NSE:ULTRACEMCO,3440.0,3511.0,3440.0,3500.6001,283309.0
2016-07-15 09:15:00,NSE:ULTRACEMCO,3507.0,3559.25,3507.0,3531.3501,233847.0
2016-07-18 09:15:00,NSE:ULTRACEMCO,3535.0,3548.0,3482.8,3498.45,149136.0
2016-07-19 09:15:00,NSE:ULTRACEMCO,3525.0,3562.0,3474.1001,3507.75,753804.0
2016-07-20 09:15:00,NSE:ULTRACEMCO,3510.0,3570.0,3507.75,3559.8501,217891.0
2016-07-21 09:15:00,NSE:ULTRACEMCO,3575.0,3665.0,3559.0,3638.5,359712.0
2016-07-22 09:15:00,NSE:ULTRACEMCO,3650.0,3652.05,3602.8999,3639.7,172908.0
2016-07-25 09:15:00,NSE:ULTRACEMCO,3630.0,3680.0,3612.0,3670.0,294404.0
2016-07-26 09:15:00,NSE:ULTRACEMCO,3674.0,3697.3999,3615.6001,3628.3,164047.0
2016-07-27 09:15:00,NSE:ULTRACEMCO,3642.1499,3690.0,3637.1499,3650.75,164316.0
2016-07-28 09:15:00,NSE:ULTRACEMCO,3653.5,3714.8999,3644.55,3678.75,236412.0
2016-07-29 09:15:00,NSE:ULTRACEMCO,3681.1001,3739.3999,3669.8501,3718.2,215069.0
2016-08-01 09:15:00,NSE:ULTRACEMCO,3730.0,3769.95,3725.75,3755.7,237315.0
2016-08-02 09:15:00,NSE:ULTRACEMCO,3745.1001,3757.0,3660.0,3676.7,200781.0
2016-08-03 09:15:00,NSE:ULTRACEMCO,3671.0,3699.8999,3650.3999,3667.7,140575.0
2016-08-04 09:15:00,NSE:ULTRACEMCO,3677.1001,3699.95,3636.75,3656.55,114138.0
2016-08-05 09:15:00,NSE:ULTRACEMCO,3674.3999,3843.0,3670.0,3806.8999,283529.0
2016-08-08 09:15:00,NSE:ULTRACEMCO,3833.7,3833.7,3750.0,3780.25,168830.0
2016-08-09 09:15:00,NSE:ULTRACEMCO,3782.0,3838.0,3757.6499,3801.95,175336.0
2016-08-10 09:15:00,NSE:ULTRACEMCO,3808.0,3810.0,3712.6001,3728.95,208390.0
2016-08-11 09:15:00,NSE:ULTRACEMCO,3728.7,3783.5,3658.2,3706.6499,211962.0
2016-08-12 09:15:00,NSE:ULTRACEMCO,3738.3999,3765.5,3661.3,3722.1001,197760.0
2016-08-16 09:15:00,NSE:ULTRACEMCO,3723.5,3762.6499,3708.55,3739.45,264593.0
2016-08-17 09:15:00,NSE:ULTRACEMCO,3720.0,3738.0,3672.0,3699.3,130552.0
2016-08-18 09:15:00,NSE:ULTRACEMCO,3717.6001,3888.0,3717.6001,3874.3501,414419.0
2016-08-19 09:15:00,NSE:ULTRACEMCO,3890.0,3954.95,3881.1499,3926.8,270567.0
2016-08-22 09:15:00,NSE:ULTRACEMCO,3921.0,3926.95,3847.3,3865.3999,193180.0
2016-08-23 09:15:00,NSE:ULTRACEMCO,3889.0,3889.0,3770.6499,3826.3,279931.0
2016-08-24 09:15:00,NSE:ULTRACEMCO,3831.0,3850.0,3794.0,3812.3,259712.0
2016-08-25 09:15:00,NSE:ULTRACEMCO,3810.1001,3844.7,3756.0,3789.5,491891.0
2016-08-26 09:15:00,NSE:ULTRACEMCO,3820.0,3850.0,3767.45,3803.45,151854.0
2016-08-29 09:15:00,NSE:ULTRACEMCO,3800.0,3802.95,3758.05,3782.5,60496.0
2016-08-30 09:15:00,NSE:ULTRACEMCO,3802.0,3910.0,3802.0,3891.8501,175962.0
2016-08-31 09:15:00,NSE:ULTRACEMCO,3925.0,4063.8999,3920.0,4028.7,436330.0
2016-09-01 09:15:00,NSE:ULTRACEMCO,3960.0,4093.0,3960.0,4062.8999,451549.0
2016-09-02 09:15:00,NSE:ULTRACEMCO,4092.0,4094.95,4038.05,4085.3501,279418.0
2016-09-06 09:15:00,NSE:ULTRACEMCO,4095.0,4104.7998,4054.2,4074.8,300605.0
2016-09-07 09:15:00,NSE:ULTRACEMCO,4090.0,4120.0,4070.0,4085.6001,116165.0
2016-09-08 09:15:00,NSE:ULTRACEMCO,4079.8999,4129.7002,4063.5,4115.3501,138594.0
2016-09-09 09:15:00,NSE:ULTRACEMCO,4119.0,4119.0498,3933.3999,3953.7,349179.0
2016-09-12 09:15:00,NSE:ULTRACEMCO,3900.0,3939.8999,3844.55,3866.1499,202915.0
2016-09-14 09:15:00,NSE:ULTRACEMCO,3870.0,3965.0,3833.6001,3944.25,213418.0
2016-09-15 09:15:00,NSE:ULTRACEMCO,3949.0,3955.0,3885.0,3928.6499,202147.0
2016-09-16 09:15:00,NSE:ULTRACEMCO,3951.8999,4028.0,3883.1001,3924.0,400208.0
2016-09-19 09:15:00,NSE:ULTRACEMCO,3941.0,4005.0,3892.1499,3990.45,276012.0
2016-09-20 09:15:00,NSE:ULTRACEMCO,4019.45,4030.0,3969.45,3988.7,298515.0
2016-09-21 09:15:00,NSE:ULTRACEMCO,3992.8,4023.8999,3938.5,3960.75,305282.0
2016-09-22 09:15:00,NSE:ULTRACEMCO,4009.0,4009.0,3960.05,3980.0,292974.0
2016-09-23 09:15:00,NSE:ULTRACEMCO,4010.0,4013.95,3951.0,3964.2,268107.0
2016-09-26 09:15:00,NSE:ULTRACEMCO,3954.1001,3957.95,3905.5,3923.1499,124089.0
2016-09-27 09:15:00,NSE:ULTRACEMCO,3910.5,3975.0,3902.0,3914.8,182333.0
2016-09-28 09:15:00,NSE:ULTRACEMCO,3906.0,3987.0,3906.0,3972.6499,262247.0
2016-09-29 09:15:00,NSE:ULTRACEMCO,3990.1001,4000.3,3843.6499,3861.3,367284.0
2016-09-30 09:15:00,NSE:ULTRACEMCO,3850.0,3895.3999,3838.05,3851.55,241074.0
2016-10-03 09:15:00,NSE:ULTRACEMCO,3874.8999,3935.0,3853.6001,3928.45,249528.0
2016-10-04 09:15:00,NSE:ULTRACEMCO,3932.5,3990.0,3932.5,3953.2,224189.0
2016-10-05 09:15:00,NSE:ULTRACEMCO,3958.5,4044.75,3939.05,4033.1499,325419.0
2016-10-06 09:15:00,NSE:ULTRACEMCO,4037.3,4044.0,3945.95,3960.2,192924.0
2016-10-07 09:15:00,NSE:ULTRACEMCO,3980.0,3980.0,3905.55,3933.8999,117828.0
2016-10-10 09:15:00,NSE:ULTRACEMCO,3934.95,3995.0,3934.95,3976.75,202224.0
2016-10-13 09:15:00,NSE:ULTRACEMCO,3969.6001,4014.95,3942.55,3985.75,345562.0
2016-10-14 09:15:00,NSE:ULTRACEMCO,3989.0,4057.95,3970.05,4036.5,214434.0
2016-10-17 09:15:00,NSE:ULTRACEMCO,4045.0,4074.7,3963.3,4012.8501,648256.0
2016-10-18 09:15:00,NSE:ULTRACEMCO,4030.0,4050.0,3986.8999,4022.75,218098.0
2016-10-19 09:15:00,NSE:ULTRACEMCO,4011.0,4050.0,4005.1001,4032.55,269986.0
2016-10-20 09:15:00,NSE:ULTRACEMCO,4034.0,4046.45,3993.75,4007.1001,199695.0
2016-10-21 09:15:00,NSE:ULTRACEMCO,4008.0,4025.25,3950.0,3980.8999,231846.0
2016-10-24 09:15:00,NSE:ULTRACEMCO,3994.95,4017.8501,3961.05,3971.5,108882.0
2016-10-25 09:15:00,NSE:ULTRACEMCO,3981.0,4031.8501,3964.8,4017.05,110334.0
2016-10-26 09:15:00,NSE:ULTRACEMCO,3980.05,3999.8999,3929.8999,3937.55,268883.0
2016-10-27 09:15:00,NSE:ULTRACEMCO,3950.0,3970.0,3913.0,3941.55,355002.0
2016-10-28 09:15:00,NSE:ULTRACEMCO,3941.0,3989.8,3890.0,3982.7,189117.0
2016-11-01 09:15:00,NSE:ULTRACEMCO,3984.0,3990.0,3952.0,3976.75,166098.0
2016-11-02 09:15:00,NSE:ULTRACEMCO,3958.8999,3964.8,3878.0,3896.1001,214701.0
2016-11-03 09:15:00,NSE:ULTRACEMCO,3888.0,3932.75,3881.0,3906.6499,246707.0
2016-11-04 09:15:00,NSE:ULTRACEMCO,3925.0,3928.8501,3818.25,3854.55,227359.0
2016-11-07 09:15:00,NSE:ULTRACEMCO,3884.7,3945.0,3870.1001,3908.5,254951.0
2016-11-08 09:15:00,NSE:ULTRACEMCO,3910.25,3969.0,3901.0,3958.95,171969.0
2016-11-09 09:15:00,NSE:ULTRACEMCO,3799.7,3870.0,3584.25,3765.75,747032.0
2016-11-10 09:15:00,NSE:ULTRACEMCO,3930.0,3930.0,3815.8501,3841.25,382638.0
2016-11-11 09:15:00,NSE:ULTRACEMCO,3800.3,3801.1499,3610.8999,3634.1001,623318.0
2016-11-15 09:15:00,NSE:ULTRACEMCO,3615.0,3615.0,3343.5,3364.1499,1362707.0
2016-11-16 09:15:00,NSE:ULTRACEMCO,3400.0,3466.8999,3343.0,3370.25,833115.0
2016-11-17 09:15:00,NSE:ULTRACEMCO,3370.0,3405.7,3317.0,3335.8501,745885.0
2016-11-18 09:15:00,NSE:ULTRACEMCO,3329.6001,3405.1499,3275.0,3392.8,683557.0
2016-11-21 09:15:00,NSE:ULTRACEMCO,3400.0,3408.0,3303.05,3322.3,525360.0
2016-11-22 09:15:00,NSE:ULTRACEMCO,3335.25,3434.1001,3300.0,3422.75,540794.0
2016-11-23 09:15:00,NSE:ULTRACEMCO,3469.0,3475.1499,3381.0,3452.2,430852.0
2016-11-24 09:15:00,NSE:ULTRACEMCO,3436.0,3505.0,3404.95,3483.75,688901.0
2016-11-25 09:15:00,NSE:ULTRACEMCO,3500.0,3509.95,3451.1001,3497.45,497488.0
2016-11-28 09:15:00,NSE:ULTRACEMCO,3479.0,3563.8,3475.5,3504.8501,416351.0
2016-11-29 09:15:00,NSE:ULTRACEMCO,3485.0,3563.0,3485.0,3536.25,378409.0
2016-11-30 09:15:00,NSE:ULTRACEMCO,3569.8999,3640.0,3555.6001,3603.45,5134859.0
2016-12-01 09:15:00,NSE:ULTRACEMCO,3619.7,3620.8501,3561.2,3570.7,267124.0
2016-12-02 09:15:00,NSE:ULTRACEMCO,3550.0,3599.25,3528.0,3585.6499,266078.0
2016-12-05 09:15:00,NSE:ULTRACEMCO,3588.0,3632.25,3551.5,3582.75,296963.0
2016-12-06 09:15:00,NSE:ULTRACEMCO,3600.0,3617.8,3556.45,3601.8999,234462.0
2016-12-07 09:15:00,NSE:ULTRACEMCO,3605.6499,3668.0,3554.6001,3568.05,381973.0
2016-12-08 09:15:00,NSE:ULTRACEMCO,3588.0,3631.0,3576.3,3593.0,206057.0
2016-12-09 09:15:00,NSE:ULTRACEMCO,3604.7,3607.95,3554.25,3568.95,149963.0
2016-12-12 09:15:00,NSE:ULTRACEMCO,3576.0,3576.05,3441.3501,3462.3501,207281.0
2016-12-13 09:15:00,NSE:ULTRACEMCO,3468.0,3477.8999,3355.55,3366.75,366724.0
2016-12-14 09:15:00,NSE:ULTRACEMCO,3380.8501,3380.8501,3302.05,3315.05,209745.0
2016-12-15 09:15:00,NSE:ULTRACEMCO,3290.0,3311.0,3255.0,3264.5,335980.0
2016-12-16 09:15:00,NSE:ULTRACEMCO,3284.0,3284.0,3163.3501,3177.6499,758086.0
2016-12-19 09:15:00,NSE:ULTRACEMCO,3189.8999,3189.8999,3101.0,3107.7,408345.0
2016-12-20 09:15:00,NSE:ULTRACEMCO,3116.7,3169.5,3103.6001,3145.6001,317562.0
2016-12-21 09:15:00,NSE:ULTRACEMCO,3180.0,3211.45,3166.5,3192.3501,304789.0
2016-12-22 09:15:00,NSE:ULTRACEMCO,3183.5,3183.55,3130.0,3143.7,239905.0
2016-12-23 09:15:00,NSE:ULTRACEMCO,3158.8999,3158.8999,3068.3501,3107.1001,288590.0
2016-12-26 09:15:00,NSE:ULTRACEMCO,3085.0,3120.0,3067.05,3088.75,162679.0
2016-12-27 09:15:00,NSE:ULTRACEMCO,3070.0,3164.0,3050.0,3156.55,258494.0
2016-12-28 09:15:00,NSE:ULTRACEMCO,3147.0,3199.0,3126.0,3159.5,202414.0
2016-12-29 09:15:00,NSE:ULTRACEMCO,3159.5,3240.0,3137.8501,3216.2,338530.0
2016-12-30 09:15:00,NSE:ULTRACEMCO,3230.0,3283.6499,3216.0,3250.2,229481.0
2017-01-02 09:15:00,NSE:ULTRACEMCO,3300.0,3379.0,3300.0,3371.3501,243562.0
2017-01-03 09:15:00,NSE:ULTRACEMCO,3375.0,3386.45,3313.5,3326.7,279985.0
2017-01-04 09:15:00,NSE:ULTRACEMCO,3330.0,3360.0,3287.5,3301.3999,223808.0
2017-01-05 09:15:00,NSE:ULTRACEMCO,3304.8501,3399.0,3304.8501,3382.8501,210883.0
2017-01-06 09:15:00,NSE:ULTRACEMCO,3380.0,3394.8999,3312.0,3322.75,228327.0
2017-01-09 09:15:00,NSE:ULTRACEMCO,3324.5,3334.95,3281.0,3291.8501,138789.0
2017-01-10 09:15:00,NSE:ULTRACEMCO,3305.6001,3314.95,3261.0,3279.45,236655.0
2017-01-11 09:15:00,NSE:ULTRACEMCO,3295.2,3360.0,3288.3501,3353.1001,160310.0
2017-01-12 09:15:00,NSE:ULTRACEMCO,3370.0,3395.0,3336.05,3352.5,131166.0
2017-01-13 09:15:00,NSE:ULTRACEMCO,3353.6001,3368.55,3310.1001,3319.7,95008.0
2017-01-16 09:15:00,NSE:ULTRACEMCO,3316.0,3345.0,3300.0,3340.2,104519.0
2017-01-17 09:15:00,NSE:ULTRACEMCO,3344.3999,3392.25,3335.0,3380.25,159811.0
2017-01-18 09:15:00,NSE:ULTRACEMCO,3384.0,3531.05,3384.0,3501.6499,249849.0
2017-01-19 09:15:00,NSE:ULTRACEMCO,3506.0,3516.8999,3425.05,3461.45,282789.0
2017-01-20 09:15:00,NSE:ULTRACEMCO,3440.0,3522.5,3422.1001,3471.6499,314577.0
2017-01-23 09:15:00,NSE:ULTRACEMCO,3507.95,3569.45,3481.2,3527.8,389942.0
2017-01-24 09:15:00,NSE:ULTRACEMCO,3556.0,3674.5,3535.05,3656.8501,425207.0
2017-01-25 09:15:00,NSE:ULTRACEMCO,3665.0,3693.75,3625.0,3680.3999,464955.0
2017-01-27 09:15:00,NSE:ULTRACEMCO,3680.0,3764.0,3671.0,3686.3,285354.0
2017-01-30 09:15:00,NSE:ULTRACEMCO,3690.0,3730.0,3655.8,3693.8999,199744.0
2017-01-31 09:15:00,NSE:ULTRACEMCO,3705.0,3736.0,3666.1001,3694.45,214723.0
2017-02-01 09:15:00,NSE:ULTRACEMCO,3710.1001,3793.5,3669.8,3779.75,289861.0
2017-02-02 09:15:00,NSE:ULTRACEMCO,3800.0,3800.5,3712.8,3721.55,239504.0
2017-02-03 09:15:00,NSE:ULTRACEMCO,3731.0,3769.0,3716.1001,3737.5,203149.0
2017-02-06 09:15:00,NSE:ULTRACEMCO,3750.0,3803.95,3738.8,3754.8501,150193.0
2017-02-07 09:15:00,NSE:ULTRACEMCO,3740.2,3745.0,3676.1499,3696.0,146734.0
2017-02-08 09:15:00,NSE:ULTRACEMCO,3692.0,3745.95,3680.05,3717.8999,289342.0
2017-02-09 09:15:00,NSE:ULTRACEMCO,3723.0,3761.0,3715.1499,3752.45,113533.0
2017-02-10 09:15:00,NSE:ULTRACEMCO,3766.8,3780.0,3750.8,3761.8999,130436.0
2017-02-13 09:15:00,NSE:ULTRACEMCO,3770.6001,3800.5,3756.0,3767.7,156584.0
2017-02-14 09:15:00,NSE:ULTRACEMCO,3772.0,3777.0,3681.0,3705.6499,159971.0
2017-02-15 09:15:00,NSE:ULTRACEMCO,3720.0,3761.7,3664.1001,3678.1499,280722.0
2017-02-16 09:15:00,NSE:ULTRACEMCO,3676.1001,3744.0,3634.1001,3714.25,174604.0
2017-02-17 09:15:00,NSE:ULTRACEMCO,3710.0,3747.0,3679.55,3718.5,140555.0
2017-02-20 09:15:00,NSE:ULTRACEMCO,3725.8,3765.0,3687.6001,3756.6499,219766.0
2017-02-21 09:15:00,NSE:ULTRACEMCO,3746.0,3784.0,3725.0,3769.3501,190129.0
2017-02-22 09:15:00,NSE:ULTRACEMCO,3776.0,3805.0,3756.0,3777.8,272588.0
2017-02-23 09:15:00,NSE:ULTRACEMCO,3776.6001,3800.0,3760.0,3786.1001,313434.0
2017-02-27 09:15:00,NSE:ULTRACEMCO,3780.0,3782.1499,3721.75,3737.2,250820.0
2017-02-28 09:15:00,NSE:ULTRACEMCO,3756.8999,3784.8,3721.5,3774.55,363696.0
2017-03-01 09:15:00,NSE:ULTRACEMCO,3781.0,3781.0,3720.0,3731.1001,281751.0
2017-03-02 09:15:00,NSE:ULTRACEMCO,3745.0,3849.6499,3745.0,3817.8,1005693.0
2017-03-03 09:15:00,NSE:ULTRACEMCO,3815.0,3862.0,3782.05,3801.75,568550.0
2017-03-06 09:15:00,NSE:ULTRACEMCO,3815.05,3830.0,3790.05,3824.1001,207324.0
2017-03-07 09:15:00,NSE:ULTRACEMCO,3823.8999,3824.5,3775.0,3786.8999,124913.0
2017-03-08 09:15:00,NSE:ULTRACEMCO,3762.0,3812.0,3762.0,3803.6001,283490.0
2017-03-09 09:15:00,NSE:ULTRACEMCO,3789.55,3831.55,3789.55,3822.8501,124471.0
2017-03-10 09:15:00,NSE:ULTRACEMCO,3840.0,3889.0,3827.0,3852.45,139870.0
2017-03-14 09:15:00,NSE:ULTRACEMCO,3900.0,4009.95,3900.0,3998.95,527726.0
2017-03-15 09:15:00,NSE:ULTRACEMCO,4005.95,4036.3999,3966.0,4017.45,224115.0
2017-03-16 09:15:00,NSE:ULTRACEMCO,4024.0,4093.95,4024.0,4056.55,176654.0
2017-03-17 09:15:00,NSE:ULTRACEMCO,4069.75,4073.5,4018.5,4039.8,295372.0
2017-03-20 09:15:00,NSE:ULTRACEMCO,4039.8,4042.0,3990.0,3999.8,556593.0
2017-03-21 09:15:00,NSE:ULTRACEMCO,4009.7,4028.3999,3972.8501,4007.8,341340.0
2017-03-22 09:15:00,NSE:ULTRACEMCO,3997.3,3997.3501,3912.2,3970.25,248260.0
2017-03-23 09:15:00,NSE:ULTRACEMCO,3985.8999,4001.0,3959.6001,3974.25,118954.0
2017-03-24 09:15:00,NSE:ULTRACEMCO,3975.5,4010.0,3944.05,3973.95,124955.0
2017-03-27 09:15:00,NSE:ULTRACEMCO,3985.0,3985.0,3934.5,3951.25,119797.0
2017-03-28 09:15:00,NSE:ULTRACEMCO,3964.0,3994.0,3963.95,3987.3,96646.0
2017-03-29 09:15:00,NSE:ULTRACEMCO,3987.3,4035.3999,3981.55,3999.3501,294631.0
2017-03-30 09:15:00,NSE:ULTRACEMCO,4001.0,4009.0,3971.55,3988.45,324453.0
2017-03-31 09:15:00,NSE:ULTRACEMCO,4000.0,4055.0,3957.25,3984.75,290105.0
2017-04-03 09:15:00,NSE:ULTRACEMCO,4028.8999,4059.0,4011.0,4026.75,163958.0
2017-04-05 09:15:00,NSE:ULTRACEMCO,4036.3999,4090.0,4027.8999,4081.25,169401.0
2017-04-06 09:15:00,NSE:ULTRACEMCO,4080.0,4148.7998,4034.5,4111.1499,138595.0
2017-04-07 09:15:00,NSE:ULTRACEMCO,4090.0,4152.75,4065.0,4081.0,124319.0
2017-04-10 09:15:00,NSE:ULTRACEMCO,4065.0,4107.6499,4021.0,4058.8999,146951.0
2017-04-11 09:15:00,NSE:ULTRACEMCO,4030.0,4080.0,4025.3,4033.3,224440.0
2017-04-12 09:15:00,NSE:ULTRACEMCO,4069.0,4069.0,4014.1001,4033.1001,112568.0
2017-04-13 09:15:00,NSE:ULTRACEMCO,4040.0,4043.8999,4010.05,4019.3501,275406.0
2017-04-17 09:15:00,NSE:ULTRACEMCO,4021.5,4041.0,3993.2,3999.8501,166286.0
2017-04-18 09:15:00,NSE:ULTRACEMCO,4000.0,4063.95,3955.6001,3972.2,263758.0
2017-04-19 09:15:00,NSE:ULTRACEMCO,3971.5,4006.8501,3926.0,3939.8,266518.0
2017-04-20 09:15:00,NSE:ULTRACEMCO,3950.0,4020.8999,3941.8501,4006.75,138135.0
2017-04-21 09:15:00,NSE:ULTRACEMCO,4024.8999,4034.5,3963.6499,3978.3501,173540.0
2017-04-24 09:15:00,NSE:ULTRACEMCO,3997.45,4209.0,3992.45,4141.5498,694285.0
2017-04-25 09:15:00,NSE:ULTRACEMCO,4165.0,4266.25,4108.1499,4242.3999,531152.0
2017-04-26 09:15:00,NSE:ULTRACEMCO,4238.0,4275.0,4200.2002,4230.8999,217768.0
2017-04-27 09:15:00,NSE:ULTRACEMCO,4233.7998,4248.0,4212.0,4237.1001,289892.0
2017-04-28 09:15:00,NSE:ULTRACEMCO,4225.0,4269.9502,4216.0498,4248.9502,174274.0
2017-05-02 09:15:00,NSE:ULTRACEMCO,4248.9502,4248.9502,4152.0498,4206.0,203245.0
2017-05-03 09:15:00,NSE:ULTRACEMCO,4216.0,4325.0,4210.0,4301.3999,309226.0
2017-05-04 09:15:00,NSE:ULTRACEMCO,4296.5498,4355.0,4282.3999,4324.2002,196089.0
2017-05-05 09:15:00,NSE:ULTRACEMCO,4315.0,4343.0,4283.3501,4329.9502,283727.0
2017-05-08 09:15:00,NSE:ULTRACEMCO,4336.0,4449.0,4336.0,4426.25,153494.0
2017-05-09 09:15:00,NSE:ULTRACEMCO,4420.0,4447.5,4398.0498,4432.8999,214276.0
2017-05-10 09:15:00,NSE:ULTRACEMCO,4447.9502,4460.0,4325.5498,4367.5498,222094.0
2017-05-11 09:15:00,NSE:ULTRACEMCO,4373.0,4447.4502,4352.0498,4412.5,159351.0
2017-05-12 09:15:00,NSE:ULTRACEMCO,4400.4502,4419.9502,4373.25,4404.3501,207498.0
2017-05-15 09:15:00,NSE:ULTRACEMCO,4415.0,4498.0,4415.0,4437.7002,131348.0
2017-05-16 09:15:00,NSE:ULTRACEMCO,4457.2002,4533.1001,4444.0,4485.1499,252094.0
2017-05-17 09:15:00,NSE:ULTRACEMCO,4489.9502,4489.9502,4455.7002,4471.0,173787.0
2017-05-18 09:15:00,NSE:ULTRACEMCO,4450.7002,4450.7002,4326.0498,4341.0498,312920.0
2017-05-19 09:15:00,NSE:ULTRACEMCO,4399.0,4417.3999,4336.0,4360.6001,118708.0
2017-05-22 09:15:00,NSE:ULTRACEMCO,4380.0,4405.0498,4260.5,4269.6001,153155.0
2017-05-23 09:15:00,NSE:ULTRACEMCO,4276.0,4315.5,4236.0,4267.3501,229419.0
2017-05-24 09:15:00,NSE:ULTRACEMCO,4293.75,4293.75,4149.25,4172.2002,189988.0
2017-05-25 09:15:00,NSE:ULTRACEMCO,4181.0,4187.0,4130.0,4162.3999,399568.0
2017-05-26 09:15:00,NSE:ULTRACEMCO,4161.0,4216.8999,4141.7002,4154.3999,235032.0
2017-05-29 09:15:00,NSE:ULTRACEMCO,4165.0,4182.1001,4045.0,4061.3,310173.0
2017-05-30 09:15:00,NSE:ULTRACEMCO,4072.0,4111.0498,4052.25,4082.1001,268009.0
2017-05-31 09:15:00,NSE:ULTRACEMCO,4086.3,4259.9502,4086.3,4195.2002,443950.0
2017-06-01 09:15:00,NSE:ULTRACEMCO,4228.7002,4252.0498,4159.5,4198.3501,143799.0
2017-06-02 09:15:00,NSE:ULTRACEMCO,4230.0,4253.8999,4198.3999,4240.6001,187673.0
2017-06-05 09:15:00,NSE:ULTRACEMCO,4233.0,4261.8999,4165.2002,4178.1499,137269.0
2017-06-06 09:15:00,NSE:ULTRACEMCO,4185.0,4194.75,4111.0,4122.5,151928.0
2017-06-07 09:15:00,NSE:ULTRACEMCO,4132.0,4163.0,4102.0,4140.75,137567.0
2017-06-08 09:15:00,NSE:ULTRACEMCO,4145.0,4166.0,4107.0498,4120.25,139961.0
2017-06-09 09:15:00,NSE:ULTRACEMCO,4132.0,4133.1499,4051.5,4111.9502,222729.0
2017-06-12 09:15:00,NSE:ULTRACEMCO,4110.5,4111.9502,4027.05,4045.45,134143.0
2017-06-13 09:15:00,NSE:ULTRACEMCO,4033.0,4136.6001,4031.3,4061.8,171853.0
2017-06-14 09:15:00,NSE:ULTRACEMCO,4072.0,4081.3501,3987.05,4052.8501,442763.0
2017-06-15 09:15:00,NSE:ULTRACEMCO,4032.3,4100.0,4010.0,4043.8,248575.0
2017-06-16 09:15:00,NSE:ULTRACEMCO,4048.0,4132.9502,4010.0,4125.2998,249460.0
2017-06-19 09:15:00,NSE:ULTRACEMCO,4136.0,4149.3501,4084.1001,4097.5498,145691.0
2017-06-20 09:15:00,NSE:ULTRACEMCO,4124.0,4126.0,4053.45,4063.8,177824.0
2017-06-21 09:15:00,NSE:ULTRACEMCO,4055.0,4060.1001,4007.05,4016.05,215935.0
2017-06-22 09:15:00,NSE:ULTRACEMCO,4034.0,4087.45,3992.0,4057.8501,363645.0
2017-06-23 09:15:00,NSE:ULTRACEMCO,4068.8999,4085.0,3991.0,3999.0,226036.0
2017-06-27 09:15:00,NSE:ULTRACEMCO,3993.0,4015.05,3863.1499,3877.8999,339043.0
2017-06-28 09:15:00,NSE:ULTRACEMCO,3878.0,3966.3,3840.55,3958.25,261198.0
2017-06-29 09:15:00,NSE:ULTRACEMCO,4000.0,4000.0,3940.1001,3953.75,877055.0
2017-06-30 09:15:00,NSE:ULTRACEMCO,3984.0,3994.8999,3926.0,3959.1001,244498.0
2017-07-03 09:15:00,NSE:ULTRACEMCO,3970.0,4009.8999,3935.45,3998.8501,218282.0
2017-07-04 09:15:00,NSE:ULTRACEMCO,3989.0,4048.0,3977.05,4019.05,178852.0
2017-07-05 09:15:00,NSE:ULTRACEMCO,4035.0,4106.3999,4026.1499,4087.95,169732.0
2017-07-06 09:15:00,NSE:ULTRACEMCO,4096.7998,4130.0,4067.05,4107.3501,151491.0
2017-07-07 09:15:00,NSE:ULTRACEMCO,4100.0,4142.0,4088.0,4096.8999,145864.0
2017-07-10 09:15:00,NSE:ULTRACEMCO,4131.9502,4165.0,4100.0,4135.1499,26229.0
2017-07-11 09:15:00,NSE:ULTRACEMCO,4148.0,4170.0,4140.0,4151.25,130236.0
2017-07-12 09:15:00,NSE:ULTRACEMCO,4170.0,4199.3999,4151.0,4191.25,161823.0
2017-07-13 09:15:00,NSE:ULTRACEMCO,4198.9502,4227.9502,4185.6499,4198.7002,131100.0
2017-07-14 09:15:00,NSE:ULTRACEMCO,4209.0,4237.8999,4182.4502,4222.8999,125584.0
2017-07-17 09:15:00,NSE:ULTRACEMCO,4203.0,4371.8999,4203.0,4347.75,276947.0
2017-07-18 09:15:00,NSE:ULTRACEMCO,4356.25,4454.1001,4301.0,4330.8501,739090.0
2017-07-19 09:15:00,NSE:ULTRACEMCO,4316.0,4318.0,4188.1001,4205.8501,446659.0
2017-07-20 09:15:00,NSE:ULTRACEMCO,4226.7998,4233.7002,4134.3999,4141.7002,292416.0
2017-07-21 09:15:00,NSE:ULTRACEMCO,4156.0,4188.6001,4139.9502,4176.6499,122241.0
2017-07-24 09:15:00,NSE:ULTRACEMCO,4181.0,4224.0,4162.0498,4197.5,183331.0
2017-07-25 09:15:00,NSE:ULTRACEMCO,4182.0,4210.0,4100.0,4105.7002,359976.0
2017-07-26 09:15:00,NSE:ULTRACEMCO,4114.8999,4123.0,4067.1499,4074.3999,238144.0
2017-07-27 09:15:00,NSE:ULTRACEMCO,4095.0,4110.0,4031.25,4042.95,291936.0
2017-07-28 09:15:00,NSE:ULTRACEMCO,4040.0,4064.2,4001.05,4024.2,193195.0
2017-07-31 09:15:00,NSE:ULTRACEMCO,4043.8,4070.0,4001.1001,4056.8999,198206.0
2017-08-01 09:15:00,NSE:ULTRACEMCO,4078.0,4095.0,4051.5,4067.8501,243417.0
2017-08-02 09:15:00,NSE:ULTRACEMCO,4070.0,4098.0,4042.5,4087.45,132722.0
2017-08-03 09:15:00,NSE:ULTRACEMCO,4097.0,4138.7002,4070.0,4084.3999,195349.0
2017-08-04 09:15:00,NSE:ULTRACEMCO,4090.0,4119.7002,4063.0,4081.3501,171562.0
2017-08-07 09:15:00,NSE:ULTRACEMCO,4081.3501,4114.75,4042.3501,4049.95,159843.0
2017-08-08 09:15:00,NSE:ULTRACEMCO,4067.8999,4086.2,4025.0,4056.7,236701.0
2017-08-09 09:15:00,NSE:ULTRACEMCO,4058.0,4058.0,3982.1001,3997.8501,141670.0
2017-08-10 09:15:00,NSE:ULTRACEMCO,3975.0,3990.0,3885.0,3907.6001,144452.0
2017-08-11 09:15:00,NSE:ULTRACEMCO,3912.0,3974.0,3842.3,3922.55,252752.0
2017-08-14 09:15:00,NSE:ULTRACEMCO,3955.0,3973.0,3933.0,3960.5,83680.0
2017-08-16 09:15:00,NSE:ULTRACEMCO,3971.0,3971.8501,3890.1001,3941.3,204377.0
2017-08-17 09:15:00,NSE:ULTRACEMCO,3952.0,3992.45,3917.1001,3932.8999,123889.0
2017-08-18 09:15:00,NSE:ULTRACEMCO,3924.0,4038.6001,3924.0,4014.3501,276537.0
2017-08-21 09:15:00,NSE:ULTRACEMCO,4026.8,4058.3501,4000.3,4007.8999,170312.0
2017-08-22 09:15:00,NSE:ULTRACEMCO,3981.0,4043.2,3966.0,3975.25,106270.0
2017-08-23 09:15:00,NSE:ULTRACEMCO,3980.0,3986.0,3933.45,3951.55,142515.0
2017-08-24 09:15:00,NSE:ULTRACEMCO,3959.0,3960.0,3930.3999,3939.6499,287019.0
2017-08-28 09:15:00,NSE:ULTRACEMCO,3956.0,3995.25,3944.8999,3984.1499,352378.0
2017-08-29 09:15:00,NSE:ULTRACEMCO,3944.0,3974.7,3916.0,3931.6001,165202.0
2017-08-30 09:15:00,NSE:ULTRACEMCO,3960.0,4024.2,3955.1001,4013.05,415975.0
2017-08-31 09:15:00,NSE:ULTRACEMCO,4031.8999,4039.8501,3984.5,4000.3999,257768.0
2017-09-01 09:15:00,NSE:ULTRACEMCO,4000.0,4029.0,3988.0,3999.6001,533261.0
2017-09-04 09:15:00,NSE:ULTRACEMCO,4018.0,4028.75,3993.05,4000.3999,176316.0
2017-09-05 09:15:00,NSE:ULTRACEMCO,4020.1001,4108.7998,4005.05,4097.8501,216938.0
2017-09-06 09:15:00,NSE:ULTRACEMCO,4090.0,4169.0,4078.1499,4150.25,250105.0
2017-09-07 09:15:00,NSE:ULTRACEMCO,4167.0,4179.8999,4100.5498,4116.2998,128470.0
2017-09-08 09:15:00,NSE:ULTRACEMCO,4071.05,4160.2002,4070.95,4144.4502,149642.0
2017-09-11 09:15:00,NSE:ULTRACEMCO,4162.2002,4192.0,4151.0498,4174.6001,87309.0
2017-09-12 09:15:00,NSE:ULTRACEMCO,4175.0,4233.0,4175.0,4220.25,182205.0
2017-09-13 09:15:00,NSE:ULTRACEMCO,4202.0,4226.9502,4174.1499,4184.8501,160537.0
2017-09-14 09:15:00,NSE:ULTRACEMCO,4194.7998,4225.0,4173.5,4214.3999,104714.0
2017-09-15 09:15:00,NSE:ULTRACEMCO,4201.5498,4226.1499,4176.0,4210.9502,148198.0
2017-09-18 09:15:00,NSE:ULTRACEMCO,4235.0,4240.0,4200.0,4209.2002,57086.0
2017-09-19 09:15:00,NSE:ULTRACEMCO,4214.8999,4214.8999,4170.0,4184.2002,91465.0
2017-09-20 09:15:00,NSE:ULTRACEMCO,4187.0,4219.8501,4154.1001,4209.6499,134462.0
2017-09-21 09:15:00,NSE:ULTRACEMCO,4193.2002,4244.0,4150.0,4166.0498,68443.0
2017-09-22 09:15:00,NSE:ULTRACEMCO,4148.0,4160.9502,3989.2,3999.6001,302353.0
2017-09-25 09:15:00,NSE:ULTRACEMCO,3990.0,3999.0,3891.1001,3901.8,300503.0
2017-09-26 09:15:00,NSE:ULTRACEMCO,3900.0,3934.95,3836.0,3914.6499,394045.0
2017-09-27 09:15:00,NSE:ULTRACEMCO,3954.8999,3960.05,3773.3,3798.5,399169.0
2017-09-28 09:15:00,NSE:ULTRACEMCO,3798.5,3887.55,3777.2,3868.7,333828.0
2017-09-29 09:15:00,NSE:ULTRACEMCO,3878.0,3916.75,3845.0,3854.2,135081.0
2017-10-03 09:15:00,NSE:ULTRACEMCO,3913.3999,3945.0,3878.0,3895.0,128586.0
2017-10-04 09:15:00,NSE:ULTRACEMCO,3895.2,3926.75,3859.5,3872.5,114881.0
2017-10-05 09:15:00,NSE:ULTRACEMCO,3878.1001,3925.0,3854.2,3894.3999,151360.0
2017-10-06 09:15:00,NSE:ULTRACEMCO,3910.0,3950.3501,3907.95,3930.8999,186262.0
2017-10-09 09:15:00,NSE:ULTRACEMCO,3925.7,3990.0,3920.1001,3957.3501,164124.0
2017-10-10 09:15:00,NSE:ULTRACEMCO,3960.0,3993.3501,3957.55,3970.8,191270.0
2017-10-11 09:15:00,NSE:ULTRACEMCO,3975.0,3983.75,3919.2,3951.2,225285.0
2017-10-12 09:15:00,NSE:ULTRACEMCO,3952.2,3964.3,3882.8999,3919.8,183939.0
2017-10-13 09:15:00,NSE:ULTRACEMCO,3900.0,4020.0,3900.0,4005.0,187181.0
2017-10-16 09:15:00,NSE:ULTRACEMCO,4040.0,4045.6001,3985.3999,4004.25,297411.0
2017-10-17 09:15:00,NSE:ULTRACEMCO,4003.95,4105.2002,4003.8999,4089.3999,270710.0
2017-10-18 09:15:00,NSE:ULTRACEMCO,4090.0,4188.6499,4051.2,4092.2,784453.0
2017-10-19 09:15:00,NSE:ULTRACEMCO,4075.6001,4078.05,4018.0,4034.3501,37888.0
2017-10-23 09:15:00,NSE:ULTRACEMCO,4049.0,4224.0,4049.0,4205.0498,486553.0
2017-10-24 09:15:00,NSE:ULTRACEMCO,4218.0,4300.0,4202.0498,4227.1001,371685.0
2017-10-25 09:15:00,NSE:ULTRACEMCO,4260.0,4476.3999,4260.0,4460.25,675900.0
2017-10-26 09:15:00,NSE:ULTRACEMCO,4460.0,4510.0,4426.3501,4483.8999,510733.0
2017-10-27 09:15:00,NSE:ULTRACEMCO,4481.0,4502.0,4408.1001,4439.8501,187708.0
2017-10-30 09:15:00,NSE:ULTRACEMCO,4445.0,4486.0,4430.0498,4472.25,110319.0
2017-10-31 09:15:00,NSE:ULTRACEMCO,4472.25,4475.0,4392.0498,4401.0498,175650.0
2017-11-01 09:15:00,NSE:ULTRACEMCO,4424.0,4455.0,4408.0,4426.2998,73374.0
2017-11-02 09:15:00,NSE:ULTRACEMCO,4444.7998,4449.0,4383.2002,4399.1499,114975.0
2017-11-03 09:15:00,NSE:ULTRACEMCO,4410.0,4420.0,4354.0,4375.1001,119929.0
2017-11-06 09:15:00,NSE:ULTRACEMCO,4385.0,4455.0,4359.0498,4427.75,112295.0
2017-11-07 09:15:00,NSE:ULTRACEMCO,4432.0,4466.4502,4344.75,4373.4502,156131.0
2017-11-08 09:15:00,NSE:ULTRACEMCO,4380.0,4424.3501,4335.0,4370.6001,115134.0
2017-11-09 09:15:00,NSE:ULTRACEMCO,4409.0,4415.1001,4342.75,4363.3501,146865.0
2017-11-10 09:15:00,NSE:ULTRACEMCO,4350.0,4490.8999,4340.0,4450.8501,376322.0
2017-11-13 09:15:00,NSE:ULTRACEMCO,4475.0,4484.8999,4337.0,4348.6499,169443.0
2017-11-14 09:15:00,NSE:ULTRACEMCO,4358.0,4389.0,4350.0,4361.3999,120260.0
2017-11-15 09:15:00,NSE:ULTRACEMCO,4356.0,4356.0,4262.0,4306.7002,203169.0
2017-11-16 09:15:00,NSE:ULTRACEMCO,4315.0,4330.0,4264.25,4273.1001,127671.0
2017-11-17 09:15:00,NSE:ULTRACEMCO,4311.0,4349.2002,4241.2998,4267.0498,275645.0
2017-11-20 09:15:00,NSE:ULTRACEMCO,4230.0,4240.5,4170.3999,4181.2998,214322.0
2017-11-21 09:15:00,NSE:ULTRACEMCO,4191.0,4210.6001,4128.0498,4163.3999,296266.0
2017-11-22 09:15:00,NSE:ULTRACEMCO,4167.1001,4238.6499,4167.1001,4230.3999,205993.0
2017-11-23 09:15:00,NSE:ULTRACEMCO,4235.0,4259.5,4171.2998,4185.1499,273052.0
2017-11-24 09:15:00,NSE:ULTRACEMCO,4185.1499,4246.0,4185.1499,4241.2998,277735.0
2017-11-27 09:15:00,NSE:ULTRACEMCO,4229.8999,4284.8999,4205.2002,4272.0,225700.0
2017-11-28 09:15:00,NSE:ULTRACEMCO,4272.0,4321.7998,4252.3501,4275.8999,165542.0
2017-11-29 09:15:00,NSE:ULTRACEMCO,4284.8999,4315.0,4263.7002,4287.75,147547.0
2017-11-30 09:15:00,NSE:ULTRACEMCO,4271.0,4271.4502,4187.0498,4203.7998,233153.0
2017-12-01 09:15:00,NSE:ULTRACEMCO,4228.0,4248.5,4153.7002,4184.9502,144542.0
2017-12-04 09:15:00,NSE:ULTRACEMCO,4176.0,4197.75,4091.3,4110.0498,236418.0
2017-12-05 09:15:00,NSE:ULTRACEMCO,4120.0,4134.7998,4073.0,4108.2998,123027.0
2017-12-06 09:15:00,NSE:ULTRACEMCO,4099.0,4109.9502,4016.3501,4037.3999,176862.0
2017-12-07 09:15:00,NSE:ULTRACEMCO,4033.0,4118.0,4020.1001,4081.8501,178897.0
2017-12-08 09:15:00,NSE:ULTRACEMCO,4107.0,4182.0498,4085.2,4165.5498,176333.0
2017-12-11 09:15:00,NSE:ULTRACEMCO,4189.0,4257.9502,4189.0,4240.5498,157581.0
2017-12-12 09:15:00,NSE:ULTRACEMCO,4230.0,4259.6001,4166.6001,4222.5,176379.0
2017-12-13 09:15:00,NSE:ULTRACEMCO,4220.7002,4349.0,4181.6001,4274.3501,242129.0
2017-12-14 09:15:00,NSE:ULTRACEMCO,4302.1499,4314.0,4238.2002,4268.2002,155066.0
2017-12-15 09:15:00,NSE:ULTRACEMCO,4299.0,4327.0,4258.7998,4311.7998,248023.0
2017-12-18 09:15:00,NSE:ULTRACEMCO,4287.5,4320.0,4202.0,4309.8999,171295.0
2017-12-19 09:15:00,NSE:ULTRACEMCO,4318.8999,4370.0,4318.8999,4360.5,165588.0
2017-12-20 09:15:00,NSE:ULTRACEMCO,4360.0,4370.0,4312.75,4333.1001,98899.0
2017-12-21 09:15:00,NSE:ULTRACEMCO,4323.1001,4383.3999,4306.2998,4332.75,77428.0
2017-12-22 09:15:00,NSE:ULTRACEMCO,4323.0,4349.7998,4266.0,4288.8999,98020.0
2017-12-26 09:15:00,NSE:ULTRACEMCO,4299.1001,4365.8999,4282.4502,4340.3501,150416.0
2017-12-27 09:15:00,NSE:ULTRACEMCO,4313.0,4337.9502,4265.1499,4277.7002,85346.0
2017-12-28 09:15:00,NSE:ULTRACEMCO,4279.0,4294.6001,4250.0,4276.4502,135145.0
2017-12-29 09:15:00,NSE:ULTRACEMCO,4270.0,4333.0,4270.0,4320.6001,172445.0
2018-01-01 09:15:00,NSE:ULTRACEMCO,4302.2002,4319.7998,4243.0498,4256.0498,166780.0
2018-01-02 09:15:00,NSE:ULTRACEMCO,4285.0,4301.0,4243.7998,4252.2998,141217.0
2018-01-03 09:15:00,NSE:ULTRACEMCO,4256.0,4314.0,4245.3999,4301.9502,166916.0
2018-01-04 09:15:00,NSE:ULTRACEMCO,4302.1001,4350.0,4295.0,4345.5,149645.0
2018-01-05 09:15:00,NSE:ULTRACEMCO,4359.7998,4412.0,4350.0498,4395.7998,165179.0
2018-01-08 09:15:00,NSE:ULTRACEMCO,4400.0,4433.3999,4371.2002,4425.2998,176265.0
2018-01-09 09:15:00,NSE:ULTRACEMCO,4432.8999,4478.0,4385.2998,4426.8501,137512.0
2018-01-10 09:15:00,NSE:ULTRACEMCO,4428.0,4428.0,4376.6001,4403.2002,108721.0
2018-01-11 09:15:00,NSE:ULTRACEMCO,4419.8501,4435.0,4381.6001,4406.1001,111608.0
2018-01-12 09:15:00,NSE:ULTRACEMCO,4412.7998,4436.2002,4351.6001,4405.5,77493.0
2018-01-15 09:15:00,NSE:ULTRACEMCO,4417.7998,4565.8501,4403.3999,4520.1499,318055.0
2018-01-16 09:15:00,NSE:ULTRACEMCO,4528.0,4591.0,4511.0,4545.1001,315736.0
2018-01-17 09:15:00,NSE:ULTRACEMCO,4542.0,4599.8999,4498.9502,4544.25,325182.0
2018-01-18 09:15:00,NSE:ULTRACEMCO,4554.5,4557.75,4370.0,4408.6499,626579.0
2018-01-19 09:15:00,NSE:ULTRACEMCO,4368.0,4382.3999,4271.0,4300.0,311100.0
2018-01-22 09:15:00,NSE:ULTRACEMCO,4325.0,4344.25,4260.5498,4330.0,179728.0
2018-01-23 09:15:00,NSE:ULTRACEMCO,4344.7002,4407.0498,4301.0,4374.7002,250337.0
2018-01-24 09:15:00,NSE:ULTRACEMCO,4364.7998,4368.9502,4275.1001,4283.0,244058.0
2018-01-25 09:15:00,NSE:ULTRACEMCO,4285.0,4390.9502,4282.0,4359.9502,279951.0
2018-01-29 09:15:00,NSE:ULTRACEMCO,4370.0,4413.1001,4331.2998,4390.7002,263874.0
2018-01-30 09:15:00,NSE:ULTRACEMCO,4383.8999,4384.5498,4306.0,4363.2002,201842.0
2018-01-31 09:15:00,NSE:ULTRACEMCO,4363.2002,4405.8999,4330.0,4382.0,189153.0
2018-02-01 09:15:00,NSE:ULTRACEMCO,4382.0,4425.0,4347.6499,4391.4502,268309.0
2018-02-02 09:15:00,NSE:ULTRACEMCO,4368.0,4368.0,4129.0,4179.4502,240012.0
2018-02-05 09:15:00,NSE:ULTRACEMCO,4122.8501,4179.7998,4052.05,4146.3999,178020.0
2018-02-06 09:15:00,NSE:ULTRACEMCO,3980.0,4114.75,3948.6001,4092.6499,298939.0
2018-02-07 09:15:00,NSE:ULTRACEMCO,4157.8999,4167.8501,4051.0,4081.55,262748.0
2018-02-08 09:15:00,NSE:ULTRACEMCO,4085.0,4181.8999,4051.95,4167.0,188256.0
2018-02-09 09:15:00,NSE:ULTRACEMCO,4060.0,4167.8999,4054.05,4153.2998,181041.0
2018-02-12 09:15:00,NSE:ULTRACEMCO,4170.0,4222.4502,4162.5498,4200.2998,218964.0
2018-02-14 09:15:00,NSE:ULTRACEMCO,4200.0,4206.5498,4155.0,4175.5,152754.0
2018-02-15 09:15:00,NSE:ULTRACEMCO,4190.3999,4229.1001,4160.0498,4187.8501,122433.0
2018-02-16 09:15:00,NSE:ULTRACEMCO,4205.0,4259.8999,4144.1499,4166.3501,114025.0
2018-02-19 09:15:00,NSE:ULTRACEMCO,4143.0498,4215.0,4077.3501,4116.6001,131776.0
2018-02-20 09:15:00,NSE:ULTRACEMCO,4100.0,4185.0,4084.3,4140.6001,123931.0
2018-02-21 09:15:00,NSE:ULTRACEMCO,4165.1001,4172.9502,4120.0498,4131.5498,170432.0
2018-02-22 09:15:00,NSE:ULTRACEMCO,4131.5498,4131.5498,4072.2,4099.8999,196243.0
2018-02-23 09:15:00,NSE:ULTRACEMCO,4119.7998,4134.25,4063.55,4116.3999,136480.0
2018-02-26 09:15:00,NSE:ULTRACEMCO,4120.0,4149.0,4120.0,4140.7998,129762.0
2018-02-27 09:15:00,NSE:ULTRACEMCO,4148.0,4185.2002,4139.7998,4176.1001,179366.0
2018-02-28 09:15:00,NSE:ULTRACEMCO,4125.0,4193.9502,4125.0,4155.6001,160018.0
2018-03-01 09:15:00,NSE:ULTRACEMCO,4155.6499,4180.0,4131.2998,4153.2998,198915.0
2018-03-05 09:15:00,NSE:ULTRACEMCO,4116.2002,4134.3999,4075.45,4095.3999,124424.0
2018-03-06 09:15:00,NSE:ULTRACEMCO,4107.0,4174.6499,4102.7002,4150.2998,235296.0
2018-03-07 09:15:00,NSE:ULTRACEMCO,4160.0,4170.5,4093.0,4113.4502,188355.0
2018-03-08 09:15:00,NSE:ULTRACEMCO,4105.25,4133.6001,4064.1499,4119.8999,154031.0
2018-03-09 09:15:00,NSE:ULTRACEMCO,4115.0,4134.5498,4051.95,4079.8501,135949.0
2018-03-12 09:15:00,NSE:ULTRACEMCO,4079.8501,4185.8501,4074.8999,4176.0,102681.0
2018-03-13 09:15:00,NSE:ULTRACEMCO,4143.0,4209.1001,4141.7998,4170.0,138444.0
2018-03-14 09:15:00,NSE:ULTRACEMCO,4153.1001,4244.0,4144.75,4230.25,237294.0
2018-03-15 09:15:00,NSE:ULTRACEMCO,4230.0,4230.0,4156.0,4189.3999,188385.0
2018-03-16 09:15:00,NSE:ULTRACEMCO,4141.0,4166.7998,4003.3,4026.3,527458.0
2018-03-19 09:15:00,NSE:ULTRACEMCO,4059.0,4065.5,3960.0,3972.3999,193770.0
2018-03-20 09:15:00,NSE:ULTRACEMCO,3969.0,3998.8999,3910.2,3936.8,155144.0
2018-03-21 09:15:00,NSE:ULTRACEMCO,3960.0,4054.0,3958.45,3999.2,205143.0
2018-03-22 09:15:00,NSE:ULTRACEMCO,3999.0,4012.0,3912.6001,3925.1499,180643.0
2018-03-23 09:15:00,NSE:ULTRACEMCO,3851.0,3898.95,3813.1001,3873.75,249194.0
2018-03-26 09:15:00,NSE:ULTRACEMCO,3863.0,3970.0,3826.2,3950.0,156418.0
2018-03-27 09:15:00,NSE:ULTRACEMCO,3949.5,3990.05,3923.0,3978.6001,106468.0
2018-03-28 09:15:00,NSE:ULTRACEMCO,3974.8999,3974.8999,3923.0,3950.0,464340.0
2018-04-02 09:15:00,NSE:ULTRACEMCO,4123.0,4123.0,3923.05,3978.5,303869.0
2018-04-03 09:15:00,NSE:ULTRACEMCO,3967.0,3991.6001,3914.5,3951.2,240321.0
2018-04-04 09:15:00,NSE:ULTRACEMCO,3952.0,3974.95,3872.6001,3881.3,177225.0
2018-04-05 09:15:00,NSE:ULTRACEMCO,3935.0,3979.8501,3915.0,3966.6001,124669.0
2018-04-06 09:15:00,NSE:ULTRACEMCO,3950.0,3989.1499,3920.05,3949.5,214201.0
2018-04-09 09:15:00,NSE:ULTRACEMCO,3956.1001,3974.95,3901.45,3918.2,107499.0
2018-04-10 09:15:00,NSE:ULTRACEMCO,3944.8,3947.8501,3908.05,3931.2,115836.0
2018-04-11 09:15:00,NSE:ULTRACEMCO,3921.0,3936.95,3890.0,3924.6499,139653.0
2018-04-12 09:15:00,NSE:ULTRACEMCO,3885.05,3900.0,3865.0,3872.3,218223.0
2018-04-13 09:15:00,NSE:ULTRACEMCO,3884.8,3905.7,3862.5,3878.95,304761.0
2018-04-16 09:15:00,NSE:ULTRACEMCO,3865.1499,3924.05,3865.1499,3917.0,180569.0
2018-04-17 09:15:00,NSE:ULTRACEMCO,3920.0,3945.0,3902.55,3917.25,103447.0
2018-04-18 09:15:00,NSE:ULTRACEMCO,3934.0,4008.7,3922.45,3992.3501,159338.0
2018-04-19 09:15:00,NSE:ULTRACEMCO,4015.2,4163.5,4007.55,4103.4502,449754.0
2018-04-20 09:15:00,NSE:ULTRACEMCO,4105.0,4134.5,4058.05,4080.8999,192832.0
2018-04-23 09:15:00,NSE:ULTRACEMCO,4072.1001,4162.6499,4072.1001,4143.7002,111251.0
2018-04-24 09:15:00,NSE:ULTRACEMCO,4168.0,4173.7002,4096.0,4119.25,378441.0
2018-04-25 09:15:00,NSE:ULTRACEMCO,4134.0,4162.75,4079.0,4134.7998,482116.0
2018-04-26 09:15:00,NSE:ULTRACEMCO,4175.0,4175.0,4026.75,4079.45,512593.0
2018-04-27 09:15:00,NSE:ULTRACEMCO,4077.5,4122.8501,4036.0,4062.3501,127581.0
2018-04-30 09:15:00,NSE:ULTRACEMCO,4099.9502,4127.9502,4078.05,4108.8501,177986.0
2018-05-02 09:15:00,NSE:ULTRACEMCO,4112.7998,4119.9502,3993.0,4016.5,217139.0
2018-05-03 09:15:00,NSE:ULTRACEMCO,4028.8,4029.75,3981.5,3995.3501,146828.0
2018-05-04 09:15:00,NSE:ULTRACEMCO,3998.8999,4034.3,3960.0,3985.8501,212463.0
2018-05-07 09:15:00,NSE:ULTRACEMCO,4005.0,4050.0,3970.0,4033.3999,133722.0
2018-05-08 09:15:00,NSE:ULTRACEMCO,4046.2,4076.75,4033.0,4064.1001,202627.0
2018-05-09 09:15:00,NSE:ULTRACEMCO,4074.8,4080.0,3955.0,3966.25,230272.0
2018-05-10 09:15:00,NSE:ULTRACEMCO,3967.0,4016.8,3930.0,3998.55,263132.0
2018-05-11 09:15:00,NSE:ULTRACEMCO,4011.0,4085.0,3968.55,4071.6001,97087.0
2018-05-14 09:15:00,NSE:ULTRACEMCO,4085.0,4155.0,4055.75,4107.0498,346826.0
2018-05-15 09:15:00,NSE:ULTRACEMCO,4110.0,4139.5,4077.1499,4109.2998,211226.0
2018-05-16 09:15:00,NSE:ULTRACEMCO,4090.0,4090.0,3970.1499,3990.75,218521.0
2018-05-17 09:15:00,NSE:ULTRACEMCO,3998.0,4019.8,3940.0,3957.8,241558.0
2018-05-18 09:15:00,NSE:ULTRACEMCO,3931.05,3941.05,3851.45,3858.8501,382059.0
2018-05-21 09:15:00,NSE:ULTRACEMCO,3899.95,4019.0,3814.2,3852.25,516801.0
2018-05-22 09:15:00,NSE:ULTRACEMCO,3840.0,3881.05,3720.0,3755.55,976312.0
2018-05-23 09:15:00,NSE:ULTRACEMCO,3750.0,3750.0,3690.05,3700.8,333394.0
2018-05-24 09:15:00,NSE:ULTRACEMCO,3700.0,3723.95,3631.75,3658.3999,398238.0
2018-05-25 09:15:00,NSE:ULTRACEMCO,3693.8999,3700.0,3662.0,3682.1499,271222.0
2018-05-28 09:15:00,NSE:ULTRACEMCO,3691.0,3744.95,3685.0,3730.3,369098.0
2018-05-29 09:15:00,NSE:ULTRACEMCO,3750.0,3775.0,3701.0,3716.05,347743.0
2018-05-30 09:15:00,NSE:ULTRACEMCO,3690.0,3732.7,3690.0,3706.6499,201412.0
2018-05-31 09:15:00,NSE:ULTRACEMCO,3706.05,3764.95,3686.7,3744.8999,733987.0
2018-06-01 09:15:00,NSE:ULTRACEMCO,3749.8999,3749.8999,3660.0,3688.1499,232438.0
2018-06-04 09:15:00,NSE:ULTRACEMCO,3702.8,3725.8999,3626.0,3711.1499,200526.0
2018-06-05 09:15:00,NSE:ULTRACEMCO,3710.0,3710.0,3636.05,3676.8501,204863.0
2018-06-06 09:15:00,NSE:ULTRACEMCO,3665.0,3723.3999,3631.3501,3696.3501,200850.0
2018-06-07 09:15:00,NSE:ULTRACEMCO,3724.8999,3734.75,3702.3999,3723.1499,149988.0
2018-06-08 09:15:00,NSE:ULTRACEMCO,3714.0,3729.05,3664.6001,3715.1499,281709.0
2018-06-11 09:15:00,NSE:ULTRACEMCO,3728.0,3830.0,3714.95,3790.1001,283522.0
2018-06-12 09:15:00,NSE:ULTRACEMCO,3814.8999,3814.8999,3755.3501,3766.2,262627.0
2018-06-13 09:15:00,NSE:ULTRACEMCO,3776.0,3835.0,3746.8999,3800.6001,239285.0
2018-06-14 09:15:00,NSE:ULTRACEMCO,3790.0,3790.0,3745.0,3767.0,235397.0
2018-06-15 09:15:00,NSE:ULTRACEMCO,3765.0,3792.0,3671.8501,3691.6499,588115.0
2018-06-18 09:15:00,NSE:ULTRACEMCO,3686.55,3708.0,3641.0,3669.5,238900.0
2018-06-19 09:15:00,NSE:ULTRACEMCO,3652.0,3660.0,3612.3999,3648.0,249879.0
2018-06-20 09:15:00,NSE:ULTRACEMCO,3653.0,3663.0,3625.0,3651.3501,222658.0
2018-06-21 09:15:00,NSE:ULTRACEMCO,3673.0,3673.0,3600.0,3616.8999,321887.0
2018-06-22 09:15:00,NSE:ULTRACEMCO,3624.0,3654.7,3563.0,3641.05,330296.0
2018-06-25 09:15:00,NSE:ULTRACEMCO,3653.0,3770.0,3631.6001,3752.0,498922.0
2018-06-26 09:15:00,NSE:ULTRACEMCO,3752.0,3863.95,3750.0,3840.1001,582262.0
2018-06-27 09:15:00,NSE:ULTRACEMCO,3850.0,3857.3999,3750.0,3773.1499,394258.0
2018-06-28 09:15:00,NSE:ULTRACEMCO,3773.1499,3784.95,3685.6001,3721.3999,545895.0
2018-06-29 09:15:00,NSE:ULTRACEMCO,3749.0,3830.3999,3715.05,3818.6001,320835.0
2018-07-02 09:15:00,NSE:ULTRACEMCO,3798.0,3826.8,3734.1001,3777.3,224587.0
2018-07-03 09:15:00,NSE:ULTRACEMCO,3785.0,3785.0,3730.3501,3749.8501,244401.0
2018-07-04 09:15:00,NSE:ULTRACEMCO,3758.0,3805.0,3735.0,3790.6499,190572.0
2018-07-05 09:15:00,NSE:ULTRACEMCO,3797.0,3963.1499,3793.3501,3936.25,499755.0
2018-07-06 09:15:00,NSE:ULTRACEMCO,3910.25,3998.0,3890.0,3954.3501,327395.0
2018-07-09 09:15:00,NSE:ULTRACEMCO,3960.0,4014.6001,3890.5,3899.25,282644.0
2018-07-10 09:15:00,NSE:ULTRACEMCO,3910.0,3974.0,3901.1499,3959.8,186488.0
2018-07-11 09:15:00,NSE:ULTRACEMCO,3945.8,3962.0,3921.25,3951.8,236871.0
2018-07-12 09:15:00,NSE:ULTRACEMCO,3961.0,4050.0,3939.05,3946.95,558480.0
2018-07-13 09:15:00,NSE:ULTRACEMCO,3981.7,4024.25,3950.0,3963.75,237239.0
2018-07-16 09:15:00,NSE:ULTRACEMCO,3964.0,3977.55,3834.2,3864.0,284241.0
2018-07-17 09:15:00,NSE:ULTRACEMCO,3876.0,3925.5,3840.3,3895.2,175938.0
2018-07-18 09:15:00,NSE:ULTRACEMCO,3906.0,3977.6001,3810.0,3849.3501,798285.0
2018-07-19 09:15:00,NSE:ULTRACEMCO,3841.0,3878.2,3783.0,3848.55,342317.0
2018-07-20 09:15:00,NSE:ULTRACEMCO,3830.0,3885.0,3830.0,3871.7,196849.0
2018-07-23 09:15:00,NSE:ULTRACEMCO,3885.0,4043.8999,3879.05,4009.6499,257170.0
2018-07-24 09:15:00,NSE:ULTRACEMCO,4050.0,4230.0,4050.0,4136.7998,548782.0
2018-07-25 09:15:00,NSE:ULTRACEMCO,4135.0,4135.0,3984.3,4044.8501,247468.0
2018-07-26 09:15:00,NSE:ULTRACEMCO,4045.0,4172.9502,4039.95,4142.7998,839947.0
2018-07-27 09:15:00,NSE:ULTRACEMCO,4175.0,4189.9502,4100.2002,4124.6499,190337.0
2018-07-30 09:15:00,NSE:ULTRACEMCO,4130.5,4250.0,4125.0,4243.3501,329539.0
2018-07-31 09:15:00,NSE:ULTRACEMCO,4236.2998,4243.0,4171.4502,4193.7998,251535.0
2018-08-01 09:15:00,NSE:ULTRACEMCO,4205.5,4229.9502,4153.3501,4193.0498,159147.0
2018-08-02 09:15:00,NSE:ULTRACEMCO,4187.0,4224.0,4152.0,4183.5,135635.0
2018-08-03 09:15:00,NSE:ULTRACEMCO,4200.0,4220.7998,4152.0,4167.75,205260.0
2018-08-06 09:15:00,NSE:ULTRACEMCO,4175.0,4210.0,4137.0498,4177.7998,184759.0
2018-08-07 09:15:00,NSE:ULTRACEMCO,4170.0,4269.0,4165.0498,4206.7002,461061.0
2018-08-08 09:15:00,NSE:ULTRACEMCO,4212.0,4260.0,4191.25,4244.1001,297215.0
2018-08-09 09:15:00,NSE:ULTRACEMCO,4242.0,4319.9502,4215.5,4310.7998,336669.0
2018-08-10 09:15:00,NSE:ULTRACEMCO,4315.0,4333.2002,4230.0,4246.2002,287805.0
2018-08-13 09:15:00,NSE:ULTRACEMCO,4226.0,4226.0,4175.0,4194.2002,155075.0
2018-08-14 09:15:00,NSE:ULTRACEMCO,4194.0,4339.9502,4194.0,4299.1001,455836.0
2018-08-16 09:15:00,NSE:ULTRACEMCO,4285.0,4285.0498,4200.0498,4213.5,430146.0
2018-08-17 09:15:00,NSE:ULTRACEMCO,4260.0,4308.5498,4204.4502,4285.7002,262047.0
2018-08-20 09:15:00,NSE:ULTRACEMCO,4291.8999,4339.7998,4273.0,4300.7002,135703.0
2018-08-21 09:15:00,NSE:ULTRACEMCO,4305.0,4393.0,4304.6001,4350.2002,271157.0
2018-08-23 09:15:00,NSE:ULTRACEMCO,4375.0,4383.8999,4304.0,4347.25,189320.0
2018-08-24 09:15:00,NSE:ULTRACEMCO,4331.0,4399.0,4280.0,4316.0,241765.0
2018-08-27 09:15:00,NSE:ULTRACEMCO,4330.0,4380.0,4320.6499,4370.7998,200121.0
2018-08-28 09:15:00,NSE:ULTRACEMCO,4381.0,4460.0,4350.0,4427.6499,301809.0
2018-08-29 09:15:00,NSE:ULTRACEMCO,4434.9502,4434.9502,4375.5,4401.9502,177155.0
2018-08-30 09:15:00,NSE:ULTRACEMCO,4403.0,4445.0,4386.0,4426.3999,332154.0
2018-08-31 09:15:00,NSE:ULTRACEMCO,4426.0,4493.6499,4398.0498,4475.5,299423.0
2018-09-03 09:15:00,NSE:ULTRACEMCO,4470.0,4470.0,4354.3999,4373.5498,150383.0
2018-09-04 09:15:00,NSE:ULTRACEMCO,4373.5,4373.5,4176.0,4201.1499,325798.0
2018-09-05 09:15:00,NSE:ULTRACEMCO,4198.0,4250.0,4106.0,4159.4502,384529.0
2018-09-06 09:15:00,NSE:ULTRACEMCO,4209.0,4271.8999,4130.0498,4153.2002,373709.0
2018-09-07 09:15:00,NSE:ULTRACEMCO,4184.2998,4287.7002,4150.0,4268.2002,196079.0
2018-09-10 09:15:00,NSE:ULTRACEMCO,4260.0,4260.0,4138.0,4154.6499,337900.0
2018-09-11 09:15:00,NSE:ULTRACEMCO,4154.75,4187.9502,4089.1001,4107.6001,318329.0
2018-09-12 09:15:00,NSE:ULTRACEMCO,4138.0,4138.2998,4056.0,4096.3501,233072.0
2018-09-14 09:15:00,NSE:ULTRACEMCO,4141.8999,4199.3999,4095.45,4189.1001,635121.0
2018-09-17 09:15:00,NSE:ULTRACEMCO,4156.0,4174.9502,4090.6499,4103.5,210529.0
2018-09-18 09:15:00,NSE:ULTRACEMCO,4102.0,4112.8999,4027.3501,4059.95,268420.0
2018-09-19 09:15:00,NSE:ULTRACEMCO,4088.0,4088.0,4045.75,4050.7,322516.0
2018-09-21 09:15:00,NSE:ULTRACEMCO,4064.45,4099.7002,3910.5,4069.3501,551314.0
2018-09-24 09:15:00,NSE:ULTRACEMCO,4060.0,4060.0,3926.8,3974.8999,421511.0
2018-09-25 09:15:00,NSE:ULTRACEMCO,3970.0,4049.0,3950.0,4028.7,248960.0
2018-09-26 09:15:00,NSE:ULTRACEMCO,4040.2,4102.3501,4024.8,4067.55,283138.0
2018-09-27 09:15:00,NSE:ULTRACEMCO,4089.8501,4213.7002,4022.0,4120.3999,525917.0
2018-09-28 09:15:00,NSE:ULTRACEMCO,4151.0,4151.2998,4014.05,4059.95,318703.0
2018-10-01 09:15:00,NSE:ULTRACEMCO,4050.0,4050.0,3854.0,3940.2,427828.0
2018-10-03 09:15:00,NSE:ULTRACEMCO,3955.0,3971.55,3813.05,3860.3,500577.0
2018-10-04 09:15:00,NSE:ULTRACEMCO,3833.45,3961.2,3777.8999,3943.6499,535184.0
2018-10-05 09:15:00,NSE:ULTRACEMCO,3924.8501,3924.8501,3768.5,3793.8,380282.0
2018-10-08 09:15:00,NSE:ULTRACEMCO,3770.0,3786.5,3701.55,3758.8999,427278.0
2018-10-09 09:15:00,NSE:ULTRACEMCO,3779.0,3865.95,3744.0,3782.0,215436.0
2018-10-10 09:15:00,NSE:ULTRACEMCO,3782.0,3829.0,3725.0,3778.0,273039.0
2018-10-11 09:15:00,NSE:ULTRACEMCO,3715.0,3739.8999,3631.2,3688.75,241641.0
2018-10-12 09:15:00,NSE:ULTRACEMCO,3728.0,3815.0,3705.1499,3795.1499,289631.0
2018-10-15 09:15:00,NSE:ULTRACEMCO,3820.0,3820.0,3662.1001,3708.3999,234650.0
2018-10-16 09:15:00,NSE:ULTRACEMCO,3744.0,3814.0,3706.6499,3752.7,308164.0
2018-10-17 09:15:00,NSE:ULTRACEMCO,3785.5,3790.5,3715.0,3723.0,166654.0
2018-10-19 09:15:00,NSE:ULTRACEMCO,3610.0,3650.0,3525.0,3609.6001,758353.0
2018-10-22 09:15:00,NSE:ULTRACEMCO,3598.0,3598.0,3446.1001,3463.25,709687.0
2018-10-23 09:15:00,NSE:ULTRACEMCO,3453.8,3460.8999,3260.45,3343.6499,809289.0
2018-10-24 09:15:00,NSE:ULTRACEMCO,3376.1001,3436.1499,3330.3501,3383.55,354011.0
2018-10-25 09:15:00,NSE:ULTRACEMCO,3342.0,3389.25,3277.5,3347.5,519442.0
2018-10-26 09:15:00,NSE:ULTRACEMCO,3351.2,3399.3999,3292.0,3386.7,270475.0
2018-10-29 09:15:00,NSE:ULTRACEMCO,3404.95,3455.3,3363.0,3441.7,278127.0
2018-10-30 09:15:00,NSE:ULTRACEMCO,3440.0,3500.95,3422.55,3463.6499,159145.0
2018-10-31 09:15:00,NSE:ULTRACEMCO,3470.0,3519.8999,3374.0,3499.3999,371435.0
2018-11-01 09:15:00,NSE:ULTRACEMCO,3522.0,3615.95,3470.0,3601.6499,227757.0
2018-11-02 09:15:00,NSE:ULTRACEMCO,3590.0,3867.0,3590.0,3730.0,444425.0
2018-11-05 09:15:00,NSE:ULTRACEMCO,3716.95,3795.3999,3657.8501,3774.55,229476.0
2018-11-06 09:15:00,NSE:ULTRACEMCO,3774.55,3807.55,3711.55,3744.3999,277572.0
2018-11-07 09:15:00,NSE:ULTRACEMCO,3770.0,3806.0,3750.1001,3782.6001,52687.0
2018-11-09 09:15:00,NSE:ULTRACEMCO,3798.8,3828.1499,3769.3501,3817.8501,200993.0
2018-11-12 09:15:00,NSE:ULTRACEMCO,3821.8999,3889.8501,3712.3,3726.8501,287420.0
2018-11-13 09:15:00,NSE:ULTRACEMCO,3730.0,3849.25,3724.45,3829.8999,213510.0
2018-11-14 09:15:00,NSE:ULTRACEMCO,3838.0,3978.3,3830.3501,3917.05,449597.0
2018-11-15 09:15:00,NSE:ULTRACEMCO,3927.8,3933.8,3830.05,3912.95,233272.0
2018-11-16 09:15:00,NSE:ULTRACEMCO,3952.0,3980.0,3911.05,3962.3999,220575.0
2018-11-19 09:15:00,NSE:ULTRACEMCO,3970.3999,4047.0,3952.45,4031.95,448367.0
2018-11-20 09:15:00,NSE:ULTRACEMCO,4033.0,4046.5,3960.0,3976.45,183485.0
2018-11-21 09:15:00,NSE:ULTRACEMCO,3980.7,4054.0,3937.05,4043.8,310675.0
2018-11-22 09:15:00,NSE:ULTRACEMCO,4050.0,4050.0,3939.0,3950.3999,235065.0
2018-11-26 09:15:00,NSE:ULTRACEMCO,3994.0,4000.0,3941.8501,3959.8501,274495.0
2018-11-27 09:15:00,NSE:ULTRACEMCO,3982.0,4029.0,3950.25,4005.0,290501.0
2018-11-28 09:15:00,NSE:ULTRACEMCO,4005.2,4040.0,3982.2,4003.8999,293918.0
2018-11-29 09:15:00,NSE:ULTRACEMCO,4039.8999,4058.1001,4012.0,4030.3999,495678.0
2018-11-30 09:15:00,NSE:ULTRACEMCO,4030.0,4081.0,3985.8999,3999.6499,637323.0
2018-12-03 09:15:00,NSE:ULTRACEMCO,4040.0,4100.0,4014.8999,4047.0,356511.0
2018-12-04 09:15:00,NSE:ULTRACEMCO,4067.0,4105.25,4021.3,4030.6499,228182.0
2018-12-05 09:15:00,NSE:ULTRACEMCO,4020.3,4029.3999,3954.1499,3969.05,175670.0
2018-12-06 09:15:00,NSE:ULTRACEMCO,3945.05,3955.8501,3823.95,3864.5,271400.0
2018-12-07 09:15:00,NSE:ULTRACEMCO,3905.0,3958.0,3880.05,3932.5,188598.0
2018-12-10 09:15:00,NSE:ULTRACEMCO,3880.1001,3880.1001,3761.8,3776.55,291666.0
2018-12-11 09:15:00,NSE:ULTRACEMCO,3749.0,3896.0,3725.05,3874.1001,324889.0
2018-12-12 09:15:00,NSE:ULTRACEMCO,3886.8999,3950.0,3873.8501,3932.3999,183942.0
2018-12-13 09:15:00,NSE:ULTRACEMCO,3997.0,3997.0,3925.0,3949.1001,213593.0
2018-12-14 09:15:00,NSE:ULTRACEMCO,4039.0,4043.8,3975.0,4005.05,312029.0
2018-12-17 09:15:00,NSE:ULTRACEMCO,4015.8999,4021.55,3965.0,4009.3,130496.0
2018-12-18 09:15:00,NSE:ULTRACEMCO,3999.0,4017.1001,3978.0,4008.1499,196490.0
2018-12-19 09:15:00,NSE:ULTRACEMCO,4010.0,4173.75,4005.1001,4084.55,990102.0
2018-12-20 09:15:00,NSE:ULTRACEMCO,4075.0,4134.0,4003.3,4040.3501,541116.0
2018-12-21 09:15:00,NSE:ULTRACEMCO,4030.0,4080.0,3955.5,3984.3,390384.0
2018-12-24 09:15:00,NSE:ULTRACEMCO,3950.0,4010.8999,3905.0,3917.1499,322548.0
2018-12-26 09:15:00,NSE:ULTRACEMCO,3891.1001,4008.0,3857.05,3996.1001,224353.0
2018-12-27 09:15:00,NSE:ULTRACEMCO,4015.0,4020.5,3955.0,3982.5,255449.0
2018-12-28 09:15:00,NSE:ULTRACEMCO,3986.6001,4022.0,3985.0,4004.95,196548.0
2018-12-31 09:15:00,NSE:ULTRACEMCO,4030.0,4032.75,3980.0,3990.95,157905.0
2019-01-01 09:15:00,NSE:ULTRACEMCO,4000.0,4014.3501,3966.25,4009.2,92921.0
2019-01-02 09:15:00,NSE:ULTRACEMCO,4000.0,4018.95,3973.95,4006.1001,143828.0
2019-01-03 09:15:00,NSE:ULTRACEMCO,4010.0,4015.0,3875.95,3900.05,223538.0
2019-01-04 09:15:00,NSE:ULTRACEMCO,3928.0,3928.0,3853.0,3914.55,220079.0
2019-01-07 09:15:00,NSE:ULTRACEMCO,3935.0,3985.3999,3913.8501,3926.75,220371.0
2019-01-08 09:15:00,NSE:ULTRACEMCO,3915.0,3943.45,3840.0,3916.3,271012.0
2019-01-09 09:15:00,NSE:ULTRACEMCO,3917.0,3934.8999,3800.0,3817.25,248627.0
2019-01-10 09:15:00,NSE:ULTRACEMCO,3820.0,3847.0,3804.05,3818.2,138524.0
2019-01-11 09:15:00,NSE:ULTRACEMCO,3818.2,3851.55,3751.1001,3770.2,248857.0
2019-01-14 09:15:00,NSE:ULTRACEMCO,3770.2,3796.95,3737.95,3776.6001,198557.0
2019-01-15 09:15:00,NSE:ULTRACEMCO,3792.0,3845.0,3771.05,3827.6499,298881.0
2019-01-16 09:15:00,NSE:ULTRACEMCO,3843.0,3908.0,3835.2,3887.0,201711.0
2019-01-17 09:15:00,NSE:ULTRACEMCO,3892.0,3914.75,3810.0,3846.45,235993.0
2019-01-18 09:15:00,NSE:ULTRACEMCO,3859.0,3859.0,3771.6001,3819.95,237908.0
2019-01-21 09:15:00,NSE:ULTRACEMCO,3810.0,3867.5,3790.0,3849.55,279969.0
2019-01-22 09:15:00,NSE:ULTRACEMCO,3850.0,3887.0,3800.8999,3860.5,220491.0
2019-01-23 09:15:00,NSE:ULTRACEMCO,3862.0,3886.05,3840.75,3850.6499,171340.0
2019-01-24 09:15:00,NSE:ULTRACEMCO,3856.0,3878.55,3770.05,3790.7,808713.0
2019-01-25 09:15:00,NSE:ULTRACEMCO,3800.0,3800.0,3480.05,3510.8,1593195.0
2019-01-28 09:15:00,NSE:ULTRACEMCO,3510.0,3510.0,3332.45,3374.45,1260559.0
2019-01-29 09:15:00,NSE:ULTRACEMCO,3375.0,3509.8999,3370.0,3409.6499,754743.0
2019-01-30 09:15:00,NSE:ULTRACEMCO,3420.0,3467.3,3365.0,3442.2,303793.0
2019-01-31 09:15:00,NSE:ULTRACEMCO,3454.0,3540.0,3432.1001,3519.3501,621043.0
2019-02-01 09:15:00,NSE:ULTRACEMCO,3530.0,3538.55,3446.0,3483.6499,745604.0
2019-02-04 09:15:00,NSE:ULTRACEMCO,3480.05,3496.8999,3402.0,3447.5,320227.0
2019-02-05 09:15:00,NSE:ULTRACEMCO,3447.5,3472.0,3410.0,3461.75,286515.0
2019-02-06 09:15:00,NSE:ULTRACEMCO,3484.8999,3534.8999,3441.0,3510.3501,341588.0
2019-02-07 09:15:00,NSE:ULTRACEMCO,3509.7,3606.8501,3497.5,3570.55,367134.0
2019-02-08 09:15:00,NSE:ULTRACEMCO,3535.0,3587.95,3515.25,3557.8,287105.0
2019-02-11 09:15:00,NSE:ULTRACEMCO,3565.6001,3565.6001,3440.1001,3449.3999,206491.0
2019-02-12 09:15:00,NSE:ULTRACEMCO,3440.0,3498.3,3415.05,3452.3501,266527.0
2019-02-13 09:15:00,NSE:ULTRACEMCO,3482.7,3496.8,3450.0,3472.25,191197.0
2019-02-14 09:15:00,NSE:ULTRACEMCO,3454.0,3503.75,3426.6499,3494.8999,156493.0
2019-02-15 09:15:00,NSE:ULTRACEMCO,3489.8999,3489.8999,3367.05,3439.45,276417.0
2019-02-18 09:15:00,NSE:ULTRACEMCO,3452.0,3459.0,3380.0,3429.25,270262.0
2019-02-19 09:15:00,NSE:ULTRACEMCO,3410.1499,3504.95,3410.1499,3467.6001,213945.0
2019-02-20 09:15:00,NSE:ULTRACEMCO,3474.1001,3597.0,3471.1001,3573.3501,243815.0
2019-02-21 09:15:00,NSE:ULTRACEMCO,3583.0,3654.0,3560.0,3631.25,394248.0
2019-02-22 09:15:00,NSE:ULTRACEMCO,3631.0,3664.5,3604.8501,3625.7,216855.0
2019-02-25 09:15:00,NSE:ULTRACEMCO,3620.0,3724.45,3617.0,3716.6001,445514.0
2019-02-26 09:15:00,NSE:ULTRACEMCO,3690.0,3816.0,3676.05,3788.55,700811.0
2019-02-27 09:15:00,NSE:ULTRACEMCO,3810.0,3905.0,3801.7,3889.1001,681050.0
2019-02-28 09:15:00,NSE:ULTRACEMCO,3915.0,3915.0,3790.0,3826.5,718074.0
2019-03-01 09:15:00,NSE:ULTRACEMCO,3839.8999,3899.5,3826.55,3878.3501,270365.0
2019-03-05 09:15:00,NSE:ULTRACEMCO,3893.8999,3978.7,3870.05,3962.2,367903.0
2019-03-06 09:15:00,NSE:ULTRACEMCO,3963.0,4020.0,3935.8,3978.6499,349217.0
2019-03-07 09:15:00,NSE:ULTRACEMCO,3978.8,3987.8,3900.3501,3912.8,382836.0
2019-03-08 09:15:00,NSE:ULTRACEMCO,3924.8,3986.1499,3885.5,3972.0,253766.0
2019-03-11 09:15:00,NSE:ULTRACEMCO,3975.5,4057.5,3955.6499,4049.1499,389964.0
2019-03-12 09:15:00,NSE:ULTRACEMCO,4063.8999,4147.9502,4050.5,4095.75,609648.0
2019-03-13 09:15:00,NSE:ULTRACEMCO,4099.0,4140.0,4011.05,4025.6499,380923.0
2019-03-14 09:15:00,NSE:ULTRACEMCO,4036.8999,4061.1499,3932.0,3964.1499,301915.0
2019-03-15 09:15:00,NSE:ULTRACEMCO,3990.0,3990.0,3905.0,3916.1001,339118.0
2019-03-18 09:15:00,NSE:ULTRACEMCO,3949.0,3979.0,3918.05,3970.2,286827.0
2019-03-19 09:15:00,NSE:ULTRACEMCO,3970.2,4012.0,3960.05,3978.0,370780.0
2019-03-20 09:15:00,NSE:ULTRACEMCO,4004.7,4009.75,3910.8999,3922.3,295550.0
2019-03-22 09:15:00,NSE:ULTRACEMCO,3945.8501,3976.8999,3883.6001,3929.75,399902.0
2019-03-25 09:15:00,NSE:ULTRACEMCO,3911.0,3911.0,3850.0,3871.05,265291.0
2019-03-26 09:15:00,NSE:ULTRACEMCO,3869.0,3944.75,3830.0,3925.6001,336761.0
2019-03-27 09:15:00,NSE:ULTRACEMCO,3951.7,3997.2,3880.0,3901.95,443206.0
2019-03-28 09:15:00,NSE:ULTRACEMCO,3920.0,3968.0,3894.45,3908.95,544435.0
2019-03-29 09:15:00,NSE:ULTRACEMCO,3934.7,4010.0,3913.0,3998.3501,385054.0
2019-04-01 09:15:00,NSE:ULTRACEMCO,4040.0,4146.0,4020.0,4053.5,740396.0
2019-04-02 09:15:00,NSE:ULTRACEMCO,4062.0,4083.5,3985.6001,4026.0,413689.0
2019-04-03 09:15:00,NSE:ULTRACEMCO,4025.0,4073.95,3985.0,4001.6001,253841.0
2019-04-04 09:15:00,NSE:ULTRACEMCO,4026.3999,4112.0,4001.6001,4079.95,713853.0
2019-04-05 09:15:00,NSE:ULTRACEMCO,4104.0,4206.0,4084.1499,4190.3999,738916.0
2019-04-08 09:15:00,NSE:ULTRACEMCO,4224.0,4235.4502,4136.0,4166.8501,789953.0
2019-04-09 09:15:00,NSE:ULTRACEMCO,4154.0,4174.6499,4107.4502,4163.2002,262712.0
2019-04-10 09:15:00,NSE:ULTRACEMCO,4167.8999,4169.9502,4120.0,4131.0498,231779.0
2019-04-11 09:15:00,NSE:ULTRACEMCO,4140.0,4161.0,4093.8501,4140.1499,447838.0
2019-04-12 09:15:00,NSE:ULTRACEMCO,4150.1001,4196.8999,4137.0,4166.5,397313.0
2019-04-15 09:15:00,NSE:ULTRACEMCO,4179.7998,4234.2998,4158.0,4225.2998,295636.0
2019-04-16 09:15:00,NSE:ULTRACEMCO,4229.6001,4285.0,4206.1001,4255.0498,269121.0
2019-04-18 09:15:00,NSE:ULTRACEMCO,4279.7002,4279.7002,4220.0,4259.9502,210890.0
2019-04-22 09:15:00,NSE:ULTRACEMCO,4235.0,4279.0,4180.0,4204.8501,182038.0
2019-04-23 09:15:00,NSE:ULTRACEMCO,4212.0,4232.5498,4182.0498,4198.25,316043.0
2019-04-24 09:15:00,NSE:ULTRACEMCO,4156.2998,4432.0,4110.5,4394.6499,1985862.0
2019-04-25 09:15:00,NSE:ULTRACEMCO,4450.5,4686.6001,4448.5,4619.0,3326400.0
2019-04-26 09:15:00,NSE:ULTRACEMCO,4630.0,4637.6001,4562.7998,4609.9502,1004982.0
2019-04-30 09:15:00,NSE:ULTRACEMCO,4607.0,4649.0498,4554.3501,4616.7998,653730.0
2019-05-02 09:15:00,NSE:ULTRACEMCO,4615.0,4634.0,4574.1001,4616.2998,505389.0
2019-05-03 09:15:00,NSE:ULTRACEMCO,4620.5,4628.0,4552.0,4566.0,411034.0
2019-05-06 09:15:00,NSE:ULTRACEMCO,4500.0498,4560.0,4485.5498,4518.5498,488749.0
2019-05-07 09:15:00,NSE:ULTRACEMCO,4536.1001,4558.8501,4515.0498,4531.25,625025.0
2019-05-08 09:15:00,NSE:ULTRACEMCO,4530.0,4550.0,4488.0,4507.6499,567034.0
2019-05-09 09:15:00,NSE:ULTRACEMCO,4494.0,4523.9502,4455.2998,4478.3999,590574.0
2019-05-10 09:15:00,NSE:ULTRACEMCO,4508.7002,4508.7002,4422.6001,4434.25,234079.0
2019-05-13 09:15:00,NSE:ULTRACEMCO,4425.0,4425.0,4320.0,4338.4502,408316.0
2019-05-14 09:15:00,NSE:ULTRACEMCO,4326.0,4460.0,4289.0498,4424.2998,617724.0
2019-05-15 09:15:00,NSE:ULTRACEMCO,4447.7002,4447.7002,4324.1499,4342.3501,347949.0
2019-05-16 09:15:00,NSE:ULTRACEMCO,4345.0,4525.0,4322.0,4512.7998,613573.0
2019-05-17 09:15:00,NSE:ULTRACEMCO,4500.0,4508.8999,4435.0,4492.7998,513496.0
2019-05-20 09:15:00,NSE:ULTRACEMCO,4560.25,4807.6499,4558.1001,4774.2002,974132.0
2019-05-21 09:15:00,NSE:ULTRACEMCO,4789.0,4789.0,4618.0498,4639.75,671297.0
2019-05-22 09:15:00,NSE:ULTRACEMCO,4662.7002,4673.6499,4592.0,4647.3501,608316.0
2019-05-23 09:15:00,NSE:ULTRACEMCO,4700.0,4884.0,4652.2998,4683.9502,971606.0
2019-05-24 09:15:00,NSE:ULTRACEMCO,4719.0,4817.7998,4660.2002,4800.1001,782474.0
2019-05-27 09:15:00,NSE:ULTRACEMCO,4800.0,4904.9502,4752.0498,4841.0498,609904.0
2019-05-28 09:15:00,NSE:ULTRACEMCO,4848.5,4865.0,4752.7002,4772.9502,664517.0
2019-05-29 09:15:00,NSE:ULTRACEMCO,4774.0,4774.0,4703.0,4719.8501,318406.0
2019-05-30 09:15:00,NSE:ULTRACEMCO,4719.0,4771.0,4707.0498,4758.8999,767519.0
2019-05-31 09:15:00,NSE:ULTRACEMCO,4768.0,4777.0,4660.0,4760.1001,577772.0
2019-06-03 09:15:00,NSE:ULTRACEMCO,4780.0,4792.7002,4730.0498,4762.2998,641635.0
2019-06-04 09:15:00,NSE:ULTRACEMCO,4762.2998,4782.0,4675.1499,4692.0,529891.0
2019-06-06 09:15:00,NSE:ULTRACEMCO,4692.5,4698.8501,4534.0,4571.2002,761710.0
2019-06-07 09:15:00,NSE:ULTRACEMCO,4559.0,4649.0,4541.0498,4572.8501,491364.0
2019-06-10 09:15:00,NSE:ULTRACEMCO,4584.7002,4620.1001,4561.1001,4597.8501,436601.0
2019-06-11 09:15:00,NSE:ULTRACEMCO,4628.0,4628.0,4576.2998,4584.75,270476.0
2019-06-12 09:15:00,NSE:ULTRACEMCO,4575.0,4596.0,4536.0,4569.1001,216496.0
2019-06-13 09:15:00,NSE:ULTRACEMCO,4565.0,4579.4502,4543.1001,4570.2002,265302.0
2019-06-14 09:15:00,NSE:ULTRACEMCO,4559.0,4574.8999,4480.0,4501.75,296894.0
2019-06-17 09:15:00,NSE:ULTRACEMCO,4518.0,4518.0,4433.5,4455.2998,282285.0
2019-06-18 09:15:00,NSE:ULTRACEMCO,4437.25,4536.0,4437.0498,4511.4502,259249.0
2019-06-19 09:15:00,NSE:ULTRACEMCO,4537.7002,4560.0,4432.8999,4485.0,314850.0
2019-06-20 09:15:00,NSE:ULTRACEMCO,4499.0,4589.8501,4425.0,4576.0498,462920.0
2019-06-21 09:15:00,NSE:ULTRACEMCO,4576.0,4646.8999,4556.0,4595.1499,643439.0
2019-06-24 09:15:00,NSE:ULTRACEMCO,4555.5,4640.2998,4543.4502,4574.7998,228331.0
2019-06-25 09:15:00,NSE:ULTRACEMCO,4570.0,4627.0,4537.0,4596.0498,332939.0
2019-06-26 09:15:00,NSE:ULTRACEMCO,4585.2002,4634.0,4581.0498,4597.3999,444326.0
2019-06-27 09:15:00,NSE:ULTRACEMCO,4605.0,4656.8999,4575.0,4599.1499,725123.0
2019-06-28 09:15:00,NSE:ULTRACEMCO,4610.0,4624.9502,4531.0,4555.8501,268574.0
2019-07-01 09:15:00,NSE:ULTRACEMCO,4569.7998,4575.0,4490.0,4526.6499,262438.0
2019-07-02 09:15:00,NSE:ULTRACEMCO,4540.0,4554.6499,4492.2998,4544.1001,243150.0
2019-07-03 09:15:00,NSE:ULTRACEMCO,4549.9502,4579.9502,4540.2002,4561.1499,162479.0
2019-07-04 09:15:00,NSE:ULTRACEMCO,4567.7998,4664.0,4567.75,4645.3501,407225.0
2019-07-05 09:15:00,NSE:ULTRACEMCO,4645.3501,4707.0,4498.1499,4522.0498,671481.0
2019-07-08 09:15:00,NSE:ULTRACEMCO,4524.0,4524.0,4344.3501,4392.3501,326512.0
2019-07-09 09:15:00,NSE:ULTRACEMCO,4392.0,4544.8501,4351.6001,4498.7002,376199.0
2019-07-10 09:15:00,NSE:ULTRACEMCO,4476.0,4529.0,4431.6499,4480.7002,315481.0
2019-07-11 09:15:00,NSE:ULTRACEMCO,4492.1001,4558.0,4470.8501,4539.1001,295305.0
2019-07-12 09:15:00,NSE:ULTRACEMCO,4543.7998,4618.8999,4520.1001,4565.8501,483370.0
2019-07-15 09:15:00,NSE:ULTRACEMCO,4576.0,4605.0,4532.2998,4597.0,274936.0
2019-07-16 09:15:00,NSE:ULTRACEMCO,4590.1001,4615.0,4568.75,4600.8999,220077.0
2019-07-17 09:15:00,NSE:ULTRACEMCO,4600.8999,4622.5498,4590.8999,4608.9502,300052.0
2019-07-18 09:15:00,NSE:ULTRACEMCO,4612.2998,4621.0,4575.0,4601.75,233821.0
2019-07-19 09:15:00,NSE:ULTRACEMCO,4655.0,4710.0,4490.1499,4522.9502,913097.0
2019-07-22 09:15:00,NSE:ULTRACEMCO,4523.1001,4600.8501,4450.1499,4584.1001,286422.0
2019-07-23 09:15:00,NSE:ULTRACEMCO,4584.1001,4619.8999,4521.5,4539.4502,321238.0
2019-07-24 09:15:00,NSE:ULTRACEMCO,4549.0,4553.4502,4430.0498,4442.8501,225538.0
2019-07-25 09:15:00,NSE:ULTRACEMCO,4460.0,4534.0,4442.8501,4460.1001,403568.0
2019-07-26 09:15:00,NSE:ULTRACEMCO,4477.0,4527.0,4425.0498,4500.5498,225799.0
2019-07-29 09:15:00,NSE:ULTRACEMCO,4499.0,4529.0,4347.5,4368.9502,381801.0
2019-07-30 09:15:00,NSE:ULTRACEMCO,4351.0,4407.0,4301.0,4317.5498,379920.0
2019-07-31 09:15:00,NSE:ULTRACEMCO,4296.8999,4362.0498,4211.0,4346.8999,688261.0
2019-08-01 09:15:00,NSE:ULTRACEMCO,4296.3501,4334.7002,4180.0,4231.7002,384975.0
2019-08-02 09:15:00,NSE:ULTRACEMCO,4212.8999,4373.8999,4183.3501,4299.0498,470125.0
2019-08-05 09:15:00,NSE:ULTRACEMCO,4281.2998,4316.6499,4185.5,4246.2002,315872.0
2019-08-06 09:15:00,NSE:ULTRACEMCO,4208.1001,4369.0,4205.0,4357.0,412597.0
2019-08-07 09:15:00,NSE:ULTRACEMCO,4348.8999,4423.2998,4321.2002,4341.6499,714639.0
2019-08-08 09:15:00,NSE:ULTRACEMCO,4374.8501,4404.0,4127.8999,4233.1499,1442600.0
2019-08-09 09:15:00,NSE:ULTRACEMCO,4351.0,4383.7002,4240.7002,4281.3501,1030872.0
2019-08-13 09:15:00,NSE:ULTRACEMCO,4284.7998,4285.2998,4160.5498,4181.1499,413182.0
2019-08-14 09:15:00,NSE:ULTRACEMCO,4195.0,4300.0,4195.0,4225.8999,578309.0
2019-08-16 09:15:00,NSE:ULTRACEMCO,4226.0,4244.3501,4198.0,4208.0,508138.0
2019-08-19 09:15:00,NSE:ULTRACEMCO,4225.0,4269.0,4142.3999,4158.1499,399066.0
2019-08-20 09:15:00,NSE:ULTRACEMCO,4176.0,4177.3999,4023.0,4033.05,725830.0
2019-08-21 09:15:00,NSE:ULTRACEMCO,4036.0,4074.05,3898.0,3921.3999,828459.0
2019-08-22 09:15:00,NSE:ULTRACEMCO,3903.75,3943.3,3817.1001,3838.1499,673651.0
2019-08-23 09:15:00,NSE:ULTRACEMCO,3838.0,3899.3999,3791.1001,3861.8,783702.0
2019-08-26 09:15:00,NSE:ULTRACEMCO,3920.0,4060.0,3831.0,4038.3999,989976.0
2019-08-27 09:15:00,NSE:ULTRACEMCO,4118.0,4242.9502,4066.1001,4135.7002,1555781.0
2019-08-28 09:15:00,NSE:ULTRACEMCO,4135.7002,4184.9502,4086.05,4119.7998,547969.0
2019-08-29 09:15:00,NSE:ULTRACEMCO,4105.0,4147.9502,4045.5,4073.8999,478219.0
2019-08-30 09:15:00,NSE:ULTRACEMCO,4095.0,4118.0,4016.05,4052.25,580571.0
2019-09-03 09:15:00,NSE:ULTRACEMCO,3990.25,4013.6001,3851.0,3885.55,673895.0
2019-09-04 09:15:00,NSE:ULTRACEMCO,3898.0,3910.6499,3832.0,3876.5,551384.0
2019-09-05 09:15:00,NSE:ULTRACEMCO,3899.0,3927.45,3872.5,3888.8,381459.0
2019-09-06 09:15:00,NSE:ULTRACEMCO,3905.0,3972.0,3883.1001,3907.55,497704.0
2019-09-09 09:15:00,NSE:ULTRACEMCO,3914.6001,3960.0,3888.55,3905.6001,478027.0
2019-09-11 09:15:00,NSE:ULTRACEMCO,3939.95,3944.0,3892.0,3903.3999,690633.0
2019-09-12 09:15:00,NSE:ULTRACEMCO,3920.0,4035.8999,3916.6001,4002.05,844400.0
2019-09-13 09:15:00,NSE:ULTRACEMCO,4004.95,4047.25,3934.0,4031.1499,628375.0
2019-09-16 09:15:00,NSE:ULTRACEMCO,4019.7,4056.0,3975.0,3992.8501,424731.0
2019-09-17 09:15:00,NSE:ULTRACEMCO,3961.0,3975.0,3881.05,3900.3999,708722.0
2019-09-18 09:15:00,NSE:ULTRACEMCO,3910.1001,3937.95,3885.05,3902.8,285674.0
2019-09-19 09:15:00,NSE:ULTRACEMCO,3910.0,3928.3999,3838.0,3866.3,277903.0
2019-09-20 09:15:00,NSE:ULTRACEMCO,3860.0,4323.9502,3852.6499,4269.6499,1753403.0
2019-09-23 09:15:00,NSE:ULTRACEMCO,4360.0,4447.8501,4319.8999,4391.1001,975156.0
2019-09-24 09:15:00,NSE:ULTRACEMCO,4400.0,4410.0,4295.1001,4318.0,448502.0
2019-09-25 09:15:00,NSE:ULTRACEMCO,4301.0498,4340.0,4254.7002,4277.8501,488035.0
2019-09-26 09:15:00,NSE:ULTRACEMCO,4285.0,4420.0,4285.0,4395.6001,675169.0
2019-09-27 09:15:00,NSE:ULTRACEMCO,4335.1001,4419.6499,4335.1001,4395.1499,371737.0
2019-09-30 09:15:00,NSE:ULTRACEMCO,4383.6001,4390.0498,4287.0498,4341.25,477396.0
2019-10-01 09:15:00,NSE:ULTRACEMCO,4368.0,4410.0,4155.0,4212.6001,362440.0
2019-10-03 09:15:00,NSE:ULTRACEMCO,4219.0,4219.0,4114.0,4146.7998,321369.0
2019-10-04 09:15:00,NSE:ULTRACEMCO,4173.2002,4183.2998,3967.0,3979.55,476329.0
2019-10-07 09:15:00,NSE:ULTRACEMCO,3999.0,4008.8,3853.0,3870.3999,413509.0
2019-10-09 09:15:00,NSE:ULTRACEMCO,3868.0,4061.0,3868.0,4043.55,802345.0
2019-10-10 09:15:00,NSE:ULTRACEMCO,4047.5,4080.0,3947.05,3976.3,390651.0
2019-10-11 09:15:00,NSE:ULTRACEMCO,3986.0,4099.8999,3965.0,4077.2,624956.0
2019-10-14 09:15:00,NSE:ULTRACEMCO,4075.0,4207.1001,4051.55,4170.2998,467406.0
2019-10-15 09:15:00,NSE:ULTRACEMCO,4194.8999,4219.2002,4141.5498,4206.5,349808.0
2019-10-16 09:15:00,NSE:ULTRACEMCO,4232.7998,4298.0,4226.5498,4285.2998,323562.0
2019-10-17 09:15:00,NSE:ULTRACEMCO,4271.0,4280.0,4221.0498,4260.4502,335206.0
2019-10-18 09:15:00,NSE:ULTRACEMCO,4268.7002,4363.0,4255.6499,4295.2998,539285.0
2019-10-22 09:15:00,NSE:ULTRACEMCO,4295.0,4409.8999,4217.0,4249.2998,999349.0
2019-10-23 09:15:00,NSE:ULTRACEMCO,4275.8501,4299.0,4212.0,4251.2998,432380.0
2019-10-24 09:15:00,NSE:ULTRACEMCO,4265.0,4330.0,4243.75,4311.5498,884456.0
2019-10-25 09:15:00,NSE:ULTRACEMCO,4293.7998,4306.7998,4172.0,4189.8999,643634.0
2019-10-29 09:15:00,NSE:ULTRACEMCO,4219.7002,4219.7002,4081.0,4117.7002,775239.0
2019-10-30 09:15:00,NSE:ULTRACEMCO,4170.0,4206.9502,4101.25,4122.7002,616338.0
2019-10-31 09:15:00,NSE:ULTRACEMCO,4122.7002,4166.0,4091.3999,4143.2002,763791.0
2019-11-01 09:15:00,NSE:ULTRACEMCO,4143.0,4178.7998,4131.75,4162.75,255083.0
2019-11-04 09:15:00,NSE:ULTRACEMCO,4172.0,4296.7002,4172.0,4238.7002,875545.0
2019-11-05 09:15:00,NSE:ULTRACEMCO,4250.0,4250.0,4134.3501,4147.3999,386308.0
2019-11-06 09:15:00,NSE:ULTRACEMCO,4160.0,4176.8999,4116.0498,4135.6499,417808.0
2019-11-07 09:15:00,NSE:ULTRACEMCO,4160.0,4235.25,4160.0,4187.3999,615076.0
2019-11-08 09:15:00,NSE:ULTRACEMCO,4170.0,4194.8501,4126.25,4147.25,371096.0
2019-11-11 09:15:00,NSE:ULTRACEMCO,4133.0,4180.0,4108.0,4137.0498,275634.0
2019-11-13 09:15:00,NSE:ULTRACEMCO,4137.0498,4172.3999,4105.1001,4115.6001,519389.0
2019-11-14 09:15:00,NSE:ULTRACEMCO,4130.0,4132.0,3993.1001,4003.3999,573058.0
2019-11-15 09:15:00,NSE:ULTRACEMCO,4043.8501,4094.0,4015.0,4077.3999,621773.0
2019-11-18 09:15:00,NSE:ULTRACEMCO,4075.8999,4145.2998,4070.05,4126.3501,498006.0
2019-11-19 09:15:00,NSE:ULTRACEMCO,4130.0,4130.0,4085.25,4100.1499,561897.0
2019-11-20 09:15:00,NSE:ULTRACEMCO,4098.0,4130.0,4075.0,4114.0498,836453.0
2019-11-21 09:15:00,NSE:ULTRACEMCO,4110.0,4110.0,4064.0,4077.25,213325.0
2019-11-22 09:15:00,NSE:ULTRACEMCO,4084.8,4097.8501,4030.05,4081.1499,222219.0
2019-11-25 09:15:00,NSE:ULTRACEMCO,4118.0,4129.0,4095.05,4113.4502,413582.0
2019-11-26 09:15:00,NSE:ULTRACEMCO,4115.4502,4149.8501,4088.8999,4112.8501,674879.0
2019-11-27 09:15:00,NSE:ULTRACEMCO,4123.6499,4250.0,4123.6499,4234.6499,640193.0
2019-11-28 09:15:00,NSE:ULTRACEMCO,4249.9502,4300.0,4208.2002,4294.7002,782062.0
2019-11-29 09:15:00,NSE:ULTRACEMCO,4301.6001,4337.5,4239.75,4259.1001,463936.0
2019-12-02 09:15:00,NSE:ULTRACEMCO,4270.0,4320.0,4255.0,4276.25,467324.0
2019-12-03 09:15:00,NSE:ULTRACEMCO,4288.8999,4296.0,4171.7002,4211.7002,312478.0
2019-12-04 09:15:00,NSE:ULTRACEMCO,4210.0,4232.25,4164.0498,4197.1499,271645.0
2019-12-05 09:15:00,NSE:ULTRACEMCO,4202.1499,4270.0,4146.3501,4160.9502,483794.0
2019-12-06 09:15:00,NSE:ULTRACEMCO,4180.0,4196.2002,4124.2002,4157.8501,227870.0
2019-12-09 09:15:00,NSE:ULTRACEMCO,4173.7998,4192.0,4121.0,4151.4502,234928.0
2019-12-10 09:15:00,NSE:ULTRACEMCO,4160.0,4165.25,4031.2,4038.6499,550870.0
2019-12-11 09:15:00,NSE:ULTRACEMCO,4051.0,4064.0,3970.0,4001.1499,474277.0
2019-12-12 09:15:00,NSE:ULTRACEMCO,4012.2,4033.8501,3983.3,3992.1001,398279.0
2019-12-13 09:15:00,NSE:ULTRACEMCO,4034.0,4091.5,3999.5,4082.6001,548283.0
2019-12-16 09:15:00,NSE:ULTRACEMCO,4082.0,4084.95,4032.0,4061.25,509129.0
2019-12-17 09:15:00,NSE:ULTRACEMCO,4062.2,4145.0,4053.8501,4119.5498,447766.0
2019-12-18 09:15:00,NSE:ULTRACEMCO,4113.2998,4119.9502,4050.5,4065.3999,819336.0
2019-12-19 09:15:00,NSE:ULTRACEMCO,4050.0,4083.6001,4024.0,4037.8501,375655.0
2019-12-20 09:15:00,NSE:ULTRACEMCO,4035.0,4146.75,4025.0,4120.4502,1567317.0
2019-12-23 09:15:00,NSE:ULTRACEMCO,4115.0,4168.0,4068.2,4081.8999,457733.0
2019-12-24 09:15:00,NSE:ULTRACEMCO,4115.0,4123.0,4073.55,4097.3501,231713.0
2019-12-26 09:15:00,NSE:ULTRACEMCO,4097.0,4125.0,4048.75,4062.75,362984.0
2019-12-27 09:15:00,NSE:ULTRACEMCO,4087.0,4092.0,4045.0,4055.6001,417948.0
2019-12-30 09:15:00,NSE:ULTRACEMCO,4073.8999,4090.0,4043.55,4051.95,326955.0
2019-12-31 09:15:00,NSE:ULTRACEMCO,4051.95,4072.0,4030.0,4046.05,276631.0
2020-01-01 09:15:00,NSE:ULTRACEMCO,4060.0,4071.95,4045.0,4065.0,163949.0
2020-01-02 09:15:00,NSE:ULTRACEMCO,4069.8999,4256.2998,4068.1499,4244.7998,1458328.0
2020-01-03 09:15:00,NSE:ULTRACEMCO,4237.0,4258.0,4185.8501,4219.2002,635983.0
2020-01-06 09:15:00,NSE:ULTRACEMCO,4191.0,4199.75,4131.0,4157.1001,462841.0
2020-01-07 09:15:00,NSE:ULTRACEMCO,4199.5498,4254.0,4164.0498,4242.1001,524372.0
2020-01-08 09:15:00,NSE:ULTRACEMCO,4224.8501,4332.0,4183.7998,4318.9502,1032268.0
2020-01-09 09:15:00,NSE:ULTRACEMCO,4337.0,4400.0,4331.6001,4388.0,698429.0
2020-01-10 09:15:00,NSE:ULTRACEMCO,4388.1001,4464.0498,4366.8999,4444.6001,735887.0
2020-01-13 09:15:00,NSE:ULTRACEMCO,4457.5498,4492.0,4450.0498,4468.7002,403937.0
2020-01-14 09:15:00,NSE:ULTRACEMCO,4465.0,4502.9502,4422.7002,4483.2998,438651.0
2020-01-15 09:15:00,NSE:ULTRACEMCO,4451.0498,4525.25,4410.0,4506.5,416924.0
2020-01-16 09:15:00,NSE:ULTRACEMCO,4520.0,4554.8999,4433.25,4472.3501,467980.0
2020-01-17 09:15:00,NSE:ULTRACEMCO,4440.0,4522.3999,4411.2998,4486.75,360682.0
2020-01-20 09:15:00,NSE:ULTRACEMCO,4500.0,4509.4502,4452.0,4467.6499,204026.0
2020-01-21 09:15:00,NSE:ULTRACEMCO,4455.0,4520.0,4440.0,4483.5498,283173.0
2020-01-22 09:15:00,NSE:ULTRACEMCO,4505.0,4540.0,4463.0,4476.9502,359444.0
2020-01-23 09:15:00,NSE:ULTRACEMCO,4470.0,4540.0,4446.0498,4526.3999,401079.0
2020-01-24 09:15:00,NSE:ULTRACEMCO,4554.0,4679.7002,4452.6499,4642.75,2127667.0
2020-01-27 09:15:00,NSE:ULTRACEMCO,4624.8999,4754.1001,4622.0,4676.9502,1058884.0
2020-01-28 09:15:00,NSE:ULTRACEMCO,4670.0,4715.7998,4584.5,4609.0498,711517.0
2020-01-29 09:15:00,NSE:ULTRACEMCO,4625.0,4653.5,4559.5,4568.2002,595287.0
2020-01-30 09:15:00,NSE:ULTRACEMCO,4569.0,4588.5,4464.1499,4486.0,422335.0
2020-01-31 09:15:00,NSE:ULTRACEMCO,4502.2998,4507.2998,4405.0,4416.1001,451630.0
2020-02-01 09:15:00,NSE:ULTRACEMCO,4422.0,4538.8999,4194.7002,4265.25,735487.0
2020-02-03 09:15:00,NSE:ULTRACEMCO,4265.0,4386.8501,4236.1499,4370.6499,537373.0
2020-02-04 09:15:00,NSE:ULTRACEMCO,4394.9502,4498.8501,4379.0498,4474.25,387466.0
2020-02-05 09:15:00,NSE:ULTRACEMCO,4477.0,4528.6001,4397.6001,4471.7998,521783.0
2020-02-06 09:15:00,NSE:ULTRACEMCO,4480.0,4519.0498,4442.0,4464.8999,385744.0
2020-02-07 09:15:00,NSE:ULTRACEMCO,4476.3999,4547.0,4449.6499,4471.7998,547874.0
2020-02-10 09:15:00,NSE:ULTRACEMCO,4487.0,4492.6001,4390.75,4413.75,271700.0
2020-02-11 09:15:00,NSE:ULTRACEMCO,4447.7002,4519.5,4433.0,4466.4502,296451.0
2020-02-12 09:15:00,NSE:ULTRACEMCO,4492.7002,4492.7002,4439.9502,4453.75,323821.0
2020-02-13 09:15:00,NSE:ULTRACEMCO,4439.9502,4473.1499,4415.0,4450.5,186493.0
2020-02-14 09:15:00,NSE:ULTRACEMCO,4469.0,4538.9502,4393.0498,4434.3501,665316.0
2020-02-17 09:15:00,NSE:ULTRACEMCO,4443.8999,4465.0,4401.1001,4449.8501,354909.0
2020-02-18 09:15:00,NSE:ULTRACEMCO,4433.6001,4488.2002,4370.1001,4475.7002,510062.0
2020-02-19 09:15:00,NSE:ULTRACEMCO,4494.0,4530.0,4455.0,4473.1001,384898.0
2020-02-20 09:15:00,NSE:ULTRACEMCO,4450.0,4508.0,4420.0,4428.1001,414088.0
2020-02-24 09:15:00,NSE:ULTRACEMCO,4415.0,4455.0,4320.0,4395.0,383261.0
2020-02-25 09:15:00,NSE:ULTRACEMCO,4397.5,4400.0,4330.75,4344.0,402233.0
2020-02-26 09:15:00,NSE:ULTRACEMCO,4320.25,4423.8999,4286.0498,4341.5,642946.0
2020-02-27 09:15:00,NSE:ULTRACEMCO,4332.5498,4365.0498,4275.3501,4321.6499,369157.0
2020-02-28 09:15:00,NSE:ULTRACEMCO,4270.0,4304.1499,4200.0,4219.6001,524557.0
2020-03-02 09:15:00,NSE:ULTRACEMCO,4255.0,4316.2998,4078.55,4141.7002,378937.0
2020-03-03 09:15:00,NSE:ULTRACEMCO,4179.8999,4329.0,4157.5498,4299.8999,606056.0
2020-03-04 09:15:00,NSE:ULTRACEMCO,4310.0498,4325.0,4117.0,4172.7998,750952.0
2020-03-05 09:15:00,NSE:ULTRACEMCO,4182.0498,4230.0,4151.6001,4205.5498,450539.0
2020-03-06 09:15:00,NSE:ULTRACEMCO,4092.6001,4193.2998,4010.0,4167.8501,585749.0
2020-03-09 09:15:00,NSE:ULTRACEMCO,4070.0,4164.5498,3995.0,4097.3501,588288.0
2020-03-11 09:15:00,NSE:ULTRACEMCO,4070.0,4111.8501,3962.7,3993.3999,776064.0
2020-03-12 09:15:00,NSE:ULTRACEMCO,3890.0,3890.0,3612.5,3663.5,992102.0
2020-03-13 09:15:00,NSE:ULTRACEMCO,3470.3,4011.5,3114.0,3788.8999,1378943.0
2020-03-16 09:15:00,NSE:ULTRACEMCO,3650.0,3660.0,3405.0,3518.05,975878.0
2020-03-17 09:15:00,NSE:ULTRACEMCO,3520.0,3575.0,3454.7,3470.45,563725.0
2020-03-18 09:15:00,NSE:ULTRACEMCO,3537.8999,3537.8999,3270.5,3303.55,790527.0
2020-03-19 09:15:00,NSE:ULTRACEMCO,3139.0,3389.75,2955.6001,3166.05,790263.0
2020-03-20 09:15:00,NSE:ULTRACEMCO,3185.0,3656.8,3140.3501,3573.8501,826169.0
2020-03-23 09:15:00,NSE:ULTRACEMCO,3220.0,3290.3999,3037.8,3054.8501,883620.0
2020-03-24 09:15:00,NSE:ULTRACEMCO,3100.0,3237.2,2967.45,3018.1001,1105711.0
2020-03-25 09:15:00,NSE:ULTRACEMCO,2968.2,3290.0,2910.0,3228.6001,874546.0
2020-03-26 09:15:00,NSE:ULTRACEMCO,3230.0,3385.0,3153.6001,3229.1499,931742.0
2020-03-27 09:15:00,NSE:ULTRACEMCO,3390.0,3390.0,3102.3999,3143.6001,471397.0
2020-03-30 09:15:00,NSE:ULTRACEMCO,3116.0,3150.0,3070.0,3085.8999,507698.0
2020-03-31 09:15:00,NSE:ULTRACEMCO,3140.0,3279.05,3100.0,3244.8501,637366.0
2020-04-01 09:15:00,NSE:ULTRACEMCO,3245.0,3259.95,3105.25,3140.6499,390613.0
2020-04-03 09:15:00,NSE:ULTRACEMCO,3189.0,3191.0,3025.0,3041.6001,406173.0
2020-04-07 09:15:00,NSE:ULTRACEMCO,3184.95,3345.75,3080.25,3279.5,646709.0
2020-04-08 09:15:00,NSE:ULTRACEMCO,3241.0,3384.8501,3197.25,3256.45,647503.0
2020-04-09 09:15:00,NSE:ULTRACEMCO,3301.0,3389.8,3258.5,3366.05,501496.0
2020-04-13 09:15:00,NSE:ULTRACEMCO,3347.1001,3631.25,3290.6001,3466.1001,1107263.0
2020-04-15 09:15:00,NSE:ULTRACEMCO,3560.0,3674.0,3531.5,3600.1499,1239945.0
2020-04-16 09:15:00,NSE:ULTRACEMCO,3550.0,3565.7,3475.1499,3539.1001,617281.0
2020-04-17 09:15:00,NSE:ULTRACEMCO,3654.0,3664.3999,3510.8501,3534.05,775287.0
2020-04-20 09:15:00,NSE:ULTRACEMCO,3570.0,3570.0,3490.05,3516.55,391192.0
2020-04-21 09:15:00,NSE:ULTRACEMCO,3469.0,3470.0,3376.05,3403.25,533462.0
2020-04-22 09:15:00,NSE:ULTRACEMCO,3421.0,3457.6499,3376.0,3441.1499,944453.0
2020-04-23 09:15:00,NSE:ULTRACEMCO,3435.0,3470.0,3406.0,3442.2,977203.0
2020-04-24 09:15:00,NSE:ULTRACEMCO,3410.0,3440.0,3292.8,3307.95,624104.0
2020-04-27 09:15:00,NSE:ULTRACEMCO,3336.0,3370.0,3316.3501,3360.6499,444246.0
2020-04-28 09:15:00,NSE:ULTRACEMCO,3412.0,3431.0,3365.5,3394.0,767800.0
2020-04-29 09:15:00,NSE:ULTRACEMCO,3360.1001,3453.8,3360.1001,3434.3501,393834.0
2020-04-30 09:15:00,NSE:ULTRACEMCO,3470.0,3565.95,3446.1499,3534.3,854108.0
2020-05-04 09:15:00,NSE:ULTRACEMCO,3431.0,3461.7,3326.05,3347.6001,519186.0
2020-05-05 09:15:00,NSE:ULTRACEMCO,3395.0,3395.0,3274.0,3284.3501,387071.0
2020-05-06 09:15:00,NSE:ULTRACEMCO,3300.0,3389.5,3247.1499,3324.3999,374625.0
2020-05-07 09:15:00,NSE:ULTRACEMCO,3323.95,3378.0,3231.0,3252.8501,473677.0
2020-05-08 09:15:00,NSE:ULTRACEMCO,3294.0,3325.0,3271.05,3305.8,421623.0
2020-05-11 09:15:00,NSE:ULTRACEMCO,3355.0,3450.0,3330.1001,3360.75,483889.0
2020-05-12 09:15:00,NSE:ULTRACEMCO,3344.0,3405.5,3275.55,3349.3501,557262.0
2020-05-13 09:15:00,NSE:ULTRACEMCO,3450.0,3580.0,3450.0,3546.7,1225498.0
2020-05-14 09:15:00,NSE:ULTRACEMCO,3512.0,3633.8,3491.0,3609.5,974743.0
2020-05-15 09:15:00,NSE:ULTRACEMCO,3629.0,3629.0,3547.8501,3583.1499,645207.0
2020-05-18 09:15:00,NSE:ULTRACEMCO,3584.3999,3588.8501,3281.1001,3307.8,817697.0
2020-05-19 09:15:00,NSE:ULTRACEMCO,3370.0,3493.0,3335.25,3438.1499,1012173.0
2020-05-20 09:15:00,NSE:ULTRACEMCO,3449.95,3599.8501,3435.0,3528.5,1042217.0
2020-05-21 09:15:00,NSE:ULTRACEMCO,3588.0,3590.0,3496.3501,3571.5,710536.0
2020-05-22 09:15:00,NSE:ULTRACEMCO,3550.0,3668.0,3530.0,3638.95,1021158.0
2020-05-26 09:15:00,NSE:ULTRACEMCO,3665.0,3847.0,3657.3999,3786.0,1409108.0
2020-05-27 09:15:00,NSE:ULTRACEMCO,3801.0,3808.0,3691.0,3727.3999,826875.0
2020-05-28 09:15:00,NSE:ULTRACEMCO,3729.0,3820.0,3716.05,3809.2,603416.0
2020-05-29 09:15:00,NSE:ULTRACEMCO,3809.0,3940.0,3794.8501,3904.8501,1947052.0
2020-06-01 09:15:00,NSE:ULTRACEMCO,3905.0,3955.0,3801.0,3815.7,742238.0
2020-06-02 09:15:00,NSE:ULTRACEMCO,3837.0,3854.0,3770.0,3834.25,734563.0
2020-06-03 09:15:00,NSE:ULTRACEMCO,3889.95,3920.0,3844.05,3855.8999,493711.0
2020-06-04 09:15:00,NSE:ULTRACEMCO,3831.0,3870.6499,3731.55,3803.8999,807841.0
2020-06-05 09:15:00,NSE:ULTRACEMCO,3812.0,3928.5,3805.0,3869.55,697747.0
2020-06-08 09:15:00,NSE:ULTRACEMCO,3910.0,3910.0,3761.7,3778.2,547499.0
2020-06-09 09:15:00,NSE:ULTRACEMCO,3805.0,3834.8999,3754.8,3791.3501,478720.0
2020-06-10 09:15:00,NSE:ULTRACEMCO,3825.0,3864.8501,3780.0,3792.45,475926.0
2020-06-11 09:15:00,NSE:ULTRACEMCO,3789.8999,3819.95,3688.0,3704.8999,475582.0
2020-06-12 09:15:00,NSE:ULTRACEMCO,3600.0,3805.0,3600.0,3788.55,592692.0
2020-06-15 09:15:00,NSE:ULTRACEMCO,3726.45,3768.6499,3688.0,3744.8,440266.0
2020-06-16 09:15:00,NSE:ULTRACEMCO,3785.0,3830.3,3734.3999,3779.95,622735.0
2020-06-17 09:15:00,NSE:ULTRACEMCO,3760.0,3845.0,3712.0,3809.2,430612.0
2020-06-18 09:15:00,NSE:ULTRACEMCO,3799.7,3882.0,3777.0,3844.25,348706.0
2020-06-19 09:15:00,NSE:ULTRACEMCO,3859.25,3904.45,3813.1001,3836.3501,556285.0
2020-06-22 09:15:00,NSE:ULTRACEMCO,3836.3501,3847.45,3790.6499,3825.25,329145.0
2020-06-23 09:15:00,NSE:ULTRACEMCO,3847.0,3954.0,3833.6499,3942.8,563658.0
2020-06-24 09:15:00,NSE:ULTRACEMCO,3982.8,4016.0,3806.45,3821.6001,501886.0
2020-06-25 09:15:00,NSE:ULTRACEMCO,3814.8,3875.0,3781.75,3802.3501,395771.0
2020-06-26 09:15:00,NSE:ULTRACEMCO,3835.0,3874.0,3780.0,3860.6001,373568.0
2020-06-29 09:15:00,NSE:ULTRACEMCO,3839.95,3840.0,3757.0,3807.0,692124.0
2020-06-30 09:15:00,NSE:ULTRACEMCO,3822.0,3904.3501,3822.0,3893.55,494113.0
2020-07-01 09:15:00,NSE:ULTRACEMCO,3888.0,3933.95,3862.1001,3898.6001,331198.0
2020-07-02 09:15:00,NSE:ULTRACEMCO,3911.0,3947.0,3882.0,3914.95,294329.0
2020-07-03 09:15:00,NSE:ULTRACEMCO,3926.0,3960.0,3875.0,3889.6001,257664.0
2020-07-06 09:15:00,NSE:ULTRACEMCO,3920.0,3944.7,3904.5,3930.8999,254346.0
2020-07-07 09:15:00,NSE:ULTRACEMCO,3940.0,3947.8501,3826.5,3862.0,452430.0
2020-07-08 09:15:00,NSE:ULTRACEMCO,3884.95,3884.95,3776.8,3786.6499,635619.0
2020-07-09 09:15:00,NSE:ULTRACEMCO,3802.0,3858.75,3767.05,3843.45,524030.0
2020-07-10 09:15:00,NSE:ULTRACEMCO,3835.05,3844.7,3783.0,3798.5,336838.0
2020-07-13 09:15:00,NSE:ULTRACEMCO,3820.0,3837.8,3778.0,3787.8999,302967.0
2020-07-14 09:15:00,NSE:ULTRACEMCO,3784.8,3820.8,3744.0,3770.8999,351720.0
2020-07-15 09:15:00,NSE:ULTRACEMCO,3782.2,3829.95,3772.0,3820.6499,274207.0
2020-07-16 09:15:00,NSE:ULTRACEMCO,3824.95,3834.0,3735.0,3816.25,412522.0
2020-07-17 09:15:00,NSE:ULTRACEMCO,3820.0,3869.0,3812.2,3862.8501,237486.0
2020-07-20 09:15:00,NSE:ULTRACEMCO,3863.1001,3890.0,3826.95,3865.1001,277775.0
2020-07-21 09:15:00,NSE:ULTRACEMCO,3899.0,3955.0,3850.0,3863.3,614204.0
2020-07-22 09:15:00,NSE:ULTRACEMCO,3880.0,3905.0,3837.8999,3862.6499,433237.0
2020-07-23 09:15:00,NSE:ULTRACEMCO,3862.6499,3890.0,3826.05,3837.8999,264268.0
2020-07-24 09:15:00,NSE:ULTRACEMCO,3839.0,3839.05,3735.3501,3782.5,594689.0
2020-07-27 09:15:00,NSE:ULTRACEMCO,3790.1001,3901.0,3781.0,3860.1001,499750.0
2020-07-28 09:15:00,NSE:ULTRACEMCO,3877.0,4213.0,3862.1499,4136.3501,2492216.0
2020-07-29 09:15:00,NSE:ULTRACEMCO,4169.8999,4287.3501,4155.0,4180.9502,1777726.0
2020-07-30 09:15:00,NSE:ULTRACEMCO,4199.9502,4219.75,4128.5498,4155.5498,595249.0
2020-07-31 09:15:00,NSE:ULTRACEMCO,4159.9502,4209.0,4092.5,4117.2998,413669.0
2020-08-03 09:15:00,NSE:ULTRACEMCO,4139.0,4155.0,4027.6001,4045.55,490182.0
2020-08-04 09:15:00,NSE:ULTRACEMCO,4050.55,4074.0,3984.1499,4004.3,600944.0
2020-08-05 09:15:00,NSE:ULTRACEMCO,4034.8,4110.0,4015.0,4041.05,569833.0
2020-08-06 09:15:00,NSE:ULTRACEMCO,4068.8999,4083.75,4001.05,4028.3501,378473.0
2020-08-07 09:15:00,NSE:ULTRACEMCO,4026.0,4072.0,3982.45,4004.25,348651.0
2020-08-10 09:15:00,NSE:ULTRACEMCO,4048.0,4048.0,3961.0,3968.3501,590904.0
2020-08-11 09:15:00,NSE:ULTRACEMCO,3994.0,4077.3,3961.0,3968.75,823633.0
2020-08-12 09:15:00,NSE:ULTRACEMCO,3973.45,4014.1499,3926.0,3999.6499,466155.0
2020-08-13 09:15:00,NSE:ULTRACEMCO,4024.8999,4075.0,4007.1001,4047.3,545546.0
2020-08-14 09:15:00,NSE:ULTRACEMCO,4045.0,4090.8999,3965.3501,4010.1001,661653.0
2020-08-17 09:15:00,NSE:ULTRACEMCO,4040.0,4049.95,3985.1001,4035.6001,315955.0
2020-08-18 09:15:00,NSE:ULTRACEMCO,4039.0,4180.0,4039.0,4168.9502,1154518.0
2020-08-19 09:15:00,NSE:ULTRACEMCO,4186.0,4216.0,4172.1001,4199.8501,618696.0
2020-08-20 09:15:00,NSE:ULTRACEMCO,4178.9502,4197.3501,4131.3999,4144.25,350931.0
2020-08-21 09:15:00,NSE:ULTRACEMCO,4187.8999,4202.5,4140.1001,4187.7998,490731.0
2020-08-24 09:15:00,NSE:ULTRACEMCO,4216.9502,4224.0,4170.0,4189.6001,379074.0
2020-08-25 09:15:00,NSE:ULTRACEMCO,4191.0,4199.0,4142.0498,4172.3501,373790.0
2020-08-26 09:15:00,NSE:ULTRACEMCO,4170.0,4181.7998,4070.0,4079.6499,574774.0
2020-08-27 09:15:00,NSE:ULTRACEMCO,4096.0,4116.5498,4025.8,4047.1499,458042.0
2020-08-28 09:15:00,NSE:ULTRACEMCO,4062.0,4088.8,4046.0,4062.55,346538.0
2020-08-31 09:15:00,NSE:ULTRACEMCO,4062.55,4086.3,3882.8501,3903.8501,680896.0
2020-09-01 09:15:00,NSE:ULTRACEMCO,3925.0,3968.3,3851.5,3912.6499,528815.0
2020-09-02 09:15:00,NSE:ULTRACEMCO,3897.2,4045.95,3896.1499,3941.7,759445.0
2020-09-03 09:15:00,NSE:ULTRACEMCO,3967.7,3980.0,3928.6499,3949.0,284022.0
2020-09-04 09:15:00,NSE:ULTRACEMCO,3913.25,3931.95,3880.0,3916.1001,438236.0
2020-09-07 09:15:00,NSE:ULTRACEMCO,3925.0,3990.0,3821.0,3848.6499,704103.0
2020-09-08 09:15:00,NSE:ULTRACEMCO,3854.8,3862.5,3812.6499,3823.75,456891.0
2020-09-09 09:15:00,NSE:ULTRACEMCO,3811.0,3861.0,3779.0,3835.6001,332427.0
2020-09-10 09:15:00,NSE:ULTRACEMCO,3837.0,3939.0,3825.0,3915.5,433018.0
2020-09-11 09:15:00,NSE:ULTRACEMCO,3915.5,3944.2,3878.0,3904.1001,348305.0
2020-09-14 09:15:00,NSE:ULTRACEMCO,3899.95,3969.7,3890.0,3914.1001,472618.0
2020-09-15 09:15:00,NSE:ULTRACEMCO,3917.1001,3954.95,3885.1499,3931.45,312780.0
2020-09-16 09:15:00,NSE:ULTRACEMCO,3933.0,3983.8501,3920.05,3974.8999,418072.0
2020-09-17 09:15:00,NSE:ULTRACEMCO,3954.8,4023.3999,3943.5,3968.95,447295.0
2020-09-18 09:15:00,NSE:ULTRACEMCO,3983.8999,4019.3999,3950.0,4002.6001,440400.0
2020-09-21 09:15:00,NSE:ULTRACEMCO,4002.6001,4003.6001,3850.0,3878.8999,389056.0
2020-09-22 09:15:00,NSE:ULTRACEMCO,3879.6499,3944.5,3794.0,3883.1499,508999.0
2020-09-23 09:15:00,NSE:ULTRACEMCO,3900.0,3918.25,3837.05,3869.1499,307971.0
2020-09-24 09:15:00,NSE:ULTRACEMCO,3869.0,3869.1499,3753.8999,3777.8,456086.0
2020-09-25 09:15:00,NSE:ULTRACEMCO,3790.0,3879.8999,3760.05,3858.5,321826.0
2020-09-28 09:15:00,NSE:ULTRACEMCO,3890.0,3950.0,3870.1499,3922.0,248628.0
2020-09-29 09:15:00,NSE:ULTRACEMCO,3960.0,4078.0,3943.25,4062.1001,772288.0
2020-09-30 09:15:00,NSE:ULTRACEMCO,4087.7,4102.7002,4023.1001,4049.55,548775.0
2020-10-01 09:15:00,NSE:ULTRACEMCO,4088.0,4120.0,4062.1001,4097.75,406483.0
2020-10-05 09:15:00,NSE:ULTRACEMCO,4114.1001,4114.1001,4031.05,4047.1499,313282.0
2020-10-06 09:15:00,NSE:ULTRACEMCO,4055.2,4148.0,4055.2,4136.1001,351025.0
2020-10-07 09:15:00,NSE:ULTRACEMCO,4122.75,4285.9502,4114.1001,4213.3501,1037715.0
2020-10-08 09:15:00,NSE:ULTRACEMCO,4225.0,4360.0,4214.0,4346.0,801790.0
2020-10-09 09:15:00,NSE:ULTRACEMCO,4340.0,4374.9502,4275.5,4298.3501,405756.0
2020-10-12 09:15:00,NSE:ULTRACEMCO,4300.0,4361.0,4246.3999,4306.2998,488896.0
2020-10-13 09:15:00,NSE:ULTRACEMCO,4448.0,4525.0,4339.4502,4382.75,2369441.0
2020-10-14 09:15:00,NSE:ULTRACEMCO,4381.8501,4459.0,4315.0,4442.8501,817554.0
2020-10-15 09:15:00,NSE:ULTRACEMCO,4459.0,4473.0,4366.2998,4383.2998,545475.0
2020-10-16 09:15:00,NSE:ULTRACEMCO,4383.9502,4496.0,4380.0,4482.1001,669845.0
2020-10-19 09:15:00,NSE:ULTRACEMCO,4500.0,4549.0,4464.8501,4514.6001,636376.0
2020-10-20 09:15:00,NSE:ULTRACEMCO,4544.5,4584.5,4485.0,4544.3501,871380.0
2020-10-21 09:15:00,NSE:ULTRACEMCO,4545.3501,4658.0,4440.0,4629.1001,2032618.0
2020-10-22 09:15:00,NSE:ULTRACEMCO,4675.0,4735.5498,4528.6001,4614.5498,1812783.0
2020-10-23 09:15:00,NSE:ULTRACEMCO,4620.0,4642.0,4488.3999,4504.5498,886850.0
2020-10-26 09:15:00,NSE:ULTRACEMCO,4510.0,4544.3999,4459.3501,4485.3999,727544.0
2020-10-27 09:15:00,NSE:ULTRACEMCO,4495.0,4628.0,4485.0,4566.9502,1088254.0
2020-10-28 09:15:00,NSE:ULTRACEMCO,4593.8999,4593.8999,4453.0,4469.2998,509920.0
2020-10-29 09:15:00,NSE:ULTRACEMCO,4449.1001,4615.3501,4440.0,4576.7998,927672.0
2020-10-30 09:15:00,NSE:ULTRACEMCO,4550.0,4671.0,4540.0498,4574.0498,934842.0
2020-11-02 09:15:00,NSE:ULTRACEMCO,4551.0,4589.5498,4520.0,4550.7998,489146.0
2020-11-03 09:15:00,NSE:ULTRACEMCO,4565.1001,4587.0,4515.0498,4549.5498,582702.0
2020-11-04 09:15:00,NSE:ULTRACEMCO,4550.0,4611.0,4501.0498,4531.6001,495599.0
2020-11-05 09:15:00,NSE:ULTRACEMCO,4570.0,4634.1499,4545.0,4617.8999,584030.0
2020-11-06 09:15:00,NSE:ULTRACEMCO,4587.6001,4617.8501,4540.0,4556.0,426088.0
2020-11-09 09:15:00,NSE:ULTRACEMCO,4595.0,4649.8999,4580.0,4625.25,447725.0
2020-11-10 09:15:00,NSE:ULTRACEMCO,4642.0,4785.0,4630.5,4719.5498,1235506.0
2020-11-11 09:15:00,NSE:ULTRACEMCO,4731.3999,4855.9502,4724.3501,4823.7998,811311.0
2020-11-12 09:15:00,NSE:ULTRACEMCO,4852.0,4866.5,4784.25,4846.1001,668501.0
2020-11-13 09:15:00,NSE:ULTRACEMCO,4825.0,4922.0,4815.3501,4899.75,428529.0
2020-11-14 18:00:00,NSE:ULTRACEMCO,4925.0,4939.0,4883.0,4908.2002,47328.0
2020-11-17 09:15:00,NSE:ULTRACEMCO,4910.0,4979.0,4896.0,4909.0498,708971.0
2020-11-18 09:15:00,NSE:ULTRACEMCO,4904.5,4940.0,4860.0,4927.5,437973.0
2020-11-19 09:15:00,NSE:ULTRACEMCO,4895.0,4914.0,4761.0,4778.0,540260.0
2020-11-20 09:15:00,NSE:ULTRACEMCO,4807.8999,4871.9502,4769.0498,4862.5498,445562.0
2020-11-23 09:15:00,NSE:ULTRACEMCO,4874.0,4915.0,4863.3501,4889.5,438597.0
2020-11-24 09:15:00,NSE:ULTRACEMCO,4900.0,4913.1499,4842.0,4873.2002,372131.0
2020-11-25 09:15:00,NSE:ULTRACEMCO,4899.0,4929.0,4801.0498,4819.8501,481744.0
2020-11-26 09:15:00,NSE:ULTRACEMCO,4822.0,4873.8999,4791.5498,4834.1499,486664.0
2020-11-27 09:15:00,NSE:ULTRACEMCO,4834.2002,4873.4502,4770.0,4802.0,920840.0
2020-12-01 09:15:00,NSE:ULTRACEMCO,4815.0,4937.2002,4805.0,4910.5,752883.0
2020-12-02 09:15:00,NSE:ULTRACEMCO,4910.5,4997.25,4872.7998,4933.1001,696234.0
2020-12-03 09:15:00,NSE:ULTRACEMCO,4960.0,4960.0,4841.2002,4893.5,740259.0
2020-12-04 09:15:00,NSE:ULTRACEMCO,4990.0,5199.0,4960.1001,5091.3999,2996248.0
2020-12-07 09:15:00,NSE:ULTRACEMCO,5120.0,5176.0,5037.0,5056.5,910850.0
2020-12-08 09:15:00,NSE:ULTRACEMCO,5064.8501,5237.0,5064.8501,5217.75,1652861.0
2020-12-09 09:15:00,NSE:ULTRACEMCO,5217.75,5259.0,5116.3501,5144.7998,1625022.0
2020-12-10 09:15:00,NSE:ULTRACEMCO,5099.0,5119.0,4950.0,4964.2998,1333296.0
2020-12-11 09:15:00,NSE:ULTRACEMCO,5005.0,5038.6499,4956.0,5015.0,974421.0
2020-12-14 09:15:00,NSE:ULTRACEMCO,5015.0,5080.0,4995.7002,5073.75,919851.0
2020-12-15 09:15:00,NSE:ULTRACEMCO,5070.0,5230.0,5068.0,5156.8501,1629308.0
2020-12-16 09:15:00,NSE:ULTRACEMCO,5160.0,5225.0,5094.25,5113.0,630475.0
2020-12-17 09:15:00,NSE:ULTRACEMCO,5153.7002,5219.0,5126.6001,5171.7998,834935.0
2020-12-18 09:15:00,NSE:ULTRACEMCO,5140.0,5214.0,5115.0,5152.5,549221.0
2020-12-21 09:15:00,NSE:ULTRACEMCO,5155.0,5190.0,4865.4502,5007.8501,597997.0
2020-12-22 09:15:00,NSE:ULTRACEMCO,5039.9502,5091.1001,4891.2002,5021.2998,576026.0
2020-12-23 09:15:00,NSE:ULTRACEMCO,4999.6001,5075.0,4980.25,5033.9502,449498.0
2020-12-24 09:15:00,NSE:ULTRACEMCO,5099.0,5124.3501,5011.6499,5044.75,431767.0
2020-12-28 09:15:00,NSE:ULTRACEMCO,5055.3999,5160.0,5055.3999,5142.1499,410405.0
2020-12-29 09:15:00,NSE:ULTRACEMCO,5160.0,5172.75,5081.6001,5146.75,401258.0
2020-12-30 09:15:00,NSE:ULTRACEMCO,5157.0498,5400.0,5120.0498,5354.75,1002535.0
2020-12-31 09:15:00,NSE:ULTRACEMCO,5374.0,5379.0,5261.2002,5288.1499,728164.0
2021-01-01 09:15:00,NSE:ULTRACEMCO,5316.8999,5349.0,5279.2998,5290.7998,355623.0
2021-01-04 09:15:00,NSE:ULTRACEMCO,5306.9502,5386.8501,5292.0498,5327.2002,453783.0
2021-01-05 09:15:00,NSE:ULTRACEMCO,5336.0,5372.8999,5245.0498,5341.2002,530958.0
2021-01-06 09:15:00,NSE:ULTRACEMCO,5360.0,5468.5,5300.0,5448.3501,701452.0
2021-01-07 09:15:00,NSE:ULTRACEMCO,5475.0,5517.7002,5385.0,5397.9502,742403.0
2021-01-08 09:15:00,NSE:ULTRACEMCO,5419.0,5613.2998,5417.5498,5591.75,802681.0
2021-01-11 09:15:00,NSE:ULTRACEMCO,5550.0,5696.75,5504.9502,5623.7002,714576.0
2021-01-12 09:15:00,NSE:ULTRACEMCO,5624.7998,5695.9502,5551.0,5639.0,591436.0
2021-01-13 09:15:00,NSE:ULTRACEMCO,5650.0,5674.0,5600.0,5650.75,423240.0
2021-01-14 09:15:00,NSE:ULTRACEMCO,5645.0,5674.0,5560.0,5582.3501,464204.0
2021-01-15 09:15:00,NSE:ULTRACEMCO,5587.0,5656.75,5425.75,5452.25,589866.0
2021-01-18 09:15:00,NSE:ULTRACEMCO,5440.0,5461.7998,5326.4502,5386.0,461596.0
2021-01-19 09:15:00,NSE:ULTRACEMCO,5400.1001,5535.0,5393.75,5490.1001,483417.0
2021-01-20 09:15:00,NSE:ULTRACEMCO,5514.0,5554.25,5463.8999,5547.1001,321063.0
2021-01-21 09:15:00,NSE:ULTRACEMCO,5599.0,5647.0,5511.3999,5543.4502,481346.0
2021-01-22 09:15:00,NSE:ULTRACEMCO,5578.0,5595.0,5468.0498,5534.7998,680688.0
2021-01-25 09:15:00,NSE:ULTRACEMCO,5745.0,5831.7998,5326.6499,5368.3999,3236487.0
2021-01-27 09:15:00,NSE:ULTRACEMCO,5380.0,5519.8999,5330.3501,5404.8501,1212604.0
2021-01-28 09:15:00,NSE:ULTRACEMCO,5350.0,5469.9502,5340.0,5443.7002,576548.0
2021-01-29 09:15:00,NSE:ULTRACEMCO,5489.0,5509.7002,5288.0,5327.25,745559.0
2021-02-01 09:15:00,NSE:ULTRACEMCO,5384.0,5793.25,5260.0,5744.1499,1455212.0
2021-02-02 09:15:00,NSE:ULTRACEMCO,5785.0,6199.0,5785.0,6123.5498,2251712.0
2021-02-03 09:15:00,NSE:ULTRACEMCO,6155.0,6238.0,6040.0,6074.7002,952770.0
2021-02-04 09:15:00,NSE:ULTRACEMCO,6093.0,6210.0,6041.5498,6182.7998,683257.0
2021-02-05 09:15:00,NSE:ULTRACEMCO,6180.0,6399.0,6120.0,6352.1001,1174059.0
2021-02-08 09:15:00,NSE:ULTRACEMCO,6379.8501,6485.0,6318.0,6368.1499,769441.0
2021-02-09 09:15:00,NSE:ULTRACEMCO,6424.7998,6480.0,6371.8501,6420.3999,947676.0
2021-02-10 09:15:00,NSE:ULTRACEMCO,6441.1001,6589.0,6321.1001,6392.1499,1045511.0
2021-02-11 09:15:00,NSE:ULTRACEMCO,6399.5,6468.0,6369.2998,6427.1499,390465.0
2021-02-12 09:15:00,NSE:ULTRACEMCO,6439.8999,6480.0,6366.9502,6397.25,408867.0
2021-02-15 09:15:00,NSE:ULTRACEMCO,6435.0,6463.9502,6387.1001,6407.75,277851.0
2021-02-16 09:15:00,NSE:ULTRACEMCO,6448.0,6550.0,6409.9502,6457.7998,595723.0
2021-02-17 09:15:00,NSE:ULTRACEMCO,6457.7998,6544.5,6390.9502,6419.2002,555520.0
2021-02-18 09:15:00,NSE:ULTRACEMCO,6492.2998,6492.2998,6301.0,6325.8501,573974.0
2021-02-19 09:15:00,NSE:ULTRACEMCO,6315.0,6318.6499,6175.0,6208.5,499669.0
2021-02-22 09:15:00,NSE:ULTRACEMCO,6215.0,6284.9502,6108.6499,6175.1001,528408.0
2021-02-23 09:15:00,NSE:ULTRACEMCO,6186.0,6347.8999,6131.0498,6268.4502,453805.0
2021-02-24 09:15:00,NSE:ULTRACEMCO,6319.0,6450.0,6210.0,6414.5498,365401.0
2021-02-25 09:15:00,NSE:ULTRACEMCO,6406.0,6468.0,6338.4502,6383.2998,803072.0
2021-02-26 09:15:00,NSE:ULTRACEMCO,6370.0,6489.0,6060.0,6115.0,1307673.0
2021-03-01 09:15:00,NSE:ULTRACEMCO,6218.7998,6389.7998,6170.6001,6365.0498,609302.0
2021-03-02 09:15:00,NSE:ULTRACEMCO,6375.0,6473.8501,6312.1001,6423.1001,438046.0
2021-03-03 09:15:00,NSE:ULTRACEMCO,6450.0,6535.0,6431.0,6500.5,467421.0
2021-03-04 09:15:00,NSE:ULTRACEMCO,6429.0,6830.0,6394.4502,6775.5498,1303144.0
2021-03-05 09:15:00,NSE:ULTRACEMCO,6690.5,6944.2002,6690.5,6810.2998,1828811.0
2021-03-08 09:15:00,NSE:ULTRACEMCO,6840.0,6847.8999,6641.7998,6668.1499,658514.0
2021-03-09 09:15:00,NSE:ULTRACEMCO,6745.0,6824.0,6660.0,6697.3999,483037.0
2021-03-10 09:15:00,NSE:ULTRACEMCO,6752.1001,6789.0,6684.0,6764.0498,302774.0
2021-03-12 09:15:00,NSE:ULTRACEMCO,6768.0,6853.6499,6612.0498,6638.1499,673811.0
2021-03-15 09:15:00,NSE:ULTRACEMCO,6665.0,6678.8501,6490.0498,6561.4502,349036.0
2021-03-16 09:15:00,NSE:ULTRACEMCO,6590.0,6703.0,6565.1001,6639.9502,614224.0
2021-03-17 09:15:00,NSE:ULTRACEMCO,6639.0,6670.0,6488.3999,6520.25,443282.0
2021-03-18 09:15:00,NSE:ULTRACEMCO,6595.0,6636.6499,6466.7002,6510.0498,345807.0
2021-03-19 09:15:00,NSE:ULTRACEMCO,6500.0,6700.0,6368.5498,6672.0,654457.0
2021-03-22 09:15:00,NSE:ULTRACEMCO,6665.8999,6785.0,6631.2998,6728.0,467719.0
2021-03-23 09:15:00,NSE:ULTRACEMCO,6734.1001,6958.75,6728.0498,6939.1001,890457.0
2021-03-24 09:15:00,NSE:ULTRACEMCO,6890.5,6944.0,6840.0,6858.6499,716392.0
2021-03-25 09:15:00,NSE:ULTRACEMCO,6857.2998,6913.8999,6636.0,6666.5,547365.0
2021-03-26 09:15:00,NSE:ULTRACEMCO,6729.7998,6785.0,6686.4502,6735.25,303751.0
2021-03-30 09:15:00,NSE:ULTRACEMCO,6784.0,6875.0,6746.0,6785.6001,422442.0
2021-03-31 09:15:00,NSE:ULTRACEMCO,6856.25,6856.25,6713.8999,6737.9502,647600.0
2021-04-01 09:15:00,NSE:ULTRACEMCO,6766.0,6933.7002,6731.2002,6898.8501,531749.0
2021-04-05 09:15:00,NSE:ULTRACEMCO,6895.0,6994.0,6735.0,6795.7998,540954.0
2021-04-06 09:15:00,NSE:ULTRACEMCO,6810.2998,6849.0,6707.2002,6736.6499,508328.0
2021-04-07 09:15:00,NSE:ULTRACEMCO,6745.0,6860.0,6713.3501,6760.0498,301479.0
2021-04-08 09:15:00,NSE:ULTRACEMCO,6798.0,7052.8501,6783.7998,6971.25,635298.0
2021-04-09 09:15:00,NSE:ULTRACEMCO,7040.0,7055.9502,6791.8501,6825.8501,592763.0
2021-04-12 09:15:00,NSE:ULTRACEMCO,6763.2998,6763.2998,6467.0,6509.3999,585717.0
2021-04-13 09:15:00,NSE:ULTRACEMCO,6550.0,6656.4502,6504.6001,6604.4502,551188.0
2021-04-15 09:15:00,NSE:ULTRACEMCO,6649.0,6700.0,6393.6499,6539.2998,490675.0
2021-04-16 09:15:00,NSE:ULTRACEMCO,6510.0,6786.4502,6510.0,6715.2002,636917.0
2021-04-19 09:15:00,NSE:ULTRACEMCO,6500.0,6569.4502,6415.0,6509.75,559506.0
2021-04-20 09:15:00,NSE:ULTRACEMCO,6644.0,6688.6001,6180.0,6200.8501,1272134.0
2021-04-22 09:15:00,NSE:ULTRACEMCO,6198.0498,6225.0,5970.2002,6092.2998,1795988.0
2021-04-23 09:15:00,NSE:ULTRACEMCO,6094.0,6155.0,5995.7998,6067.8999,968454.0
2021-04-26 09:15:00,NSE:ULTRACEMCO,6131.7998,6293.0,6111.25,6275.8999,697792.0
2021-04-27 09:15:00,NSE:ULTRACEMCO,6279.0,6345.8999,6235.0,6326.7998,512910.0
2021-04-28 09:15:00,NSE:ULTRACEMCO,6360.0,6405.0,6280.0,6360.7998,414435.0
2021-04-29 09:15:00,NSE:ULTRACEMCO,6420.0,6447.2998,6320.3999,6382.4502,406869.0
2021-04-30 09:15:00,NSE:ULTRACEMCO,6380.0,6424.0,6233.5498,6278.9502,475175.0
2021-05-03 09:15:00,NSE:ULTRACEMCO,6252.0,6380.0,6150.0,6350.1499,402055.0
2021-05-04 09:15:00,NSE:ULTRACEMCO,6390.0,6425.0,6285.0,6296.4502,330346.0
2021-05-05 09:15:00,NSE:ULTRACEMCO,6344.9502,6400.0,6294.3999,6380.3501,215973.0
2021-05-06 09:15:00,NSE:ULTRACEMCO,6400.0,6429.8999,6314.0,6405.4502,246632.0
2021-05-07 09:15:00,NSE:ULTRACEMCO,6459.9502,6524.0,6414.9502,6481.8999,745582.0
2021-05-10 09:15:00,NSE:ULTRACEMCO,6590.0,6605.0,6330.0,6403.1001,872011.0
2021-05-11 09:15:00,NSE:ULTRACEMCO,6390.0,6619.9502,6310.3999,6490.6001,1139377.0
2021-05-12 09:15:00,NSE:ULTRACEMCO,6464.8999,6490.5,6371.0,6388.8501,392657.0
2021-05-14 09:15:00,NSE:ULTRACEMCO,6418.0,6482.0,6256.8999,6368.1001,405281.0
2021-05-17 09:15:00,NSE:ULTRACEMCO,6379.8999,6554.25,6331.0,6532.3501,357292.0
2021-05-18 09:15:00,NSE:ULTRACEMCO,6580.0,6670.0,6562.6001,6653.0,451024.0
2021-05-19 09:15:00,NSE:ULTRACEMCO,6630.0,6755.0,6520.0498,6561.2002,475946.0
2021-05-20 09:15:00,NSE:ULTRACEMCO,6600.0,6632.4502,6520.7002,6573.8501,256088.0
2021-05-21 09:15:00,NSE:ULTRACEMCO,6607.8999,6674.75,6590.0498,6637.6001,307027.0
2021-05-24 09:15:00,NSE:ULTRACEMCO,6650.0,6672.3999,6540.0498,6562.3999,288501.0
2021-05-25 09:15:00,NSE:ULTRACEMCO,6627.0,6637.3501,6527.2002,6556.6001,176134.0
2021-05-26 09:15:00,NSE:ULTRACEMCO,6594.8999,6618.0,6525.1499,6580.8999,248015.0
2021-05-27 09:15:00,NSE:ULTRACEMCO,6600.0,6724.9502,6580.25,6673.25,1707144.0
2021-05-28 09:15:00,NSE:ULTRACEMCO,6724.0,6735.0,6585.6001,6598.5,285093.0
2021-05-31 09:15:00,NSE:ULTRACEMCO,6633.9502,6721.0,6588.1499,6708.0,328449.0
2021-06-01 09:15:00,NSE:ULTRACEMCO,6723.0,6723.0,6560.0,6601.3501,397989.0
2021-06-02 09:15:00,NSE:ULTRACEMCO,6601.3501,6670.0,6552.3501,6594.2002,567704.0
2021-06-03 09:15:00,NSE:ULTRACEMCO,6630.0,6655.0,6575.0,6641.7002,349479.0
2021-06-04 09:15:00,NSE:ULTRACEMCO,6630.0,6685.0,6615.6499,6664.2998,205504.0
2021-06-07 09:15:00,NSE:ULTRACEMCO,6689.9502,6907.9502,6663.0,6849.6499,617042.0
2021-06-08 09:15:00,NSE:ULTRACEMCO,6895.0,6895.0,6725.0,6794.3999,218632.0
2021-06-09 09:15:00,NSE:ULTRACEMCO,6775.0,6787.6001,6682.0,6724.75,345102.0
2021-06-10 09:15:00,NSE:ULTRACEMCO,6748.0,6763.7998,6681.0,6709.6499,198704.0
2021-06-11 09:15:00,NSE:ULTRACEMCO,6725.1001,6754.9502,6650.0,6662.8501,193014.0
2021-06-14 09:15:00,NSE:ULTRACEMCO,6655.0,6685.8999,6580.0,6678.5,160001.0
2021-06-15 09:15:00,NSE:ULTRACEMCO,6678.5,6746.0498,6660.3501,6668.2998,193128.0
2021-06-16 09:15:00,NSE:ULTRACEMCO,6670.5498,6694.1001,6565.0,6587.3999,224100.0
2021-06-17 09:15:00,NSE:ULTRACEMCO,6555.0,6750.0,6550.0498,6704.8501,637296.0
2021-06-18 09:15:00,NSE:ULTRACEMCO,6710.0,6727.9502,6583.3501,6693.8999,367329.0
2021-06-21 09:15:00,NSE:ULTRACEMCO,6631.0,6790.0,6522.2002,6775.5,361652.0
2021-06-22 09:15:00,NSE:ULTRACEMCO,6790.0,6940.0,6751.4502,6858.9502,542280.0
2021-06-23 09:15:00,NSE:ULTRACEMCO,6874.7002,6953.7002,6782.0,6903.3501,438444.0
2021-06-24 09:15:00,NSE:ULTRACEMCO,6900.0,6978.5,6889.0498,6961.9502,278305.0
2021-06-25 09:15:00,NSE:ULTRACEMCO,7000.0,7000.0,6890.0,6923.0,183496.0
2021-06-28 09:15:00,NSE:ULTRACEMCO,6950.0,6979.9502,6858.75,6869.4502,127275.0
2021-06-29 09:15:00,NSE:ULTRACEMCO,6875.0,6880.0,6799.5,6824.7002,235008.0
2021-06-30 09:15:00,NSE:ULTRACEMCO,6801.0,6866.0498,6750.0,6776.0,283145.0
2021-07-01 09:15:00,NSE:ULTRACEMCO,6777.2998,6799.5,6690.0,6707.25,274106.0
2021-07-02 09:15:00,NSE:ULTRACEMCO,6747.8501,6747.8501,6685.0,6719.8999,256489.0
2021-07-05 09:15:00,NSE:ULTRACEMCO,6720.0,6790.0,6694.5,6719.8501,134014.0
2021-07-06 09:15:00,NSE:ULTRACEMCO,6727.6001,6999.0,6727.5,6933.0498,681761.0
2021-07-07 09:15:00,NSE:ULTRACEMCO,6936.5,6962.0,6811.0498,6925.1001,382398.0
2021-07-08 09:15:00,NSE:ULTRACEMCO,6918.0,6994.8999,6843.0,6901.8999,365610.0
2021-07-09 09:15:00,NSE:ULTRACEMCO,6890.0,6920.6499,6835.0,6899.5498,170542.0
2021-07-12 09:15:00,NSE:ULTRACEMCO,6905.1001,7114.9502,6905.1001,7093.75,610763.0
2021-07-13 09:15:00,NSE:ULTRACEMCO,7110.0,7160.0,7080.9502,7128.8501,372867.0
2021-07-14 09:15:00,NSE:ULTRACEMCO,7110.2998,7238.9502,7065.0,7118.0498,379753.0
2021-07-15 09:15:00,NSE:ULTRACEMCO,7134.3501,7220.0,7101.75,7189.6499,292170.0
2021-07-16 09:15:00,NSE:ULTRACEMCO,7207.0,7360.0,7182.6499,7334.5498,436381.0
2021-07-19 09:15:00,NSE:ULTRACEMCO,7304.7998,7385.0,7245.0,7312.3501,365109.0
2021-07-20 09:15:00,NSE:ULTRACEMCO,7334.2998,7544.0,7330.0,7424.7002,953888.0
2021-07-22 09:15:00,NSE:ULTRACEMCO,7514.0,7546.5,7290.0,7459.0,1163215.0
2021-07-23 09:15:00,NSE:ULTRACEMCO,7599.7998,7638.9502,7470.0,7490.2998,813619.0
2021-07-26 09:15:00,NSE:ULTRACEMCO,7515.0,7640.0,7419.75,7616.7002,369346.0
2021-07-27 09:15:00,NSE:ULTRACEMCO,7625.0,7675.0,7559.0,7596.25,297511.0
2021-07-28 09:15:00,NSE:ULTRACEMCO,7639.9502,7685.0,7510.0,7654.6499,289531.0
2021-07-29 09:15:00,NSE:ULTRACEMCO,7670.0,7718.8999,7636.0,7700.4502,227836.0
2021-07-30 09:15:00,NSE:ULTRACEMCO,7719.7998,7730.0,7592.0,7619.2002,245105.0
2021-08-02 09:15:00,NSE:ULTRACEMCO,7622.0498,7718.7998,7621.2998,7642.0498,202451.0
2021-08-03 09:15:00,NSE:ULTRACEMCO,7649.0,7867.25,7608.3999,7843.25,385216.0
2021-08-04 09:15:00,NSE:ULTRACEMCO,7911.0,7911.0,7733.7998,7750.0,258018.0
2021-08-05 09:15:00,NSE:ULTRACEMCO,7750.0,7829.8501,7645.0,7659.0,173662.0
2021-08-06 09:15:00,NSE:ULTRACEMCO,7690.0,7719.8999,7506.1499,7527.6499,250068.0
2021-08-09 09:15:00,NSE:ULTRACEMCO,7598.0,7616.7002,7474.0,7495.6499,236944.0
2021-08-10 09:15:00,NSE:ULTRACEMCO,7505.0,7545.2002,7426.0,7474.1499,164588.0
2021-08-11 09:15:00,NSE:ULTRACEMCO,7465.0,7548.0,7366.7002,7452.4502,129339.0
2021-08-12 09:15:00,NSE:ULTRACEMCO,7457.0,7580.0,7432.8501,7468.7002,206051.0
2021-08-13 09:15:00,NSE:ULTRACEMCO,7513.3999,7529.4502,7432.0,7460.7002,207505.0
2021-08-16 09:15:00,NSE:ULTRACEMCO,7460.7002,7475.9502,7332.0498,7346.6499,191968.0
2021-08-17 09:15:00,NSE:ULTRACEMCO,7377.0,7427.2002,7298.0498,7409.0498,203995.0
2021-08-18 09:15:00,NSE:ULTRACEMCO,7425.0,7725.0,7406.0,7601.4502,724989.0
2021-08-20 09:15:00,NSE:ULTRACEMCO,7596.6001,7624.8999,7435.5498,7493.3501,358744.0
2021-08-23 09:15:00,NSE:ULTRACEMCO,7562.3501,7562.3501,7288.0,7351.0,310220.0
2021-08-24 09:15:00,NSE:ULTRACEMCO,7420.0,7474.7002,7370.7002,7455.3501,174447.0
2021-08-25 09:15:00,NSE:ULTRACEMCO,7465.0,7487.9502,7370.0,7382.3501,146150.0
2021-08-26 09:15:00,NSE:ULTRACEMCO,7365.0,7418.8999,7301.0,7307.1001,183243.0
2021-08-27 09:15:00,NSE:ULTRACEMCO,7330.6001,7594.7998,7318.2002,7565.6001,497367.0
2021-08-30 09:15:00,NSE:ULTRACEMCO,7571.0,7743.6001,7571.0,7703.7998,319952.0
2021-08-31 09:15:00,NSE:ULTRACEMCO,7734.0,7860.0,7666.6499,7832.4502,475968.0
2021-09-01 09:15:00,NSE:ULTRACEMCO,7832.0,7930.0,7691.5,7766.9502,352822.0
2021-09-02 09:15:00,NSE:ULTRACEMCO,7804.7998,7993.9502,7761.0498,7952.75,393057.0
2021-09-03 09:15:00,NSE:ULTRACEMCO,7995.0,8029.5,7872.0,7929.8501,198454.0
2021-09-06 09:15:00,NSE:ULTRACEMCO,7969.7998,8045.6499,7929.8999,7952.6001,212634.0
2021-09-07 09:15:00,NSE:ULTRACEMCO,7952.6001,8060.0,7911.5,8026.25,240683.0
2021-09-08 09:15:00,NSE:ULTRACEMCO,8029.0,8073.2998,7945.25,7992.8999,198064.0
2021-09-09 09:15:00,NSE:ULTRACEMCO,7936.0,7983.0,7900.0,7939.6499,159693.0
2021-09-13 09:15:00,NSE:ULTRACEMCO,7965.0,7965.0,7905.0,7944.4502,187063.0
2021-09-14 09:15:00,NSE:ULTRACEMCO,7970.0,7973.0498,7850.0,7856.4502,168408.0
2021-09-15 09:15:00,NSE:ULTRACEMCO,7889.0,7929.0,7790.0,7820.8501,235010.0
2021-09-16 09:15:00,NSE:ULTRACEMCO,7858.7002,7869.6499,7730.0,7765.4502,216078.0
2021-09-17 09:15:00,NSE:ULTRACEMCO,7810.0,7837.6499,7660.75,7711.8501,503207.0
2021-09-20 09:15:00,NSE:ULTRACEMCO,7684.0,7730.1499,7545.6499,7576.0,291081.0
2021-09-21 09:15:00,NSE:ULTRACEMCO,7535.0,7688.0,7514.5,7592.7002,214916.0
2021-09-22 09:15:00,NSE:ULTRACEMCO,7599.8999,7670.0,7576.8999,7625.6001,206063.0
2021-09-23 09:15:00,NSE:ULTRACEMCO,7642.1499,7697.2002,7580.0,7619.7002,201988.0
2021-09-24 09:15:00,NSE:ULTRACEMCO,7633.0,7642.6001,7500.0,7521.5,341258.0
2021-09-27 09:15:00,NSE:ULTRACEMCO,7543.6001,7670.8501,7526.0498,7622.8999,261520.0
2021-09-28 09:15:00,NSE:ULTRACEMCO,7629.8999,7788.0,7550.0,7588.2998,403030.0
2021-09-29 09:15:00,NSE:ULTRACEMCO,7550.0,7661.3501,7440.0,7464.5498,490626.0
2021-09-30 09:15:00,NSE:ULTRACEMCO,7490.0,7498.8999,7371.0,7396.1001,422904.0
2021-10-01 09:15:00,NSE:ULTRACEMCO,7396.1001,7502.0,7356.2002,7483.5498,366658.0
2021-10-04 09:15:00,NSE:ULTRACEMCO,7496.0,7609.8999,7495.0,7515.6001,339796.0
2021-10-05 09:15:00,NSE:ULTRACEMCO,7500.0,7564.8501,7450.1001,7464.0,229310.0
2021-10-06 09:15:00,NSE:ULTRACEMCO,7498.8501,7539.0,7346.0,7363.0,279814.0
2021-10-07 09:15:00,NSE:ULTRACEMCO,7422.0,7457.9502,7311.9502,7354.6001,583113.0
2021-10-08 09:15:00,NSE:ULTRACEMCO,7376.0,7405.2002,7328.0,7335.75,234324.0
2021-10-11 09:15:00,NSE:ULTRACEMCO,7400.0,7408.9502,7309.7002,7330.25,346054.0
2021-10-12 09:15:00,NSE:ULTRACEMCO,7314.0,7358.0,7193.0,7250.1499,407411.0
2021-10-13 09:15:00,NSE:ULTRACEMCO,7263.0,7389.8999,7260.0,7350.3999,347921.0
2021-10-14 09:15:00,NSE:ULTRACEMCO,7440.0,7457.9502,7340.0,7395.5,599817.0
2021-10-18 09:15:00,NSE:ULTRACEMCO,7530.0,7644.0,7301.3999,7399.2998,1413642.0
2021-10-19 09:15:00,NSE:ULTRACEMCO,7489.0,7489.0,7153.0,7170.1001,868388.0
2021-10-20 09:15:00,NSE:ULTRACEMCO,7100.0,7309.7998,7092.25,7129.6001,703897.0
2021-10-21 09:15:00,NSE:ULTRACEMCO,7200.8501,7205.3999,7085.0,7129.0,318247.0
2021-10-22 09:15:00,NSE:ULTRACEMCO,7158.75,7233.0,7100.0,7149.6001,330818.0
2021-10-25 09:15:00,NSE:ULTRACEMCO,7149.6001,7174.9502,7007.0,7149.7998,245401.0
2021-10-26 09:15:00,NSE:ULTRACEMCO,7150.1499,7295.0,7150.0,7269.1001,372893.0
2021-10-27 09:15:00,NSE:ULTRACEMCO,7271.0,7372.0,7234.0,7354.2002,364657.0
2021-10-28 09:15:00,NSE:ULTRACEMCO,7376.0,7500.0,7354.0,7446.6499,556897.0
2021-10-29 09:15:00,NSE:ULTRACEMCO,7465.0,7690.0,7343.0,7636.0498,659277.0
2021-11-01 09:15:00,NSE:ULTRACEMCO,7670.0,7811.0,7647.6499,7775.1001,469658.0
2021-11-02 09:15:00,NSE:ULTRACEMCO,7787.0,7815.7998,7688.3999,7713.3501,177655.0
2021-11-03 09:15:00,NSE:ULTRACEMCO,7759.8999,7902.25,7730.0498,7887.8501,388455.0
2021-11-04 18:00:00,NSE:ULTRACEMCO,7897.0,7932.8999,7861.7002,7880.7998,32611.0
2021-11-08 09:15:00,NSE:ULTRACEMCO,7940.0,8269.0,7845.0,8214.0498,825196.0
2021-11-09 09:15:00,NSE:ULTRACEMCO,8200.0,8255.0498,8143.0,8166.0,253056.0
2021-11-10 09:15:00,NSE:ULTRACEMCO,8145.0,8187.8501,8050.0,8106.7998,209152.0
2021-11-11 09:15:00,NSE:ULTRACEMCO,8100.0,8141.8501,8005.0,8050.6499,125814.0
2021-11-12 09:15:00,NSE:ULTRACEMCO,8085.0,8113.7998,8005.0,8080.75,180509.0
2021-11-15 09:15:00,NSE:ULTRACEMCO,8080.0,8172.5498,8031.0,8050.7998,119066.0
2021-11-16 09:15:00,NSE:ULTRACEMCO,8120.0,8139.0,7856.2998,7882.3999,277983.0
2021-11-17 09:15:00,NSE:ULTRACEMCO,7845.0,7948.9502,7801.0,7857.7002,183623.0
2021-11-18 09:15:00,NSE:ULTRACEMCO,7899.0,7930.0,7715.0498,7767.7002,196805.0
2021-11-22 09:15:00,NSE:ULTRACEMCO,7799.0,7808.6001,7550.6001,7653.7998,383629.0
2021-11-23 09:15:00,NSE:ULTRACEMCO,7620.0,7714.7002,7540.7002,7657.9502,475377.0
2021-11-24 09:15:00,NSE:ULTRACEMCO,7730.0,7768.0498,7550.0,7577.2998,292766.0
2021-11-25 09:15:00,NSE:ULTRACEMCO,7560.2998,7634.4502,7517.5498,7608.7998,173989.0
2021-11-26 09:15:00,NSE:ULTRACEMCO,7550.0,7599.0,7370.1001,7394.75,265808.0
2021-11-29 09:15:00,NSE:ULTRACEMCO,7354.5,7434.9502,7201.3999,7388.25,382413.0
2021-11-30 09:15:00,NSE:ULTRACEMCO,7387.2998,7519.0,7347.5498,7433.75,547664.0
2021-12-01 09:15:00,NSE:ULTRACEMCO,7612.0,7678.75,7291.0,7322.6001,509749.0
2021-12-02 09:15:00,NSE:ULTRACEMCO,7360.0,7389.0,7262.0,7323.2002,239691.0
2021-12-03 09:15:00,NSE:ULTRACEMCO,7378.4502,7455.0,7296.1499,7332.4502,401430.0
2021-12-06 09:15:00,NSE:ULTRACEMCO,7344.8501,7389.6001,7201.0,7214.6001,173852.0
2021-12-07 09:15:00,NSE:ULTRACEMCO,7285.0,7336.9502,7235.0,7299.3999,162646.0
2021-12-08 09:15:00,NSE:ULTRACEMCO,7329.0,7458.75,7300.0,7423.9502,209590.0
2021-12-09 09:15:00,NSE:ULTRACEMCO,7476.7998,7515.2002,7390.0,7433.8501,198582.0
2021-12-10 09:15:00,NSE:ULTRACEMCO,7450.0,7451.8501,7390.2998,7440.4502,144726.0
2021-12-13 09:15:00,NSE:ULTRACEMCO,7514.0,7539.8999,7392.1001,7414.4502,220084.0
2021-12-14 09:15:00,NSE:ULTRACEMCO,7409.0,7458.8999,7337.1001,7386.3999,210516.0
2021-12-15 09:15:00,NSE:ULTRACEMCO,7416.0,7416.0,7330.0,7371.3501,113049.0
2021-12-16 09:15:00,NSE:ULTRACEMCO,7414.7998,7440.0,7371.7998,7413.75,140591.0
2021-12-17 09:15:00,NSE:ULTRACEMCO,7410.7998,7410.7998,7302.0,7337.3501,279606.0
2021-12-20 09:15:00,NSE:ULTRACEMCO,7270.0,7270.0,7035.2002,7160.8501,285814.0
2021-12-21 09:15:00,NSE:ULTRACEMCO,7238.0,7375.0,7180.1001,7327.3501,241099.0
2021-12-22 09:15:00,NSE:ULTRACEMCO,7320.0,7425.0,7312.4502,7377.25,158971.0
2021-12-23 09:15:00,NSE:ULTRACEMCO,7434.7998,7434.7998,7299.9502,7340.6001,210152.0
2021-12-24 09:15:00,NSE:ULTRACEMCO,7362.0,7450.0,7201.8999,7224.7998,270337.0
2021-12-27 09:15:00,NSE:ULTRACEMCO,7219.0,7295.0,7172.2998,7245.0498,142927.0
2021-12-28 09:15:00,NSE:ULTRACEMCO,7275.0,7417.0,7275.0,7406.1001,185895.0
2021-12-29 09:15:00,NSE:ULTRACEMCO,7385.0,7460.0,7373.7002,7420.9502,219901.0
2021-12-30 09:15:00,NSE:ULTRACEMCO,7420.9502,7494.8999,7380.1001,7397.2002,243710.0
2021-12-31 09:15:00,NSE:ULTRACEMCO,7450.0,7659.5,7421.4502,7591.0498,258372.0
2022-01-03 09:15:00,NSE:ULTRACEMCO,7600.0,7750.0,7570.0498,7723.8999,250533.0
2022-01-04 09:15:00,NSE:ULTRACEMCO,7749.0,7772.8501,7611.7002,7650.3501,315188.0
2022-01-05 09:15:00,NSE:ULTRACEMCO,7650.5,7769.0,7595.0,7659.5498,400874.0
2022-01-06 09:15:00,NSE:ULTRACEMCO,7639.5498,7699.9502,7425.0498,7458.5498,403448.0
2022-01-07 09:15:00,NSE:ULTRACEMCO,7465.1001,7580.0,7439.0498,7557.9502,543512.0
2022-01-10 09:15:00,NSE:ULTRACEMCO,7590.0,7617.6001,7522.2998,7585.1499,213126.0
2022-01-11 09:15:00,NSE:ULTRACEMCO,7609.7002,7679.3999,7561.2002,7606.2998,234296.0
2022-01-12 09:15:00,NSE:ULTRACEMCO,7663.7998,7729.0,7609.8999,7658.7002,297378.0
2022-01-13 09:15:00,NSE:ULTRACEMCO,7681.0,7719.6001,7553.8501,7606.7998,274893.0
2022-01-14 09:15:00,NSE:ULTRACEMCO,7634.0,7700.0,7566.8999,7660.5498,250253.0
2022-01-17 09:15:00,NSE:ULTRACEMCO,7635.0,7946.0,7500.1001,7870.1001,1216949.0
2022-01-18 09:15:00,NSE:ULTRACEMCO,7807.0,7894.0,7520.0,7555.8999,565178.0
2022-01-19 09:15:00,NSE:ULTRACEMCO,7599.8999,7599.8999,7353.0,7434.3999,439305.0
2022-01-20 09:15:00,NSE:ULTRACEMCO,7470.0,7559.5498,7395.0,7465.5,249483.0
2022-01-21 09:15:00,NSE:ULTRACEMCO,7430.0,7454.6499,7311.0,7357.6499,207851.0
2022-01-24 09:15:00,NSE:ULTRACEMCO,7360.0,7365.0,7088.6499,7156.0,319304.0
2022-01-25 09:15:00,NSE:ULTRACEMCO,7120.0,7153.8999,7000.0,7098.3501,467078.0
2022-01-27 09:15:00,NSE:ULTRACEMCO,7140.0,7150.2998,6950.0,7100.7002,418032.0
2022-01-28 09:15:00,NSE:ULTRACEMCO,7120.8999,7266.3999,7094.0,7109.8501,511605.0
2022-01-31 09:15:00,NSE:ULTRACEMCO,7188.8999,7279.5498,7167.6001,7216.3999,250406.0
2022-02-01 09:15:00,NSE:ULTRACEMCO,7263.2002,7535.5,7235.2002,7516.25,731348.0
2022-02-02 09:15:00,NSE:ULTRACEMCO,7572.7002,7575.0,7425.0,7441.0,324627.0
2022-02-03 09:15:00,NSE:ULTRACEMCO,7461.0,7485.0,7351.0,7375.3501,167162.0
2022-02-04 09:15:00,NSE:ULTRACEMCO,7389.0,7529.8999,7380.1499,7439.6499,462491.0
2022-02-07 09:15:00,NSE:ULTRACEMCO,7439.6499,7518.9502,7362.5,7469.3501,391483.0
2022-02-08 09:15:00,NSE:ULTRACEMCO,7475.9502,7499.0,7355.7998,7421.3501,270604.0
2022-02-09 09:15:00,NSE:ULTRACEMCO,7436.0,7547.8999,7421.4502,7504.0498,253643.0
2022-02-10 09:15:00,NSE:ULTRACEMCO,7514.7002,7548.9502,7460.2998,7474.5,284223.0
2022-02-11 09:15:00,NSE:ULTRACEMCO,7460.1001,7460.1001,7294.1001,7323.6001,265177.0
2022-02-14 09:15:00,NSE:ULTRACEMCO,7242.5,7242.5,7050.0,7089.1001,266661.0
2022-02-15 09:15:00,NSE:ULTRACEMCO,7100.0,7318.4502,7031.0498,7290.2998,255775.0
2022-02-16 09:15:00,NSE:ULTRACEMCO,7285.0,7320.0,7166.9502,7178.8999,322839.0
2022-02-17 09:15:00,NSE:ULTRACEMCO,7145.0,7225.0,7030.0,7045.9502,499955.0
2022-02-18 09:15:00,NSE:ULTRACEMCO,7049.0,7064.8501,6900.0,6916.6001,510600.0
2022-02-21 09:15:00,NSE:ULTRACEMCO,6900.0,6912.5498,6791.0,6813.4502,424346.0
2022-02-22 09:15:00,NSE:ULTRACEMCO,6713.0,6770.0,6676.1499,6749.5498,359236.0
2022-02-23 09:15:00,NSE:ULTRACEMCO,6780.0,6866.0,6735.0,6780.2002,506540.0
2022-02-24 09:15:00,NSE:ULTRACEMCO,6624.8999,6649.1499,6396.2002,6418.4502,610393.0
2022-02-25 09:15:00,NSE:ULTRACEMCO,6550.0,6656.6499,6520.0,6570.25,376464.0
2022-02-28 09:15:00,NSE:ULTRACEMCO,6538.0,6602.0,6440.1499,6567.8999,557289.0
2022-03-02 09:15:00,NSE:ULTRACEMCO,6539.0,6539.0,6342.0,6399.3501,686927.0
2022-03-03 09:15:00,NSE:ULTRACEMCO,6416.0,6437.1499,5964.8501,5980.7002,2406110.0
2022-03-04 09:15:00,NSE:ULTRACEMCO,5949.75,6170.0,5850.7998,6050.2998,1336552.0
2022-03-07 09:15:00,NSE:ULTRACEMCO,5929.2998,5929.2998,5684.6499,5698.1001,1280108.0
2022-03-08 09:15:00,NSE:ULTRACEMCO,5631.0,5875.0,5629.2002,5833.4502,955847.0
2022-03-09 09:15:00,NSE:ULTRACEMCO,5890.0,6058.75,5821.2002,6017.3501,813790.0
2022-03-10 09:15:00,NSE:ULTRACEMCO,6202.0,6261.2002,6004.5498,6052.5498,967482.0
2022-03-11 09:15:00,NSE:ULTRACEMCO,6043.0,6119.9502,5980.0,6021.0,533023.0
2022-03-14 09:15:00,NSE:ULTRACEMCO,6050.0,6067.8999,5956.0498,6035.8999,466938.0
2022-03-15 09:15:00,NSE:ULTRACEMCO,6095.8501,6172.0,5972.0498,6021.25,819263.0
2022-03-16 09:15:00,NSE:ULTRACEMCO,6130.0,6317.2002,6080.0,6305.8999,888929.0
2022-03-17 09:15:00,NSE:ULTRACEMCO,6380.3501,6469.5,6340.0,6373.6001,979987.0
2022-03-21 09:15:00,NSE:ULTRACEMCO,6370.0,6370.0,6176.0498,6191.25,531422.0
2022-03-22 09:15:00,NSE:ULTRACEMCO,6160.0,6225.8501,6059.1001,6211.6001,1073804.0
2022-03-23 09:15:00,NSE:ULTRACEMCO,6312.5,6312.5,6195.0498,6234.0,664235.0
2022-03-24 09:15:00,NSE:ULTRACEMCO,6202.0,6379.5498,6200.0,6351.8501,642226.0
2022-03-25 09:15:00,NSE:ULTRACEMCO,6385.0,6390.6499,6284.0498,6312.7002,321023.0
2022-03-28 09:15:00,NSE:ULTRACEMCO,6345.0,6394.9502,6245.0498,6359.9502,325668.0
2022-03-29 09:15:00,NSE:ULTRACEMCO,6377.0,6548.0,6376.0,6526.6001,671879.0
2022-03-30 09:15:00,NSE:ULTRACEMCO,6542.5,6668.7998,6542.5,6642.7002,705385.0
2022-03-31 09:15:00,NSE:ULTRACEMCO,6660.0,6699.0,6581.0,6602.2998,399272.0
2022-04-01 09:15:00,NSE:ULTRACEMCO,6603.0,6688.8501,6565.0498,6670.5498,216837.0
2022-04-04 09:15:00,NSE:ULTRACEMCO,6632.0,6758.4502,6622.0,6743.8999,268314.0
2022-04-05 09:15:00,NSE:ULTRACEMCO,6770.0,6816.0,6680.0498,6726.1499,412049.0
2022-04-06 09:15:00,NSE:ULTRACEMCO,6700.0,6792.0,6690.0,6736.1499,297453.0
2022-04-07 09:15:00,NSE:ULTRACEMCO,6696.0,6796.5,6696.0,6736.6499,234000.0
2022-04-08 09:15:00,NSE:ULTRACEMCO,6799.0,6850.0,6722.8501,6837.0,309692.0
2022-04-11 09:15:00,NSE:ULTRACEMCO,6834.6499,6918.5,6800.0,6858.75,359038.0
2022-04-12 09:15:00,NSE:ULTRACEMCO,6850.0,6858.75,6721.7998,6775.5498,385829.0
2022-04-13 09:15:00,NSE:ULTRACEMCO,6750.0,6840.0,6694.2002,6730.0498,386535.0
2022-04-18 09:15:00,NSE:ULTRACEMCO,6645.5,6689.8999,6570.0498,6639.6001,240392.0
2022-04-19 09:15:00,NSE:ULTRACEMCO,6700.0,6764.25,6506.0498,6585.7002,353426.0
2022-04-20 09:15:00,NSE:ULTRACEMCO,6587.0,6827.75,6585.7002,6807.1499,328054.0
2022-04-21 09:15:00,NSE:ULTRACEMCO,6830.0,6887.0,6808.0,6846.5,181457.0
2022-04-22 09:15:00,NSE:ULTRACEMCO,6800.0,6809.9502,6710.1001,6744.1001,237385.0
2022-04-25 09:15:00,NSE:ULTRACEMCO,6694.0,6713.0498,6556.6499,6595.0498,227496.0
2022-04-26 09:15:00,NSE:ULTRACEMCO,6680.0,6694.2002,6615.0,6660.2002,279555.0
2022-04-27 09:15:00,NSE:ULTRACEMCO,6575.0,6629.8501,6536.0498,6548.4502,327597.0
2022-04-28 09:15:00,NSE:ULTRACEMCO,6598.0,6635.0,6551.0498,6616.9502,243308.0
2022-04-29 09:15:00,NSE:ULTRACEMCO,6617.3999,6797.0,6520.2002,6630.25,1139560.0
2022-05-02 09:15:00,NSE:ULTRACEMCO,6607.6001,6730.0,6542.8999,6679.0,329548.0
2022-05-04 09:15:00,NSE:ULTRACEMCO,6679.0,6708.6001,6501.0,6521.9502,228457.0
2022-05-05 09:15:00,NSE:ULTRACEMCO,6560.0,6595.8999,6340.0,6355.7002,344367.0
2022-05-06 09:15:00,NSE:ULTRACEMCO,6300.0,6300.0,6160.0,6200.2002,499910.0
2022-05-09 09:15:00,NSE:ULTRACEMCO,6175.0,6274.8999,6115.0,6224.6001,355285.0
2022-05-10 09:15:00,NSE:ULTRACEMCO,6210.8501,6423.4502,6200.5498,6366.4502,359456.0
2022-05-11 09:15:00,NSE:ULTRACEMCO,6369.9502,6436.5,6209.9502,6340.2002,217452.0
2022-05-12 09:15:00,NSE:ULTRACEMCO,6300.0,6300.0,6077.6001,6185.4502,323730.0
2022-05-13 09:15:00,NSE:ULTRACEMCO,6268.3999,6292.7998,6142.7998,6196.5498,319217.0
2022-05-16 09:15:00,NSE:ULTRACEMCO,6194.7002,6194.7002,5821.0,6012.7998,685657.0
2022-05-17 09:15:00,NSE:ULTRACEMCO,6012.7998,6125.8501,5980.3999,6107.75,637179.0
2022-05-18 09:15:00,NSE:ULTRACEMCO,6164.0,6279.0,6130.0498,6233.75,371945.0
2022-05-19 09:15:00,NSE:ULTRACEMCO,6129.0,6176.3999,6050.0,6072.6001,259111.0
2022-05-20 09:15:00,NSE:ULTRACEMCO,6165.0,6165.0,6064.2002,6128.6499,374540.0
2022-05-23 09:15:00,NSE:ULTRACEMCO,6174.0,6224.0,5900.0,5916.2998,528566.0
2022-05-24 09:15:00,NSE:ULTRACEMCO,5947.9502,5957.6001,5833.6499,5868.0498,458962.0
2022-05-25 09:15:00,NSE:ULTRACEMCO,5894.0,5979.0,5778.25,5792.2002,571568.0
2022-05-26 09:15:00,NSE:ULTRACEMCO,5821.0,5917.0,5706.75,5874.25,512954.0
2022-05-27 09:15:00,NSE:ULTRACEMCO,5905.0,5976.5,5886.0498,5948.0,290626.0
2022-05-30 09:15:00,NSE:ULTRACEMCO,6000.0,6156.75,5965.5498,6102.6499,330562.0
2022-05-31 09:15:00,NSE:ULTRACEMCO,6110.0,6140.0,6045.0498,6082.6001,431470.0
2022-06-01 09:15:00,NSE:ULTRACEMCO,6080.0,6099.7002,5950.0,5975.6499,268629.0
2022-06-02 09:15:00,NSE:ULTRACEMCO,5966.0,6023.9502,5906.0,6007.8501,320094.0
2022-06-03 09:15:00,NSE:ULTRACEMCO,6115.0,6115.0,5610.0,5678.8501,2216480.0
2022-06-06 09:15:00,NSE:ULTRACEMCO,5680.0,5735.0,5575.0,5581.3501,999722.0
2022-06-07 09:15:00,NSE:ULTRACEMCO,5560.0,5576.2998,5410.0,5555.2002,1203977.0
2022-06-08 09:15:00,NSE:ULTRACEMCO,5581.9502,5613.2998,5500.0,5531.8501,605175.0
2022-06-09 09:15:00,NSE:ULTRACEMCO,5525.0,5535.0,5445.0,5481.8999,375314.0
2022-06-10 09:15:00,NSE:ULTRACEMCO,5455.8999,5535.7002,5409.0,5511.0498,493489.0
2022-06-13 09:15:00,NSE:ULTRACEMCO,5431.0,5450.0,5337.0,5356.1499,441354.0
2022-06-14 09:15:00,NSE:ULTRACEMCO,5350.0,5498.0,5324.0,5428.6001,610906.0
2022-06-15 09:15:00,NSE:ULTRACEMCO,5440.8999,5473.5498,5401.0,5454.1499,286759.0
2022-06-16 09:15:00,NSE:ULTRACEMCO,5480.0,5486.0,5277.0498,5305.25,732233.0
2022-06-17 09:15:00,NSE:ULTRACEMCO,5300.0,5302.9502,5157.0498,5177.2998,819352.0
2022-06-20 09:15:00,NSE:ULTRACEMCO,5179.0,5347.4502,5161.7998,5333.2998,506142.0
2022-06-21 09:15:00,NSE:ULTRACEMCO,5355.0,5433.0,5262.0498,5418.8999,292408.0
2022-06-22 09:15:00,NSE:ULTRACEMCO,5400.0,5428.0,5320.0,5409.9502,214821.0
2022-06-23 09:15:00,NSE:ULTRACEMCO,5428.0,5498.8999,5358.0498,5410.2998,296712.0
2022-06-24 09:15:00,NSE:ULTRACEMCO,5450.0,5510.0,5435.2002,5468.2998,265862.0
2022-06-27 09:15:00,NSE:ULTRACEMCO,5510.0,5582.0,5488.0498,5560.25,226613.0
2022-06-28 09:15:00,NSE:ULTRACEMCO,5560.0,5585.0,5480.0,5572.75,278114.0
2022-06-29 09:15:00,NSE:ULTRACEMCO,5542.0,5648.0,5521.1001,5618.2998,490615.0
2022-06-30 09:15:00,NSE:ULTRACEMCO,5629.0,5649.0,5535.0,5607.2998,572821.0
2022-07-01 09:15:00,NSE:ULTRACEMCO,5600.0,5699.75,5485.0,5691.7002,329610.0
2022-07-04 09:15:00,NSE:ULTRACEMCO,5679.8999,5745.0,5632.1001,5709.0498,165959.0
2022-07-05 09:15:00,NSE:ULTRACEMCO,5710.5,5763.0,5700.3501,5729.9502,307970.0
2022-07-06 09:15:00,NSE:ULTRACEMCO,5750.0,5844.8999,5728.25,5828.0498,371948.0
2022-07-07 09:15:00,NSE:ULTRACEMCO,5855.0,5871.9502,5771.25,5838.8501,261593.0
2022-07-08 09:15:00,NSE:ULTRACEMCO,5851.0,5958.9502,5805.6001,5839.1001,410980.0
2022-07-11 09:15:00,NSE:ULTRACEMCO,5820.0,5869.0,5780.6001,5854.25,189671.0
2022-07-12 09:15:00,NSE:ULTRACEMCO,5823.1001,5836.5498,5730.0,5778.8501,171919.0
2022-07-13 09:15:00,NSE:ULTRACEMCO,5782.0,5885.0,5770.3501,5798.9502,263686.0
2022-07-14 09:15:00,NSE:ULTRACEMCO,5800.0,5851.9502,5682.25,5735.0498,285686.0
2022-07-15 09:15:00,NSE:ULTRACEMCO,5720.0,5832.0,5701.0,5807.0498,255753.0
2022-07-18 09:15:00,NSE:ULTRACEMCO,5832.0,5991.0,5811.3999,5982.3999,512929.0
2022-07-19 09:15:00,NSE:ULTRACEMCO,5994.8999,6095.9502,5982.6499,6085.8501,555572.0
2022-07-20 09:15:00,NSE:ULTRACEMCO,6111.0,6145.0,6077.0,6089.0,371187.0
2022-07-21 09:15:00,NSE:ULTRACEMCO,6125.0,6149.1499,6036.0,6130.7002,328612.0
2022-07-22 09:15:00,NSE:ULTRACEMCO,6131.0,6495.0,6099.0498,6458.7002,1441549.0
2022-07-25 09:15:00,NSE:ULTRACEMCO,6349.0,6446.7998,6260.0498,6382.8999,919050.0
2022-07-26 09:15:00,NSE:ULTRACEMCO,6389.5,6462.0498,6307.2002,6399.6499,549442.0
2022-07-27 09:15:00,NSE:ULTRACEMCO,6390.2998,6551.0,6365.8999,6535.3501,424070.0
2022-07-28 09:15:00,NSE:ULTRACEMCO,6560.0,6560.0,6445.0,6471.25,462464.0
2022-07-29 09:15:00,NSE:ULTRACEMCO,6539.7002,6577.25,6490.0,6544.7998,360851.0
2022-08-01 09:15:00,NSE:ULTRACEMCO,6587.9502,6664.0,6560.0498,6657.6499,414339.0
2022-08-02 09:15:00,NSE:ULTRACEMCO,6627.8501,6694.0,6595.0,6651.2998,274658.0
2022-08-03 09:15:00,NSE:ULTRACEMCO,6665.0,6695.0,6514.0498,6602.7002,266360.0
2022-08-04 09:15:00,NSE:ULTRACEMCO,6648.0,6685.3501,6550.0,6588.0498,275815.0
2022-08-05 09:15:00,NSE:ULTRACEMCO,6588.0498,6799.0,6588.0498,6775.2002,741250.0
2022-08-08 09:15:00,NSE:ULTRACEMCO,6755.0,6775.2002,6647.0,6677.8501,313912.0
2022-08-10 09:15:00,NSE:ULTRACEMCO,6724.3501,6742.1001,6580.5498,6595.6499,271291.0
2022-08-11 09:15:00,NSE:ULTRACEMCO,6630.1001,6654.9502,6573.6001,6597.1001,303393.0
2022-08-12 09:15:00,NSE:ULTRACEMCO,6595.0,6610.1499,6515.0,6559.2998,269932.0
2022-08-16 09:15:00,NSE:ULTRACEMCO,6592.1001,6679.0,6560.0498,6656.0,270299.0
2022-08-17 09:15:00,NSE:ULTRACEMCO,6710.0,6723.75,6594.0498,6609.8501,341063.0
2022-08-18 09:15:00,NSE:ULTRACEMCO,6609.1001,6710.25,6609.1001,6703.9502,300992.0
2022-08-19 09:15:00,NSE:ULTRACEMCO,6725.0,6782.8999,6606.0,6647.5498,641293.0
2022-08-22 09:15:00,NSE:ULTRACEMCO,6655.0,6666.8501,6445.0498,6467.5,345960.0
2022-08-23 09:15:00,NSE:ULTRACEMCO,6445.0,6580.0,6405.1001,6495.3999,379309.0
2022-08-24 09:15:00,NSE:ULTRACEMCO,6452.1001,6533.7002,6452.1001,6508.3501,223101.0
2022-08-25 09:15:00,NSE:ULTRACEMCO,6530.0,6606.0,6454.6001,6475.0498,470687.0
2022-08-26 09:15:00,NSE:ULTRACEMCO,6507.4502,6570.0,6471.0,6517.1499,415698.0
2022-08-29 09:15:00,NSE:ULTRACEMCO,6402.0,6580.0,6402.0,6506.2998,366457.0
2022-08-30 09:15:00,NSE:ULTRACEMCO,6538.8501,6690.0,6525.0,6677.8501,467147.0
2022-09-01 09:15:00,NSE:ULTRACEMCO,6629.0,6760.0,6605.0,6632.5,386222.0
2022-09-02 09:15:00,NSE:ULTRACEMCO,6640.0,6666.6499,6545.0,6577.5,268505.0
2022-09-05 09:15:00,NSE:ULTRACEMCO,6575.0,6619.8501,6496.3999,6521.9502,385312.0
2022-09-06 09:15:00,NSE:ULTRACEMCO,6540.0,6556.0,6456.0498,6495.5,341220.0
2022-09-07 09:15:00,NSE:ULTRACEMCO,6460.0,6798.0,6431.0,6770.7998,918604.0
2022-09-08 09:15:00,NSE:ULTRACEMCO,6844.0,6939.0,6780.0,6919.6499,879685.0
2022-09-09 09:15:00,NSE:ULTRACEMCO,6930.0,7029.0,6764.1499,6783.6499,567059.0
2022-09-12 09:15:00,NSE:ULTRACEMCO,6783.6499,6900.0,6740.0,6869.6001,488043.0
2022-09-13 09:15:00,NSE:ULTRACEMCO,6899.0,6969.6001,6855.0,6896.2998,412295.0
2022-09-14 09:15:00,NSE:ULTRACEMCO,6790.0,6964.3999,6760.1001,6875.75,543948.0
2022-09-15 09:15:00,NSE:ULTRACEMCO,6909.0,6925.0,6758.1499,6790.0498,437578.0
2022-09-16 09:15:00,NSE:ULTRACEMCO,6790.0498,6818.75,6451.0,6481.3999,831639.0
2022-09-19 09:15:00,NSE:ULTRACEMCO,6395.0,6511.9502,6244.6001,6459.8501,808807.0
2022-09-20 09:15:00,NSE:ULTRACEMCO,6492.7002,6563.3501,6457.9502,6484.6499,373825.0
2022-09-21 09:15:00,NSE:ULTRACEMCO,6500.0,6532.9502,6296.5498,6313.75,616165.0
2022-09-22 09:15:00,NSE:ULTRACEMCO,6300.0,6364.8501,6230.0,6239.3999,492098.0
2022-09-23 09:15:00,NSE:ULTRACEMCO,6260.0,6283.9502,6127.1499,6139.9502,570526.0
2022-09-26 09:15:00,NSE:ULTRACEMCO,6119.9502,6240.0,6005.0,6177.1001,497458.0
2022-09-27 09:15:00,NSE:ULTRACEMCO,6208.0,6273.9502,6128.0,6192.8501,467962.0
2022-09-28 09:15:00,NSE:ULTRACEMCO,6150.0,6277.6499,6112.0498,6172.9502,378895.0
2022-09-29 09:15:00,NSE:ULTRACEMCO,6218.0,6262.8501,6145.0,6175.8999,407574.0
2022-09-30 09:15:00,NSE:ULTRACEMCO,6172.2002,6325.0,6172.0,6255.1001,442887.0
2022-10-03 09:15:00,NSE:ULTRACEMCO,6286.3999,6355.2998,6229.2002,6242.5498,337932.0
2022-10-04 09:15:00,NSE:ULTRACEMCO,6348.8999,6381.8501,6280.1499,6307.5498,307268.0
2022-10-06 09:15:00,NSE:ULTRACEMCO,6340.0,6366.8501,6257.5,6287.25,495617.0
2022-10-07 09:15:00,NSE:ULTRACEMCO,6300.0,6307.2002,6133.3999,6203.5,454883.0
2022-10-10 09:15:00,NSE:ULTRACEMCO,6156.2002,6173.25,6120.0,6149.8999,282642.0
2022-10-11 09:15:00,NSE:ULTRACEMCO,6180.6499,6205.0,6060.6001,6076.75,276525.0
2022-10-12 09:15:00,NSE:ULTRACEMCO,6085.0,6190.0,6057.7998,6177.7002,223353.0
2022-10-13 09:15:00,NSE:ULTRACEMCO,6172.0,6216.0,6101.0,6181.75,314360.0
2022-10-14 09:15:00,NSE:ULTRACEMCO,6260.0,6260.0,6169.0,6192.0,249291.0
2022-10-17 09:15:00,NSE:ULTRACEMCO,6170.0,6281.7998,6082.2002,6271.5,453912.0
2022-10-18 09:15:00,NSE:ULTRACEMCO,6305.0,6444.0,6290.25,6346.75,558284.0
2022-10-19 09:15:00,NSE:ULTRACEMCO,6348.1001,6446.0,6250.1001,6398.3999,919146.0
2022-10-20 09:15:00,NSE:ULTRACEMCO,6340.0,6413.0,6277.0,6302.2998,476962.0
2022-10-21 09:15:00,NSE:ULTRACEMCO,6315.6001,6421.0,6315.6001,6362.8999,307899.0
2022-10-24 18:15:00,NSE:ULTRACEMCO,6440.0,6444.0,6370.3501,6394.6001,56532.0
2022-10-25 09:15:00,NSE:ULTRACEMCO,6420.0,6474.0,6387.2002,6415.7002,313500.0
2022-10-27 09:15:00,NSE:ULTRACEMCO,6474.0,6474.0,6372.0,6436.7998,248556.0
2022-10-28 09:15:00,NSE:ULTRACEMCO,6442.0,6470.0,6406.5,6445.8501,151834.0
2022-10-31 09:15:00,NSE:ULTRACEMCO,6478.1001,6730.8999,6454.75,6714.9502,538107.0
2022-11-01 09:15:00,NSE:ULTRACEMCO,6743.9502,6850.0,6718.2002,6820.8999,429855.0
2022-11-02 09:15:00,NSE:ULTRACEMCO,6825.0498,6875.0,6725.0498,6779.8999,255634.0
2022-11-03 09:15:00,NSE:ULTRACEMCO,6730.0498,6784.0,6670.0498,6728.25,217701.0
2022-11-04 09:15:00,NSE:ULTRACEMCO,6759.0,6960.0,6735.7998,6893.0498,646411.0
2022-11-07 09:15:00,NSE:ULTRACEMCO,6925.0,7018.0,6868.0,6973.5,353341.0
2022-11-09 09:15:00,NSE:ULTRACEMCO,7000.0,7060.0,6858.0,6903.5,312745.0
2022-11-10 09:15:00,NSE:ULTRACEMCO,6895.0,6895.0,6790.0,6801.2998,330402.0
2022-11-11 09:15:00,NSE:ULTRACEMCO,6839.9502,6927.7998,6787.4502,6813.2002,293195.0
2022-11-14 09:15:00,NSE:ULTRACEMCO,6845.0,6897.5,6819.3999,6854.3999,484476.0
2022-11-15 09:15:00,NSE:ULTRACEMCO,6880.0,7000.0,6867.0498,6964.5498,625270.0
2022-11-16 09:15:00,NSE:ULTRACEMCO,6986.9502,7035.0,6868.7998,6912.0,307352.0
2022-11-17 09:15:00,NSE:ULTRACEMCO,6933.0,6959.6001,6850.1001,6871.8501,196795.0
2022-11-18 09:15:00,NSE:ULTRACEMCO,6900.0,6939.1001,6762.0,6814.4502,296995.0
2022-11-21 09:15:00,NSE:ULTRACEMCO,6809.7998,6875.8501,6740.5498,6754.8501,249498.0
2022-11-22 09:15:00,NSE:ULTRACEMCO,6755.1001,6917.0,6740.5498,6843.0498,393509.0
2022-11-23 09:15:00,NSE:ULTRACEMCO,6877.2002,6904.5,6801.3501,6824.0498,258946.0
2022-11-24 09:15:00,NSE:ULTRACEMCO,6844.8999,6890.0,6831.0,6860.2002,297230.0
2022-11-25 09:15:00,NSE:ULTRACEMCO,6904.0,6943.0,6850.0,6874.0,377893.0
2022-11-28 09:15:00,NSE:ULTRACEMCO,6874.0,6924.8999,6863.0,6892.2998,239438.0
2022-11-29 09:15:00,NSE:ULTRACEMCO,6900.0,7005.0,6895.0,6928.8999,336266.0
2022-11-30 09:15:00,NSE:ULTRACEMCO,6948.0,7095.0,6905.0498,7077.0,489956.0
2022-12-01 09:15:00,NSE:ULTRACEMCO,7100.0,7299.0,7035.0498,7274.0,1086727.0
2022-12-02 09:15:00,NSE:ULTRACEMCO,7275.0,7299.0,7159.0,7237.0498,442739.0
2022-12-05 09:15:00,NSE:ULTRACEMCO,7260.0,7285.0,7157.5,7198.6001,235887.0
2022-12-06 09:15:00,NSE:ULTRACEMCO,7185.0498,7273.7002,7140.0,7242.0498,312838.0
2022-12-07 09:15:00,NSE:ULTRACEMCO,7255.0,7294.8999,7146.0,7162.2002,324940.0
2022-12-08 09:15:00,NSE:ULTRACEMCO,7199.0,7219.6001,7154.0,7179.0498,262827.0
2022-12-09 09:15:00,NSE:ULTRACEMCO,7201.2002,7223.1001,7040.0,7077.3999,211582.0
2022-12-12 09:15:00,NSE:ULTRACEMCO,7089.0,7163.9502,6970.1499,7146.8501,260579.0
2022-12-13 09:15:00,NSE:ULTRACEMCO,7179.9502,7243.0,7155.2002,7225.2998,285708.0
2022-12-14 09:15:00,NSE:ULTRACEMCO,7245.8999,7278.9502,7175.0,7197.5498,226179.0
2022-12-15 09:15:00,NSE:ULTRACEMCO,7197.5498,7217.5498,7088.0,7113.8999,241610.0
2022-12-16 09:15:00,NSE:ULTRACEMCO,7108.0498,7164.7998,6993.1499,7014.1001,285180.0
2022-12-19 09:15:00,NSE:ULTRACEMCO,7042.7998,7114.3999,7010.0,7076.0,251219.0
2022-12-20 09:15:00,NSE:ULTRACEMCO,7090.0,7125.0498,7005.6001,7098.0,488123.0
2022-12-21 09:15:00,NSE:ULTRACEMCO,7130.5,7153.2998,6926.0,6950.7002,388167.0
2022-12-22 09:15:00,NSE:ULTRACEMCO,6981.0,7092.0,6860.0,7012.3999,338708.0
2022-12-23 09:15:00,NSE:ULTRACEMCO,6970.9502,6985.0,6875.1001,6909.3999,289661.0
2022-12-26 09:15:00,NSE:ULTRACEMCO,6911.0,7104.8999,6864.3501,7074.0,328414.0
2022-12-27 09:15:00,NSE:ULTRACEMCO,7100.0,7165.9502,7041.0,7107.2002,295144.0
2022-12-28 09:15:00,NSE:ULTRACEMCO,7106.3999,7157.5,7026.2998,7053.7998,260015.0
2022-12-29 09:15:00,NSE:ULTRACEMCO,7030.0498,7035.3999,6905.0,6982.2002,449116.0
2022-12-30 09:15:00,NSE:ULTRACEMCO,7000.0,7053.0498,6950.25,6959.0498,232317.0
2023-01-02 09:15:00,NSE:ULTRACEMCO,6979.8999,7039.9502,6950.1001,7017.9502,212580.0
2023-01-03 09:15:00,NSE:ULTRACEMCO,7029.9502,7039.0,6960.0498,6993.6001,188315.0
2023-01-04 09:15:00,NSE:ULTRACEMCO,7000.0,7062.0,6983.8501,7005.3501,319221.0
2023-01-05 09:15:00,NSE:ULTRACEMCO,7014.9502,7042.2002,6945.0,7007.0,236570.0
2023-01-06 09:15:00,NSE:ULTRACEMCO,7007.0,7029.8999,6951.0,6982.2002,160184.0
2023-01-09 09:15:00,NSE:ULTRACEMCO,7040.0,7064.0,7002.8999,7034.8501,298470.0
2023-01-10 09:15:00,NSE:ULTRACEMCO,7049.9502,7049.9502,6889.1499,6920.2998,263888.0
2023-01-11 09:15:00,NSE:ULTRACEMCO,6948.0,7033.0,6922.0,7021.9502,295408.0
2023-01-12 09:15:00,NSE:ULTRACEMCO,7024.9502,7166.9502,7024.9502,7153.3501,566492.0
2023-01-13 09:15:00,NSE:ULTRACEMCO,7175.0,7258.0,7138.0,7248.8999,462134.0
2023-01-16 09:15:00,NSE:ULTRACEMCO,7270.0,7334.75,7250.25,7284.8501,440500.0
2023-01-17 09:15:00,NSE:ULTRACEMCO,7280.0,7389.0,7262.8501,7377.6499,385734.0
2023-01-18 09:15:00,NSE:ULTRACEMCO,7373.0,7383.0,7270.0,7283.4502,447736.0
2023-01-19 09:15:00,NSE:ULTRACEMCO,7260.0,7260.0,7186.0498,7212.3501,412001.0
2023-01-20 09:15:00,NSE:ULTRACEMCO,7212.3501,7265.0,7150.0,7177.1499,353292.0
2023-01-23 09:15:00,NSE:ULTRACEMCO,7125.0,7184.9502,6830.0,6849.75,998103.0
2023-01-24 09:15:00,NSE:ULTRACEMCO,6882.0,6897.6499,6782.6001,6809.7002,444188.0
2023-01-25 09:15:00,NSE:ULTRACEMCO,6805.9502,6830.8501,6672.0,6705.1001,509299.0
2023-01-27 09:15:00,NSE:ULTRACEMCO,6734.0,6799.0,6604.1001,6715.6001,635582.0
2023-01-30 09:15:00,NSE:ULTRACEMCO,6747.0,6903.9502,6642.5498,6887.7002,699269.0
2023-01-31 09:15:00,NSE:ULTRACEMCO,6925.0,7099.0,6892.5498,7085.5498,593220.0
2023-02-01 09:15:00,NSE:ULTRACEMCO,7085.0,7239.0,6981.6001,7141.3999,648015.0
2023-02-02 09:15:00,NSE:ULTRACEMCO,7100.0,7310.0,7005.0498,7167.6499,647192.0
2023-02-03 09:15:00,NSE:ULTRACEMCO,7184.9502,7225.0,7131.0,7189.2002,364197.0
2023-02-06 09:15:00,NSE:ULTRACEMCO,7156.2998,7207.75,7112.7998,7127.25,314446.0
2023-02-07 09:15:00,NSE:ULTRACEMCO,7154.9502,7205.0,7052.1499,7071.7998,295067.0
2023-02-08 09:15:00,NSE:ULTRACEMCO,7114.0,7293.75,7114.0,7250.3501,559696.0
2023-02-09 09:15:00,NSE:ULTRACEMCO,7250.0,7250.0,7160.0,7179.75,334529.0
2023-02-10 09:15:00,NSE:ULTRACEMCO,7175.0,7226.8999,7147.0498,7206.0498,407822.0
2023-02-13 09:15:00,NSE:ULTRACEMCO,7215.0,7250.0,7155.0,7179.25,323236.0
2023-02-14 09:15:00,NSE:ULTRACEMCO,7215.1499,7229.8999,7125.5498,7139.2002,328419.0
2023-02-15 09:15:00,NSE:ULTRACEMCO,7138.0,7177.0,7047.6499,7151.8501,404971.0
2023-02-16 09:15:00,NSE:ULTRACEMCO,7187.6499,7193.7998,7108.0,7171.75,264069.0
2023-02-17 09:15:00,NSE:ULTRACEMCO,7176.0,7393.2998,7176.0,7297.8501,1063293.0
2023-02-20 09:15:00,NSE:ULTRACEMCO,7301.0,7492.0,7301.0,7426.8501,713498.0
2023-02-21 09:15:00,NSE:ULTRACEMCO,7444.7998,7485.0,7321.0,7340.5498,399493.0
2023-02-22 09:15:00,NSE:ULTRACEMCO,7327.0,7331.8501,7192.0,7205.75,402548.0
2023-02-23 09:15:00,NSE:ULTRACEMCO,7241.7998,7266.0,7142.1001,7176.9502,286748.0
2023-02-24 09:15:00,NSE:ULTRACEMCO,7212.8501,7241.7998,7165.8999,7216.7002,206602.0
2023-02-27 09:15:00,NSE:ULTRACEMCO,7220.0,7235.0,7136.4502,7186.6499,295092.0
2023-02-28 09:15:00,NSE:ULTRACEMCO,7182.0498,7283.9502,7162.2002,7261.2998,429256.0
2023-03-01 09:15:00,NSE:ULTRACEMCO,7227.0,7344.0,7220.0,7274.1499,317216.0
2023-03-02 09:15:00,NSE:ULTRACEMCO,7274.1499,7330.0,7252.8501,7289.2002,180178.0
2023-03-03 09:15:00,NSE:ULTRACEMCO,7330.0,7350.0,7188.25,7215.9502,408754.0
2023-03-06 09:15:00,NSE:ULTRACEMCO,7244.0,7255.5,7191.0,7200.6001,154817.0
2023-03-08 09:15:00,NSE:ULTRACEMCO,7214.9502,7283.4502,7187.2998,7267.25,237790.0
2023-03-09 09:15:00,NSE:ULTRACEMCO,7267.0,7301.25,7207.1001,7242.9502,158808.0
2023-03-10 09:15:00,NSE:ULTRACEMCO,7200.0,7242.9502,7136.3999,7226.3999,154319.0
2023-03-13 09:15:00,NSE:ULTRACEMCO,7225.0,7258.0,7054.7998,7075.6001,176576.0
2023-03-14 09:15:00,NSE:ULTRACEMCO,7080.0,7115.0,6991.0,7063.9502,210976.0
2023-03-15 09:15:00,NSE:ULTRACEMCO,7126.0,7188.0,7082.2002,7100.75,265536.0
2023-03-16 09:15:00,NSE:ULTRACEMCO,7135.6001,7149.7998,7076.0498,7104.6001,459814.0
2023-03-17 09:15:00,NSE:ULTRACEMCO,7159.1499,7308.8999,7159.1499,7289.9502,383505.0
2023-03-20 09:15:00,NSE:ULTRACEMCO,7275.0,7284.3999,7098.0,7243.2002,520041.0
2023-03-21 09:15:00,NSE:ULTRACEMCO,7243.0,7360.0,7237.1001,7352.75,350524.0
2023-03-22 09:15:00,NSE:ULTRACEMCO,7360.0,7449.1001,7353.0,7396.6499,381601.0
2023-03-23 09:15:00,NSE:ULTRACEMCO,7371.0,7465.0,7358.4502,7407.9502,232908.0
2023-03-24 09:15:00,NSE:ULTRACEMCO,7404.0,7431.2002,7327.5498,7405.6499,228994.0
2023-03-27 09:15:00,NSE:ULTRACEMCO,7407.0,7483.4502,7392.4502,7450.2002,251626.0
2023-03-28 09:15:00,NSE:ULTRACEMCO,7484.0,7511.8999,7368.3501,7403.1001,249783.0
2023-03-29 09:15:00,NSE:ULTRACEMCO,7419.7998,7600.0,7400.0,7570.75,445346.0
2023-03-31 09:15:00,NSE:ULTRACEMCO,7575.1001,7644.2998,7547.0498,7622.1499,378456.0
2023-04-03 09:15:00,NSE:ULTRACEMCO,7670.8999,7737.0,7580.1001,7640.5,360584.0
2023-04-05 09:15:00,NSE:ULTRACEMCO,7575.0,7699.6499,7575.0,7691.9502,233489.0
2023-04-06 09:15:00,NSE:ULTRACEMCO,7690.0,7730.0,7668.8501,7701.8501,227682.0
2023-04-10 09:15:00,NSE:ULTRACEMCO,7701.8501,7772.0,7668.0,7696.25,226983.0
2023-04-11 09:15:00,NSE:ULTRACEMCO,7715.0,7793.9502,7715.0,7741.4502,354799.0
2023-04-12 09:15:00,NSE:ULTRACEMCO,7750.0,7794.0,7675.0,7682.8501,264416.0
2023-04-13 09:15:00,NSE:ULTRACEMCO,7705.0498,7749.0,7628.4502,7655.25,292568.0
2023-04-17 09:15:00,NSE:ULTRACEMCO,7655.25,7824.0,7645.0498,7742.4502,488286.0
2023-04-18 09:15:00,NSE:ULTRACEMCO,7779.0,7779.0,7570.0,7595.2998,437232.0
2023-04-19 09:15:00,NSE:ULTRACEMCO,7605.0,7634.0,7478.5,7515.8999,341302.0
2023-04-20 09:15:00,NSE:ULTRACEMCO,7572.6001,7600.0,7445.6001,7475.7998,263429.0
2023-04-21 09:15:00,NSE:ULTRACEMCO,7500.0498,7517.4502,7339.25,7358.5,388408.0
2023-04-24 09:15:00,NSE:ULTRACEMCO,7350.0,7458.0,7308.5498,7440.5498,513771.0
2023-04-25 09:15:00,NSE:ULTRACEMCO,7455.8999,7507.4502,7425.2998,7439.2002,285446.0
2023-04-26 09:15:00,NSE:ULTRACEMCO,7464.0,7480.0,7300.0,7456.8999,230254.0
2023-04-27 09:15:00,NSE:ULTRACEMCO,7459.0,7508.0,7436.8999,7500.8999,205177.0
2023-04-28 09:15:00,NSE:ULTRACEMCO,7512.0,7579.0,7490.0,7556.2002,457487.0
2023-05-02 09:15:00,NSE:ULTRACEMCO,7545.5,7582.0,7440.0,7456.6001,544731.0
2023-05-03 09:15:00,NSE:ULTRACEMCO,7524.0,7542.0,7434.4502,7507.2002,384431.0
2023-05-04 09:15:00,NSE:ULTRACEMCO,7514.7002,7529.0,7485.0498,7502.25,232203.0
2023-05-05 09:15:00,NSE:ULTRACEMCO,7520.0,7668.8999,7505.5,7628.7998,319654.0
2023-05-08 09:15:00,NSE:ULTRACEMCO,7630.0,7754.0,7620.0,7735.4502,295156.0
2023-05-09 09:15:00,NSE:ULTRACEMCO,7758.9502,7823.0,7687.5,7716.25,289797.0
2023-05-10 09:15:00,NSE:ULTRACEMCO,7760.0,7775.0,7722.0,7743.2002,234884.0
2023-05-11 09:15:00,NSE:ULTRACEMCO,7790.0,7855.7998,7750.1001,7835.4502,320219.0
2023-05-12 09:15:00,NSE:ULTRACEMCO,7839.9502,7920.0,7691.7998,7702.9502,246799.0
2023-05-15 09:15:00,NSE:ULTRACEMCO,7728.8999,7775.0,7716.5,7760.9502,183594.0
2023-05-16 09:15:00,NSE:ULTRACEMCO,7770.0,7805.3501,7685.0,7698.7002,250490.0
2023-05-17 09:15:00,NSE:ULTRACEMCO,7717.0,7759.9502,7653.0,7700.4502,205629.0
2023-05-18 09:15:00,NSE:ULTRACEMCO,7744.7998,7767.8501,7586.5,7604.1499,157714.0
2023-05-19 09:15:00,NSE:ULTRACEMCO,7637.0,7689.1499,7585.1001,7681.2998,138709.0
2023-05-22 09:15:00,NSE:ULTRACEMCO,7655.0,7738.0,7650.0,7715.6499,139603.0
2023-05-23 09:15:00,NSE:ULTRACEMCO,7675.0,7752.3999,7625.2998,7654.25,149291.0
2023-05-24 09:15:00,NSE:ULTRACEMCO,7650.0,7683.9502,7590.0498,7653.7998,160565.0
2023-05-25 09:15:00,NSE:ULTRACEMCO,7644.2998,7668.1001,7594.2998,7621.75,257361.0
2023-05-26 09:15:00,NSE:ULTRACEMCO,7670.0,7750.0,7633.8999,7721.8501,252078.0
2023-05-29 09:15:00,NSE:ULTRACEMCO,7750.0,7857.7002,7735.0,7840.5498,210769.0
2023-05-30 09:15:00,NSE:ULTRACEMCO,7865.0,7970.0,7840.6001,7901.9502,414785.0
2023-05-31 09:15:00,NSE:ULTRACEMCO,7895.0,7927.4502,7779.8501,7870.0498,1137662.0
2023-06-01 09:15:00,NSE:ULTRACEMCO,7871.0,7898.7998,7809.7998,7842.7998,184642.0
2023-06-02 09:15:00,NSE:ULTRACEMCO,7861.0,7947.4502,7826.4502,7850.6499,248325.0
2023-06-05 09:15:00,NSE:ULTRACEMCO,7897.0,7925.0,7865.0,7882.0,186015.0
2023-06-06 09:15:00,NSE:ULTRACEMCO,7888.0,8120.0,7888.0,8109.5498,635244.0
2023-06-07 09:15:00,NSE:ULTRACEMCO,8135.1001,8171.8999,8082.5498,8157.6001,298650.0
2023-06-08 09:15:00,NSE:ULTRACEMCO,8170.0,8213.9502,8086.0,8100.1499,349085.0
2023-06-09 09:15:00,NSE:ULTRACEMCO,8158.0,8217.7002,8108.2002,8153.25,325814.0
2023-06-12 09:15:00,NSE:ULTRACEMCO,8160.5,8205.0,8102.3501,8198.5996,195134.0
2023-06-13 09:15:00,NSE:ULTRACEMCO,8212.5,8318.2998,8211.75,8276.2998,249199.0
2023-06-14 09:15:00,NSE:ULTRACEMCO,8308.9502,8366.9502,8276.75,8358.2998,289643.0
2023-06-15 09:15:00,NSE:ULTRACEMCO,8380.0,8428.0,8309.0,8333.2002,406197.0
2023-06-16 09:15:00,NSE:ULTRACEMCO,8364.9502,8432.1504,8305.8496,8333.25,356982.0
2023-06-19 09:15:00,NSE:ULTRACEMCO,8358.0,8415.5996,8252.9004,8268.5996,187488.0
2023-06-20 09:15:00,NSE:ULTRACEMCO,8268.0,8291.4004,8171.2998,8243.4502,343189.0
2023-06-21 09:15:00,NSE:ULTRACEMCO,8252.4004,8352.6504,8227.0,8241.5498,373929.0
2023-06-22 09:15:00,NSE:ULTRACEMCO,8277.0,8279.0,8145.7002,8162.75,226654.0
2023-06-23 09:15:00,NSE:ULTRACEMCO,8163.2002,8165.0498,8060.0,8080.2002,198255.0
2023-06-26 09:15:00,NSE:ULTRACEMCO,8060.0,8270.0,8060.0,8167.1001,241856.0
2023-06-27 09:15:00,NSE:ULTRACEMCO,8184.9502,8229.0996,8168.6499,8208.5,236562.0
2023-06-28 09:15:00,NSE:ULTRACEMCO,8201.0996,8318.7998,8182.0,8260.6504,282115.0
2023-06-30 09:15:00,NSE:ULTRACEMCO,8300.0,8319.0,8236.7002,8294.75,225746.0
2023-07-03 09:15:00,NSE:ULTRACEMCO,8383.0,8499.0,8363.2998,8463.7998,373703.0
2023-07-04 09:15:00,NSE:ULTRACEMCO,8498.0,8498.0,8384.0,8411.7002,206677.0
2023-07-05 09:15:00,NSE:ULTRACEMCO,8429.9502,8452.0,8342.75,8377.2002,195350.0
2023-07-06 09:15:00,NSE:ULTRACEMCO,8415.0,8479.9502,8380.0,8410.2002,275687.0
2023-07-07 09:15:00,NSE:ULTRACEMCO,8417.9502,8447.4004,8325.5996,8336.4502,354695.0
2023-07-10 09:15:00,NSE:ULTRACEMCO,8350.0,8434.4502,8336.0,8351.3496,173234.0
2023-07-11 09:15:00,NSE:ULTRACEMCO,8395.2998,8443.2998,8305.0498,8325.9004,300378.0
2023-07-12 09:15:00,NSE:ULTRACEMCO,8364.0,8373.3496,8152.5,8220.5,508967.0
2023-07-13 09:15:00,NSE:ULTRACEMCO,8268.0,8350.0,8206.5,8234.0,272841.0
2023-07-14 09:15:00,NSE:ULTRACEMCO,8299.0,8299.0,8148.0,8182.5498,249245.0
2023-07-17 09:15:00,NSE:ULTRACEMCO,8207.0,8260.0,8189.9502,8251.0,202735.0
2023-07-18 09:15:00,NSE:ULTRACEMCO,8225.0,8251.0,8157.0,8176.0,280527.0
2023-07-19 09:15:00,NSE:ULTRACEMCO,8166.0,8356.8496,8163.75,8329.2002,150429.0
2023-07-20 09:15:00,NSE:ULTRACEMCO,8349.9502,8349.9502,8165.0,8224.1504,307197.0
2023-07-21 09:15:00,NSE:ULTRACEMCO,8244.0,8313.5,8072.0,8119.2002,656733.0
2023-07-24 09:15:00,NSE:ULTRACEMCO,8200.0,8244.1504,8088.3999,8219.8496,482809.0
2023-07-25 09:15:00,NSE:ULTRACEMCO,8244.7002,8415.0,8244.7002,8393.2998,583167.0
2023-07-26 09:15:00,NSE:ULTRACEMCO,8415.9004,8458.5996,8340.0,8352.3496,191345.0
2023-07-27 09:15:00,NSE:ULTRACEMCO,8352.0,8390.7998,8255.0,8288.25,216816.0
2023-07-28 09:15:00,NSE:ULTRACEMCO,8295.0,8341.6504,8225.0,8306.75,204996.0
2023-07-31 09:15:00,NSE:ULTRACEMCO,8329.0,8410.0,8301.5498,8318.1504,240038.0
2023-08-01 09:15:00,NSE:ULTRACEMCO,8347.0,8368.0,8270.5996,8281.7998,217562.0
2023-08-02 09:15:00,NSE:ULTRACEMCO,8268.0,8315.0,8213.4004,8287.7002,134414.0
2023-08-03 09:15:00,NSE:ULTRACEMCO,8285.0996,8285.0996,8080.0,8136.1499,390602.0
2023-08-04 09:15:00,NSE:ULTRACEMCO,8178.0,8231.8496,8148.75,8158.1499,248048.0
2023-08-07 09:15:00,NSE:ULTRACEMCO,8188.2998,8250.0,8160.0,8175.4502,195297.0
2023-08-08 09:15:00,NSE:ULTRACEMCO,8175.4502,8229.9502,8137.0,8156.8501,166007.0
2023-08-09 09:15:00,NSE:ULTRACEMCO,8160.0,8173.9502,8086.0,8111.25,222338.0
2023-08-10 09:15:00,NSE:ULTRACEMCO,8134.0,8205.0,8076.0,8102.2002,296178.0
2023-08-11 09:15:00,NSE:ULTRACEMCO,8125.0,8155.0,8044.75,8132.9502,293096.0
2023-08-14 09:15:00,NSE:ULTRACEMCO,8129.7998,8142.5498,8019.0498,8054.2998,544313.0
2023-08-16 09:15:00,NSE:ULTRACEMCO,8004.9502,8265.0,7987.6499,8251.9004,282782.0
2023-08-17 09:15:00,NSE:ULTRACEMCO,8225.0996,8233.0996,8150.0498,8207.3496,248724.0
2023-08-18 09:15:00,NSE:ULTRACEMCO,8200.0,8246.4004,8165.7998,8214.8496,265260.0
2023-08-21 09:15:00,NSE:ULTRACEMCO,8214.4004,8278.9502,8205.5,8219.2998,216794.0
2023-08-22 09:15:00,NSE:ULTRACEMCO,8222.0498,8267.9502,8192.0498,8203.5,193112.0
2023-08-23 09:15:00,NSE:ULTRACEMCO,8209.9004,8234.9004,8147.0,8161.8999,208545.0
2023-08-24 09:15:00,NSE:ULTRACEMCO,8211.0,8324.0,8164.0,8211.4004,273837.0
2023-08-25 09:15:00,NSE:ULTRACEMCO,8179.0,8190.0,8061.0,8071.4502,191154.0
2023-08-28 09:15:00,NSE:ULTRACEMCO,8134.7998,8150.3999,8048.4502,8117.6499,327780.0
2023-08-29 09:15:00,NSE:ULTRACEMCO,8159.8999,8218.0,8125.1499,8199.7002,230713.0
2023-08-30 09:15:00,NSE:ULTRACEMCO,8230.0,8314.7998,8200.0498,8265.9502,223225.0
2023-08-31 09:15:00,NSE:ULTRACEMCO,8288.7998,8360.0,8226.0,8297.4502,482614.0
2023-09-01 09:15:00,NSE:ULTRACEMCO,8300.0,8345.0,8249.0,8262.4004,215635.0
2023-09-04 09:15:00,NSE:ULTRACEMCO,8284.9502,8594.0,8282.5498,8582.5498,620108.0
2023-09-05 09:15:00,NSE:ULTRACEMCO,8582.0,8600.0,8448.2002,8454.8496,210587.0
2023-09-06 09:15:00,NSE:ULTRACEMCO,8484.8496,8556.7998,8444.0996,8537.4004,327847.0
2023-09-07 09:15:00,NSE:ULTRACEMCO,8537.4004,8545.0,8430.0,8495.1504,203477.0
2023-09-08 09:15:00,NSE:ULTRACEMCO,8535.0,8550.0,8400.0,8430.5498,125962.0
2023-09-11 09:15:00,NSE:ULTRACEMCO,8450.9502,8498.6504,8426.1504,8461.7002,131688.0
2023-09-12 09:15:00,NSE:ULTRACEMCO,8519.9502,8609.8496,8395.0,8571.6504,335823.0
2023-09-13 09:15:00,NSE:ULTRACEMCO,8590.0,8685.0,8525.5,8636.3496,321018.0
2023-09-14 09:15:00,NSE:ULTRACEMCO,8666.0,8700.0,8603.0,8687.9502,311971.0
2023-09-15 09:15:00,NSE:ULTRACEMCO,8721.0,8750.9502,8661.25,8728.3496,357249.0
2023-09-18 09:15:00,NSE:ULTRACEMCO,8728.0,8737.5996,8607.0,8628.0,129308.0
2023-09-20 09:15:00,NSE:ULTRACEMCO,8590.0,8623.5,8441.0498,8458.1504,317399.0
2023-09-21 09:15:00,NSE:ULTRACEMCO,8375.0996,8438.0,8286.6504,8313.5498,393954.0
2023-09-22 09:15:00,NSE:ULTRACEMCO,8275.0,8310.6504,8179.0498,8187.3999,524827.0
2023-09-25 09:15:00,NSE:ULTRACEMCO,8217.0,8279.9502,8156.1001,8206.2002,467415.0
2023-09-26 09:15:00,NSE:ULTRACEMCO,8237.0,8328.0,8206.2002,8228.9004,515796.0
2023-09-27 09:15:00,NSE:ULTRACEMCO,8237.0,8289.9502,8205.0,8262.7002,541638.0
2023-09-28 09:15:00,NSE:ULTRACEMCO,8264.7998,8323.9502,8134.0,8154.3501,370431.0
2023-09-29 09:15:00,NSE:ULTRACEMCO,8200.0,8285.9502,8132.0,8254.8496,320974.0
2023-10-03 09:15:00,NSE:ULTRACEMCO,8289.0,8377.0,8221.2002,8304.9004,454402.0
2023-10-04 09:15:00,NSE:ULTRACEMCO,8292.5498,8292.5498,8045.0498,8120.8501,884369.0
2023-10-05 09:15:00,NSE:ULTRACEMCO,8177.0,8208.7998,8125.0,8177.4502,310506.0
2023-10-06 09:15:00,NSE:ULTRACEMCO,8198.0,8239.6504,8151.25,8195.4502,158491.0
2023-10-09 09:15:00,NSE:ULTRACEMCO,8170.0498,8199.8496,8087.2002,8110.1001,152525.0
2023-10-10 09:15:00,NSE:ULTRACEMCO,8147.7998,8186.3501,8105.0,8158.2998,187020.0
2023-10-11 09:15:00,NSE:ULTRACEMCO,8195.9502,8390.0,8179.2002,8343.0,439622.0
2023-10-12 09:15:00,NSE:ULTRACEMCO,8364.9502,8385.0,8302.0,8351.75,177704.0
2023-10-13 09:15:00,NSE:ULTRACEMCO,8316.5,8417.0,8307.0,8369.0,285076.0
2023-10-16 09:15:00,NSE:ULTRACEMCO,8369.0498,8455.0,8274.0,8292.2002,363990.0
2023-10-17 09:15:00,NSE:ULTRACEMCO,8330.0,8332.0,8280.0,8301.4004,205234.0
2023-10-18 09:15:00,NSE:ULTRACEMCO,8324.9004,8349.8496,8248.0,8278.2998,322136.0
2023-10-19 09:15:00,NSE:ULTRACEMCO,8249.5996,8538.0,8193.3496,8518.5498,837498.0
2023-10-20 09:15:00,NSE:ULTRACEMCO,8536.0,8648.3496,8410.9004,8461.0498,539291.0
2023-10-23 09:15:00,NSE:ULTRACEMCO,8415.0,8523.5996,8302.5498,8325.25,217546.0
2023-10-25 09:15:00,NSE:ULTRACEMCO,8355.0,8398.5,8186.25,8256.3496,255678.0
2023-10-26 09:15:00,NSE:ULTRACEMCO,8236.0,8236.0,8155.5498,8205.2998,637430.0
2023-10-27 09:15:00,NSE:ULTRACEMCO,8211.0,8270.0,8180.0,8210.1504,227682.0
2023-10-30 09:15:00,NSE:ULTRACEMCO,8242.0,8416.2998,8197.4502,8401.5996,244073.0
2023-10-31 09:15:00,NSE:ULTRACEMCO,8404.7002,8452.0996,8351.0996,8422.25,218908.0
2023-11-01 09:15:00,NSE:ULTRACEMCO,8440.0,8445.0,8370.0996,8381.4502,209234.0
2023-11-02 09:15:00,NSE:ULTRACEMCO,8385.5,8473.2002,8374.9502,8459.0,200590.0
2023-11-03 09:15:00,NSE:ULTRACEMCO,8475.0,8530.0,8436.0,8522.5996,243686.0
2023-11-06 09:15:00,NSE:ULTRACEMCO,8539.0,8650.0,8521.2002,8640.9502,194715.0
2023-11-07 09:15:00,NSE:ULTRACEMCO,8640.9502,8695.0,8582.5498,8685.75,206360.0
2023-11-08 09:15:00,NSE:ULTRACEMCO,8689.0,8719.1504,8652.8496,8698.8496,132370.0
2023-11-09 09:15:00,NSE:ULTRACEMCO,8685.0,8719.0,8617.75,8627.0498,128138.0
2023-11-10 09:15:00,NSE:ULTRACEMCO,8591.0498,8729.9502,8588.5996,8710.8496,149939.0
2023-11-12 18:15:00,NSE:ULTRACEMCO,8730.0,8745.0,8678.35,8711.1,13691.0
2023-11-13 09:15:00,NSE:ULTRACEMCO,8711.0996,8723.7998,8660.0,8677.4004,64412.0
2023-11-15 09:15:00,NSE:ULTRACEMCO,8709.0,8815.75,8695.25,8766.9004,192348.0
2023-11-16 09:15:00,NSE:ULTRACEMCO,8789.5996,8811.7002,8700.0,8775.0498,233428.0
2023-11-17 09:15:00,NSE:ULTRACEMCO,8785.0,8869.5996,8771.6504,8790.9502,151817.0
2023-11-20 09:15:00,NSE:ULTRACEMCO,8800.0,8815.2002,8651.0996,8661.5,174311.0
2023-11-21 09:15:00,NSE:ULTRACEMCO,8664.7998,8737.9004,8664.7998,8708.3496,183507.0
2023-11-22 09:15:00,NSE:ULTRACEMCO,8734.0,8775.0,8612.25,8759.9004,325320.0
2023-11-23 09:15:00,NSE:ULTRACEMCO,8750.0,8767.0,8590.0,8605.25,344271.0
2023-11-24 09:15:00,NSE:ULTRACEMCO,8638.0,8655.0,8545.0498,8556.2002,197278.0
2023-11-28 09:15:00,NSE:ULTRACEMCO,8638.0,8735.5,8588.25,8726.5,343335.0
2023-11-29 09:15:00,NSE:ULTRACEMCO,8759.9004,8790.0,8692.0,8732.75,207727.0
2023-11-30 09:15:00,NSE:ULTRACEMCO,8776.5498,9019.1504,8763.4502,9003.6504,1025481.0
2023-12-01 09:15:00,NSE:ULTRACEMCO,9103.7998,9163.4004,8972.0,9033.8496,353015.0
2023-12-04 09:15:00,NSE:ULTRACEMCO,9150.0,9340.7998,9086.1504,9317.75,473570.0
2023-12-05 09:15:00,NSE:ULTRACEMCO,9321.0,9400.0,9243.1504,9329.75,448461.0
2023-12-06 09:15:00,NSE:ULTRACEMCO,9329.75,9347.9502,9129.5498,9213.0,308912.0
2023-12-07 09:15:00,NSE:ULTRACEMCO,9266.0,9381.0,9236.1504,9354.5498,346830.0
2023-12-08 09:15:00,NSE:ULTRACEMCO,9378.2998,9431.6504,9341.1504,9413.5498,311761.0
2023-12-11 09:15:00,NSE:ULTRACEMCO,9414.0,9730.0,9400.0,9670.9004,588082.0
2023-12-12 09:15:00,NSE:ULTRACEMCO,9702.4502,9961.1504,9635.0498,9863.5,1060266.0
2023-12-13 09:15:00,NSE:ULTRACEMCO,9899.9502,10042.95,9676.7998,9739.1504,1501931.0
2023-12-14 09:15:00,NSE:ULTRACEMCO,9830.0,9990.0,9777.0,9963.2998,710415.0
2023-12-15 09:15:00,NSE:ULTRACEMCO,10000.0,10059.5,9900.6504,10029.45,439516.0
2023-12-18 09:15:00,NSE:ULTRACEMCO,10028.0,10028.0,9941.75,9970.3496,266562.0
2023-12-19 09:15:00,NSE:ULTRACEMCO,9970.3496,10050.0,9953.0,10017.1,675166.0
2023-12-20 09:15:00,NSE:ULTRACEMCO,10027.0,10128.0,9858.1504,9887.4502,501448.0
2023-12-21 09:15:00,NSE:ULTRACEMCO,9881.0,9985.0,9824.8496,9954.4502,216730.0
2023-12-22 09:15:00,NSE:ULTRACEMCO,9987.0,9999.0,9902.0,9969.0,226940.0
2023-12-26 09:15:00,NSE:ULTRACEMCO,9975.0,10054.8,9970.0996,10018.65,226114.0
2023-12-27 09:15:00,NSE:ULTRACEMCO,10100.95,10470.0,10037.75,10436.1,658122.0
2023-12-28 09:15:00,NSE:ULTRACEMCO,10492.0,10498.95,10328.1,10426.3,421406.0
2023-12-29 09:15:00,NSE:ULTRACEMCO,10420.05,10526.0,10361.55,10503.05,243089.0
2024-01-01 09:15:00,NSE:ULTRACEMCO,10503.05,10520.0,10414.6,10464.0,97677.0
2024-01-02 09:15:00,NSE:ULTRACEMCO,10489.9,10489.9,10104.1,10204.7,337528.0
2024-01-03 09:15:00,NSE:ULTRACEMCO,10204.75,10245.0,10089.6,10111.55,179575.0
2024-01-04 09:15:00,NSE:ULTRACEMCO,10160.0,10164.55,10001.0,10014.8,313755.0
2024-01-05 09:15:00,NSE:ULTRACEMCO,10100.0,10100.0,9995.0,10016.05,163191.0
2024-01-08 09:15:00,NSE:ULTRACEMCO,10078.0,10080.0,9925.0498,9934.5,176843.0
2024-01-09 09:15:00,NSE:ULTRACEMCO,9989.5996,10016.95,9870.2002,9899.0996,242925.0
2024-01-10 09:15:00,NSE:ULTRACEMCO,9898.9502,9906.75,9730.0,9776.2002,374333.0
2024-01-11 09:15:00,NSE:ULTRACEMCO,9839.9004,9944.9502,9719.1504,9920.4502,375210.0
2024-01-12 09:15:00,NSE:ULTRACEMCO,9979.9502,9979.9502,9794.0498,9808.4502,376816.0
2024-01-15 09:15:00,NSE:ULTRACEMCO,9879.0,9996.7998,9820.0,9954.5498,273931.0
2024-01-16 09:15:00,NSE:ULTRACEMCO,9953.9502,10046.8,9880.3496,9969.5996,146779.0
2024-01-17 09:15:00,NSE:ULTRACEMCO,9959.0,10046.1,9825.0,9854.6504,252817.0
2024-01-18 09:15:00,NSE:ULTRACEMCO,9854.0,9933.0498,9770.0,9892.25,278338.0
2024-01-19 09:15:00,NSE:ULTRACEMCO,9999.0,10128.7,9845.0,10093.7,567616.0
2024-01-20 09:15:00,NSE:ULTRACEMCO,10200.0,10200.0,9906.0,9997.4004,138261.0
2024-01-23 09:15:00,NSE:ULTRACEMCO,10000.0,10085.0,9815.0,9831.0,580285.0
2024-01-24 09:15:00,NSE:ULTRACEMCO,9865.0,10032.6,9734.5996,9990.5,272419.0
2024-01-25 09:15:00,NSE:ULTRACEMCO,9984.5996,10048.2,9881.2002,9969.3496,296269.0
2024-01-29 09:15:00,NSE:ULTRACEMCO,10000.1,10300.0,9989.5,10274.05,334463.0
2024-01-30 09:15:00,NSE:ULTRACEMCO,10289.75,10320.0,9942.0,9963.5996,368827.0
2024-01-31 09:15:00,NSE:ULTRACEMCO,9960.0,10186.15,9903.1504,10167.35,341574.0
2024-02-01 09:15:00,NSE:ULTRACEMCO,10169.95,10233.25,9900.0498,9922.2998,401503.0
2024-02-02 09:15:00,NSE:ULTRACEMCO,10000.0,10165.9,9992.2998,10098.55,334386.0
2024-02-05 09:15:00,NSE:ULTRACEMCO,10050.0,10128.3,9878.4502,9916.3496,162473.0
2024-02-06 09:15:00,NSE:ULTRACEMCO,9980.0,10075.0,9920.2998,10048.75,250870.0
2024-02-07 09:15:00,NSE:ULTRACEMCO,10114.0,10287.6,10080.3,10226.5,250184.0
2024-02-08 09:15:00,NSE:ULTRACEMCO,10290.0,10295.0,9950.5,9997.6504,320905.0
2024-02-09 09:15:00,NSE:ULTRACEMCO,10074.8,10074.8,9852.0,9945.75,400823.0
2024-02-12 09:15:00,NSE:ULTRACEMCO,9951.0,10017.45,9906.9004,9963.8496,191687.0
2024-02-13 09:15:00,NSE:ULTRACEMCO,9997.7998,10004.7,9830.5996,9852.4004,276453.0
2024-02-14 09:15:00,NSE:ULTRACEMCO,9802.0498,9824.8496,9703.9502,9787.7998,417802.0
2024-02-15 09:15:00,NSE:ULTRACEMCO,9835.9004,9839.1504,9706.0,9814.2998,415090.0
2024-02-16 09:15:00,NSE:ULTRACEMCO,9875.0498,9948.0,9851.0996,9916.2002,250550.0
2024-02-19 09:15:00,NSE:ULTRACEMCO,9948.9502,9948.9502,9885.0,9902.2002,109778.0
2024-02-20 09:15:00,NSE:ULTRACEMCO,9902.2002,10000.0,9855.0,9978.9502,320905.0
2024-02-21 09:15:00,NSE:ULTRACEMCO,9970.25,10115.0,9920.0,9968.4004,322960.0
2024-02-22 09:15:00,NSE:ULTRACEMCO,10000.0,10020.9,9802.2998,9961.2002,363840.0
2024-02-23 09:15:00,NSE:ULTRACEMCO,9961.2002,10028.0,9894.0498,10000.9,304238.0
2024-02-26 09:15:00,NSE:ULTRACEMCO,9999.0498,10049.95,9900.9502,9930.0498,162530.0
2024-02-27 09:15:00,NSE:ULTRACEMCO,9930.0498,10151.0,9881.4502,9951.0996,214186.0
2024-02-28 09:15:00,NSE:ULTRACEMCO,9960.0,9989.9502,9780.9004,9804.9502,300668.0
2024-02-29 09:15:00,NSE:ULTRACEMCO,9785.0,9935.0,9705.6504,9892.4004,328848.0
2024-03-01 09:15:00,NSE:ULTRACEMCO,9900.0,10183.85,9892.4004,10135.5,352952.0
2024-03-02 09:15:00,NSE:ULTRACEMCO,10140.0,10155.0,9900.0,10106.35,6955.0
2024-03-04 09:15:00,NSE:ULTRACEMCO,10157.0,10166.0,9966.2002,9978.4004,221282.0
2024-03-05 09:15:00,NSE:ULTRACEMCO,9978.4004,10030.9,9830.0,9838.3496,310715.0
2024-03-06 09:15:00,NSE:ULTRACEMCO,9899.9004,9914.25,9532.0,9641.0498,534825.0
2024-03-07 09:15:00,NSE:ULTRACEMCO,9641.0498,9715.0,9569.0996,9673.1504,585012.0
2024-03-11 09:15:00,NSE:ULTRACEMCO,9694.0498,9824.5996,9672.9004,9697.9004,319303.0
2024-03-12 09:15:00,NSE:ULTRACEMCO,9728.9502,9728.9502,9575.4004,9615.5,235430.0
2024-03-13 09:15:00,NSE:ULTRACEMCO,9624.7002,9653.0,9500.0,9593.5498,415925.0
2024-03-14 09:15:00,NSE:ULTRACEMCO,9455.0,9708.0,9454.0,9696.9502,347822.0
2024-03-15 09:15:00,NSE:ULTRACEMCO,9680.0,9750.9004,9543.7998,9632.9502,379648.0
2024-03-18 09:15:00,NSE:ULTRACEMCO,9625.0,9673.7998,9570.0,9611.3496,226448.0
2024-03-19 09:15:00,NSE:ULTRACEMCO,9591.3496,9607.4502,9435.1504,9453.25,316008.0
2024-03-20 09:15:00,NSE:ULTRACEMCO,9535.0,9535.0,9445.0,9484.5498,171219.0
2024-03-21 09:15:00,NSE:ULTRACEMCO,9525.0,9639.7002,9504.9004,9600.75,215837.0
2024-03-22 09:15:00,NSE:ULTRACEMCO,9610.0,9751.7998,9580.0,9681.75,224511.0
2024-03-26 09:15:00,NSE:ULTRACEMCO,9631.0996,9689.7998,9570.0,9600.7002,397803.0
2024-03-27 09:15:00,NSE:ULTRACEMCO,9630.0,9708.0,9571.0498,9623.4502,267937.0
2024-03-28 09:15:00,NSE:ULTRACEMCO,9680.0,9853.9502,9641.5498,9749.1504,506387.0
2024-04-01 09:15:00,NSE:ULTRACEMCO,9749.1504,9997.0498,9749.1504,9954.4004,387442.0
2024-04-02 09:15:00,NSE:ULTRACEMCO,9890.0996,10084.2,9845.0,10038.15,307109.0
2024-04-03 09:15:00,NSE:ULTRACEMCO,10200.0,10277.7,9982.1504,10001.9,481855.0
2024-04-04 09:15:00,NSE:ULTRACEMCO,10078.0,10078.9,9900.0,10005.1,346378.0
2024-04-05 09:15:00,NSE:ULTRACEMCO,10001.0,10019.85,9802.2002,9823.5996,280079.0
2024-04-08 09:15:00,NSE:ULTRACEMCO,9852.9502,9899.0,9801.0,9863.75,215228.0
2024-04-09 09:15:00,NSE:ULTRACEMCO,9900.0,9993.7998,9759.0996,9769.1504,275924.0
2024-04-10 09:15:00,NSE:ULTRACEMCO,9810.0,9858.0,9705.0498,9817.8496,186223.0
2024-04-12 09:15:00,NSE:ULTRACEMCO,9789.9502,9850.0,9610.0,9652.5498,440963.0
2024-04-15 09:15:00,NSE:ULTRACEMCO,9617.9004,9617.9004,9486.5996,9506.25,220692.0
2024-04-16 09:15:00,NSE:ULTRACEMCO,9448.9004,9494.9502,9351.0,9463.7998,547648.0
2024-04-18 09:15:00,NSE:ULTRACEMCO,9470.0,9526.7998,9340.7998,9382.75,584270.0
2024-04-19 09:15:00,NSE:ULTRACEMCO,9325.0,9400.0,9250.0,9363.9502,415558.0
2024-04-22 09:15:00,NSE:ULTRACEMCO,9505.0,9590.0,9456.0996,9565.25,277781.0
2024-04-23 09:15:00,NSE:ULTRACEMCO,9540.0,9625.0,9522.0,9533.5498,317450.0
2024-04-24 09:15:00,NSE:ULTRACEMCO,9578.0,9686.7998,9542.7998,9658.8496,317929.0
2024-04-25 09:15:00,NSE:ULTRACEMCO,9620.1504,9706.0,9560.0498,9683.75,398260.0
2024-04-26 09:15:00,NSE:ULTRACEMCO,9727.0,9777.0,9646.9004,9700.9004,265782.0
2024-04-29 09:15:00,NSE:ULTRACEMCO,9765.0,10011.0,9743.0498,9964.4502,808505.0
2024-04-30 09:15:00,NSE:ULTRACEMCO,10160.3,10180.0,9911.3496,9971.8496,777837.0
2024-05-02 09:15:00,NSE:ULTRACEMCO,9971.8496,10045.0,9946.5,9983.4502,318855.0
2024-05-03 09:15:00,NSE:ULTRACEMCO,9982.0,10030.0,9779.3496,9816.2998,517348.0
2024-05-06 09:15:00,NSE:ULTRACEMCO,9875.0,9929.0,9746.1504,9776.9004,238521.0
2024-05-07 09:15:00,NSE:ULTRACEMCO,9799.0,9948.0,9630.0,9682.4004,214305.0
2024-05-08 09:15:00,NSE:ULTRACEMCO,9674.9502,9674.9502,9501.4004,9519.4004,392065.0
2024-05-09 09:15:00,NSE:ULTRACEMCO,9524.0,9560.0,9408.0498,9446.0996,328724.0
2024-05-10 09:15:00,NSE:ULTRACEMCO,9462.7998,9518.9502,9416.0498,9491.7002,205200.0
2024-05-13 09:15:00,NSE:ULTRACEMCO,9515.9502,9578.0,9427.0996,9551.5,215387.0
2024-05-14 09:15:00,NSE:ULTRACEMCO,9535.0498,9699.5,9529.9502,9660.6504,171935.0
2024-05-15 09:15:00,NSE:ULTRACEMCO,9691.0,9693.1504,9560.0,9614.0996,161067.0
2024-05-16 09:15:00,NSE:ULTRACEMCO,9630.5996,9725.7002,9525.5,9709.0996,368451.0
2024-05-17 09:15:00,NSE:ULTRACEMCO,9740.0,9900.0,9685.25,9890.3496,283850.0
2024-05-18 09:15:00,NSE:ULTRACEMCO,9948.0,9948.0,9840.0,9865.5996,12290.0
2024-05-21 09:15:00,NSE:ULTRACEMCO,9826.0,9850.75,9762.0498,9789.4004,346947.0
2024-05-22 09:15:00,NSE:ULTRACEMCO,9870.0,9950.0,9822.25,9894.8496,280237.0
2024-05-23 09:15:00,NSE:ULTRACEMCO,9905.1504,10199.85,9855.0,10170.55,521622.0
2024-05-24 09:15:00,NSE:ULTRACEMCO,10165.0,10369.0,10122.55,10231.1,519418.0
2024-05-27 09:15:00,NSE:ULTRACEMCO,10277.95,10353.95,10177.65,10225.5,389326.0
2024-05-28 09:15:00,NSE:ULTRACEMCO,10264.0,10365.85,10146.45,10178.9,403774.0
2024-05-29 09:15:00,NSE:ULTRACEMCO,10177.95,10177.95,9961.0,10023.4,317883.0
2024-05-30 09:15:00,NSE:ULTRACEMCO,10021.0,10025.0,9830.0,9868.8496,323424.0
2024-05-31 09:15:00,NSE:ULTRACEMCO,9932.0,10080.0,9750.0996,9915.5,791072.0
2024-06-03 09:15:00,NSE:ULTRACEMCO,10300.0,10519.8,10216.35,10470.05,732632.0
2024-06-04 09:15:00,NSE:ULTRACEMCO,10475.0,10498.5,9534.9502,9918.2998,972018.0
2024-06-05 09:15:00,NSE:ULTRACEMCO,9989.9502,10070.0,9740.0,10038.1,361720.0
2024-06-06 09:15:00,NSE:ULTRACEMCO,9995.0,10176.5,9931.0996,10054.95,483566.0
2024-06-07 09:15:00,NSE:ULTRACEMCO,9965.0,10505.0,9965.0,10463.15,545284.0
2024-06-10 09:15:00,NSE:ULTRACEMCO,10495.0,10907.95,10463.15,10826.25,705256.0
2024-06-11 09:15:00,NSE:ULTRACEMCO,10903.95,10989.0,10826.25,10933.55,650137.0
2024-06-12 09:15:00,NSE:ULTRACEMCO,10871.5,11099.95,10871.5,11044.8,439143.0
2024-06-13 09:15:00,NSE:ULTRACEMCO,11250.0,11299.0,10996.15,11173.8,602322.0
2024-06-14 09:15:00,NSE:ULTRACEMCO,11170.0,11271.0,11147.3,11242.8,305318.0
2024-06-18 09:15:00,NSE:ULTRACEMCO,11250.0,11269.35,11051.65,11119.05,322724.0
2024-06-19 09:15:00,NSE:ULTRACEMCO,11150.0,11177.7,10968.25,10995.55,659266.0
2024-06-20 09:15:00,NSE:ULTRACEMCO,11008.9,11173.9,10875.4,10903.2,445369.0
2024-06-21 09:15:00,NSE:ULTRACEMCO,10882.5,10961.45,10611.55,10662.4,586745.0
2024-06-24 09:15:00,NSE:ULTRACEMCO,10717.5,10845.0,10594.65,10786.0,276148.0
2024-06-25 09:15:00,NSE:ULTRACEMCO,10801.95,11007.95,10800.4,10846.2,562075.0
2024-06-26 09:15:00,NSE:ULTRACEMCO,10907.7,11261.0,10903.0,11143.1,793197.0
2024-06-27 09:15:00,NSE:ULTRACEMCO,11270.0,11874.95,11269.0,11716.7,2339734.0
2024-06-28 09:15:00,NSE:ULTRACEMCO,11699.9,11779.0,11469.85,11667.9,684790.0
2024-07-01 09:15:00,NSE:ULTRACEMCO,11669.0,12031.6,11667.9,11904.65,520339.0
2024-07-02 09:15:00,NSE:ULTRACEMCO,11944.0,12078.0,11800.0,11853.95,422173.0
2024-07-03 09:15:00,NSE:ULTRACEMCO,11855.25,11899.0,11761.95,11872.1,206171.0
2024-07-04 09:15:00,NSE:ULTRACEMCO,11885.0,11936.85,11721.55,11760.05,227230.0
2024-07-05 09:15:00,NSE:ULTRACEMCO,11796.55,11824.55,11620.25,11690.15,425987.0
2024-07-08 09:15:00,NSE:ULTRACEMCO,11694.0,11714.8,11530.0,11582.9,149210.0
2024-07-09 09:15:00,NSE:ULTRACEMCO,11582.95,11761.7,11484.45,11679.8,530901.0
2024-07-10 09:15:00,NSE:ULTRACEMCO,11689.0,11739.8,11470.0,11634.25,202406.0
2024-07-11 09:15:00,NSE:ULTRACEMCO,11599.0,11640.0,11499.0,11554.95,366819.0
2024-07-12 09:15:00,NSE:ULTRACEMCO,11554.0,11680.0,11470.05,11602.3,366274.0
2024-07-15 09:15:00,NSE:ULTRACEMCO,11752.9,11898.0,11661.9,11837.85,394470.0
2024-07-16 09:15:00,NSE:ULTRACEMCO,11907.05,11907.05,11631.9,11658.7,556056.0
2024-07-18 09:15:00,NSE:ULTRACEMCO,11650.0,11683.85,11475.0,11647.25,731274.0
2024-07-19 09:15:00,NSE:ULTRACEMCO,11645.0,11645.0,11228.65,11258.3,514154.0
2024-07-22 09:15:00,NSE:ULTRACEMCO,11289.9,11570.0,11231.3,11515.7,573833.0
2024-07-23 09:15:00,NSE:ULTRACEMCO,11649.95,11735.4,11329.1,11545.8,525157.0
2024-07-24 09:15:00,NSE:ULTRACEMCO,11540.0,11560.75,11355.65,11453.4,268139.0
2024-07-25 09:15:00,NSE:ULTRACEMCO,11418.0,11476.8,11291.0,11441.5,254683.0
2024-07-26 09:15:00,NSE:ULTRACEMCO,11441.5,11742.45,11395.6,11673.05,333210.0
2024-07-29 09:15:00,NSE:ULTRACEMCO,11680.0,11940.0,11673.05,11873.8,496437.0
2024-07-30 09:15:00,NSE:ULTRACEMCO,11858.0,11858.0,11644.5,11806.45,438108.0
2024-07-31 09:15:00,NSE:ULTRACEMCO,11818.95,11915.0,11750.35,11887.2,322531.0
2024-08-01 09:15:00,NSE:ULTRACEMCO,11887.2,12032.3,11803.5,11984.5,250126.0
2024-08-02 09:15:00,NSE:ULTRACEMCO,11833.05,11949.0,11700.0,11764.5,273420.0
2024-08-05 09:15:00,NSE:ULTRACEMCO,11700.0,11700.0,11351.2,11417.25,400844.0
2024-08-06 09:15:00,NSE:ULTRACEMCO,11449.95,11575.8,11272.1,11325.3,368949.0
2024-08-07 09:15:00,NSE:ULTRACEMCO,11499.0,11589.95,11430.2,11543.2,230210.0
2024-08-08 09:15:00,NSE:ULTRACEMCO,11500.0,11524.2,11228.75,11258.0,290349.0
2024-08-09 09:15:00,NSE:ULTRACEMCO,11449.0,11449.0,11231.05,11300.35,189230.0
2024-08-12 09:15:00,NSE:ULTRACEMCO,11290.0,11379.8,11211.2,11302.85,200411.0
2024-08-13 09:15:00,NSE:ULTRACEMCO,11364.0,11364.0,11234.65,11271.2,189972.0
2024-08-14 09:15:00,NSE:ULTRACEMCO,11200.0,11200.0,10963.1,11002.6,404673.0
2024-08-16 09:15:00,NSE:ULTRACEMCO,11040.0,11325.0,10950.2,11295.7,435631.0
2024-08-19 09:15:00,NSE:ULTRACEMCO,11320.0,11468.1,11271.75,11315.35,244264.0
2024-08-20 09:15:00,NSE:ULTRACEMCO,11365.0,11525.0,11277.45,11349.7,421084.0
2024-08-21 09:15:00,NSE:ULTRACEMCO,11274.0,11312.55,11161.55,11200.9,456794.0
2024-08-22 09:15:00,NSE:ULTRACEMCO,11260.0,11377.4,11205.0,11309.4,305457.0
2024-08-23 09:15:00,NSE:ULTRACEMCO,11315.0,11380.0,11204.45,11341.8,258730.0
2024-08-26 09:15:00,NSE:ULTRACEMCO,11340.0,11360.95,11271.4,11337.1,234215.0
2024-08-27 09:15:00,NSE:ULTRACEMCO,11389.1,11450.0,11286.45,11300.35,184428.0
2024-08-28 09:15:00,NSE:ULTRACEMCO,11280.0,11317.6,11211.0,11234.8,201101.0
2024-08-29 09:15:00,NSE:ULTRACEMCO,11230.0,11256.7,11115.4,11222.0,406261.0
2024-08-30 09:15:00,NSE:ULTRACEMCO,11225.05,11360.9,11222.0,11301.9,462185.0
2024-09-02 09:15:00,NSE:ULTRACEMCO,11325.0,11465.0,11325.0,11424.9,248673.0
2024-09-03 09:15:00,NSE:ULTRACEMCO,11434.5,11504.05,11361.0,11460.8,181723.0
2024-09-04 09:15:00,NSE:ULTRACEMCO,11392.0,11637.45,11381.85,11580.45,198185.0
2024-09-05 09:15:00,NSE:ULTRACEMCO,11630.45,11822.75,11514.2,11542.65,406821.0
2024-09-06 09:15:00,NSE:ULTRACEMCO,11500.0,11525.0,11320.0,11432.85,245248.0
2024-09-09 09:15:00,NSE:ULTRACEMCO,11400.0,11518.45,11308.0,11494.35,154665.0
2024-09-10 09:15:00,NSE:ULTRACEMCO,11539.9,11639.45,11460.5,11541.05,237496.0
2024-09-11 09:15:00,NSE:ULTRACEMCO,11570.0,11611.0,11460.2,11487.45,141341.0
2024-09-12 09:15:00,NSE:ULTRACEMCO,11507.85,11735.0,11442.25,11710.25,455934.0
2024-09-13 09:15:00,NSE:ULTRACEMCO,11695.0,11762.6,11625.2,11717.95,279660.0
2024-09-16 09:15:00,NSE:ULTRACEMCO,11675.0,11797.95,11604.0,11642.65,257856.0
2024-09-17 09:15:00,NSE:ULTRACEMCO,11602.55,11718.6,11575.0,11645.65,202725.0
2024-09-18 09:15:00,NSE:ULTRACEMCO,11683.0,11763.3,11535.85,11630.9,185067.0
2024-09-19 09:15:00,NSE:ULTRACEMCO,11630.9,11740.15,11540.0,11627.5,227247.0
2024-09-20 09:15:00,NSE:ULTRACEMCO,11660.0,11843.9,11579.6,11798.3,608787.0
2024-09-23 09:15:00,NSE:ULTRACEMCO,11835.0,11998.0,11800.05,11962.05,279318.0
2024-09-24 09:15:00,NSE:ULTRACEMCO,11948.1,11969.85,11740.35,11761.65,242038.0
2024-09-25 09:15:00,NSE:ULTRACEMCO,11811.0,11855.6,11680.0,11816.3,196686.0
2024-09-26 09:15:00,NSE:ULTRACEMCO,11835.0,12080.0,11767.8,12065.0,277079.0
2024-09-27 09:15:00,NSE:ULTRACEMCO,12065.0,12138.0,11924.75,11952.3,404276.0
2024-09-30 09:15:00,NSE:ULTRACEMCO,11924.0,11924.0,11774.05,11802.0,405493.0
2024-10-01 09:15:00,NSE:ULTRACEMCO,11802.0,11887.7,11650.25,11837.15,324906.0
2024-10-03 09:15:00,NSE:ULTRACEMCO,11627.1,11930.0,11613.1,11724.8,304610.0
2024-10-04 09:15:00,NSE:ULTRACEMCO,11700.0,11829.15,11380.0,11450.25,357277.0
2024-10-07 09:15:00,NSE:ULTRACEMCO,11491.95,11529.95,11192.1,11230.35,374655.0
2024-10-08 09:15:00,NSE:ULTRACEMCO,11231.0,11475.0,11231.0,11389.8,447220.0
2024-10-09 09:15:00,NSE:ULTRACEMCO,11404.05,11511.0,11333.0,11350.15,286382.0
2024-10-10 09:15:00,NSE:ULTRACEMCO,11439.95,11459.0,11353.55,11430.05,180542.0
2024-10-11 09:15:00,NSE:ULTRACEMCO,11390.75,11468.3,11360.2,11421.3,120279.0
2024-10-14 09:15:00,NSE:ULTRACEMCO,11399.95,11429.95,11240.0,11300.3,144163.0
2024-10-15 09:15:00,NSE:ULTRACEMCO,11400.0,11432.95,11290.0,11416.9,182286.0
2024-10-16 09:15:00,NSE:ULTRACEMCO,11341.0,11412.0,11233.0,11322.3,276811.0
2024-10-17 09:15:00,NSE:ULTRACEMCO,11351.0,11363.95,10934.05,11017.3,353330.0
2024-10-18 09:15:00,NSE:ULTRACEMCO,11017.3,11139.95,10901.0,11069.3,330703.0
2024-10-21 09:15:00,NSE:ULTRACEMCO,11050.0,11166.65,10771.4,10869.3,566667.0
2024-10-22 09:15:00,NSE:ULTRACEMCO,10751.0,11080.8,10740.0,10825.15,793887.0
2024-10-23 09:15:00,NSE:ULTRACEMCO,10821.95,10843.65,10672.0,10753.05,351717.0
2024-10-24 09:15:00,NSE:ULTRACEMCO,10753.05,11085.0,10718.4,11043.6,341400.0
2024-10-25 09:15:00,NSE:ULTRACEMCO,11063.7,11115.0,10950.0,10995.2,519646.0
2024-10-28 09:15:00,NSE:ULTRACEMCO,11000.0,11199.35,10899.6,11092.6,229113.0
2024-10-29 09:15:00,NSE:ULTRACEMCO,11074.0,11136.95,10917.05,11112.1,266761.0
2024-10-30 09:15:00,NSE:ULTRACEMCO,11115.0,11230.0,11011.4,11205.1,239933.0
2024-10-31 09:15:00,NSE:ULTRACEMCO,11156.8,11250.9,11042.55,11065.65,423687.0
2024-11-01 18:00:00,NSE:ULTRACEMCO,11079.95,11171.3,11078.55,11145.8,19032.0
2024-11-04 09:15:00,NSE:ULTRACEMCO,11147.0,11156.75,10930.05,11001.85,276984.0
2024-11-05 09:15:00,NSE:ULTRACEMCO,10983.65,11188.05,10973.25,11176.35,274422.0
2024-11-06 09:15:00,NSE:ULTRACEMCO,11225.0,11306.9,11112.0,11274.4,282486.0
2024-11-07 09:15:00,NSE:ULTRACEMCO,11241.55,11244.95,11001.1,11050.8,326254.0
2024-11-08 09:15:00,NSE:ULTRACEMCO,11029.1,11139.35,10960.7,11043.35,155894.0
2024-11-11 09:15:00,NSE:ULTRACEMCO,11015.0,11109.95,10896.05,10970.45,107472.0
2024-11-12 09:15:00,NSE:ULTRACEMCO,10970.5,11074.75,10840.0,10892.0,166347.0
2024-11-13 09:15:00,NSE:ULTRACEMCO,10803.3,10873.5,10750.0,10782.2,216900.0
2024-11-14 09:15:00,NSE:ULTRACEMCO,10726.0,10832.5,10542.5,10728.5,297442.0
2024-11-18 09:15:00,NSE:ULTRACEMCO,10632.1,10766.85,10580.4,10630.9,424186.0
2024-11-19 09:15:00,NSE:ULTRACEMCO,10684.05,10870.0,10657.9,10769.55,220357.0
2024-11-21 09:15:00,NSE:ULTRACEMCO,10555.0,11005.85,10555.0,10954.85,256924.0
2024-11-22 09:15:00,NSE:ULTRACEMCO,10999.0,11409.9,10931.65,11375.3,328426.0
2024-11-25 09:15:00,NSE:ULTRACEMCO,11450.0,11690.0,11437.25,11457.45,465057.0
2024-11-26 09:15:00,NSE:ULTRACEMCO,11457.45,11497.3,11106.0,11121.05,243711.0
2024-11-27 09:15:00,NSE:ULTRACEMCO,11020.6,11188.95,10960.0,11139.9,330284.0
2024-11-28 09:15:00,NSE:ULTRACEMCO,11174.0,11190.0,10957.6,10997.8,326140.0
2024-11-29 09:15:00,NSE:ULTRACEMCO,10915.0,11233.0,10915.0,11202.15,367574.0
2024-12-02 09:15:00,NSE:ULTRACEMCO,11206.7,11780.0,11206.7,11648.55,633694.0
2024-12-03 09:15:00,NSE:ULTRACEMCO,11674.75,11935.0,11624.95,11852.35,501811.0
2024-12-04 09:15:00,NSE:ULTRACEMCO,11866.2,11920.35,11748.05,11766.8,306770.0
2024-12-05 09:15:00,NSE:ULTRACEMCO,11745.0,12001.95,11722.85,11932.8,436371.0
2024-12-06 09:15:00,NSE:ULTRACEMCO,11939.0,11956.35,11818.0,11848.5,193324.0
2024-12-09 09:15:00,NSE:ULTRACEMCO,11858.4,11890.0,11718.0,11814.8,268177.0
2024-12-10 09:15:00,NSE:ULTRACEMCO,11745.0,11807.1,11695.0,11745.8,232758.0
2024-12-11 09:15:00,NSE:ULTRACEMCO,11851.0,12065.0,11815.3,11898.5,527029.0
2024-12-12 09:15:00,NSE:ULTRACEMCO,11944.0,11944.0,11790.9,11856.95,247809.0
2024-12-13 09:15:00,NSE:ULTRACEMCO,11800.0,12118.5,11730.0,12083.9,408880.0
2024-12-16 09:15:00,NSE:ULTRACEMCO,12050.0,12145.35,11871.0,11942.5,214946.0
2024-12-17 09:15:00,NSE:ULTRACEMCO,11930.65,11974.15,11683.2,11774.95,244639.0
2024-12-18 09:15:00,NSE:ULTRACEMCO,11775.0,11855.0,11700.0,11763.95,222900.0
2024-12-19 09:15:00,NSE:ULTRACEMCO,11638.0,11760.0,11572.05,11670.8,162249.0
2024-12-20 09:15:00,NSE:ULTRACEMCO,11664.85,11748.0,11397.65,11422.8,299802.0
2024-12-23 09:15:00,NSE:ULTRACEMCO,11520.0,11582.45,11375.0,11472.6,149350.0
2024-12-24 09:15:00,NSE:ULTRACEMCO,11471.0,11587.05,11360.0,11390.35,108000.0
2024-12-26 09:15:00,NSE:ULTRACEMCO,11390.35,11799.0,11334.5,11460.65,144283.0
2024-12-27 09:15:00,NSE:ULTRACEMCO,11491.6,11555.0,11385.0,11406.55,118410.0
2024-12-30 09:15:00,NSE:ULTRACEMCO,11419.45,11507.65,11239.7,11288.35,164726.0
2024-12-31 09:15:00,NSE:ULTRACEMCO,11270.0,11465.0,11194.05,11426.35,241737.0
2025-01-01 09:15:00,NSE:ULTRACEMCO,11411.0,11520.9,11305.0,11447.0,107951.0
2025-01-02 09:15:00,NSE:ULTRACEMCO,11500.0,11829.15,11455.05,11797.7,267609.0
2025-01-03 09:15:00,NSE:ULTRACEMCO,11799.0,11861.65,11713.0,11786.0,237651.0
2025-01-06 09:15:00,NSE:ULTRACEMCO,11801.95,11854.75,11450.2,11503.6,139820.0
2025-01-07 09:15:00,NSE:ULTRACEMCO,11514.95,11635.15,11485.15,11618.55,197212.0
2025-01-08 09:15:00,NSE:ULTRACEMCO,11618.55,11629.95,11370.0,11403.55,159583.0
2025-01-09 09:15:00,NSE:ULTRACEMCO,11403.55,11432.45,11183.0,11259.8,196555.0
2025-01-10 09:15:00,NSE:ULTRACEMCO,11203.25,11287.25,10837.55,10865.2,228618.0
2025-01-13 09:15:00,NSE:ULTRACEMCO,10700.0,10830.0,10593.4,10615.15,225902.0
2025-01-14 09:15:00,NSE:ULTRACEMCO,10570.0,10733.0,10462.0,10483.75,344404.0
2025-01-15 09:15:00,NSE:ULTRACEMCO,10540.0,10643.4,10466.75,10521.65,371459.0
2025-01-16 09:15:00,NSE:ULTRACEMCO,10590.0,10807.6,10550.0,10636.2,375910.0
2025-01-17 09:15:00,NSE:ULTRACEMCO,10636.2,10723.95,10500.1,10580.0,297759.0
2025-01-20 09:15:00,NSE:ULTRACEMCO,10587.4,10652.8,10484.25,10624.45,332061.0
2025-01-21 09:15:00,NSE:ULTRACEMCO,10677.5,10968.05,10642.05,10667.8,593842.0
2025-01-22 09:15:00,NSE:ULTRACEMCO,10700.0,10797.8,10606.75,10693.75,249552.0
2025-01-23 09:15:00,NSE:ULTRACEMCO,10690.0,11571.45,10689.95,11420.9,1510866.0
2025-01-24 09:15:00,NSE:ULTRACEMCO,11251.0,11609.7,11222.4,11285.85,545939.0
2025-01-27 09:15:00,NSE:ULTRACEMCO,11260.0,11360.0,11150.0,11239.5,414994.0
2025-01-28 09:15:00,NSE:ULTRACEMCO,11215.0,11411.6,11066.0,11296.35,436707.0
2025-01-29 09:15:00,NSE:ULTRACEMCO,11296.35,11574.95,11260.85,11544.85,377755.0
2025-01-30 09:15:00,NSE:ULTRACEMCO,11544.85,11612.5,11450.0,11479.4,274820.0
2025-01-31 09:15:00,NSE:ULTRACEMCO,11488.65,11599.0,11392.15,11487.45,361656.0
2025-02-01 09:15:00,NSE:ULTRACEMCO,11544.9,11787.0,10798.25,11259.15,513602.0
2025-02-03 09:15:00,NSE:ULTRACEMCO,11120.25,11282.8,10951.4,11174.65,450593.0
2025-02-04 09:15:00,NSE:ULTRACEMCO,11200.1,11547.85,11112.15,11519.15,314752.0
2025-02-05 09:15:00,NSE:ULTRACEMCO,11519.1,11632.85,11433.0,11585.7,236897.0
2025-02-06 09:15:00,NSE:ULTRACEMCO,11577.2,11619.55,11327.7,11477.35,308664.0
2025-02-07 09:15:00,NSE:ULTRACEMCO,11501.1,11733.0,11475.05,11640.6,310549.0
2025-02-10 09:15:00,NSE:ULTRACEMCO,11520.0,11613.7,11490.0,11532.3,262455.0
2025-02-11 09:15:00,NSE:ULTRACEMCO,11497.0,11515.6,11240.25,11300.2,301338.0
2025-02-12 09:15:00,NSE:ULTRACEMCO,11300.0,11599.0,11074.6,11478.5,347198.0
2025-02-13 09:15:00,NSE:ULTRACEMCO,11500.0,11649.9,11422.2,11546.45,336128.0
2025-02-14 09:15:00,NSE:ULTRACEMCO,11589.0,11589.0,11182.0,11263.85,279199.0
2025-02-17 09:15:00,NSE:ULTRACEMCO,11219.0,11509.9,11043.4,11490.1,166053.0
2025-02-18 09:15:00,NSE:ULTRACEMCO,11450.0,11460.6,11251.0,11308.9,268795.0
2025-02-19 09:15:00,NSE:ULTRACEMCO,11290.0,11460.0,11231.0,11291.55,157580.0
2025-02-20 09:15:00,NSE:ULTRACEMCO,11291.1,11330.0,11245.2,11287.6,142187.0
2025-02-21 09:15:00,NSE:ULTRACEMCO,11265.0,11290.0,10990.0,11157.25,320240.0
2025-02-24 09:15:00,NSE:ULTRACEMCO,11008.65,11170.0,10975.05,11042.65,175294.0
2025-02-25 09:15:00,NSE:ULTRACEMCO,11042.65,11054.25,10841.0,10964.15,296499.0
2025-02-27 09:15:00,NSE:ULTRACEMCO,10800.0,10800.0,10264.4,10447.65,1722295.0
2025-02-28 09:15:00,NSE:ULTRACEMCO,10490.0,10490.0,10047.85,10128.45,1230856.0
2025-03-03 09:15:00,NSE:ULTRACEMCO,10319.25,10621.8,10283.15,10340.8,835344.0
2025-03-04 09:15:00,NSE:ULTRACEMCO,10250.0,10454.8,10240.0,10370.1,352922.0
2025-03-05 09:15:00,NSE:ULTRACEMCO,10387.9,10506.8,10295.25,10464.2,310832.0
2025-03-06 09:15:00,NSE:ULTRACEMCO,10539.8,10540.0,10317.2,10493.5,365920.0
2025-03-07 09:15:00,NSE:ULTRACEMCO,10501.0,10609.6,10446.7,10582.4,302339.0
2025-03-10 09:15:00,NSE:ULTRACEMCO,10589.0,10645.6,10477.0,10520.1,165649.0
2025-03-11 09:15:00,NSE:ULTRACEMCO,10411.0,10508.55,10356.25,10439.25,180753.0
2025-03-12 09:15:00,NSE:ULTRACEMCO,10480.0,10549.8,10362.0,10520.4,299765.0
2025-03-13 09:15:00,NSE:ULTRACEMCO,10520.0,10520.0,10380.1,10452.1,219474.0
2025-03-17 09:15:00,NSE:ULTRACEMCO,10546.5,10577.35,10448.0,10547.1,212061.0
2025-03-18 09:15:00,NSE:ULTRACEMCO,10570.0,10745.0,10551.0,10698.1,354620.0
2025-03-19 09:15:00,NSE:ULTRACEMCO,10710.0,10945.1,10700.0,10933.25,269175.0
2025-03-20 09:15:00,NSE:ULTRACEMCO,10931.15,11240.0,10816.0,10948.15,549251.0
2025-03-21 09:15:00,NSE:ULTRACEMCO,11019.0,11064.0,10885.65,10976.75,656565.0
2025-03-24 09:15:00,NSE:ULTRACEMCO,11018.95,11077.95,10853.85,11051.2,294688.0
2025-03-25 09:15:00,NSE:ULTRACEMCO,11240.0,11478.85,11204.7,11421.2,754457.0
2025-03-26 09:15:00,NSE:ULTRACEMCO,11381.0,11487.0,11300.0,11402.1,401569.0
2025-03-27 09:15:00,NSE:ULTRACEMCO,11400.5,11629.95,11350.0,11599.6,406112.0
2025-03-28 09:15:00,NSE:ULTRACEMCO,11585.5,11699.0,11458.65,11509.55,280960.0
2025-04-01 09:15:00,NSE:ULTRACEMCO,11350.0,11565.65,11337.15,11378.65,263144.0
2025-04-02 09:15:00,NSE:ULTRACEMCO,11360.0,11360.0,11178.1,11250.95,376468.0
2025-04-03 09:15:00,NSE:ULTRACEMCO,11189.0,11650.05,11155.0,11606.6,361884.0
2025-04-04 09:15:00,NSE:ULTRACEMCO,11599.0,11613.5,11421.0,11498.65,222191.0
2025-04-07 09:15:00,NSE:ULTRACEMCO,11200.0,11300.05,11015.05,11191.6,484513.0
2025-04-08 09:15:00,NSE:ULTRACEMCO,11317.75,11542.75,11240.8,11270.45,602120.0
2025-04-09 09:15:00,NSE:ULTRACEMCO,11288.85,11423.0,11180.0,11397.05,230611.0
2025-04-11 09:15:00,NSE:ULTRACEMCO,11842.35,11842.35,11454.05,11502.65,351037.0
2025-04-15 09:15:00,NSE:ULTRACEMCO,11749.0,11749.0,11581.0,11719.0,345260.0
2025-04-16 09:15:00,NSE:ULTRACEMCO,11667.0,11827.0,11667.0,11728.0,268150.0
2025-04-17 09:15:00,NSE:ULTRACEMCO,11667.0,11922.0,11600.0,11901.0,290473.0
2025-04-21 09:15:00,NSE:ULTRACEMCO,11816.0,12110.0,11781.0,11934.0,230595.0
2025-04-22 09:15:00,NSE:ULTRACEMCO,11934.0,12017.0,11850.0,11959.0,334667.0
2025-04-23 09:15:00,NSE:ULTRACEMCO,12040.0,12040.0,11826.0,11949.0,267717.0
2025-04-24 09:15:00,NSE:ULTRACEMCO,11877.0,12188.0,11870.0,12159.0,339743.0
2025-04-25 09:15:00,NSE:ULTRACEMCO,12149.0,12304.0,11860.0,12237.0,412558.0
2025-04-28 09:15:00,NSE:ULTRACEMCO,12232.0,12339.0,12001.0,12114.0,516745.0
2025-04-29 09:15:00,NSE:ULTRACEMCO,12201.0,12222.0,11800.0,11869.0,516495.0
2025-04-30 09:15:00,NSE:ULTRACEMCO,11869.0,11925.0,11500.0,11641.0,630392.0
2025-05-02 09:15:00,NSE:ULTRACEMCO,11641.0,11750.0,11481.0,11644.0,255248.0
2025-05-05 09:15:00,NSE:ULTRACEMCO,11702.0,11728.0,11652.0,11670.0,145699.0
2025-05-06 09:15:00,NSE:ULTRACEMCO,11699.0,11729.0,11544.0,11693.0,273048.0
2025-05-07 09:15:00,NSE:ULTRACEMCO,11651.0,11700.0,11553.0,11658.0,217460.0
2025-05-08 09:15:00,NSE:ULTRACEMCO,11601.0,11740.0,11539.0,11631.0,388912.0
2025-05-09 09:15:00,NSE:ULTRACEMCO,11480.0,11558.0,11313.0,11364.0,200270.0
2025-05-12 09:15:00,NSE:ULTRACEMCO,11590.0,11767.0,11565.0,11736.0,182795.0
2025-05-13 09:15:00,NSE:ULTRACEMCO,11700.0,11748.0,11566.0,11661.0,307678.0
2025-05-14 09:15:00,NSE:ULTRACEMCO,11676.0,11741.0,11624.0,11672.0,179337.0
2025-05-15 09:15:00,NSE:ULTRACEMCO,11672.0,11932.0,11643.0,11894.0,371371.0
2025-05-16 09:15:00,NSE:ULTRACEMCO,11950.0,11990.0,11857.0,11905.0,209706.0
2025-05-19 09:15:00,NSE:ULTRACEMCO,11904.0,11991.0,11880.0,11929.0,128237.0
2025-05-20 09:15:00,NSE:ULTRACEMCO,11969.0,11980.0,11669.0,11697.0,158934.0
2025-05-21 09:15:00,NSE:ULTRACEMCO,11697.0,11910.0,11634.0,11666.0,173017.0
2025-05-22 09:15:00,NSE:ULTRACEMCO,11666.0,11700.0,11517.0,11680.0,175370.0
2025-05-23 09:15:00,NSE:ULTRACEMCO,11727.0,11875.0,11661.0,11746.0,181463.0
2025-05-26 09:15:00,NSE:ULTRACEMCO,11800.0,11884.0,11645.0,11689.0,198003.0
2025-05-27 09:15:00,NSE:ULTRACEMCO,11676.0,11722.0,11375.0,11421.0,478345.0
2025-05-28 09:15:00,NSE:ULTRACEMCO,11455.0,11470.0,11200.0,11238.0,201200.0
2025-05-29 09:15:00,NSE:ULTRACEMCO,11249.0,11337.0,11151.0,11269.0,350206.0
2025-05-30 09:15:00,NSE:ULTRACEMCO,11265.0,11310.0,11170.0,11210.0,394181.0
2025-06-02 09:15:00,NSE:ULTRACEMCO,11180.0,11219.0,11019.0,11195.0,314936.0
2025-06-03 09:15:00,NSE:ULTRACEMCO,11280.0,11292.0,11000.0,11035.0,349615.0
2025-06-04 09:15:00,NSE:ULTRACEMCO,11040.0,11055.0,10920.0,11033.0,345047.0
2025-06-05 09:15:00,NSE:ULTRACEMCO,11038.0,11180.0,11003.0,11159.0,191183.0
2025-06-06 09:15:00,NSE:ULTRACEMCO,11180.0,11311.0,11120.0,11253.0,143723.0
2025-06-09 09:15:00,NSE:ULTRACEMCO,11260.0,11318.0,11166.0,11260.0,209231.0
2025-06-10 09:15:00,NSE:ULTRACEMCO,11410.0,11484.0,11335.0,11391.0,279918.0
2025-06-11 09:15:00,NSE:ULTRACEMCO,11380.0,11518.0,11340.0,11464.0,237747.0
2025-06-12 09:15:00,NSE:ULTRACEMCO,11475.0,11505.0,11280.0,11323.0,262530.0
2025-06-13 09:15:00,NSE:ULTRACEMCO,11111.0,11250.0,11018.0,11224.0,181355.0
2025-06-16 09:15:00,NSE:ULTRACEMCO,11270.0,11518.0,11197.0,11495.0,401104.0
2025-06-17 09:15:00,NSE:ULTRACEMCO,11500.0,11509.0,11360.0,11383.0,121415.0
2025-06-18 09:15:00,NSE:ULTRACEMCO,11383.0,11479.0,11343.0,11406.0,156816.0
2025-06-19 09:15:00,NSE:ULTRACEMCO,11400.0,11485.0,11353.0,11420.0,157757.0
2025-06-20 09:15:00,NSE:ULTRACEMCO,11420.0,11525.0,11370.0,11458.0,629895.0
2025-06-23 09:15:00,NSE:ULTRACEMCO,11401.0,11490.0,11321.0,11449.0,304907.0
2025-06-24 09:15:00,NSE:ULTRACEMCO,11559.0,11824.0,11514.0,11579.0,735700.0
2025-06-25 09:15:00,NSE:ULTRACEMCO,11635.0,11771.0,11634.0,11733.0,253134.0
2025-06-26 09:15:00,NSE:ULTRACEMCO,11690.0,11986.0,11681.0,11951.0,506580.0
2025-06-27 09:15:00,NSE:ULTRACEMCO,11980.0,12246.0,11917.0,12213.0,501287.0
2025-06-30 09:15:00,NSE:ULTRACEMCO,12215.0,12271.0,12148.0,12150.0,193370.0
